algoritmo,funcion,ejecucion,generacion,mejor_fitness,evaluaciones,mu,lambda,modo_sigma,recomb,supervivencia,sigma_inicial
EE,potencias,0,0,925032.9284336297,230,30,200,1,discreta_global,"(mu,lambda)",0.3
EE,potencias,0,1,86513.57043119599,430,30,200,1,discreta_global,"(mu,lambda)",0.3
EE,potencias,0,2,14254.179278475322,630,30,200,1,discreta_global,"(mu,lambda)",0.3
EE,potencias,0,3,535.6578404270574,830,30,200,1,discreta_global,"(mu,lambda)",0.3
EE,potencias,0,4,144.1358629558983,1030,30,200,1,discreta_global,"(mu,lambda)",0.3
EE,potencias,0,5,30.361656460280557,1230,30,200,1,discreta_global,"(mu,lambda)",0.3
EE,potencias,0,6,6.236970470938307,1430,30,200,1,discreta_global,"(mu,lambda)",0.3
EE,potencias,0,7,4.879330123576335,1630,30,200,1,discreta_global,"(mu,lambda)",0.3
EE,potencias,0,8,0.6617897290926207,1830,30,200,1,discreta_global,"(mu,lambda)",0.3
EE,potencias,0,9,0.8456098399627916,2030,30,200,1,discreta_global,"(mu,lambda)",0.3
EE,potencias,0,10,0.24907212152376867,2230,30,200,1,discreta_global,"(mu,lambda)",0.3
EE,potencias,0,11,0.1261892081034907,2430,30,200,1,discreta_global,"(mu,lambda)",0.3
EE,potencias,0,12,0.01188683201078328,2630,30,200,1,discreta_global,"(mu,lambda)",0.3
EE,potencias,0,13,0.0027636770137159043,2830,30,200,1,discreta_global,"(mu,lambda)",0.3
EE,potencias,0,14,0.0023098867596976855,3030,30,200,1,discreta_global,"(mu,lambda)",0.3
EE,potencias,0,15,0.0010000356597709963,3230,30,200,1,discreta_global,"(mu,lambda)",0.3
EE,potencias,0,16,0.0001875529787032437,3430,30,200,1,discreta_global,"(mu,lambda)",0.3
EE,potencias,0,17,0.00011971725774049245,3630,30,200,1,discreta_global,"(mu,lambda)",0.3
EE,potencias,0,18,6.843077083048959e-05,3830,30,200,1,discreta_global,"(mu,lambda)",0.3
EE,potencias,0,19,2.2610833726403893e-05,4030,30,200,1,discreta_global,"(mu,lambda)",0.3
EE,potencias,0,20,7.610900563653576e-06,4230,30,200,1,discreta_global,"(mu,lambda)",0.3
EE,potencias,0,21,7.368012364725601e-06,4430,30,200,1,discreta_global,"(mu,lambda)",0.3
EE,potencias,0,22,5.221946588148474e-06,4630,30,200,1,discreta_global,"(mu,lambda)",0.3
EE,potencias,0,23,3.706873177460407e-06,4830,30,200,1,discreta_global,"(mu,lambda)",0.3
EE,potencias,0,24,2.4648028394625714e-06,5030,30,200,1,discreta_global,"(mu,lambda)",0.3
EE,potencias,0,25,1.8661133981067676e-06,5230,30,200,1,discreta_global,"(mu,lambda)",0.3
EE,potencias,0,26,1.4393339983296273e-06,5430,30,200,1,discreta_global,"(mu,lambda)",0.3
EE,potencias,0,27,1.3852152248090618e-06,5630,30,200,1,discreta_global,"(mu,lambda)",0.3
EE,potencias,0,28,1.3219091737994584e-06,5830,30,200,1,discreta_global,"(mu,lambda)",0.3
EE,potencias,0,29,1.2536092533810398e-06,6030,30,200,1,discreta_global,"(mu,lambda)",0.3
EE,potencias,0,30,1.177738925998272e-06,6230,30,200,1,discreta_global,"(mu,lambda)",0.3
EE,potencias,0,31,1.1138801663556953e-06,6430,30,200,1,discreta_global,"(mu,lambda)",0.3
EE,potencias,0,32,1.0770081104252557e-06,6630,30,200,1,discreta_global,"(mu,lambda)",0.3
EE,potencias,0,33,1.021855636000128e-06,6830,30,200,1,discreta_global,"(mu,lambda)",0.3
EE,potencias,0,34,1.00323725237756e-06,7030,30,200,1,discreta_global,"(mu,lambda)",0.3
EE,potencias,0,35,9.993758298480714e-07,7230,30,200,1,discreta_global,"(mu,lambda)",0.3
EE,potencias,0,36,9.791417066238954e-07,7430,30,200,1,discreta_global,"(mu,lambda)",0.3
EE,potencias,0,37,9.680612331552706e-07,7630,30,200,1,discreta_global,"(mu,lambda)",0.3
EE,potencias,0,38,9.547072138132424e-07,7830,30,200,1,discreta_global,"(mu,lambda)",0.3
EE,potencias,0,39,9.434182397647596e-07,8030,30,200,1,discreta_global,"(mu,lambda)",0.3
EE,potencias,0,40,9.325393593298702e-07,8230,30,200,1,discreta_global,"(mu,lambda)",0.3
EE,potencias,0,41,9.223999902430586e-07,8430,30,200,1,discreta_global,"(mu,lambda)",0.3
EE,potencias,0,42,9.073950769648616e-07,8630,30,200,1,discreta_global,"(mu,lambda)",0.3
EE,potencias,0,43,8.970662989406666e-07,8830,30,200,1,discreta_global,"(mu,lambda)",0.3
EE,potencias,0,44,8.932505131622472e-07,9030,30,200,1,discreta_global,"(mu,lambda)",0.3
EE,potencias,0,45,8.908346743900997e-07,9230,30,200,1,discreta_global,"(mu,lambda)",0.3
EE,potencias,0,46,8.787994580213512e-07,9430,30,200,1,discreta_global,"(mu,lambda)",0.3
EE,potencias,0,47,8.643173251710423e-07,9630,30,200,1,discreta_global,"(mu,lambda)",0.3
EE,potencias,0,48,8.606904866960292e-07,9830,30,200,1,discreta_global,"(mu,lambda)",0.3
EE,potencias,0,49,8.592655831348501e-07,10030,30,200,1,discreta_global,"(mu,lambda)",0.3
EE,potencias,0,50,8.440172385021915e-07,10230,30,200,1,discreta_global,"(mu,lambda)",0.3
EE,potencias,0,51,8.389634034507819e-07,10430,30,200,1,discreta_global,"(mu,lambda)",0.3
EE,potencias,0,52,8.336582925692636e-07,10630,30,200,1,discreta_global,"(mu,lambda)",0.3
EE,potencias,0,53,8.247524017340511e-07,10830,30,200,1,discreta_global,"(mu,lambda)",0.3
EE,potencias,0,54,8.226356754399043e-07,11030,30,200,1,discreta_global,"(mu,lambda)",0.3
EE,potencias,0,55,8.146112424411807e-07,11230,30,200,1,discreta_global,"(mu,lambda)",0.3
EE,potencias,0,56,8.118041497063962e-07,11430,30,200,1,discreta_global,"(mu,lambda)",0.3
EE,potencias,0,57,8.09109124256586e-07,11630,30,200,1,discreta_global,"(mu,lambda)",0.3
EE,potencias,0,58,8.082670243589626e-07,11830,30,200,1,discreta_global,"(mu,lambda)",0.3
EE,potencias,0,59,8.063318612766634e-07,12030,30,200,1,discreta_global,"(mu,lambda)",0.3
EE,potencias,0,60,8.04832209399643e-07,12230,30,200,1,discreta_global,"(mu,lambda)",0.3
EE,potencias,0,61,8.011140987384216e-07,12430,30,200,1,discreta_global,"(mu,lambda)",0.3
EE,potencias,0,62,7.99077188138718e-07,12630,30,200,1,discreta_global,"(mu,lambda)",0.3
EE,potencias,0,63,7.973789467029441e-07,12830,30,200,1,discreta_global,"(mu,lambda)",0.3
EE,potencias,0,64,7.918591942449836e-07,13030,30,200,1,discreta_global,"(mu,lambda)",0.3
EE,potencias,0,65,7.886815942818118e-07,13230,30,200,1,discreta_global,"(mu,lambda)",0.3
EE,potencias,0,66,7.868348374808926e-07,13430,30,200,1,discreta_global,"(mu,lambda)",0.3
EE,potencias,0,67,7.841143171441759e-07,13630,30,200,1,discreta_global,"(mu,lambda)",0.3
EE,potencias,0,68,7.793596147278413e-07,13830,30,200,1,discreta_global,"(mu,lambda)",0.3
EE,potencias,0,69,7.583380948474589e-07,14030,30,200,1,discreta_global,"(mu,lambda)",0.3
EE,potencias,0,70,7.579869317873934e-07,14230,30,200,1,discreta_global,"(mu,lambda)",0.3
EE,potencias,0,71,7.523632690538619e-07,14430,30,200,1,discreta_global,"(mu,lambda)",0.3
EE,potencias,0,72,7.426404859872946e-07,14630,30,200,1,discreta_global,"(mu,lambda)",0.3
EE,potencias,0,73,7.398032814775131e-07,14830,30,200,1,discreta_global,"(mu,lambda)",0.3
EE,potencias,0,74,7.348517541451502e-07,15030,30,200,1,discreta_global,"(mu,lambda)",0.3
EE,potencias,0,75,7.307740346635157e-07,15230,30,200,1,discreta_global,"(mu,lambda)",0.3
EE,potencias,0,76,7.301550638934721e-07,15430,30,200,1,discreta_global,"(mu,lambda)",0.3
EE,potencias,0,77,7.274015846532428e-07,15630,30,200,1,discreta_global,"(mu,lambda)",0.3
EE,potencias,0,78,7.235846982157636e-07,15830,30,200,1,discreta_global,"(mu,lambda)",0.3
EE,potencias,0,79,7.229836643694951e-07,16030,30,200,1,discreta_global,"(mu,lambda)",0.3
EE,potencias,0,80,7.202216504222888e-07,16230,30,200,1,discreta_global,"(mu,lambda)",0.3
EE,potencias,0,81,7.206562979932029e-07,16430,30,200,1,discreta_global,"(mu,lambda)",0.3
EE,potencias,0,82,7.196909452434052e-07,16630,30,200,1,discreta_global,"(mu,lambda)",0.3
EE,potencias,0,83,7.150316223044305e-07,16830,30,200,1,discreta_global,"(mu,lambda)",0.3
EE,potencias,0,84,7.115089787452028e-07,17030,30,200,1,discreta_global,"(mu,lambda)",0.3
EE,potencias,0,85,7.092302733390689e-07,17230,30,200,1,discreta_global,"(mu,lambda)",0.3
EE,potencias,0,86,7.0599587896288e-07,17430,30,200,1,discreta_global,"(mu,lambda)",0.3
EE,potencias,0,87,7.015456080245121e-07,17630,30,200,1,discreta_global,"(mu,lambda)",0.3
EE,potencias,0,88,7.010331440404173e-07,17830,30,200,1,discreta_global,"(mu,lambda)",0.3
EE,potencias,0,89,7.00432026815276e-07,18030,30,200,1,discreta_global,"(mu,lambda)",0.3
EE,potencias,0,90,7.00407027336197e-07,18230,30,200,1,discreta_global,"(mu,lambda)",0.3
EE,potencias,0,91,6.999282891593629e-07,18430,30,200,1,discreta_global,"(mu,lambda)",0.3
EE,potencias,0,92,6.991999015302377e-07,18630,30,200,1,discreta_global,"(mu,lambda)",0.3
EE,potencias,0,93,6.988487339348582e-07,18830,30,200,1,discreta_global,"(mu,lambda)",0.3
EE,potencias,0,94,6.98158939888579e-07,19030,30,200,1,discreta_global,"(mu,lambda)",0.3
EE,potencias,0,95,6.976939146405268e-07,19230,30,200,1,discreta_global,"(mu,lambda)",0.3
EE,potencias,0,96,6.931975857763434e-07,19430,30,200,1,discreta_global,"(mu,lambda)",0.3
EE,potencias,0,97,6.912614520787036e-07,19630,30,200,1,discreta_global,"(mu,lambda)",0.3
EE,potencias,0,98,6.870202596172299e-07,19830,30,200,1,discreta_global,"(mu,lambda)",0.3
EE,potencias,0,99,6.85586572123825e-07,20030,30,200,1,discreta_global,"(mu,lambda)",0.3
EE,potencias,0,100,6.848116941478833e-07,20230,30,200,1,discreta_global,"(mu,lambda)",0.3
EE,potencias,0,101,6.820619165452389e-07,20430,30,200,1,discreta_global,"(mu,lambda)",0.3
EE,potencias,0,102,6.806226004428478e-07,20630,30,200,1,discreta_global,"(mu,lambda)",0.3
EE,potencias,0,103,6.790170788465616e-07,20830,30,200,1,discreta_global,"(mu,lambda)",0.3
EE,potencias,0,104,6.771498257014492e-07,21030,30,200,1,discreta_global,"(mu,lambda)",0.3
EE,potencias,0,105,6.736515235720357e-07,21230,30,200,1,discreta_global,"(mu,lambda)",0.3
EE,potencias,0,106,6.702223674373088e-07,21430,30,200,1,discreta_global,"(mu,lambda)",0.3
EE,potencias,0,107,6.690220132756971e-07,21630,30,200,1,discreta_global,"(mu,lambda)",0.3
EE,potencias,0,108,6.642210355411804e-07,21830,30,200,1,discreta_global,"(mu,lambda)",0.3
EE,potencias,0,109,6.621254763349133e-07,22030,30,200,1,discreta_global,"(mu,lambda)",0.3
EE,potencias,0,110,6.615397015640031e-07,22230,30,200,1,discreta_global,"(mu,lambda)",0.3
EE,potencias,0,111,6.596755446698252e-07,22430,30,200,1,discreta_global,"(mu,lambda)",0.3
EE,potencias,0,112,6.587218305518413e-07,22630,30,200,1,discreta_global,"(mu,lambda)",0.3
EE,potencias,0,113,6.578522492226725e-07,22830,30,200,1,discreta_global,"(mu,lambda)",0.3
EE,potencias,0,114,6.5674644536648e-07,23030,30,200,1,discreta_global,"(mu,lambda)",0.3
EE,potencias,0,115,6.562784393301186e-07,23230,30,200,1,discreta_global,"(mu,lambda)",0.3
EE,potencias,0,116,6.549025314575715e-07,23430,30,200,1,discreta_global,"(mu,lambda)",0.3
EE,potencias,0,117,6.518785637995582e-07,23630,30,200,1,discreta_global,"(mu,lambda)",0.3
EE,potencias,0,118,6.51225660276011e-07,23830,30,200,1,discreta_global,"(mu,lambda)",0.3
EE,potencias,0,119,6.511342802007891e-07,24030,30,200,1,discreta_global,"(mu,lambda)",0.3
EE,potencias,0,120,6.491032379601887e-07,24230,30,200,1,discreta_global,"(mu,lambda)",0.3
EE,potencias,0,121,6.492008180241174e-07,24430,30,200,1,discreta_global,"(mu,lambda)",0.3
EE,potencias,0,122,6.481868872191605e-07,24630,30,200,1,discreta_global,"(mu,lambda)",0.3
EE,potencias,0,123,6.467695897393252e-07,24830,30,200,1,discreta_global,"(mu,lambda)",0.3
EE,potencias,0,124,6.452069135348644e-07,25030,30,200,1,discreta_global,"(mu,lambda)",0.3
EE,potencias,0,125,6.423801999019909e-07,25230,30,200,1,discreta_global,"(mu,lambda)",0.3
EE,potencias,0,126,6.405480282954173e-07,25430,30,200,1,discreta_global,"(mu,lambda)",0.3
EE,potencias,0,127,6.38408815873198e-07,25630,30,200,1,discreta_global,"(mu,lambda)",0.3
EE,potencias,0,128,6.36098062562653e-07,25830,30,200,1,discreta_global,"(mu,lambda)",0.3
EE,potencias,0,129,6.313094960311569e-07,26030,30,200,1,discreta_global,"(mu,lambda)",0.3
EE,potencias,0,130,6.305243844889482e-07,26230,30,200,1,discreta_global,"(mu,lambda)",0.3
EE,potencias,0,131,6.256417736898792e-07,26430,30,200,1,discreta_global,"(mu,lambda)",0.3
EE,potencias,0,132,6.188109632790458e-07,26630,30,200,1,discreta_global,"(mu,lambda)",0.3
EE,potencias,0,133,6.158101822932188e-07,26830,30,200,1,discreta_global,"(mu,lambda)",0.3
EE,potencias,0,134,6.15883479700798e-07,27030,30,200,1,discreta_global,"(mu,lambda)",0.3
EE,potencias,0,135,6.097372634465537e-07,27230,30,200,1,discreta_global,"(mu,lambda)",0.3
EE,potencias,0,136,6.073336415758205e-07,27430,30,200,1,discreta_global,"(mu,lambda)",0.3
EE,potencias,0,137,6.061262413749793e-07,27630,30,200,1,discreta_global,"(mu,lambda)",0.3
EE,potencias,0,138,6.040357044043177e-07,27830,30,200,1,discreta_global,"(mu,lambda)",0.3
EE,potencias,0,139,6.017562553220442e-07,28030,30,200,1,discreta_global,"(mu,lambda)",0.3
EE,potencias,0,140,6.004266400335712e-07,28230,30,200,1,discreta_global,"(mu,lambda)",0.3
EE,potencias,0,141,5.992281548624294e-07,28430,30,200,1,discreta_global,"(mu,lambda)",0.3
EE,potencias,0,142,5.937648407464982e-07,28630,30,200,1,discreta_global,"(mu,lambda)",0.3
EE,potencias,0,143,5.920119484518063e-07,28830,30,200,1,discreta_global,"(mu,lambda)",0.3
EE,potencias,0,144,5.8956477678305e-07,29030,30,200,1,discreta_global,"(mu,lambda)",0.3
EE,potencias,0,145,5.861069915524259e-07,29230,30,200,1,discreta_global,"(mu,lambda)",0.3
EE,potencias,0,146,5.845684819934072e-07,29430,30,200,1,discreta_global,"(mu,lambda)",0.3
EE,potencias,0,147,5.835972910001167e-07,29630,30,200,1,discreta_global,"(mu,lambda)",0.3
EE,potencias,0,148,5.803584151842115e-07,29830,30,200,1,discreta_global,"(mu,lambda)",0.3
EE,potencias,0,149,5.740957794252578e-07,30030,30,200,1,discreta_global,"(mu,lambda)",0.3
EE,potencias,0,150,5.735047213570114e-07,30230,30,200,1,discreta_global,"(mu,lambda)",0.3
EE,potencias,0,151,5.725344457630919e-07,30430,30,200,1,discreta_global,"(mu,lambda)",0.3
EE,potencias,0,152,5.723210126214257e-07,30630,30,200,1,discreta_global,"(mu,lambda)",0.3
EE,potencias,0,153,5.699867873962079e-07,30830,30,200,1,discreta_global,"(mu,lambda)",0.3
EE,potencias,0,154,5.69184061326993e-07,31030,30,200,1,discreta_global,"(mu,lambda)",0.3
EE,potencias,0,155,5.685152343146259e-07,31230,30,200,1,discreta_global,"(mu,lambda)",0.3
EE,potencias,0,156,5.628599902317835e-07,31430,30,200,1,discreta_global,"(mu,lambda)",0.3
EE,potencias,0,157,5.619233795004519e-07,31630,30,200,1,discreta_global,"(mu,lambda)",0.3
EE,potencias,0,158,5.604104180791493e-07,31830,30,200,1,discreta_global,"(mu,lambda)",0.3
EE,potencias,0,159,5.600231629210092e-07,32030,30,200,1,discreta_global,"(mu,lambda)",0.3
EE,potencias,0,160,5.59750058411176e-07,32230,30,200,1,discreta_global,"(mu,lambda)",0.3
EE,potencias,0,161,5.588878913871477e-07,32430,30,200,1,discreta_global,"(mu,lambda)",0.3
EE,potencias,0,162,5.578004830205514e-07,32630,30,200,1,discreta_global,"(mu,lambda)",0.3
EE,potencias,0,163,5.575768825159618e-07,32830,30,200,1,discreta_global,"(mu,lambda)",0.3
EE,potencias,0,164,5.56056985269561e-07,33030,30,200,1,discreta_global,"(mu,lambda)",0.3
EE,potencias,0,165,5.547771625613369e-07,33230,30,200,1,discreta_global,"(mu,lambda)",0.3
EE,potencias,0,166,5.533341910915095e-07,33430,30,200,1,discreta_global,"(mu,lambda)",0.3
EE,potencias,0,167,5.520845626892322e-07,33630,30,200,1,discreta_global,"(mu,lambda)",0.3
EE,potencias,0,168,5.470876124057401e-07,33830,30,200,1,discreta_global,"(mu,lambda)",0.3
EE,potencias,0,169,5.432318481347438e-07,34030,30,200,1,discreta_global,"(mu,lambda)",0.3
EE,potencias,0,170,5.422471221632341e-07,34230,30,200,1,discreta_global,"(mu,lambda)",0.3
EE,potencias,0,171,5.409448687182381e-07,34430,30,200,1,discreta_global,"(mu,lambda)",0.3
EE,potencias,0,172,5.326651146358722e-07,34630,30,200,1,discreta_global,"(mu,lambda)",0.3
EE,potencias,0,173,5.257610582798792e-07,34830,30,200,1,discreta_global,"(mu,lambda)",0.3
EE,potencias,0,174,5.197820607037713e-07,35030,30,200,1,discreta_global,"(mu,lambda)",0.3
EE,potencias,0,175,5.058295868485091e-07,35230,30,200,1,discreta_global,"(mu,lambda)",0.3
EE,potencias,0,176,5.059840408132631e-07,35430,30,200,1,discreta_global,"(mu,lambda)",0.3
EE,potencias,0,177,5.049418742730791e-07,35630,30,200,1,discreta_global,"(mu,lambda)",0.3
EE,potencias,0,178,5.017345980297843e-07,35830,30,200,1,discreta_global,"(mu,lambda)",0.3
EE,potencias,0,179,5.006607137532151e-07,36030,30,200,1,discreta_global,"(mu,lambda)",0.3
EE,potencias,0,180,4.995882668333223e-07,36230,30,200,1,discreta_global,"(mu,lambda)",0.3
EE,potencias,0,181,4.921261066387929e-07,36430,30,200,1,discreta_global,"(mu,lambda)",0.3
EE,potencias,0,182,4.904227328940231e-07,36630,30,200,1,discreta_global,"(mu,lambda)",0.3
EE,potencias,0,183,4.879636953094759e-07,36830,30,200,1,discreta_global,"(mu,lambda)",0.3
EE,potencias,0,184,4.876199947122251e-07,37030,30,200,1,discreta_global,"(mu,lambda)",0.3
EE,potencias,0,185,4.855442955279424e-07,37230,30,200,1,discreta_global,"(mu,lambda)",0.3
EE,potencias,0,186,4.833354473438249e-07,37430,30,200,1,discreta_global,"(mu,lambda)",0.3
EE,potencias,0,187,4.819859298147906e-07,37630,30,200,1,discreta_global,"(mu,lambda)",0.3
EE,potencias,0,188,4.81455605807496e-07,37830,30,200,1,discreta_global,"(mu,lambda)",0.3
EE,potencias,0,189,4.806638483650258e-07,38030,30,200,1,discreta_global,"(mu,lambda)",0.3
EE,potencias,0,190,4.806357133764371e-07,38230,30,200,1,discreta_global,"(mu,lambda)",0.3
EE,potencias,0,191,4.796300653410033e-07,38430,30,200,1,discreta_global,"(mu,lambda)",0.3
EE,potencias,0,192,4.791562916332678e-07,38630,30,200,1,discreta_global,"(mu,lambda)",0.3
EE,potencias,0,193,4.779726062639418e-07,38830,30,200,1,discreta_global,"(mu,lambda)",0.3
EE,potencias,0,194,4.776469174898415e-07,39030,30,200,1,discreta_global,"(mu,lambda)",0.3
EE,potencias,0,195,4.7584505355076604e-07,39230,30,200,1,discreta_global,"(mu,lambda)",0.3
EE,potencias,0,196,4.746986966119297e-07,39430,30,200,1,discreta_global,"(mu,lambda)",0.3
EE,potencias,0,197,4.743449684959833e-07,39630,30,200,1,discreta_global,"(mu,lambda)",0.3
EE,potencias,0,198,4.727003281598725e-07,39830,30,200,1,discreta_global,"(mu,lambda)",0.3
EE,potencias,0,199,4.716119101885218e-07,40030,30,200,1,discreta_global,"(mu,lambda)",0.3
EE,potencias,0,200,4.6979457841819833e-07,40230,30,200,1,discreta_global,"(mu,lambda)",0.3
EE,potencias,0,201,4.627772076738684e-07,40430,30,200,1,discreta_global,"(mu,lambda)",0.3
EE,potencias,0,202,4.627335852133688e-07,40630,30,200,1,discreta_global,"(mu,lambda)",0.3
EE,potencias,0,203,4.5969364318841495e-07,40830,30,200,1,discreta_global,"(mu,lambda)",0.3
EE,potencias,0,204,4.59516034118676e-07,41030,30,200,1,discreta_global,"(mu,lambda)",0.3
EE,potencias,0,205,4.5610823539031625e-07,41230,30,200,1,discreta_global,"(mu,lambda)",0.3
EE,potencias,0,206,4.532517083483907e-07,41430,30,200,1,discreta_global,"(mu,lambda)",0.3
EE,potencias,0,207,4.525301746388638e-07,41630,30,200,1,discreta_global,"(mu,lambda)",0.3
EE,potencias,0,208,4.5198963385010233e-07,41830,30,200,1,discreta_global,"(mu,lambda)",0.3
EE,potencias,0,209,4.502525853487528e-07,42030,30,200,1,discreta_global,"(mu,lambda)",0.3
EE,potencias,0,210,4.488472166871409e-07,42230,30,200,1,discreta_global,"(mu,lambda)",0.3
EE,potencias,0,211,4.4734910592097615e-07,42430,30,200,1,discreta_global,"(mu,lambda)",0.3
EE,potencias,0,212,4.4732213908017526e-07,42630,30,200,1,discreta_global,"(mu,lambda)",0.3
EE,potencias,0,213,4.448471543173623e-07,42830,30,200,1,discreta_global,"(mu,lambda)",0.3
EE,potencias,0,214,4.4433731830044765e-07,43030,30,200,1,discreta_global,"(mu,lambda)",0.3
EE,potencias,0,215,4.433712043362445e-07,43230,30,200,1,discreta_global,"(mu,lambda)",0.3
EE,potencias,0,216,4.4247517123715465e-07,43430,30,200,1,discreta_global,"(mu,lambda)",0.3
EE,potencias,0,217,4.408968727513717e-07,43630,30,200,1,discreta_global,"(mu,lambda)",0.3
EE,potencias,0,218,4.3970814925305265e-07,43830,30,200,1,discreta_global,"(mu,lambda)",0.3
EE,potencias,0,219,4.376780245946952e-07,44030,30,200,1,discreta_global,"(mu,lambda)",0.3
EE,potencias,0,220,4.3661591301321207e-07,44230,30,200,1,discreta_global,"(mu,lambda)",0.3
EE,potencias,0,221,4.355404739960816e-07,44430,30,200,1,discreta_global,"(mu,lambda)",0.3
EE,potencias,0,222,4.339616247759774e-07,44630,30,200,1,discreta_global,"(mu,lambda)",0.3
EE,potencias,0,223,4.330371181789094e-07,44830,30,200,1,discreta_global,"(mu,lambda)",0.3
EE,potencias,0,224,4.3165798018771517e-07,45030,30,200,1,discreta_global,"(mu,lambda)",0.3
EE,potencias,0,225,4.30802891587246e-07,45230,30,200,1,discreta_global,"(mu,lambda)",0.3
EE,potencias,0,226,4.3029944163017427e-07,45430,30,200,1,discreta_global,"(mu,lambda)",0.3
EE,potencias,0,227,4.288134291348516e-07,45630,30,200,1,discreta_global,"(mu,lambda)",0.3
EE,potencias,0,228,4.2830058985235936e-07,45830,30,200,1,discreta_global,"(mu,lambda)",0.3
EE,potencias,0,229,4.2806034602260055e-07,46030,30,200,1,discreta_global,"(mu,lambda)",0.3
EE,potencias,0,230,4.279341711299068e-07,46230,30,200,1,discreta_global,"(mu,lambda)",0.3
EE,potencias,0,231,4.276175396991875e-07,46430,30,200,1,discreta_global,"(mu,lambda)",0.3
EE,potencias,0,232,4.273031419359191e-07,46630,30,200,1,discreta_global,"(mu,lambda)",0.3
EE,potencias,0,233,4.2724214244584293e-07,46830,30,200,1,discreta_global,"(mu,lambda)",0.3
EE,potencias,0,234,4.261095757196791e-07,47030,30,200,1,discreta_global,"(mu,lambda)",0.3
EE,potencias,0,235,4.259485199125537e-07,47230,30,200,1,discreta_global,"(mu,lambda)",0.3
EE,potencias,0,236,4.25592247009452e-07,47430,30,200,1,discreta_global,"(mu,lambda)",0.3
EE,potencias,0,237,4.2539575584542024e-07,47630,30,200,1,discreta_global,"(mu,lambda)",0.3
EE,potencias,0,238,4.2515290348356207e-07,47830,30,200,1,discreta_global,"(mu,lambda)",0.3
EE,potencias,0,239,4.246808279860217e-07,48030,30,200,1,discreta_global,"(mu,lambda)",0.3
EE,potencias,0,240,4.243309006740257e-07,48230,30,200,1,discreta_global,"(mu,lambda)",0.3
EE,potencias,0,241,4.2425181600017176e-07,48430,30,200,1,discreta_global,"(mu,lambda)",0.3
EE,potencias,0,242,4.239062090923656e-07,48630,30,200,1,discreta_global,"(mu,lambda)",0.3
EE,potencias,0,243,4.234712880483127e-07,48830,30,200,1,discreta_global,"(mu,lambda)",0.3
EE,potencias,0,244,4.2330471508288375e-07,49030,30,200,1,discreta_global,"(mu,lambda)",0.3
EE,potencias,0,245,4.2259872682792894e-07,49230,30,200,1,discreta_global,"(mu,lambda)",0.3
EE,potencias,0,246,4.2140753806755895e-07,49430,30,200,1,discreta_global,"(mu,lambda)",0.3
EE,potencias,0,247,4.200881990539101e-07,49630,30,200,1,discreta_global,"(mu,lambda)",0.3
EE,potencias,0,248,4.190847106609725e-07,49830,30,200,1,discreta_global,"(mu,lambda)",0.3
EE,potencias,0,249,4.182305187925927e-07,50030,30,200,1,discreta_global,"(mu,lambda)",0.3
EE,potencias,0,250,4.1750656341608276e-07,50230,30,200,1,discreta_global,"(mu,lambda)",0.3
EE,potencias,0,251,4.1629947071407077e-07,50430,30,200,1,discreta_global,"(mu,lambda)",0.3
EE,potencias,0,252,4.141575080946383e-07,50630,30,200,1,discreta_global,"(mu,lambda)",0.3
EE,potencias,0,253,4.0908048570651195e-07,50830,30,200,1,discreta_global,"(mu,lambda)",0.3
EE,potencias,0,254,4.094107208101367e-07,51030,30,200,1,discreta_global,"(mu,lambda)",0.3
EE,potencias,0,255,4.0771400563538357e-07,51230,30,200,1,discreta_global,"(mu,lambda)",0.3
EE,potencias,0,256,4.067780853648067e-07,51430,30,200,1,discreta_global,"(mu,lambda)",0.3
EE,potencias,0,257,4.0633557608877653e-07,51630,30,200,1,discreta_global,"(mu,lambda)",0.3
EE,potencias,0,258,4.0548784874311465e-07,51830,30,200,1,discreta_global,"(mu,lambda)",0.3
EE,potencias,0,259,4.0469496303763834e-07,52030,30,200,1,discreta_global,"(mu,lambda)",0.3
EE,potencias,0,260,4.0429484271343173e-07,52230,30,200,1,discreta_global,"(mu,lambda)",0.3
EE,potencias,0,261,4.0189145588740544e-07,52430,30,200,1,discreta_global,"(mu,lambda)",0.3
EE,potencias,0,262,4.012744755533243e-07,52630,30,200,1,discreta_global,"(mu,lambda)",0.3
EE,potencias,0,263,3.9879303356621445e-07,52830,30,200,1,discreta_global,"(mu,lambda)",0.3
EE,potencias,0,264,3.9859285187974884e-07,53030,30,200,1,discreta_global,"(mu,lambda)",0.3
EE,potencias,0,265,3.98135628149366e-07,53230,30,200,1,discreta_global,"(mu,lambda)",0.3
EE,potencias,0,266,3.976053484653577e-07,53430,30,200,1,discreta_global,"(mu,lambda)",0.3
EE,potencias,0,267,3.9663599089846447e-07,53630,30,200,1,discreta_global,"(mu,lambda)",0.3
EE,potencias,0,268,3.959029887004186e-07,53830,30,200,1,discreta_global,"(mu,lambda)",0.3
EE,potencias,0,269,3.9522317963792704e-07,54030,30,200,1,discreta_global,"(mu,lambda)",0.3
EE,potencias,0,270,3.9453878001638416e-07,54230,30,200,1,discreta_global,"(mu,lambda)",0.3
EE,potencias,0,271,3.9381380572932013e-07,54430,30,200,1,discreta_global,"(mu,lambda)",0.3
EE,potencias,0,272,3.92940931319739e-07,54630,30,200,1,discreta_global,"(mu,lambda)",0.3
EE,potencias,0,273,3.915033512550068e-07,54830,30,200,1,discreta_global,"(mu,lambda)",0.3
EE,potencias,0,274,3.9064880087094517e-07,55030,30,200,1,discreta_global,"(mu,lambda)",0.3
EE,potencias,0,275,3.896544571738434e-07,55230,30,200,1,discreta_global,"(mu,lambda)",0.3
EE,potencias,0,276,3.88794748430674e-07,55430,30,200,1,discreta_global,"(mu,lambda)",0.3
EE,potencias,0,277,3.8732767195267255e-07,55630,30,200,1,discreta_global,"(mu,lambda)",0.3
EE,potencias,0,278,3.8639478706149047e-07,55830,30,200,1,discreta_global,"(mu,lambda)",0.3
EE,potencias,0,279,3.86127234770097e-07,56030,30,200,1,discreta_global,"(mu,lambda)",0.3
EE,potencias,0,280,3.841248901778984e-07,56230,30,200,1,discreta_global,"(mu,lambda)",0.3
EE,potencias,0,281,3.836550466176836e-07,56430,30,200,1,discreta_global,"(mu,lambda)",0.3
EE,potencias,0,282,3.8238960871468133e-07,56630,30,200,1,discreta_global,"(mu,lambda)",0.3
EE,potencias,0,283,3.808688019921933e-07,56830,30,200,1,discreta_global,"(mu,lambda)",0.3
EE,potencias,0,284,3.790196704732173e-07,57030,30,200,1,discreta_global,"(mu,lambda)",0.3
EE,potencias,0,285,3.7752919106932716e-07,57230,30,200,1,discreta_global,"(mu,lambda)",0.3
EE,potencias,0,286,3.7343492551773973e-07,57430,30,200,1,discreta_global,"(mu,lambda)",0.3
EE,potencias,0,287,3.719570253386431e-07,57630,30,200,1,discreta_global,"(mu,lambda)",0.3
EE,potencias,0,288,3.71360909348408e-07,57830,30,200,1,discreta_global,"(mu,lambda)",0.3
EE,potencias,0,289,3.710368631564711e-07,58030,30,200,1,discreta_global,"(mu,lambda)",0.3
EE,potencias,0,290,3.709682695351464e-07,58230,30,200,1,discreta_global,"(mu,lambda)",0.3
EE,potencias,0,291,3.703255004291865e-07,58430,30,200,1,discreta_global,"(mu,lambda)",0.3
EE,potencias,0,292,3.6901458494087197e-07,58630,30,200,1,discreta_global,"(mu,lambda)",0.3
EE,potencias,0,293,3.6840780184191313e-07,58830,30,200,1,discreta_global,"(mu,lambda)",0.3
EE,potencias,0,294,3.674977139432439e-07,59030,30,200,1,discreta_global,"(mu,lambda)",0.3
EE,potencias,0,295,3.6722741339687234e-07,59230,30,200,1,discreta_global,"(mu,lambda)",0.3
EE,potencias,0,296,3.663041218625762e-07,59430,30,200,1,discreta_global,"(mu,lambda)",0.3
EE,potencias,0,297,3.6503516403598204e-07,59630,30,200,1,discreta_global,"(mu,lambda)",0.3
EE,potencias,0,298,3.646143418420445e-07,59830,30,200,1,discreta_global,"(mu,lambda)",0.3
EE,potencias,0,299,3.6413044416697946e-07,60030,30,200,1,discreta_global,"(mu,lambda)",0.3
EE,potencias,0,300,3.637546625934567e-07,60230,30,200,1,discreta_global,"(mu,lambda)",0.3
EE,potencias,0,301,3.6280122655052906e-07,60430,30,200,1,discreta_global,"(mu,lambda)",0.3
EE,potencias,0,302,3.623250860408821e-07,60630,30,200,1,discreta_global,"(mu,lambda)",0.3
EE,potencias,0,303,3.619210582689175e-07,60830,30,200,1,discreta_global,"(mu,lambda)",0.3
EE,potencias,0,304,3.6078179060572307e-07,61030,30,200,1,discreta_global,"(mu,lambda)",0.3
EE,potencias,0,305,3.6082176824401884e-07,61230,30,200,1,discreta_global,"(mu,lambda)",0.3
EE,potencias,0,306,3.6036462890330975e-07,61430,30,200,1,discreta_global,"(mu,lambda)",0.3
EE,potencias,0,307,3.5927417159954676e-07,61630,30,200,1,discreta_global,"(mu,lambda)",0.3
EE,potencias,0,308,3.588239035520896e-07,61830,30,200,1,discreta_global,"(mu,lambda)",0.3
EE,potencias,0,309,3.576852933658423e-07,62030,30,200,1,discreta_global,"(mu,lambda)",0.3
EE,potencias,0,310,3.573269246676031e-07,62230,30,200,1,discreta_global,"(mu,lambda)",0.3
EE,potencias,0,311,3.56526642213834e-07,62430,30,200,1,discreta_global,"(mu,lambda)",0.3
EE,potencias,0,312,3.5563542789000865e-07,62630,30,200,1,discreta_global,"(mu,lambda)",0.3
EE,potencias,0,313,3.552555225823567e-07,62830,30,200,1,discreta_global,"(mu,lambda)",0.3
EE,potencias,0,314,3.54723505356153e-07,63030,30,200,1,discreta_global,"(mu,lambda)",0.3
EE,potencias,0,315,3.534173463810534e-07,63230,30,200,1,discreta_global,"(mu,lambda)",0.3
EE,potencias,0,316,3.5163015581835174e-07,63430,30,200,1,discreta_global,"(mu,lambda)",0.3
EE,potencias,0,317,3.5121094539012884e-07,63630,30,200,1,discreta_global,"(mu,lambda)",0.3
EE,potencias,0,318,3.5060463297271993e-07,63830,30,200,1,discreta_global,"(mu,lambda)",0.3
EE,potencias,0,319,3.4967905639360187e-07,64030,30,200,1,discreta_global,"(mu,lambda)",0.3
EE,potencias,0,320,3.4873574741440697e-07,64230,30,200,1,discreta_global,"(mu,lambda)",0.3
EE,potencias,0,321,3.4817243538830464e-07,64430,30,200,1,discreta_global,"(mu,lambda)",0.3
EE,potencias,0,322,3.474408301194918e-07,64630,30,200,1,discreta_global,"(mu,lambda)",0.3
EE,potencias,0,323,3.462165828300226e-07,64830,30,200,1,discreta_global,"(mu,lambda)",0.3
EE,potencias,0,324,3.4523407196502673e-07,65030,30,200,1,discreta_global,"(mu,lambda)",0.3
EE,potencias,0,325,3.4429931729769687e-07,65230,30,200,1,discreta_global,"(mu,lambda)",0.3
EE,potencias,0,326,3.4238876569824494e-07,65430,30,200,1,discreta_global,"(mu,lambda)",0.3
EE,potencias,0,327,3.419918167591988e-07,65630,30,200,1,discreta_global,"(mu,lambda)",0.3
EE,potencias,0,328,3.412999976541929e-07,65830,30,200,1,discreta_global,"(mu,lambda)",0.3
EE,potencias,0,329,3.4074965977898916e-07,66030,30,200,1,discreta_global,"(mu,lambda)",0.3
EE,potencias,0,330,3.389374208160425e-07,66230,30,200,1,discreta_global,"(mu,lambda)",0.3
EE,potencias,0,331,3.384701719238342e-07,66430,30,200,1,discreta_global,"(mu,lambda)",0.3
EE,potencias,0,332,3.3778791361590683e-07,66630,30,200,1,discreta_global,"(mu,lambda)",0.3
EE,potencias,0,333,3.369082639375565e-07,66830,30,200,1,discreta_global,"(mu,lambda)",0.3
EE,potencias,0,334,3.3589197061899524e-07,67030,30,200,1,discreta_global,"(mu,lambda)",0.3
EE,potencias,0,335,3.3496165080585204e-07,67230,30,200,1,discreta_global,"(mu,lambda)",0.3
EE,potencias,0,336,3.343983114469506e-07,67430,30,200,1,discreta_global,"(mu,lambda)",0.3
EE,potencias,0,337,3.3408855954390655e-07,67630,30,200,1,discreta_global,"(mu,lambda)",0.3
EE,potencias,0,338,3.337372854509935e-07,67830,30,200,1,discreta_global,"(mu,lambda)",0.3
EE,potencias,0,339,3.3267125459907715e-07,68030,30,200,1,discreta_global,"(mu,lambda)",0.3
EE,potencias,0,340,3.307162669751474e-07,68230,30,200,1,discreta_global,"(mu,lambda)",0.3
EE,potencias,0,341,3.2954644813436e-07,68430,30,200,1,discreta_global,"(mu,lambda)",0.3
EE,potencias,0,342,3.286013185190642e-07,68630,30,200,1,discreta_global,"(mu,lambda)",0.3
EE,potencias,0,343,3.2713662018463505e-07,68830,30,200,1,discreta_global,"(mu,lambda)",0.3
EE,potencias,0,344,3.2686222195259227e-07,69030,30,200,1,discreta_global,"(mu,lambda)",0.3
EE,potencias,0,345,3.2629220783488814e-07,69230,30,200,1,discreta_global,"(mu,lambda)",0.3
EE,potencias,0,346,3.260749484366289e-07,69430,30,200,1,discreta_global,"(mu,lambda)",0.3
EE,potencias,0,347,3.2369081898774943e-07,69630,30,200,1,discreta_global,"(mu,lambda)",0.3
EE,potencias,0,348,3.237589541461038e-07,69830,30,200,1,discreta_global,"(mu,lambda)",0.3
EE,potencias,0,349,3.233547891427669e-07,70030,30,200,1,discreta_global,"(mu,lambda)",0.3
EE,potencias,0,350,3.2220007731325663e-07,70230,30,200,1,discreta_global,"(mu,lambda)",0.3
EE,potencias,0,351,3.163600596671658e-07,70430,30,200,1,discreta_global,"(mu,lambda)",0.3
EE,potencias,0,352,3.156890877046613e-07,70630,30,200,1,discreta_global,"(mu,lambda)",0.3
EE,potencias,0,353,3.1543835577114683e-07,70830,30,200,1,discreta_global,"(mu,lambda)",0.3
EE,potencias,0,354,3.1508764063769666e-07,71030,30,200,1,discreta_global,"(mu,lambda)",0.3
EE,potencias,0,355,3.1392951776250065e-07,71230,30,200,1,discreta_global,"(mu,lambda)",0.3
EE,potencias,0,356,3.1312384820043936e-07,71430,30,200,1,discreta_global,"(mu,lambda)",0.3
EE,potencias,0,357,3.1255122064804056e-07,71630,30,200,1,discreta_global,"(mu,lambda)",0.3
EE,potencias,0,358,3.1230961638393114e-07,71830,30,200,1,discreta_global,"(mu,lambda)",0.3
EE,potencias,0,359,3.1172623144922603e-07,72030,30,200,1,discreta_global,"(mu,lambda)",0.3
EE,potencias,0,360,3.116377965556669e-07,72230,30,200,1,discreta_global,"(mu,lambda)",0.3
EE,potencias,0,361,3.113860466910177e-07,72430,30,200,1,discreta_global,"(mu,lambda)",0.3
EE,potencias,0,362,3.108747221037106e-07,72630,30,200,1,discreta_global,"(mu,lambda)",0.3
EE,potencias,0,363,3.098755935310314e-07,72830,30,200,1,discreta_global,"(mu,lambda)",0.3
EE,potencias,0,364,3.0903213613859383e-07,73030,30,200,1,discreta_global,"(mu,lambda)",0.3
EE,potencias,0,365,3.090246333952572e-07,73230,30,200,1,discreta_global,"(mu,lambda)",0.3
EE,potencias,0,366,3.087465190015683e-07,73430,30,200,1,discreta_global,"(mu,lambda)",0.3
EE,potencias,0,367,3.0850972868099503e-07,73630,30,200,1,discreta_global,"(mu,lambda)",0.3
EE,potencias,0,368,3.0819899405886257e-07,73830,30,200,1,discreta_global,"(mu,lambda)",0.3
EE,potencias,0,369,3.077671047516231e-07,74030,30,200,1,discreta_global,"(mu,lambda)",0.3
EE,potencias,0,370,3.0762807821407596e-07,74230,30,200,1,discreta_global,"(mu,lambda)",0.3
EE,potencias,0,371,3.0726642278392647e-07,74430,30,200,1,discreta_global,"(mu,lambda)",0.3
EE,potencias,0,372,3.0701166084873345e-07,74630,30,200,1,discreta_global,"(mu,lambda)",0.3
EE,potencias,0,373,3.066565501541259e-07,74830,30,200,1,discreta_global,"(mu,lambda)",0.3
EE,potencias,0,374,3.04936985313992e-07,75030,30,200,1,discreta_global,"(mu,lambda)",0.3
EE,potencias,0,375,3.0429579557250606e-07,75230,30,200,1,discreta_global,"(mu,lambda)",0.3
EE,potencias,0,376,3.0424768858612035e-07,75430,30,200,1,discreta_global,"(mu,lambda)",0.3
EE,potencias,0,377,3.0398637887817835e-07,75630,30,200,1,discreta_global,"(mu,lambda)",0.3
EE,potencias,0,378,3.034416124282659e-07,75830,30,200,1,discreta_global,"(mu,lambda)",0.3
EE,potencias,0,379,3.0219397420699044e-07,76030,30,200,1,discreta_global,"(mu,lambda)",0.3
EE,potencias,0,380,3.016107871197177e-07,76230,30,200,1,discreta_global,"(mu,lambda)",0.3
EE,potencias,0,381,3.0148562039109886e-07,76430,30,200,1,discreta_global,"(mu,lambda)",0.3
EE,potencias,0,382,3.0106850134617845e-07,76630,30,200,1,discreta_global,"(mu,lambda)",0.3
EE,potencias,0,383,2.9960180421241536e-07,76830,30,200,1,discreta_global,"(mu,lambda)",0.3
EE,potencias,0,384,2.9955822938792807e-07,77030,30,200,1,discreta_global,"(mu,lambda)",0.3
EE,potencias,0,385,2.9939976885125625e-07,77230,30,200,1,discreta_global,"(mu,lambda)",0.3
EE,potencias,0,386,2.9831230569240425e-07,77430,30,200,1,discreta_global,"(mu,lambda)",0.3
EE,potencias,0,387,2.9822864610656495e-07,77630,30,200,1,discreta_global,"(mu,lambda)",0.3
EE,potencias,0,388,2.970909943463252e-07,77830,30,200,1,discreta_global,"(mu,lambda)",0.3
EE,potencias,0,389,2.96563796571864e-07,78030,30,200,1,discreta_global,"(mu,lambda)",0.3
EE,potencias,0,390,2.964237078090257e-07,78230,30,200,1,discreta_global,"(mu,lambda)",0.3
EE,potencias,0,391,2.955596052230329e-07,78430,30,200,1,discreta_global,"(mu,lambda)",0.3
EE,potencias,0,392,2.9515147200720914e-07,78630,30,200,1,discreta_global,"(mu,lambda)",0.3
EE,potencias,0,393,2.944261881763033e-07,78830,30,200,1,discreta_global,"(mu,lambda)",0.3
EE,potencias,0,394,2.9296735381497946e-07,79030,30,200,1,discreta_global,"(mu,lambda)",0.3
EE,potencias,0,395,2.921793748497979e-07,79230,30,200,1,discreta_global,"(mu,lambda)",0.3
EE,potencias,0,396,2.9101507655381163e-07,79430,30,200,1,discreta_global,"(mu,lambda)",0.3
EE,potencias,0,397,2.904071926000828e-07,79630,30,200,1,discreta_global,"(mu,lambda)",0.3
EE,potencias,0,398,2.90279412311889e-07,79830,30,200,1,discreta_global,"(mu,lambda)",0.3
EE,potencias,0,399,2.898704075024626e-07,80030,30,200,1,discreta_global,"(mu,lambda)",0.3
EE,potencias,0,400,2.894161896783782e-07,80230,30,200,1,discreta_global,"(mu,lambda)",0.3
EE,potencias,0,401,2.891571724964367e-07,80430,30,200,1,discreta_global,"(mu,lambda)",0.3
EE,potencias,0,402,2.889295498956692e-07,80630,30,200,1,discreta_global,"(mu,lambda)",0.3
EE,potencias,0,403,2.884103837091089e-07,80830,30,200,1,discreta_global,"(mu,lambda)",0.3
EE,potencias,0,404,2.8762766706066767e-07,81030,30,200,1,discreta_global,"(mu,lambda)",0.3
EE,potencias,0,405,2.8753642732048005e-07,81230,30,200,1,discreta_global,"(mu,lambda)",0.3
EE,potencias,0,406,2.87433233534064e-07,81430,30,200,1,discreta_global,"(mu,lambda)",0.3
EE,potencias,0,407,2.8710524182462017e-07,81630,30,200,1,discreta_global,"(mu,lambda)",0.3
EE,potencias,0,408,2.8668533321029117e-07,81830,30,200,1,discreta_global,"(mu,lambda)",0.3
EE,potencias,0,409,2.865964087451736e-07,82030,30,200,1,discreta_global,"(mu,lambda)",0.3
EE,potencias,0,410,2.864896272162849e-07,82230,30,200,1,discreta_global,"(mu,lambda)",0.3
EE,potencias,0,411,2.863413180941257e-07,82430,30,200,1,discreta_global,"(mu,lambda)",0.3
EE,potencias,0,412,2.861492557354173e-07,82630,30,200,1,discreta_global,"(mu,lambda)",0.3
EE,potencias,0,413,2.8598898914502715e-07,82830,30,200,1,discreta_global,"(mu,lambda)",0.3
EE,potencias,0,414,2.858077005303378e-07,83030,30,200,1,discreta_global,"(mu,lambda)",0.3
EE,potencias,0,415,2.8569391260333714e-07,83230,30,200,1,discreta_global,"(mu,lambda)",0.3
EE,potencias,0,416,2.854337628710161e-07,83430,30,200,1,discreta_global,"(mu,lambda)",0.3
EE,potencias,0,417,2.8504647067966547e-07,83630,30,200,1,discreta_global,"(mu,lambda)",0.3
EE,potencias,0,418,2.835856593573534e-07,83830,30,200,1,discreta_global,"(mu,lambda)",0.3
EE,potencias,0,419,2.81716866337351e-07,84030,30,200,1,discreta_global,"(mu,lambda)",0.3
EE,potencias,0,420,2.816307975437831e-07,84230,30,200,1,discreta_global,"(mu,lambda)",0.3
EE,potencias,0,421,2.81483990662726e-07,84430,30,200,1,discreta_global,"(mu,lambda)",0.3
EE,potencias,0,422,2.8092017880467756e-07,84630,30,200,1,discreta_global,"(mu,lambda)",0.3
EE,potencias,0,423,2.8039358154989454e-07,84830,30,200,1,discreta_global,"(mu,lambda)",0.3
EE,potencias,0,424,2.7770238922518433e-07,85030,30,200,1,discreta_global,"(mu,lambda)",0.3
EE,potencias,0,425,2.774787555136876e-07,85230,30,200,1,discreta_global,"(mu,lambda)",0.3
EE,potencias,0,426,2.77071135725622e-07,85430,30,200,1,discreta_global,"(mu,lambda)",0.3
EE,potencias,0,427,2.769100834645282e-07,85630,30,200,1,discreta_global,"(mu,lambda)",0.3
EE,potencias,0,428,2.768273975775224e-07,85830,30,200,1,discreta_global,"(mu,lambda)",0.3
EE,potencias,0,429,2.7645049073414685e-07,86030,30,200,1,discreta_global,"(mu,lambda)",0.3
EE,potencias,0,430,2.761808887190827e-07,86230,30,200,1,discreta_global,"(mu,lambda)",0.3
EE,potencias,0,431,2.759090454866825e-07,86430,30,200,1,discreta_global,"(mu,lambda)",0.3
EE,potencias,0,432,2.7566196123869805e-07,86630,30,200,1,discreta_global,"(mu,lambda)",0.3
EE,potencias,0,433,2.7520272159068303e-07,86830,30,200,1,discreta_global,"(mu,lambda)",0.3
EE,potencias,0,434,2.7473146644372853e-07,87030,30,200,1,discreta_global,"(mu,lambda)",0.3
EE,potencias,0,435,2.7471266499896395e-07,87230,30,200,1,discreta_global,"(mu,lambda)",0.3
EE,potencias,0,436,2.7448468292233624e-07,87430,30,200,1,discreta_global,"(mu,lambda)",0.3
EE,potencias,0,437,2.7402946828159113e-07,87630,30,200,1,discreta_global,"(mu,lambda)",0.3
EE,potencias,0,438,2.734629971671686e-07,87830,30,200,1,discreta_global,"(mu,lambda)",0.3
EE,potencias,0,439,2.732108573621557e-07,88030,30,200,1,discreta_global,"(mu,lambda)",0.3
EE,potencias,0,440,2.7230803059625474e-07,88230,30,200,1,discreta_global,"(mu,lambda)",0.3
EE,potencias,0,441,2.71541214341459e-07,88430,30,200,1,discreta_global,"(mu,lambda)",0.3
EE,potencias,0,442,2.7127374986422233e-07,88630,30,200,1,discreta_global,"(mu,lambda)",0.3
EE,potencias,0,443,2.7045487788136584e-07,88830,30,200,1,discreta_global,"(mu,lambda)",0.3
EE,potencias,0,444,2.694176332298391e-07,89030,30,200,1,discreta_global,"(mu,lambda)",0.3
EE,potencias,0,445,2.6840569013714394e-07,89230,30,200,1,discreta_global,"(mu,lambda)",0.3
EE,potencias,0,446,2.6826960295447907e-07,89430,30,200,1,discreta_global,"(mu,lambda)",0.3
EE,potencias,0,447,2.667123802347371e-07,89630,30,200,1,discreta_global,"(mu,lambda)",0.3
EE,potencias,0,448,2.6575883081501114e-07,89830,30,200,1,discreta_global,"(mu,lambda)",0.3
EE,potencias,0,449,2.6538537639779243e-07,90030,30,200,1,discreta_global,"(mu,lambda)",0.3
EE,potencias,0,450,2.6530399396152814e-07,90230,30,200,1,discreta_global,"(mu,lambda)",0.3
EE,potencias,0,451,2.64981744029792e-07,90430,30,200,1,discreta_global,"(mu,lambda)",0.3
EE,potencias,0,452,2.6464977293115507e-07,90630,30,200,1,discreta_global,"(mu,lambda)",0.3
EE,potencias,0,453,2.6449716363041073e-07,90830,30,200,1,discreta_global,"(mu,lambda)",0.3
EE,potencias,0,454,2.6425483301340526e-07,91030,30,200,1,discreta_global,"(mu,lambda)",0.3
EE,potencias,0,455,2.6388163011331616e-07,91230,30,200,1,discreta_global,"(mu,lambda)",0.3
EE,potencias,0,456,2.6335126716447255e-07,91430,30,200,1,discreta_global,"(mu,lambda)",0.3
EE,potencias,0,457,2.626925804083348e-07,91630,30,200,1,discreta_global,"(mu,lambda)",0.3
EE,potencias,0,458,2.6192284411508727e-07,91830,30,200,1,discreta_global,"(mu,lambda)",0.3
EE,potencias,0,459,2.616780800645687e-07,92030,30,200,1,discreta_global,"(mu,lambda)",0.3
EE,potencias,0,460,2.610602902843265e-07,92230,30,200,1,discreta_global,"(mu,lambda)",0.3
EE,potencias,0,461,2.6067987810848704e-07,92430,30,200,1,discreta_global,"(mu,lambda)",0.3
EE,potencias,0,462,2.6046714243860437e-07,92630,30,200,1,discreta_global,"(mu,lambda)",0.3
EE,potencias,0,463,2.6020993671630665e-07,92830,30,200,1,discreta_global,"(mu,lambda)",0.3
EE,potencias,0,464,2.598626242484686e-07,93030,30,200,1,discreta_global,"(mu,lambda)",0.3
EE,potencias,0,465,2.5943823113774406e-07,93230,30,200,1,discreta_global,"(mu,lambda)",0.3
EE,potencias,0,466,2.58932998656324e-07,93430,30,200,1,discreta_global,"(mu,lambda)",0.3
EE,potencias,0,467,2.5782591827072887e-07,93630,30,200,1,discreta_global,"(mu,lambda)",0.3
EE,potencias,0,468,2.5750576136806457e-07,93830,30,200,1,discreta_global,"(mu,lambda)",0.3
EE,potencias,0,469,2.5540692419865193e-07,94030,30,200,1,discreta_global,"(mu,lambda)",0.3
EE,potencias,0,470,2.5537360619835176e-07,94230,30,200,1,discreta_global,"(mu,lambda)",0.3
EE,potencias,0,471,2.552330182145798e-07,94430,30,200,1,discreta_global,"(mu,lambda)",0.3
EE,potencias,0,472,2.549590035867547e-07,94630,30,200,1,discreta_global,"(mu,lambda)",0.3
EE,potencias,0,473,2.5490767941174806e-07,94830,30,200,1,discreta_global,"(mu,lambda)",0.3
EE,potencias,0,474,2.545722556569493e-07,95030,30,200,1,discreta_global,"(mu,lambda)",0.3
EE,potencias,0,475,2.5428834151152595e-07,95230,30,200,1,discreta_global,"(mu,lambda)",0.3
EE,potencias,0,476,2.5264329760604415e-07,95430,30,200,1,discreta_global,"(mu,lambda)",0.3
EE,potencias,0,477,2.527855072059155e-07,95630,30,200,1,discreta_global,"(mu,lambda)",0.3
EE,potencias,0,478,2.527426104563988e-07,95830,30,200,1,discreta_global,"(mu,lambda)",0.3
EE,potencias,0,479,2.5245801597993075e-07,96030,30,200,1,discreta_global,"(mu,lambda)",0.3
EE,potencias,0,480,2.522936723518826e-07,96230,30,200,1,discreta_global,"(mu,lambda)",0.3
EE,potencias,0,481,2.520493665547039e-07,96430,30,200,1,discreta_global,"(mu,lambda)",0.3
EE,potencias,0,482,2.516994059686472e-07,96630,30,200,1,discreta_global,"(mu,lambda)",0.3
EE,potencias,0,483,2.512615562436652e-07,96830,30,200,1,discreta_global,"(mu,lambda)",0.3
EE,potencias,0,484,2.5075716674985793e-07,97030,30,200,1,discreta_global,"(mu,lambda)",0.3
EE,potencias,0,485,2.502791687090119e-07,97230,30,200,1,discreta_global,"(mu,lambda)",0.3
EE,potencias,0,486,2.499883204417462e-07,97430,30,200,1,discreta_global,"(mu,lambda)",0.3
EE,potencias,0,487,2.496317510167044e-07,97630,30,200,1,discreta_global,"(mu,lambda)",0.3
EE,potencias,0,488,2.4922659694150354e-07,97830,30,200,1,discreta_global,"(mu,lambda)",0.3
EE,potencias,0,489,2.4905254438140823e-07,98030,30,200,1,discreta_global,"(mu,lambda)",0.3
EE,potencias,0,490,2.488406868720405e-07,98230,30,200,1,discreta_global,"(mu,lambda)",0.3
EE,potencias,0,491,2.4827559979511197e-07,98430,30,200,1,discreta_global,"(mu,lambda)",0.3
EE,potencias,0,492,2.4810519958571907e-07,98630,30,200,1,discreta_global,"(mu,lambda)",0.3
EE,potencias,0,493,2.4766057196844706e-07,98830,30,200,1,discreta_global,"(mu,lambda)",0.3
EE,potencias,0,494,2.4727030719256634e-07,99030,30,200,1,discreta_global,"(mu,lambda)",0.3
EE,potencias,0,495,2.4692041140913264e-07,99230,30,200,1,discreta_global,"(mu,lambda)",0.3
EE,potencias,0,496,2.4653350681842646e-07,99430,30,200,1,discreta_global,"(mu,lambda)",0.3
EE,potencias,0,497,2.4582429026038233e-07,99630,30,200,1,discreta_global,"(mu,lambda)",0.3
EE,potencias,0,498,2.4574637002205976e-07,99830,30,200,1,discreta_global,"(mu,lambda)",0.3
EE,potencias,0,499,2.4566687324730253e-07,100030,30,200,1,discreta_global,"(mu,lambda)",0.3
EE,potencias,0,500,2.4551456183028605e-07,100230,30,200,1,discreta_global,"(mu,lambda)",0.3
EE,potencias,0,501,2.454211701036783e-07,100430,30,200,1,discreta_global,"(mu,lambda)",0.3
EE,potencias,0,502,2.453322182903409e-07,100630,30,200,1,discreta_global,"(mu,lambda)",0.3
EE,potencias,0,503,2.452189436832963e-07,100830,30,200,1,discreta_global,"(mu,lambda)",0.3
EE,potencias,0,504,2.451622803714141e-07,101030,30,200,1,discreta_global,"(mu,lambda)",0.3
EE,potencias,0,505,2.4497757661834354e-07,101230,30,200,1,discreta_global,"(mu,lambda)",0.3
EE,potencias,0,506,2.4480623784355385e-07,101430,30,200,1,discreta_global,"(mu,lambda)",0.3
EE,potencias,0,507,2.4462725314771633e-07,101630,30,200,1,discreta_global,"(mu,lambda)",0.3
EE,potencias,0,508,2.4433872144117245e-07,101830,30,200,1,discreta_global,"(mu,lambda)",0.3
EE,potencias,0,509,2.4393980314182325e-07,102030,30,200,1,discreta_global,"(mu,lambda)",0.3
EE,potencias,0,510,2.4391321492346235e-07,102230,30,200,1,discreta_global,"(mu,lambda)",0.3
EE,potencias,0,511,2.4379758264443676e-07,102430,30,200,1,discreta_global,"(mu,lambda)",0.3
EE,potencias,0,512,2.434375619901422e-07,102630,30,200,1,discreta_global,"(mu,lambda)",0.3
EE,potencias,0,513,2.4324516245779477e-07,102830,30,200,1,discreta_global,"(mu,lambda)",0.3
EE,potencias,0,514,2.4272115553481856e-07,103030,30,200,1,discreta_global,"(mu,lambda)",0.3
EE,potencias,0,515,2.425652580571612e-07,103230,30,200,1,discreta_global,"(mu,lambda)",0.3
EE,potencias,0,516,2.4241574971789537e-07,103430,30,200,1,discreta_global,"(mu,lambda)",0.3
EE,potencias,0,517,2.409477740769474e-07,103630,30,200,1,discreta_global,"(mu,lambda)",0.3
EE,potencias,0,518,2.4051871897384187e-07,103830,30,200,1,discreta_global,"(mu,lambda)",0.3
EE,potencias,0,519,2.404327248296252e-07,104030,30,200,1,discreta_global,"(mu,lambda)",0.3
EE,potencias,0,520,2.4014761977155425e-07,104230,30,200,1,discreta_global,"(mu,lambda)",0.3
EE,potencias,0,521,2.398543936799559e-07,104430,30,200,1,discreta_global,"(mu,lambda)",0.3
EE,potencias,0,522,2.398665153904401e-07,104630,30,200,1,discreta_global,"(mu,lambda)",0.3
EE,potencias,0,523,2.39701499435164e-07,104830,30,200,1,discreta_global,"(mu,lambda)",0.3
EE,potencias,0,524,2.3938013703469154e-07,105030,30,200,1,discreta_global,"(mu,lambda)",0.3
EE,potencias,0,525,2.393258137397631e-07,105230,30,200,1,discreta_global,"(mu,lambda)",0.3
EE,potencias,0,526,2.392607123728142e-07,105430,30,200,1,discreta_global,"(mu,lambda)",0.3
EE,potencias,0,527,2.38902664791921e-07,105630,30,200,1,discreta_global,"(mu,lambda)",0.3
EE,potencias,0,528,2.388050387608558e-07,105830,30,200,1,discreta_global,"(mu,lambda)",0.3
EE,potencias,0,529,2.3816388063134972e-07,106030,30,200,1,discreta_global,"(mu,lambda)",0.3
EE,potencias,0,530,2.3810407499594616e-07,106230,30,200,1,discreta_global,"(mu,lambda)",0.3
EE,potencias,0,531,2.3716758266664282e-07,106430,30,200,1,discreta_global,"(mu,lambda)",0.3
EE,potencias,0,532,2.3655146454904726e-07,106630,30,200,1,discreta_global,"(mu,lambda)",0.3
EE,potencias,0,533,2.357543321178134e-07,106830,30,200,1,discreta_global,"(mu,lambda)",0.3
EE,potencias,0,534,2.3580011676528662e-07,107030,30,200,1,discreta_global,"(mu,lambda)",0.3
EE,potencias,0,535,2.3534830981516882e-07,107230,30,200,1,discreta_global,"(mu,lambda)",0.3
EE,potencias,0,536,2.3414617432772155e-07,107430,30,200,1,discreta_global,"(mu,lambda)",0.3
EE,potencias,0,537,2.3310581492586372e-07,107630,30,200,1,discreta_global,"(mu,lambda)",0.3
EE,potencias,0,538,2.3271943415148355e-07,107830,30,200,1,discreta_global,"(mu,lambda)",0.3
EE,potencias,0,539,2.3254444177537203e-07,108030,30,200,1,discreta_global,"(mu,lambda)",0.3
EE,potencias,0,540,2.3239866037318765e-07,108230,30,200,1,discreta_global,"(mu,lambda)",0.3
EE,potencias,0,541,2.3229830372714162e-07,108430,30,200,1,discreta_global,"(mu,lambda)",0.3
EE,potencias,0,542,2.322962270686336e-07,108630,30,200,1,discreta_global,"(mu,lambda)",0.3
EE,potencias,0,543,2.3229444039072866e-07,108830,30,200,1,discreta_global,"(mu,lambda)",0.3
EE,potencias,0,544,2.32290906875896e-07,109030,30,200,1,discreta_global,"(mu,lambda)",0.3
EE,potencias,0,545,2.3228447147109668e-07,109230,30,200,1,discreta_global,"(mu,lambda)",0.3
EE,potencias,0,546,2.3227387074899948e-07,109430,30,200,1,discreta_global,"(mu,lambda)",0.3
EE,potencias,0,547,2.3226662786370512e-07,109630,30,200,1,discreta_global,"(mu,lambda)",0.3
EE,potencias,0,548,2.3225794067569108e-07,109830,30,200,1,discreta_global,"(mu,lambda)",0.3
EE,potencias,0,549,2.3223677937131535e-07,110030,30,200,1,discreta_global,"(mu,lambda)",0.3
EE,potencias,0,550,2.3222516697442752e-07,110230,30,200,1,discreta_global,"(mu,lambda)",0.3
EE,potencias,0,551,2.3219542013754358e-07,110430,30,200,1,discreta_global,"(mu,lambda)",0.3
EE,potencias,0,552,2.3214186922410167e-07,110630,30,200,1,discreta_global,"(mu,lambda)",0.3
EE,potencias,0,553,2.3211182514121467e-07,110830,30,200,1,discreta_global,"(mu,lambda)",0.3
EE,potencias,0,554,2.3204972139062953e-07,111030,30,200,1,discreta_global,"(mu,lambda)",0.3
EE,potencias,0,555,2.320026290383044e-07,111230,30,200,1,discreta_global,"(mu,lambda)",0.3
EE,potencias,0,556,2.3191841825046696e-07,111430,30,200,1,discreta_global,"(mu,lambda)",0.3
EE,potencias,0,557,2.3179408894229916e-07,111630,30,200,1,discreta_global,"(mu,lambda)",0.3
EE,potencias,0,558,2.3123267646684894e-07,111830,30,200,1,discreta_global,"(mu,lambda)",0.3
EE,potencias,0,559,2.3116586943487357e-07,112030,30,200,1,discreta_global,"(mu,lambda)",0.3
EE,potencias,0,560,2.309920914133212e-07,112230,30,200,1,discreta_global,"(mu,lambda)",0.3
EE,potencias,0,561,2.3067034239125755e-07,112430,30,200,1,discreta_global,"(mu,lambda)",0.3
EE,potencias,0,562,2.3061053527913686e-07,112630,30,200,1,discreta_global,"(mu,lambda)",0.3
EE,potencias,0,563,2.3046665674476684e-07,112830,30,200,1,discreta_global,"(mu,lambda)",0.3
EE,potencias,0,564,2.3029063042049314e-07,113030,30,200,1,discreta_global,"(mu,lambda)",0.3
EE,potencias,0,565,2.29977178147061e-07,113230,30,200,1,discreta_global,"(mu,lambda)",0.3
EE,potencias,0,566,2.2927317640025604e-07,113430,30,200,1,discreta_global,"(mu,lambda)",0.3
EE,potencias,0,567,2.2900184041964427e-07,113630,30,200,1,discreta_global,"(mu,lambda)",0.3
EE,potencias,0,568,2.279112467391172e-07,113830,30,200,1,discreta_global,"(mu,lambda)",0.3
EE,potencias,0,569,2.276915568146059e-07,114030,30,200,1,discreta_global,"(mu,lambda)",0.3
EE,potencias,0,570,2.2756432815310823e-07,114230,30,200,1,discreta_global,"(mu,lambda)",0.3
EE,potencias,0,571,2.2745281335262188e-07,114430,30,200,1,discreta_global,"(mu,lambda)",0.3
EE,potencias,0,572,2.272475983310697e-07,114630,30,200,1,discreta_global,"(mu,lambda)",0.3
EE,potencias,0,573,2.2685252726636018e-07,114830,30,200,1,discreta_global,"(mu,lambda)",0.3
EE,potencias,0,574,2.2639618275309205e-07,115030,30,200,1,discreta_global,"(mu,lambda)",0.3
EE,potencias,0,575,2.2581786010092716e-07,115230,30,200,1,discreta_global,"(mu,lambda)",0.3
EE,potencias,0,576,2.2553749352067793e-07,115430,30,200,1,discreta_global,"(mu,lambda)",0.3
EE,potencias,0,577,2.2517730786158397e-07,115630,30,200,1,discreta_global,"(mu,lambda)",0.3
EE,potencias,0,578,2.244718464068529e-07,115830,30,200,1,discreta_global,"(mu,lambda)",0.3
EE,potencias,0,579,2.23877040181281e-07,116030,30,200,1,discreta_global,"(mu,lambda)",0.3
EE,potencias,0,580,2.2241881462354935e-07,116230,30,200,1,discreta_global,"(mu,lambda)",0.3
EE,potencias,0,581,2.220953547669909e-07,116430,30,200,1,discreta_global,"(mu,lambda)",0.3
EE,potencias,0,582,2.21844345953758e-07,116630,30,200,1,discreta_global,"(mu,lambda)",0.3
EE,potencias,0,583,2.216556677067915e-07,116830,30,200,1,discreta_global,"(mu,lambda)",0.3
EE,potencias,0,584,2.21376591226804e-07,117030,30,200,1,discreta_global,"(mu,lambda)",0.3
EE,potencias,0,585,2.2120936973344323e-07,117230,30,200,1,discreta_global,"(mu,lambda)",0.3
EE,potencias,0,586,2.2112220976408217e-07,117430,30,200,1,discreta_global,"(mu,lambda)",0.3
EE,potencias,0,587,2.2104559729428024e-07,117630,30,200,1,discreta_global,"(mu,lambda)",0.3
EE,potencias,0,588,2.2071026817113585e-07,117830,30,200,1,discreta_global,"(mu,lambda)",0.3
EE,potencias,0,589,2.2064169728910292e-07,118030,30,200,1,discreta_global,"(mu,lambda)",0.3
EE,potencias,0,590,2.2048771187148165e-07,118230,30,200,1,discreta_global,"(mu,lambda)",0.3
EE,potencias,0,591,2.2022201348645882e-07,118430,30,200,1,discreta_global,"(mu,lambda)",0.3
EE,potencias,0,592,2.1994631444603435e-07,118630,30,200,1,discreta_global,"(mu,lambda)",0.3
EE,potencias,0,593,2.197533999741218e-07,118830,30,200,1,discreta_global,"(mu,lambda)",0.3
EE,potencias,0,594,2.1939927568954113e-07,119030,30,200,1,discreta_global,"(mu,lambda)",0.3
EE,potencias,0,595,2.1796114013749455e-07,119230,30,200,1,discreta_global,"(mu,lambda)",0.3
EE,potencias,0,596,2.1773835329690323e-07,119430,30,200,1,discreta_global,"(mu,lambda)",0.3
EE,potencias,0,597,2.1770045823024176e-07,119630,30,200,1,discreta_global,"(mu,lambda)",0.3
EE,potencias,0,598,2.1754064480460582e-07,119830,30,200,1,discreta_global,"(mu,lambda)",0.3
EE,potencias,0,599,2.1729608421726544e-07,120030,30,200,1,discreta_global,"(mu,lambda)",0.3
EE,potencias,0,600,2.1711506477497357e-07,120230,30,200,1,discreta_global,"(mu,lambda)",0.3
EE,potencias,0,601,2.1683920247657323e-07,120430,30,200,1,discreta_global,"(mu,lambda)",0.3
EE,potencias,0,602,2.1670726419192198e-07,120630,30,200,1,discreta_global,"(mu,lambda)",0.3
EE,potencias,0,603,2.1663840342155002e-07,120830,30,200,1,discreta_global,"(mu,lambda)",0.3
EE,potencias,0,604,2.1644505403545938e-07,121030,30,200,1,discreta_global,"(mu,lambda)",0.3
EE,potencias,0,605,2.164247517003838e-07,121230,30,200,1,discreta_global,"(mu,lambda)",0.3
EE,potencias,0,606,2.1630246775861748e-07,121430,30,200,1,discreta_global,"(mu,lambda)",0.3
EE,potencias,0,607,2.1615814209004726e-07,121630,30,200,1,discreta_global,"(mu,lambda)",0.3
EE,potencias,0,608,2.1602136050648574e-07,121830,30,200,1,discreta_global,"(mu,lambda)",0.3
EE,potencias,0,609,2.1587692510469352e-07,122030,30,200,1,discreta_global,"(mu,lambda)",0.3
EE,potencias,0,610,2.1580472031673014e-07,122230,30,200,1,discreta_global,"(mu,lambda)",0.3
EE,potencias,0,611,2.155646182034922e-07,122430,30,200,1,discreta_global,"(mu,lambda)",0.3
EE,potencias,0,612,2.1532273971593595e-07,122630,30,200,1,discreta_global,"(mu,lambda)",0.3
EE,potencias,0,613,2.1518996776030696e-07,122830,30,200,1,discreta_global,"(mu,lambda)",0.3
EE,potencias,0,614,2.149638112056021e-07,123030,30,200,1,discreta_global,"(mu,lambda)",0.3
EE,potencias,0,615,2.1471526594809852e-07,123230,30,200,1,discreta_global,"(mu,lambda)",0.3
EE,potencias,0,616,2.1414887155540485e-07,123430,30,200,1,discreta_global,"(mu,lambda)",0.3
EE,potencias,0,617,2.1381966413111587e-07,123630,30,200,1,discreta_global,"(mu,lambda)",0.3
EE,potencias,0,618,2.1345191000919024e-07,123830,30,200,1,discreta_global,"(mu,lambda)",0.3
EE,potencias,0,619,2.1325809723959878e-07,124030,30,200,1,discreta_global,"(mu,lambda)",0.3
EE,potencias,0,620,2.1303046046256022e-07,124230,30,200,1,discreta_global,"(mu,lambda)",0.3
EE,potencias,0,621,2.1298345165993921e-07,124430,30,200,1,discreta_global,"(mu,lambda)",0.3
EE,potencias,0,622,2.1218240007902972e-07,124630,30,200,1,discreta_global,"(mu,lambda)",0.3
EE,potencias,0,623,2.119912647973531e-07,124830,30,200,1,discreta_global,"(mu,lambda)",0.3
EE,potencias,0,624,2.1145154126433776e-07,125030,30,200,1,discreta_global,"(mu,lambda)",0.3
EE,potencias,0,625,2.1124566101657559e-07,125230,30,200,1,discreta_global,"(mu,lambda)",0.3
EE,potencias,0,626,2.1095966553041175e-07,125430,30,200,1,discreta_global,"(mu,lambda)",0.3
EE,potencias,0,627,2.1096863441122357e-07,125630,30,200,1,discreta_global,"(mu,lambda)",0.3
EE,potencias,0,628,2.1026412911744363e-07,125830,30,200,1,discreta_global,"(mu,lambda)",0.3
EE,potencias,0,629,2.1025727125964387e-07,126030,30,200,1,discreta_global,"(mu,lambda)",0.3
EE,potencias,0,630,2.1012914353861407e-07,126230,30,200,1,discreta_global,"(mu,lambda)",0.3
EE,potencias,0,631,2.1005817625930613e-07,126430,30,200,1,discreta_global,"(mu,lambda)",0.3
EE,potencias,0,632,2.09895341988088e-07,126630,30,200,1,discreta_global,"(mu,lambda)",0.3
EE,potencias,0,633,2.098510008345469e-07,126830,30,200,1,discreta_global,"(mu,lambda)",0.3
EE,potencias,0,634,2.0957478362708457e-07,127030,30,200,1,discreta_global,"(mu,lambda)",0.3
EE,potencias,0,635,2.0948357490896838e-07,127230,30,200,1,discreta_global,"(mu,lambda)",0.3
EE,potencias,0,636,2.0865601105198702e-07,127430,30,200,1,discreta_global,"(mu,lambda)",0.3
EE,potencias,0,637,2.085382532028307e-07,127630,30,200,1,discreta_global,"(mu,lambda)",0.3
EE,potencias,0,638,2.0692009413013094e-07,127830,30,200,1,discreta_global,"(mu,lambda)",0.3
EE,potencias,0,639,2.0562411283153147e-07,128030,30,200,1,discreta_global,"(mu,lambda)",0.3
EE,potencias,0,640,2.05522953863399e-07,128230,30,200,1,discreta_global,"(mu,lambda)",0.3
EE,potencias,0,641,2.0540236374524203e-07,128430,30,200,1,discreta_global,"(mu,lambda)",0.3
EE,potencias,0,642,2.0526386806071397e-07,128630,30,200,1,discreta_global,"(mu,lambda)",0.3
EE,potencias,0,643,2.05165553456915e-07,128830,30,200,1,discreta_global,"(mu,lambda)",0.3
EE,potencias,0,644,2.0511021804013405e-07,129030,30,200,1,discreta_global,"(mu,lambda)",0.3
EE,potencias,0,645,2.0505523976996142e-07,129230,30,200,1,discreta_global,"(mu,lambda)",0.3
EE,potencias,0,646,2.0503439720335317e-07,129430,30,200,1,discreta_global,"(mu,lambda)",0.3
EE,potencias,0,647,2.049931844431718e-07,129630,30,200,1,discreta_global,"(mu,lambda)",0.3
EE,potencias,0,648,2.0489151140906512e-07,129830,30,200,1,discreta_global,"(mu,lambda)",0.3
EE,potencias,0,649,2.0483624005988337e-07,130030,30,200,1,discreta_global,"(mu,lambda)",0.3
EE,potencias,0,650,2.0465319729441597e-07,130230,30,200,1,discreta_global,"(mu,lambda)",0.3
EE,potencias,0,651,2.0442193375156368e-07,130430,30,200,1,discreta_global,"(mu,lambda)",0.3
EE,potencias,0,652,2.0422369165697962e-07,130630,30,200,1,discreta_global,"(mu,lambda)",0.3
EE,potencias,0,653,2.0400577050404373e-07,130830,30,200,1,discreta_global,"(mu,lambda)",0.3
EE,potencias,0,654,2.0383285179653765e-07,131030,30,200,1,discreta_global,"(mu,lambda)",0.3
EE,potencias,0,655,2.0360031132856224e-07,131230,30,200,1,discreta_global,"(mu,lambda)",0.3
EE,potencias,0,656,2.0331558999134522e-07,131430,30,200,1,discreta_global,"(mu,lambda)",0.3
EE,potencias,0,657,2.031329361074716e-07,131630,30,200,1,discreta_global,"(mu,lambda)",0.3
EE,potencias,0,658,2.0305921081130919e-07,131830,30,200,1,discreta_global,"(mu,lambda)",0.3
EE,potencias,0,659,2.0253531787626558e-07,132030,30,200,1,discreta_global,"(mu,lambda)",0.3
EE,potencias,0,660,2.0236655550031325e-07,132230,30,200,1,discreta_global,"(mu,lambda)",0.3
EE,potencias,0,661,2.0165531464225576e-07,132430,30,200,1,discreta_global,"(mu,lambda)",0.3
EE,potencias,0,662,2.0141944277447423e-07,132630,30,200,1,discreta_global,"(mu,lambda)",0.3
EE,potencias,0,663,2.0107106037299738e-07,132830,30,200,1,discreta_global,"(mu,lambda)",0.3
EE,potencias,0,664,2.0097813291503624e-07,133030,30,200,1,discreta_global,"(mu,lambda)",0.3
EE,potencias,0,665,2.0026295098321944e-07,133230,30,200,1,discreta_global,"(mu,lambda)",0.3
EE,potencias,0,666,2.0013497865408709e-07,133430,30,200,1,discreta_global,"(mu,lambda)",0.3
EE,potencias,0,667,1.997771032584726e-07,133630,30,200,1,discreta_global,"(mu,lambda)",0.3
EE,potencias,0,668,1.9874921267553657e-07,133830,30,200,1,discreta_global,"(mu,lambda)",0.3
EE,potencias,0,669,1.9857288112173836e-07,134030,30,200,1,discreta_global,"(mu,lambda)",0.3
EE,potencias,0,670,1.9848920372738207e-07,134230,30,200,1,discreta_global,"(mu,lambda)",0.3
EE,potencias,0,671,1.9831278936148117e-07,134430,30,200,1,discreta_global,"(mu,lambda)",0.3
EE,potencias,0,672,1.9815940373158993e-07,134630,30,200,1,discreta_global,"(mu,lambda)",0.3
EE,potencias,0,673,1.9784314575309596e-07,134830,30,200,1,discreta_global,"(mu,lambda)",0.3
EE,potencias,0,674,1.9721127211228124e-07,135030,30,200,1,discreta_global,"(mu,lambda)",0.3
EE,potencias,0,675,1.9717796186198275e-07,135230,30,200,1,discreta_global,"(mu,lambda)",0.3
EE,potencias,0,676,1.9679536161666918e-07,135430,30,200,1,discreta_global,"(mu,lambda)",0.3
EE,potencias,0,677,1.9655412959749195e-07,135630,30,200,1,discreta_global,"(mu,lambda)",0.3
EE,potencias,0,678,1.9642837853043788e-07,135830,30,200,1,discreta_global,"(mu,lambda)",0.3
EE,potencias,0,679,1.961682141841785e-07,136030,30,200,1,discreta_global,"(mu,lambda)",0.3
EE,potencias,0,680,1.961091805946231e-07,136230,30,200,1,discreta_global,"(mu,lambda)",0.3
EE,potencias,0,681,1.9598624529893186e-07,136430,30,200,1,discreta_global,"(mu,lambda)",0.3
EE,potencias,0,682,1.9596661794024298e-07,136630,30,200,1,discreta_global,"(mu,lambda)",0.3
EE,potencias,0,683,1.9588114112373348e-07,136830,30,200,1,discreta_global,"(mu,lambda)",0.3
EE,potencias,0,684,1.9584168523352644e-07,137030,30,200,1,discreta_global,"(mu,lambda)",0.3
EE,potencias,0,685,1.9563407327522106e-07,137230,30,200,1,discreta_global,"(mu,lambda)",0.3
EE,potencias,0,686,1.9555478826301382e-07,137430,30,200,1,discreta_global,"(mu,lambda)",0.3
EE,potencias,0,687,1.953765567481884e-07,137630,30,200,1,discreta_global,"(mu,lambda)",0.3
EE,potencias,0,688,1.9505319916315273e-07,137830,30,200,1,discreta_global,"(mu,lambda)",0.3
EE,potencias,0,689,1.942952617613058e-07,138030,30,200,1,discreta_global,"(mu,lambda)",0.3
EE,potencias,0,690,1.9404137453120199e-07,138230,30,200,1,discreta_global,"(mu,lambda)",0.3
EE,potencias,0,691,1.940448079017091e-07,138430,30,200,1,discreta_global,"(mu,lambda)",0.3
EE,potencias,0,692,1.9363226143926106e-07,138630,30,200,1,discreta_global,"(mu,lambda)",0.3
EE,potencias,0,693,1.9257654459023538e-07,138830,30,200,1,discreta_global,"(mu,lambda)",0.3
EE,potencias,0,694,1.9252442045935962e-07,139030,30,200,1,discreta_global,"(mu,lambda)",0.3
EE,potencias,0,695,1.920976350123771e-07,139230,30,200,1,discreta_global,"(mu,lambda)",0.3
EE,potencias,0,696,1.9165576743448328e-07,139430,30,200,1,discreta_global,"(mu,lambda)",0.3
EE,potencias,0,697,1.9129892047887023e-07,139630,30,200,1,discreta_global,"(mu,lambda)",0.3
EE,potencias,0,698,1.909231612976673e-07,139830,30,200,1,discreta_global,"(mu,lambda)",0.3
EE,potencias,0,699,1.907400245731043e-07,140030,30,200,1,discreta_global,"(mu,lambda)",0.3
EE,potencias,0,700,1.90617647882733e-07,140230,30,200,1,discreta_global,"(mu,lambda)",0.3
EE,potencias,0,701,1.9049926699126763e-07,140430,30,200,1,discreta_global,"(mu,lambda)",0.3
EE,potencias,0,702,1.9027356004783883e-07,140630,30,200,1,discreta_global,"(mu,lambda)",0.3
EE,potencias,0,703,1.899152963177702e-07,140830,30,200,1,discreta_global,"(mu,lambda)",0.3
EE,potencias,0,704,1.897985043961862e-07,141030,30,200,1,discreta_global,"(mu,lambda)",0.3
EE,potencias,0,705,1.8932493967783028e-07,141230,30,200,1,discreta_global,"(mu,lambda)",0.3
EE,potencias,0,706,1.8863697134353353e-07,141430,30,200,1,discreta_global,"(mu,lambda)",0.3
EE,potencias,0,707,1.8850138836091537e-07,141630,30,200,1,discreta_global,"(mu,lambda)",0.3
EE,potencias,0,708,1.883962596537759e-07,141830,30,200,1,discreta_global,"(mu,lambda)",0.3
EE,potencias,0,709,1.87620055354935e-07,142030,30,200,1,discreta_global,"(mu,lambda)",0.3
EE,potencias,0,710,1.8745764979374362e-07,142230,30,200,1,discreta_global,"(mu,lambda)",0.3
EE,potencias,0,711,1.873528527406443e-07,142430,30,200,1,discreta_global,"(mu,lambda)",0.3
EE,potencias,0,712,1.871197779064984e-07,142630,30,200,1,discreta_global,"(mu,lambda)",0.3
EE,potencias,0,713,1.8707385665806035e-07,142830,30,200,1,discreta_global,"(mu,lambda)",0.3
EE,potencias,0,714,1.8696143222857693e-07,143030,30,200,1,discreta_global,"(mu,lambda)",0.3
EE,potencias,0,715,1.868680218474845e-07,143230,30,200,1,discreta_global,"(mu,lambda)",0.3
EE,potencias,0,716,1.867293909002441e-07,143430,30,200,1,discreta_global,"(mu,lambda)",0.3
EE,potencias,0,717,1.8657040911271005e-07,143630,30,200,1,discreta_global,"(mu,lambda)",0.3
EE,potencias,0,718,1.8632556924011692e-07,143830,30,200,1,discreta_global,"(mu,lambda)",0.3
EE,potencias,0,719,1.861482450238138e-07,144030,30,200,1,discreta_global,"(mu,lambda)",0.3
EE,potencias,0,720,1.859018008300479e-07,144230,30,200,1,discreta_global,"(mu,lambda)",0.3
EE,potencias,0,721,1.8557251192963038e-07,144430,30,200,1,discreta_global,"(mu,lambda)",0.3
EE,potencias,0,722,1.8531587048133772e-07,144630,30,200,1,discreta_global,"(mu,lambda)",0.3
EE,potencias,0,723,1.8487426297257534e-07,144830,30,200,1,discreta_global,"(mu,lambda)",0.3
EE,potencias,0,724,1.8461557686253864e-07,145030,30,200,1,discreta_global,"(mu,lambda)",0.3
EE,potencias,0,725,1.8418202235635777e-07,145230,30,200,1,discreta_global,"(mu,lambda)",0.3
EE,potencias,0,726,1.8389390793474302e-07,145430,30,200,1,discreta_global,"(mu,lambda)",0.3
EE,potencias,0,727,1.8342570034887954e-07,145630,30,200,1,discreta_global,"(mu,lambda)",0.3
EE,potencias,0,728,1.8314874225562614e-07,145830,30,200,1,discreta_global,"(mu,lambda)",0.3
EE,potencias,0,729,1.828660253153525e-07,146030,30,200,1,discreta_global,"(mu,lambda)",0.3
EE,potencias,0,730,1.825017209957544e-07,146230,30,200,1,discreta_global,"(mu,lambda)",0.3
EE,potencias,0,731,1.8230993274630965e-07,146430,30,200,1,discreta_global,"(mu,lambda)",0.3
EE,potencias,0,732,1.8209942432544753e-07,146630,30,200,1,discreta_global,"(mu,lambda)",0.3
EE,potencias,0,733,1.816339264528044e-07,146830,30,200,1,discreta_global,"(mu,lambda)",0.3
EE,potencias,0,734,1.8150074655505056e-07,147030,30,200,1,discreta_global,"(mu,lambda)",0.3
EE,potencias,0,735,1.8143893374379785e-07,147230,30,200,1,discreta_global,"(mu,lambda)",0.3
EE,potencias,0,736,1.8139574311786226e-07,147430,30,200,1,discreta_global,"(mu,lambda)",0.3
EE,potencias,0,737,1.8132585059580732e-07,147630,30,200,1,discreta_global,"(mu,lambda)",0.3
EE,potencias,0,738,1.8122157638006046e-07,147830,30,200,1,discreta_global,"(mu,lambda)",0.3
EE,potencias,0,739,1.8114152439379728e-07,148030,30,200,1,discreta_global,"(mu,lambda)",0.3
EE,potencias,0,740,1.8111551190874085e-07,148230,30,200,1,discreta_global,"(mu,lambda)",0.3
EE,potencias,0,741,1.8105230485167237e-07,148430,30,200,1,discreta_global,"(mu,lambda)",0.3
EE,potencias,0,742,1.8088400209175424e-07,148630,30,200,1,discreta_global,"(mu,lambda)",0.3
EE,potencias,0,743,1.80714756841081e-07,148830,30,200,1,discreta_global,"(mu,lambda)",0.3
EE,potencias,0,744,1.806396489860012e-07,149030,30,200,1,discreta_global,"(mu,lambda)",0.3
EE,potencias,0,745,1.804552461155071e-07,149230,30,200,1,discreta_global,"(mu,lambda)",0.3
EE,potencias,0,746,1.8021293141815922e-07,149430,30,200,1,discreta_global,"(mu,lambda)",0.3
EE,potencias,0,747,1.799598901627541e-07,149630,30,200,1,discreta_global,"(mu,lambda)",0.3
EE,potencias,0,748,1.786576679293366e-07,149830,30,200,1,discreta_global,"(mu,lambda)",0.3
EE,potencias,0,749,1.7832118366882942e-07,150030,30,200,1,discreta_global,"(mu,lambda)",0.3
EE,potencias,0,750,1.782592232407385e-07,150230,30,200,1,discreta_global,"(mu,lambda)",0.3
EE,potencias,0,751,1.7798091726785104e-07,150430,30,200,1,discreta_global,"(mu,lambda)",0.3
EE,potencias,0,752,1.7790426975439592e-07,150630,30,200,1,discreta_global,"(mu,lambda)",0.3
EE,potencias,0,753,1.777906288229803e-07,150830,30,200,1,discreta_global,"(mu,lambda)",0.3
EE,potencias,0,754,1.7768534365618366e-07,151030,30,200,1,discreta_global,"(mu,lambda)",0.3
EE,potencias,0,755,1.7751745286316386e-07,151230,30,200,1,discreta_global,"(mu,lambda)",0.3
EE,potencias,0,756,1.7743426639300458e-07,151430,30,200,1,discreta_global,"(mu,lambda)",0.3
EE,potencias,0,757,1.7713396518182778e-07,151630,30,200,1,discreta_global,"(mu,lambda)",0.3
EE,potencias,0,758,1.7670958403206996e-07,151830,30,200,1,discreta_global,"(mu,lambda)",0.3
EE,potencias,0,759,1.7659468943319013e-07,152030,30,200,1,discreta_global,"(mu,lambda)",0.3
EE,potencias,0,760,1.7639379513574675e-07,152230,30,200,1,discreta_global,"(mu,lambda)",0.3
EE,potencias,0,761,1.7621169601220024e-07,152430,30,200,1,discreta_global,"(mu,lambda)",0.3
EE,potencias,0,762,1.7594283535805842e-07,152630,30,200,1,discreta_global,"(mu,lambda)",0.3
EE,potencias,0,763,1.7526209652675095e-07,152830,30,200,1,discreta_global,"(mu,lambda)",0.3
EE,potencias,0,764,1.7475822410001855e-07,153030,30,200,1,discreta_global,"(mu,lambda)",0.3
EE,potencias,0,765,1.7448439481474404e-07,153230,30,200,1,discreta_global,"(mu,lambda)",0.3
EE,potencias,0,766,1.7409238112559858e-07,153430,30,200,1,discreta_global,"(mu,lambda)",0.3
EE,potencias,0,767,1.738372602025445e-07,153630,30,200,1,discreta_global,"(mu,lambda)",0.3
EE,potencias,0,768,1.737170369755213e-07,153830,30,200,1,discreta_global,"(mu,lambda)",0.3
EE,potencias,0,769,1.7357196575412396e-07,154030,30,200,1,discreta_global,"(mu,lambda)",0.3
EE,potencias,0,770,1.7345632428771247e-07,154230,30,200,1,discreta_global,"(mu,lambda)",0.3
EE,potencias,0,771,1.726105329410322e-07,154430,30,200,1,discreta_global,"(mu,lambda)",0.3
EE,potencias,0,772,1.7248688495053098e-07,154630,30,200,1,discreta_global,"(mu,lambda)",0.3
EE,potencias,0,773,1.7237640713013092e-07,154830,30,200,1,discreta_global,"(mu,lambda)",0.3
EE,potencias,0,774,1.7225109333908525e-07,155030,30,200,1,discreta_global,"(mu,lambda)",0.3
EE,potencias,0,775,1.7211809985026564e-07,155230,30,200,1,discreta_global,"(mu,lambda)",0.3
EE,potencias,0,776,1.7185557244125748e-07,155430,30,200,1,discreta_global,"(mu,lambda)",0.3
EE,potencias,0,777,1.7143047744126558e-07,155630,30,200,1,discreta_global,"(mu,lambda)",0.3
EE,potencias,0,778,1.71472445319886e-07,155830,30,200,1,discreta_global,"(mu,lambda)",0.3
EE,potencias,0,779,1.7141091860065448e-07,156030,30,200,1,discreta_global,"(mu,lambda)",0.3
EE,potencias,0,780,1.7139782286950502e-07,156230,30,200,1,discreta_global,"(mu,lambda)",0.3
EE,potencias,0,781,1.7134734928089473e-07,156430,30,200,1,discreta_global,"(mu,lambda)",0.3
EE,potencias,0,782,1.712846990833216e-07,156630,30,200,1,discreta_global,"(mu,lambda)",0.3
EE,potencias,0,783,1.7116003536252846e-07,156830,30,200,1,discreta_global,"(mu,lambda)",0.3
EE,potencias,0,784,1.710173242433022e-07,157030,30,200,1,discreta_global,"(mu,lambda)",0.3
EE,potencias,0,785,1.7081224897253259e-07,157230,30,200,1,discreta_global,"(mu,lambda)",0.3
EE,potencias,0,786,1.7066651768944445e-07,157430,30,200,1,discreta_global,"(mu,lambda)",0.3
EE,potencias,0,787,1.7033748668243418e-07,157630,30,200,1,discreta_global,"(mu,lambda)",0.3
EE,potencias,0,788,1.7021375457829787e-07,157830,30,200,1,discreta_global,"(mu,lambda)",0.3
EE,potencias,0,789,1.7004164774345837e-07,158030,30,200,1,discreta_global,"(mu,lambda)",0.3
EE,potencias,0,790,1.6992963021355254e-07,158230,30,200,1,discreta_global,"(mu,lambda)",0.3
EE,potencias,0,791,1.6988175608318295e-07,158430,30,200,1,discreta_global,"(mu,lambda)",0.3
EE,potencias,0,792,1.6978841272263644e-07,158630,30,200,1,discreta_global,"(mu,lambda)",0.3
EE,potencias,0,793,1.6962694551386514e-07,158830,30,200,1,discreta_global,"(mu,lambda)",0.3
EE,potencias,0,794,1.693643617235522e-07,159030,30,200,1,discreta_global,"(mu,lambda)",0.3
EE,potencias,0,795,1.6931880078407698e-07,159230,30,200,1,discreta_global,"(mu,lambda)",0.3
EE,potencias,0,796,1.691122569169963e-07,159430,30,200,1,discreta_global,"(mu,lambda)",0.3
EE,potencias,0,797,1.687523879126783e-07,159630,30,200,1,discreta_global,"(mu,lambda)",0.3
EE,potencias,0,798,1.6806896019083452e-07,159830,30,200,1,discreta_global,"(mu,lambda)",0.3
EE,potencias,0,799,1.6798484666217473e-07,160030,30,200,1,discreta_global,"(mu,lambda)",0.3
EE,potencias,0,800,1.6743594899503818e-07,160230,30,200,1,discreta_global,"(mu,lambda)",0.3
EE,potencias,0,801,1.6701937116093104e-07,160430,30,200,1,discreta_global,"(mu,lambda)",0.3
EE,potencias,0,802,1.668281908855237e-07,160630,30,200,1,discreta_global,"(mu,lambda)",0.3
EE,potencias,0,803,1.6636695673703169e-07,160830,30,200,1,discreta_global,"(mu,lambda)",0.3
EE,potencias,0,804,1.6638803745600677e-07,161030,30,200,1,discreta_global,"(mu,lambda)",0.3
EE,potencias,0,805,1.659378074375215e-07,161230,30,200,1,discreta_global,"(mu,lambda)",0.3
EE,potencias,0,806,1.6592040616223853e-07,161430,30,200,1,discreta_global,"(mu,lambda)",0.3
EE,potencias,0,807,1.658343591510801e-07,161630,30,200,1,discreta_global,"(mu,lambda)",0.3
EE,potencias,0,808,1.656271713644626e-07,161830,30,200,1,discreta_global,"(mu,lambda)",0.3
EE,potencias,0,809,1.6547154562876243e-07,162030,30,200,1,discreta_global,"(mu,lambda)",0.3
EE,potencias,0,810,1.6502311492652998e-07,162230,30,200,1,discreta_global,"(mu,lambda)",0.3
EE,potencias,0,811,1.6485224688877496e-07,162430,30,200,1,discreta_global,"(mu,lambda)",0.3
EE,potencias,0,812,1.6463887627603742e-07,162630,30,200,1,discreta_global,"(mu,lambda)",0.3
EE,potencias,0,813,1.646411390576836e-07,162830,30,200,1,discreta_global,"(mu,lambda)",0.3
EE,potencias,0,814,1.6456681568961676e-07,163030,30,200,1,discreta_global,"(mu,lambda)",0.3
EE,potencias,0,815,1.6441569184155733e-07,163230,30,200,1,discreta_global,"(mu,lambda)",0.3
EE,potencias,0,816,1.6431268409581252e-07,163430,30,200,1,discreta_global,"(mu,lambda)",0.3
EE,potencias,0,817,1.6426757006914986e-07,163630,30,200,1,discreta_global,"(mu,lambda)",0.3
EE,potencias,0,818,1.6423347260952383e-07,163830,30,200,1,discreta_global,"(mu,lambda)",0.3
EE,potencias,0,819,1.6408114291800363e-07,164030,30,200,1,discreta_global,"(mu,lambda)",0.3
EE,potencias,0,820,1.639122631678736e-07,164230,30,200,1,discreta_global,"(mu,lambda)",0.3
EE,potencias,0,821,1.6388899969318385e-07,164430,30,200,1,discreta_global,"(mu,lambda)",0.3
EE,potencias,0,822,1.6350455104189999e-07,164630,30,200,1,discreta_global,"(mu,lambda)",0.3
EE,potencias,0,823,1.6334943692599813e-07,164830,30,200,1,discreta_global,"(mu,lambda)",0.3
EE,potencias,0,824,1.6313421265828442e-07,165030,30,200,1,discreta_global,"(mu,lambda)",0.3
EE,potencias,0,825,1.6287875140786813e-07,165230,30,200,1,discreta_global,"(mu,lambda)",0.3
EE,potencias,0,826,1.627206368677513e-07,165430,30,200,1,discreta_global,"(mu,lambda)",0.3
EE,potencias,0,827,1.6254117574642918e-07,165630,30,200,1,discreta_global,"(mu,lambda)",0.3
EE,potencias,0,828,1.6221846605664154e-07,165830,30,200,1,discreta_global,"(mu,lambda)",0.3
EE,potencias,0,829,1.6221738225610177e-07,166030,30,200,1,discreta_global,"(mu,lambda)",0.3
EE,potencias,0,830,1.621748289216842e-07,166230,30,200,1,discreta_global,"(mu,lambda)",0.3
EE,potencias,0,831,1.6208591579719715e-07,166430,30,200,1,discreta_global,"(mu,lambda)",0.3
EE,potencias,0,832,1.62028853179956e-07,166630,30,200,1,discreta_global,"(mu,lambda)",0.3
EE,potencias,0,833,1.617224752608188e-07,166830,30,200,1,discreta_global,"(mu,lambda)",0.3
EE,potencias,0,834,1.6091015121619226e-07,167030,30,200,1,discreta_global,"(mu,lambda)",0.3
EE,potencias,0,835,1.608284095152529e-07,167230,30,200,1,discreta_global,"(mu,lambda)",0.3
EE,potencias,0,836,1.6008473446205698e-07,167430,30,200,1,discreta_global,"(mu,lambda)",0.3
EE,potencias,0,837,1.5997419872810193e-07,167630,30,200,1,discreta_global,"(mu,lambda)",0.3
EE,potencias,0,838,1.5987864131812063e-07,167830,30,200,1,discreta_global,"(mu,lambda)",0.3
EE,potencias,0,839,1.5969056039486129e-07,168030,30,200,1,discreta_global,"(mu,lambda)",0.3
EE,potencias,0,840,1.5949308995197127e-07,168230,30,200,1,discreta_global,"(mu,lambda)",0.3
EE,potencias,0,841,1.5928980514272833e-07,168430,30,200,1,discreta_global,"(mu,lambda)",0.3
EE,potencias,0,842,1.59060655499122e-07,168630,30,200,1,discreta_global,"(mu,lambda)",0.3
EE,potencias,0,843,1.5898694589826053e-07,168830,30,200,1,discreta_global,"(mu,lambda)",0.3
EE,potencias,0,844,1.58951810159435e-07,169030,30,200,1,discreta_global,"(mu,lambda)",0.3
EE,potencias,0,845,1.5887105074175918e-07,169230,30,200,1,discreta_global,"(mu,lambda)",0.3
EE,potencias,0,846,1.588356456425323e-07,169430,30,200,1,discreta_global,"(mu,lambda)",0.3
EE,potencias,0,847,1.5875893261503114e-07,169630,30,200,1,discreta_global,"(mu,lambda)",0.3
EE,potencias,0,848,1.5872871988329877e-07,169830,30,200,1,discreta_global,"(mu,lambda)",0.3
EE,potencias,0,849,1.58662497477003e-07,170030,30,200,1,discreta_global,"(mu,lambda)",0.3
EE,potencias,0,850,1.583399256860058e-07,170230,30,200,1,discreta_global,"(mu,lambda)",0.3
EE,potencias,0,851,1.5835825781907136e-07,170430,30,200,1,discreta_global,"(mu,lambda)",0.3
EE,potencias,0,852,1.583200777165659e-07,170630,30,200,1,discreta_global,"(mu,lambda)",0.3
EE,potencias,0,853,1.5825581585091506e-07,170830,30,200,1,discreta_global,"(mu,lambda)",0.3
EE,potencias,0,854,1.5805405336116032e-07,171030,30,200,1,discreta_global,"(mu,lambda)",0.3
EE,potencias,0,855,1.580381465155333e-07,171230,30,200,1,discreta_global,"(mu,lambda)",0.3
EE,potencias,0,856,1.578141726226156e-07,171430,30,200,1,discreta_global,"(mu,lambda)",0.3
EE,potencias,0,857,1.576420184109916e-07,171630,30,200,1,discreta_global,"(mu,lambda)",0.3
EE,potencias,0,858,1.5754667960923184e-07,171830,30,200,1,discreta_global,"(mu,lambda)",0.3
EE,potencias,0,859,1.5749928296542054e-07,172030,30,200,1,discreta_global,"(mu,lambda)",0.3
EE,potencias,0,860,1.57486403911864e-07,172230,30,200,1,discreta_global,"(mu,lambda)",0.3
EE,potencias,0,861,1.574127745526766e-07,172430,30,200,1,discreta_global,"(mu,lambda)",0.3
EE,potencias,0,862,1.5738936558670887e-07,172630,30,200,1,discreta_global,"(mu,lambda)",0.3
EE,potencias,0,863,1.5734152854980714e-07,172830,30,200,1,discreta_global,"(mu,lambda)",0.3
EE,potencias,0,864,1.5725668264593904e-07,173030,30,200,1,discreta_global,"(mu,lambda)",0.3
EE,potencias,0,865,1.5718062860380866e-07,173230,30,200,1,discreta_global,"(mu,lambda)",0.3
EE,potencias,0,866,1.570094491618249e-07,173430,30,200,1,discreta_global,"(mu,lambda)",0.3
EE,potencias,0,867,1.5698205209844632e-07,173630,30,200,1,discreta_global,"(mu,lambda)",0.3
EE,potencias,0,868,1.5640106219260104e-07,173830,30,200,1,discreta_global,"(mu,lambda)",0.3
EE,potencias,0,869,1.5639185094335976e-07,174030,30,200,1,discreta_global,"(mu,lambda)",0.3
EE,potencias,0,870,1.5631259421748245e-07,174230,30,200,1,discreta_global,"(mu,lambda)",0.3
EE,potencias,0,871,1.5607058779352903e-07,174430,30,200,1,discreta_global,"(mu,lambda)",0.3
EE,potencias,0,872,1.557767557453855e-07,174630,30,200,1,discreta_global,"(mu,lambda)",0.3
EE,potencias,0,873,1.5532419285537128e-07,174830,30,200,1,discreta_global,"(mu,lambda)",0.3
EE,potencias,0,874,1.552044251367102e-07,175030,30,200,1,discreta_global,"(mu,lambda)",0.3
EE,potencias,0,875,1.5510318868690794e-07,175230,30,200,1,discreta_global,"(mu,lambda)",0.3
EE,potencias,0,876,1.5499795847603715e-07,175430,30,200,1,discreta_global,"(mu,lambda)",0.3
EE,potencias,0,877,1.5460587261607005e-07,175630,30,200,1,discreta_global,"(mu,lambda)",0.3
EE,potencias,0,878,1.5441508161848464e-07,175830,30,200,1,discreta_global,"(mu,lambda)",0.3
EE,potencias,0,879,1.5429999318701336e-07,176030,30,200,1,discreta_global,"(mu,lambda)",0.3
EE,potencias,0,880,1.5418879426075187e-07,176230,30,200,1,discreta_global,"(mu,lambda)",0.3
EE,potencias,0,881,1.5392992232105292e-07,176430,30,200,1,discreta_global,"(mu,lambda)",0.3
EE,potencias,0,882,1.536502014688397e-07,176630,30,200,1,discreta_global,"(mu,lambda)",0.3
EE,potencias,0,883,1.5298923796295812e-07,176830,30,200,1,discreta_global,"(mu,lambda)",0.3
EE,potencias,0,884,1.5272744628493306e-07,177030,30,200,1,discreta_global,"(mu,lambda)",0.3
EE,potencias,0,885,1.5244938353550315e-07,177230,30,200,1,discreta_global,"(mu,lambda)",0.3
EE,potencias,0,886,1.5240403579606304e-07,177430,30,200,1,discreta_global,"(mu,lambda)",0.3
EE,potencias,0,887,1.5231550192803912e-07,177630,30,200,1,discreta_global,"(mu,lambda)",0.3
EE,potencias,0,888,1.5231112598994704e-07,177830,30,200,1,discreta_global,"(mu,lambda)",0.3
EE,potencias,0,889,1.5228201629259064e-07,178030,30,200,1,discreta_global,"(mu,lambda)",0.3
EE,potencias,0,890,1.5218105835667652e-07,178230,30,200,1,discreta_global,"(mu,lambda)",0.3
EE,potencias,0,891,1.5216500802969e-07,178430,30,200,1,discreta_global,"(mu,lambda)",0.3
EE,potencias,0,892,1.5207238754971397e-07,178630,30,200,1,discreta_global,"(mu,lambda)",0.3
EE,potencias,0,893,1.5189773134327204e-07,178830,30,200,1,discreta_global,"(mu,lambda)",0.3
EE,potencias,0,894,1.5176325017271114e-07,179030,30,200,1,discreta_global,"(mu,lambda)",0.3
EE,potencias,0,895,1.5164952520653502e-07,179230,30,200,1,discreta_global,"(mu,lambda)",0.3
EE,potencias,0,896,1.5148413862956047e-07,179430,30,200,1,discreta_global,"(mu,lambda)",0.3
EE,potencias,0,897,1.514168493638122e-07,179630,30,200,1,discreta_global,"(mu,lambda)",0.3
EE,potencias,0,898,1.5118648910190274e-07,179830,30,200,1,discreta_global,"(mu,lambda)",0.3
EE,potencias,0,899,1.5098354456598822e-07,180030,30,200,1,discreta_global,"(mu,lambda)",0.3
EE,potencias,0,900,1.5060512008233333e-07,180230,30,200,1,discreta_global,"(mu,lambda)",0.3
EE,potencias,0,901,1.5024487162684053e-07,180430,30,200,1,discreta_global,"(mu,lambda)",0.3
EE,potencias,0,902,1.4997557391127087e-07,180630,30,200,1,discreta_global,"(mu,lambda)",0.3
EE,potencias,0,903,1.4992830839840155e-07,180830,30,200,1,discreta_global,"(mu,lambda)",0.3
EE,potencias,0,904,1.4987062954510428e-07,181030,30,200,1,discreta_global,"(mu,lambda)",0.3
EE,potencias,0,905,1.4978068338056208e-07,181230,30,200,1,discreta_global,"(mu,lambda)",0.3
EE,potencias,0,906,1.4967551578939364e-07,181430,30,200,1,discreta_global,"(mu,lambda)",0.3
EE,potencias,0,907,1.495861183942558e-07,181630,30,200,1,discreta_global,"(mu,lambda)",0.3
EE,potencias,0,908,1.494270538948517e-07,181830,30,200,1,discreta_global,"(mu,lambda)",0.3
EE,potencias,0,909,1.493741852029964e-07,182030,30,200,1,discreta_global,"(mu,lambda)",0.3
EE,potencias,0,910,1.4932891084223984e-07,182230,30,200,1,discreta_global,"(mu,lambda)",0.3
EE,potencias,0,911,1.4919857130501068e-07,182430,30,200,1,discreta_global,"(mu,lambda)",0.3
EE,potencias,0,912,1.491743987895099e-07,182630,30,200,1,discreta_global,"(mu,lambda)",0.3
EE,potencias,0,913,1.4913773202795082e-07,182830,30,200,1,discreta_global,"(mu,lambda)",0.3
EE,potencias,0,914,1.4906132378364542e-07,183030,30,200,1,discreta_global,"(mu,lambda)",0.3
EE,potencias,0,915,1.490201979740482e-07,183230,30,200,1,discreta_global,"(mu,lambda)",0.3
EE,potencias,0,916,1.489033867288918e-07,183430,30,200,1,discreta_global,"(mu,lambda)",0.3
EE,potencias,0,917,1.4879984321590766e-07,183630,30,200,1,discreta_global,"(mu,lambda)",0.3
EE,potencias,0,918,1.4820714412090182e-07,183830,30,200,1,discreta_global,"(mu,lambda)",0.3
EE,potencias,0,919,1.4811470380310773e-07,184030,30,200,1,discreta_global,"(mu,lambda)",0.3
EE,potencias,0,920,1.479508706218845e-07,184230,30,200,1,discreta_global,"(mu,lambda)",0.3
EE,potencias,0,921,1.478934736900311e-07,184430,30,200,1,discreta_global,"(mu,lambda)",0.3
EE,potencias,0,922,1.4771008069801274e-07,184630,30,200,1,discreta_global,"(mu,lambda)",0.3
EE,potencias,0,923,1.472392147991998e-07,184830,30,200,1,discreta_global,"(mu,lambda)",0.3
EE,potencias,0,924,1.4716475924412253e-07,185030,30,200,1,discreta_global,"(mu,lambda)",0.3
EE,potencias,0,925,1.4700727660981124e-07,185230,30,200,1,discreta_global,"(mu,lambda)",0.3
EE,potencias,0,926,1.4653586602585497e-07,185430,30,200,1,discreta_global,"(mu,lambda)",0.3
EE,potencias,0,927,1.4600747721562616e-07,185630,30,200,1,discreta_global,"(mu,lambda)",0.3
EE,potencias,0,928,1.4594795091240833e-07,185830,30,200,1,discreta_global,"(mu,lambda)",0.3
EE,potencias,0,929,1.4571404128884837e-07,186030,30,200,1,discreta_global,"(mu,lambda)",0.3
EE,potencias,0,930,1.455774291961797e-07,186230,30,200,1,discreta_global,"(mu,lambda)",0.3
EE,potencias,0,931,1.4551914732757511e-07,186430,30,200,1,discreta_global,"(mu,lambda)",0.3
EE,potencias,0,932,1.4547101763624202e-07,186630,30,200,1,discreta_global,"(mu,lambda)",0.3
EE,potencias,0,933,1.4536992427396494e-07,186830,30,200,1,discreta_global,"(mu,lambda)",0.3
EE,potencias,0,934,1.4531719114676152e-07,187030,30,200,1,discreta_global,"(mu,lambda)",0.3
EE,potencias,0,935,1.4524658798663545e-07,187230,30,200,1,discreta_global,"(mu,lambda)",0.3
EE,potencias,0,936,1.4518849595563666e-07,187430,30,200,1,discreta_global,"(mu,lambda)",0.3
EE,potencias,0,937,1.4510880783260456e-07,187630,30,200,1,discreta_global,"(mu,lambda)",0.3
EE,potencias,0,938,1.4499315268410624e-07,187830,30,200,1,discreta_global,"(mu,lambda)",0.3
EE,potencias,0,939,1.4478700308511302e-07,188030,30,200,1,discreta_global,"(mu,lambda)",0.3
EE,potencias,0,940,1.4480003010542604e-07,188230,30,200,1,discreta_global,"(mu,lambda)",0.3
EE,potencias,0,941,1.4463872602883625e-07,188430,30,200,1,discreta_global,"(mu,lambda)",0.3
EE,potencias,0,942,1.4447816058615517e-07,188630,30,200,1,discreta_global,"(mu,lambda)",0.3
EE,potencias,0,943,1.4426421937621935e-07,188830,30,200,1,discreta_global,"(mu,lambda)",0.3
EE,potencias,0,944,1.4406306295788963e-07,189030,30,200,1,discreta_global,"(mu,lambda)",0.3
EE,potencias,0,945,1.4382106946581202e-07,189230,30,200,1,discreta_global,"(mu,lambda)",0.3
EE,potencias,0,946,1.4355249789514372e-07,189430,30,200,1,discreta_global,"(mu,lambda)",0.3
EE,potencias,0,947,1.4340260307751338e-07,189630,30,200,1,discreta_global,"(mu,lambda)",0.3
EE,potencias,0,948,1.4283406725415594e-07,189830,30,200,1,discreta_global,"(mu,lambda)",0.3
EE,potencias,0,949,1.4284170336564907e-07,190030,30,200,1,discreta_global,"(mu,lambda)",0.3
EE,potencias,0,950,1.4281381037137683e-07,190230,30,200,1,discreta_global,"(mu,lambda)",0.3
EE,potencias,0,951,1.4273776999450477e-07,190430,30,200,1,discreta_global,"(mu,lambda)",0.3
EE,potencias,0,952,1.4271143049037044e-07,190630,30,200,1,discreta_global,"(mu,lambda)",0.3
EE,potencias,0,953,1.4267078334148755e-07,190830,30,200,1,discreta_global,"(mu,lambda)",0.3
EE,potencias,0,954,1.4259527446540694e-07,191030,30,200,1,discreta_global,"(mu,lambda)",0.3
EE,potencias,0,955,1.4258992495657082e-07,191230,30,200,1,discreta_global,"(mu,lambda)",0.3
EE,potencias,0,956,1.4252859053233918e-07,191430,30,200,1,discreta_global,"(mu,lambda)",0.3
EE,potencias,0,957,1.4244424351935466e-07,191630,30,200,1,discreta_global,"(mu,lambda)",0.3
EE,potencias,0,958,1.4234903304871328e-07,191830,30,200,1,discreta_global,"(mu,lambda)",0.3
EE,potencias,0,959,1.4233244914261967e-07,192030,30,200,1,discreta_global,"(mu,lambda)",0.3
EE,potencias,0,960,1.4220060383133653e-07,192230,30,200,1,discreta_global,"(mu,lambda)",0.3
EE,potencias,0,961,1.41903756183994e-07,192430,30,200,1,discreta_global,"(mu,lambda)",0.3
EE,potencias,0,962,1.418257104317355e-07,192630,30,200,1,discreta_global,"(mu,lambda)",0.3
EE,potencias,0,963,1.4177369872831066e-07,192830,30,200,1,discreta_global,"(mu,lambda)",0.3
EE,potencias,0,964,1.4175760683874755e-07,193030,30,200,1,discreta_global,"(mu,lambda)",0.3
EE,potencias,0,965,1.4172186225527228e-07,193230,30,200,1,discreta_global,"(mu,lambda)",0.3
EE,potencias,0,966,1.4142542994935877e-07,193430,30,200,1,discreta_global,"(mu,lambda)",0.3
EE,potencias,0,967,1.4137136322878616e-07,193630,30,200,1,discreta_global,"(mu,lambda)",0.3
EE,potencias,0,968,1.4135378482986393e-07,193830,30,200,1,discreta_global,"(mu,lambda)",0.3
EE,potencias,0,969,1.410283452007196e-07,194030,30,200,1,discreta_global,"(mu,lambda)",0.3
EE,potencias,0,970,1.409810672006212e-07,194230,30,200,1,discreta_global,"(mu,lambda)",0.3
EE,potencias,0,971,1.4087771038162607e-07,194430,30,200,1,discreta_global,"(mu,lambda)",0.3
EE,potencias,0,972,1.4060901412328648e-07,194630,30,200,1,discreta_global,"(mu,lambda)",0.3
EE,potencias,0,973,1.4054785470563162e-07,194830,30,200,1,discreta_global,"(mu,lambda)",0.3
EE,potencias,0,974,1.4028310259774796e-07,195030,30,200,1,discreta_global,"(mu,lambda)",0.3
EE,potencias,0,975,1.4013581986568314e-07,195230,30,200,1,discreta_global,"(mu,lambda)",0.3
EE,potencias,0,976,1.4005801791151876e-07,195430,30,200,1,discreta_global,"(mu,lambda)",0.3
EE,potencias,0,977,1.3994986147493813e-07,195630,30,200,1,discreta_global,"(mu,lambda)",0.3
EE,potencias,0,978,1.396318189594763e-07,195830,30,200,1,discreta_global,"(mu,lambda)",0.3
EE,potencias,0,979,1.396318076398026e-07,196030,30,200,1,discreta_global,"(mu,lambda)",0.3
EE,potencias,0,980,1.3959009262533495e-07,196230,30,200,1,discreta_global,"(mu,lambda)",0.3
EE,potencias,0,981,1.393947462461312e-07,196430,30,200,1,discreta_global,"(mu,lambda)",0.3
EE,potencias,0,982,1.393363398951935e-07,196630,30,200,1,discreta_global,"(mu,lambda)",0.3
EE,potencias,0,983,1.3916118518613443e-07,196830,30,200,1,discreta_global,"(mu,lambda)",0.3
EE,potencias,0,984,1.3895678780392902e-07,197030,30,200,1,discreta_global,"(mu,lambda)",0.3
EE,potencias,0,985,1.3865066060800557e-07,197230,30,200,1,discreta_global,"(mu,lambda)",0.3
EE,potencias,0,986,1.3793205615504955e-07,197430,30,200,1,discreta_global,"(mu,lambda)",0.3
EE,potencias,0,987,1.3712082294587128e-07,197630,30,200,1,discreta_global,"(mu,lambda)",0.3
EE,potencias,0,988,1.3701718447388907e-07,197830,30,200,1,discreta_global,"(mu,lambda)",0.3
EE,potencias,0,989,1.3686147321884398e-07,198030,30,200,1,discreta_global,"(mu,lambda)",0.3
EE,potencias,0,990,1.368057020293101e-07,198230,30,200,1,discreta_global,"(mu,lambda)",0.3
EE,potencias,0,991,1.3672595542875384e-07,198430,30,200,1,discreta_global,"(mu,lambda)",0.3
EE,potencias,0,992,1.366790496843535e-07,198630,30,200,1,discreta_global,"(mu,lambda)",0.3
EE,potencias,0,993,1.3653636519608927e-07,198830,30,200,1,discreta_global,"(mu,lambda)",0.3
EE,potencias,0,994,1.3647089676167733e-07,199030,30,200,1,discreta_global,"(mu,lambda)",0.3
EE,potencias,0,995,1.3635713379343004e-07,199230,30,200,1,discreta_global,"(mu,lambda)",0.3
EE,potencias,0,996,1.3604118940408447e-07,199430,30,200,1,discreta_global,"(mu,lambda)",0.3
EE,potencias,0,997,1.3583992528825973e-07,199630,30,200,1,discreta_global,"(mu,lambda)",0.3
EE,potencias,0,998,1.3538247194564622e-07,199830,30,200,1,discreta_global,"(mu,lambda)",0.3
EE,potencias,0,999,1.352182362675467e-07,200030,30,200,1,discreta_global,"(mu,lambda)",0.3
EE,potencias,0,1000,1.3455207508774746e-07,200230,30,200,1,discreta_global,"(mu,lambda)",0.3
EE,potencias,0,1001,1.3442629425505705e-07,200430,30,200,1,discreta_global,"(mu,lambda)",0.3
EE,potencias,0,1002,1.340937953700525e-07,200630,30,200,1,discreta_global,"(mu,lambda)",0.3
EE,potencias,0,1003,1.3337486203088437e-07,200830,30,200,1,discreta_global,"(mu,lambda)",0.3
EE,potencias,0,1004,1.3327460076153483e-07,201030,30,200,1,discreta_global,"(mu,lambda)",0.3
EE,potencias,0,1005,1.3319897644109934e-07,201230,30,200,1,discreta_global,"(mu,lambda)",0.3
EE,potencias,0,1006,1.3313406804999396e-07,201430,30,200,1,discreta_global,"(mu,lambda)",0.3
EE,potencias,0,1007,1.32991840799662e-07,201630,30,200,1,discreta_global,"(mu,lambda)",0.3
EE,potencias,0,1008,1.3292606376352624e-07,201830,30,200,1,discreta_global,"(mu,lambda)",0.3
EE,potencias,0,1009,1.3282630218417888e-07,202030,30,200,1,discreta_global,"(mu,lambda)",0.3
EE,potencias,0,1010,1.3266212909179642e-07,202230,30,200,1,discreta_global,"(mu,lambda)",0.3
EE,potencias,0,1011,1.3256629972369142e-07,202430,30,200,1,discreta_global,"(mu,lambda)",0.3
EE,potencias,0,1012,1.3243137965924434e-07,202630,30,200,1,discreta_global,"(mu,lambda)",0.3
EE,potencias,0,1013,1.3223698875901403e-07,202830,30,200,1,discreta_global,"(mu,lambda)",0.3
EE,potencias,0,1014,1.3224838254265652e-07,203030,30,200,1,discreta_global,"(mu,lambda)",0.3
EE,potencias,0,1015,1.3214635487824715e-07,203230,30,200,1,discreta_global,"(mu,lambda)",0.3
EE,potencias,0,1016,1.318259945135175e-07,203430,30,200,1,discreta_global,"(mu,lambda)",0.3
EE,potencias,0,1017,1.3171678358668604e-07,203630,30,200,1,discreta_global,"(mu,lambda)",0.3
EE,potencias,0,1018,1.3162828120518521e-07,203830,30,200,1,discreta_global,"(mu,lambda)",0.3
EE,potencias,0,1019,1.3142778229557996e-07,204030,30,200,1,discreta_global,"(mu,lambda)",0.3
EE,potencias,0,1020,1.3090825713192343e-07,204230,30,200,1,discreta_global,"(mu,lambda)",0.3
EE,potencias,0,1021,1.3082830970702448e-07,204430,30,200,1,discreta_global,"(mu,lambda)",0.3
EE,potencias,0,1022,1.307536681087186e-07,204630,30,200,1,discreta_global,"(mu,lambda)",0.3
EE,potencias,0,1023,1.306505271582939e-07,204830,30,200,1,discreta_global,"(mu,lambda)",0.3
EE,potencias,0,1024,1.3053225015404377e-07,205030,30,200,1,discreta_global,"(mu,lambda)",0.3
EE,potencias,0,1025,1.304415673865738e-07,205230,30,200,1,discreta_global,"(mu,lambda)",0.3
EE,potencias,0,1026,1.3035899683027395e-07,205430,30,200,1,discreta_global,"(mu,lambda)",0.3
EE,potencias,0,1027,1.302719175922746e-07,205630,30,200,1,discreta_global,"(mu,lambda)",0.3
EE,potencias,0,1028,1.301309527326707e-07,205830,30,200,1,discreta_global,"(mu,lambda)",0.3
EE,potencias,0,1029,1.3007812055415073e-07,206030,30,200,1,discreta_global,"(mu,lambda)",0.3
EE,potencias,0,1030,1.2989023510813984e-07,206230,30,200,1,discreta_global,"(mu,lambda)",0.3
EE,potencias,0,1031,1.2986311671567037e-07,206430,30,200,1,discreta_global,"(mu,lambda)",0.3
EE,potencias,0,1032,1.2968203211325597e-07,206630,30,200,1,discreta_global,"(mu,lambda)",0.3
EE,potencias,0,1033,1.2966350674817253e-07,206830,30,200,1,discreta_global,"(mu,lambda)",0.3
EE,potencias,0,1034,1.2951886344285417e-07,207030,30,200,1,discreta_global,"(mu,lambda)",0.3
EE,potencias,0,1035,1.2942984740407939e-07,207230,30,200,1,discreta_global,"(mu,lambda)",0.3
EE,potencias,0,1036,1.2939020663917157e-07,207430,30,200,1,discreta_global,"(mu,lambda)",0.3
EE,potencias,0,1037,1.2914235540986084e-07,207630,30,200,1,discreta_global,"(mu,lambda)",0.3
EE,potencias,0,1038,1.2913041567532266e-07,207830,30,200,1,discreta_global,"(mu,lambda)",0.3
EE,potencias,0,1039,1.2885722190766776e-07,208030,30,200,1,discreta_global,"(mu,lambda)",0.3
EE,potencias,0,1040,1.2866040605965879e-07,208230,30,200,1,discreta_global,"(mu,lambda)",0.3
EE,potencias,0,1041,1.286001593288116e-07,208430,30,200,1,discreta_global,"(mu,lambda)",0.3
EE,potencias,0,1042,1.2822123235256154e-07,208630,30,200,1,discreta_global,"(mu,lambda)",0.3
EE,potencias,0,1043,1.2820259996189244e-07,208830,30,200,1,discreta_global,"(mu,lambda)",0.3
EE,potencias,0,1044,1.281667361592695e-07,209030,30,200,1,discreta_global,"(mu,lambda)",0.3
EE,potencias,0,1045,1.2806864046446088e-07,209230,30,200,1,discreta_global,"(mu,lambda)",0.3
EE,potencias,0,1046,1.2804597362129424e-07,209430,30,200,1,discreta_global,"(mu,lambda)",0.3
EE,potencias,0,1047,1.2796158986962756e-07,209630,30,200,1,discreta_global,"(mu,lambda)",0.3
EE,potencias,0,1048,1.2784470951896215e-07,209830,30,200,1,discreta_global,"(mu,lambda)",0.3
EE,potencias,0,1049,1.2772865587906346e-07,210030,30,200,1,discreta_global,"(mu,lambda)",0.3
EE,potencias,0,1050,1.2654318620883148e-07,210230,30,200,1,discreta_global,"(mu,lambda)",0.3
EE,potencias,0,1051,1.2642620520916216e-07,210430,30,200,1,discreta_global,"(mu,lambda)",0.3
EE,potencias,0,1052,1.2608846455350803e-07,210630,30,200,1,discreta_global,"(mu,lambda)",0.3
EE,potencias,0,1053,1.2592546106685693e-07,210830,30,200,1,discreta_global,"(mu,lambda)",0.3
EE,potencias,0,1054,1.257052280133715e-07,211030,30,200,1,discreta_global,"(mu,lambda)",0.3
EE,potencias,0,1055,1.2564764843972697e-07,211230,30,200,1,discreta_global,"(mu,lambda)",0.3
EE,potencias,0,1056,1.25586059222765e-07,211430,30,200,1,discreta_global,"(mu,lambda)",0.3
EE,potencias,0,1057,1.2515814048524394e-07,211630,30,200,1,discreta_global,"(mu,lambda)",0.3
EE,potencias,0,1058,1.250958114474611e-07,211830,30,200,1,discreta_global,"(mu,lambda)",0.3
EE,potencias,0,1059,1.250044707595101e-07,212030,30,200,1,discreta_global,"(mu,lambda)",0.3
EE,potencias,0,1060,1.2419481770319344e-07,212230,30,200,1,discreta_global,"(mu,lambda)",0.3
EE,potencias,0,1061,1.2384651892425377e-07,212430,30,200,1,discreta_global,"(mu,lambda)",0.3
EE,potencias,0,1062,1.2383792562035377e-07,212630,30,200,1,discreta_global,"(mu,lambda)",0.3
EE,potencias,0,1063,1.2377178350680261e-07,212830,30,200,1,discreta_global,"(mu,lambda)",0.3
EE,potencias,0,1064,1.236453054292498e-07,213030,30,200,1,discreta_global,"(mu,lambda)",0.3
EE,potencias,0,1065,1.235228363377012e-07,213230,30,200,1,discreta_global,"(mu,lambda)",0.3
EE,potencias,0,1066,1.23186060345379e-07,213430,30,200,1,discreta_global,"(mu,lambda)",0.3
EE,potencias,0,1067,1.2310899638385972e-07,213630,30,200,1,discreta_global,"(mu,lambda)",0.3
EE,potencias,0,1068,1.2289677956111717e-07,213830,30,200,1,discreta_global,"(mu,lambda)",0.3
EE,potencias,0,1069,1.228175255096355e-07,214030,30,200,1,discreta_global,"(mu,lambda)",0.3
EE,potencias,0,1070,1.2254336612005812e-07,214230,30,200,1,discreta_global,"(mu,lambda)",0.3
EE,potencias,0,1071,1.2248492949609466e-07,214430,30,200,1,discreta_global,"(mu,lambda)",0.3
EE,potencias,0,1072,1.224657075617892e-07,214630,30,200,1,discreta_global,"(mu,lambda)",0.3
EE,potencias,0,1073,1.2245080120135983e-07,214830,30,200,1,discreta_global,"(mu,lambda)",0.3
EE,potencias,0,1074,1.2229923141794516e-07,215030,30,200,1,discreta_global,"(mu,lambda)",0.3
EE,potencias,0,1075,1.2214983389465822e-07,215230,30,200,1,discreta_global,"(mu,lambda)",0.3
EE,potencias,0,1076,1.2192950685397503e-07,215430,30,200,1,discreta_global,"(mu,lambda)",0.3
EE,potencias,0,1077,1.2186381141064982e-07,215630,30,200,1,discreta_global,"(mu,lambda)",0.3
EE,potencias,0,1078,1.2165458565112068e-07,215830,30,200,1,discreta_global,"(mu,lambda)",0.3
EE,potencias,0,1079,1.2165226760120572e-07,216030,30,200,1,discreta_global,"(mu,lambda)",0.3
EE,potencias,0,1080,1.215951009161295e-07,216230,30,200,1,discreta_global,"(mu,lambda)",0.3
EE,potencias,0,1081,1.2114921439670037e-07,216430,30,200,1,discreta_global,"(mu,lambda)",0.3
EE,potencias,0,1082,1.2112609607837662e-07,216630,30,200,1,discreta_global,"(mu,lambda)",0.3
EE,potencias,0,1083,1.2105071619041104e-07,216830,30,200,1,discreta_global,"(mu,lambda)",0.3
EE,potencias,0,1084,1.21014775400465e-07,217030,30,200,1,discreta_global,"(mu,lambda)",0.3
EE,potencias,0,1085,1.2083108218445753e-07,217230,30,200,1,discreta_global,"(mu,lambda)",0.3
EE,potencias,0,1086,1.2083491369930882e-07,217430,30,200,1,discreta_global,"(mu,lambda)",0.3
EE,potencias,0,1087,1.2072917529504452e-07,217630,30,200,1,discreta_global,"(mu,lambda)",0.3
EE,potencias,0,1088,1.2062438371170085e-07,217830,30,200,1,discreta_global,"(mu,lambda)",0.3
EE,potencias,0,1089,1.2028394119567998e-07,218030,30,200,1,discreta_global,"(mu,lambda)",0.3
EE,potencias,0,1090,1.2024332737574082e-07,218230,30,200,1,discreta_global,"(mu,lambda)",0.3
EE,potencias,0,1091,1.2022590070528271e-07,218430,30,200,1,discreta_global,"(mu,lambda)",0.3
EE,potencias,0,1092,1.2007720108271402e-07,218630,30,200,1,discreta_global,"(mu,lambda)",0.3
EE,potencias,0,1093,1.2005215383556147e-07,218830,30,200,1,discreta_global,"(mu,lambda)",0.3
EE,potencias,0,1094,1.19895427145056e-07,219030,30,200,1,discreta_global,"(mu,lambda)",0.3
EE,potencias,0,1095,1.19817569317481e-07,219230,30,200,1,discreta_global,"(mu,lambda)",0.3
EE,potencias,0,1096,1.1978715734026918e-07,219430,30,200,1,discreta_global,"(mu,lambda)",0.3
EE,potencias,0,1097,1.1969080168136757e-07,219630,30,200,1,discreta_global,"(mu,lambda)",0.3
EE,potencias,0,1098,1.1962733335546432e-07,219830,30,200,1,discreta_global,"(mu,lambda)",0.3
EE,potencias,0,1099,1.1956735799846288e-07,220030,30,200,1,discreta_global,"(mu,lambda)",0.3
EE,potencias,0,1100,1.1951501035775475e-07,220230,30,200,1,discreta_global,"(mu,lambda)",0.3
EE,potencias,0,1101,1.1942136907077274e-07,220430,30,200,1,discreta_global,"(mu,lambda)",0.3
EE,potencias,0,1102,1.193977907155133e-07,220630,30,200,1,discreta_global,"(mu,lambda)",0.3
EE,potencias,0,1103,1.193894232567642e-07,220830,30,200,1,discreta_global,"(mu,lambda)",0.3
EE,potencias,0,1104,1.1936866918167293e-07,221030,30,200,1,discreta_global,"(mu,lambda)",0.3
EE,potencias,0,1105,1.1935564635214642e-07,221230,30,200,1,discreta_global,"(mu,lambda)",0.3
EE,potencias,0,1106,1.1934984238917257e-07,221430,30,200,1,discreta_global,"(mu,lambda)",0.3
EE,potencias,0,1107,1.1933203117712534e-07,221630,30,200,1,discreta_global,"(mu,lambda)",0.3
EE,potencias,0,1108,1.1929952075148387e-07,221830,30,200,1,discreta_global,"(mu,lambda)",0.3
EE,potencias,0,1109,1.192694775543826e-07,222030,30,200,1,discreta_global,"(mu,lambda)",0.3
EE,potencias,0,1110,1.1926528659075641e-07,222230,30,200,1,discreta_global,"(mu,lambda)",0.3
EE,potencias,0,1111,1.1922779169959153e-07,222430,30,200,1,discreta_global,"(mu,lambda)",0.3
EE,potencias,0,1112,1.1916218597545406e-07,222630,30,200,1,discreta_global,"(mu,lambda)",0.3
EE,potencias,0,1113,1.1912594767557e-07,222830,30,200,1,discreta_global,"(mu,lambda)",0.3
EE,potencias,0,1114,1.1909828643168857e-07,223030,30,200,1,discreta_global,"(mu,lambda)",0.3
EE,potencias,0,1115,1.1906094896001885e-07,223230,30,200,1,discreta_global,"(mu,lambda)",0.3
EE,potencias,0,1116,1.190141192913219e-07,223430,30,200,1,discreta_global,"(mu,lambda)",0.3
EE,potencias,0,1117,1.1893591496178094e-07,223630,30,200,1,discreta_global,"(mu,lambda)",0.3
EE,potencias,0,1118,1.1892479628782298e-07,223830,30,200,1,discreta_global,"(mu,lambda)",0.3
EE,potencias,0,1119,1.1889208346786958e-07,224030,30,200,1,discreta_global,"(mu,lambda)",0.3
EE,potencias,0,1120,1.188710450887085e-07,224230,30,200,1,discreta_global,"(mu,lambda)",0.3
EE,potencias,0,1121,1.1880416224142232e-07,224430,30,200,1,discreta_global,"(mu,lambda)",0.3
EE,potencias,0,1122,1.1877831271955804e-07,224630,30,200,1,discreta_global,"(mu,lambda)",0.3
EE,potencias,0,1123,1.1874891322107041e-07,224830,30,200,1,discreta_global,"(mu,lambda)",0.3
EE,potencias,0,1124,1.1869495902757451e-07,225030,30,200,1,discreta_global,"(mu,lambda)",0.3
EE,potencias,0,1125,1.1865168285875111e-07,225230,30,200,1,discreta_global,"(mu,lambda)",0.3
EE,potencias,0,1126,1.1860435906016627e-07,225430,30,200,1,discreta_global,"(mu,lambda)",0.3
EE,potencias,0,1127,1.1856330845489812e-07,225630,30,200,1,discreta_global,"(mu,lambda)",0.3
EE,potencias,0,1128,1.1854211432319392e-07,225830,30,200,1,discreta_global,"(mu,lambda)",0.3
EE,potencias,0,1129,1.185073098192484e-07,226030,30,200,1,discreta_global,"(mu,lambda)",0.3
EE,potencias,0,1130,1.1849534359842359e-07,226230,30,200,1,discreta_global,"(mu,lambda)",0.3
EE,potencias,0,1131,1.1846154000124861e-07,226430,30,200,1,discreta_global,"(mu,lambda)",0.3
EE,potencias,0,1132,1.1842250049293911e-07,226630,30,200,1,discreta_global,"(mu,lambda)",0.3
EE,potencias,0,1133,1.1837234942546722e-07,226830,30,200,1,discreta_global,"(mu,lambda)",0.3
EE,potencias,0,1134,1.1814605749682193e-07,227030,30,200,1,discreta_global,"(mu,lambda)",0.3
EE,potencias,0,1135,1.1797002234060209e-07,227230,30,200,1,discreta_global,"(mu,lambda)",0.3
EE,potencias,0,1136,1.1773100609313841e-07,227430,30,200,1,discreta_global,"(mu,lambda)",0.3
EE,potencias,0,1137,1.1764446427847691e-07,227630,30,200,1,discreta_global,"(mu,lambda)",0.3
EE,potencias,0,1138,1.1744022704889175e-07,227830,30,200,1,discreta_global,"(mu,lambda)",0.3
EE,potencias,0,1139,1.1717107940482158e-07,228030,30,200,1,discreta_global,"(mu,lambda)",0.3
EE,potencias,0,1140,1.1680987480915552e-07,228230,30,200,1,discreta_global,"(mu,lambda)",0.3
EE,potencias,0,1141,1.166628579947239e-07,228430,30,200,1,discreta_global,"(mu,lambda)",0.3
EE,potencias,0,1142,1.1648387893094349e-07,228630,30,200,1,discreta_global,"(mu,lambda)",0.3
EE,potencias,0,1143,1.1631699342883433e-07,228830,30,200,1,discreta_global,"(mu,lambda)",0.3
EE,potencias,0,1144,1.1620357748790335e-07,229030,30,200,1,discreta_global,"(mu,lambda)",0.3
EE,potencias,0,1145,1.1613349294620424e-07,229230,30,200,1,discreta_global,"(mu,lambda)",0.3
EE,potencias,0,1146,1.1608394878657108e-07,229430,30,200,1,discreta_global,"(mu,lambda)",0.3
EE,potencias,0,1147,1.1600722680151574e-07,229630,30,200,1,discreta_global,"(mu,lambda)",0.3
EE,potencias,0,1148,1.1594909851549957e-07,229830,30,200,1,discreta_global,"(mu,lambda)",0.3
EE,potencias,0,1149,1.1589014155981928e-07,230030,30,200,1,discreta_global,"(mu,lambda)",0.3
EE,potencias,0,1150,1.1582039165889282e-07,230230,30,200,1,discreta_global,"(mu,lambda)",0.3
EE,potencias,0,1151,1.1569124678955348e-07,230430,30,200,1,discreta_global,"(mu,lambda)",0.3
EE,potencias,0,1152,1.1565253110370038e-07,230630,30,200,1,discreta_global,"(mu,lambda)",0.3
EE,potencias,0,1153,1.1554076242794529e-07,230830,30,200,1,discreta_global,"(mu,lambda)",0.3
EE,potencias,0,1154,1.154722737382749e-07,231030,30,200,1,discreta_global,"(mu,lambda)",0.3
EE,potencias,0,1155,1.1545938754730551e-07,231230,30,200,1,discreta_global,"(mu,lambda)",0.3
EE,potencias,0,1156,1.1540226793816097e-07,231430,30,200,1,discreta_global,"(mu,lambda)",0.3
EE,potencias,0,1157,1.1535354314146612e-07,231630,30,200,1,discreta_global,"(mu,lambda)",0.3
EE,potencias,0,1158,1.1531587256552264e-07,231830,30,200,1,discreta_global,"(mu,lambda)",0.3
EE,potencias,0,1159,1.1526950351616431e-07,232030,30,200,1,discreta_global,"(mu,lambda)",0.3
EE,potencias,0,1160,1.1511600633318353e-07,232230,30,200,1,discreta_global,"(mu,lambda)",0.3
EE,potencias,0,1161,1.1502273253473471e-07,232430,30,200,1,discreta_global,"(mu,lambda)",0.3
EE,potencias,0,1162,1.1500958877646306e-07,232630,30,200,1,discreta_global,"(mu,lambda)",0.3
EE,potencias,0,1163,1.1491723799290243e-07,232830,30,200,1,discreta_global,"(mu,lambda)",0.3
EE,potencias,0,1164,1.148346303246105e-07,233030,30,200,1,discreta_global,"(mu,lambda)",0.3
EE,potencias,0,1165,1.1478804169484255e-07,233230,30,200,1,discreta_global,"(mu,lambda)",0.3
EE,potencias,0,1166,1.1471472944011033e-07,233430,30,200,1,discreta_global,"(mu,lambda)",0.3
EE,potencias,0,1167,1.146706740288059e-07,233630,30,200,1,discreta_global,"(mu,lambda)",0.3
EE,potencias,0,1168,1.1459628924461326e-07,233830,30,200,1,discreta_global,"(mu,lambda)",0.3
EE,potencias,0,1169,1.1455188948055833e-07,234030,30,200,1,discreta_global,"(mu,lambda)",0.3
EE,potencias,0,1170,1.1444061810147335e-07,234230,30,200,1,discreta_global,"(mu,lambda)",0.3
EE,potencias,0,1171,1.1433062962470135e-07,234430,30,200,1,discreta_global,"(mu,lambda)",0.3
EE,potencias,0,1172,1.1429854216519774e-07,234630,30,200,1,discreta_global,"(mu,lambda)",0.3
EE,potencias,0,1173,1.1427046336856893e-07,234830,30,200,1,discreta_global,"(mu,lambda)",0.3
EE,potencias,0,1174,1.1424430249490999e-07,235030,30,200,1,discreta_global,"(mu,lambda)",0.3
EE,potencias,0,1175,1.1419280730823196e-07,235230,30,200,1,discreta_global,"(mu,lambda)",0.3
EE,potencias,0,1176,1.1403292843729705e-07,235430,30,200,1,discreta_global,"(mu,lambda)",0.3
EE,potencias,0,1177,1.1402562139831493e-07,235630,30,200,1,discreta_global,"(mu,lambda)",0.3
EE,potencias,0,1178,1.1401530774810148e-07,235830,30,200,1,discreta_global,"(mu,lambda)",0.3
EE,potencias,0,1179,1.1391665601896358e-07,236030,30,200,1,discreta_global,"(mu,lambda)",0.3
EE,potencias,0,1180,1.138140251029984e-07,236230,30,200,1,discreta_global,"(mu,lambda)",0.3
EE,potencias,0,1181,1.1367519389562082e-07,236430,30,200,1,discreta_global,"(mu,lambda)",0.3
EE,potencias,0,1182,1.1356595500833157e-07,236630,30,200,1,discreta_global,"(mu,lambda)",0.3
EE,potencias,0,1183,1.1349562649286935e-07,236830,30,200,1,discreta_global,"(mu,lambda)",0.3
EE,potencias,0,1184,1.1344408623297824e-07,237030,30,200,1,discreta_global,"(mu,lambda)",0.3
EE,potencias,0,1185,1.1334423384275913e-07,237230,30,200,1,discreta_global,"(mu,lambda)",0.3
EE,potencias,0,1186,1.1325009021073048e-07,237430,30,200,1,discreta_global,"(mu,lambda)",0.3
EE,potencias,0,1187,1.132115933242202e-07,237630,30,200,1,discreta_global,"(mu,lambda)",0.3
EE,potencias,0,1188,1.1316149247469047e-07,237830,30,200,1,discreta_global,"(mu,lambda)",0.3
EE,potencias,0,1189,1.1309119699829739e-07,238030,30,200,1,discreta_global,"(mu,lambda)",0.3
EE,potencias,0,1190,1.1282718370395693e-07,238230,30,200,1,discreta_global,"(mu,lambda)",0.3
EE,potencias,0,1191,1.1267603789443423e-07,238430,30,200,1,discreta_global,"(mu,lambda)",0.3
EE,potencias,0,1192,1.1245956422160087e-07,238630,30,200,1,discreta_global,"(mu,lambda)",0.3
EE,potencias,0,1193,1.1236789757358647e-07,238830,30,200,1,discreta_global,"(mu,lambda)",0.3
EE,potencias,0,1194,1.1230443307802761e-07,239030,30,200,1,discreta_global,"(mu,lambda)",0.3
EE,potencias,0,1195,1.1217216621043483e-07,239230,30,200,1,discreta_global,"(mu,lambda)",0.3
EE,potencias,0,1196,1.1211596907284515e-07,239430,30,200,1,discreta_global,"(mu,lambda)",0.3
EE,potencias,0,1197,1.1199002865295223e-07,239630,30,200,1,discreta_global,"(mu,lambda)",0.3
EE,potencias,0,1198,1.1197506980325452e-07,239830,30,200,1,discreta_global,"(mu,lambda)",0.3
EE,potencias,0,1199,1.119146360912346e-07,240030,30,200,1,discreta_global,"(mu,lambda)",0.3
EE,potencias,1,0,344756.48207843304,230,30,200,1,discreta_global,"(mu,lambda)",0.3
EE,potencias,1,1,14935.985696651023,430,30,200,1,discreta_global,"(mu,lambda)",0.3
EE,potencias,1,2,1531.365548793288,630,30,200,1,discreta_global,"(mu,lambda)",0.3
EE,potencias,1,3,2968.2715309832583,830,30,200,1,discreta_global,"(mu,lambda)",0.3
EE,potencias,1,4,606.6997041892165,1030,30,200,1,discreta_global,"(mu,lambda)",0.3
EE,potencias,1,5,133.89798057780587,1230,30,200,1,discreta_global,"(mu,lambda)",0.3
EE,potencias,1,6,13.68968132872605,1430,30,200,1,discreta_global,"(mu,lambda)",0.3
EE,potencias,1,7,5.042444997850424,1630,30,200,1,discreta_global,"(mu,lambda)",0.3
EE,potencias,1,8,0.8216985921622125,1830,30,200,1,discreta_global,"(mu,lambda)",0.3
EE,potencias,1,9,0.42207488870592513,2030,30,200,1,discreta_global,"(mu,lambda)",0.3
EE,potencias,1,10,0.2037488124285905,2230,30,200,1,discreta_global,"(mu,lambda)",0.3
EE,potencias,1,11,0.10647661163102083,2430,30,200,1,discreta_global,"(mu,lambda)",0.3
EE,potencias,1,12,0.002733310677590151,2630,30,200,1,discreta_global,"(mu,lambda)",0.3
EE,potencias,1,13,0.007006197747065437,2830,30,200,1,discreta_global,"(mu,lambda)",0.3
EE,potencias,1,14,0.0021900903875863194,3030,30,200,1,discreta_global,"(mu,lambda)",0.3
EE,potencias,1,15,0.001024189669482707,3230,30,200,1,discreta_global,"(mu,lambda)",0.3
EE,potencias,1,16,0.00040892983611713775,3430,30,200,1,discreta_global,"(mu,lambda)",0.3
EE,potencias,1,17,0.00011290268796056731,3630,30,200,1,discreta_global,"(mu,lambda)",0.3
EE,potencias,1,18,2.309421631516586e-05,3830,30,200,1,discreta_global,"(mu,lambda)",0.3
EE,potencias,1,19,2.9528070897208042e-05,4030,30,200,1,discreta_global,"(mu,lambda)",0.3
EE,potencias,1,20,2.2803129078992258e-05,4230,30,200,1,discreta_global,"(mu,lambda)",0.3
EE,potencias,1,21,5.179110739550456e-06,4430,30,200,1,discreta_global,"(mu,lambda)",0.3
EE,potencias,1,22,5.215682664050706e-06,4630,30,200,1,discreta_global,"(mu,lambda)",0.3
EE,potencias,1,23,1.7828015518010106e-06,4830,30,200,1,discreta_global,"(mu,lambda)",0.3
EE,potencias,1,24,1.700587135473841e-06,5030,30,200,1,discreta_global,"(mu,lambda)",0.3
EE,potencias,1,25,1.3878564498742712e-06,5230,30,200,1,discreta_global,"(mu,lambda)",0.3
EE,potencias,1,26,9.866304888487315e-07,5430,30,200,1,discreta_global,"(mu,lambda)",0.3
EE,potencias,1,27,8.80299732135867e-07,5630,30,200,1,discreta_global,"(mu,lambda)",0.3
EE,potencias,1,28,7.441494029114427e-07,5830,30,200,1,discreta_global,"(mu,lambda)",0.3
EE,potencias,1,29,6.739262990788378e-07,6030,30,200,1,discreta_global,"(mu,lambda)",0.3
EE,potencias,1,30,6.494621834277652e-07,6230,30,200,1,discreta_global,"(mu,lambda)",0.3
EE,potencias,1,31,6.028876097125461e-07,6430,30,200,1,discreta_global,"(mu,lambda)",0.3
EE,potencias,1,32,5.939519750404764e-07,6630,30,200,1,discreta_global,"(mu,lambda)",0.3
EE,potencias,1,33,5.791918734167466e-07,6830,30,200,1,discreta_global,"(mu,lambda)",0.3
EE,potencias,1,34,5.75881344311142e-07,7030,30,200,1,discreta_global,"(mu,lambda)",0.3
EE,potencias,1,35,5.586220519941496e-07,7230,30,200,1,discreta_global,"(mu,lambda)",0.3
EE,potencias,1,36,5.588041621404681e-07,7430,30,200,1,discreta_global,"(mu,lambda)",0.3
EE,potencias,1,37,5.554192774052218e-07,7630,30,200,1,discreta_global,"(mu,lambda)",0.3
EE,potencias,1,38,5.525063646669059e-07,7830,30,200,1,discreta_global,"(mu,lambda)",0.3
EE,potencias,1,39,5.489369029658955e-07,8030,30,200,1,discreta_global,"(mu,lambda)",0.3
EE,potencias,1,40,5.43231705785983e-07,8230,30,200,1,discreta_global,"(mu,lambda)",0.3
EE,potencias,1,41,5.421244632299257e-07,8430,30,200,1,discreta_global,"(mu,lambda)",0.3
EE,potencias,1,42,5.39974260297207e-07,8630,30,200,1,discreta_global,"(mu,lambda)",0.3
EE,potencias,1,43,5.373242020989044e-07,8830,30,200,1,discreta_global,"(mu,lambda)",0.3
EE,potencias,1,44,5.346424291955131e-07,9030,30,200,1,discreta_global,"(mu,lambda)",0.3
EE,potencias,1,45,5.341408147532831e-07,9230,30,200,1,discreta_global,"(mu,lambda)",0.3
EE,potencias,1,46,5.3084269799084e-07,9430,30,200,1,discreta_global,"(mu,lambda)",0.3
EE,potencias,1,47,5.303318179576139e-07,9630,30,200,1,discreta_global,"(mu,lambda)",0.3
EE,potencias,1,48,5.298147438776682e-07,9830,30,200,1,discreta_global,"(mu,lambda)",0.3
EE,potencias,1,49,5.288250921003274e-07,10030,30,200,1,discreta_global,"(mu,lambda)",0.3
EE,potencias,1,50,5.268559365818163e-07,10230,30,200,1,discreta_global,"(mu,lambda)",0.3
EE,potencias,1,51,5.243871552473127e-07,10430,30,200,1,discreta_global,"(mu,lambda)",0.3
EE,potencias,1,52,5.216074299470708e-07,10630,30,200,1,discreta_global,"(mu,lambda)",0.3
EE,potencias,1,53,5.178425287954229e-07,10830,30,200,1,discreta_global,"(mu,lambda)",0.3
EE,potencias,1,54,5.178699932552882e-07,11030,30,200,1,discreta_global,"(mu,lambda)",0.3
EE,potencias,1,55,5.121141082372849e-07,11230,30,200,1,discreta_global,"(mu,lambda)",0.3
EE,potencias,1,56,5.097261191202366e-07,11430,30,200,1,discreta_global,"(mu,lambda)",0.3
EE,potencias,1,57,5.075978103986266e-07,11630,30,200,1,discreta_global,"(mu,lambda)",0.3
EE,potencias,1,58,5.048624192022989e-07,11830,30,200,1,discreta_global,"(mu,lambda)",0.3
EE,potencias,1,59,5.047957530554062e-07,12030,30,200,1,discreta_global,"(mu,lambda)",0.3
EE,potencias,1,60,5.030549514537464e-07,12230,30,200,1,discreta_global,"(mu,lambda)",0.3
EE,potencias,1,61,4.999083906851288e-07,12430,30,200,1,discreta_global,"(mu,lambda)",0.3
EE,potencias,1,62,4.993628225029707e-07,12630,30,200,1,discreta_global,"(mu,lambda)",0.3
EE,potencias,1,63,4.968792139684937e-07,12830,30,200,1,discreta_global,"(mu,lambda)",0.3
EE,potencias,1,64,4.949782305878625e-07,13030,30,200,1,discreta_global,"(mu,lambda)",0.3
EE,potencias,1,65,4.944367975181472e-07,13230,30,200,1,discreta_global,"(mu,lambda)",0.3
EE,potencias,1,66,4.930380430701171e-07,13430,30,200,1,discreta_global,"(mu,lambda)",0.3
EE,potencias,1,67,4.911514086917497e-07,13630,30,200,1,discreta_global,"(mu,lambda)",0.3
EE,potencias,1,68,4.893821917143405e-07,13830,30,200,1,discreta_global,"(mu,lambda)",0.3
EE,potencias,1,69,4.885040691074445e-07,14030,30,200,1,discreta_global,"(mu,lambda)",0.3
EE,potencias,1,70,4.841433776805167e-07,14230,30,200,1,discreta_global,"(mu,lambda)",0.3
EE,potencias,1,71,4.810136093636698e-07,14430,30,200,1,discreta_global,"(mu,lambda)",0.3
EE,potencias,1,72,4.802800930770462e-07,14630,30,200,1,discreta_global,"(mu,lambda)",0.3
EE,potencias,1,73,4.781589002119811e-07,14830,30,200,1,discreta_global,"(mu,lambda)",0.3
EE,potencias,1,74,4.7624990243999757e-07,15030,30,200,1,discreta_global,"(mu,lambda)",0.3
EE,potencias,1,75,4.7453915268858957e-07,15230,30,200,1,discreta_global,"(mu,lambda)",0.3
EE,potencias,1,76,4.7227707279979557e-07,15430,30,200,1,discreta_global,"(mu,lambda)",0.3
EE,potencias,1,77,4.7124442232250555e-07,15630,30,200,1,discreta_global,"(mu,lambda)",0.3
EE,potencias,1,78,4.6875599008492165e-07,15830,30,200,1,discreta_global,"(mu,lambda)",0.3
EE,potencias,1,79,4.6663885117413257e-07,16030,30,200,1,discreta_global,"(mu,lambda)",0.3
EE,potencias,1,80,4.651678536405978e-07,16230,30,200,1,discreta_global,"(mu,lambda)",0.3
EE,potencias,1,81,4.6438630133611265e-07,16430,30,200,1,discreta_global,"(mu,lambda)",0.3
EE,potencias,1,82,4.6311704757249016e-07,16630,30,200,1,discreta_global,"(mu,lambda)",0.3
EE,potencias,1,83,4.59678878409865e-07,16830,30,200,1,discreta_global,"(mu,lambda)",0.3
EE,potencias,1,84,4.5848402387557134e-07,17030,30,200,1,discreta_global,"(mu,lambda)",0.3
EE,potencias,1,85,4.568286840783072e-07,17230,30,200,1,discreta_global,"(mu,lambda)",0.3
EE,potencias,1,86,4.563743484121507e-07,17430,30,200,1,discreta_global,"(mu,lambda)",0.3
EE,potencias,1,87,4.548080677754143e-07,17630,30,200,1,discreta_global,"(mu,lambda)",0.3
EE,potencias,1,88,4.538053004102253e-07,17830,30,200,1,discreta_global,"(mu,lambda)",0.3
EE,potencias,1,89,4.5338396919113526e-07,18030,30,200,1,discreta_global,"(mu,lambda)",0.3
EE,potencias,1,90,4.530493124810288e-07,18230,30,200,1,discreta_global,"(mu,lambda)",0.3
EE,potencias,1,91,4.527555097350252e-07,18430,30,200,1,discreta_global,"(mu,lambda)",0.3
EE,potencias,1,92,4.5192533342920325e-07,18630,30,200,1,discreta_global,"(mu,lambda)",0.3
EE,potencias,1,93,4.515019491421255e-07,18830,30,200,1,discreta_global,"(mu,lambda)",0.3
EE,potencias,1,94,4.5050880303394027e-07,19030,30,200,1,discreta_global,"(mu,lambda)",0.3
EE,potencias,1,95,4.4970313788052236e-07,19230,30,200,1,discreta_global,"(mu,lambda)",0.3
EE,potencias,1,96,4.4823192295381397e-07,19430,30,200,1,discreta_global,"(mu,lambda)",0.3
EE,potencias,1,97,4.481245385017274e-07,19630,30,200,1,discreta_global,"(mu,lambda)",0.3
EE,potencias,1,98,4.4692217335759643e-07,19830,30,200,1,discreta_global,"(mu,lambda)",0.3
EE,potencias,1,99,4.4672455065012326e-07,20030,30,200,1,discreta_global,"(mu,lambda)",0.3
EE,potencias,1,100,4.4662181949929203e-07,20230,30,200,1,discreta_global,"(mu,lambda)",0.3
EE,potencias,1,101,4.4629904853608134e-07,20430,30,200,1,discreta_global,"(mu,lambda)",0.3
EE,potencias,1,102,4.4609200735900546e-07,20630,30,200,1,discreta_global,"(mu,lambda)",0.3
EE,potencias,1,103,4.456074007732301e-07,20830,30,200,1,discreta_global,"(mu,lambda)",0.3
EE,potencias,1,104,4.452998469778131e-07,21030,30,200,1,discreta_global,"(mu,lambda)",0.3
EE,potencias,1,105,4.445964609498973e-07,21230,30,200,1,discreta_global,"(mu,lambda)",0.3
EE,potencias,1,106,4.4398695567069494e-07,21430,30,200,1,discreta_global,"(mu,lambda)",0.3
EE,potencias,1,107,4.435031562055757e-07,21630,30,200,1,discreta_global,"(mu,lambda)",0.3
EE,potencias,1,108,4.4288573285185235e-07,21830,30,200,1,discreta_global,"(mu,lambda)",0.3
EE,potencias,1,109,4.417382693063013e-07,22030,30,200,1,discreta_global,"(mu,lambda)",0.3
EE,potencias,1,110,4.416476841605364e-07,22230,30,200,1,discreta_global,"(mu,lambda)",0.3
EE,potencias,1,111,4.4043205399750037e-07,22430,30,200,1,discreta_global,"(mu,lambda)",0.3
EE,potencias,1,112,4.3849052324596836e-07,22630,30,200,1,discreta_global,"(mu,lambda)",0.3
EE,potencias,1,113,4.3766462524858417e-07,22830,30,200,1,discreta_global,"(mu,lambda)",0.3
EE,potencias,1,114,4.340742852078849e-07,23030,30,200,1,discreta_global,"(mu,lambda)",0.3
EE,potencias,1,115,4.3140861672656086e-07,23230,30,200,1,discreta_global,"(mu,lambda)",0.3
EE,potencias,1,116,4.295367308753822e-07,23430,30,200,1,discreta_global,"(mu,lambda)",0.3
EE,potencias,1,117,4.2987226715033383e-07,23630,30,200,1,discreta_global,"(mu,lambda)",0.3
EE,potencias,1,118,4.2689162171127007e-07,23830,30,200,1,discreta_global,"(mu,lambda)",0.3
EE,potencias,1,119,4.25846464599477e-07,24030,30,200,1,discreta_global,"(mu,lambda)",0.3
EE,potencias,1,120,4.25600351959824e-07,24230,30,200,1,discreta_global,"(mu,lambda)",0.3
EE,potencias,1,121,4.248564623226003e-07,24430,30,200,1,discreta_global,"(mu,lambda)",0.3
EE,potencias,1,122,4.227481737934814e-07,24630,30,200,1,discreta_global,"(mu,lambda)",0.3
EE,potencias,1,123,4.224154769705241e-07,24830,30,200,1,discreta_global,"(mu,lambda)",0.3
EE,potencias,1,124,4.2152207147639915e-07,25030,30,200,1,discreta_global,"(mu,lambda)",0.3
EE,potencias,1,125,4.2069702525072303e-07,25230,30,200,1,discreta_global,"(mu,lambda)",0.3
EE,potencias,1,126,4.2039174729014373e-07,25430,30,200,1,discreta_global,"(mu,lambda)",0.3
EE,potencias,1,127,4.1948777794698727e-07,25630,30,200,1,discreta_global,"(mu,lambda)",0.3
EE,potencias,1,128,4.1925748276733316e-07,25830,30,200,1,discreta_global,"(mu,lambda)",0.3
EE,potencias,1,129,4.1886789206563613e-07,26030,30,200,1,discreta_global,"(mu,lambda)",0.3
EE,potencias,1,130,4.1734202169574765e-07,26230,30,200,1,discreta_global,"(mu,lambda)",0.3
EE,potencias,1,131,4.166518826379775e-07,26430,30,200,1,discreta_global,"(mu,lambda)",0.3
EE,potencias,1,132,4.159896082618969e-07,26630,30,200,1,discreta_global,"(mu,lambda)",0.3
EE,potencias,1,133,4.1439509678591285e-07,26830,30,200,1,discreta_global,"(mu,lambda)",0.3
EE,potencias,1,134,4.132293436230679e-07,27030,30,200,1,discreta_global,"(mu,lambda)",0.3
EE,potencias,1,135,4.116962514321902e-07,27230,30,200,1,discreta_global,"(mu,lambda)",0.3
EE,potencias,1,136,4.1162496712406957e-07,27430,30,200,1,discreta_global,"(mu,lambda)",0.3
EE,potencias,1,137,4.1154671461990836e-07,27630,30,200,1,discreta_global,"(mu,lambda)",0.3
EE,potencias,1,138,4.1146768758732237e-07,27830,30,200,1,discreta_global,"(mu,lambda)",0.3
EE,potencias,1,139,4.112979507864838e-07,28030,30,200,1,discreta_global,"(mu,lambda)",0.3
EE,potencias,1,140,4.1123975281016464e-07,28230,30,200,1,discreta_global,"(mu,lambda)",0.3
EE,potencias,1,141,4.109124748809344e-07,28430,30,200,1,discreta_global,"(mu,lambda)",0.3
EE,potencias,1,142,4.1044252419504047e-07,28630,30,200,1,discreta_global,"(mu,lambda)",0.3
EE,potencias,1,143,4.0993130938413765e-07,28830,30,200,1,discreta_global,"(mu,lambda)",0.3
EE,potencias,1,144,4.0943551946426076e-07,29030,30,200,1,discreta_global,"(mu,lambda)",0.3
EE,potencias,1,145,4.0887438054981463e-07,29230,30,200,1,discreta_global,"(mu,lambda)",0.3
EE,potencias,1,146,4.08854086087485e-07,29430,30,200,1,discreta_global,"(mu,lambda)",0.3
EE,potencias,1,147,4.0836197336195205e-07,29630,30,200,1,discreta_global,"(mu,lambda)",0.3
EE,potencias,1,148,4.0793970969505246e-07,29830,30,200,1,discreta_global,"(mu,lambda)",0.3
EE,potencias,1,149,4.0723575724540074e-07,30030,30,200,1,discreta_global,"(mu,lambda)",0.3
EE,potencias,1,150,4.071191942977585e-07,30230,30,200,1,discreta_global,"(mu,lambda)",0.3
EE,potencias,1,151,4.0426682531249367e-07,30430,30,200,1,discreta_global,"(mu,lambda)",0.3
EE,potencias,1,152,4.031743067443058e-07,30630,30,200,1,discreta_global,"(mu,lambda)",0.3
EE,potencias,1,153,4.028600413447017e-07,30830,30,200,1,discreta_global,"(mu,lambda)",0.3
EE,potencias,1,154,4.025657923691202e-07,31030,30,200,1,discreta_global,"(mu,lambda)",0.3
EE,potencias,1,155,4.018169317288505e-07,31230,30,200,1,discreta_global,"(mu,lambda)",0.3
EE,potencias,1,156,4.013507258038364e-07,31430,30,200,1,discreta_global,"(mu,lambda)",0.3
EE,potencias,1,157,4.009532293452271e-07,31630,30,200,1,discreta_global,"(mu,lambda)",0.3
EE,potencias,1,158,4.0073839300158387e-07,31830,30,200,1,discreta_global,"(mu,lambda)",0.3
EE,potencias,1,159,4.00076927789553e-07,32030,30,200,1,discreta_global,"(mu,lambda)",0.3
EE,potencias,1,160,3.9963750579046343e-07,32230,30,200,1,discreta_global,"(mu,lambda)",0.3
EE,potencias,1,161,3.9896704822038386e-07,32430,30,200,1,discreta_global,"(mu,lambda)",0.3
EE,potencias,1,162,3.9846219173259487e-07,32630,30,200,1,discreta_global,"(mu,lambda)",0.3
EE,potencias,1,163,3.972920845149464e-07,32830,30,200,1,discreta_global,"(mu,lambda)",0.3
EE,potencias,1,164,3.966643957709265e-07,33030,30,200,1,discreta_global,"(mu,lambda)",0.3
EE,potencias,1,165,3.955064169169558e-07,33230,30,200,1,discreta_global,"(mu,lambda)",0.3
EE,potencias,1,166,3.951982175256614e-07,33430,30,200,1,discreta_global,"(mu,lambda)",0.3
EE,potencias,1,167,3.948773743906207e-07,33630,30,200,1,discreta_global,"(mu,lambda)",0.3
EE,potencias,1,168,3.9419575196311036e-07,33830,30,200,1,discreta_global,"(mu,lambda)",0.3
EE,potencias,1,169,3.928110946792856e-07,34030,30,200,1,discreta_global,"(mu,lambda)",0.3
EE,potencias,1,170,3.926992781389831e-07,34230,30,200,1,discreta_global,"(mu,lambda)",0.3
EE,potencias,1,171,3.924472356011076e-07,34430,30,200,1,discreta_global,"(mu,lambda)",0.3
EE,potencias,1,172,3.918464306928704e-07,34630,30,200,1,discreta_global,"(mu,lambda)",0.3
EE,potencias,1,173,3.909535235222218e-07,34830,30,200,1,discreta_global,"(mu,lambda)",0.3
EE,potencias,1,174,3.9127927134833917e-07,35030,30,200,1,discreta_global,"(mu,lambda)",0.3
EE,potencias,1,175,3.908962684955563e-07,35230,30,200,1,discreta_global,"(mu,lambda)",0.3
EE,potencias,1,176,3.903577014107635e-07,35430,30,200,1,discreta_global,"(mu,lambda)",0.3
EE,potencias,1,177,3.8941493070565905e-07,35630,30,200,1,discreta_global,"(mu,lambda)",0.3
EE,potencias,1,178,3.8883537711301023e-07,35830,30,200,1,discreta_global,"(mu,lambda)",0.3
EE,potencias,1,179,3.8873446586004333e-07,36030,30,200,1,discreta_global,"(mu,lambda)",0.3
EE,potencias,1,180,3.8714860526994267e-07,36230,30,200,1,discreta_global,"(mu,lambda)",0.3
EE,potencias,1,181,3.8590702343347027e-07,36430,30,200,1,discreta_global,"(mu,lambda)",0.3
EE,potencias,1,182,3.8540203923526264e-07,36630,30,200,1,discreta_global,"(mu,lambda)",0.3
EE,potencias,1,183,3.847623657766272e-07,36830,30,200,1,discreta_global,"(mu,lambda)",0.3
EE,potencias,1,184,3.8338087618221456e-07,37030,30,200,1,discreta_global,"(mu,lambda)",0.3
EE,potencias,1,185,3.8258277558173866e-07,37230,30,200,1,discreta_global,"(mu,lambda)",0.3
EE,potencias,1,186,3.8256796642698e-07,37430,30,200,1,discreta_global,"(mu,lambda)",0.3
EE,potencias,1,187,3.8214159650213926e-07,37630,30,200,1,discreta_global,"(mu,lambda)",0.3
EE,potencias,1,188,3.817380791227146e-07,37830,30,200,1,discreta_global,"(mu,lambda)",0.3
EE,potencias,1,189,3.815869410801758e-07,38030,30,200,1,discreta_global,"(mu,lambda)",0.3
EE,potencias,1,190,3.808570868833151e-07,38230,30,200,1,discreta_global,"(mu,lambda)",0.3
EE,potencias,1,191,3.806676861484543e-07,38430,30,200,1,discreta_global,"(mu,lambda)",0.3
EE,potencias,1,192,3.797805884226587e-07,38630,30,200,1,discreta_global,"(mu,lambda)",0.3
EE,potencias,1,193,3.7875990540306514e-07,38830,30,200,1,discreta_global,"(mu,lambda)",0.3
EE,potencias,1,194,3.779842049857278e-07,39030,30,200,1,discreta_global,"(mu,lambda)",0.3
EE,potencias,1,195,3.7687459735856446e-07,39230,30,200,1,discreta_global,"(mu,lambda)",0.3
EE,potencias,1,196,3.7649047751085773e-07,39430,30,200,1,discreta_global,"(mu,lambda)",0.3
EE,potencias,1,197,3.7636128119154195e-07,39630,30,200,1,discreta_global,"(mu,lambda)",0.3
EE,potencias,1,198,3.7625834371193747e-07,39830,30,200,1,discreta_global,"(mu,lambda)",0.3
EE,potencias,1,199,3.7615610801564403e-07,40030,30,200,1,discreta_global,"(mu,lambda)",0.3
EE,potencias,1,200,3.760886452501873e-07,40230,30,200,1,discreta_global,"(mu,lambda)",0.3
EE,potencias,1,201,3.75916664891961e-07,40430,30,200,1,discreta_global,"(mu,lambda)",0.3
EE,potencias,1,202,3.7578304152782425e-07,40630,30,200,1,discreta_global,"(mu,lambda)",0.3
EE,potencias,1,203,3.753364419764847e-07,40830,30,200,1,discreta_global,"(mu,lambda)",0.3
EE,potencias,1,204,3.749089272014986e-07,41030,30,200,1,discreta_global,"(mu,lambda)",0.3
EE,potencias,1,205,3.747211346494029e-07,41230,30,200,1,discreta_global,"(mu,lambda)",0.3
EE,potencias,1,206,3.740938182506683e-07,41430,30,200,1,discreta_global,"(mu,lambda)",0.3
EE,potencias,1,207,3.7391160619151213e-07,41630,30,200,1,discreta_global,"(mu,lambda)",0.3
EE,potencias,1,208,3.732566901975187e-07,41830,30,200,1,discreta_global,"(mu,lambda)",0.3
EE,potencias,1,209,3.7270227727598493e-07,42030,30,200,1,discreta_global,"(mu,lambda)",0.3
EE,potencias,1,210,3.718956238606784e-07,42230,30,200,1,discreta_global,"(mu,lambda)",0.3
EE,potencias,1,211,3.718163031575199e-07,42430,30,200,1,discreta_global,"(mu,lambda)",0.3
EE,potencias,1,212,3.7139382770668515e-07,42630,30,200,1,discreta_global,"(mu,lambda)",0.3
EE,potencias,1,213,3.7076500672769947e-07,42830,30,200,1,discreta_global,"(mu,lambda)",0.3
EE,potencias,1,214,3.685980961918537e-07,43030,30,200,1,discreta_global,"(mu,lambda)",0.3
EE,potencias,1,215,3.672705880304256e-07,43230,30,200,1,discreta_global,"(mu,lambda)",0.3
EE,potencias,1,216,3.659905132683799e-07,43430,30,200,1,discreta_global,"(mu,lambda)",0.3
EE,potencias,1,217,3.652166906998866e-07,43630,30,200,1,discreta_global,"(mu,lambda)",0.3
EE,potencias,1,218,3.6385743294847396e-07,43830,30,200,1,discreta_global,"(mu,lambda)",0.3
EE,potencias,1,219,3.642034271143893e-07,44030,30,200,1,discreta_global,"(mu,lambda)",0.3
EE,potencias,1,220,3.6357767700950055e-07,44230,30,200,1,discreta_global,"(mu,lambda)",0.3
EE,potencias,1,221,3.62214809892298e-07,44430,30,200,1,discreta_global,"(mu,lambda)",0.3
EE,potencias,1,222,3.609928517641823e-07,44630,30,200,1,discreta_global,"(mu,lambda)",0.3
EE,potencias,1,223,3.605442158275043e-07,44830,30,200,1,discreta_global,"(mu,lambda)",0.3
EE,potencias,1,224,3.592485309731176e-07,45030,30,200,1,discreta_global,"(mu,lambda)",0.3
EE,potencias,1,225,3.589647826101415e-07,45230,30,200,1,discreta_global,"(mu,lambda)",0.3
EE,potencias,1,226,3.584724706377168e-07,45430,30,200,1,discreta_global,"(mu,lambda)",0.3
EE,potencias,1,227,3.5735161703753287e-07,45630,30,200,1,discreta_global,"(mu,lambda)",0.3
EE,potencias,1,228,3.5729517004301213e-07,45830,30,200,1,discreta_global,"(mu,lambda)",0.3
EE,potencias,1,229,3.567746046271617e-07,46030,30,200,1,discreta_global,"(mu,lambda)",0.3
EE,potencias,1,230,3.565744634001327e-07,46230,30,200,1,discreta_global,"(mu,lambda)",0.3
EE,potencias,1,231,3.5564614976109954e-07,46430,30,200,1,discreta_global,"(mu,lambda)",0.3
EE,potencias,1,232,3.5548501696152696e-07,46630,30,200,1,discreta_global,"(mu,lambda)",0.3
EE,potencias,1,233,3.5499995727478214e-07,46830,30,200,1,discreta_global,"(mu,lambda)",0.3
EE,potencias,1,234,3.549356123201578e-07,47030,30,200,1,discreta_global,"(mu,lambda)",0.3
EE,potencias,1,235,3.5444446699283595e-07,47230,30,200,1,discreta_global,"(mu,lambda)",0.3
EE,potencias,1,236,3.539966506988822e-07,47430,30,200,1,discreta_global,"(mu,lambda)",0.3
EE,potencias,1,237,3.5376146059156004e-07,47630,30,200,1,discreta_global,"(mu,lambda)",0.3
EE,potencias,1,238,3.5333229861138814e-07,47830,30,200,1,discreta_global,"(mu,lambda)",0.3
EE,potencias,1,239,3.5226106374574294e-07,48030,30,200,1,discreta_global,"(mu,lambda)",0.3
EE,potencias,1,240,3.5172509429377435e-07,48230,30,200,1,discreta_global,"(mu,lambda)",0.3
EE,potencias,1,241,3.504732289549521e-07,48430,30,200,1,discreta_global,"(mu,lambda)",0.3
EE,potencias,1,242,3.495215152239604e-07,48630,30,200,1,discreta_global,"(mu,lambda)",0.3
EE,potencias,1,243,3.475531164629038e-07,48830,30,200,1,discreta_global,"(mu,lambda)",0.3
EE,potencias,1,244,3.4800356241778285e-07,49030,30,200,1,discreta_global,"(mu,lambda)",0.3
EE,potencias,1,245,3.473018967445104e-07,49230,30,200,1,discreta_global,"(mu,lambda)",0.3
EE,potencias,1,246,3.4630055661304743e-07,49430,30,200,1,discreta_global,"(mu,lambda)",0.3
EE,potencias,1,247,3.4617409760458297e-07,49630,30,200,1,discreta_global,"(mu,lambda)",0.3
EE,potencias,1,248,3.4518960006536184e-07,49830,30,200,1,discreta_global,"(mu,lambda)",0.3
EE,potencias,1,249,3.452415120542585e-07,50030,30,200,1,discreta_global,"(mu,lambda)",0.3
EE,potencias,1,250,3.4459154519673577e-07,50230,30,200,1,discreta_global,"(mu,lambda)",0.3
EE,potencias,1,251,3.4439406757500584e-07,50430,30,200,1,discreta_global,"(mu,lambda)",0.3
EE,potencias,1,252,3.437371704758205e-07,50630,30,200,1,discreta_global,"(mu,lambda)",0.3
EE,potencias,1,253,3.4378978584538605e-07,50830,30,200,1,discreta_global,"(mu,lambda)",0.3
EE,potencias,1,254,3.433685729863654e-07,51030,30,200,1,discreta_global,"(mu,lambda)",0.3
EE,potencias,1,255,3.431752635489934e-07,51230,30,200,1,discreta_global,"(mu,lambda)",0.3
EE,potencias,1,256,3.4304190783071863e-07,51430,30,200,1,discreta_global,"(mu,lambda)",0.3
EE,potencias,1,257,3.427175217645621e-07,51630,30,200,1,discreta_global,"(mu,lambda)",0.3
EE,potencias,1,258,3.4250335649288344e-07,51830,30,200,1,discreta_global,"(mu,lambda)",0.3
EE,potencias,1,259,3.4108857717553897e-07,52030,30,200,1,discreta_global,"(mu,lambda)",0.3
EE,potencias,1,260,3.4037724001682126e-07,52230,30,200,1,discreta_global,"(mu,lambda)",0.3
EE,potencias,1,261,3.3917620446453716e-07,52430,30,200,1,discreta_global,"(mu,lambda)",0.3
EE,potencias,1,262,3.384278456904944e-07,52630,30,200,1,discreta_global,"(mu,lambda)",0.3
EE,potencias,1,263,3.381221205648348e-07,52830,30,200,1,discreta_global,"(mu,lambda)",0.3
EE,potencias,1,264,3.381065846396946e-07,53030,30,200,1,discreta_global,"(mu,lambda)",0.3
EE,potencias,1,265,3.380950578454141e-07,53230,30,200,1,discreta_global,"(mu,lambda)",0.3
EE,potencias,1,266,3.3807688909842037e-07,53430,30,200,1,discreta_global,"(mu,lambda)",0.3
EE,potencias,1,267,3.380744880250196e-07,53630,30,200,1,discreta_global,"(mu,lambda)",0.3
EE,potencias,1,268,3.380393978687605e-07,53830,30,200,1,discreta_global,"(mu,lambda)",0.3
EE,potencias,1,269,3.3802117361316373e-07,54030,30,200,1,discreta_global,"(mu,lambda)",0.3
EE,potencias,1,270,3.3797502267969964e-07,54230,30,200,1,discreta_global,"(mu,lambda)",0.3
EE,potencias,1,271,3.3789062227548386e-07,54430,30,200,1,discreta_global,"(mu,lambda)",0.3
EE,potencias,1,272,3.3770995619337113e-07,54630,30,200,1,discreta_global,"(mu,lambda)",0.3
EE,potencias,1,273,3.3758146444149395e-07,54830,30,200,1,discreta_global,"(mu,lambda)",0.3
EE,potencias,1,274,3.3718476194785376e-07,55030,30,200,1,discreta_global,"(mu,lambda)",0.3
EE,potencias,1,275,3.37136118042182e-07,55230,30,200,1,discreta_global,"(mu,lambda)",0.3
EE,potencias,1,276,3.367887166040006e-07,55430,30,200,1,discreta_global,"(mu,lambda)",0.3
EE,potencias,1,277,3.36465112970416e-07,55630,30,200,1,discreta_global,"(mu,lambda)",0.3
EE,potencias,1,278,3.3527304059364847e-07,55830,30,200,1,discreta_global,"(mu,lambda)",0.3
EE,potencias,1,279,3.346924003842903e-07,56030,30,200,1,discreta_global,"(mu,lambda)",0.3
EE,potencias,1,280,3.345246272730572e-07,56230,30,200,1,discreta_global,"(mu,lambda)",0.3
EE,potencias,1,281,3.3337894653374217e-07,56430,30,200,1,discreta_global,"(mu,lambda)",0.3
EE,potencias,1,282,3.306520031935418e-07,56630,30,200,1,discreta_global,"(mu,lambda)",0.3
EE,potencias,1,283,3.3056038315624394e-07,56830,30,200,1,discreta_global,"(mu,lambda)",0.3
EE,potencias,1,284,3.2862372750988864e-07,57030,30,200,1,discreta_global,"(mu,lambda)",0.3
EE,potencias,1,285,3.265023112837848e-07,57230,30,200,1,discreta_global,"(mu,lambda)",0.3
EE,potencias,1,286,3.2616713180036496e-07,57430,30,200,1,discreta_global,"(mu,lambda)",0.3
EE,potencias,1,287,3.2591076411222785e-07,57630,30,200,1,discreta_global,"(mu,lambda)",0.3
EE,potencias,1,288,3.2574670213893925e-07,57830,30,200,1,discreta_global,"(mu,lambda)",0.3
EE,potencias,1,289,3.2498048940626624e-07,58030,30,200,1,discreta_global,"(mu,lambda)",0.3
EE,potencias,1,290,3.2472687110300985e-07,58230,30,200,1,discreta_global,"(mu,lambda)",0.3
EE,potencias,1,291,3.2435022722185063e-07,58430,30,200,1,discreta_global,"(mu,lambda)",0.3
EE,potencias,1,292,3.237317283312106e-07,58630,30,200,1,discreta_global,"(mu,lambda)",0.3
EE,potencias,1,293,3.227990827901487e-07,58830,30,200,1,discreta_global,"(mu,lambda)",0.3
EE,potencias,1,294,3.2236701406827484e-07,59030,30,200,1,discreta_global,"(mu,lambda)",0.3
EE,potencias,1,295,3.218450455835592e-07,59230,30,200,1,discreta_global,"(mu,lambda)",0.3
EE,potencias,1,296,3.2030482540634564e-07,59430,30,200,1,discreta_global,"(mu,lambda)",0.3
EE,potencias,1,297,3.200106902481102e-07,59630,30,200,1,discreta_global,"(mu,lambda)",0.3
EE,potencias,1,298,3.192460440836287e-07,59830,30,200,1,discreta_global,"(mu,lambda)",0.3
EE,potencias,1,299,3.186046233219319e-07,60030,30,200,1,discreta_global,"(mu,lambda)",0.3
EE,potencias,1,300,3.1785099401597796e-07,60230,30,200,1,discreta_global,"(mu,lambda)",0.3
EE,potencias,1,301,3.161598290518472e-07,60430,30,200,1,discreta_global,"(mu,lambda)",0.3
EE,potencias,1,302,3.1486974170822836e-07,60630,30,200,1,discreta_global,"(mu,lambda)",0.3
EE,potencias,1,303,3.141418758211339e-07,60830,30,200,1,discreta_global,"(mu,lambda)",0.3
EE,potencias,1,304,3.141318327703463e-07,61030,30,200,1,discreta_global,"(mu,lambda)",0.3
EE,potencias,1,305,3.1403883062208325e-07,61230,30,200,1,discreta_global,"(mu,lambda)",0.3
EE,potencias,1,306,3.137903175197792e-07,61430,30,200,1,discreta_global,"(mu,lambda)",0.3
EE,potencias,1,307,3.137349098580378e-07,61630,30,200,1,discreta_global,"(mu,lambda)",0.3
EE,potencias,1,308,3.135172209678632e-07,61830,30,200,1,discreta_global,"(mu,lambda)",0.3
EE,potencias,1,309,3.129368376253375e-07,62030,30,200,1,discreta_global,"(mu,lambda)",0.3
EE,potencias,1,310,3.123351516151151e-07,62230,30,200,1,discreta_global,"(mu,lambda)",0.3
EE,potencias,1,311,3.120838558856123e-07,62430,30,200,1,discreta_global,"(mu,lambda)",0.3
EE,potencias,1,312,3.118943110001955e-07,62630,30,200,1,discreta_global,"(mu,lambda)",0.3
EE,potencias,1,313,3.1164803081058323e-07,62830,30,200,1,discreta_global,"(mu,lambda)",0.3
EE,potencias,1,314,3.1144786249283074e-07,63030,30,200,1,discreta_global,"(mu,lambda)",0.3
EE,potencias,1,315,3.113422935065283e-07,63230,30,200,1,discreta_global,"(mu,lambda)",0.3
EE,potencias,1,316,3.1108269555073117e-07,63430,30,200,1,discreta_global,"(mu,lambda)",0.3
EE,potencias,1,317,3.108097255900633e-07,63630,30,200,1,discreta_global,"(mu,lambda)",0.3
EE,potencias,1,318,3.1049199662830475e-07,63830,30,200,1,discreta_global,"(mu,lambda)",0.3
EE,potencias,1,319,3.101297244115631e-07,64030,30,200,1,discreta_global,"(mu,lambda)",0.3
EE,potencias,1,320,3.0951803139245327e-07,64230,30,200,1,discreta_global,"(mu,lambda)",0.3
EE,potencias,1,321,3.0806015251638786e-07,64430,30,200,1,discreta_global,"(mu,lambda)",0.3
EE,potencias,1,322,3.043664683140826e-07,64630,30,200,1,discreta_global,"(mu,lambda)",0.3
EE,potencias,1,323,3.0428866506367513e-07,64830,30,200,1,discreta_global,"(mu,lambda)",0.3
EE,potencias,1,324,3.032179922112457e-07,65030,30,200,1,discreta_global,"(mu,lambda)",0.3
EE,potencias,1,325,3.026918679570723e-07,65230,30,200,1,discreta_global,"(mu,lambda)",0.3
EE,potencias,1,326,3.013642268595069e-07,65430,30,200,1,discreta_global,"(mu,lambda)",0.3
EE,potencias,1,327,3.007327829544673e-07,65630,30,200,1,discreta_global,"(mu,lambda)",0.3
EE,potencias,1,328,2.9998994725955953e-07,65830,30,200,1,discreta_global,"(mu,lambda)",0.3
EE,potencias,1,329,2.9898905879853844e-07,66030,30,200,1,discreta_global,"(mu,lambda)",0.3
EE,potencias,1,330,2.984444897383527e-07,66230,30,200,1,discreta_global,"(mu,lambda)",0.3
EE,potencias,1,331,2.983625529422819e-07,66430,30,200,1,discreta_global,"(mu,lambda)",0.3
EE,potencias,1,332,2.9728209265195855e-07,66630,30,200,1,discreta_global,"(mu,lambda)",0.3
EE,potencias,1,333,2.9592385610642607e-07,66830,30,200,1,discreta_global,"(mu,lambda)",0.3
EE,potencias,1,334,2.953546767007804e-07,67030,30,200,1,discreta_global,"(mu,lambda)",0.3
EE,potencias,1,335,2.948089031165613e-07,67230,30,200,1,discreta_global,"(mu,lambda)",0.3
EE,potencias,1,336,2.945438552027557e-07,67430,30,200,1,discreta_global,"(mu,lambda)",0.3
EE,potencias,1,337,2.937868356009876e-07,67630,30,200,1,discreta_global,"(mu,lambda)",0.3
EE,potencias,1,338,2.9344764326336086e-07,67830,30,200,1,discreta_global,"(mu,lambda)",0.3
EE,potencias,1,339,2.9301275981800084e-07,68030,30,200,1,discreta_global,"(mu,lambda)",0.3
EE,potencias,1,340,2.92344907666909e-07,68230,30,200,1,discreta_global,"(mu,lambda)",0.3
EE,potencias,1,341,2.919663496417373e-07,68430,30,200,1,discreta_global,"(mu,lambda)",0.3
EE,potencias,1,342,2.907191067295513e-07,68630,30,200,1,discreta_global,"(mu,lambda)",0.3
EE,potencias,1,343,2.9066971687514303e-07,68830,30,200,1,discreta_global,"(mu,lambda)",0.3
EE,potencias,1,344,2.9006947649337304e-07,69030,30,200,1,discreta_global,"(mu,lambda)",0.3
EE,potencias,1,345,2.8961890525592817e-07,69230,30,200,1,discreta_global,"(mu,lambda)",0.3
EE,potencias,1,346,2.889424995694288e-07,69430,30,200,1,discreta_global,"(mu,lambda)",0.3
EE,potencias,1,347,2.8879639955039577e-07,69630,30,200,1,discreta_global,"(mu,lambda)",0.3
EE,potencias,1,348,2.8811779237777664e-07,69830,30,200,1,discreta_global,"(mu,lambda)",0.3
EE,potencias,1,349,2.8733625843080287e-07,70030,30,200,1,discreta_global,"(mu,lambda)",0.3
EE,potencias,1,350,2.871110602384122e-07,70230,30,200,1,discreta_global,"(mu,lambda)",0.3
EE,potencias,1,351,2.8657171373359996e-07,70430,30,200,1,discreta_global,"(mu,lambda)",0.3
EE,potencias,1,352,2.846091949209803e-07,70630,30,200,1,discreta_global,"(mu,lambda)",0.3
EE,potencias,1,353,2.845584442303609e-07,70830,30,200,1,discreta_global,"(mu,lambda)",0.3
EE,potencias,1,354,2.8411679431075526e-07,71030,30,200,1,discreta_global,"(mu,lambda)",0.3
EE,potencias,1,355,2.841252976025658e-07,71230,30,200,1,discreta_global,"(mu,lambda)",0.3
EE,potencias,1,356,2.8361642056679965e-07,71430,30,200,1,discreta_global,"(mu,lambda)",0.3
EE,potencias,1,357,2.8309784821304707e-07,71630,30,200,1,discreta_global,"(mu,lambda)",0.3
EE,potencias,1,358,2.8277892729323626e-07,71830,30,200,1,discreta_global,"(mu,lambda)",0.3
EE,potencias,1,359,2.8264798624419505e-07,72030,30,200,1,discreta_global,"(mu,lambda)",0.3
EE,potencias,1,360,2.823647731567435e-07,72230,30,200,1,discreta_global,"(mu,lambda)",0.3
EE,potencias,1,361,2.822315395643935e-07,72430,30,200,1,discreta_global,"(mu,lambda)",0.3
EE,potencias,1,362,2.821150663936604e-07,72630,30,200,1,discreta_global,"(mu,lambda)",0.3
EE,potencias,1,363,2.8198678455128126e-07,72830,30,200,1,discreta_global,"(mu,lambda)",0.3
EE,potencias,1,364,2.8146784134765773e-07,73030,30,200,1,discreta_global,"(mu,lambda)",0.3
EE,potencias,1,365,2.816117174152511e-07,73230,30,200,1,discreta_global,"(mu,lambda)",0.3
EE,potencias,1,366,2.8120177130446935e-07,73430,30,200,1,discreta_global,"(mu,lambda)",0.3
EE,potencias,1,367,2.8095650306056086e-07,73630,30,200,1,discreta_global,"(mu,lambda)",0.3
EE,potencias,1,368,2.805955686105514e-07,73830,30,200,1,discreta_global,"(mu,lambda)",0.3
EE,potencias,1,369,2.804004286869602e-07,74030,30,200,1,discreta_global,"(mu,lambda)",0.3
EE,potencias,1,370,2.80027957702239e-07,74230,30,200,1,discreta_global,"(mu,lambda)",0.3
EE,potencias,1,371,2.7991415417629615e-07,74430,30,200,1,discreta_global,"(mu,lambda)",0.3
EE,potencias,1,372,2.7949736571302445e-07,74630,30,200,1,discreta_global,"(mu,lambda)",0.3
EE,potencias,1,373,2.7916261584080294e-07,74830,30,200,1,discreta_global,"(mu,lambda)",0.3
EE,potencias,1,374,2.7882274559915925e-07,75030,30,200,1,discreta_global,"(mu,lambda)",0.3
EE,potencias,1,375,2.782836462277716e-07,75230,30,200,1,discreta_global,"(mu,lambda)",0.3
EE,potencias,1,376,2.778534030865031e-07,75430,30,200,1,discreta_global,"(mu,lambda)",0.3
EE,potencias,1,377,2.77600022014674e-07,75630,30,200,1,discreta_global,"(mu,lambda)",0.3
EE,potencias,1,378,2.7727868159444755e-07,75830,30,200,1,discreta_global,"(mu,lambda)",0.3
EE,potencias,1,379,2.771386863646264e-07,76030,30,200,1,discreta_global,"(mu,lambda)",0.3
EE,potencias,1,380,2.768174755990605e-07,76230,30,200,1,discreta_global,"(mu,lambda)",0.3
EE,potencias,1,381,2.764957880838671e-07,76430,30,200,1,discreta_global,"(mu,lambda)",0.3
EE,potencias,1,382,2.758544918624358e-07,76630,30,200,1,discreta_global,"(mu,lambda)",0.3
EE,potencias,1,383,2.7572697131375225e-07,76830,30,200,1,discreta_global,"(mu,lambda)",0.3
EE,potencias,1,384,2.7542387925858826e-07,77030,30,200,1,discreta_global,"(mu,lambda)",0.3
EE,potencias,1,385,2.747864930637266e-07,77230,30,200,1,discreta_global,"(mu,lambda)",0.3
EE,potencias,1,386,2.746646649770513e-07,77430,30,200,1,discreta_global,"(mu,lambda)",0.3
EE,potencias,1,387,2.741325513707315e-07,77630,30,200,1,discreta_global,"(mu,lambda)",0.3
EE,potencias,1,388,2.7407637148812195e-07,77830,30,200,1,discreta_global,"(mu,lambda)",0.3
EE,potencias,1,389,2.7375636658862144e-07,78030,30,200,1,discreta_global,"(mu,lambda)",0.3
EE,potencias,1,390,2.7290785764780686e-07,78230,30,200,1,discreta_global,"(mu,lambda)",0.3
EE,potencias,1,391,2.7288721181702214e-07,78430,30,200,1,discreta_global,"(mu,lambda)",0.3
EE,potencias,1,392,2.7257985826670726e-07,78630,30,200,1,discreta_global,"(mu,lambda)",0.3
EE,potencias,1,393,2.7189629145979684e-07,78830,30,200,1,discreta_global,"(mu,lambda)",0.3
EE,potencias,1,394,2.716442591838609e-07,79030,30,200,1,discreta_global,"(mu,lambda)",0.3
EE,potencias,1,395,2.713958172066109e-07,79230,30,200,1,discreta_global,"(mu,lambda)",0.3
EE,potencias,1,396,2.710400198853442e-07,79430,30,200,1,discreta_global,"(mu,lambda)",0.3
EE,potencias,1,397,2.708083011038722e-07,79630,30,200,1,discreta_global,"(mu,lambda)",0.3
EE,potencias,1,398,2.7033622567193873e-07,79830,30,200,1,discreta_global,"(mu,lambda)",0.3
EE,potencias,1,399,2.701429256901364e-07,80030,30,200,1,discreta_global,"(mu,lambda)",0.3
EE,potencias,1,400,2.6979474563020246e-07,80230,30,200,1,discreta_global,"(mu,lambda)",0.3
EE,potencias,1,401,2.67419892617737e-07,80430,30,200,1,discreta_global,"(mu,lambda)",0.3
EE,potencias,1,402,2.674800430202345e-07,80630,30,200,1,discreta_global,"(mu,lambda)",0.3
EE,potencias,1,403,2.6651085839301684e-07,80830,30,200,1,discreta_global,"(mu,lambda)",0.3
EE,potencias,1,404,2.657208710122069e-07,81030,30,200,1,discreta_global,"(mu,lambda)",0.3
EE,potencias,1,405,2.6516966329866396e-07,81230,30,200,1,discreta_global,"(mu,lambda)",0.3
EE,potencias,1,406,2.640568477416872e-07,81430,30,200,1,discreta_global,"(mu,lambda)",0.3
EE,potencias,1,407,2.6277364549324794e-07,81630,30,200,1,discreta_global,"(mu,lambda)",0.3
EE,potencias,1,408,2.6206341301825726e-07,81830,30,200,1,discreta_global,"(mu,lambda)",0.3
EE,potencias,1,409,2.618424590896766e-07,82030,30,200,1,discreta_global,"(mu,lambda)",0.3
EE,potencias,1,410,2.615618462415874e-07,82230,30,200,1,discreta_global,"(mu,lambda)",0.3
EE,potencias,1,411,2.6142873729016003e-07,82430,30,200,1,discreta_global,"(mu,lambda)",0.3
EE,potencias,1,412,2.6126053084262024e-07,82630,30,200,1,discreta_global,"(mu,lambda)",0.3
EE,potencias,1,413,2.609655746908831e-07,82830,30,200,1,discreta_global,"(mu,lambda)",0.3
EE,potencias,1,414,2.6037310013761714e-07,83030,30,200,1,discreta_global,"(mu,lambda)",0.3
EE,potencias,1,415,2.600458675161641e-07,83230,30,200,1,discreta_global,"(mu,lambda)",0.3
EE,potencias,1,416,2.597066418471499e-07,83430,30,200,1,discreta_global,"(mu,lambda)",0.3
EE,potencias,1,417,2.5931677742238016e-07,83630,30,200,1,discreta_global,"(mu,lambda)",0.3
EE,potencias,1,418,2.5888059662627296e-07,83830,30,200,1,discreta_global,"(mu,lambda)",0.3
EE,potencias,1,419,2.5867453010258516e-07,84030,30,200,1,discreta_global,"(mu,lambda)",0.3
EE,potencias,1,420,2.583983122752768e-07,84230,30,200,1,discreta_global,"(mu,lambda)",0.3
EE,potencias,1,421,2.5815099229154394e-07,84430,30,200,1,discreta_global,"(mu,lambda)",0.3
EE,potencias,1,422,2.576830919183964e-07,84630,30,200,1,discreta_global,"(mu,lambda)",0.3
EE,potencias,1,423,2.5753929942058607e-07,84830,30,200,1,discreta_global,"(mu,lambda)",0.3
EE,potencias,1,424,2.567348044883134e-07,85030,30,200,1,discreta_global,"(mu,lambda)",0.3
EE,potencias,1,425,2.55161974162658e-07,85230,30,200,1,discreta_global,"(mu,lambda)",0.3
EE,potencias,1,426,2.5525043686729785e-07,85430,30,200,1,discreta_global,"(mu,lambda)",0.3
EE,potencias,1,427,2.5478866047183036e-07,85630,30,200,1,discreta_global,"(mu,lambda)",0.3
EE,potencias,1,428,2.5425525624637187e-07,85830,30,200,1,discreta_global,"(mu,lambda)",0.3
EE,potencias,1,429,2.5402439713990995e-07,86030,30,200,1,discreta_global,"(mu,lambda)",0.3
EE,potencias,1,430,2.52240622496829e-07,86230,30,200,1,discreta_global,"(mu,lambda)",0.3
EE,potencias,1,431,2.5160670627838095e-07,86430,30,200,1,discreta_global,"(mu,lambda)",0.3
EE,potencias,1,432,2.512660995569525e-07,86630,30,200,1,discreta_global,"(mu,lambda)",0.3
EE,potencias,1,433,2.510816246661139e-07,86830,30,200,1,discreta_global,"(mu,lambda)",0.3
EE,potencias,1,434,2.510568324684184e-07,87030,30,200,1,discreta_global,"(mu,lambda)",0.3
EE,potencias,1,435,2.510126919613792e-07,87230,30,200,1,discreta_global,"(mu,lambda)",0.3
EE,potencias,1,436,2.5096712281181657e-07,87430,30,200,1,discreta_global,"(mu,lambda)",0.3
EE,potencias,1,437,2.5091083889171477e-07,87630,30,200,1,discreta_global,"(mu,lambda)",0.3
EE,potencias,1,438,2.5084553283365183e-07,87830,30,200,1,discreta_global,"(mu,lambda)",0.3
EE,potencias,1,439,2.507890215569299e-07,88030,30,200,1,discreta_global,"(mu,lambda)",0.3
EE,potencias,1,440,2.506442786142382e-07,88230,30,200,1,discreta_global,"(mu,lambda)",0.3
EE,potencias,1,441,2.504735037922222e-07,88430,30,200,1,discreta_global,"(mu,lambda)",0.3
EE,potencias,1,442,2.501532840691905e-07,88630,30,200,1,discreta_global,"(mu,lambda)",0.3
EE,potencias,1,443,2.499328419963211e-07,88830,30,200,1,discreta_global,"(mu,lambda)",0.3
EE,potencias,1,444,2.4968220478567176e-07,89030,30,200,1,discreta_global,"(mu,lambda)",0.3
EE,potencias,1,445,2.495037857392008e-07,89230,30,200,1,discreta_global,"(mu,lambda)",0.3
EE,potencias,1,446,2.493662461948278e-07,89430,30,200,1,discreta_global,"(mu,lambda)",0.3
EE,potencias,1,447,2.491159460872915e-07,89630,30,200,1,discreta_global,"(mu,lambda)",0.3
EE,potencias,1,448,2.4873165125673456e-07,89830,30,200,1,discreta_global,"(mu,lambda)",0.3
EE,potencias,1,449,2.4863811833325324e-07,90030,30,200,1,discreta_global,"(mu,lambda)",0.3
EE,potencias,1,450,2.4788466729733573e-07,90230,30,200,1,discreta_global,"(mu,lambda)",0.3
EE,potencias,1,451,2.478277408529029e-07,90430,30,200,1,discreta_global,"(mu,lambda)",0.3
EE,potencias,1,452,2.475141502787684e-07,90630,30,200,1,discreta_global,"(mu,lambda)",0.3
EE,potencias,1,453,2.4693661930462876e-07,90830,30,200,1,discreta_global,"(mu,lambda)",0.3
EE,potencias,1,454,2.469175488558768e-07,91030,30,200,1,discreta_global,"(mu,lambda)",0.3
EE,potencias,1,455,2.4657176307714036e-07,91230,30,200,1,discreta_global,"(mu,lambda)",0.3
EE,potencias,1,456,2.461002085474263e-07,91430,30,200,1,discreta_global,"(mu,lambda)",0.3
EE,potencias,1,457,2.4570537521805423e-07,91630,30,200,1,discreta_global,"(mu,lambda)",0.3
EE,potencias,1,458,2.452544493427629e-07,91830,30,200,1,discreta_global,"(mu,lambda)",0.3
EE,potencias,1,459,2.446453180009026e-07,92030,30,200,1,discreta_global,"(mu,lambda)",0.3
EE,potencias,1,460,2.441473920513892e-07,92230,30,200,1,discreta_global,"(mu,lambda)",0.3
EE,potencias,1,461,2.439401494598747e-07,92430,30,200,1,discreta_global,"(mu,lambda)",0.3
EE,potencias,1,462,2.435582209355284e-07,92630,30,200,1,discreta_global,"(mu,lambda)",0.3
EE,potencias,1,463,2.432030841399534e-07,92830,30,200,1,discreta_global,"(mu,lambda)",0.3
EE,potencias,1,464,2.4294552357340907e-07,93030,30,200,1,discreta_global,"(mu,lambda)",0.3
EE,potencias,1,465,2.4226726735410646e-07,93230,30,200,1,discreta_global,"(mu,lambda)",0.3
EE,potencias,1,466,2.423389925876292e-07,93430,30,200,1,discreta_global,"(mu,lambda)",0.3
EE,potencias,1,467,2.4191665643604576e-07,93630,30,200,1,discreta_global,"(mu,lambda)",0.3
EE,potencias,1,468,2.4183779332629264e-07,93830,30,200,1,discreta_global,"(mu,lambda)",0.3
EE,potencias,1,469,2.4165711232417355e-07,94030,30,200,1,discreta_global,"(mu,lambda)",0.3
EE,potencias,1,470,2.414086267408303e-07,94230,30,200,1,discreta_global,"(mu,lambda)",0.3
EE,potencias,1,471,2.411751207993109e-07,94430,30,200,1,discreta_global,"(mu,lambda)",0.3
EE,potencias,1,472,2.410627079123906e-07,94630,30,200,1,discreta_global,"(mu,lambda)",0.3
EE,potencias,1,473,2.404171072205324e-07,94830,30,200,1,discreta_global,"(mu,lambda)",0.3
EE,potencias,1,474,2.40176878058457e-07,95030,30,200,1,discreta_global,"(mu,lambda)",0.3
EE,potencias,1,475,2.4008179240149855e-07,95230,30,200,1,discreta_global,"(mu,lambda)",0.3
EE,potencias,1,476,2.400177858119531e-07,95430,30,200,1,discreta_global,"(mu,lambda)",0.3
EE,potencias,1,477,2.399039441866543e-07,95630,30,200,1,discreta_global,"(mu,lambda)",0.3
EE,potencias,1,478,2.3978639249105543e-07,95830,30,200,1,discreta_global,"(mu,lambda)",0.3
EE,potencias,1,479,2.394778583971839e-07,96030,30,200,1,discreta_global,"(mu,lambda)",0.3
EE,potencias,1,480,2.3942748651749563e-07,96230,30,200,1,discreta_global,"(mu,lambda)",0.3
EE,potencias,1,481,2.390049260578721e-07,96430,30,200,1,discreta_global,"(mu,lambda)",0.3
EE,potencias,1,482,2.388266885008981e-07,96630,30,200,1,discreta_global,"(mu,lambda)",0.3
EE,potencias,1,483,2.386735403874975e-07,96830,30,200,1,discreta_global,"(mu,lambda)",0.3
EE,potencias,1,484,2.384545858229935e-07,97030,30,200,1,discreta_global,"(mu,lambda)",0.3
EE,potencias,1,485,2.379974692707674e-07,97230,30,200,1,discreta_global,"(mu,lambda)",0.3
EE,potencias,1,486,2.3744759436822103e-07,97430,30,200,1,discreta_global,"(mu,lambda)",0.3
EE,potencias,1,487,2.3709737577901147e-07,97630,30,200,1,discreta_global,"(mu,lambda)",0.3
EE,potencias,1,488,2.3635747977846345e-07,97830,30,200,1,discreta_global,"(mu,lambda)",0.3
EE,potencias,1,489,2.3535834542112068e-07,98030,30,200,1,discreta_global,"(mu,lambda)",0.3
EE,potencias,1,490,2.3489025204238672e-07,98230,30,200,1,discreta_global,"(mu,lambda)",0.3
EE,potencias,1,491,2.346572650153985e-07,98430,30,200,1,discreta_global,"(mu,lambda)",0.3
EE,potencias,1,492,2.3429229566517625e-07,98630,30,200,1,discreta_global,"(mu,lambda)",0.3
EE,potencias,1,493,2.343263672215373e-07,98830,30,200,1,discreta_global,"(mu,lambda)",0.3
EE,potencias,1,494,2.3398578547440338e-07,99030,30,200,1,discreta_global,"(mu,lambda)",0.3
EE,potencias,1,495,2.3373979330551945e-07,99230,30,200,1,discreta_global,"(mu,lambda)",0.3
EE,potencias,1,496,2.3353377533073623e-07,99430,30,200,1,discreta_global,"(mu,lambda)",0.3
EE,potencias,1,497,2.333700522383288e-07,99630,30,200,1,discreta_global,"(mu,lambda)",0.3
EE,potencias,1,498,2.329200348906827e-07,99830,30,200,1,discreta_global,"(mu,lambda)",0.3
EE,potencias,1,499,2.324973750112013e-07,100030,30,200,1,discreta_global,"(mu,lambda)",0.3
EE,potencias,1,500,2.3200427225619488e-07,100230,30,200,1,discreta_global,"(mu,lambda)",0.3
EE,potencias,1,501,2.3190714999573874e-07,100430,30,200,1,discreta_global,"(mu,lambda)",0.3
EE,potencias,1,502,2.310767013562566e-07,100630,30,200,1,discreta_global,"(mu,lambda)",0.3
EE,potencias,1,503,2.3047073788530843e-07,100830,30,200,1,discreta_global,"(mu,lambda)",0.3
EE,potencias,1,504,2.2943208419523564e-07,101030,30,200,1,discreta_global,"(mu,lambda)",0.3
EE,potencias,1,505,2.2921380132902264e-07,101230,30,200,1,discreta_global,"(mu,lambda)",0.3
EE,potencias,1,506,2.2872560114887172e-07,101430,30,200,1,discreta_global,"(mu,lambda)",0.3
EE,potencias,1,507,2.2820074165338997e-07,101630,30,200,1,discreta_global,"(mu,lambda)",0.3
EE,potencias,1,508,2.2645880642306507e-07,101830,30,200,1,discreta_global,"(mu,lambda)",0.3
EE,potencias,1,509,2.2571396058643852e-07,102030,30,200,1,discreta_global,"(mu,lambda)",0.3
EE,potencias,1,510,2.2515587616609224e-07,102230,30,200,1,discreta_global,"(mu,lambda)",0.3
EE,potencias,1,511,2.241243766227315e-07,102430,30,200,1,discreta_global,"(mu,lambda)",0.3
EE,potencias,1,512,2.2386040008953182e-07,102630,30,200,1,discreta_global,"(mu,lambda)",0.3
EE,potencias,1,513,2.234205649430006e-07,102830,30,200,1,discreta_global,"(mu,lambda)",0.3
EE,potencias,1,514,2.2325147020977486e-07,103030,30,200,1,discreta_global,"(mu,lambda)",0.3
EE,potencias,1,515,2.2279978465660757e-07,103230,30,200,1,discreta_global,"(mu,lambda)",0.3
EE,potencias,1,516,2.2238789161651647e-07,103430,30,200,1,discreta_global,"(mu,lambda)",0.3
EE,potencias,1,517,2.223581106166096e-07,103630,30,200,1,discreta_global,"(mu,lambda)",0.3
EE,potencias,1,518,2.2231703769067354e-07,103830,30,200,1,discreta_global,"(mu,lambda)",0.3
EE,potencias,1,519,2.222160196387285e-07,104030,30,200,1,discreta_global,"(mu,lambda)",0.3
EE,potencias,1,520,2.2206654926536055e-07,104230,30,200,1,discreta_global,"(mu,lambda)",0.3
EE,potencias,1,521,2.2190538224431803e-07,104430,30,200,1,discreta_global,"(mu,lambda)",0.3
EE,potencias,1,522,2.2176483379568997e-07,104630,30,200,1,discreta_global,"(mu,lambda)",0.3
EE,potencias,1,523,2.2156407890380353e-07,104830,30,200,1,discreta_global,"(mu,lambda)",0.3
EE,potencias,1,524,2.2139672141301035e-07,105030,30,200,1,discreta_global,"(mu,lambda)",0.3
EE,potencias,1,525,2.210973297738134e-07,105230,30,200,1,discreta_global,"(mu,lambda)",0.3
EE,potencias,1,526,2.207676762620528e-07,105430,30,200,1,discreta_global,"(mu,lambda)",0.3
EE,potencias,1,527,2.2064960495698632e-07,105630,30,200,1,discreta_global,"(mu,lambda)",0.3
EE,potencias,1,528,2.1993807188266634e-07,105830,30,200,1,discreta_global,"(mu,lambda)",0.3
EE,potencias,1,529,2.182979704120387e-07,106030,30,200,1,discreta_global,"(mu,lambda)",0.3
EE,potencias,1,530,2.1882581381002381e-07,106230,30,200,1,discreta_global,"(mu,lambda)",0.3
EE,potencias,1,531,2.1789213044610687e-07,106430,30,200,1,discreta_global,"(mu,lambda)",0.3
EE,potencias,1,532,2.1746802347224948e-07,106630,30,200,1,discreta_global,"(mu,lambda)",0.3
EE,potencias,1,533,2.172807744803851e-07,106830,30,200,1,discreta_global,"(mu,lambda)",0.3
EE,potencias,1,534,2.1718141247431355e-07,107030,30,200,1,discreta_global,"(mu,lambda)",0.3
EE,potencias,1,535,2.1661358469145085e-07,107230,30,200,1,discreta_global,"(mu,lambda)",0.3
EE,potencias,1,536,2.1671429940936755e-07,107430,30,200,1,discreta_global,"(mu,lambda)",0.3
EE,potencias,1,537,2.1627125321633442e-07,107630,30,200,1,discreta_global,"(mu,lambda)",0.3
EE,potencias,1,538,2.159474386371451e-07,107830,30,200,1,discreta_global,"(mu,lambda)",0.3
EE,potencias,1,539,2.151843041911427e-07,108030,30,200,1,discreta_global,"(mu,lambda)",0.3
EE,potencias,1,540,2.150775152872247e-07,108230,30,200,1,discreta_global,"(mu,lambda)",0.3
EE,potencias,1,541,2.146146000386492e-07,108430,30,200,1,discreta_global,"(mu,lambda)",0.3
EE,potencias,1,542,2.1449110753030666e-07,108630,30,200,1,discreta_global,"(mu,lambda)",0.3
EE,potencias,1,543,2.1415093428169136e-07,108830,30,200,1,discreta_global,"(mu,lambda)",0.3
EE,potencias,1,544,2.1375899486913644e-07,109030,30,200,1,discreta_global,"(mu,lambda)",0.3
EE,potencias,1,545,2.1360729181415185e-07,109230,30,200,1,discreta_global,"(mu,lambda)",0.3
EE,potencias,1,546,2.1323446030854466e-07,109430,30,200,1,discreta_global,"(mu,lambda)",0.3
EE,potencias,1,547,2.130008425589329e-07,109630,30,200,1,discreta_global,"(mu,lambda)",0.3
EE,potencias,1,548,2.1284018589150565e-07,109830,30,200,1,discreta_global,"(mu,lambda)",0.3
EE,potencias,1,549,2.127963446656626e-07,110030,30,200,1,discreta_global,"(mu,lambda)",0.3
EE,potencias,1,550,2.1269136460831138e-07,110230,30,200,1,discreta_global,"(mu,lambda)",0.3
EE,potencias,1,551,2.1255086733682416e-07,110430,30,200,1,discreta_global,"(mu,lambda)",0.3
EE,potencias,1,552,2.1248686380480266e-07,110630,30,200,1,discreta_global,"(mu,lambda)",0.3
EE,potencias,1,553,2.1235193109844104e-07,110830,30,200,1,discreta_global,"(mu,lambda)",0.3
EE,potencias,1,554,2.120727676254045e-07,111030,30,200,1,discreta_global,"(mu,lambda)",0.3
EE,potencias,1,555,2.119582343939455e-07,111230,30,200,1,discreta_global,"(mu,lambda)",0.3
EE,potencias,1,556,2.116578755730449e-07,111430,30,200,1,discreta_global,"(mu,lambda)",0.3
EE,potencias,1,557,2.108352738619097e-07,111630,30,200,1,discreta_global,"(mu,lambda)",0.3
EE,potencias,1,558,2.1031744372991318e-07,111830,30,200,1,discreta_global,"(mu,lambda)",0.3
EE,potencias,1,559,2.0138350605858512e-07,112030,30,200,1,discreta_global,"(mu,lambda)",0.3
EE,potencias,1,560,2.0202414555017205e-07,112230,30,200,1,discreta_global,"(mu,lambda)",0.3
EE,potencias,1,561,2.018408610990413e-07,112430,30,200,1,discreta_global,"(mu,lambda)",0.3
EE,potencias,1,562,2.010253677308644e-07,112630,30,200,1,discreta_global,"(mu,lambda)",0.3
EE,potencias,1,563,1.9487704584589206e-07,112830,30,200,1,discreta_global,"(mu,lambda)",0.3
EE,potencias,1,564,1.872630486390621e-07,113030,30,200,1,discreta_global,"(mu,lambda)",0.3
EE,potencias,1,565,1.8740281942853457e-07,113230,30,200,1,discreta_global,"(mu,lambda)",0.3
EE,potencias,1,566,1.872781790869187e-07,113430,30,200,1,discreta_global,"(mu,lambda)",0.3
EE,potencias,1,567,1.8708088650175528e-07,113630,30,200,1,discreta_global,"(mu,lambda)",0.3
EE,potencias,1,568,1.8688537487371864e-07,113830,30,200,1,discreta_global,"(mu,lambda)",0.3
EE,potencias,1,569,1.8662762603710797e-07,114030,30,200,1,discreta_global,"(mu,lambda)",0.3
EE,potencias,1,570,1.8647844720438422e-07,114230,30,200,1,discreta_global,"(mu,lambda)",0.3
EE,potencias,1,571,1.862815293564915e-07,114430,30,200,1,discreta_global,"(mu,lambda)",0.3
EE,potencias,1,572,1.8602740403635043e-07,114630,30,200,1,discreta_global,"(mu,lambda)",0.3
EE,potencias,1,573,1.859745637944399e-07,114830,30,200,1,discreta_global,"(mu,lambda)",0.3
EE,potencias,1,574,1.8574946176092822e-07,115030,30,200,1,discreta_global,"(mu,lambda)",0.3
EE,potencias,1,575,1.8571955733085978e-07,115230,30,200,1,discreta_global,"(mu,lambda)",0.3
EE,potencias,1,576,1.8568420554767315e-07,115430,30,200,1,discreta_global,"(mu,lambda)",0.3
EE,potencias,1,577,1.855251002884813e-07,115630,30,200,1,discreta_global,"(mu,lambda)",0.3
EE,potencias,1,578,1.8548281478334569e-07,115830,30,200,1,discreta_global,"(mu,lambda)",0.3
EE,potencias,1,579,1.8533397189823965e-07,116030,30,200,1,discreta_global,"(mu,lambda)",0.3
EE,potencias,1,580,1.8524141952484909e-07,116230,30,200,1,discreta_global,"(mu,lambda)",0.3
EE,potencias,1,581,1.852119797728767e-07,116430,30,200,1,discreta_global,"(mu,lambda)",0.3
EE,potencias,1,582,1.8511887747945615e-07,116630,30,200,1,discreta_global,"(mu,lambda)",0.3
EE,potencias,1,583,1.8502761656904006e-07,116830,30,200,1,discreta_global,"(mu,lambda)",0.3
EE,potencias,1,584,1.84802778274587e-07,117030,30,200,1,discreta_global,"(mu,lambda)",0.3
EE,potencias,1,585,1.8467983696496103e-07,117230,30,200,1,discreta_global,"(mu,lambda)",0.3
EE,potencias,1,586,1.8454305847265832e-07,117430,30,200,1,discreta_global,"(mu,lambda)",0.3
EE,potencias,1,587,1.8406823945045302e-07,117630,30,200,1,discreta_global,"(mu,lambda)",0.3
EE,potencias,1,588,1.8404064480603378e-07,117830,30,200,1,discreta_global,"(mu,lambda)",0.3
EE,potencias,1,589,1.8364612623400424e-07,118030,30,200,1,discreta_global,"(mu,lambda)",0.3
EE,potencias,1,590,1.8353036011511645e-07,118230,30,200,1,discreta_global,"(mu,lambda)",0.3
EE,potencias,1,591,1.8345196760975968e-07,118430,30,200,1,discreta_global,"(mu,lambda)",0.3
EE,potencias,1,592,1.83324771344088e-07,118630,30,200,1,discreta_global,"(mu,lambda)",0.3
EE,potencias,1,593,1.8326682399221309e-07,118830,30,200,1,discreta_global,"(mu,lambda)",0.3
EE,potencias,1,594,1.8313435202361e-07,119030,30,200,1,discreta_global,"(mu,lambda)",0.3
EE,potencias,1,595,1.8297291932103843e-07,119230,30,200,1,discreta_global,"(mu,lambda)",0.3
EE,potencias,1,596,1.8291649326386737e-07,119430,30,200,1,discreta_global,"(mu,lambda)",0.3
EE,potencias,1,597,1.8279341188041562e-07,119630,30,200,1,discreta_global,"(mu,lambda)",0.3
EE,potencias,1,598,1.8254517023870588e-07,119830,30,200,1,discreta_global,"(mu,lambda)",0.3
EE,potencias,1,599,1.824409459894574e-07,120030,30,200,1,discreta_global,"(mu,lambda)",0.3
EE,potencias,1,600,1.8211036588377256e-07,120230,30,200,1,discreta_global,"(mu,lambda)",0.3
EE,potencias,1,601,1.8178850500776668e-07,120430,30,200,1,discreta_global,"(mu,lambda)",0.3
EE,potencias,1,602,1.8175038542352e-07,120630,30,200,1,discreta_global,"(mu,lambda)",0.3
EE,potencias,1,603,1.8164225820383574e-07,120830,30,200,1,discreta_global,"(mu,lambda)",0.3
EE,potencias,1,604,1.8157606067234748e-07,121030,30,200,1,discreta_global,"(mu,lambda)",0.3
EE,potencias,1,605,1.8152551314981034e-07,121230,30,200,1,discreta_global,"(mu,lambda)",0.3
EE,potencias,1,606,1.814212919980974e-07,121430,30,200,1,discreta_global,"(mu,lambda)",0.3
EE,potencias,1,607,1.8133305819708265e-07,121630,30,200,1,discreta_global,"(mu,lambda)",0.3
EE,potencias,1,608,1.8120127676836744e-07,121830,30,200,1,discreta_global,"(mu,lambda)",0.3
EE,potencias,1,609,1.8033839362357936e-07,122030,30,200,1,discreta_global,"(mu,lambda)",0.3
EE,potencias,1,610,1.801991519259456e-07,122230,30,200,1,discreta_global,"(mu,lambda)",0.3
EE,potencias,1,611,1.8005716304509677e-07,122430,30,200,1,discreta_global,"(mu,lambda)",0.3
EE,potencias,1,612,1.8005673471271049e-07,122630,30,200,1,discreta_global,"(mu,lambda)",0.3
EE,potencias,1,613,1.7986727891427064e-07,122830,30,200,1,discreta_global,"(mu,lambda)",0.3
EE,potencias,1,614,1.7954987435640826e-07,123030,30,200,1,discreta_global,"(mu,lambda)",0.3
EE,potencias,1,615,1.7940391399984286e-07,123230,30,200,1,discreta_global,"(mu,lambda)",0.3
EE,potencias,1,616,1.789996488862563e-07,123430,30,200,1,discreta_global,"(mu,lambda)",0.3
EE,potencias,1,617,1.788983041817856e-07,123630,30,200,1,discreta_global,"(mu,lambda)",0.3
EE,potencias,1,618,1.7874244500140846e-07,123830,30,200,1,discreta_global,"(mu,lambda)",0.3
EE,potencias,1,619,1.7867262428840894e-07,124030,30,200,1,discreta_global,"(mu,lambda)",0.3
EE,potencias,1,620,1.7848611010927459e-07,124230,30,200,1,discreta_global,"(mu,lambda)",0.3
EE,potencias,1,621,1.7792045709647132e-07,124430,30,200,1,discreta_global,"(mu,lambda)",0.3
EE,potencias,1,622,1.7781888729045607e-07,124630,30,200,1,discreta_global,"(mu,lambda)",0.3
EE,potencias,1,623,1.7758391320816199e-07,124830,30,200,1,discreta_global,"(mu,lambda)",0.3
EE,potencias,1,624,1.7746804680094326e-07,125030,30,200,1,discreta_global,"(mu,lambda)",0.3
EE,potencias,1,625,1.773492264295062e-07,125230,30,200,1,discreta_global,"(mu,lambda)",0.3
EE,potencias,1,626,1.772343758231864e-07,125430,30,200,1,discreta_global,"(mu,lambda)",0.3
EE,potencias,1,627,1.7715841327029729e-07,125630,30,200,1,discreta_global,"(mu,lambda)",0.3
EE,potencias,1,628,1.765966170583846e-07,125830,30,200,1,discreta_global,"(mu,lambda)",0.3
EE,potencias,1,629,1.7642854757844465e-07,126030,30,200,1,discreta_global,"(mu,lambda)",0.3
EE,potencias,1,630,1.7616102116772074e-07,126230,30,200,1,discreta_global,"(mu,lambda)",0.3
EE,potencias,1,631,1.7576914386626058e-07,126430,30,200,1,discreta_global,"(mu,lambda)",0.3
EE,potencias,1,632,1.7540300307468672e-07,126630,30,200,1,discreta_global,"(mu,lambda)",0.3
EE,potencias,1,633,1.7521752282516474e-07,126830,30,200,1,discreta_global,"(mu,lambda)",0.3
EE,potencias,1,634,1.750405598111971e-07,127030,30,200,1,discreta_global,"(mu,lambda)",0.3
EE,potencias,1,635,1.7501797718849713e-07,127230,30,200,1,discreta_global,"(mu,lambda)",0.3
EE,potencias,1,636,1.7501675040038282e-07,127430,30,200,1,discreta_global,"(mu,lambda)",0.3
EE,potencias,1,637,1.750139768182497e-07,127630,30,200,1,discreta_global,"(mu,lambda)",0.3
EE,potencias,1,638,1.7501323388138562e-07,127830,30,200,1,discreta_global,"(mu,lambda)",0.3
EE,potencias,1,639,1.7501222162526046e-07,128030,30,200,1,discreta_global,"(mu,lambda)",0.3
EE,potencias,1,640,1.750098011657209e-07,128230,30,200,1,discreta_global,"(mu,lambda)",0.3
EE,potencias,1,641,1.750078934174291e-07,128430,30,200,1,discreta_global,"(mu,lambda)",0.3
EE,potencias,1,642,1.7499957655832094e-07,128630,30,200,1,discreta_global,"(mu,lambda)",0.3
EE,potencias,1,643,1.7499617918957177e-07,128830,30,200,1,discreta_global,"(mu,lambda)",0.3
EE,potencias,1,644,1.7498531032534704e-07,129030,30,200,1,discreta_global,"(mu,lambda)",0.3
EE,potencias,1,645,1.7497929002932557e-07,129230,30,200,1,discreta_global,"(mu,lambda)",0.3
EE,potencias,1,646,1.7497280086200233e-07,129430,30,200,1,discreta_global,"(mu,lambda)",0.3
EE,potencias,1,647,1.7495570212111986e-07,129630,30,200,1,discreta_global,"(mu,lambda)",0.3
EE,potencias,1,648,1.749251926420558e-07,129830,30,200,1,discreta_global,"(mu,lambda)",0.3
EE,potencias,1,649,1.748849091401146e-07,130030,30,200,1,discreta_global,"(mu,lambda)",0.3
EE,potencias,1,650,1.748199531087209e-07,130230,30,200,1,discreta_global,"(mu,lambda)",0.3
EE,potencias,1,651,1.7477327997463225e-07,130430,30,200,1,discreta_global,"(mu,lambda)",0.3
EE,potencias,1,652,1.7471228295922423e-07,130630,30,200,1,discreta_global,"(mu,lambda)",0.3
EE,potencias,1,653,1.7455893178829072e-07,130830,30,200,1,discreta_global,"(mu,lambda)",0.3
EE,potencias,1,654,1.743546871964688e-07,131030,30,200,1,discreta_global,"(mu,lambda)",0.3
EE,potencias,1,655,1.741967756573548e-07,131230,30,200,1,discreta_global,"(mu,lambda)",0.3
EE,potencias,1,656,1.7394183199282953e-07,131430,30,200,1,discreta_global,"(mu,lambda)",0.3
EE,potencias,1,657,1.7365359023067595e-07,131630,30,200,1,discreta_global,"(mu,lambda)",0.3
EE,potencias,1,658,1.7324704310315248e-07,131830,30,200,1,discreta_global,"(mu,lambda)",0.3
EE,potencias,1,659,1.7280536647500485e-07,132030,30,200,1,discreta_global,"(mu,lambda)",0.3
EE,potencias,1,660,1.7193887704658358e-07,132230,30,200,1,discreta_global,"(mu,lambda)",0.3
EE,potencias,1,661,1.7185929520159836e-07,132430,30,200,1,discreta_global,"(mu,lambda)",0.3
EE,potencias,1,662,1.715699762010141e-07,132630,30,200,1,discreta_global,"(mu,lambda)",0.3
EE,potencias,1,663,1.7151801558031587e-07,132830,30,200,1,discreta_global,"(mu,lambda)",0.3
EE,potencias,1,664,1.7147128899960198e-07,133030,30,200,1,discreta_global,"(mu,lambda)",0.3
EE,potencias,1,665,1.7140791560671454e-07,133230,30,200,1,discreta_global,"(mu,lambda)",0.3
EE,potencias,1,666,1.712265834737913e-07,133430,30,200,1,discreta_global,"(mu,lambda)",0.3
EE,potencias,1,667,1.7111807937952373e-07,133630,30,200,1,discreta_global,"(mu,lambda)",0.3
EE,potencias,1,668,1.708756186558766e-07,133830,30,200,1,discreta_global,"(mu,lambda)",0.3
EE,potencias,1,669,1.7065513891496161e-07,134030,30,200,1,discreta_global,"(mu,lambda)",0.3
EE,potencias,1,670,1.7042537851872307e-07,134230,30,200,1,discreta_global,"(mu,lambda)",0.3
EE,potencias,1,671,1.7040350037938006e-07,134430,30,200,1,discreta_global,"(mu,lambda)",0.3
EE,potencias,1,672,1.7024896622253402e-07,134630,30,200,1,discreta_global,"(mu,lambda)",0.3
EE,potencias,1,673,1.70144721519128e-07,134830,30,200,1,discreta_global,"(mu,lambda)",0.3
EE,potencias,1,674,1.699125800494948e-07,135030,30,200,1,discreta_global,"(mu,lambda)",0.3
EE,potencias,1,675,1.6947894885426065e-07,135230,30,200,1,discreta_global,"(mu,lambda)",0.3
EE,potencias,1,676,1.692347999021719e-07,135430,30,200,1,discreta_global,"(mu,lambda)",0.3
EE,potencias,1,677,1.687637225120637e-07,135630,30,200,1,discreta_global,"(mu,lambda)",0.3
EE,potencias,1,678,1.6861390762020632e-07,135830,30,200,1,discreta_global,"(mu,lambda)",0.3
EE,potencias,1,679,1.6843403548203335e-07,136030,30,200,1,discreta_global,"(mu,lambda)",0.3
EE,potencias,1,680,1.679197637873419e-07,136230,30,200,1,discreta_global,"(mu,lambda)",0.3
EE,potencias,1,681,1.664979215069255e-07,136430,30,200,1,discreta_global,"(mu,lambda)",0.3
EE,potencias,1,682,1.6678823011621852e-07,136630,30,200,1,discreta_global,"(mu,lambda)",0.3
EE,potencias,1,683,1.654494724110047e-07,136830,30,200,1,discreta_global,"(mu,lambda)",0.3
EE,potencias,1,684,1.6537255867107092e-07,137030,30,200,1,discreta_global,"(mu,lambda)",0.3
EE,potencias,1,685,1.6499127469986453e-07,137230,30,200,1,discreta_global,"(mu,lambda)",0.3
EE,potencias,1,686,1.6426042653573945e-07,137430,30,200,1,discreta_global,"(mu,lambda)",0.3
EE,potencias,1,687,1.6356226201352872e-07,137630,30,200,1,discreta_global,"(mu,lambda)",0.3
EE,potencias,1,688,1.62905067637647e-07,137830,30,200,1,discreta_global,"(mu,lambda)",0.3
EE,potencias,1,689,1.6264728692466444e-07,138030,30,200,1,discreta_global,"(mu,lambda)",0.3
EE,potencias,1,690,1.6261620128232997e-07,138230,30,200,1,discreta_global,"(mu,lambda)",0.3
EE,potencias,1,691,1.6236801329763312e-07,138430,30,200,1,discreta_global,"(mu,lambda)",0.3
EE,potencias,1,692,1.618698388074085e-07,138630,30,200,1,discreta_global,"(mu,lambda)",0.3
EE,potencias,1,693,1.6181550178745333e-07,138830,30,200,1,discreta_global,"(mu,lambda)",0.3
EE,potencias,1,694,1.616805769225357e-07,139030,30,200,1,discreta_global,"(mu,lambda)",0.3
EE,potencias,1,695,1.615282866228847e-07,139230,30,200,1,discreta_global,"(mu,lambda)",0.3
EE,potencias,1,696,1.614101645429761e-07,139430,30,200,1,discreta_global,"(mu,lambda)",0.3
EE,potencias,1,697,1.6120544255530115e-07,139630,30,200,1,discreta_global,"(mu,lambda)",0.3
EE,potencias,1,698,1.611498249745197e-07,139830,30,200,1,discreta_global,"(mu,lambda)",0.3
EE,potencias,1,699,1.6102662906527904e-07,140030,30,200,1,discreta_global,"(mu,lambda)",0.3
EE,potencias,1,700,1.6047727145785333e-07,140230,30,200,1,discreta_global,"(mu,lambda)",0.3
EE,potencias,1,701,1.604110364299021e-07,140430,30,200,1,discreta_global,"(mu,lambda)",0.3
EE,potencias,1,702,1.6019475428005844e-07,140630,30,200,1,discreta_global,"(mu,lambda)",0.3
EE,potencias,1,703,1.5989139736883634e-07,140830,30,200,1,discreta_global,"(mu,lambda)",0.3
EE,potencias,1,704,1.5981982479065007e-07,141030,30,200,1,discreta_global,"(mu,lambda)",0.3
EE,potencias,1,705,1.596323874176981e-07,141230,30,200,1,discreta_global,"(mu,lambda)",0.3
EE,potencias,1,706,1.5956584790308987e-07,141430,30,200,1,discreta_global,"(mu,lambda)",0.3
EE,potencias,1,707,1.5938293569088573e-07,141630,30,200,1,discreta_global,"(mu,lambda)",0.3
EE,potencias,1,708,1.5918150531845565e-07,141830,30,200,1,discreta_global,"(mu,lambda)",0.3
EE,potencias,1,709,1.588049640771761e-07,142030,30,200,1,discreta_global,"(mu,lambda)",0.3
EE,potencias,1,710,1.5856615626729912e-07,142230,30,200,1,discreta_global,"(mu,lambda)",0.3
EE,potencias,1,711,1.5845367772974624e-07,142430,30,200,1,discreta_global,"(mu,lambda)",0.3
EE,potencias,1,712,1.5813665365908644e-07,142630,30,200,1,discreta_global,"(mu,lambda)",0.3
EE,potencias,1,713,1.5799601914147806e-07,142830,30,200,1,discreta_global,"(mu,lambda)",0.3
EE,potencias,1,714,1.5793445196944073e-07,143030,30,200,1,discreta_global,"(mu,lambda)",0.3
EE,potencias,1,715,1.5787196831808405e-07,143230,30,200,1,discreta_global,"(mu,lambda)",0.3
EE,potencias,1,716,1.5780051219496989e-07,143430,30,200,1,discreta_global,"(mu,lambda)",0.3
EE,potencias,1,717,1.5768947221093934e-07,143630,30,200,1,discreta_global,"(mu,lambda)",0.3
EE,potencias,1,718,1.576554205974019e-07,143830,30,200,1,discreta_global,"(mu,lambda)",0.3
EE,potencias,1,719,1.5754993964083886e-07,144030,30,200,1,discreta_global,"(mu,lambda)",0.3
EE,potencias,1,720,1.5747487511033493e-07,144230,30,200,1,discreta_global,"(mu,lambda)",0.3
EE,potencias,1,721,1.5735443584446698e-07,144430,30,200,1,discreta_global,"(mu,lambda)",0.3
EE,potencias,1,722,1.572451651697186e-07,144630,30,200,1,discreta_global,"(mu,lambda)",0.3
EE,potencias,1,723,1.5710151095664102e-07,144830,30,200,1,discreta_global,"(mu,lambda)",0.3
EE,potencias,1,724,1.5693735996691927e-07,145030,30,200,1,discreta_global,"(mu,lambda)",0.3
EE,potencias,1,725,1.566206809834999e-07,145230,30,200,1,discreta_global,"(mu,lambda)",0.3
EE,potencias,1,726,1.5621560854091146e-07,145430,30,200,1,discreta_global,"(mu,lambda)",0.3
EE,potencias,1,727,1.5560191983478018e-07,145630,30,200,1,discreta_global,"(mu,lambda)",0.3
EE,potencias,1,728,1.5495513848156004e-07,145830,30,200,1,discreta_global,"(mu,lambda)",0.3
EE,potencias,1,729,1.550396434160076e-07,146030,30,200,1,discreta_global,"(mu,lambda)",0.3
EE,potencias,1,730,1.5446094898104255e-07,146230,30,200,1,discreta_global,"(mu,lambda)",0.3
EE,potencias,1,731,1.5431052508485998e-07,146430,30,200,1,discreta_global,"(mu,lambda)",0.3
EE,potencias,1,732,1.541327510629954e-07,146630,30,200,1,discreta_global,"(mu,lambda)",0.3
EE,potencias,1,733,1.5345013416490492e-07,146830,30,200,1,discreta_global,"(mu,lambda)",0.3
EE,potencias,1,734,1.534131394761004e-07,147030,30,200,1,discreta_global,"(mu,lambda)",0.3
EE,potencias,1,735,1.5325735956685789e-07,147230,30,200,1,discreta_global,"(mu,lambda)",0.3
EE,potencias,1,736,1.5305786721871533e-07,147430,30,200,1,discreta_global,"(mu,lambda)",0.3
EE,potencias,1,737,1.5270081904770483e-07,147630,30,200,1,discreta_global,"(mu,lambda)",0.3
EE,potencias,1,738,1.5226484932997966e-07,147830,30,200,1,discreta_global,"(mu,lambda)",0.3
EE,potencias,1,739,1.519304060742215e-07,148030,30,200,1,discreta_global,"(mu,lambda)",0.3
EE,potencias,1,740,1.5172851016207376e-07,148230,30,200,1,discreta_global,"(mu,lambda)",0.3
EE,potencias,1,741,1.5155453670080387e-07,148430,30,200,1,discreta_global,"(mu,lambda)",0.3
EE,potencias,1,742,1.5130770348844155e-07,148630,30,200,1,discreta_global,"(mu,lambda)",0.3
EE,potencias,1,743,1.5091927115349694e-07,148830,30,200,1,discreta_global,"(mu,lambda)",0.3
EE,potencias,1,744,1.505318115665759e-07,149030,30,200,1,discreta_global,"(mu,lambda)",0.3
EE,potencias,1,745,1.5018746624392721e-07,149230,30,200,1,discreta_global,"(mu,lambda)",0.3
EE,potencias,1,746,1.5004387425661454e-07,149430,30,200,1,discreta_global,"(mu,lambda)",0.3
EE,potencias,1,747,1.4988868959208845e-07,149630,30,200,1,discreta_global,"(mu,lambda)",0.3
EE,potencias,1,748,1.4975700082564363e-07,149830,30,200,1,discreta_global,"(mu,lambda)",0.3
EE,potencias,1,749,1.4933232248621235e-07,150030,30,200,1,discreta_global,"(mu,lambda)",0.3
EE,potencias,1,750,1.4926236287283057e-07,150230,30,200,1,discreta_global,"(mu,lambda)",0.3
EE,potencias,1,751,1.492110062267694e-07,150430,30,200,1,discreta_global,"(mu,lambda)",0.3
EE,potencias,1,752,1.4902054408085018e-07,150630,30,200,1,discreta_global,"(mu,lambda)",0.3
EE,potencias,1,753,1.4900568756460996e-07,150830,30,200,1,discreta_global,"(mu,lambda)",0.3
EE,potencias,1,754,1.488837785997805e-07,151030,30,200,1,discreta_global,"(mu,lambda)",0.3
EE,potencias,1,755,1.4885768968993028e-07,151230,30,200,1,discreta_global,"(mu,lambda)",0.3
EE,potencias,1,756,1.4854507001038248e-07,151430,30,200,1,discreta_global,"(mu,lambda)",0.3
EE,potencias,1,757,1.4845042281984854e-07,151630,30,200,1,discreta_global,"(mu,lambda)",0.3
EE,potencias,1,758,1.4833772705864092e-07,151830,30,200,1,discreta_global,"(mu,lambda)",0.3
EE,potencias,1,759,1.4818844360024873e-07,152030,30,200,1,discreta_global,"(mu,lambda)",0.3
EE,potencias,1,760,1.4808742502483138e-07,152230,30,200,1,discreta_global,"(mu,lambda)",0.3
EE,potencias,1,761,1.4791907187905999e-07,152430,30,200,1,discreta_global,"(mu,lambda)",0.3
EE,potencias,1,762,1.4775247964334236e-07,152630,30,200,1,discreta_global,"(mu,lambda)",0.3
EE,potencias,1,763,1.4761839734415439e-07,152830,30,200,1,discreta_global,"(mu,lambda)",0.3
EE,potencias,1,764,1.475597257645547e-07,153030,30,200,1,discreta_global,"(mu,lambda)",0.3
EE,potencias,1,765,1.4736636533635758e-07,153230,30,200,1,discreta_global,"(mu,lambda)",0.3
EE,potencias,1,766,1.4710759609587694e-07,153430,30,200,1,discreta_global,"(mu,lambda)",0.3
EE,potencias,1,767,1.4707173249184354e-07,153630,30,200,1,discreta_global,"(mu,lambda)",0.3
EE,potencias,1,768,1.4666230796086012e-07,153830,30,200,1,discreta_global,"(mu,lambda)",0.3
EE,potencias,1,769,1.4670680657022152e-07,154030,30,200,1,discreta_global,"(mu,lambda)",0.3
EE,potencias,1,770,1.4599022714541094e-07,154230,30,200,1,discreta_global,"(mu,lambda)",0.3
EE,potencias,1,771,1.458393454928215e-07,154430,30,200,1,discreta_global,"(mu,lambda)",0.3
EE,potencias,1,772,1.4581845069056718e-07,154630,30,200,1,discreta_global,"(mu,lambda)",0.3
EE,potencias,1,773,1.4572221076287422e-07,154830,30,200,1,discreta_global,"(mu,lambda)",0.3
EE,potencias,1,774,1.4566276555385043e-07,155030,30,200,1,discreta_global,"(mu,lambda)",0.3
EE,potencias,1,775,1.4549623465927205e-07,155230,30,200,1,discreta_global,"(mu,lambda)",0.3
EE,potencias,1,776,1.453288845924835e-07,155430,30,200,1,discreta_global,"(mu,lambda)",0.3
EE,potencias,1,777,1.4531161904855547e-07,155630,30,200,1,discreta_global,"(mu,lambda)",0.3
EE,potencias,1,778,1.4505611436270611e-07,155830,30,200,1,discreta_global,"(mu,lambda)",0.3
EE,potencias,1,779,1.447106722649118e-07,156030,30,200,1,discreta_global,"(mu,lambda)",0.3
EE,potencias,1,780,1.4470283131301233e-07,156230,30,200,1,discreta_global,"(mu,lambda)",0.3
EE,potencias,1,781,1.445684994547183e-07,156430,30,200,1,discreta_global,"(mu,lambda)",0.3
EE,potencias,1,782,1.4412725781777244e-07,156630,30,200,1,discreta_global,"(mu,lambda)",0.3
EE,potencias,1,783,1.4350791161149245e-07,156830,30,200,1,discreta_global,"(mu,lambda)",0.3
EE,potencias,1,784,1.4266978029856648e-07,157030,30,200,1,discreta_global,"(mu,lambda)",0.3
EE,potencias,1,785,1.4257520071162923e-07,157230,30,200,1,discreta_global,"(mu,lambda)",0.3
EE,potencias,1,786,1.420572992555636e-07,157430,30,200,1,discreta_global,"(mu,lambda)",0.3
EE,potencias,1,787,1.4184836151288533e-07,157630,30,200,1,discreta_global,"(mu,lambda)",0.3
EE,potencias,1,788,1.4170831262815112e-07,157830,30,200,1,discreta_global,"(mu,lambda)",0.3
EE,potencias,1,789,1.4167914675707594e-07,158030,30,200,1,discreta_global,"(mu,lambda)",0.3
EE,potencias,1,790,1.4165999771197365e-07,158230,30,200,1,discreta_global,"(mu,lambda)",0.3
EE,potencias,1,791,1.416161485026815e-07,158430,30,200,1,discreta_global,"(mu,lambda)",0.3
EE,potencias,1,792,1.4161139419492392e-07,158630,30,200,1,discreta_global,"(mu,lambda)",0.3
EE,potencias,1,793,1.4158038555101274e-07,158830,30,200,1,discreta_global,"(mu,lambda)",0.3
EE,potencias,1,794,1.4156726282873421e-07,159030,30,200,1,discreta_global,"(mu,lambda)",0.3
EE,potencias,1,795,1.415445258470687e-07,159230,30,200,1,discreta_global,"(mu,lambda)",0.3
EE,potencias,1,796,1.4150237681582045e-07,159430,30,200,1,discreta_global,"(mu,lambda)",0.3
EE,potencias,1,797,1.4146217273214914e-07,159630,30,200,1,discreta_global,"(mu,lambda)",0.3
EE,potencias,1,798,1.4121905562256173e-07,159830,30,200,1,discreta_global,"(mu,lambda)",0.3
EE,potencias,1,799,1.4109841165557112e-07,160030,30,200,1,discreta_global,"(mu,lambda)",0.3
EE,potencias,1,800,1.4093896427909105e-07,160230,30,200,1,discreta_global,"(mu,lambda)",0.3
EE,potencias,1,801,1.4057848919318847e-07,160430,30,200,1,discreta_global,"(mu,lambda)",0.3
EE,potencias,1,802,1.404592128304135e-07,160630,30,200,1,discreta_global,"(mu,lambda)",0.3
EE,potencias,1,803,1.4036590552878178e-07,160830,30,200,1,discreta_global,"(mu,lambda)",0.3
EE,potencias,1,804,1.4035792180861722e-07,161030,30,200,1,discreta_global,"(mu,lambda)",0.3
EE,potencias,1,805,1.4028999101871084e-07,161230,30,200,1,discreta_global,"(mu,lambda)",0.3
EE,potencias,1,806,1.400656784445845e-07,161430,30,200,1,discreta_global,"(mu,lambda)",0.3
EE,potencias,1,807,1.4006965325729814e-07,161630,30,200,1,discreta_global,"(mu,lambda)",0.3
EE,potencias,1,808,1.400085455729712e-07,161830,30,200,1,discreta_global,"(mu,lambda)",0.3
EE,potencias,1,809,1.3996822637250177e-07,162030,30,200,1,discreta_global,"(mu,lambda)",0.3
EE,potencias,1,810,1.3989009581134498e-07,162230,30,200,1,discreta_global,"(mu,lambda)",0.3
EE,potencias,1,811,1.397538399597116e-07,162430,30,200,1,discreta_global,"(mu,lambda)",0.3
EE,potencias,1,812,1.3958118734480274e-07,162630,30,200,1,discreta_global,"(mu,lambda)",0.3
EE,potencias,1,813,1.395721271328017e-07,162830,30,200,1,discreta_global,"(mu,lambda)",0.3
EE,potencias,1,814,1.3943628552126636e-07,163030,30,200,1,discreta_global,"(mu,lambda)",0.3
EE,potencias,1,815,1.3916131333439157e-07,163230,30,200,1,discreta_global,"(mu,lambda)",0.3
EE,potencias,1,816,1.3912947303904467e-07,163430,30,200,1,discreta_global,"(mu,lambda)",0.3
EE,potencias,1,817,1.391152313731529e-07,163630,30,200,1,discreta_global,"(mu,lambda)",0.3
EE,potencias,1,818,1.3903347536689253e-07,163830,30,200,1,discreta_global,"(mu,lambda)",0.3
EE,potencias,1,819,1.3891671166768527e-07,164030,30,200,1,discreta_global,"(mu,lambda)",0.3
EE,potencias,1,820,1.389179496798609e-07,164230,30,200,1,discreta_global,"(mu,lambda)",0.3
EE,potencias,1,821,1.3882556242001426e-07,164430,30,200,1,discreta_global,"(mu,lambda)",0.3
EE,potencias,1,822,1.386075443943057e-07,164630,30,200,1,discreta_global,"(mu,lambda)",0.3
EE,potencias,1,823,1.3858215698953976e-07,164830,30,200,1,discreta_global,"(mu,lambda)",0.3
EE,potencias,1,824,1.3840974982032557e-07,165030,30,200,1,discreta_global,"(mu,lambda)",0.3
EE,potencias,1,825,1.382329394170624e-07,165230,30,200,1,discreta_global,"(mu,lambda)",0.3
EE,potencias,1,826,1.381667348925305e-07,165430,30,200,1,discreta_global,"(mu,lambda)",0.3
EE,potencias,1,827,1.3784999618659524e-07,165630,30,200,1,discreta_global,"(mu,lambda)",0.3
EE,potencias,1,828,1.3731770924224874e-07,165830,30,200,1,discreta_global,"(mu,lambda)",0.3
EE,potencias,1,829,1.3715912133032798e-07,166030,30,200,1,discreta_global,"(mu,lambda)",0.3
EE,potencias,1,830,1.3659900476684374e-07,166230,30,200,1,discreta_global,"(mu,lambda)",0.3
EE,potencias,1,831,1.3638102137587252e-07,166430,30,200,1,discreta_global,"(mu,lambda)",0.3
EE,potencias,1,832,1.3573886830799594e-07,166630,30,200,1,discreta_global,"(mu,lambda)",0.3
EE,potencias,1,833,1.3572600584282573e-07,166830,30,200,1,discreta_global,"(mu,lambda)",0.3
EE,potencias,1,834,1.3566965905222668e-07,167030,30,200,1,discreta_global,"(mu,lambda)",0.3
EE,potencias,1,835,1.3567441195930204e-07,167230,30,200,1,discreta_global,"(mu,lambda)",0.3
EE,potencias,1,836,1.356419668517602e-07,167430,30,200,1,discreta_global,"(mu,lambda)",0.3
EE,potencias,1,837,1.3558736228363708e-07,167630,30,200,1,discreta_global,"(mu,lambda)",0.3
EE,potencias,1,838,1.3552908114546398e-07,167830,30,200,1,discreta_global,"(mu,lambda)",0.3
EE,potencias,1,839,1.3551943707604101e-07,168030,30,200,1,discreta_global,"(mu,lambda)",0.3
EE,potencias,1,840,1.354798053239957e-07,168230,30,200,1,discreta_global,"(mu,lambda)",0.3
EE,potencias,1,841,1.3537353585934064e-07,168430,30,200,1,discreta_global,"(mu,lambda)",0.3
EE,potencias,1,842,1.3532876001582184e-07,168630,30,200,1,discreta_global,"(mu,lambda)",0.3
EE,potencias,1,843,1.3522248735851912e-07,168830,30,200,1,discreta_global,"(mu,lambda)",0.3
EE,potencias,1,844,1.3517495593496938e-07,169030,30,200,1,discreta_global,"(mu,lambda)",0.3
EE,potencias,1,845,1.3509987798665377e-07,169230,30,200,1,discreta_global,"(mu,lambda)",0.3
EE,potencias,1,846,1.3494371961181715e-07,169430,30,200,1,discreta_global,"(mu,lambda)",0.3
EE,potencias,1,847,1.3476079135075635e-07,169630,30,200,1,discreta_global,"(mu,lambda)",0.3
EE,potencias,1,848,1.346395708442377e-07,169830,30,200,1,discreta_global,"(mu,lambda)",0.3
EE,potencias,1,849,1.3446632688266445e-07,170030,30,200,1,discreta_global,"(mu,lambda)",0.3
EE,potencias,1,850,1.3433766761031157e-07,170230,30,200,1,discreta_global,"(mu,lambda)",0.3
EE,potencias,1,851,1.3428479188052622e-07,170430,30,200,1,discreta_global,"(mu,lambda)",0.3
EE,potencias,1,852,1.3408972876726788e-07,170630,30,200,1,discreta_global,"(mu,lambda)",0.3
EE,potencias,1,853,1.3383190667435957e-07,170830,30,200,1,discreta_global,"(mu,lambda)",0.3
EE,potencias,1,854,1.3376714481929776e-07,171030,30,200,1,discreta_global,"(mu,lambda)",0.3
EE,potencias,1,855,1.337150327033165e-07,171230,30,200,1,discreta_global,"(mu,lambda)",0.3
EE,potencias,1,856,1.3361682628333083e-07,171430,30,200,1,discreta_global,"(mu,lambda)",0.3
EE,potencias,1,857,1.3324546569804715e-07,171630,30,200,1,discreta_global,"(mu,lambda)",0.3
EE,potencias,1,858,1.329578114705185e-07,171830,30,200,1,discreta_global,"(mu,lambda)",0.3
EE,potencias,1,859,1.3290410374931942e-07,172030,30,200,1,discreta_global,"(mu,lambda)",0.3
EE,potencias,1,860,1.3268225609955726e-07,172230,30,200,1,discreta_global,"(mu,lambda)",0.3
EE,potencias,1,861,1.3262147807063026e-07,172430,30,200,1,discreta_global,"(mu,lambda)",0.3
EE,potencias,1,862,1.3219025978911366e-07,172630,30,200,1,discreta_global,"(mu,lambda)",0.3
EE,potencias,1,863,1.3224875944585036e-07,172830,30,200,1,discreta_global,"(mu,lambda)",0.3
EE,potencias,1,864,1.3213662609797514e-07,173030,30,200,1,discreta_global,"(mu,lambda)",0.3
EE,potencias,1,865,1.3212409299279124e-07,173230,30,200,1,discreta_global,"(mu,lambda)",0.3
EE,potencias,1,866,1.321138333502403e-07,173430,30,200,1,discreta_global,"(mu,lambda)",0.3
EE,potencias,1,867,1.321063500150755e-07,173630,30,200,1,discreta_global,"(mu,lambda)",0.3
EE,potencias,1,868,1.3209687031876028e-07,173830,30,200,1,discreta_global,"(mu,lambda)",0.3
EE,potencias,1,869,1.320640661396922e-07,174030,30,200,1,discreta_global,"(mu,lambda)",0.3
EE,potencias,1,870,1.320358294852137e-07,174230,30,200,1,discreta_global,"(mu,lambda)",0.3
EE,potencias,1,871,1.3201003914113598e-07,174430,30,200,1,discreta_global,"(mu,lambda)",0.3
EE,potencias,1,872,1.3198929770799977e-07,174630,30,200,1,discreta_global,"(mu,lambda)",0.3
EE,potencias,1,873,1.319539439277373e-07,174830,30,200,1,discreta_global,"(mu,lambda)",0.3
EE,potencias,1,874,1.3192957261647002e-07,175030,30,200,1,discreta_global,"(mu,lambda)",0.3
EE,potencias,1,875,1.3183653992829166e-07,175230,30,200,1,discreta_global,"(mu,lambda)",0.3
EE,potencias,1,876,1.3178540978419865e-07,175430,30,200,1,discreta_global,"(mu,lambda)",0.3
EE,potencias,1,877,1.3168269743255343e-07,175630,30,200,1,discreta_global,"(mu,lambda)",0.3
EE,potencias,1,878,1.31526140161936e-07,175830,30,200,1,discreta_global,"(mu,lambda)",0.3
EE,potencias,1,879,1.3144429607356083e-07,176030,30,200,1,discreta_global,"(mu,lambda)",0.3
EE,potencias,1,880,1.3102186174836247e-07,176230,30,200,1,discreta_global,"(mu,lambda)",0.3
EE,potencias,1,881,1.3099035522406592e-07,176430,30,200,1,discreta_global,"(mu,lambda)",0.3
EE,potencias,1,882,1.3078932401692415e-07,176630,30,200,1,discreta_global,"(mu,lambda)",0.3
EE,potencias,1,883,1.3043513545723471e-07,176830,30,200,1,discreta_global,"(mu,lambda)",0.3
EE,potencias,1,884,1.3032394294811307e-07,177030,30,200,1,discreta_global,"(mu,lambda)",0.3
EE,potencias,1,885,1.3028615141059655e-07,177230,30,200,1,discreta_global,"(mu,lambda)",0.3
EE,potencias,1,886,1.3016101836834e-07,177430,30,200,1,discreta_global,"(mu,lambda)",0.3
EE,potencias,1,887,1.3002065011045352e-07,177630,30,200,1,discreta_global,"(mu,lambda)",0.3
EE,potencias,1,888,1.298482206320286e-07,177830,30,200,1,discreta_global,"(mu,lambda)",0.3
EE,potencias,1,889,1.2962919305080076e-07,178030,30,200,1,discreta_global,"(mu,lambda)",0.3
EE,potencias,1,890,1.2959808254789768e-07,178230,30,200,1,discreta_global,"(mu,lambda)",0.3
EE,potencias,1,891,1.2938385506832434e-07,178430,30,200,1,discreta_global,"(mu,lambda)",0.3
EE,potencias,1,892,1.2937332160148088e-07,178630,30,200,1,discreta_global,"(mu,lambda)",0.3
EE,potencias,1,893,1.2919247898589357e-07,178830,30,200,1,discreta_global,"(mu,lambda)",0.3
EE,potencias,1,894,1.2912187148267846e-07,179030,30,200,1,discreta_global,"(mu,lambda)",0.3
EE,potencias,1,895,1.2904537093296375e-07,179230,30,200,1,discreta_global,"(mu,lambda)",0.3
EE,potencias,1,896,1.2883594264293038e-07,179430,30,200,1,discreta_global,"(mu,lambda)",0.3
EE,potencias,1,897,1.2876231849397226e-07,179630,30,200,1,discreta_global,"(mu,lambda)",0.3
EE,potencias,1,898,1.2838105448079927e-07,179830,30,200,1,discreta_global,"(mu,lambda)",0.3
EE,potencias,1,899,1.2834115757332493e-07,180030,30,200,1,discreta_global,"(mu,lambda)",0.3
EE,potencias,1,900,1.2820192489450498e-07,180230,30,200,1,discreta_global,"(mu,lambda)",0.3
EE,potencias,1,901,1.279983497528407e-07,180430,30,200,1,discreta_global,"(mu,lambda)",0.3
EE,potencias,1,902,1.279251184669005e-07,180630,30,200,1,discreta_global,"(mu,lambda)",0.3
EE,potencias,1,903,1.2788010055758627e-07,180830,30,200,1,discreta_global,"(mu,lambda)",0.3
EE,potencias,1,904,1.2778973656735442e-07,181030,30,200,1,discreta_global,"(mu,lambda)",0.3
EE,potencias,1,905,1.2773561481602493e-07,181230,30,200,1,discreta_global,"(mu,lambda)",0.3
EE,potencias,1,906,1.2752397838697645e-07,181430,30,200,1,discreta_global,"(mu,lambda)",0.3
EE,potencias,1,907,1.2747603898174576e-07,181630,30,200,1,discreta_global,"(mu,lambda)",0.3
EE,potencias,1,908,1.2722926855380205e-07,181830,30,200,1,discreta_global,"(mu,lambda)",0.3
EE,potencias,1,909,1.271805231723181e-07,182030,30,200,1,discreta_global,"(mu,lambda)",0.3
EE,potencias,1,910,1.2707101364540952e-07,182230,30,200,1,discreta_global,"(mu,lambda)",0.3
EE,potencias,1,911,1.2693210701488306e-07,182430,30,200,1,discreta_global,"(mu,lambda)",0.3
EE,potencias,1,912,1.2679723402922472e-07,182630,30,200,1,discreta_global,"(mu,lambda)",0.3
EE,potencias,1,913,1.2675653046285712e-07,182830,30,200,1,discreta_global,"(mu,lambda)",0.3
EE,potencias,1,914,1.2668063728231513e-07,183030,30,200,1,discreta_global,"(mu,lambda)",0.3
EE,potencias,1,915,1.2666101961855324e-07,183230,30,200,1,discreta_global,"(mu,lambda)",0.3
EE,potencias,1,916,1.2661064737777446e-07,183430,30,200,1,discreta_global,"(mu,lambda)",0.3
EE,potencias,1,917,1.2650681596467034e-07,183630,30,200,1,discreta_global,"(mu,lambda)",0.3
EE,potencias,1,918,1.2645757033475466e-07,183830,30,200,1,discreta_global,"(mu,lambda)",0.3
EE,potencias,1,919,1.2636436840957332e-07,184030,30,200,1,discreta_global,"(mu,lambda)",0.3
EE,potencias,1,920,1.263129486559413e-07,184230,30,200,1,discreta_global,"(mu,lambda)",0.3
EE,potencias,1,921,1.2616367608915907e-07,184430,30,200,1,discreta_global,"(mu,lambda)",0.3
EE,potencias,1,922,1.2602313690783976e-07,184630,30,200,1,discreta_global,"(mu,lambda)",0.3
EE,potencias,1,923,1.258620669098835e-07,184830,30,200,1,discreta_global,"(mu,lambda)",0.3
EE,potencias,1,924,1.257017875561381e-07,185030,30,200,1,discreta_global,"(mu,lambda)",0.3
EE,potencias,1,925,1.2559832986273722e-07,185230,30,200,1,discreta_global,"(mu,lambda)",0.3
EE,potencias,1,926,1.2527765837421275e-07,185430,30,200,1,discreta_global,"(mu,lambda)",0.3
EE,potencias,1,927,1.2497525812212804e-07,185630,30,200,1,discreta_global,"(mu,lambda)",0.3
EE,potencias,1,928,1.2487414528626223e-07,185830,30,200,1,discreta_global,"(mu,lambda)",0.3
EE,potencias,1,929,1.2464799971558028e-07,186030,30,200,1,discreta_global,"(mu,lambda)",0.3
EE,potencias,1,930,1.245122527955373e-07,186230,30,200,1,discreta_global,"(mu,lambda)",0.3
EE,potencias,1,931,1.2450141599689137e-07,186430,30,200,1,discreta_global,"(mu,lambda)",0.3
EE,potencias,1,932,1.2437910543067987e-07,186630,30,200,1,discreta_global,"(mu,lambda)",0.3
EE,potencias,1,933,1.243103242044835e-07,186830,30,200,1,discreta_global,"(mu,lambda)",0.3
EE,potencias,1,934,1.2412090916819948e-07,187030,30,200,1,discreta_global,"(mu,lambda)",0.3
EE,potencias,1,935,1.2405999528380143e-07,187230,30,200,1,discreta_global,"(mu,lambda)",0.3
EE,potencias,1,936,1.239183045124801e-07,187430,30,200,1,discreta_global,"(mu,lambda)",0.3
EE,potencias,1,937,1.238785945007838e-07,187630,30,200,1,discreta_global,"(mu,lambda)",0.3
EE,potencias,1,938,1.2371907311801302e-07,187830,30,200,1,discreta_global,"(mu,lambda)",0.3
EE,potencias,1,939,1.235150597769462e-07,188030,30,200,1,discreta_global,"(mu,lambda)",0.3
EE,potencias,1,940,1.233504324599043e-07,188230,30,200,1,discreta_global,"(mu,lambda)",0.3
EE,potencias,1,941,1.2318885365496426e-07,188430,30,200,1,discreta_global,"(mu,lambda)",0.3
EE,potencias,1,942,1.2304933671965752e-07,188630,30,200,1,discreta_global,"(mu,lambda)",0.3
EE,potencias,1,943,1.2291619150244477e-07,188830,30,200,1,discreta_global,"(mu,lambda)",0.3
EE,potencias,1,944,1.2279043289482187e-07,189030,30,200,1,discreta_global,"(mu,lambda)",0.3
EE,potencias,1,945,1.2234876094216847e-07,189230,30,200,1,discreta_global,"(mu,lambda)",0.3
EE,potencias,1,946,1.2238951199858125e-07,189430,30,200,1,discreta_global,"(mu,lambda)",0.3
EE,potencias,1,947,1.2230225452469729e-07,189630,30,200,1,discreta_global,"(mu,lambda)",0.3
EE,potencias,1,948,1.2224580760248772e-07,189830,30,200,1,discreta_global,"(mu,lambda)",0.3
EE,potencias,1,949,1.2215115009056842e-07,190030,30,200,1,discreta_global,"(mu,lambda)",0.3
EE,potencias,1,950,1.2213733116888655e-07,190230,30,200,1,discreta_global,"(mu,lambda)",0.3
EE,potencias,1,951,1.2199981207948614e-07,190430,30,200,1,discreta_global,"(mu,lambda)",0.3
EE,potencias,1,952,1.2199606623781896e-07,190630,30,200,1,discreta_global,"(mu,lambda)",0.3
EE,potencias,1,953,1.219337078490808e-07,190830,30,200,1,discreta_global,"(mu,lambda)",0.3
EE,potencias,1,954,1.2183213835375667e-07,191030,30,200,1,discreta_global,"(mu,lambda)",0.3
EE,potencias,1,955,1.2175715566205422e-07,191230,30,200,1,discreta_global,"(mu,lambda)",0.3
EE,potencias,1,956,1.216730829450065e-07,191430,30,200,1,discreta_global,"(mu,lambda)",0.3
EE,potencias,1,957,1.2154717050316902e-07,191630,30,200,1,discreta_global,"(mu,lambda)",0.3
EE,potencias,1,958,1.2152079450955264e-07,191830,30,200,1,discreta_global,"(mu,lambda)",0.3
EE,potencias,1,959,1.2143124893346514e-07,192030,30,200,1,discreta_global,"(mu,lambda)",0.3
EE,potencias,1,960,1.2122841036707158e-07,192230,30,200,1,discreta_global,"(mu,lambda)",0.3
EE,potencias,1,961,1.2117007512961314e-07,192430,30,200,1,discreta_global,"(mu,lambda)",0.3
EE,potencias,1,962,1.211586709204913e-07,192630,30,200,1,discreta_global,"(mu,lambda)",0.3
EE,potencias,1,963,1.2107436841703268e-07,192830,30,200,1,discreta_global,"(mu,lambda)",0.3
EE,potencias,1,964,1.2100367320963432e-07,193030,30,200,1,discreta_global,"(mu,lambda)",0.3
EE,potencias,1,965,1.2094451743034866e-07,193230,30,200,1,discreta_global,"(mu,lambda)",0.3
EE,potencias,1,966,1.2080827633144902e-07,193430,30,200,1,discreta_global,"(mu,lambda)",0.3
EE,potencias,1,967,1.207896771786215e-07,193630,30,200,1,discreta_global,"(mu,lambda)",0.3
EE,potencias,1,968,1.2048047048364222e-07,193830,30,200,1,discreta_global,"(mu,lambda)",0.3
EE,potencias,1,969,1.2022015876743093e-07,194030,30,200,1,discreta_global,"(mu,lambda)",0.3
EE,potencias,1,970,1.2016504911385074e-07,194230,30,200,1,discreta_global,"(mu,lambda)",0.3
EE,potencias,1,971,1.2002238092831827e-07,194430,30,200,1,discreta_global,"(mu,lambda)",0.3
EE,potencias,1,972,1.2001153878470267e-07,194630,30,200,1,discreta_global,"(mu,lambda)",0.3
EE,potencias,1,973,1.1974277030337083e-07,194830,30,200,1,discreta_global,"(mu,lambda)",0.3
EE,potencias,1,974,1.1975705932203495e-07,195030,30,200,1,discreta_global,"(mu,lambda)",0.3
EE,potencias,1,975,1.1959456718753415e-07,195230,30,200,1,discreta_global,"(mu,lambda)",0.3
EE,potencias,1,976,1.194032141092253e-07,195430,30,200,1,discreta_global,"(mu,lambda)",0.3
EE,potencias,1,977,1.1922668723386084e-07,195630,30,200,1,discreta_global,"(mu,lambda)",0.3
EE,potencias,1,978,1.1913272010532965e-07,195830,30,200,1,discreta_global,"(mu,lambda)",0.3
EE,potencias,1,979,1.1907271226313215e-07,196030,30,200,1,discreta_global,"(mu,lambda)",0.3
EE,potencias,1,980,1.1890124339742808e-07,196230,30,200,1,discreta_global,"(mu,lambda)",0.3
EE,potencias,1,981,1.1879951223057834e-07,196430,30,200,1,discreta_global,"(mu,lambda)",0.3
EE,potencias,1,982,1.1874110876552159e-07,196630,30,200,1,discreta_global,"(mu,lambda)",0.3
EE,potencias,1,983,1.1858964007700261e-07,196830,30,200,1,discreta_global,"(mu,lambda)",0.3
EE,potencias,1,984,1.1851457742813581e-07,197030,30,200,1,discreta_global,"(mu,lambda)",0.3
EE,potencias,1,985,1.1842134782206787e-07,197230,30,200,1,discreta_global,"(mu,lambda)",0.3
EE,potencias,1,986,1.1824617614060473e-07,197430,30,200,1,discreta_global,"(mu,lambda)",0.3
EE,potencias,1,987,1.179880655223887e-07,197630,30,200,1,discreta_global,"(mu,lambda)",0.3
EE,potencias,1,988,1.1790233775988416e-07,197830,30,200,1,discreta_global,"(mu,lambda)",0.3
EE,potencias,1,989,1.1780937127940994e-07,198030,30,200,1,discreta_global,"(mu,lambda)",0.3
EE,potencias,1,990,1.1768022015920378e-07,198230,30,200,1,discreta_global,"(mu,lambda)",0.3
EE,potencias,1,991,1.1752880214944316e-07,198430,30,200,1,discreta_global,"(mu,lambda)",0.3
EE,potencias,1,992,1.1748736234259653e-07,198630,30,200,1,discreta_global,"(mu,lambda)",0.3
EE,potencias,1,993,1.1730576001251937e-07,198830,30,200,1,discreta_global,"(mu,lambda)",0.3
EE,potencias,1,994,1.1671292609988175e-07,199030,30,200,1,discreta_global,"(mu,lambda)",0.3
EE,potencias,1,995,1.1661546500191027e-07,199230,30,200,1,discreta_global,"(mu,lambda)",0.3
EE,potencias,1,996,1.1656246707203117e-07,199430,30,200,1,discreta_global,"(mu,lambda)",0.3
EE,potencias,1,997,1.1654451812322222e-07,199630,30,200,1,discreta_global,"(mu,lambda)",0.3
EE,potencias,1,998,1.1650142869137944e-07,199830,30,200,1,discreta_global,"(mu,lambda)",0.3
EE,potencias,1,999,1.1644805738398319e-07,200030,30,200,1,discreta_global,"(mu,lambda)",0.3
EE,potencias,1,1000,1.1641300984860381e-07,200230,30,200,1,discreta_global,"(mu,lambda)",0.3
EE,potencias,1,1001,1.1636622148183729e-07,200430,30,200,1,discreta_global,"(mu,lambda)",0.3
EE,potencias,1,1002,1.1633896265518048e-07,200630,30,200,1,discreta_global,"(mu,lambda)",0.3
EE,potencias,1,1003,1.1630792754603059e-07,200830,30,200,1,discreta_global,"(mu,lambda)",0.3
EE,potencias,1,1004,1.1623761168649223e-07,201030,30,200,1,discreta_global,"(mu,lambda)",0.3
EE,potencias,1,1005,1.161889381072538e-07,201230,30,200,1,discreta_global,"(mu,lambda)",0.3
EE,potencias,1,1006,1.1610717494734178e-07,201430,30,200,1,discreta_global,"(mu,lambda)",0.3
EE,potencias,1,1007,1.1599015272053458e-07,201630,30,200,1,discreta_global,"(mu,lambda)",0.3
EE,potencias,1,1008,1.1594919226164674e-07,201830,30,200,1,discreta_global,"(mu,lambda)",0.3
EE,potencias,1,1009,1.1573719863854991e-07,202030,30,200,1,discreta_global,"(mu,lambda)",0.3
EE,potencias,1,1010,1.1558595346611343e-07,202230,30,200,1,discreta_global,"(mu,lambda)",0.3
EE,potencias,1,1011,1.1543311535002168e-07,202430,30,200,1,discreta_global,"(mu,lambda)",0.3
EE,potencias,1,1012,1.1533172198202251e-07,202630,30,200,1,discreta_global,"(mu,lambda)",0.3
EE,potencias,1,1013,1.1534980171412566e-07,202830,30,200,1,discreta_global,"(mu,lambda)",0.3
EE,potencias,1,1014,1.151315182658409e-07,203030,30,200,1,discreta_global,"(mu,lambda)",0.3
EE,potencias,1,1015,1.1512249070526444e-07,203230,30,200,1,discreta_global,"(mu,lambda)",0.3
EE,potencias,1,1016,1.1506807107310744e-07,203430,30,200,1,discreta_global,"(mu,lambda)",0.3
EE,potencias,1,1017,1.150250888514349e-07,203630,30,200,1,discreta_global,"(mu,lambda)",0.3
EE,potencias,1,1018,1.149741482086868e-07,203830,30,200,1,discreta_global,"(mu,lambda)",0.3
EE,potencias,1,1019,1.1493980796998958e-07,204030,30,200,1,discreta_global,"(mu,lambda)",0.3
EE,potencias,1,1020,1.1488712322251162e-07,204230,30,200,1,discreta_global,"(mu,lambda)",0.3
EE,potencias,1,1021,1.1484638191521268e-07,204430,30,200,1,discreta_global,"(mu,lambda)",0.3
EE,potencias,1,1022,1.1480548922210256e-07,204630,30,200,1,discreta_global,"(mu,lambda)",0.3
EE,potencias,1,1023,1.1470709008262718e-07,204830,30,200,1,discreta_global,"(mu,lambda)",0.3
EE,potencias,1,1024,1.1458495056716873e-07,205030,30,200,1,discreta_global,"(mu,lambda)",0.3
EE,potencias,1,1025,1.1456708607951624e-07,205230,30,200,1,discreta_global,"(mu,lambda)",0.3
EE,potencias,1,1026,1.1447719297674965e-07,205430,30,200,1,discreta_global,"(mu,lambda)",0.3
EE,potencias,1,1027,1.1434098765552431e-07,205630,30,200,1,discreta_global,"(mu,lambda)",0.3
EE,potencias,1,1028,1.1426077415608916e-07,205830,30,200,1,discreta_global,"(mu,lambda)",0.3
EE,potencias,1,1029,1.1419897812271935e-07,206030,30,200,1,discreta_global,"(mu,lambda)",0.3
EE,potencias,1,1030,1.1413344163972884e-07,206230,30,200,1,discreta_global,"(mu,lambda)",0.3
EE,potencias,1,1031,1.1405385071537481e-07,206430,30,200,1,discreta_global,"(mu,lambda)",0.3
EE,potencias,1,1032,1.1397947607801213e-07,206630,30,200,1,discreta_global,"(mu,lambda)",0.3
EE,potencias,1,1033,1.138356059257109e-07,206830,30,200,1,discreta_global,"(mu,lambda)",0.3
EE,potencias,1,1034,1.1382588894146806e-07,207030,30,200,1,discreta_global,"(mu,lambda)",0.3
EE,potencias,1,1035,1.1374833578612848e-07,207230,30,200,1,discreta_global,"(mu,lambda)",0.3
EE,potencias,1,1036,1.137447183186595e-07,207430,30,200,1,discreta_global,"(mu,lambda)",0.3
EE,potencias,1,1037,1.1372595243250943e-07,207630,30,200,1,discreta_global,"(mu,lambda)",0.3
EE,potencias,1,1038,1.1369925681362998e-07,207830,30,200,1,discreta_global,"(mu,lambda)",0.3
EE,potencias,1,1039,1.1364941346274893e-07,208030,30,200,1,discreta_global,"(mu,lambda)",0.3
EE,potencias,1,1040,1.1360424442226829e-07,208230,30,200,1,discreta_global,"(mu,lambda)",0.3
EE,potencias,1,1041,1.1355148926020644e-07,208430,30,200,1,discreta_global,"(mu,lambda)",0.3
EE,potencias,1,1042,1.135320746165393e-07,208630,30,200,1,discreta_global,"(mu,lambda)",0.3
EE,potencias,1,1043,1.134636717219633e-07,208830,30,200,1,discreta_global,"(mu,lambda)",0.3
EE,potencias,1,1044,1.1338307197884096e-07,209030,30,200,1,discreta_global,"(mu,lambda)",0.3
EE,potencias,1,1045,1.1329078088641519e-07,209230,30,200,1,discreta_global,"(mu,lambda)",0.3
EE,potencias,1,1046,1.1313634937650892e-07,209430,30,200,1,discreta_global,"(mu,lambda)",0.3
EE,potencias,1,1047,1.130382306431532e-07,209630,30,200,1,discreta_global,"(mu,lambda)",0.3
EE,potencias,1,1048,1.1292696175732511e-07,209830,30,200,1,discreta_global,"(mu,lambda)",0.3
EE,potencias,1,1049,1.124800275187359e-07,210030,30,200,1,discreta_global,"(mu,lambda)",0.3
EE,potencias,1,1050,1.1248997627683103e-07,210230,30,200,1,discreta_global,"(mu,lambda)",0.3
EE,potencias,1,1051,1.1183338596394037e-07,210430,30,200,1,discreta_global,"(mu,lambda)",0.3
EE,potencias,1,1052,1.1184696366984114e-07,210630,30,200,1,discreta_global,"(mu,lambda)",0.3
EE,potencias,1,1053,1.1176716485622082e-07,210830,30,200,1,discreta_global,"(mu,lambda)",0.3
EE,potencias,1,1054,1.115973916390728e-07,211030,30,200,1,discreta_global,"(mu,lambda)",0.3
EE,potencias,1,1055,1.114602584707013e-07,211230,30,200,1,discreta_global,"(mu,lambda)",0.3
EE,potencias,1,1056,1.1140768314567518e-07,211430,30,200,1,discreta_global,"(mu,lambda)",0.3
EE,potencias,1,1057,1.1139111098320567e-07,211630,30,200,1,discreta_global,"(mu,lambda)",0.3
EE,potencias,1,1058,1.1138330772779493e-07,211830,30,200,1,discreta_global,"(mu,lambda)",0.3
EE,potencias,1,1059,1.1127938328229884e-07,212030,30,200,1,discreta_global,"(mu,lambda)",0.3
EE,potencias,1,1060,1.1125692998673051e-07,212230,30,200,1,discreta_global,"(mu,lambda)",0.3
EE,potencias,1,1061,1.1123516785503377e-07,212430,30,200,1,discreta_global,"(mu,lambda)",0.3
EE,potencias,1,1062,1.1116806623912212e-07,212630,30,200,1,discreta_global,"(mu,lambda)",0.3
EE,potencias,1,1063,1.1109590258725275e-07,212830,30,200,1,discreta_global,"(mu,lambda)",0.3
EE,potencias,1,1064,1.1104049471000886e-07,213030,30,200,1,discreta_global,"(mu,lambda)",0.3
EE,potencias,1,1065,1.1099445698370879e-07,213230,30,200,1,discreta_global,"(mu,lambda)",0.3
EE,potencias,1,1066,1.1092592320450543e-07,213430,30,200,1,discreta_global,"(mu,lambda)",0.3
EE,potencias,1,1067,1.1081524424803813e-07,213630,30,200,1,discreta_global,"(mu,lambda)",0.3
EE,potencias,1,1068,1.1062190289226333e-07,213830,30,200,1,discreta_global,"(mu,lambda)",0.3
EE,potencias,1,1069,1.1060957273838179e-07,214030,30,200,1,discreta_global,"(mu,lambda)",0.3
EE,potencias,1,1070,1.1052389562263652e-07,214230,30,200,1,discreta_global,"(mu,lambda)",0.3
EE,potencias,1,1071,1.1027418268167418e-07,214430,30,200,1,discreta_global,"(mu,lambda)",0.3
EE,potencias,1,1072,1.1002083984464098e-07,214630,30,200,1,discreta_global,"(mu,lambda)",0.3
EE,potencias,1,1073,1.0969355266900637e-07,214830,30,200,1,discreta_global,"(mu,lambda)",0.3
EE,potencias,1,1074,1.0729417783231408e-07,215030,30,200,1,discreta_global,"(mu,lambda)",0.3
EE,potencias,1,1075,1.0774073154845751e-07,215230,30,200,1,discreta_global,"(mu,lambda)",0.3
EE,potencias,1,1076,1.0675597981511408e-07,215430,30,200,1,discreta_global,"(mu,lambda)",0.3
EE,potencias,1,1077,1.0675528488423947e-07,215630,30,200,1,discreta_global,"(mu,lambda)",0.3
EE,potencias,1,1078,1.065119380856096e-07,215830,30,200,1,discreta_global,"(mu,lambda)",0.3
EE,potencias,1,1079,1.0631149557818754e-07,216030,30,200,1,discreta_global,"(mu,lambda)",0.3
EE,potencias,1,1080,1.0629136640817074e-07,216230,30,200,1,discreta_global,"(mu,lambda)",0.3
EE,potencias,1,1081,1.0620130607118929e-07,216430,30,200,1,discreta_global,"(mu,lambda)",0.3
EE,potencias,1,1082,1.0614819138058877e-07,216630,30,200,1,discreta_global,"(mu,lambda)",0.3
EE,potencias,1,1083,1.0598200952962364e-07,216830,30,200,1,discreta_global,"(mu,lambda)",0.3
EE,potencias,1,1084,1.0592941253033565e-07,217030,30,200,1,discreta_global,"(mu,lambda)",0.3
EE,potencias,1,1085,1.0587869971894535e-07,217230,30,200,1,discreta_global,"(mu,lambda)",0.3
EE,potencias,1,1086,1.0576189323151316e-07,217430,30,200,1,discreta_global,"(mu,lambda)",0.3
EE,potencias,1,1087,1.056360138384287e-07,217630,30,200,1,discreta_global,"(mu,lambda)",0.3
EE,potencias,1,1088,1.0553353299098975e-07,217830,30,200,1,discreta_global,"(mu,lambda)",0.3
EE,potencias,1,1089,1.0546225378155186e-07,218030,30,200,1,discreta_global,"(mu,lambda)",0.3
EE,potencias,1,1090,1.0527884060358857e-07,218230,30,200,1,discreta_global,"(mu,lambda)",0.3
EE,potencias,1,1091,1.0515980973491251e-07,218430,30,200,1,discreta_global,"(mu,lambda)",0.3
EE,potencias,1,1092,1.0486282422436102e-07,218630,30,200,1,discreta_global,"(mu,lambda)",0.3
EE,potencias,1,1093,1.046935353840936e-07,218830,30,200,1,discreta_global,"(mu,lambda)",0.3
EE,potencias,1,1094,1.0298662781736189e-07,219030,30,200,1,discreta_global,"(mu,lambda)",0.3
EE,potencias,1,1095,1.0267268571733615e-07,219230,30,200,1,discreta_global,"(mu,lambda)",0.3
EE,potencias,1,1096,1.0261504041944293e-07,219430,30,200,1,discreta_global,"(mu,lambda)",0.3
EE,potencias,1,1097,1.0255050473890615e-07,219630,30,200,1,discreta_global,"(mu,lambda)",0.3
EE,potencias,1,1098,1.0241567128550094e-07,219830,30,200,1,discreta_global,"(mu,lambda)",0.3
EE,potencias,1,1099,1.02368553794148e-07,220030,30,200,1,discreta_global,"(mu,lambda)",0.3
EE,potencias,1,1100,1.0231383096132022e-07,220230,30,200,1,discreta_global,"(mu,lambda)",0.3
EE,potencias,1,1101,1.021389991651308e-07,220430,30,200,1,discreta_global,"(mu,lambda)",0.3
EE,potencias,1,1102,1.020468458256028e-07,220630,30,200,1,discreta_global,"(mu,lambda)",0.3
EE,potencias,1,1103,1.0195986298386622e-07,220830,30,200,1,discreta_global,"(mu,lambda)",0.3
EE,potencias,1,1104,1.0185100159243179e-07,221030,30,200,1,discreta_global,"(mu,lambda)",0.3
EE,potencias,1,1105,1.0184430505745565e-07,221230,30,200,1,discreta_global,"(mu,lambda)",0.3
EE,potencias,1,1106,1.0178756176702977e-07,221430,30,200,1,discreta_global,"(mu,lambda)",0.3
EE,potencias,1,1107,1.0174749758014996e-07,221630,30,200,1,discreta_global,"(mu,lambda)",0.3
EE,potencias,1,1108,1.0164013360687178e-07,221830,30,200,1,discreta_global,"(mu,lambda)",0.3
EE,potencias,1,1109,1.0148443571289813e-07,222030,30,200,1,discreta_global,"(mu,lambda)",0.3
EE,potencias,1,1110,1.0140906662210664e-07,222230,30,200,1,discreta_global,"(mu,lambda)",0.3
EE,potencias,1,1111,1.0118290024831023e-07,222430,30,200,1,discreta_global,"(mu,lambda)",0.3
EE,potencias,1,1112,1.010225737131549e-07,222630,30,200,1,discreta_global,"(mu,lambda)",0.3
EE,potencias,1,1113,1.0094648817881278e-07,222830,30,200,1,discreta_global,"(mu,lambda)",0.3
EE,potencias,1,1114,1.0085924171868335e-07,223030,30,200,1,discreta_global,"(mu,lambda)",0.3
EE,potencias,1,1115,1.0080929914475534e-07,223230,30,200,1,discreta_global,"(mu,lambda)",0.3
EE,potencias,1,1116,1.0076259167124448e-07,223430,30,200,1,discreta_global,"(mu,lambda)",0.3
EE,potencias,1,1117,1.0072478619987725e-07,223630,30,200,1,discreta_global,"(mu,lambda)",0.3
EE,potencias,1,1118,1.0067335294544544e-07,223830,30,200,1,discreta_global,"(mu,lambda)",0.3
EE,potencias,1,1119,1.0063920227013712e-07,224030,30,200,1,discreta_global,"(mu,lambda)",0.3
EE,potencias,1,1120,1.00521651172294e-07,224230,30,200,1,discreta_global,"(mu,lambda)",0.3
EE,potencias,1,1121,1.0049195149140631e-07,224430,30,200,1,discreta_global,"(mu,lambda)",0.3
EE,potencias,1,1122,1.0029479840887247e-07,224630,30,200,1,discreta_global,"(mu,lambda)",0.3
EE,potencias,1,1123,1.0014884306443649e-07,224830,30,200,1,discreta_global,"(mu,lambda)",0.3
EE,potencias,1,1124,1.0011182798085482e-07,225030,30,200,1,discreta_global,"(mu,lambda)",0.3
EE,potencias,1,1125,1.0005733142117388e-07,225230,30,200,1,discreta_global,"(mu,lambda)",0.3
EE,potencias,1,1126,1.0002144927769169e-07,225430,30,200,1,discreta_global,"(mu,lambda)",0.3
EE,potencias,1,1127,9.990823391429047e-08,225630,30,200,1,discreta_global,"(mu,lambda)",0.3
EE,potencias,1,1128,9.98645936489391e-08,225830,30,200,1,discreta_global,"(mu,lambda)",0.3
EE,potencias,1,1129,9.980799979758719e-08,226030,30,200,1,discreta_global,"(mu,lambda)",0.3
EE,potencias,1,1130,9.973099249334451e-08,226230,30,200,1,discreta_global,"(mu,lambda)",0.3
EE,potencias,1,1131,9.966077619026863e-08,226430,30,200,1,discreta_global,"(mu,lambda)",0.3
EE,potencias,1,1132,9.966072568008401e-08,226630,30,200,1,discreta_global,"(mu,lambda)",0.3
EE,potencias,1,1133,9.956142661599809e-08,226830,30,200,1,discreta_global,"(mu,lambda)",0.3
EE,potencias,1,1134,9.953706185343168e-08,227030,30,200,1,discreta_global,"(mu,lambda)",0.3
EE,potencias,1,1135,9.947023058606236e-08,227230,30,200,1,discreta_global,"(mu,lambda)",0.3
EE,potencias,1,1136,9.936071290560498e-08,227430,30,200,1,discreta_global,"(mu,lambda)",0.3
EE,potencias,1,1137,9.92412480348853e-08,227630,30,200,1,discreta_global,"(mu,lambda)",0.3
EE,potencias,1,1138,9.916197205332193e-08,227830,30,200,1,discreta_global,"(mu,lambda)",0.3
EE,potencias,1,1139,9.893162068028553e-08,228030,30,200,1,discreta_global,"(mu,lambda)",0.3
EE,potencias,1,1140,9.837374505636833e-08,228230,30,200,1,discreta_global,"(mu,lambda)",0.3
EE,potencias,1,1141,9.833228717875945e-08,228430,30,200,1,discreta_global,"(mu,lambda)",0.3
EE,potencias,1,1142,9.823228895732046e-08,228630,30,200,1,discreta_global,"(mu,lambda)",0.3
EE,potencias,1,1143,9.75422817644522e-08,228830,30,200,1,discreta_global,"(mu,lambda)",0.3
EE,potencias,1,1144,9.72207271137594e-08,229030,30,200,1,discreta_global,"(mu,lambda)",0.3
EE,potencias,1,1145,9.696741545747128e-08,229230,30,200,1,discreta_global,"(mu,lambda)",0.3
EE,potencias,1,1146,9.665678903994007e-08,229430,30,200,1,discreta_global,"(mu,lambda)",0.3
EE,potencias,1,1147,9.638176116866606e-08,229630,30,200,1,discreta_global,"(mu,lambda)",0.3
EE,potencias,1,1148,9.616923530639732e-08,229830,30,200,1,discreta_global,"(mu,lambda)",0.3
EE,potencias,1,1149,9.61522977086215e-08,230030,30,200,1,discreta_global,"(mu,lambda)",0.3
EE,potencias,1,1150,9.610708851740611e-08,230230,30,200,1,discreta_global,"(mu,lambda)",0.3
EE,potencias,1,1151,9.610861349744358e-08,230430,30,200,1,discreta_global,"(mu,lambda)",0.3
EE,potencias,1,1152,9.609739056641583e-08,230630,30,200,1,discreta_global,"(mu,lambda)",0.3
EE,potencias,1,1153,9.608631502036558e-08,230830,30,200,1,discreta_global,"(mu,lambda)",0.3
EE,potencias,1,1154,9.607454574022663e-08,231030,30,200,1,discreta_global,"(mu,lambda)",0.3
EE,potencias,1,1155,9.605876690095371e-08,231230,30,200,1,discreta_global,"(mu,lambda)",0.3
EE,potencias,1,1156,9.597285447745283e-08,231430,30,200,1,discreta_global,"(mu,lambda)",0.3
EE,potencias,1,1157,9.598206678089425e-08,231630,30,200,1,discreta_global,"(mu,lambda)",0.3
EE,potencias,1,1158,9.595360981542619e-08,231830,30,200,1,discreta_global,"(mu,lambda)",0.3
EE,potencias,1,1159,9.5791199920448e-08,232030,30,200,1,discreta_global,"(mu,lambda)",0.3
EE,potencias,1,1160,9.57349359000567e-08,232230,30,200,1,discreta_global,"(mu,lambda)",0.3
EE,potencias,1,1161,9.567686511436548e-08,232430,30,200,1,discreta_global,"(mu,lambda)",0.3
EE,potencias,1,1162,9.566643959054868e-08,232630,30,200,1,discreta_global,"(mu,lambda)",0.3
EE,potencias,1,1163,9.556592868351333e-08,232830,30,200,1,discreta_global,"(mu,lambda)",0.3
EE,potencias,1,1164,9.552341235224515e-08,233030,30,200,1,discreta_global,"(mu,lambda)",0.3
EE,potencias,1,1165,9.547072292840365e-08,233230,30,200,1,discreta_global,"(mu,lambda)",0.3
EE,potencias,1,1166,9.544450365175362e-08,233430,30,200,1,discreta_global,"(mu,lambda)",0.3
EE,potencias,1,1167,9.535419004584523e-08,233630,30,200,1,discreta_global,"(mu,lambda)",0.3
EE,potencias,1,1168,9.533207564784042e-08,233830,30,200,1,discreta_global,"(mu,lambda)",0.3
EE,potencias,1,1169,9.528592472174608e-08,234030,30,200,1,discreta_global,"(mu,lambda)",0.3
EE,potencias,1,1170,9.527428525054859e-08,234230,30,200,1,discreta_global,"(mu,lambda)",0.3
EE,potencias,1,1171,9.517172856181404e-08,234430,30,200,1,discreta_global,"(mu,lambda)",0.3
EE,potencias,1,1172,9.511912177428156e-08,234630,30,200,1,discreta_global,"(mu,lambda)",0.3
EE,potencias,1,1173,9.503249440455528e-08,234830,30,200,1,discreta_global,"(mu,lambda)",0.3
EE,potencias,1,1174,9.491886051826473e-08,235030,30,200,1,discreta_global,"(mu,lambda)",0.3
EE,potencias,1,1175,9.44563911079082e-08,235230,30,200,1,discreta_global,"(mu,lambda)",0.3
EE,potencias,1,1176,9.454824222695475e-08,235430,30,200,1,discreta_global,"(mu,lambda)",0.3
EE,potencias,1,1177,9.434259220916288e-08,235630,30,200,1,discreta_global,"(mu,lambda)",0.3
EE,potencias,1,1178,9.423724012612275e-08,235830,30,200,1,discreta_global,"(mu,lambda)",0.3
EE,potencias,1,1179,9.41688678861956e-08,236030,30,200,1,discreta_global,"(mu,lambda)",0.3
EE,potencias,1,1180,9.414720414687459e-08,236230,30,200,1,discreta_global,"(mu,lambda)",0.3
EE,potencias,1,1181,9.38592194080709e-08,236430,30,200,1,discreta_global,"(mu,lambda)",0.3
EE,potencias,1,1182,9.368420145744616e-08,236630,30,200,1,discreta_global,"(mu,lambda)",0.3
EE,potencias,1,1183,9.354054037532382e-08,236830,30,200,1,discreta_global,"(mu,lambda)",0.3
EE,potencias,1,1184,9.349321437391057e-08,237030,30,200,1,discreta_global,"(mu,lambda)",0.3
EE,potencias,1,1185,9.341997058879138e-08,237230,30,200,1,discreta_global,"(mu,lambda)",0.3
EE,potencias,1,1186,9.329090210052059e-08,237430,30,200,1,discreta_global,"(mu,lambda)",0.3
EE,potencias,1,1187,9.310183400577956e-08,237630,30,200,1,discreta_global,"(mu,lambda)",0.3
EE,potencias,1,1188,9.299101578947726e-08,237830,30,200,1,discreta_global,"(mu,lambda)",0.3
EE,potencias,1,1189,9.289896772661137e-08,238030,30,200,1,discreta_global,"(mu,lambda)",0.3
EE,potencias,1,1190,9.284922377713353e-08,238230,30,200,1,discreta_global,"(mu,lambda)",0.3
EE,potencias,1,1191,9.272960462413701e-08,238430,30,200,1,discreta_global,"(mu,lambda)",0.3
EE,potencias,1,1192,9.250830683989002e-08,238630,30,200,1,discreta_global,"(mu,lambda)",0.3
EE,potencias,1,1193,9.242770571648782e-08,238830,30,200,1,discreta_global,"(mu,lambda)",0.3
EE,potencias,1,1194,9.243163803490825e-08,239030,30,200,1,discreta_global,"(mu,lambda)",0.3
EE,potencias,1,1195,9.233950206682988e-08,239230,30,200,1,discreta_global,"(mu,lambda)",0.3
EE,potencias,1,1196,9.228919920656872e-08,239430,30,200,1,discreta_global,"(mu,lambda)",0.3
EE,potencias,1,1197,9.213779620865116e-08,239630,30,200,1,discreta_global,"(mu,lambda)",0.3
EE,potencias,1,1198,9.206993342358678e-08,239830,30,200,1,discreta_global,"(mu,lambda)",0.3
EE,potencias,1,1199,9.204567591812016e-08,240030,30,200,1,discreta_global,"(mu,lambda)",0.3
EE,potencias,2,0,383796.40629458136,230,30,200,1,discreta_global,"(mu,lambda)",0.3
EE,potencias,2,1,3215.8665751047392,430,30,200,1,discreta_global,"(mu,lambda)",0.3
EE,potencias,2,2,4262.754063286305,630,30,200,1,discreta_global,"(mu,lambda)",0.3
EE,potencias,2,3,753.9540078642822,830,30,200,1,discreta_global,"(mu,lambda)",0.3
EE,potencias,2,4,124.44284250811809,1030,30,200,1,discreta_global,"(mu,lambda)",0.3
EE,potencias,2,5,31.39973389923989,1230,30,200,1,discreta_global,"(mu,lambda)",0.3
EE,potencias,2,6,17.58838589562828,1430,30,200,1,discreta_global,"(mu,lambda)",0.3
EE,potencias,2,7,5.725737293292274,1630,30,200,1,discreta_global,"(mu,lambda)",0.3
EE,potencias,2,8,4.97446361125505,1830,30,200,1,discreta_global,"(mu,lambda)",0.3
EE,potencias,2,9,2.497608224853226,2030,30,200,1,discreta_global,"(mu,lambda)",0.3
EE,potencias,2,10,1.4401279377808023,2230,30,200,1,discreta_global,"(mu,lambda)",0.3
EE,potencias,2,11,0.6700074991720707,2430,30,200,1,discreta_global,"(mu,lambda)",0.3
EE,potencias,2,12,0.17901835557429283,2630,30,200,1,discreta_global,"(mu,lambda)",0.3
EE,potencias,2,13,0.09620804440356816,2830,30,200,1,discreta_global,"(mu,lambda)",0.3
EE,potencias,2,14,0.014621755464128028,3030,30,200,1,discreta_global,"(mu,lambda)",0.3
EE,potencias,2,15,0.007718645837577437,3230,30,200,1,discreta_global,"(mu,lambda)",0.3
EE,potencias,2,16,0.0013129557149549954,3430,30,200,1,discreta_global,"(mu,lambda)",0.3
EE,potencias,2,17,0.0010777742037680982,3630,30,200,1,discreta_global,"(mu,lambda)",0.3
EE,potencias,2,18,0.00024180682085597394,3830,30,200,1,discreta_global,"(mu,lambda)",0.3
EE,potencias,2,19,2.2228313569134482e-05,4030,30,200,1,discreta_global,"(mu,lambda)",0.3
EE,potencias,2,20,4.102085985137113e-05,4230,30,200,1,discreta_global,"(mu,lambda)",0.3
EE,potencias,2,21,1.6825408653201233e-05,4430,30,200,1,discreta_global,"(mu,lambda)",0.3
EE,potencias,2,22,3.1925306010508583e-06,4630,30,200,1,discreta_global,"(mu,lambda)",0.3
EE,potencias,2,23,1.8755042769477364e-06,4830,30,200,1,discreta_global,"(mu,lambda)",0.3
EE,potencias,2,24,1.9493546367557305e-06,5030,30,200,1,discreta_global,"(mu,lambda)",0.3
EE,potencias,2,25,5.869127320523398e-07,5230,30,200,1,discreta_global,"(mu,lambda)",0.3
EE,potencias,2,26,2.6030965283058446e-07,5430,30,200,1,discreta_global,"(mu,lambda)",0.3
EE,potencias,2,27,2.6753548262539216e-07,5630,30,200,1,discreta_global,"(mu,lambda)",0.3
EE,potencias,2,28,2.3922927059493345e-07,5830,30,200,1,discreta_global,"(mu,lambda)",0.3
EE,potencias,2,29,1.775385897793314e-07,6030,30,200,1,discreta_global,"(mu,lambda)",0.3
EE,potencias,2,30,1.7169027216180392e-07,6230,30,200,1,discreta_global,"(mu,lambda)",0.3
EE,potencias,2,31,1.6193382630630215e-07,6430,30,200,1,discreta_global,"(mu,lambda)",0.3
EE,potencias,2,32,1.5847323429656574e-07,6630,30,200,1,discreta_global,"(mu,lambda)",0.3
EE,potencias,2,33,1.5425003622359898e-07,6830,30,200,1,discreta_global,"(mu,lambda)",0.3
EE,potencias,2,34,1.5231189161048054e-07,7030,30,200,1,discreta_global,"(mu,lambda)",0.3
EE,potencias,2,35,1.4714013592936687e-07,7230,30,200,1,discreta_global,"(mu,lambda)",0.3
EE,potencias,2,36,1.4641931018130917e-07,7430,30,200,1,discreta_global,"(mu,lambda)",0.3
EE,potencias,2,37,1.4559974783457544e-07,7630,30,200,1,discreta_global,"(mu,lambda)",0.3
EE,potencias,2,38,1.4416258698434866e-07,7830,30,200,1,discreta_global,"(mu,lambda)",0.3
EE,potencias,2,39,1.424666367502145e-07,8030,30,200,1,discreta_global,"(mu,lambda)",0.3
EE,potencias,2,40,1.4151466506381515e-07,8230,30,200,1,discreta_global,"(mu,lambda)",0.3
EE,potencias,2,41,1.3989883196117257e-07,8430,30,200,1,discreta_global,"(mu,lambda)",0.3
EE,potencias,2,42,1.3895625421282953e-07,8630,30,200,1,discreta_global,"(mu,lambda)",0.3
EE,potencias,2,43,1.3771455797052013e-07,8830,30,200,1,discreta_global,"(mu,lambda)",0.3
EE,potencias,2,44,1.373396020330197e-07,9030,30,200,1,discreta_global,"(mu,lambda)",0.3
EE,potencias,2,45,1.369163152714041e-07,9230,30,200,1,discreta_global,"(mu,lambda)",0.3
EE,potencias,2,46,1.3666861620575418e-07,9430,30,200,1,discreta_global,"(mu,lambda)",0.3
EE,potencias,2,47,1.3652004300911572e-07,9630,30,200,1,discreta_global,"(mu,lambda)",0.3
EE,potencias,2,48,1.3628986358197936e-07,9830,30,200,1,discreta_global,"(mu,lambda)",0.3
EE,potencias,2,49,1.3604355826837893e-07,10030,30,200,1,discreta_global,"(mu,lambda)",0.3
EE,potencias,2,50,1.358829816456407e-07,10230,30,200,1,discreta_global,"(mu,lambda)",0.3
EE,potencias,2,51,1.3534972010506948e-07,10430,30,200,1,discreta_global,"(mu,lambda)",0.3
EE,potencias,2,52,1.353175386047347e-07,10630,30,200,1,discreta_global,"(mu,lambda)",0.3
EE,potencias,2,53,1.3509107853391842e-07,10830,30,200,1,discreta_global,"(mu,lambda)",0.3
EE,potencias,2,54,1.3501216667885864e-07,11030,30,200,1,discreta_global,"(mu,lambda)",0.3
EE,potencias,2,55,1.3472853531191482e-07,11230,30,200,1,discreta_global,"(mu,lambda)",0.3
EE,potencias,2,56,1.346981425484654e-07,11430,30,200,1,discreta_global,"(mu,lambda)",0.3
EE,potencias,2,57,1.345692800830116e-07,11630,30,200,1,discreta_global,"(mu,lambda)",0.3
EE,potencias,2,58,1.3451627894709127e-07,11830,30,200,1,discreta_global,"(mu,lambda)",0.3
EE,potencias,2,59,1.3444567626491347e-07,12030,30,200,1,discreta_global,"(mu,lambda)",0.3
EE,potencias,2,60,1.3444455132829946e-07,12230,30,200,1,discreta_global,"(mu,lambda)",0.3
EE,potencias,2,61,1.3441452980861893e-07,12430,30,200,1,discreta_global,"(mu,lambda)",0.3
EE,potencias,2,62,1.3435546853391162e-07,12630,30,200,1,discreta_global,"(mu,lambda)",0.3
EE,potencias,2,63,1.3430877675667488e-07,12830,30,200,1,discreta_global,"(mu,lambda)",0.3
EE,potencias,2,64,1.3428478642531338e-07,13030,30,200,1,discreta_global,"(mu,lambda)",0.3
EE,potencias,2,65,1.3422787989686325e-07,13230,30,200,1,discreta_global,"(mu,lambda)",0.3
EE,potencias,2,66,1.3420549639148211e-07,13430,30,200,1,discreta_global,"(mu,lambda)",0.3
EE,potencias,2,67,1.3417573036339185e-07,13630,30,200,1,discreta_global,"(mu,lambda)",0.3
EE,potencias,2,68,1.3414135045736932e-07,13830,30,200,1,discreta_global,"(mu,lambda)",0.3
EE,potencias,2,69,1.340507631947172e-07,14030,30,200,1,discreta_global,"(mu,lambda)",0.3
EE,potencias,2,70,1.3400444826257047e-07,14230,30,200,1,discreta_global,"(mu,lambda)",0.3
EE,potencias,2,71,1.339900128782386e-07,14430,30,200,1,discreta_global,"(mu,lambda)",0.3
EE,potencias,2,72,1.339099024902993e-07,14630,30,200,1,discreta_global,"(mu,lambda)",0.3
EE,potencias,2,73,1.3385023901364045e-07,14830,30,200,1,discreta_global,"(mu,lambda)",0.3
EE,potencias,2,74,1.3382473014576965e-07,15030,30,200,1,discreta_global,"(mu,lambda)",0.3
EE,potencias,2,75,1.3371482956019616e-07,15230,30,200,1,discreta_global,"(mu,lambda)",0.3
EE,potencias,2,76,1.3366237742508784e-07,15430,30,200,1,discreta_global,"(mu,lambda)",0.3
EE,potencias,2,77,1.3362231625542491e-07,15630,30,200,1,discreta_global,"(mu,lambda)",0.3
EE,potencias,2,78,1.3357799170174136e-07,15830,30,200,1,discreta_global,"(mu,lambda)",0.3
EE,potencias,2,79,1.334556663559586e-07,16030,30,200,1,discreta_global,"(mu,lambda)",0.3
EE,potencias,2,80,1.334223639589382e-07,16230,30,200,1,discreta_global,"(mu,lambda)",0.3
EE,potencias,2,81,1.333842508251416e-07,16430,30,200,1,discreta_global,"(mu,lambda)",0.3
EE,potencias,2,82,1.3332090179351067e-07,16630,30,200,1,discreta_global,"(mu,lambda)",0.3
EE,potencias,2,83,1.33173852538618e-07,16830,30,200,1,discreta_global,"(mu,lambda)",0.3
EE,potencias,2,84,1.3317190114292745e-07,17030,30,200,1,discreta_global,"(mu,lambda)",0.3
EE,potencias,2,85,1.3310780724089534e-07,17230,30,200,1,discreta_global,"(mu,lambda)",0.3
EE,potencias,2,86,1.33023283707682e-07,17430,30,200,1,discreta_global,"(mu,lambda)",0.3
EE,potencias,2,87,1.3297543591278285e-07,17630,30,200,1,discreta_global,"(mu,lambda)",0.3
EE,potencias,2,88,1.3289771288511257e-07,17830,30,200,1,discreta_global,"(mu,lambda)",0.3
EE,potencias,2,89,1.3283438619490247e-07,18030,30,200,1,discreta_global,"(mu,lambda)",0.3
EE,potencias,2,90,1.3272274939928266e-07,18230,30,200,1,discreta_global,"(mu,lambda)",0.3
EE,potencias,2,91,1.326323694649011e-07,18430,30,200,1,discreta_global,"(mu,lambda)",0.3
EE,potencias,2,92,1.3253383935741396e-07,18630,30,200,1,discreta_global,"(mu,lambda)",0.3
EE,potencias,2,93,1.324321150938915e-07,18830,30,200,1,discreta_global,"(mu,lambda)",0.3
EE,potencias,2,94,1.323963300179179e-07,19030,30,200,1,discreta_global,"(mu,lambda)",0.3
EE,potencias,2,95,1.323275500887056e-07,19230,30,200,1,discreta_global,"(mu,lambda)",0.3
EE,potencias,2,96,1.3222888470701265e-07,19430,30,200,1,discreta_global,"(mu,lambda)",0.3
EE,potencias,2,97,1.322282154564651e-07,19630,30,200,1,discreta_global,"(mu,lambda)",0.3
EE,potencias,2,98,1.3220378059664398e-07,19830,30,200,1,discreta_global,"(mu,lambda)",0.3
EE,potencias,2,99,1.320163665665548e-07,20030,30,200,1,discreta_global,"(mu,lambda)",0.3
EE,potencias,2,100,1.3191048913470343e-07,20230,30,200,1,discreta_global,"(mu,lambda)",0.3
EE,potencias,2,101,1.31862959945589e-07,20430,30,200,1,discreta_global,"(mu,lambda)",0.3
EE,potencias,2,102,1.3184924485141038e-07,20630,30,200,1,discreta_global,"(mu,lambda)",0.3
EE,potencias,2,103,1.3174604990485378e-07,20830,30,200,1,discreta_global,"(mu,lambda)",0.3
EE,potencias,2,104,1.317161946256447e-07,21030,30,200,1,discreta_global,"(mu,lambda)",0.3
EE,potencias,2,105,1.3167603601438851e-07,21230,30,200,1,discreta_global,"(mu,lambda)",0.3
EE,potencias,2,106,1.31596627729533e-07,21430,30,200,1,discreta_global,"(mu,lambda)",0.3
EE,potencias,2,107,1.314447098420509e-07,21630,30,200,1,discreta_global,"(mu,lambda)",0.3
EE,potencias,2,108,1.3134617459250816e-07,21830,30,200,1,discreta_global,"(mu,lambda)",0.3
EE,potencias,2,109,1.3119315463243964e-07,22030,30,200,1,discreta_global,"(mu,lambda)",0.3
EE,potencias,2,110,1.3107968407421525e-07,22230,30,200,1,discreta_global,"(mu,lambda)",0.3
EE,potencias,2,111,1.310298563751928e-07,22430,30,200,1,discreta_global,"(mu,lambda)",0.3
EE,potencias,2,112,1.3100328533534373e-07,22630,30,200,1,discreta_global,"(mu,lambda)",0.3
EE,potencias,2,113,1.309623098057454e-07,22830,30,200,1,discreta_global,"(mu,lambda)",0.3
EE,potencias,2,114,1.3087231473524795e-07,23030,30,200,1,discreta_global,"(mu,lambda)",0.3
EE,potencias,2,115,1.308442534981651e-07,23230,30,200,1,discreta_global,"(mu,lambda)",0.3
EE,potencias,2,116,1.3075013499115014e-07,23430,30,200,1,discreta_global,"(mu,lambda)",0.3
EE,potencias,2,117,1.3064611538479718e-07,23630,30,200,1,discreta_global,"(mu,lambda)",0.3
EE,potencias,2,118,1.3053721613175194e-07,23830,30,200,1,discreta_global,"(mu,lambda)",0.3
EE,potencias,2,119,1.3045217129034132e-07,24030,30,200,1,discreta_global,"(mu,lambda)",0.3
EE,potencias,2,120,1.303447913353156e-07,24230,30,200,1,discreta_global,"(mu,lambda)",0.3
EE,potencias,2,121,1.3026404713917553e-07,24430,30,200,1,discreta_global,"(mu,lambda)",0.3
EE,potencias,2,122,1.3022053626345652e-07,24630,30,200,1,discreta_global,"(mu,lambda)",0.3
EE,potencias,2,123,1.3017847810972047e-07,24830,30,200,1,discreta_global,"(mu,lambda)",0.3
EE,potencias,2,124,1.3012941368740364e-07,25030,30,200,1,discreta_global,"(mu,lambda)",0.3
EE,potencias,2,125,1.3010374504335698e-07,25230,30,200,1,discreta_global,"(mu,lambda)",0.3
EE,potencias,2,126,1.3009216454095406e-07,25430,30,200,1,discreta_global,"(mu,lambda)",0.3
EE,potencias,2,127,1.3007605604843488e-07,25630,30,200,1,discreta_global,"(mu,lambda)",0.3
EE,potencias,2,128,1.3005406600806509e-07,25830,30,200,1,discreta_global,"(mu,lambda)",0.3
EE,potencias,2,129,1.3003230940558798e-07,26030,30,200,1,discreta_global,"(mu,lambda)",0.3
EE,potencias,2,130,1.2997028244536874e-07,26230,30,200,1,discreta_global,"(mu,lambda)",0.3
EE,potencias,2,131,1.2989655557461634e-07,26430,30,200,1,discreta_global,"(mu,lambda)",0.3
EE,potencias,2,132,1.2989944294983483e-07,26630,30,200,1,discreta_global,"(mu,lambda)",0.3
EE,potencias,2,133,1.2986532074439373e-07,26830,30,200,1,discreta_global,"(mu,lambda)",0.3
EE,potencias,2,134,1.2977700635502198e-07,27030,30,200,1,discreta_global,"(mu,lambda)",0.3
EE,potencias,2,135,1.2977116700812514e-07,27230,30,200,1,discreta_global,"(mu,lambda)",0.3
EE,potencias,2,136,1.297302667443958e-07,27430,30,200,1,discreta_global,"(mu,lambda)",0.3
EE,potencias,2,137,1.2964102612481354e-07,27630,30,200,1,discreta_global,"(mu,lambda)",0.3
EE,potencias,2,138,1.2962424170677776e-07,27830,30,200,1,discreta_global,"(mu,lambda)",0.3
EE,potencias,2,139,1.295893317296114e-07,28030,30,200,1,discreta_global,"(mu,lambda)",0.3
EE,potencias,2,140,1.2956029298158903e-07,28230,30,200,1,discreta_global,"(mu,lambda)",0.3
EE,potencias,2,141,1.2952849114692856e-07,28430,30,200,1,discreta_global,"(mu,lambda)",0.3
EE,potencias,2,142,1.2952756969513963e-07,28630,30,200,1,discreta_global,"(mu,lambda)",0.3
EE,potencias,2,143,1.2949422330407336e-07,28830,30,200,1,discreta_global,"(mu,lambda)",0.3
EE,potencias,2,144,1.294721067071267e-07,29030,30,200,1,discreta_global,"(mu,lambda)",0.3
EE,potencias,2,145,1.294219436945581e-07,29230,30,200,1,discreta_global,"(mu,lambda)",0.3
EE,potencias,2,146,1.293937818309391e-07,29430,30,200,1,discreta_global,"(mu,lambda)",0.3
EE,potencias,2,147,1.2932045125550991e-07,29630,30,200,1,discreta_global,"(mu,lambda)",0.3
EE,potencias,2,148,1.2929014265454024e-07,29830,30,200,1,discreta_global,"(mu,lambda)",0.3
EE,potencias,2,149,1.292151947101091e-07,30030,30,200,1,discreta_global,"(mu,lambda)",0.3
EE,potencias,2,150,1.291732670076326e-07,30230,30,200,1,discreta_global,"(mu,lambda)",0.3
EE,potencias,2,151,1.291219551566542e-07,30430,30,200,1,discreta_global,"(mu,lambda)",0.3
EE,potencias,2,152,1.2907193164149566e-07,30630,30,200,1,discreta_global,"(mu,lambda)",0.3
EE,potencias,2,153,1.2909464803674114e-07,30830,30,200,1,discreta_global,"(mu,lambda)",0.3
EE,potencias,2,154,1.2905390058288156e-07,31030,30,200,1,discreta_global,"(mu,lambda)",0.3
EE,potencias,2,155,1.2900185122275444e-07,31230,30,200,1,discreta_global,"(mu,lambda)",0.3
EE,potencias,2,156,1.2897923521936053e-07,31430,30,200,1,discreta_global,"(mu,lambda)",0.3
EE,potencias,2,157,1.2897961640786594e-07,31630,30,200,1,discreta_global,"(mu,lambda)",0.3
EE,potencias,2,158,1.2891396808462492e-07,31830,30,200,1,discreta_global,"(mu,lambda)",0.3
EE,potencias,2,159,1.2889198333713778e-07,32030,30,200,1,discreta_global,"(mu,lambda)",0.3
EE,potencias,2,160,1.2880618745366972e-07,32230,30,200,1,discreta_global,"(mu,lambda)",0.3
EE,potencias,2,161,1.2879471651059817e-07,32430,30,200,1,discreta_global,"(mu,lambda)",0.3
EE,potencias,2,162,1.2872695123602488e-07,32630,30,200,1,discreta_global,"(mu,lambda)",0.3
EE,potencias,2,163,1.286100911425311e-07,32830,30,200,1,discreta_global,"(mu,lambda)",0.3
EE,potencias,2,164,1.2858301833275787e-07,33030,30,200,1,discreta_global,"(mu,lambda)",0.3
EE,potencias,2,165,1.2848677256728165e-07,33230,30,200,1,discreta_global,"(mu,lambda)",0.3
EE,potencias,2,166,1.2846668943204778e-07,33430,30,200,1,discreta_global,"(mu,lambda)",0.3
EE,potencias,2,167,1.2843701738121682e-07,33630,30,200,1,discreta_global,"(mu,lambda)",0.3
EE,potencias,2,168,1.2843546568558674e-07,33830,30,200,1,discreta_global,"(mu,lambda)",0.3
EE,potencias,2,169,1.2842866523778454e-07,34030,30,200,1,discreta_global,"(mu,lambda)",0.3
EE,potencias,2,170,1.2842204821381158e-07,34230,30,200,1,discreta_global,"(mu,lambda)",0.3
EE,potencias,2,171,1.284128733347868e-07,34430,30,200,1,discreta_global,"(mu,lambda)",0.3
EE,potencias,2,172,1.2840385924884508e-07,34630,30,200,1,discreta_global,"(mu,lambda)",0.3
EE,potencias,2,173,1.28385187156052e-07,34830,30,200,1,discreta_global,"(mu,lambda)",0.3
EE,potencias,2,174,1.283705465646806e-07,35030,30,200,1,discreta_global,"(mu,lambda)",0.3
EE,potencias,2,175,1.2834990059169287e-07,35230,30,200,1,discreta_global,"(mu,lambda)",0.3
EE,potencias,2,176,1.2833410999391075e-07,35430,30,200,1,discreta_global,"(mu,lambda)",0.3
EE,potencias,2,177,1.2831235522983793e-07,35630,30,200,1,discreta_global,"(mu,lambda)",0.3
EE,potencias,2,178,1.2824129927793482e-07,35830,30,200,1,discreta_global,"(mu,lambda)",0.3
EE,potencias,2,179,1.2815656984207682e-07,36030,30,200,1,discreta_global,"(mu,lambda)",0.3
EE,potencias,2,180,1.2804244986762926e-07,36230,30,200,1,discreta_global,"(mu,lambda)",0.3
EE,potencias,2,181,1.2805586356855615e-07,36430,30,200,1,discreta_global,"(mu,lambda)",0.3
EE,potencias,2,182,1.2798084434903756e-07,36630,30,200,1,discreta_global,"(mu,lambda)",0.3
EE,potencias,2,183,1.2788177327426443e-07,36830,30,200,1,discreta_global,"(mu,lambda)",0.3
EE,potencias,2,184,1.2780048406647417e-07,37030,30,200,1,discreta_global,"(mu,lambda)",0.3
EE,potencias,2,185,1.276489034345678e-07,37230,30,200,1,discreta_global,"(mu,lambda)",0.3
EE,potencias,2,186,1.274677949843016e-07,37430,30,200,1,discreta_global,"(mu,lambda)",0.3
EE,potencias,2,187,1.274710978531878e-07,37630,30,200,1,discreta_global,"(mu,lambda)",0.3
EE,potencias,2,188,1.2746571594110473e-07,37830,30,200,1,discreta_global,"(mu,lambda)",0.3
EE,potencias,2,189,1.2744234940793155e-07,38030,30,200,1,discreta_global,"(mu,lambda)",0.3
EE,potencias,2,190,1.2735633497698798e-07,38230,30,200,1,discreta_global,"(mu,lambda)",0.3
EE,potencias,2,191,1.2727104371475126e-07,38430,30,200,1,discreta_global,"(mu,lambda)",0.3
EE,potencias,2,192,1.2719169813921096e-07,38630,30,200,1,discreta_global,"(mu,lambda)",0.3
EE,potencias,2,193,1.271037070766974e-07,38830,30,200,1,discreta_global,"(mu,lambda)",0.3
EE,potencias,2,194,1.270408321424956e-07,39030,30,200,1,discreta_global,"(mu,lambda)",0.3
EE,potencias,2,195,1.2696766681287423e-07,39230,30,200,1,discreta_global,"(mu,lambda)",0.3
EE,potencias,2,196,1.2685967257626e-07,39430,30,200,1,discreta_global,"(mu,lambda)",0.3
EE,potencias,2,197,1.268654710124496e-07,39630,30,200,1,discreta_global,"(mu,lambda)",0.3
EE,potencias,2,198,1.267072632889361e-07,39830,30,200,1,discreta_global,"(mu,lambda)",0.3
EE,potencias,2,199,1.266844031019897e-07,40030,30,200,1,discreta_global,"(mu,lambda)",0.3
EE,potencias,2,200,1.26547088657764e-07,40230,30,200,1,discreta_global,"(mu,lambda)",0.3
EE,potencias,2,201,1.2648452816467122e-07,40430,30,200,1,discreta_global,"(mu,lambda)",0.3
EE,potencias,2,202,1.264569941717784e-07,40630,30,200,1,discreta_global,"(mu,lambda)",0.3
EE,potencias,2,203,1.26443819762224e-07,40830,30,200,1,discreta_global,"(mu,lambda)",0.3
EE,potencias,2,204,1.2643710154681107e-07,41030,30,200,1,discreta_global,"(mu,lambda)",0.3
EE,potencias,2,205,1.2641225412253534e-07,41230,30,200,1,discreta_global,"(mu,lambda)",0.3
EE,potencias,2,206,1.263745191182203e-07,41430,30,200,1,discreta_global,"(mu,lambda)",0.3
EE,potencias,2,207,1.263343646118708e-07,41630,30,200,1,discreta_global,"(mu,lambda)",0.3
EE,potencias,2,208,1.261633699191394e-07,41830,30,200,1,discreta_global,"(mu,lambda)",0.3
EE,potencias,2,209,1.2607432544378077e-07,42030,30,200,1,discreta_global,"(mu,lambda)",0.3
EE,potencias,2,210,1.2591957080015638e-07,42230,30,200,1,discreta_global,"(mu,lambda)",0.3
EE,potencias,2,211,1.25897853657072e-07,42430,30,200,1,discreta_global,"(mu,lambda)",0.3
EE,potencias,2,212,1.258062828118127e-07,42630,30,200,1,discreta_global,"(mu,lambda)",0.3
EE,potencias,2,213,1.2578738659541314e-07,42830,30,200,1,discreta_global,"(mu,lambda)",0.3
EE,potencias,2,214,1.257795737518013e-07,43030,30,200,1,discreta_global,"(mu,lambda)",0.3
EE,potencias,2,215,1.2575687680151038e-07,43230,30,200,1,discreta_global,"(mu,lambda)",0.3
EE,potencias,2,216,1.2568384871356393e-07,43430,30,200,1,discreta_global,"(mu,lambda)",0.3
EE,potencias,2,217,1.2566630073320144e-07,43630,30,200,1,discreta_global,"(mu,lambda)",0.3
EE,potencias,2,218,1.2560897236721824e-07,43830,30,200,1,discreta_global,"(mu,lambda)",0.3
EE,potencias,2,219,1.2560673591536395e-07,44030,30,200,1,discreta_global,"(mu,lambda)",0.3
EE,potencias,2,220,1.2557938850436494e-07,44230,30,200,1,discreta_global,"(mu,lambda)",0.3
EE,potencias,2,221,1.255366994156235e-07,44430,30,200,1,discreta_global,"(mu,lambda)",0.3
EE,potencias,2,222,1.2552439124677037e-07,44630,30,200,1,discreta_global,"(mu,lambda)",0.3
EE,potencias,2,223,1.2548554232801292e-07,44830,30,200,1,discreta_global,"(mu,lambda)",0.3
EE,potencias,2,224,1.25430562545494e-07,45030,30,200,1,discreta_global,"(mu,lambda)",0.3
EE,potencias,2,225,1.2542543535085517e-07,45230,30,200,1,discreta_global,"(mu,lambda)",0.3
EE,potencias,2,226,1.2539075075771537e-07,45430,30,200,1,discreta_global,"(mu,lambda)",0.3
EE,potencias,2,227,1.2535791696276006e-07,45630,30,200,1,discreta_global,"(mu,lambda)",0.3
EE,potencias,2,228,1.2531936631308118e-07,45830,30,200,1,discreta_global,"(mu,lambda)",0.3
EE,potencias,2,229,1.2516248239307357e-07,46030,30,200,1,discreta_global,"(mu,lambda)",0.3
EE,potencias,2,230,1.251842242222388e-07,46230,30,200,1,discreta_global,"(mu,lambda)",0.3
EE,potencias,2,231,1.251213418810855e-07,46430,30,200,1,discreta_global,"(mu,lambda)",0.3
EE,potencias,2,232,1.250391279775321e-07,46630,30,200,1,discreta_global,"(mu,lambda)",0.3
EE,potencias,2,233,1.2500967909111915e-07,46830,30,200,1,discreta_global,"(mu,lambda)",0.3
EE,potencias,2,234,1.248837841079735e-07,47030,30,200,1,discreta_global,"(mu,lambda)",0.3
EE,potencias,2,235,1.248388065645756e-07,47230,30,200,1,discreta_global,"(mu,lambda)",0.3
EE,potencias,2,236,1.2471798275962688e-07,47430,30,200,1,discreta_global,"(mu,lambda)",0.3
EE,potencias,2,237,1.247058855018491e-07,47630,30,200,1,discreta_global,"(mu,lambda)",0.3
EE,potencias,2,238,1.2466548630696464e-07,47830,30,200,1,discreta_global,"(mu,lambda)",0.3
EE,potencias,2,239,1.246360927519071e-07,48030,30,200,1,discreta_global,"(mu,lambda)",0.3
EE,potencias,2,240,1.2462371325861624e-07,48230,30,200,1,discreta_global,"(mu,lambda)",0.3
EE,potencias,2,241,1.2459496854240875e-07,48430,30,200,1,discreta_global,"(mu,lambda)",0.3
EE,potencias,2,242,1.2455757771252872e-07,48630,30,200,1,discreta_global,"(mu,lambda)",0.3
EE,potencias,2,243,1.2446209578595628e-07,48830,30,200,1,discreta_global,"(mu,lambda)",0.3
EE,potencias,2,244,1.2436185857480325e-07,49030,30,200,1,discreta_global,"(mu,lambda)",0.3
EE,potencias,2,245,1.2437430835267655e-07,49230,30,200,1,discreta_global,"(mu,lambda)",0.3
EE,potencias,2,246,1.2427584110433744e-07,49430,30,200,1,discreta_global,"(mu,lambda)",0.3
EE,potencias,2,247,1.242542370664513e-07,49630,30,200,1,discreta_global,"(mu,lambda)",0.3
EE,potencias,2,248,1.2417415824199896e-07,49830,30,200,1,discreta_global,"(mu,lambda)",0.3
EE,potencias,2,249,1.2407886329857582e-07,50030,30,200,1,discreta_global,"(mu,lambda)",0.3
EE,potencias,2,250,1.240500231671451e-07,50230,30,200,1,discreta_global,"(mu,lambda)",0.3
EE,potencias,2,251,1.240445651054544e-07,50430,30,200,1,discreta_global,"(mu,lambda)",0.3
EE,potencias,2,252,1.240274415769409e-07,50630,30,200,1,discreta_global,"(mu,lambda)",0.3
EE,potencias,2,253,1.2399757592416585e-07,50830,30,200,1,discreta_global,"(mu,lambda)",0.3
EE,potencias,2,254,1.2399147980713384e-07,51030,30,200,1,discreta_global,"(mu,lambda)",0.3
EE,potencias,2,255,1.2397724997876412e-07,51230,30,200,1,discreta_global,"(mu,lambda)",0.3
EE,potencias,2,256,1.2396566644156406e-07,51430,30,200,1,discreta_global,"(mu,lambda)",0.3
EE,potencias,2,257,1.239342845518418e-07,51630,30,200,1,discreta_global,"(mu,lambda)",0.3
EE,potencias,2,258,1.2392745069129957e-07,51830,30,200,1,discreta_global,"(mu,lambda)",0.3
EE,potencias,2,259,1.2389099963642154e-07,52030,30,200,1,discreta_global,"(mu,lambda)",0.3
EE,potencias,2,260,1.2388256610507808e-07,52230,30,200,1,discreta_global,"(mu,lambda)",0.3
EE,potencias,2,261,1.238577765621791e-07,52430,30,200,1,discreta_global,"(mu,lambda)",0.3
EE,potencias,2,262,1.2383825505269866e-07,52630,30,200,1,discreta_global,"(mu,lambda)",0.3
EE,potencias,2,263,1.2377402754102178e-07,52830,30,200,1,discreta_global,"(mu,lambda)",0.3
EE,potencias,2,264,1.2341388903866977e-07,53030,30,200,1,discreta_global,"(mu,lambda)",0.3
EE,potencias,2,265,1.2310188308163615e-07,53230,30,200,1,discreta_global,"(mu,lambda)",0.3
EE,potencias,2,266,1.2293851676455524e-07,53430,30,200,1,discreta_global,"(mu,lambda)",0.3
EE,potencias,2,267,1.2280729401484325e-07,53630,30,200,1,discreta_global,"(mu,lambda)",0.3
EE,potencias,2,268,1.2266945327640916e-07,53830,30,200,1,discreta_global,"(mu,lambda)",0.3
EE,potencias,2,269,1.225924608167612e-07,54030,30,200,1,discreta_global,"(mu,lambda)",0.3
EE,potencias,2,270,1.2240789774532318e-07,54230,30,200,1,discreta_global,"(mu,lambda)",0.3
EE,potencias,2,271,1.2231783681460383e-07,54430,30,200,1,discreta_global,"(mu,lambda)",0.3
EE,potencias,2,272,1.222439229367763e-07,54630,30,200,1,discreta_global,"(mu,lambda)",0.3
EE,potencias,2,273,1.2215145425200268e-07,54830,30,200,1,discreta_global,"(mu,lambda)",0.3
EE,potencias,2,274,1.220302598845971e-07,55030,30,200,1,discreta_global,"(mu,lambda)",0.3
EE,potencias,2,275,1.2199330634028474e-07,55230,30,200,1,discreta_global,"(mu,lambda)",0.3
EE,potencias,2,276,1.2190030088926707e-07,55430,30,200,1,discreta_global,"(mu,lambda)",0.3
EE,potencias,2,277,1.2143678557558556e-07,55630,30,200,1,discreta_global,"(mu,lambda)",0.3
EE,potencias,2,278,1.2143140872154565e-07,55830,30,200,1,discreta_global,"(mu,lambda)",0.3
EE,potencias,2,279,1.2133506922713716e-07,56030,30,200,1,discreta_global,"(mu,lambda)",0.3
EE,potencias,2,280,1.2107869921006784e-07,56230,30,200,1,discreta_global,"(mu,lambda)",0.3
EE,potencias,2,281,1.2099976773347567e-07,56430,30,200,1,discreta_global,"(mu,lambda)",0.3
EE,potencias,2,282,1.2089421942832468e-07,56630,30,200,1,discreta_global,"(mu,lambda)",0.3
EE,potencias,2,283,1.2081247680039506e-07,56830,30,200,1,discreta_global,"(mu,lambda)",0.3
EE,potencias,2,284,1.2071430193099735e-07,57030,30,200,1,discreta_global,"(mu,lambda)",0.3
EE,potencias,2,285,1.205819833969321e-07,57230,30,200,1,discreta_global,"(mu,lambda)",0.3
EE,potencias,2,286,1.2055228773252245e-07,57430,30,200,1,discreta_global,"(mu,lambda)",0.3
EE,potencias,2,287,1.205420297603635e-07,57630,30,200,1,discreta_global,"(mu,lambda)",0.3
EE,potencias,2,288,1.2052055171947043e-07,57830,30,200,1,discreta_global,"(mu,lambda)",0.3
EE,potencias,2,289,1.2051224197775235e-07,58030,30,200,1,discreta_global,"(mu,lambda)",0.3
EE,potencias,2,290,1.2048370876655906e-07,58230,30,200,1,discreta_global,"(mu,lambda)",0.3
EE,potencias,2,291,1.2045967362437357e-07,58430,30,200,1,discreta_global,"(mu,lambda)",0.3
EE,potencias,2,292,1.2044553113497545e-07,58630,30,200,1,discreta_global,"(mu,lambda)",0.3
EE,potencias,2,293,1.2036950183820215e-07,58830,30,200,1,discreta_global,"(mu,lambda)",0.3
EE,potencias,2,294,1.203647127221795e-07,59030,30,200,1,discreta_global,"(mu,lambda)",0.3
EE,potencias,2,295,1.2030733483416878e-07,59230,30,200,1,discreta_global,"(mu,lambda)",0.3
EE,potencias,2,296,1.2026469160171782e-07,59430,30,200,1,discreta_global,"(mu,lambda)",0.3
EE,potencias,2,297,1.2023647093469604e-07,59630,30,200,1,discreta_global,"(mu,lambda)",0.3
EE,potencias,2,298,1.2017724152831815e-07,59830,30,200,1,discreta_global,"(mu,lambda)",0.3
EE,potencias,2,299,1.2008567906218027e-07,60030,30,200,1,discreta_global,"(mu,lambda)",0.3
EE,potencias,2,300,1.2007807265452326e-07,60230,30,200,1,discreta_global,"(mu,lambda)",0.3
EE,potencias,2,301,1.1999899350445938e-07,60430,30,200,1,discreta_global,"(mu,lambda)",0.3
EE,potencias,2,302,1.2000991440590886e-07,60630,30,200,1,discreta_global,"(mu,lambda)",0.3
EE,potencias,2,303,1.1995222539156749e-07,60830,30,200,1,discreta_global,"(mu,lambda)",0.3
EE,potencias,2,304,1.199269369822072e-07,61030,30,200,1,discreta_global,"(mu,lambda)",0.3
EE,potencias,2,305,1.1988751173890188e-07,61230,30,200,1,discreta_global,"(mu,lambda)",0.3
EE,potencias,2,306,1.1985764103649593e-07,61430,30,200,1,discreta_global,"(mu,lambda)",0.3
EE,potencias,2,307,1.1982334759542445e-07,61630,30,200,1,discreta_global,"(mu,lambda)",0.3
EE,potencias,2,308,1.197413904584586e-07,61830,30,200,1,discreta_global,"(mu,lambda)",0.3
EE,potencias,2,309,1.1971245111024444e-07,62030,30,200,1,discreta_global,"(mu,lambda)",0.3
EE,potencias,2,310,1.1967484616457267e-07,62230,30,200,1,discreta_global,"(mu,lambda)",0.3
EE,potencias,2,311,1.196543340151709e-07,62430,30,200,1,discreta_global,"(mu,lambda)",0.3
EE,potencias,2,312,1.196374811072715e-07,62630,30,200,1,discreta_global,"(mu,lambda)",0.3
EE,potencias,2,313,1.196015026821742e-07,62830,30,200,1,discreta_global,"(mu,lambda)",0.3
EE,potencias,2,314,1.1956849231741785e-07,63030,30,200,1,discreta_global,"(mu,lambda)",0.3
EE,potencias,2,315,1.1953970805028707e-07,63230,30,200,1,discreta_global,"(mu,lambda)",0.3
EE,potencias,2,316,1.195087559811861e-07,63430,30,200,1,discreta_global,"(mu,lambda)",0.3
EE,potencias,2,317,1.1949351324774632e-07,63630,30,200,1,discreta_global,"(mu,lambda)",0.3
EE,potencias,2,318,1.1947199676062128e-07,63830,30,200,1,discreta_global,"(mu,lambda)",0.3
EE,potencias,2,319,1.194506407974238e-07,64030,30,200,1,discreta_global,"(mu,lambda)",0.3
EE,potencias,2,320,1.194042670320743e-07,64230,30,200,1,discreta_global,"(mu,lambda)",0.3
EE,potencias,2,321,1.193454137330387e-07,64430,30,200,1,discreta_global,"(mu,lambda)",0.3
EE,potencias,2,322,1.1927820570251295e-07,64630,30,200,1,discreta_global,"(mu,lambda)",0.3
EE,potencias,2,323,1.192159346606074e-07,64830,30,200,1,discreta_global,"(mu,lambda)",0.3
EE,potencias,2,324,1.1914211205080467e-07,65030,30,200,1,discreta_global,"(mu,lambda)",0.3
EE,potencias,2,325,1.1908374793872856e-07,65230,30,200,1,discreta_global,"(mu,lambda)",0.3
EE,potencias,2,326,1.190636582481012e-07,65430,30,200,1,discreta_global,"(mu,lambda)",0.3
EE,potencias,2,327,1.190441790371533e-07,65630,30,200,1,discreta_global,"(mu,lambda)",0.3
EE,potencias,2,328,1.190287708696549e-07,65830,30,200,1,discreta_global,"(mu,lambda)",0.3
EE,potencias,2,329,1.1899548213769405e-07,66030,30,200,1,discreta_global,"(mu,lambda)",0.3
EE,potencias,2,330,1.1895384041543748e-07,66230,30,200,1,discreta_global,"(mu,lambda)",0.3
EE,potencias,2,331,1.1891177024838837e-07,66430,30,200,1,discreta_global,"(mu,lambda)",0.3
EE,potencias,2,332,1.1887597149484956e-07,66630,30,200,1,discreta_global,"(mu,lambda)",0.3
EE,potencias,2,333,1.1884482218632448e-07,66830,30,200,1,discreta_global,"(mu,lambda)",0.3
EE,potencias,2,334,1.1880767710395052e-07,67030,30,200,1,discreta_global,"(mu,lambda)",0.3
EE,potencias,2,335,1.1872708875384714e-07,67230,30,200,1,discreta_global,"(mu,lambda)",0.3
EE,potencias,2,336,1.1871168042010816e-07,67430,30,200,1,discreta_global,"(mu,lambda)",0.3
EE,potencias,2,337,1.1860501842363769e-07,67630,30,200,1,discreta_global,"(mu,lambda)",0.3
EE,potencias,2,338,1.1858753075508853e-07,67830,30,200,1,discreta_global,"(mu,lambda)",0.3
EE,potencias,2,339,1.1853792122250498e-07,68030,30,200,1,discreta_global,"(mu,lambda)",0.3
EE,potencias,2,340,1.1849602979556097e-07,68230,30,200,1,discreta_global,"(mu,lambda)",0.3
EE,potencias,2,341,1.184424963975559e-07,68430,30,200,1,discreta_global,"(mu,lambda)",0.3
EE,potencias,2,342,1.1832881673773837e-07,68630,30,200,1,discreta_global,"(mu,lambda)",0.3
EE,potencias,2,343,1.1831131905591986e-07,68830,30,200,1,discreta_global,"(mu,lambda)",0.3
EE,potencias,2,344,1.1827502941188108e-07,69030,30,200,1,discreta_global,"(mu,lambda)",0.3
EE,potencias,2,345,1.1827198632901747e-07,69230,30,200,1,discreta_global,"(mu,lambda)",0.3
EE,potencias,2,346,1.1823323030931003e-07,69430,30,200,1,discreta_global,"(mu,lambda)",0.3
EE,potencias,2,347,1.1820603047193855e-07,69630,30,200,1,discreta_global,"(mu,lambda)",0.3
EE,potencias,2,348,1.1818671187031179e-07,69830,30,200,1,discreta_global,"(mu,lambda)",0.3
EE,potencias,2,349,1.1814713111596468e-07,70030,30,200,1,discreta_global,"(mu,lambda)",0.3
EE,potencias,2,350,1.1804259984758727e-07,70230,30,200,1,discreta_global,"(mu,lambda)",0.3
EE,potencias,2,351,1.1797043013823714e-07,70430,30,200,1,discreta_global,"(mu,lambda)",0.3
EE,potencias,2,352,1.1792313270480969e-07,70630,30,200,1,discreta_global,"(mu,lambda)",0.3
EE,potencias,2,353,1.1786464324498627e-07,70830,30,200,1,discreta_global,"(mu,lambda)",0.3
EE,potencias,2,354,1.1783009496877286e-07,71030,30,200,1,discreta_global,"(mu,lambda)",0.3
EE,potencias,2,355,1.1771259217412522e-07,71230,30,200,1,discreta_global,"(mu,lambda)",0.3
EE,potencias,2,356,1.1768214661528961e-07,71430,30,200,1,discreta_global,"(mu,lambda)",0.3
EE,potencias,2,357,1.1765019084352841e-07,71630,30,200,1,discreta_global,"(mu,lambda)",0.3
EE,potencias,2,358,1.1752570488977428e-07,71830,30,200,1,discreta_global,"(mu,lambda)",0.3
EE,potencias,2,359,1.1752421999385802e-07,72030,30,200,1,discreta_global,"(mu,lambda)",0.3
EE,potencias,2,360,1.1749786808326384e-07,72230,30,200,1,discreta_global,"(mu,lambda)",0.3
EE,potencias,2,361,1.1746338626733491e-07,72430,30,200,1,discreta_global,"(mu,lambda)",0.3
EE,potencias,2,362,1.1744121818349928e-07,72630,30,200,1,discreta_global,"(mu,lambda)",0.3
EE,potencias,2,363,1.1738070018001575e-07,72830,30,200,1,discreta_global,"(mu,lambda)",0.3
EE,potencias,2,364,1.1731203426273949e-07,73030,30,200,1,discreta_global,"(mu,lambda)",0.3
EE,potencias,2,365,1.1730005661809592e-07,73230,30,200,1,discreta_global,"(mu,lambda)",0.3
EE,potencias,2,366,1.1725543160355288e-07,73430,30,200,1,discreta_global,"(mu,lambda)",0.3
EE,potencias,2,367,1.1724381139219341e-07,73630,30,200,1,discreta_global,"(mu,lambda)",0.3
EE,potencias,2,368,1.1723740941214304e-07,73830,30,200,1,discreta_global,"(mu,lambda)",0.3
EE,potencias,2,369,1.1722707448753085e-07,74030,30,200,1,discreta_global,"(mu,lambda)",0.3
EE,potencias,2,370,1.1722006216912848e-07,74230,30,200,1,discreta_global,"(mu,lambda)",0.3
EE,potencias,2,371,1.1720079792593912e-07,74430,30,200,1,discreta_global,"(mu,lambda)",0.3
EE,potencias,2,372,1.1718204261112697e-07,74630,30,200,1,discreta_global,"(mu,lambda)",0.3
EE,potencias,2,373,1.1717678936237343e-07,74830,30,200,1,discreta_global,"(mu,lambda)",0.3
EE,potencias,2,374,1.1715811412455418e-07,75030,30,200,1,discreta_global,"(mu,lambda)",0.3
EE,potencias,2,375,1.1713881659460573e-07,75230,30,200,1,discreta_global,"(mu,lambda)",0.3
EE,potencias,2,376,1.1711228631824858e-07,75430,30,200,1,discreta_global,"(mu,lambda)",0.3
EE,potencias,2,377,1.1708240073081513e-07,75630,30,200,1,discreta_global,"(mu,lambda)",0.3
EE,potencias,2,378,1.1703603190534125e-07,75830,30,200,1,discreta_global,"(mu,lambda)",0.3
EE,potencias,2,379,1.1692360116134842e-07,76030,30,200,1,discreta_global,"(mu,lambda)",0.3
EE,potencias,2,380,1.1682681995588506e-07,76230,30,200,1,discreta_global,"(mu,lambda)",0.3
EE,potencias,2,381,1.1674587471260445e-07,76430,30,200,1,discreta_global,"(mu,lambda)",0.3
EE,potencias,2,382,1.1674111127146369e-07,76630,30,200,1,discreta_global,"(mu,lambda)",0.3
EE,potencias,2,383,1.1669776192113571e-07,76830,30,200,1,discreta_global,"(mu,lambda)",0.3
EE,potencias,2,384,1.1667581243322814e-07,77030,30,200,1,discreta_global,"(mu,lambda)",0.3
EE,potencias,2,385,1.166645800847711e-07,77230,30,200,1,discreta_global,"(mu,lambda)",0.3
EE,potencias,2,386,1.1664877766539008e-07,77430,30,200,1,discreta_global,"(mu,lambda)",0.3
EE,potencias,2,387,1.1663020823486137e-07,77630,30,200,1,discreta_global,"(mu,lambda)",0.3
EE,potencias,2,388,1.1661498288748368e-07,77830,30,200,1,discreta_global,"(mu,lambda)",0.3
EE,potencias,2,389,1.1658228948548827e-07,78030,30,200,1,discreta_global,"(mu,lambda)",0.3
EE,potencias,2,390,1.1656228959073308e-07,78230,30,200,1,discreta_global,"(mu,lambda)",0.3
EE,potencias,2,391,1.1653163697119258e-07,78430,30,200,1,discreta_global,"(mu,lambda)",0.3
EE,potencias,2,392,1.16463125956201e-07,78630,30,200,1,discreta_global,"(mu,lambda)",0.3
EE,potencias,2,393,1.1639337347761578e-07,78830,30,200,1,discreta_global,"(mu,lambda)",0.3
EE,potencias,2,394,1.1638096002084944e-07,79030,30,200,1,discreta_global,"(mu,lambda)",0.3
EE,potencias,2,395,1.1625310086484683e-07,79230,30,200,1,discreta_global,"(mu,lambda)",0.3
EE,potencias,2,396,1.1624948996816926e-07,79430,30,200,1,discreta_global,"(mu,lambda)",0.3
EE,potencias,2,397,1.1586497272091434e-07,79630,30,200,1,discreta_global,"(mu,lambda)",0.3
EE,potencias,2,398,1.1593251834878241e-07,79830,30,200,1,discreta_global,"(mu,lambda)",0.3
EE,potencias,2,399,1.1569856498464356e-07,80030,30,200,1,discreta_global,"(mu,lambda)",0.3
EE,potencias,2,400,1.1557427166876297e-07,80230,30,200,1,discreta_global,"(mu,lambda)",0.3
EE,potencias,2,401,1.1555875755805089e-07,80430,30,200,1,discreta_global,"(mu,lambda)",0.3
EE,potencias,2,402,1.1554859125771995e-07,80630,30,200,1,discreta_global,"(mu,lambda)",0.3
EE,potencias,2,403,1.1547425097626568e-07,80830,30,200,1,discreta_global,"(mu,lambda)",0.3
EE,potencias,2,404,1.1545392035208221e-07,81030,30,200,1,discreta_global,"(mu,lambda)",0.3
EE,potencias,2,405,1.1544402873488463e-07,81230,30,200,1,discreta_global,"(mu,lambda)",0.3
EE,potencias,2,406,1.1540265296075899e-07,81430,30,200,1,discreta_global,"(mu,lambda)",0.3
EE,potencias,2,407,1.1536927578590096e-07,81630,30,200,1,discreta_global,"(mu,lambda)",0.3
EE,potencias,2,408,1.153000571799659e-07,81830,30,200,1,discreta_global,"(mu,lambda)",0.3
EE,potencias,2,409,1.1525477417924691e-07,82030,30,200,1,discreta_global,"(mu,lambda)",0.3
EE,potencias,2,410,1.1520217360162187e-07,82230,30,200,1,discreta_global,"(mu,lambda)",0.3
EE,potencias,2,411,1.1515550351604674e-07,82430,30,200,1,discreta_global,"(mu,lambda)",0.3
EE,potencias,2,412,1.1504135154774849e-07,82630,30,200,1,discreta_global,"(mu,lambda)",0.3
EE,potencias,2,413,1.149110159122786e-07,82830,30,200,1,discreta_global,"(mu,lambda)",0.3
EE,potencias,2,414,1.1488378992930568e-07,83030,30,200,1,discreta_global,"(mu,lambda)",0.3
EE,potencias,2,415,1.148619217133824e-07,83230,30,200,1,discreta_global,"(mu,lambda)",0.3
EE,potencias,2,416,1.1481996991543006e-07,83430,30,200,1,discreta_global,"(mu,lambda)",0.3
EE,potencias,2,417,1.1472648016741291e-07,83630,30,200,1,discreta_global,"(mu,lambda)",0.3
EE,potencias,2,418,1.1473576430955832e-07,83830,30,200,1,discreta_global,"(mu,lambda)",0.3
EE,potencias,2,419,1.1469697876534151e-07,84030,30,200,1,discreta_global,"(mu,lambda)",0.3
EE,potencias,2,420,1.1463018099749668e-07,84230,30,200,1,discreta_global,"(mu,lambda)",0.3
EE,potencias,2,421,1.146325234424457e-07,84430,30,200,1,discreta_global,"(mu,lambda)",0.3
EE,potencias,2,422,1.1457594459333932e-07,84630,30,200,1,discreta_global,"(mu,lambda)",0.3
EE,potencias,2,423,1.1455388656032086e-07,84830,30,200,1,discreta_global,"(mu,lambda)",0.3
EE,potencias,2,424,1.1450850147418196e-07,85030,30,200,1,discreta_global,"(mu,lambda)",0.3
EE,potencias,2,425,1.1446270748754489e-07,85230,30,200,1,discreta_global,"(mu,lambda)",0.3
EE,potencias,2,426,1.1443531864361243e-07,85430,30,200,1,discreta_global,"(mu,lambda)",0.3
EE,potencias,2,427,1.1440597228614653e-07,85630,30,200,1,discreta_global,"(mu,lambda)",0.3
EE,potencias,2,428,1.143423273029654e-07,85830,30,200,1,discreta_global,"(mu,lambda)",0.3
EE,potencias,2,429,1.1431987593799405e-07,86030,30,200,1,discreta_global,"(mu,lambda)",0.3
EE,potencias,2,430,1.1426955577421843e-07,86230,30,200,1,discreta_global,"(mu,lambda)",0.3
EE,potencias,2,431,1.1423985068739386e-07,86430,30,200,1,discreta_global,"(mu,lambda)",0.3
EE,potencias,2,432,1.1419497125590391e-07,86630,30,200,1,discreta_global,"(mu,lambda)",0.3
EE,potencias,2,433,1.1415671739570337e-07,86830,30,200,1,discreta_global,"(mu,lambda)",0.3
EE,potencias,2,434,1.1410631544134866e-07,87030,30,200,1,discreta_global,"(mu,lambda)",0.3
EE,potencias,2,435,1.1407164607752264e-07,87230,30,200,1,discreta_global,"(mu,lambda)",0.3
EE,potencias,2,436,1.1404233144263121e-07,87430,30,200,1,discreta_global,"(mu,lambda)",0.3
EE,potencias,2,437,1.1399239025296016e-07,87630,30,200,1,discreta_global,"(mu,lambda)",0.3
EE,potencias,2,438,1.1394094106364376e-07,87830,30,200,1,discreta_global,"(mu,lambda)",0.3
EE,potencias,2,439,1.1391312413355777e-07,88030,30,200,1,discreta_global,"(mu,lambda)",0.3
EE,potencias,2,440,1.1381197030390176e-07,88230,30,200,1,discreta_global,"(mu,lambda)",0.3
EE,potencias,2,441,1.1373977473654684e-07,88430,30,200,1,discreta_global,"(mu,lambda)",0.3
EE,potencias,2,442,1.137048280032745e-07,88630,30,200,1,discreta_global,"(mu,lambda)",0.3
EE,potencias,2,443,1.1369055024537407e-07,88830,30,200,1,discreta_global,"(mu,lambda)",0.3
EE,potencias,2,444,1.1366188566613085e-07,89030,30,200,1,discreta_global,"(mu,lambda)",0.3
EE,potencias,2,445,1.1364064953522343e-07,89230,30,200,1,discreta_global,"(mu,lambda)",0.3
EE,potencias,2,446,1.1363320725497753e-07,89430,30,200,1,discreta_global,"(mu,lambda)",0.3
EE,potencias,2,447,1.1360568994753178e-07,89630,30,200,1,discreta_global,"(mu,lambda)",0.3
EE,potencias,2,448,1.135681201750089e-07,89830,30,200,1,discreta_global,"(mu,lambda)",0.3
EE,potencias,2,449,1.135106659049636e-07,90030,30,200,1,discreta_global,"(mu,lambda)",0.3
EE,potencias,2,450,1.134477625369434e-07,90230,30,200,1,discreta_global,"(mu,lambda)",0.3
EE,potencias,2,451,1.1344223481009565e-07,90430,30,200,1,discreta_global,"(mu,lambda)",0.3
EE,potencias,2,452,1.13286863613891e-07,90630,30,200,1,discreta_global,"(mu,lambda)",0.3
EE,potencias,2,453,1.1334762778145989e-07,90830,30,200,1,discreta_global,"(mu,lambda)",0.3
EE,potencias,2,454,1.1327993040387263e-07,91030,30,200,1,discreta_global,"(mu,lambda)",0.3
EE,potencias,2,455,1.1325770288558349e-07,91230,30,200,1,discreta_global,"(mu,lambda)",0.3
EE,potencias,2,456,1.1319441207276966e-07,91430,30,200,1,discreta_global,"(mu,lambda)",0.3
EE,potencias,2,457,1.1319300296288905e-07,91630,30,200,1,discreta_global,"(mu,lambda)",0.3
EE,potencias,2,458,1.1317874389566327e-07,91830,30,200,1,discreta_global,"(mu,lambda)",0.3
EE,potencias,2,459,1.1317622074910712e-07,92030,30,200,1,discreta_global,"(mu,lambda)",0.3
EE,potencias,2,460,1.1317586101218722e-07,92230,30,200,1,discreta_global,"(mu,lambda)",0.3
EE,potencias,2,461,1.1317139559948572e-07,92430,30,200,1,discreta_global,"(mu,lambda)",0.3
EE,potencias,2,462,1.1316989111617854e-07,92630,30,200,1,discreta_global,"(mu,lambda)",0.3
EE,potencias,2,463,1.1316621873833337e-07,92830,30,200,1,discreta_global,"(mu,lambda)",0.3
EE,potencias,2,464,1.131528291329264e-07,93030,30,200,1,discreta_global,"(mu,lambda)",0.3
EE,potencias,2,465,1.1314182871536184e-07,93230,30,200,1,discreta_global,"(mu,lambda)",0.3
EE,potencias,2,466,1.1309465704142529e-07,93430,30,200,1,discreta_global,"(mu,lambda)",0.3
EE,potencias,2,467,1.1309247399745728e-07,93630,30,200,1,discreta_global,"(mu,lambda)",0.3
EE,potencias,2,468,1.1304620435852474e-07,93830,30,200,1,discreta_global,"(mu,lambda)",0.3
EE,potencias,2,469,1.130339679567475e-07,94030,30,200,1,discreta_global,"(mu,lambda)",0.3
EE,potencias,2,470,1.1301490216988381e-07,94230,30,200,1,discreta_global,"(mu,lambda)",0.3
EE,potencias,2,471,1.1294092251081718e-07,94430,30,200,1,discreta_global,"(mu,lambda)",0.3
EE,potencias,2,472,1.1291691973347783e-07,94630,30,200,1,discreta_global,"(mu,lambda)",0.3
EE,potencias,2,473,1.1273094641272299e-07,94830,30,200,1,discreta_global,"(mu,lambda)",0.3
EE,potencias,2,474,1.127830190861201e-07,95030,30,200,1,discreta_global,"(mu,lambda)",0.3
EE,potencias,2,475,1.1273038336645766e-07,95230,30,200,1,discreta_global,"(mu,lambda)",0.3
EE,potencias,2,476,1.1269038382803198e-07,95430,30,200,1,discreta_global,"(mu,lambda)",0.3
EE,potencias,2,477,1.1265761200818866e-07,95630,30,200,1,discreta_global,"(mu,lambda)",0.3
EE,potencias,2,478,1.1262885259800563e-07,95830,30,200,1,discreta_global,"(mu,lambda)",0.3
EE,potencias,2,479,1.1254655897124924e-07,96030,30,200,1,discreta_global,"(mu,lambda)",0.3
EE,potencias,2,480,1.1253274702750185e-07,96230,30,200,1,discreta_global,"(mu,lambda)",0.3
EE,potencias,2,481,1.1242144437718542e-07,96430,30,200,1,discreta_global,"(mu,lambda)",0.3
EE,potencias,2,482,1.1237846528587548e-07,96630,30,200,1,discreta_global,"(mu,lambda)",0.3
EE,potencias,2,483,1.1234990733807003e-07,96830,30,200,1,discreta_global,"(mu,lambda)",0.3
EE,potencias,2,484,1.1234452085529804e-07,97030,30,200,1,discreta_global,"(mu,lambda)",0.3
EE,potencias,2,485,1.1231726261991441e-07,97230,30,200,1,discreta_global,"(mu,lambda)",0.3
EE,potencias,2,486,1.1232711844961083e-07,97430,30,200,1,discreta_global,"(mu,lambda)",0.3
EE,potencias,2,487,1.1230649355541213e-07,97630,30,200,1,discreta_global,"(mu,lambda)",0.3
EE,potencias,2,488,1.1229678036430808e-07,97830,30,200,1,discreta_global,"(mu,lambda)",0.3
EE,potencias,2,489,1.1226126053072196e-07,98030,30,200,1,discreta_global,"(mu,lambda)",0.3
EE,potencias,2,490,1.1221741498417367e-07,98230,30,200,1,discreta_global,"(mu,lambda)",0.3
EE,potencias,2,491,1.121866614388726e-07,98430,30,200,1,discreta_global,"(mu,lambda)",0.3
EE,potencias,2,492,1.1216278286540935e-07,98630,30,200,1,discreta_global,"(mu,lambda)",0.3
EE,potencias,2,493,1.1211012259937029e-07,98830,30,200,1,discreta_global,"(mu,lambda)",0.3
EE,potencias,2,494,1.1203315872106067e-07,99030,30,200,1,discreta_global,"(mu,lambda)",0.3
EE,potencias,2,495,1.119628845540024e-07,99230,30,200,1,discreta_global,"(mu,lambda)",0.3
EE,potencias,2,496,1.118023521039035e-07,99430,30,200,1,discreta_global,"(mu,lambda)",0.3
EE,potencias,2,497,1.1179311403566586e-07,99630,30,200,1,discreta_global,"(mu,lambda)",0.3
EE,potencias,2,498,1.1171614802304488e-07,99830,30,200,1,discreta_global,"(mu,lambda)",0.3
EE,potencias,2,499,1.1168425565278821e-07,100030,30,200,1,discreta_global,"(mu,lambda)",0.3
EE,potencias,2,500,1.1154352985695155e-07,100230,30,200,1,discreta_global,"(mu,lambda)",0.3
EE,potencias,2,501,1.115218182082995e-07,100430,30,200,1,discreta_global,"(mu,lambda)",0.3
EE,potencias,2,502,1.1146249398470211e-07,100630,30,200,1,discreta_global,"(mu,lambda)",0.3
EE,potencias,2,503,1.1140418535977041e-07,100830,30,200,1,discreta_global,"(mu,lambda)",0.3
EE,potencias,2,504,1.11380580820933e-07,101030,30,200,1,discreta_global,"(mu,lambda)",0.3
EE,potencias,2,505,1.1136477141963465e-07,101230,30,200,1,discreta_global,"(mu,lambda)",0.3
EE,potencias,2,506,1.1135788124041613e-07,101430,30,200,1,discreta_global,"(mu,lambda)",0.3
EE,potencias,2,507,1.1134741990371222e-07,101630,30,200,1,discreta_global,"(mu,lambda)",0.3
EE,potencias,2,508,1.1132842336860546e-07,101830,30,200,1,discreta_global,"(mu,lambda)",0.3
EE,potencias,2,509,1.1130129006525999e-07,102030,30,200,1,discreta_global,"(mu,lambda)",0.3
EE,potencias,2,510,1.1127826972079782e-07,102230,30,200,1,discreta_global,"(mu,lambda)",0.3
EE,potencias,2,511,1.1126457377931568e-07,102430,30,200,1,discreta_global,"(mu,lambda)",0.3
EE,potencias,2,512,1.1124784198575906e-07,102630,30,200,1,discreta_global,"(mu,lambda)",0.3
EE,potencias,2,513,1.1122240296316289e-07,102830,30,200,1,discreta_global,"(mu,lambda)",0.3
EE,potencias,2,514,1.1119880283591372e-07,103030,30,200,1,discreta_global,"(mu,lambda)",0.3
EE,potencias,2,515,1.111543582984697e-07,103230,30,200,1,discreta_global,"(mu,lambda)",0.3
EE,potencias,2,516,1.1106128370841569e-07,103430,30,200,1,discreta_global,"(mu,lambda)",0.3
EE,potencias,2,517,1.1104338141971667e-07,103630,30,200,1,discreta_global,"(mu,lambda)",0.3
EE,potencias,2,518,1.110010943801153e-07,103830,30,200,1,discreta_global,"(mu,lambda)",0.3
EE,potencias,2,519,1.1094739209426316e-07,104030,30,200,1,discreta_global,"(mu,lambda)",0.3
EE,potencias,2,520,1.1089681916127273e-07,104230,30,200,1,discreta_global,"(mu,lambda)",0.3
EE,potencias,2,521,1.1084022645515389e-07,104430,30,200,1,discreta_global,"(mu,lambda)",0.3
EE,potencias,2,522,1.1071249748582199e-07,104630,30,200,1,discreta_global,"(mu,lambda)",0.3
EE,potencias,2,523,1.1067808304611694e-07,104830,30,200,1,discreta_global,"(mu,lambda)",0.3
EE,potencias,2,524,1.1059604035009426e-07,105030,30,200,1,discreta_global,"(mu,lambda)",0.3
EE,potencias,2,525,1.1050736704112192e-07,105230,30,200,1,discreta_global,"(mu,lambda)",0.3
EE,potencias,2,526,1.1045378912762423e-07,105430,30,200,1,discreta_global,"(mu,lambda)",0.3
EE,potencias,2,527,1.1026217874132646e-07,105630,30,200,1,discreta_global,"(mu,lambda)",0.3
EE,potencias,2,528,1.1014536002136103e-07,105830,30,200,1,discreta_global,"(mu,lambda)",0.3
EE,potencias,2,529,1.1009902000067146e-07,106030,30,200,1,discreta_global,"(mu,lambda)",0.3
EE,potencias,2,530,1.0992727009238017e-07,106230,30,200,1,discreta_global,"(mu,lambda)",0.3
EE,potencias,2,531,1.0990770691458147e-07,106430,30,200,1,discreta_global,"(mu,lambda)",0.3
EE,potencias,2,532,1.0978502641156518e-07,106630,30,200,1,discreta_global,"(mu,lambda)",0.3
EE,potencias,2,533,1.0971871433859446e-07,106830,30,200,1,discreta_global,"(mu,lambda)",0.3
EE,potencias,2,534,1.0966986524179486e-07,107030,30,200,1,discreta_global,"(mu,lambda)",0.3
EE,potencias,2,535,1.0955798128278136e-07,107230,30,200,1,discreta_global,"(mu,lambda)",0.3
EE,potencias,2,536,1.0955401629997453e-07,107430,30,200,1,discreta_global,"(mu,lambda)",0.3
EE,potencias,2,537,1.0954247586544196e-07,107630,30,200,1,discreta_global,"(mu,lambda)",0.3
EE,potencias,2,538,1.0949974417099487e-07,107830,30,200,1,discreta_global,"(mu,lambda)",0.3
EE,potencias,2,539,1.094729122153618e-07,108030,30,200,1,discreta_global,"(mu,lambda)",0.3
EE,potencias,2,540,1.094387408842244e-07,108230,30,200,1,discreta_global,"(mu,lambda)",0.3
EE,potencias,2,541,1.094399041722973e-07,108430,30,200,1,discreta_global,"(mu,lambda)",0.3
EE,potencias,2,542,1.094181547199954e-07,108630,30,200,1,discreta_global,"(mu,lambda)",0.3
EE,potencias,2,543,1.0937639522874735e-07,108830,30,200,1,discreta_global,"(mu,lambda)",0.3
EE,potencias,2,544,1.0936862034287688e-07,109030,30,200,1,discreta_global,"(mu,lambda)",0.3
EE,potencias,2,545,1.0935839795622693e-07,109230,30,200,1,discreta_global,"(mu,lambda)",0.3
EE,potencias,2,546,1.0930859883082174e-07,109430,30,200,1,discreta_global,"(mu,lambda)",0.3
EE,potencias,2,547,1.0929688030486447e-07,109630,30,200,1,discreta_global,"(mu,lambda)",0.3
EE,potencias,2,548,1.0927492690397425e-07,109830,30,200,1,discreta_global,"(mu,lambda)",0.3
EE,potencias,2,549,1.0925925065626616e-07,110030,30,200,1,discreta_global,"(mu,lambda)",0.3
EE,potencias,2,550,1.0924349389700782e-07,110230,30,200,1,discreta_global,"(mu,lambda)",0.3
EE,potencias,2,551,1.0921513194765199e-07,110430,30,200,1,discreta_global,"(mu,lambda)",0.3
EE,potencias,2,552,1.09122416685947e-07,110630,30,200,1,discreta_global,"(mu,lambda)",0.3
EE,potencias,2,553,1.0912913542493226e-07,110830,30,200,1,discreta_global,"(mu,lambda)",0.3
EE,potencias,2,554,1.0910887055370112e-07,111030,30,200,1,discreta_global,"(mu,lambda)",0.3
EE,potencias,2,555,1.090933649356877e-07,111230,30,200,1,discreta_global,"(mu,lambda)",0.3
EE,potencias,2,556,1.0905279692668235e-07,111430,30,200,1,discreta_global,"(mu,lambda)",0.3
EE,potencias,2,557,1.0904824719474658e-07,111630,30,200,1,discreta_global,"(mu,lambda)",0.3
EE,potencias,2,558,1.0904766749330273e-07,111830,30,200,1,discreta_global,"(mu,lambda)",0.3
EE,potencias,2,559,1.0904531104467582e-07,112030,30,200,1,discreta_global,"(mu,lambda)",0.3
EE,potencias,2,560,1.0904184682945076e-07,112230,30,200,1,discreta_global,"(mu,lambda)",0.3
EE,potencias,2,561,1.0903044551421438e-07,112430,30,200,1,discreta_global,"(mu,lambda)",0.3
EE,potencias,2,562,1.0902200228723364e-07,112630,30,200,1,discreta_global,"(mu,lambda)",0.3
EE,potencias,2,563,1.0901093913877449e-07,112830,30,200,1,discreta_global,"(mu,lambda)",0.3
EE,potencias,2,564,1.0898706858193484e-07,113030,30,200,1,discreta_global,"(mu,lambda)",0.3
EE,potencias,2,565,1.0897843328047697e-07,113230,30,200,1,discreta_global,"(mu,lambda)",0.3
EE,potencias,2,566,1.0896273884998381e-07,113430,30,200,1,discreta_global,"(mu,lambda)",0.3
EE,potencias,2,567,1.0891021511801375e-07,113630,30,200,1,discreta_global,"(mu,lambda)",0.3
EE,potencias,2,568,1.088712978974383e-07,113830,30,200,1,discreta_global,"(mu,lambda)",0.3
EE,potencias,2,569,1.0885075481004211e-07,114030,30,200,1,discreta_global,"(mu,lambda)",0.3
EE,potencias,2,570,1.0884867552662714e-07,114230,30,200,1,discreta_global,"(mu,lambda)",0.3
EE,potencias,2,571,1.0882402954357972e-07,114430,30,200,1,discreta_global,"(mu,lambda)",0.3
EE,potencias,2,572,1.088115882869841e-07,114630,30,200,1,discreta_global,"(mu,lambda)",0.3
EE,potencias,2,573,1.0874396491875371e-07,114830,30,200,1,discreta_global,"(mu,lambda)",0.3
EE,potencias,2,574,1.087202568065739e-07,115030,30,200,1,discreta_global,"(mu,lambda)",0.3
EE,potencias,2,575,1.0870253545344286e-07,115230,30,200,1,discreta_global,"(mu,lambda)",0.3
EE,potencias,2,576,1.087014282354018e-07,115430,30,200,1,discreta_global,"(mu,lambda)",0.3
EE,potencias,2,577,1.0867670162518676e-07,115630,30,200,1,discreta_global,"(mu,lambda)",0.3
EE,potencias,2,578,1.0867294184614545e-07,115830,30,200,1,discreta_global,"(mu,lambda)",0.3
EE,potencias,2,579,1.0866080042354307e-07,116030,30,200,1,discreta_global,"(mu,lambda)",0.3
EE,potencias,2,580,1.0860809617321347e-07,116230,30,200,1,discreta_global,"(mu,lambda)",0.3
EE,potencias,2,581,1.0859169529411495e-07,116430,30,200,1,discreta_global,"(mu,lambda)",0.3
EE,potencias,2,582,1.0853500326702842e-07,116630,30,200,1,discreta_global,"(mu,lambda)",0.3
EE,potencias,2,583,1.0852536153790516e-07,116830,30,200,1,discreta_global,"(mu,lambda)",0.3
EE,potencias,2,584,1.0848881418797397e-07,117030,30,200,1,discreta_global,"(mu,lambda)",0.3
EE,potencias,2,585,1.0848600813427198e-07,117230,30,200,1,discreta_global,"(mu,lambda)",0.3
EE,potencias,2,586,1.0843742177232644e-07,117430,30,200,1,discreta_global,"(mu,lambda)",0.3
EE,potencias,2,587,1.0844868802045033e-07,117630,30,200,1,discreta_global,"(mu,lambda)",0.3
EE,potencias,2,588,1.0840869300445919e-07,117830,30,200,1,discreta_global,"(mu,lambda)",0.3
EE,potencias,2,589,1.0836872726084522e-07,118030,30,200,1,discreta_global,"(mu,lambda)",0.3
EE,potencias,2,590,1.083255851604282e-07,118230,30,200,1,discreta_global,"(mu,lambda)",0.3
EE,potencias,2,591,1.0831992987965372e-07,118430,30,200,1,discreta_global,"(mu,lambda)",0.3
EE,potencias,2,592,1.0829149361962308e-07,118630,30,200,1,discreta_global,"(mu,lambda)",0.3
EE,potencias,2,593,1.0824981232899711e-07,118830,30,200,1,discreta_global,"(mu,lambda)",0.3
EE,potencias,2,594,1.0822229843760771e-07,119030,30,200,1,discreta_global,"(mu,lambda)",0.3
EE,potencias,2,595,1.0819077001475726e-07,119230,30,200,1,discreta_global,"(mu,lambda)",0.3
EE,potencias,2,596,1.0811657419161999e-07,119430,30,200,1,discreta_global,"(mu,lambda)",0.3
EE,potencias,2,597,1.0803700338984509e-07,119630,30,200,1,discreta_global,"(mu,lambda)",0.3
EE,potencias,2,598,1.0802616365702364e-07,119830,30,200,1,discreta_global,"(mu,lambda)",0.3
EE,potencias,2,599,1.0795707845885183e-07,120030,30,200,1,discreta_global,"(mu,lambda)",0.3
EE,potencias,2,600,1.0791909322078885e-07,120230,30,200,1,discreta_global,"(mu,lambda)",0.3
EE,potencias,2,601,1.0789833745747132e-07,120430,30,200,1,discreta_global,"(mu,lambda)",0.3
EE,potencias,2,602,1.0787186055231838e-07,120630,30,200,1,discreta_global,"(mu,lambda)",0.3
EE,potencias,2,603,1.0774648852694578e-07,120830,30,200,1,discreta_global,"(mu,lambda)",0.3
EE,potencias,2,604,1.077185657327051e-07,121030,30,200,1,discreta_global,"(mu,lambda)",0.3
EE,potencias,2,605,1.0768998842030311e-07,121230,30,200,1,discreta_global,"(mu,lambda)",0.3
EE,potencias,2,606,1.0766696441539664e-07,121430,30,200,1,discreta_global,"(mu,lambda)",0.3
EE,potencias,2,607,1.0764785541261355e-07,121630,30,200,1,discreta_global,"(mu,lambda)",0.3
EE,potencias,2,608,1.0761853417798012e-07,121830,30,200,1,discreta_global,"(mu,lambda)",0.3
EE,potencias,2,609,1.076090911226158e-07,122030,30,200,1,discreta_global,"(mu,lambda)",0.3
EE,potencias,2,610,1.0760230418683439e-07,122230,30,200,1,discreta_global,"(mu,lambda)",0.3
EE,potencias,2,611,1.0757960137233873e-07,122430,30,200,1,discreta_global,"(mu,lambda)",0.3
EE,potencias,2,612,1.0754327993990258e-07,122630,30,200,1,discreta_global,"(mu,lambda)",0.3
EE,potencias,2,613,1.0750412727277433e-07,122830,30,200,1,discreta_global,"(mu,lambda)",0.3
EE,potencias,2,614,1.0750199718078232e-07,123030,30,200,1,discreta_global,"(mu,lambda)",0.3
EE,potencias,2,615,1.0749860190168419e-07,123230,30,200,1,discreta_global,"(mu,lambda)",0.3
EE,potencias,2,616,1.0749776991453067e-07,123430,30,200,1,discreta_global,"(mu,lambda)",0.3
EE,potencias,2,617,1.0749712471581574e-07,123630,30,200,1,discreta_global,"(mu,lambda)",0.3
EE,potencias,2,618,1.0748897808130699e-07,123830,30,200,1,discreta_global,"(mu,lambda)",0.3
EE,potencias,2,619,1.0746791835765322e-07,124030,30,200,1,discreta_global,"(mu,lambda)",0.3
EE,potencias,2,620,1.0745119955204163e-07,124230,30,200,1,discreta_global,"(mu,lambda)",0.3
EE,potencias,2,621,1.0742318019984244e-07,124430,30,200,1,discreta_global,"(mu,lambda)",0.3
EE,potencias,2,622,1.0738527846340489e-07,124630,30,200,1,discreta_global,"(mu,lambda)",0.3
EE,potencias,2,623,1.073738182069461e-07,124830,30,200,1,discreta_global,"(mu,lambda)",0.3
EE,potencias,2,624,1.0733009571417575e-07,125030,30,200,1,discreta_global,"(mu,lambda)",0.3
EE,potencias,2,625,1.0724618641344883e-07,125230,30,200,1,discreta_global,"(mu,lambda)",0.3
EE,potencias,2,626,1.0725642341242831e-07,125430,30,200,1,discreta_global,"(mu,lambda)",0.3
EE,potencias,2,627,1.0719074813809736e-07,125630,30,200,1,discreta_global,"(mu,lambda)",0.3
EE,potencias,2,628,1.0718345883907163e-07,125830,30,200,1,discreta_global,"(mu,lambda)",0.3
EE,potencias,2,629,1.0717365688611959e-07,126030,30,200,1,discreta_global,"(mu,lambda)",0.3
EE,potencias,2,630,1.0713387156749279e-07,126230,30,200,1,discreta_global,"(mu,lambda)",0.3
EE,potencias,2,631,1.0707111704150107e-07,126430,30,200,1,discreta_global,"(mu,lambda)",0.3
EE,potencias,2,632,1.0708007278681757e-07,126630,30,200,1,discreta_global,"(mu,lambda)",0.3
EE,potencias,2,633,1.0693550326544297e-07,126830,30,200,1,discreta_global,"(mu,lambda)",0.3
EE,potencias,2,634,1.0693197632972808e-07,127030,30,200,1,discreta_global,"(mu,lambda)",0.3
EE,potencias,2,635,1.068931666769728e-07,127230,30,200,1,discreta_global,"(mu,lambda)",0.3
EE,potencias,2,636,1.0682707431721053e-07,127430,30,200,1,discreta_global,"(mu,lambda)",0.3
EE,potencias,2,637,1.0680837850745708e-07,127630,30,200,1,discreta_global,"(mu,lambda)",0.3
EE,potencias,2,638,1.0677447764401519e-07,127830,30,200,1,discreta_global,"(mu,lambda)",0.3
EE,potencias,2,639,1.0677034367870436e-07,128030,30,200,1,discreta_global,"(mu,lambda)",0.3
EE,potencias,2,640,1.0672975565419135e-07,128230,30,200,1,discreta_global,"(mu,lambda)",0.3
EE,potencias,2,641,1.0673529050302874e-07,128430,30,200,1,discreta_global,"(mu,lambda)",0.3
EE,potencias,2,642,1.0671693803363006e-07,128630,30,200,1,discreta_global,"(mu,lambda)",0.3
EE,potencias,2,643,1.066977686171288e-07,128830,30,200,1,discreta_global,"(mu,lambda)",0.3
EE,potencias,2,644,1.0665532224511463e-07,129030,30,200,1,discreta_global,"(mu,lambda)",0.3
EE,potencias,2,645,1.0658566967412564e-07,129230,30,200,1,discreta_global,"(mu,lambda)",0.3
EE,potencias,2,646,1.0655858770494213e-07,129430,30,200,1,discreta_global,"(mu,lambda)",0.3
EE,potencias,2,647,1.0650642637302652e-07,129630,30,200,1,discreta_global,"(mu,lambda)",0.3
EE,potencias,2,648,1.0646027829666288e-07,129830,30,200,1,discreta_global,"(mu,lambda)",0.3
EE,potencias,2,649,1.0645393558037936e-07,130030,30,200,1,discreta_global,"(mu,lambda)",0.3
EE,potencias,2,650,1.0643493426266392e-07,130230,30,200,1,discreta_global,"(mu,lambda)",0.3
EE,potencias,2,651,1.064108722345138e-07,130430,30,200,1,discreta_global,"(mu,lambda)",0.3
EE,potencias,2,652,1.0639392282735076e-07,130630,30,200,1,discreta_global,"(mu,lambda)",0.3
EE,potencias,2,653,1.0638253272286366e-07,130830,30,200,1,discreta_global,"(mu,lambda)",0.3
EE,potencias,2,654,1.0636843608598431e-07,131030,30,200,1,discreta_global,"(mu,lambda)",0.3
EE,potencias,2,655,1.063495632614172e-07,131230,30,200,1,discreta_global,"(mu,lambda)",0.3
EE,potencias,2,656,1.0633414807196897e-07,131430,30,200,1,discreta_global,"(mu,lambda)",0.3
EE,potencias,2,657,1.0628755408711844e-07,131630,30,200,1,discreta_global,"(mu,lambda)",0.3
EE,potencias,2,658,1.0625606171377359e-07,131830,30,200,1,discreta_global,"(mu,lambda)",0.3
EE,potencias,2,659,1.0625006278416685e-07,132030,30,200,1,discreta_global,"(mu,lambda)",0.3
EE,potencias,2,660,1.0621921151803544e-07,132230,30,200,1,discreta_global,"(mu,lambda)",0.3
EE,potencias,2,661,1.0616669736127652e-07,132430,30,200,1,discreta_global,"(mu,lambda)",0.3
EE,potencias,2,662,1.0617254203202973e-07,132630,30,200,1,discreta_global,"(mu,lambda)",0.3
EE,potencias,2,663,1.0609468975114406e-07,132830,30,200,1,discreta_global,"(mu,lambda)",0.3
EE,potencias,2,664,1.0603058369349241e-07,133030,30,200,1,discreta_global,"(mu,lambda)",0.3
EE,potencias,2,665,1.0598974580886562e-07,133230,30,200,1,discreta_global,"(mu,lambda)",0.3
EE,potencias,2,666,1.0590965729851512e-07,133430,30,200,1,discreta_global,"(mu,lambda)",0.3
EE,potencias,2,667,1.0586274009666037e-07,133630,30,200,1,discreta_global,"(mu,lambda)",0.3
EE,potencias,2,668,1.058195329792961e-07,133830,30,200,1,discreta_global,"(mu,lambda)",0.3
EE,potencias,2,669,1.0582917922274494e-07,134030,30,200,1,discreta_global,"(mu,lambda)",0.3
EE,potencias,2,670,1.0580420756312588e-07,134230,30,200,1,discreta_global,"(mu,lambda)",0.3
EE,potencias,2,671,1.0578653798352576e-07,134430,30,200,1,discreta_global,"(mu,lambda)",0.3
EE,potencias,2,672,1.0574266370479686e-07,134630,30,200,1,discreta_global,"(mu,lambda)",0.3
EE,potencias,2,673,1.0571052657388957e-07,134830,30,200,1,discreta_global,"(mu,lambda)",0.3
EE,potencias,2,674,1.0568092511281372e-07,135030,30,200,1,discreta_global,"(mu,lambda)",0.3
EE,potencias,2,675,1.0561612937878116e-07,135230,30,200,1,discreta_global,"(mu,lambda)",0.3
EE,potencias,2,676,1.0556417945399799e-07,135430,30,200,1,discreta_global,"(mu,lambda)",0.3
EE,potencias,2,677,1.0549128526013907e-07,135630,30,200,1,discreta_global,"(mu,lambda)",0.3
EE,potencias,2,678,1.0548344721930687e-07,135830,30,200,1,discreta_global,"(mu,lambda)",0.3
EE,potencias,2,679,1.0536570899340987e-07,136030,30,200,1,discreta_global,"(mu,lambda)",0.3
EE,potencias,2,680,1.0535472167033588e-07,136230,30,200,1,discreta_global,"(mu,lambda)",0.3
EE,potencias,2,681,1.0528587607093195e-07,136430,30,200,1,discreta_global,"(mu,lambda)",0.3
EE,potencias,2,682,1.0527291169910332e-07,136630,30,200,1,discreta_global,"(mu,lambda)",0.3
EE,potencias,2,683,1.0525705751785426e-07,136830,30,200,1,discreta_global,"(mu,lambda)",0.3
EE,potencias,2,684,1.052106316334072e-07,137030,30,200,1,discreta_global,"(mu,lambda)",0.3
EE,potencias,2,685,1.0514282735760147e-07,137230,30,200,1,discreta_global,"(mu,lambda)",0.3
EE,potencias,2,686,1.0508270639598254e-07,137430,30,200,1,discreta_global,"(mu,lambda)",0.3
EE,potencias,2,687,1.049526407789379e-07,137630,30,200,1,discreta_global,"(mu,lambda)",0.3
EE,potencias,2,688,1.048708893097411e-07,137830,30,200,1,discreta_global,"(mu,lambda)",0.3
EE,potencias,2,689,1.0482668007876504e-07,138030,30,200,1,discreta_global,"(mu,lambda)",0.3
EE,potencias,2,690,1.0479330528822313e-07,138230,30,200,1,discreta_global,"(mu,lambda)",0.3
EE,potencias,2,691,1.0474409113643434e-07,138430,30,200,1,discreta_global,"(mu,lambda)",0.3
EE,potencias,2,692,1.0475049592127377e-07,138630,30,200,1,discreta_global,"(mu,lambda)",0.3
EE,potencias,2,693,1.047208048051637e-07,138830,30,200,1,discreta_global,"(mu,lambda)",0.3
EE,potencias,2,694,1.0463512435878022e-07,139030,30,200,1,discreta_global,"(mu,lambda)",0.3
EE,potencias,2,695,1.0458593607332858e-07,139230,30,200,1,discreta_global,"(mu,lambda)",0.3
EE,potencias,2,696,1.0455922756872637e-07,139430,30,200,1,discreta_global,"(mu,lambda)",0.3
EE,potencias,2,697,1.0446463754579824e-07,139630,30,200,1,discreta_global,"(mu,lambda)",0.3
EE,potencias,2,698,1.0435001945050014e-07,139830,30,200,1,discreta_global,"(mu,lambda)",0.3
EE,potencias,2,699,1.0415433258393882e-07,140030,30,200,1,discreta_global,"(mu,lambda)",0.3
EE,potencias,2,700,1.0408911844611916e-07,140230,30,200,1,discreta_global,"(mu,lambda)",0.3
EE,potencias,2,701,1.0406340057893158e-07,140430,30,200,1,discreta_global,"(mu,lambda)",0.3
EE,potencias,2,702,1.0398899973539562e-07,140630,30,200,1,discreta_global,"(mu,lambda)",0.3
EE,potencias,2,703,1.0384897036219273e-07,140830,30,200,1,discreta_global,"(mu,lambda)",0.3
EE,potencias,2,704,1.0371243652832712e-07,141030,30,200,1,discreta_global,"(mu,lambda)",0.3
EE,potencias,2,705,1.0368108337129747e-07,141230,30,200,1,discreta_global,"(mu,lambda)",0.3
EE,potencias,2,706,1.0367459800362687e-07,141430,30,200,1,discreta_global,"(mu,lambda)",0.3
EE,potencias,2,707,1.0367080980405346e-07,141630,30,200,1,discreta_global,"(mu,lambda)",0.3
EE,potencias,2,708,1.0366142924127515e-07,141830,30,200,1,discreta_global,"(mu,lambda)",0.3
EE,potencias,2,709,1.036555976817094e-07,142030,30,200,1,discreta_global,"(mu,lambda)",0.3
EE,potencias,2,710,1.0363388963322294e-07,142230,30,200,1,discreta_global,"(mu,lambda)",0.3
EE,potencias,2,711,1.036330198201808e-07,142430,30,200,1,discreta_global,"(mu,lambda)",0.3
EE,potencias,2,712,1.0362042774740617e-07,142630,30,200,1,discreta_global,"(mu,lambda)",0.3
EE,potencias,2,713,1.0357702562059926e-07,142830,30,200,1,discreta_global,"(mu,lambda)",0.3
EE,potencias,2,714,1.035063727723693e-07,143030,30,200,1,discreta_global,"(mu,lambda)",0.3
EE,potencias,2,715,1.0347942774933017e-07,143230,30,200,1,discreta_global,"(mu,lambda)",0.3
EE,potencias,2,716,1.0342927632758565e-07,143430,30,200,1,discreta_global,"(mu,lambda)",0.3
EE,potencias,2,717,1.0341420050146864e-07,143630,30,200,1,discreta_global,"(mu,lambda)",0.3
EE,potencias,2,718,1.0339148890759034e-07,143830,30,200,1,discreta_global,"(mu,lambda)",0.3
EE,potencias,2,719,1.0320095389462292e-07,144030,30,200,1,discreta_global,"(mu,lambda)",0.3
EE,potencias,2,720,1.0322334674839222e-07,144230,30,200,1,discreta_global,"(mu,lambda)",0.3
EE,potencias,2,721,1.0315297254123097e-07,144430,30,200,1,discreta_global,"(mu,lambda)",0.3
EE,potencias,2,722,1.0311246726434134e-07,144630,30,200,1,discreta_global,"(mu,lambda)",0.3
EE,potencias,2,723,1.0309724672324548e-07,144830,30,200,1,discreta_global,"(mu,lambda)",0.3
EE,potencias,2,724,1.0308205361996876e-07,145030,30,200,1,discreta_global,"(mu,lambda)",0.3
EE,potencias,2,725,1.0305832303267773e-07,145230,30,200,1,discreta_global,"(mu,lambda)",0.3
EE,potencias,2,726,1.0303630797395782e-07,145430,30,200,1,discreta_global,"(mu,lambda)",0.3
EE,potencias,2,727,1.0302491145517438e-07,145630,30,200,1,discreta_global,"(mu,lambda)",0.3
EE,potencias,2,728,1.0298915568449076e-07,145830,30,200,1,discreta_global,"(mu,lambda)",0.3
EE,potencias,2,729,1.029611752938537e-07,146030,30,200,1,discreta_global,"(mu,lambda)",0.3
EE,potencias,2,730,1.0294028359937094e-07,146230,30,200,1,discreta_global,"(mu,lambda)",0.3
EE,potencias,2,731,1.0290395857767744e-07,146430,30,200,1,discreta_global,"(mu,lambda)",0.3
EE,potencias,2,732,1.0290032847782841e-07,146630,30,200,1,discreta_global,"(mu,lambda)",0.3
EE,potencias,2,733,1.0288590623292009e-07,146830,30,200,1,discreta_global,"(mu,lambda)",0.3
EE,potencias,2,734,1.0286371909110714e-07,147030,30,200,1,discreta_global,"(mu,lambda)",0.3
EE,potencias,2,735,1.0284839220103757e-07,147230,30,200,1,discreta_global,"(mu,lambda)",0.3
EE,potencias,2,736,1.0282587466002694e-07,147430,30,200,1,discreta_global,"(mu,lambda)",0.3
EE,potencias,2,737,1.027631122644281e-07,147630,30,200,1,discreta_global,"(mu,lambda)",0.3
EE,potencias,2,738,1.0273359882337186e-07,147830,30,200,1,discreta_global,"(mu,lambda)",0.3
EE,potencias,2,739,1.0258815186701378e-07,148030,30,200,1,discreta_global,"(mu,lambda)",0.3
EE,potencias,2,740,1.026172308457478e-07,148230,30,200,1,discreta_global,"(mu,lambda)",0.3
EE,potencias,2,741,1.0252473329397328e-07,148430,30,200,1,discreta_global,"(mu,lambda)",0.3
EE,potencias,2,742,1.0228932134419528e-07,148630,30,200,1,discreta_global,"(mu,lambda)",0.3
EE,potencias,2,743,1.0220183583990501e-07,148830,30,200,1,discreta_global,"(mu,lambda)",0.3
EE,potencias,2,744,1.021490355302404e-07,149030,30,200,1,discreta_global,"(mu,lambda)",0.3
EE,potencias,2,745,1.0208769528655516e-07,149230,30,200,1,discreta_global,"(mu,lambda)",0.3
EE,potencias,2,746,1.0202226617097352e-07,149430,30,200,1,discreta_global,"(mu,lambda)",0.3
EE,potencias,2,747,1.0188012635874056e-07,149630,30,200,1,discreta_global,"(mu,lambda)",0.3
EE,potencias,2,748,1.0187723722879279e-07,149830,30,200,1,discreta_global,"(mu,lambda)",0.3
EE,potencias,2,749,1.0186534582280016e-07,150030,30,200,1,discreta_global,"(mu,lambda)",0.3
EE,potencias,2,750,1.0183840847466756e-07,150230,30,200,1,discreta_global,"(mu,lambda)",0.3
EE,potencias,2,751,1.0181632299452175e-07,150430,30,200,1,discreta_global,"(mu,lambda)",0.3
EE,potencias,2,752,1.0176438553502052e-07,150630,30,200,1,discreta_global,"(mu,lambda)",0.3
EE,potencias,2,753,1.0175775002310612e-07,150830,30,200,1,discreta_global,"(mu,lambda)",0.3
EE,potencias,2,754,1.0167960707245465e-07,151030,30,200,1,discreta_global,"(mu,lambda)",0.3
EE,potencias,2,755,1.0165034529431181e-07,151230,30,200,1,discreta_global,"(mu,lambda)",0.3
EE,potencias,2,756,1.015820369526998e-07,151430,30,200,1,discreta_global,"(mu,lambda)",0.3
EE,potencias,2,757,1.0156362263251013e-07,151630,30,200,1,discreta_global,"(mu,lambda)",0.3
EE,potencias,2,758,1.0152720903027947e-07,151830,30,200,1,discreta_global,"(mu,lambda)",0.3
EE,potencias,2,759,1.01479208638848e-07,152030,30,200,1,discreta_global,"(mu,lambda)",0.3
EE,potencias,2,760,1.0141083457775882e-07,152230,30,200,1,discreta_global,"(mu,lambda)",0.3
EE,potencias,2,761,1.0135927116489945e-07,152430,30,200,1,discreta_global,"(mu,lambda)",0.3
EE,potencias,2,762,1.013324335992411e-07,152630,30,200,1,discreta_global,"(mu,lambda)",0.3
EE,potencias,2,763,1.0132476402318587e-07,152830,30,200,1,discreta_global,"(mu,lambda)",0.3
EE,potencias,2,764,1.0130960147518063e-07,153030,30,200,1,discreta_global,"(mu,lambda)",0.3
EE,potencias,2,765,1.0127699872831231e-07,153230,30,200,1,discreta_global,"(mu,lambda)",0.3
EE,potencias,2,766,1.0127241304765345e-07,153430,30,200,1,discreta_global,"(mu,lambda)",0.3
EE,potencias,2,767,1.0123733616700959e-07,153630,30,200,1,discreta_global,"(mu,lambda)",0.3
EE,potencias,2,768,1.0119363024050012e-07,153830,30,200,1,discreta_global,"(mu,lambda)",0.3
EE,potencias,2,769,1.0113899205728277e-07,154030,30,200,1,discreta_global,"(mu,lambda)",0.3
EE,potencias,2,770,1.0111836192286004e-07,154230,30,200,1,discreta_global,"(mu,lambda)",0.3
EE,potencias,2,771,1.010982416690197e-07,154430,30,200,1,discreta_global,"(mu,lambda)",0.3
EE,potencias,2,772,1.0107809130072253e-07,154630,30,200,1,discreta_global,"(mu,lambda)",0.3
EE,potencias,2,773,1.0103244370564886e-07,154830,30,200,1,discreta_global,"(mu,lambda)",0.3
EE,potencias,2,774,1.00941976223985e-07,155030,30,200,1,discreta_global,"(mu,lambda)",0.3
EE,potencias,2,775,1.0091549441624233e-07,155230,30,200,1,discreta_global,"(mu,lambda)",0.3
EE,potencias,2,776,1.0086891384983838e-07,155430,30,200,1,discreta_global,"(mu,lambda)",0.3
EE,potencias,2,777,1.0084057092260472e-07,155630,30,200,1,discreta_global,"(mu,lambda)",0.3
EE,potencias,2,778,1.0082949866219094e-07,155830,30,200,1,discreta_global,"(mu,lambda)",0.3
EE,potencias,2,779,1.0079162013989519e-07,156030,30,200,1,discreta_global,"(mu,lambda)",0.3
EE,potencias,2,780,1.0073178450003844e-07,156230,30,200,1,discreta_global,"(mu,lambda)",0.3
EE,potencias,2,781,1.0072242499154437e-07,156430,30,200,1,discreta_global,"(mu,lambda)",0.3
EE,potencias,2,782,1.0071855131925707e-07,156630,30,200,1,discreta_global,"(mu,lambda)",0.3
EE,potencias,2,783,1.0071201636754893e-07,156830,30,200,1,discreta_global,"(mu,lambda)",0.3
EE,potencias,2,784,1.0069442486172098e-07,157030,30,200,1,discreta_global,"(mu,lambda)",0.3
EE,potencias,2,785,1.0067660202923793e-07,157230,30,200,1,discreta_global,"(mu,lambda)",0.3
EE,potencias,2,786,1.0065515728616128e-07,157430,30,200,1,discreta_global,"(mu,lambda)",0.3
EE,potencias,2,787,1.0063529432566763e-07,157630,30,200,1,discreta_global,"(mu,lambda)",0.3
EE,potencias,2,788,1.0062230631432446e-07,157830,30,200,1,discreta_global,"(mu,lambda)",0.3
EE,potencias,2,789,1.0061576389758089e-07,158030,30,200,1,discreta_global,"(mu,lambda)",0.3
EE,potencias,2,790,1.0057162022761092e-07,158230,30,200,1,discreta_global,"(mu,lambda)",0.3
EE,potencias,2,791,1.0056655134911159e-07,158430,30,200,1,discreta_global,"(mu,lambda)",0.3
EE,potencias,2,792,1.0052611583211337e-07,158630,30,200,1,discreta_global,"(mu,lambda)",0.3
EE,potencias,2,793,1.0049191411258727e-07,158830,30,200,1,discreta_global,"(mu,lambda)",0.3
EE,potencias,2,794,1.0045325343335085e-07,159030,30,200,1,discreta_global,"(mu,lambda)",0.3
EE,potencias,2,795,1.0041130714438948e-07,159230,30,200,1,discreta_global,"(mu,lambda)",0.3
EE,potencias,2,796,1.0036837263541634e-07,159430,30,200,1,discreta_global,"(mu,lambda)",0.3
EE,potencias,2,797,1.0029899077050819e-07,159630,30,200,1,discreta_global,"(mu,lambda)",0.3
EE,potencias,2,798,1.0027629613815922e-07,159830,30,200,1,discreta_global,"(mu,lambda)",0.3
EE,potencias,2,799,1.0023378707785135e-07,160030,30,200,1,discreta_global,"(mu,lambda)",0.3
EE,potencias,2,800,1.0020492182834475e-07,160230,30,200,1,discreta_global,"(mu,lambda)",0.3
EE,potencias,2,801,1.0014380695669789e-07,160430,30,200,1,discreta_global,"(mu,lambda)",0.3
EE,potencias,2,802,1.0005295103345362e-07,160630,30,200,1,discreta_global,"(mu,lambda)",0.3
EE,potencias,2,803,9.994543226796291e-08,160830,30,200,1,discreta_global,"(mu,lambda)",0.3
EE,potencias,2,804,9.993832801597945e-08,161030,30,200,1,discreta_global,"(mu,lambda)",0.3
EE,potencias,2,805,9.979519526536066e-08,161230,30,200,1,discreta_global,"(mu,lambda)",0.3
EE,potencias,2,806,9.976831577038312e-08,161430,30,200,1,discreta_global,"(mu,lambda)",0.3
EE,potencias,2,807,9.969894262052977e-08,161630,30,200,1,discreta_global,"(mu,lambda)",0.3
EE,potencias,2,808,9.965428815282309e-08,161830,30,200,1,discreta_global,"(mu,lambda)",0.3
EE,potencias,2,809,9.959228022909857e-08,162030,30,200,1,discreta_global,"(mu,lambda)",0.3
EE,potencias,2,810,9.956618279650449e-08,162230,30,200,1,discreta_global,"(mu,lambda)",0.3
EE,potencias,2,811,9.954877919973851e-08,162430,30,200,1,discreta_global,"(mu,lambda)",0.3
EE,potencias,2,812,9.951916677052837e-08,162630,30,200,1,discreta_global,"(mu,lambda)",0.3
EE,potencias,2,813,9.949652056539838e-08,162830,30,200,1,discreta_global,"(mu,lambda)",0.3
EE,potencias,2,814,9.948823803047283e-08,163030,30,200,1,discreta_global,"(mu,lambda)",0.3
EE,potencias,2,815,9.947685742866029e-08,163230,30,200,1,discreta_global,"(mu,lambda)",0.3
EE,potencias,2,816,9.946483464080947e-08,163430,30,200,1,discreta_global,"(mu,lambda)",0.3
EE,potencias,2,817,9.942387777377807e-08,163630,30,200,1,discreta_global,"(mu,lambda)",0.3
EE,potencias,2,818,9.934573635193223e-08,163830,30,200,1,discreta_global,"(mu,lambda)",0.3
EE,potencias,2,819,9.935293634343697e-08,164030,30,200,1,discreta_global,"(mu,lambda)",0.3
EE,potencias,2,820,9.92731451546196e-08,164230,30,200,1,discreta_global,"(mu,lambda)",0.3
EE,potencias,2,821,9.922872479708054e-08,164430,30,200,1,discreta_global,"(mu,lambda)",0.3
EE,potencias,2,822,9.92201218179017e-08,164630,30,200,1,discreta_global,"(mu,lambda)",0.3
EE,potencias,2,823,9.91526070393722e-08,164830,30,200,1,discreta_global,"(mu,lambda)",0.3
EE,potencias,2,824,9.912389598235416e-08,165030,30,200,1,discreta_global,"(mu,lambda)",0.3
EE,potencias,2,825,9.905971104465421e-08,165230,30,200,1,discreta_global,"(mu,lambda)",0.3
EE,potencias,2,826,9.906411489815309e-08,165430,30,200,1,discreta_global,"(mu,lambda)",0.3
EE,potencias,2,827,9.903690374086852e-08,165630,30,200,1,discreta_global,"(mu,lambda)",0.3
EE,potencias,2,828,9.898444823917461e-08,165830,30,200,1,discreta_global,"(mu,lambda)",0.3
EE,potencias,2,829,9.889878618980691e-08,166030,30,200,1,discreta_global,"(mu,lambda)",0.3
EE,potencias,2,830,9.884904343395538e-08,166230,30,200,1,discreta_global,"(mu,lambda)",0.3
EE,potencias,2,831,9.869156701180062e-08,166430,30,200,1,discreta_global,"(mu,lambda)",0.3
EE,potencias,2,832,9.866046868329478e-08,166630,30,200,1,discreta_global,"(mu,lambda)",0.3
EE,potencias,2,833,9.853897126368262e-08,166830,30,200,1,discreta_global,"(mu,lambda)",0.3
EE,potencias,2,834,9.847724845351556e-08,167030,30,200,1,discreta_global,"(mu,lambda)",0.3
EE,potencias,2,835,9.826994901844535e-08,167230,30,200,1,discreta_global,"(mu,lambda)",0.3
EE,potencias,2,836,9.817335969294627e-08,167430,30,200,1,discreta_global,"(mu,lambda)",0.3
EE,potencias,2,837,9.815686143623323e-08,167630,30,200,1,discreta_global,"(mu,lambda)",0.3
EE,potencias,2,838,9.812087504937877e-08,167830,30,200,1,discreta_global,"(mu,lambda)",0.3
EE,potencias,2,839,9.810176321488641e-08,168030,30,200,1,discreta_global,"(mu,lambda)",0.3
EE,potencias,2,840,9.806780962182521e-08,168230,30,200,1,discreta_global,"(mu,lambda)",0.3
EE,potencias,2,841,9.790252962272061e-08,168430,30,200,1,discreta_global,"(mu,lambda)",0.3
EE,potencias,2,842,9.768468293966502e-08,168630,30,200,1,discreta_global,"(mu,lambda)",0.3
EE,potencias,2,843,9.767552667278977e-08,168830,30,200,1,discreta_global,"(mu,lambda)",0.3
EE,potencias,2,844,9.755388252668465e-08,169030,30,200,1,discreta_global,"(mu,lambda)",0.3
EE,potencias,2,845,9.740761550067547e-08,169230,30,200,1,discreta_global,"(mu,lambda)",0.3
EE,potencias,2,846,9.726325320716725e-08,169430,30,200,1,discreta_global,"(mu,lambda)",0.3
EE,potencias,2,847,9.722920610516717e-08,169630,30,200,1,discreta_global,"(mu,lambda)",0.3
EE,potencias,2,848,9.716227793485799e-08,169830,30,200,1,discreta_global,"(mu,lambda)",0.3
EE,potencias,2,849,9.716399218006457e-08,170030,30,200,1,discreta_global,"(mu,lambda)",0.3
EE,potencias,2,850,9.713319296347374e-08,170230,30,200,1,discreta_global,"(mu,lambda)",0.3
EE,potencias,2,851,9.709979249039922e-08,170430,30,200,1,discreta_global,"(mu,lambda)",0.3
EE,potencias,2,852,9.70842502788548e-08,170630,30,200,1,discreta_global,"(mu,lambda)",0.3
EE,potencias,2,853,9.704893943097942e-08,170830,30,200,1,discreta_global,"(mu,lambda)",0.3
EE,potencias,2,854,9.702449099617e-08,171030,30,200,1,discreta_global,"(mu,lambda)",0.3
EE,potencias,2,855,9.699395274006456e-08,171230,30,200,1,discreta_global,"(mu,lambda)",0.3
EE,potencias,2,856,9.69650342969159e-08,171430,30,200,1,discreta_global,"(mu,lambda)",0.3
EE,potencias,2,857,9.696001584610758e-08,171630,30,200,1,discreta_global,"(mu,lambda)",0.3
EE,potencias,2,858,9.695591730811852e-08,171830,30,200,1,discreta_global,"(mu,lambda)",0.3
EE,potencias,2,859,9.691948082604036e-08,172030,30,200,1,discreta_global,"(mu,lambda)",0.3
EE,potencias,2,860,9.689915927182278e-08,172230,30,200,1,discreta_global,"(mu,lambda)",0.3
EE,potencias,2,861,9.687039636372102e-08,172430,30,200,1,discreta_global,"(mu,lambda)",0.3
EE,potencias,2,862,9.686738132513009e-08,172630,30,200,1,discreta_global,"(mu,lambda)",0.3
EE,potencias,2,863,9.684524693744206e-08,172830,30,200,1,discreta_global,"(mu,lambda)",0.3
EE,potencias,2,864,9.68278771392027e-08,173030,30,200,1,discreta_global,"(mu,lambda)",0.3
EE,potencias,2,865,9.680768635326874e-08,173230,30,200,1,discreta_global,"(mu,lambda)",0.3
EE,potencias,2,866,9.676109853514681e-08,173430,30,200,1,discreta_global,"(mu,lambda)",0.3
EE,potencias,2,867,9.673865302707937e-08,173630,30,200,1,discreta_global,"(mu,lambda)",0.3
EE,potencias,2,868,9.67263467788332e-08,173830,30,200,1,discreta_global,"(mu,lambda)",0.3
EE,potencias,2,869,9.671040985877487e-08,174030,30,200,1,discreta_global,"(mu,lambda)",0.3
EE,potencias,2,870,9.670436709164327e-08,174230,30,200,1,discreta_global,"(mu,lambda)",0.3
EE,potencias,2,871,9.669716913658071e-08,174430,30,200,1,discreta_global,"(mu,lambda)",0.3
EE,potencias,2,872,9.669266510381205e-08,174630,30,200,1,discreta_global,"(mu,lambda)",0.3
EE,potencias,2,873,9.668734589695583e-08,174830,30,200,1,discreta_global,"(mu,lambda)",0.3
EE,potencias,2,874,9.666783405925157e-08,175030,30,200,1,discreta_global,"(mu,lambda)",0.3
EE,potencias,2,875,9.666261907029046e-08,175230,30,200,1,discreta_global,"(mu,lambda)",0.3
EE,potencias,2,876,9.66474901585579e-08,175430,30,200,1,discreta_global,"(mu,lambda)",0.3
EE,potencias,2,877,9.664375201085735e-08,175630,30,200,1,discreta_global,"(mu,lambda)",0.3
EE,potencias,2,878,9.663282730307228e-08,175830,30,200,1,discreta_global,"(mu,lambda)",0.3
EE,potencias,2,879,9.660632803217671e-08,176030,30,200,1,discreta_global,"(mu,lambda)",0.3
EE,potencias,2,880,9.660042570474789e-08,176230,30,200,1,discreta_global,"(mu,lambda)",0.3
EE,potencias,2,881,9.657821614917637e-08,176430,30,200,1,discreta_global,"(mu,lambda)",0.3
EE,potencias,2,882,9.655925708881862e-08,176630,30,200,1,discreta_global,"(mu,lambda)",0.3
EE,potencias,2,883,9.650673538393818e-08,176830,30,200,1,discreta_global,"(mu,lambda)",0.3
EE,potencias,2,884,9.642332804325097e-08,177030,30,200,1,discreta_global,"(mu,lambda)",0.3
EE,potencias,2,885,9.632049138717804e-08,177230,30,200,1,discreta_global,"(mu,lambda)",0.3
EE,potencias,2,886,9.62734352539544e-08,177430,30,200,1,discreta_global,"(mu,lambda)",0.3
EE,potencias,2,887,9.619031753081954e-08,177630,30,200,1,discreta_global,"(mu,lambda)",0.3
EE,potencias,2,888,9.614121880840762e-08,177830,30,200,1,discreta_global,"(mu,lambda)",0.3
EE,potencias,2,889,9.614527767905576e-08,178030,30,200,1,discreta_global,"(mu,lambda)",0.3
EE,potencias,2,890,9.611875349137824e-08,178230,30,200,1,discreta_global,"(mu,lambda)",0.3
EE,potencias,2,891,9.610478501250096e-08,178430,30,200,1,discreta_global,"(mu,lambda)",0.3
EE,potencias,2,892,9.609964604011152e-08,178630,30,200,1,discreta_global,"(mu,lambda)",0.3
EE,potencias,2,893,9.609611800616155e-08,178830,30,200,1,discreta_global,"(mu,lambda)",0.3
EE,potencias,2,894,9.60945364984731e-08,179030,30,200,1,discreta_global,"(mu,lambda)",0.3
EE,potencias,2,895,9.608851455666887e-08,179230,30,200,1,discreta_global,"(mu,lambda)",0.3
EE,potencias,2,896,9.607919162676599e-08,179430,30,200,1,discreta_global,"(mu,lambda)",0.3
EE,potencias,2,897,9.606944129698398e-08,179630,30,200,1,discreta_global,"(mu,lambda)",0.3
EE,potencias,2,898,9.606440506922957e-08,179830,30,200,1,discreta_global,"(mu,lambda)",0.3
EE,potencias,2,899,9.605949842965288e-08,180030,30,200,1,discreta_global,"(mu,lambda)",0.3
EE,potencias,2,900,9.60509693211195e-08,180230,30,200,1,discreta_global,"(mu,lambda)",0.3
EE,potencias,2,901,9.602361396131746e-08,180430,30,200,1,discreta_global,"(mu,lambda)",0.3
EE,potencias,2,902,9.596323104907565e-08,180630,30,200,1,discreta_global,"(mu,lambda)",0.3
EE,potencias,2,903,9.596220233464124e-08,180830,30,200,1,discreta_global,"(mu,lambda)",0.3
EE,potencias,2,904,9.593865825193248e-08,181030,30,200,1,discreta_global,"(mu,lambda)",0.3
EE,potencias,2,905,9.587578053225758e-08,181230,30,200,1,discreta_global,"(mu,lambda)",0.3
EE,potencias,2,906,9.584553683870873e-08,181430,30,200,1,discreta_global,"(mu,lambda)",0.3
EE,potencias,2,907,9.580488365424685e-08,181630,30,200,1,discreta_global,"(mu,lambda)",0.3
EE,potencias,2,908,9.579182383293532e-08,181830,30,200,1,discreta_global,"(mu,lambda)",0.3
EE,potencias,2,909,9.576722512770114e-08,182030,30,200,1,discreta_global,"(mu,lambda)",0.3
EE,potencias,2,910,9.569418346132532e-08,182230,30,200,1,discreta_global,"(mu,lambda)",0.3
EE,potencias,2,911,9.56687419936827e-08,182430,30,200,1,discreta_global,"(mu,lambda)",0.3
EE,potencias,2,912,9.560473882855335e-08,182630,30,200,1,discreta_global,"(mu,lambda)",0.3
EE,potencias,2,913,9.552812127446718e-08,182830,30,200,1,discreta_global,"(mu,lambda)",0.3
EE,potencias,2,914,9.549749061434961e-08,183030,30,200,1,discreta_global,"(mu,lambda)",0.3
EE,potencias,2,915,9.54321889459114e-08,183230,30,200,1,discreta_global,"(mu,lambda)",0.3
EE,potencias,2,916,9.537681294515045e-08,183430,30,200,1,discreta_global,"(mu,lambda)",0.3
EE,potencias,2,917,9.535092254611576e-08,183630,30,200,1,discreta_global,"(mu,lambda)",0.3
EE,potencias,2,918,9.531545268245826e-08,183830,30,200,1,discreta_global,"(mu,lambda)",0.3
EE,potencias,2,919,9.526843838906676e-08,184030,30,200,1,discreta_global,"(mu,lambda)",0.3
EE,potencias,2,920,9.523812999334943e-08,184230,30,200,1,discreta_global,"(mu,lambda)",0.3
EE,potencias,2,921,9.521673836364107e-08,184430,30,200,1,discreta_global,"(mu,lambda)",0.3
EE,potencias,2,922,9.519003852737838e-08,184630,30,200,1,discreta_global,"(mu,lambda)",0.3
EE,potencias,2,923,9.515837765589613e-08,184830,30,200,1,discreta_global,"(mu,lambda)",0.3
EE,potencias,2,924,9.513521140566358e-08,185030,30,200,1,discreta_global,"(mu,lambda)",0.3
EE,potencias,2,925,9.509016875801148e-08,185230,30,200,1,discreta_global,"(mu,lambda)",0.3
EE,potencias,2,926,9.50260890043003e-08,185430,30,200,1,discreta_global,"(mu,lambda)",0.3
EE,potencias,2,927,9.50136369260962e-08,185630,30,200,1,discreta_global,"(mu,lambda)",0.3
EE,potencias,2,928,9.49755485212826e-08,185830,30,200,1,discreta_global,"(mu,lambda)",0.3
EE,potencias,2,929,9.494023874018523e-08,186030,30,200,1,discreta_global,"(mu,lambda)",0.3
EE,potencias,2,930,9.489279584936466e-08,186230,30,200,1,discreta_global,"(mu,lambda)",0.3
EE,potencias,2,931,9.484952659999238e-08,186430,30,200,1,discreta_global,"(mu,lambda)",0.3
EE,potencias,2,932,9.469386195461795e-08,186630,30,200,1,discreta_global,"(mu,lambda)",0.3
EE,potencias,2,933,9.471743598927591e-08,186830,30,200,1,discreta_global,"(mu,lambda)",0.3
EE,potencias,2,934,9.464623700960002e-08,187030,30,200,1,discreta_global,"(mu,lambda)",0.3
EE,potencias,2,935,9.462664378969342e-08,187230,30,200,1,discreta_global,"(mu,lambda)",0.3
EE,potencias,2,936,9.456982769719257e-08,187430,30,200,1,discreta_global,"(mu,lambda)",0.3
EE,potencias,2,937,9.454673588888003e-08,187630,30,200,1,discreta_global,"(mu,lambda)",0.3
EE,potencias,2,938,9.453564195091764e-08,187830,30,200,1,discreta_global,"(mu,lambda)",0.3
EE,potencias,2,939,9.450491689227484e-08,188030,30,200,1,discreta_global,"(mu,lambda)",0.3
EE,potencias,2,940,9.44951144944555e-08,188230,30,200,1,discreta_global,"(mu,lambda)",0.3
EE,potencias,2,941,9.448459375866321e-08,188430,30,200,1,discreta_global,"(mu,lambda)",0.3
EE,potencias,2,942,9.446001401123643e-08,188630,30,200,1,discreta_global,"(mu,lambda)",0.3
EE,potencias,2,943,9.443806231917585e-08,188830,30,200,1,discreta_global,"(mu,lambda)",0.3
EE,potencias,2,944,9.441200313336744e-08,189030,30,200,1,discreta_global,"(mu,lambda)",0.3
EE,potencias,2,945,9.436253118755414e-08,189230,30,200,1,discreta_global,"(mu,lambda)",0.3
EE,potencias,2,946,9.434277604903506e-08,189430,30,200,1,discreta_global,"(mu,lambda)",0.3
EE,potencias,2,947,9.434338821712903e-08,189630,30,200,1,discreta_global,"(mu,lambda)",0.3
EE,potencias,2,948,9.433484735206603e-08,189830,30,200,1,discreta_global,"(mu,lambda)",0.3
EE,potencias,2,949,9.43188331561426e-08,190030,30,200,1,discreta_global,"(mu,lambda)",0.3
EE,potencias,2,950,9.429081901799009e-08,190230,30,200,1,discreta_global,"(mu,lambda)",0.3
EE,potencias,2,951,9.428128229159335e-08,190430,30,200,1,discreta_global,"(mu,lambda)",0.3
EE,potencias,2,952,9.422553901580751e-08,190630,30,200,1,discreta_global,"(mu,lambda)",0.3
EE,potencias,2,953,9.421028593220535e-08,190830,30,200,1,discreta_global,"(mu,lambda)",0.3
EE,potencias,2,954,9.420125395487704e-08,191030,30,200,1,discreta_global,"(mu,lambda)",0.3
EE,potencias,2,955,9.419398612847318e-08,191230,30,200,1,discreta_global,"(mu,lambda)",0.3
EE,potencias,2,956,9.418415030203693e-08,191430,30,200,1,discreta_global,"(mu,lambda)",0.3
EE,potencias,2,957,9.414776199783782e-08,191630,30,200,1,discreta_global,"(mu,lambda)",0.3
EE,potencias,2,958,9.412692169003183e-08,191830,30,200,1,discreta_global,"(mu,lambda)",0.3
EE,potencias,2,959,9.412126312426765e-08,192030,30,200,1,discreta_global,"(mu,lambda)",0.3
EE,potencias,2,960,9.410165894307312e-08,192230,30,200,1,discreta_global,"(mu,lambda)",0.3
EE,potencias,2,961,9.406551950224091e-08,192430,30,200,1,discreta_global,"(mu,lambda)",0.3
EE,potencias,2,962,9.404420828211522e-08,192630,30,200,1,discreta_global,"(mu,lambda)",0.3
EE,potencias,2,963,9.399531428641144e-08,192830,30,200,1,discreta_global,"(mu,lambda)",0.3
EE,potencias,2,964,9.390246651984818e-08,193030,30,200,1,discreta_global,"(mu,lambda)",0.3
EE,potencias,2,965,9.393547904212184e-08,193230,30,200,1,discreta_global,"(mu,lambda)",0.3
EE,potencias,2,966,9.390689426120281e-08,193430,30,200,1,discreta_global,"(mu,lambda)",0.3
EE,potencias,2,967,9.388174783422352e-08,193630,30,200,1,discreta_global,"(mu,lambda)",0.3
EE,potencias,2,968,9.385839151922483e-08,193830,30,200,1,discreta_global,"(mu,lambda)",0.3
EE,potencias,2,969,9.382702871175176e-08,194030,30,200,1,discreta_global,"(mu,lambda)",0.3
EE,potencias,2,970,9.381510956662677e-08,194230,30,200,1,discreta_global,"(mu,lambda)",0.3
EE,potencias,2,971,9.380957419192481e-08,194430,30,200,1,discreta_global,"(mu,lambda)",0.3
EE,potencias,2,972,9.380181030716995e-08,194630,30,200,1,discreta_global,"(mu,lambda)",0.3
EE,potencias,2,973,9.375219878913263e-08,194830,30,200,1,discreta_global,"(mu,lambda)",0.3
EE,potencias,2,974,9.375209412540987e-08,195030,30,200,1,discreta_global,"(mu,lambda)",0.3
EE,potencias,2,975,9.373854530872266e-08,195230,30,200,1,discreta_global,"(mu,lambda)",0.3
EE,potencias,2,976,9.371937793446183e-08,195430,30,200,1,discreta_global,"(mu,lambda)",0.3
EE,potencias,2,977,9.366910454089491e-08,195630,30,200,1,discreta_global,"(mu,lambda)",0.3
EE,potencias,2,978,9.365103188461439e-08,195830,30,200,1,discreta_global,"(mu,lambda)",0.3
EE,potencias,2,979,9.363669273233677e-08,196030,30,200,1,discreta_global,"(mu,lambda)",0.3
EE,potencias,2,980,9.354018644827353e-08,196230,30,200,1,discreta_global,"(mu,lambda)",0.3
EE,potencias,2,981,9.336681242853853e-08,196430,30,200,1,discreta_global,"(mu,lambda)",0.3
EE,potencias,2,982,9.336494188246215e-08,196630,30,200,1,discreta_global,"(mu,lambda)",0.3
EE,potencias,2,983,9.326936387816032e-08,196830,30,200,1,discreta_global,"(mu,lambda)",0.3
EE,potencias,2,984,9.318442062640037e-08,197030,30,200,1,discreta_global,"(mu,lambda)",0.3
EE,potencias,2,985,9.316470692461878e-08,197230,30,200,1,discreta_global,"(mu,lambda)",0.3
EE,potencias,2,986,9.314458914610577e-08,197430,30,200,1,discreta_global,"(mu,lambda)",0.3
EE,potencias,2,987,9.309745194285777e-08,197630,30,200,1,discreta_global,"(mu,lambda)",0.3
EE,potencias,2,988,9.296941324219878e-08,197830,30,200,1,discreta_global,"(mu,lambda)",0.3
EE,potencias,2,989,9.295827602051473e-08,198030,30,200,1,discreta_global,"(mu,lambda)",0.3
EE,potencias,2,990,9.293460056001874e-08,198230,30,200,1,discreta_global,"(mu,lambda)",0.3
EE,potencias,2,991,9.291915696519025e-08,198430,30,200,1,discreta_global,"(mu,lambda)",0.3
EE,potencias,2,992,9.284782495610086e-08,198630,30,200,1,discreta_global,"(mu,lambda)",0.3
EE,potencias,2,993,9.284566046567265e-08,198830,30,200,1,discreta_global,"(mu,lambda)",0.3
EE,potencias,2,994,9.282774038111871e-08,199030,30,200,1,discreta_global,"(mu,lambda)",0.3
EE,potencias,2,995,9.282158827043832e-08,199230,30,200,1,discreta_global,"(mu,lambda)",0.3
EE,potencias,2,996,9.280420082353551e-08,199430,30,200,1,discreta_global,"(mu,lambda)",0.3
EE,potencias,2,997,9.278892261170287e-08,199630,30,200,1,discreta_global,"(mu,lambda)",0.3
EE,potencias,2,998,9.275682147494608e-08,199830,30,200,1,discreta_global,"(mu,lambda)",0.3
EE,potencias,2,999,9.273686195899758e-08,200030,30,200,1,discreta_global,"(mu,lambda)",0.3
EE,potencias,2,1000,9.271589634918073e-08,200230,30,200,1,discreta_global,"(mu,lambda)",0.3
EE,potencias,2,1001,9.268706910680695e-08,200430,30,200,1,discreta_global,"(mu,lambda)",0.3
EE,potencias,2,1002,9.265209502120718e-08,200630,30,200,1,discreta_global,"(mu,lambda)",0.3
EE,potencias,2,1003,9.263316019388735e-08,200830,30,200,1,discreta_global,"(mu,lambda)",0.3
EE,potencias,2,1004,9.260499729305583e-08,201030,30,200,1,discreta_global,"(mu,lambda)",0.3
EE,potencias,2,1005,9.258853928722841e-08,201230,30,200,1,discreta_global,"(mu,lambda)",0.3
EE,potencias,2,1006,9.256051668654908e-08,201430,30,200,1,discreta_global,"(mu,lambda)",0.3
EE,potencias,2,1007,9.248097582316218e-08,201630,30,200,1,discreta_global,"(mu,lambda)",0.3
EE,potencias,2,1008,9.250425814520469e-08,201830,30,200,1,discreta_global,"(mu,lambda)",0.3
EE,potencias,2,1009,9.246030961191961e-08,202030,30,200,1,discreta_global,"(mu,lambda)",0.3
EE,potencias,2,1010,9.24507339491996e-08,202230,30,200,1,discreta_global,"(mu,lambda)",0.3
EE,potencias,2,1011,9.244027489416844e-08,202430,30,200,1,discreta_global,"(mu,lambda)",0.3
EE,potencias,2,1012,9.240916505976942e-08,202630,30,200,1,discreta_global,"(mu,lambda)",0.3
EE,potencias,2,1013,9.238921478767749e-08,202830,30,200,1,discreta_global,"(mu,lambda)",0.3
EE,potencias,2,1014,9.23519395192136e-08,203030,30,200,1,discreta_global,"(mu,lambda)",0.3
EE,potencias,2,1015,9.233485418317185e-08,203230,30,200,1,discreta_global,"(mu,lambda)",0.3
EE,potencias,2,1016,9.226850436828116e-08,203430,30,200,1,discreta_global,"(mu,lambda)",0.3
EE,potencias,2,1017,9.228478032825109e-08,203630,30,200,1,discreta_global,"(mu,lambda)",0.3
EE,potencias,2,1018,9.22554152659924e-08,203830,30,200,1,discreta_global,"(mu,lambda)",0.3
EE,potencias,2,1019,9.220549947585052e-08,204030,30,200,1,discreta_global,"(mu,lambda)",0.3
EE,potencias,2,1020,9.21908104734918e-08,204230,30,200,1,discreta_global,"(mu,lambda)",0.3
EE,potencias,2,1021,9.213160999806803e-08,204430,30,200,1,discreta_global,"(mu,lambda)",0.3
EE,potencias,2,1022,9.214225777311605e-08,204630,30,200,1,discreta_global,"(mu,lambda)",0.3
EE,potencias,2,1023,9.209599174762114e-08,204830,30,200,1,discreta_global,"(mu,lambda)",0.3
EE,potencias,2,1024,9.205471385071728e-08,205030,30,200,1,discreta_global,"(mu,lambda)",0.3
EE,potencias,2,1025,9.202412221435667e-08,205230,30,200,1,discreta_global,"(mu,lambda)",0.3
EE,potencias,2,1026,9.20067934534167e-08,205430,30,200,1,discreta_global,"(mu,lambda)",0.3
EE,potencias,2,1027,9.199759386971973e-08,205630,30,200,1,discreta_global,"(mu,lambda)",0.3
EE,potencias,2,1028,9.197709754907305e-08,205830,30,200,1,discreta_global,"(mu,lambda)",0.3
EE,potencias,2,1029,9.194070016577212e-08,206030,30,200,1,discreta_global,"(mu,lambda)",0.3
EE,potencias,2,1030,9.192536809502881e-08,206230,30,200,1,discreta_global,"(mu,lambda)",0.3
EE,potencias,2,1031,9.191773452687901e-08,206430,30,200,1,discreta_global,"(mu,lambda)",0.3
EE,potencias,2,1032,9.185222663841882e-08,206630,30,200,1,discreta_global,"(mu,lambda)",0.3
EE,potencias,2,1033,9.186270872166064e-08,206830,30,200,1,discreta_global,"(mu,lambda)",0.3
EE,potencias,2,1034,9.183333445146689e-08,207030,30,200,1,discreta_global,"(mu,lambda)",0.3
EE,potencias,2,1035,9.180731303315563e-08,207230,30,200,1,discreta_global,"(mu,lambda)",0.3
EE,potencias,2,1036,9.179890149211001e-08,207430,30,200,1,discreta_global,"(mu,lambda)",0.3
EE,potencias,2,1037,9.179314264624334e-08,207630,30,200,1,discreta_global,"(mu,lambda)",0.3
EE,potencias,2,1038,9.178713156484044e-08,207830,30,200,1,discreta_global,"(mu,lambda)",0.3
EE,potencias,2,1039,9.177969251776146e-08,208030,30,200,1,discreta_global,"(mu,lambda)",0.3
EE,potencias,2,1040,9.173825622005582e-08,208230,30,200,1,discreta_global,"(mu,lambda)",0.3
EE,potencias,2,1041,9.173014778806813e-08,208430,30,200,1,discreta_global,"(mu,lambda)",0.3
EE,potencias,2,1042,9.168814837028539e-08,208630,30,200,1,discreta_global,"(mu,lambda)",0.3
EE,potencias,2,1043,9.16760308426282e-08,208830,30,200,1,discreta_global,"(mu,lambda)",0.3
EE,potencias,2,1044,9.166530938843827e-08,209030,30,200,1,discreta_global,"(mu,lambda)",0.3
EE,potencias,2,1045,9.164950389791247e-08,209230,30,200,1,discreta_global,"(mu,lambda)",0.3
EE,potencias,2,1046,9.158770806754695e-08,209430,30,200,1,discreta_global,"(mu,lambda)",0.3
EE,potencias,2,1047,9.158347784601627e-08,209630,30,200,1,discreta_global,"(mu,lambda)",0.3
EE,potencias,2,1048,9.152567198657969e-08,209830,30,200,1,discreta_global,"(mu,lambda)",0.3
EE,potencias,2,1049,9.148383164880908e-08,210030,30,200,1,discreta_global,"(mu,lambda)",0.3
EE,potencias,2,1050,9.147514120306102e-08,210230,30,200,1,discreta_global,"(mu,lambda)",0.3
EE,potencias,2,1051,9.145473560030453e-08,210430,30,200,1,discreta_global,"(mu,lambda)",0.3
EE,potencias,2,1052,9.143090214028632e-08,210630,30,200,1,discreta_global,"(mu,lambda)",0.3
EE,potencias,2,1053,9.141115327508893e-08,210830,30,200,1,discreta_global,"(mu,lambda)",0.3
EE,potencias,2,1054,9.140070436625314e-08,211030,30,200,1,discreta_global,"(mu,lambda)",0.3
EE,potencias,2,1055,9.137562862637558e-08,211230,30,200,1,discreta_global,"(mu,lambda)",0.3
EE,potencias,2,1056,9.1344502635927e-08,211430,30,200,1,discreta_global,"(mu,lambda)",0.3
EE,potencias,2,1057,9.134136656854883e-08,211630,30,200,1,discreta_global,"(mu,lambda)",0.3
EE,potencias,2,1058,9.129271951877729e-08,211830,30,200,1,discreta_global,"(mu,lambda)",0.3
EE,potencias,2,1059,9.123616549099674e-08,212030,30,200,1,discreta_global,"(mu,lambda)",0.3
EE,potencias,2,1060,9.108266187046454e-08,212230,30,200,1,discreta_global,"(mu,lambda)",0.3
EE,potencias,2,1061,9.102883962115726e-08,212430,30,200,1,discreta_global,"(mu,lambda)",0.3
EE,potencias,2,1062,9.088863712241781e-08,212630,30,200,1,discreta_global,"(mu,lambda)",0.3
EE,potencias,2,1063,9.081118500490819e-08,212830,30,200,1,discreta_global,"(mu,lambda)",0.3
EE,potencias,2,1064,9.064344803380033e-08,213030,30,200,1,discreta_global,"(mu,lambda)",0.3
EE,potencias,2,1065,9.063933825443765e-08,213230,30,200,1,discreta_global,"(mu,lambda)",0.3
EE,potencias,2,1066,9.061428357692575e-08,213430,30,200,1,discreta_global,"(mu,lambda)",0.3
EE,potencias,2,1067,9.061151000854156e-08,213630,30,200,1,discreta_global,"(mu,lambda)",0.3
EE,potencias,2,1068,9.060291475113147e-08,213830,30,200,1,discreta_global,"(mu,lambda)",0.3
EE,potencias,2,1069,9.0566605189665e-08,214030,30,200,1,discreta_global,"(mu,lambda)",0.3
EE,potencias,2,1070,9.054687877966063e-08,214230,30,200,1,discreta_global,"(mu,lambda)",0.3
EE,potencias,2,1071,9.052569494285376e-08,214430,30,200,1,discreta_global,"(mu,lambda)",0.3
EE,potencias,2,1072,9.05025647267328e-08,214630,30,200,1,discreta_global,"(mu,lambda)",0.3
EE,potencias,2,1073,9.038217268801013e-08,214830,30,200,1,discreta_global,"(mu,lambda)",0.3
EE,potencias,2,1074,9.015116265015621e-08,215030,30,200,1,discreta_global,"(mu,lambda)",0.3
EE,potencias,2,1075,9.012316467083971e-08,215230,30,200,1,discreta_global,"(mu,lambda)",0.3
EE,potencias,2,1076,9.006742727460391e-08,215430,30,200,1,discreta_global,"(mu,lambda)",0.3
EE,potencias,2,1077,9.003982329935993e-08,215630,30,200,1,discreta_global,"(mu,lambda)",0.3
EE,potencias,2,1078,8.999114172203417e-08,215830,30,200,1,discreta_global,"(mu,lambda)",0.3
EE,potencias,2,1079,8.996464533462063e-08,216030,30,200,1,discreta_global,"(mu,lambda)",0.3
EE,potencias,2,1080,8.993615023961651e-08,216230,30,200,1,discreta_global,"(mu,lambda)",0.3
EE,potencias,2,1081,8.986339799506805e-08,216430,30,200,1,discreta_global,"(mu,lambda)",0.3
EE,potencias,2,1082,8.985335558530347e-08,216630,30,200,1,discreta_global,"(mu,lambda)",0.3
EE,potencias,2,1083,8.97980275356788e-08,216830,30,200,1,discreta_global,"(mu,lambda)",0.3
EE,potencias,2,1084,8.978193741096794e-08,217030,30,200,1,discreta_global,"(mu,lambda)",0.3
EE,potencias,2,1085,8.975954783701726e-08,217230,30,200,1,discreta_global,"(mu,lambda)",0.3
EE,potencias,2,1086,8.972597831450626e-08,217430,30,200,1,discreta_global,"(mu,lambda)",0.3
EE,potencias,2,1087,8.972738579483871e-08,217630,30,200,1,discreta_global,"(mu,lambda)",0.3
EE,potencias,2,1088,8.97046713050612e-08,217830,30,200,1,discreta_global,"(mu,lambda)",0.3
EE,potencias,2,1089,8.968857539945285e-08,218030,30,200,1,discreta_global,"(mu,lambda)",0.3
EE,potencias,2,1090,8.967336885650583e-08,218230,30,200,1,discreta_global,"(mu,lambda)",0.3
EE,potencias,2,1091,8.964350687784793e-08,218430,30,200,1,discreta_global,"(mu,lambda)",0.3
EE,potencias,2,1092,8.962464811934124e-08,218630,30,200,1,discreta_global,"(mu,lambda)",0.3
EE,potencias,2,1093,8.961373120527518e-08,218830,30,200,1,discreta_global,"(mu,lambda)",0.3
EE,potencias,2,1094,8.957713394461642e-08,219030,30,200,1,discreta_global,"(mu,lambda)",0.3
EE,potencias,2,1095,8.954215173318076e-08,219230,30,200,1,discreta_global,"(mu,lambda)",0.3
EE,potencias,2,1096,8.949622985745101e-08,219430,30,200,1,discreta_global,"(mu,lambda)",0.3
EE,potencias,2,1097,8.948918854133813e-08,219630,30,200,1,discreta_global,"(mu,lambda)",0.3
EE,potencias,2,1098,8.946756705036538e-08,219830,30,200,1,discreta_global,"(mu,lambda)",0.3
EE,potencias,2,1099,8.941679672349512e-08,220030,30,200,1,discreta_global,"(mu,lambda)",0.3
EE,potencias,2,1100,8.939491323242656e-08,220230,30,200,1,discreta_global,"(mu,lambda)",0.3
EE,potencias,2,1101,8.93143827008563e-08,220430,30,200,1,discreta_global,"(mu,lambda)",0.3
EE,potencias,2,1102,8.930198880844394e-08,220630,30,200,1,discreta_global,"(mu,lambda)",0.3
EE,potencias,2,1103,8.925443221785169e-08,220830,30,200,1,discreta_global,"(mu,lambda)",0.3
EE,potencias,2,1104,8.92412626317111e-08,221030,30,200,1,discreta_global,"(mu,lambda)",0.3
EE,potencias,2,1105,8.920237169530531e-08,221230,30,200,1,discreta_global,"(mu,lambda)",0.3
EE,potencias,2,1106,8.915675981801857e-08,221430,30,200,1,discreta_global,"(mu,lambda)",0.3
EE,potencias,2,1107,8.91426117253255e-08,221630,30,200,1,discreta_global,"(mu,lambda)",0.3
EE,potencias,2,1108,8.911504087840907e-08,221830,30,200,1,discreta_global,"(mu,lambda)",0.3
EE,potencias,2,1109,8.909815733356525e-08,222030,30,200,1,discreta_global,"(mu,lambda)",0.3
EE,potencias,2,1110,8.907083326627446e-08,222230,30,200,1,discreta_global,"(mu,lambda)",0.3
EE,potencias,2,1111,8.900156870951544e-08,222430,30,200,1,discreta_global,"(mu,lambda)",0.3
EE,potencias,2,1112,8.899777397743426e-08,222630,30,200,1,discreta_global,"(mu,lambda)",0.3
EE,potencias,2,1113,8.89749481766295e-08,222830,30,200,1,discreta_global,"(mu,lambda)",0.3
EE,potencias,2,1114,8.890297994329548e-08,223030,30,200,1,discreta_global,"(mu,lambda)",0.3
EE,potencias,2,1115,8.889264272542672e-08,223230,30,200,1,discreta_global,"(mu,lambda)",0.3
EE,potencias,2,1116,8.887172391504852e-08,223430,30,200,1,discreta_global,"(mu,lambda)",0.3
EE,potencias,2,1117,8.883996135188262e-08,223630,30,200,1,discreta_global,"(mu,lambda)",0.3
EE,potencias,2,1118,8.879447918295935e-08,223830,30,200,1,discreta_global,"(mu,lambda)",0.3
EE,potencias,2,1119,8.87714690205987e-08,224030,30,200,1,discreta_global,"(mu,lambda)",0.3
EE,potencias,2,1120,8.869189066394596e-08,224230,30,200,1,discreta_global,"(mu,lambda)",0.3
EE,potencias,2,1121,8.864471991968326e-08,224430,30,200,1,discreta_global,"(mu,lambda)",0.3
EE,potencias,2,1122,8.861250549665349e-08,224630,30,200,1,discreta_global,"(mu,lambda)",0.3
EE,potencias,2,1123,8.860979926118867e-08,224830,30,200,1,discreta_global,"(mu,lambda)",0.3
EE,potencias,2,1124,8.859567375011646e-08,225030,30,200,1,discreta_global,"(mu,lambda)",0.3
EE,potencias,2,1125,8.857964508443227e-08,225230,30,200,1,discreta_global,"(mu,lambda)",0.3
EE,potencias,2,1126,8.858103526495916e-08,225430,30,200,1,discreta_global,"(mu,lambda)",0.3
EE,potencias,2,1127,8.857214643869843e-08,225630,30,200,1,discreta_global,"(mu,lambda)",0.3
EE,potencias,2,1128,8.85709923293997e-08,225830,30,200,1,discreta_global,"(mu,lambda)",0.3
EE,potencias,2,1129,8.85704813248078e-08,226030,30,200,1,discreta_global,"(mu,lambda)",0.3
EE,potencias,2,1130,8.856914092671315e-08,226230,30,200,1,discreta_global,"(mu,lambda)",0.3
EE,potencias,2,1131,8.856756411449671e-08,226430,30,200,1,discreta_global,"(mu,lambda)",0.3
EE,potencias,2,1132,8.856379535682975e-08,226630,30,200,1,discreta_global,"(mu,lambda)",0.3
EE,potencias,2,1133,8.855923881478964e-08,226830,30,200,1,discreta_global,"(mu,lambda)",0.3
EE,potencias,2,1134,8.854404432768547e-08,227030,30,200,1,discreta_global,"(mu,lambda)",0.3
EE,potencias,2,1135,8.854132599724713e-08,227230,30,200,1,discreta_global,"(mu,lambda)",0.3
EE,potencias,2,1136,8.852695564812708e-08,227430,30,200,1,discreta_global,"(mu,lambda)",0.3
EE,potencias,2,1137,8.851590684757873e-08,227630,30,200,1,discreta_global,"(mu,lambda)",0.3
EE,potencias,2,1138,8.849898089322503e-08,227830,30,200,1,discreta_global,"(mu,lambda)",0.3
EE,potencias,2,1139,8.845391406766823e-08,228030,30,200,1,discreta_global,"(mu,lambda)",0.3
EE,potencias,2,1140,8.843431407325023e-08,228230,30,200,1,discreta_global,"(mu,lambda)",0.3
EE,potencias,2,1141,8.840279742214402e-08,228430,30,200,1,discreta_global,"(mu,lambda)",0.3
EE,potencias,2,1142,8.835271122686714e-08,228630,30,200,1,discreta_global,"(mu,lambda)",0.3
EE,potencias,2,1143,8.827505909964295e-08,228830,30,200,1,discreta_global,"(mu,lambda)",0.3
EE,potencias,2,1144,8.82599285364311e-08,229030,30,200,1,discreta_global,"(mu,lambda)",0.3
EE,potencias,2,1145,8.816890741776343e-08,229230,30,200,1,discreta_global,"(mu,lambda)",0.3
EE,potencias,2,1146,8.81508129049603e-08,229430,30,200,1,discreta_global,"(mu,lambda)",0.3
EE,potencias,2,1147,8.811454228073582e-08,229630,30,200,1,discreta_global,"(mu,lambda)",0.3
EE,potencias,2,1148,8.809641562895399e-08,229830,30,200,1,discreta_global,"(mu,lambda)",0.3
EE,potencias,2,1149,8.80842297560436e-08,230030,30,200,1,discreta_global,"(mu,lambda)",0.3
EE,potencias,2,1150,8.807037751673598e-08,230230,30,200,1,discreta_global,"(mu,lambda)",0.3
EE,potencias,2,1151,8.802085195230275e-08,230430,30,200,1,discreta_global,"(mu,lambda)",0.3
EE,potencias,2,1152,8.799234917731434e-08,230630,30,200,1,discreta_global,"(mu,lambda)",0.3
EE,potencias,2,1153,8.7971173635819e-08,230830,30,200,1,discreta_global,"(mu,lambda)",0.3
EE,potencias,2,1154,8.79256477744903e-08,231030,30,200,1,discreta_global,"(mu,lambda)",0.3
EE,potencias,2,1155,8.789971639517849e-08,231230,30,200,1,discreta_global,"(mu,lambda)",0.3
EE,potencias,2,1156,8.782804624529208e-08,231430,30,200,1,discreta_global,"(mu,lambda)",0.3
EE,potencias,2,1157,8.781465869802548e-08,231630,30,200,1,discreta_global,"(mu,lambda)",0.3
EE,potencias,2,1158,8.778749195789844e-08,231830,30,200,1,discreta_global,"(mu,lambda)",0.3
EE,potencias,2,1159,8.775951596703197e-08,232030,30,200,1,discreta_global,"(mu,lambda)",0.3
EE,potencias,2,1160,8.775095847467739e-08,232230,30,200,1,discreta_global,"(mu,lambda)",0.3
EE,potencias,2,1161,8.773550636704698e-08,232430,30,200,1,discreta_global,"(mu,lambda)",0.3
EE,potencias,2,1162,8.771186138443101e-08,232630,30,200,1,discreta_global,"(mu,lambda)",0.3
EE,potencias,2,1163,8.766599660472245e-08,232830,30,200,1,discreta_global,"(mu,lambda)",0.3
EE,potencias,2,1164,8.764600241020835e-08,233030,30,200,1,discreta_global,"(mu,lambda)",0.3
EE,potencias,2,1165,8.7589346849338e-08,233230,30,200,1,discreta_global,"(mu,lambda)",0.3
EE,potencias,2,1166,8.745712054758497e-08,233430,30,200,1,discreta_global,"(mu,lambda)",0.3
EE,potencias,2,1167,8.741156548527443e-08,233630,30,200,1,discreta_global,"(mu,lambda)",0.3
EE,potencias,2,1168,8.738774193533664e-08,233830,30,200,1,discreta_global,"(mu,lambda)",0.3
EE,potencias,2,1169,8.738442746291806e-08,234030,30,200,1,discreta_global,"(mu,lambda)",0.3
EE,potencias,2,1170,8.736677632092258e-08,234230,30,200,1,discreta_global,"(mu,lambda)",0.3
EE,potencias,2,1171,8.73401885118453e-08,234430,30,200,1,discreta_global,"(mu,lambda)",0.3
EE,potencias,2,1172,8.733437437045648e-08,234630,30,200,1,discreta_global,"(mu,lambda)",0.3
EE,potencias,2,1173,8.731772608233543e-08,234830,30,200,1,discreta_global,"(mu,lambda)",0.3
EE,potencias,2,1174,8.731529645918082e-08,235030,30,200,1,discreta_global,"(mu,lambda)",0.3
EE,potencias,2,1175,8.728832713122679e-08,235230,30,200,1,discreta_global,"(mu,lambda)",0.3
EE,potencias,2,1176,8.728594457981224e-08,235430,30,200,1,discreta_global,"(mu,lambda)",0.3
EE,potencias,2,1177,8.726515332599243e-08,235630,30,200,1,discreta_global,"(mu,lambda)",0.3
EE,potencias,2,1178,8.725594661904217e-08,235830,30,200,1,discreta_global,"(mu,lambda)",0.3
EE,potencias,2,1179,8.718711727996799e-08,236030,30,200,1,discreta_global,"(mu,lambda)",0.3
EE,potencias,2,1180,8.717363606485337e-08,236230,30,200,1,discreta_global,"(mu,lambda)",0.3
EE,potencias,2,1181,8.71593265456786e-08,236430,30,200,1,discreta_global,"(mu,lambda)",0.3
EE,potencias,2,1182,8.711942533372175e-08,236630,30,200,1,discreta_global,"(mu,lambda)",0.3
EE,potencias,2,1183,8.70492626379681e-08,236830,30,200,1,discreta_global,"(mu,lambda)",0.3
EE,potencias,2,1184,8.69883017019577e-08,237030,30,200,1,discreta_global,"(mu,lambda)",0.3
EE,potencias,2,1185,8.694661802027909e-08,237230,30,200,1,discreta_global,"(mu,lambda)",0.3
EE,potencias,2,1186,8.691534791777805e-08,237430,30,200,1,discreta_global,"(mu,lambda)",0.3
EE,potencias,2,1187,8.69048581571912e-08,237630,30,200,1,discreta_global,"(mu,lambda)",0.3
EE,potencias,2,1188,8.690421787557743e-08,237830,30,200,1,discreta_global,"(mu,lambda)",0.3
EE,potencias,2,1189,8.689950953857404e-08,238030,30,200,1,discreta_global,"(mu,lambda)",0.3
EE,potencias,2,1190,8.688993360478507e-08,238230,30,200,1,discreta_global,"(mu,lambda)",0.3
EE,potencias,2,1191,8.688355682984141e-08,238430,30,200,1,discreta_global,"(mu,lambda)",0.3
EE,potencias,2,1192,8.687700249587049e-08,238630,30,200,1,discreta_global,"(mu,lambda)",0.3
EE,potencias,2,1193,8.685943559824725e-08,238830,30,200,1,discreta_global,"(mu,lambda)",0.3
EE,potencias,2,1194,8.685043151421528e-08,239030,30,200,1,discreta_global,"(mu,lambda)",0.3
EE,potencias,2,1195,8.683834886822644e-08,239230,30,200,1,discreta_global,"(mu,lambda)",0.3
EE,potencias,2,1196,8.683061702977517e-08,239430,30,200,1,discreta_global,"(mu,lambda)",0.3
EE,potencias,2,1197,8.679778962401936e-08,239630,30,200,1,discreta_global,"(mu,lambda)",0.3
EE,potencias,2,1198,8.678563255116759e-08,239830,30,200,1,discreta_global,"(mu,lambda)",0.3
EE,potencias,2,1199,8.676196864115889e-08,240030,30,200,1,discreta_global,"(mu,lambda)",0.3
EE,potencias,3,0,112441.2877730443,230,30,200,1,discreta_global,"(mu,lambda)",0.3
EE,potencias,3,1,20615.754047689767,430,30,200,1,discreta_global,"(mu,lambda)",0.3
EE,potencias,3,2,3340.971454632835,630,30,200,1,discreta_global,"(mu,lambda)",0.3
EE,potencias,3,3,2917.4086151359147,830,30,200,1,discreta_global,"(mu,lambda)",0.3
EE,potencias,3,4,530.4886813116563,1030,30,200,1,discreta_global,"(mu,lambda)",0.3
EE,potencias,3,5,380.1345361812126,1230,30,200,1,discreta_global,"(mu,lambda)",0.3
EE,potencias,3,6,42.23181189678979,1430,30,200,1,discreta_global,"(mu,lambda)",0.3
EE,potencias,3,7,27.740931081710524,1630,30,200,1,discreta_global,"(mu,lambda)",0.3
EE,potencias,3,8,29.458402608228113,1830,30,200,1,discreta_global,"(mu,lambda)",0.3
EE,potencias,3,9,22.87069681387039,2030,30,200,1,discreta_global,"(mu,lambda)",0.3
EE,potencias,3,10,16.97507105644532,2230,30,200,1,discreta_global,"(mu,lambda)",0.3
EE,potencias,3,11,8.93006170374215,2430,30,200,1,discreta_global,"(mu,lambda)",0.3
EE,potencias,3,12,7.765888006404214,2630,30,200,1,discreta_global,"(mu,lambda)",0.3
EE,potencias,3,13,4.999268161330287,2830,30,200,1,discreta_global,"(mu,lambda)",0.3
EE,potencias,3,14,4.500816001530667,3030,30,200,1,discreta_global,"(mu,lambda)",0.3
EE,potencias,3,15,3.0222046357532406,3230,30,200,1,discreta_global,"(mu,lambda)",0.3
EE,potencias,3,16,2.7231595315781996,3430,30,200,1,discreta_global,"(mu,lambda)",0.3
EE,potencias,3,17,1.2504644173080652,3630,30,200,1,discreta_global,"(mu,lambda)",0.3
EE,potencias,3,18,0.6636137816641804,3830,30,200,1,discreta_global,"(mu,lambda)",0.3
EE,potencias,3,19,0.05401639297522668,4030,30,200,1,discreta_global,"(mu,lambda)",0.3
EE,potencias,3,20,0.01774865777679803,4230,30,200,1,discreta_global,"(mu,lambda)",0.3
EE,potencias,3,21,0.012720598495141278,4430,30,200,1,discreta_global,"(mu,lambda)",0.3
EE,potencias,3,22,0.0026191145025962668,4630,30,200,1,discreta_global,"(mu,lambda)",0.3
EE,potencias,3,23,0.00036164998840197774,4830,30,200,1,discreta_global,"(mu,lambda)",0.3
EE,potencias,3,24,0.0003365582028533449,5030,30,200,1,discreta_global,"(mu,lambda)",0.3
EE,potencias,3,25,9.099868161822279e-05,5230,30,200,1,discreta_global,"(mu,lambda)",0.3
EE,potencias,3,26,7.211297462731508e-05,5430,30,200,1,discreta_global,"(mu,lambda)",0.3
EE,potencias,3,27,2.99333830480947e-05,5630,30,200,1,discreta_global,"(mu,lambda)",0.3
EE,potencias,3,28,1.7523765946602836e-05,5830,30,200,1,discreta_global,"(mu,lambda)",0.3
EE,potencias,3,29,3.5477691594517678e-06,6030,30,200,1,discreta_global,"(mu,lambda)",0.3
EE,potencias,3,30,1.59269667057194e-06,6230,30,200,1,discreta_global,"(mu,lambda)",0.3
EE,potencias,3,31,1.9198859874497628e-06,6430,30,200,1,discreta_global,"(mu,lambda)",0.3
EE,potencias,3,32,6.850777238719706e-07,6630,30,200,1,discreta_global,"(mu,lambda)",0.3
EE,potencias,3,33,4.1984086937560634e-07,6830,30,200,1,discreta_global,"(mu,lambda)",0.3
EE,potencias,3,34,2.877600178829759e-07,7030,30,200,1,discreta_global,"(mu,lambda)",0.3
EE,potencias,3,35,8.155213398188555e-08,7230,30,200,1,discreta_global,"(mu,lambda)",0.3
EE,potencias,3,36,8.11615830427819e-08,7430,30,200,1,discreta_global,"(mu,lambda)",0.3
EE,potencias,3,37,2.903252414887157e-08,7630,30,200,1,discreta_global,"(mu,lambda)",0.3
EE,potencias,3,38,2.52742584983593e-08,7830,30,200,1,discreta_global,"(mu,lambda)",0.3
EE,potencias,3,39,9.045134830028616e-09,8030,30,200,1,discreta_global,"(mu,lambda)",0.3
EE,potencias,3,40,1.0105758522678462e-08,8230,30,200,1,discreta_global,"(mu,lambda)",0.3
EE,potencias,3,41,8.755011928408299e-09,8430,30,200,1,discreta_global,"(mu,lambda)",0.3
EE,potencias,3,42,7.3633980241022735e-09,8630,30,200,1,discreta_global,"(mu,lambda)",0.3
EE,potencias,3,43,6.73109182909451e-09,8830,30,200,1,discreta_global,"(mu,lambda)",0.3
EE,potencias,3,44,6.656094029602484e-09,9030,30,200,1,discreta_global,"(mu,lambda)",0.3
EE,potencias,3,45,6.686400024524743e-09,9230,30,200,1,discreta_global,"(mu,lambda)",0.3
EE,potencias,3,46,6.501927852949045e-09,9430,30,200,1,discreta_global,"(mu,lambda)",0.3
EE,potencias,3,47,6.418668987481584e-09,9630,30,200,1,discreta_global,"(mu,lambda)",0.3
EE,potencias,3,48,6.365248345425437e-09,9830,30,200,1,discreta_global,"(mu,lambda)",0.3
EE,potencias,3,49,6.2369175892283565e-09,10030,30,200,1,discreta_global,"(mu,lambda)",0.3
EE,potencias,3,50,6.227210821161923e-09,10230,30,200,1,discreta_global,"(mu,lambda)",0.3
EE,potencias,3,51,6.176028907899043e-09,10430,30,200,1,discreta_global,"(mu,lambda)",0.3
EE,potencias,3,52,6.147782717919737e-09,10630,30,200,1,discreta_global,"(mu,lambda)",0.3
EE,potencias,3,53,6.136680331162068e-09,10830,30,200,1,discreta_global,"(mu,lambda)",0.3
EE,potencias,3,54,6.122812048891327e-09,11030,30,200,1,discreta_global,"(mu,lambda)",0.3
EE,potencias,3,55,6.109148531281843e-09,11230,30,200,1,discreta_global,"(mu,lambda)",0.3
EE,potencias,3,56,6.098079754949707e-09,11430,30,200,1,discreta_global,"(mu,lambda)",0.3
EE,potencias,3,57,6.08614124517315e-09,11630,30,200,1,discreta_global,"(mu,lambda)",0.3
EE,potencias,3,58,6.08706210368898e-09,11830,30,200,1,discreta_global,"(mu,lambda)",0.3
EE,potencias,3,59,6.0771354464245215e-09,12030,30,200,1,discreta_global,"(mu,lambda)",0.3
EE,potencias,3,60,6.070788702595956e-09,12230,30,200,1,discreta_global,"(mu,lambda)",0.3
EE,potencias,3,61,6.059852631399167e-09,12430,30,200,1,discreta_global,"(mu,lambda)",0.3
EE,potencias,3,62,6.051572945378637e-09,12630,30,200,1,discreta_global,"(mu,lambda)",0.3
EE,potencias,3,63,6.050281488397278e-09,12830,30,200,1,discreta_global,"(mu,lambda)",0.3
EE,potencias,3,64,6.047642859977241e-09,13030,30,200,1,discreta_global,"(mu,lambda)",0.3
EE,potencias,3,65,6.0437006985800485e-09,13230,30,200,1,discreta_global,"(mu,lambda)",0.3
EE,potencias,3,66,6.040954461598023e-09,13430,30,200,1,discreta_global,"(mu,lambda)",0.3
EE,potencias,3,67,6.040545241647818e-09,13630,30,200,1,discreta_global,"(mu,lambda)",0.3
EE,potencias,3,68,6.03810299295423e-09,13830,30,200,1,discreta_global,"(mu,lambda)",0.3
EE,potencias,3,69,6.037395597734237e-09,14030,30,200,1,discreta_global,"(mu,lambda)",0.3
EE,potencias,3,70,6.035138996843071e-09,14230,30,200,1,discreta_global,"(mu,lambda)",0.3
EE,potencias,3,71,6.034693934521583e-09,14430,30,200,1,discreta_global,"(mu,lambda)",0.3
EE,potencias,3,72,6.033610791145644e-09,14630,30,200,1,discreta_global,"(mu,lambda)",0.3
EE,potencias,3,73,6.032555157123723e-09,14830,30,200,1,discreta_global,"(mu,lambda)",0.3
EE,potencias,3,74,6.0316433015396704e-09,15030,30,200,1,discreta_global,"(mu,lambda)",0.3
EE,potencias,3,75,6.03099493347272e-09,15230,30,200,1,discreta_global,"(mu,lambda)",0.3
EE,potencias,3,76,6.029418249985961e-09,15430,30,200,1,discreta_global,"(mu,lambda)",0.3
EE,potencias,3,77,6.0278510051609245e-09,15630,30,200,1,discreta_global,"(mu,lambda)",0.3
EE,potencias,3,78,6.026178366913939e-09,15830,30,200,1,discreta_global,"(mu,lambda)",0.3
EE,potencias,3,79,6.025541298663354e-09,16030,30,200,1,discreta_global,"(mu,lambda)",0.3
EE,potencias,3,80,6.0241115423614865e-09,16230,30,200,1,discreta_global,"(mu,lambda)",0.3
EE,potencias,3,81,6.023309154912767e-09,16430,30,200,1,discreta_global,"(mu,lambda)",0.3
EE,potencias,3,82,6.020693646005202e-09,16630,30,200,1,discreta_global,"(mu,lambda)",0.3
EE,potencias,3,83,6.019804751837686e-09,16830,30,200,1,discreta_global,"(mu,lambda)",0.3
EE,potencias,3,84,6.018342129042897e-09,17030,30,200,1,discreta_global,"(mu,lambda)",0.3
EE,potencias,3,85,6.015364999271214e-09,17230,30,200,1,discreta_global,"(mu,lambda)",0.3
EE,potencias,3,86,6.014668552763706e-09,17430,30,200,1,discreta_global,"(mu,lambda)",0.3
EE,potencias,3,87,6.013501595190218e-09,17630,30,200,1,discreta_global,"(mu,lambda)",0.3
EE,potencias,3,88,6.011802278239977e-09,17830,30,200,1,discreta_global,"(mu,lambda)",0.3
EE,potencias,3,89,6.011673923041429e-09,18030,30,200,1,discreta_global,"(mu,lambda)",0.3
EE,potencias,3,90,6.010123291574753e-09,18230,30,200,1,discreta_global,"(mu,lambda)",0.3
EE,potencias,3,91,6.009483802634342e-09,18430,30,200,1,discreta_global,"(mu,lambda)",0.3
EE,potencias,3,92,6.007840637521923e-09,18630,30,200,1,discreta_global,"(mu,lambda)",0.3
EE,potencias,3,93,6.0067353622502385e-09,18830,30,200,1,discreta_global,"(mu,lambda)",0.3
EE,potencias,3,94,6.00554255822369e-09,19030,30,200,1,discreta_global,"(mu,lambda)",0.3
EE,potencias,3,95,6.0052557033112316e-09,19230,30,200,1,discreta_global,"(mu,lambda)",0.3
EE,potencias,3,96,6.003666517819489e-09,19430,30,200,1,discreta_global,"(mu,lambda)",0.3
EE,potencias,3,97,6.002471963207319e-09,19630,30,200,1,discreta_global,"(mu,lambda)",0.3
EE,potencias,3,98,6.002002206804343e-09,19830,30,200,1,discreta_global,"(mu,lambda)",0.3
EE,potencias,3,99,6.001192121416206e-09,20030,30,200,1,discreta_global,"(mu,lambda)",0.3
EE,potencias,3,100,5.999955790290768e-09,20230,30,200,1,discreta_global,"(mu,lambda)",0.3
EE,potencias,3,101,5.998232838968075e-09,20430,30,200,1,discreta_global,"(mu,lambda)",0.3
EE,potencias,3,102,5.997113844995912e-09,20630,30,200,1,discreta_global,"(mu,lambda)",0.3
EE,potencias,3,103,5.9954168963563106e-09,20830,30,200,1,discreta_global,"(mu,lambda)",0.3
EE,potencias,3,104,5.995541518766067e-09,21030,30,200,1,discreta_global,"(mu,lambda)",0.3
EE,potencias,3,105,5.994314072556255e-09,21230,30,200,1,discreta_global,"(mu,lambda)",0.3
EE,potencias,3,106,5.993419145227517e-09,21430,30,200,1,discreta_global,"(mu,lambda)",0.3
EE,potencias,3,107,5.993080894366258e-09,21630,30,200,1,discreta_global,"(mu,lambda)",0.3
EE,potencias,3,108,5.990875084424927e-09,21830,30,200,1,discreta_global,"(mu,lambda)",0.3
EE,potencias,3,109,5.98930931953609e-09,22030,30,200,1,discreta_global,"(mu,lambda)",0.3
EE,potencias,3,110,5.98858198404848e-09,22230,30,200,1,discreta_global,"(mu,lambda)",0.3
EE,potencias,3,111,5.986955954584403e-09,22430,30,200,1,discreta_global,"(mu,lambda)",0.3
EE,potencias,3,112,5.983466866536762e-09,22630,30,200,1,discreta_global,"(mu,lambda)",0.3
EE,potencias,3,113,5.982550147926223e-09,22830,30,200,1,discreta_global,"(mu,lambda)",0.3
EE,potencias,3,114,5.981475485305502e-09,23030,30,200,1,discreta_global,"(mu,lambda)",0.3
EE,potencias,3,115,5.980727555224783e-09,23230,30,200,1,discreta_global,"(mu,lambda)",0.3
EE,potencias,3,116,5.9800306434385026e-09,23430,30,200,1,discreta_global,"(mu,lambda)",0.3
EE,potencias,3,117,5.979529779832218e-09,23630,30,200,1,discreta_global,"(mu,lambda)",0.3
EE,potencias,3,118,5.978886874536865e-09,23830,30,200,1,discreta_global,"(mu,lambda)",0.3
EE,potencias,3,119,5.97738060902909e-09,24030,30,200,1,discreta_global,"(mu,lambda)",0.3
EE,potencias,3,120,5.977031701144341e-09,24230,30,200,1,discreta_global,"(mu,lambda)",0.3
EE,potencias,3,121,5.977003394969305e-09,24430,30,200,1,discreta_global,"(mu,lambda)",0.3
EE,potencias,3,122,5.976964787801184e-09,24630,30,200,1,discreta_global,"(mu,lambda)",0.3
EE,potencias,3,123,5.9769354478016365e-09,24830,30,200,1,discreta_global,"(mu,lambda)",0.3
EE,potencias,3,124,5.97681246644655e-09,25030,30,200,1,discreta_global,"(mu,lambda)",0.3
EE,potencias,3,125,5.976789690877714e-09,25230,30,200,1,discreta_global,"(mu,lambda)",0.3
EE,potencias,3,126,5.976569890329072e-09,25430,30,200,1,discreta_global,"(mu,lambda)",0.3
EE,potencias,3,127,5.976445815024914e-09,25630,30,200,1,discreta_global,"(mu,lambda)",0.3
EE,potencias,3,128,5.975693711364169e-09,25830,30,200,1,discreta_global,"(mu,lambda)",0.3
EE,potencias,3,129,5.975741845999714e-09,26030,30,200,1,discreta_global,"(mu,lambda)",0.3
EE,potencias,3,130,5.973457328874361e-09,26230,30,200,1,discreta_global,"(mu,lambda)",0.3
EE,potencias,3,131,5.973744435921494e-09,26430,30,200,1,discreta_global,"(mu,lambda)",0.3
EE,potencias,3,132,5.9717891924515686e-09,26630,30,200,1,discreta_global,"(mu,lambda)",0.3
EE,potencias,3,133,5.970557875464725e-09,26830,30,200,1,discreta_global,"(mu,lambda)",0.3
EE,potencias,3,134,5.96978488864489e-09,27030,30,200,1,discreta_global,"(mu,lambda)",0.3
EE,potencias,3,135,5.969404624063622e-09,27230,30,200,1,discreta_global,"(mu,lambda)",0.3
EE,potencias,3,136,5.968531340928782e-09,27430,30,200,1,discreta_global,"(mu,lambda)",0.3
EE,potencias,3,137,5.967423711888987e-09,27630,30,200,1,discreta_global,"(mu,lambda)",0.3
EE,potencias,3,138,5.9670379782285e-09,27830,30,200,1,discreta_global,"(mu,lambda)",0.3
EE,potencias,3,139,5.966317973482938e-09,28030,30,200,1,discreta_global,"(mu,lambda)",0.3
EE,potencias,3,140,5.965141310099599e-09,28230,30,200,1,discreta_global,"(mu,lambda)",0.3
EE,potencias,3,141,5.963291356005784e-09,28430,30,200,1,discreta_global,"(mu,lambda)",0.3
EE,potencias,3,142,5.963379093475071e-09,28630,30,200,1,discreta_global,"(mu,lambda)",0.3
EE,potencias,3,143,5.962223136489527e-09,28830,30,200,1,discreta_global,"(mu,lambda)",0.3
EE,potencias,3,144,5.9605189298665845e-09,29030,30,200,1,discreta_global,"(mu,lambda)",0.3
EE,potencias,3,145,5.958958113020457e-09,29230,30,200,1,discreta_global,"(mu,lambda)",0.3
EE,potencias,3,146,5.957882048404688e-09,29430,30,200,1,discreta_global,"(mu,lambda)",0.3
EE,potencias,3,147,5.955861751590064e-09,29630,30,200,1,discreta_global,"(mu,lambda)",0.3
EE,potencias,3,148,5.954744329869921e-09,29830,30,200,1,discreta_global,"(mu,lambda)",0.3
EE,potencias,3,149,5.952648687690008e-09,30030,30,200,1,discreta_global,"(mu,lambda)",0.3
EE,potencias,3,150,5.951645309205413e-09,30230,30,200,1,discreta_global,"(mu,lambda)",0.3
EE,potencias,3,151,5.949178105012922e-09,30430,30,200,1,discreta_global,"(mu,lambda)",0.3
EE,potencias,3,152,5.948444564125372e-09,30630,30,200,1,discreta_global,"(mu,lambda)",0.3
EE,potencias,3,153,5.946870508671322e-09,30830,30,200,1,discreta_global,"(mu,lambda)",0.3
EE,potencias,3,154,5.945251239434965e-09,31030,30,200,1,discreta_global,"(mu,lambda)",0.3
EE,potencias,3,155,5.942846151817388e-09,31230,30,200,1,discreta_global,"(mu,lambda)",0.3
EE,potencias,3,156,5.9418228188359085e-09,31430,30,200,1,discreta_global,"(mu,lambda)",0.3
EE,potencias,3,157,5.940139296405682e-09,31630,30,200,1,discreta_global,"(mu,lambda)",0.3
EE,potencias,3,158,5.935990372766455e-09,31830,30,200,1,discreta_global,"(mu,lambda)",0.3
EE,potencias,3,159,5.932934174342252e-09,32030,30,200,1,discreta_global,"(mu,lambda)",0.3
EE,potencias,3,160,5.9304938683913206e-09,32230,30,200,1,discreta_global,"(mu,lambda)",0.3
EE,potencias,3,161,5.92933883429516e-09,32430,30,200,1,discreta_global,"(mu,lambda)",0.3
EE,potencias,3,162,5.927027936993519e-09,32630,30,200,1,discreta_global,"(mu,lambda)",0.3
EE,potencias,3,163,5.926921445849578e-09,32830,30,200,1,discreta_global,"(mu,lambda)",0.3
EE,potencias,3,164,5.924560829119398e-09,33030,30,200,1,discreta_global,"(mu,lambda)",0.3
EE,potencias,3,165,5.922920097283179e-09,33230,30,200,1,discreta_global,"(mu,lambda)",0.3
EE,potencias,3,166,5.92175695388359e-09,33430,30,200,1,discreta_global,"(mu,lambda)",0.3
EE,potencias,3,167,5.919319680580541e-09,33630,30,200,1,discreta_global,"(mu,lambda)",0.3
EE,potencias,3,168,5.919295444925225e-09,33830,30,200,1,discreta_global,"(mu,lambda)",0.3
EE,potencias,3,169,5.918103768704748e-09,34030,30,200,1,discreta_global,"(mu,lambda)",0.3
EE,potencias,3,170,5.916939325594067e-09,34230,30,200,1,discreta_global,"(mu,lambda)",0.3
EE,potencias,3,171,5.916535509942131e-09,34430,30,200,1,discreta_global,"(mu,lambda)",0.3
EE,potencias,3,172,5.915630753058566e-09,34630,30,200,1,discreta_global,"(mu,lambda)",0.3
EE,potencias,3,173,5.915190920406931e-09,34830,30,200,1,discreta_global,"(mu,lambda)",0.3
EE,potencias,3,174,5.914652934673336e-09,35030,30,200,1,discreta_global,"(mu,lambda)",0.3
EE,potencias,3,175,5.91352586378592e-09,35230,30,200,1,discreta_global,"(mu,lambda)",0.3
EE,potencias,3,176,5.9117296484084235e-09,35430,30,200,1,discreta_global,"(mu,lambda)",0.3
EE,potencias,3,177,5.908610786119161e-09,35630,30,200,1,discreta_global,"(mu,lambda)",0.3
EE,potencias,3,178,5.904037633111477e-09,35830,30,200,1,discreta_global,"(mu,lambda)",0.3
EE,potencias,3,179,5.9011938671699625e-09,36030,30,200,1,discreta_global,"(mu,lambda)",0.3
EE,potencias,3,180,5.898939177792633e-09,36230,30,200,1,discreta_global,"(mu,lambda)",0.3
EE,potencias,3,181,5.892744569472871e-09,36430,30,200,1,discreta_global,"(mu,lambda)",0.3
EE,potencias,3,182,5.888974622043353e-09,36630,30,200,1,discreta_global,"(mu,lambda)",0.3
EE,potencias,3,183,5.888282010638947e-09,36830,30,200,1,discreta_global,"(mu,lambda)",0.3
EE,potencias,3,184,5.8822266225168245e-09,37030,30,200,1,discreta_global,"(mu,lambda)",0.3
EE,potencias,3,185,5.881900750540053e-09,37230,30,200,1,discreta_global,"(mu,lambda)",0.3
EE,potencias,3,186,5.881077670493775e-09,37430,30,200,1,discreta_global,"(mu,lambda)",0.3
EE,potencias,3,187,5.880446741306163e-09,37630,30,200,1,discreta_global,"(mu,lambda)",0.3
EE,potencias,3,188,5.879799471711954e-09,37830,30,200,1,discreta_global,"(mu,lambda)",0.3
EE,potencias,3,189,5.879471366796428e-09,38030,30,200,1,discreta_global,"(mu,lambda)",0.3
EE,potencias,3,190,5.879220404303322e-09,38230,30,200,1,discreta_global,"(mu,lambda)",0.3
EE,potencias,3,191,5.878929843289293e-09,38430,30,200,1,discreta_global,"(mu,lambda)",0.3
EE,potencias,3,192,5.8785870291658755e-09,38630,30,200,1,discreta_global,"(mu,lambda)",0.3
EE,potencias,3,193,5.8784221038032055e-09,38830,30,200,1,discreta_global,"(mu,lambda)",0.3
EE,potencias,3,194,5.8776597033675925e-09,39030,30,200,1,discreta_global,"(mu,lambda)",0.3
EE,potencias,3,195,5.8770126755194485e-09,39230,30,200,1,discreta_global,"(mu,lambda)",0.3
EE,potencias,3,196,5.876828440248893e-09,39430,30,200,1,discreta_global,"(mu,lambda)",0.3
EE,potencias,3,197,5.8762450015924214e-09,39630,30,200,1,discreta_global,"(mu,lambda)",0.3
EE,potencias,3,198,5.8759184363907725e-09,39830,30,200,1,discreta_global,"(mu,lambda)",0.3
EE,potencias,3,199,5.8754125341062e-09,40030,30,200,1,discreta_global,"(mu,lambda)",0.3
EE,potencias,3,200,5.875004537423055e-09,40230,30,200,1,discreta_global,"(mu,lambda)",0.3
EE,potencias,3,201,5.874565925816908e-09,40430,30,200,1,discreta_global,"(mu,lambda)",0.3
EE,potencias,3,202,5.873957395242134e-09,40630,30,200,1,discreta_global,"(mu,lambda)",0.3
EE,potencias,3,203,5.873157340021717e-09,40830,30,200,1,discreta_global,"(mu,lambda)",0.3
EE,potencias,3,204,5.872660826107034e-09,41030,30,200,1,discreta_global,"(mu,lambda)",0.3
EE,potencias,3,205,5.872169263419155e-09,41230,30,200,1,discreta_global,"(mu,lambda)",0.3
EE,potencias,3,206,5.871564170294436e-09,41430,30,200,1,discreta_global,"(mu,lambda)",0.3
EE,potencias,3,207,5.871052037850995e-09,41630,30,200,1,discreta_global,"(mu,lambda)",0.3
EE,potencias,3,208,5.870436479680359e-09,41830,30,200,1,discreta_global,"(mu,lambda)",0.3
EE,potencias,3,209,5.868960605467099e-09,42030,30,200,1,discreta_global,"(mu,lambda)",0.3
EE,potencias,3,210,5.868752101783095e-09,42230,30,200,1,discreta_global,"(mu,lambda)",0.3
EE,potencias,3,211,5.868116321233883e-09,42430,30,200,1,discreta_global,"(mu,lambda)",0.3
EE,potencias,3,212,5.867645171794938e-09,42630,30,200,1,discreta_global,"(mu,lambda)",0.3
EE,potencias,3,213,5.867386783628546e-09,42830,30,200,1,discreta_global,"(mu,lambda)",0.3
EE,potencias,3,214,5.866910873627689e-09,43030,30,200,1,discreta_global,"(mu,lambda)",0.3
EE,potencias,3,215,5.866493208146359e-09,43230,30,200,1,discreta_global,"(mu,lambda)",0.3
EE,potencias,3,216,5.866192451008682e-09,43430,30,200,1,discreta_global,"(mu,lambda)",0.3
EE,potencias,3,217,5.865473363724497e-09,43630,30,200,1,discreta_global,"(mu,lambda)",0.3
EE,potencias,3,218,5.864603746329994e-09,43830,30,200,1,discreta_global,"(mu,lambda)",0.3
EE,potencias,3,219,5.863485371602878e-09,44030,30,200,1,discreta_global,"(mu,lambda)",0.3
EE,potencias,3,220,5.860783413580943e-09,44230,30,200,1,discreta_global,"(mu,lambda)",0.3
EE,potencias,3,221,5.8586845323297794e-09,44430,30,200,1,discreta_global,"(mu,lambda)",0.3
EE,potencias,3,222,5.857323451690325e-09,44630,30,200,1,discreta_global,"(mu,lambda)",0.3
EE,potencias,3,223,5.848623225594211e-09,44830,30,200,1,discreta_global,"(mu,lambda)",0.3
EE,potencias,3,224,5.847015894065048e-09,45030,30,200,1,discreta_global,"(mu,lambda)",0.3
EE,potencias,3,225,5.8451262078894056e-09,45230,30,200,1,discreta_global,"(mu,lambda)",0.3
EE,potencias,3,226,5.841867326195249e-09,45430,30,200,1,discreta_global,"(mu,lambda)",0.3
EE,potencias,3,227,5.835844450999642e-09,45630,30,200,1,discreta_global,"(mu,lambda)",0.3
EE,potencias,3,228,5.835065812649663e-09,45830,30,200,1,discreta_global,"(mu,lambda)",0.3
EE,potencias,3,229,5.833875437367671e-09,46030,30,200,1,discreta_global,"(mu,lambda)",0.3
EE,potencias,3,230,5.833325128558269e-09,46230,30,200,1,discreta_global,"(mu,lambda)",0.3
EE,potencias,3,231,5.832805685096207e-09,46430,30,200,1,discreta_global,"(mu,lambda)",0.3
EE,potencias,3,232,5.831788803142695e-09,46630,30,200,1,discreta_global,"(mu,lambda)",0.3
EE,potencias,3,233,5.831007889797085e-09,46830,30,200,1,discreta_global,"(mu,lambda)",0.3
EE,potencias,3,234,5.8303918345547446e-09,47030,30,200,1,discreta_global,"(mu,lambda)",0.3
EE,potencias,3,235,5.828925601967977e-09,47230,30,200,1,discreta_global,"(mu,lambda)",0.3
EE,potencias,3,236,5.828603371946246e-09,47430,30,200,1,discreta_global,"(mu,lambda)",0.3
EE,potencias,3,237,5.8277509982540345e-09,47630,30,200,1,discreta_global,"(mu,lambda)",0.3
EE,potencias,3,238,5.8263413375855625e-09,47830,30,200,1,discreta_global,"(mu,lambda)",0.3
EE,potencias,3,239,5.824284098485051e-09,48030,30,200,1,discreta_global,"(mu,lambda)",0.3
EE,potencias,3,240,5.824235830108846e-09,48230,30,200,1,discreta_global,"(mu,lambda)",0.3
EE,potencias,3,241,5.824233432766383e-09,48430,30,200,1,discreta_global,"(mu,lambda)",0.3
EE,potencias,3,242,5.824223799715536e-09,48630,30,200,1,discreta_global,"(mu,lambda)",0.3
EE,potencias,3,243,5.824221266189361e-09,48830,30,200,1,discreta_global,"(mu,lambda)",0.3
EE,potencias,3,244,5.824204873375077e-09,49030,30,200,1,discreta_global,"(mu,lambda)",0.3
EE,potencias,3,245,5.8241839341807825e-09,49230,30,200,1,discreta_global,"(mu,lambda)",0.3
EE,potencias,3,246,5.824145986506884e-09,49430,30,200,1,discreta_global,"(mu,lambda)",0.3
EE,potencias,3,247,5.824094103186996e-09,49630,30,200,1,discreta_global,"(mu,lambda)",0.3
EE,potencias,3,248,5.824032733023027e-09,49830,30,200,1,discreta_global,"(mu,lambda)",0.3
EE,potencias,3,249,5.8239572989475345e-09,50030,30,200,1,discreta_global,"(mu,lambda)",0.3
EE,potencias,3,250,5.823766487514443e-09,50230,30,200,1,discreta_global,"(mu,lambda)",0.3
EE,potencias,3,251,5.823740525721679e-09,50430,30,200,1,discreta_global,"(mu,lambda)",0.3
EE,potencias,3,252,5.82348527767482e-09,50630,30,200,1,discreta_global,"(mu,lambda)",0.3
EE,potencias,3,253,5.823294238124763e-09,50830,30,200,1,discreta_global,"(mu,lambda)",0.3
EE,potencias,3,254,5.8227625604152055e-09,51030,30,200,1,discreta_global,"(mu,lambda)",0.3
EE,potencias,3,255,5.822076115850566e-09,51230,30,200,1,discreta_global,"(mu,lambda)",0.3
EE,potencias,3,256,5.821621846257333e-09,51430,30,200,1,discreta_global,"(mu,lambda)",0.3
EE,potencias,3,257,5.820663327077364e-09,51630,30,200,1,discreta_global,"(mu,lambda)",0.3
EE,potencias,3,258,5.818622016980508e-09,51830,30,200,1,discreta_global,"(mu,lambda)",0.3
EE,potencias,3,259,5.818155845729295e-09,52030,30,200,1,discreta_global,"(mu,lambda)",0.3
EE,potencias,3,260,5.81496990050839e-09,52230,30,200,1,discreta_global,"(mu,lambda)",0.3
EE,potencias,3,261,5.814272483723417e-09,52430,30,200,1,discreta_global,"(mu,lambda)",0.3
EE,potencias,3,262,5.813985093705954e-09,52630,30,200,1,discreta_global,"(mu,lambda)",0.3
EE,potencias,3,263,5.813971923600198e-09,52830,30,200,1,discreta_global,"(mu,lambda)",0.3
EE,potencias,3,264,5.813840241346366e-09,53030,30,200,1,discreta_global,"(mu,lambda)",0.3
EE,potencias,3,265,5.813321985767084e-09,53230,30,200,1,discreta_global,"(mu,lambda)",0.3
EE,potencias,3,266,5.8130477350074176e-09,53430,30,200,1,discreta_global,"(mu,lambda)",0.3
EE,potencias,3,267,5.812670330160241e-09,53630,30,200,1,discreta_global,"(mu,lambda)",0.3
EE,potencias,3,268,5.812447668439847e-09,53830,30,200,1,discreta_global,"(mu,lambda)",0.3
EE,potencias,3,269,5.812082685064179e-09,54030,30,200,1,discreta_global,"(mu,lambda)",0.3
EE,potencias,3,270,5.811117452695282e-09,54230,30,200,1,discreta_global,"(mu,lambda)",0.3
EE,potencias,3,271,5.810900706173927e-09,54430,30,200,1,discreta_global,"(mu,lambda)",0.3
EE,potencias,3,272,5.809987694293897e-09,54630,30,200,1,discreta_global,"(mu,lambda)",0.3
EE,potencias,3,273,5.808470104606157e-09,54830,30,200,1,discreta_global,"(mu,lambda)",0.3
EE,potencias,3,274,5.807197834418411e-09,55030,30,200,1,discreta_global,"(mu,lambda)",0.3
EE,potencias,3,275,5.806045104313505e-09,55230,30,200,1,discreta_global,"(mu,lambda)",0.3
EE,potencias,3,276,5.805495632699768e-09,55430,30,200,1,discreta_global,"(mu,lambda)",0.3
EE,potencias,3,277,5.804568502660846e-09,55630,30,200,1,discreta_global,"(mu,lambda)",0.3
EE,potencias,3,278,5.804416195602081e-09,55830,30,200,1,discreta_global,"(mu,lambda)",0.3
EE,potencias,3,279,5.803053096892114e-09,56030,30,200,1,discreta_global,"(mu,lambda)",0.3
EE,potencias,3,280,5.8023211244118785e-09,56230,30,200,1,discreta_global,"(mu,lambda)",0.3
EE,potencias,3,281,5.801801278816296e-09,56430,30,200,1,discreta_global,"(mu,lambda)",0.3
EE,potencias,3,282,5.801402935201954e-09,56630,30,200,1,discreta_global,"(mu,lambda)",0.3
EE,potencias,3,283,5.800891387128996e-09,56830,30,200,1,discreta_global,"(mu,lambda)",0.3
EE,potencias,3,284,5.8004638349089595e-09,57030,30,200,1,discreta_global,"(mu,lambda)",0.3
EE,potencias,3,285,5.799877197336947e-09,57230,30,200,1,discreta_global,"(mu,lambda)",0.3
EE,potencias,3,286,5.799246669245458e-09,57430,30,200,1,discreta_global,"(mu,lambda)",0.3
EE,potencias,3,287,5.7963374282236005e-09,57630,30,200,1,discreta_global,"(mu,lambda)",0.3
EE,potencias,3,288,5.7950024866521594e-09,57830,30,200,1,discreta_global,"(mu,lambda)",0.3
EE,potencias,3,289,5.7923583978877405e-09,58030,30,200,1,discreta_global,"(mu,lambda)",0.3
EE,potencias,3,290,5.792900115361907e-09,58230,30,200,1,discreta_global,"(mu,lambda)",0.3
EE,potencias,3,291,5.791483405333122e-09,58430,30,200,1,discreta_global,"(mu,lambda)",0.3
EE,potencias,3,292,5.788626546690211e-09,58630,30,200,1,discreta_global,"(mu,lambda)",0.3
EE,potencias,3,293,5.78760011580046e-09,58830,30,200,1,discreta_global,"(mu,lambda)",0.3
EE,potencias,3,294,5.787039783963522e-09,59030,30,200,1,discreta_global,"(mu,lambda)",0.3
EE,potencias,3,295,5.786483574324735e-09,59230,30,200,1,discreta_global,"(mu,lambda)",0.3
EE,potencias,3,296,5.786241307925876e-09,59430,30,200,1,discreta_global,"(mu,lambda)",0.3
EE,potencias,3,297,5.786072300895625e-09,59630,30,200,1,discreta_global,"(mu,lambda)",0.3
EE,potencias,3,298,5.785829704732008e-09,59830,30,200,1,discreta_global,"(mu,lambda)",0.3
EE,potencias,3,299,5.785481263931335e-09,60030,30,200,1,discreta_global,"(mu,lambda)",0.3
EE,potencias,3,300,5.785273072472346e-09,60230,30,200,1,discreta_global,"(mu,lambda)",0.3
EE,potencias,3,301,5.7851144629932086e-09,60430,30,200,1,discreta_global,"(mu,lambda)",0.3
EE,potencias,3,302,5.784944782176142e-09,60630,30,200,1,discreta_global,"(mu,lambda)",0.3
EE,potencias,3,303,5.784695827124041e-09,60830,30,200,1,discreta_global,"(mu,lambda)",0.3
EE,potencias,3,304,5.784257032909301e-09,61030,30,200,1,discreta_global,"(mu,lambda)",0.3
EE,potencias,3,305,5.7840676836059966e-09,61230,30,200,1,discreta_global,"(mu,lambda)",0.3
EE,potencias,3,306,5.783857754958563e-09,61430,30,200,1,discreta_global,"(mu,lambda)",0.3
EE,potencias,3,307,5.7837745581636506e-09,61630,30,200,1,discreta_global,"(mu,lambda)",0.3
EE,potencias,3,308,5.783655133741681e-09,61830,30,200,1,discreta_global,"(mu,lambda)",0.3
EE,potencias,3,309,5.783415301773258e-09,62030,30,200,1,discreta_global,"(mu,lambda)",0.3
EE,potencias,3,310,5.782650668795953e-09,62230,30,200,1,discreta_global,"(mu,lambda)",0.3
EE,potencias,3,311,5.7819243247938355e-09,62430,30,200,1,discreta_global,"(mu,lambda)",0.3
EE,potencias,3,312,5.781110262415622e-09,62630,30,200,1,discreta_global,"(mu,lambda)",0.3
EE,potencias,3,313,5.780076844436781e-09,62830,30,200,1,discreta_global,"(mu,lambda)",0.3
EE,potencias,3,314,5.779384131746519e-09,63030,30,200,1,discreta_global,"(mu,lambda)",0.3
EE,potencias,3,315,5.7781423207983625e-09,63230,30,200,1,discreta_global,"(mu,lambda)",0.3
EE,potencias,3,316,5.777269625814878e-09,63430,30,200,1,discreta_global,"(mu,lambda)",0.3
EE,potencias,3,317,5.77642125511731e-09,63630,30,200,1,discreta_global,"(mu,lambda)",0.3
EE,potencias,3,318,5.7761738159232e-09,63830,30,200,1,discreta_global,"(mu,lambda)",0.3
EE,potencias,3,319,5.775455773336641e-09,64030,30,200,1,discreta_global,"(mu,lambda)",0.3
EE,potencias,3,320,5.775301848857992e-09,64230,30,200,1,discreta_global,"(mu,lambda)",0.3
EE,potencias,3,321,5.775195421005509e-09,64430,30,200,1,discreta_global,"(mu,lambda)",0.3
EE,potencias,3,322,5.7749901044518635e-09,64630,30,200,1,discreta_global,"(mu,lambda)",0.3
EE,potencias,3,323,5.7747718374220195e-09,64830,30,200,1,discreta_global,"(mu,lambda)",0.3
EE,potencias,3,324,5.774460681582939e-09,65030,30,200,1,discreta_global,"(mu,lambda)",0.3
EE,potencias,3,325,5.774229073179004e-09,65230,30,200,1,discreta_global,"(mu,lambda)",0.3
EE,potencias,3,326,5.773646847325264e-09,65430,30,200,1,discreta_global,"(mu,lambda)",0.3
EE,potencias,3,327,5.7732772994507625e-09,65630,30,200,1,discreta_global,"(mu,lambda)",0.3
EE,potencias,3,328,5.772479840226826e-09,65830,30,200,1,discreta_global,"(mu,lambda)",0.3
EE,potencias,3,329,5.772411108981271e-09,66030,30,200,1,discreta_global,"(mu,lambda)",0.3
EE,potencias,3,330,5.772001238010779e-09,66230,30,200,1,discreta_global,"(mu,lambda)",0.3
EE,potencias,3,331,5.771513265120182e-09,66430,30,200,1,discreta_global,"(mu,lambda)",0.3
EE,potencias,3,332,5.771114260776589e-09,66630,30,200,1,discreta_global,"(mu,lambda)",0.3
EE,potencias,3,333,5.769446165955072e-09,66830,30,200,1,discreta_global,"(mu,lambda)",0.3
EE,potencias,3,334,5.768743360554505e-09,67030,30,200,1,discreta_global,"(mu,lambda)",0.3
EE,potencias,3,335,5.7679924286966325e-09,67230,30,200,1,discreta_global,"(mu,lambda)",0.3
EE,potencias,3,336,5.766241442288235e-09,67430,30,200,1,discreta_global,"(mu,lambda)",0.3
EE,potencias,3,337,5.7631199723491895e-09,67630,30,200,1,discreta_global,"(mu,lambda)",0.3
EE,potencias,3,338,5.762278534790003e-09,67830,30,200,1,discreta_global,"(mu,lambda)",0.3
EE,potencias,3,339,5.760553353942213e-09,68030,30,200,1,discreta_global,"(mu,lambda)",0.3
EE,potencias,3,340,5.759103488942862e-09,68230,30,200,1,discreta_global,"(mu,lambda)",0.3
EE,potencias,3,341,5.758239871188261e-09,68430,30,200,1,discreta_global,"(mu,lambda)",0.3
EE,potencias,3,342,5.757353680007125e-09,68630,30,200,1,discreta_global,"(mu,lambda)",0.3
EE,potencias,3,343,5.7562421645212605e-09,68830,30,200,1,discreta_global,"(mu,lambda)",0.3
EE,potencias,3,344,5.7556307730272145e-09,69030,30,200,1,discreta_global,"(mu,lambda)",0.3
EE,potencias,3,345,5.754925406210859e-09,69230,30,200,1,discreta_global,"(mu,lambda)",0.3
EE,potencias,3,346,5.75478247099057e-09,69430,30,200,1,discreta_global,"(mu,lambda)",0.3
EE,potencias,3,347,5.753623596777137e-09,69630,30,200,1,discreta_global,"(mu,lambda)",0.3
EE,potencias,3,348,5.753772669103228e-09,69830,30,200,1,discreta_global,"(mu,lambda)",0.3
EE,potencias,3,349,5.753083016732792e-09,70030,30,200,1,discreta_global,"(mu,lambda)",0.3
EE,potencias,3,350,5.752375788603489e-09,70230,30,200,1,discreta_global,"(mu,lambda)",0.3
EE,potencias,3,351,5.751956962937925e-09,70430,30,200,1,discreta_global,"(mu,lambda)",0.3
EE,potencias,3,352,5.751806394491143e-09,70630,30,200,1,discreta_global,"(mu,lambda)",0.3
EE,potencias,3,353,5.751458870195341e-09,70830,30,200,1,discreta_global,"(mu,lambda)",0.3
EE,potencias,3,354,5.751160741892002e-09,71030,30,200,1,discreta_global,"(mu,lambda)",0.3
EE,potencias,3,355,5.750393538662712e-09,71230,30,200,1,discreta_global,"(mu,lambda)",0.3
EE,potencias,3,356,5.7494225074092194e-09,71430,30,200,1,discreta_global,"(mu,lambda)",0.3
EE,potencias,3,357,5.7485418799844976e-09,71630,30,200,1,discreta_global,"(mu,lambda)",0.3
EE,potencias,3,358,5.748118570598394e-09,71830,30,200,1,discreta_global,"(mu,lambda)",0.3
EE,potencias,3,359,5.747462817112769e-09,72030,30,200,1,discreta_global,"(mu,lambda)",0.3
EE,potencias,3,360,5.746430154941108e-09,72230,30,200,1,discreta_global,"(mu,lambda)",0.3
EE,potencias,3,361,5.745958827218513e-09,72430,30,200,1,discreta_global,"(mu,lambda)",0.3
EE,potencias,3,362,5.745460353086239e-09,72630,30,200,1,discreta_global,"(mu,lambda)",0.3
EE,potencias,3,363,5.7448375485155605e-09,72830,30,200,1,discreta_global,"(mu,lambda)",0.3
EE,potencias,3,364,5.744247532640108e-09,73030,30,200,1,discreta_global,"(mu,lambda)",0.3
EE,potencias,3,365,5.743140921069514e-09,73230,30,200,1,discreta_global,"(mu,lambda)",0.3
EE,potencias,3,366,5.741597664067776e-09,73430,30,200,1,discreta_global,"(mu,lambda)",0.3
EE,potencias,3,367,5.741000371127411e-09,73630,30,200,1,discreta_global,"(mu,lambda)",0.3
EE,potencias,3,368,5.739906672406392e-09,73830,30,200,1,discreta_global,"(mu,lambda)",0.3
EE,potencias,3,369,5.738919991920872e-09,74030,30,200,1,discreta_global,"(mu,lambda)",0.3
EE,potencias,3,370,5.73824479285309e-09,74230,30,200,1,discreta_global,"(mu,lambda)",0.3
EE,potencias,3,371,5.737605340764829e-09,74430,30,200,1,discreta_global,"(mu,lambda)",0.3
EE,potencias,3,372,5.736367493780036e-09,74630,30,200,1,discreta_global,"(mu,lambda)",0.3
EE,potencias,3,373,5.735331711752754e-09,74830,30,200,1,discreta_global,"(mu,lambda)",0.3
EE,potencias,3,374,5.732921360031147e-09,75030,30,200,1,discreta_global,"(mu,lambda)",0.3
EE,potencias,3,375,5.73166749376846e-09,75230,30,200,1,discreta_global,"(mu,lambda)",0.3
EE,potencias,3,376,5.731037102929185e-09,75430,30,200,1,discreta_global,"(mu,lambda)",0.3
EE,potencias,3,377,5.730467901448092e-09,75630,30,200,1,discreta_global,"(mu,lambda)",0.3
EE,potencias,3,378,5.7289735258779536e-09,75830,30,200,1,discreta_global,"(mu,lambda)",0.3
EE,potencias,3,379,5.728434674792831e-09,76030,30,200,1,discreta_global,"(mu,lambda)",0.3
EE,potencias,3,380,5.728005543981978e-09,76230,30,200,1,discreta_global,"(mu,lambda)",0.3
EE,potencias,3,381,5.727695390265432e-09,76430,30,200,1,discreta_global,"(mu,lambda)",0.3
EE,potencias,3,382,5.7268498010905324e-09,76630,30,200,1,discreta_global,"(mu,lambda)",0.3
EE,potencias,3,383,5.726394104258328e-09,76830,30,200,1,discreta_global,"(mu,lambda)",0.3
EE,potencias,3,384,5.726341527039153e-09,77030,30,200,1,discreta_global,"(mu,lambda)",0.3
EE,potencias,3,385,5.725917804625683e-09,77230,30,200,1,discreta_global,"(mu,lambda)",0.3
EE,potencias,3,386,5.725591091996447e-09,77430,30,200,1,discreta_global,"(mu,lambda)",0.3
EE,potencias,3,387,5.724364583247291e-09,77630,30,200,1,discreta_global,"(mu,lambda)",0.3
EE,potencias,3,388,5.724288342408701e-09,77830,30,200,1,discreta_global,"(mu,lambda)",0.3
EE,potencias,3,389,5.722999607821054e-09,78030,30,200,1,discreta_global,"(mu,lambda)",0.3
EE,potencias,3,390,5.721898183463903e-09,78230,30,200,1,discreta_global,"(mu,lambda)",0.3
EE,potencias,3,391,5.714153974733561e-09,78430,30,200,1,discreta_global,"(mu,lambda)",0.3
EE,potencias,3,392,5.716745926338213e-09,78630,30,200,1,discreta_global,"(mu,lambda)",0.3
EE,potencias,3,393,5.713707105096638e-09,78830,30,200,1,discreta_global,"(mu,lambda)",0.3
EE,potencias,3,394,5.711089607440282e-09,79030,30,200,1,discreta_global,"(mu,lambda)",0.3
EE,potencias,3,395,5.706834065741172e-09,79230,30,200,1,discreta_global,"(mu,lambda)",0.3
EE,potencias,3,396,5.7050080524484105e-09,79430,30,200,1,discreta_global,"(mu,lambda)",0.3
EE,potencias,3,397,5.703432774843624e-09,79630,30,200,1,discreta_global,"(mu,lambda)",0.3
EE,potencias,3,398,5.7012449942429615e-09,79830,30,200,1,discreta_global,"(mu,lambda)",0.3
EE,potencias,3,399,5.701787876161459e-09,80030,30,200,1,discreta_global,"(mu,lambda)",0.3
EE,potencias,3,400,5.700623580262268e-09,80230,30,200,1,discreta_global,"(mu,lambda)",0.3
EE,potencias,3,401,5.699409144111777e-09,80430,30,200,1,discreta_global,"(mu,lambda)",0.3
EE,potencias,3,402,5.698213761562462e-09,80630,30,200,1,discreta_global,"(mu,lambda)",0.3
EE,potencias,3,403,5.6969233226567806e-09,80830,30,200,1,discreta_global,"(mu,lambda)",0.3
EE,potencias,3,404,5.695209931224289e-09,81030,30,200,1,discreta_global,"(mu,lambda)",0.3
EE,potencias,3,405,5.6946574497345154e-09,81230,30,200,1,discreta_global,"(mu,lambda)",0.3
EE,potencias,3,406,5.694064885893688e-09,81430,30,200,1,discreta_global,"(mu,lambda)",0.3
EE,potencias,3,407,5.6939030218586944e-09,81630,30,200,1,discreta_global,"(mu,lambda)",0.3
EE,potencias,3,408,5.693472583999832e-09,81830,30,200,1,discreta_global,"(mu,lambda)",0.3
EE,potencias,3,409,5.692824114152951e-09,82030,30,200,1,discreta_global,"(mu,lambda)",0.3
EE,potencias,3,410,5.692383262029715e-09,82230,30,200,1,discreta_global,"(mu,lambda)",0.3
EE,potencias,3,411,5.691099133781987e-09,82430,30,200,1,discreta_global,"(mu,lambda)",0.3
EE,potencias,3,412,5.689804103052301e-09,82630,30,200,1,discreta_global,"(mu,lambda)",0.3
EE,potencias,3,413,5.68958800323847e-09,82830,30,200,1,discreta_global,"(mu,lambda)",0.3
EE,potencias,3,414,5.6892614548154935e-09,83030,30,200,1,discreta_global,"(mu,lambda)",0.3
EE,potencias,3,415,5.688777303491987e-09,83230,30,200,1,discreta_global,"(mu,lambda)",0.3
EE,potencias,3,416,5.6881200981078934e-09,83430,30,200,1,discreta_global,"(mu,lambda)",0.3
EE,potencias,3,417,5.687187459255775e-09,83630,30,200,1,discreta_global,"(mu,lambda)",0.3
EE,potencias,3,418,5.686740295339703e-09,83830,30,200,1,discreta_global,"(mu,lambda)",0.3
EE,potencias,3,419,5.685845362293824e-09,84030,30,200,1,discreta_global,"(mu,lambda)",0.3
EE,potencias,3,420,5.68400577565835e-09,84230,30,200,1,discreta_global,"(mu,lambda)",0.3
EE,potencias,3,421,5.683411881093229e-09,84430,30,200,1,discreta_global,"(mu,lambda)",0.3
EE,potencias,3,422,5.683123865027134e-09,84630,30,200,1,discreta_global,"(mu,lambda)",0.3
EE,potencias,3,423,5.682472891843136e-09,84830,30,200,1,discreta_global,"(mu,lambda)",0.3
EE,potencias,3,424,5.681961463885251e-09,85030,30,200,1,discreta_global,"(mu,lambda)",0.3
EE,potencias,3,425,5.6818911622247534e-09,85230,30,200,1,discreta_global,"(mu,lambda)",0.3
EE,potencias,3,426,5.68175948136833e-09,85430,30,200,1,discreta_global,"(mu,lambda)",0.3
EE,potencias,3,427,5.681219296879182e-09,85630,30,200,1,discreta_global,"(mu,lambda)",0.3
EE,potencias,3,428,5.680960029061871e-09,85830,30,200,1,discreta_global,"(mu,lambda)",0.3
EE,potencias,3,429,5.680818576330802e-09,86030,30,200,1,discreta_global,"(mu,lambda)",0.3
EE,potencias,3,430,5.680164680768534e-09,86230,30,200,1,discreta_global,"(mu,lambda)",0.3
EE,potencias,3,431,5.679420347024136e-09,86430,30,200,1,discreta_global,"(mu,lambda)",0.3
EE,potencias,3,432,5.6766431141004455e-09,86630,30,200,1,discreta_global,"(mu,lambda)",0.3
EE,potencias,3,433,5.675308382602041e-09,86830,30,200,1,discreta_global,"(mu,lambda)",0.3
EE,potencias,3,434,5.673947270911282e-09,87030,30,200,1,discreta_global,"(mu,lambda)",0.3
EE,potencias,3,435,5.6725605429790004e-09,87230,30,200,1,discreta_global,"(mu,lambda)",0.3
EE,potencias,3,436,5.67110881196612e-09,87430,30,200,1,discreta_global,"(mu,lambda)",0.3
EE,potencias,3,437,5.670046871987812e-09,87630,30,200,1,discreta_global,"(mu,lambda)",0.3
EE,potencias,3,438,5.669611842584447e-09,87830,30,200,1,discreta_global,"(mu,lambda)",0.3
EE,potencias,3,439,5.669016812163174e-09,88030,30,200,1,discreta_global,"(mu,lambda)",0.3
EE,potencias,3,440,5.668910216450458e-09,88230,30,200,1,discreta_global,"(mu,lambda)",0.3
EE,potencias,3,441,5.668475816638317e-09,88430,30,200,1,discreta_global,"(mu,lambda)",0.3
EE,potencias,3,442,5.668273953004312e-09,88630,30,200,1,discreta_global,"(mu,lambda)",0.3
EE,potencias,3,443,5.66779929589916e-09,88830,30,200,1,discreta_global,"(mu,lambda)",0.3
EE,potencias,3,444,5.667196892030196e-09,89030,30,200,1,discreta_global,"(mu,lambda)",0.3
EE,potencias,3,445,5.666068907741216e-09,89230,30,200,1,discreta_global,"(mu,lambda)",0.3
EE,potencias,3,446,5.665358837084473e-09,89430,30,200,1,discreta_global,"(mu,lambda)",0.3
EE,potencias,3,447,5.665049640809223e-09,89630,30,200,1,discreta_global,"(mu,lambda)",0.3
EE,potencias,3,448,5.664565956408253e-09,89830,30,200,1,discreta_global,"(mu,lambda)",0.3
EE,potencias,3,449,5.664256914802181e-09,90030,30,200,1,discreta_global,"(mu,lambda)",0.3
EE,potencias,3,450,5.663476736969161e-09,90230,30,200,1,discreta_global,"(mu,lambda)",0.3
EE,potencias,3,451,5.662962800605748e-09,90430,30,200,1,discreta_global,"(mu,lambda)",0.3
EE,potencias,3,452,5.662310096013209e-09,90630,30,200,1,discreta_global,"(mu,lambda)",0.3
EE,potencias,3,453,5.661820101004426e-09,90830,30,200,1,discreta_global,"(mu,lambda)",0.3
EE,potencias,3,454,5.661193650444742e-09,91030,30,200,1,discreta_global,"(mu,lambda)",0.3
EE,potencias,3,455,5.660141201411906e-09,91230,30,200,1,discreta_global,"(mu,lambda)",0.3
EE,potencias,3,456,5.659197075093155e-09,91430,30,200,1,discreta_global,"(mu,lambda)",0.3
EE,potencias,3,457,5.658893868067499e-09,91630,30,200,1,discreta_global,"(mu,lambda)",0.3
EE,potencias,3,458,5.657438574848376e-09,91830,30,200,1,discreta_global,"(mu,lambda)",0.3
EE,potencias,3,459,5.657260667133543e-09,92030,30,200,1,discreta_global,"(mu,lambda)",0.3
EE,potencias,3,460,5.656523737295329e-09,92230,30,200,1,discreta_global,"(mu,lambda)",0.3
EE,potencias,3,461,5.656038466997973e-09,92430,30,200,1,discreta_global,"(mu,lambda)",0.3
EE,potencias,3,462,5.655811634160775e-09,92630,30,200,1,discreta_global,"(mu,lambda)",0.3
EE,potencias,3,463,5.655294857493132e-09,92830,30,200,1,discreta_global,"(mu,lambda)",0.3
EE,potencias,3,464,5.654832643589487e-09,93030,30,200,1,discreta_global,"(mu,lambda)",0.3
EE,potencias,3,465,5.654577739351007e-09,93230,30,200,1,discreta_global,"(mu,lambda)",0.3
EE,potencias,3,466,5.6537459049143766e-09,93430,30,200,1,discreta_global,"(mu,lambda)",0.3
EE,potencias,3,467,5.653079696936427e-09,93630,30,200,1,discreta_global,"(mu,lambda)",0.3
EE,potencias,3,468,5.651866671310192e-09,93830,30,200,1,discreta_global,"(mu,lambda)",0.3
EE,potencias,3,469,5.6486390294855665e-09,94030,30,200,1,discreta_global,"(mu,lambda)",0.3
EE,potencias,3,470,5.648523148339989e-09,94230,30,200,1,discreta_global,"(mu,lambda)",0.3
EE,potencias,3,471,5.646616136667652e-09,94430,30,200,1,discreta_global,"(mu,lambda)",0.3
EE,potencias,3,472,5.646465522480299e-09,94630,30,200,1,discreta_global,"(mu,lambda)",0.3
EE,potencias,3,473,5.645708018651672e-09,94830,30,200,1,discreta_global,"(mu,lambda)",0.3
EE,potencias,3,474,5.6449944608623705e-09,95030,30,200,1,discreta_global,"(mu,lambda)",0.3
EE,potencias,3,475,5.6449010208738475e-09,95230,30,200,1,discreta_global,"(mu,lambda)",0.3
EE,potencias,3,476,5.64434429757337e-09,95430,30,200,1,discreta_global,"(mu,lambda)",0.3
EE,potencias,3,477,5.643398625847823e-09,95630,30,200,1,discreta_global,"(mu,lambda)",0.3
EE,potencias,3,478,5.64310720901893e-09,95830,30,200,1,discreta_global,"(mu,lambda)",0.3
EE,potencias,3,479,5.6428670326563174e-09,96030,30,200,1,discreta_global,"(mu,lambda)",0.3
EE,potencias,3,480,5.6422153911008305e-09,96230,30,200,1,discreta_global,"(mu,lambda)",0.3
EE,potencias,3,481,5.640921509868411e-09,96430,30,200,1,discreta_global,"(mu,lambda)",0.3
EE,potencias,3,482,5.6400424556865225e-09,96630,30,200,1,discreta_global,"(mu,lambda)",0.3
EE,potencias,3,483,5.639107740305902e-09,96830,30,200,1,discreta_global,"(mu,lambda)",0.3
EE,potencias,3,484,5.63833964908986e-09,97030,30,200,1,discreta_global,"(mu,lambda)",0.3
EE,potencias,3,485,5.6375925330493054e-09,97230,30,200,1,discreta_global,"(mu,lambda)",0.3
EE,potencias,3,486,5.6375405168191566e-09,97430,30,200,1,discreta_global,"(mu,lambda)",0.3
EE,potencias,3,487,5.6367461468501785e-09,97630,30,200,1,discreta_global,"(mu,lambda)",0.3
EE,potencias,3,488,5.636112416986233e-09,97830,30,200,1,discreta_global,"(mu,lambda)",0.3
EE,potencias,3,489,5.634981911286142e-09,98030,30,200,1,discreta_global,"(mu,lambda)",0.3
EE,potencias,3,490,5.634106131365529e-09,98230,30,200,1,discreta_global,"(mu,lambda)",0.3
EE,potencias,3,491,5.633616172658527e-09,98430,30,200,1,discreta_global,"(mu,lambda)",0.3
EE,potencias,3,492,5.633107599344687e-09,98630,30,200,1,discreta_global,"(mu,lambda)",0.3
EE,potencias,3,493,5.6263449924076534e-09,98830,30,200,1,discreta_global,"(mu,lambda)",0.3
EE,potencias,3,494,5.6256285455530564e-09,99030,30,200,1,discreta_global,"(mu,lambda)",0.3
EE,potencias,3,495,5.621467013681847e-09,99230,30,200,1,discreta_global,"(mu,lambda)",0.3
EE,potencias,3,496,5.621009092794079e-09,99430,30,200,1,discreta_global,"(mu,lambda)",0.3
EE,potencias,3,497,5.620464443154217e-09,99630,30,200,1,discreta_global,"(mu,lambda)",0.3
EE,potencias,3,498,5.6198239218488155e-09,99830,30,200,1,discreta_global,"(mu,lambda)",0.3
EE,potencias,3,499,5.619268446082275e-09,100030,30,200,1,discreta_global,"(mu,lambda)",0.3
EE,potencias,3,500,5.6183407036470034e-09,100230,30,200,1,discreta_global,"(mu,lambda)",0.3
EE,potencias,3,501,5.617463576128142e-09,100430,30,200,1,discreta_global,"(mu,lambda)",0.3
EE,potencias,3,502,5.616233747526568e-09,100630,30,200,1,discreta_global,"(mu,lambda)",0.3
EE,potencias,3,503,5.615635414752751e-09,100830,30,200,1,discreta_global,"(mu,lambda)",0.3
EE,potencias,3,504,5.614681784967262e-09,101030,30,200,1,discreta_global,"(mu,lambda)",0.3
EE,potencias,3,505,5.6140974882843576e-09,101230,30,200,1,discreta_global,"(mu,lambda)",0.3
EE,potencias,3,506,5.61315252254094e-09,101430,30,200,1,discreta_global,"(mu,lambda)",0.3
EE,potencias,3,507,5.611392666694273e-09,101630,30,200,1,discreta_global,"(mu,lambda)",0.3
EE,potencias,3,508,5.610316753722597e-09,101830,30,200,1,discreta_global,"(mu,lambda)",0.3
EE,potencias,3,509,5.608432143599956e-09,102030,30,200,1,discreta_global,"(mu,lambda)",0.3
EE,potencias,3,510,5.605501845671416e-09,102230,30,200,1,discreta_global,"(mu,lambda)",0.3
EE,potencias,3,511,5.604454441740763e-09,102430,30,200,1,discreta_global,"(mu,lambda)",0.3
EE,potencias,3,512,5.596576003394243e-09,102630,30,200,1,discreta_global,"(mu,lambda)",0.3
EE,potencias,3,513,5.591121171122864e-09,102830,30,200,1,discreta_global,"(mu,lambda)",0.3
EE,potencias,3,514,5.587008010937893e-09,103030,30,200,1,discreta_global,"(mu,lambda)",0.3
EE,potencias,3,515,5.576263823790362e-09,103230,30,200,1,discreta_global,"(mu,lambda)",0.3
EE,potencias,3,516,5.576017397571315e-09,103430,30,200,1,discreta_global,"(mu,lambda)",0.3
EE,potencias,3,517,5.575670224852193e-09,103630,30,200,1,discreta_global,"(mu,lambda)",0.3
EE,potencias,3,518,5.5751475235066716e-09,103830,30,200,1,discreta_global,"(mu,lambda)",0.3
EE,potencias,3,519,5.574884339346505e-09,104030,30,200,1,discreta_global,"(mu,lambda)",0.3
EE,potencias,3,520,5.5745202933196385e-09,104230,30,200,1,discreta_global,"(mu,lambda)",0.3
EE,potencias,3,521,5.574168037429923e-09,104430,30,200,1,discreta_global,"(mu,lambda)",0.3
EE,potencias,3,522,5.573988027304579e-09,104630,30,200,1,discreta_global,"(mu,lambda)",0.3
EE,potencias,3,523,5.573628749136063e-09,104830,30,200,1,discreta_global,"(mu,lambda)",0.3
EE,potencias,3,524,5.57345727307656e-09,105030,30,200,1,discreta_global,"(mu,lambda)",0.3
EE,potencias,3,525,5.573076616348584e-09,105230,30,200,1,discreta_global,"(mu,lambda)",0.3
EE,potencias,3,526,5.571946473108771e-09,105430,30,200,1,discreta_global,"(mu,lambda)",0.3
EE,potencias,3,527,5.571863152945285e-09,105630,30,200,1,discreta_global,"(mu,lambda)",0.3
EE,potencias,3,528,5.57112634611701e-09,105830,30,200,1,discreta_global,"(mu,lambda)",0.3
EE,potencias,3,529,5.568773709156138e-09,106030,30,200,1,discreta_global,"(mu,lambda)",0.3
EE,potencias,3,530,5.56758902503114e-09,106230,30,200,1,discreta_global,"(mu,lambda)",0.3
EE,potencias,3,531,5.567380023035195e-09,106430,30,200,1,discreta_global,"(mu,lambda)",0.3
EE,potencias,3,532,5.5672602605110375e-09,106630,30,200,1,discreta_global,"(mu,lambda)",0.3
EE,potencias,3,533,5.5668441828385635e-09,106830,30,200,1,discreta_global,"(mu,lambda)",0.3
EE,potencias,3,534,5.56684389978378e-09,107030,30,200,1,discreta_global,"(mu,lambda)",0.3
EE,potencias,3,535,5.566458673408534e-09,107230,30,200,1,discreta_global,"(mu,lambda)",0.3
EE,potencias,3,536,5.56611146427579e-09,107430,30,200,1,discreta_global,"(mu,lambda)",0.3
EE,potencias,3,537,5.565333004536767e-09,107630,30,200,1,discreta_global,"(mu,lambda)",0.3
EE,potencias,3,538,5.564959648553545e-09,107830,30,200,1,discreta_global,"(mu,lambda)",0.3
EE,potencias,3,539,5.5645587761120725e-09,108030,30,200,1,discreta_global,"(mu,lambda)",0.3
EE,potencias,3,540,5.564338308937478e-09,108230,30,200,1,discreta_global,"(mu,lambda)",0.3
EE,potencias,3,541,5.56395099441648e-09,108430,30,200,1,discreta_global,"(mu,lambda)",0.3
EE,potencias,3,542,5.563185869569005e-09,108630,30,200,1,discreta_global,"(mu,lambda)",0.3
EE,potencias,3,543,5.562113830148757e-09,108830,30,200,1,discreta_global,"(mu,lambda)",0.3
EE,potencias,3,544,5.561473807105136e-09,109030,30,200,1,discreta_global,"(mu,lambda)",0.3
EE,potencias,3,545,5.5602375696379885e-09,109230,30,200,1,discreta_global,"(mu,lambda)",0.3
EE,potencias,3,546,5.560016467469086e-09,109430,30,200,1,discreta_global,"(mu,lambda)",0.3
EE,potencias,3,547,5.559842174206731e-09,109630,30,200,1,discreta_global,"(mu,lambda)",0.3
EE,potencias,3,548,5.5593824656321434e-09,109830,30,200,1,discreta_global,"(mu,lambda)",0.3
EE,potencias,3,549,5.558785865834498e-09,110030,30,200,1,discreta_global,"(mu,lambda)",0.3
EE,potencias,3,550,5.558306824877136e-09,110230,30,200,1,discreta_global,"(mu,lambda)",0.3
EE,potencias,3,551,5.555958256938369e-09,110430,30,200,1,discreta_global,"(mu,lambda)",0.3
EE,potencias,3,552,5.555225030246086e-09,110630,30,200,1,discreta_global,"(mu,lambda)",0.3
EE,potencias,3,553,5.553952862166573e-09,110830,30,200,1,discreta_global,"(mu,lambda)",0.3
EE,potencias,3,554,5.553519273215311e-09,111030,30,200,1,discreta_global,"(mu,lambda)",0.3
EE,potencias,3,555,5.551493161043532e-09,111230,30,200,1,discreta_global,"(mu,lambda)",0.3
EE,potencias,3,556,5.550311116900524e-09,111430,30,200,1,discreta_global,"(mu,lambda)",0.3
EE,potencias,3,557,5.546971380403021e-09,111630,30,200,1,discreta_global,"(mu,lambda)",0.3
EE,potencias,3,558,5.546128888124982e-09,111830,30,200,1,discreta_global,"(mu,lambda)",0.3
EE,potencias,3,559,5.543859434355817e-09,112030,30,200,1,discreta_global,"(mu,lambda)",0.3
EE,potencias,3,560,5.541853847397345e-09,112230,30,200,1,discreta_global,"(mu,lambda)",0.3
EE,potencias,3,561,5.5420749630831534e-09,112430,30,200,1,discreta_global,"(mu,lambda)",0.3
EE,potencias,3,562,5.540733455025545e-09,112630,30,200,1,discreta_global,"(mu,lambda)",0.3
EE,potencias,3,563,5.54024208340038e-09,112830,30,200,1,discreta_global,"(mu,lambda)",0.3
EE,potencias,3,564,5.540007211707328e-09,113030,30,200,1,discreta_global,"(mu,lambda)",0.3
EE,potencias,3,565,5.538428440415481e-09,113230,30,200,1,discreta_global,"(mu,lambda)",0.3
EE,potencias,3,566,5.537887033294936e-09,113430,30,200,1,discreta_global,"(mu,lambda)",0.3
EE,potencias,3,567,5.537842676739157e-09,113630,30,200,1,discreta_global,"(mu,lambda)",0.3
EE,potencias,3,568,5.537034066435361e-09,113830,30,200,1,discreta_global,"(mu,lambda)",0.3
EE,potencias,3,569,5.53591641078416e-09,114030,30,200,1,discreta_global,"(mu,lambda)",0.3
EE,potencias,3,570,5.535745484843043e-09,114230,30,200,1,discreta_global,"(mu,lambda)",0.3
EE,potencias,3,571,5.535294394587684e-09,114430,30,200,1,discreta_global,"(mu,lambda)",0.3
EE,potencias,3,572,5.534663367825196e-09,114630,30,200,1,discreta_global,"(mu,lambda)",0.3
EE,potencias,3,573,5.534215404332601e-09,114830,30,200,1,discreta_global,"(mu,lambda)",0.3
EE,potencias,3,574,5.533858187929378e-09,115030,30,200,1,discreta_global,"(mu,lambda)",0.3
EE,potencias,3,575,5.533621599917298e-09,115230,30,200,1,discreta_global,"(mu,lambda)",0.3
EE,potencias,3,576,5.531782984977837e-09,115430,30,200,1,discreta_global,"(mu,lambda)",0.3
EE,potencias,3,577,5.531067459008518e-09,115630,30,200,1,discreta_global,"(mu,lambda)",0.3
EE,potencias,3,578,5.530341771775947e-09,115830,30,200,1,discreta_global,"(mu,lambda)",0.3
EE,potencias,3,579,5.52966093243438e-09,116030,30,200,1,discreta_global,"(mu,lambda)",0.3
EE,potencias,3,580,5.528634542393371e-09,116230,30,200,1,discreta_global,"(mu,lambda)",0.3
EE,potencias,3,581,5.527979546955609e-09,116430,30,200,1,discreta_global,"(mu,lambda)",0.3
EE,potencias,3,582,5.52742308155536e-09,116630,30,200,1,discreta_global,"(mu,lambda)",0.3
EE,potencias,3,583,5.526757832073325e-09,116830,30,200,1,discreta_global,"(mu,lambda)",0.3
EE,potencias,3,584,5.526116635083359e-09,117030,30,200,1,discreta_global,"(mu,lambda)",0.3
EE,potencias,3,585,5.52584575329678e-09,117230,30,200,1,discreta_global,"(mu,lambda)",0.3
EE,potencias,3,586,5.524868630092272e-09,117430,30,200,1,discreta_global,"(mu,lambda)",0.3
EE,potencias,3,587,5.5240313469487355e-09,117630,30,200,1,discreta_global,"(mu,lambda)",0.3
EE,potencias,3,588,5.523870092876593e-09,117830,30,200,1,discreta_global,"(mu,lambda)",0.3
EE,potencias,3,589,5.5236857923879e-09,118030,30,200,1,discreta_global,"(mu,lambda)",0.3
EE,potencias,3,590,5.522710120329553e-09,118230,30,200,1,discreta_global,"(mu,lambda)",0.3
EE,potencias,3,591,5.5226274387699044e-09,118430,30,200,1,discreta_global,"(mu,lambda)",0.3
EE,potencias,3,592,5.521848200080625e-09,118630,30,200,1,discreta_global,"(mu,lambda)",0.3
EE,potencias,3,593,5.521475626185463e-09,118830,30,200,1,discreta_global,"(mu,lambda)",0.3
EE,potencias,3,594,5.519385548101239e-09,119030,30,200,1,discreta_global,"(mu,lambda)",0.3
EE,potencias,3,595,5.5190969684091386e-09,119230,30,200,1,discreta_global,"(mu,lambda)",0.3
EE,potencias,3,596,5.518525595783224e-09,119430,30,200,1,discreta_global,"(mu,lambda)",0.3
EE,potencias,3,597,5.516876068263242e-09,119630,30,200,1,discreta_global,"(mu,lambda)",0.3
EE,potencias,3,598,5.516754081876924e-09,119830,30,200,1,discreta_global,"(mu,lambda)",0.3
EE,potencias,3,599,5.5158683137498815e-09,120030,30,200,1,discreta_global,"(mu,lambda)",0.3
EE,potencias,3,600,5.515462482013009e-09,120230,30,200,1,discreta_global,"(mu,lambda)",0.3
EE,potencias,3,601,5.514895994576523e-09,120430,30,200,1,discreta_global,"(mu,lambda)",0.3
EE,potencias,3,602,5.514610886057171e-09,120630,30,200,1,discreta_global,"(mu,lambda)",0.3
EE,potencias,3,603,5.514150112775291e-09,120830,30,200,1,discreta_global,"(mu,lambda)",0.3
EE,potencias,3,604,5.513544860923023e-09,121030,30,200,1,discreta_global,"(mu,lambda)",0.3
EE,potencias,3,605,5.513011861758683e-09,121230,30,200,1,discreta_global,"(mu,lambda)",0.3
EE,potencias,3,606,5.511874786168525e-09,121430,30,200,1,discreta_global,"(mu,lambda)",0.3
EE,potencias,3,607,5.511513668909588e-09,121630,30,200,1,discreta_global,"(mu,lambda)",0.3
EE,potencias,3,608,5.510160721521348e-09,121830,30,200,1,discreta_global,"(mu,lambda)",0.3
EE,potencias,3,609,5.509774335832912e-09,122030,30,200,1,discreta_global,"(mu,lambda)",0.3
EE,potencias,3,610,5.5092176845822805e-09,122230,30,200,1,discreta_global,"(mu,lambda)",0.3
EE,potencias,3,611,5.5070489986953385e-09,122430,30,200,1,discreta_global,"(mu,lambda)",0.3
EE,potencias,3,612,5.506106421607144e-09,122630,30,200,1,discreta_global,"(mu,lambda)",0.3
EE,potencias,3,613,5.505775019190928e-09,122830,30,200,1,discreta_global,"(mu,lambda)",0.3
EE,potencias,3,614,5.505220506806839e-09,123030,30,200,1,discreta_global,"(mu,lambda)",0.3
EE,potencias,3,615,5.502352781374048e-09,123230,30,200,1,discreta_global,"(mu,lambda)",0.3
EE,potencias,3,616,5.503167575668517e-09,123430,30,200,1,discreta_global,"(mu,lambda)",0.3
EE,potencias,3,617,5.5014053374235485e-09,123630,30,200,1,discreta_global,"(mu,lambda)",0.3
EE,potencias,3,618,5.500967419229305e-09,123830,30,200,1,discreta_global,"(mu,lambda)",0.3
EE,potencias,3,619,5.500603249885375e-09,124030,30,200,1,discreta_global,"(mu,lambda)",0.3
EE,potencias,3,620,5.499596339501054e-09,124230,30,200,1,discreta_global,"(mu,lambda)",0.3
EE,potencias,3,621,5.4994826417750645e-09,124430,30,200,1,discreta_global,"(mu,lambda)",0.3
EE,potencias,3,622,5.49826220150608e-09,124630,30,200,1,discreta_global,"(mu,lambda)",0.3
EE,potencias,3,623,5.4967538376908325e-09,124830,30,200,1,discreta_global,"(mu,lambda)",0.3
EE,potencias,3,624,5.494616618712058e-09,125030,30,200,1,discreta_global,"(mu,lambda)",0.3
EE,potencias,3,625,5.4946184011368155e-09,125230,30,200,1,discreta_global,"(mu,lambda)",0.3
EE,potencias,3,626,5.494101954750172e-09,125430,30,200,1,discreta_global,"(mu,lambda)",0.3
EE,potencias,3,627,5.4935486712629096e-09,125630,30,200,1,discreta_global,"(mu,lambda)",0.3
EE,potencias,3,628,5.493034379641975e-09,125830,30,200,1,discreta_global,"(mu,lambda)",0.3
EE,potencias,3,629,5.49127680414124e-09,126030,30,200,1,discreta_global,"(mu,lambda)",0.3
EE,potencias,3,630,5.490296206155843e-09,126230,30,200,1,discreta_global,"(mu,lambda)",0.3
EE,potencias,3,631,5.4870712731720315e-09,126430,30,200,1,discreta_global,"(mu,lambda)",0.3
EE,potencias,3,632,5.486859009115034e-09,126630,30,200,1,discreta_global,"(mu,lambda)",0.3
EE,potencias,3,633,5.486615731281027e-09,126830,30,200,1,discreta_global,"(mu,lambda)",0.3
EE,potencias,3,634,5.485929161262493e-09,127030,30,200,1,discreta_global,"(mu,lambda)",0.3
EE,potencias,3,635,5.485616456825771e-09,127230,30,200,1,discreta_global,"(mu,lambda)",0.3
EE,potencias,3,636,5.4854878664072755e-09,127430,30,200,1,discreta_global,"(mu,lambda)",0.3
EE,potencias,3,637,5.4849486974691766e-09,127630,30,200,1,discreta_global,"(mu,lambda)",0.3
EE,potencias,3,638,5.48484035027327e-09,127830,30,200,1,discreta_global,"(mu,lambda)",0.3
EE,potencias,3,639,5.484154565354335e-09,128030,30,200,1,discreta_global,"(mu,lambda)",0.3
EE,potencias,3,640,5.4830444637246075e-09,128230,30,200,1,discreta_global,"(mu,lambda)",0.3
EE,potencias,3,641,5.4814494290412605e-09,128430,30,200,1,discreta_global,"(mu,lambda)",0.3
EE,potencias,3,642,5.480868897913844e-09,128630,30,200,1,discreta_global,"(mu,lambda)",0.3
EE,potencias,3,643,5.48065688372233e-09,128830,30,200,1,discreta_global,"(mu,lambda)",0.3
EE,potencias,3,644,5.479101850130602e-09,129030,30,200,1,discreta_global,"(mu,lambda)",0.3
EE,potencias,3,645,5.478941121834242e-09,129230,30,200,1,discreta_global,"(mu,lambda)",0.3
EE,potencias,3,646,5.478720921568826e-09,129430,30,200,1,discreta_global,"(mu,lambda)",0.3
EE,potencias,3,647,5.478371769092445e-09,129630,30,200,1,discreta_global,"(mu,lambda)",0.3
EE,potencias,3,648,5.478217820714311e-09,129830,30,200,1,discreta_global,"(mu,lambda)",0.3
EE,potencias,3,649,5.4776768204367815e-09,130030,30,200,1,discreta_global,"(mu,lambda)",0.3
EE,potencias,3,650,5.476925412751894e-09,130230,30,200,1,discreta_global,"(mu,lambda)",0.3
EE,potencias,3,651,5.476737369429656e-09,130430,30,200,1,discreta_global,"(mu,lambda)",0.3
EE,potencias,3,652,5.4766231768219474e-09,130630,30,200,1,discreta_global,"(mu,lambda)",0.3
EE,potencias,3,653,5.476103370964741e-09,130830,30,200,1,discreta_global,"(mu,lambda)",0.3
EE,potencias,3,654,5.475988527886842e-09,131030,30,200,1,discreta_global,"(mu,lambda)",0.3
EE,potencias,3,655,5.475157809901262e-09,131230,30,200,1,discreta_global,"(mu,lambda)",0.3
EE,potencias,3,656,5.47527201314898e-09,131430,30,200,1,discreta_global,"(mu,lambda)",0.3
EE,potencias,3,657,5.474763697171376e-09,131630,30,200,1,discreta_global,"(mu,lambda)",0.3
EE,potencias,3,658,5.4745709560248775e-09,131830,30,200,1,discreta_global,"(mu,lambda)",0.3
EE,potencias,3,659,5.474505462000946e-09,132030,30,200,1,discreta_global,"(mu,lambda)",0.3
EE,potencias,3,660,5.474370351778056e-09,132230,30,200,1,discreta_global,"(mu,lambda)",0.3
EE,potencias,3,661,5.474001234364007e-09,132430,30,200,1,discreta_global,"(mu,lambda)",0.3
EE,potencias,3,662,5.4739188624002825e-09,132630,30,200,1,discreta_global,"(mu,lambda)",0.3
EE,potencias,3,663,5.4736404005110515e-09,132830,30,200,1,discreta_global,"(mu,lambda)",0.3
EE,potencias,3,664,5.47253202272687e-09,133030,30,200,1,discreta_global,"(mu,lambda)",0.3
EE,potencias,3,665,5.472533749860857e-09,133230,30,200,1,discreta_global,"(mu,lambda)",0.3
EE,potencias,3,666,5.4715636236128094e-09,133430,30,200,1,discreta_global,"(mu,lambda)",0.3
EE,potencias,3,667,5.469699582901945e-09,133630,30,200,1,discreta_global,"(mu,lambda)",0.3
EE,potencias,3,668,5.46980551706488e-09,133830,30,200,1,discreta_global,"(mu,lambda)",0.3
EE,potencias,3,669,5.468635159122299e-09,134030,30,200,1,discreta_global,"(mu,lambda)",0.3
EE,potencias,3,670,5.467939956313054e-09,134230,30,200,1,discreta_global,"(mu,lambda)",0.3
EE,potencias,3,671,5.4672492403029066e-09,134430,30,200,1,discreta_global,"(mu,lambda)",0.3
EE,potencias,3,672,5.466261356382744e-09,134630,30,200,1,discreta_global,"(mu,lambda)",0.3
EE,potencias,3,673,5.4652143976894514e-09,134830,30,200,1,discreta_global,"(mu,lambda)",0.3
EE,potencias,3,674,5.46464647946839e-09,135030,30,200,1,discreta_global,"(mu,lambda)",0.3
EE,potencias,3,675,5.463653937835495e-09,135230,30,200,1,discreta_global,"(mu,lambda)",0.3
EE,potencias,3,676,5.4622233644678244e-09,135430,30,200,1,discreta_global,"(mu,lambda)",0.3
EE,potencias,3,677,5.462450110090841e-09,135630,30,200,1,discreta_global,"(mu,lambda)",0.3
EE,potencias,3,678,5.460364074056483e-09,135830,30,200,1,discreta_global,"(mu,lambda)",0.3
EE,potencias,3,679,5.460639682426521e-09,136030,30,200,1,discreta_global,"(mu,lambda)",0.3
EE,potencias,3,680,5.458811377154308e-09,136230,30,200,1,discreta_global,"(mu,lambda)",0.3
EE,potencias,3,681,5.458210861035492e-09,136430,30,200,1,discreta_global,"(mu,lambda)",0.3
EE,potencias,3,682,5.457716393785268e-09,136630,30,200,1,discreta_global,"(mu,lambda)",0.3
EE,potencias,3,683,5.45751919542579e-09,136830,30,200,1,discreta_global,"(mu,lambda)",0.3
EE,potencias,3,684,5.457225280340554e-09,137030,30,200,1,discreta_global,"(mu,lambda)",0.3
EE,potencias,3,685,5.4569085288133505e-09,137230,30,200,1,discreta_global,"(mu,lambda)",0.3
EE,potencias,3,686,5.4567594749187315e-09,137430,30,200,1,discreta_global,"(mu,lambda)",0.3
EE,potencias,3,687,5.4563361391205655e-09,137630,30,200,1,discreta_global,"(mu,lambda)",0.3
EE,potencias,3,688,5.456382040604364e-09,137830,30,200,1,discreta_global,"(mu,lambda)",0.3
EE,potencias,3,689,5.455719681167773e-09,138030,30,200,1,discreta_global,"(mu,lambda)",0.3
EE,potencias,3,690,5.455401793198119e-09,138230,30,200,1,discreta_global,"(mu,lambda)",0.3
EE,potencias,3,691,5.454867007578147e-09,138430,30,200,1,discreta_global,"(mu,lambda)",0.3
EE,potencias,3,692,5.4538586536559e-09,138630,30,200,1,discreta_global,"(mu,lambda)",0.3
EE,potencias,3,693,5.453248564021161e-09,138830,30,200,1,discreta_global,"(mu,lambda)",0.3
EE,potencias,3,694,5.45233672922885e-09,139030,30,200,1,discreta_global,"(mu,lambda)",0.3
EE,potencias,3,695,5.4510569165152964e-09,139230,30,200,1,discreta_global,"(mu,lambda)",0.3
EE,potencias,3,696,5.449991027671906e-09,139430,30,200,1,discreta_global,"(mu,lambda)",0.3
EE,potencias,3,697,5.44845163758009e-09,139630,30,200,1,discreta_global,"(mu,lambda)",0.3
EE,potencias,3,698,5.447766304621582e-09,139830,30,200,1,discreta_global,"(mu,lambda)",0.3
EE,potencias,3,699,5.444498557754154e-09,140030,30,200,1,discreta_global,"(mu,lambda)",0.3
EE,potencias,3,700,5.443209465206336e-09,140230,30,200,1,discreta_global,"(mu,lambda)",0.3
EE,potencias,3,701,5.4427850225995715e-09,140430,30,200,1,discreta_global,"(mu,lambda)",0.3
EE,potencias,3,702,5.442307584704504e-09,140630,30,200,1,discreta_global,"(mu,lambda)",0.3
EE,potencias,3,703,5.441053718967532e-09,140830,30,200,1,discreta_global,"(mu,lambda)",0.3
EE,potencias,3,704,5.440731073823715e-09,141030,30,200,1,discreta_global,"(mu,lambda)",0.3
EE,potencias,3,705,5.4392798846344905e-09,141230,30,200,1,discreta_global,"(mu,lambda)",0.3
EE,potencias,3,706,5.4380625867650165e-09,141430,30,200,1,discreta_global,"(mu,lambda)",0.3
EE,potencias,3,707,5.4368390479171875e-09,141630,30,200,1,discreta_global,"(mu,lambda)",0.3
EE,potencias,3,708,5.436449903791386e-09,141830,30,200,1,discreta_global,"(mu,lambda)",0.3
EE,potencias,3,709,5.43595913969678e-09,142030,30,200,1,discreta_global,"(mu,lambda)",0.3
EE,potencias,3,710,5.434730447629591e-09,142230,30,200,1,discreta_global,"(mu,lambda)",0.3
EE,potencias,3,711,5.434114789191858e-09,142430,30,200,1,discreta_global,"(mu,lambda)",0.3
EE,potencias,3,712,5.4333993744208736e-09,142630,30,200,1,discreta_global,"(mu,lambda)",0.3
EE,potencias,3,713,5.432386579525371e-09,142830,30,200,1,discreta_global,"(mu,lambda)",0.3
EE,potencias,3,714,5.431836364825587e-09,143030,30,200,1,discreta_global,"(mu,lambda)",0.3
EE,potencias,3,715,5.4296710027050335e-09,143230,30,200,1,discreta_global,"(mu,lambda)",0.3
EE,potencias,3,716,5.429499374346517e-09,143430,30,200,1,discreta_global,"(mu,lambda)",0.3
EE,potencias,3,717,5.428758663134453e-09,143630,30,200,1,discreta_global,"(mu,lambda)",0.3
EE,potencias,3,718,5.427829205513506e-09,143830,30,200,1,discreta_global,"(mu,lambda)",0.3
EE,potencias,3,719,5.426836735121567e-09,144030,30,200,1,discreta_global,"(mu,lambda)",0.3
EE,potencias,3,720,5.424257653265365e-09,144230,30,200,1,discreta_global,"(mu,lambda)",0.3
EE,potencias,3,721,5.424185665778126e-09,144430,30,200,1,discreta_global,"(mu,lambda)",0.3
EE,potencias,3,722,5.423015142202516e-09,144630,30,200,1,discreta_global,"(mu,lambda)",0.3
EE,potencias,3,723,5.418784738005614e-09,144830,30,200,1,discreta_global,"(mu,lambda)",0.3
EE,potencias,3,724,5.415962982507923e-09,145030,30,200,1,discreta_global,"(mu,lambda)",0.3
EE,potencias,3,725,5.412049691370597e-09,145230,30,200,1,discreta_global,"(mu,lambda)",0.3
EE,potencias,3,726,5.4116435456055555e-09,145430,30,200,1,discreta_global,"(mu,lambda)",0.3
EE,potencias,3,727,5.409930497506763e-09,145630,30,200,1,discreta_global,"(mu,lambda)",0.3
EE,potencias,3,728,5.40866796411482e-09,145830,30,200,1,discreta_global,"(mu,lambda)",0.3
EE,potencias,3,729,5.408021990445447e-09,146030,30,200,1,discreta_global,"(mu,lambda)",0.3
EE,potencias,3,730,5.407059195388242e-09,146230,30,200,1,discreta_global,"(mu,lambda)",0.3
EE,potencias,3,731,5.406129600001345e-09,146430,30,200,1,discreta_global,"(mu,lambda)",0.3
EE,potencias,3,732,5.405093599112123e-09,146630,30,200,1,discreta_global,"(mu,lambda)",0.3
EE,potencias,3,733,5.404530360279114e-09,146830,30,200,1,discreta_global,"(mu,lambda)",0.3
EE,potencias,3,734,5.402735722342286e-09,147030,30,200,1,discreta_global,"(mu,lambda)",0.3
EE,potencias,3,735,5.402513768915847e-09,147230,30,200,1,discreta_global,"(mu,lambda)",0.3
EE,potencias,3,736,5.402300399646618e-09,147430,30,200,1,discreta_global,"(mu,lambda)",0.3
EE,potencias,3,737,5.401168329535277e-09,147630,30,200,1,discreta_global,"(mu,lambda)",0.3
EE,potencias,3,738,5.401147793255942e-09,147830,30,200,1,discreta_global,"(mu,lambda)",0.3
EE,potencias,3,739,5.401074852889861e-09,148030,30,200,1,discreta_global,"(mu,lambda)",0.3
EE,potencias,3,740,5.400695631145084e-09,148230,30,200,1,discreta_global,"(mu,lambda)",0.3
EE,potencias,3,741,5.400650943481679e-09,148430,30,200,1,discreta_global,"(mu,lambda)",0.3
EE,potencias,3,742,5.400080105211423e-09,148630,30,200,1,discreta_global,"(mu,lambda)",0.3
EE,potencias,3,743,5.399779078061037e-09,148830,30,200,1,discreta_global,"(mu,lambda)",0.3
EE,potencias,3,744,5.399514404617229e-09,149030,30,200,1,discreta_global,"(mu,lambda)",0.3
EE,potencias,3,745,5.399279335617747e-09,149230,30,200,1,discreta_global,"(mu,lambda)",0.3
EE,potencias,3,746,5.399089679050868e-09,149430,30,200,1,discreta_global,"(mu,lambda)",0.3
EE,potencias,3,747,5.398654250568461e-09,149630,30,200,1,discreta_global,"(mu,lambda)",0.3
EE,potencias,3,748,5.39823905972497e-09,149830,30,200,1,discreta_global,"(mu,lambda)",0.3
EE,potencias,3,749,5.3974814873184485e-09,150030,30,200,1,discreta_global,"(mu,lambda)",0.3
EE,potencias,3,750,5.396733017791853e-09,150230,30,200,1,discreta_global,"(mu,lambda)",0.3
EE,potencias,3,751,5.3958971396967345e-09,150430,30,200,1,discreta_global,"(mu,lambda)",0.3
EE,potencias,3,752,5.394875155653325e-09,150630,30,200,1,discreta_global,"(mu,lambda)",0.3
EE,potencias,3,753,5.39345586327046e-09,150830,30,200,1,discreta_global,"(mu,lambda)",0.3
EE,potencias,3,754,5.391830756089167e-09,151030,30,200,1,discreta_global,"(mu,lambda)",0.3
EE,potencias,3,755,5.388908900419699e-09,151230,30,200,1,discreta_global,"(mu,lambda)",0.3
EE,potencias,3,756,5.389608659566163e-09,151430,30,200,1,discreta_global,"(mu,lambda)",0.3
EE,potencias,3,757,5.388163174942438e-09,151630,30,200,1,discreta_global,"(mu,lambda)",0.3
EE,potencias,3,758,5.38705116471648e-09,151830,30,200,1,discreta_global,"(mu,lambda)",0.3
EE,potencias,3,759,5.386378538929099e-09,152030,30,200,1,discreta_global,"(mu,lambda)",0.3
EE,potencias,3,760,5.38534042968051e-09,152230,30,200,1,discreta_global,"(mu,lambda)",0.3
EE,potencias,3,761,5.384964240575465e-09,152430,30,200,1,discreta_global,"(mu,lambda)",0.3
EE,potencias,3,762,5.383897826829805e-09,152630,30,200,1,discreta_global,"(mu,lambda)",0.3
EE,potencias,3,763,5.382693491254072e-09,152830,30,200,1,discreta_global,"(mu,lambda)",0.3
EE,potencias,3,764,5.38224030104746e-09,153030,30,200,1,discreta_global,"(mu,lambda)",0.3
EE,potencias,3,765,5.380207178738846e-09,153230,30,200,1,discreta_global,"(mu,lambda)",0.3
EE,potencias,3,766,5.3797189436737365e-09,153430,30,200,1,discreta_global,"(mu,lambda)",0.3
EE,potencias,3,767,5.378859595000938e-09,153630,30,200,1,discreta_global,"(mu,lambda)",0.3
EE,potencias,3,768,5.378177116543034e-09,153830,30,200,1,discreta_global,"(mu,lambda)",0.3
EE,potencias,3,769,5.377640033241431e-09,154030,30,200,1,discreta_global,"(mu,lambda)",0.3
EE,potencias,3,770,5.377096602007144e-09,154230,30,200,1,discreta_global,"(mu,lambda)",0.3
EE,potencias,3,771,5.3765623105200865e-09,154430,30,200,1,discreta_global,"(mu,lambda)",0.3
EE,potencias,3,772,5.37556187672182e-09,154630,30,200,1,discreta_global,"(mu,lambda)",0.3
EE,potencias,3,773,5.374808220575438e-09,154830,30,200,1,discreta_global,"(mu,lambda)",0.3
EE,potencias,3,774,5.373946666418192e-09,155030,30,200,1,discreta_global,"(mu,lambda)",0.3
EE,potencias,3,775,5.373370604006028e-09,155230,30,200,1,discreta_global,"(mu,lambda)",0.3
EE,potencias,3,776,5.372394940837022e-09,155430,30,200,1,discreta_global,"(mu,lambda)",0.3
EE,potencias,3,777,5.371475385815564e-09,155630,30,200,1,discreta_global,"(mu,lambda)",0.3
EE,potencias,3,778,5.367362574880309e-09,155830,30,200,1,discreta_global,"(mu,lambda)",0.3
EE,potencias,3,779,5.359802499930734e-09,156030,30,200,1,discreta_global,"(mu,lambda)",0.3
EE,potencias,3,780,5.36232907510212e-09,156230,30,200,1,discreta_global,"(mu,lambda)",0.3
EE,potencias,3,781,5.359420068693931e-09,156430,30,200,1,discreta_global,"(mu,lambda)",0.3
EE,potencias,3,782,5.3594832590216424e-09,156630,30,200,1,discreta_global,"(mu,lambda)",0.3
EE,potencias,3,783,5.3593574229940155e-09,156830,30,200,1,discreta_global,"(mu,lambda)",0.3
EE,potencias,3,784,5.359274901036705e-09,157030,30,200,1,discreta_global,"(mu,lambda)",0.3
EE,potencias,3,785,5.3591263144239635e-09,157230,30,200,1,discreta_global,"(mu,lambda)",0.3
EE,potencias,3,786,5.359105695148983e-09,157430,30,200,1,discreta_global,"(mu,lambda)",0.3
EE,potencias,3,787,5.358995354201954e-09,157630,30,200,1,discreta_global,"(mu,lambda)",0.3
EE,potencias,3,788,5.35888018105455e-09,157830,30,200,1,discreta_global,"(mu,lambda)",0.3
EE,potencias,3,789,5.358843517575793e-09,158030,30,200,1,discreta_global,"(mu,lambda)",0.3
EE,potencias,3,790,5.358720569229324e-09,158230,30,200,1,discreta_global,"(mu,lambda)",0.3
EE,potencias,3,791,5.358381557697498e-09,158430,30,200,1,discreta_global,"(mu,lambda)",0.3
EE,potencias,3,792,5.3580807816385715e-09,158630,30,200,1,discreta_global,"(mu,lambda)",0.3
EE,potencias,3,793,5.357598085739467e-09,158830,30,200,1,discreta_global,"(mu,lambda)",0.3
EE,potencias,3,794,5.356579328946294e-09,159030,30,200,1,discreta_global,"(mu,lambda)",0.3
EE,potencias,3,795,5.356115158807542e-09,159230,30,200,1,discreta_global,"(mu,lambda)",0.3
EE,potencias,3,796,5.355477836315042e-09,159430,30,200,1,discreta_global,"(mu,lambda)",0.3
EE,potencias,3,797,5.354657856753261e-09,159630,30,200,1,discreta_global,"(mu,lambda)",0.3
EE,potencias,3,798,5.353632930525217e-09,159830,30,200,1,discreta_global,"(mu,lambda)",0.3
EE,potencias,3,799,5.353143905003095e-09,160030,30,200,1,discreta_global,"(mu,lambda)",0.3
EE,potencias,3,800,5.351696511028855e-09,160230,30,200,1,discreta_global,"(mu,lambda)",0.3
EE,potencias,3,801,5.34953783474613e-09,160430,30,200,1,discreta_global,"(mu,lambda)",0.3
EE,potencias,3,802,5.3505035109411725e-09,160630,30,200,1,discreta_global,"(mu,lambda)",0.3
EE,potencias,3,803,5.348865206104526e-09,160830,30,200,1,discreta_global,"(mu,lambda)",0.3
EE,potencias,3,804,5.348708151146378e-09,161030,30,200,1,discreta_global,"(mu,lambda)",0.3
EE,potencias,3,805,5.3483630986762654e-09,161230,30,200,1,discreta_global,"(mu,lambda)",0.3
EE,potencias,3,806,5.347499726383453e-09,161430,30,200,1,discreta_global,"(mu,lambda)",0.3
EE,potencias,3,807,5.347058738372233e-09,161630,30,200,1,discreta_global,"(mu,lambda)",0.3
EE,potencias,3,808,5.346416606453096e-09,161830,30,200,1,discreta_global,"(mu,lambda)",0.3
EE,potencias,3,809,5.346061050603518e-09,162030,30,200,1,discreta_global,"(mu,lambda)",0.3
EE,potencias,3,810,5.346087985356548e-09,162230,30,200,1,discreta_global,"(mu,lambda)",0.3
EE,potencias,3,811,5.345926628943639e-09,162430,30,200,1,discreta_global,"(mu,lambda)",0.3
EE,potencias,3,812,5.3457387716010985e-09,162630,30,200,1,discreta_global,"(mu,lambda)",0.3
EE,potencias,3,813,5.345533354652941e-09,162830,30,200,1,discreta_global,"(mu,lambda)",0.3
EE,potencias,3,814,5.344551985406635e-09,163030,30,200,1,discreta_global,"(mu,lambda)",0.3
EE,potencias,3,815,5.344317106548951e-09,163230,30,200,1,discreta_global,"(mu,lambda)",0.3
EE,potencias,3,816,5.3441374559982445e-09,163430,30,200,1,discreta_global,"(mu,lambda)",0.3
EE,potencias,3,817,5.343622781281624e-09,163630,30,200,1,discreta_global,"(mu,lambda)",0.3
EE,potencias,3,818,5.3436200695365554e-09,163830,30,200,1,discreta_global,"(mu,lambda)",0.3
EE,potencias,3,819,5.3433690850619756e-09,164030,30,200,1,discreta_global,"(mu,lambda)",0.3
EE,potencias,3,820,5.342977984329149e-09,164230,30,200,1,discreta_global,"(mu,lambda)",0.3
EE,potencias,3,821,5.342805080894932e-09,164430,30,200,1,discreta_global,"(mu,lambda)",0.3
EE,potencias,3,822,5.342302433005268e-09,164630,30,200,1,discreta_global,"(mu,lambda)",0.3
EE,potencias,3,823,5.3410425028521584e-09,164830,30,200,1,discreta_global,"(mu,lambda)",0.3
EE,potencias,3,824,5.341343010961667e-09,165030,30,200,1,discreta_global,"(mu,lambda)",0.3
EE,potencias,3,825,5.340867200001729e-09,165230,30,200,1,discreta_global,"(mu,lambda)",0.3
EE,potencias,3,826,5.340523098314025e-09,165430,30,200,1,discreta_global,"(mu,lambda)",0.3
EE,potencias,3,827,5.339977824530688e-09,165630,30,200,1,discreta_global,"(mu,lambda)",0.3
EE,potencias,3,828,5.3397913318969015e-09,165830,30,200,1,discreta_global,"(mu,lambda)",0.3
EE,potencias,3,829,5.339353683345085e-09,166030,30,200,1,discreta_global,"(mu,lambda)",0.3
EE,potencias,3,830,5.3385618883632935e-09,166230,30,200,1,discreta_global,"(mu,lambda)",0.3
EE,potencias,3,831,5.337972280011979e-09,166430,30,200,1,discreta_global,"(mu,lambda)",0.3
EE,potencias,3,832,5.337075825548015e-09,166630,30,200,1,discreta_global,"(mu,lambda)",0.3
EE,potencias,3,833,5.336825329506566e-09,166830,30,200,1,discreta_global,"(mu,lambda)",0.3
EE,potencias,3,834,5.336137157498595e-09,167030,30,200,1,discreta_global,"(mu,lambda)",0.3
EE,potencias,3,835,5.33383502811488e-09,167230,30,200,1,discreta_global,"(mu,lambda)",0.3
EE,potencias,3,836,5.33312734963214e-09,167430,30,200,1,discreta_global,"(mu,lambda)",0.3
EE,potencias,3,837,5.331487254672731e-09,167630,30,200,1,discreta_global,"(mu,lambda)",0.3
EE,potencias,3,838,5.330305611686779e-09,167830,30,200,1,discreta_global,"(mu,lambda)",0.3
EE,potencias,3,839,5.328709685398617e-09,168030,30,200,1,discreta_global,"(mu,lambda)",0.3
EE,potencias,3,840,5.325793088575865e-09,168230,30,200,1,discreta_global,"(mu,lambda)",0.3
EE,potencias,3,841,5.324198673950678e-09,168430,30,200,1,discreta_global,"(mu,lambda)",0.3
EE,potencias,3,842,5.3236933807132386e-09,168630,30,200,1,discreta_global,"(mu,lambda)",0.3
EE,potencias,3,843,5.322492563285629e-09,168830,30,200,1,discreta_global,"(mu,lambda)",0.3
EE,potencias,3,844,5.321986482135004e-09,169030,30,200,1,discreta_global,"(mu,lambda)",0.3
EE,potencias,3,845,5.3212685577835335e-09,169230,30,200,1,discreta_global,"(mu,lambda)",0.3
EE,potencias,3,846,5.320612198369539e-09,169430,30,200,1,discreta_global,"(mu,lambda)",0.3
EE,potencias,3,847,5.3193513439188914e-09,169630,30,200,1,discreta_global,"(mu,lambda)",0.3
EE,potencias,3,848,5.3172139144281715e-09,169830,30,200,1,discreta_global,"(mu,lambda)",0.3
EE,potencias,3,849,5.31703082855355e-09,170030,30,200,1,discreta_global,"(mu,lambda)",0.3
EE,potencias,3,850,5.315848788595849e-09,170230,30,200,1,discreta_global,"(mu,lambda)",0.3
EE,potencias,3,851,5.3152533828073674e-09,170430,30,200,1,discreta_global,"(mu,lambda)",0.3
EE,potencias,3,852,5.311826012651432e-09,170630,30,200,1,discreta_global,"(mu,lambda)",0.3
EE,potencias,3,853,5.3105531280971385e-09,170830,30,200,1,discreta_global,"(mu,lambda)",0.3
EE,potencias,3,854,5.307341461757025e-09,171030,30,200,1,discreta_global,"(mu,lambda)",0.3
EE,potencias,3,855,5.3070420703627326e-09,171230,30,200,1,discreta_global,"(mu,lambda)",0.3
EE,potencias,3,856,5.306933020148942e-09,171430,30,200,1,discreta_global,"(mu,lambda)",0.3
EE,potencias,3,857,5.304959351529744e-09,171630,30,200,1,discreta_global,"(mu,lambda)",0.3
EE,potencias,3,858,5.305452749100212e-09,171830,30,200,1,discreta_global,"(mu,lambda)",0.3
EE,potencias,3,859,5.303603856301393e-09,172030,30,200,1,discreta_global,"(mu,lambda)",0.3
EE,potencias,3,860,5.303290985944855e-09,172230,30,200,1,discreta_global,"(mu,lambda)",0.3
EE,potencias,3,861,5.302644903283262e-09,172430,30,200,1,discreta_global,"(mu,lambda)",0.3
EE,potencias,3,862,5.301949627812793e-09,172630,30,200,1,discreta_global,"(mu,lambda)",0.3
EE,potencias,3,863,5.300484814281034e-09,172830,30,200,1,discreta_global,"(mu,lambda)",0.3
EE,potencias,3,864,5.299991756489741e-09,173030,30,200,1,discreta_global,"(mu,lambda)",0.3
EE,potencias,3,865,5.298969759634489e-09,173230,30,200,1,discreta_global,"(mu,lambda)",0.3
EE,potencias,3,866,5.298708467433304e-09,173430,30,200,1,discreta_global,"(mu,lambda)",0.3
EE,potencias,3,867,5.298220869738352e-09,173630,30,200,1,discreta_global,"(mu,lambda)",0.3
EE,potencias,3,868,5.297399078846662e-09,173830,30,200,1,discreta_global,"(mu,lambda)",0.3
EE,potencias,3,869,5.297145995234987e-09,174030,30,200,1,discreta_global,"(mu,lambda)",0.3
EE,potencias,3,870,5.29652016173609e-09,174230,30,200,1,discreta_global,"(mu,lambda)",0.3
EE,potencias,3,871,5.295866629204755e-09,174430,30,200,1,discreta_global,"(mu,lambda)",0.3
EE,potencias,3,872,5.29518557298309e-09,174630,30,200,1,discreta_global,"(mu,lambda)",0.3
EE,potencias,3,873,5.293726544811245e-09,174830,30,200,1,discreta_global,"(mu,lambda)",0.3
EE,potencias,3,874,5.292506196905273e-09,175030,30,200,1,discreta_global,"(mu,lambda)",0.3
EE,potencias,3,875,5.2917547380952835e-09,175230,30,200,1,discreta_global,"(mu,lambda)",0.3
EE,potencias,3,876,5.291571513994014e-09,175430,30,200,1,discreta_global,"(mu,lambda)",0.3
EE,potencias,3,877,5.29077598048394e-09,175630,30,200,1,discreta_global,"(mu,lambda)",0.3
EE,potencias,3,878,5.289396260165302e-09,175830,30,200,1,discreta_global,"(mu,lambda)",0.3
EE,potencias,3,879,5.288889936381817e-09,176030,30,200,1,discreta_global,"(mu,lambda)",0.3
EE,potencias,3,880,5.2872330491867825e-09,176230,30,200,1,discreta_global,"(mu,lambda)",0.3
EE,potencias,3,881,5.286566002338724e-09,176430,30,200,1,discreta_global,"(mu,lambda)",0.3
EE,potencias,3,882,5.286660784293667e-09,176630,30,200,1,discreta_global,"(mu,lambda)",0.3
EE,potencias,3,883,5.28630788403487e-09,176830,30,200,1,discreta_global,"(mu,lambda)",0.3
EE,potencias,3,884,5.286134881645437e-09,177030,30,200,1,discreta_global,"(mu,lambda)",0.3
EE,potencias,3,885,5.2855913069753764e-09,177230,30,200,1,discreta_global,"(mu,lambda)",0.3
EE,potencias,3,886,5.283916251201562e-09,177430,30,200,1,discreta_global,"(mu,lambda)",0.3
EE,potencias,3,887,5.282201761245629e-09,177630,30,200,1,discreta_global,"(mu,lambda)",0.3
EE,potencias,3,888,5.280691227884228e-09,177830,30,200,1,discreta_global,"(mu,lambda)",0.3
EE,potencias,3,889,5.279544049706462e-09,178030,30,200,1,discreta_global,"(mu,lambda)",0.3
EE,potencias,3,890,5.276354885890642e-09,178230,30,200,1,discreta_global,"(mu,lambda)",0.3
EE,potencias,3,891,5.274280861118711e-09,178430,30,200,1,discreta_global,"(mu,lambda)",0.3
EE,potencias,3,892,5.272793483543705e-09,178630,30,200,1,discreta_global,"(mu,lambda)",0.3
EE,potencias,3,893,5.27258607879987e-09,178830,30,200,1,discreta_global,"(mu,lambda)",0.3
EE,potencias,3,894,5.272112497284846e-09,179030,30,200,1,discreta_global,"(mu,lambda)",0.3
EE,potencias,3,895,5.271969935041144e-09,179230,30,200,1,discreta_global,"(mu,lambda)",0.3
EE,potencias,3,896,5.271544195556618e-09,179430,30,200,1,discreta_global,"(mu,lambda)",0.3
EE,potencias,3,897,5.270896474984338e-09,179630,30,200,1,discreta_global,"(mu,lambda)",0.3
EE,potencias,3,898,5.270287192442858e-09,179830,30,200,1,discreta_global,"(mu,lambda)",0.3
EE,potencias,3,899,5.269617276404589e-09,180030,30,200,1,discreta_global,"(mu,lambda)",0.3
EE,potencias,3,900,5.268644909498104e-09,180230,30,200,1,discreta_global,"(mu,lambda)",0.3
EE,potencias,3,901,5.268524919099532e-09,180430,30,200,1,discreta_global,"(mu,lambda)",0.3
EE,potencias,3,902,5.268287135469846e-09,180630,30,200,1,discreta_global,"(mu,lambda)",0.3
EE,potencias,3,903,5.267882472429207e-09,180830,30,200,1,discreta_global,"(mu,lambda)",0.3
EE,potencias,3,904,5.267755138544974e-09,181030,30,200,1,discreta_global,"(mu,lambda)",0.3
EE,potencias,3,905,5.267509088523121e-09,181230,30,200,1,discreta_global,"(mu,lambda)",0.3
EE,potencias,3,906,5.267351911405931e-09,181430,30,200,1,discreta_global,"(mu,lambda)",0.3
EE,potencias,3,907,5.267129675186353e-09,181630,30,200,1,discreta_global,"(mu,lambda)",0.3
EE,potencias,3,908,5.267024733768427e-09,181830,30,200,1,discreta_global,"(mu,lambda)",0.3
EE,potencias,3,909,5.2667085025106386e-09,182030,30,200,1,discreta_global,"(mu,lambda)",0.3
EE,potencias,3,910,5.266461847252449e-09,182230,30,200,1,discreta_global,"(mu,lambda)",0.3
EE,potencias,3,911,5.266184868510198e-09,182430,30,200,1,discreta_global,"(mu,lambda)",0.3
EE,potencias,3,912,5.265739125675716e-09,182630,30,200,1,discreta_global,"(mu,lambda)",0.3
EE,potencias,3,913,5.265365905937957e-09,182830,30,200,1,discreta_global,"(mu,lambda)",0.3
EE,potencias,3,914,5.26491507946732e-09,183030,30,200,1,discreta_global,"(mu,lambda)",0.3
EE,potencias,3,915,5.2642214087969255e-09,183230,30,200,1,discreta_global,"(mu,lambda)",0.3
EE,potencias,3,916,5.263248687870762e-09,183430,30,200,1,discreta_global,"(mu,lambda)",0.3
EE,potencias,3,917,5.26202413980213e-09,183630,30,200,1,discreta_global,"(mu,lambda)",0.3
EE,potencias,3,918,5.259916314663302e-09,183830,30,200,1,discreta_global,"(mu,lambda)",0.3
EE,potencias,3,919,5.2584604451747984e-09,184030,30,200,1,discreta_global,"(mu,lambda)",0.3
EE,potencias,3,920,5.25815970802605e-09,184230,30,200,1,discreta_global,"(mu,lambda)",0.3
EE,potencias,3,921,5.256810066022502e-09,184430,30,200,1,discreta_global,"(mu,lambda)",0.3
EE,potencias,3,922,5.255652253419438e-09,184630,30,200,1,discreta_global,"(mu,lambda)",0.3
EE,potencias,3,923,5.254640375567684e-09,184830,30,200,1,discreta_global,"(mu,lambda)",0.3
EE,potencias,3,924,5.2539132819082e-09,185030,30,200,1,discreta_global,"(mu,lambda)",0.3
EE,potencias,3,925,5.253034441003478e-09,185230,30,200,1,discreta_global,"(mu,lambda)",0.3
EE,potencias,3,926,5.251807780024769e-09,185430,30,200,1,discreta_global,"(mu,lambda)",0.3
EE,potencias,3,927,5.251011259179423e-09,185630,30,200,1,discreta_global,"(mu,lambda)",0.3
EE,potencias,3,928,5.25055576725122e-09,185830,30,200,1,discreta_global,"(mu,lambda)",0.3
EE,potencias,3,929,5.249884963667889e-09,186030,30,200,1,discreta_global,"(mu,lambda)",0.3
EE,potencias,3,930,5.248780068051926e-09,186230,30,200,1,discreta_global,"(mu,lambda)",0.3
EE,potencias,3,931,5.248260409445208e-09,186430,30,200,1,discreta_global,"(mu,lambda)",0.3
EE,potencias,3,932,5.247543917870992e-09,186630,30,200,1,discreta_global,"(mu,lambda)",0.3
EE,potencias,3,933,5.246925377877361e-09,186830,30,200,1,discreta_global,"(mu,lambda)",0.3
EE,potencias,3,934,5.244791768010207e-09,187030,30,200,1,discreta_global,"(mu,lambda)",0.3
EE,potencias,3,935,5.242685656319988e-09,187230,30,200,1,discreta_global,"(mu,lambda)",0.3
EE,potencias,3,936,5.242521712298866e-09,187430,30,200,1,discreta_global,"(mu,lambda)",0.3
EE,potencias,3,937,5.2416426973820405e-09,187630,30,200,1,discreta_global,"(mu,lambda)",0.3
EE,potencias,3,938,5.241199243366819e-09,187830,30,200,1,discreta_global,"(mu,lambda)",0.3
EE,potencias,3,939,5.240315930412269e-09,188030,30,200,1,discreta_global,"(mu,lambda)",0.3
EE,potencias,3,940,5.2394600133919805e-09,188230,30,200,1,discreta_global,"(mu,lambda)",0.3
EE,potencias,3,941,5.23874567506229e-09,188430,30,200,1,discreta_global,"(mu,lambda)",0.3
EE,potencias,3,942,5.237434728862196e-09,188630,30,200,1,discreta_global,"(mu,lambda)",0.3
EE,potencias,3,943,5.235790607222934e-09,188830,30,200,1,discreta_global,"(mu,lambda)",0.3
EE,potencias,3,944,5.234986080801632e-09,189030,30,200,1,discreta_global,"(mu,lambda)",0.3
EE,potencias,3,945,5.233841658273638e-09,189230,30,200,1,discreta_global,"(mu,lambda)",0.3
EE,potencias,3,946,5.2329054512427405e-09,189430,30,200,1,discreta_global,"(mu,lambda)",0.3
EE,potencias,3,947,5.231884201484829e-09,189630,30,200,1,discreta_global,"(mu,lambda)",0.3
EE,potencias,3,948,5.230473347250095e-09,189830,30,200,1,discreta_global,"(mu,lambda)",0.3
EE,potencias,3,949,5.229611630331623e-09,190030,30,200,1,discreta_global,"(mu,lambda)",0.3
EE,potencias,3,950,5.229362848205397e-09,190230,30,200,1,discreta_global,"(mu,lambda)",0.3
EE,potencias,3,951,5.228984323641209e-09,190430,30,200,1,discreta_global,"(mu,lambda)",0.3
EE,potencias,3,952,5.228471178686012e-09,190630,30,200,1,discreta_global,"(mu,lambda)",0.3
EE,potencias,3,953,5.228136118773189e-09,190830,30,200,1,discreta_global,"(mu,lambda)",0.3
EE,potencias,3,954,5.227824476291289e-09,191030,30,200,1,discreta_global,"(mu,lambda)",0.3
EE,potencias,3,955,5.227562497761596e-09,191230,30,200,1,discreta_global,"(mu,lambda)",0.3
EE,potencias,3,956,5.22583554754362e-09,191430,30,200,1,discreta_global,"(mu,lambda)",0.3
EE,potencias,3,957,5.22576322657254e-09,191630,30,200,1,discreta_global,"(mu,lambda)",0.3
EE,potencias,3,958,5.224970844473167e-09,191830,30,200,1,discreta_global,"(mu,lambda)",0.3
EE,potencias,3,959,5.223455423623373e-09,192030,30,200,1,discreta_global,"(mu,lambda)",0.3
EE,potencias,3,960,5.2228633170771695e-09,192230,30,200,1,discreta_global,"(mu,lambda)",0.3
EE,potencias,3,961,5.221733086250976e-09,192430,30,200,1,discreta_global,"(mu,lambda)",0.3
EE,potencias,3,962,5.220761040406936e-09,192630,30,200,1,discreta_global,"(mu,lambda)",0.3
EE,potencias,3,963,5.219484069944788e-09,192830,30,200,1,discreta_global,"(mu,lambda)",0.3
EE,potencias,3,964,5.219042969398179e-09,193030,30,200,1,discreta_global,"(mu,lambda)",0.3
EE,potencias,3,965,5.218697388826105e-09,193230,30,200,1,discreta_global,"(mu,lambda)",0.3
EE,potencias,3,966,5.217916020951581e-09,193430,30,200,1,discreta_global,"(mu,lambda)",0.3
EE,potencias,3,967,5.216970706146463e-09,193630,30,200,1,discreta_global,"(mu,lambda)",0.3
EE,potencias,3,968,5.217204801467136e-09,193830,30,200,1,discreta_global,"(mu,lambda)",0.3
EE,potencias,3,969,5.216451852288131e-09,194030,30,200,1,discreta_global,"(mu,lambda)",0.3
EE,potencias,3,970,5.216177624908625e-09,194230,30,200,1,discreta_global,"(mu,lambda)",0.3
EE,potencias,3,971,5.215559121827721e-09,194430,30,200,1,discreta_global,"(mu,lambda)",0.3
EE,potencias,3,972,5.215195950585086e-09,194630,30,200,1,discreta_global,"(mu,lambda)",0.3
EE,potencias,3,973,5.215032234751922e-09,194830,30,200,1,discreta_global,"(mu,lambda)",0.3
EE,potencias,3,974,5.2148011837578514e-09,195030,30,200,1,discreta_global,"(mu,lambda)",0.3
EE,potencias,3,975,5.214480243977635e-09,195230,30,200,1,discreta_global,"(mu,lambda)",0.3
EE,potencias,3,976,5.213668152753861e-09,195430,30,200,1,discreta_global,"(mu,lambda)",0.3
EE,potencias,3,977,5.213178193476943e-09,195630,30,200,1,discreta_global,"(mu,lambda)",0.3
EE,potencias,3,978,5.212220436800527e-09,195830,30,200,1,discreta_global,"(mu,lambda)",0.3
EE,potencias,3,979,5.211463653986974e-09,196030,30,200,1,discreta_global,"(mu,lambda)",0.3
EE,potencias,3,980,5.209044651443603e-09,196230,30,200,1,discreta_global,"(mu,lambda)",0.3
EE,potencias,3,981,5.207903947963265e-09,196430,30,200,1,discreta_global,"(mu,lambda)",0.3
EE,potencias,3,982,5.207520857641275e-09,196630,30,200,1,discreta_global,"(mu,lambda)",0.3
EE,potencias,3,983,5.2073953135258044e-09,196830,30,200,1,discreta_global,"(mu,lambda)",0.3
EE,potencias,3,984,5.206508127060645e-09,197030,30,200,1,discreta_global,"(mu,lambda)",0.3
EE,potencias,3,985,5.204825475018095e-09,197230,30,200,1,discreta_global,"(mu,lambda)",0.3
EE,potencias,3,986,5.204209397068922e-09,197430,30,200,1,discreta_global,"(mu,lambda)",0.3
EE,potencias,3,987,5.203664391645596e-09,197630,30,200,1,discreta_global,"(mu,lambda)",0.3
EE,potencias,3,988,5.203110992626445e-09,197830,30,200,1,discreta_global,"(mu,lambda)",0.3
EE,potencias,3,989,5.203080331158577e-09,198030,30,200,1,discreta_global,"(mu,lambda)",0.3
EE,potencias,3,990,5.203055099484362e-09,198230,30,200,1,discreta_global,"(mu,lambda)",0.3
EE,potencias,3,991,5.203043282313983e-09,198430,30,200,1,discreta_global,"(mu,lambda)",0.3
EE,potencias,3,992,5.202995317277657e-09,198630,30,200,1,discreta_global,"(mu,lambda)",0.3
EE,potencias,3,993,5.2029444440677344e-09,198830,30,200,1,discreta_global,"(mu,lambda)",0.3
EE,potencias,3,994,5.202767194141123e-09,199030,30,200,1,discreta_global,"(mu,lambda)",0.3
EE,potencias,3,995,5.202656179389408e-09,199230,30,200,1,discreta_global,"(mu,lambda)",0.3
EE,potencias,3,996,5.202435313015605e-09,199430,30,200,1,discreta_global,"(mu,lambda)",0.3
EE,potencias,3,997,5.201944661720463e-09,199630,30,200,1,discreta_global,"(mu,lambda)",0.3
EE,potencias,3,998,5.201696904634825e-09,199830,30,200,1,discreta_global,"(mu,lambda)",0.3
EE,potencias,3,999,5.200798236166432e-09,200030,30,200,1,discreta_global,"(mu,lambda)",0.3
EE,potencias,3,1000,5.200182113182509e-09,200230,30,200,1,discreta_global,"(mu,lambda)",0.3
EE,potencias,3,1001,5.1999583363701135e-09,200430,30,200,1,discreta_global,"(mu,lambda)",0.3
EE,potencias,3,1002,5.199857544184058e-09,200630,30,200,1,discreta_global,"(mu,lambda)",0.3
EE,potencias,3,1003,5.199639013064979e-09,200830,30,200,1,discreta_global,"(mu,lambda)",0.3
EE,potencias,3,1004,5.199305028200917e-09,201030,30,200,1,discreta_global,"(mu,lambda)",0.3
EE,potencias,3,1005,5.199071587729258e-09,201230,30,200,1,discreta_global,"(mu,lambda)",0.3
EE,potencias,3,1006,5.198630531571191e-09,201430,30,200,1,discreta_global,"(mu,lambda)",0.3
EE,potencias,3,1007,5.1981623371953145e-09,201630,30,200,1,discreta_global,"(mu,lambda)",0.3
EE,potencias,3,1008,5.197334697070863e-09,201830,30,200,1,discreta_global,"(mu,lambda)",0.3
EE,potencias,3,1009,5.196667174722833e-09,202030,30,200,1,discreta_global,"(mu,lambda)",0.3
EE,potencias,3,1010,5.196048028788674e-09,202230,30,200,1,discreta_global,"(mu,lambda)",0.3
EE,potencias,3,1011,5.195599549474072e-09,202430,30,200,1,discreta_global,"(mu,lambda)",0.3
EE,potencias,3,1012,5.1947810494395215e-09,202630,30,200,1,discreta_global,"(mu,lambda)",0.3
EE,potencias,3,1013,5.194743501209992e-09,202830,30,200,1,discreta_global,"(mu,lambda)",0.3
EE,potencias,3,1014,5.194297151977547e-09,203030,30,200,1,discreta_global,"(mu,lambda)",0.3
EE,potencias,3,1015,5.194145382449317e-09,203230,30,200,1,discreta_global,"(mu,lambda)",0.3
EE,potencias,3,1016,5.194015138191553e-09,203430,30,200,1,discreta_global,"(mu,lambda)",0.3
EE,potencias,3,1017,5.1928147050064505e-09,203630,30,200,1,discreta_global,"(mu,lambda)",0.3
EE,potencias,3,1018,5.1917654866692995e-09,203830,30,200,1,discreta_global,"(mu,lambda)",0.3
EE,potencias,3,1019,5.191741389763073e-09,204030,30,200,1,discreta_global,"(mu,lambda)",0.3
EE,potencias,3,1020,5.190211787081536e-09,204230,30,200,1,discreta_global,"(mu,lambda)",0.3
EE,potencias,3,1021,5.188936907938768e-09,204430,30,200,1,discreta_global,"(mu,lambda)",0.3
EE,potencias,3,1022,5.1874435615364865e-09,204630,30,200,1,discreta_global,"(mu,lambda)",0.3
EE,potencias,3,1023,5.186857390490164e-09,204830,30,200,1,discreta_global,"(mu,lambda)",0.3
EE,potencias,3,1024,5.185781541426109e-09,205030,30,200,1,discreta_global,"(mu,lambda)",0.3
EE,potencias,3,1025,5.185444659011062e-09,205230,30,200,1,discreta_global,"(mu,lambda)",0.3
EE,potencias,3,1026,5.185210320628621e-09,205430,30,200,1,discreta_global,"(mu,lambda)",0.3
EE,potencias,3,1027,5.185020562172038e-09,205630,30,200,1,discreta_global,"(mu,lambda)",0.3
EE,potencias,3,1028,5.184872922288608e-09,205830,30,200,1,discreta_global,"(mu,lambda)",0.3
EE,potencias,3,1029,5.184201896273274e-09,206030,30,200,1,discreta_global,"(mu,lambda)",0.3
EE,potencias,3,1030,5.183966171164483e-09,206230,30,200,1,discreta_global,"(mu,lambda)",0.3
EE,potencias,3,1031,5.183438274915628e-09,206430,30,200,1,discreta_global,"(mu,lambda)",0.3
EE,potencias,3,1032,5.18318924972135e-09,206630,30,200,1,discreta_global,"(mu,lambda)",0.3
EE,potencias,3,1033,5.182801424209294e-09,206830,30,200,1,discreta_global,"(mu,lambda)",0.3
EE,potencias,3,1034,5.1824070066730525e-09,207030,30,200,1,discreta_global,"(mu,lambda)",0.3
EE,potencias,3,1035,5.182236042483739e-09,207230,30,200,1,discreta_global,"(mu,lambda)",0.3
EE,potencias,3,1036,5.181969253446042e-09,207430,30,200,1,discreta_global,"(mu,lambda)",0.3
EE,potencias,3,1037,5.181851133068729e-09,207630,30,200,1,discreta_global,"(mu,lambda)",0.3
EE,potencias,3,1038,5.181626668632583e-09,207830,30,200,1,discreta_global,"(mu,lambda)",0.3
EE,potencias,3,1039,5.181183710870532e-09,208030,30,200,1,discreta_global,"(mu,lambda)",0.3
EE,potencias,3,1040,5.1808848988542174e-09,208230,30,200,1,discreta_global,"(mu,lambda)",0.3
EE,potencias,3,1041,5.180548005953285e-09,208430,30,200,1,discreta_global,"(mu,lambda)",0.3
EE,potencias,3,1042,5.179493170380772e-09,208630,30,200,1,discreta_global,"(mu,lambda)",0.3
EE,potencias,3,1043,5.178898604634524e-09,208830,30,200,1,discreta_global,"(mu,lambda)",0.3
EE,potencias,3,1044,5.1772976017996385e-09,209030,30,200,1,discreta_global,"(mu,lambda)",0.3
EE,potencias,3,1045,5.177154196856368e-09,209230,30,200,1,discreta_global,"(mu,lambda)",0.3
EE,potencias,3,1046,5.176060327742555e-09,209430,30,200,1,discreta_global,"(mu,lambda)",0.3
EE,potencias,3,1047,5.175849124967644e-09,209630,30,200,1,discreta_global,"(mu,lambda)",0.3
EE,potencias,3,1048,5.175153337887802e-09,209830,30,200,1,discreta_global,"(mu,lambda)",0.3
EE,potencias,3,1049,5.1745891460757035e-09,210030,30,200,1,discreta_global,"(mu,lambda)",0.3
EE,potencias,3,1050,5.172320358149669e-09,210230,30,200,1,discreta_global,"(mu,lambda)",0.3
EE,potencias,3,1051,5.1732830434604626e-09,210430,30,200,1,discreta_global,"(mu,lambda)",0.3
EE,potencias,3,1052,5.171708028612989e-09,210630,30,200,1,discreta_global,"(mu,lambda)",0.3
EE,potencias,3,1053,5.170717445611342e-09,210830,30,200,1,discreta_global,"(mu,lambda)",0.3
EE,potencias,3,1054,5.169483998711639e-09,211030,30,200,1,discreta_global,"(mu,lambda)",0.3
EE,potencias,3,1055,5.169428483545131e-09,211230,30,200,1,discreta_global,"(mu,lambda)",0.3
EE,potencias,3,1056,5.168637045065421e-09,211430,30,200,1,discreta_global,"(mu,lambda)",0.3
EE,potencias,3,1057,5.167378418023856e-09,211630,30,200,1,discreta_global,"(mu,lambda)",0.3
EE,potencias,3,1058,5.167173590736861e-09,211830,30,200,1,discreta_global,"(mu,lambda)",0.3
EE,potencias,3,1059,5.166210172489528e-09,212030,30,200,1,discreta_global,"(mu,lambda)",0.3
EE,potencias,3,1060,5.165494598777165e-09,212230,30,200,1,discreta_global,"(mu,lambda)",0.3
EE,potencias,3,1061,5.165458668347361e-09,212430,30,200,1,discreta_global,"(mu,lambda)",0.3
EE,potencias,3,1062,5.165258765187958e-09,212630,30,200,1,discreta_global,"(mu,lambda)",0.3
EE,potencias,3,1063,5.1648448513155195e-09,212830,30,200,1,discreta_global,"(mu,lambda)",0.3
EE,potencias,3,1064,5.164723860104377e-09,213030,30,200,1,discreta_global,"(mu,lambda)",0.3
EE,potencias,3,1065,5.164361817025525e-09,213230,30,200,1,discreta_global,"(mu,lambda)",0.3
EE,potencias,3,1066,5.163998109885877e-09,213430,30,200,1,discreta_global,"(mu,lambda)",0.3
EE,potencias,3,1067,5.163454083098663e-09,213630,30,200,1,discreta_global,"(mu,lambda)",0.3
EE,potencias,3,1068,5.162908612474501e-09,213830,30,200,1,discreta_global,"(mu,lambda)",0.3
EE,potencias,3,1069,5.161770888683264e-09,214030,30,200,1,discreta_global,"(mu,lambda)",0.3
EE,potencias,3,1070,5.160990624489699e-09,214230,30,200,1,discreta_global,"(mu,lambda)",0.3
EE,potencias,3,1071,5.159702707769221e-09,214430,30,200,1,discreta_global,"(mu,lambda)",0.3
EE,potencias,3,1072,5.159416106607387e-09,214630,30,200,1,discreta_global,"(mu,lambda)",0.3
EE,potencias,3,1073,5.158088314893332e-09,214830,30,200,1,discreta_global,"(mu,lambda)",0.3
EE,potencias,3,1074,5.157883985634577e-09,215030,30,200,1,discreta_global,"(mu,lambda)",0.3
EE,potencias,3,1075,5.157425108423066e-09,215230,30,200,1,discreta_global,"(mu,lambda)",0.3
EE,potencias,3,1076,5.156676459768006e-09,215430,30,200,1,discreta_global,"(mu,lambda)",0.3
EE,potencias,3,1077,5.156560306290102e-09,215630,30,200,1,discreta_global,"(mu,lambda)",0.3
EE,potencias,3,1078,5.154876289561163e-09,215830,30,200,1,discreta_global,"(mu,lambda)",0.3
EE,potencias,3,1079,5.154238429516422e-09,216030,30,200,1,discreta_global,"(mu,lambda)",0.3
EE,potencias,3,1080,5.152498186477075e-09,216230,30,200,1,discreta_global,"(mu,lambda)",0.3
EE,potencias,3,1081,5.151420913952115e-09,216430,30,200,1,discreta_global,"(mu,lambda)",0.3
EE,potencias,3,1082,5.151111762786154e-09,216630,30,200,1,discreta_global,"(mu,lambda)",0.3
EE,potencias,3,1083,5.15099112741061e-09,216830,30,200,1,discreta_global,"(mu,lambda)",0.3
EE,potencias,3,1084,5.150572326589841e-09,217030,30,200,1,discreta_global,"(mu,lambda)",0.3
EE,potencias,3,1085,5.150092369013371e-09,217230,30,200,1,discreta_global,"(mu,lambda)",0.3
EE,potencias,3,1086,5.149420781209665e-09,217430,30,200,1,discreta_global,"(mu,lambda)",0.3
EE,potencias,3,1087,5.1489148035670415e-09,217630,30,200,1,discreta_global,"(mu,lambda)",0.3
EE,potencias,3,1088,5.147784492163658e-09,217830,30,200,1,discreta_global,"(mu,lambda)",0.3
EE,potencias,3,1089,5.14711027210686e-09,218030,30,200,1,discreta_global,"(mu,lambda)",0.3
EE,potencias,3,1090,5.147084752370751e-09,218230,30,200,1,discreta_global,"(mu,lambda)",0.3
EE,potencias,3,1091,5.1470039545202196e-09,218430,30,200,1,discreta_global,"(mu,lambda)",0.3
EE,potencias,3,1092,5.146888666630665e-09,218630,30,200,1,discreta_global,"(mu,lambda)",0.3
EE,potencias,3,1093,5.1467586220413785e-09,218830,30,200,1,discreta_global,"(mu,lambda)",0.3
EE,potencias,3,1094,5.146636980786993e-09,219030,30,200,1,discreta_global,"(mu,lambda)",0.3
EE,potencias,3,1095,5.146565606824207e-09,219230,30,200,1,discreta_global,"(mu,lambda)",0.3
EE,potencias,3,1096,5.146218621392844e-09,219430,30,200,1,discreta_global,"(mu,lambda)",0.3
EE,potencias,3,1097,5.146165810345937e-09,219630,30,200,1,discreta_global,"(mu,lambda)",0.3
EE,potencias,3,1098,5.145864361128558e-09,219830,30,200,1,discreta_global,"(mu,lambda)",0.3
EE,potencias,3,1099,5.145704186553448e-09,220030,30,200,1,discreta_global,"(mu,lambda)",0.3
EE,potencias,3,1100,5.145389476016062e-09,220230,30,200,1,discreta_global,"(mu,lambda)",0.3
EE,potencias,3,1101,5.144909858609316e-09,220430,30,200,1,discreta_global,"(mu,lambda)",0.3
EE,potencias,3,1102,5.144443087194826e-09,220630,30,200,1,discreta_global,"(mu,lambda)",0.3
EE,potencias,3,1103,5.143866786381741e-09,220830,30,200,1,discreta_global,"(mu,lambda)",0.3
EE,potencias,3,1104,5.143479350274065e-09,221030,30,200,1,discreta_global,"(mu,lambda)",0.3
EE,potencias,3,1105,5.142602531312338e-09,221230,30,200,1,discreta_global,"(mu,lambda)",0.3
EE,potencias,3,1106,5.140550723240736e-09,221430,30,200,1,discreta_global,"(mu,lambda)",0.3
EE,potencias,3,1107,5.139807188680554e-09,221630,30,200,1,discreta_global,"(mu,lambda)",0.3
EE,potencias,3,1108,5.139474187715859e-09,221830,30,200,1,discreta_global,"(mu,lambda)",0.3
EE,potencias,3,1109,5.138797915562007e-09,222030,30,200,1,discreta_global,"(mu,lambda)",0.3
EE,potencias,3,1110,5.137115803687092e-09,222230,30,200,1,discreta_global,"(mu,lambda)",0.3
EE,potencias,3,1111,5.1358596962158815e-09,222430,30,200,1,discreta_global,"(mu,lambda)",0.3
EE,potencias,3,1112,5.135571469051343e-09,222630,30,200,1,discreta_global,"(mu,lambda)",0.3
EE,potencias,3,1113,5.134915294989129e-09,222830,30,200,1,discreta_global,"(mu,lambda)",0.3
EE,potencias,3,1114,5.13481255634055e-09,223030,30,200,1,discreta_global,"(mu,lambda)",0.3
EE,potencias,3,1115,5.134443573829387e-09,223230,30,200,1,discreta_global,"(mu,lambda)",0.3
EE,potencias,3,1116,5.1342022053498136e-09,223430,30,200,1,discreta_global,"(mu,lambda)",0.3
EE,potencias,3,1117,5.133912134005848e-09,223630,30,200,1,discreta_global,"(mu,lambda)",0.3
EE,potencias,3,1118,5.133563489828274e-09,223830,30,200,1,discreta_global,"(mu,lambda)",0.3
EE,potencias,3,1119,5.1331549184633844e-09,224030,30,200,1,discreta_global,"(mu,lambda)",0.3
EE,potencias,3,1120,5.1327105160710695e-09,224230,30,200,1,discreta_global,"(mu,lambda)",0.3
EE,potencias,3,1121,5.131266475215098e-09,224430,30,200,1,discreta_global,"(mu,lambda)",0.3
EE,potencias,3,1122,5.130068975703565e-09,224630,30,200,1,discreta_global,"(mu,lambda)",0.3
EE,potencias,3,1123,5.128785934872652e-09,224830,30,200,1,discreta_global,"(mu,lambda)",0.3
EE,potencias,3,1124,5.127937623474546e-09,225030,30,200,1,discreta_global,"(mu,lambda)",0.3
EE,potencias,3,1125,5.1256057866477655e-09,225230,30,200,1,discreta_global,"(mu,lambda)",0.3
EE,potencias,3,1126,5.1251017444628205e-09,225430,30,200,1,discreta_global,"(mu,lambda)",0.3
EE,potencias,3,1127,5.123734741439372e-09,225630,30,200,1,discreta_global,"(mu,lambda)",0.3
EE,potencias,3,1128,5.1233635604950474e-09,225830,30,200,1,discreta_global,"(mu,lambda)",0.3
EE,potencias,3,1129,5.1211799708857855e-09,226030,30,200,1,discreta_global,"(mu,lambda)",0.3
EE,potencias,3,1130,5.121026441073867e-09,226230,30,200,1,discreta_global,"(mu,lambda)",0.3
EE,potencias,3,1131,5.120411982310555e-09,226430,30,200,1,discreta_global,"(mu,lambda)",0.3
EE,potencias,3,1132,5.119472819483466e-09,226630,30,200,1,discreta_global,"(mu,lambda)",0.3
EE,potencias,3,1133,5.118548085430649e-09,226830,30,200,1,discreta_global,"(mu,lambda)",0.3
EE,potencias,3,1134,5.115384006057667e-09,227030,30,200,1,discreta_global,"(mu,lambda)",0.3
EE,potencias,3,1135,5.113142784970213e-09,227230,30,200,1,discreta_global,"(mu,lambda)",0.3
EE,potencias,3,1136,5.110595848786956e-09,227430,30,200,1,discreta_global,"(mu,lambda)",0.3
EE,potencias,3,1137,5.110094446702944e-09,227630,30,200,1,discreta_global,"(mu,lambda)",0.3
EE,potencias,3,1138,5.109428682447428e-09,227830,30,200,1,discreta_global,"(mu,lambda)",0.3
EE,potencias,3,1139,5.108895300930787e-09,228030,30,200,1,discreta_global,"(mu,lambda)",0.3
EE,potencias,3,1140,5.1086443025535475e-09,228230,30,200,1,discreta_global,"(mu,lambda)",0.3
EE,potencias,3,1141,5.107191596757961e-09,228430,30,200,1,discreta_global,"(mu,lambda)",0.3
EE,potencias,3,1142,5.10651850046561e-09,228630,30,200,1,discreta_global,"(mu,lambda)",0.3
EE,potencias,3,1143,5.10435713306839e-09,228830,30,200,1,discreta_global,"(mu,lambda)",0.3
EE,potencias,3,1144,5.103893460455724e-09,229030,30,200,1,discreta_global,"(mu,lambda)",0.3
EE,potencias,3,1145,5.1034026821528764e-09,229230,30,200,1,discreta_global,"(mu,lambda)",0.3
EE,potencias,3,1146,5.103085292137646e-09,229430,30,200,1,discreta_global,"(mu,lambda)",0.3
EE,potencias,3,1147,5.1029516413126834e-09,229630,30,200,1,discreta_global,"(mu,lambda)",0.3
EE,potencias,3,1148,5.102763175676181e-09,229830,30,200,1,discreta_global,"(mu,lambda)",0.3
EE,potencias,3,1149,5.102527799952686e-09,230030,30,200,1,discreta_global,"(mu,lambda)",0.3
EE,potencias,3,1150,5.102332579769837e-09,230230,30,200,1,discreta_global,"(mu,lambda)",0.3
EE,potencias,3,1151,5.101842706204344e-09,230430,30,200,1,discreta_global,"(mu,lambda)",0.3
EE,potencias,3,1152,5.101546892558035e-09,230630,30,200,1,discreta_global,"(mu,lambda)",0.3
EE,potencias,3,1153,5.101308643983946e-09,230830,30,200,1,discreta_global,"(mu,lambda)",0.3
EE,potencias,3,1154,5.101278574389141e-09,231030,30,200,1,discreta_global,"(mu,lambda)",0.3
EE,potencias,3,1155,5.100646900376398e-09,231230,30,200,1,discreta_global,"(mu,lambda)",0.3
EE,potencias,3,1156,5.1000228921118055e-09,231430,30,200,1,discreta_global,"(mu,lambda)",0.3
EE,potencias,3,1157,5.098745476298067e-09,231630,30,200,1,discreta_global,"(mu,lambda)",0.3
EE,potencias,3,1158,5.0983571086514515e-09,231830,30,200,1,discreta_global,"(mu,lambda)",0.3
EE,potencias,3,1159,5.097665396216959e-09,232030,30,200,1,discreta_global,"(mu,lambda)",0.3
EE,potencias,3,1160,5.096487714950485e-09,232230,30,200,1,discreta_global,"(mu,lambda)",0.3
EE,potencias,3,1161,5.0954193289872235e-09,232430,30,200,1,discreta_global,"(mu,lambda)",0.3
EE,potencias,3,1162,5.09495465474233e-09,232630,30,200,1,discreta_global,"(mu,lambda)",0.3
EE,potencias,3,1163,5.09319507835309e-09,232830,30,200,1,discreta_global,"(mu,lambda)",0.3
EE,potencias,3,1164,5.093271321376395e-09,233030,30,200,1,discreta_global,"(mu,lambda)",0.3
EE,potencias,3,1165,5.091890338656927e-09,233230,30,200,1,discreta_global,"(mu,lambda)",0.3
EE,potencias,3,1166,5.0908666550234046e-09,233430,30,200,1,discreta_global,"(mu,lambda)",0.3
EE,potencias,3,1167,5.089312461484748e-09,233630,30,200,1,discreta_global,"(mu,lambda)",0.3
EE,potencias,3,1168,5.088832991743171e-09,233830,30,200,1,discreta_global,"(mu,lambda)",0.3
EE,potencias,3,1169,5.088059469577954e-09,234030,30,200,1,discreta_global,"(mu,lambda)",0.3
EE,potencias,3,1170,5.087852097548163e-09,234230,30,200,1,discreta_global,"(mu,lambda)",0.3
EE,potencias,3,1171,5.087077160497182e-09,234430,30,200,1,discreta_global,"(mu,lambda)",0.3
EE,potencias,3,1172,5.085857015237214e-09,234630,30,200,1,discreta_global,"(mu,lambda)",0.3
EE,potencias,3,1173,5.085401285310649e-09,234830,30,200,1,discreta_global,"(mu,lambda)",0.3
EE,potencias,3,1174,5.085150659637231e-09,235030,30,200,1,discreta_global,"(mu,lambda)",0.3
EE,potencias,3,1175,5.0843235302705405e-09,235230,30,200,1,discreta_global,"(mu,lambda)",0.3
EE,potencias,3,1176,5.083433278179843e-09,235430,30,200,1,discreta_global,"(mu,lambda)",0.3
EE,potencias,3,1177,5.08229829210004e-09,235630,30,200,1,discreta_global,"(mu,lambda)",0.3
EE,potencias,3,1178,5.081518600915713e-09,235830,30,200,1,discreta_global,"(mu,lambda)",0.3
EE,potencias,3,1179,5.080825226942177e-09,236030,30,200,1,discreta_global,"(mu,lambda)",0.3
EE,potencias,3,1180,5.0807034356411784e-09,236230,30,200,1,discreta_global,"(mu,lambda)",0.3
EE,potencias,3,1181,5.0800872074151005e-09,236430,30,200,1,discreta_global,"(mu,lambda)",0.3
EE,potencias,3,1182,5.079994360803096e-09,236630,30,200,1,discreta_global,"(mu,lambda)",0.3
EE,potencias,3,1183,5.079675325899171e-09,236830,30,200,1,discreta_global,"(mu,lambda)",0.3
EE,potencias,3,1184,5.079387359916977e-09,237030,30,200,1,discreta_global,"(mu,lambda)",0.3
EE,potencias,3,1185,5.07920291573841e-09,237230,30,200,1,discreta_global,"(mu,lambda)",0.3
EE,potencias,3,1186,5.078673353939487e-09,237430,30,200,1,discreta_global,"(mu,lambda)",0.3
EE,potencias,3,1187,5.077858039535184e-09,237630,30,200,1,discreta_global,"(mu,lambda)",0.3
EE,potencias,3,1188,5.0762581395368376e-09,237830,30,200,1,discreta_global,"(mu,lambda)",0.3
EE,potencias,3,1189,5.0765133045005906e-09,238030,30,200,1,discreta_global,"(mu,lambda)",0.3
EE,potencias,3,1190,5.0753219006286465e-09,238230,30,200,1,discreta_global,"(mu,lambda)",0.3
EE,potencias,3,1191,5.073989554376571e-09,238430,30,200,1,discreta_global,"(mu,lambda)",0.3
EE,potencias,3,1192,5.072983770301196e-09,238630,30,200,1,discreta_global,"(mu,lambda)",0.3
EE,potencias,3,1193,5.07290589001835e-09,238830,30,200,1,discreta_global,"(mu,lambda)",0.3
EE,potencias,3,1194,5.072354789969108e-09,239030,30,200,1,discreta_global,"(mu,lambda)",0.3
EE,potencias,3,1195,5.071915158700998e-09,239230,30,200,1,discreta_global,"(mu,lambda)",0.3
EE,potencias,3,1196,5.071637921842777e-09,239430,30,200,1,discreta_global,"(mu,lambda)",0.3
EE,potencias,3,1197,5.071271808915512e-09,239630,30,200,1,discreta_global,"(mu,lambda)",0.3
EE,potencias,3,1198,5.07101508798544e-09,239830,30,200,1,discreta_global,"(mu,lambda)",0.3
EE,potencias,3,1199,5.070747283815776e-09,240030,30,200,1,discreta_global,"(mu,lambda)",0.3
EE,potencias,4,0,358413.3803523286,230,30,200,1,discreta_global,"(mu,lambda)",0.3
EE,potencias,4,1,160413.85259434668,430,30,200,1,discreta_global,"(mu,lambda)",0.3
EE,potencias,4,2,9958.112575511586,630,30,200,1,discreta_global,"(mu,lambda)",0.3
EE,potencias,4,3,1871.6827633828052,830,30,200,1,discreta_global,"(mu,lambda)",0.3
EE,potencias,4,4,371.13321511417615,1030,30,200,1,discreta_global,"(mu,lambda)",0.3
EE,potencias,4,5,165.29905830591085,1230,30,200,1,discreta_global,"(mu,lambda)",0.3
EE,potencias,4,6,89.36607142707678,1430,30,200,1,discreta_global,"(mu,lambda)",0.3
EE,potencias,4,7,17.7784953083273,1630,30,200,1,discreta_global,"(mu,lambda)",0.3
EE,potencias,4,8,10.399170646637513,1830,30,200,1,discreta_global,"(mu,lambda)",0.3
EE,potencias,4,9,6.390024239667458,2030,30,200,1,discreta_global,"(mu,lambda)",0.3
EE,potencias,4,10,2.928308792468402,2230,30,200,1,discreta_global,"(mu,lambda)",0.3
EE,potencias,4,11,0.6111821639156547,2430,30,200,1,discreta_global,"(mu,lambda)",0.3
EE,potencias,4,12,0.33672848348154066,2630,30,200,1,discreta_global,"(mu,lambda)",0.3
EE,potencias,4,13,0.19558884110520394,2830,30,200,1,discreta_global,"(mu,lambda)",0.3
EE,potencias,4,14,0.02332759495434144,3030,30,200,1,discreta_global,"(mu,lambda)",0.3
EE,potencias,4,15,0.008817175065077036,3230,30,200,1,discreta_global,"(mu,lambda)",0.3
EE,potencias,4,16,0.006798810703667419,3430,30,200,1,discreta_global,"(mu,lambda)",0.3
EE,potencias,4,17,0.0008638520268494665,3630,30,200,1,discreta_global,"(mu,lambda)",0.3
EE,potencias,4,18,0.0006866383767075362,3830,30,200,1,discreta_global,"(mu,lambda)",0.3
EE,potencias,4,19,0.00018294870474182205,4030,30,200,1,discreta_global,"(mu,lambda)",0.3
EE,potencias,4,20,3.304758310408782e-05,4230,30,200,1,discreta_global,"(mu,lambda)",0.3
EE,potencias,4,21,2.9926101319005036e-05,4430,30,200,1,discreta_global,"(mu,lambda)",0.3
EE,potencias,4,22,1.0721650208492421e-05,4630,30,200,1,discreta_global,"(mu,lambda)",0.3
EE,potencias,4,23,6.783100749141921e-06,4830,30,200,1,discreta_global,"(mu,lambda)",0.3
EE,potencias,4,24,3.7679892871221912e-06,5030,30,200,1,discreta_global,"(mu,lambda)",0.3
EE,potencias,4,25,1.417483333634664e-06,5230,30,200,1,discreta_global,"(mu,lambda)",0.3
EE,potencias,4,26,1.3608640583863633e-06,5430,30,200,1,discreta_global,"(mu,lambda)",0.3
EE,potencias,4,27,5.231908608679769e-07,5630,30,200,1,discreta_global,"(mu,lambda)",0.3
EE,potencias,4,28,4.195566391911202e-07,5830,30,200,1,discreta_global,"(mu,lambda)",0.3
EE,potencias,4,29,1.8781437584753656e-07,6030,30,200,1,discreta_global,"(mu,lambda)",0.3
EE,potencias,4,30,1.8134870850549893e-07,6230,30,200,1,discreta_global,"(mu,lambda)",0.3
EE,potencias,4,31,1.0626483496951088e-07,6430,30,200,1,discreta_global,"(mu,lambda)",0.3
EE,potencias,4,32,6.34027262974197e-08,6630,30,200,1,discreta_global,"(mu,lambda)",0.3
EE,potencias,4,33,3.5369421725327616e-08,6830,30,200,1,discreta_global,"(mu,lambda)",0.3
EE,potencias,4,34,3.677716193728457e-08,7030,30,200,1,discreta_global,"(mu,lambda)",0.3
EE,potencias,4,35,3.293143429079541e-08,7230,30,200,1,discreta_global,"(mu,lambda)",0.3
EE,potencias,4,36,3.287109664661662e-08,7430,30,200,1,discreta_global,"(mu,lambda)",0.3
EE,potencias,4,37,3.2575581183397564e-08,7630,30,200,1,discreta_global,"(mu,lambda)",0.3
EE,potencias,4,38,3.214874657451987e-08,7830,30,200,1,discreta_global,"(mu,lambda)",0.3
EE,potencias,4,39,3.203735969936765e-08,8030,30,200,1,discreta_global,"(mu,lambda)",0.3
EE,potencias,4,40,3.193196917081008e-08,8230,30,200,1,discreta_global,"(mu,lambda)",0.3
EE,potencias,4,41,3.189565245234049e-08,8430,30,200,1,discreta_global,"(mu,lambda)",0.3
EE,potencias,4,42,3.183503434489909e-08,8630,30,200,1,discreta_global,"(mu,lambda)",0.3
EE,potencias,4,43,3.181067047889242e-08,8830,30,200,1,discreta_global,"(mu,lambda)",0.3
EE,potencias,4,44,3.179314223528695e-08,9030,30,200,1,discreta_global,"(mu,lambda)",0.3
EE,potencias,4,45,3.1778651417096143e-08,9230,30,200,1,discreta_global,"(mu,lambda)",0.3
EE,potencias,4,46,3.1751402733071705e-08,9430,30,200,1,discreta_global,"(mu,lambda)",0.3
EE,potencias,4,47,3.171901716788041e-08,9630,30,200,1,discreta_global,"(mu,lambda)",0.3
EE,potencias,4,48,3.170764350694473e-08,9830,30,200,1,discreta_global,"(mu,lambda)",0.3
EE,potencias,4,49,3.1704977409027056e-08,10030,30,200,1,discreta_global,"(mu,lambda)",0.3
EE,potencias,4,50,3.169564917668426e-08,10230,30,200,1,discreta_global,"(mu,lambda)",0.3
EE,potencias,4,51,3.1685549218434585e-08,10430,30,200,1,discreta_global,"(mu,lambda)",0.3
EE,potencias,4,52,3.168022491710415e-08,10630,30,200,1,discreta_global,"(mu,lambda)",0.3
EE,potencias,4,53,3.167452132150854e-08,10830,30,200,1,discreta_global,"(mu,lambda)",0.3
EE,potencias,4,54,3.167345958863999e-08,11030,30,200,1,discreta_global,"(mu,lambda)",0.3
EE,potencias,4,55,3.1665393665866935e-08,11230,30,200,1,discreta_global,"(mu,lambda)",0.3
EE,potencias,4,56,3.165899537200557e-08,11430,30,200,1,discreta_global,"(mu,lambda)",0.3
EE,potencias,4,57,3.164552757554812e-08,11630,30,200,1,discreta_global,"(mu,lambda)",0.3
EE,potencias,4,58,3.161189690816732e-08,11830,30,200,1,discreta_global,"(mu,lambda)",0.3
EE,potencias,4,59,3.1609575831963784e-08,12030,30,200,1,discreta_global,"(mu,lambda)",0.3
EE,potencias,4,60,3.160234889884452e-08,12230,30,200,1,discreta_global,"(mu,lambda)",0.3
EE,potencias,4,61,3.159906564902644e-08,12430,30,200,1,discreta_global,"(mu,lambda)",0.3
EE,potencias,4,62,3.159426620604456e-08,12630,30,200,1,discreta_global,"(mu,lambda)",0.3
EE,potencias,4,63,3.158652753182254e-08,12830,30,200,1,discreta_global,"(mu,lambda)",0.3
EE,potencias,4,64,3.1579871362874246e-08,13030,30,200,1,discreta_global,"(mu,lambda)",0.3
EE,potencias,4,65,3.1571088518711185e-08,13230,30,200,1,discreta_global,"(mu,lambda)",0.3
EE,potencias,4,66,3.156402263026342e-08,13430,30,200,1,discreta_global,"(mu,lambda)",0.3
EE,potencias,4,67,3.155625191477796e-08,13630,30,200,1,discreta_global,"(mu,lambda)",0.3
EE,potencias,4,68,3.155564915903891e-08,13830,30,200,1,discreta_global,"(mu,lambda)",0.3
EE,potencias,4,69,3.1552189502746864e-08,14030,30,200,1,discreta_global,"(mu,lambda)",0.3
EE,potencias,4,70,3.1547594386026136e-08,14230,30,200,1,discreta_global,"(mu,lambda)",0.3
EE,potencias,4,71,3.1544528136606976e-08,14430,30,200,1,discreta_global,"(mu,lambda)",0.3
EE,potencias,4,72,3.1542166543978845e-08,14630,30,200,1,discreta_global,"(mu,lambda)",0.3
EE,potencias,4,73,3.1540334369017617e-08,14830,30,200,1,discreta_global,"(mu,lambda)",0.3
EE,potencias,4,74,3.153630934936993e-08,15030,30,200,1,discreta_global,"(mu,lambda)",0.3
EE,potencias,4,75,3.153316821700199e-08,15230,30,200,1,discreta_global,"(mu,lambda)",0.3
EE,potencias,4,76,3.1529713162514576e-08,15430,30,200,1,discreta_global,"(mu,lambda)",0.3
EE,potencias,4,77,3.152703999661027e-08,15630,30,200,1,discreta_global,"(mu,lambda)",0.3
EE,potencias,4,78,3.152497110653406e-08,15830,30,200,1,discreta_global,"(mu,lambda)",0.3
EE,potencias,4,79,3.15222416811103e-08,16030,30,200,1,discreta_global,"(mu,lambda)",0.3
EE,potencias,4,80,3.151878648642352e-08,16230,30,200,1,discreta_global,"(mu,lambda)",0.3
EE,potencias,4,81,3.151537788586549e-08,16430,30,200,1,discreta_global,"(mu,lambda)",0.3
EE,potencias,4,82,3.151061500594201e-08,16630,30,200,1,discreta_global,"(mu,lambda)",0.3
EE,potencias,4,83,3.150534725633048e-08,16830,30,200,1,discreta_global,"(mu,lambda)",0.3
EE,potencias,4,84,3.1501665079226686e-08,17030,30,200,1,discreta_global,"(mu,lambda)",0.3
EE,potencias,4,85,3.149795767357256e-08,17230,30,200,1,discreta_global,"(mu,lambda)",0.3
EE,potencias,4,86,3.149356874335935e-08,17430,30,200,1,discreta_global,"(mu,lambda)",0.3
EE,potencias,4,87,3.1483396792433956e-08,17630,30,200,1,discreta_global,"(mu,lambda)",0.3
EE,potencias,4,88,3.147645800931623e-08,17830,30,200,1,discreta_global,"(mu,lambda)",0.3
EE,potencias,4,89,3.146861204438155e-08,18030,30,200,1,discreta_global,"(mu,lambda)",0.3
EE,potencias,4,90,3.145436658714188e-08,18230,30,200,1,discreta_global,"(mu,lambda)",0.3
EE,potencias,4,91,3.1449700425235643e-08,18430,30,200,1,discreta_global,"(mu,lambda)",0.3
EE,potencias,4,92,3.1440057832069605e-08,18630,30,200,1,discreta_global,"(mu,lambda)",0.3
EE,potencias,4,93,3.1437868661559305e-08,18830,30,200,1,discreta_global,"(mu,lambda)",0.3
EE,potencias,4,94,3.143164151076925e-08,19030,30,200,1,discreta_global,"(mu,lambda)",0.3
EE,potencias,4,95,3.142856037737984e-08,19230,30,200,1,discreta_global,"(mu,lambda)",0.3
EE,potencias,4,96,3.142579218572579e-08,19430,30,200,1,discreta_global,"(mu,lambda)",0.3
EE,potencias,4,97,3.1423427744887884e-08,19630,30,200,1,discreta_global,"(mu,lambda)",0.3
EE,potencias,4,98,3.142054286004469e-08,19830,30,200,1,discreta_global,"(mu,lambda)",0.3
EE,potencias,4,99,3.141938401788976e-08,20030,30,200,1,discreta_global,"(mu,lambda)",0.3
EE,potencias,4,100,3.1418177863230206e-08,20230,30,200,1,discreta_global,"(mu,lambda)",0.3
EE,potencias,4,101,3.14090337960547e-08,20430,30,200,1,discreta_global,"(mu,lambda)",0.3
EE,potencias,4,102,3.140337654234281e-08,20630,30,200,1,discreta_global,"(mu,lambda)",0.3
EE,potencias,4,103,3.1400822124273095e-08,20830,30,200,1,discreta_global,"(mu,lambda)",0.3
EE,potencias,4,104,3.140117181179575e-08,21030,30,200,1,discreta_global,"(mu,lambda)",0.3
EE,potencias,4,105,3.139360954744653e-08,21230,30,200,1,discreta_global,"(mu,lambda)",0.3
EE,potencias,4,106,3.139206031448522e-08,21430,30,200,1,discreta_global,"(mu,lambda)",0.3
EE,potencias,4,107,3.1386866233977663e-08,21630,30,200,1,discreta_global,"(mu,lambda)",0.3
EE,potencias,4,108,3.1380368475045913e-08,21830,30,200,1,discreta_global,"(mu,lambda)",0.3
EE,potencias,4,109,3.137986556701934e-08,22030,30,200,1,discreta_global,"(mu,lambda)",0.3
EE,potencias,4,110,3.1370653113708e-08,22230,30,200,1,discreta_global,"(mu,lambda)",0.3
EE,potencias,4,111,3.1368720130213413e-08,22430,30,200,1,discreta_global,"(mu,lambda)",0.3
EE,potencias,4,112,3.136673206778132e-08,22630,30,200,1,discreta_global,"(mu,lambda)",0.3
EE,potencias,4,113,3.1355518020595465e-08,22830,30,200,1,discreta_global,"(mu,lambda)",0.3
EE,potencias,4,114,3.135529655724649e-08,23030,30,200,1,discreta_global,"(mu,lambda)",0.3
EE,potencias,4,115,3.1354653502964555e-08,23230,30,200,1,discreta_global,"(mu,lambda)",0.3
EE,potencias,4,116,3.134913016364045e-08,23430,30,200,1,discreta_global,"(mu,lambda)",0.3
EE,potencias,4,117,3.1348867663913416e-08,23630,30,200,1,discreta_global,"(mu,lambda)",0.3
EE,potencias,4,118,3.13465216585241e-08,23830,30,200,1,discreta_global,"(mu,lambda)",0.3
EE,potencias,4,119,3.134018725332124e-08,24030,30,200,1,discreta_global,"(mu,lambda)",0.3
EE,potencias,4,120,3.1339220179949666e-08,24230,30,200,1,discreta_global,"(mu,lambda)",0.3
EE,potencias,4,121,3.133088628911479e-08,24430,30,200,1,discreta_global,"(mu,lambda)",0.3
EE,potencias,4,122,3.130126879359451e-08,24630,30,200,1,discreta_global,"(mu,lambda)",0.3
EE,potencias,4,123,3.1294146548229445e-08,24830,30,200,1,discreta_global,"(mu,lambda)",0.3
EE,potencias,4,124,3.1286652873051545e-08,25030,30,200,1,discreta_global,"(mu,lambda)",0.3
EE,potencias,4,125,3.128047052708879e-08,25230,30,200,1,discreta_global,"(mu,lambda)",0.3
EE,potencias,4,126,3.1269591367212255e-08,25430,30,200,1,discreta_global,"(mu,lambda)",0.3
EE,potencias,4,127,3.1267174605815706e-08,25630,30,200,1,discreta_global,"(mu,lambda)",0.3
EE,potencias,4,128,3.1262027547740636e-08,25830,30,200,1,discreta_global,"(mu,lambda)",0.3
EE,potencias,4,129,3.1256588468254545e-08,26030,30,200,1,discreta_global,"(mu,lambda)",0.3
EE,potencias,4,130,3.125595247380058e-08,26230,30,200,1,discreta_global,"(mu,lambda)",0.3
EE,potencias,4,131,3.125040075403604e-08,26430,30,200,1,discreta_global,"(mu,lambda)",0.3
EE,potencias,4,132,3.1249180839096866e-08,26630,30,200,1,discreta_global,"(mu,lambda)",0.3
EE,potencias,4,133,3.124245502033496e-08,26830,30,200,1,discreta_global,"(mu,lambda)",0.3
EE,potencias,4,134,3.1236270528790436e-08,27030,30,200,1,discreta_global,"(mu,lambda)",0.3
EE,potencias,4,135,3.123201779121212e-08,27230,30,200,1,discreta_global,"(mu,lambda)",0.3
EE,potencias,4,136,3.123043551626101e-08,27430,30,200,1,discreta_global,"(mu,lambda)",0.3
EE,potencias,4,137,3.1227012981988605e-08,27630,30,200,1,discreta_global,"(mu,lambda)",0.3
EE,potencias,4,138,3.121963961551853e-08,27830,30,200,1,discreta_global,"(mu,lambda)",0.3
EE,potencias,4,139,3.121505719095773e-08,28030,30,200,1,discreta_global,"(mu,lambda)",0.3
EE,potencias,4,140,3.121056494003217e-08,28230,30,200,1,discreta_global,"(mu,lambda)",0.3
EE,potencias,4,141,3.120848645685615e-08,28430,30,200,1,discreta_global,"(mu,lambda)",0.3
EE,potencias,4,142,3.120345379230316e-08,28630,30,200,1,discreta_global,"(mu,lambda)",0.3
EE,potencias,4,143,3.12003873544467e-08,28830,30,200,1,discreta_global,"(mu,lambda)",0.3
EE,potencias,4,144,3.119124953985266e-08,29030,30,200,1,discreta_global,"(mu,lambda)",0.3
EE,potencias,4,145,3.1190372942147974e-08,29230,30,200,1,discreta_global,"(mu,lambda)",0.3
EE,potencias,4,146,3.118903352226167e-08,29430,30,200,1,discreta_global,"(mu,lambda)",0.3
EE,potencias,4,147,3.117751563658689e-08,29630,30,200,1,discreta_global,"(mu,lambda)",0.3
EE,potencias,4,148,3.1175246589355756e-08,29830,30,200,1,discreta_global,"(mu,lambda)",0.3
EE,potencias,4,149,3.117429461390086e-08,30030,30,200,1,discreta_global,"(mu,lambda)",0.3
EE,potencias,4,150,3.117136010304952e-08,30230,30,200,1,discreta_global,"(mu,lambda)",0.3
EE,potencias,4,151,3.1171075664442895e-08,30430,30,200,1,discreta_global,"(mu,lambda)",0.3
EE,potencias,4,152,3.116771071624105e-08,30630,30,200,1,discreta_global,"(mu,lambda)",0.3
EE,potencias,4,153,3.116480205519131e-08,30830,30,200,1,discreta_global,"(mu,lambda)",0.3
EE,potencias,4,154,3.116089766054318e-08,31030,30,200,1,discreta_global,"(mu,lambda)",0.3
EE,potencias,4,155,3.1153293994261016e-08,31230,30,200,1,discreta_global,"(mu,lambda)",0.3
EE,potencias,4,156,3.114609379706596e-08,31430,30,200,1,discreta_global,"(mu,lambda)",0.3
EE,potencias,4,157,3.114059788123488e-08,31630,30,200,1,discreta_global,"(mu,lambda)",0.3
EE,potencias,4,158,3.1129452648324714e-08,31830,30,200,1,discreta_global,"(mu,lambda)",0.3
EE,potencias,4,159,3.112400492208119e-08,32030,30,200,1,discreta_global,"(mu,lambda)",0.3
EE,potencias,4,160,3.112322192018407e-08,32230,30,200,1,discreta_global,"(mu,lambda)",0.3
EE,potencias,4,161,3.1120729813512e-08,32430,30,200,1,discreta_global,"(mu,lambda)",0.3
EE,potencias,4,162,3.111437695061284e-08,32630,30,200,1,discreta_global,"(mu,lambda)",0.3
EE,potencias,4,163,3.110699898451491e-08,32830,30,200,1,discreta_global,"(mu,lambda)",0.3
EE,potencias,4,164,3.110755127577664e-08,33030,30,200,1,discreta_global,"(mu,lambda)",0.3
EE,potencias,4,165,3.1103393583926554e-08,33230,30,200,1,discreta_global,"(mu,lambda)",0.3
EE,potencias,4,166,3.109855341020454e-08,33430,30,200,1,discreta_global,"(mu,lambda)",0.3
EE,potencias,4,167,3.109291251318281e-08,33630,30,200,1,discreta_global,"(mu,lambda)",0.3
EE,potencias,4,168,3.1088716141272724e-08,33830,30,200,1,discreta_global,"(mu,lambda)",0.3
EE,potencias,4,169,3.1082208473414205e-08,34030,30,200,1,discreta_global,"(mu,lambda)",0.3
EE,potencias,4,170,3.10699608650923e-08,34230,30,200,1,discreta_global,"(mu,lambda)",0.3
EE,potencias,4,171,3.106788210623194e-08,34430,30,200,1,discreta_global,"(mu,lambda)",0.3
EE,potencias,4,172,3.106024837312253e-08,34630,30,200,1,discreta_global,"(mu,lambda)",0.3
EE,potencias,4,173,3.1056533693928187e-08,34830,30,200,1,discreta_global,"(mu,lambda)",0.3
EE,potencias,4,174,3.10502806647407e-08,35030,30,200,1,discreta_global,"(mu,lambda)",0.3
EE,potencias,4,175,3.104941880604971e-08,35230,30,200,1,discreta_global,"(mu,lambda)",0.3
EE,potencias,4,176,3.104332037041993e-08,35430,30,200,1,discreta_global,"(mu,lambda)",0.3
EE,potencias,4,177,3.1039719434841614e-08,35630,30,200,1,discreta_global,"(mu,lambda)",0.3
EE,potencias,4,178,3.103245937695324e-08,35830,30,200,1,discreta_global,"(mu,lambda)",0.3
EE,potencias,4,179,3.101486621685505e-08,36030,30,200,1,discreta_global,"(mu,lambda)",0.3
EE,potencias,4,180,3.1014045080888966e-08,36230,30,200,1,discreta_global,"(mu,lambda)",0.3
EE,potencias,4,181,3.1011084622307773e-08,36430,30,200,1,discreta_global,"(mu,lambda)",0.3
EE,potencias,4,182,3.099866980773008e-08,36630,30,200,1,discreta_global,"(mu,lambda)",0.3
EE,potencias,4,183,3.099286254017333e-08,36830,30,200,1,discreta_global,"(mu,lambda)",0.3
EE,potencias,4,184,3.098005812702928e-08,37030,30,200,1,discreta_global,"(mu,lambda)",0.3
EE,potencias,4,185,3.097671912694538e-08,37230,30,200,1,discreta_global,"(mu,lambda)",0.3
EE,potencias,4,186,3.0976720250045744e-08,37430,30,200,1,discreta_global,"(mu,lambda)",0.3
EE,potencias,4,187,3.097002271086403e-08,37630,30,200,1,discreta_global,"(mu,lambda)",0.3
EE,potencias,4,188,3.096841131625648e-08,37830,30,200,1,discreta_global,"(mu,lambda)",0.3
EE,potencias,4,189,3.0966965236530087e-08,38030,30,200,1,discreta_global,"(mu,lambda)",0.3
EE,potencias,4,190,3.09617721692137e-08,38230,30,200,1,discreta_global,"(mu,lambda)",0.3
EE,potencias,4,191,3.0957319420194195e-08,38430,30,200,1,discreta_global,"(mu,lambda)",0.3
EE,potencias,4,192,3.095395727252292e-08,38630,30,200,1,discreta_global,"(mu,lambda)",0.3
EE,potencias,4,193,3.095160031374245e-08,38830,30,200,1,discreta_global,"(mu,lambda)",0.3
EE,potencias,4,194,3.094415217629329e-08,39030,30,200,1,discreta_global,"(mu,lambda)",0.3
EE,potencias,4,195,3.094355469879762e-08,39230,30,200,1,discreta_global,"(mu,lambda)",0.3
EE,potencias,4,196,3.0922410153891436e-08,39430,30,200,1,discreta_global,"(mu,lambda)",0.3
EE,potencias,4,197,3.0920646520190424e-08,39630,30,200,1,discreta_global,"(mu,lambda)",0.3
EE,potencias,4,198,3.091782948311727e-08,39830,30,200,1,discreta_global,"(mu,lambda)",0.3
EE,potencias,4,199,3.0917897440145904e-08,40030,30,200,1,discreta_global,"(mu,lambda)",0.3
EE,potencias,4,200,3.091692071909839e-08,40230,30,200,1,discreta_global,"(mu,lambda)",0.3
EE,potencias,4,201,3.091610748089129e-08,40430,30,200,1,discreta_global,"(mu,lambda)",0.3
EE,potencias,4,202,3.0913131483272556e-08,40630,30,200,1,discreta_global,"(mu,lambda)",0.3
EE,potencias,4,203,3.0912676826747616e-08,40830,30,200,1,discreta_global,"(mu,lambda)",0.3
EE,potencias,4,204,3.0910248005959105e-08,41030,30,200,1,discreta_global,"(mu,lambda)",0.3
EE,potencias,4,205,3.090853424758071e-08,41230,30,200,1,discreta_global,"(mu,lambda)",0.3
EE,potencias,4,206,3.0902498169695296e-08,41430,30,200,1,discreta_global,"(mu,lambda)",0.3
EE,potencias,4,207,3.0899683621263125e-08,41630,30,200,1,discreta_global,"(mu,lambda)",0.3
EE,potencias,4,208,3.088860283967766e-08,41830,30,200,1,discreta_global,"(mu,lambda)",0.3
EE,potencias,4,209,3.0887621043256656e-08,42030,30,200,1,discreta_global,"(mu,lambda)",0.3
EE,potencias,4,210,3.088625725276141e-08,42230,30,200,1,discreta_global,"(mu,lambda)",0.3
EE,potencias,4,211,3.088161218261304e-08,42430,30,200,1,discreta_global,"(mu,lambda)",0.3
EE,potencias,4,212,3.0877489758254914e-08,42630,30,200,1,discreta_global,"(mu,lambda)",0.3
EE,potencias,4,213,3.08708620414722e-08,42830,30,200,1,discreta_global,"(mu,lambda)",0.3
EE,potencias,4,214,3.086867482876833e-08,43030,30,200,1,discreta_global,"(mu,lambda)",0.3
EE,potencias,4,215,3.0867887226285384e-08,43230,30,200,1,discreta_global,"(mu,lambda)",0.3
EE,potencias,4,216,3.086539176258812e-08,43430,30,200,1,discreta_global,"(mu,lambda)",0.3
EE,potencias,4,217,3.0855023108786286e-08,43630,30,200,1,discreta_global,"(mu,lambda)",0.3
EE,potencias,4,218,3.0853061645426084e-08,43830,30,200,1,discreta_global,"(mu,lambda)",0.3
EE,potencias,4,219,3.08497511073381e-08,44030,30,200,1,discreta_global,"(mu,lambda)",0.3
EE,potencias,4,220,3.0844471387911407e-08,44230,30,200,1,discreta_global,"(mu,lambda)",0.3
EE,potencias,4,221,3.08433673497736e-08,44430,30,200,1,discreta_global,"(mu,lambda)",0.3
EE,potencias,4,222,3.083888682366494e-08,44630,30,200,1,discreta_global,"(mu,lambda)",0.3
EE,potencias,4,223,3.083556942970993e-08,44830,30,200,1,discreta_global,"(mu,lambda)",0.3
EE,potencias,4,224,3.083093691037155e-08,45030,30,200,1,discreta_global,"(mu,lambda)",0.3
EE,potencias,4,225,3.082761945159718e-08,45230,30,200,1,discreta_global,"(mu,lambda)",0.3
EE,potencias,4,226,3.081671480938568e-08,45430,30,200,1,discreta_global,"(mu,lambda)",0.3
EE,potencias,4,227,3.080933628593307e-08,45630,30,200,1,discreta_global,"(mu,lambda)",0.3
EE,potencias,4,228,3.0799166052367074e-08,45830,30,200,1,discreta_global,"(mu,lambda)",0.3
EE,potencias,4,229,3.078703193833321e-08,46030,30,200,1,discreta_global,"(mu,lambda)",0.3
EE,potencias,4,230,3.0780762583710984e-08,46230,30,200,1,discreta_global,"(mu,lambda)",0.3
EE,potencias,4,231,3.077897127851623e-08,46430,30,200,1,discreta_global,"(mu,lambda)",0.3
EE,potencias,4,232,3.077759978220115e-08,46630,30,200,1,discreta_global,"(mu,lambda)",0.3
EE,potencias,4,233,3.077405531575691e-08,46830,30,200,1,discreta_global,"(mu,lambda)",0.3
EE,potencias,4,234,3.0771610392924655e-08,47030,30,200,1,discreta_global,"(mu,lambda)",0.3
EE,potencias,4,235,3.076911916334566e-08,47230,30,200,1,discreta_global,"(mu,lambda)",0.3
EE,potencias,4,236,3.076375822940649e-08,47430,30,200,1,discreta_global,"(mu,lambda)",0.3
EE,potencias,4,237,3.07608846138293e-08,47630,30,200,1,discreta_global,"(mu,lambda)",0.3
EE,potencias,4,238,3.075911444296895e-08,47830,30,200,1,discreta_global,"(mu,lambda)",0.3
EE,potencias,4,239,3.0754957791665027e-08,48030,30,200,1,discreta_global,"(mu,lambda)",0.3
EE,potencias,4,240,3.075212302277817e-08,48230,30,200,1,discreta_global,"(mu,lambda)",0.3
EE,potencias,4,241,3.074875413160849e-08,48430,30,200,1,discreta_global,"(mu,lambda)",0.3
EE,potencias,4,242,3.074135552957879e-08,48630,30,200,1,discreta_global,"(mu,lambda)",0.3
EE,potencias,4,243,3.0730238687294605e-08,48830,30,200,1,discreta_global,"(mu,lambda)",0.3
EE,potencias,4,244,3.072772236052929e-08,49030,30,200,1,discreta_global,"(mu,lambda)",0.3
EE,potencias,4,245,3.0713873819497225e-08,49230,30,200,1,discreta_global,"(mu,lambda)",0.3
EE,potencias,4,246,3.0701195476078664e-08,49430,30,200,1,discreta_global,"(mu,lambda)",0.3
EE,potencias,4,247,3.068523770982147e-08,49630,30,200,1,discreta_global,"(mu,lambda)",0.3
EE,potencias,4,248,3.063843492185693e-08,49830,30,200,1,discreta_global,"(mu,lambda)",0.3
EE,potencias,4,249,3.062608296718129e-08,50030,30,200,1,discreta_global,"(mu,lambda)",0.3
EE,potencias,4,250,3.062501134117721e-08,50230,30,200,1,discreta_global,"(mu,lambda)",0.3
EE,potencias,4,251,3.061961951662557e-08,50430,30,200,1,discreta_global,"(mu,lambda)",0.3
EE,potencias,4,252,3.061395401873711e-08,50630,30,200,1,discreta_global,"(mu,lambda)",0.3
EE,potencias,4,253,3.0605579356388945e-08,50830,30,200,1,discreta_global,"(mu,lambda)",0.3
EE,potencias,4,254,3.0596636150580636e-08,51030,30,200,1,discreta_global,"(mu,lambda)",0.3
EE,potencias,4,255,3.059057531822991e-08,51230,30,200,1,discreta_global,"(mu,lambda)",0.3
EE,potencias,4,256,3.058310996312676e-08,51430,30,200,1,discreta_global,"(mu,lambda)",0.3
EE,potencias,4,257,3.0575204144556164e-08,51630,30,200,1,discreta_global,"(mu,lambda)",0.3
EE,potencias,4,258,3.057343299724273e-08,51830,30,200,1,discreta_global,"(mu,lambda)",0.3
EE,potencias,4,259,3.056433144189852e-08,52030,30,200,1,discreta_global,"(mu,lambda)",0.3
EE,potencias,4,260,3.056078700245207e-08,52230,30,200,1,discreta_global,"(mu,lambda)",0.3
EE,potencias,4,261,3.0556052961247124e-08,52430,30,200,1,discreta_global,"(mu,lambda)",0.3
EE,potencias,4,262,3.0549197032155096e-08,52630,30,200,1,discreta_global,"(mu,lambda)",0.3
EE,potencias,4,263,3.0520953059322655e-08,52830,30,200,1,discreta_global,"(mu,lambda)",0.3
EE,potencias,4,264,3.0497133331166124e-08,53030,30,200,1,discreta_global,"(mu,lambda)",0.3
EE,potencias,4,265,3.0490497130712655e-08,53230,30,200,1,discreta_global,"(mu,lambda)",0.3
EE,potencias,4,266,3.048552822289304e-08,53430,30,200,1,discreta_global,"(mu,lambda)",0.3
EE,potencias,4,267,3.047515307192466e-08,53630,30,200,1,discreta_global,"(mu,lambda)",0.3
EE,potencias,4,268,3.047702632624411e-08,53830,30,200,1,discreta_global,"(mu,lambda)",0.3
EE,potencias,4,269,3.047393165484539e-08,54030,30,200,1,discreta_global,"(mu,lambda)",0.3
EE,potencias,4,270,3.047315076956128e-08,54230,30,200,1,discreta_global,"(mu,lambda)",0.3
EE,potencias,4,271,3.047154493466924e-08,54430,30,200,1,discreta_global,"(mu,lambda)",0.3
EE,potencias,4,272,3.0471146241781414e-08,54630,30,200,1,discreta_global,"(mu,lambda)",0.3
EE,potencias,4,273,3.0469913019926956e-08,54830,30,200,1,discreta_global,"(mu,lambda)",0.3
EE,potencias,4,274,3.046825427573674e-08,55030,30,200,1,discreta_global,"(mu,lambda)",0.3
EE,potencias,4,275,3.04644522506036e-08,55230,30,200,1,discreta_global,"(mu,lambda)",0.3
EE,potencias,4,276,3.0462376216552985e-08,55430,30,200,1,discreta_global,"(mu,lambda)",0.3
EE,potencias,4,277,3.044894196802513e-08,55630,30,200,1,discreta_global,"(mu,lambda)",0.3
EE,potencias,4,278,3.044480057784252e-08,55830,30,200,1,discreta_global,"(mu,lambda)",0.3
EE,potencias,4,279,3.044192079085087e-08,56030,30,200,1,discreta_global,"(mu,lambda)",0.3
EE,potencias,4,280,3.0437087720919914e-08,56230,30,200,1,discreta_global,"(mu,lambda)",0.3
EE,potencias,4,281,3.043372019862171e-08,56430,30,200,1,discreta_global,"(mu,lambda)",0.3
EE,potencias,4,282,3.042605685382844e-08,56630,30,200,1,discreta_global,"(mu,lambda)",0.3
EE,potencias,4,283,3.042508968274808e-08,56830,30,200,1,discreta_global,"(mu,lambda)",0.3
EE,potencias,4,284,3.042387969574495e-08,57030,30,200,1,discreta_global,"(mu,lambda)",0.3
EE,potencias,4,285,3.0417970149900564e-08,57230,30,200,1,discreta_global,"(mu,lambda)",0.3
EE,potencias,4,286,3.041632324108844e-08,57430,30,200,1,discreta_global,"(mu,lambda)",0.3
EE,potencias,4,287,3.039872018483534e-08,57630,30,200,1,discreta_global,"(mu,lambda)",0.3
EE,potencias,4,288,3.039953189548057e-08,57830,30,200,1,discreta_global,"(mu,lambda)",0.3
EE,potencias,4,289,3.039834363303722e-08,58030,30,200,1,discreta_global,"(mu,lambda)",0.3
EE,potencias,4,290,3.039021554584629e-08,58230,30,200,1,discreta_global,"(mu,lambda)",0.3
EE,potencias,4,291,3.0374334991090857e-08,58430,30,200,1,discreta_global,"(mu,lambda)",0.3
EE,potencias,4,292,3.03590551976308e-08,58630,30,200,1,discreta_global,"(mu,lambda)",0.3
EE,potencias,4,293,3.035449321725643e-08,58830,30,200,1,discreta_global,"(mu,lambda)",0.3
EE,potencias,4,294,3.035366059557362e-08,59030,30,200,1,discreta_global,"(mu,lambda)",0.3
EE,potencias,4,295,3.035358179048881e-08,59230,30,200,1,discreta_global,"(mu,lambda)",0.3
EE,potencias,4,296,3.035260590508971e-08,59430,30,200,1,discreta_global,"(mu,lambda)",0.3
EE,potencias,4,297,3.0351839472801864e-08,59630,30,200,1,discreta_global,"(mu,lambda)",0.3
EE,potencias,4,298,3.035058844088377e-08,59830,30,200,1,discreta_global,"(mu,lambda)",0.3
EE,potencias,4,299,3.03494224272754e-08,60030,30,200,1,discreta_global,"(mu,lambda)",0.3
EE,potencias,4,300,3.0346782293233976e-08,60230,30,200,1,discreta_global,"(mu,lambda)",0.3
EE,potencias,4,301,3.034247882192534e-08,60430,30,200,1,discreta_global,"(mu,lambda)",0.3
EE,potencias,4,302,3.0342131752881146e-08,60630,30,200,1,discreta_global,"(mu,lambda)",0.3
EE,potencias,4,303,3.033795048560475e-08,60830,30,200,1,discreta_global,"(mu,lambda)",0.3
EE,potencias,4,304,3.033596028964641e-08,61030,30,200,1,discreta_global,"(mu,lambda)",0.3
EE,potencias,4,305,3.0332732138862136e-08,61230,30,200,1,discreta_global,"(mu,lambda)",0.3
EE,potencias,4,306,3.0327399301057885e-08,61430,30,200,1,discreta_global,"(mu,lambda)",0.3
EE,potencias,4,307,3.0318513105532366e-08,61630,30,200,1,discreta_global,"(mu,lambda)",0.3
EE,potencias,4,308,3.0314447166720916e-08,61830,30,200,1,discreta_global,"(mu,lambda)",0.3
EE,potencias,4,309,3.029462713923897e-08,62030,30,200,1,discreta_global,"(mu,lambda)",0.3
EE,potencias,4,310,3.029012320306247e-08,62230,30,200,1,discreta_global,"(mu,lambda)",0.3
EE,potencias,4,311,3.028837381663424e-08,62430,30,200,1,discreta_global,"(mu,lambda)",0.3
EE,potencias,4,312,3.0278270735571116e-08,62630,30,200,1,discreta_global,"(mu,lambda)",0.3
EE,potencias,4,313,3.026581926199885e-08,62830,30,200,1,discreta_global,"(mu,lambda)",0.3
EE,potencias,4,314,3.026556141575417e-08,63030,30,200,1,discreta_global,"(mu,lambda)",0.3
EE,potencias,4,315,3.024381760860591e-08,63230,30,200,1,discreta_global,"(mu,lambda)",0.3
EE,potencias,4,316,3.024634212355509e-08,63430,30,200,1,discreta_global,"(mu,lambda)",0.3
EE,potencias,4,317,3.0242908538814756e-08,63630,30,200,1,discreta_global,"(mu,lambda)",0.3
EE,potencias,4,318,3.0235032477946986e-08,63830,30,200,1,discreta_global,"(mu,lambda)",0.3
EE,potencias,4,319,3.0228888841939284e-08,64030,30,200,1,discreta_global,"(mu,lambda)",0.3
EE,potencias,4,320,3.022479496840656e-08,64230,30,200,1,discreta_global,"(mu,lambda)",0.3
EE,potencias,4,321,3.0221069648409176e-08,64430,30,200,1,discreta_global,"(mu,lambda)",0.3
EE,potencias,4,322,3.021553168907643e-08,64630,30,200,1,discreta_global,"(mu,lambda)",0.3
EE,potencias,4,323,3.021156327063889e-08,64830,30,200,1,discreta_global,"(mu,lambda)",0.3
EE,potencias,4,324,3.0206685954692644e-08,65030,30,200,1,discreta_global,"(mu,lambda)",0.3
EE,potencias,4,325,3.020333654072473e-08,65230,30,200,1,discreta_global,"(mu,lambda)",0.3
EE,potencias,4,326,3.019731610407583e-08,65430,30,200,1,discreta_global,"(mu,lambda)",0.3
EE,potencias,4,327,3.0191357612712526e-08,65630,30,200,1,discreta_global,"(mu,lambda)",0.3
EE,potencias,4,328,3.0179200925029004e-08,65830,30,200,1,discreta_global,"(mu,lambda)",0.3
EE,potencias,4,329,3.01706735381918e-08,66030,30,200,1,discreta_global,"(mu,lambda)",0.3
EE,potencias,4,330,3.016220139011378e-08,66230,30,200,1,discreta_global,"(mu,lambda)",0.3
EE,potencias,4,331,3.01555517979817e-08,66430,30,200,1,discreta_global,"(mu,lambda)",0.3
EE,potencias,4,332,3.015418895986778e-08,66630,30,200,1,discreta_global,"(mu,lambda)",0.3
EE,potencias,4,333,3.014915421255826e-08,66830,30,200,1,discreta_global,"(mu,lambda)",0.3
EE,potencias,4,334,3.014835402034617e-08,67030,30,200,1,discreta_global,"(mu,lambda)",0.3
EE,potencias,4,335,3.014534118048962e-08,67230,30,200,1,discreta_global,"(mu,lambda)",0.3
EE,potencias,4,336,3.014284780117441e-08,67430,30,200,1,discreta_global,"(mu,lambda)",0.3
EE,potencias,4,337,3.014112886113643e-08,67630,30,200,1,discreta_global,"(mu,lambda)",0.3
EE,potencias,4,338,3.0138418315253833e-08,67830,30,200,1,discreta_global,"(mu,lambda)",0.3
EE,potencias,4,339,3.0134285897297496e-08,68030,30,200,1,discreta_global,"(mu,lambda)",0.3
EE,potencias,4,340,3.0132657372955974e-08,68230,30,200,1,discreta_global,"(mu,lambda)",0.3
EE,potencias,4,341,3.0123841375132864e-08,68430,30,200,1,discreta_global,"(mu,lambda)",0.3
EE,potencias,4,342,3.012223204235258e-08,68630,30,200,1,discreta_global,"(mu,lambda)",0.3
EE,potencias,4,343,3.011952393733203e-08,68830,30,200,1,discreta_global,"(mu,lambda)",0.3
EE,potencias,4,344,3.01172405453419e-08,69030,30,200,1,discreta_global,"(mu,lambda)",0.3
EE,potencias,4,345,3.011535135438023e-08,69230,30,200,1,discreta_global,"(mu,lambda)",0.3
EE,potencias,4,346,3.011290619982874e-08,69430,30,200,1,discreta_global,"(mu,lambda)",0.3
EE,potencias,4,347,3.01076842610475e-08,69630,30,200,1,discreta_global,"(mu,lambda)",0.3
EE,potencias,4,348,3.010607189259916e-08,69830,30,200,1,discreta_global,"(mu,lambda)",0.3
EE,potencias,4,349,3.010510813733186e-08,70030,30,200,1,discreta_global,"(mu,lambda)",0.3
EE,potencias,4,350,3.010122734592816e-08,70230,30,200,1,discreta_global,"(mu,lambda)",0.3
EE,potencias,4,351,3.009329474494337e-08,70430,30,200,1,discreta_global,"(mu,lambda)",0.3
EE,potencias,4,352,3.009215285812597e-08,70630,30,200,1,discreta_global,"(mu,lambda)",0.3
EE,potencias,4,353,3.0088288775972584e-08,70830,30,200,1,discreta_global,"(mu,lambda)",0.3
EE,potencias,4,354,3.008452468801375e-08,71030,30,200,1,discreta_global,"(mu,lambda)",0.3
EE,potencias,4,355,3.007769242591276e-08,71230,30,200,1,discreta_global,"(mu,lambda)",0.3
EE,potencias,4,356,3.0071381286807756e-08,71430,30,200,1,discreta_global,"(mu,lambda)",0.3
EE,potencias,4,357,3.00690677919474e-08,71630,30,200,1,discreta_global,"(mu,lambda)",0.3
EE,potencias,4,358,3.0058162729149826e-08,71830,30,200,1,discreta_global,"(mu,lambda)",0.3
EE,potencias,4,359,3.0057894421754416e-08,72030,30,200,1,discreta_global,"(mu,lambda)",0.3
EE,potencias,4,360,3.003607784958916e-08,72230,30,200,1,discreta_global,"(mu,lambda)",0.3
EE,potencias,4,361,3.0020495277849117e-08,72430,30,200,1,discreta_global,"(mu,lambda)",0.3
EE,potencias,4,362,3.001598477271881e-08,72630,30,200,1,discreta_global,"(mu,lambda)",0.3
EE,potencias,4,363,3.0002619664080264e-08,72830,30,200,1,discreta_global,"(mu,lambda)",0.3
EE,potencias,4,364,2.9970831064567164e-08,73030,30,200,1,discreta_global,"(mu,lambda)",0.3
EE,potencias,4,365,2.9933364202329275e-08,73230,30,200,1,discreta_global,"(mu,lambda)",0.3
EE,potencias,4,366,2.993224425659114e-08,73430,30,200,1,discreta_global,"(mu,lambda)",0.3
EE,potencias,4,367,2.993083101326666e-08,73630,30,200,1,discreta_global,"(mu,lambda)",0.3
EE,potencias,4,368,2.992604369028525e-08,73830,30,200,1,discreta_global,"(mu,lambda)",0.3
EE,potencias,4,369,2.9918670952695714e-08,74030,30,200,1,discreta_global,"(mu,lambda)",0.3
EE,potencias,4,370,2.99106822981598e-08,74230,30,200,1,discreta_global,"(mu,lambda)",0.3
EE,potencias,4,371,2.99067319763972e-08,74430,30,200,1,discreta_global,"(mu,lambda)",0.3
EE,potencias,4,372,2.990501090720556e-08,74630,30,200,1,discreta_global,"(mu,lambda)",0.3
EE,potencias,4,373,2.989923100346821e-08,74830,30,200,1,discreta_global,"(mu,lambda)",0.3
EE,potencias,4,374,2.9894218004814806e-08,75030,30,200,1,discreta_global,"(mu,lambda)",0.3
EE,potencias,4,375,2.9886441044912644e-08,75230,30,200,1,discreta_global,"(mu,lambda)",0.3
EE,potencias,4,376,2.9883323273975325e-08,75430,30,200,1,discreta_global,"(mu,lambda)",0.3
EE,potencias,4,377,2.9881818839532216e-08,75630,30,200,1,discreta_global,"(mu,lambda)",0.3
EE,potencias,4,378,2.988028917725866e-08,75830,30,200,1,discreta_global,"(mu,lambda)",0.3
EE,potencias,4,379,2.987717884150877e-08,76030,30,200,1,discreta_global,"(mu,lambda)",0.3
EE,potencias,4,380,2.987511788149953e-08,76230,30,200,1,discreta_global,"(mu,lambda)",0.3
EE,potencias,4,381,2.987084679912827e-08,76430,30,200,1,discreta_global,"(mu,lambda)",0.3
EE,potencias,4,382,2.986903367065744e-08,76630,30,200,1,discreta_global,"(mu,lambda)",0.3
EE,potencias,4,383,2.986576709157078e-08,76830,30,200,1,discreta_global,"(mu,lambda)",0.3
EE,potencias,4,384,2.98593633745034e-08,77030,30,200,1,discreta_global,"(mu,lambda)",0.3
EE,potencias,4,385,2.9850310540394545e-08,77230,30,200,1,discreta_global,"(mu,lambda)",0.3
EE,potencias,4,386,2.984989381867173e-08,77430,30,200,1,discreta_global,"(mu,lambda)",0.3
EE,potencias,4,387,2.984561402786679e-08,77630,30,200,1,discreta_global,"(mu,lambda)",0.3
EE,potencias,4,388,2.9841519976821e-08,77830,30,200,1,discreta_global,"(mu,lambda)",0.3
EE,potencias,4,389,2.9839067350661944e-08,78030,30,200,1,discreta_global,"(mu,lambda)",0.3
EE,potencias,4,390,2.981214818872148e-08,78230,30,200,1,discreta_global,"(mu,lambda)",0.3
EE,potencias,4,391,2.980798726892933e-08,78430,30,200,1,discreta_global,"(mu,lambda)",0.3
EE,potencias,4,392,2.9805358599242534e-08,78630,30,200,1,discreta_global,"(mu,lambda)",0.3
EE,potencias,4,393,2.9796419394348476e-08,78830,30,200,1,discreta_global,"(mu,lambda)",0.3
EE,potencias,4,394,2.9791488783170142e-08,79030,30,200,1,discreta_global,"(mu,lambda)",0.3
EE,potencias,4,395,2.9778238016769777e-08,79230,30,200,1,discreta_global,"(mu,lambda)",0.3
EE,potencias,4,396,2.9769035281487704e-08,79430,30,200,1,discreta_global,"(mu,lambda)",0.3
EE,potencias,4,397,2.9766320816077608e-08,79630,30,200,1,discreta_global,"(mu,lambda)",0.3
EE,potencias,4,398,2.9765760311375227e-08,79830,30,200,1,discreta_global,"(mu,lambda)",0.3
EE,potencias,4,399,2.9762265742124572e-08,80030,30,200,1,discreta_global,"(mu,lambda)",0.3
EE,potencias,4,400,2.9756415436963997e-08,80230,30,200,1,discreta_global,"(mu,lambda)",0.3
EE,potencias,4,401,2.9749556961921984e-08,80430,30,200,1,discreta_global,"(mu,lambda)",0.3
EE,potencias,4,402,2.9748701410400864e-08,80630,30,200,1,discreta_global,"(mu,lambda)",0.3
EE,potencias,4,403,2.974256175986101e-08,80830,30,200,1,discreta_global,"(mu,lambda)",0.3
EE,potencias,4,404,2.9742333814138558e-08,81030,30,200,1,discreta_global,"(mu,lambda)",0.3
EE,potencias,4,405,2.9741769803320884e-08,81230,30,200,1,discreta_global,"(mu,lambda)",0.3
EE,potencias,4,406,2.974106798042997e-08,81430,30,200,1,discreta_global,"(mu,lambda)",0.3
EE,potencias,4,407,2.9737903035120587e-08,81630,30,200,1,discreta_global,"(mu,lambda)",0.3
EE,potencias,4,408,2.973710480931405e-08,81830,30,200,1,discreta_global,"(mu,lambda)",0.3
EE,potencias,4,409,2.973589592260151e-08,82030,30,200,1,discreta_global,"(mu,lambda)",0.3
EE,potencias,4,410,2.9733052764052662e-08,82230,30,200,1,discreta_global,"(mu,lambda)",0.3
EE,potencias,4,411,2.973159577842337e-08,82430,30,200,1,discreta_global,"(mu,lambda)",0.3
EE,potencias,4,412,2.9724921464451307e-08,82630,30,200,1,discreta_global,"(mu,lambda)",0.3
EE,potencias,4,413,2.9720457636918332e-08,82830,30,200,1,discreta_global,"(mu,lambda)",0.3
EE,potencias,4,414,2.971882986586992e-08,83030,30,200,1,discreta_global,"(mu,lambda)",0.3
EE,potencias,4,415,2.971712679171707e-08,83230,30,200,1,discreta_global,"(mu,lambda)",0.3
EE,potencias,4,416,2.971488327661393e-08,83430,30,200,1,discreta_global,"(mu,lambda)",0.3
EE,potencias,4,417,2.971179705277739e-08,83630,30,200,1,discreta_global,"(mu,lambda)",0.3
EE,potencias,4,418,2.970910564346158e-08,83830,30,200,1,discreta_global,"(mu,lambda)",0.3
EE,potencias,4,419,2.9699871926888126e-08,84030,30,200,1,discreta_global,"(mu,lambda)",0.3
EE,potencias,4,420,2.9697805891404063e-08,84230,30,200,1,discreta_global,"(mu,lambda)",0.3
EE,potencias,4,421,2.9682643517259245e-08,84430,30,200,1,discreta_global,"(mu,lambda)",0.3
EE,potencias,4,422,2.96294559141882e-08,84630,30,200,1,discreta_global,"(mu,lambda)",0.3
EE,potencias,4,423,2.9626574223389635e-08,84830,30,200,1,discreta_global,"(mu,lambda)",0.3
EE,potencias,4,424,2.962546274327974e-08,85030,30,200,1,discreta_global,"(mu,lambda)",0.3
EE,potencias,4,425,2.9624138418103717e-08,85230,30,200,1,discreta_global,"(mu,lambda)",0.3
EE,potencias,4,426,2.9622039120544807e-08,85430,30,200,1,discreta_global,"(mu,lambda)",0.3
EE,potencias,4,427,2.9620665216110517e-08,85630,30,200,1,discreta_global,"(mu,lambda)",0.3
EE,potencias,4,428,2.961468089865917e-08,85830,30,200,1,discreta_global,"(mu,lambda)",0.3
EE,potencias,4,429,2.961129845217004e-08,86030,30,200,1,discreta_global,"(mu,lambda)",0.3
EE,potencias,4,430,2.96100071313152e-08,86230,30,200,1,discreta_global,"(mu,lambda)",0.3
EE,potencias,4,431,2.9606554965502332e-08,86430,30,200,1,discreta_global,"(mu,lambda)",0.3
EE,potencias,4,432,2.9600766213412872e-08,86630,30,200,1,discreta_global,"(mu,lambda)",0.3
EE,potencias,4,433,2.9594458561721176e-08,86830,30,200,1,discreta_global,"(mu,lambda)",0.3
EE,potencias,4,434,2.9580649315770213e-08,87030,30,200,1,discreta_global,"(mu,lambda)",0.3
EE,potencias,4,435,2.9566570239181055e-08,87230,30,200,1,discreta_global,"(mu,lambda)",0.3
EE,potencias,4,436,2.9501983676668092e-08,87430,30,200,1,discreta_global,"(mu,lambda)",0.3
EE,potencias,4,437,2.9501698724001936e-08,87630,30,200,1,discreta_global,"(mu,lambda)",0.3
EE,potencias,4,438,2.9494730237140208e-08,87830,30,200,1,discreta_global,"(mu,lambda)",0.3
EE,potencias,4,439,2.9492199094924895e-08,88030,30,200,1,discreta_global,"(mu,lambda)",0.3
EE,potencias,4,440,2.9486495518904234e-08,88230,30,200,1,discreta_global,"(mu,lambda)",0.3
EE,potencias,4,441,2.9482785669134344e-08,88430,30,200,1,discreta_global,"(mu,lambda)",0.3
EE,potencias,4,442,2.9477264074056903e-08,88630,30,200,1,discreta_global,"(mu,lambda)",0.3
EE,potencias,4,443,2.9474206704909275e-08,88830,30,200,1,discreta_global,"(mu,lambda)",0.3
EE,potencias,4,444,2.947102234071725e-08,89030,30,200,1,discreta_global,"(mu,lambda)",0.3
EE,potencias,4,445,2.946760503703682e-08,89230,30,200,1,discreta_global,"(mu,lambda)",0.3
EE,potencias,4,446,2.9461773191328953e-08,89430,30,200,1,discreta_global,"(mu,lambda)",0.3
EE,potencias,4,447,2.9456585375426887e-08,89630,30,200,1,discreta_global,"(mu,lambda)",0.3
EE,potencias,4,448,2.945504219490346e-08,89830,30,200,1,discreta_global,"(mu,lambda)",0.3
EE,potencias,4,449,2.9453364653375877e-08,90030,30,200,1,discreta_global,"(mu,lambda)",0.3
EE,potencias,4,450,2.9451946399823302e-08,90230,30,200,1,discreta_global,"(mu,lambda)",0.3
EE,potencias,4,451,2.9449281746315944e-08,90430,30,200,1,discreta_global,"(mu,lambda)",0.3
EE,potencias,4,452,2.944578193155184e-08,90630,30,200,1,discreta_global,"(mu,lambda)",0.3
EE,potencias,4,453,2.9442278898553252e-08,90830,30,200,1,discreta_global,"(mu,lambda)",0.3
EE,potencias,4,454,2.9436915841946855e-08,91030,30,200,1,discreta_global,"(mu,lambda)",0.3
EE,potencias,4,455,2.943382958197166e-08,91230,30,200,1,discreta_global,"(mu,lambda)",0.3
EE,potencias,4,456,2.9431198729058527e-08,91430,30,200,1,discreta_global,"(mu,lambda)",0.3
EE,potencias,4,457,2.942862542722114e-08,91630,30,200,1,discreta_global,"(mu,lambda)",0.3
EE,potencias,4,458,2.9428750617761263e-08,91830,30,200,1,discreta_global,"(mu,lambda)",0.3
EE,potencias,4,459,2.9426760309083225e-08,92030,30,200,1,discreta_global,"(mu,lambda)",0.3
EE,potencias,4,460,2.942472741494806e-08,92230,30,200,1,discreta_global,"(mu,lambda)",0.3
EE,potencias,4,461,2.9421394327621772e-08,92430,30,200,1,discreta_global,"(mu,lambda)",0.3
EE,potencias,4,462,2.9420986197108013e-08,92630,30,200,1,discreta_global,"(mu,lambda)",0.3
EE,potencias,4,463,2.9417786584310952e-08,92830,30,200,1,discreta_global,"(mu,lambda)",0.3
EE,potencias,4,464,2.9412938417319465e-08,93030,30,200,1,discreta_global,"(mu,lambda)",0.3
EE,potencias,4,465,2.9407595852290184e-08,93230,30,200,1,discreta_global,"(mu,lambda)",0.3
EE,potencias,4,466,2.939350190920365e-08,93430,30,200,1,discreta_global,"(mu,lambda)",0.3
EE,potencias,4,467,2.9391118033531794e-08,93630,30,200,1,discreta_global,"(mu,lambda)",0.3
EE,potencias,4,468,2.9381894308746723e-08,93830,30,200,1,discreta_global,"(mu,lambda)",0.3
EE,potencias,4,469,2.9365564351221417e-08,94030,30,200,1,discreta_global,"(mu,lambda)",0.3
EE,potencias,4,470,2.9354658626843243e-08,94230,30,200,1,discreta_global,"(mu,lambda)",0.3
EE,potencias,4,471,2.934477515337647e-08,94430,30,200,1,discreta_global,"(mu,lambda)",0.3
EE,potencias,4,472,2.932882909749744e-08,94630,30,200,1,discreta_global,"(mu,lambda)",0.3
EE,potencias,4,473,2.9311287820063057e-08,94830,30,200,1,discreta_global,"(mu,lambda)",0.3
EE,potencias,4,474,2.9311194001518263e-08,95030,30,200,1,discreta_global,"(mu,lambda)",0.3
EE,potencias,4,475,2.9298032589847876e-08,95230,30,200,1,discreta_global,"(mu,lambda)",0.3
EE,potencias,4,476,2.9296541503327955e-08,95430,30,200,1,discreta_global,"(mu,lambda)",0.3
EE,potencias,4,477,2.92884299630671e-08,95630,30,200,1,discreta_global,"(mu,lambda)",0.3
EE,potencias,4,478,2.9281470962481024e-08,95830,30,200,1,discreta_global,"(mu,lambda)",0.3
EE,potencias,4,479,2.92800438921135e-08,96030,30,200,1,discreta_global,"(mu,lambda)",0.3
EE,potencias,4,480,2.9271361315962973e-08,96230,30,200,1,discreta_global,"(mu,lambda)",0.3
EE,potencias,4,481,2.9269247799408356e-08,96430,30,200,1,discreta_global,"(mu,lambda)",0.3
EE,potencias,4,482,2.9257609411151127e-08,96630,30,200,1,discreta_global,"(mu,lambda)",0.3
EE,potencias,4,483,2.9234197670138695e-08,96830,30,200,1,discreta_global,"(mu,lambda)",0.3
EE,potencias,4,484,2.9231584900482516e-08,97030,30,200,1,discreta_global,"(mu,lambda)",0.3
EE,potencias,4,485,2.9229552267569632e-08,97230,30,200,1,discreta_global,"(mu,lambda)",0.3
EE,potencias,4,486,2.9220989320141268e-08,97430,30,200,1,discreta_global,"(mu,lambda)",0.3
EE,potencias,4,487,2.9216750257425008e-08,97630,30,200,1,discreta_global,"(mu,lambda)",0.3
EE,potencias,4,488,2.921281769836145e-08,97830,30,200,1,discreta_global,"(mu,lambda)",0.3
EE,potencias,4,489,2.9206434525693886e-08,98030,30,200,1,discreta_global,"(mu,lambda)",0.3
EE,potencias,4,490,2.918974781578505e-08,98230,30,200,1,discreta_global,"(mu,lambda)",0.3
EE,potencias,4,491,2.9189448695534896e-08,98430,30,200,1,discreta_global,"(mu,lambda)",0.3
EE,potencias,4,492,2.9185556820286974e-08,98630,30,200,1,discreta_global,"(mu,lambda)",0.3
EE,potencias,4,493,2.916650786971973e-08,98830,30,200,1,discreta_global,"(mu,lambda)",0.3
EE,potencias,4,494,2.9166557660878594e-08,99030,30,200,1,discreta_global,"(mu,lambda)",0.3
EE,potencias,4,495,2.915537191712393e-08,99230,30,200,1,discreta_global,"(mu,lambda)",0.3
EE,potencias,4,496,2.915236757666623e-08,99430,30,200,1,discreta_global,"(mu,lambda)",0.3
EE,potencias,4,497,2.913469715383813e-08,99630,30,200,1,discreta_global,"(mu,lambda)",0.3
EE,potencias,4,498,2.9134407551740267e-08,99830,30,200,1,discreta_global,"(mu,lambda)",0.3
EE,potencias,4,499,2.9133423902330808e-08,100030,30,200,1,discreta_global,"(mu,lambda)",0.3
EE,potencias,4,500,2.9132091685495564e-08,100230,30,200,1,discreta_global,"(mu,lambda)",0.3
EE,potencias,4,501,2.913203853755631e-08,100430,30,200,1,discreta_global,"(mu,lambda)",0.3
EE,potencias,4,502,2.9131791207590056e-08,100630,30,200,1,discreta_global,"(mu,lambda)",0.3
EE,potencias,4,503,2.9131654660802488e-08,100830,30,200,1,discreta_global,"(mu,lambda)",0.3
EE,potencias,4,504,2.913158836847545e-08,101030,30,200,1,discreta_global,"(mu,lambda)",0.3
EE,potencias,4,505,2.913143002594213e-08,101230,30,200,1,discreta_global,"(mu,lambda)",0.3
EE,potencias,4,506,2.913113003600391e-08,101430,30,200,1,discreta_global,"(mu,lambda)",0.3
EE,potencias,4,507,2.9130912348043462e-08,101630,30,200,1,discreta_global,"(mu,lambda)",0.3
EE,potencias,4,508,2.9130516368236234e-08,101830,30,200,1,discreta_global,"(mu,lambda)",0.3
EE,potencias,4,509,2.913026509643968e-08,102030,30,200,1,discreta_global,"(mu,lambda)",0.3
EE,potencias,4,510,2.912952926686469e-08,102230,30,200,1,discreta_global,"(mu,lambda)",0.3
EE,potencias,4,511,2.9129064888239382e-08,102430,30,200,1,discreta_global,"(mu,lambda)",0.3
EE,potencias,4,512,2.912795033538767e-08,102630,30,200,1,discreta_global,"(mu,lambda)",0.3
EE,potencias,4,513,2.9125006653339e-08,102830,30,200,1,discreta_global,"(mu,lambda)",0.3
EE,potencias,4,514,2.912144320436927e-08,103030,30,200,1,discreta_global,"(mu,lambda)",0.3
EE,potencias,4,515,2.9118352410643094e-08,103230,30,200,1,discreta_global,"(mu,lambda)",0.3
EE,potencias,4,516,2.9104980063425432e-08,103430,30,200,1,discreta_global,"(mu,lambda)",0.3
EE,potencias,4,517,2.9103693909152688e-08,103630,30,200,1,discreta_global,"(mu,lambda)",0.3
EE,potencias,4,518,2.9100509904717756e-08,103830,30,200,1,discreta_global,"(mu,lambda)",0.3
EE,potencias,4,519,2.909495918339794e-08,104030,30,200,1,discreta_global,"(mu,lambda)",0.3
EE,potencias,4,520,2.909226317578353e-08,104230,30,200,1,discreta_global,"(mu,lambda)",0.3
EE,potencias,4,521,2.908953322648487e-08,104430,30,200,1,discreta_global,"(mu,lambda)",0.3
EE,potencias,4,522,2.908175054770053e-08,104630,30,200,1,discreta_global,"(mu,lambda)",0.3
EE,potencias,4,523,2.907412676525422e-08,104830,30,200,1,discreta_global,"(mu,lambda)",0.3
EE,potencias,4,524,2.9060211894111645e-08,105030,30,200,1,discreta_global,"(mu,lambda)",0.3
EE,potencias,4,525,2.905718666899881e-08,105230,30,200,1,discreta_global,"(mu,lambda)",0.3
EE,potencias,4,526,2.904678062075133e-08,105430,30,200,1,discreta_global,"(mu,lambda)",0.3
EE,potencias,4,527,2.9047611861621867e-08,105630,30,200,1,discreta_global,"(mu,lambda)",0.3
EE,potencias,4,528,2.9038481113110155e-08,105830,30,200,1,discreta_global,"(mu,lambda)",0.3
EE,potencias,4,529,2.90151570293275e-08,106030,30,200,1,discreta_global,"(mu,lambda)",0.3
EE,potencias,4,530,2.901144332586058e-08,106230,30,200,1,discreta_global,"(mu,lambda)",0.3
EE,potencias,4,531,2.8989078200173983e-08,106430,30,200,1,discreta_global,"(mu,lambda)",0.3
EE,potencias,4,532,2.8983614253637024e-08,106630,30,200,1,discreta_global,"(mu,lambda)",0.3
EE,potencias,4,533,2.897363942859455e-08,106830,30,200,1,discreta_global,"(mu,lambda)",0.3
EE,potencias,4,534,2.896282105491768e-08,107030,30,200,1,discreta_global,"(mu,lambda)",0.3
EE,potencias,4,535,2.8956254706421636e-08,107230,30,200,1,discreta_global,"(mu,lambda)",0.3
EE,potencias,4,536,2.8955376369719794e-08,107430,30,200,1,discreta_global,"(mu,lambda)",0.3
EE,potencias,4,537,2.8950787341566268e-08,107630,30,200,1,discreta_global,"(mu,lambda)",0.3
EE,potencias,4,538,2.8947527118373305e-08,107830,30,200,1,discreta_global,"(mu,lambda)",0.3
EE,potencias,4,539,2.894691136786178e-08,108030,30,200,1,discreta_global,"(mu,lambda)",0.3
EE,potencias,4,540,2.8946814390776845e-08,108230,30,200,1,discreta_global,"(mu,lambda)",0.3
EE,potencias,4,541,2.8943462396736734e-08,108430,30,200,1,discreta_global,"(mu,lambda)",0.3
EE,potencias,4,542,2.894275869913155e-08,108630,30,200,1,discreta_global,"(mu,lambda)",0.3
EE,potencias,4,543,2.893977729896816e-08,108830,30,200,1,discreta_global,"(mu,lambda)",0.3
EE,potencias,4,544,2.893189761580525e-08,109030,30,200,1,discreta_global,"(mu,lambda)",0.3
EE,potencias,4,545,2.893045578179979e-08,109230,30,200,1,discreta_global,"(mu,lambda)",0.3
EE,potencias,4,546,2.89252159569469e-08,109430,30,200,1,discreta_global,"(mu,lambda)",0.3
EE,potencias,4,547,2.8922812203576676e-08,109630,30,200,1,discreta_global,"(mu,lambda)",0.3
EE,potencias,4,548,2.8920193209809885e-08,109830,30,200,1,discreta_global,"(mu,lambda)",0.3
EE,potencias,4,549,2.8914495284278262e-08,110030,30,200,1,discreta_global,"(mu,lambda)",0.3
EE,potencias,4,550,2.8906928744466498e-08,110230,30,200,1,discreta_global,"(mu,lambda)",0.3
EE,potencias,4,551,2.8904214387370663e-08,110430,30,200,1,discreta_global,"(mu,lambda)",0.3
EE,potencias,4,552,2.8891266776405212e-08,110630,30,200,1,discreta_global,"(mu,lambda)",0.3
EE,potencias,4,553,2.8890000080771284e-08,110830,30,200,1,discreta_global,"(mu,lambda)",0.3
EE,potencias,4,554,2.8887299944712147e-08,111030,30,200,1,discreta_global,"(mu,lambda)",0.3
EE,potencias,4,555,2.8883550499663797e-08,111230,30,200,1,discreta_global,"(mu,lambda)",0.3
EE,potencias,4,556,2.8878125585834905e-08,111430,30,200,1,discreta_global,"(mu,lambda)",0.3
EE,potencias,4,557,2.887136964119223e-08,111630,30,200,1,discreta_global,"(mu,lambda)",0.3
EE,potencias,4,558,2.8870415511798462e-08,111830,30,200,1,discreta_global,"(mu,lambda)",0.3
EE,potencias,4,559,2.8869729677658832e-08,112030,30,200,1,discreta_global,"(mu,lambda)",0.3
EE,potencias,4,560,2.886788338791544e-08,112230,30,200,1,discreta_global,"(mu,lambda)",0.3
EE,potencias,4,561,2.886664820108649e-08,112430,30,200,1,discreta_global,"(mu,lambda)",0.3
EE,potencias,4,562,2.8861770424285914e-08,112630,30,200,1,discreta_global,"(mu,lambda)",0.3
EE,potencias,4,563,2.885945220585787e-08,112830,30,200,1,discreta_global,"(mu,lambda)",0.3
EE,potencias,4,564,2.885818056531429e-08,113030,30,200,1,discreta_global,"(mu,lambda)",0.3
EE,potencias,4,565,2.8854843037360323e-08,113230,30,200,1,discreta_global,"(mu,lambda)",0.3
EE,potencias,4,566,2.884589798065639e-08,113430,30,200,1,discreta_global,"(mu,lambda)",0.3
EE,potencias,4,567,2.8845798285145344e-08,113630,30,200,1,discreta_global,"(mu,lambda)",0.3
EE,potencias,4,568,2.88431685302513e-08,113830,30,200,1,discreta_global,"(mu,lambda)",0.3
EE,potencias,4,569,2.8840595866379183e-08,114030,30,200,1,discreta_global,"(mu,lambda)",0.3
EE,potencias,4,570,2.88360461637168e-08,114230,30,200,1,discreta_global,"(mu,lambda)",0.3
EE,potencias,4,571,2.8832151968112722e-08,114430,30,200,1,discreta_global,"(mu,lambda)",0.3
EE,potencias,4,572,2.882222400908445e-08,114630,30,200,1,discreta_global,"(mu,lambda)",0.3
EE,potencias,4,573,2.8820900247637578e-08,114830,30,200,1,discreta_global,"(mu,lambda)",0.3
EE,potencias,4,574,2.881885414172498e-08,115030,30,200,1,discreta_global,"(mu,lambda)",0.3
EE,potencias,4,575,2.8811411463177466e-08,115230,30,200,1,discreta_global,"(mu,lambda)",0.3
EE,potencias,4,576,2.8787992068322806e-08,115430,30,200,1,discreta_global,"(mu,lambda)",0.3
EE,potencias,4,577,2.8784953038692416e-08,115630,30,200,1,discreta_global,"(mu,lambda)",0.3
EE,potencias,4,578,2.878414472928947e-08,115830,30,200,1,discreta_global,"(mu,lambda)",0.3
EE,potencias,4,579,2.8778769578763033e-08,116030,30,200,1,discreta_global,"(mu,lambda)",0.3
EE,potencias,4,580,2.877437297144313e-08,116230,30,200,1,discreta_global,"(mu,lambda)",0.3
EE,potencias,4,581,2.8761385673432177e-08,116430,30,200,1,discreta_global,"(mu,lambda)",0.3
EE,potencias,4,582,2.876141866389618e-08,116630,30,200,1,discreta_global,"(mu,lambda)",0.3
EE,potencias,4,583,2.8757713148309698e-08,116830,30,200,1,discreta_global,"(mu,lambda)",0.3
EE,potencias,4,584,2.8757756902041576e-08,117030,30,200,1,discreta_global,"(mu,lambda)",0.3
EE,potencias,4,585,2.8753020213311135e-08,117230,30,200,1,discreta_global,"(mu,lambda)",0.3
EE,potencias,4,586,2.8748411914106352e-08,117430,30,200,1,discreta_global,"(mu,lambda)",0.3
EE,potencias,4,587,2.874754035036038e-08,117630,30,200,1,discreta_global,"(mu,lambda)",0.3
EE,potencias,4,588,2.8743962031593208e-08,117830,30,200,1,discreta_global,"(mu,lambda)",0.3
EE,potencias,4,589,2.8741647910181497e-08,118030,30,200,1,discreta_global,"(mu,lambda)",0.3
EE,potencias,4,590,2.873667671026199e-08,118230,30,200,1,discreta_global,"(mu,lambda)",0.3
EE,potencias,4,591,2.87335201159416e-08,118430,30,200,1,discreta_global,"(mu,lambda)",0.3
EE,potencias,4,592,2.873136019682854e-08,118630,30,200,1,discreta_global,"(mu,lambda)",0.3
EE,potencias,4,593,2.8726644771484244e-08,118830,30,200,1,discreta_global,"(mu,lambda)",0.3
EE,potencias,4,594,2.8725327797540596e-08,119030,30,200,1,discreta_global,"(mu,lambda)",0.3
EE,potencias,4,595,2.872417762323463e-08,119230,30,200,1,discreta_global,"(mu,lambda)",0.3
EE,potencias,4,596,2.871618163395786e-08,119430,30,200,1,discreta_global,"(mu,lambda)",0.3
EE,potencias,4,597,2.8706595138064458e-08,119630,30,200,1,discreta_global,"(mu,lambda)",0.3
EE,potencias,4,598,2.8697668803694242e-08,119830,30,200,1,discreta_global,"(mu,lambda)",0.3
EE,potencias,4,599,2.8695669680063998e-08,120030,30,200,1,discreta_global,"(mu,lambda)",0.3
EE,potencias,4,600,2.869494131599177e-08,120230,30,200,1,discreta_global,"(mu,lambda)",0.3
EE,potencias,4,601,2.8693093208182892e-08,120430,30,200,1,discreta_global,"(mu,lambda)",0.3
EE,potencias,4,602,2.8689495864992122e-08,120630,30,200,1,discreta_global,"(mu,lambda)",0.3
EE,potencias,4,603,2.8683111161355225e-08,120830,30,200,1,discreta_global,"(mu,lambda)",0.3
EE,potencias,4,604,2.8679378916601553e-08,121030,30,200,1,discreta_global,"(mu,lambda)",0.3
EE,potencias,4,605,2.8678089502755892e-08,121230,30,200,1,discreta_global,"(mu,lambda)",0.3
EE,potencias,4,606,2.8671711782368967e-08,121430,30,200,1,discreta_global,"(mu,lambda)",0.3
EE,potencias,4,607,2.8658228082544066e-08,121630,30,200,1,discreta_global,"(mu,lambda)",0.3
EE,potencias,4,608,2.865610130661003e-08,121830,30,200,1,discreta_global,"(mu,lambda)",0.3
EE,potencias,4,609,2.8649571917347165e-08,122030,30,200,1,discreta_global,"(mu,lambda)",0.3
EE,potencias,4,610,2.8646535571934112e-08,122230,30,200,1,discreta_global,"(mu,lambda)",0.3
EE,potencias,4,611,2.8643346383687957e-08,122430,30,200,1,discreta_global,"(mu,lambda)",0.3
EE,potencias,4,612,2.8640661598625196e-08,122630,30,200,1,discreta_global,"(mu,lambda)",0.3
EE,potencias,4,613,2.8638708677454207e-08,122830,30,200,1,discreta_global,"(mu,lambda)",0.3
EE,potencias,4,614,2.8634816570726792e-08,123030,30,200,1,discreta_global,"(mu,lambda)",0.3
EE,potencias,4,615,2.8634693995262776e-08,123230,30,200,1,discreta_global,"(mu,lambda)",0.3
EE,potencias,4,616,2.8633833514133415e-08,123430,30,200,1,discreta_global,"(mu,lambda)",0.3
EE,potencias,4,617,2.8632189734480025e-08,123630,30,200,1,discreta_global,"(mu,lambda)",0.3
EE,potencias,4,618,2.8631161631633596e-08,123830,30,200,1,discreta_global,"(mu,lambda)",0.3
EE,potencias,4,619,2.8626175664063568e-08,124030,30,200,1,discreta_global,"(mu,lambda)",0.3
EE,potencias,4,620,2.862486953046304e-08,124230,30,200,1,discreta_global,"(mu,lambda)",0.3
EE,potencias,4,621,2.862447616067308e-08,124430,30,200,1,discreta_global,"(mu,lambda)",0.3
EE,potencias,4,622,2.861743794079784e-08,124630,30,200,1,discreta_global,"(mu,lambda)",0.3
EE,potencias,4,623,2.8614645237283923e-08,124830,30,200,1,discreta_global,"(mu,lambda)",0.3
EE,potencias,4,624,2.8609792329472235e-08,125030,30,200,1,discreta_global,"(mu,lambda)",0.3
EE,potencias,4,625,2.860216630604727e-08,125230,30,200,1,discreta_global,"(mu,lambda)",0.3
EE,potencias,4,626,2.8598369245452222e-08,125430,30,200,1,discreta_global,"(mu,lambda)",0.3
EE,potencias,4,627,2.8593439378798326e-08,125630,30,200,1,discreta_global,"(mu,lambda)",0.3
EE,potencias,4,628,2.8588418259450326e-08,125830,30,200,1,discreta_global,"(mu,lambda)",0.3
EE,potencias,4,629,2.858589201247245e-08,126030,30,200,1,discreta_global,"(mu,lambda)",0.3
EE,potencias,4,630,2.858109352739442e-08,126230,30,200,1,discreta_global,"(mu,lambda)",0.3
EE,potencias,4,631,2.8576648316465735e-08,126430,30,200,1,discreta_global,"(mu,lambda)",0.3
EE,potencias,4,632,2.8569714638173276e-08,126630,30,200,1,discreta_global,"(mu,lambda)",0.3
EE,potencias,4,633,2.8569796986044605e-08,126830,30,200,1,discreta_global,"(mu,lambda)",0.3
EE,potencias,4,634,2.856554702746189e-08,127030,30,200,1,discreta_global,"(mu,lambda)",0.3
EE,potencias,4,635,2.8565367694698723e-08,127230,30,200,1,discreta_global,"(mu,lambda)",0.3
EE,potencias,4,636,2.8555891545409957e-08,127430,30,200,1,discreta_global,"(mu,lambda)",0.3
EE,potencias,4,637,2.8554766127688812e-08,127630,30,200,1,discreta_global,"(mu,lambda)",0.3
EE,potencias,4,638,2.8546110210657142e-08,127830,30,200,1,discreta_global,"(mu,lambda)",0.3
EE,potencias,4,639,2.8540430565756878e-08,128030,30,200,1,discreta_global,"(mu,lambda)",0.3
EE,potencias,4,640,2.8511545359644374e-08,128230,30,200,1,discreta_global,"(mu,lambda)",0.3
EE,potencias,4,641,2.8509670631431936e-08,128430,30,200,1,discreta_global,"(mu,lambda)",0.3
EE,potencias,4,642,2.8506541464024624e-08,128630,30,200,1,discreta_global,"(mu,lambda)",0.3
EE,potencias,4,643,2.8502518896425922e-08,128830,30,200,1,discreta_global,"(mu,lambda)",0.3
EE,potencias,4,644,2.8489053255868366e-08,129030,30,200,1,discreta_global,"(mu,lambda)",0.3
EE,potencias,4,645,2.84873825523046e-08,129230,30,200,1,discreta_global,"(mu,lambda)",0.3
EE,potencias,4,646,2.8484703786258897e-08,129430,30,200,1,discreta_global,"(mu,lambda)",0.3
EE,potencias,4,647,2.8477447128669252e-08,129630,30,200,1,discreta_global,"(mu,lambda)",0.3
EE,potencias,4,648,2.8474474767542187e-08,129830,30,200,1,discreta_global,"(mu,lambda)",0.3
EE,potencias,4,649,2.846903683438607e-08,130030,30,200,1,discreta_global,"(mu,lambda)",0.3
EE,potencias,4,650,2.846506561299766e-08,130230,30,200,1,discreta_global,"(mu,lambda)",0.3
EE,potencias,4,651,2.8459159356574912e-08,130430,30,200,1,discreta_global,"(mu,lambda)",0.3
EE,potencias,4,652,2.8451787195194475e-08,130630,30,200,1,discreta_global,"(mu,lambda)",0.3
EE,potencias,4,653,2.8448112612475873e-08,130830,30,200,1,discreta_global,"(mu,lambda)",0.3
EE,potencias,4,654,2.844542641068547e-08,131030,30,200,1,discreta_global,"(mu,lambda)",0.3
EE,potencias,4,655,2.8443227703319727e-08,131230,30,200,1,discreta_global,"(mu,lambda)",0.3
EE,potencias,4,656,2.8439047771640043e-08,131430,30,200,1,discreta_global,"(mu,lambda)",0.3
EE,potencias,4,657,2.8428616195249144e-08,131630,30,200,1,discreta_global,"(mu,lambda)",0.3
EE,potencias,4,658,2.842467140128993e-08,131830,30,200,1,discreta_global,"(mu,lambda)",0.3
EE,potencias,4,659,2.8417339178140218e-08,132030,30,200,1,discreta_global,"(mu,lambda)",0.3
EE,potencias,4,660,2.8410439136558683e-08,132230,30,200,1,discreta_global,"(mu,lambda)",0.3
EE,potencias,4,661,2.840612651339199e-08,132430,30,200,1,discreta_global,"(mu,lambda)",0.3
EE,potencias,4,662,2.8404853909319328e-08,132630,30,200,1,discreta_global,"(mu,lambda)",0.3
EE,potencias,4,663,2.8403043163931385e-08,132830,30,200,1,discreta_global,"(mu,lambda)",0.3
EE,potencias,4,664,2.840016935198984e-08,133030,30,200,1,discreta_global,"(mu,lambda)",0.3
EE,potencias,4,665,2.8400000019844337e-08,133230,30,200,1,discreta_global,"(mu,lambda)",0.3
EE,potencias,4,666,2.83993172637813e-08,133430,30,200,1,discreta_global,"(mu,lambda)",0.3
EE,potencias,4,667,2.8399158975843265e-08,133630,30,200,1,discreta_global,"(mu,lambda)",0.3
EE,potencias,4,668,2.839884163934483e-08,133830,30,200,1,discreta_global,"(mu,lambda)",0.3
EE,potencias,4,669,2.839864480055706e-08,134030,30,200,1,discreta_global,"(mu,lambda)",0.3
EE,potencias,4,670,2.839845424837595e-08,134230,30,200,1,discreta_global,"(mu,lambda)",0.3
EE,potencias,4,671,2.8398287542347083e-08,134430,30,200,1,discreta_global,"(mu,lambda)",0.3
EE,potencias,4,672,2.8397501395465436e-08,134630,30,200,1,discreta_global,"(mu,lambda)",0.3
EE,potencias,4,673,2.8396888807926326e-08,134830,30,200,1,discreta_global,"(mu,lambda)",0.3
EE,potencias,4,674,2.8396232490525938e-08,135030,30,200,1,discreta_global,"(mu,lambda)",0.3
EE,potencias,4,675,2.8394475449326757e-08,135230,30,200,1,discreta_global,"(mu,lambda)",0.3
EE,potencias,4,676,2.8392072941120454e-08,135430,30,200,1,discreta_global,"(mu,lambda)",0.3
EE,potencias,4,677,2.839087910948436e-08,135630,30,200,1,discreta_global,"(mu,lambda)",0.3
EE,potencias,4,678,2.8389736420594528e-08,135830,30,200,1,discreta_global,"(mu,lambda)",0.3
EE,potencias,4,679,2.8387730564624267e-08,136030,30,200,1,discreta_global,"(mu,lambda)",0.3
EE,potencias,4,680,2.8384252581716783e-08,136230,30,200,1,discreta_global,"(mu,lambda)",0.3
EE,potencias,4,681,2.838118332235733e-08,136430,30,200,1,discreta_global,"(mu,lambda)",0.3
EE,potencias,4,682,2.8379329031846428e-08,136630,30,200,1,discreta_global,"(mu,lambda)",0.3
EE,potencias,4,683,2.8373932206374937e-08,136830,30,200,1,discreta_global,"(mu,lambda)",0.3
EE,potencias,4,684,2.83709748613834e-08,137030,30,200,1,discreta_global,"(mu,lambda)",0.3
EE,potencias,4,685,2.836951159823155e-08,137230,30,200,1,discreta_global,"(mu,lambda)",0.3
EE,potencias,4,686,2.836491069833406e-08,137430,30,200,1,discreta_global,"(mu,lambda)",0.3
EE,potencias,4,687,2.8360378345844805e-08,137630,30,200,1,discreta_global,"(mu,lambda)",0.3
EE,potencias,4,688,2.8358515666160053e-08,137830,30,200,1,discreta_global,"(mu,lambda)",0.3
EE,potencias,4,689,2.8355747499395106e-08,138030,30,200,1,discreta_global,"(mu,lambda)",0.3
EE,potencias,4,690,2.8352800985098704e-08,138230,30,200,1,discreta_global,"(mu,lambda)",0.3
EE,potencias,4,691,2.8341291393321836e-08,138430,30,200,1,discreta_global,"(mu,lambda)",0.3
EE,potencias,4,692,2.8338972047026847e-08,138630,30,200,1,discreta_global,"(mu,lambda)",0.3
EE,potencias,4,693,2.833271503524632e-08,138830,30,200,1,discreta_global,"(mu,lambda)",0.3
EE,potencias,4,694,2.832925605214029e-08,139030,30,200,1,discreta_global,"(mu,lambda)",0.3
EE,potencias,4,695,2.83271793412347e-08,139230,30,200,1,discreta_global,"(mu,lambda)",0.3
EE,potencias,4,696,2.8323476286827016e-08,139430,30,200,1,discreta_global,"(mu,lambda)",0.3
EE,potencias,4,697,2.8313323592742245e-08,139630,30,200,1,discreta_global,"(mu,lambda)",0.3
EE,potencias,4,698,2.831079196986024e-08,139830,30,200,1,discreta_global,"(mu,lambda)",0.3
EE,potencias,4,699,2.8305112333442888e-08,140030,30,200,1,discreta_global,"(mu,lambda)",0.3
EE,potencias,4,700,2.8296002321147835e-08,140230,30,200,1,discreta_global,"(mu,lambda)",0.3
EE,potencias,4,701,2.828487389661853e-08,140430,30,200,1,discreta_global,"(mu,lambda)",0.3
EE,potencias,4,702,2.828057412448714e-08,140630,30,200,1,discreta_global,"(mu,lambda)",0.3
EE,potencias,4,703,2.8266945014420517e-08,140830,30,200,1,discreta_global,"(mu,lambda)",0.3
EE,potencias,4,704,2.825668633565897e-08,141030,30,200,1,discreta_global,"(mu,lambda)",0.3
EE,potencias,4,705,2.8252126193081922e-08,141230,30,200,1,discreta_global,"(mu,lambda)",0.3
EE,potencias,4,706,2.824965650035825e-08,141430,30,200,1,discreta_global,"(mu,lambda)",0.3
EE,potencias,4,707,2.8237289266473e-08,141630,30,200,1,discreta_global,"(mu,lambda)",0.3
EE,potencias,4,708,2.8234509012777697e-08,141830,30,200,1,discreta_global,"(mu,lambda)",0.3
EE,potencias,4,709,2.821275902811714e-08,142030,30,200,1,discreta_global,"(mu,lambda)",0.3
EE,potencias,4,710,2.8212651504282935e-08,142230,30,200,1,discreta_global,"(mu,lambda)",0.3
EE,potencias,4,711,2.819847274173996e-08,142430,30,200,1,discreta_global,"(mu,lambda)",0.3
EE,potencias,4,712,2.81971062737503e-08,142630,30,200,1,discreta_global,"(mu,lambda)",0.3
EE,potencias,4,713,2.8189065615255434e-08,142830,30,200,1,discreta_global,"(mu,lambda)",0.3
EE,potencias,4,714,2.8187010127089898e-08,143030,30,200,1,discreta_global,"(mu,lambda)",0.3
EE,potencias,4,715,2.818253605376517e-08,143230,30,200,1,discreta_global,"(mu,lambda)",0.3
EE,potencias,4,716,2.818208164534947e-08,143430,30,200,1,discreta_global,"(mu,lambda)",0.3
EE,potencias,4,717,2.8178452810830267e-08,143630,30,200,1,discreta_global,"(mu,lambda)",0.3
EE,potencias,4,718,2.8175781184054307e-08,143830,30,200,1,discreta_global,"(mu,lambda)",0.3
EE,potencias,4,719,2.8172777714272575e-08,144030,30,200,1,discreta_global,"(mu,lambda)",0.3
EE,potencias,4,720,2.81721550568509e-08,144230,30,200,1,discreta_global,"(mu,lambda)",0.3
EE,potencias,4,721,2.8168054273015976e-08,144430,30,200,1,discreta_global,"(mu,lambda)",0.3
EE,potencias,4,722,2.8150614907525745e-08,144630,30,200,1,discreta_global,"(mu,lambda)",0.3
EE,potencias,4,723,2.8150214659397255e-08,144830,30,200,1,discreta_global,"(mu,lambda)",0.3
EE,potencias,4,724,2.8145780365099826e-08,145030,30,200,1,discreta_global,"(mu,lambda)",0.3
EE,potencias,4,725,2.8145062839443524e-08,145230,30,200,1,discreta_global,"(mu,lambda)",0.3
EE,potencias,4,726,2.8142649844939303e-08,145430,30,200,1,discreta_global,"(mu,lambda)",0.3
EE,potencias,4,727,2.8141613162599565e-08,145630,30,200,1,discreta_global,"(mu,lambda)",0.3
EE,potencias,4,728,2.81361978055142e-08,145830,30,200,1,discreta_global,"(mu,lambda)",0.3
EE,potencias,4,729,2.8132910452751113e-08,146030,30,200,1,discreta_global,"(mu,lambda)",0.3
EE,potencias,4,730,2.8130812724880634e-08,146230,30,200,1,discreta_global,"(mu,lambda)",0.3
EE,potencias,4,731,2.812819405881235e-08,146430,30,200,1,discreta_global,"(mu,lambda)",0.3
EE,potencias,4,732,2.812449279764011e-08,146630,30,200,1,discreta_global,"(mu,lambda)",0.3
EE,potencias,4,733,2.8123837573432572e-08,146830,30,200,1,discreta_global,"(mu,lambda)",0.3
EE,potencias,4,734,2.8120097399341645e-08,147030,30,200,1,discreta_global,"(mu,lambda)",0.3
EE,potencias,4,735,2.811993941693498e-08,147230,30,200,1,discreta_global,"(mu,lambda)",0.3
EE,potencias,4,736,2.8118390027523147e-08,147430,30,200,1,discreta_global,"(mu,lambda)",0.3
EE,potencias,4,737,2.8112363486120702e-08,147630,30,200,1,discreta_global,"(mu,lambda)",0.3
EE,potencias,4,738,2.811001359058958e-08,147830,30,200,1,discreta_global,"(mu,lambda)",0.3
EE,potencias,4,739,2.810856527998209e-08,148030,30,200,1,discreta_global,"(mu,lambda)",0.3
EE,potencias,4,740,2.810522287856912e-08,148230,30,200,1,discreta_global,"(mu,lambda)",0.3
EE,potencias,4,741,2.8100797270005304e-08,148430,30,200,1,discreta_global,"(mu,lambda)",0.3
EE,potencias,4,742,2.8096062425558093e-08,148630,30,200,1,discreta_global,"(mu,lambda)",0.3
EE,potencias,4,743,2.8093526953859738e-08,148830,30,200,1,discreta_global,"(mu,lambda)",0.3
EE,potencias,4,744,2.808865721561937e-08,149030,30,200,1,discreta_global,"(mu,lambda)",0.3
EE,potencias,4,745,2.8086961596145103e-08,149230,30,200,1,discreta_global,"(mu,lambda)",0.3
EE,potencias,4,746,2.8083744433358513e-08,149430,30,200,1,discreta_global,"(mu,lambda)",0.3
EE,potencias,4,747,2.8082427981526655e-08,149630,30,200,1,discreta_global,"(mu,lambda)",0.3
EE,potencias,4,748,2.807958220166194e-08,149830,30,200,1,discreta_global,"(mu,lambda)",0.3
EE,potencias,4,749,2.8069246797715523e-08,150030,30,200,1,discreta_global,"(mu,lambda)",0.3
EE,potencias,4,750,2.8063010596475682e-08,150230,30,200,1,discreta_global,"(mu,lambda)",0.3
EE,potencias,4,751,2.806187306872431e-08,150430,30,200,1,discreta_global,"(mu,lambda)",0.3
EE,potencias,4,752,2.8060562447510477e-08,150630,30,200,1,discreta_global,"(mu,lambda)",0.3
EE,potencias,4,753,2.8057079642165955e-08,150830,30,200,1,discreta_global,"(mu,lambda)",0.3
EE,potencias,4,754,2.8054570710854174e-08,151030,30,200,1,discreta_global,"(mu,lambda)",0.3
EE,potencias,4,755,2.8040399578645952e-08,151230,30,200,1,discreta_global,"(mu,lambda)",0.3
EE,potencias,4,756,2.8039294425970184e-08,151430,30,200,1,discreta_global,"(mu,lambda)",0.3
EE,potencias,4,757,2.8026179542770477e-08,151630,30,200,1,discreta_global,"(mu,lambda)",0.3
EE,potencias,4,758,2.8017755179114068e-08,151830,30,200,1,discreta_global,"(mu,lambda)",0.3
EE,potencias,4,759,2.8010502843613868e-08,152030,30,200,1,discreta_global,"(mu,lambda)",0.3
EE,potencias,4,760,2.8008430173025997e-08,152230,30,200,1,discreta_global,"(mu,lambda)",0.3
EE,potencias,4,761,2.799871536465689e-08,152430,30,200,1,discreta_global,"(mu,lambda)",0.3
EE,potencias,4,762,2.799526190666257e-08,152630,30,200,1,discreta_global,"(mu,lambda)",0.3
EE,potencias,4,763,2.7992145932717374e-08,152830,30,200,1,discreta_global,"(mu,lambda)",0.3
EE,potencias,4,764,2.7984855810089316e-08,153030,30,200,1,discreta_global,"(mu,lambda)",0.3
EE,potencias,4,765,2.797027923596744e-08,153230,30,200,1,discreta_global,"(mu,lambda)",0.3
EE,potencias,4,766,2.7961983571392776e-08,153430,30,200,1,discreta_global,"(mu,lambda)",0.3
EE,potencias,4,767,2.7956023112243257e-08,153630,30,200,1,discreta_global,"(mu,lambda)",0.3
EE,potencias,4,768,2.79477516650868e-08,153830,30,200,1,discreta_global,"(mu,lambda)",0.3
EE,potencias,4,769,2.7943076387656075e-08,154030,30,200,1,discreta_global,"(mu,lambda)",0.3
EE,potencias,4,770,2.792896671840664e-08,154230,30,200,1,discreta_global,"(mu,lambda)",0.3
EE,potencias,4,771,2.792471859073398e-08,154430,30,200,1,discreta_global,"(mu,lambda)",0.3
EE,potencias,4,772,2.7923367312971804e-08,154630,30,200,1,discreta_global,"(mu,lambda)",0.3
EE,potencias,4,773,2.7917486409268454e-08,154830,30,200,1,discreta_global,"(mu,lambda)",0.3
EE,potencias,4,774,2.791078282408182e-08,155030,30,200,1,discreta_global,"(mu,lambda)",0.3
EE,potencias,4,775,2.790586495424392e-08,155230,30,200,1,discreta_global,"(mu,lambda)",0.3
EE,potencias,4,776,2.789436174874836e-08,155430,30,200,1,discreta_global,"(mu,lambda)",0.3
EE,potencias,4,777,2.789125705337804e-08,155630,30,200,1,discreta_global,"(mu,lambda)",0.3
EE,potencias,4,778,2.788994965974601e-08,155830,30,200,1,discreta_global,"(mu,lambda)",0.3
EE,potencias,4,779,2.7888584022478973e-08,156030,30,200,1,discreta_global,"(mu,lambda)",0.3
EE,potencias,4,780,2.7885987161925096e-08,156230,30,200,1,discreta_global,"(mu,lambda)",0.3
EE,potencias,4,781,2.7883031666116294e-08,156430,30,200,1,discreta_global,"(mu,lambda)",0.3
EE,potencias,4,782,2.7880859744263093e-08,156630,30,200,1,discreta_global,"(mu,lambda)",0.3
EE,potencias,4,783,2.7877126315288224e-08,156830,30,200,1,discreta_global,"(mu,lambda)",0.3
EE,potencias,4,784,2.7876059472801244e-08,157030,30,200,1,discreta_global,"(mu,lambda)",0.3
EE,potencias,4,785,2.787514388939284e-08,157230,30,200,1,discreta_global,"(mu,lambda)",0.3
EE,potencias,4,786,2.7871947898811667e-08,157430,30,200,1,discreta_global,"(mu,lambda)",0.3
EE,potencias,4,787,2.7871603758688776e-08,157630,30,200,1,discreta_global,"(mu,lambda)",0.3
EE,potencias,4,788,2.7867675415715953e-08,157830,30,200,1,discreta_global,"(mu,lambda)",0.3
EE,potencias,4,789,2.7864686383919855e-08,158030,30,200,1,discreta_global,"(mu,lambda)",0.3
EE,potencias,4,790,2.7863665927325576e-08,158230,30,200,1,discreta_global,"(mu,lambda)",0.3
EE,potencias,4,791,2.7862112585339293e-08,158430,30,200,1,discreta_global,"(mu,lambda)",0.3
EE,potencias,4,792,2.785829184970262e-08,158630,30,200,1,discreta_global,"(mu,lambda)",0.3
EE,potencias,4,793,2.7857624338637783e-08,158830,30,200,1,discreta_global,"(mu,lambda)",0.3
EE,potencias,4,794,2.7854078038099768e-08,159030,30,200,1,discreta_global,"(mu,lambda)",0.3
EE,potencias,4,795,2.7850994480072113e-08,159230,30,200,1,discreta_global,"(mu,lambda)",0.3
EE,potencias,4,796,2.784857911805502e-08,159430,30,200,1,discreta_global,"(mu,lambda)",0.3
EE,potencias,4,797,2.7844616743887008e-08,159630,30,200,1,discreta_global,"(mu,lambda)",0.3
EE,potencias,4,798,2.7835805131580255e-08,159830,30,200,1,discreta_global,"(mu,lambda)",0.3
EE,potencias,4,799,2.7823538710429264e-08,160030,30,200,1,discreta_global,"(mu,lambda)",0.3
EE,potencias,4,800,2.7820331184590492e-08,160230,30,200,1,discreta_global,"(mu,lambda)",0.3
EE,potencias,4,801,2.781722348808328e-08,160430,30,200,1,discreta_global,"(mu,lambda)",0.3
EE,potencias,4,802,2.7810147390937935e-08,160630,30,200,1,discreta_global,"(mu,lambda)",0.3
EE,potencias,4,803,2.780121929725068e-08,160830,30,200,1,discreta_global,"(mu,lambda)",0.3
EE,potencias,4,804,2.7797730186134522e-08,161030,30,200,1,discreta_global,"(mu,lambda)",0.3
EE,potencias,4,805,2.7795678366701778e-08,161230,30,200,1,discreta_global,"(mu,lambda)",0.3
EE,potencias,4,806,2.7790592241410153e-08,161430,30,200,1,discreta_global,"(mu,lambda)",0.3
EE,potencias,4,807,2.777648546250328e-08,161630,30,200,1,discreta_global,"(mu,lambda)",0.3
EE,potencias,4,808,2.7772822345671386e-08,161830,30,200,1,discreta_global,"(mu,lambda)",0.3
EE,potencias,4,809,2.7768432709443483e-08,162030,30,200,1,discreta_global,"(mu,lambda)",0.3
EE,potencias,4,810,2.7752461338457502e-08,162230,30,200,1,discreta_global,"(mu,lambda)",0.3
EE,potencias,4,811,2.7748528524282002e-08,162430,30,200,1,discreta_global,"(mu,lambda)",0.3
EE,potencias,4,812,2.7738805352454765e-08,162630,30,200,1,discreta_global,"(mu,lambda)",0.3
EE,potencias,4,813,2.7730267806273315e-08,162830,30,200,1,discreta_global,"(mu,lambda)",0.3
EE,potencias,4,814,2.7724533294213812e-08,163030,30,200,1,discreta_global,"(mu,lambda)",0.3
EE,potencias,4,815,2.7714403045363877e-08,163230,30,200,1,discreta_global,"(mu,lambda)",0.3
EE,potencias,4,816,2.7709526035905944e-08,163430,30,200,1,discreta_global,"(mu,lambda)",0.3
EE,potencias,4,817,2.7704266266264304e-08,163630,30,200,1,discreta_global,"(mu,lambda)",0.3
EE,potencias,4,818,2.7701294844766537e-08,163830,30,200,1,discreta_global,"(mu,lambda)",0.3
EE,potencias,4,819,2.7695521515618457e-08,164030,30,200,1,discreta_global,"(mu,lambda)",0.3
EE,potencias,4,820,2.769318840676405e-08,164230,30,200,1,discreta_global,"(mu,lambda)",0.3
EE,potencias,4,821,2.7691037623487438e-08,164430,30,200,1,discreta_global,"(mu,lambda)",0.3
EE,potencias,4,822,2.7690140120279314e-08,164630,30,200,1,discreta_global,"(mu,lambda)",0.3
EE,potencias,4,823,2.768739595290953e-08,164830,30,200,1,discreta_global,"(mu,lambda)",0.3
EE,potencias,4,824,2.768547195405367e-08,165030,30,200,1,discreta_global,"(mu,lambda)",0.3
EE,potencias,4,825,2.7685028787078213e-08,165230,30,200,1,discreta_global,"(mu,lambda)",0.3
EE,potencias,4,826,2.768476341242557e-08,165430,30,200,1,discreta_global,"(mu,lambda)",0.3
EE,potencias,4,827,2.7684057417577495e-08,165630,30,200,1,discreta_global,"(mu,lambda)",0.3
EE,potencias,4,828,2.7679773629069527e-08,165830,30,200,1,discreta_global,"(mu,lambda)",0.3
EE,potencias,4,829,2.7675099999636017e-08,166030,30,200,1,discreta_global,"(mu,lambda)",0.3
EE,potencias,4,830,2.7673532756659164e-08,166230,30,200,1,discreta_global,"(mu,lambda)",0.3
EE,potencias,4,831,2.767200479422572e-08,166430,30,200,1,discreta_global,"(mu,lambda)",0.3
EE,potencias,4,832,2.766803344852585e-08,166630,30,200,1,discreta_global,"(mu,lambda)",0.3
EE,potencias,4,833,2.7663139543871394e-08,166830,30,200,1,discreta_global,"(mu,lambda)",0.3
EE,potencias,4,834,2.7658543846789842e-08,167030,30,200,1,discreta_global,"(mu,lambda)",0.3
EE,potencias,4,835,2.765234570358873e-08,167230,30,200,1,discreta_global,"(mu,lambda)",0.3
EE,potencias,4,836,2.764875655326031e-08,167430,30,200,1,discreta_global,"(mu,lambda)",0.3
EE,potencias,4,837,2.7647311412763777e-08,167630,30,200,1,discreta_global,"(mu,lambda)",0.3
EE,potencias,4,838,2.7643520742494244e-08,167830,30,200,1,discreta_global,"(mu,lambda)",0.3
EE,potencias,4,839,2.764267519416938e-08,168030,30,200,1,discreta_global,"(mu,lambda)",0.3
EE,potencias,4,840,2.7632222172339167e-08,168230,30,200,1,discreta_global,"(mu,lambda)",0.3
EE,potencias,4,841,2.762530365161006e-08,168430,30,200,1,discreta_global,"(mu,lambda)",0.3
EE,potencias,4,842,2.7623938410808795e-08,168630,30,200,1,discreta_global,"(mu,lambda)",0.3
EE,potencias,4,843,2.761830539406315e-08,168830,30,200,1,discreta_global,"(mu,lambda)",0.3
EE,potencias,4,844,2.761373009737627e-08,169030,30,200,1,discreta_global,"(mu,lambda)",0.3
EE,potencias,4,845,2.7599290552012147e-08,169230,30,200,1,discreta_global,"(mu,lambda)",0.3
EE,potencias,4,846,2.759500814907133e-08,169430,30,200,1,discreta_global,"(mu,lambda)",0.3
EE,potencias,4,847,2.7571220192458746e-08,169630,30,200,1,discreta_global,"(mu,lambda)",0.3
EE,potencias,4,848,2.7566345817310287e-08,169830,30,200,1,discreta_global,"(mu,lambda)",0.3
EE,potencias,4,849,2.7565618052527965e-08,170030,30,200,1,discreta_global,"(mu,lambda)",0.3
EE,potencias,4,850,2.7559372365597107e-08,170230,30,200,1,discreta_global,"(mu,lambda)",0.3
EE,potencias,4,851,2.7551436311761054e-08,170430,30,200,1,discreta_global,"(mu,lambda)",0.3
EE,potencias,4,852,2.7536676161353096e-08,170630,30,200,1,discreta_global,"(mu,lambda)",0.3
EE,potencias,4,853,2.75304216053491e-08,170830,30,200,1,discreta_global,"(mu,lambda)",0.3
EE,potencias,4,854,2.752256105044519e-08,171030,30,200,1,discreta_global,"(mu,lambda)",0.3
EE,potencias,4,855,2.7511085104264126e-08,171230,30,200,1,discreta_global,"(mu,lambda)",0.3
EE,potencias,4,856,2.75119407096697e-08,171430,30,200,1,discreta_global,"(mu,lambda)",0.3
EE,potencias,4,857,2.750969550466977e-08,171630,30,200,1,discreta_global,"(mu,lambda)",0.3
EE,potencias,4,858,2.7503484476058622e-08,171830,30,200,1,discreta_global,"(mu,lambda)",0.3
EE,potencias,4,859,2.7501335321838976e-08,172030,30,200,1,discreta_global,"(mu,lambda)",0.3
EE,potencias,4,860,2.7498200181037153e-08,172230,30,200,1,discreta_global,"(mu,lambda)",0.3
EE,potencias,4,861,2.749499321462051e-08,172430,30,200,1,discreta_global,"(mu,lambda)",0.3
EE,potencias,4,862,2.7490418892765524e-08,172630,30,200,1,discreta_global,"(mu,lambda)",0.3
EE,potencias,4,863,2.7486857672904596e-08,172830,30,200,1,discreta_global,"(mu,lambda)",0.3
EE,potencias,4,864,2.7485757474266222e-08,173030,30,200,1,discreta_global,"(mu,lambda)",0.3
EE,potencias,4,865,2.7472206591396977e-08,173230,30,200,1,discreta_global,"(mu,lambda)",0.3
EE,potencias,4,866,2.746827839378633e-08,173430,30,200,1,discreta_global,"(mu,lambda)",0.3
EE,potencias,4,867,2.7460430008487932e-08,173630,30,200,1,discreta_global,"(mu,lambda)",0.3
EE,potencias,4,868,2.7457197811479847e-08,173830,30,200,1,discreta_global,"(mu,lambda)",0.3
EE,potencias,4,869,2.7458117569168488e-08,174030,30,200,1,discreta_global,"(mu,lambda)",0.3
EE,potencias,4,870,2.74568482769018e-08,174230,30,200,1,discreta_global,"(mu,lambda)",0.3
EE,potencias,4,871,2.7455659912135425e-08,174430,30,200,1,discreta_global,"(mu,lambda)",0.3
EE,potencias,4,872,2.7455158083045774e-08,174630,30,200,1,discreta_global,"(mu,lambda)",0.3
EE,potencias,4,873,2.745204585498186e-08,174830,30,200,1,discreta_global,"(mu,lambda)",0.3
EE,potencias,4,874,2.744943882590227e-08,175030,30,200,1,discreta_global,"(mu,lambda)",0.3
EE,potencias,4,875,2.7445619294148117e-08,175230,30,200,1,discreta_global,"(mu,lambda)",0.3
EE,potencias,4,876,2.7443195998432406e-08,175430,30,200,1,discreta_global,"(mu,lambda)",0.3
EE,potencias,4,877,2.7443082128271724e-08,175630,30,200,1,discreta_global,"(mu,lambda)",0.3
EE,potencias,4,878,2.7441452093732867e-08,175830,30,200,1,discreta_global,"(mu,lambda)",0.3
EE,potencias,4,879,2.7440952733590968e-08,176030,30,200,1,discreta_global,"(mu,lambda)",0.3
EE,potencias,4,880,2.744018352417278e-08,176230,30,200,1,discreta_global,"(mu,lambda)",0.3
EE,potencias,4,881,2.7438929868940378e-08,176430,30,200,1,discreta_global,"(mu,lambda)",0.3
EE,potencias,4,882,2.7437704588677955e-08,176630,30,200,1,discreta_global,"(mu,lambda)",0.3
EE,potencias,4,883,2.7432612653420112e-08,176830,30,200,1,discreta_global,"(mu,lambda)",0.3
EE,potencias,4,884,2.7430666420194555e-08,177030,30,200,1,discreta_global,"(mu,lambda)",0.3
EE,potencias,4,885,2.7425560136139955e-08,177230,30,200,1,discreta_global,"(mu,lambda)",0.3
EE,potencias,4,886,2.7424954190169323e-08,177430,30,200,1,discreta_global,"(mu,lambda)",0.3
EE,potencias,4,887,2.74105819723346e-08,177630,30,200,1,discreta_global,"(mu,lambda)",0.3
EE,potencias,4,888,2.7409156992310315e-08,177830,30,200,1,discreta_global,"(mu,lambda)",0.3
EE,potencias,4,889,2.7407488018951077e-08,178030,30,200,1,discreta_global,"(mu,lambda)",0.3
EE,potencias,4,890,2.7403484033326683e-08,178230,30,200,1,discreta_global,"(mu,lambda)",0.3
EE,potencias,4,891,2.7398884116477425e-08,178430,30,200,1,discreta_global,"(mu,lambda)",0.3
EE,potencias,4,892,2.7398021643297676e-08,178630,30,200,1,discreta_global,"(mu,lambda)",0.3
EE,potencias,4,893,2.739645512465867e-08,178830,30,200,1,discreta_global,"(mu,lambda)",0.3
EE,potencias,4,894,2.73945748933178e-08,179030,30,200,1,discreta_global,"(mu,lambda)",0.3
EE,potencias,4,895,2.7390650597351372e-08,179230,30,200,1,discreta_global,"(mu,lambda)",0.3
EE,potencias,4,896,2.738900222003236e-08,179430,30,200,1,discreta_global,"(mu,lambda)",0.3
EE,potencias,4,897,2.7389088814731948e-08,179630,30,200,1,discreta_global,"(mu,lambda)",0.3
EE,potencias,4,898,2.7386412170303538e-08,179830,30,200,1,discreta_global,"(mu,lambda)",0.3
EE,potencias,4,899,2.7383851871695547e-08,180030,30,200,1,discreta_global,"(mu,lambda)",0.3
EE,potencias,4,900,2.7379238598768305e-08,180230,30,200,1,discreta_global,"(mu,lambda)",0.3
EE,potencias,4,901,2.7375035625096187e-08,180430,30,200,1,discreta_global,"(mu,lambda)",0.3
EE,potencias,4,902,2.7370586654306304e-08,180630,30,200,1,discreta_global,"(mu,lambda)",0.3
EE,potencias,4,903,2.736649814976824e-08,180830,30,200,1,discreta_global,"(mu,lambda)",0.3
EE,potencias,4,904,2.7355358023334544e-08,181030,30,200,1,discreta_global,"(mu,lambda)",0.3
EE,potencias,4,905,2.73523185327616e-08,181230,30,200,1,discreta_global,"(mu,lambda)",0.3
EE,potencias,4,906,2.7345706018930827e-08,181430,30,200,1,discreta_global,"(mu,lambda)",0.3
EE,potencias,4,907,2.7342856712621404e-08,181630,30,200,1,discreta_global,"(mu,lambda)",0.3
EE,potencias,4,908,2.733475590614092e-08,181830,30,200,1,discreta_global,"(mu,lambda)",0.3
EE,potencias,4,909,2.732142786636416e-08,182030,30,200,1,discreta_global,"(mu,lambda)",0.3
EE,potencias,4,910,2.7316998963606758e-08,182230,30,200,1,discreta_global,"(mu,lambda)",0.3
EE,potencias,4,911,2.7312769748674707e-08,182430,30,200,1,discreta_global,"(mu,lambda)",0.3
EE,potencias,4,912,2.7303667129388465e-08,182630,30,200,1,discreta_global,"(mu,lambda)",0.3
EE,potencias,4,913,2.727268734621086e-08,182830,30,200,1,discreta_global,"(mu,lambda)",0.3
EE,potencias,4,914,2.7267500125976023e-08,183030,30,200,1,discreta_global,"(mu,lambda)",0.3
EE,potencias,4,915,2.725790691096007e-08,183230,30,200,1,discreta_global,"(mu,lambda)",0.3
EE,potencias,4,916,2.72559074727362e-08,183430,30,200,1,discreta_global,"(mu,lambda)",0.3
EE,potencias,4,917,2.7251652304145774e-08,183630,30,200,1,discreta_global,"(mu,lambda)",0.3
EE,potencias,4,918,2.7249256186703462e-08,183830,30,200,1,discreta_global,"(mu,lambda)",0.3
EE,potencias,4,919,2.7247342040692722e-08,184030,30,200,1,discreta_global,"(mu,lambda)",0.3
EE,potencias,4,920,2.7246519155712593e-08,184230,30,200,1,discreta_global,"(mu,lambda)",0.3
EE,potencias,4,921,2.7245711196878424e-08,184430,30,200,1,discreta_global,"(mu,lambda)",0.3
EE,potencias,4,922,2.7245126111454194e-08,184630,30,200,1,discreta_global,"(mu,lambda)",0.3
EE,potencias,4,923,2.7244677734969115e-08,184830,30,200,1,discreta_global,"(mu,lambda)",0.3
EE,potencias,4,924,2.7243601999591347e-08,185030,30,200,1,discreta_global,"(mu,lambda)",0.3
EE,potencias,4,925,2.7242850495056482e-08,185230,30,200,1,discreta_global,"(mu,lambda)",0.3
EE,potencias,4,926,2.7241064433958613e-08,185430,30,200,1,discreta_global,"(mu,lambda)",0.3
EE,potencias,4,927,2.723974315733998e-08,185630,30,200,1,discreta_global,"(mu,lambda)",0.3
EE,potencias,4,928,2.7232480528264538e-08,185830,30,200,1,discreta_global,"(mu,lambda)",0.3
EE,potencias,4,929,2.722861090356302e-08,186030,30,200,1,discreta_global,"(mu,lambda)",0.3
EE,potencias,4,930,2.7203008457766434e-08,186230,30,200,1,discreta_global,"(mu,lambda)",0.3
EE,potencias,4,931,2.7168372166052446e-08,186430,30,200,1,discreta_global,"(mu,lambda)",0.3
EE,potencias,4,932,2.717105523298523e-08,186630,30,200,1,discreta_global,"(mu,lambda)",0.3
EE,potencias,4,933,2.715705318777272e-08,186830,30,200,1,discreta_global,"(mu,lambda)",0.3
EE,potencias,4,934,2.7150136797072918e-08,187030,30,200,1,discreta_global,"(mu,lambda)",0.3
EE,potencias,4,935,2.7143121830089604e-08,187230,30,200,1,discreta_global,"(mu,lambda)",0.3
EE,potencias,4,936,2.7137654620511568e-08,187430,30,200,1,discreta_global,"(mu,lambda)",0.3
EE,potencias,4,937,2.7136951980743352e-08,187630,30,200,1,discreta_global,"(mu,lambda)",0.3
EE,potencias,4,938,2.713502804403178e-08,187830,30,200,1,discreta_global,"(mu,lambda)",0.3
EE,potencias,4,939,2.712650565053798e-08,188030,30,200,1,discreta_global,"(mu,lambda)",0.3
EE,potencias,4,940,2.7123342347351956e-08,188230,30,200,1,discreta_global,"(mu,lambda)",0.3
EE,potencias,4,941,2.711756566921181e-08,188430,30,200,1,discreta_global,"(mu,lambda)",0.3
EE,potencias,4,942,2.710567366357298e-08,188630,30,200,1,discreta_global,"(mu,lambda)",0.3
EE,potencias,4,943,2.710140283671394e-08,188830,30,200,1,discreta_global,"(mu,lambda)",0.3
EE,potencias,4,944,2.7095704401342863e-08,189030,30,200,1,discreta_global,"(mu,lambda)",0.3
EE,potencias,4,945,2.709169147020887e-08,189230,30,200,1,discreta_global,"(mu,lambda)",0.3
EE,potencias,4,946,2.7075925056900004e-08,189430,30,200,1,discreta_global,"(mu,lambda)",0.3
EE,potencias,4,947,2.7070855571371228e-08,189630,30,200,1,discreta_global,"(mu,lambda)",0.3
EE,potencias,4,948,2.7068684569865993e-08,189830,30,200,1,discreta_global,"(mu,lambda)",0.3
EE,potencias,4,949,2.7062414971688914e-08,190030,30,200,1,discreta_global,"(mu,lambda)",0.3
EE,potencias,4,950,2.706040947485226e-08,190230,30,200,1,discreta_global,"(mu,lambda)",0.3
EE,potencias,4,951,2.7044309335556807e-08,190430,30,200,1,discreta_global,"(mu,lambda)",0.3
EE,potencias,4,952,2.7042942351209464e-08,190630,30,200,1,discreta_global,"(mu,lambda)",0.3
EE,potencias,4,953,2.7029067655538698e-08,190830,30,200,1,discreta_global,"(mu,lambda)",0.3
EE,potencias,4,954,2.701500192197443e-08,191030,30,200,1,discreta_global,"(mu,lambda)",0.3
EE,potencias,4,955,2.700861023597811e-08,191230,30,200,1,discreta_global,"(mu,lambda)",0.3
EE,potencias,4,956,2.70062772956337e-08,191430,30,200,1,discreta_global,"(mu,lambda)",0.3
EE,potencias,4,957,2.7003061856560417e-08,191630,30,200,1,discreta_global,"(mu,lambda)",0.3
EE,potencias,4,958,2.7003014740311585e-08,191830,30,200,1,discreta_global,"(mu,lambda)",0.3
EE,potencias,4,959,2.7001434013085273e-08,192030,30,200,1,discreta_global,"(mu,lambda)",0.3
EE,potencias,4,960,2.6999237280610526e-08,192230,30,200,1,discreta_global,"(mu,lambda)",0.3
EE,potencias,4,961,2.6996632985665313e-08,192430,30,200,1,discreta_global,"(mu,lambda)",0.3
EE,potencias,4,962,2.6990595703501242e-08,192630,30,200,1,discreta_global,"(mu,lambda)",0.3
EE,potencias,4,963,2.6988496968838154e-08,192830,30,200,1,discreta_global,"(mu,lambda)",0.3
EE,potencias,4,964,2.6983332965979227e-08,193030,30,200,1,discreta_global,"(mu,lambda)",0.3
EE,potencias,4,965,2.6978226069514152e-08,193230,30,200,1,discreta_global,"(mu,lambda)",0.3
EE,potencias,4,966,2.697477616873939e-08,193430,30,200,1,discreta_global,"(mu,lambda)",0.3
EE,potencias,4,967,2.697147277613534e-08,193630,30,200,1,discreta_global,"(mu,lambda)",0.3
EE,potencias,4,968,2.69685825232284e-08,193830,30,200,1,discreta_global,"(mu,lambda)",0.3
EE,potencias,4,969,2.6953928153949672e-08,194030,30,200,1,discreta_global,"(mu,lambda)",0.3
EE,potencias,4,970,2.6936085123676297e-08,194230,30,200,1,discreta_global,"(mu,lambda)",0.3
EE,potencias,4,971,2.692738902339696e-08,194430,30,200,1,discreta_global,"(mu,lambda)",0.3
EE,potencias,4,972,2.692648039951347e-08,194630,30,200,1,discreta_global,"(mu,lambda)",0.3
EE,potencias,4,973,2.6894898701636702e-08,194830,30,200,1,discreta_global,"(mu,lambda)",0.3
EE,potencias,4,974,2.689219134072788e-08,195030,30,200,1,discreta_global,"(mu,lambda)",0.3
EE,potencias,4,975,2.688843075842891e-08,195230,30,200,1,discreta_global,"(mu,lambda)",0.3
EE,potencias,4,976,2.688651549210209e-08,195430,30,200,1,discreta_global,"(mu,lambda)",0.3
EE,potencias,4,977,2.6884119205046724e-08,195630,30,200,1,discreta_global,"(mu,lambda)",0.3
EE,potencias,4,978,2.687978679875969e-08,195830,30,200,1,discreta_global,"(mu,lambda)",0.3
EE,potencias,4,979,2.6878876611105607e-08,196030,30,200,1,discreta_global,"(mu,lambda)",0.3
EE,potencias,4,980,2.6869452771499657e-08,196230,30,200,1,discreta_global,"(mu,lambda)",0.3
EE,potencias,4,981,2.686049973387582e-08,196430,30,200,1,discreta_global,"(mu,lambda)",0.3
EE,potencias,4,982,2.684975153715632e-08,196630,30,200,1,discreta_global,"(mu,lambda)",0.3
EE,potencias,4,983,2.6841677653964224e-08,196830,30,200,1,discreta_global,"(mu,lambda)",0.3
EE,potencias,4,984,2.6817787098753312e-08,197030,30,200,1,discreta_global,"(mu,lambda)",0.3
EE,potencias,4,985,2.6815320202947938e-08,197230,30,200,1,discreta_global,"(mu,lambda)",0.3
EE,potencias,4,986,2.681376060652465e-08,197430,30,200,1,discreta_global,"(mu,lambda)",0.3
EE,potencias,4,987,2.6812869224171476e-08,197630,30,200,1,discreta_global,"(mu,lambda)",0.3
EE,potencias,4,988,2.680960191361561e-08,197830,30,200,1,discreta_global,"(mu,lambda)",0.3
EE,potencias,4,989,2.6803400285690605e-08,198030,30,200,1,discreta_global,"(mu,lambda)",0.3
EE,potencias,4,990,2.6802268599521536e-08,198230,30,200,1,discreta_global,"(mu,lambda)",0.3
EE,potencias,4,991,2.6800777966001674e-08,198430,30,200,1,discreta_global,"(mu,lambda)",0.3
EE,potencias,4,992,2.6799737602174695e-08,198630,30,200,1,discreta_global,"(mu,lambda)",0.3
EE,potencias,4,993,2.6795335108239518e-08,198830,30,200,1,discreta_global,"(mu,lambda)",0.3
EE,potencias,4,994,2.6793602880791313e-08,199030,30,200,1,discreta_global,"(mu,lambda)",0.3
EE,potencias,4,995,2.6785175867998823e-08,199230,30,200,1,discreta_global,"(mu,lambda)",0.3
EE,potencias,4,996,2.6782352541117222e-08,199430,30,200,1,discreta_global,"(mu,lambda)",0.3
EE,potencias,4,997,2.6781393867145198e-08,199630,30,200,1,discreta_global,"(mu,lambda)",0.3
EE,potencias,4,998,2.6780260707008127e-08,199830,30,200,1,discreta_global,"(mu,lambda)",0.3
EE,potencias,4,999,2.67748214666961e-08,200030,30,200,1,discreta_global,"(mu,lambda)",0.3
EE,potencias,4,1000,2.6769568299870447e-08,200230,30,200,1,discreta_global,"(mu,lambda)",0.3
EE,potencias,4,1001,2.6768547302259936e-08,200430,30,200,1,discreta_global,"(mu,lambda)",0.3
EE,potencias,4,1002,2.676604451582145e-08,200630,30,200,1,discreta_global,"(mu,lambda)",0.3
EE,potencias,4,1003,2.676330520473528e-08,200830,30,200,1,discreta_global,"(mu,lambda)",0.3
EE,potencias,4,1004,2.6762073342114396e-08,201030,30,200,1,discreta_global,"(mu,lambda)",0.3
EE,potencias,4,1005,2.675714368199591e-08,201230,30,200,1,discreta_global,"(mu,lambda)",0.3
EE,potencias,4,1006,2.6756813891264822e-08,201430,30,200,1,discreta_global,"(mu,lambda)",0.3
EE,potencias,4,1007,2.6754633088428273e-08,201630,30,200,1,discreta_global,"(mu,lambda)",0.3
EE,potencias,4,1008,2.6752959649762645e-08,201830,30,200,1,discreta_global,"(mu,lambda)",0.3
EE,potencias,4,1009,2.6750844688399203e-08,202030,30,200,1,discreta_global,"(mu,lambda)",0.3
EE,potencias,4,1010,2.6741125760436062e-08,202230,30,200,1,discreta_global,"(mu,lambda)",0.3
EE,potencias,4,1011,2.673977439294238e-08,202430,30,200,1,discreta_global,"(mu,lambda)",0.3
EE,potencias,4,1012,2.6736841749634967e-08,202630,30,200,1,discreta_global,"(mu,lambda)",0.3
EE,potencias,4,1013,2.672814448900807e-08,202830,30,200,1,discreta_global,"(mu,lambda)",0.3
EE,potencias,4,1014,2.6716937504419744e-08,203030,30,200,1,discreta_global,"(mu,lambda)",0.3
EE,potencias,4,1015,2.6715215672275323e-08,203230,30,200,1,discreta_global,"(mu,lambda)",0.3
EE,potencias,4,1016,2.6709622431913274e-08,203430,30,200,1,discreta_global,"(mu,lambda)",0.3
EE,potencias,4,1017,2.6703208044634462e-08,203630,30,200,1,discreta_global,"(mu,lambda)",0.3
EE,potencias,4,1018,2.67019026930268e-08,203830,30,200,1,discreta_global,"(mu,lambda)",0.3
EE,potencias,4,1019,2.66974714915413e-08,204030,30,200,1,discreta_global,"(mu,lambda)",0.3
EE,potencias,4,1020,2.6692270821003967e-08,204230,30,200,1,discreta_global,"(mu,lambda)",0.3
EE,potencias,4,1021,2.668837202478896e-08,204430,30,200,1,discreta_global,"(mu,lambda)",0.3
EE,potencias,4,1022,2.668253306453807e-08,204630,30,200,1,discreta_global,"(mu,lambda)",0.3
EE,potencias,4,1023,2.66777452062989e-08,204830,30,200,1,discreta_global,"(mu,lambda)",0.3
EE,potencias,4,1024,2.6673555317608544e-08,205030,30,200,1,discreta_global,"(mu,lambda)",0.3
EE,potencias,4,1025,2.665094542662456e-08,205230,30,200,1,discreta_global,"(mu,lambda)",0.3
EE,potencias,4,1026,2.6638369293035163e-08,205430,30,200,1,discreta_global,"(mu,lambda)",0.3
EE,potencias,4,1027,2.66364520690199e-08,205630,30,200,1,discreta_global,"(mu,lambda)",0.3
EE,potencias,4,1028,2.662919953365233e-08,205830,30,200,1,discreta_global,"(mu,lambda)",0.3
EE,potencias,4,1029,2.662290551955542e-08,206030,30,200,1,discreta_global,"(mu,lambda)",0.3
EE,potencias,4,1030,2.659709660373801e-08,206230,30,200,1,discreta_global,"(mu,lambda)",0.3
EE,potencias,4,1031,2.658089815864246e-08,206430,30,200,1,discreta_global,"(mu,lambda)",0.3
EE,potencias,4,1032,2.6572167701550077e-08,206630,30,200,1,discreta_global,"(mu,lambda)",0.3
EE,potencias,4,1033,2.6569079135102006e-08,206830,30,200,1,discreta_global,"(mu,lambda)",0.3
EE,potencias,4,1034,2.656668059025675e-08,207030,30,200,1,discreta_global,"(mu,lambda)",0.3
EE,potencias,4,1035,2.6562197285666467e-08,207230,30,200,1,discreta_global,"(mu,lambda)",0.3
EE,potencias,4,1036,2.6562133279287094e-08,207430,30,200,1,discreta_global,"(mu,lambda)",0.3
EE,potencias,4,1037,2.6557253678647726e-08,207630,30,200,1,discreta_global,"(mu,lambda)",0.3
EE,potencias,4,1038,2.6557659584331458e-08,207830,30,200,1,discreta_global,"(mu,lambda)",0.3
EE,potencias,4,1039,2.655692091417928e-08,208030,30,200,1,discreta_global,"(mu,lambda)",0.3
EE,potencias,4,1040,2.6554844534894694e-08,208230,30,200,1,discreta_global,"(mu,lambda)",0.3
EE,potencias,4,1041,2.65542662810837e-08,208430,30,200,1,discreta_global,"(mu,lambda)",0.3
EE,potencias,4,1042,2.655302415223176e-08,208630,30,200,1,discreta_global,"(mu,lambda)",0.3
EE,potencias,4,1043,2.6552131419977008e-08,208830,30,200,1,discreta_global,"(mu,lambda)",0.3
EE,potencias,4,1044,2.6548063907442954e-08,209030,30,200,1,discreta_global,"(mu,lambda)",0.3
EE,potencias,4,1045,2.6544992562048548e-08,209230,30,200,1,discreta_global,"(mu,lambda)",0.3
EE,potencias,4,1046,2.653815917161328e-08,209430,30,200,1,discreta_global,"(mu,lambda)",0.3
EE,potencias,4,1047,2.6532628876535377e-08,209630,30,200,1,discreta_global,"(mu,lambda)",0.3
EE,potencias,4,1048,2.6532602289665908e-08,209830,30,200,1,discreta_global,"(mu,lambda)",0.3
EE,potencias,4,1049,2.6530395384846862e-08,210030,30,200,1,discreta_global,"(mu,lambda)",0.3
EE,potencias,4,1050,2.6525104161829877e-08,210230,30,200,1,discreta_global,"(mu,lambda)",0.3
EE,potencias,4,1051,2.6523035146555765e-08,210430,30,200,1,discreta_global,"(mu,lambda)",0.3
EE,potencias,4,1052,2.6515796274939822e-08,210630,30,200,1,discreta_global,"(mu,lambda)",0.3
EE,potencias,4,1053,2.651180518579365e-08,210830,30,200,1,discreta_global,"(mu,lambda)",0.3
EE,potencias,4,1054,2.6505473398912155e-08,211030,30,200,1,discreta_global,"(mu,lambda)",0.3
EE,potencias,4,1055,2.6500698625847664e-08,211230,30,200,1,discreta_global,"(mu,lambda)",0.3
EE,potencias,4,1056,2.6492482950579487e-08,211430,30,200,1,discreta_global,"(mu,lambda)",0.3
EE,potencias,4,1057,2.648628023843463e-08,211630,30,200,1,discreta_global,"(mu,lambda)",0.3
EE,potencias,4,1058,2.6478600750221383e-08,211830,30,200,1,discreta_global,"(mu,lambda)",0.3
EE,potencias,4,1059,2.6466958783243516e-08,212030,30,200,1,discreta_global,"(mu,lambda)",0.3
EE,potencias,4,1060,2.6461273568083013e-08,212230,30,200,1,discreta_global,"(mu,lambda)",0.3
EE,potencias,4,1061,2.6458784722006437e-08,212430,30,200,1,discreta_global,"(mu,lambda)",0.3
EE,potencias,4,1062,2.6453799219196382e-08,212630,30,200,1,discreta_global,"(mu,lambda)",0.3
EE,potencias,4,1063,2.6448199007444957e-08,212830,30,200,1,discreta_global,"(mu,lambda)",0.3
EE,potencias,4,1064,2.6445863149696967e-08,213030,30,200,1,discreta_global,"(mu,lambda)",0.3
EE,potencias,4,1065,2.64412173099386e-08,213230,30,200,1,discreta_global,"(mu,lambda)",0.3
EE,potencias,4,1066,2.6439683331807428e-08,213430,30,200,1,discreta_global,"(mu,lambda)",0.3
EE,potencias,4,1067,2.6438164761815518e-08,213630,30,200,1,discreta_global,"(mu,lambda)",0.3
EE,potencias,4,1068,2.6432238613560546e-08,213830,30,200,1,discreta_global,"(mu,lambda)",0.3
EE,potencias,4,1069,2.642821213988521e-08,214030,30,200,1,discreta_global,"(mu,lambda)",0.3
EE,potencias,4,1070,2.6427885994463816e-08,214230,30,200,1,discreta_global,"(mu,lambda)",0.3
EE,potencias,4,1071,2.642630874787749e-08,214430,30,200,1,discreta_global,"(mu,lambda)",0.3
EE,potencias,4,1072,2.642349819704205e-08,214630,30,200,1,discreta_global,"(mu,lambda)",0.3
EE,potencias,4,1073,2.641718289525845e-08,214830,30,200,1,discreta_global,"(mu,lambda)",0.3
EE,potencias,4,1074,2.6417443796676723e-08,215030,30,200,1,discreta_global,"(mu,lambda)",0.3
EE,potencias,4,1075,2.641627358837934e-08,215230,30,200,1,discreta_global,"(mu,lambda)",0.3
EE,potencias,4,1076,2.6412598967796397e-08,215430,30,200,1,discreta_global,"(mu,lambda)",0.3
EE,potencias,4,1077,2.6409134683565136e-08,215630,30,200,1,discreta_global,"(mu,lambda)",0.3
EE,potencias,4,1078,2.6390781543406712e-08,215830,30,200,1,discreta_global,"(mu,lambda)",0.3
EE,potencias,4,1079,2.6389933256187337e-08,216030,30,200,1,discreta_global,"(mu,lambda)",0.3
EE,potencias,4,1080,2.6388126395249358e-08,216230,30,200,1,discreta_global,"(mu,lambda)",0.3
EE,potencias,4,1081,2.6385710389572507e-08,216430,30,200,1,discreta_global,"(mu,lambda)",0.3
EE,potencias,4,1082,2.6384436520750066e-08,216630,30,200,1,discreta_global,"(mu,lambda)",0.3
EE,potencias,4,1083,2.6379646767971605e-08,216830,30,200,1,discreta_global,"(mu,lambda)",0.3
EE,potencias,4,1084,2.6377921394170164e-08,217030,30,200,1,discreta_global,"(mu,lambda)",0.3
EE,potencias,4,1085,2.637554743572753e-08,217230,30,200,1,discreta_global,"(mu,lambda)",0.3
EE,potencias,4,1086,2.6374559496568434e-08,217430,30,200,1,discreta_global,"(mu,lambda)",0.3
EE,potencias,4,1087,2.6372377201520537e-08,217630,30,200,1,discreta_global,"(mu,lambda)",0.3
EE,potencias,4,1088,2.636721610069727e-08,217830,30,200,1,discreta_global,"(mu,lambda)",0.3
EE,potencias,4,1089,2.6347456513792237e-08,218030,30,200,1,discreta_global,"(mu,lambda)",0.3
EE,potencias,4,1090,2.6344535663251798e-08,218230,30,200,1,discreta_global,"(mu,lambda)",0.3
EE,potencias,4,1091,2.634458511122209e-08,218430,30,200,1,discreta_global,"(mu,lambda)",0.3
EE,potencias,4,1092,2.6334668714831695e-08,218630,30,200,1,discreta_global,"(mu,lambda)",0.3
EE,potencias,4,1093,2.6316408808689976e-08,218830,30,200,1,discreta_global,"(mu,lambda)",0.3
EE,potencias,4,1094,2.6310268389627894e-08,219030,30,200,1,discreta_global,"(mu,lambda)",0.3
EE,potencias,4,1095,2.630649965710555e-08,219230,30,200,1,discreta_global,"(mu,lambda)",0.3
EE,potencias,4,1096,2.6299848154645963e-08,219430,30,200,1,discreta_global,"(mu,lambda)",0.3
EE,potencias,4,1097,2.6290806336519733e-08,219630,30,200,1,discreta_global,"(mu,lambda)",0.3
EE,potencias,4,1098,2.6280212198287325e-08,219830,30,200,1,discreta_global,"(mu,lambda)",0.3
EE,potencias,4,1099,2.6277437918095393e-08,220030,30,200,1,discreta_global,"(mu,lambda)",0.3
EE,potencias,4,1100,2.6262292247032035e-08,220230,30,200,1,discreta_global,"(mu,lambda)",0.3
EE,potencias,4,1101,2.624228360951526e-08,220430,30,200,1,discreta_global,"(mu,lambda)",0.3
EE,potencias,4,1102,2.6239584469491875e-08,220630,30,200,1,discreta_global,"(mu,lambda)",0.3
EE,potencias,4,1103,2.6238042305944393e-08,220830,30,200,1,discreta_global,"(mu,lambda)",0.3
EE,potencias,4,1104,2.62359234978083e-08,221030,30,200,1,discreta_global,"(mu,lambda)",0.3
EE,potencias,4,1105,2.6230903891213508e-08,221230,30,200,1,discreta_global,"(mu,lambda)",0.3
EE,potencias,4,1106,2.6228075183611798e-08,221430,30,200,1,discreta_global,"(mu,lambda)",0.3
EE,potencias,4,1107,2.622491149740258e-08,221630,30,200,1,discreta_global,"(mu,lambda)",0.3
EE,potencias,4,1108,2.6223499573380547e-08,221830,30,200,1,discreta_global,"(mu,lambda)",0.3
EE,potencias,4,1109,2.622308238147459e-08,222030,30,200,1,discreta_global,"(mu,lambda)",0.3
EE,potencias,4,1110,2.6220746639755557e-08,222230,30,200,1,discreta_global,"(mu,lambda)",0.3
EE,potencias,4,1111,2.622042550016218e-08,222430,30,200,1,discreta_global,"(mu,lambda)",0.3
EE,potencias,4,1112,2.621830552666176e-08,222630,30,200,1,discreta_global,"(mu,lambda)",0.3
EE,potencias,4,1113,2.621695612190584e-08,222830,30,200,1,discreta_global,"(mu,lambda)",0.3
EE,potencias,4,1114,2.6212256503817542e-08,223030,30,200,1,discreta_global,"(mu,lambda)",0.3
EE,potencias,4,1115,2.6210294638300553e-08,223230,30,200,1,discreta_global,"(mu,lambda)",0.3
EE,potencias,4,1116,2.6208036264355714e-08,223430,30,200,1,discreta_global,"(mu,lambda)",0.3
EE,potencias,4,1117,2.6203153434709245e-08,223630,30,200,1,discreta_global,"(mu,lambda)",0.3
EE,potencias,4,1118,2.62006808102106e-08,223830,30,200,1,discreta_global,"(mu,lambda)",0.3
EE,potencias,4,1119,2.6197516934230217e-08,224030,30,200,1,discreta_global,"(mu,lambda)",0.3
EE,potencias,4,1120,2.6195586197722622e-08,224230,30,200,1,discreta_global,"(mu,lambda)",0.3
EE,potencias,4,1121,2.619184084371718e-08,224430,30,200,1,discreta_global,"(mu,lambda)",0.3
EE,potencias,4,1122,2.619078516738828e-08,224630,30,200,1,discreta_global,"(mu,lambda)",0.3
EE,potencias,4,1123,2.6189801255778007e-08,224830,30,200,1,discreta_global,"(mu,lambda)",0.3
EE,potencias,4,1124,2.6186214446800413e-08,225030,30,200,1,discreta_global,"(mu,lambda)",0.3
EE,potencias,4,1125,2.618341694972603e-08,225230,30,200,1,discreta_global,"(mu,lambda)",0.3
EE,potencias,4,1126,2.6180225473493306e-08,225430,30,200,1,discreta_global,"(mu,lambda)",0.3
EE,potencias,4,1127,2.617460983954568e-08,225630,30,200,1,discreta_global,"(mu,lambda)",0.3
EE,potencias,4,1128,2.6169380116685118e-08,225830,30,200,1,discreta_global,"(mu,lambda)",0.3
EE,potencias,4,1129,2.6165141134551887e-08,226030,30,200,1,discreta_global,"(mu,lambda)",0.3
EE,potencias,4,1130,2.6155974293883336e-08,226230,30,200,1,discreta_global,"(mu,lambda)",0.3
EE,potencias,4,1131,2.615496388922554e-08,226430,30,200,1,discreta_global,"(mu,lambda)",0.3
EE,potencias,4,1132,2.6149857028242762e-08,226630,30,200,1,discreta_global,"(mu,lambda)",0.3
EE,potencias,4,1133,2.6144871356639194e-08,226830,30,200,1,discreta_global,"(mu,lambda)",0.3
EE,potencias,4,1134,2.61443177503438e-08,227030,30,200,1,discreta_global,"(mu,lambda)",0.3
EE,potencias,4,1135,2.6137004485446317e-08,227230,30,200,1,discreta_global,"(mu,lambda)",0.3
EE,potencias,4,1136,2.6125686772121242e-08,227430,30,200,1,discreta_global,"(mu,lambda)",0.3
EE,potencias,4,1137,2.6123553327064868e-08,227630,30,200,1,discreta_global,"(mu,lambda)",0.3
EE,potencias,4,1138,2.6115677423098347e-08,227830,30,200,1,discreta_global,"(mu,lambda)",0.3
EE,potencias,4,1139,2.611589160668769e-08,228030,30,200,1,discreta_global,"(mu,lambda)",0.3
EE,potencias,4,1140,2.6106654709342066e-08,228230,30,200,1,discreta_global,"(mu,lambda)",0.3
EE,potencias,4,1141,2.6103440545404098e-08,228430,30,200,1,discreta_global,"(mu,lambda)",0.3
EE,potencias,4,1142,2.610208944603381e-08,228630,30,200,1,discreta_global,"(mu,lambda)",0.3
EE,potencias,4,1143,2.6100518091419593e-08,228830,30,200,1,discreta_global,"(mu,lambda)",0.3
EE,potencias,4,1144,2.6086778709988776e-08,229030,30,200,1,discreta_global,"(mu,lambda)",0.3
EE,potencias,4,1145,2.6086962381330592e-08,229230,30,200,1,discreta_global,"(mu,lambda)",0.3
EE,potencias,4,1146,2.608271166153354e-08,229430,30,200,1,discreta_global,"(mu,lambda)",0.3
EE,potencias,4,1147,2.6081642922151098e-08,229630,30,200,1,discreta_global,"(mu,lambda)",0.3
EE,potencias,4,1148,2.6076009686415517e-08,229830,30,200,1,discreta_global,"(mu,lambda)",0.3
EE,potencias,4,1149,2.6067744404104328e-08,230030,30,200,1,discreta_global,"(mu,lambda)",0.3
EE,potencias,4,1150,2.606063256069695e-08,230230,30,200,1,discreta_global,"(mu,lambda)",0.3
EE,potencias,4,1151,2.6060418241860015e-08,230430,30,200,1,discreta_global,"(mu,lambda)",0.3
EE,potencias,4,1152,2.605482222623787e-08,230630,30,200,1,discreta_global,"(mu,lambda)",0.3
EE,potencias,4,1153,2.605029936244613e-08,230830,30,200,1,discreta_global,"(mu,lambda)",0.3
EE,potencias,4,1154,2.6042558010910613e-08,231030,30,200,1,discreta_global,"(mu,lambda)",0.3
EE,potencias,4,1155,2.6039703955028455e-08,231230,30,200,1,discreta_global,"(mu,lambda)",0.3
EE,potencias,4,1156,2.603827297690796e-08,231430,30,200,1,discreta_global,"(mu,lambda)",0.3
EE,potencias,4,1157,2.603764093165322e-08,231630,30,200,1,discreta_global,"(mu,lambda)",0.3
EE,potencias,4,1158,2.603652781194837e-08,231830,30,200,1,discreta_global,"(mu,lambda)",0.3
EE,potencias,4,1159,2.6035141801251008e-08,232030,30,200,1,discreta_global,"(mu,lambda)",0.3
EE,potencias,4,1160,2.6030735956892924e-08,232230,30,200,1,discreta_global,"(mu,lambda)",0.3
EE,potencias,4,1161,2.6030363701329756e-08,232430,30,200,1,discreta_global,"(mu,lambda)",0.3
EE,potencias,4,1162,2.6027626210519262e-08,232630,30,200,1,discreta_global,"(mu,lambda)",0.3
EE,potencias,4,1163,2.6025530755384105e-08,232830,30,200,1,discreta_global,"(mu,lambda)",0.3
EE,potencias,4,1164,2.6022971594876554e-08,233030,30,200,1,discreta_global,"(mu,lambda)",0.3
EE,potencias,4,1165,2.602141951444193e-08,233230,30,200,1,discreta_global,"(mu,lambda)",0.3
EE,potencias,4,1166,2.601506278745588e-08,233430,30,200,1,discreta_global,"(mu,lambda)",0.3
EE,potencias,4,1167,2.6008127347418505e-08,233630,30,200,1,discreta_global,"(mu,lambda)",0.3
EE,potencias,4,1168,2.6002154654460066e-08,233830,30,200,1,discreta_global,"(mu,lambda)",0.3
EE,potencias,4,1169,2.6002307543203876e-08,234030,30,200,1,discreta_global,"(mu,lambda)",0.3
EE,potencias,4,1170,2.5997632930520357e-08,234230,30,200,1,discreta_global,"(mu,lambda)",0.3
EE,potencias,4,1171,2.5982620745183694e-08,234430,30,200,1,discreta_global,"(mu,lambda)",0.3
EE,potencias,4,1172,2.5979473528973282e-08,234630,30,200,1,discreta_global,"(mu,lambda)",0.3
EE,potencias,4,1173,2.597857053709299e-08,234830,30,200,1,discreta_global,"(mu,lambda)",0.3
EE,potencias,4,1174,2.5973400804262653e-08,235030,30,200,1,discreta_global,"(mu,lambda)",0.3
EE,potencias,4,1175,2.5973855444647052e-08,235230,30,200,1,discreta_global,"(mu,lambda)",0.3
EE,potencias,4,1176,2.596574339917231e-08,235430,30,200,1,discreta_global,"(mu,lambda)",0.3
EE,potencias,4,1177,2.5962234867909536e-08,235630,30,200,1,discreta_global,"(mu,lambda)",0.3
EE,potencias,4,1178,2.5957580204065422e-08,235830,30,200,1,discreta_global,"(mu,lambda)",0.3
EE,potencias,4,1179,2.5956868201529066e-08,236030,30,200,1,discreta_global,"(mu,lambda)",0.3
EE,potencias,4,1180,2.594682571028149e-08,236230,30,200,1,discreta_global,"(mu,lambda)",0.3
EE,potencias,4,1181,2.5936787024347033e-08,236430,30,200,1,discreta_global,"(mu,lambda)",0.3
EE,potencias,4,1182,2.5930328395864077e-08,236630,30,200,1,discreta_global,"(mu,lambda)",0.3
EE,potencias,4,1183,2.5929905608399113e-08,236830,30,200,1,discreta_global,"(mu,lambda)",0.3
EE,potencias,4,1184,2.5926677214804628e-08,237030,30,200,1,discreta_global,"(mu,lambda)",0.3
EE,potencias,4,1185,2.591738820791909e-08,237230,30,200,1,discreta_global,"(mu,lambda)",0.3
EE,potencias,4,1186,2.5915349893848256e-08,237430,30,200,1,discreta_global,"(mu,lambda)",0.3
EE,potencias,4,1187,2.5909355063703258e-08,237630,30,200,1,discreta_global,"(mu,lambda)",0.3
EE,potencias,4,1188,2.5902594927826285e-08,237830,30,200,1,discreta_global,"(mu,lambda)",0.3
EE,potencias,4,1189,2.5898874573649856e-08,238030,30,200,1,discreta_global,"(mu,lambda)",0.3
EE,potencias,4,1190,2.5898469481044915e-08,238230,30,200,1,discreta_global,"(mu,lambda)",0.3
EE,potencias,4,1191,2.5893158170754013e-08,238430,30,200,1,discreta_global,"(mu,lambda)",0.3
EE,potencias,4,1192,2.58886802472491e-08,238630,30,200,1,discreta_global,"(mu,lambda)",0.3
EE,potencias,4,1193,2.588789771217223e-08,238830,30,200,1,discreta_global,"(mu,lambda)",0.3
EE,potencias,4,1194,2.5884039330390552e-08,239030,30,200,1,discreta_global,"(mu,lambda)",0.3
EE,potencias,4,1195,2.588179790836746e-08,239230,30,200,1,discreta_global,"(mu,lambda)",0.3
EE,potencias,4,1196,2.587768100821398e-08,239430,30,200,1,discreta_global,"(mu,lambda)",0.3
EE,potencias,4,1197,2.5876006570756795e-08,239630,30,200,1,discreta_global,"(mu,lambda)",0.3
EE,potencias,4,1198,2.585573848297529e-08,239830,30,200,1,discreta_global,"(mu,lambda)",0.3
EE,potencias,4,1199,2.58549574282436e-08,240030,30,200,1,discreta_global,"(mu,lambda)",0.3
