algoritmo,funcion,ejecucion,generacion,mejor_fitness,evaluaciones,mu,lambda,modo_sigma,recomb,supervivencia,sigma_inicial
EE,potencias,0,0,2696580.322040907,230,30,200,n,discreta_global,"(mu,lambda)",0.3
EE,potencias,0,1,1336.1205407238265,430,30,200,n,discreta_global,"(mu,lambda)",0.3
EE,potencias,0,2,18206.2373811628,630,30,200,n,discreta_global,"(mu,lambda)",0.3
EE,potencias,0,3,433.3818954643128,830,30,200,n,discreta_global,"(mu,lambda)",0.3
EE,potencias,0,4,98.21658420470419,1030,30,200,n,discreta_global,"(mu,lambda)",0.3
EE,potencias,0,5,90.2206318532502,1230,30,200,n,discreta_global,"(mu,lambda)",0.3
EE,potencias,0,6,22.32518540564328,1430,30,200,n,discreta_global,"(mu,lambda)",0.3
EE,potencias,0,7,11.59590160159698,1630,30,200,n,discreta_global,"(mu,lambda)",0.3
EE,potencias,0,8,7.234198950457119,1830,30,200,n,discreta_global,"(mu,lambda)",0.3
EE,potencias,0,9,3.2528148000498645,2030,30,200,n,discreta_global,"(mu,lambda)",0.3
EE,potencias,0,10,1.2553148750773362,2230,30,200,n,discreta_global,"(mu,lambda)",0.3
EE,potencias,0,11,0.28654523957028066,2430,30,200,n,discreta_global,"(mu,lambda)",0.3
EE,potencias,0,12,0.2680478252558277,2630,30,200,n,discreta_global,"(mu,lambda)",0.3
EE,potencias,0,13,0.19054654382997324,2830,30,200,n,discreta_global,"(mu,lambda)",0.3
EE,potencias,0,14,0.038363257308456314,3030,30,200,n,discreta_global,"(mu,lambda)",0.3
EE,potencias,0,15,0.013181313867598259,3230,30,200,n,discreta_global,"(mu,lambda)",0.3
EE,potencias,0,16,0.004160375628122682,3430,30,200,n,discreta_global,"(mu,lambda)",0.3
EE,potencias,0,17,0.000789668696586956,3630,30,200,n,discreta_global,"(mu,lambda)",0.3
EE,potencias,0,18,0.0011521777115028903,3830,30,200,n,discreta_global,"(mu,lambda)",0.3
EE,potencias,0,19,0.00035233563967820614,4030,30,200,n,discreta_global,"(mu,lambda)",0.3
EE,potencias,0,20,0.00020390529342850523,4230,30,200,n,discreta_global,"(mu,lambda)",0.3
EE,potencias,0,21,8.038672753903376e-05,4430,30,200,n,discreta_global,"(mu,lambda)",0.3
EE,potencias,0,22,5.7813590998872986e-05,4630,30,200,n,discreta_global,"(mu,lambda)",0.3
EE,potencias,0,23,9.874409525850882e-06,4830,30,200,n,discreta_global,"(mu,lambda)",0.3
EE,potencias,0,24,5.7130076600529315e-06,5030,30,200,n,discreta_global,"(mu,lambda)",0.3
EE,potencias,0,25,2.79735115364735e-06,5230,30,200,n,discreta_global,"(mu,lambda)",0.3
EE,potencias,0,26,7.166461901944847e-07,5430,30,200,n,discreta_global,"(mu,lambda)",0.3
EE,potencias,0,27,8.692315534814155e-07,5630,30,200,n,discreta_global,"(mu,lambda)",0.3
EE,potencias,0,28,2.824300083123787e-07,5830,30,200,n,discreta_global,"(mu,lambda)",0.3
EE,potencias,0,29,9.92545203919017e-08,6030,30,200,n,discreta_global,"(mu,lambda)",0.3
EE,potencias,0,30,1.1813025852222065e-07,6230,30,200,n,discreta_global,"(mu,lambda)",0.3
EE,potencias,0,31,4.570444565229243e-08,6430,30,200,n,discreta_global,"(mu,lambda)",0.3
EE,potencias,0,32,3.1877365312725248e-09,6630,30,200,n,discreta_global,"(mu,lambda)",0.3
EE,potencias,0,33,7.239118776654747e-09,6830,30,200,n,discreta_global,"(mu,lambda)",0.3
EE,potencias,0,34,1.8227841219555856e-09,7030,30,200,n,discreta_global,"(mu,lambda)",0.3
EE,potencias,0,35,2.32033025921811e-09,7230,30,200,n,discreta_global,"(mu,lambda)",0.3
EE,potencias,0,36,3.245597242561648e-10,7430,30,200,n,discreta_global,"(mu,lambda)",0.3
EE,potencias,0,37,2.5139604111277973e-10,7630,30,200,n,discreta_global,"(mu,lambda)",0.3
EE,potencias,0,38,2.156548531976429e-10,7830,30,200,n,discreta_global,"(mu,lambda)",0.3
EE,potencias,0,39,1.8295456001832953e-11,8030,30,200,n,discreta_global,"(mu,lambda)",0.3
EE,potencias,0,40,8.669608218652778e-12,8230,30,200,n,discreta_global,"(mu,lambda)",0.3
EE,potencias,0,41,8.463980092201011e-12,8430,30,200,n,discreta_global,"(mu,lambda)",0.3
EE,potencias,0,42,7.473838257510643e-12,8630,30,200,n,discreta_global,"(mu,lambda)",0.3
EE,potencias,0,43,2.9055138784352847e-12,8830,30,200,n,discreta_global,"(mu,lambda)",0.3
EE,potencias,0,44,6.943326729626512e-13,9030,30,200,n,discreta_global,"(mu,lambda)",0.3
EE,potencias,0,45,4.438396983880515e-13,9230,30,200,n,discreta_global,"(mu,lambda)",0.3
EE,potencias,0,46,5.031948445454137e-13,9430,30,200,n,discreta_global,"(mu,lambda)",0.3
EE,potencias,0,47,1.5739272623535853e-13,9630,30,200,n,discreta_global,"(mu,lambda)",0.3
EE,potencias,0,48,8.062276125673274e-14,9830,30,200,n,discreta_global,"(mu,lambda)",0.3
EE,potencias,0,49,5.838651596110116e-14,10030,30,200,n,discreta_global,"(mu,lambda)",0.3
EE,potencias,0,50,2.5768283875969486e-14,10230,30,200,n,discreta_global,"(mu,lambda)",0.3
EE,potencias,0,51,8.1359456990359e-15,10430,30,200,n,discreta_global,"(mu,lambda)",0.3
EE,potencias,0,52,7.729415976811888e-15,10630,30,200,n,discreta_global,"(mu,lambda)",0.3
EE,potencias,0,53,1.6656750173341905e-15,10830,30,200,n,discreta_global,"(mu,lambda)",0.3
EE,potencias,0,54,3.631337424592071e-16,11030,30,200,n,discreta_global,"(mu,lambda)",0.3
EE,potencias,0,55,1.2488349503699255e-16,11230,30,200,n,discreta_global,"(mu,lambda)",0.3
EE,potencias,0,56,8.746722097276424e-17,11430,30,200,n,discreta_global,"(mu,lambda)",0.3
EE,potencias,0,57,1.757657092062525e-17,11630,30,200,n,discreta_global,"(mu,lambda)",0.3
EE,potencias,0,58,2.5066574777583207e-17,11830,30,200,n,discreta_global,"(mu,lambda)",0.3
EE,potencias,0,59,4.413836799313147e-18,12030,30,200,n,discreta_global,"(mu,lambda)",0.3
EE,potencias,0,60,4.713147984441274e-18,12230,30,200,n,discreta_global,"(mu,lambda)",0.3
EE,potencias,0,61,4.011183706344721e-18,12430,30,200,n,discreta_global,"(mu,lambda)",0.3
EE,potencias,0,62,7.301047789241022e-19,12630,30,200,n,discreta_global,"(mu,lambda)",0.3
EE,potencias,0,63,3.0726081559468357e-19,12830,30,200,n,discreta_global,"(mu,lambda)",0.3
EE,potencias,0,64,8.206017594802436e-20,13030,30,200,n,discreta_global,"(mu,lambda)",0.3
EE,potencias,0,65,7.939285048665575e-20,13230,30,200,n,discreta_global,"(mu,lambda)",0.3
EE,potencias,0,66,4.901333909497069e-20,13430,30,200,n,discreta_global,"(mu,lambda)",0.3
EE,potencias,0,67,3.3479587782663344e-20,13630,30,200,n,discreta_global,"(mu,lambda)",0.3
EE,potencias,0,68,7.044340168881482e-21,13830,30,200,n,discreta_global,"(mu,lambda)",0.3
EE,potencias,0,69,5.725230155876331e-21,14030,30,200,n,discreta_global,"(mu,lambda)",0.3
EE,potencias,0,70,5.886709628044148e-21,14230,30,200,n,discreta_global,"(mu,lambda)",0.3
EE,potencias,0,71,5.0348087207044294e-21,14430,30,200,n,discreta_global,"(mu,lambda)",0.3
EE,potencias,0,72,1.2168791156522332e-22,14630,30,200,n,discreta_global,"(mu,lambda)",0.3
EE,potencias,0,73,5.191192558242003e-22,14830,30,200,n,discreta_global,"(mu,lambda)",0.3
EE,potencias,0,74,2.6683688396134742e-22,15030,30,200,n,discreta_global,"(mu,lambda)",0.3
EE,potencias,0,75,1.323045420025338e-22,15230,30,200,n,discreta_global,"(mu,lambda)",0.3
EE,potencias,0,76,2.255063681681767e-23,15430,30,200,n,discreta_global,"(mu,lambda)",0.3
EE,potencias,0,77,4.6445556597061243e-23,15630,30,200,n,discreta_global,"(mu,lambda)",0.3
EE,potencias,0,78,1.1290435094498348e-23,15830,30,200,n,discreta_global,"(mu,lambda)",0.3
EE,potencias,0,79,1.364461291235098e-23,16030,30,200,n,discreta_global,"(mu,lambda)",0.3
EE,potencias,0,80,2.46471661043851e-24,16230,30,200,n,discreta_global,"(mu,lambda)",0.3
EE,potencias,0,81,1.7441353191118874e-24,16430,30,200,n,discreta_global,"(mu,lambda)",0.3
EE,potencias,0,82,1.558905522080781e-24,16630,30,200,n,discreta_global,"(mu,lambda)",0.3
EE,potencias,0,83,1.709765576169768e-24,16830,30,200,n,discreta_global,"(mu,lambda)",0.3
EE,potencias,0,84,7.086867460263941e-25,17030,30,200,n,discreta_global,"(mu,lambda)",0.3
EE,potencias,0,85,7.178885161235491e-25,17230,30,200,n,discreta_global,"(mu,lambda)",0.3
EE,potencias,0,86,5.111271920210111e-25,17430,30,200,n,discreta_global,"(mu,lambda)",0.3
EE,potencias,0,87,4.395913751698406e-25,17630,30,200,n,discreta_global,"(mu,lambda)",0.3
EE,potencias,0,88,4.1221092220934783e-25,17830,30,200,n,discreta_global,"(mu,lambda)",0.3
EE,potencias,0,89,3.8819540791345344e-25,18030,30,200,n,discreta_global,"(mu,lambda)",0.3
EE,potencias,0,90,1.527703369899003e-25,18230,30,200,n,discreta_global,"(mu,lambda)",0.3
EE,potencias,0,91,2.0984250960616477e-25,18430,30,200,n,discreta_global,"(mu,lambda)",0.3
EE,potencias,0,92,7.961780685587791e-26,18630,30,200,n,discreta_global,"(mu,lambda)",0.3
EE,potencias,0,93,5.292382873784057e-26,18830,30,200,n,discreta_global,"(mu,lambda)",0.3
EE,potencias,0,94,6.126442220106769e-26,19030,30,200,n,discreta_global,"(mu,lambda)",0.3
EE,potencias,0,95,5.708501438058879e-26,19230,30,200,n,discreta_global,"(mu,lambda)",0.3
EE,potencias,0,96,5.228646814180766e-26,19430,30,200,n,discreta_global,"(mu,lambda)",0.3
EE,potencias,0,97,5.447409750640354e-26,19630,30,200,n,discreta_global,"(mu,lambda)",0.3
EE,potencias,0,98,5.386861075503933e-26,19830,30,200,n,discreta_global,"(mu,lambda)",0.3
EE,potencias,0,99,4.884349985282665e-26,20030,30,200,n,discreta_global,"(mu,lambda)",0.3
EE,potencias,0,100,4.821565868774183e-26,20230,30,200,n,discreta_global,"(mu,lambda)",0.3
EE,potencias,0,101,4.787889736951847e-26,20430,30,200,n,discreta_global,"(mu,lambda)",0.3
EE,potencias,0,102,5.05231349169106e-26,20630,30,200,n,discreta_global,"(mu,lambda)",0.3
EE,potencias,0,103,4.303742750140278e-26,20830,30,200,n,discreta_global,"(mu,lambda)",0.3
EE,potencias,0,104,4.311060340758182e-26,21030,30,200,n,discreta_global,"(mu,lambda)",0.3
EE,potencias,0,105,5.406636728825777e-26,21230,30,200,n,discreta_global,"(mu,lambda)",0.3
EE,potencias,0,106,5.026081140789853e-26,21430,30,200,n,discreta_global,"(mu,lambda)",0.3
EE,potencias,0,107,4.3813203584119354e-26,21630,30,200,n,discreta_global,"(mu,lambda)",0.3
EE,potencias,0,108,3.669302879506535e-26,21830,30,200,n,discreta_global,"(mu,lambda)",0.3
EE,potencias,0,109,4.135141062420121e-26,22030,30,200,n,discreta_global,"(mu,lambda)",0.3
EE,potencias,0,110,4.497013226081103e-26,22230,30,200,n,discreta_global,"(mu,lambda)",0.3
EE,potencias,0,111,3.1322968360387795e-26,22430,30,200,n,discreta_global,"(mu,lambda)",0.3
EE,potencias,0,112,4.1948632669208495e-26,22630,30,200,n,discreta_global,"(mu,lambda)",0.3
EE,potencias,0,113,2.4635606914366514e-26,22830,30,200,n,discreta_global,"(mu,lambda)",0.3
EE,potencias,0,114,2.59718639849738e-26,23030,30,200,n,discreta_global,"(mu,lambda)",0.3
EE,potencias,0,115,2.9200660017324696e-26,23230,30,200,n,discreta_global,"(mu,lambda)",0.3
EE,potencias,0,116,2.3500872809552254e-26,23430,30,200,n,discreta_global,"(mu,lambda)",0.3
EE,potencias,0,117,2.239944062974841e-26,23630,30,200,n,discreta_global,"(mu,lambda)",0.3
EE,potencias,0,118,2.265567976884781e-26,23830,30,200,n,discreta_global,"(mu,lambda)",0.3
EE,potencias,0,119,2.2666167593826612e-26,24030,30,200,n,discreta_global,"(mu,lambda)",0.3
EE,potencias,0,120,2.355454238660054e-26,24230,30,200,n,discreta_global,"(mu,lambda)",0.3
EE,potencias,0,121,2.059843666600186e-26,24430,30,200,n,discreta_global,"(mu,lambda)",0.3
EE,potencias,0,122,2.7794723240276986e-26,24630,30,200,n,discreta_global,"(mu,lambda)",0.3
EE,potencias,0,123,2.72637704225187e-26,24830,30,200,n,discreta_global,"(mu,lambda)",0.3
EE,potencias,0,124,2.170217061550118e-26,25030,30,200,n,discreta_global,"(mu,lambda)",0.3
EE,potencias,0,125,1.5705002931430993e-26,25230,30,200,n,discreta_global,"(mu,lambda)",0.3
EE,potencias,0,126,3.193453471621471e-26,25430,30,200,n,discreta_global,"(mu,lambda)",0.3
EE,potencias,0,127,1.5170307054352376e-26,25630,30,200,n,discreta_global,"(mu,lambda)",0.3
EE,potencias,0,128,1.675215736177703e-26,25830,30,200,n,discreta_global,"(mu,lambda)",0.3
EE,potencias,0,129,1.5720724756804268e-26,26030,30,200,n,discreta_global,"(mu,lambda)",0.3
EE,potencias,0,130,1.1940767473992066e-26,26230,30,200,n,discreta_global,"(mu,lambda)",0.3
EE,potencias,0,131,1.3111108104730962e-26,26430,30,200,n,discreta_global,"(mu,lambda)",0.3
EE,potencias,0,132,1.6761074169748275e-26,26630,30,200,n,discreta_global,"(mu,lambda)",0.3
EE,potencias,0,133,2.136118745460262e-26,26830,30,200,n,discreta_global,"(mu,lambda)",0.3
EE,potencias,0,134,9.179331345219732e-27,27030,30,200,n,discreta_global,"(mu,lambda)",0.3
EE,potencias,0,135,1.7561747210696167e-26,27230,30,200,n,discreta_global,"(mu,lambda)",0.3
EE,potencias,0,136,1.8268891224221138e-26,27430,30,200,n,discreta_global,"(mu,lambda)",0.3
EE,potencias,0,137,1.283796634391524e-26,27630,30,200,n,discreta_global,"(mu,lambda)",0.3
EE,potencias,0,138,1.6664045724349684e-26,27830,30,200,n,discreta_global,"(mu,lambda)",0.3
EE,potencias,0,139,1.375709651330559e-26,28030,30,200,n,discreta_global,"(mu,lambda)",0.3
EE,potencias,0,140,2.3463975017225735e-26,28230,30,200,n,discreta_global,"(mu,lambda)",0.3
EE,potencias,0,141,1.8719821106797935e-26,28430,30,200,n,discreta_global,"(mu,lambda)",0.3
EE,potencias,0,142,1.179387918318132e-26,28630,30,200,n,discreta_global,"(mu,lambda)",0.3
EE,potencias,0,143,1.2838098562233553e-26,28830,30,200,n,discreta_global,"(mu,lambda)",0.3
EE,potencias,0,144,9.020906316908245e-27,29030,30,200,n,discreta_global,"(mu,lambda)",0.3
EE,potencias,0,145,1.7434144545519144e-26,29230,30,200,n,discreta_global,"(mu,lambda)",0.3
EE,potencias,0,146,1.0290344912032243e-26,29430,30,200,n,discreta_global,"(mu,lambda)",0.3
EE,potencias,0,147,1.632704024840544e-26,29630,30,200,n,discreta_global,"(mu,lambda)",0.3
EE,potencias,0,148,1.7722177036979167e-26,29830,30,200,n,discreta_global,"(mu,lambda)",0.3
EE,potencias,0,149,2.1459220882767477e-26,30030,30,200,n,discreta_global,"(mu,lambda)",0.3
EE,potencias,0,150,1.7528650606113187e-26,30230,30,200,n,discreta_global,"(mu,lambda)",0.3
EE,potencias,0,151,1.3954894614559275e-26,30430,30,200,n,discreta_global,"(mu,lambda)",0.3
EE,potencias,0,152,1.6159746246356792e-26,30630,30,200,n,discreta_global,"(mu,lambda)",0.3
EE,potencias,0,153,1.6378152731031253e-26,30830,30,200,n,discreta_global,"(mu,lambda)",0.3
EE,potencias,0,154,1.50983257272852e-26,31030,30,200,n,discreta_global,"(mu,lambda)",0.3
EE,potencias,0,155,1.3543300287008763e-26,31230,30,200,n,discreta_global,"(mu,lambda)",0.3
EE,potencias,0,156,1.9121226003497902e-26,31430,30,200,n,discreta_global,"(mu,lambda)",0.3
EE,potencias,0,157,1.6148907119574654e-26,31630,30,200,n,discreta_global,"(mu,lambda)",0.3
EE,potencias,0,158,1.8583843405669424e-26,31830,30,200,n,discreta_global,"(mu,lambda)",0.3
EE,potencias,0,159,1.7355318738265945e-26,32030,30,200,n,discreta_global,"(mu,lambda)",0.3
EE,potencias,0,160,1.4045352942787263e-26,32230,30,200,n,discreta_global,"(mu,lambda)",0.3
EE,potencias,0,161,1.816888899212361e-26,32430,30,200,n,discreta_global,"(mu,lambda)",0.3
EE,potencias,0,162,2.1465201907313282e-26,32630,30,200,n,discreta_global,"(mu,lambda)",0.3
EE,potencias,0,163,1.7268394344642981e-26,32830,30,200,n,discreta_global,"(mu,lambda)",0.3
EE,potencias,0,164,1.3570366068039618e-26,33030,30,200,n,discreta_global,"(mu,lambda)",0.3
EE,potencias,0,165,1.5869079263918577e-26,33230,30,200,n,discreta_global,"(mu,lambda)",0.3
EE,potencias,0,166,1.4201681979893158e-26,33430,30,200,n,discreta_global,"(mu,lambda)",0.3
EE,potencias,0,167,1.525576226290038e-26,33630,30,200,n,discreta_global,"(mu,lambda)",0.3
EE,potencias,0,168,1.3073611566474275e-26,33830,30,200,n,discreta_global,"(mu,lambda)",0.3
EE,potencias,0,169,1.600886173715793e-26,34030,30,200,n,discreta_global,"(mu,lambda)",0.3
EE,potencias,0,170,1.3910344345567122e-26,34230,30,200,n,discreta_global,"(mu,lambda)",0.3
EE,potencias,0,171,1.2990814356007165e-26,34430,30,200,n,discreta_global,"(mu,lambda)",0.3
EE,potencias,0,172,1.5184439984475582e-26,34630,30,200,n,discreta_global,"(mu,lambda)",0.3
EE,potencias,0,173,1.536785329607639e-26,34830,30,200,n,discreta_global,"(mu,lambda)",0.3
EE,potencias,0,174,1.4899699500768388e-26,35030,30,200,n,discreta_global,"(mu,lambda)",0.3
EE,potencias,0,175,1.6145646203296888e-26,35230,30,200,n,discreta_global,"(mu,lambda)",0.3
EE,potencias,0,176,1.2578432666435094e-26,35430,30,200,n,discreta_global,"(mu,lambda)",0.3
EE,potencias,0,177,1.4899139878633286e-26,35630,30,200,n,discreta_global,"(mu,lambda)",0.3
EE,potencias,0,178,1.3741343997197464e-26,35830,30,200,n,discreta_global,"(mu,lambda)",0.3
EE,potencias,0,179,1.605814097635963e-26,36030,30,200,n,discreta_global,"(mu,lambda)",0.3
EE,potencias,0,180,1.496057832167584e-26,36230,30,200,n,discreta_global,"(mu,lambda)",0.3
EE,potencias,0,181,1.519695541764197e-26,36430,30,200,n,discreta_global,"(mu,lambda)",0.3
EE,potencias,0,182,1.374951113718509e-26,36630,30,200,n,discreta_global,"(mu,lambda)",0.3
EE,potencias,0,183,1.406880043385608e-26,36830,30,200,n,discreta_global,"(mu,lambda)",0.3
EE,potencias,0,184,1.4026423055492123e-26,37030,30,200,n,discreta_global,"(mu,lambda)",0.3
EE,potencias,0,185,1.4257805363038483e-26,37230,30,200,n,discreta_global,"(mu,lambda)",0.3
EE,potencias,0,186,1.3211127846362476e-26,37430,30,200,n,discreta_global,"(mu,lambda)",0.3
EE,potencias,0,187,1.3262712446919915e-26,37630,30,200,n,discreta_global,"(mu,lambda)",0.3
EE,potencias,0,188,1.3029867430211746e-26,37830,30,200,n,discreta_global,"(mu,lambda)",0.3
EE,potencias,0,189,1.2673172514552098e-26,38030,30,200,n,discreta_global,"(mu,lambda)",0.3
EE,potencias,0,190,1.356703388041799e-26,38230,30,200,n,discreta_global,"(mu,lambda)",0.3
EE,potencias,0,191,1.3088165049470415e-26,38430,30,200,n,discreta_global,"(mu,lambda)",0.3
EE,potencias,0,192,1.5520297792047055e-26,38630,30,200,n,discreta_global,"(mu,lambda)",0.3
EE,potencias,0,193,1.5346638670224494e-26,38830,30,200,n,discreta_global,"(mu,lambda)",0.3
EE,potencias,0,194,1.4012485492497936e-26,39030,30,200,n,discreta_global,"(mu,lambda)",0.3
EE,potencias,0,195,1.3655077094947455e-26,39230,30,200,n,discreta_global,"(mu,lambda)",0.3
EE,potencias,0,196,1.5723681495062392e-26,39430,30,200,n,discreta_global,"(mu,lambda)",0.3
EE,potencias,0,197,1.307878459340952e-26,39630,30,200,n,discreta_global,"(mu,lambda)",0.3
EE,potencias,0,198,1.4485104051479753e-26,39830,30,200,n,discreta_global,"(mu,lambda)",0.3
EE,potencias,0,199,1.3025708123144784e-26,40030,30,200,n,discreta_global,"(mu,lambda)",0.3
EE,potencias,0,200,1.2465177116550008e-26,40230,30,200,n,discreta_global,"(mu,lambda)",0.3
EE,potencias,0,201,1.2997623913391874e-26,40430,30,200,n,discreta_global,"(mu,lambda)",0.3
EE,potencias,0,202,1.2545000468015845e-26,40630,30,200,n,discreta_global,"(mu,lambda)",0.3
EE,potencias,0,203,1.3110787111847348e-26,40830,30,200,n,discreta_global,"(mu,lambda)",0.3
EE,potencias,0,204,1.30030921545993e-26,41030,30,200,n,discreta_global,"(mu,lambda)",0.3
EE,potencias,0,205,1.3346353007785252e-26,41230,30,200,n,discreta_global,"(mu,lambda)",0.3
EE,potencias,0,206,1.2751867396734636e-26,41430,30,200,n,discreta_global,"(mu,lambda)",0.3
EE,potencias,0,207,1.3468618037134755e-26,41630,30,200,n,discreta_global,"(mu,lambda)",0.3
EE,potencias,0,208,1.2632132954166883e-26,41830,30,200,n,discreta_global,"(mu,lambda)",0.3
EE,potencias,0,209,1.4513110996559605e-26,42030,30,200,n,discreta_global,"(mu,lambda)",0.3
EE,potencias,0,210,1.2167504564206193e-26,42230,30,200,n,discreta_global,"(mu,lambda)",0.3
EE,potencias,0,211,1.1756637847591711e-26,42430,30,200,n,discreta_global,"(mu,lambda)",0.3
EE,potencias,0,212,1.177205133913246e-26,42630,30,200,n,discreta_global,"(mu,lambda)",0.3
EE,potencias,0,213,1.2198808007160082e-26,42830,30,200,n,discreta_global,"(mu,lambda)",0.3
EE,potencias,0,214,1.1597715826567838e-26,43030,30,200,n,discreta_global,"(mu,lambda)",0.3
EE,potencias,0,215,1.404014402412218e-26,43230,30,200,n,discreta_global,"(mu,lambda)",0.3
EE,potencias,0,216,1.7491962463117932e-26,43430,30,200,n,discreta_global,"(mu,lambda)",0.3
EE,potencias,0,217,1.4560902410440485e-26,43630,30,200,n,discreta_global,"(mu,lambda)",0.3
EE,potencias,0,218,1.3809355753336378e-26,43830,30,200,n,discreta_global,"(mu,lambda)",0.3
EE,potencias,0,219,1.4187625878049318e-26,44030,30,200,n,discreta_global,"(mu,lambda)",0.3
EE,potencias,0,220,1.360362662473484e-26,44230,30,200,n,discreta_global,"(mu,lambda)",0.3
EE,potencias,0,221,1.4129302936250538e-26,44430,30,200,n,discreta_global,"(mu,lambda)",0.3
EE,potencias,0,222,1.4335557646837513e-26,44630,30,200,n,discreta_global,"(mu,lambda)",0.3
EE,potencias,0,223,1.454629716902945e-26,44830,30,200,n,discreta_global,"(mu,lambda)",0.3
EE,potencias,0,224,1.342379559233465e-26,45030,30,200,n,discreta_global,"(mu,lambda)",0.3
EE,potencias,0,225,1.4407544263353645e-26,45230,30,200,n,discreta_global,"(mu,lambda)",0.3
EE,potencias,0,226,1.3166409095083273e-26,45430,30,200,n,discreta_global,"(mu,lambda)",0.3
EE,potencias,0,227,1.4607953074466354e-26,45630,30,200,n,discreta_global,"(mu,lambda)",0.3
EE,potencias,0,228,1.567022342357472e-26,45830,30,200,n,discreta_global,"(mu,lambda)",0.3
EE,potencias,0,229,1.4974878145417522e-26,46030,30,200,n,discreta_global,"(mu,lambda)",0.3
EE,potencias,0,230,1.382689357985242e-26,46230,30,200,n,discreta_global,"(mu,lambda)",0.3
EE,potencias,0,231,1.3706554631644575e-26,46430,30,200,n,discreta_global,"(mu,lambda)",0.3
EE,potencias,0,232,1.3211271416166075e-26,46630,30,200,n,discreta_global,"(mu,lambda)",0.3
EE,potencias,0,233,1.4087198138319257e-26,46830,30,200,n,discreta_global,"(mu,lambda)",0.3
EE,potencias,0,234,1.383881093571939e-26,47030,30,200,n,discreta_global,"(mu,lambda)",0.3
EE,potencias,0,235,1.5031036171318096e-26,47230,30,200,n,discreta_global,"(mu,lambda)",0.3
EE,potencias,0,236,1.348978662342994e-26,47430,30,200,n,discreta_global,"(mu,lambda)",0.3
EE,potencias,0,237,1.2852973250412122e-26,47630,30,200,n,discreta_global,"(mu,lambda)",0.3
EE,potencias,0,238,1.4059052261036956e-26,47830,30,200,n,discreta_global,"(mu,lambda)",0.3
EE,potencias,0,239,1.6057052031433015e-26,48030,30,200,n,discreta_global,"(mu,lambda)",0.3
EE,potencias,0,240,1.3718041492798266e-26,48230,30,200,n,discreta_global,"(mu,lambda)",0.3
EE,potencias,0,241,1.3424200325797312e-26,48430,30,200,n,discreta_global,"(mu,lambda)",0.3
EE,potencias,0,242,1.367065559731624e-26,48630,30,200,n,discreta_global,"(mu,lambda)",0.3
EE,potencias,0,243,1.3071839226018685e-26,48830,30,200,n,discreta_global,"(mu,lambda)",0.3
EE,potencias,0,244,1.360405733169006e-26,49030,30,200,n,discreta_global,"(mu,lambda)",0.3
EE,potencias,0,245,1.39068472462845e-26,49230,30,200,n,discreta_global,"(mu,lambda)",0.3
EE,potencias,0,246,1.491614355375672e-26,49430,30,200,n,discreta_global,"(mu,lambda)",0.3
EE,potencias,0,247,1.2911832172527323e-26,49630,30,200,n,discreta_global,"(mu,lambda)",0.3
EE,potencias,0,248,1.384797973650749e-26,49830,30,200,n,discreta_global,"(mu,lambda)",0.3
EE,potencias,0,249,1.448648067626959e-26,50030,30,200,n,discreta_global,"(mu,lambda)",0.3
EE,potencias,0,250,1.584241029197631e-26,50230,30,200,n,discreta_global,"(mu,lambda)",0.3
EE,potencias,0,251,1.5249246236879707e-26,50430,30,200,n,discreta_global,"(mu,lambda)",0.3
EE,potencias,0,252,1.519363898531252e-26,50630,30,200,n,discreta_global,"(mu,lambda)",0.3
EE,potencias,0,253,1.5898589507184702e-26,50830,30,200,n,discreta_global,"(mu,lambda)",0.3
EE,potencias,0,254,1.3222188941560596e-26,51030,30,200,n,discreta_global,"(mu,lambda)",0.3
EE,potencias,0,255,1.4524602635149292e-26,51230,30,200,n,discreta_global,"(mu,lambda)",0.3
EE,potencias,0,256,1.625899127798537e-26,51430,30,200,n,discreta_global,"(mu,lambda)",0.3
EE,potencias,0,257,1.5949842118976484e-26,51630,30,200,n,discreta_global,"(mu,lambda)",0.3
EE,potencias,0,258,1.3750785210120696e-26,51830,30,200,n,discreta_global,"(mu,lambda)",0.3
EE,potencias,0,259,1.3455672110947886e-26,52030,30,200,n,discreta_global,"(mu,lambda)",0.3
EE,potencias,0,260,1.384648884047356e-26,52230,30,200,n,discreta_global,"(mu,lambda)",0.3
EE,potencias,0,261,1.39269226791588e-26,52430,30,200,n,discreta_global,"(mu,lambda)",0.3
EE,potencias,0,262,1.4713310755779368e-26,52630,30,200,n,discreta_global,"(mu,lambda)",0.3
EE,potencias,0,263,1.687071406446447e-26,52830,30,200,n,discreta_global,"(mu,lambda)",0.3
EE,potencias,0,264,1.8108513287003603e-26,53030,30,200,n,discreta_global,"(mu,lambda)",0.3
EE,potencias,0,265,1.4634102800246785e-26,53230,30,200,n,discreta_global,"(mu,lambda)",0.3
EE,potencias,0,266,1.3797308267621575e-26,53430,30,200,n,discreta_global,"(mu,lambda)",0.3
EE,potencias,0,267,1.5369606795182148e-26,53630,30,200,n,discreta_global,"(mu,lambda)",0.3
EE,potencias,0,268,1.591066210718039e-26,53830,30,200,n,discreta_global,"(mu,lambda)",0.3
EE,potencias,0,269,1.5414056588910776e-26,54030,30,200,n,discreta_global,"(mu,lambda)",0.3
EE,potencias,0,270,1.6173374950677797e-26,54230,30,200,n,discreta_global,"(mu,lambda)",0.3
EE,potencias,0,271,1.8346919823457377e-26,54430,30,200,n,discreta_global,"(mu,lambda)",0.3
EE,potencias,0,272,1.5351101087556035e-26,54630,30,200,n,discreta_global,"(mu,lambda)",0.3
EE,potencias,0,273,1.5196951879086355e-26,54830,30,200,n,discreta_global,"(mu,lambda)",0.3
EE,potencias,0,274,1.729525686636979e-26,55030,30,200,n,discreta_global,"(mu,lambda)",0.3
EE,potencias,0,275,1.7634420620025073e-26,55230,30,200,n,discreta_global,"(mu,lambda)",0.3
EE,potencias,0,276,1.7156803297142785e-26,55430,30,200,n,discreta_global,"(mu,lambda)",0.3
EE,potencias,0,277,1.684237922662243e-26,55630,30,200,n,discreta_global,"(mu,lambda)",0.3
EE,potencias,0,278,1.7245795723104888e-26,55830,30,200,n,discreta_global,"(mu,lambda)",0.3
EE,potencias,0,279,1.7678019995722977e-26,56030,30,200,n,discreta_global,"(mu,lambda)",0.3
EE,potencias,0,280,1.851765413596049e-26,56230,30,200,n,discreta_global,"(mu,lambda)",0.3
EE,potencias,0,281,1.5533667129176553e-26,56430,30,200,n,discreta_global,"(mu,lambda)",0.3
EE,potencias,0,282,1.6185645353350484e-26,56630,30,200,n,discreta_global,"(mu,lambda)",0.3
EE,potencias,0,283,1.6478180385523486e-26,56830,30,200,n,discreta_global,"(mu,lambda)",0.3
EE,potencias,0,284,1.9000086289259958e-26,57030,30,200,n,discreta_global,"(mu,lambda)",0.3
EE,potencias,0,285,1.5277281551798063e-26,57230,30,200,n,discreta_global,"(mu,lambda)",0.3
EE,potencias,0,286,2.0219750550155787e-26,57430,30,200,n,discreta_global,"(mu,lambda)",0.3
EE,potencias,0,287,1.5903786504811924e-26,57630,30,200,n,discreta_global,"(mu,lambda)",0.3
EE,potencias,0,288,1.5752007341904107e-26,57830,30,200,n,discreta_global,"(mu,lambda)",0.3
EE,potencias,0,289,1.4903662145156275e-26,58030,30,200,n,discreta_global,"(mu,lambda)",0.3
EE,potencias,0,290,1.3282479317109215e-26,58230,30,200,n,discreta_global,"(mu,lambda)",0.3
EE,potencias,0,291,1.5975976529420407e-26,58430,30,200,n,discreta_global,"(mu,lambda)",0.3
EE,potencias,0,292,1.5438988240768108e-26,58630,30,200,n,discreta_global,"(mu,lambda)",0.3
EE,potencias,0,293,1.5678244473613499e-26,58830,30,200,n,discreta_global,"(mu,lambda)",0.3
EE,potencias,0,294,1.58130968244484e-26,59030,30,200,n,discreta_global,"(mu,lambda)",0.3
EE,potencias,0,295,1.665862658561403e-26,59230,30,200,n,discreta_global,"(mu,lambda)",0.3
EE,potencias,0,296,1.5968887752743387e-26,59430,30,200,n,discreta_global,"(mu,lambda)",0.3
EE,potencias,0,297,1.5536899313432183e-26,59630,30,200,n,discreta_global,"(mu,lambda)",0.3
EE,potencias,0,298,1.489038683737367e-26,59830,30,200,n,discreta_global,"(mu,lambda)",0.3
EE,potencias,0,299,1.549559764247757e-26,60030,30,200,n,discreta_global,"(mu,lambda)",0.3
EE,potencias,0,300,1.3603303244414075e-26,60230,30,200,n,discreta_global,"(mu,lambda)",0.3
EE,potencias,0,301,1.504160173388251e-26,60430,30,200,n,discreta_global,"(mu,lambda)",0.3
EE,potencias,0,302,1.4189640915091292e-26,60630,30,200,n,discreta_global,"(mu,lambda)",0.3
EE,potencias,0,303,1.7451901273219844e-26,60830,30,200,n,discreta_global,"(mu,lambda)",0.3
EE,potencias,0,304,1.5936665137153554e-26,61030,30,200,n,discreta_global,"(mu,lambda)",0.3
EE,potencias,0,305,1.4948294717909058e-26,61230,30,200,n,discreta_global,"(mu,lambda)",0.3
EE,potencias,0,306,1.4501045097018488e-26,61430,30,200,n,discreta_global,"(mu,lambda)",0.3
EE,potencias,0,307,1.6732910685558814e-26,61630,30,200,n,discreta_global,"(mu,lambda)",0.3
EE,potencias,0,308,1.3756177184277702e-26,61830,30,200,n,discreta_global,"(mu,lambda)",0.3
EE,potencias,0,309,1.3402732702721525e-26,62030,30,200,n,discreta_global,"(mu,lambda)",0.3
EE,potencias,0,310,1.0360871640260614e-26,62230,30,200,n,discreta_global,"(mu,lambda)",0.3
EE,potencias,0,311,1.3874277478156514e-26,62430,30,200,n,discreta_global,"(mu,lambda)",0.3
EE,potencias,0,312,8.62670696908496e-27,62630,30,200,n,discreta_global,"(mu,lambda)",0.3
EE,potencias,0,313,7.8099525218092e-27,62830,30,200,n,discreta_global,"(mu,lambda)",0.3
EE,potencias,0,314,4.267732188183546e-27,63030,30,200,n,discreta_global,"(mu,lambda)",0.3
EE,potencias,0,315,5.2005367372531596e-27,63230,30,200,n,discreta_global,"(mu,lambda)",0.3
EE,potencias,0,316,5.197915253952388e-27,63430,30,200,n,discreta_global,"(mu,lambda)",0.3
EE,potencias,0,317,6.973798511125135e-27,63630,30,200,n,discreta_global,"(mu,lambda)",0.3
EE,potencias,0,318,1.0851675061288945e-26,63830,30,200,n,discreta_global,"(mu,lambda)",0.3
EE,potencias,0,319,5.496459683295283e-27,64030,30,200,n,discreta_global,"(mu,lambda)",0.3
EE,potencias,0,320,1.040829082367981e-26,64230,30,200,n,discreta_global,"(mu,lambda)",0.3
EE,potencias,0,321,4.9042287251595e-27,64430,30,200,n,discreta_global,"(mu,lambda)",0.3
EE,potencias,0,322,5.205004633280794e-27,64630,30,200,n,discreta_global,"(mu,lambda)",0.3
EE,potencias,0,323,5.626376313652881e-27,64830,30,200,n,discreta_global,"(mu,lambda)",0.3
EE,potencias,0,324,6.740550935872565e-27,65030,30,200,n,discreta_global,"(mu,lambda)",0.3
EE,potencias,0,325,4.576568710100803e-27,65230,30,200,n,discreta_global,"(mu,lambda)",0.3
EE,potencias,0,326,6.068267924327493e-27,65430,30,200,n,discreta_global,"(mu,lambda)",0.3
EE,potencias,0,327,1.0417196711177578e-26,65630,30,200,n,discreta_global,"(mu,lambda)",0.3
EE,potencias,0,328,6.627529923735435e-27,65830,30,200,n,discreta_global,"(mu,lambda)",0.3
EE,potencias,0,329,6.820091858078851e-27,66030,30,200,n,discreta_global,"(mu,lambda)",0.3
EE,potencias,0,330,5.3422225280469516e-27,66230,30,200,n,discreta_global,"(mu,lambda)",0.3
EE,potencias,0,331,1.0889197192965703e-26,66430,30,200,n,discreta_global,"(mu,lambda)",0.3
EE,potencias,0,332,8.56124126359518e-27,66630,30,200,n,discreta_global,"(mu,lambda)",0.3
EE,potencias,0,333,9.240234530909295e-27,66830,30,200,n,discreta_global,"(mu,lambda)",0.3
EE,potencias,0,334,4.4724533138224496e-27,67030,30,200,n,discreta_global,"(mu,lambda)",0.3
EE,potencias,0,335,7.382312325178577e-27,67230,30,200,n,discreta_global,"(mu,lambda)",0.3
EE,potencias,0,336,3.536165767370319e-27,67430,30,200,n,discreta_global,"(mu,lambda)",0.3
EE,potencias,0,337,5.553687462122287e-27,67630,30,200,n,discreta_global,"(mu,lambda)",0.3
EE,potencias,0,338,5.058047632301804e-27,67830,30,200,n,discreta_global,"(mu,lambda)",0.3
EE,potencias,0,339,6.3033412123359314e-27,68030,30,200,n,discreta_global,"(mu,lambda)",0.3
EE,potencias,0,340,4.900558879236825e-27,68230,30,200,n,discreta_global,"(mu,lambda)",0.3
EE,potencias,0,341,3.3490947929597356e-27,68430,30,200,n,discreta_global,"(mu,lambda)",0.3
EE,potencias,0,342,5.849948616403449e-27,68630,30,200,n,discreta_global,"(mu,lambda)",0.3
EE,potencias,0,343,4.111308492700926e-27,68830,30,200,n,discreta_global,"(mu,lambda)",0.3
EE,potencias,0,344,5.568396661253199e-27,69030,30,200,n,discreta_global,"(mu,lambda)",0.3
EE,potencias,0,345,3.6821665720781834e-27,69230,30,200,n,discreta_global,"(mu,lambda)",0.3
EE,potencias,0,346,6.745196903888658e-27,69430,30,200,n,discreta_global,"(mu,lambda)",0.3
EE,potencias,0,347,4.480829072308523e-27,69630,30,200,n,discreta_global,"(mu,lambda)",0.3
EE,potencias,0,348,3.256559526382915e-27,69830,30,200,n,discreta_global,"(mu,lambda)",0.3
EE,potencias,0,349,4.0746425645124225e-27,70030,30,200,n,discreta_global,"(mu,lambda)",0.3
EE,potencias,0,350,4.0855025118586135e-27,70230,30,200,n,discreta_global,"(mu,lambda)",0.3
EE,potencias,0,351,3.264746376953177e-27,70430,30,200,n,discreta_global,"(mu,lambda)",0.3
EE,potencias,0,352,3.3571053779498434e-27,70630,30,200,n,discreta_global,"(mu,lambda)",0.3
EE,potencias,0,353,3.627172704872638e-27,70830,30,200,n,discreta_global,"(mu,lambda)",0.3
EE,potencias,0,354,3.718083156558096e-27,71030,30,200,n,discreta_global,"(mu,lambda)",0.3
EE,potencias,0,355,3.3678345714460294e-27,71230,30,200,n,discreta_global,"(mu,lambda)",0.3
EE,potencias,0,356,3.358540214029864e-27,71430,30,200,n,discreta_global,"(mu,lambda)",0.3
EE,potencias,0,357,4.446501675932133e-27,71630,30,200,n,discreta_global,"(mu,lambda)",0.3
EE,potencias,0,358,3.281918664395875e-27,71830,30,200,n,discreta_global,"(mu,lambda)",0.3
EE,potencias,0,359,4.224339579639379e-27,72030,30,200,n,discreta_global,"(mu,lambda)",0.3
EE,potencias,0,360,3.2186126385338016e-27,72230,30,200,n,discreta_global,"(mu,lambda)",0.3
EE,potencias,0,361,3.992417823256382e-27,72430,30,200,n,discreta_global,"(mu,lambda)",0.3
EE,potencias,0,362,3.61848125512621e-27,72630,30,200,n,discreta_global,"(mu,lambda)",0.3
EE,potencias,0,363,3.348361546518991e-27,72830,30,200,n,discreta_global,"(mu,lambda)",0.3
EE,potencias,0,364,3.334234285452304e-27,73030,30,200,n,discreta_global,"(mu,lambda)",0.3
EE,potencias,0,365,3.7992114428612566e-27,73230,30,200,n,discreta_global,"(mu,lambda)",0.3
EE,potencias,0,366,3.251398448270902e-27,73430,30,200,n,discreta_global,"(mu,lambda)",0.3
EE,potencias,0,367,3.4108544812805695e-27,73630,30,200,n,discreta_global,"(mu,lambda)",0.3
EE,potencias,0,368,3.340839076954235e-27,73830,30,200,n,discreta_global,"(mu,lambda)",0.3
EE,potencias,0,369,3.329637322364823e-27,74030,30,200,n,discreta_global,"(mu,lambda)",0.3
EE,potencias,0,370,2.921486965645538e-27,74230,30,200,n,discreta_global,"(mu,lambda)",0.3
EE,potencias,0,371,3.859124581013166e-27,74430,30,200,n,discreta_global,"(mu,lambda)",0.3
EE,potencias,0,372,3.2170205201893153e-27,74630,30,200,n,discreta_global,"(mu,lambda)",0.3
EE,potencias,0,373,3.345857841986063e-27,74830,30,200,n,discreta_global,"(mu,lambda)",0.3
EE,potencias,0,374,3.1220328962753077e-27,75030,30,200,n,discreta_global,"(mu,lambda)",0.3
EE,potencias,0,375,3.385349063053796e-27,75230,30,200,n,discreta_global,"(mu,lambda)",0.3
EE,potencias,0,376,3.484119957062659e-27,75430,30,200,n,discreta_global,"(mu,lambda)",0.3
EE,potencias,0,377,3.921266480333003e-27,75630,30,200,n,discreta_global,"(mu,lambda)",0.3
EE,potencias,0,378,5.13312834537617e-27,75830,30,200,n,discreta_global,"(mu,lambda)",0.3
EE,potencias,0,379,2.980390772473142e-27,76030,30,200,n,discreta_global,"(mu,lambda)",0.3
EE,potencias,0,380,3.5793780148130956e-27,76230,30,200,n,discreta_global,"(mu,lambda)",0.3
EE,potencias,0,381,3.8016639397265636e-27,76430,30,200,n,discreta_global,"(mu,lambda)",0.3
EE,potencias,0,382,5.888156892181739e-27,76630,30,200,n,discreta_global,"(mu,lambda)",0.3
EE,potencias,0,383,3.24110297877846e-27,76830,30,200,n,discreta_global,"(mu,lambda)",0.3
EE,potencias,0,384,3.698640590196362e-27,77030,30,200,n,discreta_global,"(mu,lambda)",0.3
EE,potencias,0,385,3.410042162811487e-27,77230,30,200,n,discreta_global,"(mu,lambda)",0.3
EE,potencias,0,386,3.5773982503271886e-27,77430,30,200,n,discreta_global,"(mu,lambda)",0.3
EE,potencias,0,387,3.633554098812475e-27,77630,30,200,n,discreta_global,"(mu,lambda)",0.3
EE,potencias,0,388,4.064894491120748e-27,77830,30,200,n,discreta_global,"(mu,lambda)",0.3
EE,potencias,0,389,4.596624623539299e-27,78030,30,200,n,discreta_global,"(mu,lambda)",0.3
EE,potencias,0,390,3.230847415198724e-27,78230,30,200,n,discreta_global,"(mu,lambda)",0.3
EE,potencias,0,391,4.658362473462598e-27,78430,30,200,n,discreta_global,"(mu,lambda)",0.3
EE,potencias,0,392,3.902997509297229e-27,78630,30,200,n,discreta_global,"(mu,lambda)",0.3
EE,potencias,0,393,4.237514184177914e-27,78830,30,200,n,discreta_global,"(mu,lambda)",0.3
EE,potencias,0,394,3.7004530291097286e-27,79030,30,200,n,discreta_global,"(mu,lambda)",0.3
EE,potencias,0,395,4.265909105804336e-27,79230,30,200,n,discreta_global,"(mu,lambda)",0.3
EE,potencias,0,396,4.651159538036706e-27,79430,30,200,n,discreta_global,"(mu,lambda)",0.3
EE,potencias,0,397,3.672498614750987e-27,79630,30,200,n,discreta_global,"(mu,lambda)",0.3
EE,potencias,0,398,3.338561589458357e-27,79830,30,200,n,discreta_global,"(mu,lambda)",0.3
EE,potencias,0,399,3.710873680809562e-27,80030,30,200,n,discreta_global,"(mu,lambda)",0.3
EE,potencias,0,400,4.554426720149269e-27,80230,30,200,n,discreta_global,"(mu,lambda)",0.3
EE,potencias,0,401,5.225558500254882e-27,80430,30,200,n,discreta_global,"(mu,lambda)",0.3
EE,potencias,0,402,3.071061626973673e-27,80630,30,200,n,discreta_global,"(mu,lambda)",0.3
EE,potencias,0,403,3.763711503905228e-27,80830,30,200,n,discreta_global,"(mu,lambda)",0.3
EE,potencias,0,404,3.752200706022044e-27,81030,30,200,n,discreta_global,"(mu,lambda)",0.3
EE,potencias,0,405,6.692201495762402e-27,81230,30,200,n,discreta_global,"(mu,lambda)",0.3
EE,potencias,0,406,4.845109107130721e-27,81430,30,200,n,discreta_global,"(mu,lambda)",0.3
EE,potencias,0,407,3.7954322393258396e-27,81630,30,200,n,discreta_global,"(mu,lambda)",0.3
EE,potencias,0,408,5.216628950560729e-27,81830,30,200,n,discreta_global,"(mu,lambda)",0.3
EE,potencias,0,409,3.6838163412033784e-27,82030,30,200,n,discreta_global,"(mu,lambda)",0.3
EE,potencias,0,410,4.065205732758203e-27,82230,30,200,n,discreta_global,"(mu,lambda)",0.3
EE,potencias,0,411,4.316049538365749e-27,82430,30,200,n,discreta_global,"(mu,lambda)",0.3
EE,potencias,0,412,4.6205359891176105e-27,82630,30,200,n,discreta_global,"(mu,lambda)",0.3
EE,potencias,0,413,6.508433005145876e-27,82830,30,200,n,discreta_global,"(mu,lambda)",0.3
EE,potencias,0,414,6.447984191567369e-27,83030,30,200,n,discreta_global,"(mu,lambda)",0.3
EE,potencias,0,415,4.792915325194909e-27,83230,30,200,n,discreta_global,"(mu,lambda)",0.3
EE,potencias,0,416,6.272366801050246e-27,83430,30,200,n,discreta_global,"(mu,lambda)",0.3
EE,potencias,0,417,3.990619867273908e-27,83630,30,200,n,discreta_global,"(mu,lambda)",0.3
EE,potencias,0,418,5.951714995105939e-27,83830,30,200,n,discreta_global,"(mu,lambda)",0.3
EE,potencias,0,419,5.67309633952044e-27,84030,30,200,n,discreta_global,"(mu,lambda)",0.3
EE,potencias,0,420,6.0009225346171776e-27,84230,30,200,n,discreta_global,"(mu,lambda)",0.3
EE,potencias,0,421,4.5783389823656085e-27,84430,30,200,n,discreta_global,"(mu,lambda)",0.3
EE,potencias,0,422,5.5713742533217324e-27,84630,30,200,n,discreta_global,"(mu,lambda)",0.3
EE,potencias,0,423,5.328290797088275e-27,84830,30,200,n,discreta_global,"(mu,lambda)",0.3
EE,potencias,0,424,7.667744313522198e-27,85030,30,200,n,discreta_global,"(mu,lambda)",0.3
EE,potencias,0,425,6.039825640795632e-27,85230,30,200,n,discreta_global,"(mu,lambda)",0.3
EE,potencias,0,426,6.0708155042345435e-27,85430,30,200,n,discreta_global,"(mu,lambda)",0.3
EE,potencias,0,427,4.597000395213677e-27,85630,30,200,n,discreta_global,"(mu,lambda)",0.3
EE,potencias,0,428,7.108349705162288e-27,85830,30,200,n,discreta_global,"(mu,lambda)",0.3
EE,potencias,0,429,4.620750460942828e-27,86030,30,200,n,discreta_global,"(mu,lambda)",0.3
EE,potencias,0,430,6.390969356749e-27,86230,30,200,n,discreta_global,"(mu,lambda)",0.3
EE,potencias,0,431,4.657197360005534e-27,86430,30,200,n,discreta_global,"(mu,lambda)",0.3
EE,potencias,0,432,4.6730015361594815e-27,86630,30,200,n,discreta_global,"(mu,lambda)",0.3
EE,potencias,0,433,4.043540173351915e-27,86830,30,200,n,discreta_global,"(mu,lambda)",0.3
EE,potencias,0,434,2.911884840163265e-27,87030,30,200,n,discreta_global,"(mu,lambda)",0.3
EE,potencias,0,435,4.671147440046926e-27,87230,30,200,n,discreta_global,"(mu,lambda)",0.3
EE,potencias,0,436,3.273506208662621e-27,87430,30,200,n,discreta_global,"(mu,lambda)",0.3
EE,potencias,0,437,3.3376266572492076e-27,87630,30,200,n,discreta_global,"(mu,lambda)",0.3
EE,potencias,0,438,3.5911248142808844e-27,87830,30,200,n,discreta_global,"(mu,lambda)",0.3
EE,potencias,0,439,3.713776921840101e-27,88030,30,200,n,discreta_global,"(mu,lambda)",0.3
EE,potencias,0,440,2.5619938350601596e-27,88230,30,200,n,discreta_global,"(mu,lambda)",0.3
EE,potencias,0,441,3.039271033612402e-27,88430,30,200,n,discreta_global,"(mu,lambda)",0.3
EE,potencias,0,442,2.5067363678826376e-27,88630,30,200,n,discreta_global,"(mu,lambda)",0.3
EE,potencias,0,443,3.2115269968173196e-27,88830,30,200,n,discreta_global,"(mu,lambda)",0.3
EE,potencias,0,444,2.5116350595716614e-27,89030,30,200,n,discreta_global,"(mu,lambda)",0.3
EE,potencias,0,445,2.9083825639922073e-27,89230,30,200,n,discreta_global,"(mu,lambda)",0.3
EE,potencias,0,446,7.87310838051405e-27,89430,30,200,n,discreta_global,"(mu,lambda)",0.3
EE,potencias,0,447,4.2591579532966346e-27,89630,30,200,n,discreta_global,"(mu,lambda)",0.3
EE,potencias,0,448,4.5351449024708386e-27,89830,30,200,n,discreta_global,"(mu,lambda)",0.3
EE,potencias,0,449,4.450970077352513e-27,90030,30,200,n,discreta_global,"(mu,lambda)",0.3
EE,potencias,0,450,3.484155607839142e-27,90230,30,200,n,discreta_global,"(mu,lambda)",0.3
EE,potencias,0,451,4.165010972498915e-27,90430,30,200,n,discreta_global,"(mu,lambda)",0.3
EE,potencias,0,452,2.286084398966338e-27,90630,30,200,n,discreta_global,"(mu,lambda)",0.3
EE,potencias,0,453,3.0637086165060826e-27,90830,30,200,n,discreta_global,"(mu,lambda)",0.3
EE,potencias,0,454,4.256438906209102e-27,91030,30,200,n,discreta_global,"(mu,lambda)",0.3
EE,potencias,0,455,1.9866634211007025e-27,91230,30,200,n,discreta_global,"(mu,lambda)",0.3
EE,potencias,0,456,2.2843357266359496e-27,91430,30,200,n,discreta_global,"(mu,lambda)",0.3
EE,potencias,0,457,3.581863801887895e-27,91630,30,200,n,discreta_global,"(mu,lambda)",0.3
EE,potencias,0,458,2.2699209487021498e-27,91830,30,200,n,discreta_global,"(mu,lambda)",0.3
EE,potencias,0,459,3.3306760006410764e-27,92030,30,200,n,discreta_global,"(mu,lambda)",0.3
EE,potencias,0,460,2.2616445481538305e-27,92230,30,200,n,discreta_global,"(mu,lambda)",0.3
EE,potencias,0,461,2.1545164215510942e-27,92430,30,200,n,discreta_global,"(mu,lambda)",0.3
EE,potencias,0,462,5.7795273860471346e-27,92630,30,200,n,discreta_global,"(mu,lambda)",0.3
EE,potencias,0,463,4.054391533890644e-27,92830,30,200,n,discreta_global,"(mu,lambda)",0.3
EE,potencias,0,464,3.144127076550563e-27,93030,30,200,n,discreta_global,"(mu,lambda)",0.3
EE,potencias,0,465,2.0323909012886373e-27,93230,30,200,n,discreta_global,"(mu,lambda)",0.3
EE,potencias,0,466,3.991086177338897e-27,93430,30,200,n,discreta_global,"(mu,lambda)",0.3
EE,potencias,0,467,4.557563588731364e-27,93630,30,200,n,discreta_global,"(mu,lambda)",0.3
EE,potencias,0,468,6.340077390379245e-27,93830,30,200,n,discreta_global,"(mu,lambda)",0.3
EE,potencias,0,469,4.755573522179075e-27,94030,30,200,n,discreta_global,"(mu,lambda)",0.3
EE,potencias,0,470,1.8213232289815683e-27,94230,30,200,n,discreta_global,"(mu,lambda)",0.3
EE,potencias,0,471,5.639009066121513e-27,94430,30,200,n,discreta_global,"(mu,lambda)",0.3
EE,potencias,0,472,5.1553201204792315e-27,94630,30,200,n,discreta_global,"(mu,lambda)",0.3
EE,potencias,0,473,3.7085729046061336e-27,94830,30,200,n,discreta_global,"(mu,lambda)",0.3
EE,potencias,0,474,5.941138561384921e-27,95030,30,200,n,discreta_global,"(mu,lambda)",0.3
EE,potencias,0,475,4.144080360721215e-27,95230,30,200,n,discreta_global,"(mu,lambda)",0.3
EE,potencias,0,476,2.370132016276184e-27,95430,30,200,n,discreta_global,"(mu,lambda)",0.3
EE,potencias,0,477,5.282534584518889e-27,95630,30,200,n,discreta_global,"(mu,lambda)",0.3
EE,potencias,0,478,4.498143831309465e-27,95830,30,200,n,discreta_global,"(mu,lambda)",0.3
EE,potencias,0,479,5.0422785831724145e-27,96030,30,200,n,discreta_global,"(mu,lambda)",0.3
EE,potencias,0,480,1.6159276970999476e-27,96230,30,200,n,discreta_global,"(mu,lambda)",0.3
EE,potencias,0,481,3.748934427288733e-27,96430,30,200,n,discreta_global,"(mu,lambda)",0.3
EE,potencias,0,482,3.4205421723376936e-27,96630,30,200,n,discreta_global,"(mu,lambda)",0.3
EE,potencias,0,483,3.570984559268332e-27,96830,30,200,n,discreta_global,"(mu,lambda)",0.3
EE,potencias,0,484,4.7500618745475185e-27,97030,30,200,n,discreta_global,"(mu,lambda)",0.3
EE,potencias,0,485,3.736920150896284e-27,97230,30,200,n,discreta_global,"(mu,lambda)",0.3
EE,potencias,0,486,3.6976020870680316e-27,97430,30,200,n,discreta_global,"(mu,lambda)",0.3
EE,potencias,0,487,4.013334311874465e-27,97630,30,200,n,discreta_global,"(mu,lambda)",0.3
EE,potencias,0,488,3.547657513994402e-27,97830,30,200,n,discreta_global,"(mu,lambda)",0.3
EE,potencias,0,489,3.3591440792018746e-27,98030,30,200,n,discreta_global,"(mu,lambda)",0.3
EE,potencias,0,490,5.1324558016496564e-27,98230,30,200,n,discreta_global,"(mu,lambda)",0.3
EE,potencias,0,491,3.306386879941223e-27,98430,30,200,n,discreta_global,"(mu,lambda)",0.3
EE,potencias,0,492,4.4256418573210976e-27,98630,30,200,n,discreta_global,"(mu,lambda)",0.3
EE,potencias,0,493,4.635255928399323e-27,98830,30,200,n,discreta_global,"(mu,lambda)",0.3
EE,potencias,0,494,4.9154271881105056e-27,99030,30,200,n,discreta_global,"(mu,lambda)",0.3
EE,potencias,0,495,6.169742935924569e-27,99230,30,200,n,discreta_global,"(mu,lambda)",0.3
EE,potencias,0,496,4.826176691916758e-27,99430,30,200,n,discreta_global,"(mu,lambda)",0.3
EE,potencias,0,497,5.9523413160507605e-27,99630,30,200,n,discreta_global,"(mu,lambda)",0.3
EE,potencias,0,498,6.990683916157392e-27,99830,30,200,n,discreta_global,"(mu,lambda)",0.3
EE,potencias,0,499,5.53592625508947e-27,100030,30,200,n,discreta_global,"(mu,lambda)",0.3
EE,potencias,0,500,5.247027592738333e-27,100230,30,200,n,discreta_global,"(mu,lambda)",0.3
EE,potencias,0,501,5.0658104139908394e-27,100430,30,200,n,discreta_global,"(mu,lambda)",0.3
EE,potencias,0,502,4.164358108608569e-27,100630,30,200,n,discreta_global,"(mu,lambda)",0.3
EE,potencias,0,503,5.941401992999122e-27,100830,30,200,n,discreta_global,"(mu,lambda)",0.3
EE,potencias,0,504,5.242053023843848e-27,101030,30,200,n,discreta_global,"(mu,lambda)",0.3
EE,potencias,0,505,5.251543798517295e-27,101230,30,200,n,discreta_global,"(mu,lambda)",0.3
EE,potencias,0,506,5.033254494120132e-27,101430,30,200,n,discreta_global,"(mu,lambda)",0.3
EE,potencias,0,507,4.4166900378246434e-27,101630,30,200,n,discreta_global,"(mu,lambda)",0.3
EE,potencias,0,508,7.511926878338756e-27,101830,30,200,n,discreta_global,"(mu,lambda)",0.3
EE,potencias,0,509,5.349160411889652e-27,102030,30,200,n,discreta_global,"(mu,lambda)",0.3
EE,potencias,0,510,5.880722376176248e-27,102230,30,200,n,discreta_global,"(mu,lambda)",0.3
EE,potencias,0,511,5.336106461765783e-27,102430,30,200,n,discreta_global,"(mu,lambda)",0.3
EE,potencias,0,512,4.935414651202305e-27,102630,30,200,n,discreta_global,"(mu,lambda)",0.3
EE,potencias,0,513,9.180728043922583e-27,102830,30,200,n,discreta_global,"(mu,lambda)",0.3
EE,potencias,0,514,5.7221421283810695e-27,103030,30,200,n,discreta_global,"(mu,lambda)",0.3
EE,potencias,0,515,5.911425479228551e-27,103230,30,200,n,discreta_global,"(mu,lambda)",0.3
EE,potencias,0,516,7.195671771493353e-27,103430,30,200,n,discreta_global,"(mu,lambda)",0.3
EE,potencias,0,517,8.16384933141259e-27,103630,30,200,n,discreta_global,"(mu,lambda)",0.3
EE,potencias,0,518,5.454180471951875e-27,103830,30,200,n,discreta_global,"(mu,lambda)",0.3
EE,potencias,0,519,8.561526881796055e-27,104030,30,200,n,discreta_global,"(mu,lambda)",0.3
EE,potencias,0,520,6.507599377512932e-27,104230,30,200,n,discreta_global,"(mu,lambda)",0.3
EE,potencias,0,521,5.861159119267799e-27,104430,30,200,n,discreta_global,"(mu,lambda)",0.3
EE,potencias,0,522,5.8060157626459626e-27,104630,30,200,n,discreta_global,"(mu,lambda)",0.3
EE,potencias,0,523,7.62518027040509e-27,104830,30,200,n,discreta_global,"(mu,lambda)",0.3
EE,potencias,0,524,6.3068286503762454e-27,105030,30,200,n,discreta_global,"(mu,lambda)",0.3
EE,potencias,0,525,6.58446143634364e-27,105230,30,200,n,discreta_global,"(mu,lambda)",0.3
EE,potencias,0,526,5.464468620305277e-27,105430,30,200,n,discreta_global,"(mu,lambda)",0.3
EE,potencias,0,527,6.0103569523659724e-27,105630,30,200,n,discreta_global,"(mu,lambda)",0.3
EE,potencias,0,528,8.547073627040363e-27,105830,30,200,n,discreta_global,"(mu,lambda)",0.3
EE,potencias,0,529,8.832044085240497e-27,106030,30,200,n,discreta_global,"(mu,lambda)",0.3
EE,potencias,0,530,5.380916562750203e-27,106230,30,200,n,discreta_global,"(mu,lambda)",0.3
EE,potencias,0,531,6.763854060087278e-27,106430,30,200,n,discreta_global,"(mu,lambda)",0.3
EE,potencias,0,532,5.497984878989015e-27,106630,30,200,n,discreta_global,"(mu,lambda)",0.3
EE,potencias,0,533,5.220039750323533e-27,106830,30,200,n,discreta_global,"(mu,lambda)",0.3
EE,potencias,0,534,5.5381994600871626e-27,107030,30,200,n,discreta_global,"(mu,lambda)",0.3
EE,potencias,0,535,5.2592700861548025e-27,107230,30,200,n,discreta_global,"(mu,lambda)",0.3
EE,potencias,0,536,6.996081759204013e-27,107430,30,200,n,discreta_global,"(mu,lambda)",0.3
EE,potencias,0,537,6.764306905476994e-27,107630,30,200,n,discreta_global,"(mu,lambda)",0.3
EE,potencias,0,538,5.814368439107344e-27,107830,30,200,n,discreta_global,"(mu,lambda)",0.3
EE,potencias,0,539,5.2444947739590504e-27,108030,30,200,n,discreta_global,"(mu,lambda)",0.3
EE,potencias,0,540,5.308912888625261e-27,108230,30,200,n,discreta_global,"(mu,lambda)",0.3
EE,potencias,0,541,5.1560577628611435e-27,108430,30,200,n,discreta_global,"(mu,lambda)",0.3
EE,potencias,0,542,5.0901954452148245e-27,108630,30,200,n,discreta_global,"(mu,lambda)",0.3
EE,potencias,0,543,5.020644616068421e-27,108830,30,200,n,discreta_global,"(mu,lambda)",0.3
EE,potencias,0,544,8.498673375869213e-27,109030,30,200,n,discreta_global,"(mu,lambda)",0.3
EE,potencias,0,545,5.148908890789125e-27,109230,30,200,n,discreta_global,"(mu,lambda)",0.3
EE,potencias,0,546,9.572703890229781e-27,109430,30,200,n,discreta_global,"(mu,lambda)",0.3
EE,potencias,0,547,5.6682995996607154e-27,109630,30,200,n,discreta_global,"(mu,lambda)",0.3
EE,potencias,0,548,4.879376270858907e-27,109830,30,200,n,discreta_global,"(mu,lambda)",0.3
EE,potencias,0,549,8.419860346632688e-27,110030,30,200,n,discreta_global,"(mu,lambda)",0.3
EE,potencias,0,550,4.964729099178953e-27,110230,30,200,n,discreta_global,"(mu,lambda)",0.3
EE,potencias,0,551,6.101874666425448e-27,110430,30,200,n,discreta_global,"(mu,lambda)",0.3
EE,potencias,0,552,8.854326627218722e-27,110630,30,200,n,discreta_global,"(mu,lambda)",0.3
EE,potencias,0,553,5.904227799260339e-27,110830,30,200,n,discreta_global,"(mu,lambda)",0.3
EE,potencias,0,554,5.352003276841997e-27,111030,30,200,n,discreta_global,"(mu,lambda)",0.3
EE,potencias,0,555,5.099350330323799e-27,111230,30,200,n,discreta_global,"(mu,lambda)",0.3
EE,potencias,0,556,8.955240467145575e-27,111430,30,200,n,discreta_global,"(mu,lambda)",0.3
EE,potencias,0,557,9.319331327440404e-27,111630,30,200,n,discreta_global,"(mu,lambda)",0.3
EE,potencias,0,558,8.543715731135202e-27,111830,30,200,n,discreta_global,"(mu,lambda)",0.3
EE,potencias,0,559,8.466964893330475e-27,112030,30,200,n,discreta_global,"(mu,lambda)",0.3
EE,potencias,0,560,8.638884163263684e-27,112230,30,200,n,discreta_global,"(mu,lambda)",0.3
EE,potencias,0,561,8.838039114270064e-27,112430,30,200,n,discreta_global,"(mu,lambda)",0.3
EE,potencias,0,562,8.638413730479673e-27,112630,30,200,n,discreta_global,"(mu,lambda)",0.3
EE,potencias,0,563,8.506092408603611e-27,112830,30,200,n,discreta_global,"(mu,lambda)",0.3
EE,potencias,0,564,8.533638429478451e-27,113030,30,200,n,discreta_global,"(mu,lambda)",0.3
EE,potencias,0,565,8.578741969481027e-27,113230,30,200,n,discreta_global,"(mu,lambda)",0.3
EE,potencias,0,566,9.399519780850403e-27,113430,30,200,n,discreta_global,"(mu,lambda)",0.3
EE,potencias,0,567,1.002789833583717e-26,113630,30,200,n,discreta_global,"(mu,lambda)",0.3
EE,potencias,0,568,8.733089025548005e-27,113830,30,200,n,discreta_global,"(mu,lambda)",0.3
EE,potencias,0,569,8.599801481030857e-27,114030,30,200,n,discreta_global,"(mu,lambda)",0.3
EE,potencias,0,570,9.164028754788602e-27,114230,30,200,n,discreta_global,"(mu,lambda)",0.3
EE,potencias,0,571,8.43638770350747e-27,114430,30,200,n,discreta_global,"(mu,lambda)",0.3
EE,potencias,0,572,8.555100570047623e-27,114630,30,200,n,discreta_global,"(mu,lambda)",0.3
EE,potencias,0,573,8.41413812756256e-27,114830,30,200,n,discreta_global,"(mu,lambda)",0.3
EE,potencias,0,574,8.403255252051853e-27,115030,30,200,n,discreta_global,"(mu,lambda)",0.3
EE,potencias,0,575,8.420116033846858e-27,115230,30,200,n,discreta_global,"(mu,lambda)",0.3
EE,potencias,0,576,8.148036877110367e-27,115430,30,200,n,discreta_global,"(mu,lambda)",0.3
EE,potencias,0,577,9.98195166481132e-27,115630,30,200,n,discreta_global,"(mu,lambda)",0.3
EE,potencias,0,578,8.575444774645789e-27,115830,30,200,n,discreta_global,"(mu,lambda)",0.3
EE,potencias,0,579,8.146640784587113e-27,116030,30,200,n,discreta_global,"(mu,lambda)",0.3
EE,potencias,0,580,8.528848414915217e-27,116230,30,200,n,discreta_global,"(mu,lambda)",0.3
EE,potencias,0,581,8.731404101307812e-27,116430,30,200,n,discreta_global,"(mu,lambda)",0.3
EE,potencias,0,582,8.8152309029363e-27,116630,30,200,n,discreta_global,"(mu,lambda)",0.3
EE,potencias,0,583,8.483353501388236e-27,116830,30,200,n,discreta_global,"(mu,lambda)",0.3
EE,potencias,0,584,8.440282197203114e-27,117030,30,200,n,discreta_global,"(mu,lambda)",0.3
EE,potencias,0,585,8.608232910715742e-27,117230,30,200,n,discreta_global,"(mu,lambda)",0.3
EE,potencias,0,586,8.053061784672178e-27,117430,30,200,n,discreta_global,"(mu,lambda)",0.3
EE,potencias,0,587,8.645735022730408e-27,117630,30,200,n,discreta_global,"(mu,lambda)",0.3
EE,potencias,0,588,8.663403663587342e-27,117830,30,200,n,discreta_global,"(mu,lambda)",0.3
EE,potencias,0,589,8.603331591623858e-27,118030,30,200,n,discreta_global,"(mu,lambda)",0.3
EE,potencias,0,590,7.952378757702485e-27,118230,30,200,n,discreta_global,"(mu,lambda)",0.3
EE,potencias,0,591,7.789607165466343e-27,118430,30,200,n,discreta_global,"(mu,lambda)",0.3
EE,potencias,0,592,8.042044356530313e-27,118630,30,200,n,discreta_global,"(mu,lambda)",0.3
EE,potencias,0,593,8.678677238612672e-27,118830,30,200,n,discreta_global,"(mu,lambda)",0.3
EE,potencias,0,594,8.443710428958574e-27,119030,30,200,n,discreta_global,"(mu,lambda)",0.3
EE,potencias,0,595,8.644504889906487e-27,119230,30,200,n,discreta_global,"(mu,lambda)",0.3
EE,potencias,0,596,8.642480225134229e-27,119430,30,200,n,discreta_global,"(mu,lambda)",0.3
EE,potencias,0,597,8.324551278522776e-27,119630,30,200,n,discreta_global,"(mu,lambda)",0.3
EE,potencias,0,598,8.520636657137139e-27,119830,30,200,n,discreta_global,"(mu,lambda)",0.3
EE,potencias,0,599,7.914616059952734e-27,120030,30,200,n,discreta_global,"(mu,lambda)",0.3
EE,potencias,0,600,8.034034815880876e-27,120230,30,200,n,discreta_global,"(mu,lambda)",0.3
EE,potencias,0,601,8.328986532687228e-27,120430,30,200,n,discreta_global,"(mu,lambda)",0.3
EE,potencias,0,602,8.706031950656874e-27,120630,30,200,n,discreta_global,"(mu,lambda)",0.3
EE,potencias,0,603,8.443549917982747e-27,120830,30,200,n,discreta_global,"(mu,lambda)",0.3
EE,potencias,0,604,8.352566678016446e-27,121030,30,200,n,discreta_global,"(mu,lambda)",0.3
EE,potencias,0,605,7.836791680881746e-27,121230,30,200,n,discreta_global,"(mu,lambda)",0.3
EE,potencias,0,606,7.786596984137363e-27,121430,30,200,n,discreta_global,"(mu,lambda)",0.3
EE,potencias,0,607,8.58411745021807e-27,121630,30,200,n,discreta_global,"(mu,lambda)",0.3
EE,potencias,0,608,8.349376379560417e-27,121830,30,200,n,discreta_global,"(mu,lambda)",0.3
EE,potencias,0,609,8.271828083255768e-27,122030,30,200,n,discreta_global,"(mu,lambda)",0.3
EE,potencias,0,610,8.739777182469448e-27,122230,30,200,n,discreta_global,"(mu,lambda)",0.3
EE,potencias,0,611,8.461361930355033e-27,122430,30,200,n,discreta_global,"(mu,lambda)",0.3
EE,potencias,0,612,8.314921605285019e-27,122630,30,200,n,discreta_global,"(mu,lambda)",0.3
EE,potencias,0,613,8.296684588739522e-27,122830,30,200,n,discreta_global,"(mu,lambda)",0.3
EE,potencias,0,614,8.332964064614012e-27,123030,30,200,n,discreta_global,"(mu,lambda)",0.3
EE,potencias,0,615,8.313014429499813e-27,123230,30,200,n,discreta_global,"(mu,lambda)",0.3
EE,potencias,0,616,8.574829096056305e-27,123430,30,200,n,discreta_global,"(mu,lambda)",0.3
EE,potencias,0,617,8.454342587699811e-27,123630,30,200,n,discreta_global,"(mu,lambda)",0.3
EE,potencias,0,618,8.473356121612996e-27,123830,30,200,n,discreta_global,"(mu,lambda)",0.3
EE,potencias,0,619,8.322182556613764e-27,124030,30,200,n,discreta_global,"(mu,lambda)",0.3
EE,potencias,0,620,8.40916099458258e-27,124230,30,200,n,discreta_global,"(mu,lambda)",0.3
EE,potencias,0,621,8.412736931189473e-27,124430,30,200,n,discreta_global,"(mu,lambda)",0.3
EE,potencias,0,622,8.244689773026925e-27,124630,30,200,n,discreta_global,"(mu,lambda)",0.3
EE,potencias,0,623,8.371167984885485e-27,124830,30,200,n,discreta_global,"(mu,lambda)",0.3
EE,potencias,0,624,8.47895053164097e-27,125030,30,200,n,discreta_global,"(mu,lambda)",0.3
EE,potencias,0,625,8.39528743603209e-27,125230,30,200,n,discreta_global,"(mu,lambda)",0.3
EE,potencias,0,626,8.41820068643945e-27,125430,30,200,n,discreta_global,"(mu,lambda)",0.3
EE,potencias,0,627,8.221943364101918e-27,125630,30,200,n,discreta_global,"(mu,lambda)",0.3
EE,potencias,0,628,8.264813704232704e-27,125830,30,200,n,discreta_global,"(mu,lambda)",0.3
EE,potencias,0,629,8.324087577533764e-27,126030,30,200,n,discreta_global,"(mu,lambda)",0.3
EE,potencias,0,630,8.341819426637015e-27,126230,30,200,n,discreta_global,"(mu,lambda)",0.3
EE,potencias,0,631,8.363453395901808e-27,126430,30,200,n,discreta_global,"(mu,lambda)",0.3
EE,potencias,0,632,8.409583253116359e-27,126630,30,200,n,discreta_global,"(mu,lambda)",0.3
EE,potencias,0,633,8.585717835642884e-27,126830,30,200,n,discreta_global,"(mu,lambda)",0.3
EE,potencias,0,634,8.183596718216287e-27,127030,30,200,n,discreta_global,"(mu,lambda)",0.3
EE,potencias,0,635,8.373190958657677e-27,127230,30,200,n,discreta_global,"(mu,lambda)",0.3
EE,potencias,0,636,8.760388196609828e-27,127430,30,200,n,discreta_global,"(mu,lambda)",0.3
EE,potencias,0,637,8.360086244834316e-27,127630,30,200,n,discreta_global,"(mu,lambda)",0.3
EE,potencias,0,638,8.773347864394649e-27,127830,30,200,n,discreta_global,"(mu,lambda)",0.3
EE,potencias,0,639,9.033004510779912e-27,128030,30,200,n,discreta_global,"(mu,lambda)",0.3
EE,potencias,0,640,8.410872583574533e-27,128230,30,200,n,discreta_global,"(mu,lambda)",0.3
EE,potencias,0,641,8.185717940717979e-27,128430,30,200,n,discreta_global,"(mu,lambda)",0.3
EE,potencias,0,642,9.159690169362738e-27,128630,30,200,n,discreta_global,"(mu,lambda)",0.3
EE,potencias,0,643,8.389271739347415e-27,128830,30,200,n,discreta_global,"(mu,lambda)",0.3
EE,potencias,0,644,8.531756404478958e-27,129030,30,200,n,discreta_global,"(mu,lambda)",0.3
EE,potencias,0,645,8.51119449422808e-27,129230,30,200,n,discreta_global,"(mu,lambda)",0.3
EE,potencias,0,646,8.576988922169832e-27,129430,30,200,n,discreta_global,"(mu,lambda)",0.3
EE,potencias,0,647,8.55188502094563e-27,129630,30,200,n,discreta_global,"(mu,lambda)",0.3
EE,potencias,0,648,8.338278150117528e-27,129830,30,200,n,discreta_global,"(mu,lambda)",0.3
EE,potencias,0,649,8.402514664726238e-27,130030,30,200,n,discreta_global,"(mu,lambda)",0.3
EE,potencias,0,650,8.309346945574427e-27,130230,30,200,n,discreta_global,"(mu,lambda)",0.3
EE,potencias,0,651,8.208245677148009e-27,130430,30,200,n,discreta_global,"(mu,lambda)",0.3
EE,potencias,0,652,8.2090065376137e-27,130630,30,200,n,discreta_global,"(mu,lambda)",0.3
EE,potencias,0,653,8.269204877206999e-27,130830,30,200,n,discreta_global,"(mu,lambda)",0.3
EE,potencias,0,654,8.272552623766766e-27,131030,30,200,n,discreta_global,"(mu,lambda)",0.3
EE,potencias,0,655,8.782147080846092e-27,131230,30,200,n,discreta_global,"(mu,lambda)",0.3
EE,potencias,0,656,8.234151320342105e-27,131430,30,200,n,discreta_global,"(mu,lambda)",0.3
EE,potencias,0,657,9.882172598797288e-27,131630,30,200,n,discreta_global,"(mu,lambda)",0.3
EE,potencias,0,658,8.175208107429887e-27,131830,30,200,n,discreta_global,"(mu,lambda)",0.3
EE,potencias,0,659,8.235186679663492e-27,132030,30,200,n,discreta_global,"(mu,lambda)",0.3
EE,potencias,0,660,8.243549109233115e-27,132230,30,200,n,discreta_global,"(mu,lambda)",0.3
EE,potencias,0,661,8.203081965902733e-27,132430,30,200,n,discreta_global,"(mu,lambda)",0.3
EE,potencias,0,662,8.220688910958662e-27,132630,30,200,n,discreta_global,"(mu,lambda)",0.3
EE,potencias,0,663,8.563547560903913e-27,132830,30,200,n,discreta_global,"(mu,lambda)",0.3
EE,potencias,0,664,8.241672118428455e-27,133030,30,200,n,discreta_global,"(mu,lambda)",0.3
EE,potencias,0,665,8.021370384616885e-27,133230,30,200,n,discreta_global,"(mu,lambda)",0.3
EE,potencias,0,666,8.230307881824778e-27,133430,30,200,n,discreta_global,"(mu,lambda)",0.3
EE,potencias,0,667,8.160108170112492e-27,133630,30,200,n,discreta_global,"(mu,lambda)",0.3
EE,potencias,0,668,8.154403789078043e-27,133830,30,200,n,discreta_global,"(mu,lambda)",0.3
EE,potencias,0,669,8.473990321314265e-27,134030,30,200,n,discreta_global,"(mu,lambda)",0.3
EE,potencias,0,670,8.210057008920932e-27,134230,30,200,n,discreta_global,"(mu,lambda)",0.3
EE,potencias,0,671,8.470413575048918e-27,134430,30,200,n,discreta_global,"(mu,lambda)",0.3
EE,potencias,0,672,8.177385307536563e-27,134630,30,200,n,discreta_global,"(mu,lambda)",0.3
EE,potencias,0,673,8.041155247827843e-27,134830,30,200,n,discreta_global,"(mu,lambda)",0.3
EE,potencias,0,674,8.928746991173578e-27,135030,30,200,n,discreta_global,"(mu,lambda)",0.3
EE,potencias,0,675,8.564218400629983e-27,135230,30,200,n,discreta_global,"(mu,lambda)",0.3
EE,potencias,0,676,8.582584728599795e-27,135430,30,200,n,discreta_global,"(mu,lambda)",0.3
EE,potencias,0,677,8.806269184629881e-27,135630,30,200,n,discreta_global,"(mu,lambda)",0.3
EE,potencias,0,678,8.373961275497836e-27,135830,30,200,n,discreta_global,"(mu,lambda)",0.3
EE,potencias,0,679,8.390486516137184e-27,136030,30,200,n,discreta_global,"(mu,lambda)",0.3
EE,potencias,0,680,8.099611486893914e-27,136230,30,200,n,discreta_global,"(mu,lambda)",0.3
EE,potencias,0,681,8.443390228304505e-27,136430,30,200,n,discreta_global,"(mu,lambda)",0.3
EE,potencias,0,682,8.339789270458366e-27,136630,30,200,n,discreta_global,"(mu,lambda)",0.3
EE,potencias,0,683,9.118985391183527e-27,136830,30,200,n,discreta_global,"(mu,lambda)",0.3
EE,potencias,0,684,8.169627204498602e-27,137030,30,200,n,discreta_global,"(mu,lambda)",0.3
EE,potencias,0,685,8.910253181282566e-27,137230,30,200,n,discreta_global,"(mu,lambda)",0.3
EE,potencias,0,686,8.757200451643835e-27,137430,30,200,n,discreta_global,"(mu,lambda)",0.3
EE,potencias,0,687,8.684472716640983e-27,137630,30,200,n,discreta_global,"(mu,lambda)",0.3
EE,potencias,0,688,9.483638241509727e-27,137830,30,200,n,discreta_global,"(mu,lambda)",0.3
EE,potencias,0,689,8.865285041403234e-27,138030,30,200,n,discreta_global,"(mu,lambda)",0.3
EE,potencias,0,690,8.768642041846855e-27,138230,30,200,n,discreta_global,"(mu,lambda)",0.3
EE,potencias,0,691,8.605678159075249e-27,138430,30,200,n,discreta_global,"(mu,lambda)",0.3
EE,potencias,0,692,8.720130046327145e-27,138630,30,200,n,discreta_global,"(mu,lambda)",0.3
EE,potencias,0,693,8.486675038906085e-27,138830,30,200,n,discreta_global,"(mu,lambda)",0.3
EE,potencias,0,694,8.570263371543414e-27,139030,30,200,n,discreta_global,"(mu,lambda)",0.3
EE,potencias,0,695,8.754917675825588e-27,139230,30,200,n,discreta_global,"(mu,lambda)",0.3
EE,potencias,0,696,8.861105788901082e-27,139430,30,200,n,discreta_global,"(mu,lambda)",0.3
EE,potencias,0,697,8.554270150175448e-27,139630,30,200,n,discreta_global,"(mu,lambda)",0.3
EE,potencias,0,698,8.770768877512635e-27,139830,30,200,n,discreta_global,"(mu,lambda)",0.3
EE,potencias,0,699,8.534870483085524e-27,140030,30,200,n,discreta_global,"(mu,lambda)",0.3
EE,potencias,0,700,8.836699225121017e-27,140230,30,200,n,discreta_global,"(mu,lambda)",0.3
EE,potencias,0,701,8.543936013245601e-27,140430,30,200,n,discreta_global,"(mu,lambda)",0.3
EE,potencias,0,702,8.710975623646016e-27,140630,30,200,n,discreta_global,"(mu,lambda)",0.3
EE,potencias,0,703,8.87105684813131e-27,140830,30,200,n,discreta_global,"(mu,lambda)",0.3
EE,potencias,0,704,9.381931275274066e-27,141030,30,200,n,discreta_global,"(mu,lambda)",0.3
EE,potencias,0,705,8.772660297587822e-27,141230,30,200,n,discreta_global,"(mu,lambda)",0.3
EE,potencias,0,706,8.859333732969472e-27,141430,30,200,n,discreta_global,"(mu,lambda)",0.3
EE,potencias,0,707,8.760188552460268e-27,141630,30,200,n,discreta_global,"(mu,lambda)",0.3
EE,potencias,0,708,8.562919661556946e-27,141830,30,200,n,discreta_global,"(mu,lambda)",0.3
EE,potencias,0,709,9.04858316755232e-27,142030,30,200,n,discreta_global,"(mu,lambda)",0.3
EE,potencias,0,710,8.972663021829277e-27,142230,30,200,n,discreta_global,"(mu,lambda)",0.3
EE,potencias,0,711,9.291808322202461e-27,142430,30,200,n,discreta_global,"(mu,lambda)",0.3
EE,potencias,0,712,8.628973193162733e-27,142630,30,200,n,discreta_global,"(mu,lambda)",0.3
EE,potencias,0,713,8.93345032498643e-27,142830,30,200,n,discreta_global,"(mu,lambda)",0.3
EE,potencias,0,714,8.616559439615538e-27,143030,30,200,n,discreta_global,"(mu,lambda)",0.3
EE,potencias,0,715,8.689631667446413e-27,143230,30,200,n,discreta_global,"(mu,lambda)",0.3
EE,potencias,0,716,8.65960414447527e-27,143430,30,200,n,discreta_global,"(mu,lambda)",0.3
EE,potencias,0,717,8.76341077055941e-27,143630,30,200,n,discreta_global,"(mu,lambda)",0.3
EE,potencias,0,718,8.820085668072308e-27,143830,30,200,n,discreta_global,"(mu,lambda)",0.3
EE,potencias,0,719,8.546579372117955e-27,144030,30,200,n,discreta_global,"(mu,lambda)",0.3
EE,potencias,0,720,8.855880519476315e-27,144230,30,200,n,discreta_global,"(mu,lambda)",0.3
EE,potencias,0,721,8.882643368461452e-27,144430,30,200,n,discreta_global,"(mu,lambda)",0.3
EE,potencias,0,722,8.990565013972005e-27,144630,30,200,n,discreta_global,"(mu,lambda)",0.3
EE,potencias,0,723,8.877217310872679e-27,144830,30,200,n,discreta_global,"(mu,lambda)",0.3
EE,potencias,0,724,8.773806045795139e-27,145030,30,200,n,discreta_global,"(mu,lambda)",0.3
EE,potencias,0,725,8.899788604423372e-27,145230,30,200,n,discreta_global,"(mu,lambda)",0.3
EE,potencias,0,726,8.803836460297238e-27,145430,30,200,n,discreta_global,"(mu,lambda)",0.3
EE,potencias,0,727,8.825774111223448e-27,145630,30,200,n,discreta_global,"(mu,lambda)",0.3
EE,potencias,0,728,8.794699393609882e-27,145830,30,200,n,discreta_global,"(mu,lambda)",0.3
EE,potencias,0,729,8.638838768117562e-27,146030,30,200,n,discreta_global,"(mu,lambda)",0.3
EE,potencias,0,730,1.0177871826775703e-26,146230,30,200,n,discreta_global,"(mu,lambda)",0.3
EE,potencias,0,731,8.776926289898615e-27,146430,30,200,n,discreta_global,"(mu,lambda)",0.3
EE,potencias,0,732,9.24900673803845e-27,146630,30,200,n,discreta_global,"(mu,lambda)",0.3
EE,potencias,0,733,8.786252495172793e-27,146830,30,200,n,discreta_global,"(mu,lambda)",0.3
EE,potencias,0,734,8.778366158607131e-27,147030,30,200,n,discreta_global,"(mu,lambda)",0.3
EE,potencias,0,735,8.84186848127134e-27,147230,30,200,n,discreta_global,"(mu,lambda)",0.3
EE,potencias,0,736,8.723555432416571e-27,147430,30,200,n,discreta_global,"(mu,lambda)",0.3
EE,potencias,0,737,8.791746611875745e-27,147630,30,200,n,discreta_global,"(mu,lambda)",0.3
EE,potencias,0,738,8.722265051391155e-27,147830,30,200,n,discreta_global,"(mu,lambda)",0.3
EE,potencias,0,739,8.724745584489127e-27,148030,30,200,n,discreta_global,"(mu,lambda)",0.3
EE,potencias,0,740,8.860568344436231e-27,148230,30,200,n,discreta_global,"(mu,lambda)",0.3
EE,potencias,0,741,8.773393478660185e-27,148430,30,200,n,discreta_global,"(mu,lambda)",0.3
EE,potencias,0,742,8.840385112235709e-27,148630,30,200,n,discreta_global,"(mu,lambda)",0.3
EE,potencias,0,743,8.712119244935156e-27,148830,30,200,n,discreta_global,"(mu,lambda)",0.3
EE,potencias,0,744,8.804490823709342e-27,149030,30,200,n,discreta_global,"(mu,lambda)",0.3
EE,potencias,0,745,8.744367288691124e-27,149230,30,200,n,discreta_global,"(mu,lambda)",0.3
EE,potencias,0,746,8.741725168973957e-27,149430,30,200,n,discreta_global,"(mu,lambda)",0.3
EE,potencias,0,747,8.923440492635991e-27,149630,30,200,n,discreta_global,"(mu,lambda)",0.3
EE,potencias,0,748,8.708893837885982e-27,149830,30,200,n,discreta_global,"(mu,lambda)",0.3
EE,potencias,0,749,8.922735822816609e-27,150030,30,200,n,discreta_global,"(mu,lambda)",0.3
EE,potencias,0,750,8.858267932015523e-27,150230,30,200,n,discreta_global,"(mu,lambda)",0.3
EE,potencias,0,751,8.863904730049906e-27,150430,30,200,n,discreta_global,"(mu,lambda)",0.3
EE,potencias,0,752,8.436312267468816e-27,150630,30,200,n,discreta_global,"(mu,lambda)",0.3
EE,potencias,0,753,8.556036621188118e-27,150830,30,200,n,discreta_global,"(mu,lambda)",0.3
EE,potencias,0,754,8.994338928502602e-27,151030,30,200,n,discreta_global,"(mu,lambda)",0.3
EE,potencias,0,755,8.755272947500517e-27,151230,30,200,n,discreta_global,"(mu,lambda)",0.3
EE,potencias,0,756,8.626242284621355e-27,151430,30,200,n,discreta_global,"(mu,lambda)",0.3
EE,potencias,0,757,9.129636782846203e-27,151630,30,200,n,discreta_global,"(mu,lambda)",0.3
EE,potencias,0,758,8.468275132724137e-27,151830,30,200,n,discreta_global,"(mu,lambda)",0.3
EE,potencias,0,759,8.608239395613416e-27,152030,30,200,n,discreta_global,"(mu,lambda)",0.3
EE,potencias,0,760,8.873388420104744e-27,152230,30,200,n,discreta_global,"(mu,lambda)",0.3
EE,potencias,0,761,8.168414827409071e-27,152430,30,200,n,discreta_global,"(mu,lambda)",0.3
EE,potencias,0,762,8.170903077018798e-27,152630,30,200,n,discreta_global,"(mu,lambda)",0.3
EE,potencias,0,763,8.632500491592437e-27,152830,30,200,n,discreta_global,"(mu,lambda)",0.3
EE,potencias,0,764,8.230898077961514e-27,153030,30,200,n,discreta_global,"(mu,lambda)",0.3
EE,potencias,0,765,8.174593137544327e-27,153230,30,200,n,discreta_global,"(mu,lambda)",0.3
EE,potencias,0,766,8.462215339164422e-27,153430,30,200,n,discreta_global,"(mu,lambda)",0.3
EE,potencias,0,767,8.25177192811789e-27,153630,30,200,n,discreta_global,"(mu,lambda)",0.3
EE,potencias,0,768,8.671260799687936e-27,153830,30,200,n,discreta_global,"(mu,lambda)",0.3
EE,potencias,0,769,8.560012557956366e-27,154030,30,200,n,discreta_global,"(mu,lambda)",0.3
EE,potencias,0,770,9.26344712644024e-27,154230,30,200,n,discreta_global,"(mu,lambda)",0.3
EE,potencias,0,771,8.972608240888467e-27,154430,30,200,n,discreta_global,"(mu,lambda)",0.3
EE,potencias,0,772,9.107344111078913e-27,154630,30,200,n,discreta_global,"(mu,lambda)",0.3
EE,potencias,0,773,9.213510861770956e-27,154830,30,200,n,discreta_global,"(mu,lambda)",0.3
EE,potencias,0,774,8.297240651124846e-27,155030,30,200,n,discreta_global,"(mu,lambda)",0.3
EE,potencias,0,775,8.982352563319151e-27,155230,30,200,n,discreta_global,"(mu,lambda)",0.3
EE,potencias,0,776,8.168357432238757e-27,155430,30,200,n,discreta_global,"(mu,lambda)",0.3
EE,potencias,0,777,8.988890748632328e-27,155630,30,200,n,discreta_global,"(mu,lambda)",0.3
EE,potencias,0,778,8.8992005536355e-27,155830,30,200,n,discreta_global,"(mu,lambda)",0.3
EE,potencias,0,779,8.9973503562601e-27,156030,30,200,n,discreta_global,"(mu,lambda)",0.3
EE,potencias,0,780,9.241521745380016e-27,156230,30,200,n,discreta_global,"(mu,lambda)",0.3
EE,potencias,0,781,9.464374109477084e-27,156430,30,200,n,discreta_global,"(mu,lambda)",0.3
EE,potencias,0,782,9.118838117773301e-27,156630,30,200,n,discreta_global,"(mu,lambda)",0.3
EE,potencias,0,783,8.898728904580122e-27,156830,30,200,n,discreta_global,"(mu,lambda)",0.3
EE,potencias,0,784,8.781954905636915e-27,157030,30,200,n,discreta_global,"(mu,lambda)",0.3
EE,potencias,0,785,9.106570382747722e-27,157230,30,200,n,discreta_global,"(mu,lambda)",0.3
EE,potencias,0,786,8.919085049744148e-27,157430,30,200,n,discreta_global,"(mu,lambda)",0.3
EE,potencias,0,787,9.193105281909537e-27,157630,30,200,n,discreta_global,"(mu,lambda)",0.3
EE,potencias,0,788,1.0187839795549606e-26,157830,30,200,n,discreta_global,"(mu,lambda)",0.3
EE,potencias,0,789,9.558205738429185e-27,158030,30,200,n,discreta_global,"(mu,lambda)",0.3
EE,potencias,0,790,9.26658321228221e-27,158230,30,200,n,discreta_global,"(mu,lambda)",0.3
EE,potencias,0,791,1.0182101405994005e-26,158430,30,200,n,discreta_global,"(mu,lambda)",0.3
EE,potencias,0,792,9.102496249197235e-27,158630,30,200,n,discreta_global,"(mu,lambda)",0.3
EE,potencias,0,793,8.711247131945719e-27,158830,30,200,n,discreta_global,"(mu,lambda)",0.3
EE,potencias,0,794,8.701863953133588e-27,159030,30,200,n,discreta_global,"(mu,lambda)",0.3
EE,potencias,0,795,9.27941496215871e-27,159230,30,200,n,discreta_global,"(mu,lambda)",0.3
EE,potencias,0,796,9.72278583052452e-27,159430,30,200,n,discreta_global,"(mu,lambda)",0.3
EE,potencias,0,797,8.682664863822678e-27,159630,30,200,n,discreta_global,"(mu,lambda)",0.3
EE,potencias,0,798,9.500689346387706e-27,159830,30,200,n,discreta_global,"(mu,lambda)",0.3
EE,potencias,0,799,9.17465418782288e-27,160030,30,200,n,discreta_global,"(mu,lambda)",0.3
EE,potencias,0,800,9.232810032894567e-27,160230,30,200,n,discreta_global,"(mu,lambda)",0.3
EE,potencias,0,801,9.167118158660391e-27,160430,30,200,n,discreta_global,"(mu,lambda)",0.3
EE,potencias,0,802,9.613599796471854e-27,160630,30,200,n,discreta_global,"(mu,lambda)",0.3
EE,potencias,0,803,9.321833253534018e-27,160830,30,200,n,discreta_global,"(mu,lambda)",0.3
EE,potencias,0,804,8.623676545425354e-27,161030,30,200,n,discreta_global,"(mu,lambda)",0.3
EE,potencias,0,805,8.87416712945863e-27,161230,30,200,n,discreta_global,"(mu,lambda)",0.3
EE,potencias,0,806,8.49200447700821e-27,161430,30,200,n,discreta_global,"(mu,lambda)",0.3
EE,potencias,0,807,8.274646172903327e-27,161630,30,200,n,discreta_global,"(mu,lambda)",0.3
EE,potencias,0,808,9.718388132298599e-27,161830,30,200,n,discreta_global,"(mu,lambda)",0.3
EE,potencias,0,809,9.115506480373218e-27,162030,30,200,n,discreta_global,"(mu,lambda)",0.3
EE,potencias,0,810,1.1397516763941195e-26,162230,30,200,n,discreta_global,"(mu,lambda)",0.3
EE,potencias,0,811,8.699455919877653e-27,162430,30,200,n,discreta_global,"(mu,lambda)",0.3
EE,potencias,0,812,8.167090003366898e-27,162630,30,200,n,discreta_global,"(mu,lambda)",0.3
EE,potencias,0,813,8.6517574210455e-27,162830,30,200,n,discreta_global,"(mu,lambda)",0.3
EE,potencias,0,814,8.875024433353023e-27,163030,30,200,n,discreta_global,"(mu,lambda)",0.3
EE,potencias,0,815,8.216171374324154e-27,163230,30,200,n,discreta_global,"(mu,lambda)",0.3
EE,potencias,0,816,8.832050429672003e-27,163430,30,200,n,discreta_global,"(mu,lambda)",0.3
EE,potencias,0,817,8.190522757118811e-27,163630,30,200,n,discreta_global,"(mu,lambda)",0.3
EE,potencias,0,818,8.411973175768599e-27,163830,30,200,n,discreta_global,"(mu,lambda)",0.3
EE,potencias,0,819,8.207549085833896e-27,164030,30,200,n,discreta_global,"(mu,lambda)",0.3
EE,potencias,0,820,8.343010967322755e-27,164230,30,200,n,discreta_global,"(mu,lambda)",0.3
EE,potencias,0,821,8.199406067125001e-27,164430,30,200,n,discreta_global,"(mu,lambda)",0.3
EE,potencias,0,822,8.251683405194356e-27,164630,30,200,n,discreta_global,"(mu,lambda)",0.3
EE,potencias,0,823,8.31146113874464e-27,164830,30,200,n,discreta_global,"(mu,lambda)",0.3
EE,potencias,0,824,1.0913339154313079e-26,165030,30,200,n,discreta_global,"(mu,lambda)",0.3
EE,potencias,0,825,8.331383523873058e-27,165230,30,200,n,discreta_global,"(mu,lambda)",0.3
EE,potencias,0,826,8.872354511478892e-27,165430,30,200,n,discreta_global,"(mu,lambda)",0.3
EE,potencias,0,827,8.334308305994686e-27,165630,30,200,n,discreta_global,"(mu,lambda)",0.3
EE,potencias,0,828,8.18027076953901e-27,165830,30,200,n,discreta_global,"(mu,lambda)",0.3
EE,potencias,0,829,8.175793838320298e-27,166030,30,200,n,discreta_global,"(mu,lambda)",0.3
EE,potencias,0,830,8.305820392432416e-27,166230,30,200,n,discreta_global,"(mu,lambda)",0.3
EE,potencias,0,831,8.210813790264152e-27,166430,30,200,n,discreta_global,"(mu,lambda)",0.3
EE,potencias,0,832,8.304589942807923e-27,166630,30,200,n,discreta_global,"(mu,lambda)",0.3
EE,potencias,0,833,8.173282108050993e-27,166830,30,200,n,discreta_global,"(mu,lambda)",0.3
EE,potencias,0,834,8.976922133300726e-27,167030,30,200,n,discreta_global,"(mu,lambda)",0.3
EE,potencias,0,835,8.202348486679123e-27,167230,30,200,n,discreta_global,"(mu,lambda)",0.3
EE,potencias,0,836,8.22401068703271e-27,167430,30,200,n,discreta_global,"(mu,lambda)",0.3
EE,potencias,0,837,8.422482959439922e-27,167630,30,200,n,discreta_global,"(mu,lambda)",0.3
EE,potencias,0,838,8.177364182777898e-27,167830,30,200,n,discreta_global,"(mu,lambda)",0.3
EE,potencias,0,839,8.230467768813846e-27,168030,30,200,n,discreta_global,"(mu,lambda)",0.3
EE,potencias,0,840,8.209516564334061e-27,168230,30,200,n,discreta_global,"(mu,lambda)",0.3
EE,potencias,0,841,8.177883157006794e-27,168430,30,200,n,discreta_global,"(mu,lambda)",0.3
EE,potencias,0,842,8.18294548440052e-27,168630,30,200,n,discreta_global,"(mu,lambda)",0.3
EE,potencias,0,843,8.177333219030817e-27,168830,30,200,n,discreta_global,"(mu,lambda)",0.3
EE,potencias,0,844,8.174036587400889e-27,169030,30,200,n,discreta_global,"(mu,lambda)",0.3
EE,potencias,0,845,8.192006521251578e-27,169230,30,200,n,discreta_global,"(mu,lambda)",0.3
EE,potencias,0,846,8.370016452438335e-27,169430,30,200,n,discreta_global,"(mu,lambda)",0.3
EE,potencias,0,847,8.162812676744725e-27,169630,30,200,n,discreta_global,"(mu,lambda)",0.3
EE,potencias,0,848,8.206487806630195e-27,169830,30,200,n,discreta_global,"(mu,lambda)",0.3
EE,potencias,0,849,8.189506980777277e-27,170030,30,200,n,discreta_global,"(mu,lambda)",0.3
EE,potencias,0,850,8.177828298479439e-27,170230,30,200,n,discreta_global,"(mu,lambda)",0.3
EE,potencias,0,851,8.191173304399883e-27,170430,30,200,n,discreta_global,"(mu,lambda)",0.3
EE,potencias,0,852,8.179224554458888e-27,170630,30,200,n,discreta_global,"(mu,lambda)",0.3
EE,potencias,0,853,8.173042535754387e-27,170830,30,200,n,discreta_global,"(mu,lambda)",0.3
EE,potencias,0,854,8.163581747257375e-27,171030,30,200,n,discreta_global,"(mu,lambda)",0.3
EE,potencias,0,855,8.192010844517788e-27,171230,30,200,n,discreta_global,"(mu,lambda)",0.3
EE,potencias,0,856,8.698561607994729e-27,171430,30,200,n,discreta_global,"(mu,lambda)",0.3
EE,potencias,0,857,8.412835306863218e-27,171630,30,200,n,discreta_global,"(mu,lambda)",0.3
EE,potencias,0,858,8.181037015842027e-27,171830,30,200,n,discreta_global,"(mu,lambda)",0.3
EE,potencias,0,859,8.174517196477438e-27,172030,30,200,n,discreta_global,"(mu,lambda)",0.3
EE,potencias,0,860,8.178032384104751e-27,172230,30,200,n,discreta_global,"(mu,lambda)",0.3
EE,potencias,0,861,8.230416154738963e-27,172430,30,200,n,discreta_global,"(mu,lambda)",0.3
EE,potencias,0,862,8.182122762059268e-27,172630,30,200,n,discreta_global,"(mu,lambda)",0.3
EE,potencias,0,863,8.284540785595189e-27,172830,30,200,n,discreta_global,"(mu,lambda)",0.3
EE,potencias,0,864,8.180594628807279e-27,173030,30,200,n,discreta_global,"(mu,lambda)",0.3
EE,potencias,0,865,8.20887440717604e-27,173230,30,200,n,discreta_global,"(mu,lambda)",0.3
EE,potencias,0,866,8.185199932829207e-27,173430,30,200,n,discreta_global,"(mu,lambda)",0.3
EE,potencias,0,867,8.387111786164377e-27,173630,30,200,n,discreta_global,"(mu,lambda)",0.3
EE,potencias,0,868,8.870517406266443e-27,173830,30,200,n,discreta_global,"(mu,lambda)",0.3
EE,potencias,0,869,8.291365270005757e-27,174030,30,200,n,discreta_global,"(mu,lambda)",0.3
EE,potencias,0,870,8.22828171443994e-27,174230,30,200,n,discreta_global,"(mu,lambda)",0.3
EE,potencias,0,871,8.833752407505998e-27,174430,30,200,n,discreta_global,"(mu,lambda)",0.3
EE,potencias,0,872,8.484411672532605e-27,174630,30,200,n,discreta_global,"(mu,lambda)",0.3
EE,potencias,0,873,8.198025340792104e-27,174830,30,200,n,discreta_global,"(mu,lambda)",0.3
EE,potencias,0,874,8.294810075029945e-27,175030,30,200,n,discreta_global,"(mu,lambda)",0.3
EE,potencias,0,875,8.322583366352496e-27,175230,30,200,n,discreta_global,"(mu,lambda)",0.3
EE,potencias,0,876,8.1608410679253e-27,175430,30,200,n,discreta_global,"(mu,lambda)",0.3
EE,potencias,0,877,8.23504428175169e-27,175630,30,200,n,discreta_global,"(mu,lambda)",0.3
EE,potencias,0,878,8.18339152649301e-27,175830,30,200,n,discreta_global,"(mu,lambda)",0.3
EE,potencias,0,879,8.19150372048252e-27,176030,30,200,n,discreta_global,"(mu,lambda)",0.3
EE,potencias,0,880,8.208469861558859e-27,176230,30,200,n,discreta_global,"(mu,lambda)",0.3
EE,potencias,0,881,8.15116033016806e-27,176430,30,200,n,discreta_global,"(mu,lambda)",0.3
EE,potencias,0,882,8.452245404978503e-27,176630,30,200,n,discreta_global,"(mu,lambda)",0.3
EE,potencias,0,883,8.181990596930788e-27,176830,30,200,n,discreta_global,"(mu,lambda)",0.3
EE,potencias,0,884,8.966633749873685e-27,177030,30,200,n,discreta_global,"(mu,lambda)",0.3
EE,potencias,0,885,8.34052686532552e-27,177230,30,200,n,discreta_global,"(mu,lambda)",0.3
EE,potencias,0,886,8.306669183320374e-27,177430,30,200,n,discreta_global,"(mu,lambda)",0.3
EE,potencias,0,887,9.593933421543e-27,177630,30,200,n,discreta_global,"(mu,lambda)",0.3
EE,potencias,0,888,8.211823684581298e-27,177830,30,200,n,discreta_global,"(mu,lambda)",0.3
EE,potencias,0,889,8.216490128300034e-27,178030,30,200,n,discreta_global,"(mu,lambda)",0.3
EE,potencias,0,890,8.225050138199374e-27,178230,30,200,n,discreta_global,"(mu,lambda)",0.3
EE,potencias,0,891,8.233581425080402e-27,178430,30,200,n,discreta_global,"(mu,lambda)",0.3
EE,potencias,0,892,8.242877124025974e-27,178630,30,200,n,discreta_global,"(mu,lambda)",0.3
EE,potencias,0,893,8.268822097815052e-27,178830,30,200,n,discreta_global,"(mu,lambda)",0.3
EE,potencias,0,894,8.261698136731194e-27,179030,30,200,n,discreta_global,"(mu,lambda)",0.3
EE,potencias,0,895,8.234689289336652e-27,179230,30,200,n,discreta_global,"(mu,lambda)",0.3
EE,potencias,0,896,8.385541603152864e-27,179430,30,200,n,discreta_global,"(mu,lambda)",0.3
EE,potencias,0,897,8.279394240603057e-27,179630,30,200,n,discreta_global,"(mu,lambda)",0.3
EE,potencias,0,898,8.202542545706403e-27,179830,30,200,n,discreta_global,"(mu,lambda)",0.3
EE,potencias,0,899,8.129013855372208e-27,180030,30,200,n,discreta_global,"(mu,lambda)",0.3
EE,potencias,0,900,8.452423364629286e-27,180230,30,200,n,discreta_global,"(mu,lambda)",0.3
EE,potencias,0,901,8.100906112737148e-27,180430,30,200,n,discreta_global,"(mu,lambda)",0.3
EE,potencias,0,902,8.147547662127025e-27,180630,30,200,n,discreta_global,"(mu,lambda)",0.3
EE,potencias,0,903,1.0313068002303923e-26,180830,30,200,n,discreta_global,"(mu,lambda)",0.3
EE,potencias,0,904,8.194551768721985e-27,181030,30,200,n,discreta_global,"(mu,lambda)",0.3
EE,potencias,0,905,7.886174871460153e-27,181230,30,200,n,discreta_global,"(mu,lambda)",0.3
EE,potencias,0,906,7.998268746850367e-27,181430,30,200,n,discreta_global,"(mu,lambda)",0.3
EE,potencias,0,907,8.338238021246527e-27,181630,30,200,n,discreta_global,"(mu,lambda)",0.3
EE,potencias,0,908,8.284690236271484e-27,181830,30,200,n,discreta_global,"(mu,lambda)",0.3
EE,potencias,0,909,8.344808232718753e-27,182030,30,200,n,discreta_global,"(mu,lambda)",0.3
EE,potencias,0,910,8.43874737653016e-27,182230,30,200,n,discreta_global,"(mu,lambda)",0.3
EE,potencias,0,911,8.720318012958726e-27,182430,30,200,n,discreta_global,"(mu,lambda)",0.3
EE,potencias,0,912,8.880423340632608e-27,182630,30,200,n,discreta_global,"(mu,lambda)",0.3
EE,potencias,0,913,8.085092839234705e-27,182830,30,200,n,discreta_global,"(mu,lambda)",0.3
EE,potencias,0,914,8.201531933277819e-27,183030,30,200,n,discreta_global,"(mu,lambda)",0.3
EE,potencias,0,915,8.251128704212317e-27,183230,30,200,n,discreta_global,"(mu,lambda)",0.3
EE,potencias,0,916,8.244581735678085e-27,183430,30,200,n,discreta_global,"(mu,lambda)",0.3
EE,potencias,0,917,8.444867915339609e-27,183630,30,200,n,discreta_global,"(mu,lambda)",0.3
EE,potencias,0,918,8.585998823005827e-27,183830,30,200,n,discreta_global,"(mu,lambda)",0.3
EE,potencias,0,919,9.074050234300288e-27,184030,30,200,n,discreta_global,"(mu,lambda)",0.3
EE,potencias,0,920,8.249076372456282e-27,184230,30,200,n,discreta_global,"(mu,lambda)",0.3
EE,potencias,0,921,8.513369185152603e-27,184430,30,200,n,discreta_global,"(mu,lambda)",0.3
EE,potencias,0,922,8.24416675581439e-27,184630,30,200,n,discreta_global,"(mu,lambda)",0.3
EE,potencias,0,923,8.235901641534986e-27,184830,30,200,n,discreta_global,"(mu,lambda)",0.3
EE,potencias,0,924,8.286979267402963e-27,185030,30,200,n,discreta_global,"(mu,lambda)",0.3
EE,potencias,0,925,8.465227649853878e-27,185230,30,200,n,discreta_global,"(mu,lambda)",0.3
EE,potencias,0,926,8.183587531941562e-27,185430,30,200,n,discreta_global,"(mu,lambda)",0.3
EE,potencias,0,927,8.316584695167656e-27,185630,30,200,n,discreta_global,"(mu,lambda)",0.3
EE,potencias,0,928,8.636002937836195e-27,185830,30,200,n,discreta_global,"(mu,lambda)",0.3
EE,potencias,0,929,8.225852221589801e-27,186030,30,200,n,discreta_global,"(mu,lambda)",0.3
EE,potencias,0,930,8.676676855394475e-27,186230,30,200,n,discreta_global,"(mu,lambda)",0.3
EE,potencias,0,931,8.602587066252848e-27,186430,30,200,n,discreta_global,"(mu,lambda)",0.3
EE,potencias,0,932,8.550337563013031e-27,186630,30,200,n,discreta_global,"(mu,lambda)",0.3
EE,potencias,0,933,8.486036992084074e-27,186830,30,200,n,discreta_global,"(mu,lambda)",0.3
EE,potencias,0,934,8.332928425298617e-27,187030,30,200,n,discreta_global,"(mu,lambda)",0.3
EE,potencias,0,935,8.54834141933029e-27,187230,30,200,n,discreta_global,"(mu,lambda)",0.3
EE,potencias,0,936,8.538022853333942e-27,187430,30,200,n,discreta_global,"(mu,lambda)",0.3
EE,potencias,0,937,8.685027312398995e-27,187630,30,200,n,discreta_global,"(mu,lambda)",0.3
EE,potencias,0,938,8.474344296428572e-27,187830,30,200,n,discreta_global,"(mu,lambda)",0.3
EE,potencias,0,939,8.329172788646916e-27,188030,30,200,n,discreta_global,"(mu,lambda)",0.3
EE,potencias,0,940,9.258059604613954e-27,188230,30,200,n,discreta_global,"(mu,lambda)",0.3
EE,potencias,0,941,8.837034799344994e-27,188430,30,200,n,discreta_global,"(mu,lambda)",0.3
EE,potencias,0,942,8.592344954488928e-27,188630,30,200,n,discreta_global,"(mu,lambda)",0.3
EE,potencias,0,943,8.742214152015607e-27,188830,30,200,n,discreta_global,"(mu,lambda)",0.3
EE,potencias,0,944,8.666541758918477e-27,189030,30,200,n,discreta_global,"(mu,lambda)",0.3
EE,potencias,0,945,8.298490984270275e-27,189230,30,200,n,discreta_global,"(mu,lambda)",0.3
EE,potencias,0,946,1.008295843703103e-26,189430,30,200,n,discreta_global,"(mu,lambda)",0.3
EE,potencias,0,947,8.324336728790563e-27,189630,30,200,n,discreta_global,"(mu,lambda)",0.3
EE,potencias,0,948,8.529176549800755e-27,189830,30,200,n,discreta_global,"(mu,lambda)",0.3
EE,potencias,0,949,8.38433439181447e-27,190030,30,200,n,discreta_global,"(mu,lambda)",0.3
EE,potencias,0,950,8.41053988302051e-27,190230,30,200,n,discreta_global,"(mu,lambda)",0.3
EE,potencias,0,951,8.596656817192867e-27,190430,30,200,n,discreta_global,"(mu,lambda)",0.3
EE,potencias,0,952,8.87864282192299e-27,190630,30,200,n,discreta_global,"(mu,lambda)",0.3
EE,potencias,0,953,9.111597691610121e-27,190830,30,200,n,discreta_global,"(mu,lambda)",0.3
EE,potencias,0,954,8.573684797304791e-27,191030,30,200,n,discreta_global,"(mu,lambda)",0.3
EE,potencias,0,955,8.55361521582496e-27,191230,30,200,n,discreta_global,"(mu,lambda)",0.3
EE,potencias,0,956,8.70730570601528e-27,191430,30,200,n,discreta_global,"(mu,lambda)",0.3
EE,potencias,0,957,8.498305627049114e-27,191630,30,200,n,discreta_global,"(mu,lambda)",0.3
EE,potencias,0,958,1.1865270331255721e-26,191830,30,200,n,discreta_global,"(mu,lambda)",0.3
EE,potencias,0,959,8.951652263077468e-27,192030,30,200,n,discreta_global,"(mu,lambda)",0.3
EE,potencias,0,960,8.825999565974187e-27,192230,30,200,n,discreta_global,"(mu,lambda)",0.3
EE,potencias,0,961,8.556168176210521e-27,192430,30,200,n,discreta_global,"(mu,lambda)",0.3
EE,potencias,0,962,9.060107716093296e-27,192630,30,200,n,discreta_global,"(mu,lambda)",0.3
EE,potencias,0,963,8.677073230645862e-27,192830,30,200,n,discreta_global,"(mu,lambda)",0.3
EE,potencias,0,964,8.433116806355167e-27,193030,30,200,n,discreta_global,"(mu,lambda)",0.3
EE,potencias,0,965,8.6791611555744e-27,193230,30,200,n,discreta_global,"(mu,lambda)",0.3
EE,potencias,0,966,8.611205762399779e-27,193430,30,200,n,discreta_global,"(mu,lambda)",0.3
EE,potencias,0,967,8.821691416470111e-27,193630,30,200,n,discreta_global,"(mu,lambda)",0.3
EE,potencias,0,968,8.525403627078397e-27,193830,30,200,n,discreta_global,"(mu,lambda)",0.3
EE,potencias,0,969,8.545112069632342e-27,194030,30,200,n,discreta_global,"(mu,lambda)",0.3
EE,potencias,0,970,8.505205729819731e-27,194230,30,200,n,discreta_global,"(mu,lambda)",0.3
EE,potencias,0,971,8.560785183259332e-27,194430,30,200,n,discreta_global,"(mu,lambda)",0.3
EE,potencias,0,972,8.558011642493507e-27,194630,30,200,n,discreta_global,"(mu,lambda)",0.3
EE,potencias,0,973,8.417812926260625e-27,194830,30,200,n,discreta_global,"(mu,lambda)",0.3
EE,potencias,0,974,8.854005220618583e-27,195030,30,200,n,discreta_global,"(mu,lambda)",0.3
EE,potencias,0,975,8.599360077540514e-27,195230,30,200,n,discreta_global,"(mu,lambda)",0.3
EE,potencias,0,976,8.479077562859446e-27,195430,30,200,n,discreta_global,"(mu,lambda)",0.3
EE,potencias,0,977,1.0130135722185361e-26,195630,30,200,n,discreta_global,"(mu,lambda)",0.3
EE,potencias,0,978,8.456332641409494e-27,195830,30,200,n,discreta_global,"(mu,lambda)",0.3
EE,potencias,0,979,8.389963874588974e-27,196030,30,200,n,discreta_global,"(mu,lambda)",0.3
EE,potencias,0,980,8.393010024783025e-27,196230,30,200,n,discreta_global,"(mu,lambda)",0.3
EE,potencias,0,981,8.414980337981979e-27,196430,30,200,n,discreta_global,"(mu,lambda)",0.3
EE,potencias,0,982,8.536950959537317e-27,196630,30,200,n,discreta_global,"(mu,lambda)",0.3
EE,potencias,0,983,9.281912308894694e-27,196830,30,200,n,discreta_global,"(mu,lambda)",0.3
EE,potencias,0,984,8.415770209388976e-27,197030,30,200,n,discreta_global,"(mu,lambda)",0.3
EE,potencias,0,985,8.497231532594624e-27,197230,30,200,n,discreta_global,"(mu,lambda)",0.3
EE,potencias,0,986,8.39820876682203e-27,197430,30,200,n,discreta_global,"(mu,lambda)",0.3
EE,potencias,0,987,8.465855735930962e-27,197630,30,200,n,discreta_global,"(mu,lambda)",0.3
EE,potencias,0,988,8.538306872319428e-27,197830,30,200,n,discreta_global,"(mu,lambda)",0.3
EE,potencias,0,989,8.463625150465994e-27,198030,30,200,n,discreta_global,"(mu,lambda)",0.3
EE,potencias,0,990,8.427784488298912e-27,198230,30,200,n,discreta_global,"(mu,lambda)",0.3
EE,potencias,0,991,8.671819910485906e-27,198430,30,200,n,discreta_global,"(mu,lambda)",0.3
EE,potencias,0,992,8.512998901906689e-27,198630,30,200,n,discreta_global,"(mu,lambda)",0.3
EE,potencias,0,993,8.976207568955218e-27,198830,30,200,n,discreta_global,"(mu,lambda)",0.3
EE,potencias,0,994,8.29157650864235e-27,199030,30,200,n,discreta_global,"(mu,lambda)",0.3
EE,potencias,0,995,8.523748166811807e-27,199230,30,200,n,discreta_global,"(mu,lambda)",0.3
EE,potencias,0,996,8.649609687798231e-27,199430,30,200,n,discreta_global,"(mu,lambda)",0.3
EE,potencias,0,997,8.5254587791909e-27,199630,30,200,n,discreta_global,"(mu,lambda)",0.3
EE,potencias,0,998,8.731996253190724e-27,199830,30,200,n,discreta_global,"(mu,lambda)",0.3
EE,potencias,0,999,8.547219931841044e-27,200030,30,200,n,discreta_global,"(mu,lambda)",0.3
EE,potencias,0,1000,8.76101730462085e-27,200230,30,200,n,discreta_global,"(mu,lambda)",0.3
EE,potencias,0,1001,8.563570184361324e-27,200430,30,200,n,discreta_global,"(mu,lambda)",0.3
EE,potencias,0,1002,8.937947996245746e-27,200630,30,200,n,discreta_global,"(mu,lambda)",0.3
EE,potencias,0,1003,8.714729410639678e-27,200830,30,200,n,discreta_global,"(mu,lambda)",0.3
EE,potencias,0,1004,8.591916266435146e-27,201030,30,200,n,discreta_global,"(mu,lambda)",0.3
EE,potencias,0,1005,8.453080780118549e-27,201230,30,200,n,discreta_global,"(mu,lambda)",0.3
EE,potencias,0,1006,8.573205143538938e-27,201430,30,200,n,discreta_global,"(mu,lambda)",0.3
EE,potencias,0,1007,8.570079926674176e-27,201630,30,200,n,discreta_global,"(mu,lambda)",0.3
EE,potencias,0,1008,8.560579601561843e-27,201830,30,200,n,discreta_global,"(mu,lambda)",0.3
EE,potencias,0,1009,8.598900161084965e-27,202030,30,200,n,discreta_global,"(mu,lambda)",0.3
EE,potencias,0,1010,8.707166030237013e-27,202230,30,200,n,discreta_global,"(mu,lambda)",0.3
EE,potencias,0,1011,8.476173145691794e-27,202430,30,200,n,discreta_global,"(mu,lambda)",0.3
EE,potencias,0,1012,9.442658548628385e-27,202630,30,200,n,discreta_global,"(mu,lambda)",0.3
EE,potencias,0,1013,8.547015925811662e-27,202830,30,200,n,discreta_global,"(mu,lambda)",0.3
EE,potencias,0,1014,9.026377754791942e-27,203030,30,200,n,discreta_global,"(mu,lambda)",0.3
EE,potencias,0,1015,8.87662990855639e-27,203230,30,200,n,discreta_global,"(mu,lambda)",0.3
EE,potencias,0,1016,8.746154927651301e-27,203430,30,200,n,discreta_global,"(mu,lambda)",0.3
EE,potencias,0,1017,8.61518080232415e-27,203630,30,200,n,discreta_global,"(mu,lambda)",0.3
EE,potencias,0,1018,9.58679944294127e-27,203830,30,200,n,discreta_global,"(mu,lambda)",0.3
EE,potencias,0,1019,8.781918829945698e-27,204030,30,200,n,discreta_global,"(mu,lambda)",0.3
EE,potencias,0,1020,9.485351806072832e-27,204230,30,200,n,discreta_global,"(mu,lambda)",0.3
EE,potencias,0,1021,8.925637684003267e-27,204430,30,200,n,discreta_global,"(mu,lambda)",0.3
EE,potencias,0,1022,8.67525378981501e-27,204630,30,200,n,discreta_global,"(mu,lambda)",0.3
EE,potencias,0,1023,8.533198416836878e-27,204830,30,200,n,discreta_global,"(mu,lambda)",0.3
EE,potencias,0,1024,8.582044230185282e-27,205030,30,200,n,discreta_global,"(mu,lambda)",0.3
EE,potencias,0,1025,8.40652219341695e-27,205230,30,200,n,discreta_global,"(mu,lambda)",0.3
EE,potencias,0,1026,8.814436442153171e-27,205430,30,200,n,discreta_global,"(mu,lambda)",0.3
EE,potencias,0,1027,8.779130806024574e-27,205630,30,200,n,discreta_global,"(mu,lambda)",0.3
EE,potencias,0,1028,8.432103435694684e-27,205830,30,200,n,discreta_global,"(mu,lambda)",0.3
EE,potencias,0,1029,8.514337940117595e-27,206030,30,200,n,discreta_global,"(mu,lambda)",0.3
EE,potencias,0,1030,9.035467721805605e-27,206230,30,200,n,discreta_global,"(mu,lambda)",0.3
EE,potencias,0,1031,8.365778580454997e-27,206430,30,200,n,discreta_global,"(mu,lambda)",0.3
EE,potencias,0,1032,8.918759524846828e-27,206630,30,200,n,discreta_global,"(mu,lambda)",0.3
EE,potencias,0,1033,8.966249886084318e-27,206830,30,200,n,discreta_global,"(mu,lambda)",0.3
EE,potencias,0,1034,1.3467612741796402e-26,207030,30,200,n,discreta_global,"(mu,lambda)",0.3
EE,potencias,0,1035,8.872556915443277e-27,207230,30,200,n,discreta_global,"(mu,lambda)",0.3
EE,potencias,0,1036,8.786332684643432e-27,207430,30,200,n,discreta_global,"(mu,lambda)",0.3
EE,potencias,0,1037,9.36752344705595e-27,207630,30,200,n,discreta_global,"(mu,lambda)",0.3
EE,potencias,0,1038,8.881347510291615e-27,207830,30,200,n,discreta_global,"(mu,lambda)",0.3
EE,potencias,0,1039,9.531636307775105e-27,208030,30,200,n,discreta_global,"(mu,lambda)",0.3
EE,potencias,0,1040,9.728472803617708e-27,208230,30,200,n,discreta_global,"(mu,lambda)",0.3
EE,potencias,0,1041,8.74856921187717e-27,208430,30,200,n,discreta_global,"(mu,lambda)",0.3
EE,potencias,0,1042,9.598788798874937e-27,208630,30,200,n,discreta_global,"(mu,lambda)",0.3
EE,potencias,0,1043,9.071977286537739e-27,208830,30,200,n,discreta_global,"(mu,lambda)",0.3
EE,potencias,0,1044,9.516047376168549e-27,209030,30,200,n,discreta_global,"(mu,lambda)",0.3
EE,potencias,0,1045,8.956960709176901e-27,209230,30,200,n,discreta_global,"(mu,lambda)",0.3
EE,potencias,0,1046,9.09681658900515e-27,209430,30,200,n,discreta_global,"(mu,lambda)",0.3
EE,potencias,0,1047,8.646430808896119e-27,209630,30,200,n,discreta_global,"(mu,lambda)",0.3
EE,potencias,0,1048,9.340388448596075e-27,209830,30,200,n,discreta_global,"(mu,lambda)",0.3
EE,potencias,0,1049,8.7441935394907e-27,210030,30,200,n,discreta_global,"(mu,lambda)",0.3
EE,potencias,0,1050,7.83618586639091e-27,210230,30,200,n,discreta_global,"(mu,lambda)",0.3
EE,potencias,0,1051,8.776209158245672e-27,210430,30,200,n,discreta_global,"(mu,lambda)",0.3
EE,potencias,0,1052,8.114658706898741e-27,210630,30,200,n,discreta_global,"(mu,lambda)",0.3
EE,potencias,0,1053,8.031516905714155e-27,210830,30,200,n,discreta_global,"(mu,lambda)",0.3
EE,potencias,0,1054,8.523056724394049e-27,211030,30,200,n,discreta_global,"(mu,lambda)",0.3
EE,potencias,0,1055,1.0201721859891952e-26,211230,30,200,n,discreta_global,"(mu,lambda)",0.3
EE,potencias,0,1056,7.528877753028864e-27,211430,30,200,n,discreta_global,"(mu,lambda)",0.3
EE,potencias,0,1057,8.260136767911675e-27,211630,30,200,n,discreta_global,"(mu,lambda)",0.3
EE,potencias,0,1058,8.818578989149935e-27,211830,30,200,n,discreta_global,"(mu,lambda)",0.3
EE,potencias,0,1059,5.711721249273773e-27,212030,30,200,n,discreta_global,"(mu,lambda)",0.3
EE,potencias,0,1060,6.743946575627794e-27,212230,30,200,n,discreta_global,"(mu,lambda)",0.3
EE,potencias,0,1061,6.113000679258363e-27,212430,30,200,n,discreta_global,"(mu,lambda)",0.3
EE,potencias,0,1062,6.947862858250505e-27,212630,30,200,n,discreta_global,"(mu,lambda)",0.3
EE,potencias,0,1063,6.089622227654468e-27,212830,30,200,n,discreta_global,"(mu,lambda)",0.3
EE,potencias,0,1064,6.682890858864854e-27,213030,30,200,n,discreta_global,"(mu,lambda)",0.3
EE,potencias,0,1065,7.373341536416848e-27,213230,30,200,n,discreta_global,"(mu,lambda)",0.3
EE,potencias,0,1066,5.697273907525877e-27,213430,30,200,n,discreta_global,"(mu,lambda)",0.3
EE,potencias,0,1067,5.549136747646536e-27,213630,30,200,n,discreta_global,"(mu,lambda)",0.3
EE,potencias,0,1068,5.696498943553491e-27,213830,30,200,n,discreta_global,"(mu,lambda)",0.3
EE,potencias,0,1069,6.769405675246903e-27,214030,30,200,n,discreta_global,"(mu,lambda)",0.3
EE,potencias,0,1070,6.744496303142764e-27,214230,30,200,n,discreta_global,"(mu,lambda)",0.3
EE,potencias,0,1071,7.068877509634279e-27,214430,30,200,n,discreta_global,"(mu,lambda)",0.3
EE,potencias,0,1072,9.641318776317708e-27,214630,30,200,n,discreta_global,"(mu,lambda)",0.3
EE,potencias,0,1073,8.293873769859924e-27,214830,30,200,n,discreta_global,"(mu,lambda)",0.3
EE,potencias,0,1074,1.1637334092618013e-26,215030,30,200,n,discreta_global,"(mu,lambda)",0.3
EE,potencias,0,1075,1.1044118663116899e-26,215230,30,200,n,discreta_global,"(mu,lambda)",0.3
EE,potencias,0,1076,7.979792166793896e-27,215430,30,200,n,discreta_global,"(mu,lambda)",0.3
EE,potencias,0,1077,1.1660038594008088e-26,215630,30,200,n,discreta_global,"(mu,lambda)",0.3
EE,potencias,0,1078,8.901161184976025e-27,215830,30,200,n,discreta_global,"(mu,lambda)",0.3
EE,potencias,0,1079,8.80503360034693e-27,216030,30,200,n,discreta_global,"(mu,lambda)",0.3
EE,potencias,0,1080,1.1468184654161597e-26,216230,30,200,n,discreta_global,"(mu,lambda)",0.3
EE,potencias,0,1081,1.2813000856081823e-26,216430,30,200,n,discreta_global,"(mu,lambda)",0.3
EE,potencias,0,1082,9.171611656748653e-27,216630,30,200,n,discreta_global,"(mu,lambda)",0.3
EE,potencias,0,1083,5.867766281177866e-27,216830,30,200,n,discreta_global,"(mu,lambda)",0.3
EE,potencias,0,1084,1.0492745877030028e-26,217030,30,200,n,discreta_global,"(mu,lambda)",0.3
EE,potencias,0,1085,6.076212732102067e-27,217230,30,200,n,discreta_global,"(mu,lambda)",0.3
EE,potencias,0,1086,9.729927248017861e-27,217430,30,200,n,discreta_global,"(mu,lambda)",0.3
EE,potencias,0,1087,6.933568407581115e-27,217630,30,200,n,discreta_global,"(mu,lambda)",0.3
EE,potencias,0,1088,9.018578531575964e-27,217830,30,200,n,discreta_global,"(mu,lambda)",0.3
EE,potencias,0,1089,5.526415493163563e-27,218030,30,200,n,discreta_global,"(mu,lambda)",0.3
EE,potencias,0,1090,8.514537230502525e-27,218230,30,200,n,discreta_global,"(mu,lambda)",0.3
EE,potencias,0,1091,9.475966343990427e-27,218430,30,200,n,discreta_global,"(mu,lambda)",0.3
EE,potencias,0,1092,1.11185305194898e-26,218630,30,200,n,discreta_global,"(mu,lambda)",0.3
EE,potencias,0,1093,5.9235378577568885e-27,218830,30,200,n,discreta_global,"(mu,lambda)",0.3
EE,potencias,0,1094,5.46789056247192e-27,219030,30,200,n,discreta_global,"(mu,lambda)",0.3
EE,potencias,0,1095,1.0176808936692483e-26,219230,30,200,n,discreta_global,"(mu,lambda)",0.3
EE,potencias,0,1096,5.511028574165302e-27,219430,30,200,n,discreta_global,"(mu,lambda)",0.3
EE,potencias,0,1097,5.423006246223318e-27,219630,30,200,n,discreta_global,"(mu,lambda)",0.3
EE,potencias,0,1098,8.636491480038924e-27,219830,30,200,n,discreta_global,"(mu,lambda)",0.3
EE,potencias,0,1099,7.166220100018716e-27,220030,30,200,n,discreta_global,"(mu,lambda)",0.3
EE,potencias,0,1100,1.0798436543490182e-26,220230,30,200,n,discreta_global,"(mu,lambda)",0.3
EE,potencias,0,1101,9.214759761199588e-27,220430,30,200,n,discreta_global,"(mu,lambda)",0.3
EE,potencias,0,1102,1.2236379011334665e-26,220630,30,200,n,discreta_global,"(mu,lambda)",0.3
EE,potencias,0,1103,5.400943164868754e-27,220830,30,200,n,discreta_global,"(mu,lambda)",0.3
EE,potencias,0,1104,9.620478755342045e-27,221030,30,200,n,discreta_global,"(mu,lambda)",0.3
EE,potencias,0,1105,1.1785571612469163e-26,221230,30,200,n,discreta_global,"(mu,lambda)",0.3
EE,potencias,0,1106,1.305441611157281e-26,221430,30,200,n,discreta_global,"(mu,lambda)",0.3
EE,potencias,0,1107,1.2550976150114609e-26,221630,30,200,n,discreta_global,"(mu,lambda)",0.3
EE,potencias,0,1108,1.0270796737054209e-26,221830,30,200,n,discreta_global,"(mu,lambda)",0.3
EE,potencias,0,1109,1.0678854070801264e-26,222030,30,200,n,discreta_global,"(mu,lambda)",0.3
EE,potencias,0,1110,1.023302380434528e-26,222230,30,200,n,discreta_global,"(mu,lambda)",0.3
EE,potencias,0,1111,1.0067925803735664e-26,222430,30,200,n,discreta_global,"(mu,lambda)",0.3
EE,potencias,0,1112,1.0454062254735869e-26,222630,30,200,n,discreta_global,"(mu,lambda)",0.3
EE,potencias,0,1113,1.3573040872838752e-26,222830,30,200,n,discreta_global,"(mu,lambda)",0.3
EE,potencias,0,1114,9.765344188232122e-27,223030,30,200,n,discreta_global,"(mu,lambda)",0.3
EE,potencias,0,1115,1.3376743633553087e-26,223230,30,200,n,discreta_global,"(mu,lambda)",0.3
EE,potencias,0,1116,1.0088277665408388e-26,223430,30,200,n,discreta_global,"(mu,lambda)",0.3
EE,potencias,0,1117,1.0085766840681467e-26,223630,30,200,n,discreta_global,"(mu,lambda)",0.3
EE,potencias,0,1118,1.2334615246118882e-26,223830,30,200,n,discreta_global,"(mu,lambda)",0.3
EE,potencias,0,1119,9.941259134424451e-27,224030,30,200,n,discreta_global,"(mu,lambda)",0.3
EE,potencias,0,1120,9.884491518656076e-27,224230,30,200,n,discreta_global,"(mu,lambda)",0.3
EE,potencias,0,1121,1.3030785778613876e-26,224430,30,200,n,discreta_global,"(mu,lambda)",0.3
EE,potencias,0,1122,1.1606615095354425e-26,224630,30,200,n,discreta_global,"(mu,lambda)",0.3
EE,potencias,0,1123,9.859375868523236e-27,224830,30,200,n,discreta_global,"(mu,lambda)",0.3
EE,potencias,0,1124,9.788813737754239e-27,225030,30,200,n,discreta_global,"(mu,lambda)",0.3
EE,potencias,0,1125,1.4723254315680265e-26,225230,30,200,n,discreta_global,"(mu,lambda)",0.3
EE,potencias,0,1126,9.79929168097298e-27,225430,30,200,n,discreta_global,"(mu,lambda)",0.3
EE,potencias,0,1127,9.959801687718844e-27,225630,30,200,n,discreta_global,"(mu,lambda)",0.3
EE,potencias,0,1128,1.1377803796174879e-26,225830,30,200,n,discreta_global,"(mu,lambda)",0.3
EE,potencias,0,1129,1.0550925705768387e-26,226030,30,200,n,discreta_global,"(mu,lambda)",0.3
EE,potencias,0,1130,9.882590315613247e-27,226230,30,200,n,discreta_global,"(mu,lambda)",0.3
EE,potencias,0,1131,9.901703951755748e-27,226430,30,200,n,discreta_global,"(mu,lambda)",0.3
EE,potencias,0,1132,9.768046177745451e-27,226630,30,200,n,discreta_global,"(mu,lambda)",0.3
EE,potencias,0,1133,9.97654434429193e-27,226830,30,200,n,discreta_global,"(mu,lambda)",0.3
EE,potencias,0,1134,1.0128492179317627e-26,227030,30,200,n,discreta_global,"(mu,lambda)",0.3
EE,potencias,0,1135,9.846466759002653e-27,227230,30,200,n,discreta_global,"(mu,lambda)",0.3
EE,potencias,0,1136,9.864554015703487e-27,227430,30,200,n,discreta_global,"(mu,lambda)",0.3
EE,potencias,0,1137,1.1495252820574275e-26,227630,30,200,n,discreta_global,"(mu,lambda)",0.3
EE,potencias,0,1138,1.0823709987517182e-26,227830,30,200,n,discreta_global,"(mu,lambda)",0.3
EE,potencias,0,1139,1.1003149003961226e-26,228030,30,200,n,discreta_global,"(mu,lambda)",0.3
EE,potencias,0,1140,1.0299815721874282e-26,228230,30,200,n,discreta_global,"(mu,lambda)",0.3
EE,potencias,0,1141,9.818869134057053e-27,228430,30,200,n,discreta_global,"(mu,lambda)",0.3
EE,potencias,0,1142,1.3219757392481225e-26,228630,30,200,n,discreta_global,"(mu,lambda)",0.3
EE,potencias,0,1143,9.947084104096755e-27,228830,30,200,n,discreta_global,"(mu,lambda)",0.3
EE,potencias,0,1144,1.1592429497111909e-26,229030,30,200,n,discreta_global,"(mu,lambda)",0.3
EE,potencias,0,1145,9.68574396184399e-27,229230,30,200,n,discreta_global,"(mu,lambda)",0.3
EE,potencias,0,1146,9.862269962798357e-27,229430,30,200,n,discreta_global,"(mu,lambda)",0.3
EE,potencias,0,1147,1.021408514628704e-26,229630,30,200,n,discreta_global,"(mu,lambda)",0.3
EE,potencias,0,1148,9.953566094615484e-27,229830,30,200,n,discreta_global,"(mu,lambda)",0.3
EE,potencias,0,1149,9.714287814169641e-27,230030,30,200,n,discreta_global,"(mu,lambda)",0.3
EE,potencias,0,1150,9.705025358536344e-27,230230,30,200,n,discreta_global,"(mu,lambda)",0.3
EE,potencias,0,1151,9.79490415990865e-27,230430,30,200,n,discreta_global,"(mu,lambda)",0.3
EE,potencias,0,1152,9.777499330977434e-27,230630,30,200,n,discreta_global,"(mu,lambda)",0.3
EE,potencias,0,1153,9.784301467186337e-27,230830,30,200,n,discreta_global,"(mu,lambda)",0.3
EE,potencias,0,1154,9.684823375651618e-27,231030,30,200,n,discreta_global,"(mu,lambda)",0.3
EE,potencias,0,1155,9.716180669165639e-27,231230,30,200,n,discreta_global,"(mu,lambda)",0.3
EE,potencias,0,1156,9.816589267009992e-27,231430,30,200,n,discreta_global,"(mu,lambda)",0.3
EE,potencias,0,1157,9.69893438388308e-27,231630,30,200,n,discreta_global,"(mu,lambda)",0.3
EE,potencias,0,1158,9.946668129920275e-27,231830,30,200,n,discreta_global,"(mu,lambda)",0.3
EE,potencias,0,1159,1.1721875137056533e-26,232030,30,200,n,discreta_global,"(mu,lambda)",0.3
EE,potencias,0,1160,9.675317079929294e-27,232230,30,200,n,discreta_global,"(mu,lambda)",0.3
EE,potencias,0,1161,9.655837801516632e-27,232430,30,200,n,discreta_global,"(mu,lambda)",0.3
EE,potencias,0,1162,9.68543608658248e-27,232630,30,200,n,discreta_global,"(mu,lambda)",0.3
EE,potencias,0,1163,9.846562450301159e-27,232830,30,200,n,discreta_global,"(mu,lambda)",0.3
EE,potencias,0,1164,1.003843109117033e-26,233030,30,200,n,discreta_global,"(mu,lambda)",0.3
EE,potencias,0,1165,9.947308157785144e-27,233230,30,200,n,discreta_global,"(mu,lambda)",0.3
EE,potencias,0,1166,1.0344021359722556e-26,233430,30,200,n,discreta_global,"(mu,lambda)",0.3
EE,potencias,0,1167,1.0854553828574882e-26,233630,30,200,n,discreta_global,"(mu,lambda)",0.3
EE,potencias,0,1168,9.693020167419103e-27,233830,30,200,n,discreta_global,"(mu,lambda)",0.3
EE,potencias,0,1169,9.669109502358291e-27,234030,30,200,n,discreta_global,"(mu,lambda)",0.3
EE,potencias,0,1170,9.703091206571752e-27,234230,30,200,n,discreta_global,"(mu,lambda)",0.3
EE,potencias,0,1171,9.718477913328624e-27,234430,30,200,n,discreta_global,"(mu,lambda)",0.3
EE,potencias,0,1172,9.722519470388967e-27,234630,30,200,n,discreta_global,"(mu,lambda)",0.3
EE,potencias,0,1173,1.0092951398738661e-26,234830,30,200,n,discreta_global,"(mu,lambda)",0.3
EE,potencias,0,1174,9.725198411338335e-27,235030,30,200,n,discreta_global,"(mu,lambda)",0.3
EE,potencias,0,1175,9.738420487218117e-27,235230,30,200,n,discreta_global,"(mu,lambda)",0.3
EE,potencias,0,1176,9.74594175952873e-27,235430,30,200,n,discreta_global,"(mu,lambda)",0.3
EE,potencias,0,1177,9.940105675030954e-27,235630,30,200,n,discreta_global,"(mu,lambda)",0.3
EE,potencias,0,1178,9.689500393832542e-27,235830,30,200,n,discreta_global,"(mu,lambda)",0.3
EE,potencias,0,1179,9.734760963123236e-27,236030,30,200,n,discreta_global,"(mu,lambda)",0.3
EE,potencias,0,1180,9.692489386222175e-27,236230,30,200,n,discreta_global,"(mu,lambda)",0.3
EE,potencias,0,1181,9.80034130428188e-27,236430,30,200,n,discreta_global,"(mu,lambda)",0.3
EE,potencias,0,1182,9.710467015371252e-27,236630,30,200,n,discreta_global,"(mu,lambda)",0.3
EE,potencias,0,1183,9.802552296440479e-27,236830,30,200,n,discreta_global,"(mu,lambda)",0.3
EE,potencias,0,1184,1.019890285435223e-26,237030,30,200,n,discreta_global,"(mu,lambda)",0.3
EE,potencias,0,1185,1.1304840739098413e-26,237230,30,200,n,discreta_global,"(mu,lambda)",0.3
EE,potencias,0,1186,9.967772060454602e-27,237430,30,200,n,discreta_global,"(mu,lambda)",0.3
EE,potencias,0,1187,1.0352220852503721e-26,237630,30,200,n,discreta_global,"(mu,lambda)",0.3
EE,potencias,0,1188,1.0354093315975978e-26,237830,30,200,n,discreta_global,"(mu,lambda)",0.3
EE,potencias,0,1189,9.969331120217062e-27,238030,30,200,n,discreta_global,"(mu,lambda)",0.3
EE,potencias,0,1190,1.0249683707388412e-26,238230,30,200,n,discreta_global,"(mu,lambda)",0.3
EE,potencias,0,1191,9.75651745925285e-27,238430,30,200,n,discreta_global,"(mu,lambda)",0.3
EE,potencias,0,1192,1.0103078250698131e-26,238630,30,200,n,discreta_global,"(mu,lambda)",0.3
EE,potencias,0,1193,1.0159070123117766e-26,238830,30,200,n,discreta_global,"(mu,lambda)",0.3
EE,potencias,0,1194,9.815725032476557e-27,239030,30,200,n,discreta_global,"(mu,lambda)",0.3
EE,potencias,0,1195,9.84154468895408e-27,239230,30,200,n,discreta_global,"(mu,lambda)",0.3
EE,potencias,0,1196,9.704267459792331e-27,239430,30,200,n,discreta_global,"(mu,lambda)",0.3
EE,potencias,0,1197,9.842768737237147e-27,239630,30,200,n,discreta_global,"(mu,lambda)",0.3
EE,potencias,0,1198,9.81537727592344e-27,239830,30,200,n,discreta_global,"(mu,lambda)",0.3
EE,potencias,0,1199,1.0105886931057473e-26,240030,30,200,n,discreta_global,"(mu,lambda)",0.3
EE,potencias,1,0,258893.34065297132,230,30,200,n,discreta_global,"(mu,lambda)",0.3
EE,potencias,1,1,348720.0425414576,430,30,200,n,discreta_global,"(mu,lambda)",0.3
EE,potencias,1,2,5621.066732646272,630,30,200,n,discreta_global,"(mu,lambda)",0.3
EE,potencias,1,3,1713.6098532165308,830,30,200,n,discreta_global,"(mu,lambda)",0.3
EE,potencias,1,4,308.6217486977786,1030,30,200,n,discreta_global,"(mu,lambda)",0.3
EE,potencias,1,5,35.84789356563954,1230,30,200,n,discreta_global,"(mu,lambda)",0.3
EE,potencias,1,6,56.00949657464772,1430,30,200,n,discreta_global,"(mu,lambda)",0.3
EE,potencias,1,7,29.92948354261673,1630,30,200,n,discreta_global,"(mu,lambda)",0.3
EE,potencias,1,8,13.538774023680311,1830,30,200,n,discreta_global,"(mu,lambda)",0.3
EE,potencias,1,9,3.233123758531408,2030,30,200,n,discreta_global,"(mu,lambda)",0.3
EE,potencias,1,10,1.696830398298147,2230,30,200,n,discreta_global,"(mu,lambda)",0.3
EE,potencias,1,11,1.014311214046903,2430,30,200,n,discreta_global,"(mu,lambda)",0.3
EE,potencias,1,12,0.20872982831952927,2630,30,200,n,discreta_global,"(mu,lambda)",0.3
EE,potencias,1,13,0.19979823886020526,2830,30,200,n,discreta_global,"(mu,lambda)",0.3
EE,potencias,1,14,0.059737035982652044,3030,30,200,n,discreta_global,"(mu,lambda)",0.3
EE,potencias,1,15,0.023031743285194337,3230,30,200,n,discreta_global,"(mu,lambda)",0.3
EE,potencias,1,16,0.014657768551732644,3430,30,200,n,discreta_global,"(mu,lambda)",0.3
EE,potencias,1,17,0.005957000780783896,3630,30,200,n,discreta_global,"(mu,lambda)",0.3
EE,potencias,1,18,0.0031827729126215577,3830,30,200,n,discreta_global,"(mu,lambda)",0.3
EE,potencias,1,19,0.001413065915494953,4030,30,200,n,discreta_global,"(mu,lambda)",0.3
EE,potencias,1,20,0.00034276706497729867,4230,30,200,n,discreta_global,"(mu,lambda)",0.3
EE,potencias,1,21,0.00012232018328825277,4430,30,200,n,discreta_global,"(mu,lambda)",0.3
EE,potencias,1,22,3.533510089211085e-05,4630,30,200,n,discreta_global,"(mu,lambda)",0.3
EE,potencias,1,23,2.9758470698236375e-05,4830,30,200,n,discreta_global,"(mu,lambda)",0.3
EE,potencias,1,24,6.420484176926124e-06,5030,30,200,n,discreta_global,"(mu,lambda)",0.3
EE,potencias,1,25,4.3898553650069625e-06,5230,30,200,n,discreta_global,"(mu,lambda)",0.3
EE,potencias,1,26,2.384926987854507e-06,5430,30,200,n,discreta_global,"(mu,lambda)",0.3
EE,potencias,1,27,7.13011798511782e-07,5630,30,200,n,discreta_global,"(mu,lambda)",0.3
EE,potencias,1,28,6.457940052543572e-07,5830,30,200,n,discreta_global,"(mu,lambda)",0.3
EE,potencias,1,29,2.282173861847195e-07,6030,30,200,n,discreta_global,"(mu,lambda)",0.3
EE,potencias,1,30,1.6105730187582483e-07,6230,30,200,n,discreta_global,"(mu,lambda)",0.3
EE,potencias,1,31,7.390411651957693e-08,6430,30,200,n,discreta_global,"(mu,lambda)",0.3
EE,potencias,1,32,2.4530494972050352e-08,6630,30,200,n,discreta_global,"(mu,lambda)",0.3
EE,potencias,1,33,1.3589060179626855e-08,6830,30,200,n,discreta_global,"(mu,lambda)",0.3
EE,potencias,1,34,7.764492692417188e-09,7030,30,200,n,discreta_global,"(mu,lambda)",0.3
EE,potencias,1,35,1.9210098721808545e-09,7230,30,200,n,discreta_global,"(mu,lambda)",0.3
EE,potencias,1,36,5.534541428707136e-10,7430,30,200,n,discreta_global,"(mu,lambda)",0.3
EE,potencias,1,37,3.345227292678542e-10,7630,30,200,n,discreta_global,"(mu,lambda)",0.3
EE,potencias,1,38,1.4477731079793293e-10,7830,30,200,n,discreta_global,"(mu,lambda)",0.3
EE,potencias,1,39,1.229827106680181e-10,8030,30,200,n,discreta_global,"(mu,lambda)",0.3
EE,potencias,1,40,7.469855158842202e-11,8230,30,200,n,discreta_global,"(mu,lambda)",0.3
EE,potencias,1,41,2.5753562982719887e-11,8430,30,200,n,discreta_global,"(mu,lambda)",0.3
EE,potencias,1,42,2.1396084828812617e-11,8630,30,200,n,discreta_global,"(mu,lambda)",0.3
EE,potencias,1,43,1.4343801731329123e-11,8830,30,200,n,discreta_global,"(mu,lambda)",0.3
EE,potencias,1,44,7.51353454477748e-12,9030,30,200,n,discreta_global,"(mu,lambda)",0.3
EE,potencias,1,45,7.871536017396376e-12,9230,30,200,n,discreta_global,"(mu,lambda)",0.3
EE,potencias,1,46,3.742866960205896e-12,9430,30,200,n,discreta_global,"(mu,lambda)",0.3
EE,potencias,1,47,4.595924947550582e-12,9630,30,200,n,discreta_global,"(mu,lambda)",0.3
EE,potencias,1,48,2.664150009486972e-12,9830,30,200,n,discreta_global,"(mu,lambda)",0.3
EE,potencias,1,49,2.0737744891934864e-12,10030,30,200,n,discreta_global,"(mu,lambda)",0.3
EE,potencias,1,50,1.2998082087434011e-12,10230,30,200,n,discreta_global,"(mu,lambda)",0.3
EE,potencias,1,51,1.0569507973822285e-12,10430,30,200,n,discreta_global,"(mu,lambda)",0.3
EE,potencias,1,52,4.994015027642788e-13,10630,30,200,n,discreta_global,"(mu,lambda)",0.3
EE,potencias,1,53,2.2434307510422318e-13,10830,30,200,n,discreta_global,"(mu,lambda)",0.3
EE,potencias,1,54,5.768962945584663e-14,11030,30,200,n,discreta_global,"(mu,lambda)",0.3
EE,potencias,1,55,1.8763060389711835e-14,11230,30,200,n,discreta_global,"(mu,lambda)",0.3
EE,potencias,1,56,1.603246872494597e-14,11430,30,200,n,discreta_global,"(mu,lambda)",0.3
EE,potencias,1,57,3.75985904528879e-15,11630,30,200,n,discreta_global,"(mu,lambda)",0.3
EE,potencias,1,58,1.57668491275744e-15,11830,30,200,n,discreta_global,"(mu,lambda)",0.3
EE,potencias,1,59,3.9247479285524494e-16,12030,30,200,n,discreta_global,"(mu,lambda)",0.3
EE,potencias,1,60,1.0388578286485437e-15,12230,30,200,n,discreta_global,"(mu,lambda)",0.3
EE,potencias,1,61,3.1843455178144603e-16,12430,30,200,n,discreta_global,"(mu,lambda)",0.3
EE,potencias,1,62,8.998366158341645e-17,12630,30,200,n,discreta_global,"(mu,lambda)",0.3
EE,potencias,1,63,3.9970376010443015e-17,12830,30,200,n,discreta_global,"(mu,lambda)",0.3
EE,potencias,1,64,6.047859516860782e-17,13030,30,200,n,discreta_global,"(mu,lambda)",0.3
EE,potencias,1,65,1.8721447222919947e-17,13230,30,200,n,discreta_global,"(mu,lambda)",0.3
EE,potencias,1,66,6.3182148552816084e-18,13430,30,200,n,discreta_global,"(mu,lambda)",0.3
EE,potencias,1,67,4.31795606652616e-18,13630,30,200,n,discreta_global,"(mu,lambda)",0.3
EE,potencias,1,68,3.996453487953941e-18,13830,30,200,n,discreta_global,"(mu,lambda)",0.3
EE,potencias,1,69,1.5544118799591143e-18,14030,30,200,n,discreta_global,"(mu,lambda)",0.3
EE,potencias,1,70,5.456249583495441e-19,14230,30,200,n,discreta_global,"(mu,lambda)",0.3
EE,potencias,1,71,3.150734599017998e-19,14430,30,200,n,discreta_global,"(mu,lambda)",0.3
EE,potencias,1,72,3.314153834640796e-19,14630,30,200,n,discreta_global,"(mu,lambda)",0.3
EE,potencias,1,73,1.1126507565459292e-19,14830,30,200,n,discreta_global,"(mu,lambda)",0.3
EE,potencias,1,74,7.980827663722412e-20,15030,30,200,n,discreta_global,"(mu,lambda)",0.3
EE,potencias,1,75,3.454224942492267e-20,15230,30,200,n,discreta_global,"(mu,lambda)",0.3
EE,potencias,1,76,1.294590418151305e-20,15430,30,200,n,discreta_global,"(mu,lambda)",0.3
EE,potencias,1,77,6.867901941499388e-21,15630,30,200,n,discreta_global,"(mu,lambda)",0.3
EE,potencias,1,78,1.5091097997267408e-21,15830,30,200,n,discreta_global,"(mu,lambda)",0.3
EE,potencias,1,79,1.6433307212740606e-21,16030,30,200,n,discreta_global,"(mu,lambda)",0.3
EE,potencias,1,80,1.2832893752458115e-22,16230,30,200,n,discreta_global,"(mu,lambda)",0.3
EE,potencias,1,81,1.2246641116297068e-22,16430,30,200,n,discreta_global,"(mu,lambda)",0.3
EE,potencias,1,82,6.53274670926397e-23,16630,30,200,n,discreta_global,"(mu,lambda)",0.3
EE,potencias,1,83,4.338875299448144e-23,16830,30,200,n,discreta_global,"(mu,lambda)",0.3
EE,potencias,1,84,2.282469795081097e-24,17030,30,200,n,discreta_global,"(mu,lambda)",0.3
EE,potencias,1,85,3.72510418803446e-24,17230,30,200,n,discreta_global,"(mu,lambda)",0.3
EE,potencias,1,86,1.39665174203413e-24,17430,30,200,n,discreta_global,"(mu,lambda)",0.3
EE,potencias,1,87,8.32597457031227e-25,17630,30,200,n,discreta_global,"(mu,lambda)",0.3
EE,potencias,1,88,3.6421281273178803e-25,17830,30,200,n,discreta_global,"(mu,lambda)",0.3
EE,potencias,1,89,5.282374486192257e-26,18030,30,200,n,discreta_global,"(mu,lambda)",0.3
EE,potencias,1,90,1.3948243112840807e-25,18230,30,200,n,discreta_global,"(mu,lambda)",0.3
EE,potencias,1,91,2.480632700718294e-25,18430,30,200,n,discreta_global,"(mu,lambda)",0.3
EE,potencias,1,92,1.029263875595426e-25,18630,30,200,n,discreta_global,"(mu,lambda)",0.3
EE,potencias,1,93,3.472151923697584e-26,18830,30,200,n,discreta_global,"(mu,lambda)",0.3
EE,potencias,1,94,2.6070245097390535e-26,19030,30,200,n,discreta_global,"(mu,lambda)",0.3
EE,potencias,1,95,3.8507862220646644e-26,19230,30,200,n,discreta_global,"(mu,lambda)",0.3
EE,potencias,1,96,1.536136294364382e-26,19430,30,200,n,discreta_global,"(mu,lambda)",0.3
EE,potencias,1,97,2.2531136743680285e-26,19630,30,200,n,discreta_global,"(mu,lambda)",0.3
EE,potencias,1,98,1.5939840814440142e-26,19830,30,200,n,discreta_global,"(mu,lambda)",0.3
EE,potencias,1,99,2.857366981715454e-26,20030,30,200,n,discreta_global,"(mu,lambda)",0.3
EE,potencias,1,100,1.4876137340240924e-26,20230,30,200,n,discreta_global,"(mu,lambda)",0.3
EE,potencias,1,101,1.644735502159436e-26,20430,30,200,n,discreta_global,"(mu,lambda)",0.3
EE,potencias,1,102,3.183439715035684e-26,20630,30,200,n,discreta_global,"(mu,lambda)",0.3
EE,potencias,1,103,1.0552337690779524e-26,20830,30,200,n,discreta_global,"(mu,lambda)",0.3
EE,potencias,1,104,1.4189953081348983e-26,21030,30,200,n,discreta_global,"(mu,lambda)",0.3
EE,potencias,1,105,3.443906701227475e-27,21230,30,200,n,discreta_global,"(mu,lambda)",0.3
EE,potencias,1,106,1.137700336359848e-26,21430,30,200,n,discreta_global,"(mu,lambda)",0.3
EE,potencias,1,107,1.0687521166762784e-26,21630,30,200,n,discreta_global,"(mu,lambda)",0.3
EE,potencias,1,108,8.837779118834202e-27,21830,30,200,n,discreta_global,"(mu,lambda)",0.3
EE,potencias,1,109,8.461002536954242e-27,22030,30,200,n,discreta_global,"(mu,lambda)",0.3
EE,potencias,1,110,5.006877115668624e-27,22230,30,200,n,discreta_global,"(mu,lambda)",0.3
EE,potencias,1,111,7.005215119990951e-27,22430,30,200,n,discreta_global,"(mu,lambda)",0.3
EE,potencias,1,112,9.939956927675715e-27,22630,30,200,n,discreta_global,"(mu,lambda)",0.3
EE,potencias,1,113,7.687895922836735e-27,22830,30,200,n,discreta_global,"(mu,lambda)",0.3
EE,potencias,1,114,5.50395501110744e-27,23030,30,200,n,discreta_global,"(mu,lambda)",0.3
EE,potencias,1,115,3.003726923102064e-27,23230,30,200,n,discreta_global,"(mu,lambda)",0.3
EE,potencias,1,116,7.946152761055582e-27,23430,30,200,n,discreta_global,"(mu,lambda)",0.3
EE,potencias,1,117,1.3926734728442423e-26,23630,30,200,n,discreta_global,"(mu,lambda)",0.3
EE,potencias,1,118,3.131663330607024e-27,23830,30,200,n,discreta_global,"(mu,lambda)",0.3
EE,potencias,1,119,5.4647197773845515e-27,24030,30,200,n,discreta_global,"(mu,lambda)",0.3
EE,potencias,1,120,1.1460424844839528e-27,24230,30,200,n,discreta_global,"(mu,lambda)",0.3
EE,potencias,1,121,1.2777533309649228e-26,24430,30,200,n,discreta_global,"(mu,lambda)",0.3
EE,potencias,1,122,9.382360726320151e-27,24630,30,200,n,discreta_global,"(mu,lambda)",0.3
EE,potencias,1,123,1.0484497510793644e-26,24830,30,200,n,discreta_global,"(mu,lambda)",0.3
EE,potencias,1,124,3.327740585591722e-27,25030,30,200,n,discreta_global,"(mu,lambda)",0.3
EE,potencias,1,125,8.136728444977962e-27,25230,30,200,n,discreta_global,"(mu,lambda)",0.3
EE,potencias,1,126,5.161566680276381e-27,25430,30,200,n,discreta_global,"(mu,lambda)",0.3
EE,potencias,1,127,2.4677046916213363e-27,25630,30,200,n,discreta_global,"(mu,lambda)",0.3
EE,potencias,1,128,5.614920897259264e-27,25830,30,200,n,discreta_global,"(mu,lambda)",0.3
EE,potencias,1,129,6.303083174698672e-27,26030,30,200,n,discreta_global,"(mu,lambda)",0.3
EE,potencias,1,130,4.9793205565321325e-27,26230,30,200,n,discreta_global,"(mu,lambda)",0.3
EE,potencias,1,131,2.149813645660245e-27,26430,30,200,n,discreta_global,"(mu,lambda)",0.3
EE,potencias,1,132,1.09410808523959e-26,26630,30,200,n,discreta_global,"(mu,lambda)",0.3
EE,potencias,1,133,1.377137508918499e-26,26830,30,200,n,discreta_global,"(mu,lambda)",0.3
EE,potencias,1,134,5.670914365171891e-27,27030,30,200,n,discreta_global,"(mu,lambda)",0.3
EE,potencias,1,135,1.0624813672808335e-27,27230,30,200,n,discreta_global,"(mu,lambda)",0.3
EE,potencias,1,136,1.5279877987343561e-27,27430,30,200,n,discreta_global,"(mu,lambda)",0.3
EE,potencias,1,137,9.578847843388962e-27,27630,30,200,n,discreta_global,"(mu,lambda)",0.3
EE,potencias,1,138,1.8593506851960423e-27,27830,30,200,n,discreta_global,"(mu,lambda)",0.3
EE,potencias,1,139,2.432083373322706e-27,28030,30,200,n,discreta_global,"(mu,lambda)",0.3
EE,potencias,1,140,9.31054657025585e-27,28230,30,200,n,discreta_global,"(mu,lambda)",0.3
EE,potencias,1,141,3.5411324413586334e-27,28430,30,200,n,discreta_global,"(mu,lambda)",0.3
EE,potencias,1,142,1.0992028755250962e-27,28630,30,200,n,discreta_global,"(mu,lambda)",0.3
EE,potencias,1,143,2.9793735786246906e-27,28830,30,200,n,discreta_global,"(mu,lambda)",0.3
EE,potencias,1,144,2.92847541579356e-27,29030,30,200,n,discreta_global,"(mu,lambda)",0.3
EE,potencias,1,145,3.7039465098571345e-27,29230,30,200,n,discreta_global,"(mu,lambda)",0.3
EE,potencias,1,146,1.3067698440192195e-27,29430,30,200,n,discreta_global,"(mu,lambda)",0.3
EE,potencias,1,147,2.195636785121848e-27,29630,30,200,n,discreta_global,"(mu,lambda)",0.3
EE,potencias,1,148,3.5800931439371356e-27,29830,30,200,n,discreta_global,"(mu,lambda)",0.3
EE,potencias,1,149,2.229572111134632e-27,30030,30,200,n,discreta_global,"(mu,lambda)",0.3
EE,potencias,1,150,5.496930101040847e-27,30230,30,200,n,discreta_global,"(mu,lambda)",0.3
EE,potencias,1,151,4.61222483600608e-27,30430,30,200,n,discreta_global,"(mu,lambda)",0.3
EE,potencias,1,152,2.896666048122981e-27,30630,30,200,n,discreta_global,"(mu,lambda)",0.3
EE,potencias,1,153,2.1570116485551207e-27,30830,30,200,n,discreta_global,"(mu,lambda)",0.3
EE,potencias,1,154,1.407215186183944e-26,31030,30,200,n,discreta_global,"(mu,lambda)",0.3
EE,potencias,1,155,4.4570423212275006e-27,31230,30,200,n,discreta_global,"(mu,lambda)",0.3
EE,potencias,1,156,3.783863055787788e-27,31430,30,200,n,discreta_global,"(mu,lambda)",0.3
EE,potencias,1,157,3.57200587071247e-27,31630,30,200,n,discreta_global,"(mu,lambda)",0.3
EE,potencias,1,158,8.040653750041181e-27,31830,30,200,n,discreta_global,"(mu,lambda)",0.3
EE,potencias,1,159,1.1041327373877676e-27,32030,30,200,n,discreta_global,"(mu,lambda)",0.3
EE,potencias,1,160,3.085674370151052e-27,32230,30,200,n,discreta_global,"(mu,lambda)",0.3
EE,potencias,1,161,4.285570082473189e-27,32430,30,200,n,discreta_global,"(mu,lambda)",0.3
EE,potencias,1,162,8.851938109269847e-27,32630,30,200,n,discreta_global,"(mu,lambda)",0.3
EE,potencias,1,163,3.2470013403592076e-27,32830,30,200,n,discreta_global,"(mu,lambda)",0.3
EE,potencias,1,164,3.2321035724258525e-27,33030,30,200,n,discreta_global,"(mu,lambda)",0.3
EE,potencias,1,165,2.4666405125862402e-27,33230,30,200,n,discreta_global,"(mu,lambda)",0.3
EE,potencias,1,166,1.0750859220935095e-27,33430,30,200,n,discreta_global,"(mu,lambda)",0.3
EE,potencias,1,167,5.602530528216619e-27,33630,30,200,n,discreta_global,"(mu,lambda)",0.3
EE,potencias,1,168,2.1343890062890888e-27,33830,30,200,n,discreta_global,"(mu,lambda)",0.3
EE,potencias,1,169,4.619281452059798e-27,34030,30,200,n,discreta_global,"(mu,lambda)",0.3
EE,potencias,1,170,8.2751075739489e-28,34230,30,200,n,discreta_global,"(mu,lambda)",0.3
EE,potencias,1,171,5.53812953560364e-27,34430,30,200,n,discreta_global,"(mu,lambda)",0.3
EE,potencias,1,172,1.2217999310838139e-27,34630,30,200,n,discreta_global,"(mu,lambda)",0.3
EE,potencias,1,173,4.397784581164578e-27,34830,30,200,n,discreta_global,"(mu,lambda)",0.3
EE,potencias,1,174,2.1016236913478998e-27,35030,30,200,n,discreta_global,"(mu,lambda)",0.3
EE,potencias,1,175,2.0189197421599448e-27,35230,30,200,n,discreta_global,"(mu,lambda)",0.3
EE,potencias,1,176,9.111593102440481e-27,35430,30,200,n,discreta_global,"(mu,lambda)",0.3
EE,potencias,1,177,2.445337549118895e-27,35630,30,200,n,discreta_global,"(mu,lambda)",0.3
EE,potencias,1,178,3.800711083784271e-27,35830,30,200,n,discreta_global,"(mu,lambda)",0.3
EE,potencias,1,179,3.4867905810496694e-27,36030,30,200,n,discreta_global,"(mu,lambda)",0.3
EE,potencias,1,180,2.7327011390060777e-27,36230,30,200,n,discreta_global,"(mu,lambda)",0.3
EE,potencias,1,181,2.4622275636326878e-27,36430,30,200,n,discreta_global,"(mu,lambda)",0.3
EE,potencias,1,182,2.2094118532373045e-27,36630,30,200,n,discreta_global,"(mu,lambda)",0.3
EE,potencias,1,183,4.636557293377002e-27,36830,30,200,n,discreta_global,"(mu,lambda)",0.3
EE,potencias,1,184,1.9838848163172493e-27,37030,30,200,n,discreta_global,"(mu,lambda)",0.3
EE,potencias,1,185,1.884153662943636e-27,37230,30,200,n,discreta_global,"(mu,lambda)",0.3
EE,potencias,1,186,1.1547134762170296e-27,37430,30,200,n,discreta_global,"(mu,lambda)",0.3
EE,potencias,1,187,2.9172969179468783e-27,37630,30,200,n,discreta_global,"(mu,lambda)",0.3
EE,potencias,1,188,2.985682092952907e-27,37830,30,200,n,discreta_global,"(mu,lambda)",0.3
EE,potencias,1,189,1.7354311121882705e-27,38030,30,200,n,discreta_global,"(mu,lambda)",0.3
EE,potencias,1,190,4.629828906875718e-27,38230,30,200,n,discreta_global,"(mu,lambda)",0.3
EE,potencias,1,191,5.330017976987312e-27,38430,30,200,n,discreta_global,"(mu,lambda)",0.3
EE,potencias,1,192,1.719604984024792e-27,38630,30,200,n,discreta_global,"(mu,lambda)",0.3
EE,potencias,1,193,7.722802949835241e-27,38830,30,200,n,discreta_global,"(mu,lambda)",0.3
EE,potencias,1,194,5.102843057072804e-27,39030,30,200,n,discreta_global,"(mu,lambda)",0.3
EE,potencias,1,195,2.2153801791476602e-27,39230,30,200,n,discreta_global,"(mu,lambda)",0.3
EE,potencias,1,196,2.876729380330932e-27,39430,30,200,n,discreta_global,"(mu,lambda)",0.3
EE,potencias,1,197,1.6090501578851193e-27,39630,30,200,n,discreta_global,"(mu,lambda)",0.3
EE,potencias,1,198,3.5009240368368455e-27,39830,30,200,n,discreta_global,"(mu,lambda)",0.3
EE,potencias,1,199,4.812793856530433e-27,40030,30,200,n,discreta_global,"(mu,lambda)",0.3
EE,potencias,1,200,3.1509411278422847e-27,40230,30,200,n,discreta_global,"(mu,lambda)",0.3
EE,potencias,1,201,3.0425057314877386e-27,40430,30,200,n,discreta_global,"(mu,lambda)",0.3
EE,potencias,1,202,1.6390515603620518e-27,40630,30,200,n,discreta_global,"(mu,lambda)",0.3
EE,potencias,1,203,2.7954550433088796e-27,40830,30,200,n,discreta_global,"(mu,lambda)",0.3
EE,potencias,1,204,1.4916562768241978e-27,41030,30,200,n,discreta_global,"(mu,lambda)",0.3
EE,potencias,1,205,3.556025900306761e-27,41230,30,200,n,discreta_global,"(mu,lambda)",0.3
EE,potencias,1,206,9.700664761282728e-28,41430,30,200,n,discreta_global,"(mu,lambda)",0.3
EE,potencias,1,207,3.2256113534958026e-27,41630,30,200,n,discreta_global,"(mu,lambda)",0.3
EE,potencias,1,208,1.6500210269861805e-27,41830,30,200,n,discreta_global,"(mu,lambda)",0.3
EE,potencias,1,209,1.1397703348579634e-27,42030,30,200,n,discreta_global,"(mu,lambda)",0.3
EE,potencias,1,210,1.195113124068202e-27,42230,30,200,n,discreta_global,"(mu,lambda)",0.3
EE,potencias,1,211,1.1263490002945926e-27,42430,30,200,n,discreta_global,"(mu,lambda)",0.3
EE,potencias,1,212,1.0483479130295774e-27,42630,30,200,n,discreta_global,"(mu,lambda)",0.3
EE,potencias,1,213,1.0855346415129647e-27,42830,30,200,n,discreta_global,"(mu,lambda)",0.3
EE,potencias,1,214,1.4607279518391644e-27,43030,30,200,n,discreta_global,"(mu,lambda)",0.3
EE,potencias,1,215,1.2917900550346552e-27,43230,30,200,n,discreta_global,"(mu,lambda)",0.3
EE,potencias,1,216,1.1892586042101878e-27,43430,30,200,n,discreta_global,"(mu,lambda)",0.3
EE,potencias,1,217,1.1477112522539742e-27,43630,30,200,n,discreta_global,"(mu,lambda)",0.3
EE,potencias,1,218,7.7374498402828e-28,43830,30,200,n,discreta_global,"(mu,lambda)",0.3
EE,potencias,1,219,6.432113143289164e-28,44030,30,200,n,discreta_global,"(mu,lambda)",0.3
EE,potencias,1,220,1.0236799465989013e-27,44230,30,200,n,discreta_global,"(mu,lambda)",0.3
EE,potencias,1,221,1.0782147296155714e-27,44430,30,200,n,discreta_global,"(mu,lambda)",0.3
EE,potencias,1,222,7.503438019256909e-28,44630,30,200,n,discreta_global,"(mu,lambda)",0.3
EE,potencias,1,223,1.5538229754405956e-27,44830,30,200,n,discreta_global,"(mu,lambda)",0.3
EE,potencias,1,224,9.31353948647957e-28,45030,30,200,n,discreta_global,"(mu,lambda)",0.3
EE,potencias,1,225,6.5744245626313325e-28,45230,30,200,n,discreta_global,"(mu,lambda)",0.3
EE,potencias,1,226,6.611950525426539e-28,45430,30,200,n,discreta_global,"(mu,lambda)",0.3
EE,potencias,1,227,9.59361072288806e-28,45630,30,200,n,discreta_global,"(mu,lambda)",0.3
EE,potencias,1,228,9.56066479528247e-28,45830,30,200,n,discreta_global,"(mu,lambda)",0.3
EE,potencias,1,229,7.466942002689571e-28,46030,30,200,n,discreta_global,"(mu,lambda)",0.3
EE,potencias,1,230,1.0391349848250992e-27,46230,30,200,n,discreta_global,"(mu,lambda)",0.3
EE,potencias,1,231,6.5045590926760505e-28,46430,30,200,n,discreta_global,"(mu,lambda)",0.3
EE,potencias,1,232,1.0208076618874791e-27,46630,30,200,n,discreta_global,"(mu,lambda)",0.3
EE,potencias,1,233,6.00223453188556e-28,46830,30,200,n,discreta_global,"(mu,lambda)",0.3
EE,potencias,1,234,7.462639019017106e-28,47030,30,200,n,discreta_global,"(mu,lambda)",0.3
EE,potencias,1,235,7.140010338410424e-28,47230,30,200,n,discreta_global,"(mu,lambda)",0.3
EE,potencias,1,236,6.180537357746124e-28,47430,30,200,n,discreta_global,"(mu,lambda)",0.3
EE,potencias,1,237,1.0555892214821949e-27,47630,30,200,n,discreta_global,"(mu,lambda)",0.3
EE,potencias,1,238,7.452734136153644e-28,47830,30,200,n,discreta_global,"(mu,lambda)",0.3
EE,potencias,1,239,7.248107447343377e-28,48030,30,200,n,discreta_global,"(mu,lambda)",0.3
EE,potencias,1,240,7.230136778865608e-28,48230,30,200,n,discreta_global,"(mu,lambda)",0.3
EE,potencias,1,241,8.313280377505492e-28,48430,30,200,n,discreta_global,"(mu,lambda)",0.3
EE,potencias,1,242,7.4970154658487e-28,48630,30,200,n,discreta_global,"(mu,lambda)",0.3
EE,potencias,1,243,7.414728936420267e-28,48830,30,200,n,discreta_global,"(mu,lambda)",0.3
EE,potencias,1,244,7.089660055698597e-28,49030,30,200,n,discreta_global,"(mu,lambda)",0.3
EE,potencias,1,245,7.0453982668867615e-28,49230,30,200,n,discreta_global,"(mu,lambda)",0.3
EE,potencias,1,246,1.8675287976301624e-27,49430,30,200,n,discreta_global,"(mu,lambda)",0.3
EE,potencias,1,247,4.267434122039487e-27,49630,30,200,n,discreta_global,"(mu,lambda)",0.3
EE,potencias,1,248,7.40470155180381e-28,49830,30,200,n,discreta_global,"(mu,lambda)",0.3
EE,potencias,1,249,7.354926679760692e-28,50030,30,200,n,discreta_global,"(mu,lambda)",0.3
EE,potencias,1,250,7.860692741669427e-28,50230,30,200,n,discreta_global,"(mu,lambda)",0.3
EE,potencias,1,251,8.075064875092906e-28,50430,30,200,n,discreta_global,"(mu,lambda)",0.3
EE,potencias,1,252,7.900245767704813e-28,50630,30,200,n,discreta_global,"(mu,lambda)",0.3
EE,potencias,1,253,9.434950580666993e-28,50830,30,200,n,discreta_global,"(mu,lambda)",0.3
EE,potencias,1,254,7.9549091337724795e-28,51030,30,200,n,discreta_global,"(mu,lambda)",0.3
EE,potencias,1,255,7.200190513268469e-28,51230,30,200,n,discreta_global,"(mu,lambda)",0.3
EE,potencias,1,256,7.219185173356744e-28,51430,30,200,n,discreta_global,"(mu,lambda)",0.3
EE,potencias,1,257,7.5567049996005805e-28,51630,30,200,n,discreta_global,"(mu,lambda)",0.3
EE,potencias,1,258,1.0905497208935233e-27,51830,30,200,n,discreta_global,"(mu,lambda)",0.3
EE,potencias,1,259,6.689722270621904e-28,52030,30,200,n,discreta_global,"(mu,lambda)",0.3
EE,potencias,1,260,7.4648199103286555e-28,52230,30,200,n,discreta_global,"(mu,lambda)",0.3
EE,potencias,1,261,7.855588186331175e-28,52430,30,200,n,discreta_global,"(mu,lambda)",0.3
EE,potencias,1,262,7.537422328118345e-28,52630,30,200,n,discreta_global,"(mu,lambda)",0.3
EE,potencias,1,263,7.036794028255607e-28,52830,30,200,n,discreta_global,"(mu,lambda)",0.3
EE,potencias,1,264,7.785964744275055e-28,53030,30,200,n,discreta_global,"(mu,lambda)",0.3
EE,potencias,1,265,9.023853507957696e-28,53230,30,200,n,discreta_global,"(mu,lambda)",0.3
EE,potencias,1,266,7.919393212661487e-28,53430,30,200,n,discreta_global,"(mu,lambda)",0.3
EE,potencias,1,267,7.153225744154093e-28,53630,30,200,n,discreta_global,"(mu,lambda)",0.3
EE,potencias,1,268,7.129795838749935e-28,53830,30,200,n,discreta_global,"(mu,lambda)",0.3
EE,potencias,1,269,7.811036322216261e-28,54030,30,200,n,discreta_global,"(mu,lambda)",0.3
EE,potencias,1,270,7.139199167749444e-28,54230,30,200,n,discreta_global,"(mu,lambda)",0.3
EE,potencias,1,271,1.4148878181721459e-27,54430,30,200,n,discreta_global,"(mu,lambda)",0.3
EE,potencias,1,272,7.466115252965152e-28,54630,30,200,n,discreta_global,"(mu,lambda)",0.3
EE,potencias,1,273,8.324894372124697e-28,54830,30,200,n,discreta_global,"(mu,lambda)",0.3
EE,potencias,1,274,8.671726927176125e-28,55030,30,200,n,discreta_global,"(mu,lambda)",0.3
EE,potencias,1,275,7.154850151206974e-28,55230,30,200,n,discreta_global,"(mu,lambda)",0.3
EE,potencias,1,276,7.434492975691655e-28,55430,30,200,n,discreta_global,"(mu,lambda)",0.3
EE,potencias,1,277,8.90288421947041e-28,55630,30,200,n,discreta_global,"(mu,lambda)",0.3
EE,potencias,1,278,7.809669395488841e-28,55830,30,200,n,discreta_global,"(mu,lambda)",0.3
EE,potencias,1,279,8.088826164232306e-28,56030,30,200,n,discreta_global,"(mu,lambda)",0.3
EE,potencias,1,280,8.927250537531975e-28,56230,30,200,n,discreta_global,"(mu,lambda)",0.3
EE,potencias,1,281,7.1959231637480465e-28,56430,30,200,n,discreta_global,"(mu,lambda)",0.3
EE,potencias,1,282,7.7270452231512175e-28,56630,30,200,n,discreta_global,"(mu,lambda)",0.3
EE,potencias,1,283,9.506083000125157e-28,56830,30,200,n,discreta_global,"(mu,lambda)",0.3
EE,potencias,1,284,7.709999551198423e-28,57030,30,200,n,discreta_global,"(mu,lambda)",0.3
EE,potencias,1,285,7.468874145463317e-28,57230,30,200,n,discreta_global,"(mu,lambda)",0.3
EE,potencias,1,286,7.711959097848244e-28,57430,30,200,n,discreta_global,"(mu,lambda)",0.3
EE,potencias,1,287,9.51897262728797e-28,57630,30,200,n,discreta_global,"(mu,lambda)",0.3
EE,potencias,1,288,8.840729097767045e-28,57830,30,200,n,discreta_global,"(mu,lambda)",0.3
EE,potencias,1,289,8.132347676515865e-28,58030,30,200,n,discreta_global,"(mu,lambda)",0.3
EE,potencias,1,290,8.024375794422217e-28,58230,30,200,n,discreta_global,"(mu,lambda)",0.3
EE,potencias,1,291,1.582306191133694e-27,58430,30,200,n,discreta_global,"(mu,lambda)",0.3
EE,potencias,1,292,8.783951390585869e-28,58630,30,200,n,discreta_global,"(mu,lambda)",0.3
EE,potencias,1,293,6.3142888699422e-28,58830,30,200,n,discreta_global,"(mu,lambda)",0.3
EE,potencias,1,294,7.19603622939314e-28,59030,30,200,n,discreta_global,"(mu,lambda)",0.3
EE,potencias,1,295,7.7165652541479835e-28,59230,30,200,n,discreta_global,"(mu,lambda)",0.3
EE,potencias,1,296,7.259040138824309e-28,59430,30,200,n,discreta_global,"(mu,lambda)",0.3
EE,potencias,1,297,7.607919681831101e-28,59630,30,200,n,discreta_global,"(mu,lambda)",0.3
EE,potencias,1,298,7.8402221117513275e-28,59830,30,200,n,discreta_global,"(mu,lambda)",0.3
EE,potencias,1,299,8.651564902073517e-28,60030,30,200,n,discreta_global,"(mu,lambda)",0.3
EE,potencias,1,300,7.633960223960954e-28,60230,30,200,n,discreta_global,"(mu,lambda)",0.3
EE,potencias,1,301,7.467306767480783e-28,60430,30,200,n,discreta_global,"(mu,lambda)",0.3
EE,potencias,1,302,7.232278167703658e-28,60630,30,200,n,discreta_global,"(mu,lambda)",0.3
EE,potencias,1,303,1.3521091632035359e-27,60830,30,200,n,discreta_global,"(mu,lambda)",0.3
EE,potencias,1,304,8.955777782383805e-28,61030,30,200,n,discreta_global,"(mu,lambda)",0.3
EE,potencias,1,305,7.590547978138375e-28,61230,30,200,n,discreta_global,"(mu,lambda)",0.3
EE,potencias,1,306,7.704334746627164e-28,61430,30,200,n,discreta_global,"(mu,lambda)",0.3
EE,potencias,1,307,8.054134615309754e-28,61630,30,200,n,discreta_global,"(mu,lambda)",0.3
EE,potencias,1,308,9.424905405240837e-28,61830,30,200,n,discreta_global,"(mu,lambda)",0.3
EE,potencias,1,309,7.8216138592409575e-28,62030,30,200,n,discreta_global,"(mu,lambda)",0.3
EE,potencias,1,310,7.582038231283065e-28,62230,30,200,n,discreta_global,"(mu,lambda)",0.3
EE,potencias,1,311,6.827164382852052e-28,62430,30,200,n,discreta_global,"(mu,lambda)",0.3
EE,potencias,1,312,1.6783419649980047e-27,62630,30,200,n,discreta_global,"(mu,lambda)",0.3
EE,potencias,1,313,1.5305955872542368e-27,62830,30,200,n,discreta_global,"(mu,lambda)",0.3
EE,potencias,1,314,6.3300968383125555e-28,63030,30,200,n,discreta_global,"(mu,lambda)",0.3
EE,potencias,1,315,9.045026724508734e-28,63230,30,200,n,discreta_global,"(mu,lambda)",0.3
EE,potencias,1,316,9.572065213892291e-28,63430,30,200,n,discreta_global,"(mu,lambda)",0.3
EE,potencias,1,317,1.113123290112176e-27,63630,30,200,n,discreta_global,"(mu,lambda)",0.3
EE,potencias,1,318,8.693805195004398e-28,63830,30,200,n,discreta_global,"(mu,lambda)",0.3
EE,potencias,1,319,8.59169188048945e-28,64030,30,200,n,discreta_global,"(mu,lambda)",0.3
EE,potencias,1,320,7.480291533284633e-28,64230,30,200,n,discreta_global,"(mu,lambda)",0.3
EE,potencias,1,321,8.148806700791055e-28,64430,30,200,n,discreta_global,"(mu,lambda)",0.3
EE,potencias,1,322,8.73650088164013e-28,64630,30,200,n,discreta_global,"(mu,lambda)",0.3
EE,potencias,1,323,8.838041663741268e-28,64830,30,200,n,discreta_global,"(mu,lambda)",0.3
EE,potencias,1,324,1.0239499747928994e-27,65030,30,200,n,discreta_global,"(mu,lambda)",0.3
EE,potencias,1,325,7.201540539664232e-28,65230,30,200,n,discreta_global,"(mu,lambda)",0.3
EE,potencias,1,326,6.049985807640225e-28,65430,30,200,n,discreta_global,"(mu,lambda)",0.3
EE,potencias,1,327,6.569550475767811e-28,65630,30,200,n,discreta_global,"(mu,lambda)",0.3
EE,potencias,1,328,6.416240025255842e-28,65830,30,200,n,discreta_global,"(mu,lambda)",0.3
EE,potencias,1,329,6.2341984157144815e-28,66030,30,200,n,discreta_global,"(mu,lambda)",0.3
EE,potencias,1,330,6.905026781665076e-28,66230,30,200,n,discreta_global,"(mu,lambda)",0.3
EE,potencias,1,331,7.832488642402651e-28,66430,30,200,n,discreta_global,"(mu,lambda)",0.3
EE,potencias,1,332,1.1342699648980041e-27,66630,30,200,n,discreta_global,"(mu,lambda)",0.3
EE,potencias,1,333,7.40430279425546e-28,66830,30,200,n,discreta_global,"(mu,lambda)",0.3
EE,potencias,1,334,6.217572823099629e-28,67030,30,200,n,discreta_global,"(mu,lambda)",0.3
EE,potencias,1,335,5.869726756974664e-28,67230,30,200,n,discreta_global,"(mu,lambda)",0.3
EE,potencias,1,336,5.8365722990776005e-28,67430,30,200,n,discreta_global,"(mu,lambda)",0.3
EE,potencias,1,337,6.175474682781245e-28,67630,30,200,n,discreta_global,"(mu,lambda)",0.3
EE,potencias,1,338,8.250595852144718e-28,67830,30,200,n,discreta_global,"(mu,lambda)",0.3
EE,potencias,1,339,6.225564005222532e-28,68030,30,200,n,discreta_global,"(mu,lambda)",0.3
EE,potencias,1,340,5.982435794923741e-28,68230,30,200,n,discreta_global,"(mu,lambda)",0.3
EE,potencias,1,341,7.364671750394114e-28,68430,30,200,n,discreta_global,"(mu,lambda)",0.3
EE,potencias,1,342,8.696702185440643e-28,68630,30,200,n,discreta_global,"(mu,lambda)",0.3
EE,potencias,1,343,8.522663874804125e-28,68830,30,200,n,discreta_global,"(mu,lambda)",0.3
EE,potencias,1,344,5.941867364061085e-28,69030,30,200,n,discreta_global,"(mu,lambda)",0.3
EE,potencias,1,345,6.335296666263876e-28,69230,30,200,n,discreta_global,"(mu,lambda)",0.3
EE,potencias,1,346,8.88811133743168e-28,69430,30,200,n,discreta_global,"(mu,lambda)",0.3
EE,potencias,1,347,7.0011620162274705e-28,69630,30,200,n,discreta_global,"(mu,lambda)",0.3
EE,potencias,1,348,6.038957326292065e-28,69830,30,200,n,discreta_global,"(mu,lambda)",0.3
EE,potencias,1,349,6.0189103147808535e-28,70030,30,200,n,discreta_global,"(mu,lambda)",0.3
EE,potencias,1,350,6.101093505986699e-28,70230,30,200,n,discreta_global,"(mu,lambda)",0.3
EE,potencias,1,351,7.63985959631364e-28,70430,30,200,n,discreta_global,"(mu,lambda)",0.3
EE,potencias,1,352,1.1916678492182506e-27,70630,30,200,n,discreta_global,"(mu,lambda)",0.3
EE,potencias,1,353,7.11625417267333e-28,70830,30,200,n,discreta_global,"(mu,lambda)",0.3
EE,potencias,1,354,5.864921408193543e-28,71030,30,200,n,discreta_global,"(mu,lambda)",0.3
EE,potencias,1,355,1.0008283898953778e-27,71230,30,200,n,discreta_global,"(mu,lambda)",0.3
EE,potencias,1,356,7.571246129153286e-28,71430,30,200,n,discreta_global,"(mu,lambda)",0.3
EE,potencias,1,357,1.8499782315362446e-27,71630,30,200,n,discreta_global,"(mu,lambda)",0.3
EE,potencias,1,358,6.537302585713893e-28,71830,30,200,n,discreta_global,"(mu,lambda)",0.3
EE,potencias,1,359,6.081428651897847e-28,72030,30,200,n,discreta_global,"(mu,lambda)",0.3
EE,potencias,1,360,6.312581577620463e-28,72230,30,200,n,discreta_global,"(mu,lambda)",0.3
EE,potencias,1,361,6.8241079590435035e-28,72430,30,200,n,discreta_global,"(mu,lambda)",0.3
EE,potencias,1,362,6.031225928438412e-28,72630,30,200,n,discreta_global,"(mu,lambda)",0.3
EE,potencias,1,363,1.124194477491164e-27,72830,30,200,n,discreta_global,"(mu,lambda)",0.3
EE,potencias,1,364,6.0467218647421465e-28,73030,30,200,n,discreta_global,"(mu,lambda)",0.3
EE,potencias,1,365,6.486419453245734e-28,73230,30,200,n,discreta_global,"(mu,lambda)",0.3
EE,potencias,1,366,7.225640133566907e-28,73430,30,200,n,discreta_global,"(mu,lambda)",0.3
EE,potencias,1,367,6.2887029145554945e-28,73630,30,200,n,discreta_global,"(mu,lambda)",0.3
EE,potencias,1,368,6.382216187821581e-28,73830,30,200,n,discreta_global,"(mu,lambda)",0.3
EE,potencias,1,369,7.741252081007985e-28,74030,30,200,n,discreta_global,"(mu,lambda)",0.3
EE,potencias,1,370,6.424579440357197e-28,74230,30,200,n,discreta_global,"(mu,lambda)",0.3
EE,potencias,1,371,5.560368307334087e-28,74430,30,200,n,discreta_global,"(mu,lambda)",0.3
EE,potencias,1,372,1.117129728199221e-27,74630,30,200,n,discreta_global,"(mu,lambda)",0.3
EE,potencias,1,373,6.619066754759173e-28,74830,30,200,n,discreta_global,"(mu,lambda)",0.3
EE,potencias,1,374,5.459277530871025e-28,75030,30,200,n,discreta_global,"(mu,lambda)",0.3
EE,potencias,1,375,7.4407796002283435e-28,75230,30,200,n,discreta_global,"(mu,lambda)",0.3
EE,potencias,1,376,8.004236269503147e-28,75430,30,200,n,discreta_global,"(mu,lambda)",0.3
EE,potencias,1,377,8.953723931758906e-28,75630,30,200,n,discreta_global,"(mu,lambda)",0.3
EE,potencias,1,378,1.2623998497083497e-27,75830,30,200,n,discreta_global,"(mu,lambda)",0.3
EE,potencias,1,379,6.934572188212869e-28,76030,30,200,n,discreta_global,"(mu,lambda)",0.3
EE,potencias,1,380,5.869342565316951e-28,76230,30,200,n,discreta_global,"(mu,lambda)",0.3
EE,potencias,1,381,6.809212173303805e-28,76430,30,200,n,discreta_global,"(mu,lambda)",0.3
EE,potencias,1,382,6.298466852948596e-28,76630,30,200,n,discreta_global,"(mu,lambda)",0.3
EE,potencias,1,383,1.2284946050208795e-27,76830,30,200,n,discreta_global,"(mu,lambda)",0.3
EE,potencias,1,384,7.360923838480398e-28,77030,30,200,n,discreta_global,"(mu,lambda)",0.3
EE,potencias,1,385,5.5964876707747905e-28,77230,30,200,n,discreta_global,"(mu,lambda)",0.3
EE,potencias,1,386,7.969352161048714e-28,77430,30,200,n,discreta_global,"(mu,lambda)",0.3
EE,potencias,1,387,7.35074639479301e-28,77630,30,200,n,discreta_global,"(mu,lambda)",0.3
EE,potencias,1,388,6.233608732831586e-28,77830,30,200,n,discreta_global,"(mu,lambda)",0.3
EE,potencias,1,389,5.940082401631943e-28,78030,30,200,n,discreta_global,"(mu,lambda)",0.3
EE,potencias,1,390,6.168317930728482e-28,78230,30,200,n,discreta_global,"(mu,lambda)",0.3
EE,potencias,1,391,5.684974599879935e-28,78430,30,200,n,discreta_global,"(mu,lambda)",0.3
EE,potencias,1,392,8.749150757375604e-28,78630,30,200,n,discreta_global,"(mu,lambda)",0.3
EE,potencias,1,393,6.924521137689497e-28,78830,30,200,n,discreta_global,"(mu,lambda)",0.3
EE,potencias,1,394,6.611917567390583e-28,79030,30,200,n,discreta_global,"(mu,lambda)",0.3
EE,potencias,1,395,6.5574761358161845e-28,79230,30,200,n,discreta_global,"(mu,lambda)",0.3
EE,potencias,1,396,6.748537734622058e-28,79430,30,200,n,discreta_global,"(mu,lambda)",0.3
EE,potencias,1,397,5.851166564475959e-28,79630,30,200,n,discreta_global,"(mu,lambda)",0.3
EE,potencias,1,398,5.670415860755868e-28,79830,30,200,n,discreta_global,"(mu,lambda)",0.3
EE,potencias,1,399,5.741135892217229e-28,80030,30,200,n,discreta_global,"(mu,lambda)",0.3
EE,potencias,1,400,6.649964226709775e-28,80230,30,200,n,discreta_global,"(mu,lambda)",0.3
EE,potencias,1,401,6.659193277901805e-28,80430,30,200,n,discreta_global,"(mu,lambda)",0.3
EE,potencias,1,402,8.617129726765377e-28,80630,30,200,n,discreta_global,"(mu,lambda)",0.3
EE,potencias,1,403,6.633547024500332e-28,80830,30,200,n,discreta_global,"(mu,lambda)",0.3
EE,potencias,1,404,6.512881560330138e-28,81030,30,200,n,discreta_global,"(mu,lambda)",0.3
EE,potencias,1,405,5.706948544521708e-28,81230,30,200,n,discreta_global,"(mu,lambda)",0.3
EE,potencias,1,406,5.935592068698565e-28,81430,30,200,n,discreta_global,"(mu,lambda)",0.3
EE,potencias,1,407,6.7771731738670455e-28,81630,30,200,n,discreta_global,"(mu,lambda)",0.3
EE,potencias,1,408,8.401091910812127e-28,81830,30,200,n,discreta_global,"(mu,lambda)",0.3
EE,potencias,1,409,6.03324526607214e-28,82030,30,200,n,discreta_global,"(mu,lambda)",0.3
EE,potencias,1,410,6.299926396219465e-28,82230,30,200,n,discreta_global,"(mu,lambda)",0.3
EE,potencias,1,411,6.597623015002526e-28,82430,30,200,n,discreta_global,"(mu,lambda)",0.3
EE,potencias,1,412,7.763471483742259e-28,82630,30,200,n,discreta_global,"(mu,lambda)",0.3
EE,potencias,1,413,1.0227505886757152e-27,82830,30,200,n,discreta_global,"(mu,lambda)",0.3
EE,potencias,1,414,1.1452589408916465e-27,83030,30,200,n,discreta_global,"(mu,lambda)",0.3
EE,potencias,1,415,1.0330240555059994e-27,83230,30,200,n,discreta_global,"(mu,lambda)",0.3
EE,potencias,1,416,6.597928554724718e-28,83430,30,200,n,discreta_global,"(mu,lambda)",0.3
EE,potencias,1,417,1.2528912585474434e-27,83630,30,200,n,discreta_global,"(mu,lambda)",0.3
EE,potencias,1,418,3.314532821149479e-27,83830,30,200,n,discreta_global,"(mu,lambda)",0.3
EE,potencias,1,419,8.594170742265219e-28,84030,30,200,n,discreta_global,"(mu,lambda)",0.3
EE,potencias,1,420,6.008596466920376e-28,84230,30,200,n,discreta_global,"(mu,lambda)",0.3
EE,potencias,1,421,1.2016134861919478e-27,84430,30,200,n,discreta_global,"(mu,lambda)",0.3
EE,potencias,1,422,1.231376290841553e-27,84630,30,200,n,discreta_global,"(mu,lambda)",0.3
EE,potencias,1,423,9.255202708335211e-28,84830,30,200,n,discreta_global,"(mu,lambda)",0.3
EE,potencias,1,424,9.494569902544208e-28,85030,30,200,n,discreta_global,"(mu,lambda)",0.3
EE,potencias,1,425,1.3966660653254418e-27,85230,30,200,n,discreta_global,"(mu,lambda)",0.3
EE,potencias,1,426,6.1298100903433075e-28,85430,30,200,n,discreta_global,"(mu,lambda)",0.3
EE,potencias,1,427,6.036688968596131e-28,85630,30,200,n,discreta_global,"(mu,lambda)",0.3
EE,potencias,1,428,6.005144074230997e-28,85830,30,200,n,discreta_global,"(mu,lambda)",0.3
EE,potencias,1,429,5.89615202907699e-28,86030,30,200,n,discreta_global,"(mu,lambda)",0.3
EE,potencias,1,430,6.43481420386892e-28,86230,30,200,n,discreta_global,"(mu,lambda)",0.3
EE,potencias,1,431,6.14320105046336e-28,86430,30,200,n,discreta_global,"(mu,lambda)",0.3
EE,potencias,1,432,5.470576564290215e-28,86630,30,200,n,discreta_global,"(mu,lambda)",0.3
EE,potencias,1,433,5.730294216591801e-28,86830,30,200,n,discreta_global,"(mu,lambda)",0.3
EE,potencias,1,434,5.32765941172216e-28,87030,30,200,n,discreta_global,"(mu,lambda)",0.3
EE,potencias,1,435,6.026768180636816e-28,87230,30,200,n,discreta_global,"(mu,lambda)",0.3
EE,potencias,1,436,5.561276929127715e-28,87430,30,200,n,discreta_global,"(mu,lambda)",0.3
EE,potencias,1,437,5.964332149509794e-28,87630,30,200,n,discreta_global,"(mu,lambda)",0.3
EE,potencias,1,438,5.364669769864165e-28,87830,30,200,n,discreta_global,"(mu,lambda)",0.3
EE,potencias,1,439,8.585349148417133e-28,88030,30,200,n,discreta_global,"(mu,lambda)",0.3
EE,potencias,1,440,1.2426466378583062e-27,88230,30,200,n,discreta_global,"(mu,lambda)",0.3
EE,potencias,1,441,5.592063743272965e-28,88430,30,200,n,discreta_global,"(mu,lambda)",0.3
EE,potencias,1,442,5.725934260281844e-28,88630,30,200,n,discreta_global,"(mu,lambda)",0.3
EE,potencias,1,443,8.40862565654759e-28,88830,30,200,n,discreta_global,"(mu,lambda)",0.3
EE,potencias,1,444,1.2218726264777094e-27,89030,30,200,n,discreta_global,"(mu,lambda)",0.3
EE,potencias,1,445,6.6579396974460594e-28,89230,30,200,n,discreta_global,"(mu,lambda)",0.3
EE,potencias,1,446,8.49225241996942e-28,89430,30,200,n,discreta_global,"(mu,lambda)",0.3
EE,potencias,1,447,1.1228968257391642e-27,89630,30,200,n,discreta_global,"(mu,lambda)",0.3
EE,potencias,1,448,6.795875190854743e-28,89830,30,200,n,discreta_global,"(mu,lambda)",0.3
EE,potencias,1,449,8.898581894378355e-28,90030,30,200,n,discreta_global,"(mu,lambda)",0.3
EE,potencias,1,450,5.896702139936764e-28,90230,30,200,n,discreta_global,"(mu,lambda)",0.3
EE,potencias,1,451,1.0422148407775402e-27,90430,30,200,n,discreta_global,"(mu,lambda)",0.3
EE,potencias,1,452,7.03071199095542e-28,90630,30,200,n,discreta_global,"(mu,lambda)",0.3
EE,potencias,1,453,1.6221584667709975e-27,90830,30,200,n,discreta_global,"(mu,lambda)",0.3
EE,potencias,1,454,5.2061311936434325e-28,91030,30,200,n,discreta_global,"(mu,lambda)",0.3
EE,potencias,1,455,7.094021081192589e-28,91230,30,200,n,discreta_global,"(mu,lambda)",0.3
EE,potencias,1,456,6.152242691414565e-28,91430,30,200,n,discreta_global,"(mu,lambda)",0.3
EE,potencias,1,457,9.921036799317236e-28,91630,30,200,n,discreta_global,"(mu,lambda)",0.3
EE,potencias,1,458,1.6774832413447353e-27,91830,30,200,n,discreta_global,"(mu,lambda)",0.3
EE,potencias,1,459,1.5909118760619437e-27,92030,30,200,n,discreta_global,"(mu,lambda)",0.3
EE,potencias,1,460,1.3008149397552446e-27,92230,30,200,n,discreta_global,"(mu,lambda)",0.3
EE,potencias,1,461,2.519374505204011e-27,92430,30,200,n,discreta_global,"(mu,lambda)",0.3
EE,potencias,1,462,2.7781802702635567e-27,92630,30,200,n,discreta_global,"(mu,lambda)",0.3
EE,potencias,1,463,9.787821602657255e-28,92830,30,200,n,discreta_global,"(mu,lambda)",0.3
EE,potencias,1,464,1.709139386587228e-27,93030,30,200,n,discreta_global,"(mu,lambda)",0.3
EE,potencias,1,465,8.946179111743125e-28,93230,30,200,n,discreta_global,"(mu,lambda)",0.3
EE,potencias,1,466,2.0921144664544566e-27,93430,30,200,n,discreta_global,"(mu,lambda)",0.3
EE,potencias,1,467,1.6015556557678398e-27,93630,30,200,n,discreta_global,"(mu,lambda)",0.3
EE,potencias,1,468,2.484226670714633e-27,93830,30,200,n,discreta_global,"(mu,lambda)",0.3
EE,potencias,1,469,2.16166744169852e-27,94030,30,200,n,discreta_global,"(mu,lambda)",0.3
EE,potencias,1,470,2.749290851387073e-27,94230,30,200,n,discreta_global,"(mu,lambda)",0.3
EE,potencias,1,471,8.320316548829462e-28,94430,30,200,n,discreta_global,"(mu,lambda)",0.3
EE,potencias,1,472,2.9251414354139778e-27,94630,30,200,n,discreta_global,"(mu,lambda)",0.3
EE,potencias,1,473,2.7617052180985142e-27,94830,30,200,n,discreta_global,"(mu,lambda)",0.3
EE,potencias,1,474,2.855546278687259e-27,95030,30,200,n,discreta_global,"(mu,lambda)",0.3
EE,potencias,1,475,2.831376103338293e-27,95230,30,200,n,discreta_global,"(mu,lambda)",0.3
EE,potencias,1,476,3.6362350298479184e-27,95430,30,200,n,discreta_global,"(mu,lambda)",0.3
EE,potencias,1,477,2.6858498069077386e-27,95630,30,200,n,discreta_global,"(mu,lambda)",0.3
EE,potencias,1,478,6.548561259393432e-28,95830,30,200,n,discreta_global,"(mu,lambda)",0.3
EE,potencias,1,479,3.1226036571844827e-27,96030,30,200,n,discreta_global,"(mu,lambda)",0.3
EE,potencias,1,480,3.1076985892973182e-27,96230,30,200,n,discreta_global,"(mu,lambda)",0.3
EE,potencias,1,481,8.454668250086431e-28,96430,30,200,n,discreta_global,"(mu,lambda)",0.3
EE,potencias,1,482,1.0530634217455996e-27,96630,30,200,n,discreta_global,"(mu,lambda)",0.3
EE,potencias,1,483,3.0118394629310446e-27,96830,30,200,n,discreta_global,"(mu,lambda)",0.3
EE,potencias,1,484,3.086398344963679e-27,97030,30,200,n,discreta_global,"(mu,lambda)",0.3
EE,potencias,1,485,2.9694891850894333e-27,97230,30,200,n,discreta_global,"(mu,lambda)",0.3
EE,potencias,1,486,3.0796751166608414e-27,97430,30,200,n,discreta_global,"(mu,lambda)",0.3
EE,potencias,1,487,1.0562025675586586e-27,97630,30,200,n,discreta_global,"(mu,lambda)",0.3
EE,potencias,1,488,1.134780530876119e-27,97830,30,200,n,discreta_global,"(mu,lambda)",0.3
EE,potencias,1,489,3.1269487383386558e-27,98030,30,200,n,discreta_global,"(mu,lambda)",0.3
EE,potencias,1,490,8.198047967754196e-28,98230,30,200,n,discreta_global,"(mu,lambda)",0.3
EE,potencias,1,491,1.2138200624434266e-27,98430,30,200,n,discreta_global,"(mu,lambda)",0.3
EE,potencias,1,492,2.9974083213385534e-27,98630,30,200,n,discreta_global,"(mu,lambda)",0.3
EE,potencias,1,493,2.992826793069432e-27,98830,30,200,n,discreta_global,"(mu,lambda)",0.3
EE,potencias,1,494,2.984579139090392e-27,99030,30,200,n,discreta_global,"(mu,lambda)",0.3
EE,potencias,1,495,3.0352625551276706e-27,99230,30,200,n,discreta_global,"(mu,lambda)",0.3
EE,potencias,1,496,2.9469498755859622e-27,99430,30,200,n,discreta_global,"(mu,lambda)",0.3
EE,potencias,1,497,3.0762860864397973e-27,99630,30,200,n,discreta_global,"(mu,lambda)",0.3
EE,potencias,1,498,3.0228824394544847e-27,99830,30,200,n,discreta_global,"(mu,lambda)",0.3
EE,potencias,1,499,4.4510239095797294e-27,100030,30,200,n,discreta_global,"(mu,lambda)",0.3
EE,potencias,1,500,3.2094734810115044e-27,100230,30,200,n,discreta_global,"(mu,lambda)",0.3
EE,potencias,1,501,3.046874292854414e-27,100430,30,200,n,discreta_global,"(mu,lambda)",0.3
EE,potencias,1,502,3.0388991769688127e-27,100630,30,200,n,discreta_global,"(mu,lambda)",0.3
EE,potencias,1,503,3.1260018021578114e-27,100830,30,200,n,discreta_global,"(mu,lambda)",0.3
EE,potencias,1,504,3.1523212653281654e-27,101030,30,200,n,discreta_global,"(mu,lambda)",0.3
EE,potencias,1,505,3.1151931054055195e-27,101230,30,200,n,discreta_global,"(mu,lambda)",0.3
EE,potencias,1,506,2.998662681727533e-27,101430,30,200,n,discreta_global,"(mu,lambda)",0.3
EE,potencias,1,507,3.0836452689120443e-27,101630,30,200,n,discreta_global,"(mu,lambda)",0.3
EE,potencias,1,508,3.105622956328056e-27,101830,30,200,n,discreta_global,"(mu,lambda)",0.3
EE,potencias,1,509,3.0761906958231216e-27,102030,30,200,n,discreta_global,"(mu,lambda)",0.3
EE,potencias,1,510,3.2192506565554132e-27,102230,30,200,n,discreta_global,"(mu,lambda)",0.3
EE,potencias,1,511,3.1019892353998965e-27,102430,30,200,n,discreta_global,"(mu,lambda)",0.3
EE,potencias,1,512,3.059576816965324e-27,102630,30,200,n,discreta_global,"(mu,lambda)",0.3
EE,potencias,1,513,3.460726703572371e-27,102830,30,200,n,discreta_global,"(mu,lambda)",0.3
EE,potencias,1,514,3.554701655865547e-27,103030,30,200,n,discreta_global,"(mu,lambda)",0.3
EE,potencias,1,515,3.627229303019307e-27,103230,30,200,n,discreta_global,"(mu,lambda)",0.3
EE,potencias,1,516,3.778417317821805e-27,103430,30,200,n,discreta_global,"(mu,lambda)",0.3
EE,potencias,1,517,3.086025386501504e-27,103630,30,200,n,discreta_global,"(mu,lambda)",0.3
EE,potencias,1,518,3.7603009865967114e-27,103830,30,200,n,discreta_global,"(mu,lambda)",0.3
EE,potencias,1,519,3.0697556846277067e-27,104030,30,200,n,discreta_global,"(mu,lambda)",0.3
EE,potencias,1,520,3.335558581484861e-27,104230,30,200,n,discreta_global,"(mu,lambda)",0.3
EE,potencias,1,521,3.169610027012009e-27,104430,30,200,n,discreta_global,"(mu,lambda)",0.3
EE,potencias,1,522,3.1559103402468175e-27,104630,30,200,n,discreta_global,"(mu,lambda)",0.3
EE,potencias,1,523,3.397055083639008e-27,104830,30,200,n,discreta_global,"(mu,lambda)",0.3
EE,potencias,1,524,3.0911916703702636e-27,105030,30,200,n,discreta_global,"(mu,lambda)",0.3
EE,potencias,1,525,3.2703855296905944e-27,105230,30,200,n,discreta_global,"(mu,lambda)",0.3
EE,potencias,1,526,3.9306492008486944e-27,105430,30,200,n,discreta_global,"(mu,lambda)",0.3
EE,potencias,1,527,4.387769700907755e-27,105630,30,200,n,discreta_global,"(mu,lambda)",0.3
EE,potencias,1,528,3.240142905380799e-27,105830,30,200,n,discreta_global,"(mu,lambda)",0.3
EE,potencias,1,529,3.157929683619444e-27,106030,30,200,n,discreta_global,"(mu,lambda)",0.3
EE,potencias,1,530,3.340415145122116e-27,106230,30,200,n,discreta_global,"(mu,lambda)",0.3
EE,potencias,1,531,4.133885514963532e-27,106430,30,200,n,discreta_global,"(mu,lambda)",0.3
EE,potencias,1,532,3.2188923595848748e-27,106630,30,200,n,discreta_global,"(mu,lambda)",0.3
EE,potencias,1,533,3.3860180950941335e-27,106830,30,200,n,discreta_global,"(mu,lambda)",0.3
EE,potencias,1,534,3.174812471371544e-27,107030,30,200,n,discreta_global,"(mu,lambda)",0.3
EE,potencias,1,535,3.5131515409987695e-27,107230,30,200,n,discreta_global,"(mu,lambda)",0.3
EE,potencias,1,536,3.0676729340561947e-27,107430,30,200,n,discreta_global,"(mu,lambda)",0.3
EE,potencias,1,537,3.1623808699025986e-27,107630,30,200,n,discreta_global,"(mu,lambda)",0.3
EE,potencias,1,538,3.1776851423520312e-27,107830,30,200,n,discreta_global,"(mu,lambda)",0.3
EE,potencias,1,539,4.0549973042771374e-27,108030,30,200,n,discreta_global,"(mu,lambda)",0.3
EE,potencias,1,540,3.916361740131749e-27,108230,30,200,n,discreta_global,"(mu,lambda)",0.3
EE,potencias,1,541,3.900293493686262e-27,108430,30,200,n,discreta_global,"(mu,lambda)",0.3
EE,potencias,1,542,4.1035498290540446e-27,108630,30,200,n,discreta_global,"(mu,lambda)",0.3
EE,potencias,1,543,7.989843274169782e-27,108830,30,200,n,discreta_global,"(mu,lambda)",0.3
EE,potencias,1,544,4.058111437565808e-27,109030,30,200,n,discreta_global,"(mu,lambda)",0.3
EE,potencias,1,545,4.9465679539301754e-27,109230,30,200,n,discreta_global,"(mu,lambda)",0.3
EE,potencias,1,546,4.425941814322782e-27,109430,30,200,n,discreta_global,"(mu,lambda)",0.3
EE,potencias,1,547,3.7835055106124035e-27,109630,30,200,n,discreta_global,"(mu,lambda)",0.3
EE,potencias,1,548,4.362434926431452e-27,109830,30,200,n,discreta_global,"(mu,lambda)",0.3
EE,potencias,1,549,3.3836292252617324e-27,110030,30,200,n,discreta_global,"(mu,lambda)",0.3
EE,potencias,1,550,4.0568233582628445e-27,110230,30,200,n,discreta_global,"(mu,lambda)",0.3
EE,potencias,1,551,4.185839174054788e-27,110430,30,200,n,discreta_global,"(mu,lambda)",0.3
EE,potencias,1,552,4.0270792435953124e-27,110630,30,200,n,discreta_global,"(mu,lambda)",0.3
EE,potencias,1,553,3.787044193381941e-27,110830,30,200,n,discreta_global,"(mu,lambda)",0.3
EE,potencias,1,554,4.070967172787225e-27,111030,30,200,n,discreta_global,"(mu,lambda)",0.3
EE,potencias,1,555,3.455584263078928e-27,111230,30,200,n,discreta_global,"(mu,lambda)",0.3
EE,potencias,1,556,3.2686109644242556e-27,111430,30,200,n,discreta_global,"(mu,lambda)",0.3
EE,potencias,1,557,3.727572840446094e-27,111630,30,200,n,discreta_global,"(mu,lambda)",0.3
EE,potencias,1,558,4.094767345077265e-27,111830,30,200,n,discreta_global,"(mu,lambda)",0.3
EE,potencias,1,559,3.89175037262389e-27,112030,30,200,n,discreta_global,"(mu,lambda)",0.3
EE,potencias,1,560,4.044234396093227e-27,112230,30,200,n,discreta_global,"(mu,lambda)",0.3
EE,potencias,1,561,4.63439510257734e-27,112430,30,200,n,discreta_global,"(mu,lambda)",0.3
EE,potencias,1,562,4.4434878350349996e-27,112630,30,200,n,discreta_global,"(mu,lambda)",0.3
EE,potencias,1,563,4.444532847995517e-27,112830,30,200,n,discreta_global,"(mu,lambda)",0.3
EE,potencias,1,564,4.178231379549776e-27,113030,30,200,n,discreta_global,"(mu,lambda)",0.3
EE,potencias,1,565,3.925647655226646e-27,113230,30,200,n,discreta_global,"(mu,lambda)",0.3
EE,potencias,1,566,3.745985903289408e-27,113430,30,200,n,discreta_global,"(mu,lambda)",0.3
EE,potencias,1,567,3.893718361026734e-27,113630,30,200,n,discreta_global,"(mu,lambda)",0.3
EE,potencias,1,568,3.999978780851822e-27,113830,30,200,n,discreta_global,"(mu,lambda)",0.3
EE,potencias,1,569,3.30849286343257e-27,114030,30,200,n,discreta_global,"(mu,lambda)",0.3
EE,potencias,1,570,4.270414523360557e-27,114230,30,200,n,discreta_global,"(mu,lambda)",0.3
EE,potencias,1,571,4.580174636736071e-27,114430,30,200,n,discreta_global,"(mu,lambda)",0.3
EE,potencias,1,572,3.710907752010921e-27,114630,30,200,n,discreta_global,"(mu,lambda)",0.3
EE,potencias,1,573,3.693017446976494e-27,114830,30,200,n,discreta_global,"(mu,lambda)",0.3
EE,potencias,1,574,4.533653625463615e-27,115030,30,200,n,discreta_global,"(mu,lambda)",0.3
EE,potencias,1,575,4.1424972560040576e-27,115230,30,200,n,discreta_global,"(mu,lambda)",0.3
EE,potencias,1,576,3.70535586056698e-27,115430,30,200,n,discreta_global,"(mu,lambda)",0.3
EE,potencias,1,577,4.530428170715556e-27,115630,30,200,n,discreta_global,"(mu,lambda)",0.3
EE,potencias,1,578,3.567042299389481e-27,115830,30,200,n,discreta_global,"(mu,lambda)",0.3
EE,potencias,1,579,4.177334040645633e-27,116030,30,200,n,discreta_global,"(mu,lambda)",0.3
EE,potencias,1,580,4.461512711024814e-27,116230,30,200,n,discreta_global,"(mu,lambda)",0.3
EE,potencias,1,581,3.667415435690222e-27,116430,30,200,n,discreta_global,"(mu,lambda)",0.3
EE,potencias,1,582,3.573461519239425e-27,116630,30,200,n,discreta_global,"(mu,lambda)",0.3
EE,potencias,1,583,4.249744006506637e-27,116830,30,200,n,discreta_global,"(mu,lambda)",0.3
EE,potencias,1,584,3.201601892751481e-27,117030,30,200,n,discreta_global,"(mu,lambda)",0.3
EE,potencias,1,585,3.1699281047016837e-27,117230,30,200,n,discreta_global,"(mu,lambda)",0.3
EE,potencias,1,586,3.752629409753371e-27,117430,30,200,n,discreta_global,"(mu,lambda)",0.3
EE,potencias,1,587,4.135429412939816e-27,117630,30,200,n,discreta_global,"(mu,lambda)",0.3
EE,potencias,1,588,3.839142015526414e-27,117830,30,200,n,discreta_global,"(mu,lambda)",0.3
EE,potencias,1,589,5.403037005430225e-27,118030,30,200,n,discreta_global,"(mu,lambda)",0.3
EE,potencias,1,590,3.73719573524593e-27,118230,30,200,n,discreta_global,"(mu,lambda)",0.3
EE,potencias,1,591,3.554101318962602e-27,118430,30,200,n,discreta_global,"(mu,lambda)",0.3
EE,potencias,1,592,5.1694609946628215e-27,118630,30,200,n,discreta_global,"(mu,lambda)",0.3
EE,potencias,1,593,3.648378574136562e-27,118830,30,200,n,discreta_global,"(mu,lambda)",0.3
EE,potencias,1,594,3.800139002823876e-27,119030,30,200,n,discreta_global,"(mu,lambda)",0.3
EE,potencias,1,595,3.6842159252093505e-27,119230,30,200,n,discreta_global,"(mu,lambda)",0.3
EE,potencias,1,596,3.5733820514594415e-27,119430,30,200,n,discreta_global,"(mu,lambda)",0.3
EE,potencias,1,597,5.4686142608125005e-27,119630,30,200,n,discreta_global,"(mu,lambda)",0.3
EE,potencias,1,598,4.5904792016400116e-27,119830,30,200,n,discreta_global,"(mu,lambda)",0.3
EE,potencias,1,599,3.516905145567569e-27,120030,30,200,n,discreta_global,"(mu,lambda)",0.3
EE,potencias,1,600,3.4659485360448185e-27,120230,30,200,n,discreta_global,"(mu,lambda)",0.3
EE,potencias,1,601,3.8704672179076774e-27,120430,30,200,n,discreta_global,"(mu,lambda)",0.3
EE,potencias,1,602,5.409528536800347e-27,120630,30,200,n,discreta_global,"(mu,lambda)",0.3
EE,potencias,1,603,4.0667423748368686e-27,120830,30,200,n,discreta_global,"(mu,lambda)",0.3
EE,potencias,1,604,4.694645950355176e-27,121030,30,200,n,discreta_global,"(mu,lambda)",0.3
EE,potencias,1,605,5.147992624394624e-27,121230,30,200,n,discreta_global,"(mu,lambda)",0.3
EE,potencias,1,606,4.777404085388908e-27,121430,30,200,n,discreta_global,"(mu,lambda)",0.3
EE,potencias,1,607,4.251811179802116e-27,121630,30,200,n,discreta_global,"(mu,lambda)",0.3
EE,potencias,1,608,4.2334973934701904e-27,121830,30,200,n,discreta_global,"(mu,lambda)",0.3
EE,potencias,1,609,4.927730546780536e-27,122030,30,200,n,discreta_global,"(mu,lambda)",0.3
EE,potencias,1,610,4.0585757548976246e-27,122230,30,200,n,discreta_global,"(mu,lambda)",0.3
EE,potencias,1,611,3.694588878418557e-27,122430,30,200,n,discreta_global,"(mu,lambda)",0.3
EE,potencias,1,612,4.4615526135306226e-27,122630,30,200,n,discreta_global,"(mu,lambda)",0.3
EE,potencias,1,613,3.695067690861244e-27,122830,30,200,n,discreta_global,"(mu,lambda)",0.3
EE,potencias,1,614,3.3436338336918184e-27,123030,30,200,n,discreta_global,"(mu,lambda)",0.3
EE,potencias,1,615,4.0013513632513836e-27,123230,30,200,n,discreta_global,"(mu,lambda)",0.3
EE,potencias,1,616,3.60862454991032e-27,123430,30,200,n,discreta_global,"(mu,lambda)",0.3
EE,potencias,1,617,3.622328843796286e-27,123630,30,200,n,discreta_global,"(mu,lambda)",0.3
EE,potencias,1,618,2.9702025420471184e-27,123830,30,200,n,discreta_global,"(mu,lambda)",0.3
EE,potencias,1,619,3.0309734618523838e-27,124030,30,200,n,discreta_global,"(mu,lambda)",0.3
EE,potencias,1,620,3.412632209922421e-27,124230,30,200,n,discreta_global,"(mu,lambda)",0.3
EE,potencias,1,621,3.982664324035222e-27,124430,30,200,n,discreta_global,"(mu,lambda)",0.3
EE,potencias,1,622,2.4229944653662144e-27,124630,30,200,n,discreta_global,"(mu,lambda)",0.3
EE,potencias,1,623,2.0186907930069685e-27,124830,30,200,n,discreta_global,"(mu,lambda)",0.3
EE,potencias,1,624,1.7946352511222175e-27,125030,30,200,n,discreta_global,"(mu,lambda)",0.3
EE,potencias,1,625,2.4766326340250436e-27,125230,30,200,n,discreta_global,"(mu,lambda)",0.3
EE,potencias,1,626,2.768262945900815e-27,125430,30,200,n,discreta_global,"(mu,lambda)",0.3
EE,potencias,1,627,2.2723493967953108e-27,125630,30,200,n,discreta_global,"(mu,lambda)",0.3
EE,potencias,1,628,1.3193568097403796e-27,125830,30,200,n,discreta_global,"(mu,lambda)",0.3
EE,potencias,1,629,1.3878173226867229e-27,126030,30,200,n,discreta_global,"(mu,lambda)",0.3
EE,potencias,1,630,1.6832048308916948e-27,126230,30,200,n,discreta_global,"(mu,lambda)",0.3
EE,potencias,1,631,1.874739856829588e-27,126430,30,200,n,discreta_global,"(mu,lambda)",0.3
EE,potencias,1,632,2.339866113027926e-27,126630,30,200,n,discreta_global,"(mu,lambda)",0.3
EE,potencias,1,633,2.3652896644726508e-27,126830,30,200,n,discreta_global,"(mu,lambda)",0.3
EE,potencias,1,634,2.2131466944953755e-27,127030,30,200,n,discreta_global,"(mu,lambda)",0.3
EE,potencias,1,635,1.6860869364253507e-27,127230,30,200,n,discreta_global,"(mu,lambda)",0.3
EE,potencias,1,636,2.2922178176911815e-27,127430,30,200,n,discreta_global,"(mu,lambda)",0.3
EE,potencias,1,637,3.81824383642329e-27,127630,30,200,n,discreta_global,"(mu,lambda)",0.3
EE,potencias,1,638,4.14677798883302e-27,127830,30,200,n,discreta_global,"(mu,lambda)",0.3
EE,potencias,1,639,3.213165741700169e-27,128030,30,200,n,discreta_global,"(mu,lambda)",0.3
EE,potencias,1,640,3.2638946977125175e-27,128230,30,200,n,discreta_global,"(mu,lambda)",0.3
EE,potencias,1,641,4.400148058095147e-27,128430,30,200,n,discreta_global,"(mu,lambda)",0.3
EE,potencias,1,642,4.851312148827158e-27,128630,30,200,n,discreta_global,"(mu,lambda)",0.3
EE,potencias,1,643,6.827603702024581e-27,128830,30,200,n,discreta_global,"(mu,lambda)",0.3
EE,potencias,1,644,5.622914426588376e-27,129030,30,200,n,discreta_global,"(mu,lambda)",0.3
EE,potencias,1,645,4.687228361302496e-27,129230,30,200,n,discreta_global,"(mu,lambda)",0.3
EE,potencias,1,646,3.7967293560952355e-27,129430,30,200,n,discreta_global,"(mu,lambda)",0.3
EE,potencias,1,647,4.9792244450122955e-27,129630,30,200,n,discreta_global,"(mu,lambda)",0.3
EE,potencias,1,648,6.448333509104332e-27,129830,30,200,n,discreta_global,"(mu,lambda)",0.3
EE,potencias,1,649,5.3850291430771745e-27,130030,30,200,n,discreta_global,"(mu,lambda)",0.3
EE,potencias,1,650,5.613912268715888e-27,130230,30,200,n,discreta_global,"(mu,lambda)",0.3
EE,potencias,1,651,3.2379248774999266e-27,130430,30,200,n,discreta_global,"(mu,lambda)",0.3
EE,potencias,1,652,2.5332288802363855e-27,130630,30,200,n,discreta_global,"(mu,lambda)",0.3
EE,potencias,1,653,5.002240287569017e-27,130830,30,200,n,discreta_global,"(mu,lambda)",0.3
EE,potencias,1,654,2.964176832952754e-27,131030,30,200,n,discreta_global,"(mu,lambda)",0.3
EE,potencias,1,655,3.7760467831929256e-27,131230,30,200,n,discreta_global,"(mu,lambda)",0.3
EE,potencias,1,656,2.491977032755676e-27,131430,30,200,n,discreta_global,"(mu,lambda)",0.3
EE,potencias,1,657,3.29773487101336e-27,131630,30,200,n,discreta_global,"(mu,lambda)",0.3
EE,potencias,1,658,2.9001712119630408e-27,131830,30,200,n,discreta_global,"(mu,lambda)",0.3
EE,potencias,1,659,5.529069949508403e-27,132030,30,200,n,discreta_global,"(mu,lambda)",0.3
EE,potencias,1,660,3.364280147454128e-27,132230,30,200,n,discreta_global,"(mu,lambda)",0.3
EE,potencias,1,661,4.728106001389754e-27,132430,30,200,n,discreta_global,"(mu,lambda)",0.3
EE,potencias,1,662,5.7463606799669414e-27,132630,30,200,n,discreta_global,"(mu,lambda)",0.3
EE,potencias,1,663,9.39040609946997e-28,132830,30,200,n,discreta_global,"(mu,lambda)",0.3
EE,potencias,1,664,1.736426162220395e-27,133030,30,200,n,discreta_global,"(mu,lambda)",0.3
EE,potencias,1,665,1.5667201662757045e-27,133230,30,200,n,discreta_global,"(mu,lambda)",0.3
EE,potencias,1,666,1.6457719605444655e-27,133430,30,200,n,discreta_global,"(mu,lambda)",0.3
EE,potencias,1,667,9.768406121700012e-28,133630,30,200,n,discreta_global,"(mu,lambda)",0.3
EE,potencias,1,668,1.2524161480842715e-27,133830,30,200,n,discreta_global,"(mu,lambda)",0.3
EE,potencias,1,669,1.5566210457057506e-27,134030,30,200,n,discreta_global,"(mu,lambda)",0.3
EE,potencias,1,670,1.2863785210072646e-27,134230,30,200,n,discreta_global,"(mu,lambda)",0.3
EE,potencias,1,671,1.143691254969366e-27,134430,30,200,n,discreta_global,"(mu,lambda)",0.3
EE,potencias,1,672,1.1254355399670175e-27,134630,30,200,n,discreta_global,"(mu,lambda)",0.3
EE,potencias,1,673,1.4310622808901852e-27,134830,30,200,n,discreta_global,"(mu,lambda)",0.3
EE,potencias,1,674,1.2617090500371232e-27,135030,30,200,n,discreta_global,"(mu,lambda)",0.3
EE,potencias,1,675,1.868650837170195e-27,135230,30,200,n,discreta_global,"(mu,lambda)",0.3
EE,potencias,1,676,1.6785300239364292e-27,135430,30,200,n,discreta_global,"(mu,lambda)",0.3
EE,potencias,1,677,1.3670581682078635e-27,135630,30,200,n,discreta_global,"(mu,lambda)",0.3
EE,potencias,1,678,2.4978329081029964e-27,135830,30,200,n,discreta_global,"(mu,lambda)",0.3
EE,potencias,1,679,1.8443441521704495e-27,136030,30,200,n,discreta_global,"(mu,lambda)",0.3
EE,potencias,1,680,2.197707945432826e-27,136230,30,200,n,discreta_global,"(mu,lambda)",0.3
EE,potencias,1,681,2.101166628399875e-27,136430,30,200,n,discreta_global,"(mu,lambda)",0.3
EE,potencias,1,682,1.4444475974882329e-27,136630,30,200,n,discreta_global,"(mu,lambda)",0.3
EE,potencias,1,683,1.8048761434869337e-27,136830,30,200,n,discreta_global,"(mu,lambda)",0.3
EE,potencias,1,684,1.3686723786223294e-27,137030,30,200,n,discreta_global,"(mu,lambda)",0.3
EE,potencias,1,685,2.2644326155535158e-27,137230,30,200,n,discreta_global,"(mu,lambda)",0.3
EE,potencias,1,686,1.7298187983396822e-27,137430,30,200,n,discreta_global,"(mu,lambda)",0.3
EE,potencias,1,687,1.7410853810989695e-27,137630,30,200,n,discreta_global,"(mu,lambda)",0.3
EE,potencias,1,688,1.3933533847371747e-27,137830,30,200,n,discreta_global,"(mu,lambda)",0.3
EE,potencias,1,689,1.254548894263712e-27,138030,30,200,n,discreta_global,"(mu,lambda)",0.3
EE,potencias,1,690,1.5320927484481832e-27,138230,30,200,n,discreta_global,"(mu,lambda)",0.3
EE,potencias,1,691,2.2363070011500377e-27,138430,30,200,n,discreta_global,"(mu,lambda)",0.3
EE,potencias,1,692,2.5049640612736633e-27,138630,30,200,n,discreta_global,"(mu,lambda)",0.3
EE,potencias,1,693,1.0072819245139898e-27,138830,30,200,n,discreta_global,"(mu,lambda)",0.3
EE,potencias,1,694,1.0362629258483657e-27,139030,30,200,n,discreta_global,"(mu,lambda)",0.3
EE,potencias,1,695,1.099597600255681e-27,139230,30,200,n,discreta_global,"(mu,lambda)",0.3
EE,potencias,1,696,1.6930475210000956e-27,139430,30,200,n,discreta_global,"(mu,lambda)",0.3
EE,potencias,1,697,1.02548734610712e-27,139630,30,200,n,discreta_global,"(mu,lambda)",0.3
EE,potencias,1,698,8.365029104178778e-28,139830,30,200,n,discreta_global,"(mu,lambda)",0.3
EE,potencias,1,699,1.3579167324009741e-27,140030,30,200,n,discreta_global,"(mu,lambda)",0.3
EE,potencias,1,700,3.9364483969050325e-27,140230,30,200,n,discreta_global,"(mu,lambda)",0.3
EE,potencias,1,701,2.447752896225989e-27,140430,30,200,n,discreta_global,"(mu,lambda)",0.3
EE,potencias,1,702,1.1981647717226133e-27,140630,30,200,n,discreta_global,"(mu,lambda)",0.3
EE,potencias,1,703,1.1650303824149586e-27,140830,30,200,n,discreta_global,"(mu,lambda)",0.3
EE,potencias,1,704,1.0440466289266116e-27,141030,30,200,n,discreta_global,"(mu,lambda)",0.3
EE,potencias,1,705,1.85304325971001e-27,141230,30,200,n,discreta_global,"(mu,lambda)",0.3
EE,potencias,1,706,1.7229767500246547e-27,141430,30,200,n,discreta_global,"(mu,lambda)",0.3
EE,potencias,1,707,2.2909677555367335e-27,141630,30,200,n,discreta_global,"(mu,lambda)",0.3
EE,potencias,1,708,2.0335528276400123e-27,141830,30,200,n,discreta_global,"(mu,lambda)",0.3
EE,potencias,1,709,1.6369849477304342e-27,142030,30,200,n,discreta_global,"(mu,lambda)",0.3
EE,potencias,1,710,2.3771473942765108e-27,142230,30,200,n,discreta_global,"(mu,lambda)",0.3
EE,potencias,1,711,3.1378582279969844e-27,142430,30,200,n,discreta_global,"(mu,lambda)",0.3
EE,potencias,1,712,1.7956322760197902e-27,142630,30,200,n,discreta_global,"(mu,lambda)",0.3
EE,potencias,1,713,1.0425407532503587e-27,142830,30,200,n,discreta_global,"(mu,lambda)",0.3
EE,potencias,1,714,9.710004538130375e-28,143030,30,200,n,discreta_global,"(mu,lambda)",0.3
EE,potencias,1,715,8.461916132544863e-28,143230,30,200,n,discreta_global,"(mu,lambda)",0.3
EE,potencias,1,716,2.2283423535245918e-27,143430,30,200,n,discreta_global,"(mu,lambda)",0.3
EE,potencias,1,717,8.266751887085833e-28,143630,30,200,n,discreta_global,"(mu,lambda)",0.3
EE,potencias,1,718,1.3386710036367967e-27,143830,30,200,n,discreta_global,"(mu,lambda)",0.3
EE,potencias,1,719,1.1997659674432718e-27,144030,30,200,n,discreta_global,"(mu,lambda)",0.3
EE,potencias,1,720,2.4737538871917696e-27,144230,30,200,n,discreta_global,"(mu,lambda)",0.3
EE,potencias,1,721,3.1373933935372544e-27,144430,30,200,n,discreta_global,"(mu,lambda)",0.3
EE,potencias,1,722,4.552904357405517e-27,144630,30,200,n,discreta_global,"(mu,lambda)",0.3
EE,potencias,1,723,3.986154233092911e-27,144830,30,200,n,discreta_global,"(mu,lambda)",0.3
EE,potencias,1,724,2.8809880924668118e-27,145030,30,200,n,discreta_global,"(mu,lambda)",0.3
EE,potencias,1,725,2.903619016423707e-27,145230,30,200,n,discreta_global,"(mu,lambda)",0.3
EE,potencias,1,726,3.438441109740135e-27,145430,30,200,n,discreta_global,"(mu,lambda)",0.3
EE,potencias,1,727,3.0617122886878575e-27,145630,30,200,n,discreta_global,"(mu,lambda)",0.3
EE,potencias,1,728,1.9353005064287318e-27,145830,30,200,n,discreta_global,"(mu,lambda)",0.3
EE,potencias,1,729,3.983108543024207e-27,146030,30,200,n,discreta_global,"(mu,lambda)",0.3
EE,potencias,1,730,3.870070735948165e-27,146230,30,200,n,discreta_global,"(mu,lambda)",0.3
EE,potencias,1,731,2.8911196184973008e-27,146430,30,200,n,discreta_global,"(mu,lambda)",0.3
EE,potencias,1,732,2.5542300497003646e-27,146630,30,200,n,discreta_global,"(mu,lambda)",0.3
EE,potencias,1,733,2.6120265775172853e-27,146830,30,200,n,discreta_global,"(mu,lambda)",0.3
EE,potencias,1,734,2.5549345988508406e-27,147030,30,200,n,discreta_global,"(mu,lambda)",0.3
EE,potencias,1,735,4.503469191010775e-27,147230,30,200,n,discreta_global,"(mu,lambda)",0.3
EE,potencias,1,736,4.065248543879671e-27,147430,30,200,n,discreta_global,"(mu,lambda)",0.3
EE,potencias,1,737,2.9446435124560142e-27,147630,30,200,n,discreta_global,"(mu,lambda)",0.3
EE,potencias,1,738,2.77502570027303e-27,147830,30,200,n,discreta_global,"(mu,lambda)",0.3
EE,potencias,1,739,2.8098049415683723e-27,148030,30,200,n,discreta_global,"(mu,lambda)",0.3
EE,potencias,1,740,3.1607798492864815e-27,148230,30,200,n,discreta_global,"(mu,lambda)",0.3
EE,potencias,1,741,3.547171029057157e-27,148430,30,200,n,discreta_global,"(mu,lambda)",0.3
EE,potencias,1,742,3.795785552504367e-27,148630,30,200,n,discreta_global,"(mu,lambda)",0.3
EE,potencias,1,743,5.0000396217128614e-27,148830,30,200,n,discreta_global,"(mu,lambda)",0.3
EE,potencias,1,744,2.5801923834576184e-27,149030,30,200,n,discreta_global,"(mu,lambda)",0.3
EE,potencias,1,745,2.7397230739511893e-27,149230,30,200,n,discreta_global,"(mu,lambda)",0.3
EE,potencias,1,746,2.446611761408603e-27,149430,30,200,n,discreta_global,"(mu,lambda)",0.3
EE,potencias,1,747,3.683341931559444e-27,149630,30,200,n,discreta_global,"(mu,lambda)",0.3
EE,potencias,1,748,3.1039446503697166e-27,149830,30,200,n,discreta_global,"(mu,lambda)",0.3
EE,potencias,1,749,3.514126192250787e-27,150030,30,200,n,discreta_global,"(mu,lambda)",0.3
EE,potencias,1,750,2.8517177600424133e-27,150230,30,200,n,discreta_global,"(mu,lambda)",0.3
EE,potencias,1,751,2.2804867911938318e-27,150430,30,200,n,discreta_global,"(mu,lambda)",0.3
EE,potencias,1,752,4.631638842034082e-27,150630,30,200,n,discreta_global,"(mu,lambda)",0.3
EE,potencias,1,753,3.1760851653780973e-27,150830,30,200,n,discreta_global,"(mu,lambda)",0.3
EE,potencias,1,754,6.3792364873701945e-27,151030,30,200,n,discreta_global,"(mu,lambda)",0.3
EE,potencias,1,755,2.908678708265316e-27,151230,30,200,n,discreta_global,"(mu,lambda)",0.3
EE,potencias,1,756,5.165010239371042e-27,151430,30,200,n,discreta_global,"(mu,lambda)",0.3
EE,potencias,1,757,5.205949989639723e-27,151630,30,200,n,discreta_global,"(mu,lambda)",0.3
EE,potencias,1,758,2.4169743603974435e-27,151830,30,200,n,discreta_global,"(mu,lambda)",0.3
EE,potencias,1,759,2.482559591379987e-27,152030,30,200,n,discreta_global,"(mu,lambda)",0.3
EE,potencias,1,760,2.2730976673529384e-27,152230,30,200,n,discreta_global,"(mu,lambda)",0.3
EE,potencias,1,761,4.9302628868951144e-27,152430,30,200,n,discreta_global,"(mu,lambda)",0.3
EE,potencias,1,762,2.9679026540257573e-27,152630,30,200,n,discreta_global,"(mu,lambda)",0.3
EE,potencias,1,763,3.513092255168302e-27,152830,30,200,n,discreta_global,"(mu,lambda)",0.3
EE,potencias,1,764,3.534275780967793e-27,153030,30,200,n,discreta_global,"(mu,lambda)",0.3
EE,potencias,1,765,5.8555495947694315e-27,153230,30,200,n,discreta_global,"(mu,lambda)",0.3
EE,potencias,1,766,2.66013836840938e-27,153430,30,200,n,discreta_global,"(mu,lambda)",0.3
EE,potencias,1,767,2.895098117247877e-27,153630,30,200,n,discreta_global,"(mu,lambda)",0.3
EE,potencias,1,768,3.358924386513898e-27,153830,30,200,n,discreta_global,"(mu,lambda)",0.3
EE,potencias,1,769,2.895556139668836e-27,154030,30,200,n,discreta_global,"(mu,lambda)",0.3
EE,potencias,1,770,3.949989867101064e-27,154230,30,200,n,discreta_global,"(mu,lambda)",0.3
EE,potencias,1,771,2.7346216396653844e-27,154430,30,200,n,discreta_global,"(mu,lambda)",0.3
EE,potencias,1,772,3.2425268340203604e-27,154630,30,200,n,discreta_global,"(mu,lambda)",0.3
EE,potencias,1,773,2.706541911796507e-27,154830,30,200,n,discreta_global,"(mu,lambda)",0.3
EE,potencias,1,774,2.88004880708319e-27,155030,30,200,n,discreta_global,"(mu,lambda)",0.3
EE,potencias,1,775,2.6799221570803124e-27,155230,30,200,n,discreta_global,"(mu,lambda)",0.3
EE,potencias,1,776,3.5379893925044155e-27,155430,30,200,n,discreta_global,"(mu,lambda)",0.3
EE,potencias,1,777,2.746173931315698e-27,155630,30,200,n,discreta_global,"(mu,lambda)",0.3
EE,potencias,1,778,4.234973047584289e-27,155830,30,200,n,discreta_global,"(mu,lambda)",0.3
EE,potencias,1,779,3.431261131780058e-27,156030,30,200,n,discreta_global,"(mu,lambda)",0.3
EE,potencias,1,780,2.8400668819684268e-27,156230,30,200,n,discreta_global,"(mu,lambda)",0.3
EE,potencias,1,781,3.247012936878199e-27,156430,30,200,n,discreta_global,"(mu,lambda)",0.3
EE,potencias,1,782,2.76144334336754e-27,156630,30,200,n,discreta_global,"(mu,lambda)",0.3
EE,potencias,1,783,2.6859953184983667e-27,156830,30,200,n,discreta_global,"(mu,lambda)",0.3
EE,potencias,1,784,5.0383270951767456e-27,157030,30,200,n,discreta_global,"(mu,lambda)",0.3
EE,potencias,1,785,2.6887787305460406e-27,157230,30,200,n,discreta_global,"(mu,lambda)",0.3
EE,potencias,1,786,2.663163136825339e-27,157430,30,200,n,discreta_global,"(mu,lambda)",0.3
EE,potencias,1,787,2.6649798676937718e-27,157630,30,200,n,discreta_global,"(mu,lambda)",0.3
EE,potencias,1,788,2.864275677799618e-27,157830,30,200,n,discreta_global,"(mu,lambda)",0.3
EE,potencias,1,789,2.9942078954443164e-27,158030,30,200,n,discreta_global,"(mu,lambda)",0.3
EE,potencias,1,790,2.635665896852595e-27,158230,30,200,n,discreta_global,"(mu,lambda)",0.3
EE,potencias,1,791,2.646879374554527e-27,158430,30,200,n,discreta_global,"(mu,lambda)",0.3
EE,potencias,1,792,2.6727983125133682e-27,158630,30,200,n,discreta_global,"(mu,lambda)",0.3
EE,potencias,1,793,3.415980913688398e-27,158830,30,200,n,discreta_global,"(mu,lambda)",0.3
EE,potencias,1,794,2.646346046671414e-27,159030,30,200,n,discreta_global,"(mu,lambda)",0.3
EE,potencias,1,795,2.6300105746596154e-27,159230,30,200,n,discreta_global,"(mu,lambda)",0.3
EE,potencias,1,796,2.9016694597761286e-27,159430,30,200,n,discreta_global,"(mu,lambda)",0.3
EE,potencias,1,797,2.631445456371029e-27,159630,30,200,n,discreta_global,"(mu,lambda)",0.3
EE,potencias,1,798,2.6236299569231987e-27,159830,30,200,n,discreta_global,"(mu,lambda)",0.3
EE,potencias,1,799,2.620278507535979e-27,160030,30,200,n,discreta_global,"(mu,lambda)",0.3
EE,potencias,1,800,2.6373731418516005e-27,160230,30,200,n,discreta_global,"(mu,lambda)",0.3
EE,potencias,1,801,2.6237211186072435e-27,160430,30,200,n,discreta_global,"(mu,lambda)",0.3
EE,potencias,1,802,2.647842553738236e-27,160630,30,200,n,discreta_global,"(mu,lambda)",0.3
EE,potencias,1,803,2.6376556591835458e-27,160830,30,200,n,discreta_global,"(mu,lambda)",0.3
EE,potencias,1,804,2.6187760171019624e-27,161030,30,200,n,discreta_global,"(mu,lambda)",0.3
EE,potencias,1,805,2.6222826055570746e-27,161230,30,200,n,discreta_global,"(mu,lambda)",0.3
EE,potencias,1,806,2.6562698560102304e-27,161430,30,200,n,discreta_global,"(mu,lambda)",0.3
EE,potencias,1,807,2.715503179117293e-27,161630,30,200,n,discreta_global,"(mu,lambda)",0.3
EE,potencias,1,808,2.645123289979951e-27,161830,30,200,n,discreta_global,"(mu,lambda)",0.3
EE,potencias,1,809,2.6286737883421926e-27,162030,30,200,n,discreta_global,"(mu,lambda)",0.3
EE,potencias,1,810,2.730560071207774e-27,162230,30,200,n,discreta_global,"(mu,lambda)",0.3
EE,potencias,1,811,2.699753151756415e-27,162430,30,200,n,discreta_global,"(mu,lambda)",0.3
EE,potencias,1,812,3.0007558432851954e-27,162630,30,200,n,discreta_global,"(mu,lambda)",0.3
EE,potencias,1,813,2.6869182410483768e-27,162830,30,200,n,discreta_global,"(mu,lambda)",0.3
EE,potencias,1,814,2.6676659242709905e-27,163030,30,200,n,discreta_global,"(mu,lambda)",0.3
EE,potencias,1,815,2.6417383262934853e-27,163230,30,200,n,discreta_global,"(mu,lambda)",0.3
EE,potencias,1,816,2.6178916231532986e-27,163430,30,200,n,discreta_global,"(mu,lambda)",0.3
EE,potencias,1,817,2.618486302223734e-27,163630,30,200,n,discreta_global,"(mu,lambda)",0.3
EE,potencias,1,818,2.740623199078622e-27,163830,30,200,n,discreta_global,"(mu,lambda)",0.3
EE,potencias,1,819,2.692352021716771e-27,164030,30,200,n,discreta_global,"(mu,lambda)",0.3
EE,potencias,1,820,2.646812885854652e-27,164230,30,200,n,discreta_global,"(mu,lambda)",0.3
EE,potencias,1,821,2.621033600748939e-27,164430,30,200,n,discreta_global,"(mu,lambda)",0.3
EE,potencias,1,822,2.865505578379523e-27,164630,30,200,n,discreta_global,"(mu,lambda)",0.3
EE,potencias,1,823,2.634122978139049e-27,164830,30,200,n,discreta_global,"(mu,lambda)",0.3
EE,potencias,1,824,2.615781695371203e-27,165030,30,200,n,discreta_global,"(mu,lambda)",0.3
EE,potencias,1,825,2.636733100256658e-27,165230,30,200,n,discreta_global,"(mu,lambda)",0.3
EE,potencias,1,826,2.851366406453705e-27,165430,30,200,n,discreta_global,"(mu,lambda)",0.3
EE,potencias,1,827,2.6696087096489793e-27,165630,30,200,n,discreta_global,"(mu,lambda)",0.3
EE,potencias,1,828,2.624942495951238e-27,165830,30,200,n,discreta_global,"(mu,lambda)",0.3
EE,potencias,1,829,2.779011396114486e-27,166030,30,200,n,discreta_global,"(mu,lambda)",0.3
EE,potencias,1,830,2.698764804416483e-27,166230,30,200,n,discreta_global,"(mu,lambda)",0.3
EE,potencias,1,831,2.8955514636615652e-27,166430,30,200,n,discreta_global,"(mu,lambda)",0.3
EE,potencias,1,832,2.67559912417868e-27,166630,30,200,n,discreta_global,"(mu,lambda)",0.3
EE,potencias,1,833,2.6456463576973395e-27,166830,30,200,n,discreta_global,"(mu,lambda)",0.3
EE,potencias,1,834,2.7711230087901235e-27,167030,30,200,n,discreta_global,"(mu,lambda)",0.3
EE,potencias,1,835,5.001281957408395e-27,167230,30,200,n,discreta_global,"(mu,lambda)",0.3
EE,potencias,1,836,2.6608864415224376e-27,167430,30,200,n,discreta_global,"(mu,lambda)",0.3
EE,potencias,1,837,2.8415257753758037e-27,167630,30,200,n,discreta_global,"(mu,lambda)",0.3
EE,potencias,1,838,2.6253426222896785e-27,167830,30,200,n,discreta_global,"(mu,lambda)",0.3
EE,potencias,1,839,2.4130759844970686e-27,168030,30,200,n,discreta_global,"(mu,lambda)",0.3
EE,potencias,1,840,2.696558090884195e-27,168230,30,200,n,discreta_global,"(mu,lambda)",0.3
EE,potencias,1,841,3.214352906807368e-27,168430,30,200,n,discreta_global,"(mu,lambda)",0.3
EE,potencias,1,842,2.635910453928302e-27,168630,30,200,n,discreta_global,"(mu,lambda)",0.3
EE,potencias,1,843,2.607976809311272e-27,168830,30,200,n,discreta_global,"(mu,lambda)",0.3
EE,potencias,1,844,2.6056535699527163e-27,169030,30,200,n,discreta_global,"(mu,lambda)",0.3
EE,potencias,1,845,2.791469997820222e-27,169230,30,200,n,discreta_global,"(mu,lambda)",0.3
EE,potencias,1,846,3.0570777678510933e-27,169430,30,200,n,discreta_global,"(mu,lambda)",0.3
EE,potencias,1,847,2.824242593271617e-27,169630,30,200,n,discreta_global,"(mu,lambda)",0.3
EE,potencias,1,848,2.607609810883715e-27,169830,30,200,n,discreta_global,"(mu,lambda)",0.3
EE,potencias,1,849,2.6193946757536306e-27,170030,30,200,n,discreta_global,"(mu,lambda)",0.3
EE,potencias,1,850,3.24597583546905e-27,170230,30,200,n,discreta_global,"(mu,lambda)",0.3
EE,potencias,1,851,2.622894659998954e-27,170430,30,200,n,discreta_global,"(mu,lambda)",0.3
EE,potencias,1,852,2.8431702095760413e-27,170630,30,200,n,discreta_global,"(mu,lambda)",0.3
EE,potencias,1,853,2.6462080232674534e-27,170830,30,200,n,discreta_global,"(mu,lambda)",0.3
EE,potencias,1,854,2.648810072685838e-27,171030,30,200,n,discreta_global,"(mu,lambda)",0.3
EE,potencias,1,855,2.6603505267152537e-27,171230,30,200,n,discreta_global,"(mu,lambda)",0.3
EE,potencias,1,856,2.616105279643234e-27,171430,30,200,n,discreta_global,"(mu,lambda)",0.3
EE,potencias,1,857,2.6061274139236836e-27,171630,30,200,n,discreta_global,"(mu,lambda)",0.3
EE,potencias,1,858,2.6794646680051283e-27,171830,30,200,n,discreta_global,"(mu,lambda)",0.3
EE,potencias,1,859,2.6569606591044298e-27,172030,30,200,n,discreta_global,"(mu,lambda)",0.3
EE,potencias,1,860,2.6673284234650458e-27,172230,30,200,n,discreta_global,"(mu,lambda)",0.3
EE,potencias,1,861,2.6230672601474642e-27,172430,30,200,n,discreta_global,"(mu,lambda)",0.3
EE,potencias,1,862,2.620926989392102e-27,172630,30,200,n,discreta_global,"(mu,lambda)",0.3
EE,potencias,1,863,2.8584194378956097e-27,172830,30,200,n,discreta_global,"(mu,lambda)",0.3
EE,potencias,1,864,2.62898882041326e-27,173030,30,200,n,discreta_global,"(mu,lambda)",0.3
EE,potencias,1,865,2.6904567359117208e-27,173230,30,200,n,discreta_global,"(mu,lambda)",0.3
EE,potencias,1,866,2.654563320635602e-27,173430,30,200,n,discreta_global,"(mu,lambda)",0.3
EE,potencias,1,867,2.6483252733239714e-27,173630,30,200,n,discreta_global,"(mu,lambda)",0.3
EE,potencias,1,868,2.627226090610273e-27,173830,30,200,n,discreta_global,"(mu,lambda)",0.3
EE,potencias,1,869,2.718719137689826e-27,174030,30,200,n,discreta_global,"(mu,lambda)",0.3
EE,potencias,1,870,3.372902568925395e-27,174230,30,200,n,discreta_global,"(mu,lambda)",0.3
EE,potencias,1,871,3.63968538640589e-27,174430,30,200,n,discreta_global,"(mu,lambda)",0.3
EE,potencias,1,872,2.651510712865345e-27,174630,30,200,n,discreta_global,"(mu,lambda)",0.3
EE,potencias,1,873,3.079260646698794e-27,174830,30,200,n,discreta_global,"(mu,lambda)",0.3
EE,potencias,1,874,2.7949863048282864e-27,175030,30,200,n,discreta_global,"(mu,lambda)",0.3
EE,potencias,1,875,2.674467026557633e-27,175230,30,200,n,discreta_global,"(mu,lambda)",0.3
EE,potencias,1,876,2.7854976227344554e-27,175430,30,200,n,discreta_global,"(mu,lambda)",0.3
EE,potencias,1,877,2.6800672780782234e-27,175630,30,200,n,discreta_global,"(mu,lambda)",0.3
EE,potencias,1,878,2.7675382446026256e-27,175830,30,200,n,discreta_global,"(mu,lambda)",0.3
EE,potencias,1,879,2.7628097932447567e-27,176030,30,200,n,discreta_global,"(mu,lambda)",0.3
EE,potencias,1,880,2.64633812700704e-27,176230,30,200,n,discreta_global,"(mu,lambda)",0.3
EE,potencias,1,881,2.663836202877036e-27,176430,30,200,n,discreta_global,"(mu,lambda)",0.3
EE,potencias,1,882,2.6592561599808692e-27,176630,30,200,n,discreta_global,"(mu,lambda)",0.3
EE,potencias,1,883,2.64692872036565e-27,176830,30,200,n,discreta_global,"(mu,lambda)",0.3
EE,potencias,1,884,2.667942506497317e-27,177030,30,200,n,discreta_global,"(mu,lambda)",0.3
EE,potencias,1,885,2.627769516946937e-27,177230,30,200,n,discreta_global,"(mu,lambda)",0.3
EE,potencias,1,886,2.6796399634672248e-27,177430,30,200,n,discreta_global,"(mu,lambda)",0.3
EE,potencias,1,887,3.317605371650902e-27,177630,30,200,n,discreta_global,"(mu,lambda)",0.3
EE,potencias,1,888,2.810535294404731e-27,177830,30,200,n,discreta_global,"(mu,lambda)",0.3
EE,potencias,1,889,2.7216355408866235e-27,178030,30,200,n,discreta_global,"(mu,lambda)",0.3
EE,potencias,1,890,2.621330634565671e-27,178230,30,200,n,discreta_global,"(mu,lambda)",0.3
EE,potencias,1,891,2.6700062868226232e-27,178430,30,200,n,discreta_global,"(mu,lambda)",0.3
EE,potencias,1,892,2.890477390883581e-27,178630,30,200,n,discreta_global,"(mu,lambda)",0.3
EE,potencias,1,893,2.6617958319688304e-27,178830,30,200,n,discreta_global,"(mu,lambda)",0.3
EE,potencias,1,894,2.7731445471947114e-27,179030,30,200,n,discreta_global,"(mu,lambda)",0.3
EE,potencias,1,895,2.6373992441883195e-27,179230,30,200,n,discreta_global,"(mu,lambda)",0.3
EE,potencias,1,896,2.7384631758391465e-27,179430,30,200,n,discreta_global,"(mu,lambda)",0.3
EE,potencias,1,897,2.6117537842740026e-27,179630,30,200,n,discreta_global,"(mu,lambda)",0.3
EE,potencias,1,898,2.6670213944395905e-27,179830,30,200,n,discreta_global,"(mu,lambda)",0.3
EE,potencias,1,899,2.6159606610617934e-27,180030,30,200,n,discreta_global,"(mu,lambda)",0.3
EE,potencias,1,900,2.7343931351310688e-27,180230,30,200,n,discreta_global,"(mu,lambda)",0.3
EE,potencias,1,901,2.6829091834400463e-27,180430,30,200,n,discreta_global,"(mu,lambda)",0.3
EE,potencias,1,902,3.120819121358691e-27,180630,30,200,n,discreta_global,"(mu,lambda)",0.3
EE,potencias,1,903,2.6472488279076453e-27,180830,30,200,n,discreta_global,"(mu,lambda)",0.3
EE,potencias,1,904,2.8117806958731753e-27,181030,30,200,n,discreta_global,"(mu,lambda)",0.3
EE,potencias,1,905,2.6768235564002666e-27,181230,30,200,n,discreta_global,"(mu,lambda)",0.3
EE,potencias,1,906,2.842895954824022e-27,181430,30,200,n,discreta_global,"(mu,lambda)",0.3
EE,potencias,1,907,2.6531016456784473e-27,181630,30,200,n,discreta_global,"(mu,lambda)",0.3
EE,potencias,1,908,2.626419492201772e-27,181830,30,200,n,discreta_global,"(mu,lambda)",0.3
EE,potencias,1,909,2.83261830966776e-27,182030,30,200,n,discreta_global,"(mu,lambda)",0.3
EE,potencias,1,910,2.7479167087690758e-27,182230,30,200,n,discreta_global,"(mu,lambda)",0.3
EE,potencias,1,911,2.6237149943609132e-27,182430,30,200,n,discreta_global,"(mu,lambda)",0.3
EE,potencias,1,912,2.776180269019206e-27,182630,30,200,n,discreta_global,"(mu,lambda)",0.3
EE,potencias,1,913,2.6281542117205377e-27,182830,30,200,n,discreta_global,"(mu,lambda)",0.3
EE,potencias,1,914,2.683059333895829e-27,183030,30,200,n,discreta_global,"(mu,lambda)",0.3
EE,potencias,1,915,2.6922774312958963e-27,183230,30,200,n,discreta_global,"(mu,lambda)",0.3
EE,potencias,1,916,2.9387433287513413e-27,183430,30,200,n,discreta_global,"(mu,lambda)",0.3
EE,potencias,1,917,2.690709419319087e-27,183630,30,200,n,discreta_global,"(mu,lambda)",0.3
EE,potencias,1,918,2.8253839065381794e-27,183830,30,200,n,discreta_global,"(mu,lambda)",0.3
EE,potencias,1,919,2.676563893918104e-27,184030,30,200,n,discreta_global,"(mu,lambda)",0.3
EE,potencias,1,920,2.7686893878943977e-27,184230,30,200,n,discreta_global,"(mu,lambda)",0.3
EE,potencias,1,921,2.7712569626829868e-27,184430,30,200,n,discreta_global,"(mu,lambda)",0.3
EE,potencias,1,922,2.7611462494081845e-27,184630,30,200,n,discreta_global,"(mu,lambda)",0.3
EE,potencias,1,923,2.6817438733175835e-27,184830,30,200,n,discreta_global,"(mu,lambda)",0.3
EE,potencias,1,924,2.720361827460054e-27,185030,30,200,n,discreta_global,"(mu,lambda)",0.3
EE,potencias,1,925,2.943343186697157e-27,185230,30,200,n,discreta_global,"(mu,lambda)",0.3
EE,potencias,1,926,2.6999322907427335e-27,185430,30,200,n,discreta_global,"(mu,lambda)",0.3
EE,potencias,1,927,2.6624509104273165e-27,185630,30,200,n,discreta_global,"(mu,lambda)",0.3
EE,potencias,1,928,2.719218875933873e-27,185830,30,200,n,discreta_global,"(mu,lambda)",0.3
EE,potencias,1,929,2.690590168224628e-27,186030,30,200,n,discreta_global,"(mu,lambda)",0.3
EE,potencias,1,930,2.6515386161911758e-27,186230,30,200,n,discreta_global,"(mu,lambda)",0.3
EE,potencias,1,931,2.8925962270852535e-27,186430,30,200,n,discreta_global,"(mu,lambda)",0.3
EE,potencias,1,932,3.26663863192294e-27,186630,30,200,n,discreta_global,"(mu,lambda)",0.3
EE,potencias,1,933,3.133831981203878e-27,186830,30,200,n,discreta_global,"(mu,lambda)",0.3
EE,potencias,1,934,2.941787498885444e-27,187030,30,200,n,discreta_global,"(mu,lambda)",0.3
EE,potencias,1,935,2.7621306385402505e-27,187230,30,200,n,discreta_global,"(mu,lambda)",0.3
EE,potencias,1,936,2.6934281429134835e-27,187430,30,200,n,discreta_global,"(mu,lambda)",0.3
EE,potencias,1,937,2.704188283360736e-27,187630,30,200,n,discreta_global,"(mu,lambda)",0.3
EE,potencias,1,938,3.0598381797634156e-27,187830,30,200,n,discreta_global,"(mu,lambda)",0.3
EE,potencias,1,939,2.7409905899216428e-27,188030,30,200,n,discreta_global,"(mu,lambda)",0.3
EE,potencias,1,940,2.6709768270791625e-27,188230,30,200,n,discreta_global,"(mu,lambda)",0.3
EE,potencias,1,941,2.7026167694055714e-27,188430,30,200,n,discreta_global,"(mu,lambda)",0.3
EE,potencias,1,942,2.6783168753754773e-27,188630,30,200,n,discreta_global,"(mu,lambda)",0.3
EE,potencias,1,943,2.7595944172283776e-27,188830,30,200,n,discreta_global,"(mu,lambda)",0.3
EE,potencias,1,944,2.6794741609849973e-27,189030,30,200,n,discreta_global,"(mu,lambda)",0.3
EE,potencias,1,945,2.773672820602502e-27,189230,30,200,n,discreta_global,"(mu,lambda)",0.3
EE,potencias,1,946,2.7207529440176e-27,189430,30,200,n,discreta_global,"(mu,lambda)",0.3
EE,potencias,1,947,2.741101512141239e-27,189630,30,200,n,discreta_global,"(mu,lambda)",0.3
EE,potencias,1,948,2.7260316373440923e-27,189830,30,200,n,discreta_global,"(mu,lambda)",0.3
EE,potencias,1,949,2.8400170328757024e-27,190030,30,200,n,discreta_global,"(mu,lambda)",0.3
EE,potencias,1,950,2.7731034609585996e-27,190230,30,200,n,discreta_global,"(mu,lambda)",0.3
EE,potencias,1,951,2.7536749950135608e-27,190430,30,200,n,discreta_global,"(mu,lambda)",0.3
EE,potencias,1,952,2.8107394682245164e-27,190630,30,200,n,discreta_global,"(mu,lambda)",0.3
EE,potencias,1,953,2.7925339150211854e-27,190830,30,200,n,discreta_global,"(mu,lambda)",0.3
EE,potencias,1,954,2.690931277780624e-27,191030,30,200,n,discreta_global,"(mu,lambda)",0.3
EE,potencias,1,955,2.917890727954343e-27,191230,30,200,n,discreta_global,"(mu,lambda)",0.3
EE,potencias,1,956,2.7401678101017386e-27,191430,30,200,n,discreta_global,"(mu,lambda)",0.3
EE,potencias,1,957,2.7047223975737005e-27,191630,30,200,n,discreta_global,"(mu,lambda)",0.3
EE,potencias,1,958,2.71589973183696e-27,191830,30,200,n,discreta_global,"(mu,lambda)",0.3
EE,potencias,1,959,2.7037079002776086e-27,192030,30,200,n,discreta_global,"(mu,lambda)",0.3
EE,potencias,1,960,3.0368237140474283e-27,192230,30,200,n,discreta_global,"(mu,lambda)",0.3
EE,potencias,1,961,2.667541583553701e-27,192430,30,200,n,discreta_global,"(mu,lambda)",0.3
EE,potencias,1,962,2.6572379604057768e-27,192630,30,200,n,discreta_global,"(mu,lambda)",0.3
EE,potencias,1,963,2.72190625090257e-27,192830,30,200,n,discreta_global,"(mu,lambda)",0.3
EE,potencias,1,964,2.6954731038279514e-27,193030,30,200,n,discreta_global,"(mu,lambda)",0.3
EE,potencias,1,965,2.7371973026505485e-27,193230,30,200,n,discreta_global,"(mu,lambda)",0.3
EE,potencias,1,966,2.7547662031170043e-27,193430,30,200,n,discreta_global,"(mu,lambda)",0.3
EE,potencias,1,967,2.8256098479817866e-27,193630,30,200,n,discreta_global,"(mu,lambda)",0.3
EE,potencias,1,968,3.036334512275415e-27,193830,30,200,n,discreta_global,"(mu,lambda)",0.3
EE,potencias,1,969,2.7812406796875632e-27,194030,30,200,n,discreta_global,"(mu,lambda)",0.3
EE,potencias,1,970,2.698066618294139e-27,194230,30,200,n,discreta_global,"(mu,lambda)",0.3
EE,potencias,1,971,2.911286851007051e-27,194430,30,200,n,discreta_global,"(mu,lambda)",0.3
EE,potencias,1,972,2.920832961727857e-27,194630,30,200,n,discreta_global,"(mu,lambda)",0.3
EE,potencias,1,973,2.8288328729038184e-27,194830,30,200,n,discreta_global,"(mu,lambda)",0.3
EE,potencias,1,974,2.829490615712022e-27,195030,30,200,n,discreta_global,"(mu,lambda)",0.3
EE,potencias,1,975,2.691764301316356e-27,195230,30,200,n,discreta_global,"(mu,lambda)",0.3
EE,potencias,1,976,2.701813397427111e-27,195430,30,200,n,discreta_global,"(mu,lambda)",0.3
EE,potencias,1,977,2.7138472078216558e-27,195630,30,200,n,discreta_global,"(mu,lambda)",0.3
EE,potencias,1,978,2.7019710746120734e-27,195830,30,200,n,discreta_global,"(mu,lambda)",0.3
EE,potencias,1,979,2.9301558746422253e-27,196030,30,200,n,discreta_global,"(mu,lambda)",0.3
EE,potencias,1,980,2.8264546686812137e-27,196230,30,200,n,discreta_global,"(mu,lambda)",0.3
EE,potencias,1,981,2.6663547198148245e-27,196430,30,200,n,discreta_global,"(mu,lambda)",0.3
EE,potencias,1,982,3.5605363661635376e-27,196630,30,200,n,discreta_global,"(mu,lambda)",0.3
EE,potencias,1,983,2.7120384027614122e-27,196830,30,200,n,discreta_global,"(mu,lambda)",0.3
EE,potencias,1,984,2.9236229999263243e-27,197030,30,200,n,discreta_global,"(mu,lambda)",0.3
EE,potencias,1,985,2.801687558885165e-27,197230,30,200,n,discreta_global,"(mu,lambda)",0.3
EE,potencias,1,986,2.722759400749234e-27,197430,30,200,n,discreta_global,"(mu,lambda)",0.3
EE,potencias,1,987,2.7089870851741246e-27,197630,30,200,n,discreta_global,"(mu,lambda)",0.3
EE,potencias,1,988,2.6980673935132384e-27,197830,30,200,n,discreta_global,"(mu,lambda)",0.3
EE,potencias,1,989,3.174021428608317e-27,198030,30,200,n,discreta_global,"(mu,lambda)",0.3
EE,potencias,1,990,2.8023674918257188e-27,198230,30,200,n,discreta_global,"(mu,lambda)",0.3
EE,potencias,1,991,2.847021904757787e-27,198430,30,200,n,discreta_global,"(mu,lambda)",0.3
EE,potencias,1,992,2.7826831010851628e-27,198630,30,200,n,discreta_global,"(mu,lambda)",0.3
EE,potencias,1,993,2.751403667466609e-27,198830,30,200,n,discreta_global,"(mu,lambda)",0.3
EE,potencias,1,994,3.1831831776608918e-27,199030,30,200,n,discreta_global,"(mu,lambda)",0.3
EE,potencias,1,995,2.805712955259415e-27,199230,30,200,n,discreta_global,"(mu,lambda)",0.3
EE,potencias,1,996,2.976138674059752e-27,199430,30,200,n,discreta_global,"(mu,lambda)",0.3
EE,potencias,1,997,2.995531354199577e-27,199630,30,200,n,discreta_global,"(mu,lambda)",0.3
EE,potencias,1,998,2.8240822018587286e-27,199830,30,200,n,discreta_global,"(mu,lambda)",0.3
EE,potencias,1,999,2.642820781188128e-27,200030,30,200,n,discreta_global,"(mu,lambda)",0.3
EE,potencias,1,1000,2.8934552054069002e-27,200230,30,200,n,discreta_global,"(mu,lambda)",0.3
EE,potencias,1,1001,3.074857305899757e-27,200430,30,200,n,discreta_global,"(mu,lambda)",0.3
EE,potencias,1,1002,2.683535227087119e-27,200630,30,200,n,discreta_global,"(mu,lambda)",0.3
EE,potencias,1,1003,3.1448689516002526e-27,200830,30,200,n,discreta_global,"(mu,lambda)",0.3
EE,potencias,1,1004,2.9462214493399073e-27,201030,30,200,n,discreta_global,"(mu,lambda)",0.3
EE,potencias,1,1005,3.1567938604458818e-27,201230,30,200,n,discreta_global,"(mu,lambda)",0.3
EE,potencias,1,1006,3.1596069598672972e-27,201430,30,200,n,discreta_global,"(mu,lambda)",0.3
EE,potencias,1,1007,2.9510130513179478e-27,201630,30,200,n,discreta_global,"(mu,lambda)",0.3
EE,potencias,1,1008,3.2668143532930825e-27,201830,30,200,n,discreta_global,"(mu,lambda)",0.3
EE,potencias,1,1009,3.659838362030966e-27,202030,30,200,n,discreta_global,"(mu,lambda)",0.3
EE,potencias,1,1010,2.8325011467955643e-27,202230,30,200,n,discreta_global,"(mu,lambda)",0.3
EE,potencias,1,1011,2.8057962438740957e-27,202430,30,200,n,discreta_global,"(mu,lambda)",0.3
EE,potencias,1,1012,4.023611598286793e-27,202630,30,200,n,discreta_global,"(mu,lambda)",0.3
EE,potencias,1,1013,2.9904925953559464e-27,202830,30,200,n,discreta_global,"(mu,lambda)",0.3
EE,potencias,1,1014,2.5689753147494867e-27,203030,30,200,n,discreta_global,"(mu,lambda)",0.3
EE,potencias,1,1015,2.6932637076578253e-27,203230,30,200,n,discreta_global,"(mu,lambda)",0.3
EE,potencias,1,1016,2.839705664869787e-27,203430,30,200,n,discreta_global,"(mu,lambda)",0.3
EE,potencias,1,1017,2.8911651512431756e-27,203630,30,200,n,discreta_global,"(mu,lambda)",0.3
EE,potencias,1,1018,2.4898142675981893e-27,203830,30,200,n,discreta_global,"(mu,lambda)",0.3
EE,potencias,1,1019,2.791874532397902e-27,204030,30,200,n,discreta_global,"(mu,lambda)",0.3
EE,potencias,1,1020,3.557073250266743e-27,204230,30,200,n,discreta_global,"(mu,lambda)",0.3
EE,potencias,1,1021,3.4438139761866356e-27,204430,30,200,n,discreta_global,"(mu,lambda)",0.3
EE,potencias,1,1022,3.326120048114415e-27,204630,30,200,n,discreta_global,"(mu,lambda)",0.3
EE,potencias,1,1023,3.3598126879541055e-27,204830,30,200,n,discreta_global,"(mu,lambda)",0.3
EE,potencias,1,1024,3.2446302537806416e-27,205030,30,200,n,discreta_global,"(mu,lambda)",0.3
EE,potencias,1,1025,4.021140808395804e-27,205230,30,200,n,discreta_global,"(mu,lambda)",0.3
EE,potencias,1,1026,3.520393845700774e-27,205430,30,200,n,discreta_global,"(mu,lambda)",0.3
EE,potencias,1,1027,3.3833908811977546e-27,205630,30,200,n,discreta_global,"(mu,lambda)",0.3
EE,potencias,1,1028,3.548313105477029e-27,205830,30,200,n,discreta_global,"(mu,lambda)",0.3
EE,potencias,1,1029,2.967489273116305e-27,206030,30,200,n,discreta_global,"(mu,lambda)",0.3
EE,potencias,1,1030,3.414745175045647e-27,206230,30,200,n,discreta_global,"(mu,lambda)",0.3
EE,potencias,1,1031,4.150482059437883e-27,206430,30,200,n,discreta_global,"(mu,lambda)",0.3
EE,potencias,1,1032,4.049916954712371e-27,206630,30,200,n,discreta_global,"(mu,lambda)",0.3
EE,potencias,1,1033,1.8186708499924973e-27,206830,30,200,n,discreta_global,"(mu,lambda)",0.3
EE,potencias,1,1034,4.269320378338605e-27,207030,30,200,n,discreta_global,"(mu,lambda)",0.3
EE,potencias,1,1035,2.7029825314019008e-27,207230,30,200,n,discreta_global,"(mu,lambda)",0.3
EE,potencias,1,1036,4.0708774617898156e-27,207430,30,200,n,discreta_global,"(mu,lambda)",0.3
EE,potencias,1,1037,3.901691251086762e-27,207630,30,200,n,discreta_global,"(mu,lambda)",0.3
EE,potencias,1,1038,1.7493032029790568e-27,207830,30,200,n,discreta_global,"(mu,lambda)",0.3
EE,potencias,1,1039,3.1464484187263984e-27,208030,30,200,n,discreta_global,"(mu,lambda)",0.3
EE,potencias,1,1040,2.2952398171888342e-27,208230,30,200,n,discreta_global,"(mu,lambda)",0.3
EE,potencias,1,1041,1.7897325200718326e-27,208430,30,200,n,discreta_global,"(mu,lambda)",0.3
EE,potencias,1,1042,1.702559389433406e-27,208630,30,200,n,discreta_global,"(mu,lambda)",0.3
EE,potencias,1,1043,1.0743323868179716e-27,208830,30,200,n,discreta_global,"(mu,lambda)",0.3
EE,potencias,1,1044,1.4810011254964194e-27,209030,30,200,n,discreta_global,"(mu,lambda)",0.3
EE,potencias,1,1045,1.285465823137423e-27,209230,30,200,n,discreta_global,"(mu,lambda)",0.3
EE,potencias,1,1046,1.177437901301427e-27,209430,30,200,n,discreta_global,"(mu,lambda)",0.3
EE,potencias,1,1047,6.413952943562663e-27,209630,30,200,n,discreta_global,"(mu,lambda)",0.3
EE,potencias,1,1048,7.314591185020387e-28,209830,30,200,n,discreta_global,"(mu,lambda)",0.3
EE,potencias,1,1049,1.0145551028098562e-27,210030,30,200,n,discreta_global,"(mu,lambda)",0.3
EE,potencias,1,1050,1.1292443936216957e-27,210230,30,200,n,discreta_global,"(mu,lambda)",0.3
EE,potencias,1,1051,2.025850711551223e-27,210430,30,200,n,discreta_global,"(mu,lambda)",0.3
EE,potencias,1,1052,9.207265388966565e-28,210630,30,200,n,discreta_global,"(mu,lambda)",0.3
EE,potencias,1,1053,7.380476615030003e-28,210830,30,200,n,discreta_global,"(mu,lambda)",0.3
EE,potencias,1,1054,2.191677221085008e-27,211030,30,200,n,discreta_global,"(mu,lambda)",0.3
EE,potencias,1,1055,1.3678584815021354e-27,211230,30,200,n,discreta_global,"(mu,lambda)",0.3
EE,potencias,1,1056,8.334748220539587e-28,211430,30,200,n,discreta_global,"(mu,lambda)",0.3
EE,potencias,1,1057,1.2811317737956944e-27,211630,30,200,n,discreta_global,"(mu,lambda)",0.3
EE,potencias,1,1058,6.925814222100471e-28,211830,30,200,n,discreta_global,"(mu,lambda)",0.3
EE,potencias,1,1059,8.893547035244895e-28,212030,30,200,n,discreta_global,"(mu,lambda)",0.3
EE,potencias,1,1060,9.996008222132528e-28,212230,30,200,n,discreta_global,"(mu,lambda)",0.3
EE,potencias,1,1061,2.729807806493817e-27,212430,30,200,n,discreta_global,"(mu,lambda)",0.3
EE,potencias,1,1062,1.0517013578601193e-27,212630,30,200,n,discreta_global,"(mu,lambda)",0.3
EE,potencias,1,1063,1.8996648435932003e-27,212830,30,200,n,discreta_global,"(mu,lambda)",0.3
EE,potencias,1,1064,9.950540603841508e-28,213030,30,200,n,discreta_global,"(mu,lambda)",0.3
EE,potencias,1,1065,1.5382994725752342e-27,213230,30,200,n,discreta_global,"(mu,lambda)",0.3
EE,potencias,1,1066,2.9807760801658045e-27,213430,30,200,n,discreta_global,"(mu,lambda)",0.3
EE,potencias,1,1067,1.0775993736204408e-27,213630,30,200,n,discreta_global,"(mu,lambda)",0.3
EE,potencias,1,1068,1.7033004396717964e-27,213830,30,200,n,discreta_global,"(mu,lambda)",0.3
EE,potencias,1,1069,1.292131302862664e-27,214030,30,200,n,discreta_global,"(mu,lambda)",0.3
EE,potencias,1,1070,2.3217738458306543e-27,214230,30,200,n,discreta_global,"(mu,lambda)",0.3
EE,potencias,1,1071,4.906045932846374e-27,214430,30,200,n,discreta_global,"(mu,lambda)",0.3
EE,potencias,1,1072,8.082242557320228e-27,214630,30,200,n,discreta_global,"(mu,lambda)",0.3
EE,potencias,1,1073,2.639250851269387e-27,214830,30,200,n,discreta_global,"(mu,lambda)",0.3
EE,potencias,1,1074,5.256942028430566e-27,215030,30,200,n,discreta_global,"(mu,lambda)",0.3
EE,potencias,1,1075,2.392037949601097e-27,215230,30,200,n,discreta_global,"(mu,lambda)",0.3
EE,potencias,1,1076,2.5665243645461254e-27,215430,30,200,n,discreta_global,"(mu,lambda)",0.3
EE,potencias,1,1077,2.8055020202830562e-27,215630,30,200,n,discreta_global,"(mu,lambda)",0.3
EE,potencias,1,1078,3.610932895167704e-27,215830,30,200,n,discreta_global,"(mu,lambda)",0.3
EE,potencias,1,1079,1.3884935876837608e-27,216030,30,200,n,discreta_global,"(mu,lambda)",0.3
EE,potencias,1,1080,2.5688867509640877e-27,216230,30,200,n,discreta_global,"(mu,lambda)",0.3
EE,potencias,1,1081,4.963214815947286e-27,216430,30,200,n,discreta_global,"(mu,lambda)",0.3
EE,potencias,1,1082,7.5533740681434095e-28,216630,30,200,n,discreta_global,"(mu,lambda)",0.3
EE,potencias,1,1083,3.561930461026241e-27,216830,30,200,n,discreta_global,"(mu,lambda)",0.3
EE,potencias,1,1084,3.0715328123814804e-27,217030,30,200,n,discreta_global,"(mu,lambda)",0.3
EE,potencias,1,1085,2.8443740136706155e-27,217230,30,200,n,discreta_global,"(mu,lambda)",0.3
EE,potencias,1,1086,3.791181009524313e-27,217430,30,200,n,discreta_global,"(mu,lambda)",0.3
EE,potencias,1,1087,2.610628181602279e-27,217630,30,200,n,discreta_global,"(mu,lambda)",0.3
EE,potencias,1,1088,1.6316650959135193e-27,217830,30,200,n,discreta_global,"(mu,lambda)",0.3
EE,potencias,1,1089,2.2998937246740294e-27,218030,30,200,n,discreta_global,"(mu,lambda)",0.3
EE,potencias,1,1090,2.483263847528269e-27,218230,30,200,n,discreta_global,"(mu,lambda)",0.3
EE,potencias,1,1091,7.190338797536727e-28,218430,30,200,n,discreta_global,"(mu,lambda)",0.3
EE,potencias,1,1092,1.0323986902291123e-27,218630,30,200,n,discreta_global,"(mu,lambda)",0.3
EE,potencias,1,1093,1.2962398572900328e-27,218830,30,200,n,discreta_global,"(mu,lambda)",0.3
EE,potencias,1,1094,7.836065094838312e-28,219030,30,200,n,discreta_global,"(mu,lambda)",0.3
EE,potencias,1,1095,3.417255576057492e-27,219230,30,200,n,discreta_global,"(mu,lambda)",0.3
EE,potencias,1,1096,1.1025723066944367e-27,219430,30,200,n,discreta_global,"(mu,lambda)",0.3
EE,potencias,1,1097,1.2120924372387617e-27,219630,30,200,n,discreta_global,"(mu,lambda)",0.3
EE,potencias,1,1098,8.575722846930597e-28,219830,30,200,n,discreta_global,"(mu,lambda)",0.3
EE,potencias,1,1099,1.5137892165078557e-27,220030,30,200,n,discreta_global,"(mu,lambda)",0.3
EE,potencias,1,1100,9.75838436400216e-28,220230,30,200,n,discreta_global,"(mu,lambda)",0.3
EE,potencias,1,1101,1.3349762529258017e-27,220430,30,200,n,discreta_global,"(mu,lambda)",0.3
EE,potencias,1,1102,1.4025559642947176e-27,220630,30,200,n,discreta_global,"(mu,lambda)",0.3
EE,potencias,1,1103,9.142073760854513e-28,220830,30,200,n,discreta_global,"(mu,lambda)",0.3
EE,potencias,1,1104,2.6101885125267203e-27,221030,30,200,n,discreta_global,"(mu,lambda)",0.3
EE,potencias,1,1105,5.076112933340349e-27,221230,30,200,n,discreta_global,"(mu,lambda)",0.3
EE,potencias,1,1106,1.2564074483906382e-27,221430,30,200,n,discreta_global,"(mu,lambda)",0.3
EE,potencias,1,1107,5.938560285527714e-27,221630,30,200,n,discreta_global,"(mu,lambda)",0.3
EE,potencias,1,1108,3.3211860490696776e-27,221830,30,200,n,discreta_global,"(mu,lambda)",0.3
EE,potencias,1,1109,4.579099185854524e-27,222030,30,200,n,discreta_global,"(mu,lambda)",0.3
EE,potencias,1,1110,5.6207449880964595e-27,222230,30,200,n,discreta_global,"(mu,lambda)",0.3
EE,potencias,1,1111,2.5026696463124806e-27,222430,30,200,n,discreta_global,"(mu,lambda)",0.3
EE,potencias,1,1112,2.2780012154189808e-27,222630,30,200,n,discreta_global,"(mu,lambda)",0.3
EE,potencias,1,1113,1.7899910531864266e-27,222830,30,200,n,discreta_global,"(mu,lambda)",0.3
EE,potencias,1,1114,4.834500575235523e-27,223030,30,200,n,discreta_global,"(mu,lambda)",0.3
EE,potencias,1,1115,7.606052908584656e-28,223230,30,200,n,discreta_global,"(mu,lambda)",0.3
EE,potencias,1,1116,8.531394260941432e-28,223430,30,200,n,discreta_global,"(mu,lambda)",0.3
EE,potencias,1,1117,1.907171056144823e-27,223630,30,200,n,discreta_global,"(mu,lambda)",0.3
EE,potencias,1,1118,1.3929046600792043e-27,223830,30,200,n,discreta_global,"(mu,lambda)",0.3
EE,potencias,1,1119,1.3117712894417436e-27,224030,30,200,n,discreta_global,"(mu,lambda)",0.3
EE,potencias,1,1120,2.4618373189343986e-27,224230,30,200,n,discreta_global,"(mu,lambda)",0.3
EE,potencias,1,1121,1.898070976705458e-27,224430,30,200,n,discreta_global,"(mu,lambda)",0.3
EE,potencias,1,1122,1.2625741986851235e-27,224630,30,200,n,discreta_global,"(mu,lambda)",0.3
EE,potencias,1,1123,1.8888579923307365e-27,224830,30,200,n,discreta_global,"(mu,lambda)",0.3
EE,potencias,1,1124,2.161558474269068e-27,225030,30,200,n,discreta_global,"(mu,lambda)",0.3
EE,potencias,1,1125,1.0722104257543206e-27,225230,30,200,n,discreta_global,"(mu,lambda)",0.3
EE,potencias,1,1126,9.573926121947892e-28,225430,30,200,n,discreta_global,"(mu,lambda)",0.3
EE,potencias,1,1127,1.3007940382570396e-27,225630,30,200,n,discreta_global,"(mu,lambda)",0.3
EE,potencias,1,1128,2.6211368337656303e-27,225830,30,200,n,discreta_global,"(mu,lambda)",0.3
EE,potencias,1,1129,2.3822571027099117e-27,226030,30,200,n,discreta_global,"(mu,lambda)",0.3
EE,potencias,1,1130,1.3300538069324391e-27,226230,30,200,n,discreta_global,"(mu,lambda)",0.3
EE,potencias,1,1131,2.2087701698727156e-27,226430,30,200,n,discreta_global,"(mu,lambda)",0.3
EE,potencias,1,1132,3.904875574378377e-27,226630,30,200,n,discreta_global,"(mu,lambda)",0.3
EE,potencias,1,1133,4.77412307813796e-27,226830,30,200,n,discreta_global,"(mu,lambda)",0.3
EE,potencias,1,1134,2.9996657980458974e-27,227030,30,200,n,discreta_global,"(mu,lambda)",0.3
EE,potencias,1,1135,2.117834560817895e-27,227230,30,200,n,discreta_global,"(mu,lambda)",0.3
EE,potencias,1,1136,2.1299136978721718e-27,227430,30,200,n,discreta_global,"(mu,lambda)",0.3
EE,potencias,1,1137,2.4001079904209267e-27,227630,30,200,n,discreta_global,"(mu,lambda)",0.3
EE,potencias,1,1138,2.6110856773813943e-27,227830,30,200,n,discreta_global,"(mu,lambda)",0.3
EE,potencias,1,1139,2.425456495654655e-27,228030,30,200,n,discreta_global,"(mu,lambda)",0.3
EE,potencias,1,1140,3.083540934211317e-27,228230,30,200,n,discreta_global,"(mu,lambda)",0.3
EE,potencias,1,1141,1.904470631643349e-27,228430,30,200,n,discreta_global,"(mu,lambda)",0.3
EE,potencias,1,1142,1.9678774442931187e-27,228630,30,200,n,discreta_global,"(mu,lambda)",0.3
EE,potencias,1,1143,1.8387449863401035e-27,228830,30,200,n,discreta_global,"(mu,lambda)",0.3
EE,potencias,1,1144,2.6824478117249767e-27,229030,30,200,n,discreta_global,"(mu,lambda)",0.3
EE,potencias,1,1145,2.094012234343575e-27,229230,30,200,n,discreta_global,"(mu,lambda)",0.3
EE,potencias,1,1146,2.1018124810329956e-27,229430,30,200,n,discreta_global,"(mu,lambda)",0.3
EE,potencias,1,1147,1.9079298931260207e-27,229630,30,200,n,discreta_global,"(mu,lambda)",0.3
EE,potencias,1,1148,1.6027468351951053e-27,229830,30,200,n,discreta_global,"(mu,lambda)",0.3
EE,potencias,1,1149,1.9938516762481767e-27,230030,30,200,n,discreta_global,"(mu,lambda)",0.3
EE,potencias,1,1150,1.7577466396464394e-27,230230,30,200,n,discreta_global,"(mu,lambda)",0.3
EE,potencias,1,1151,1.8211120522096797e-27,230430,30,200,n,discreta_global,"(mu,lambda)",0.3
EE,potencias,1,1152,1.6864574907028668e-27,230630,30,200,n,discreta_global,"(mu,lambda)",0.3
EE,potencias,1,1153,2.137777587438894e-27,230830,30,200,n,discreta_global,"(mu,lambda)",0.3
EE,potencias,1,1154,2.014567349922767e-27,231030,30,200,n,discreta_global,"(mu,lambda)",0.3
EE,potencias,1,1155,2.115854902369258e-27,231230,30,200,n,discreta_global,"(mu,lambda)",0.3
EE,potencias,1,1156,2.2533162034411368e-27,231430,30,200,n,discreta_global,"(mu,lambda)",0.3
EE,potencias,1,1157,2.618199944809116e-27,231630,30,200,n,discreta_global,"(mu,lambda)",0.3
EE,potencias,1,1158,2.168616162044331e-27,231830,30,200,n,discreta_global,"(mu,lambda)",0.3
EE,potencias,1,1159,1.9778525870720225e-27,232030,30,200,n,discreta_global,"(mu,lambda)",0.3
EE,potencias,1,1160,1.968309452782928e-27,232230,30,200,n,discreta_global,"(mu,lambda)",0.3
EE,potencias,1,1161,2.0840524236796597e-27,232430,30,200,n,discreta_global,"(mu,lambda)",0.3
EE,potencias,1,1162,2.1699425598244464e-27,232630,30,200,n,discreta_global,"(mu,lambda)",0.3
EE,potencias,1,1163,2.2212609323429072e-27,232830,30,200,n,discreta_global,"(mu,lambda)",0.3
EE,potencias,1,1164,2.084966274122836e-27,233030,30,200,n,discreta_global,"(mu,lambda)",0.3
EE,potencias,1,1165,2.7015902189518717e-27,233230,30,200,n,discreta_global,"(mu,lambda)",0.3
EE,potencias,1,1166,2.5550564230272504e-27,233430,30,200,n,discreta_global,"(mu,lambda)",0.3
EE,potencias,1,1167,2.029524337842254e-27,233630,30,200,n,discreta_global,"(mu,lambda)",0.3
EE,potencias,1,1168,2.6821615321392533e-27,233830,30,200,n,discreta_global,"(mu,lambda)",0.3
EE,potencias,1,1169,2.2460402692907345e-27,234030,30,200,n,discreta_global,"(mu,lambda)",0.3
EE,potencias,1,1170,2.993530079427658e-27,234230,30,200,n,discreta_global,"(mu,lambda)",0.3
EE,potencias,1,1171,2.2226307714497925e-27,234430,30,200,n,discreta_global,"(mu,lambda)",0.3
EE,potencias,1,1172,2.5889266928288913e-27,234630,30,200,n,discreta_global,"(mu,lambda)",0.3
EE,potencias,1,1173,2.1785761131469015e-27,234830,30,200,n,discreta_global,"(mu,lambda)",0.3
EE,potencias,1,1174,2.9588078275973685e-27,235030,30,200,n,discreta_global,"(mu,lambda)",0.3
EE,potencias,1,1175,2.041542460994247e-27,235230,30,200,n,discreta_global,"(mu,lambda)",0.3
EE,potencias,1,1176,2.712747441792032e-27,235430,30,200,n,discreta_global,"(mu,lambda)",0.3
EE,potencias,1,1177,2.888850374113323e-27,235630,30,200,n,discreta_global,"(mu,lambda)",0.3
EE,potencias,1,1178,2.3450908384555012e-27,235830,30,200,n,discreta_global,"(mu,lambda)",0.3
EE,potencias,1,1179,2.0641375303185364e-27,236030,30,200,n,discreta_global,"(mu,lambda)",0.3
EE,potencias,1,1180,3.051708176556719e-27,236230,30,200,n,discreta_global,"(mu,lambda)",0.3
EE,potencias,1,1181,2.6157493898767355e-27,236430,30,200,n,discreta_global,"(mu,lambda)",0.3
EE,potencias,1,1182,2.7205096447722286e-27,236630,30,200,n,discreta_global,"(mu,lambda)",0.3
EE,potencias,1,1183,2.768160053504015e-27,236830,30,200,n,discreta_global,"(mu,lambda)",0.3
EE,potencias,1,1184,2.6284008685509605e-27,237030,30,200,n,discreta_global,"(mu,lambda)",0.3
EE,potencias,1,1185,2.164233551368974e-27,237230,30,200,n,discreta_global,"(mu,lambda)",0.3
EE,potencias,1,1186,3.03360688819256e-27,237430,30,200,n,discreta_global,"(mu,lambda)",0.3
EE,potencias,1,1187,3.279451543750101e-27,237630,30,200,n,discreta_global,"(mu,lambda)",0.3
EE,potencias,1,1188,2.556831989459173e-27,237830,30,200,n,discreta_global,"(mu,lambda)",0.3
EE,potencias,1,1189,2.8241986392878608e-27,238030,30,200,n,discreta_global,"(mu,lambda)",0.3
EE,potencias,1,1190,3.5474466668604724e-27,238230,30,200,n,discreta_global,"(mu,lambda)",0.3
EE,potencias,1,1191,2.471822790184179e-27,238430,30,200,n,discreta_global,"(mu,lambda)",0.3
EE,potencias,1,1192,2.71577041211794e-27,238630,30,200,n,discreta_global,"(mu,lambda)",0.3
EE,potencias,1,1193,3.506872769315525e-27,238830,30,200,n,discreta_global,"(mu,lambda)",0.3
EE,potencias,1,1194,2.528422213710843e-27,239030,30,200,n,discreta_global,"(mu,lambda)",0.3
EE,potencias,1,1195,2.9004734674863432e-27,239230,30,200,n,discreta_global,"(mu,lambda)",0.3
EE,potencias,1,1196,2.381614797192218e-27,239430,30,200,n,discreta_global,"(mu,lambda)",0.3
EE,potencias,1,1197,2.7364770563282954e-27,239630,30,200,n,discreta_global,"(mu,lambda)",0.3
EE,potencias,1,1198,2.5471063494293148e-27,239830,30,200,n,discreta_global,"(mu,lambda)",0.3
EE,potencias,1,1199,2.6556189175861098e-27,240030,30,200,n,discreta_global,"(mu,lambda)",0.3
EE,potencias,2,0,200516.43602022142,230,30,200,n,discreta_global,"(mu,lambda)",0.3
EE,potencias,2,1,4060.979789954042,430,30,200,n,discreta_global,"(mu,lambda)",0.3
EE,potencias,2,2,1129.1629373725443,630,30,200,n,discreta_global,"(mu,lambda)",0.3
EE,potencias,2,3,329.7568831254137,830,30,200,n,discreta_global,"(mu,lambda)",0.3
EE,potencias,2,4,401.04864943922865,1030,30,200,n,discreta_global,"(mu,lambda)",0.3
EE,potencias,2,5,96.66418543728375,1230,30,200,n,discreta_global,"(mu,lambda)",0.3
EE,potencias,2,6,129.844795919819,1430,30,200,n,discreta_global,"(mu,lambda)",0.3
EE,potencias,2,7,13.45381776950415,1630,30,200,n,discreta_global,"(mu,lambda)",0.3
EE,potencias,2,8,5.054474038531441,1830,30,200,n,discreta_global,"(mu,lambda)",0.3
EE,potencias,2,9,3.919507421065779,2030,30,200,n,discreta_global,"(mu,lambda)",0.3
EE,potencias,2,10,1.6237119492916199,2230,30,200,n,discreta_global,"(mu,lambda)",0.3
EE,potencias,2,11,0.7461585326761372,2430,30,200,n,discreta_global,"(mu,lambda)",0.3
EE,potencias,2,12,0.06582334649876241,2630,30,200,n,discreta_global,"(mu,lambda)",0.3
EE,potencias,2,13,0.09236485490295902,2830,30,200,n,discreta_global,"(mu,lambda)",0.3
EE,potencias,2,14,0.011168844389024542,3030,30,200,n,discreta_global,"(mu,lambda)",0.3
EE,potencias,2,15,0.016241901236103095,3230,30,200,n,discreta_global,"(mu,lambda)",0.3
EE,potencias,2,16,0.002930088250993183,3430,30,200,n,discreta_global,"(mu,lambda)",0.3
EE,potencias,2,17,0.0016660112064486076,3630,30,200,n,discreta_global,"(mu,lambda)",0.3
EE,potencias,2,18,0.0008484259133325159,3830,30,200,n,discreta_global,"(mu,lambda)",0.3
EE,potencias,2,19,0.00018389083993039504,4030,30,200,n,discreta_global,"(mu,lambda)",0.3
EE,potencias,2,20,0.0001456706823364684,4230,30,200,n,discreta_global,"(mu,lambda)",0.3
EE,potencias,2,21,2.4733418879119093e-05,4430,30,200,n,discreta_global,"(mu,lambda)",0.3
EE,potencias,2,22,4.643588909774938e-05,4630,30,200,n,discreta_global,"(mu,lambda)",0.3
EE,potencias,2,23,1.8288145345620368e-05,4830,30,200,n,discreta_global,"(mu,lambda)",0.3
EE,potencias,2,24,1.702641930562806e-05,5030,30,200,n,discreta_global,"(mu,lambda)",0.3
EE,potencias,2,25,6.730119100396796e-06,5230,30,200,n,discreta_global,"(mu,lambda)",0.3
EE,potencias,2,26,3.36984141558271e-06,5430,30,200,n,discreta_global,"(mu,lambda)",0.3
EE,potencias,2,27,1.6520739524856654e-06,5630,30,200,n,discreta_global,"(mu,lambda)",0.3
EE,potencias,2,28,9.440169848587355e-07,5830,30,200,n,discreta_global,"(mu,lambda)",0.3
EE,potencias,2,29,4.1774130479710256e-08,6030,30,200,n,discreta_global,"(mu,lambda)",0.3
EE,potencias,2,30,2.3306877781272755e-07,6230,30,200,n,discreta_global,"(mu,lambda)",0.3
EE,potencias,2,31,2.6647751400516166e-08,6430,30,200,n,discreta_global,"(mu,lambda)",0.3
EE,potencias,2,32,2.0567374466433656e-08,6630,30,200,n,discreta_global,"(mu,lambda)",0.3
EE,potencias,2,33,1.268883579799808e-08,6830,30,200,n,discreta_global,"(mu,lambda)",0.3
EE,potencias,2,34,8.038459798917712e-09,7030,30,200,n,discreta_global,"(mu,lambda)",0.3
EE,potencias,2,35,1.5200397525587771e-09,7230,30,200,n,discreta_global,"(mu,lambda)",0.3
EE,potencias,2,36,1.0177058466574183e-09,7430,30,200,n,discreta_global,"(mu,lambda)",0.3
EE,potencias,2,37,2.5143213494275096e-10,7630,30,200,n,discreta_global,"(mu,lambda)",0.3
EE,potencias,2,38,2.430562216120656e-10,7830,30,200,n,discreta_global,"(mu,lambda)",0.3
EE,potencias,2,39,1.878869572093939e-10,8030,30,200,n,discreta_global,"(mu,lambda)",0.3
EE,potencias,2,40,1.3795698627839447e-10,8230,30,200,n,discreta_global,"(mu,lambda)",0.3
EE,potencias,2,41,7.003897947631856e-11,8430,30,200,n,discreta_global,"(mu,lambda)",0.3
EE,potencias,2,42,2.3671113377680293e-11,8630,30,200,n,discreta_global,"(mu,lambda)",0.3
EE,potencias,2,43,8.248418524096625e-12,8830,30,200,n,discreta_global,"(mu,lambda)",0.3
EE,potencias,2,44,6.6384222802468175e-12,9030,30,200,n,discreta_global,"(mu,lambda)",0.3
EE,potencias,2,45,4.736271930473991e-12,9230,30,200,n,discreta_global,"(mu,lambda)",0.3
EE,potencias,2,46,7.914417045452992e-13,9430,30,200,n,discreta_global,"(mu,lambda)",0.3
EE,potencias,2,47,2.510175536400166e-13,9630,30,200,n,discreta_global,"(mu,lambda)",0.3
EE,potencias,2,48,2.1381629910226062e-13,9830,30,200,n,discreta_global,"(mu,lambda)",0.3
EE,potencias,2,49,4.1506884035371915e-14,10030,30,200,n,discreta_global,"(mu,lambda)",0.3
EE,potencias,2,50,8.668091115300511e-14,10230,30,200,n,discreta_global,"(mu,lambda)",0.3
EE,potencias,2,51,1.0750621098744755e-14,10430,30,200,n,discreta_global,"(mu,lambda)",0.3
EE,potencias,2,52,4.5609396035601503e-14,10630,30,200,n,discreta_global,"(mu,lambda)",0.3
EE,potencias,2,53,1.1943030784593278e-14,10830,30,200,n,discreta_global,"(mu,lambda)",0.3
EE,potencias,2,54,9.861934725066256e-15,11030,30,200,n,discreta_global,"(mu,lambda)",0.3
EE,potencias,2,55,1.5227715210646142e-15,11230,30,200,n,discreta_global,"(mu,lambda)",0.3
EE,potencias,2,56,1.909607958972044e-15,11430,30,200,n,discreta_global,"(mu,lambda)",0.3
EE,potencias,2,57,1.9062967937034418e-16,11630,30,200,n,discreta_global,"(mu,lambda)",0.3
EE,potencias,2,58,3.0590511607829083e-16,11830,30,200,n,discreta_global,"(mu,lambda)",0.3
EE,potencias,2,59,5.446766303789941e-17,12030,30,200,n,discreta_global,"(mu,lambda)",0.3
EE,potencias,2,60,1.1477635602149007e-17,12230,30,200,n,discreta_global,"(mu,lambda)",0.3
EE,potencias,2,61,5.515259423820795e-18,12430,30,200,n,discreta_global,"(mu,lambda)",0.3
EE,potencias,2,62,6.432954440703899e-18,12630,30,200,n,discreta_global,"(mu,lambda)",0.3
EE,potencias,2,63,6.875029367712433e-18,12830,30,200,n,discreta_global,"(mu,lambda)",0.3
EE,potencias,2,64,2.3180203014215407e-18,13030,30,200,n,discreta_global,"(mu,lambda)",0.3
EE,potencias,2,65,2.4211743240349667e-19,13230,30,200,n,discreta_global,"(mu,lambda)",0.3
EE,potencias,2,66,7.1169045992549e-20,13430,30,200,n,discreta_global,"(mu,lambda)",0.3
EE,potencias,2,67,1.4247946573835466e-19,13630,30,200,n,discreta_global,"(mu,lambda)",0.3
EE,potencias,2,68,3.805396934663825e-20,13830,30,200,n,discreta_global,"(mu,lambda)",0.3
EE,potencias,2,69,9.039787638849438e-21,14030,30,200,n,discreta_global,"(mu,lambda)",0.3
EE,potencias,2,70,1.8306477064575715e-20,14230,30,200,n,discreta_global,"(mu,lambda)",0.3
EE,potencias,2,71,5.331967107117646e-21,14430,30,200,n,discreta_global,"(mu,lambda)",0.3
EE,potencias,2,72,3.5750567800252576e-21,14630,30,200,n,discreta_global,"(mu,lambda)",0.3
EE,potencias,2,73,4.658078216539664e-22,14830,30,200,n,discreta_global,"(mu,lambda)",0.3
EE,potencias,2,74,4.083277377114368e-22,15030,30,200,n,discreta_global,"(mu,lambda)",0.3
EE,potencias,2,75,2.243935547217004e-22,15230,30,200,n,discreta_global,"(mu,lambda)",0.3
EE,potencias,2,76,1.3070946074539453e-22,15430,30,200,n,discreta_global,"(mu,lambda)",0.3
EE,potencias,2,77,3.6624662255732135e-23,15630,30,200,n,discreta_global,"(mu,lambda)",0.3
EE,potencias,2,78,5.545076403936489e-23,15830,30,200,n,discreta_global,"(mu,lambda)",0.3
EE,potencias,2,79,3.0905669390517304e-23,16030,30,200,n,discreta_global,"(mu,lambda)",0.3
EE,potencias,2,80,2.4869822556709547e-24,16230,30,200,n,discreta_global,"(mu,lambda)",0.3
EE,potencias,2,81,2.1207586385206725e-24,16430,30,200,n,discreta_global,"(mu,lambda)",0.3
EE,potencias,2,82,6.485130064554928e-25,16630,30,200,n,discreta_global,"(mu,lambda)",0.3
EE,potencias,2,83,6.147280314100379e-25,16830,30,200,n,discreta_global,"(mu,lambda)",0.3
EE,potencias,2,84,7.5777102265344e-25,17030,30,200,n,discreta_global,"(mu,lambda)",0.3
EE,potencias,2,85,3.5818796650781836e-25,17230,30,200,n,discreta_global,"(mu,lambda)",0.3
EE,potencias,2,86,2.353192241457033e-25,17430,30,200,n,discreta_global,"(mu,lambda)",0.3
EE,potencias,2,87,1.0291428467255422e-25,17630,30,200,n,discreta_global,"(mu,lambda)",0.3
EE,potencias,2,88,1.0697105172770268e-25,17830,30,200,n,discreta_global,"(mu,lambda)",0.3
EE,potencias,2,89,4.434374863669857e-26,18030,30,200,n,discreta_global,"(mu,lambda)",0.3
EE,potencias,2,90,2.862750373465633e-26,18230,30,200,n,discreta_global,"(mu,lambda)",0.3
EE,potencias,2,91,2.2661691304561026e-26,18430,30,200,n,discreta_global,"(mu,lambda)",0.3
EE,potencias,2,92,4.2723687614660404e-26,18630,30,200,n,discreta_global,"(mu,lambda)",0.3
EE,potencias,2,93,2.711975972033814e-26,18830,30,200,n,discreta_global,"(mu,lambda)",0.3
EE,potencias,2,94,8.753018323343932e-27,19030,30,200,n,discreta_global,"(mu,lambda)",0.3
EE,potencias,2,95,1.1047165363364194e-26,19230,30,200,n,discreta_global,"(mu,lambda)",0.3
EE,potencias,2,96,2.3098465793427314e-26,19430,30,200,n,discreta_global,"(mu,lambda)",0.3
EE,potencias,2,97,1.3018883799336045e-26,19630,30,200,n,discreta_global,"(mu,lambda)",0.3
EE,potencias,2,98,9.690515415722743e-27,19830,30,200,n,discreta_global,"(mu,lambda)",0.3
EE,potencias,2,99,9.363041798257578e-27,20030,30,200,n,discreta_global,"(mu,lambda)",0.3
EE,potencias,2,100,9.178989292520559e-27,20230,30,200,n,discreta_global,"(mu,lambda)",0.3
EE,potencias,2,101,9.213386155495744e-27,20430,30,200,n,discreta_global,"(mu,lambda)",0.3
EE,potencias,2,102,8.960665878598525e-27,20630,30,200,n,discreta_global,"(mu,lambda)",0.3
EE,potencias,2,103,4.365381465569552e-27,20830,30,200,n,discreta_global,"(mu,lambda)",0.3
EE,potencias,2,104,5.824058459335427e-27,21030,30,200,n,discreta_global,"(mu,lambda)",0.3
EE,potencias,2,105,3.509032280507466e-27,21230,30,200,n,discreta_global,"(mu,lambda)",0.3
EE,potencias,2,106,4.382040321818984e-27,21430,30,200,n,discreta_global,"(mu,lambda)",0.3
EE,potencias,2,107,4.1000196464762526e-27,21630,30,200,n,discreta_global,"(mu,lambda)",0.3
EE,potencias,2,108,5.6322339462980716e-27,21830,30,200,n,discreta_global,"(mu,lambda)",0.3
EE,potencias,2,109,6.050541801637534e-27,22030,30,200,n,discreta_global,"(mu,lambda)",0.3
EE,potencias,2,110,5.8914632745668045e-27,22230,30,200,n,discreta_global,"(mu,lambda)",0.3
EE,potencias,2,111,1.0548300361314285e-26,22430,30,200,n,discreta_global,"(mu,lambda)",0.3
EE,potencias,2,112,6.1179746569075495e-27,22630,30,200,n,discreta_global,"(mu,lambda)",0.3
EE,potencias,2,113,7.072657592906069e-27,22830,30,200,n,discreta_global,"(mu,lambda)",0.3
EE,potencias,2,114,5.3756549926815496e-27,23030,30,200,n,discreta_global,"(mu,lambda)",0.3
EE,potencias,2,115,6.813508725304045e-27,23230,30,200,n,discreta_global,"(mu,lambda)",0.3
EE,potencias,2,116,4.81480745627857e-27,23430,30,200,n,discreta_global,"(mu,lambda)",0.3
EE,potencias,2,117,6.517856568019156e-27,23630,30,200,n,discreta_global,"(mu,lambda)",0.3
EE,potencias,2,118,6.987094802156472e-27,23830,30,200,n,discreta_global,"(mu,lambda)",0.3
EE,potencias,2,119,5.131247590808656e-27,24030,30,200,n,discreta_global,"(mu,lambda)",0.3
EE,potencias,2,120,7.877705859880683e-27,24230,30,200,n,discreta_global,"(mu,lambda)",0.3
EE,potencias,2,121,7.092730311805106e-27,24430,30,200,n,discreta_global,"(mu,lambda)",0.3
EE,potencias,2,122,5.6732685702597365e-27,24630,30,200,n,discreta_global,"(mu,lambda)",0.3
EE,potencias,2,123,1.455432609491598e-26,24830,30,200,n,discreta_global,"(mu,lambda)",0.3
EE,potencias,2,124,5.914636284787377e-27,25030,30,200,n,discreta_global,"(mu,lambda)",0.3
EE,potencias,2,125,6.464224213697818e-27,25230,30,200,n,discreta_global,"(mu,lambda)",0.3
EE,potencias,2,126,7.323193866595447e-27,25430,30,200,n,discreta_global,"(mu,lambda)",0.3
EE,potencias,2,127,4.2645666304887304e-27,25630,30,200,n,discreta_global,"(mu,lambda)",0.3
EE,potencias,2,128,8.494132362249082e-27,25830,30,200,n,discreta_global,"(mu,lambda)",0.3
EE,potencias,2,129,8.634025602339464e-27,26030,30,200,n,discreta_global,"(mu,lambda)",0.3
EE,potencias,2,130,5.839427754435426e-27,26230,30,200,n,discreta_global,"(mu,lambda)",0.3
EE,potencias,2,131,1.1145340108554708e-26,26430,30,200,n,discreta_global,"(mu,lambda)",0.3
EE,potencias,2,132,5.129308940768555e-27,26630,30,200,n,discreta_global,"(mu,lambda)",0.3
EE,potencias,2,133,1.2537875056609268e-26,26830,30,200,n,discreta_global,"(mu,lambda)",0.3
EE,potencias,2,134,4.642177436440414e-27,27030,30,200,n,discreta_global,"(mu,lambda)",0.3
EE,potencias,2,135,6.207390332301575e-27,27230,30,200,n,discreta_global,"(mu,lambda)",0.3
EE,potencias,2,136,5.9663706755004366e-27,27430,30,200,n,discreta_global,"(mu,lambda)",0.3
EE,potencias,2,137,4.731818181930263e-27,27630,30,200,n,discreta_global,"(mu,lambda)",0.3
EE,potencias,2,138,4.12611913941992e-27,27830,30,200,n,discreta_global,"(mu,lambda)",0.3
EE,potencias,2,139,5.751070344698988e-27,28030,30,200,n,discreta_global,"(mu,lambda)",0.3
EE,potencias,2,140,3.9497823693375616e-27,28230,30,200,n,discreta_global,"(mu,lambda)",0.3
EE,potencias,2,141,3.514522967639741e-27,28430,30,200,n,discreta_global,"(mu,lambda)",0.3
EE,potencias,2,142,3.343289778259527e-27,28630,30,200,n,discreta_global,"(mu,lambda)",0.3
EE,potencias,2,143,3.30903328713592e-27,28830,30,200,n,discreta_global,"(mu,lambda)",0.3
EE,potencias,2,144,4.19188507970574e-27,29030,30,200,n,discreta_global,"(mu,lambda)",0.3
EE,potencias,2,145,3.798281956722217e-27,29230,30,200,n,discreta_global,"(mu,lambda)",0.3
EE,potencias,2,146,6.1849154081846565e-27,29430,30,200,n,discreta_global,"(mu,lambda)",0.3
EE,potencias,2,147,3.9555972114249036e-27,29630,30,200,n,discreta_global,"(mu,lambda)",0.3
EE,potencias,2,148,3.8560552183972714e-27,29830,30,200,n,discreta_global,"(mu,lambda)",0.3
EE,potencias,2,149,3.893974669839867e-27,30030,30,200,n,discreta_global,"(mu,lambda)",0.3
EE,potencias,2,150,5.8072116743071186e-27,30230,30,200,n,discreta_global,"(mu,lambda)",0.3
EE,potencias,2,151,5.8419015137884696e-27,30430,30,200,n,discreta_global,"(mu,lambda)",0.3
EE,potencias,2,152,4.356539570082059e-27,30630,30,200,n,discreta_global,"(mu,lambda)",0.3
EE,potencias,2,153,6.15074834384466e-27,30830,30,200,n,discreta_global,"(mu,lambda)",0.3
EE,potencias,2,154,3.1015521375709836e-27,31030,30,200,n,discreta_global,"(mu,lambda)",0.3
EE,potencias,2,155,4.981955615561864e-27,31230,30,200,n,discreta_global,"(mu,lambda)",0.3
EE,potencias,2,156,3.310813569968162e-27,31430,30,200,n,discreta_global,"(mu,lambda)",0.3
EE,potencias,2,157,5.701375320914545e-27,31630,30,200,n,discreta_global,"(mu,lambda)",0.3
EE,potencias,2,158,4.9685450417382706e-27,31830,30,200,n,discreta_global,"(mu,lambda)",0.3
EE,potencias,2,159,4.817486479994071e-27,32030,30,200,n,discreta_global,"(mu,lambda)",0.3
EE,potencias,2,160,3.8632695138622266e-27,32230,30,200,n,discreta_global,"(mu,lambda)",0.3
EE,potencias,2,161,5.5158320897823624e-27,32430,30,200,n,discreta_global,"(mu,lambda)",0.3
EE,potencias,2,162,4.853006534111111e-27,32630,30,200,n,discreta_global,"(mu,lambda)",0.3
EE,potencias,2,163,7.012696697958358e-27,32830,30,200,n,discreta_global,"(mu,lambda)",0.3
EE,potencias,2,164,5.284224929370326e-27,33030,30,200,n,discreta_global,"(mu,lambda)",0.3
EE,potencias,2,165,8.226620435422511e-27,33230,30,200,n,discreta_global,"(mu,lambda)",0.3
EE,potencias,2,166,3.529184282794206e-27,33430,30,200,n,discreta_global,"(mu,lambda)",0.3
EE,potencias,2,167,7.111753545173416e-27,33630,30,200,n,discreta_global,"(mu,lambda)",0.3
EE,potencias,2,168,4.596633899702954e-27,33830,30,200,n,discreta_global,"(mu,lambda)",0.3
EE,potencias,2,169,7.639207211598281e-27,34030,30,200,n,discreta_global,"(mu,lambda)",0.3
EE,potencias,2,170,4.4789593700947536e-27,34230,30,200,n,discreta_global,"(mu,lambda)",0.3
EE,potencias,2,171,4.586160525997055e-27,34430,30,200,n,discreta_global,"(mu,lambda)",0.3
EE,potencias,2,172,7.575209029329287e-27,34630,30,200,n,discreta_global,"(mu,lambda)",0.3
EE,potencias,2,173,9.316108560633835e-27,34830,30,200,n,discreta_global,"(mu,lambda)",0.3
EE,potencias,2,174,5.638094169370361e-27,35030,30,200,n,discreta_global,"(mu,lambda)",0.3
EE,potencias,2,175,5.800920696762885e-27,35230,30,200,n,discreta_global,"(mu,lambda)",0.3
EE,potencias,2,176,4.671226737415773e-27,35430,30,200,n,discreta_global,"(mu,lambda)",0.3
EE,potencias,2,177,7.537323463891102e-27,35630,30,200,n,discreta_global,"(mu,lambda)",0.3
EE,potencias,2,178,6.2304869584139194e-27,35830,30,200,n,discreta_global,"(mu,lambda)",0.3
EE,potencias,2,179,6.480364744822682e-27,36030,30,200,n,discreta_global,"(mu,lambda)",0.3
EE,potencias,2,180,7.119668069183489e-27,36230,30,200,n,discreta_global,"(mu,lambda)",0.3
EE,potencias,2,181,6.19320133413623e-27,36430,30,200,n,discreta_global,"(mu,lambda)",0.3
EE,potencias,2,182,5.916069419966575e-27,36630,30,200,n,discreta_global,"(mu,lambda)",0.3
EE,potencias,2,183,5.481036125466196e-27,36830,30,200,n,discreta_global,"(mu,lambda)",0.3
EE,potencias,2,184,8.096832272969585e-27,37030,30,200,n,discreta_global,"(mu,lambda)",0.3
EE,potencias,2,185,3.245975111176161e-27,37230,30,200,n,discreta_global,"(mu,lambda)",0.3
EE,potencias,2,186,5.4104874438881175e-27,37430,30,200,n,discreta_global,"(mu,lambda)",0.3
EE,potencias,2,187,6.374537960671951e-27,37630,30,200,n,discreta_global,"(mu,lambda)",0.3
EE,potencias,2,188,5.487785616559039e-27,37830,30,200,n,discreta_global,"(mu,lambda)",0.3
EE,potencias,2,189,7.61081538775416e-27,38030,30,200,n,discreta_global,"(mu,lambda)",0.3
EE,potencias,2,190,5.3928527048327395e-27,38230,30,200,n,discreta_global,"(mu,lambda)",0.3
EE,potencias,2,191,5.221525160993191e-27,38430,30,200,n,discreta_global,"(mu,lambda)",0.3
EE,potencias,2,192,8.091748818243987e-27,38630,30,200,n,discreta_global,"(mu,lambda)",0.3
EE,potencias,2,193,8.642335506856723e-27,38830,30,200,n,discreta_global,"(mu,lambda)",0.3
EE,potencias,2,194,7.274464921534203e-27,39030,30,200,n,discreta_global,"(mu,lambda)",0.3
EE,potencias,2,195,7.153606340319269e-27,39230,30,200,n,discreta_global,"(mu,lambda)",0.3
EE,potencias,2,196,5.9000653551401184e-27,39430,30,200,n,discreta_global,"(mu,lambda)",0.3
EE,potencias,2,197,5.638380103543578e-27,39630,30,200,n,discreta_global,"(mu,lambda)",0.3
EE,potencias,2,198,6.584145106771336e-27,39830,30,200,n,discreta_global,"(mu,lambda)",0.3
EE,potencias,2,199,5.775225528467048e-27,40030,30,200,n,discreta_global,"(mu,lambda)",0.3
EE,potencias,2,200,5.000882944361047e-27,40230,30,200,n,discreta_global,"(mu,lambda)",0.3
EE,potencias,2,201,6.200183482717347e-27,40430,30,200,n,discreta_global,"(mu,lambda)",0.3
EE,potencias,2,202,5.017576279333269e-27,40630,30,200,n,discreta_global,"(mu,lambda)",0.3
EE,potencias,2,203,8.320432986920065e-27,40830,30,200,n,discreta_global,"(mu,lambda)",0.3
EE,potencias,2,204,5.241026542552679e-27,41030,30,200,n,discreta_global,"(mu,lambda)",0.3
EE,potencias,2,205,5.8616161246467754e-27,41230,30,200,n,discreta_global,"(mu,lambda)",0.3
EE,potencias,2,206,5.9425415977806285e-27,41430,30,200,n,discreta_global,"(mu,lambda)",0.3
EE,potencias,2,207,6.298753789589839e-27,41630,30,200,n,discreta_global,"(mu,lambda)",0.3
EE,potencias,2,208,5.7147481256877245e-27,41830,30,200,n,discreta_global,"(mu,lambda)",0.3
EE,potencias,2,209,5.2351046010595286e-27,42030,30,200,n,discreta_global,"(mu,lambda)",0.3
EE,potencias,2,210,5.8421583356877224e-27,42230,30,200,n,discreta_global,"(mu,lambda)",0.3
EE,potencias,2,211,9.694289757749318e-27,42430,30,200,n,discreta_global,"(mu,lambda)",0.3
EE,potencias,2,212,5.1996427476584125e-27,42630,30,200,n,discreta_global,"(mu,lambda)",0.3
EE,potencias,2,213,1.499127403356006e-26,42830,30,200,n,discreta_global,"(mu,lambda)",0.3
EE,potencias,2,214,1.3239996407428317e-26,43030,30,200,n,discreta_global,"(mu,lambda)",0.3
EE,potencias,2,215,1.312801442809614e-26,43230,30,200,n,discreta_global,"(mu,lambda)",0.3
EE,potencias,2,216,6.2227558796687604e-27,43430,30,200,n,discreta_global,"(mu,lambda)",0.3
EE,potencias,2,217,7.377659917740826e-27,43630,30,200,n,discreta_global,"(mu,lambda)",0.3
EE,potencias,2,218,6.247166798042399e-27,43830,30,200,n,discreta_global,"(mu,lambda)",0.3
EE,potencias,2,219,6.147328491634464e-27,44030,30,200,n,discreta_global,"(mu,lambda)",0.3
EE,potencias,2,220,6.693796159204486e-27,44230,30,200,n,discreta_global,"(mu,lambda)",0.3
EE,potencias,2,221,5.1710514603009646e-27,44430,30,200,n,discreta_global,"(mu,lambda)",0.3
EE,potencias,2,222,6.116773881921862e-27,44630,30,200,n,discreta_global,"(mu,lambda)",0.3
EE,potencias,2,223,6.676558535242092e-27,44830,30,200,n,discreta_global,"(mu,lambda)",0.3
EE,potencias,2,224,6.687671652082332e-27,45030,30,200,n,discreta_global,"(mu,lambda)",0.3
EE,potencias,2,225,6.3407545748057516e-27,45230,30,200,n,discreta_global,"(mu,lambda)",0.3
EE,potencias,2,226,9.593967591644652e-27,45430,30,200,n,discreta_global,"(mu,lambda)",0.3
EE,potencias,2,227,9.724039957876467e-27,45630,30,200,n,discreta_global,"(mu,lambda)",0.3
EE,potencias,2,228,6.676940281850981e-27,45830,30,200,n,discreta_global,"(mu,lambda)",0.3
EE,potencias,2,229,1.2024709800022287e-26,46030,30,200,n,discreta_global,"(mu,lambda)",0.3
EE,potencias,2,230,6.117127564532597e-27,46230,30,200,n,discreta_global,"(mu,lambda)",0.3
EE,potencias,2,231,7.201089696157211e-27,46430,30,200,n,discreta_global,"(mu,lambda)",0.3
EE,potencias,2,232,7.38359266441308e-27,46630,30,200,n,discreta_global,"(mu,lambda)",0.3
EE,potencias,2,233,1.1392941045230826e-26,46830,30,200,n,discreta_global,"(mu,lambda)",0.3
EE,potencias,2,234,6.062721324340308e-27,47030,30,200,n,discreta_global,"(mu,lambda)",0.3
EE,potencias,2,235,7.538192202475455e-27,47230,30,200,n,discreta_global,"(mu,lambda)",0.3
EE,potencias,2,236,7.572330752100672e-27,47430,30,200,n,discreta_global,"(mu,lambda)",0.3
EE,potencias,2,237,1.1710794794397371e-26,47630,30,200,n,discreta_global,"(mu,lambda)",0.3
EE,potencias,2,238,1.5754395613038083e-26,47830,30,200,n,discreta_global,"(mu,lambda)",0.3
EE,potencias,2,239,1.4572105885193125e-26,48030,30,200,n,discreta_global,"(mu,lambda)",0.3
EE,potencias,2,240,1.4978354599256533e-26,48230,30,200,n,discreta_global,"(mu,lambda)",0.3
EE,potencias,2,241,1.290083841716155e-26,48430,30,200,n,discreta_global,"(mu,lambda)",0.3
EE,potencias,2,242,1.3902248784850475e-26,48630,30,200,n,discreta_global,"(mu,lambda)",0.3
EE,potencias,2,243,1.434011610896169e-26,48830,30,200,n,discreta_global,"(mu,lambda)",0.3
EE,potencias,2,244,1.4123934741377913e-26,49030,30,200,n,discreta_global,"(mu,lambda)",0.3
EE,potencias,2,245,1.3883920955447953e-26,49230,30,200,n,discreta_global,"(mu,lambda)",0.3
EE,potencias,2,246,1.387100817758351e-26,49430,30,200,n,discreta_global,"(mu,lambda)",0.3
EE,potencias,2,247,1.428671254666667e-26,49630,30,200,n,discreta_global,"(mu,lambda)",0.3
EE,potencias,2,248,1.5366667502996674e-26,49830,30,200,n,discreta_global,"(mu,lambda)",0.3
EE,potencias,2,249,1.513150534716421e-26,50030,30,200,n,discreta_global,"(mu,lambda)",0.3
EE,potencias,2,250,1.4215849446702352e-26,50230,30,200,n,discreta_global,"(mu,lambda)",0.3
EE,potencias,2,251,1.5277325166039397e-26,50430,30,200,n,discreta_global,"(mu,lambda)",0.3
EE,potencias,2,252,1.5989775487051563e-26,50630,30,200,n,discreta_global,"(mu,lambda)",0.3
EE,potencias,2,253,1.6543668979329318e-26,50830,30,200,n,discreta_global,"(mu,lambda)",0.3
EE,potencias,2,254,1.4732477441027206e-26,51030,30,200,n,discreta_global,"(mu,lambda)",0.3
EE,potencias,2,255,1.398676280869328e-26,51230,30,200,n,discreta_global,"(mu,lambda)",0.3
EE,potencias,2,256,1.7417758298962032e-26,51430,30,200,n,discreta_global,"(mu,lambda)",0.3
EE,potencias,2,257,1.937324058029733e-26,51630,30,200,n,discreta_global,"(mu,lambda)",0.3
EE,potencias,2,258,1.3177094035068327e-26,51830,30,200,n,discreta_global,"(mu,lambda)",0.3
EE,potencias,2,259,1.6798404408565905e-26,52030,30,200,n,discreta_global,"(mu,lambda)",0.3
EE,potencias,2,260,2.0685896495173186e-26,52230,30,200,n,discreta_global,"(mu,lambda)",0.3
EE,potencias,2,261,1.4190686761077243e-26,52430,30,200,n,discreta_global,"(mu,lambda)",0.3
EE,potencias,2,262,1.5738448676912423e-26,52630,30,200,n,discreta_global,"(mu,lambda)",0.3
EE,potencias,2,263,1.5942976063398905e-26,52830,30,200,n,discreta_global,"(mu,lambda)",0.3
EE,potencias,2,264,1.652096844494565e-26,53030,30,200,n,discreta_global,"(mu,lambda)",0.3
EE,potencias,2,265,1.1091441077578886e-26,53230,30,200,n,discreta_global,"(mu,lambda)",0.3
EE,potencias,2,266,6.651391818648855e-27,53430,30,200,n,discreta_global,"(mu,lambda)",0.3
EE,potencias,2,267,1.2438666442535042e-26,53630,30,200,n,discreta_global,"(mu,lambda)",0.3
EE,potencias,2,268,8.402622342678542e-27,53830,30,200,n,discreta_global,"(mu,lambda)",0.3
EE,potencias,2,269,1.0815960321381346e-26,54030,30,200,n,discreta_global,"(mu,lambda)",0.3
EE,potencias,2,270,1.063917505280052e-26,54230,30,200,n,discreta_global,"(mu,lambda)",0.3
EE,potencias,2,271,8.023198913545554e-27,54430,30,200,n,discreta_global,"(mu,lambda)",0.3
EE,potencias,2,272,1.0612658670321824e-26,54630,30,200,n,discreta_global,"(mu,lambda)",0.3
EE,potencias,2,273,7.266657604781701e-27,54830,30,200,n,discreta_global,"(mu,lambda)",0.3
EE,potencias,2,274,1.3479394977261242e-26,55030,30,200,n,discreta_global,"(mu,lambda)",0.3
EE,potencias,2,275,6.878480538400913e-27,55230,30,200,n,discreta_global,"(mu,lambda)",0.3
EE,potencias,2,276,6.190624459216694e-27,55430,30,200,n,discreta_global,"(mu,lambda)",0.3
EE,potencias,2,277,6.2267715411157486e-27,55630,30,200,n,discreta_global,"(mu,lambda)",0.3
EE,potencias,2,278,6.744525367762426e-27,55830,30,200,n,discreta_global,"(mu,lambda)",0.3
EE,potencias,2,279,6.970413058357112e-27,56030,30,200,n,discreta_global,"(mu,lambda)",0.3
EE,potencias,2,280,8.215552081050413e-27,56230,30,200,n,discreta_global,"(mu,lambda)",0.3
EE,potencias,2,281,8.111521230119473e-27,56430,30,200,n,discreta_global,"(mu,lambda)",0.3
EE,potencias,2,282,8.471455222183971e-27,56630,30,200,n,discreta_global,"(mu,lambda)",0.3
EE,potencias,2,283,7.305302796631213e-27,56830,30,200,n,discreta_global,"(mu,lambda)",0.3
EE,potencias,2,284,6.506762404578414e-27,57030,30,200,n,discreta_global,"(mu,lambda)",0.3
EE,potencias,2,285,9.478033201460917e-27,57230,30,200,n,discreta_global,"(mu,lambda)",0.3
EE,potencias,2,286,1.2700207533619398e-26,57430,30,200,n,discreta_global,"(mu,lambda)",0.3
EE,potencias,2,287,6.655263296769573e-27,57630,30,200,n,discreta_global,"(mu,lambda)",0.3
EE,potencias,2,288,6.795881573623364e-27,57830,30,200,n,discreta_global,"(mu,lambda)",0.3
EE,potencias,2,289,6.0760158455656826e-27,58030,30,200,n,discreta_global,"(mu,lambda)",0.3
EE,potencias,2,290,6.765863593096106e-27,58230,30,200,n,discreta_global,"(mu,lambda)",0.3
EE,potencias,2,291,6.4531175365343984e-27,58430,30,200,n,discreta_global,"(mu,lambda)",0.3
EE,potencias,2,292,6.251061199878703e-27,58630,30,200,n,discreta_global,"(mu,lambda)",0.3
EE,potencias,2,293,6.376493092084779e-27,58830,30,200,n,discreta_global,"(mu,lambda)",0.3
EE,potencias,2,294,6.204441716641096e-27,59030,30,200,n,discreta_global,"(mu,lambda)",0.3
EE,potencias,2,295,6.089674463932493e-27,59230,30,200,n,discreta_global,"(mu,lambda)",0.3
EE,potencias,2,296,6.2683798996274254e-27,59430,30,200,n,discreta_global,"(mu,lambda)",0.3
EE,potencias,2,297,6.534841724534272e-27,59630,30,200,n,discreta_global,"(mu,lambda)",0.3
EE,potencias,2,298,6.062565186451703e-27,59830,30,200,n,discreta_global,"(mu,lambda)",0.3
EE,potencias,2,299,8.471143513810731e-27,60030,30,200,n,discreta_global,"(mu,lambda)",0.3
EE,potencias,2,300,6.050034118841496e-27,60230,30,200,n,discreta_global,"(mu,lambda)",0.3
EE,potencias,2,301,7.015687180092684e-27,60430,30,200,n,discreta_global,"(mu,lambda)",0.3
EE,potencias,2,302,6.0934752462892526e-27,60630,30,200,n,discreta_global,"(mu,lambda)",0.3
EE,potencias,2,303,6.1093283590501495e-27,60830,30,200,n,discreta_global,"(mu,lambda)",0.3
EE,potencias,2,304,1.0317658642496098e-26,61030,30,200,n,discreta_global,"(mu,lambda)",0.3
EE,potencias,2,305,7.040187214291395e-27,61230,30,200,n,discreta_global,"(mu,lambda)",0.3
EE,potencias,2,306,7.48625432702963e-27,61430,30,200,n,discreta_global,"(mu,lambda)",0.3
EE,potencias,2,307,6.304954180059108e-27,61630,30,200,n,discreta_global,"(mu,lambda)",0.3
EE,potencias,2,308,6.2181544082565885e-27,61830,30,200,n,discreta_global,"(mu,lambda)",0.3
EE,potencias,2,309,6.3707419225485576e-27,62030,30,200,n,discreta_global,"(mu,lambda)",0.3
EE,potencias,2,310,6.833170753322633e-27,62230,30,200,n,discreta_global,"(mu,lambda)",0.3
EE,potencias,2,311,6.079825369304212e-27,62430,30,200,n,discreta_global,"(mu,lambda)",0.3
EE,potencias,2,312,5.958620546119673e-27,62630,30,200,n,discreta_global,"(mu,lambda)",0.3
EE,potencias,2,313,6.66429403833898e-27,62830,30,200,n,discreta_global,"(mu,lambda)",0.3
EE,potencias,2,314,7.31538230453954e-27,63030,30,200,n,discreta_global,"(mu,lambda)",0.3
EE,potencias,2,315,6.061010657713151e-27,63230,30,200,n,discreta_global,"(mu,lambda)",0.3
EE,potencias,2,316,6.4240255702404134e-27,63430,30,200,n,discreta_global,"(mu,lambda)",0.3
EE,potencias,2,317,6.094708823522868e-27,63630,30,200,n,discreta_global,"(mu,lambda)",0.3
EE,potencias,2,318,6.350042369403056e-27,63830,30,200,n,discreta_global,"(mu,lambda)",0.3
EE,potencias,2,319,7.348022865415115e-27,64030,30,200,n,discreta_global,"(mu,lambda)",0.3
EE,potencias,2,320,6.184103716444234e-27,64230,30,200,n,discreta_global,"(mu,lambda)",0.3
EE,potencias,2,321,6.04401736105221e-27,64430,30,200,n,discreta_global,"(mu,lambda)",0.3
EE,potencias,2,322,6.2073375902731806e-27,64630,30,200,n,discreta_global,"(mu,lambda)",0.3
EE,potencias,2,323,6.431357001731598e-27,64830,30,200,n,discreta_global,"(mu,lambda)",0.3
EE,potencias,2,324,6.259465680868771e-27,65030,30,200,n,discreta_global,"(mu,lambda)",0.3
EE,potencias,2,325,7.227148375744319e-27,65230,30,200,n,discreta_global,"(mu,lambda)",0.3
EE,potencias,2,326,6.069362351364292e-27,65430,30,200,n,discreta_global,"(mu,lambda)",0.3
EE,potencias,2,327,6.527618417302706e-27,65630,30,200,n,discreta_global,"(mu,lambda)",0.3
EE,potencias,2,328,7.066297197688458e-27,65830,30,200,n,discreta_global,"(mu,lambda)",0.3
EE,potencias,2,329,5.9408062310844516e-27,66030,30,200,n,discreta_global,"(mu,lambda)",0.3
EE,potencias,2,330,6.150934899083534e-27,66230,30,200,n,discreta_global,"(mu,lambda)",0.3
EE,potencias,2,331,6.16593939113771e-27,66430,30,200,n,discreta_global,"(mu,lambda)",0.3
EE,potencias,2,332,6.011647771970514e-27,66630,30,200,n,discreta_global,"(mu,lambda)",0.3
EE,potencias,2,333,6.1247014979840336e-27,66830,30,200,n,discreta_global,"(mu,lambda)",0.3
EE,potencias,2,334,6.183136945989697e-27,67030,30,200,n,discreta_global,"(mu,lambda)",0.3
EE,potencias,2,335,6.00902331917819e-27,67230,30,200,n,discreta_global,"(mu,lambda)",0.3
EE,potencias,2,336,6.138667396840857e-27,67430,30,200,n,discreta_global,"(mu,lambda)",0.3
EE,potencias,2,337,5.9497064148017745e-27,67630,30,200,n,discreta_global,"(mu,lambda)",0.3
EE,potencias,2,338,6.285592903486345e-27,67830,30,200,n,discreta_global,"(mu,lambda)",0.3
EE,potencias,2,339,6.4575610120426755e-27,68030,30,200,n,discreta_global,"(mu,lambda)",0.3
EE,potencias,2,340,6.502330073323299e-27,68230,30,200,n,discreta_global,"(mu,lambda)",0.3
EE,potencias,2,341,6.092579733408446e-27,68430,30,200,n,discreta_global,"(mu,lambda)",0.3
EE,potencias,2,342,6.004785669372882e-27,68630,30,200,n,discreta_global,"(mu,lambda)",0.3
EE,potencias,2,343,6.445344418861511e-27,68830,30,200,n,discreta_global,"(mu,lambda)",0.3
EE,potencias,2,344,6.0529633218240225e-27,69030,30,200,n,discreta_global,"(mu,lambda)",0.3
EE,potencias,2,345,6.0800266022000116e-27,69230,30,200,n,discreta_global,"(mu,lambda)",0.3
EE,potencias,2,346,5.990344181677082e-27,69430,30,200,n,discreta_global,"(mu,lambda)",0.3
EE,potencias,2,347,6.0429276569736524e-27,69630,30,200,n,discreta_global,"(mu,lambda)",0.3
EE,potencias,2,348,6.942006816788224e-27,69830,30,200,n,discreta_global,"(mu,lambda)",0.3
EE,potencias,2,349,6.044400572628721e-27,70030,30,200,n,discreta_global,"(mu,lambda)",0.3
EE,potencias,2,350,6.319708251256766e-27,70230,30,200,n,discreta_global,"(mu,lambda)",0.3
EE,potencias,2,351,6.0473613380830885e-27,70430,30,200,n,discreta_global,"(mu,lambda)",0.3
EE,potencias,2,352,6.063933040605664e-27,70630,30,200,n,discreta_global,"(mu,lambda)",0.3
EE,potencias,2,353,6.018912194782887e-27,70830,30,200,n,discreta_global,"(mu,lambda)",0.3
EE,potencias,2,354,6.116583238283943e-27,71030,30,200,n,discreta_global,"(mu,lambda)",0.3
EE,potencias,2,355,6.3982872396560226e-27,71230,30,200,n,discreta_global,"(mu,lambda)",0.3
EE,potencias,2,356,6.087796023997838e-27,71430,30,200,n,discreta_global,"(mu,lambda)",0.3
EE,potencias,2,357,5.993249094379179e-27,71630,30,200,n,discreta_global,"(mu,lambda)",0.3
EE,potencias,2,358,6.211905476413188e-27,71830,30,200,n,discreta_global,"(mu,lambda)",0.3
EE,potencias,2,359,6.2151810425165894e-27,72030,30,200,n,discreta_global,"(mu,lambda)",0.3
EE,potencias,2,360,6.06566985306172e-27,72230,30,200,n,discreta_global,"(mu,lambda)",0.3
EE,potencias,2,361,6.3792437134094454e-27,72430,30,200,n,discreta_global,"(mu,lambda)",0.3
EE,potencias,2,362,6.260978030906189e-27,72630,30,200,n,discreta_global,"(mu,lambda)",0.3
EE,potencias,2,363,6.4528649651795296e-27,72830,30,200,n,discreta_global,"(mu,lambda)",0.3
EE,potencias,2,364,6.41886128663262e-27,73030,30,200,n,discreta_global,"(mu,lambda)",0.3
EE,potencias,2,365,6.224917668471107e-27,73230,30,200,n,discreta_global,"(mu,lambda)",0.3
EE,potencias,2,366,6.2776458959039616e-27,73430,30,200,n,discreta_global,"(mu,lambda)",0.3
EE,potencias,2,367,7.801395975163986e-27,73630,30,200,n,discreta_global,"(mu,lambda)",0.3
EE,potencias,2,368,6.67994031814516e-27,73830,30,200,n,discreta_global,"(mu,lambda)",0.3
EE,potencias,2,369,7.404039252041563e-27,74030,30,200,n,discreta_global,"(mu,lambda)",0.3
EE,potencias,2,370,7.537075601738554e-27,74230,30,200,n,discreta_global,"(mu,lambda)",0.3
EE,potencias,2,371,6.529962735891002e-27,74430,30,200,n,discreta_global,"(mu,lambda)",0.3
EE,potencias,2,372,6.654294227677282e-27,74630,30,200,n,discreta_global,"(mu,lambda)",0.3
EE,potencias,2,373,6.296160206586385e-27,74830,30,200,n,discreta_global,"(mu,lambda)",0.3
EE,potencias,2,374,7.275592304907492e-27,75030,30,200,n,discreta_global,"(mu,lambda)",0.3
EE,potencias,2,375,6.360575518177691e-27,75230,30,200,n,discreta_global,"(mu,lambda)",0.3
EE,potencias,2,376,6.310153106982206e-27,75430,30,200,n,discreta_global,"(mu,lambda)",0.3
EE,potencias,2,377,6.321251557487283e-27,75630,30,200,n,discreta_global,"(mu,lambda)",0.3
EE,potencias,2,378,6.446190634654259e-27,75830,30,200,n,discreta_global,"(mu,lambda)",0.3
EE,potencias,2,379,6.195682427651251e-27,76030,30,200,n,discreta_global,"(mu,lambda)",0.3
EE,potencias,2,380,6.444745479451621e-27,76230,30,200,n,discreta_global,"(mu,lambda)",0.3
EE,potencias,2,381,6.217211210129002e-27,76430,30,200,n,discreta_global,"(mu,lambda)",0.3
EE,potencias,2,382,6.299037929748804e-27,76630,30,200,n,discreta_global,"(mu,lambda)",0.3
EE,potencias,2,383,6.472080645254295e-27,76830,30,200,n,discreta_global,"(mu,lambda)",0.3
EE,potencias,2,384,6.225984479717179e-27,77030,30,200,n,discreta_global,"(mu,lambda)",0.3
EE,potencias,2,385,7.358143962879014e-27,77230,30,200,n,discreta_global,"(mu,lambda)",0.3
EE,potencias,2,386,6.353216629502024e-27,77430,30,200,n,discreta_global,"(mu,lambda)",0.3
EE,potencias,2,387,6.897618883343336e-27,77630,30,200,n,discreta_global,"(mu,lambda)",0.3
EE,potencias,2,388,6.232988000127497e-27,77830,30,200,n,discreta_global,"(mu,lambda)",0.3
EE,potencias,2,389,6.320430910346185e-27,78030,30,200,n,discreta_global,"(mu,lambda)",0.3
EE,potencias,2,390,6.999505584234382e-27,78230,30,200,n,discreta_global,"(mu,lambda)",0.3
EE,potencias,2,391,6.417795977057841e-27,78430,30,200,n,discreta_global,"(mu,lambda)",0.3
EE,potencias,2,392,6.257531266753013e-27,78630,30,200,n,discreta_global,"(mu,lambda)",0.3
EE,potencias,2,393,6.295852684274992e-27,78830,30,200,n,discreta_global,"(mu,lambda)",0.3
EE,potencias,2,394,6.70745453389656e-27,79030,30,200,n,discreta_global,"(mu,lambda)",0.3
EE,potencias,2,395,6.512726421656269e-27,79230,30,200,n,discreta_global,"(mu,lambda)",0.3
EE,potencias,2,396,6.193679543308098e-27,79430,30,200,n,discreta_global,"(mu,lambda)",0.3
EE,potencias,2,397,6.249857378806496e-27,79630,30,200,n,discreta_global,"(mu,lambda)",0.3
EE,potencias,2,398,6.295248694601667e-27,79830,30,200,n,discreta_global,"(mu,lambda)",0.3
EE,potencias,2,399,6.3589594177599904e-27,80030,30,200,n,discreta_global,"(mu,lambda)",0.3
EE,potencias,2,400,6.170037166832133e-27,80230,30,200,n,discreta_global,"(mu,lambda)",0.3
EE,potencias,2,401,6.766796721231614e-27,80430,30,200,n,discreta_global,"(mu,lambda)",0.3
EE,potencias,2,402,6.686835406157009e-27,80630,30,200,n,discreta_global,"(mu,lambda)",0.3
EE,potencias,2,403,7.393537154784385e-27,80830,30,200,n,discreta_global,"(mu,lambda)",0.3
EE,potencias,2,404,6.257074247512458e-27,81030,30,200,n,discreta_global,"(mu,lambda)",0.3
EE,potencias,2,405,7.802832579355293e-27,81230,30,200,n,discreta_global,"(mu,lambda)",0.3
EE,potencias,2,406,7.581788098536667e-27,81430,30,200,n,discreta_global,"(mu,lambda)",0.3
EE,potencias,2,407,7.88418413082625e-27,81630,30,200,n,discreta_global,"(mu,lambda)",0.3
EE,potencias,2,408,7.011328308777103e-27,81830,30,200,n,discreta_global,"(mu,lambda)",0.3
EE,potencias,2,409,6.418644874494388e-27,82030,30,200,n,discreta_global,"(mu,lambda)",0.3
EE,potencias,2,410,6.714313712551027e-27,82230,30,200,n,discreta_global,"(mu,lambda)",0.3
EE,potencias,2,411,6.792481331478226e-27,82430,30,200,n,discreta_global,"(mu,lambda)",0.3
EE,potencias,2,412,6.799888991439768e-27,82630,30,200,n,discreta_global,"(mu,lambda)",0.3
EE,potencias,2,413,7.299145170940411e-27,82830,30,200,n,discreta_global,"(mu,lambda)",0.3
EE,potencias,2,414,8.43898112649706e-27,83030,30,200,n,discreta_global,"(mu,lambda)",0.3
EE,potencias,2,415,7.551133104467817e-27,83230,30,200,n,discreta_global,"(mu,lambda)",0.3
EE,potencias,2,416,6.851755431945313e-27,83430,30,200,n,discreta_global,"(mu,lambda)",0.3
EE,potencias,2,417,6.993416417019376e-27,83630,30,200,n,discreta_global,"(mu,lambda)",0.3
EE,potencias,2,418,8.27132341759168e-27,83830,30,200,n,discreta_global,"(mu,lambda)",0.3
EE,potencias,2,419,6.204144355917759e-27,84030,30,200,n,discreta_global,"(mu,lambda)",0.3
EE,potencias,2,420,6.971109713933842e-27,84230,30,200,n,discreta_global,"(mu,lambda)",0.3
EE,potencias,2,421,6.346176024052192e-27,84430,30,200,n,discreta_global,"(mu,lambda)",0.3
EE,potencias,2,422,6.208011988695977e-27,84630,30,200,n,discreta_global,"(mu,lambda)",0.3
EE,potencias,2,423,7.986647043079111e-27,84830,30,200,n,discreta_global,"(mu,lambda)",0.3
EE,potencias,2,424,6.35753211842558e-27,85030,30,200,n,discreta_global,"(mu,lambda)",0.3
EE,potencias,2,425,7.844831676912088e-27,85230,30,200,n,discreta_global,"(mu,lambda)",0.3
EE,potencias,2,426,6.188997677533637e-27,85430,30,200,n,discreta_global,"(mu,lambda)",0.3
EE,potencias,2,427,6.2727166232942634e-27,85630,30,200,n,discreta_global,"(mu,lambda)",0.3
EE,potencias,2,428,6.227269624443016e-27,85830,30,200,n,discreta_global,"(mu,lambda)",0.3
EE,potencias,2,429,6.202516117862651e-27,86030,30,200,n,discreta_global,"(mu,lambda)",0.3
EE,potencias,2,430,6.22174338948316e-27,86230,30,200,n,discreta_global,"(mu,lambda)",0.3
EE,potencias,2,431,6.2175038894122365e-27,86430,30,200,n,discreta_global,"(mu,lambda)",0.3
EE,potencias,2,432,6.58685166134391e-27,86630,30,200,n,discreta_global,"(mu,lambda)",0.3
EE,potencias,2,433,7.029784418629163e-27,86830,30,200,n,discreta_global,"(mu,lambda)",0.3
EE,potencias,2,434,6.27779862565305e-27,87030,30,200,n,discreta_global,"(mu,lambda)",0.3
EE,potencias,2,435,7.265944694739493e-27,87230,30,200,n,discreta_global,"(mu,lambda)",0.3
EE,potencias,2,436,6.635123089114184e-27,87430,30,200,n,discreta_global,"(mu,lambda)",0.3
EE,potencias,2,437,6.429991094807656e-27,87630,30,200,n,discreta_global,"(mu,lambda)",0.3
EE,potencias,2,438,6.370815103679073e-27,87830,30,200,n,discreta_global,"(mu,lambda)",0.3
EE,potencias,2,439,7.011114556556402e-27,88030,30,200,n,discreta_global,"(mu,lambda)",0.3
EE,potencias,2,440,6.681147992230545e-27,88230,30,200,n,discreta_global,"(mu,lambda)",0.3
EE,potencias,2,441,6.707757017981197e-27,88430,30,200,n,discreta_global,"(mu,lambda)",0.3
EE,potencias,2,442,6.4280722958275384e-27,88630,30,200,n,discreta_global,"(mu,lambda)",0.3
EE,potencias,2,443,6.206947190422181e-27,88830,30,200,n,discreta_global,"(mu,lambda)",0.3
EE,potencias,2,444,6.399811067133398e-27,89030,30,200,n,discreta_global,"(mu,lambda)",0.3
EE,potencias,2,445,6.622897459315037e-27,89230,30,200,n,discreta_global,"(mu,lambda)",0.3
EE,potencias,2,446,6.3219535880447685e-27,89430,30,200,n,discreta_global,"(mu,lambda)",0.3
EE,potencias,2,447,6.791163451874118e-27,89630,30,200,n,discreta_global,"(mu,lambda)",0.3
EE,potencias,2,448,6.4441195889770654e-27,89830,30,200,n,discreta_global,"(mu,lambda)",0.3
EE,potencias,2,449,6.4205793175922646e-27,90030,30,200,n,discreta_global,"(mu,lambda)",0.3
EE,potencias,2,450,8.208650114812674e-27,90230,30,200,n,discreta_global,"(mu,lambda)",0.3
EE,potencias,2,451,6.426664618202108e-27,90430,30,200,n,discreta_global,"(mu,lambda)",0.3
EE,potencias,2,452,6.374682211961949e-27,90630,30,200,n,discreta_global,"(mu,lambda)",0.3
EE,potencias,2,453,6.359908945804475e-27,90830,30,200,n,discreta_global,"(mu,lambda)",0.3
EE,potencias,2,454,6.693552673777745e-27,91030,30,200,n,discreta_global,"(mu,lambda)",0.3
EE,potencias,2,455,6.322155466957364e-27,91230,30,200,n,discreta_global,"(mu,lambda)",0.3
EE,potencias,2,456,6.475614364230151e-27,91430,30,200,n,discreta_global,"(mu,lambda)",0.3
EE,potencias,2,457,6.696038025459203e-27,91630,30,200,n,discreta_global,"(mu,lambda)",0.3
EE,potencias,2,458,8.58872832650262e-27,91830,30,200,n,discreta_global,"(mu,lambda)",0.3
EE,potencias,2,459,6.278093989094057e-27,92030,30,200,n,discreta_global,"(mu,lambda)",0.3
EE,potencias,2,460,6.681763731755717e-27,92230,30,200,n,discreta_global,"(mu,lambda)",0.3
EE,potencias,2,461,6.881539703822025e-27,92430,30,200,n,discreta_global,"(mu,lambda)",0.3
EE,potencias,2,462,6.976783794201456e-27,92630,30,200,n,discreta_global,"(mu,lambda)",0.3
EE,potencias,2,463,9.371607751822053e-27,92830,30,200,n,discreta_global,"(mu,lambda)",0.3
EE,potencias,2,464,6.846467274453667e-27,93030,30,200,n,discreta_global,"(mu,lambda)",0.3
EE,potencias,2,465,8.982760303815364e-27,93230,30,200,n,discreta_global,"(mu,lambda)",0.3
EE,potencias,2,466,8.038012303264087e-27,93430,30,200,n,discreta_global,"(mu,lambda)",0.3
EE,potencias,2,467,6.876554607319185e-27,93630,30,200,n,discreta_global,"(mu,lambda)",0.3
EE,potencias,2,468,8.530962993296403e-27,93830,30,200,n,discreta_global,"(mu,lambda)",0.3
EE,potencias,2,469,7.19219479177538e-27,94030,30,200,n,discreta_global,"(mu,lambda)",0.3
EE,potencias,2,470,9.122757232553192e-27,94230,30,200,n,discreta_global,"(mu,lambda)",0.3
EE,potencias,2,471,8.38773706520988e-27,94430,30,200,n,discreta_global,"(mu,lambda)",0.3
EE,potencias,2,472,6.498822904139925e-27,94630,30,200,n,discreta_global,"(mu,lambda)",0.3
EE,potencias,2,473,6.350020431184213e-27,94830,30,200,n,discreta_global,"(mu,lambda)",0.3
EE,potencias,2,474,6.323063864760162e-27,95030,30,200,n,discreta_global,"(mu,lambda)",0.3
EE,potencias,2,475,6.515030409615752e-27,95230,30,200,n,discreta_global,"(mu,lambda)",0.3
EE,potencias,2,476,7.960250828431361e-27,95430,30,200,n,discreta_global,"(mu,lambda)",0.3
EE,potencias,2,477,6.298232381676248e-27,95630,30,200,n,discreta_global,"(mu,lambda)",0.3
EE,potencias,2,478,6.926222672875412e-27,95830,30,200,n,discreta_global,"(mu,lambda)",0.3
EE,potencias,2,479,7.062026347703811e-27,96030,30,200,n,discreta_global,"(mu,lambda)",0.3
EE,potencias,2,480,6.296973125429757e-27,96230,30,200,n,discreta_global,"(mu,lambda)",0.3
EE,potencias,2,481,6.583576707223788e-27,96430,30,200,n,discreta_global,"(mu,lambda)",0.3
EE,potencias,2,482,6.391691674155011e-27,96630,30,200,n,discreta_global,"(mu,lambda)",0.3
EE,potencias,2,483,6.759298380655565e-27,96830,30,200,n,discreta_global,"(mu,lambda)",0.3
EE,potencias,2,484,6.3029533476024544e-27,97030,30,200,n,discreta_global,"(mu,lambda)",0.3
EE,potencias,2,485,6.3008758323148294e-27,97230,30,200,n,discreta_global,"(mu,lambda)",0.3
EE,potencias,2,486,6.506051137755301e-27,97430,30,200,n,discreta_global,"(mu,lambda)",0.3
EE,potencias,2,487,6.672224957635221e-27,97630,30,200,n,discreta_global,"(mu,lambda)",0.3
EE,potencias,2,488,6.450645853351885e-27,97830,30,200,n,discreta_global,"(mu,lambda)",0.3
EE,potencias,2,489,6.310972985770481e-27,98030,30,200,n,discreta_global,"(mu,lambda)",0.3
EE,potencias,2,490,6.318430158442728e-27,98230,30,200,n,discreta_global,"(mu,lambda)",0.3
EE,potencias,2,491,6.295148336045226e-27,98430,30,200,n,discreta_global,"(mu,lambda)",0.3
EE,potencias,2,492,6.334536749670813e-27,98630,30,200,n,discreta_global,"(mu,lambda)",0.3
EE,potencias,2,493,6.374389507186701e-27,98830,30,200,n,discreta_global,"(mu,lambda)",0.3
EE,potencias,2,494,7.436205434090944e-27,99030,30,200,n,discreta_global,"(mu,lambda)",0.3
EE,potencias,2,495,6.651800597335951e-27,99230,30,200,n,discreta_global,"(mu,lambda)",0.3
EE,potencias,2,496,6.440970094519564e-27,99430,30,200,n,discreta_global,"(mu,lambda)",0.3
EE,potencias,2,497,6.344101866692228e-27,99630,30,200,n,discreta_global,"(mu,lambda)",0.3
EE,potencias,2,498,6.885350878247786e-27,99830,30,200,n,discreta_global,"(mu,lambda)",0.3
EE,potencias,2,499,6.30954773899e-27,100030,30,200,n,discreta_global,"(mu,lambda)",0.3
EE,potencias,2,500,6.392694402370211e-27,100230,30,200,n,discreta_global,"(mu,lambda)",0.3
EE,potencias,2,501,6.374530327026117e-27,100430,30,200,n,discreta_global,"(mu,lambda)",0.3
EE,potencias,2,502,6.3379971623758134e-27,100630,30,200,n,discreta_global,"(mu,lambda)",0.3
EE,potencias,2,503,6.393918166778754e-27,100830,30,200,n,discreta_global,"(mu,lambda)",0.3
EE,potencias,2,504,6.30597674081982e-27,101030,30,200,n,discreta_global,"(mu,lambda)",0.3
EE,potencias,2,505,6.326923768905716e-27,101230,30,200,n,discreta_global,"(mu,lambda)",0.3
EE,potencias,2,506,6.530332342904302e-27,101430,30,200,n,discreta_global,"(mu,lambda)",0.3
EE,potencias,2,507,6.348335660254287e-27,101630,30,200,n,discreta_global,"(mu,lambda)",0.3
EE,potencias,2,508,6.654444662688988e-27,101830,30,200,n,discreta_global,"(mu,lambda)",0.3
EE,potencias,2,509,6.3024461740730894e-27,102030,30,200,n,discreta_global,"(mu,lambda)",0.3
EE,potencias,2,510,6.3549183776199985e-27,102230,30,200,n,discreta_global,"(mu,lambda)",0.3
EE,potencias,2,511,6.306288664574026e-27,102430,30,200,n,discreta_global,"(mu,lambda)",0.3
EE,potencias,2,512,6.683592384916124e-27,102630,30,200,n,discreta_global,"(mu,lambda)",0.3
EE,potencias,2,513,7.679608637937096e-27,102830,30,200,n,discreta_global,"(mu,lambda)",0.3
EE,potencias,2,514,6.367947865850235e-27,103030,30,200,n,discreta_global,"(mu,lambda)",0.3
EE,potencias,2,515,6.331707490184451e-27,103230,30,200,n,discreta_global,"(mu,lambda)",0.3
EE,potencias,2,516,6.343130349431133e-27,103430,30,200,n,discreta_global,"(mu,lambda)",0.3
EE,potencias,2,517,6.573301184282184e-27,103630,30,200,n,discreta_global,"(mu,lambda)",0.3
EE,potencias,2,518,6.315617142865084e-27,103830,30,200,n,discreta_global,"(mu,lambda)",0.3
EE,potencias,2,519,6.279823069224371e-27,104030,30,200,n,discreta_global,"(mu,lambda)",0.3
EE,potencias,2,520,6.52273581923442e-27,104230,30,200,n,discreta_global,"(mu,lambda)",0.3
EE,potencias,2,521,6.3194456584097245e-27,104430,30,200,n,discreta_global,"(mu,lambda)",0.3
EE,potencias,2,522,6.917987805634564e-27,104630,30,200,n,discreta_global,"(mu,lambda)",0.3
EE,potencias,2,523,7.138220398236868e-27,104830,30,200,n,discreta_global,"(mu,lambda)",0.3
EE,potencias,2,524,6.313432809314533e-27,105030,30,200,n,discreta_global,"(mu,lambda)",0.3
EE,potencias,2,525,6.296071978536145e-27,105230,30,200,n,discreta_global,"(mu,lambda)",0.3
EE,potencias,2,526,6.322691084938217e-27,105430,30,200,n,discreta_global,"(mu,lambda)",0.3
EE,potencias,2,527,6.336466072790183e-27,105630,30,200,n,discreta_global,"(mu,lambda)",0.3
EE,potencias,2,528,6.732747343544882e-27,105830,30,200,n,discreta_global,"(mu,lambda)",0.3
EE,potencias,2,529,8.007186000033253e-27,106030,30,200,n,discreta_global,"(mu,lambda)",0.3
EE,potencias,2,530,8.560399261598861e-27,106230,30,200,n,discreta_global,"(mu,lambda)",0.3
EE,potencias,2,531,6.3749317223566334e-27,106430,30,200,n,discreta_global,"(mu,lambda)",0.3
EE,potencias,2,532,6.562413034794298e-27,106630,30,200,n,discreta_global,"(mu,lambda)",0.3
EE,potencias,2,533,8.625117333221946e-27,106830,30,200,n,discreta_global,"(mu,lambda)",0.3
EE,potencias,2,534,6.518511566118874e-27,107030,30,200,n,discreta_global,"(mu,lambda)",0.3
EE,potencias,2,535,6.5252291457136e-27,107230,30,200,n,discreta_global,"(mu,lambda)",0.3
EE,potencias,2,536,6.533612618370384e-27,107430,30,200,n,discreta_global,"(mu,lambda)",0.3
EE,potencias,2,537,8.707709159345373e-27,107630,30,200,n,discreta_global,"(mu,lambda)",0.3
EE,potencias,2,538,6.3013252098005936e-27,107830,30,200,n,discreta_global,"(mu,lambda)",0.3
EE,potencias,2,539,6.697527193869487e-27,108030,30,200,n,discreta_global,"(mu,lambda)",0.3
EE,potencias,2,540,6.3401296863182954e-27,108230,30,200,n,discreta_global,"(mu,lambda)",0.3
EE,potencias,2,541,6.609405877171418e-27,108430,30,200,n,discreta_global,"(mu,lambda)",0.3
EE,potencias,2,542,6.342893242443356e-27,108630,30,200,n,discreta_global,"(mu,lambda)",0.3
EE,potencias,2,543,6.240931242096597e-27,108830,30,200,n,discreta_global,"(mu,lambda)",0.3
EE,potencias,2,544,6.588189191337045e-27,109030,30,200,n,discreta_global,"(mu,lambda)",0.3
EE,potencias,2,545,6.2783562733825425e-27,109230,30,200,n,discreta_global,"(mu,lambda)",0.3
EE,potencias,2,546,7.102287403346947e-27,109430,30,200,n,discreta_global,"(mu,lambda)",0.3
EE,potencias,2,547,6.671928439581074e-27,109630,30,200,n,discreta_global,"(mu,lambda)",0.3
EE,potencias,2,548,7.036989067962937e-27,109830,30,200,n,discreta_global,"(mu,lambda)",0.3
EE,potencias,2,549,7.348838722626762e-27,110030,30,200,n,discreta_global,"(mu,lambda)",0.3
EE,potencias,2,550,6.968937059964767e-27,110230,30,200,n,discreta_global,"(mu,lambda)",0.3
EE,potencias,2,551,6.403158405422157e-27,110430,30,200,n,discreta_global,"(mu,lambda)",0.3
EE,potencias,2,552,6.371119913272827e-27,110630,30,200,n,discreta_global,"(mu,lambda)",0.3
EE,potencias,2,553,6.81967304139499e-27,110830,30,200,n,discreta_global,"(mu,lambda)",0.3
EE,potencias,2,554,7.309873538560869e-27,111030,30,200,n,discreta_global,"(mu,lambda)",0.3
EE,potencias,2,555,6.692832291120396e-27,111230,30,200,n,discreta_global,"(mu,lambda)",0.3
EE,potencias,2,556,6.2923992669724935e-27,111430,30,200,n,discreta_global,"(mu,lambda)",0.3
EE,potencias,2,557,6.536375923248813e-27,111630,30,200,n,discreta_global,"(mu,lambda)",0.3
EE,potencias,2,558,6.57096403475839e-27,111830,30,200,n,discreta_global,"(mu,lambda)",0.3
EE,potencias,2,559,6.298335789042069e-27,112030,30,200,n,discreta_global,"(mu,lambda)",0.3
EE,potencias,2,560,6.810953618336174e-27,112230,30,200,n,discreta_global,"(mu,lambda)",0.3
EE,potencias,2,561,6.536506575058997e-27,112430,30,200,n,discreta_global,"(mu,lambda)",0.3
EE,potencias,2,562,6.313294584564507e-27,112630,30,200,n,discreta_global,"(mu,lambda)",0.3
EE,potencias,2,563,6.440503766500974e-27,112830,30,200,n,discreta_global,"(mu,lambda)",0.3
EE,potencias,2,564,6.692243533150046e-27,113030,30,200,n,discreta_global,"(mu,lambda)",0.3
EE,potencias,2,565,6.388966506765736e-27,113230,30,200,n,discreta_global,"(mu,lambda)",0.3
EE,potencias,2,566,6.291811601090654e-27,113430,30,200,n,discreta_global,"(mu,lambda)",0.3
EE,potencias,2,567,6.633016730449115e-27,113630,30,200,n,discreta_global,"(mu,lambda)",0.3
EE,potencias,2,568,6.693775235315967e-27,113830,30,200,n,discreta_global,"(mu,lambda)",0.3
EE,potencias,2,569,6.334923031185612e-27,114030,30,200,n,discreta_global,"(mu,lambda)",0.3
EE,potencias,2,570,6.416665155983514e-27,114230,30,200,n,discreta_global,"(mu,lambda)",0.3
EE,potencias,2,571,6.3329540424976195e-27,114430,30,200,n,discreta_global,"(mu,lambda)",0.3
EE,potencias,2,572,6.290575606052668e-27,114630,30,200,n,discreta_global,"(mu,lambda)",0.3
EE,potencias,2,573,6.31401920248158e-27,114830,30,200,n,discreta_global,"(mu,lambda)",0.3
EE,potencias,2,574,6.411006122483589e-27,115030,30,200,n,discreta_global,"(mu,lambda)",0.3
EE,potencias,2,575,6.516948528199135e-27,115230,30,200,n,discreta_global,"(mu,lambda)",0.3
EE,potencias,2,576,6.3482850716736475e-27,115430,30,200,n,discreta_global,"(mu,lambda)",0.3
EE,potencias,2,577,7.653334421136823e-27,115630,30,200,n,discreta_global,"(mu,lambda)",0.3
EE,potencias,2,578,6.142638680685079e-27,115830,30,200,n,discreta_global,"(mu,lambda)",0.3
EE,potencias,2,579,7.647900682123762e-27,116030,30,200,n,discreta_global,"(mu,lambda)",0.3
EE,potencias,2,580,6.278056009238292e-27,116230,30,200,n,discreta_global,"(mu,lambda)",0.3
EE,potencias,2,581,6.245272885978821e-27,116430,30,200,n,discreta_global,"(mu,lambda)",0.3
EE,potencias,2,582,6.289017227770087e-27,116630,30,200,n,discreta_global,"(mu,lambda)",0.3
EE,potencias,2,583,6.275505908545696e-27,116830,30,200,n,discreta_global,"(mu,lambda)",0.3
EE,potencias,2,584,6.2733721332967996e-27,117030,30,200,n,discreta_global,"(mu,lambda)",0.3
EE,potencias,2,585,6.3202053949398396e-27,117230,30,200,n,discreta_global,"(mu,lambda)",0.3
EE,potencias,2,586,6.260590540720483e-27,117430,30,200,n,discreta_global,"(mu,lambda)",0.3
EE,potencias,2,587,6.143299210125379e-27,117630,30,200,n,discreta_global,"(mu,lambda)",0.3
EE,potencias,2,588,6.592794667168852e-27,117830,30,200,n,discreta_global,"(mu,lambda)",0.3
EE,potencias,2,589,6.451964091710524e-27,118030,30,200,n,discreta_global,"(mu,lambda)",0.3
EE,potencias,2,590,6.281817066911524e-27,118230,30,200,n,discreta_global,"(mu,lambda)",0.3
EE,potencias,2,591,6.72942637513692e-27,118430,30,200,n,discreta_global,"(mu,lambda)",0.3
EE,potencias,2,592,6.4378483800035824e-27,118630,30,200,n,discreta_global,"(mu,lambda)",0.3
EE,potencias,2,593,6.1895677930492414e-27,118830,30,200,n,discreta_global,"(mu,lambda)",0.3
EE,potencias,2,594,6.23266975485987e-27,119030,30,200,n,discreta_global,"(mu,lambda)",0.3
EE,potencias,2,595,6.457697947755157e-27,119230,30,200,n,discreta_global,"(mu,lambda)",0.3
EE,potencias,2,596,6.140616785320116e-27,119430,30,200,n,discreta_global,"(mu,lambda)",0.3
EE,potencias,2,597,6.183182619611732e-27,119630,30,200,n,discreta_global,"(mu,lambda)",0.3
EE,potencias,2,598,6.528303607709799e-27,119830,30,200,n,discreta_global,"(mu,lambda)",0.3
EE,potencias,2,599,6.902044698773092e-27,120030,30,200,n,discreta_global,"(mu,lambda)",0.3
EE,potencias,2,600,6.828764521396448e-27,120230,30,200,n,discreta_global,"(mu,lambda)",0.3
EE,potencias,2,601,6.163491939026699e-27,120430,30,200,n,discreta_global,"(mu,lambda)",0.3
EE,potencias,2,602,6.18934292392308e-27,120630,30,200,n,discreta_global,"(mu,lambda)",0.3
EE,potencias,2,603,6.175220263440134e-27,120830,30,200,n,discreta_global,"(mu,lambda)",0.3
EE,potencias,2,604,6.532215506624409e-27,121030,30,200,n,discreta_global,"(mu,lambda)",0.3
EE,potencias,2,605,6.380223928646194e-27,121230,30,200,n,discreta_global,"(mu,lambda)",0.3
EE,potencias,2,606,6.215028149411528e-27,121430,30,200,n,discreta_global,"(mu,lambda)",0.3
EE,potencias,2,607,6.397714833504174e-27,121630,30,200,n,discreta_global,"(mu,lambda)",0.3
EE,potencias,2,608,6.240263600039955e-27,121830,30,200,n,discreta_global,"(mu,lambda)",0.3
EE,potencias,2,609,6.1550511877618846e-27,122030,30,200,n,discreta_global,"(mu,lambda)",0.3
EE,potencias,2,610,6.594315815485966e-27,122230,30,200,n,discreta_global,"(mu,lambda)",0.3
EE,potencias,2,611,6.2938556662142435e-27,122430,30,200,n,discreta_global,"(mu,lambda)",0.3
EE,potencias,2,612,6.193834229508834e-27,122630,30,200,n,discreta_global,"(mu,lambda)",0.3
EE,potencias,2,613,6.353152265104206e-27,122830,30,200,n,discreta_global,"(mu,lambda)",0.3
EE,potencias,2,614,6.511397499749397e-27,123030,30,200,n,discreta_global,"(mu,lambda)",0.3
EE,potencias,2,615,6.329610800618175e-27,123230,30,200,n,discreta_global,"(mu,lambda)",0.3
EE,potencias,2,616,6.3355524466754886e-27,123430,30,200,n,discreta_global,"(mu,lambda)",0.3
EE,potencias,2,617,6.165214536434708e-27,123630,30,200,n,discreta_global,"(mu,lambda)",0.3
EE,potencias,2,618,6.3179673670975086e-27,123830,30,200,n,discreta_global,"(mu,lambda)",0.3
EE,potencias,2,619,6.217785403150805e-27,124030,30,200,n,discreta_global,"(mu,lambda)",0.3
EE,potencias,2,620,6.174035695160341e-27,124230,30,200,n,discreta_global,"(mu,lambda)",0.3
EE,potencias,2,621,6.520085896435417e-27,124430,30,200,n,discreta_global,"(mu,lambda)",0.3
EE,potencias,2,622,6.328590425791077e-27,124630,30,200,n,discreta_global,"(mu,lambda)",0.3
EE,potencias,2,623,6.276328758348664e-27,124830,30,200,n,discreta_global,"(mu,lambda)",0.3
EE,potencias,2,624,6.27462367055249e-27,125030,30,200,n,discreta_global,"(mu,lambda)",0.3
EE,potencias,2,625,6.158625386260817e-27,125230,30,200,n,discreta_global,"(mu,lambda)",0.3
EE,potencias,2,626,7.126143037000124e-27,125430,30,200,n,discreta_global,"(mu,lambda)",0.3
EE,potencias,2,627,6.243770930263044e-27,125630,30,200,n,discreta_global,"(mu,lambda)",0.3
EE,potencias,2,628,6.97581398296784e-27,125830,30,200,n,discreta_global,"(mu,lambda)",0.3
EE,potencias,2,629,7.24711279741189e-27,126030,30,200,n,discreta_global,"(mu,lambda)",0.3
EE,potencias,2,630,6.168347472172084e-27,126230,30,200,n,discreta_global,"(mu,lambda)",0.3
EE,potencias,2,631,6.858871226813082e-27,126430,30,200,n,discreta_global,"(mu,lambda)",0.3
EE,potencias,2,632,6.627522462095461e-27,126630,30,200,n,discreta_global,"(mu,lambda)",0.3
EE,potencias,2,633,6.154559125252334e-27,126830,30,200,n,discreta_global,"(mu,lambda)",0.3
EE,potencias,2,634,6.311033969316573e-27,127030,30,200,n,discreta_global,"(mu,lambda)",0.3
EE,potencias,2,635,7.841296221998436e-27,127230,30,200,n,discreta_global,"(mu,lambda)",0.3
EE,potencias,2,636,6.394212245222524e-27,127430,30,200,n,discreta_global,"(mu,lambda)",0.3
EE,potencias,2,637,8.389505084307164e-27,127630,30,200,n,discreta_global,"(mu,lambda)",0.3
EE,potencias,2,638,6.133608977393025e-27,127830,30,200,n,discreta_global,"(mu,lambda)",0.3
EE,potencias,2,639,6.419622304822917e-27,128030,30,200,n,discreta_global,"(mu,lambda)",0.3
EE,potencias,2,640,6.4126486146820954e-27,128230,30,200,n,discreta_global,"(mu,lambda)",0.3
EE,potencias,2,641,6.366102574786211e-27,128430,30,200,n,discreta_global,"(mu,lambda)",0.3
EE,potencias,2,642,6.3425334625887004e-27,128630,30,200,n,discreta_global,"(mu,lambda)",0.3
EE,potencias,2,643,6.472312397738433e-27,128830,30,200,n,discreta_global,"(mu,lambda)",0.3
EE,potencias,2,644,6.155662338337654e-27,129030,30,200,n,discreta_global,"(mu,lambda)",0.3
EE,potencias,2,645,6.410073937371089e-27,129230,30,200,n,discreta_global,"(mu,lambda)",0.3
EE,potencias,2,646,6.137033234651189e-27,129430,30,200,n,discreta_global,"(mu,lambda)",0.3
EE,potencias,2,647,6.51385460242268e-27,129630,30,200,n,discreta_global,"(mu,lambda)",0.3
EE,potencias,2,648,6.370508854887475e-27,129830,30,200,n,discreta_global,"(mu,lambda)",0.3
EE,potencias,2,649,7.744435220924476e-27,130030,30,200,n,discreta_global,"(mu,lambda)",0.3
EE,potencias,2,650,7.537003392149282e-27,130230,30,200,n,discreta_global,"(mu,lambda)",0.3
EE,potencias,2,651,6.609422298749281e-27,130430,30,200,n,discreta_global,"(mu,lambda)",0.3
EE,potencias,2,652,7.197807739486761e-27,130630,30,200,n,discreta_global,"(mu,lambda)",0.3
EE,potencias,2,653,8.064371246776182e-27,130830,30,200,n,discreta_global,"(mu,lambda)",0.3
EE,potencias,2,654,8.058078266627309e-27,131030,30,200,n,discreta_global,"(mu,lambda)",0.3
EE,potencias,2,655,7.532085225585404e-27,131230,30,200,n,discreta_global,"(mu,lambda)",0.3
EE,potencias,2,656,6.716914175306561e-27,131430,30,200,n,discreta_global,"(mu,lambda)",0.3
EE,potencias,2,657,6.58809944093992e-27,131630,30,200,n,discreta_global,"(mu,lambda)",0.3
EE,potencias,2,658,6.800593071203476e-27,131830,30,200,n,discreta_global,"(mu,lambda)",0.3
EE,potencias,2,659,6.515690753260258e-27,132030,30,200,n,discreta_global,"(mu,lambda)",0.3
EE,potencias,2,660,6.302529635187312e-27,132230,30,200,n,discreta_global,"(mu,lambda)",0.3
EE,potencias,2,661,6.399486633912368e-27,132430,30,200,n,discreta_global,"(mu,lambda)",0.3
EE,potencias,2,662,6.133593637351025e-27,132630,30,200,n,discreta_global,"(mu,lambda)",0.3
EE,potencias,2,663,6.1967222494072455e-27,132830,30,200,n,discreta_global,"(mu,lambda)",0.3
EE,potencias,2,664,6.787576743602433e-27,133030,30,200,n,discreta_global,"(mu,lambda)",0.3
EE,potencias,2,665,6.1339933503207064e-27,133230,30,200,n,discreta_global,"(mu,lambda)",0.3
EE,potencias,2,666,7.27292257180891e-27,133430,30,200,n,discreta_global,"(mu,lambda)",0.3
EE,potencias,2,667,6.686399302734724e-27,133630,30,200,n,discreta_global,"(mu,lambda)",0.3
EE,potencias,2,668,6.144384301415467e-27,133830,30,200,n,discreta_global,"(mu,lambda)",0.3
EE,potencias,2,669,6.713390283993655e-27,134030,30,200,n,discreta_global,"(mu,lambda)",0.3
EE,potencias,2,670,6.156298734470914e-27,134230,30,200,n,discreta_global,"(mu,lambda)",0.3
EE,potencias,2,671,6.2907291019823425e-27,134430,30,200,n,discreta_global,"(mu,lambda)",0.3
EE,potencias,2,672,7.145289821367146e-27,134630,30,200,n,discreta_global,"(mu,lambda)",0.3
EE,potencias,2,673,6.250791416154678e-27,134830,30,200,n,discreta_global,"(mu,lambda)",0.3
EE,potencias,2,674,6.271320133949086e-27,135030,30,200,n,discreta_global,"(mu,lambda)",0.3
EE,potencias,2,675,6.2128051586235635e-27,135230,30,200,n,discreta_global,"(mu,lambda)",0.3
EE,potencias,2,676,6.295271803282258e-27,135430,30,200,n,discreta_global,"(mu,lambda)",0.3
EE,potencias,2,677,6.2546347596954814e-27,135630,30,200,n,discreta_global,"(mu,lambda)",0.3
EE,potencias,2,678,6.1578104196104414e-27,135830,30,200,n,discreta_global,"(mu,lambda)",0.3
EE,potencias,2,679,6.440398075725893e-27,136030,30,200,n,discreta_global,"(mu,lambda)",0.3
EE,potencias,2,680,6.1367372667770594e-27,136230,30,200,n,discreta_global,"(mu,lambda)",0.3
EE,potencias,2,681,6.145745214354329e-27,136430,30,200,n,discreta_global,"(mu,lambda)",0.3
EE,potencias,2,682,6.397850934084229e-27,136630,30,200,n,discreta_global,"(mu,lambda)",0.3
EE,potencias,2,683,6.171566996743959e-27,136830,30,200,n,discreta_global,"(mu,lambda)",0.3
EE,potencias,2,684,6.151824424441386e-27,137030,30,200,n,discreta_global,"(mu,lambda)",0.3
EE,potencias,2,685,6.1852147918372326e-27,137230,30,200,n,discreta_global,"(mu,lambda)",0.3
EE,potencias,2,686,6.3717144970873265e-27,137430,30,200,n,discreta_global,"(mu,lambda)",0.3
EE,potencias,2,687,6.21879494793547e-27,137630,30,200,n,discreta_global,"(mu,lambda)",0.3
EE,potencias,2,688,6.198483582122641e-27,137830,30,200,n,discreta_global,"(mu,lambda)",0.3
EE,potencias,2,689,6.2943197502224035e-27,138030,30,200,n,discreta_global,"(mu,lambda)",0.3
EE,potencias,2,690,6.821842601463115e-27,138230,30,200,n,discreta_global,"(mu,lambda)",0.3
EE,potencias,2,691,7.743417153317155e-27,138430,30,200,n,discreta_global,"(mu,lambda)",0.3
EE,potencias,2,692,6.202182245536759e-27,138630,30,200,n,discreta_global,"(mu,lambda)",0.3
EE,potencias,2,693,6.1970482747344414e-27,138830,30,200,n,discreta_global,"(mu,lambda)",0.3
EE,potencias,2,694,6.516276910662424e-27,139030,30,200,n,discreta_global,"(mu,lambda)",0.3
EE,potencias,2,695,6.141417946397643e-27,139230,30,200,n,discreta_global,"(mu,lambda)",0.3
EE,potencias,2,696,6.1574427884155686e-27,139430,30,200,n,discreta_global,"(mu,lambda)",0.3
EE,potencias,2,697,6.229512670374072e-27,139630,30,200,n,discreta_global,"(mu,lambda)",0.3
EE,potencias,2,698,6.402730074859375e-27,139830,30,200,n,discreta_global,"(mu,lambda)",0.3
EE,potencias,2,699,6.13899320431213e-27,140030,30,200,n,discreta_global,"(mu,lambda)",0.3
EE,potencias,2,700,6.13948962554375e-27,140230,30,200,n,discreta_global,"(mu,lambda)",0.3
EE,potencias,2,701,6.268004568076221e-27,140430,30,200,n,discreta_global,"(mu,lambda)",0.3
EE,potencias,2,702,6.1844640322661826e-27,140630,30,200,n,discreta_global,"(mu,lambda)",0.3
EE,potencias,2,703,6.724733227279786e-27,140830,30,200,n,discreta_global,"(mu,lambda)",0.3
EE,potencias,2,704,6.42834449460687e-27,141030,30,200,n,discreta_global,"(mu,lambda)",0.3
EE,potencias,2,705,6.73007975795664e-27,141230,30,200,n,discreta_global,"(mu,lambda)",0.3
EE,potencias,2,706,6.382823203767496e-27,141430,30,200,n,discreta_global,"(mu,lambda)",0.3
EE,potencias,2,707,6.283029922780118e-27,141630,30,200,n,discreta_global,"(mu,lambda)",0.3
EE,potencias,2,708,6.495288199356031e-27,141830,30,200,n,discreta_global,"(mu,lambda)",0.3
EE,potencias,2,709,6.288503032099068e-27,142030,30,200,n,discreta_global,"(mu,lambda)",0.3
EE,potencias,2,710,6.2948267276278355e-27,142230,30,200,n,discreta_global,"(mu,lambda)",0.3
EE,potencias,2,711,6.46257330005272e-27,142430,30,200,n,discreta_global,"(mu,lambda)",0.3
EE,potencias,2,712,6.221699637306398e-27,142630,30,200,n,discreta_global,"(mu,lambda)",0.3
EE,potencias,2,713,7.13254585896557e-27,142830,30,200,n,discreta_global,"(mu,lambda)",0.3
EE,potencias,2,714,6.634275001286893e-27,143030,30,200,n,discreta_global,"(mu,lambda)",0.3
EE,potencias,2,715,6.449582728488168e-27,143230,30,200,n,discreta_global,"(mu,lambda)",0.3
EE,potencias,2,716,6.197256216563048e-27,143430,30,200,n,discreta_global,"(mu,lambda)",0.3
EE,potencias,2,717,6.603784338773967e-27,143630,30,200,n,discreta_global,"(mu,lambda)",0.3
EE,potencias,2,718,6.286300134822917e-27,143830,30,200,n,discreta_global,"(mu,lambda)",0.3
EE,potencias,2,719,6.2429706602178e-27,144030,30,200,n,discreta_global,"(mu,lambda)",0.3
EE,potencias,2,720,6.377779864976852e-27,144230,30,200,n,discreta_global,"(mu,lambda)",0.3
EE,potencias,2,721,6.303673241151327e-27,144430,30,200,n,discreta_global,"(mu,lambda)",0.3
EE,potencias,2,722,6.2983205773953376e-27,144630,30,200,n,discreta_global,"(mu,lambda)",0.3
EE,potencias,2,723,6.1742327626805434e-27,144830,30,200,n,discreta_global,"(mu,lambda)",0.3
EE,potencias,2,724,6.3679150621848954e-27,145030,30,200,n,discreta_global,"(mu,lambda)",0.3
EE,potencias,2,725,6.211086431113555e-27,145230,30,200,n,discreta_global,"(mu,lambda)",0.3
EE,potencias,2,726,6.598900159237125e-27,145430,30,200,n,discreta_global,"(mu,lambda)",0.3
EE,potencias,2,727,6.354279511758607e-27,145630,30,200,n,discreta_global,"(mu,lambda)",0.3
EE,potencias,2,728,6.28358618741919e-27,145830,30,200,n,discreta_global,"(mu,lambda)",0.3
EE,potencias,2,729,6.375233956314483e-27,146030,30,200,n,discreta_global,"(mu,lambda)",0.3
EE,potencias,2,730,6.2443558031987236e-27,146230,30,200,n,discreta_global,"(mu,lambda)",0.3
EE,potencias,2,731,6.438011381593568e-27,146430,30,200,n,discreta_global,"(mu,lambda)",0.3
EE,potencias,2,732,6.325958290195513e-27,146630,30,200,n,discreta_global,"(mu,lambda)",0.3
EE,potencias,2,733,7.13399243472866e-27,146830,30,200,n,discreta_global,"(mu,lambda)",0.3
EE,potencias,2,734,6.409096809102061e-27,147030,30,200,n,discreta_global,"(mu,lambda)",0.3
EE,potencias,2,735,6.280532097764546e-27,147230,30,200,n,discreta_global,"(mu,lambda)",0.3
EE,potencias,2,736,6.2735930278451746e-27,147430,30,200,n,discreta_global,"(mu,lambda)",0.3
EE,potencias,2,737,6.388857025866702e-27,147630,30,200,n,discreta_global,"(mu,lambda)",0.3
EE,potencias,2,738,6.230560176541824e-27,147830,30,200,n,discreta_global,"(mu,lambda)",0.3
EE,potencias,2,739,6.2616499190844146e-27,148030,30,200,n,discreta_global,"(mu,lambda)",0.3
EE,potencias,2,740,6.3616808360281454e-27,148230,30,200,n,discreta_global,"(mu,lambda)",0.3
EE,potencias,2,741,6.362759343446919e-27,148430,30,200,n,discreta_global,"(mu,lambda)",0.3
EE,potencias,2,742,6.201099999378422e-27,148630,30,200,n,discreta_global,"(mu,lambda)",0.3
EE,potencias,2,743,6.55168902326735e-27,148830,30,200,n,discreta_global,"(mu,lambda)",0.3
EE,potencias,2,744,6.348301655141121e-27,149030,30,200,n,discreta_global,"(mu,lambda)",0.3
EE,potencias,2,745,6.511321118147741e-27,149230,30,200,n,discreta_global,"(mu,lambda)",0.3
EE,potencias,2,746,6.19427357530875e-27,149430,30,200,n,discreta_global,"(mu,lambda)",0.3
EE,potencias,2,747,6.279037677196191e-27,149630,30,200,n,discreta_global,"(mu,lambda)",0.3
EE,potencias,2,748,6.615746688216871e-27,149830,30,200,n,discreta_global,"(mu,lambda)",0.3
EE,potencias,2,749,6.48405613492872e-27,150030,30,200,n,discreta_global,"(mu,lambda)",0.3
EE,potencias,2,750,6.361406933177752e-27,150230,30,200,n,discreta_global,"(mu,lambda)",0.3
EE,potencias,2,751,6.2479069664264766e-27,150430,30,200,n,discreta_global,"(mu,lambda)",0.3
EE,potencias,2,752,6.338402518552641e-27,150630,30,200,n,discreta_global,"(mu,lambda)",0.3
EE,potencias,2,753,6.4068441545780935e-27,150830,30,200,n,discreta_global,"(mu,lambda)",0.3
EE,potencias,2,754,6.381061749515316e-27,151030,30,200,n,discreta_global,"(mu,lambda)",0.3
EE,potencias,2,755,7.255019234994068e-27,151230,30,200,n,discreta_global,"(mu,lambda)",0.3
EE,potencias,2,756,6.193579335094303e-27,151430,30,200,n,discreta_global,"(mu,lambda)",0.3
EE,potencias,2,757,6.686590476466457e-27,151630,30,200,n,discreta_global,"(mu,lambda)",0.3
EE,potencias,2,758,6.915844944260835e-27,151830,30,200,n,discreta_global,"(mu,lambda)",0.3
EE,potencias,2,759,6.319897251568305e-27,152030,30,200,n,discreta_global,"(mu,lambda)",0.3
EE,potencias,2,760,6.3523177281334005e-27,152230,30,200,n,discreta_global,"(mu,lambda)",0.3
EE,potencias,2,761,6.377973603264286e-27,152430,30,200,n,discreta_global,"(mu,lambda)",0.3
EE,potencias,2,762,6.3537117139933816e-27,152630,30,200,n,discreta_global,"(mu,lambda)",0.3
EE,potencias,2,763,6.35873387333343e-27,152830,30,200,n,discreta_global,"(mu,lambda)",0.3
EE,potencias,2,764,6.578415509314267e-27,153030,30,200,n,discreta_global,"(mu,lambda)",0.3
EE,potencias,2,765,6.693625161814141e-27,153230,30,200,n,discreta_global,"(mu,lambda)",0.3
EE,potencias,2,766,6.191372809477126e-27,153430,30,200,n,discreta_global,"(mu,lambda)",0.3
EE,potencias,2,767,6.327371389503154e-27,153630,30,200,n,discreta_global,"(mu,lambda)",0.3
EE,potencias,2,768,6.3375425437018375e-27,153830,30,200,n,discreta_global,"(mu,lambda)",0.3
EE,potencias,2,769,6.365991491099188e-27,154030,30,200,n,discreta_global,"(mu,lambda)",0.3
EE,potencias,2,770,6.81796417883266e-27,154230,30,200,n,discreta_global,"(mu,lambda)",0.3
EE,potencias,2,771,6.426545196302676e-27,154430,30,200,n,discreta_global,"(mu,lambda)",0.3
EE,potencias,2,772,8.236802777908048e-27,154630,30,200,n,discreta_global,"(mu,lambda)",0.3
EE,potencias,2,773,6.311169058670152e-27,154830,30,200,n,discreta_global,"(mu,lambda)",0.3
EE,potencias,2,774,6.478686412172278e-27,155030,30,200,n,discreta_global,"(mu,lambda)",0.3
EE,potencias,2,775,7.166155530267703e-27,155230,30,200,n,discreta_global,"(mu,lambda)",0.3
EE,potencias,2,776,6.342103484250406e-27,155430,30,200,n,discreta_global,"(mu,lambda)",0.3
EE,potencias,2,777,6.597423267095553e-27,155630,30,200,n,discreta_global,"(mu,lambda)",0.3
EE,potencias,2,778,7.054008645558159e-27,155830,30,200,n,discreta_global,"(mu,lambda)",0.3
EE,potencias,2,779,6.744014346308066e-27,156030,30,200,n,discreta_global,"(mu,lambda)",0.3
EE,potencias,2,780,6.554266902696065e-27,156230,30,200,n,discreta_global,"(mu,lambda)",0.3
EE,potencias,2,781,6.288494803345318e-27,156430,30,200,n,discreta_global,"(mu,lambda)",0.3
EE,potencias,2,782,7.384626831487685e-27,156630,30,200,n,discreta_global,"(mu,lambda)",0.3
EE,potencias,2,783,6.484442884315739e-27,156830,30,200,n,discreta_global,"(mu,lambda)",0.3
EE,potencias,2,784,6.22899008080653e-27,157030,30,200,n,discreta_global,"(mu,lambda)",0.3
EE,potencias,2,785,6.577785867757848e-27,157230,30,200,n,discreta_global,"(mu,lambda)",0.3
EE,potencias,2,786,6.244518690142512e-27,157430,30,200,n,discreta_global,"(mu,lambda)",0.3
EE,potencias,2,787,6.334817837984981e-27,157630,30,200,n,discreta_global,"(mu,lambda)",0.3
EE,potencias,2,788,6.334034090972143e-27,157830,30,200,n,discreta_global,"(mu,lambda)",0.3
EE,potencias,2,789,6.275980423399408e-27,158030,30,200,n,discreta_global,"(mu,lambda)",0.3
EE,potencias,2,790,7.122233566175357e-27,158230,30,200,n,discreta_global,"(mu,lambda)",0.3
EE,potencias,2,791,6.2560974826204185e-27,158430,30,200,n,discreta_global,"(mu,lambda)",0.3
EE,potencias,2,792,6.896162031471385e-27,158630,30,200,n,discreta_global,"(mu,lambda)",0.3
EE,potencias,2,793,6.302085140628645e-27,158830,30,200,n,discreta_global,"(mu,lambda)",0.3
EE,potencias,2,794,6.316751907317759e-27,159030,30,200,n,discreta_global,"(mu,lambda)",0.3
EE,potencias,2,795,6.34453428121447e-27,159230,30,200,n,discreta_global,"(mu,lambda)",0.3
EE,potencias,2,796,6.50096165469556e-27,159430,30,200,n,discreta_global,"(mu,lambda)",0.3
EE,potencias,2,797,6.45505794981544e-27,159630,30,200,n,discreta_global,"(mu,lambda)",0.3
EE,potencias,2,798,6.3169968731394996e-27,159830,30,200,n,discreta_global,"(mu,lambda)",0.3
EE,potencias,2,799,6.2759343939739664e-27,160030,30,200,n,discreta_global,"(mu,lambda)",0.3
EE,potencias,2,800,6.3314713201938356e-27,160230,30,200,n,discreta_global,"(mu,lambda)",0.3
EE,potencias,2,801,6.146753319680667e-27,160430,30,200,n,discreta_global,"(mu,lambda)",0.3
EE,potencias,2,802,6.549791942347776e-27,160630,30,200,n,discreta_global,"(mu,lambda)",0.3
EE,potencias,2,803,6.1510582361778195e-27,160830,30,200,n,discreta_global,"(mu,lambda)",0.3
EE,potencias,2,804,6.72929883581221e-27,161030,30,200,n,discreta_global,"(mu,lambda)",0.3
EE,potencias,2,805,6.851881501009227e-27,161230,30,200,n,discreta_global,"(mu,lambda)",0.3
EE,potencias,2,806,6.150653107531666e-27,161430,30,200,n,discreta_global,"(mu,lambda)",0.3
EE,potencias,2,807,6.537276295971212e-27,161630,30,200,n,discreta_global,"(mu,lambda)",0.3
EE,potencias,2,808,7.037573722524645e-27,161830,30,200,n,discreta_global,"(mu,lambda)",0.3
EE,potencias,2,809,7.353308289499372e-27,162030,30,200,n,discreta_global,"(mu,lambda)",0.3
EE,potencias,2,810,6.161300030691239e-27,162230,30,200,n,discreta_global,"(mu,lambda)",0.3
EE,potencias,2,811,7.589236011509752e-27,162430,30,200,n,discreta_global,"(mu,lambda)",0.3
EE,potencias,2,812,9.272835759182098e-27,162630,30,200,n,discreta_global,"(mu,lambda)",0.3
EE,potencias,2,813,7.403417311058514e-27,162830,30,200,n,discreta_global,"(mu,lambda)",0.3
EE,potencias,2,814,6.21173006119053e-27,163030,30,200,n,discreta_global,"(mu,lambda)",0.3
EE,potencias,2,815,6.771737332464063e-27,163230,30,200,n,discreta_global,"(mu,lambda)",0.3
EE,potencias,2,816,6.193105038869197e-27,163430,30,200,n,discreta_global,"(mu,lambda)",0.3
EE,potencias,2,817,6.756336032615192e-27,163630,30,200,n,discreta_global,"(mu,lambda)",0.3
EE,potencias,2,818,7.794210505777968e-27,163830,30,200,n,discreta_global,"(mu,lambda)",0.3
EE,potencias,2,819,6.713019862561968e-27,164030,30,200,n,discreta_global,"(mu,lambda)",0.3
EE,potencias,2,820,6.885297614455004e-27,164230,30,200,n,discreta_global,"(mu,lambda)",0.3
EE,potencias,2,821,6.27391465008247e-27,164430,30,200,n,discreta_global,"(mu,lambda)",0.3
EE,potencias,2,822,6.949301672196764e-27,164630,30,200,n,discreta_global,"(mu,lambda)",0.3
EE,potencias,2,823,7.730371684604971e-27,164830,30,200,n,discreta_global,"(mu,lambda)",0.3
EE,potencias,2,824,7.536538890967338e-27,165030,30,200,n,discreta_global,"(mu,lambda)",0.3
EE,potencias,2,825,7.207487079313194e-27,165230,30,200,n,discreta_global,"(mu,lambda)",0.3
EE,potencias,2,826,6.48784830127691e-27,165430,30,200,n,discreta_global,"(mu,lambda)",0.3
EE,potencias,2,827,6.578578430404902e-27,165630,30,200,n,discreta_global,"(mu,lambda)",0.3
EE,potencias,2,828,7.460176980944938e-27,165830,30,200,n,discreta_global,"(mu,lambda)",0.3
EE,potencias,2,829,7.461212967317682e-27,166030,30,200,n,discreta_global,"(mu,lambda)",0.3
EE,potencias,2,830,7.761976688928762e-27,166230,30,200,n,discreta_global,"(mu,lambda)",0.3
EE,potencias,2,831,8.15303730020158e-27,166430,30,200,n,discreta_global,"(mu,lambda)",0.3
EE,potencias,2,832,7.9601407102443e-27,166630,30,200,n,discreta_global,"(mu,lambda)",0.3
EE,potencias,2,833,6.343255452419373e-27,166830,30,200,n,discreta_global,"(mu,lambda)",0.3
EE,potencias,2,834,6.664231578398055e-27,167030,30,200,n,discreta_global,"(mu,lambda)",0.3
EE,potencias,2,835,8.008688715653303e-27,167230,30,200,n,discreta_global,"(mu,lambda)",0.3
EE,potencias,2,836,6.788846330162924e-27,167430,30,200,n,discreta_global,"(mu,lambda)",0.3
EE,potencias,2,837,6.834208651528085e-27,167630,30,200,n,discreta_global,"(mu,lambda)",0.3
EE,potencias,2,838,7.75959015210239e-27,167830,30,200,n,discreta_global,"(mu,lambda)",0.3
EE,potencias,2,839,6.57887992039845e-27,168030,30,200,n,discreta_global,"(mu,lambda)",0.3
EE,potencias,2,840,6.867459784659757e-27,168230,30,200,n,discreta_global,"(mu,lambda)",0.3
EE,potencias,2,841,8.350527119962618e-27,168430,30,200,n,discreta_global,"(mu,lambda)",0.3
EE,potencias,2,842,7.848552403017485e-27,168630,30,200,n,discreta_global,"(mu,lambda)",0.3
EE,potencias,2,843,7.253393924657784e-27,168830,30,200,n,discreta_global,"(mu,lambda)",0.3
EE,potencias,2,844,6.993881905574802e-27,169030,30,200,n,discreta_global,"(mu,lambda)",0.3
EE,potencias,2,845,7.625457146102051e-27,169230,30,200,n,discreta_global,"(mu,lambda)",0.3
EE,potencias,2,846,7.037861817092229e-27,169430,30,200,n,discreta_global,"(mu,lambda)",0.3
EE,potencias,2,847,7.666687987252912e-27,169630,30,200,n,discreta_global,"(mu,lambda)",0.3
EE,potencias,2,848,6.68871675578599e-27,169830,30,200,n,discreta_global,"(mu,lambda)",0.3
EE,potencias,2,849,6.888886396283304e-27,170030,30,200,n,discreta_global,"(mu,lambda)",0.3
EE,potencias,2,850,6.557496372437433e-27,170230,30,200,n,discreta_global,"(mu,lambda)",0.3
EE,potencias,2,851,6.960405234676943e-27,170430,30,200,n,discreta_global,"(mu,lambda)",0.3
EE,potencias,2,852,7.99706932596405e-27,170630,30,200,n,discreta_global,"(mu,lambda)",0.3
EE,potencias,2,853,6.79840507963303e-27,170830,30,200,n,discreta_global,"(mu,lambda)",0.3
EE,potencias,2,854,6.702510302678431e-27,171030,30,200,n,discreta_global,"(mu,lambda)",0.3
EE,potencias,2,855,7.08150773085262e-27,171230,30,200,n,discreta_global,"(mu,lambda)",0.3
EE,potencias,2,856,7.809102660090947e-27,171430,30,200,n,discreta_global,"(mu,lambda)",0.3
EE,potencias,2,857,6.694765300834575e-27,171630,30,200,n,discreta_global,"(mu,lambda)",0.3
EE,potencias,2,858,6.989872835042273e-27,171830,30,200,n,discreta_global,"(mu,lambda)",0.3
EE,potencias,2,859,6.704929287767263e-27,172030,30,200,n,discreta_global,"(mu,lambda)",0.3
EE,potencias,2,860,8.127588355507613e-27,172230,30,200,n,discreta_global,"(mu,lambda)",0.3
EE,potencias,2,861,6.727857062260722e-27,172430,30,200,n,discreta_global,"(mu,lambda)",0.3
EE,potencias,2,862,6.873331098129452e-27,172630,30,200,n,discreta_global,"(mu,lambda)",0.3
EE,potencias,2,863,7.448801226116167e-27,172830,30,200,n,discreta_global,"(mu,lambda)",0.3
EE,potencias,2,864,6.4490389076143965e-27,173030,30,200,n,discreta_global,"(mu,lambda)",0.3
EE,potencias,2,865,6.619291538785306e-27,173230,30,200,n,discreta_global,"(mu,lambda)",0.3
EE,potencias,2,866,6.773702604082261e-27,173430,30,200,n,discreta_global,"(mu,lambda)",0.3
EE,potencias,2,867,6.889869937361248e-27,173630,30,200,n,discreta_global,"(mu,lambda)",0.3
EE,potencias,2,868,7.279072956299148e-27,173830,30,200,n,discreta_global,"(mu,lambda)",0.3
EE,potencias,2,869,6.836730843151428e-27,174030,30,200,n,discreta_global,"(mu,lambda)",0.3
EE,potencias,2,870,6.587642657953253e-27,174230,30,200,n,discreta_global,"(mu,lambda)",0.3
EE,potencias,2,871,6.599918880715087e-27,174430,30,200,n,discreta_global,"(mu,lambda)",0.3
EE,potencias,2,872,6.46459206684291e-27,174630,30,200,n,discreta_global,"(mu,lambda)",0.3
EE,potencias,2,873,6.804274407945356e-27,174830,30,200,n,discreta_global,"(mu,lambda)",0.3
EE,potencias,2,874,6.821478859112415e-27,175030,30,200,n,discreta_global,"(mu,lambda)",0.3
EE,potencias,2,875,7.154938628722944e-27,175230,30,200,n,discreta_global,"(mu,lambda)",0.3
EE,potencias,2,876,6.79636127378185e-27,175430,30,200,n,discreta_global,"(mu,lambda)",0.3
EE,potencias,2,877,6.546642509887763e-27,175630,30,200,n,discreta_global,"(mu,lambda)",0.3
EE,potencias,2,878,7.93325746067696e-27,175830,30,200,n,discreta_global,"(mu,lambda)",0.3
EE,potencias,2,879,6.719901001058895e-27,176030,30,200,n,discreta_global,"(mu,lambda)",0.3
EE,potencias,2,880,6.82871135924795e-27,176230,30,200,n,discreta_global,"(mu,lambda)",0.3
EE,potencias,2,881,7.299229530293646e-27,176430,30,200,n,discreta_global,"(mu,lambda)",0.3
EE,potencias,2,882,6.868038067091305e-27,176630,30,200,n,discreta_global,"(mu,lambda)",0.3
EE,potencias,2,883,7.030139257988365e-27,176830,30,200,n,discreta_global,"(mu,lambda)",0.3
EE,potencias,2,884,6.786160139511464e-27,177030,30,200,n,discreta_global,"(mu,lambda)",0.3
EE,potencias,2,885,8.555859348690848e-27,177230,30,200,n,discreta_global,"(mu,lambda)",0.3
EE,potencias,2,886,6.716790711071876e-27,177430,30,200,n,discreta_global,"(mu,lambda)",0.3
EE,potencias,2,887,7.346534049125983e-27,177630,30,200,n,discreta_global,"(mu,lambda)",0.3
EE,potencias,2,888,6.962386239986576e-27,177830,30,200,n,discreta_global,"(mu,lambda)",0.3
EE,potencias,2,889,6.764047249979366e-27,178030,30,200,n,discreta_global,"(mu,lambda)",0.3
EE,potencias,2,890,6.786272981107378e-27,178230,30,200,n,discreta_global,"(mu,lambda)",0.3
EE,potencias,2,891,7.153288029216684e-27,178430,30,200,n,discreta_global,"(mu,lambda)",0.3
EE,potencias,2,892,7.62671996035259e-27,178630,30,200,n,discreta_global,"(mu,lambda)",0.3
EE,potencias,2,893,7.202112376591808e-27,178830,30,200,n,discreta_global,"(mu,lambda)",0.3
EE,potencias,2,894,7.400139207879954e-27,179030,30,200,n,discreta_global,"(mu,lambda)",0.3
EE,potencias,2,895,6.671435892020224e-27,179230,30,200,n,discreta_global,"(mu,lambda)",0.3
EE,potencias,2,896,7.18899991599099e-27,179430,30,200,n,discreta_global,"(mu,lambda)",0.3
EE,potencias,2,897,6.539165802748542e-27,179630,30,200,n,discreta_global,"(mu,lambda)",0.3
EE,potencias,2,898,7.460582049532784e-27,179830,30,200,n,discreta_global,"(mu,lambda)",0.3
EE,potencias,2,899,6.522231078524828e-27,180030,30,200,n,discreta_global,"(mu,lambda)",0.3
EE,potencias,2,900,7.393478740288836e-27,180230,30,200,n,discreta_global,"(mu,lambda)",0.3
EE,potencias,2,901,7.134153068711004e-27,180430,30,200,n,discreta_global,"(mu,lambda)",0.3
EE,potencias,2,902,6.29138854200641e-27,180630,30,200,n,discreta_global,"(mu,lambda)",0.3
EE,potencias,2,903,7.046371932677013e-27,180830,30,200,n,discreta_global,"(mu,lambda)",0.3
EE,potencias,2,904,6.310359796044498e-27,181030,30,200,n,discreta_global,"(mu,lambda)",0.3
EE,potencias,2,905,6.144163842882949e-27,181230,30,200,n,discreta_global,"(mu,lambda)",0.3
EE,potencias,2,906,6.215244303258307e-27,181430,30,200,n,discreta_global,"(mu,lambda)",0.3
EE,potencias,2,907,6.588652983861201e-27,181630,30,200,n,discreta_global,"(mu,lambda)",0.3
EE,potencias,2,908,6.731904457636006e-27,181830,30,200,n,discreta_global,"(mu,lambda)",0.3
EE,potencias,2,909,6.509310124444802e-27,182030,30,200,n,discreta_global,"(mu,lambda)",0.3
EE,potencias,2,910,6.134267875451395e-27,182230,30,200,n,discreta_global,"(mu,lambda)",0.3
EE,potencias,2,911,6.2848705640772806e-27,182430,30,200,n,discreta_global,"(mu,lambda)",0.3
EE,potencias,2,912,6.132425221843419e-27,182630,30,200,n,discreta_global,"(mu,lambda)",0.3
EE,potencias,2,913,6.2671746122132526e-27,182830,30,200,n,discreta_global,"(mu,lambda)",0.3
EE,potencias,2,914,6.2879820665818665e-27,183030,30,200,n,discreta_global,"(mu,lambda)",0.3
EE,potencias,2,915,6.392136112224292e-27,183230,30,200,n,discreta_global,"(mu,lambda)",0.3
EE,potencias,2,916,6.3916193522533495e-27,183430,30,200,n,discreta_global,"(mu,lambda)",0.3
EE,potencias,2,917,6.144352679627479e-27,183630,30,200,n,discreta_global,"(mu,lambda)",0.3
EE,potencias,2,918,6.448859499505525e-27,183830,30,200,n,discreta_global,"(mu,lambda)",0.3
EE,potencias,2,919,6.757108019730528e-27,184030,30,200,n,discreta_global,"(mu,lambda)",0.3
EE,potencias,2,920,6.626854025348475e-27,184230,30,200,n,discreta_global,"(mu,lambda)",0.3
EE,potencias,2,921,6.1351687825003456e-27,184430,30,200,n,discreta_global,"(mu,lambda)",0.3
EE,potencias,2,922,6.1526595447552344e-27,184630,30,200,n,discreta_global,"(mu,lambda)",0.3
EE,potencias,2,923,6.140612943793303e-27,184830,30,200,n,discreta_global,"(mu,lambda)",0.3
EE,potencias,2,924,6.2854013665369256e-27,185030,30,200,n,discreta_global,"(mu,lambda)",0.3
EE,potencias,2,925,6.360469971828101e-27,185230,30,200,n,discreta_global,"(mu,lambda)",0.3
EE,potencias,2,926,6.841342483776521e-27,185430,30,200,n,discreta_global,"(mu,lambda)",0.3
EE,potencias,2,927,6.1326961113720864e-27,185630,30,200,n,discreta_global,"(mu,lambda)",0.3
EE,potencias,2,928,6.1417987455961524e-27,185830,30,200,n,discreta_global,"(mu,lambda)",0.3
EE,potencias,2,929,6.4181783189600255e-27,186030,30,200,n,discreta_global,"(mu,lambda)",0.3
EE,potencias,2,930,6.3115568367924555e-27,186230,30,200,n,discreta_global,"(mu,lambda)",0.3
EE,potencias,2,931,6.338411436755985e-27,186430,30,200,n,discreta_global,"(mu,lambda)",0.3
EE,potencias,2,932,6.4510661369477655e-27,186630,30,200,n,discreta_global,"(mu,lambda)",0.3
EE,potencias,2,933,6.2306909164014936e-27,186830,30,200,n,discreta_global,"(mu,lambda)",0.3
EE,potencias,2,934,6.1566087540435394e-27,187030,30,200,n,discreta_global,"(mu,lambda)",0.3
EE,potencias,2,935,6.170493685173706e-27,187230,30,200,n,discreta_global,"(mu,lambda)",0.3
EE,potencias,2,936,6.267713822504527e-27,187430,30,200,n,discreta_global,"(mu,lambda)",0.3
EE,potencias,2,937,6.130337470381207e-27,187630,30,200,n,discreta_global,"(mu,lambda)",0.3
EE,potencias,2,938,6.1845158452401575e-27,187830,30,200,n,discreta_global,"(mu,lambda)",0.3
EE,potencias,2,939,6.1329706286844354e-27,188030,30,200,n,discreta_global,"(mu,lambda)",0.3
EE,potencias,2,940,6.150749956506282e-27,188230,30,200,n,discreta_global,"(mu,lambda)",0.3
EE,potencias,2,941,6.182041722930281e-27,188430,30,200,n,discreta_global,"(mu,lambda)",0.3
EE,potencias,2,942,6.133592491036709e-27,188630,30,200,n,discreta_global,"(mu,lambda)",0.3
EE,potencias,2,943,6.30992876939351e-27,188830,30,200,n,discreta_global,"(mu,lambda)",0.3
EE,potencias,2,944,6.1285834425897344e-27,189030,30,200,n,discreta_global,"(mu,lambda)",0.3
EE,potencias,2,945,6.2458259258574825e-27,189230,30,200,n,discreta_global,"(mu,lambda)",0.3
EE,potencias,2,946,6.418457250621853e-27,189430,30,200,n,discreta_global,"(mu,lambda)",0.3
EE,potencias,2,947,6.144848060285979e-27,189630,30,200,n,discreta_global,"(mu,lambda)",0.3
EE,potencias,2,948,6.448463225140388e-27,189830,30,200,n,discreta_global,"(mu,lambda)",0.3
EE,potencias,2,949,6.251322519440221e-27,190030,30,200,n,discreta_global,"(mu,lambda)",0.3
EE,potencias,2,950,6.269129300227299e-27,190230,30,200,n,discreta_global,"(mu,lambda)",0.3
EE,potencias,2,951,6.341388309842773e-27,190430,30,200,n,discreta_global,"(mu,lambda)",0.3
EE,potencias,2,952,6.2299579112626344e-27,190630,30,200,n,discreta_global,"(mu,lambda)",0.3
EE,potencias,2,953,6.480740172201769e-27,190830,30,200,n,discreta_global,"(mu,lambda)",0.3
EE,potencias,2,954,6.13196501071831e-27,191030,30,200,n,discreta_global,"(mu,lambda)",0.3
EE,potencias,2,955,6.286095503448293e-27,191230,30,200,n,discreta_global,"(mu,lambda)",0.3
EE,potencias,2,956,6.133955954554912e-27,191430,30,200,n,discreta_global,"(mu,lambda)",0.3
EE,potencias,2,957,6.1413161641993806e-27,191630,30,200,n,discreta_global,"(mu,lambda)",0.3
EE,potencias,2,958,6.2841621344997226e-27,191830,30,200,n,discreta_global,"(mu,lambda)",0.3
EE,potencias,2,959,6.149189185638778e-27,192030,30,200,n,discreta_global,"(mu,lambda)",0.3
EE,potencias,2,960,6.170550976151168e-27,192230,30,200,n,discreta_global,"(mu,lambda)",0.3
EE,potencias,2,961,6.1696267681012684e-27,192430,30,200,n,discreta_global,"(mu,lambda)",0.3
EE,potencias,2,962,6.182612604592281e-27,192630,30,200,n,discreta_global,"(mu,lambda)",0.3
EE,potencias,2,963,6.141524450929383e-27,192830,30,200,n,discreta_global,"(mu,lambda)",0.3
EE,potencias,2,964,6.1361975882909514e-27,193030,30,200,n,discreta_global,"(mu,lambda)",0.3
EE,potencias,2,965,6.132465784688515e-27,193230,30,200,n,discreta_global,"(mu,lambda)",0.3
EE,potencias,2,966,6.249949134388513e-27,193430,30,200,n,discreta_global,"(mu,lambda)",0.3
EE,potencias,2,967,6.190989706169418e-27,193630,30,200,n,discreta_global,"(mu,lambda)",0.3
EE,potencias,2,968,6.246459625256204e-27,193830,30,200,n,discreta_global,"(mu,lambda)",0.3
EE,potencias,2,969,6.1774819194760545e-27,194030,30,200,n,discreta_global,"(mu,lambda)",0.3
EE,potencias,2,970,6.2082872061406555e-27,194230,30,200,n,discreta_global,"(mu,lambda)",0.3
EE,potencias,2,971,6.211109618317553e-27,194430,30,200,n,discreta_global,"(mu,lambda)",0.3
EE,potencias,2,972,6.135474969098775e-27,194630,30,200,n,discreta_global,"(mu,lambda)",0.3
EE,potencias,2,973,6.151127269171163e-27,194830,30,200,n,discreta_global,"(mu,lambda)",0.3
EE,potencias,2,974,6.187385511539475e-27,195030,30,200,n,discreta_global,"(mu,lambda)",0.3
EE,potencias,2,975,6.141239315190186e-27,195230,30,200,n,discreta_global,"(mu,lambda)",0.3
EE,potencias,2,976,6.172299895693343e-27,195430,30,200,n,discreta_global,"(mu,lambda)",0.3
EE,potencias,2,977,6.154806698167071e-27,195630,30,200,n,discreta_global,"(mu,lambda)",0.3
EE,potencias,2,978,6.136329053550918e-27,195830,30,200,n,discreta_global,"(mu,lambda)",0.3
EE,potencias,2,979,6.157719134638691e-27,196030,30,200,n,discreta_global,"(mu,lambda)",0.3
EE,potencias,2,980,6.446872931155882e-27,196230,30,200,n,discreta_global,"(mu,lambda)",0.3
EE,potencias,2,981,6.342943659016445e-27,196430,30,200,n,discreta_global,"(mu,lambda)",0.3
EE,potencias,2,982,6.555092400110023e-27,196630,30,200,n,discreta_global,"(mu,lambda)",0.3
EE,potencias,2,983,6.142001109675614e-27,196830,30,200,n,discreta_global,"(mu,lambda)",0.3
EE,potencias,2,984,6.390659054058863e-27,197030,30,200,n,discreta_global,"(mu,lambda)",0.3
EE,potencias,2,985,6.15335361402916e-27,197230,30,200,n,discreta_global,"(mu,lambda)",0.3
EE,potencias,2,986,6.145050394775825e-27,197430,30,200,n,discreta_global,"(mu,lambda)",0.3
EE,potencias,2,987,6.358533832131522e-27,197630,30,200,n,discreta_global,"(mu,lambda)",0.3
EE,potencias,2,988,6.164385768160343e-27,197830,30,200,n,discreta_global,"(mu,lambda)",0.3
EE,potencias,2,989,6.19070950108627e-27,198030,30,200,n,discreta_global,"(mu,lambda)",0.3
EE,potencias,2,990,6.161778962102428e-27,198230,30,200,n,discreta_global,"(mu,lambda)",0.3
EE,potencias,2,991,6.289733370820032e-27,198430,30,200,n,discreta_global,"(mu,lambda)",0.3
EE,potencias,2,992,6.1799770026681316e-27,198630,30,200,n,discreta_global,"(mu,lambda)",0.3
EE,potencias,2,993,6.307289556024576e-27,198830,30,200,n,discreta_global,"(mu,lambda)",0.3
EE,potencias,2,994,6.743870031174812e-27,199030,30,200,n,discreta_global,"(mu,lambda)",0.3
EE,potencias,2,995,6.137224968046556e-27,199230,30,200,n,discreta_global,"(mu,lambda)",0.3
EE,potencias,2,996,6.248010361627634e-27,199430,30,200,n,discreta_global,"(mu,lambda)",0.3
EE,potencias,2,997,6.252483185166631e-27,199630,30,200,n,discreta_global,"(mu,lambda)",0.3
EE,potencias,2,998,6.2997036172111055e-27,199830,30,200,n,discreta_global,"(mu,lambda)",0.3
EE,potencias,2,999,6.3014625863032146e-27,200030,30,200,n,discreta_global,"(mu,lambda)",0.3
EE,potencias,2,1000,6.16167655546589e-27,200230,30,200,n,discreta_global,"(mu,lambda)",0.3
EE,potencias,2,1001,7.674817146078085e-27,200430,30,200,n,discreta_global,"(mu,lambda)",0.3
EE,potencias,2,1002,6.62990266265657e-27,200630,30,200,n,discreta_global,"(mu,lambda)",0.3
EE,potencias,2,1003,6.134062889186495e-27,200830,30,200,n,discreta_global,"(mu,lambda)",0.3
EE,potencias,2,1004,6.318263511824247e-27,201030,30,200,n,discreta_global,"(mu,lambda)",0.3
EE,potencias,2,1005,6.145662790425018e-27,201230,30,200,n,discreta_global,"(mu,lambda)",0.3
EE,potencias,2,1006,6.184159692648096e-27,201430,30,200,n,discreta_global,"(mu,lambda)",0.3
EE,potencias,2,1007,6.172118970292376e-27,201630,30,200,n,discreta_global,"(mu,lambda)",0.3
EE,potencias,2,1008,6.182545940597695e-27,201830,30,200,n,discreta_global,"(mu,lambda)",0.3
EE,potencias,2,1009,6.150838268676353e-27,202030,30,200,n,discreta_global,"(mu,lambda)",0.3
EE,potencias,2,1010,6.2329884298385545e-27,202230,30,200,n,discreta_global,"(mu,lambda)",0.3
EE,potencias,2,1011,6.677786573069943e-27,202430,30,200,n,discreta_global,"(mu,lambda)",0.3
EE,potencias,2,1012,6.133889756486346e-27,202630,30,200,n,discreta_global,"(mu,lambda)",0.3
EE,potencias,2,1013,6.426698212082013e-27,202830,30,200,n,discreta_global,"(mu,lambda)",0.3
EE,potencias,2,1014,6.19529533420693e-27,203030,30,200,n,discreta_global,"(mu,lambda)",0.3
EE,potencias,2,1015,6.195001064514641e-27,203230,30,200,n,discreta_global,"(mu,lambda)",0.3
EE,potencias,2,1016,6.1482543581569394e-27,203430,30,200,n,discreta_global,"(mu,lambda)",0.3
EE,potencias,2,1017,6.469263919981389e-27,203630,30,200,n,discreta_global,"(mu,lambda)",0.3
EE,potencias,2,1018,6.203241620283595e-27,203830,30,200,n,discreta_global,"(mu,lambda)",0.3
EE,potencias,2,1019,6.966346097310097e-27,204030,30,200,n,discreta_global,"(mu,lambda)",0.3
EE,potencias,2,1020,6.1825477188847754e-27,204230,30,200,n,discreta_global,"(mu,lambda)",0.3
EE,potencias,2,1021,6.139887128762855e-27,204430,30,200,n,discreta_global,"(mu,lambda)",0.3
EE,potencias,2,1022,6.151195606551472e-27,204630,30,200,n,discreta_global,"(mu,lambda)",0.3
EE,potencias,2,1023,6.129161857342113e-27,204830,30,200,n,discreta_global,"(mu,lambda)",0.3
EE,potencias,2,1024,6.130273139761087e-27,205030,30,200,n,discreta_global,"(mu,lambda)",0.3
EE,potencias,2,1025,6.1969827870287466e-27,205230,30,200,n,discreta_global,"(mu,lambda)",0.3
EE,potencias,2,1026,6.280890859106858e-27,205430,30,200,n,discreta_global,"(mu,lambda)",0.3
EE,potencias,2,1027,6.462134049509538e-27,205630,30,200,n,discreta_global,"(mu,lambda)",0.3
EE,potencias,2,1028,6.1788926642777746e-27,205830,30,200,n,discreta_global,"(mu,lambda)",0.3
EE,potencias,2,1029,6.3579477942469846e-27,206030,30,200,n,discreta_global,"(mu,lambda)",0.3
EE,potencias,2,1030,6.231915238176371e-27,206230,30,200,n,discreta_global,"(mu,lambda)",0.3
EE,potencias,2,1031,6.154394966957531e-27,206430,30,200,n,discreta_global,"(mu,lambda)",0.3
EE,potencias,2,1032,6.2441898193057274e-27,206630,30,200,n,discreta_global,"(mu,lambda)",0.3
EE,potencias,2,1033,6.524912006225602e-27,206830,30,200,n,discreta_global,"(mu,lambda)",0.3
EE,potencias,2,1034,6.307447660949386e-27,207030,30,200,n,discreta_global,"(mu,lambda)",0.3
EE,potencias,2,1035,6.442707259017729e-27,207230,30,200,n,discreta_global,"(mu,lambda)",0.3
EE,potencias,2,1036,6.76295096140773e-27,207430,30,200,n,discreta_global,"(mu,lambda)",0.3
EE,potencias,2,1037,6.339050317193379e-27,207630,30,200,n,discreta_global,"(mu,lambda)",0.3
EE,potencias,2,1038,6.254452654380039e-27,207830,30,200,n,discreta_global,"(mu,lambda)",0.3
EE,potencias,2,1039,6.15545437413278e-27,208030,30,200,n,discreta_global,"(mu,lambda)",0.3
EE,potencias,2,1040,6.180005550473286e-27,208230,30,200,n,discreta_global,"(mu,lambda)",0.3
EE,potencias,2,1041,6.262302169556132e-27,208430,30,200,n,discreta_global,"(mu,lambda)",0.3
EE,potencias,2,1042,6.601282090324765e-27,208630,30,200,n,discreta_global,"(mu,lambda)",0.3
EE,potencias,2,1043,6.124604034542377e-27,208830,30,200,n,discreta_global,"(mu,lambda)",0.3
EE,potencias,2,1044,6.569189934147056e-27,209030,30,200,n,discreta_global,"(mu,lambda)",0.3
EE,potencias,2,1045,1.1839438419788589e-26,209230,30,200,n,discreta_global,"(mu,lambda)",0.3
EE,potencias,2,1046,6.12179906830859e-27,209430,30,200,n,discreta_global,"(mu,lambda)",0.3
EE,potencias,2,1047,6.2188642051654725e-27,209630,30,200,n,discreta_global,"(mu,lambda)",0.3
EE,potencias,2,1048,1.2326815905956378e-26,209830,30,200,n,discreta_global,"(mu,lambda)",0.3
EE,potencias,2,1049,6.140665493017756e-27,210030,30,200,n,discreta_global,"(mu,lambda)",0.3
EE,potencias,2,1050,6.180709245100936e-27,210230,30,200,n,discreta_global,"(mu,lambda)",0.3
EE,potencias,2,1051,6.270402230177433e-27,210430,30,200,n,discreta_global,"(mu,lambda)",0.3
EE,potencias,2,1052,6.133641164604672e-27,210630,30,200,n,discreta_global,"(mu,lambda)",0.3
EE,potencias,2,1053,6.996502798081913e-27,210830,30,200,n,discreta_global,"(mu,lambda)",0.3
EE,potencias,2,1054,6.1468972744631e-27,211030,30,200,n,discreta_global,"(mu,lambda)",0.3
EE,potencias,2,1055,6.149859814193433e-27,211230,30,200,n,discreta_global,"(mu,lambda)",0.3
EE,potencias,2,1056,6.1301064350748134e-27,211430,30,200,n,discreta_global,"(mu,lambda)",0.3
EE,potencias,2,1057,6.1504069921014895e-27,211630,30,200,n,discreta_global,"(mu,lambda)",0.3
EE,potencias,2,1058,6.3034265345139306e-27,211830,30,200,n,discreta_global,"(mu,lambda)",0.3
EE,potencias,2,1059,6.619740321055993e-27,212030,30,200,n,discreta_global,"(mu,lambda)",0.3
EE,potencias,2,1060,6.280881482584723e-27,212230,30,200,n,discreta_global,"(mu,lambda)",0.3
EE,potencias,2,1061,9.242323342096003e-27,212430,30,200,n,discreta_global,"(mu,lambda)",0.3
EE,potencias,2,1062,6.21559466940526e-27,212630,30,200,n,discreta_global,"(mu,lambda)",0.3
EE,potencias,2,1063,6.137747021005772e-27,212830,30,200,n,discreta_global,"(mu,lambda)",0.3
EE,potencias,2,1064,6.247204676577636e-27,213030,30,200,n,discreta_global,"(mu,lambda)",0.3
EE,potencias,2,1065,6.1987041474306855e-27,213230,30,200,n,discreta_global,"(mu,lambda)",0.3
EE,potencias,2,1066,6.135765690712976e-27,213430,30,200,n,discreta_global,"(mu,lambda)",0.3
EE,potencias,2,1067,6.129143464684848e-27,213630,30,200,n,discreta_global,"(mu,lambda)",0.3
EE,potencias,2,1068,6.439356330369821e-27,213830,30,200,n,discreta_global,"(mu,lambda)",0.3
EE,potencias,2,1069,6.166933828970532e-27,214030,30,200,n,discreta_global,"(mu,lambda)",0.3
EE,potencias,2,1070,6.113077382973127e-27,214230,30,200,n,discreta_global,"(mu,lambda)",0.3
EE,potencias,2,1071,6.127714506536104e-27,214430,30,200,n,discreta_global,"(mu,lambda)",0.3
EE,potencias,2,1072,7.771453316804553e-27,214630,30,200,n,discreta_global,"(mu,lambda)",0.3
EE,potencias,2,1073,6.2632798103135975e-27,214830,30,200,n,discreta_global,"(mu,lambda)",0.3
EE,potencias,2,1074,6.139230070896871e-27,215030,30,200,n,discreta_global,"(mu,lambda)",0.3
EE,potencias,2,1075,6.195041823243795e-27,215230,30,200,n,discreta_global,"(mu,lambda)",0.3
EE,potencias,2,1076,6.497857406338778e-27,215430,30,200,n,discreta_global,"(mu,lambda)",0.3
EE,potencias,2,1077,6.1273987313300136e-27,215630,30,200,n,discreta_global,"(mu,lambda)",0.3
EE,potencias,2,1078,6.151832299280409e-27,215830,30,200,n,discreta_global,"(mu,lambda)",0.3
EE,potencias,2,1079,6.139708585474214e-27,216030,30,200,n,discreta_global,"(mu,lambda)",0.3
EE,potencias,2,1080,6.11227506131275e-27,216230,30,200,n,discreta_global,"(mu,lambda)",0.3
EE,potencias,2,1081,6.1380800412901725e-27,216430,30,200,n,discreta_global,"(mu,lambda)",0.3
EE,potencias,2,1082,6.220774982253442e-27,216630,30,200,n,discreta_global,"(mu,lambda)",0.3
EE,potencias,2,1083,6.2287857173456206e-27,216830,30,200,n,discreta_global,"(mu,lambda)",0.3
EE,potencias,2,1084,6.2039390685136884e-27,217030,30,200,n,discreta_global,"(mu,lambda)",0.3
EE,potencias,2,1085,6.5699168866111e-27,217230,30,200,n,discreta_global,"(mu,lambda)",0.3
EE,potencias,2,1086,6.153250689543721e-27,217430,30,200,n,discreta_global,"(mu,lambda)",0.3
EE,potencias,2,1087,6.1344993652156565e-27,217630,30,200,n,discreta_global,"(mu,lambda)",0.3
EE,potencias,2,1088,6.102275753149737e-27,217830,30,200,n,discreta_global,"(mu,lambda)",0.3
EE,potencias,2,1089,6.1266741661965596e-27,218030,30,200,n,discreta_global,"(mu,lambda)",0.3
EE,potencias,2,1090,6.130140997951428e-27,218230,30,200,n,discreta_global,"(mu,lambda)",0.3
EE,potencias,2,1091,6.4034993554150254e-27,218430,30,200,n,discreta_global,"(mu,lambda)",0.3
EE,potencias,2,1092,6.259294120201417e-27,218630,30,200,n,discreta_global,"(mu,lambda)",0.3
EE,potencias,2,1093,6.836022911216572e-27,218830,30,200,n,discreta_global,"(mu,lambda)",0.3
EE,potencias,2,1094,6.160651204110924e-27,219030,30,200,n,discreta_global,"(mu,lambda)",0.3
EE,potencias,2,1095,6.504189362099512e-27,219230,30,200,n,discreta_global,"(mu,lambda)",0.3
EE,potencias,2,1096,6.3264226824083584e-27,219430,30,200,n,discreta_global,"(mu,lambda)",0.3
EE,potencias,2,1097,6.1517126534488234e-27,219630,30,200,n,discreta_global,"(mu,lambda)",0.3
EE,potencias,2,1098,6.221078464437302e-27,219830,30,200,n,discreta_global,"(mu,lambda)",0.3
EE,potencias,2,1099,6.1581126460446796e-27,220030,30,200,n,discreta_global,"(mu,lambda)",0.3
EE,potencias,2,1100,6.280371732361714e-27,220230,30,200,n,discreta_global,"(mu,lambda)",0.3
EE,potencias,2,1101,6.191594658378493e-27,220430,30,200,n,discreta_global,"(mu,lambda)",0.3
EE,potencias,2,1102,6.699171665184117e-27,220630,30,200,n,discreta_global,"(mu,lambda)",0.3
EE,potencias,2,1103,6.699814806887281e-27,220830,30,200,n,discreta_global,"(mu,lambda)",0.3
EE,potencias,2,1104,6.413288081962837e-27,221030,30,200,n,discreta_global,"(mu,lambda)",0.3
EE,potencias,2,1105,6.3034711985056585e-27,221230,30,200,n,discreta_global,"(mu,lambda)",0.3
EE,potencias,2,1106,7.722818300830878e-27,221430,30,200,n,discreta_global,"(mu,lambda)",0.3
EE,potencias,2,1107,6.145908671030647e-27,221630,30,200,n,discreta_global,"(mu,lambda)",0.3
EE,potencias,2,1108,6.135450610995422e-27,221830,30,200,n,discreta_global,"(mu,lambda)",0.3
EE,potencias,2,1109,6.137501166359991e-27,222030,30,200,n,discreta_global,"(mu,lambda)",0.3
EE,potencias,2,1110,6.137057872670262e-27,222230,30,200,n,discreta_global,"(mu,lambda)",0.3
EE,potencias,2,1111,6.94249473153514e-27,222430,30,200,n,discreta_global,"(mu,lambda)",0.3
EE,potencias,2,1112,6.228473820321813e-27,222630,30,200,n,discreta_global,"(mu,lambda)",0.3
EE,potencias,2,1113,6.1311782093292676e-27,222830,30,200,n,discreta_global,"(mu,lambda)",0.3
EE,potencias,2,1114,6.314222163902512e-27,223030,30,200,n,discreta_global,"(mu,lambda)",0.3
EE,potencias,2,1115,6.45022874978779e-27,223230,30,200,n,discreta_global,"(mu,lambda)",0.3
EE,potencias,2,1116,6.1615420624390935e-27,223430,30,200,n,discreta_global,"(mu,lambda)",0.3
EE,potencias,2,1117,6.2689960677292494e-27,223630,30,200,n,discreta_global,"(mu,lambda)",0.3
EE,potencias,2,1118,6.17011398571101e-27,223830,30,200,n,discreta_global,"(mu,lambda)",0.3
EE,potencias,2,1119,6.1629312931798116e-27,224030,30,200,n,discreta_global,"(mu,lambda)",0.3
EE,potencias,2,1120,6.14056128930177e-27,224230,30,200,n,discreta_global,"(mu,lambda)",0.3
EE,potencias,2,1121,6.938706935667373e-27,224430,30,200,n,discreta_global,"(mu,lambda)",0.3
EE,potencias,2,1122,6.137219151072663e-27,224630,30,200,n,discreta_global,"(mu,lambda)",0.3
EE,potencias,2,1123,7.154363312051468e-27,224830,30,200,n,discreta_global,"(mu,lambda)",0.3
EE,potencias,2,1124,6.628292096436973e-27,225030,30,200,n,discreta_global,"(mu,lambda)",0.3
EE,potencias,2,1125,6.135133088030642e-27,225230,30,200,n,discreta_global,"(mu,lambda)",0.3
EE,potencias,2,1126,6.196348259100809e-27,225430,30,200,n,discreta_global,"(mu,lambda)",0.3
EE,potencias,2,1127,6.169135825565495e-27,225630,30,200,n,discreta_global,"(mu,lambda)",0.3
EE,potencias,2,1128,6.1255339517880784e-27,225830,30,200,n,discreta_global,"(mu,lambda)",0.3
EE,potencias,2,1129,6.4072167134209664e-27,226030,30,200,n,discreta_global,"(mu,lambda)",0.3
EE,potencias,2,1130,6.126872648204465e-27,226230,30,200,n,discreta_global,"(mu,lambda)",0.3
EE,potencias,2,1131,6.4424739920876914e-27,226430,30,200,n,discreta_global,"(mu,lambda)",0.3
EE,potencias,2,1132,6.150979327181009e-27,226630,30,200,n,discreta_global,"(mu,lambda)",0.3
EE,potencias,2,1133,6.217680412359739e-27,226830,30,200,n,discreta_global,"(mu,lambda)",0.3
EE,potencias,2,1134,6.170428707980049e-27,227030,30,200,n,discreta_global,"(mu,lambda)",0.3
EE,potencias,2,1135,6.222902470894325e-27,227230,30,200,n,discreta_global,"(mu,lambda)",0.3
EE,potencias,2,1136,6.124308093494179e-27,227430,30,200,n,discreta_global,"(mu,lambda)",0.3
EE,potencias,2,1137,6.277492849248865e-27,227630,30,200,n,discreta_global,"(mu,lambda)",0.3
EE,potencias,2,1138,6.14473889800824e-27,227830,30,200,n,discreta_global,"(mu,lambda)",0.3
EE,potencias,2,1139,6.134777518152849e-27,228030,30,200,n,discreta_global,"(mu,lambda)",0.3
EE,potencias,2,1140,8.182161336894196e-27,228230,30,200,n,discreta_global,"(mu,lambda)",0.3
EE,potencias,2,1141,6.227926846562527e-27,228430,30,200,n,discreta_global,"(mu,lambda)",0.3
EE,potencias,2,1142,6.472969881859691e-27,228630,30,200,n,discreta_global,"(mu,lambda)",0.3
EE,potencias,2,1143,6.156965121547406e-27,228830,30,200,n,discreta_global,"(mu,lambda)",0.3
EE,potencias,2,1144,6.146194830435596e-27,229030,30,200,n,discreta_global,"(mu,lambda)",0.3
EE,potencias,2,1145,6.3592885014586006e-27,229230,30,200,n,discreta_global,"(mu,lambda)",0.3
EE,potencias,2,1146,6.144724947840933e-27,229430,30,200,n,discreta_global,"(mu,lambda)",0.3
EE,potencias,2,1147,6.460983734432183e-27,229630,30,200,n,discreta_global,"(mu,lambda)",0.3
EE,potencias,2,1148,9.11025814602876e-27,229830,30,200,n,discreta_global,"(mu,lambda)",0.3
EE,potencias,2,1149,6.259101813581298e-27,230030,30,200,n,discreta_global,"(mu,lambda)",0.3
EE,potencias,2,1150,6.195084054096002e-27,230230,30,200,n,discreta_global,"(mu,lambda)",0.3
EE,potencias,2,1151,6.145686881799151e-27,230430,30,200,n,discreta_global,"(mu,lambda)",0.3
EE,potencias,2,1152,6.677195042818137e-27,230630,30,200,n,discreta_global,"(mu,lambda)",0.3
EE,potencias,2,1153,6.279308191483031e-27,230830,30,200,n,discreta_global,"(mu,lambda)",0.3
EE,potencias,2,1154,6.1750145422494125e-27,231030,30,200,n,discreta_global,"(mu,lambda)",0.3
EE,potencias,2,1155,6.858954403524617e-27,231230,30,200,n,discreta_global,"(mu,lambda)",0.3
EE,potencias,2,1156,6.1749431347744174e-27,231430,30,200,n,discreta_global,"(mu,lambda)",0.3
EE,potencias,2,1157,6.209149245583382e-27,231630,30,200,n,discreta_global,"(mu,lambda)",0.3
EE,potencias,2,1158,6.222042028666987e-27,231830,30,200,n,discreta_global,"(mu,lambda)",0.3
EE,potencias,2,1159,6.1498475283131376e-27,232030,30,200,n,discreta_global,"(mu,lambda)",0.3
EE,potencias,2,1160,8.258229547033551e-27,232230,30,200,n,discreta_global,"(mu,lambda)",0.3
EE,potencias,2,1161,6.180864481332147e-27,232430,30,200,n,discreta_global,"(mu,lambda)",0.3
EE,potencias,2,1162,6.34044981799894e-27,232630,30,200,n,discreta_global,"(mu,lambda)",0.3
EE,potencias,2,1163,8.300739953632547e-27,232830,30,200,n,discreta_global,"(mu,lambda)",0.3
EE,potencias,2,1164,6.204993225149953e-27,233030,30,200,n,discreta_global,"(mu,lambda)",0.3
EE,potencias,2,1165,6.876591411722203e-27,233230,30,200,n,discreta_global,"(mu,lambda)",0.3
EE,potencias,2,1166,6.204834995327701e-27,233430,30,200,n,discreta_global,"(mu,lambda)",0.3
EE,potencias,2,1167,6.215391267363109e-27,233630,30,200,n,discreta_global,"(mu,lambda)",0.3
EE,potencias,2,1168,6.466370844598937e-27,233830,30,200,n,discreta_global,"(mu,lambda)",0.3
EE,potencias,2,1169,7.594551580710371e-27,234030,30,200,n,discreta_global,"(mu,lambda)",0.3
EE,potencias,2,1170,7.131579335858138e-27,234230,30,200,n,discreta_global,"(mu,lambda)",0.3
EE,potencias,2,1171,6.2312811959859955e-27,234430,30,200,n,discreta_global,"(mu,lambda)",0.3
EE,potencias,2,1172,6.255079723637843e-27,234630,30,200,n,discreta_global,"(mu,lambda)",0.3
EE,potencias,2,1173,6.217694519320023e-27,234830,30,200,n,discreta_global,"(mu,lambda)",0.3
EE,potencias,2,1174,6.59070606118798e-27,235030,30,200,n,discreta_global,"(mu,lambda)",0.3
EE,potencias,2,1175,6.216753713005903e-27,235230,30,200,n,discreta_global,"(mu,lambda)",0.3
EE,potencias,2,1176,6.2379074323522676e-27,235430,30,200,n,discreta_global,"(mu,lambda)",0.3
EE,potencias,2,1177,6.271429375323108e-27,235630,30,200,n,discreta_global,"(mu,lambda)",0.3
EE,potencias,2,1178,8.269723141693615e-27,235830,30,200,n,discreta_global,"(mu,lambda)",0.3
EE,potencias,2,1179,6.2121130979720394e-27,236030,30,200,n,discreta_global,"(mu,lambda)",0.3
EE,potencias,2,1180,6.1757927864506536e-27,236230,30,200,n,discreta_global,"(mu,lambda)",0.3
EE,potencias,2,1181,6.152657298117669e-27,236430,30,200,n,discreta_global,"(mu,lambda)",0.3
EE,potencias,2,1182,6.21693651647487e-27,236630,30,200,n,discreta_global,"(mu,lambda)",0.3
EE,potencias,2,1183,6.23320254185044e-27,236830,30,200,n,discreta_global,"(mu,lambda)",0.3
EE,potencias,2,1184,6.3725735600562686e-27,237030,30,200,n,discreta_global,"(mu,lambda)",0.3
EE,potencias,2,1185,6.2316898159948885e-27,237230,30,200,n,discreta_global,"(mu,lambda)",0.3
EE,potencias,2,1186,6.170334858410599e-27,237430,30,200,n,discreta_global,"(mu,lambda)",0.3
EE,potencias,2,1187,6.115190857305616e-27,237630,30,200,n,discreta_global,"(mu,lambda)",0.3
EE,potencias,2,1188,6.314662577112216e-27,237830,30,200,n,discreta_global,"(mu,lambda)",0.3
EE,potencias,2,1189,6.114991776753865e-27,238030,30,200,n,discreta_global,"(mu,lambda)",0.3
EE,potencias,2,1190,7.432955917239049e-27,238230,30,200,n,discreta_global,"(mu,lambda)",0.3
EE,potencias,2,1191,6.152709657638965e-27,238430,30,200,n,discreta_global,"(mu,lambda)",0.3
EE,potencias,2,1192,6.190811873716e-27,238630,30,200,n,discreta_global,"(mu,lambda)",0.3
EE,potencias,2,1193,6.175049131866693e-27,238830,30,200,n,discreta_global,"(mu,lambda)",0.3
EE,potencias,2,1194,6.271900016350374e-27,239030,30,200,n,discreta_global,"(mu,lambda)",0.3
EE,potencias,2,1195,6.145384010139171e-27,239230,30,200,n,discreta_global,"(mu,lambda)",0.3
EE,potencias,2,1196,6.2865213412492066e-27,239430,30,200,n,discreta_global,"(mu,lambda)",0.3
EE,potencias,2,1197,6.1990827313434834e-27,239630,30,200,n,discreta_global,"(mu,lambda)",0.3
EE,potencias,2,1198,6.396546158050434e-27,239830,30,200,n,discreta_global,"(mu,lambda)",0.3
EE,potencias,2,1199,6.3002901904811574e-27,240030,30,200,n,discreta_global,"(mu,lambda)",0.3
EE,potencias,3,0,178978.7488850488,230,30,200,n,discreta_global,"(mu,lambda)",0.3
EE,potencias,3,1,5719.321918992856,430,30,200,n,discreta_global,"(mu,lambda)",0.3
EE,potencias,3,2,71.59424865317806,630,30,200,n,discreta_global,"(mu,lambda)",0.3
EE,potencias,3,3,317.8952628922634,830,30,200,n,discreta_global,"(mu,lambda)",0.3
EE,potencias,3,4,49.85694548505137,1030,30,200,n,discreta_global,"(mu,lambda)",0.3
EE,potencias,3,5,5.266285258383916,1230,30,200,n,discreta_global,"(mu,lambda)",0.3
EE,potencias,3,6,14.087758244609475,1430,30,200,n,discreta_global,"(mu,lambda)",0.3
EE,potencias,3,7,1.2034137540605212,1630,30,200,n,discreta_global,"(mu,lambda)",0.3
EE,potencias,3,8,0.865323270596371,1830,30,200,n,discreta_global,"(mu,lambda)",0.3
EE,potencias,3,9,0.2271423613246244,2030,30,200,n,discreta_global,"(mu,lambda)",0.3
EE,potencias,3,10,0.16555467972176038,2230,30,200,n,discreta_global,"(mu,lambda)",0.3
EE,potencias,3,11,0.19055352029522957,2430,30,200,n,discreta_global,"(mu,lambda)",0.3
EE,potencias,3,12,0.08725060607147028,2630,30,200,n,discreta_global,"(mu,lambda)",0.3
EE,potencias,3,13,0.012336460081595117,2830,30,200,n,discreta_global,"(mu,lambda)",0.3
EE,potencias,3,14,0.009584362349114514,3030,30,200,n,discreta_global,"(mu,lambda)",0.3
EE,potencias,3,15,0.002966117670743529,3230,30,200,n,discreta_global,"(mu,lambda)",0.3
EE,potencias,3,16,0.0007667287834365578,3430,30,200,n,discreta_global,"(mu,lambda)",0.3
EE,potencias,3,17,0.00028099289666966233,3630,30,200,n,discreta_global,"(mu,lambda)",0.3
EE,potencias,3,18,0.00014044712547757837,3830,30,200,n,discreta_global,"(mu,lambda)",0.3
EE,potencias,3,19,0.00019762645459485412,4030,30,200,n,discreta_global,"(mu,lambda)",0.3
EE,potencias,3,20,5.8900982936700934e-05,4230,30,200,n,discreta_global,"(mu,lambda)",0.3
EE,potencias,3,21,3.511317830671646e-05,4430,30,200,n,discreta_global,"(mu,lambda)",0.3
EE,potencias,3,22,1.3494372192094686e-05,4630,30,200,n,discreta_global,"(mu,lambda)",0.3
EE,potencias,3,23,7.147126862076931e-06,4830,30,200,n,discreta_global,"(mu,lambda)",0.3
EE,potencias,3,24,2.4737365971129555e-06,5030,30,200,n,discreta_global,"(mu,lambda)",0.3
EE,potencias,3,25,2.9302452802023492e-06,5230,30,200,n,discreta_global,"(mu,lambda)",0.3
EE,potencias,3,26,1.1606712335610923e-06,5430,30,200,n,discreta_global,"(mu,lambda)",0.3
EE,potencias,3,27,1.972540193503038e-07,5630,30,200,n,discreta_global,"(mu,lambda)",0.3
EE,potencias,3,28,4.833820830267299e-08,5830,30,200,n,discreta_global,"(mu,lambda)",0.3
EE,potencias,3,29,4.574052374485078e-08,6030,30,200,n,discreta_global,"(mu,lambda)",0.3
EE,potencias,3,30,2.0036091630876784e-08,6230,30,200,n,discreta_global,"(mu,lambda)",0.3
EE,potencias,3,31,3.845638803789423e-09,6430,30,200,n,discreta_global,"(mu,lambda)",0.3
EE,potencias,3,32,3.3503455024328117e-09,6630,30,200,n,discreta_global,"(mu,lambda)",0.3
EE,potencias,3,33,1.1310878423930577e-09,6830,30,200,n,discreta_global,"(mu,lambda)",0.3
EE,potencias,3,34,6.075555240822049e-10,7030,30,200,n,discreta_global,"(mu,lambda)",0.3
EE,potencias,3,35,1.2244452198209659e-10,7230,30,200,n,discreta_global,"(mu,lambda)",0.3
EE,potencias,3,36,2.1774285916721574e-10,7430,30,200,n,discreta_global,"(mu,lambda)",0.3
EE,potencias,3,37,6.955533567021825e-11,7630,30,200,n,discreta_global,"(mu,lambda)",0.3
EE,potencias,3,38,3.1431395881953856e-11,7830,30,200,n,discreta_global,"(mu,lambda)",0.3
EE,potencias,3,39,4.517629769594576e-11,8030,30,200,n,discreta_global,"(mu,lambda)",0.3
EE,potencias,3,40,1.288881906028884e-11,8230,30,200,n,discreta_global,"(mu,lambda)",0.3
EE,potencias,3,41,7.653306055483475e-12,8430,30,200,n,discreta_global,"(mu,lambda)",0.3
EE,potencias,3,42,5.090623364647794e-12,8630,30,200,n,discreta_global,"(mu,lambda)",0.3
EE,potencias,3,43,3.4106340137339437e-12,8830,30,200,n,discreta_global,"(mu,lambda)",0.3
EE,potencias,3,44,1.2944730943449753e-12,9030,30,200,n,discreta_global,"(mu,lambda)",0.3
EE,potencias,3,45,9.30270201463266e-13,9230,30,200,n,discreta_global,"(mu,lambda)",0.3
EE,potencias,3,46,8.221312828844256e-13,9430,30,200,n,discreta_global,"(mu,lambda)",0.3
EE,potencias,3,47,2.649474193402501e-13,9630,30,200,n,discreta_global,"(mu,lambda)",0.3
EE,potencias,3,48,2.0336854341933182e-14,9830,30,200,n,discreta_global,"(mu,lambda)",0.3
EE,potencias,3,49,2.88579171646899e-14,10030,30,200,n,discreta_global,"(mu,lambda)",0.3
EE,potencias,3,50,1.6269726411372148e-14,10230,30,200,n,discreta_global,"(mu,lambda)",0.3
EE,potencias,3,51,3.920174968880694e-15,10430,30,200,n,discreta_global,"(mu,lambda)",0.3
EE,potencias,3,52,3.042883959343395e-15,10630,30,200,n,discreta_global,"(mu,lambda)",0.3
EE,potencias,3,53,1.4649924660258573e-15,10830,30,200,n,discreta_global,"(mu,lambda)",0.3
EE,potencias,3,54,3.0988510271126916e-16,11030,30,200,n,discreta_global,"(mu,lambda)",0.3
EE,potencias,3,55,2.8659077828228925e-16,11230,30,200,n,discreta_global,"(mu,lambda)",0.3
EE,potencias,3,56,9.679495368586148e-17,11430,30,200,n,discreta_global,"(mu,lambda)",0.3
EE,potencias,3,57,3.112923526398722e-17,11630,30,200,n,discreta_global,"(mu,lambda)",0.3
EE,potencias,3,58,2.0152840349365986e-17,11830,30,200,n,discreta_global,"(mu,lambda)",0.3
EE,potencias,3,59,1.7086843536506844e-17,12030,30,200,n,discreta_global,"(mu,lambda)",0.3
EE,potencias,3,60,9.415663624658657e-18,12230,30,200,n,discreta_global,"(mu,lambda)",0.3
EE,potencias,3,61,3.0619482238554592e-18,12430,30,200,n,discreta_global,"(mu,lambda)",0.3
EE,potencias,3,62,1.364451697108721e-18,12630,30,200,n,discreta_global,"(mu,lambda)",0.3
EE,potencias,3,63,9.008479180348242e-20,12830,30,200,n,discreta_global,"(mu,lambda)",0.3
EE,potencias,3,64,4.051673554428634e-19,13030,30,200,n,discreta_global,"(mu,lambda)",0.3
EE,potencias,3,65,2.1891485256451554e-19,13230,30,200,n,discreta_global,"(mu,lambda)",0.3
EE,potencias,3,66,5.2717619763359895e-20,13430,30,200,n,discreta_global,"(mu,lambda)",0.3
EE,potencias,3,67,2.393154096048969e-20,13630,30,200,n,discreta_global,"(mu,lambda)",0.3
EE,potencias,3,68,1.2708581696306066e-20,13830,30,200,n,discreta_global,"(mu,lambda)",0.3
EE,potencias,3,69,5.476283489373182e-21,14030,30,200,n,discreta_global,"(mu,lambda)",0.3
EE,potencias,3,70,4.422518347790349e-21,14230,30,200,n,discreta_global,"(mu,lambda)",0.3
EE,potencias,3,71,1.1571013213641203e-21,14430,30,200,n,discreta_global,"(mu,lambda)",0.3
EE,potencias,3,72,1.3042206552064388e-21,14630,30,200,n,discreta_global,"(mu,lambda)",0.3
EE,potencias,3,73,5.537780276310744e-22,14830,30,200,n,discreta_global,"(mu,lambda)",0.3
EE,potencias,3,74,8.947719534514792e-23,15030,30,200,n,discreta_global,"(mu,lambda)",0.3
EE,potencias,3,75,9.454417877545004e-23,15230,30,200,n,discreta_global,"(mu,lambda)",0.3
EE,potencias,3,76,2.800186518496022e-23,15430,30,200,n,discreta_global,"(mu,lambda)",0.3
EE,potencias,3,77,4.921076380829217e-24,15630,30,200,n,discreta_global,"(mu,lambda)",0.3
EE,potencias,3,78,1.5410583454793343e-24,15830,30,200,n,discreta_global,"(mu,lambda)",0.3
EE,potencias,3,79,2.3220004915112665e-24,16030,30,200,n,discreta_global,"(mu,lambda)",0.3
EE,potencias,3,80,7.512707400431459e-25,16230,30,200,n,discreta_global,"(mu,lambda)",0.3
EE,potencias,3,81,1.0507541329691838e-24,16430,30,200,n,discreta_global,"(mu,lambda)",0.3
EE,potencias,3,82,4.535812237752614e-25,16630,30,200,n,discreta_global,"(mu,lambda)",0.3
EE,potencias,3,83,1.8931230132993528e-25,16830,30,200,n,discreta_global,"(mu,lambda)",0.3
EE,potencias,3,84,1.5106214651662949e-25,17030,30,200,n,discreta_global,"(mu,lambda)",0.3
EE,potencias,3,85,4.464898744622608e-26,17230,30,200,n,discreta_global,"(mu,lambda)",0.3
EE,potencias,3,86,2.4394402472430387e-26,17430,30,200,n,discreta_global,"(mu,lambda)",0.3
EE,potencias,3,87,2.400611792594606e-26,17630,30,200,n,discreta_global,"(mu,lambda)",0.3
EE,potencias,3,88,2.7884934757073894e-26,17830,30,200,n,discreta_global,"(mu,lambda)",0.3
EE,potencias,3,89,2.781597159962577e-26,18030,30,200,n,discreta_global,"(mu,lambda)",0.3
EE,potencias,3,90,1.5346533272159907e-26,18230,30,200,n,discreta_global,"(mu,lambda)",0.3
EE,potencias,3,91,2.725193864250263e-26,18430,30,200,n,discreta_global,"(mu,lambda)",0.3
EE,potencias,3,92,1.416657155074217e-26,18630,30,200,n,discreta_global,"(mu,lambda)",0.3
EE,potencias,3,93,1.2387136439319558e-26,18830,30,200,n,discreta_global,"(mu,lambda)",0.3
EE,potencias,3,94,1.9630629894514232e-26,19030,30,200,n,discreta_global,"(mu,lambda)",0.3
EE,potencias,3,95,2.3913860254922066e-26,19230,30,200,n,discreta_global,"(mu,lambda)",0.3
EE,potencias,3,96,3.3408929709879144e-27,19430,30,200,n,discreta_global,"(mu,lambda)",0.3
EE,potencias,3,97,1.3008932682108648e-26,19630,30,200,n,discreta_global,"(mu,lambda)",0.3
EE,potencias,3,98,2.907415186977792e-26,19830,30,200,n,discreta_global,"(mu,lambda)",0.3
EE,potencias,3,99,3.677346134403715e-27,20030,30,200,n,discreta_global,"(mu,lambda)",0.3
EE,potencias,3,100,3.3406196789753564e-27,20230,30,200,n,discreta_global,"(mu,lambda)",0.3
EE,potencias,3,101,1.4727089580100888e-26,20430,30,200,n,discreta_global,"(mu,lambda)",0.3
EE,potencias,3,102,3.794219240603817e-27,20630,30,200,n,discreta_global,"(mu,lambda)",0.3
EE,potencias,3,103,6.412628652017419e-27,20830,30,200,n,discreta_global,"(mu,lambda)",0.3
EE,potencias,3,104,1.771051629927812e-26,21030,30,200,n,discreta_global,"(mu,lambda)",0.3
EE,potencias,3,105,4.5469925396362915e-27,21230,30,200,n,discreta_global,"(mu,lambda)",0.3
EE,potencias,3,106,5.230949542503543e-27,21430,30,200,n,discreta_global,"(mu,lambda)",0.3
EE,potencias,3,107,5.745134362687184e-27,21630,30,200,n,discreta_global,"(mu,lambda)",0.3
EE,potencias,3,108,8.545200354140135e-27,21830,30,200,n,discreta_global,"(mu,lambda)",0.3
EE,potencias,3,109,2.157115203932347e-27,22030,30,200,n,discreta_global,"(mu,lambda)",0.3
EE,potencias,3,110,5.6652589530037825e-27,22230,30,200,n,discreta_global,"(mu,lambda)",0.3
EE,potencias,3,111,9.110375513159447e-27,22430,30,200,n,discreta_global,"(mu,lambda)",0.3
EE,potencias,3,112,8.589742786744328e-27,22630,30,200,n,discreta_global,"(mu,lambda)",0.3
EE,potencias,3,113,6.74432448781e-27,22830,30,200,n,discreta_global,"(mu,lambda)",0.3
EE,potencias,3,114,8.755338515223252e-27,23030,30,200,n,discreta_global,"(mu,lambda)",0.3
EE,potencias,3,115,9.753721455778654e-27,23230,30,200,n,discreta_global,"(mu,lambda)",0.3
EE,potencias,3,116,2.3485586463662334e-26,23430,30,200,n,discreta_global,"(mu,lambda)",0.3
EE,potencias,3,117,1.200232650693991e-26,23630,30,200,n,discreta_global,"(mu,lambda)",0.3
EE,potencias,3,118,5.640139433195127e-27,23830,30,200,n,discreta_global,"(mu,lambda)",0.3
EE,potencias,3,119,7.08513562642881e-27,24030,30,200,n,discreta_global,"(mu,lambda)",0.3
EE,potencias,3,120,8.908994107353849e-27,24230,30,200,n,discreta_global,"(mu,lambda)",0.3
EE,potencias,3,121,5.370081110494241e-27,24430,30,200,n,discreta_global,"(mu,lambda)",0.3
EE,potencias,3,122,5.306516337457354e-27,24630,30,200,n,discreta_global,"(mu,lambda)",0.3
EE,potencias,3,123,5.232437065362338e-27,24830,30,200,n,discreta_global,"(mu,lambda)",0.3
EE,potencias,3,124,2.5702501161806318e-27,25030,30,200,n,discreta_global,"(mu,lambda)",0.3
EE,potencias,3,125,5.323574770633995e-27,25230,30,200,n,discreta_global,"(mu,lambda)",0.3
EE,potencias,3,126,2.064718284184102e-27,25430,30,200,n,discreta_global,"(mu,lambda)",0.3
EE,potencias,3,127,2.626244755453584e-27,25630,30,200,n,discreta_global,"(mu,lambda)",0.3
EE,potencias,3,128,4.227241545713807e-27,25830,30,200,n,discreta_global,"(mu,lambda)",0.3
EE,potencias,3,129,4.8753335168544014e-27,26030,30,200,n,discreta_global,"(mu,lambda)",0.3
EE,potencias,3,130,2.4447007095820078e-27,26230,30,200,n,discreta_global,"(mu,lambda)",0.3
EE,potencias,3,131,2.9992214596787832e-27,26430,30,200,n,discreta_global,"(mu,lambda)",0.3
EE,potencias,3,132,3.903248474376831e-27,26630,30,200,n,discreta_global,"(mu,lambda)",0.3
EE,potencias,3,133,3.23649821568227e-27,26830,30,200,n,discreta_global,"(mu,lambda)",0.3
EE,potencias,3,134,5.803197206267921e-27,27030,30,200,n,discreta_global,"(mu,lambda)",0.3
EE,potencias,3,135,6.585495623072759e-27,27230,30,200,n,discreta_global,"(mu,lambda)",0.3
EE,potencias,3,136,6.107378006797477e-27,27430,30,200,n,discreta_global,"(mu,lambda)",0.3
EE,potencias,3,137,4.568139685344973e-27,27630,30,200,n,discreta_global,"(mu,lambda)",0.3
EE,potencias,3,138,2.730837155383429e-27,27830,30,200,n,discreta_global,"(mu,lambda)",0.3
EE,potencias,3,139,3.989528652911092e-27,28030,30,200,n,discreta_global,"(mu,lambda)",0.3
EE,potencias,3,140,1.381361496862426e-26,28230,30,200,n,discreta_global,"(mu,lambda)",0.3
EE,potencias,3,141,3.391617638235971e-27,28430,30,200,n,discreta_global,"(mu,lambda)",0.3
EE,potencias,3,142,4.318975136493159e-27,28630,30,200,n,discreta_global,"(mu,lambda)",0.3
EE,potencias,3,143,5.483828887359959e-27,28830,30,200,n,discreta_global,"(mu,lambda)",0.3
EE,potencias,3,144,7.45960382805852e-27,29030,30,200,n,discreta_global,"(mu,lambda)",0.3
EE,potencias,3,145,4.2642743787299206e-27,29230,30,200,n,discreta_global,"(mu,lambda)",0.3
EE,potencias,3,146,4.341175773040715e-27,29430,30,200,n,discreta_global,"(mu,lambda)",0.3
EE,potencias,3,147,3.744946720046446e-27,29630,30,200,n,discreta_global,"(mu,lambda)",0.3
EE,potencias,3,148,1.1472750494159302e-27,29830,30,200,n,discreta_global,"(mu,lambda)",0.3
EE,potencias,3,149,4.464608267745613e-27,30030,30,200,n,discreta_global,"(mu,lambda)",0.3
EE,potencias,3,150,2.8918599902301984e-27,30230,30,200,n,discreta_global,"(mu,lambda)",0.3
EE,potencias,3,151,2.747501601354572e-27,30430,30,200,n,discreta_global,"(mu,lambda)",0.3
EE,potencias,3,152,3.964658067763823e-27,30630,30,200,n,discreta_global,"(mu,lambda)",0.3
EE,potencias,3,153,2.5565312451641128e-27,30830,30,200,n,discreta_global,"(mu,lambda)",0.3
EE,potencias,3,154,4.379335706396657e-27,31030,30,200,n,discreta_global,"(mu,lambda)",0.3
EE,potencias,3,155,3.8857590727581834e-27,31230,30,200,n,discreta_global,"(mu,lambda)",0.3
EE,potencias,3,156,4.469281385936126e-27,31430,30,200,n,discreta_global,"(mu,lambda)",0.3
EE,potencias,3,157,3.701255250693145e-27,31630,30,200,n,discreta_global,"(mu,lambda)",0.3
EE,potencias,3,158,4.097940762907482e-27,31830,30,200,n,discreta_global,"(mu,lambda)",0.3
EE,potencias,3,159,4.067871608129074e-27,32030,30,200,n,discreta_global,"(mu,lambda)",0.3
EE,potencias,3,160,6.42057648403352e-27,32230,30,200,n,discreta_global,"(mu,lambda)",0.3
EE,potencias,3,161,5.361267280761347e-27,32430,30,200,n,discreta_global,"(mu,lambda)",0.3
EE,potencias,3,162,5.903162115183829e-27,32630,30,200,n,discreta_global,"(mu,lambda)",0.3
EE,potencias,3,163,4.842036624547733e-27,32830,30,200,n,discreta_global,"(mu,lambda)",0.3
EE,potencias,3,164,3.852490294713396e-27,33030,30,200,n,discreta_global,"(mu,lambda)",0.3
EE,potencias,3,165,4.752601731472345e-27,33230,30,200,n,discreta_global,"(mu,lambda)",0.3
EE,potencias,3,166,4.427567757704345e-27,33430,30,200,n,discreta_global,"(mu,lambda)",0.3
EE,potencias,3,167,5.821662839171223e-27,33630,30,200,n,discreta_global,"(mu,lambda)",0.3
EE,potencias,3,168,4.3987572010882424e-27,33830,30,200,n,discreta_global,"(mu,lambda)",0.3
EE,potencias,3,169,4.5123292467751146e-27,34030,30,200,n,discreta_global,"(mu,lambda)",0.3
EE,potencias,3,170,3.788132131103014e-27,34230,30,200,n,discreta_global,"(mu,lambda)",0.3
EE,potencias,3,171,3.369529888763772e-27,34430,30,200,n,discreta_global,"(mu,lambda)",0.3
EE,potencias,3,172,3.1207690032913577e-27,34630,30,200,n,discreta_global,"(mu,lambda)",0.3
EE,potencias,3,173,4.050706327109381e-27,34830,30,200,n,discreta_global,"(mu,lambda)",0.3
EE,potencias,3,174,4.3235789879118116e-27,35030,30,200,n,discreta_global,"(mu,lambda)",0.3
EE,potencias,3,175,4.208210513203834e-27,35230,30,200,n,discreta_global,"(mu,lambda)",0.3
EE,potencias,3,176,3.405948595095298e-27,35430,30,200,n,discreta_global,"(mu,lambda)",0.3
EE,potencias,3,177,5.841115492443439e-27,35630,30,200,n,discreta_global,"(mu,lambda)",0.3
EE,potencias,3,178,4.011705155782401e-27,35830,30,200,n,discreta_global,"(mu,lambda)",0.3
EE,potencias,3,179,4.039554324899357e-27,36030,30,200,n,discreta_global,"(mu,lambda)",0.3
EE,potencias,3,180,3.7414793368974584e-27,36230,30,200,n,discreta_global,"(mu,lambda)",0.3
EE,potencias,3,181,4.0032149172920966e-27,36430,30,200,n,discreta_global,"(mu,lambda)",0.3
EE,potencias,3,182,4.245140580229263e-27,36630,30,200,n,discreta_global,"(mu,lambda)",0.3
EE,potencias,3,183,4.082701261910273e-27,36830,30,200,n,discreta_global,"(mu,lambda)",0.3
EE,potencias,3,184,5.053471222600215e-27,37030,30,200,n,discreta_global,"(mu,lambda)",0.3
EE,potencias,3,185,4.199400983096919e-27,37230,30,200,n,discreta_global,"(mu,lambda)",0.3
EE,potencias,3,186,5.346246912293756e-27,37430,30,200,n,discreta_global,"(mu,lambda)",0.3
EE,potencias,3,187,3.463902346190289e-27,37630,30,200,n,discreta_global,"(mu,lambda)",0.3
EE,potencias,3,188,2.7539433401846294e-27,37830,30,200,n,discreta_global,"(mu,lambda)",0.3
EE,potencias,3,189,3.1340324347813096e-27,38030,30,200,n,discreta_global,"(mu,lambda)",0.3
EE,potencias,3,190,5.518347022310518e-27,38230,30,200,n,discreta_global,"(mu,lambda)",0.3
EE,potencias,3,191,4.384968644059522e-27,38430,30,200,n,discreta_global,"(mu,lambda)",0.3
EE,potencias,3,192,3.3074714393129565e-27,38630,30,200,n,discreta_global,"(mu,lambda)",0.3
EE,potencias,3,193,2.736177616120108e-27,38830,30,200,n,discreta_global,"(mu,lambda)",0.3
EE,potencias,3,194,2.8669848903026556e-27,39030,30,200,n,discreta_global,"(mu,lambda)",0.3
EE,potencias,3,195,2.99963917060974e-27,39230,30,200,n,discreta_global,"(mu,lambda)",0.3
EE,potencias,3,196,2.718566148701382e-27,39430,30,200,n,discreta_global,"(mu,lambda)",0.3
EE,potencias,3,197,2.9124334686632064e-27,39630,30,200,n,discreta_global,"(mu,lambda)",0.3
EE,potencias,3,198,4.0052375402490914e-27,39830,30,200,n,discreta_global,"(mu,lambda)",0.3
EE,potencias,3,199,3.202747211793553e-27,40030,30,200,n,discreta_global,"(mu,lambda)",0.3
EE,potencias,3,200,3.712565018624634e-27,40230,30,200,n,discreta_global,"(mu,lambda)",0.3
EE,potencias,3,201,4.328719201151716e-27,40430,30,200,n,discreta_global,"(mu,lambda)",0.3
EE,potencias,3,202,4.067665367885004e-27,40630,30,200,n,discreta_global,"(mu,lambda)",0.3
EE,potencias,3,203,3.2173794648931365e-27,40830,30,200,n,discreta_global,"(mu,lambda)",0.3
EE,potencias,3,204,3.447278650837054e-27,41030,30,200,n,discreta_global,"(mu,lambda)",0.3
EE,potencias,3,205,3.672801924679496e-27,41230,30,200,n,discreta_global,"(mu,lambda)",0.3
EE,potencias,3,206,2.833329620523639e-27,41430,30,200,n,discreta_global,"(mu,lambda)",0.3
EE,potencias,3,207,2.9855688511777394e-27,41630,30,200,n,discreta_global,"(mu,lambda)",0.3
EE,potencias,3,208,3.5697376881510644e-27,41830,30,200,n,discreta_global,"(mu,lambda)",0.3
EE,potencias,3,209,3.1507859518475867e-27,42030,30,200,n,discreta_global,"(mu,lambda)",0.3
EE,potencias,3,210,3.28197695182034e-27,42230,30,200,n,discreta_global,"(mu,lambda)",0.3
EE,potencias,3,211,3.0979049784208893e-27,42430,30,200,n,discreta_global,"(mu,lambda)",0.3
EE,potencias,3,212,2.8921645281568234e-27,42630,30,200,n,discreta_global,"(mu,lambda)",0.3
EE,potencias,3,213,3.7010896052210965e-27,42830,30,200,n,discreta_global,"(mu,lambda)",0.3
EE,potencias,3,214,4.440674910742893e-27,43030,30,200,n,discreta_global,"(mu,lambda)",0.3
EE,potencias,3,215,3.18946460540444e-27,43230,30,200,n,discreta_global,"(mu,lambda)",0.3
EE,potencias,3,216,2.716113664102308e-27,43430,30,200,n,discreta_global,"(mu,lambda)",0.3
EE,potencias,3,217,3.5020076004880386e-27,43630,30,200,n,discreta_global,"(mu,lambda)",0.3
EE,potencias,3,218,3.5872422778422864e-27,43830,30,200,n,discreta_global,"(mu,lambda)",0.3
EE,potencias,3,219,3.3550995991058854e-27,44030,30,200,n,discreta_global,"(mu,lambda)",0.3
EE,potencias,3,220,3.492223401215676e-27,44230,30,200,n,discreta_global,"(mu,lambda)",0.3
EE,potencias,3,221,3.325234248472018e-27,44430,30,200,n,discreta_global,"(mu,lambda)",0.3
EE,potencias,3,222,4.472439866532688e-27,44630,30,200,n,discreta_global,"(mu,lambda)",0.3
EE,potencias,3,223,3.4958476320316384e-27,44830,30,200,n,discreta_global,"(mu,lambda)",0.3
EE,potencias,3,224,2.9807491301358864e-27,45030,30,200,n,discreta_global,"(mu,lambda)",0.3
EE,potencias,3,225,3.161625305526374e-27,45230,30,200,n,discreta_global,"(mu,lambda)",0.3
EE,potencias,3,226,3.1236576100093903e-27,45430,30,200,n,discreta_global,"(mu,lambda)",0.3
EE,potencias,3,227,3.356676307671493e-27,45630,30,200,n,discreta_global,"(mu,lambda)",0.3
EE,potencias,3,228,2.74097566064815e-27,45830,30,200,n,discreta_global,"(mu,lambda)",0.3
EE,potencias,3,229,2.650169923066273e-27,46030,30,200,n,discreta_global,"(mu,lambda)",0.3
EE,potencias,3,230,3.314714441757998e-27,46230,30,200,n,discreta_global,"(mu,lambda)",0.3
EE,potencias,3,231,3.219100659882856e-27,46430,30,200,n,discreta_global,"(mu,lambda)",0.3
EE,potencias,3,232,3.1380950717882362e-27,46630,30,200,n,discreta_global,"(mu,lambda)",0.3
EE,potencias,3,233,3.191129766604769e-27,46830,30,200,n,discreta_global,"(mu,lambda)",0.3
EE,potencias,3,234,3.4336707249500206e-27,47030,30,200,n,discreta_global,"(mu,lambda)",0.3
EE,potencias,3,235,4.039300283874395e-27,47230,30,200,n,discreta_global,"(mu,lambda)",0.3
EE,potencias,3,236,3.361259702214692e-27,47430,30,200,n,discreta_global,"(mu,lambda)",0.3
EE,potencias,3,237,3.342776240015449e-27,47630,30,200,n,discreta_global,"(mu,lambda)",0.3
EE,potencias,3,238,3.524545550471941e-27,47830,30,200,n,discreta_global,"(mu,lambda)",0.3
EE,potencias,3,239,3.0014960743049333e-27,48030,30,200,n,discreta_global,"(mu,lambda)",0.3
EE,potencias,3,240,3.9074171468806305e-27,48230,30,200,n,discreta_global,"(mu,lambda)",0.3
EE,potencias,3,241,4.112949510318105e-27,48430,30,200,n,discreta_global,"(mu,lambda)",0.3
EE,potencias,3,242,4.19173231529908e-27,48630,30,200,n,discreta_global,"(mu,lambda)",0.3
EE,potencias,3,243,3.0966525409812532e-27,48830,30,200,n,discreta_global,"(mu,lambda)",0.3
EE,potencias,3,244,3.1242647919518956e-27,49030,30,200,n,discreta_global,"(mu,lambda)",0.3
EE,potencias,3,245,3.293928496889615e-27,49230,30,200,n,discreta_global,"(mu,lambda)",0.3
EE,potencias,3,246,3.100890875648011e-27,49430,30,200,n,discreta_global,"(mu,lambda)",0.3
EE,potencias,3,247,3.1955912471450818e-27,49630,30,200,n,discreta_global,"(mu,lambda)",0.3
EE,potencias,3,248,2.817597902463478e-27,49830,30,200,n,discreta_global,"(mu,lambda)",0.3
EE,potencias,3,249,3.1732232934409663e-27,50030,30,200,n,discreta_global,"(mu,lambda)",0.3
EE,potencias,3,250,2.5890237621198917e-27,50230,30,200,n,discreta_global,"(mu,lambda)",0.3
EE,potencias,3,251,9.442356234826274e-27,50430,30,200,n,discreta_global,"(mu,lambda)",0.3
EE,potencias,3,252,3.2061547631129246e-27,50630,30,200,n,discreta_global,"(mu,lambda)",0.3
EE,potencias,3,253,3.662486784872382e-27,50830,30,200,n,discreta_global,"(mu,lambda)",0.3
EE,potencias,3,254,3.276032440331375e-27,51030,30,200,n,discreta_global,"(mu,lambda)",0.3
EE,potencias,3,255,5.057004080696615e-27,51230,30,200,n,discreta_global,"(mu,lambda)",0.3
EE,potencias,3,256,2.8821432115948356e-27,51430,30,200,n,discreta_global,"(mu,lambda)",0.3
EE,potencias,3,257,5.7632269877462534e-27,51630,30,200,n,discreta_global,"(mu,lambda)",0.3
EE,potencias,3,258,3.89276104479104e-27,51830,30,200,n,discreta_global,"(mu,lambda)",0.3
EE,potencias,3,259,2.916961371713653e-27,52030,30,200,n,discreta_global,"(mu,lambda)",0.3
EE,potencias,3,260,3.1064093180566195e-27,52230,30,200,n,discreta_global,"(mu,lambda)",0.3
EE,potencias,3,261,2.8301251179510888e-27,52430,30,200,n,discreta_global,"(mu,lambda)",0.3
EE,potencias,3,262,4.67541823411966e-27,52630,30,200,n,discreta_global,"(mu,lambda)",0.3
EE,potencias,3,263,2.6696014690225137e-27,52830,30,200,n,discreta_global,"(mu,lambda)",0.3
EE,potencias,3,264,2.697325478467533e-27,53030,30,200,n,discreta_global,"(mu,lambda)",0.3
EE,potencias,3,265,5.5994942598049084e-27,53230,30,200,n,discreta_global,"(mu,lambda)",0.3
EE,potencias,3,266,2.726193063749941e-27,53430,30,200,n,discreta_global,"(mu,lambda)",0.3
EE,potencias,3,267,3.717822000513807e-27,53630,30,200,n,discreta_global,"(mu,lambda)",0.3
EE,potencias,3,268,3.772440923504993e-27,53830,30,200,n,discreta_global,"(mu,lambda)",0.3
EE,potencias,3,269,3.4479081593243055e-27,54030,30,200,n,discreta_global,"(mu,lambda)",0.3
EE,potencias,3,270,3.3172881126059365e-27,54230,30,200,n,discreta_global,"(mu,lambda)",0.3
EE,potencias,3,271,3.0261755411611817e-27,54430,30,200,n,discreta_global,"(mu,lambda)",0.3
EE,potencias,3,272,3.0358412063166203e-27,54630,30,200,n,discreta_global,"(mu,lambda)",0.3
EE,potencias,3,273,2.96400513608973e-27,54830,30,200,n,discreta_global,"(mu,lambda)",0.3
EE,potencias,3,274,2.6115126323008e-27,55030,30,200,n,discreta_global,"(mu,lambda)",0.3
EE,potencias,3,275,2.81817304332172e-27,55230,30,200,n,discreta_global,"(mu,lambda)",0.3
EE,potencias,3,276,2.736638019509973e-27,55430,30,200,n,discreta_global,"(mu,lambda)",0.3
EE,potencias,3,277,3.688635012454654e-27,55630,30,200,n,discreta_global,"(mu,lambda)",0.3
EE,potencias,3,278,4.872830226710326e-27,55830,30,200,n,discreta_global,"(mu,lambda)",0.3
EE,potencias,3,279,2.8708508942264513e-27,56030,30,200,n,discreta_global,"(mu,lambda)",0.3
EE,potencias,3,280,2.6229227979768636e-27,56230,30,200,n,discreta_global,"(mu,lambda)",0.3
EE,potencias,3,281,3.514200455520978e-27,56430,30,200,n,discreta_global,"(mu,lambda)",0.3
EE,potencias,3,282,4.172957383047827e-27,56630,30,200,n,discreta_global,"(mu,lambda)",0.3
EE,potencias,3,283,3.034467895116291e-27,56830,30,200,n,discreta_global,"(mu,lambda)",0.3
EE,potencias,3,284,2.6481536376006624e-27,57030,30,200,n,discreta_global,"(mu,lambda)",0.3
EE,potencias,3,285,2.7126129403322516e-27,57230,30,200,n,discreta_global,"(mu,lambda)",0.3
EE,potencias,3,286,3.2504600536478585e-27,57430,30,200,n,discreta_global,"(mu,lambda)",0.3
EE,potencias,3,287,3.3170015606774786e-27,57630,30,200,n,discreta_global,"(mu,lambda)",0.3
EE,potencias,3,288,3.0358464723176692e-27,57830,30,200,n,discreta_global,"(mu,lambda)",0.3
EE,potencias,3,289,3.1593877283194247e-27,58030,30,200,n,discreta_global,"(mu,lambda)",0.3
EE,potencias,3,290,2.8435587580703918e-27,58230,30,200,n,discreta_global,"(mu,lambda)",0.3
EE,potencias,3,291,3.4383470415874764e-27,58430,30,200,n,discreta_global,"(mu,lambda)",0.3
EE,potencias,3,292,4.0428895839241125e-27,58630,30,200,n,discreta_global,"(mu,lambda)",0.3
EE,potencias,3,293,2.8487671066910442e-27,58830,30,200,n,discreta_global,"(mu,lambda)",0.3
EE,potencias,3,294,2.9056049544745178e-27,59030,30,200,n,discreta_global,"(mu,lambda)",0.3
EE,potencias,3,295,2.7779361717915232e-27,59230,30,200,n,discreta_global,"(mu,lambda)",0.3
EE,potencias,3,296,2.6871198381371804e-27,59430,30,200,n,discreta_global,"(mu,lambda)",0.3
EE,potencias,3,297,2.782806012855557e-27,59630,30,200,n,discreta_global,"(mu,lambda)",0.3
EE,potencias,3,298,4.2150957560394864e-27,59830,30,200,n,discreta_global,"(mu,lambda)",0.3
EE,potencias,3,299,2.7326469901372243e-27,60030,30,200,n,discreta_global,"(mu,lambda)",0.3
EE,potencias,3,300,2.592622257849832e-27,60230,30,200,n,discreta_global,"(mu,lambda)",0.3
EE,potencias,3,301,2.5692644585002665e-27,60430,30,200,n,discreta_global,"(mu,lambda)",0.3
EE,potencias,3,302,2.5416447789555862e-27,60630,30,200,n,discreta_global,"(mu,lambda)",0.3
EE,potencias,3,303,3.014523267177261e-27,60830,30,200,n,discreta_global,"(mu,lambda)",0.3
EE,potencias,3,304,2.864179801536059e-27,61030,30,200,n,discreta_global,"(mu,lambda)",0.3
EE,potencias,3,305,4.102533118143041e-27,61230,30,200,n,discreta_global,"(mu,lambda)",0.3
EE,potencias,3,306,5.4187153744008256e-27,61430,30,200,n,discreta_global,"(mu,lambda)",0.3
EE,potencias,3,307,2.7675941206096585e-27,61630,30,200,n,discreta_global,"(mu,lambda)",0.3
EE,potencias,3,308,2.8993834930769596e-27,61830,30,200,n,discreta_global,"(mu,lambda)",0.3
EE,potencias,3,309,2.676316520063033e-27,62030,30,200,n,discreta_global,"(mu,lambda)",0.3
EE,potencias,3,310,2.8730980016072126e-27,62230,30,200,n,discreta_global,"(mu,lambda)",0.3
EE,potencias,3,311,2.3378456738624774e-27,62430,30,200,n,discreta_global,"(mu,lambda)",0.3
EE,potencias,3,312,2.663248703863273e-27,62630,30,200,n,discreta_global,"(mu,lambda)",0.3
EE,potencias,3,313,2.4709764258399625e-27,62830,30,200,n,discreta_global,"(mu,lambda)",0.3
EE,potencias,3,314,2.4467121702346208e-27,63030,30,200,n,discreta_global,"(mu,lambda)",0.3
EE,potencias,3,315,3.469908914658208e-27,63230,30,200,n,discreta_global,"(mu,lambda)",0.3
EE,potencias,3,316,2.3659295312749123e-27,63430,30,200,n,discreta_global,"(mu,lambda)",0.3
EE,potencias,3,317,2.6632192695313737e-27,63630,30,200,n,discreta_global,"(mu,lambda)",0.3
EE,potencias,3,318,2.517343847304858e-27,63830,30,200,n,discreta_global,"(mu,lambda)",0.3
EE,potencias,3,319,2.624262933297021e-27,64030,30,200,n,discreta_global,"(mu,lambda)",0.3
EE,potencias,3,320,2.419806687411374e-27,64230,30,200,n,discreta_global,"(mu,lambda)",0.3
EE,potencias,3,321,2.8134086765461142e-27,64430,30,200,n,discreta_global,"(mu,lambda)",0.3
EE,potencias,3,322,2.5445476682972777e-27,64630,30,200,n,discreta_global,"(mu,lambda)",0.3
EE,potencias,3,323,2.9821483356828318e-27,64830,30,200,n,discreta_global,"(mu,lambda)",0.3
EE,potencias,3,324,2.374060892827926e-27,65030,30,200,n,discreta_global,"(mu,lambda)",0.3
EE,potencias,3,325,2.5196280845243716e-27,65230,30,200,n,discreta_global,"(mu,lambda)",0.3
EE,potencias,3,326,2.716755192555166e-27,65430,30,200,n,discreta_global,"(mu,lambda)",0.3
EE,potencias,3,327,2.5108579241215184e-27,65630,30,200,n,discreta_global,"(mu,lambda)",0.3
EE,potencias,3,328,2.8508524753438744e-27,65830,30,200,n,discreta_global,"(mu,lambda)",0.3
EE,potencias,3,329,3.015181011454746e-27,66030,30,200,n,discreta_global,"(mu,lambda)",0.3
EE,potencias,3,330,2.557560006430714e-27,66230,30,200,n,discreta_global,"(mu,lambda)",0.3
EE,potencias,3,331,2.5052497382971143e-27,66430,30,200,n,discreta_global,"(mu,lambda)",0.3
EE,potencias,3,332,2.2166316080273534e-27,66630,30,200,n,discreta_global,"(mu,lambda)",0.3
EE,potencias,3,333,2.2858296646934217e-27,66830,30,200,n,discreta_global,"(mu,lambda)",0.3
EE,potencias,3,334,2.1562220212018403e-27,67030,30,200,n,discreta_global,"(mu,lambda)",0.3
EE,potencias,3,335,4.142974380031557e-27,67230,30,200,n,discreta_global,"(mu,lambda)",0.3
EE,potencias,3,336,1.9683464706893373e-27,67430,30,200,n,discreta_global,"(mu,lambda)",0.3
EE,potencias,3,337,2.2440135836032348e-27,67630,30,200,n,discreta_global,"(mu,lambda)",0.3
EE,potencias,3,338,4.811675975514281e-27,67830,30,200,n,discreta_global,"(mu,lambda)",0.3
EE,potencias,3,339,1.7992158432792647e-27,68030,30,200,n,discreta_global,"(mu,lambda)",0.3
EE,potencias,3,340,1.8574364225436615e-27,68230,30,200,n,discreta_global,"(mu,lambda)",0.3
EE,potencias,3,341,2.026528020564979e-27,68430,30,200,n,discreta_global,"(mu,lambda)",0.3
EE,potencias,3,342,1.97829249564165e-27,68630,30,200,n,discreta_global,"(mu,lambda)",0.3
EE,potencias,3,343,1.1982532172388253e-27,68830,30,200,n,discreta_global,"(mu,lambda)",0.3
EE,potencias,3,344,1.2922903318366178e-27,69030,30,200,n,discreta_global,"(mu,lambda)",0.3
EE,potencias,3,345,1.4640909797009927e-27,69230,30,200,n,discreta_global,"(mu,lambda)",0.3
EE,potencias,3,346,1.5206891456630469e-27,69430,30,200,n,discreta_global,"(mu,lambda)",0.3
EE,potencias,3,347,1.7855907846720154e-27,69630,30,200,n,discreta_global,"(mu,lambda)",0.3
EE,potencias,3,348,2.237406299623871e-27,69830,30,200,n,discreta_global,"(mu,lambda)",0.3
EE,potencias,3,349,1.4234961577054397e-27,70030,30,200,n,discreta_global,"(mu,lambda)",0.3
EE,potencias,3,350,2.2049507907816128e-27,70230,30,200,n,discreta_global,"(mu,lambda)",0.3
EE,potencias,3,351,3.8619219315998374e-27,70430,30,200,n,discreta_global,"(mu,lambda)",0.3
EE,potencias,3,352,1.908980113926769e-27,70630,30,200,n,discreta_global,"(mu,lambda)",0.3
EE,potencias,3,353,6.812802448802396e-27,70830,30,200,n,discreta_global,"(mu,lambda)",0.3
EE,potencias,3,354,5.096237346584824e-27,71030,30,200,n,discreta_global,"(mu,lambda)",0.3
EE,potencias,3,355,1.9343852154148017e-27,71230,30,200,n,discreta_global,"(mu,lambda)",0.3
EE,potencias,3,356,1.3541474537797284e-27,71430,30,200,n,discreta_global,"(mu,lambda)",0.3
EE,potencias,3,357,1.2965734433991832e-27,71630,30,200,n,discreta_global,"(mu,lambda)",0.3
EE,potencias,3,358,1.0224875026768427e-27,71830,30,200,n,discreta_global,"(mu,lambda)",0.3
EE,potencias,3,359,1.7216651002969705e-27,72030,30,200,n,discreta_global,"(mu,lambda)",0.3
EE,potencias,3,360,2.064006320415626e-27,72230,30,200,n,discreta_global,"(mu,lambda)",0.3
EE,potencias,3,361,1.5374988563101843e-27,72430,30,200,n,discreta_global,"(mu,lambda)",0.3
EE,potencias,3,362,1.4058955790464869e-27,72630,30,200,n,discreta_global,"(mu,lambda)",0.3
EE,potencias,3,363,1.3113856315349602e-27,72830,30,200,n,discreta_global,"(mu,lambda)",0.3
EE,potencias,3,364,2.2134109775843336e-27,73030,30,200,n,discreta_global,"(mu,lambda)",0.3
EE,potencias,3,365,1.0723443095871751e-27,73230,30,200,n,discreta_global,"(mu,lambda)",0.3
EE,potencias,3,366,1.4400831776033486e-27,73430,30,200,n,discreta_global,"(mu,lambda)",0.3
EE,potencias,3,367,1.0190380090479254e-27,73630,30,200,n,discreta_global,"(mu,lambda)",0.3
EE,potencias,3,368,4.114564850311233e-27,73830,30,200,n,discreta_global,"(mu,lambda)",0.3
EE,potencias,3,369,1.1482863477868733e-27,74030,30,200,n,discreta_global,"(mu,lambda)",0.3
EE,potencias,3,370,1.0095893917659819e-27,74230,30,200,n,discreta_global,"(mu,lambda)",0.3
EE,potencias,3,371,1.6928073128170746e-27,74430,30,200,n,discreta_global,"(mu,lambda)",0.3
EE,potencias,3,372,2.430507220109444e-27,74630,30,200,n,discreta_global,"(mu,lambda)",0.3
EE,potencias,3,373,1.3584521781892907e-27,74830,30,200,n,discreta_global,"(mu,lambda)",0.3
EE,potencias,3,374,9.231027345252062e-28,75030,30,200,n,discreta_global,"(mu,lambda)",0.3
EE,potencias,3,375,1.1714776879919793e-27,75230,30,200,n,discreta_global,"(mu,lambda)",0.3
EE,potencias,3,376,2.6315381350531566e-27,75430,30,200,n,discreta_global,"(mu,lambda)",0.3
EE,potencias,3,377,1.835426378566496e-27,75630,30,200,n,discreta_global,"(mu,lambda)",0.3
EE,potencias,3,378,1.4797309267738934e-27,75830,30,200,n,discreta_global,"(mu,lambda)",0.3
EE,potencias,3,379,1.5880645686615922e-27,76030,30,200,n,discreta_global,"(mu,lambda)",0.3
EE,potencias,3,380,1.166912134091909e-27,76230,30,200,n,discreta_global,"(mu,lambda)",0.3
EE,potencias,3,381,1.5809300875361022e-27,76430,30,200,n,discreta_global,"(mu,lambda)",0.3
EE,potencias,3,382,1.5626221016421473e-27,76630,30,200,n,discreta_global,"(mu,lambda)",0.3
EE,potencias,3,383,1.2469760199756334e-27,76830,30,200,n,discreta_global,"(mu,lambda)",0.3
EE,potencias,3,384,1.2286022491227305e-27,77030,30,200,n,discreta_global,"(mu,lambda)",0.3
EE,potencias,3,385,1.4317130485584077e-27,77230,30,200,n,discreta_global,"(mu,lambda)",0.3
EE,potencias,3,386,1.2962417534576365e-27,77430,30,200,n,discreta_global,"(mu,lambda)",0.3
EE,potencias,3,387,1.5159190076810802e-27,77630,30,200,n,discreta_global,"(mu,lambda)",0.3
EE,potencias,3,388,1.428634396768072e-27,77830,30,200,n,discreta_global,"(mu,lambda)",0.3
EE,potencias,3,389,3.1542660703847937e-27,78030,30,200,n,discreta_global,"(mu,lambda)",0.3
EE,potencias,3,390,1.397844133273125e-27,78230,30,200,n,discreta_global,"(mu,lambda)",0.3
EE,potencias,3,391,1.5776389367256959e-27,78430,30,200,n,discreta_global,"(mu,lambda)",0.3
EE,potencias,3,392,2.00244248524579e-27,78630,30,200,n,discreta_global,"(mu,lambda)",0.3
EE,potencias,3,393,1.33899040494974e-27,78830,30,200,n,discreta_global,"(mu,lambda)",0.3
EE,potencias,3,394,3.497568431517911e-27,79030,30,200,n,discreta_global,"(mu,lambda)",0.3
EE,potencias,3,395,1.8528050249312683e-27,79230,30,200,n,discreta_global,"(mu,lambda)",0.3
EE,potencias,3,396,1.3141428132926612e-27,79430,30,200,n,discreta_global,"(mu,lambda)",0.3
EE,potencias,3,397,1.7523132924503682e-27,79630,30,200,n,discreta_global,"(mu,lambda)",0.3
EE,potencias,3,398,2.0392578951275482e-27,79830,30,200,n,discreta_global,"(mu,lambda)",0.3
EE,potencias,3,399,1.4775224006151329e-27,80030,30,200,n,discreta_global,"(mu,lambda)",0.3
EE,potencias,3,400,2.0127751682722164e-27,80230,30,200,n,discreta_global,"(mu,lambda)",0.3
EE,potencias,3,401,2.0421839193416063e-27,80430,30,200,n,discreta_global,"(mu,lambda)",0.3
EE,potencias,3,402,2.5864100560881994e-27,80630,30,200,n,discreta_global,"(mu,lambda)",0.3
EE,potencias,3,403,2.4891833682214356e-27,80830,30,200,n,discreta_global,"(mu,lambda)",0.3
EE,potencias,3,404,2.9947534938876553e-27,81030,30,200,n,discreta_global,"(mu,lambda)",0.3
EE,potencias,3,405,1.922017399075282e-27,81230,30,200,n,discreta_global,"(mu,lambda)",0.3
EE,potencias,3,406,3.6404285221071824e-27,81430,30,200,n,discreta_global,"(mu,lambda)",0.3
EE,potencias,3,407,2.4408877494418692e-27,81630,30,200,n,discreta_global,"(mu,lambda)",0.3
EE,potencias,3,408,2.569743347596214e-27,81830,30,200,n,discreta_global,"(mu,lambda)",0.3
EE,potencias,3,409,2.844522272394589e-27,82030,30,200,n,discreta_global,"(mu,lambda)",0.3
EE,potencias,3,410,1.9420090609009998e-27,82230,30,200,n,discreta_global,"(mu,lambda)",0.3
EE,potencias,3,411,4.261394369807363e-27,82430,30,200,n,discreta_global,"(mu,lambda)",0.3
EE,potencias,3,412,3.1346457031002842e-27,82630,30,200,n,discreta_global,"(mu,lambda)",0.3
EE,potencias,3,413,2.539091540033451e-27,82830,30,200,n,discreta_global,"(mu,lambda)",0.3
EE,potencias,3,414,2.936814271745553e-27,83030,30,200,n,discreta_global,"(mu,lambda)",0.3
EE,potencias,3,415,1.8287367500454562e-27,83230,30,200,n,discreta_global,"(mu,lambda)",0.3
EE,potencias,3,416,2.3828333633081933e-27,83430,30,200,n,discreta_global,"(mu,lambda)",0.3
EE,potencias,3,417,2.2668743671384835e-27,83630,30,200,n,discreta_global,"(mu,lambda)",0.3
EE,potencias,3,418,3.246022915162265e-27,83830,30,200,n,discreta_global,"(mu,lambda)",0.3
EE,potencias,3,419,3.2079530336537835e-27,84030,30,200,n,discreta_global,"(mu,lambda)",0.3
EE,potencias,3,420,2.6137087670314986e-27,84230,30,200,n,discreta_global,"(mu,lambda)",0.3
EE,potencias,3,421,3.8594916025105245e-27,84430,30,200,n,discreta_global,"(mu,lambda)",0.3
EE,potencias,3,422,2.3298252378430733e-27,84630,30,200,n,discreta_global,"(mu,lambda)",0.3
EE,potencias,3,423,3.132449836923458e-27,84830,30,200,n,discreta_global,"(mu,lambda)",0.3
EE,potencias,3,424,1.7293146784344422e-27,85030,30,200,n,discreta_global,"(mu,lambda)",0.3
EE,potencias,3,425,4.145711134817368e-27,85230,30,200,n,discreta_global,"(mu,lambda)",0.3
EE,potencias,3,426,1.90028715419634e-27,85430,30,200,n,discreta_global,"(mu,lambda)",0.3
EE,potencias,3,427,1.9804141013633416e-27,85630,30,200,n,discreta_global,"(mu,lambda)",0.3
EE,potencias,3,428,2.864246068808457e-27,85830,30,200,n,discreta_global,"(mu,lambda)",0.3
EE,potencias,3,429,3.854201021271202e-27,86030,30,200,n,discreta_global,"(mu,lambda)",0.3
EE,potencias,3,430,4.2594947523973534e-27,86230,30,200,n,discreta_global,"(mu,lambda)",0.3
EE,potencias,3,431,1.888965414271344e-27,86430,30,200,n,discreta_global,"(mu,lambda)",0.3
EE,potencias,3,432,1.8519250512749628e-27,86630,30,200,n,discreta_global,"(mu,lambda)",0.3
EE,potencias,3,433,1.7486363662840278e-27,86830,30,200,n,discreta_global,"(mu,lambda)",0.3
EE,potencias,3,434,2.0139239054865728e-27,87030,30,200,n,discreta_global,"(mu,lambda)",0.3
EE,potencias,3,435,1.8983445321636344e-27,87230,30,200,n,discreta_global,"(mu,lambda)",0.3
EE,potencias,3,436,1.8698848354874386e-27,87430,30,200,n,discreta_global,"(mu,lambda)",0.3
EE,potencias,3,437,1.7353026766327894e-27,87630,30,200,n,discreta_global,"(mu,lambda)",0.3
EE,potencias,3,438,1.7951398564938252e-27,87830,30,200,n,discreta_global,"(mu,lambda)",0.3
EE,potencias,3,439,1.9069631368871813e-27,88030,30,200,n,discreta_global,"(mu,lambda)",0.3
EE,potencias,3,440,1.862393696201519e-27,88230,30,200,n,discreta_global,"(mu,lambda)",0.3
EE,potencias,3,441,1.8639187274050117e-27,88430,30,200,n,discreta_global,"(mu,lambda)",0.3
EE,potencias,3,442,3.2817855756234824e-27,88630,30,200,n,discreta_global,"(mu,lambda)",0.3
EE,potencias,3,443,1.8858832487010524e-27,88830,30,200,n,discreta_global,"(mu,lambda)",0.3
EE,potencias,3,444,1.825028623991677e-27,89030,30,200,n,discreta_global,"(mu,lambda)",0.3
EE,potencias,3,445,1.8229487252002617e-27,89230,30,200,n,discreta_global,"(mu,lambda)",0.3
EE,potencias,3,446,1.9103324142925494e-27,89430,30,200,n,discreta_global,"(mu,lambda)",0.3
EE,potencias,3,447,1.850411848356217e-27,89630,30,200,n,discreta_global,"(mu,lambda)",0.3
EE,potencias,3,448,1.778167464655588e-27,89830,30,200,n,discreta_global,"(mu,lambda)",0.3
EE,potencias,3,449,3.197124383938439e-27,90030,30,200,n,discreta_global,"(mu,lambda)",0.3
EE,potencias,3,450,2.16699582252646e-27,90230,30,200,n,discreta_global,"(mu,lambda)",0.3
EE,potencias,3,451,2.286277492133795e-27,90430,30,200,n,discreta_global,"(mu,lambda)",0.3
EE,potencias,3,452,1.791047983316292e-27,90630,30,200,n,discreta_global,"(mu,lambda)",0.3
EE,potencias,3,453,2.387650227137826e-27,90830,30,200,n,discreta_global,"(mu,lambda)",0.3
EE,potencias,3,454,1.7813273737554543e-27,91030,30,200,n,discreta_global,"(mu,lambda)",0.3
EE,potencias,3,455,2.0822439168347666e-27,91230,30,200,n,discreta_global,"(mu,lambda)",0.3
EE,potencias,3,456,1.7635244427560877e-27,91430,30,200,n,discreta_global,"(mu,lambda)",0.3
EE,potencias,3,457,2.4171433725622374e-27,91630,30,200,n,discreta_global,"(mu,lambda)",0.3
EE,potencias,3,458,1.7804329056949827e-27,91830,30,200,n,discreta_global,"(mu,lambda)",0.3
EE,potencias,3,459,1.7648972784835823e-27,92030,30,200,n,discreta_global,"(mu,lambda)",0.3
EE,potencias,3,460,1.935385800823567e-27,92230,30,200,n,discreta_global,"(mu,lambda)",0.3
EE,potencias,3,461,1.889385848479183e-27,92430,30,200,n,discreta_global,"(mu,lambda)",0.3
EE,potencias,3,462,1.7621713577345255e-27,92630,30,200,n,discreta_global,"(mu,lambda)",0.3
EE,potencias,3,463,1.782695128402961e-27,92830,30,200,n,discreta_global,"(mu,lambda)",0.3
EE,potencias,3,464,1.8047719797940486e-27,93030,30,200,n,discreta_global,"(mu,lambda)",0.3
EE,potencias,3,465,2.2779044503537837e-27,93230,30,200,n,discreta_global,"(mu,lambda)",0.3
EE,potencias,3,466,2.8117973405918022e-27,93430,30,200,n,discreta_global,"(mu,lambda)",0.3
EE,potencias,3,467,1.8633984869542122e-27,93630,30,200,n,discreta_global,"(mu,lambda)",0.3
EE,potencias,3,468,1.7491529092539048e-27,93830,30,200,n,discreta_global,"(mu,lambda)",0.3
EE,potencias,3,469,1.834859762823476e-27,94030,30,200,n,discreta_global,"(mu,lambda)",0.3
EE,potencias,3,470,1.8443792286235256e-27,94230,30,200,n,discreta_global,"(mu,lambda)",0.3
EE,potencias,3,471,2.1998441713985938e-27,94430,30,200,n,discreta_global,"(mu,lambda)",0.3
EE,potencias,3,472,1.774502453166094e-27,94630,30,200,n,discreta_global,"(mu,lambda)",0.3
EE,potencias,3,473,1.7810039866281264e-27,94830,30,200,n,discreta_global,"(mu,lambda)",0.3
EE,potencias,3,474,1.9335419597615842e-27,95030,30,200,n,discreta_global,"(mu,lambda)",0.3
EE,potencias,3,475,1.832716430529496e-27,95230,30,200,n,discreta_global,"(mu,lambda)",0.3
EE,potencias,3,476,2.864012193220424e-27,95430,30,200,n,discreta_global,"(mu,lambda)",0.3
EE,potencias,3,477,2.1673537658888086e-27,95630,30,200,n,discreta_global,"(mu,lambda)",0.3
EE,potencias,3,478,2.6609280884319336e-27,95830,30,200,n,discreta_global,"(mu,lambda)",0.3
EE,potencias,3,479,2.9666231038693935e-27,96030,30,200,n,discreta_global,"(mu,lambda)",0.3
EE,potencias,3,480,1.8215671243673497e-27,96230,30,200,n,discreta_global,"(mu,lambda)",0.3
EE,potencias,3,481,2.1999697816157914e-27,96430,30,200,n,discreta_global,"(mu,lambda)",0.3
EE,potencias,3,482,1.850514850842601e-27,96630,30,200,n,discreta_global,"(mu,lambda)",0.3
EE,potencias,3,483,1.7992234580605004e-27,96830,30,200,n,discreta_global,"(mu,lambda)",0.3
EE,potencias,3,484,1.8886483765548118e-27,97030,30,200,n,discreta_global,"(mu,lambda)",0.3
EE,potencias,3,485,2.9441568470902117e-27,97230,30,200,n,discreta_global,"(mu,lambda)",0.3
EE,potencias,3,486,5.0469553132591745e-27,97430,30,200,n,discreta_global,"(mu,lambda)",0.3
EE,potencias,3,487,2.0661274852783546e-27,97630,30,200,n,discreta_global,"(mu,lambda)",0.3
EE,potencias,3,488,2.5334529872428976e-27,97830,30,200,n,discreta_global,"(mu,lambda)",0.3
EE,potencias,3,489,3.667903263806919e-27,98030,30,200,n,discreta_global,"(mu,lambda)",0.3
EE,potencias,3,490,2.5617376358283506e-27,98230,30,200,n,discreta_global,"(mu,lambda)",0.3
EE,potencias,3,491,4.697290485546451e-27,98430,30,200,n,discreta_global,"(mu,lambda)",0.3
EE,potencias,3,492,2.6525132930148407e-27,98630,30,200,n,discreta_global,"(mu,lambda)",0.3
EE,potencias,3,493,2.619873119316874e-27,98830,30,200,n,discreta_global,"(mu,lambda)",0.3
EE,potencias,3,494,2.9142065743056545e-27,99030,30,200,n,discreta_global,"(mu,lambda)",0.3
EE,potencias,3,495,3.1098289706977974e-27,99230,30,200,n,discreta_global,"(mu,lambda)",0.3
EE,potencias,3,496,2.9437243748226674e-27,99430,30,200,n,discreta_global,"(mu,lambda)",0.3
EE,potencias,3,497,2.5808867595295077e-27,99630,30,200,n,discreta_global,"(mu,lambda)",0.3
EE,potencias,3,498,2.798339888028937e-27,99830,30,200,n,discreta_global,"(mu,lambda)",0.3
EE,potencias,3,499,2.6022711614027627e-27,100030,30,200,n,discreta_global,"(mu,lambda)",0.3
EE,potencias,3,500,2.439781805015823e-27,100230,30,200,n,discreta_global,"(mu,lambda)",0.3
EE,potencias,3,501,2.41551063202686e-27,100430,30,200,n,discreta_global,"(mu,lambda)",0.3
EE,potencias,3,502,2.565982662473553e-27,100630,30,200,n,discreta_global,"(mu,lambda)",0.3
EE,potencias,3,503,2.5217994776358965e-27,100830,30,200,n,discreta_global,"(mu,lambda)",0.3
EE,potencias,3,504,2.4472759243003457e-27,101030,30,200,n,discreta_global,"(mu,lambda)",0.3
EE,potencias,3,505,2.3165154138339837e-27,101230,30,200,n,discreta_global,"(mu,lambda)",0.3
EE,potencias,3,506,2.012382989177955e-27,101430,30,200,n,discreta_global,"(mu,lambda)",0.3
EE,potencias,3,507,2.183922851751471e-27,101630,30,200,n,discreta_global,"(mu,lambda)",0.3
EE,potencias,3,508,2.0778029560868276e-27,101830,30,200,n,discreta_global,"(mu,lambda)",0.3
EE,potencias,3,509,2.4521168864751585e-27,102030,30,200,n,discreta_global,"(mu,lambda)",0.3
EE,potencias,3,510,2.3123222561225407e-27,102230,30,200,n,discreta_global,"(mu,lambda)",0.3
EE,potencias,3,511,2.5999030607332966e-27,102430,30,200,n,discreta_global,"(mu,lambda)",0.3
EE,potencias,3,512,2.4237819428786124e-27,102630,30,200,n,discreta_global,"(mu,lambda)",0.3
EE,potencias,3,513,3.7795467846337904e-27,102830,30,200,n,discreta_global,"(mu,lambda)",0.3
EE,potencias,3,514,2.458377646143107e-27,103030,30,200,n,discreta_global,"(mu,lambda)",0.3
EE,potencias,3,515,3.2245589734517763e-27,103230,30,200,n,discreta_global,"(mu,lambda)",0.3
EE,potencias,3,516,2.426405711132763e-27,103430,30,200,n,discreta_global,"(mu,lambda)",0.3
EE,potencias,3,517,2.4467151974101993e-27,103630,30,200,n,discreta_global,"(mu,lambda)",0.3
EE,potencias,3,518,2.204768468628057e-27,103830,30,200,n,discreta_global,"(mu,lambda)",0.3
EE,potencias,3,519,2.132283467652562e-27,104030,30,200,n,discreta_global,"(mu,lambda)",0.3
EE,potencias,3,520,2.6652230689266097e-27,104230,30,200,n,discreta_global,"(mu,lambda)",0.3
EE,potencias,3,521,2.9775083597953307e-27,104430,30,200,n,discreta_global,"(mu,lambda)",0.3
EE,potencias,3,522,2.785660403630493e-27,104630,30,200,n,discreta_global,"(mu,lambda)",0.3
EE,potencias,3,523,2.021855423055229e-27,104830,30,200,n,discreta_global,"(mu,lambda)",0.3
EE,potencias,3,524,2.7151236551214672e-27,105030,30,200,n,discreta_global,"(mu,lambda)",0.3
EE,potencias,3,525,2.40421510551244e-27,105230,30,200,n,discreta_global,"(mu,lambda)",0.3
EE,potencias,3,526,1.976366265432459e-27,105430,30,200,n,discreta_global,"(mu,lambda)",0.3
EE,potencias,3,527,2.1587847804779326e-27,105630,30,200,n,discreta_global,"(mu,lambda)",0.3
EE,potencias,3,528,2.6882792350787693e-27,105830,30,200,n,discreta_global,"(mu,lambda)",0.3
EE,potencias,3,529,2.827353604441211e-27,106030,30,200,n,discreta_global,"(mu,lambda)",0.3
EE,potencias,3,530,2.034380260311395e-27,106230,30,200,n,discreta_global,"(mu,lambda)",0.3
EE,potencias,3,531,2.0704014690101524e-27,106430,30,200,n,discreta_global,"(mu,lambda)",0.3
EE,potencias,3,532,2.3064281857210872e-27,106630,30,200,n,discreta_global,"(mu,lambda)",0.3
EE,potencias,3,533,2.165408296631625e-27,106830,30,200,n,discreta_global,"(mu,lambda)",0.3
EE,potencias,3,534,2.342129940693915e-27,107030,30,200,n,discreta_global,"(mu,lambda)",0.3
EE,potencias,3,535,2.8949161763536933e-27,107230,30,200,n,discreta_global,"(mu,lambda)",0.3
EE,potencias,3,536,2.7576386748489776e-27,107430,30,200,n,discreta_global,"(mu,lambda)",0.3
EE,potencias,3,537,1.9077439181323015e-27,107630,30,200,n,discreta_global,"(mu,lambda)",0.3
EE,potencias,3,538,2.0940778998076232e-27,107830,30,200,n,discreta_global,"(mu,lambda)",0.3
EE,potencias,3,539,2.027759681067656e-27,108030,30,200,n,discreta_global,"(mu,lambda)",0.3
EE,potencias,3,540,2.7376463161191242e-27,108230,30,200,n,discreta_global,"(mu,lambda)",0.3
EE,potencias,3,541,2.1308262878559263e-27,108430,30,200,n,discreta_global,"(mu,lambda)",0.3
EE,potencias,3,542,2.653692953977823e-27,108630,30,200,n,discreta_global,"(mu,lambda)",0.3
EE,potencias,3,543,2.1948228593867436e-27,108830,30,200,n,discreta_global,"(mu,lambda)",0.3
EE,potencias,3,544,2.0716186002205564e-27,109030,30,200,n,discreta_global,"(mu,lambda)",0.3
EE,potencias,3,545,4.38697698284867e-27,109230,30,200,n,discreta_global,"(mu,lambda)",0.3
EE,potencias,3,546,1.8454528009995215e-27,109430,30,200,n,discreta_global,"(mu,lambda)",0.3
EE,potencias,3,547,1.858674693714486e-27,109630,30,200,n,discreta_global,"(mu,lambda)",0.3
EE,potencias,3,548,1.7526062530939628e-27,109830,30,200,n,discreta_global,"(mu,lambda)",0.3
EE,potencias,3,549,1.9751307390717255e-27,110030,30,200,n,discreta_global,"(mu,lambda)",0.3
EE,potencias,3,550,2.4154569321350937e-27,110230,30,200,n,discreta_global,"(mu,lambda)",0.3
EE,potencias,3,551,1.7816336901347273e-27,110430,30,200,n,discreta_global,"(mu,lambda)",0.3
EE,potencias,3,552,2.1715487149567303e-27,110630,30,200,n,discreta_global,"(mu,lambda)",0.3
EE,potencias,3,553,1.9978422077339094e-27,110830,30,200,n,discreta_global,"(mu,lambda)",0.3
EE,potencias,3,554,2.0454765960457095e-27,111030,30,200,n,discreta_global,"(mu,lambda)",0.3
EE,potencias,3,555,1.8085371673025595e-27,111230,30,200,n,discreta_global,"(mu,lambda)",0.3
EE,potencias,3,556,1.9934740756582077e-27,111430,30,200,n,discreta_global,"(mu,lambda)",0.3
EE,potencias,3,557,2.5244021067248703e-27,111630,30,200,n,discreta_global,"(mu,lambda)",0.3
EE,potencias,3,558,1.8646825497166763e-27,111830,30,200,n,discreta_global,"(mu,lambda)",0.3
EE,potencias,3,559,3.250152447902798e-27,112030,30,200,n,discreta_global,"(mu,lambda)",0.3
EE,potencias,3,560,1.9159853226320774e-27,112230,30,200,n,discreta_global,"(mu,lambda)",0.3
EE,potencias,3,561,4.700532889479212e-27,112430,30,200,n,discreta_global,"(mu,lambda)",0.3
EE,potencias,3,562,1.7842832430273815e-27,112630,30,200,n,discreta_global,"(mu,lambda)",0.3
EE,potencias,3,563,3.572681969417143e-27,112830,30,200,n,discreta_global,"(mu,lambda)",0.3
EE,potencias,3,564,4.935274855491427e-27,113030,30,200,n,discreta_global,"(mu,lambda)",0.3
EE,potencias,3,565,5.93601320369572e-27,113230,30,200,n,discreta_global,"(mu,lambda)",0.3
EE,potencias,3,566,1.9616639446935156e-27,113430,30,200,n,discreta_global,"(mu,lambda)",0.3
EE,potencias,3,567,2.3767548480062597e-27,113630,30,200,n,discreta_global,"(mu,lambda)",0.3
EE,potencias,3,568,2.716873340198723e-27,113830,30,200,n,discreta_global,"(mu,lambda)",0.3
EE,potencias,3,569,3.27432072436162e-27,114030,30,200,n,discreta_global,"(mu,lambda)",0.3
EE,potencias,3,570,3.696462714603569e-27,114230,30,200,n,discreta_global,"(mu,lambda)",0.3
EE,potencias,3,571,3.6207321291528864e-27,114430,30,200,n,discreta_global,"(mu,lambda)",0.3
EE,potencias,3,572,3.964888638934057e-27,114630,30,200,n,discreta_global,"(mu,lambda)",0.3
EE,potencias,3,573,3.542067458062321e-27,114830,30,200,n,discreta_global,"(mu,lambda)",0.3
EE,potencias,3,574,2.43553667839581e-27,115030,30,200,n,discreta_global,"(mu,lambda)",0.3
EE,potencias,3,575,4.732550277434041e-27,115230,30,200,n,discreta_global,"(mu,lambda)",0.3
EE,potencias,3,576,2.5453878025077435e-27,115430,30,200,n,discreta_global,"(mu,lambda)",0.3
EE,potencias,3,577,3.532555149865583e-27,115630,30,200,n,discreta_global,"(mu,lambda)",0.3
EE,potencias,3,578,5.634550227027803e-27,115830,30,200,n,discreta_global,"(mu,lambda)",0.3
EE,potencias,3,579,4.46911815176443e-27,116030,30,200,n,discreta_global,"(mu,lambda)",0.3
EE,potencias,3,580,2.1235376993296477e-27,116230,30,200,n,discreta_global,"(mu,lambda)",0.3
EE,potencias,3,581,2.498462333096922e-27,116430,30,200,n,discreta_global,"(mu,lambda)",0.3
EE,potencias,3,582,5.131515230830979e-27,116630,30,200,n,discreta_global,"(mu,lambda)",0.3
EE,potencias,3,583,5.7550667127089695e-27,116830,30,200,n,discreta_global,"(mu,lambda)",0.3
EE,potencias,3,584,4.7814940110309394e-27,117030,30,200,n,discreta_global,"(mu,lambda)",0.3
EE,potencias,3,585,4.046501543996265e-27,117230,30,200,n,discreta_global,"(mu,lambda)",0.3
EE,potencias,3,586,2.5060299176393265e-27,117430,30,200,n,discreta_global,"(mu,lambda)",0.3
EE,potencias,3,587,3.2249041663689527e-27,117630,30,200,n,discreta_global,"(mu,lambda)",0.3
EE,potencias,3,588,2.5654360147055158e-27,117830,30,200,n,discreta_global,"(mu,lambda)",0.3
EE,potencias,3,589,2.599122679227424e-27,118030,30,200,n,discreta_global,"(mu,lambda)",0.3
EE,potencias,3,590,2.909565242963397e-27,118230,30,200,n,discreta_global,"(mu,lambda)",0.3
EE,potencias,3,591,2.8467335544782012e-27,118430,30,200,n,discreta_global,"(mu,lambda)",0.3
EE,potencias,3,592,3.1338393919969422e-27,118630,30,200,n,discreta_global,"(mu,lambda)",0.3
EE,potencias,3,593,3.8172315187162556e-27,118830,30,200,n,discreta_global,"(mu,lambda)",0.3
EE,potencias,3,594,3.565303729932611e-27,119030,30,200,n,discreta_global,"(mu,lambda)",0.3
EE,potencias,3,595,2.9015874177253957e-27,119230,30,200,n,discreta_global,"(mu,lambda)",0.3
EE,potencias,3,596,2.6713081053055077e-27,119430,30,200,n,discreta_global,"(mu,lambda)",0.3
EE,potencias,3,597,3.7950669208422714e-27,119630,30,200,n,discreta_global,"(mu,lambda)",0.3
EE,potencias,3,598,1.8434199507796444e-27,119830,30,200,n,discreta_global,"(mu,lambda)",0.3
EE,potencias,3,599,1.902489234829159e-27,120030,30,200,n,discreta_global,"(mu,lambda)",0.3
EE,potencias,3,600,2.5489028907623738e-27,120230,30,200,n,discreta_global,"(mu,lambda)",0.3
EE,potencias,3,601,1.8674312147468812e-27,120430,30,200,n,discreta_global,"(mu,lambda)",0.3
EE,potencias,3,602,2.915846229676367e-27,120630,30,200,n,discreta_global,"(mu,lambda)",0.3
EE,potencias,3,603,2.3471379985236625e-27,120830,30,200,n,discreta_global,"(mu,lambda)",0.3
EE,potencias,3,604,2.8965552977669365e-27,121030,30,200,n,discreta_global,"(mu,lambda)",0.3
EE,potencias,3,605,2.9552396074914064e-27,121230,30,200,n,discreta_global,"(mu,lambda)",0.3
EE,potencias,3,606,3.8090053970068315e-27,121430,30,200,n,discreta_global,"(mu,lambda)",0.3
EE,potencias,3,607,4.321632314169113e-27,121630,30,200,n,discreta_global,"(mu,lambda)",0.3
EE,potencias,3,608,2.8789123702979496e-27,121830,30,200,n,discreta_global,"(mu,lambda)",0.3
EE,potencias,3,609,3.425026579899384e-27,122030,30,200,n,discreta_global,"(mu,lambda)",0.3
EE,potencias,3,610,1.5722359263078163e-27,122230,30,200,n,discreta_global,"(mu,lambda)",0.3
EE,potencias,3,611,3.298948242374109e-27,122430,30,200,n,discreta_global,"(mu,lambda)",0.3
EE,potencias,3,612,2.1390031212994802e-27,122630,30,200,n,discreta_global,"(mu,lambda)",0.3
EE,potencias,3,613,3.431272246869478e-27,122830,30,200,n,discreta_global,"(mu,lambda)",0.3
EE,potencias,3,614,5.499406130719367e-27,123030,30,200,n,discreta_global,"(mu,lambda)",0.3
EE,potencias,3,615,3.029344722285091e-27,123230,30,200,n,discreta_global,"(mu,lambda)",0.3
EE,potencias,3,616,1.5744893563042294e-27,123430,30,200,n,discreta_global,"(mu,lambda)",0.3
EE,potencias,3,617,1.5007155517264661e-27,123630,30,200,n,discreta_global,"(mu,lambda)",0.3
EE,potencias,3,618,2.4436468082762087e-27,123830,30,200,n,discreta_global,"(mu,lambda)",0.3
EE,potencias,3,619,1.5117230390251914e-27,124030,30,200,n,discreta_global,"(mu,lambda)",0.3
EE,potencias,3,620,3.1369823851415186e-27,124230,30,200,n,discreta_global,"(mu,lambda)",0.3
EE,potencias,3,621,3.186565686051468e-27,124430,30,200,n,discreta_global,"(mu,lambda)",0.3
EE,potencias,3,622,2.8781453928100982e-27,124630,30,200,n,discreta_global,"(mu,lambda)",0.3
EE,potencias,3,623,2.9010844865526278e-27,124830,30,200,n,discreta_global,"(mu,lambda)",0.3
EE,potencias,3,624,2.0566455825623547e-27,125030,30,200,n,discreta_global,"(mu,lambda)",0.3
EE,potencias,3,625,2.413745154580423e-27,125230,30,200,n,discreta_global,"(mu,lambda)",0.3
EE,potencias,3,626,2.1656847364185892e-27,125430,30,200,n,discreta_global,"(mu,lambda)",0.3
EE,potencias,3,627,5.824481845503743e-27,125630,30,200,n,discreta_global,"(mu,lambda)",0.3
EE,potencias,3,628,1.561646431336604e-27,125830,30,200,n,discreta_global,"(mu,lambda)",0.3
EE,potencias,3,629,1.6045505094133989e-27,126030,30,200,n,discreta_global,"(mu,lambda)",0.3
EE,potencias,3,630,2.7518417861467752e-27,126230,30,200,n,discreta_global,"(mu,lambda)",0.3
EE,potencias,3,631,4.4961447977564274e-27,126430,30,200,n,discreta_global,"(mu,lambda)",0.3
EE,potencias,3,632,1.8141851849358728e-27,126630,30,200,n,discreta_global,"(mu,lambda)",0.3
EE,potencias,3,633,1.7865947570028918e-27,126830,30,200,n,discreta_global,"(mu,lambda)",0.3
EE,potencias,3,634,1.9338076788641443e-27,127030,30,200,n,discreta_global,"(mu,lambda)",0.3
EE,potencias,3,635,3.308232878553879e-27,127230,30,200,n,discreta_global,"(mu,lambda)",0.3
EE,potencias,3,636,2.150203737887542e-27,127430,30,200,n,discreta_global,"(mu,lambda)",0.3
EE,potencias,3,637,1.9294427923978167e-27,127630,30,200,n,discreta_global,"(mu,lambda)",0.3
EE,potencias,3,638,2.0780958749775512e-27,127830,30,200,n,discreta_global,"(mu,lambda)",0.3
EE,potencias,3,639,2.7363790998587604e-27,128030,30,200,n,discreta_global,"(mu,lambda)",0.3
EE,potencias,3,640,2.1737442087431952e-27,128230,30,200,n,discreta_global,"(mu,lambda)",0.3
EE,potencias,3,641,2.1532572430933715e-27,128430,30,200,n,discreta_global,"(mu,lambda)",0.3
EE,potencias,3,642,2.257777310971979e-27,128630,30,200,n,discreta_global,"(mu,lambda)",0.3
EE,potencias,3,643,2.4418297649157235e-27,128830,30,200,n,discreta_global,"(mu,lambda)",0.3
EE,potencias,3,644,3.151259766149067e-27,129030,30,200,n,discreta_global,"(mu,lambda)",0.3
EE,potencias,3,645,2.153565877980059e-27,129230,30,200,n,discreta_global,"(mu,lambda)",0.3
EE,potencias,3,646,2.0845809465789616e-27,129430,30,200,n,discreta_global,"(mu,lambda)",0.3
EE,potencias,3,647,1.7539154036722935e-27,129630,30,200,n,discreta_global,"(mu,lambda)",0.3
EE,potencias,3,648,2.7314827379608058e-27,129830,30,200,n,discreta_global,"(mu,lambda)",0.3
EE,potencias,3,649,2.4629315848306263e-27,130030,30,200,n,discreta_global,"(mu,lambda)",0.3
EE,potencias,3,650,1.880978651733388e-27,130230,30,200,n,discreta_global,"(mu,lambda)",0.3
EE,potencias,3,651,2.0968564469558153e-27,130430,30,200,n,discreta_global,"(mu,lambda)",0.3
EE,potencias,3,652,1.810195714285815e-27,130630,30,200,n,discreta_global,"(mu,lambda)",0.3
EE,potencias,3,653,1.9300867079294832e-27,130830,30,200,n,discreta_global,"(mu,lambda)",0.3
EE,potencias,3,654,1.9008477664947604e-27,131030,30,200,n,discreta_global,"(mu,lambda)",0.3
EE,potencias,3,655,2.406344439288625e-27,131230,30,200,n,discreta_global,"(mu,lambda)",0.3
EE,potencias,3,656,2.2556737267245137e-27,131430,30,200,n,discreta_global,"(mu,lambda)",0.3
EE,potencias,3,657,2.3359810225817546e-27,131630,30,200,n,discreta_global,"(mu,lambda)",0.3
EE,potencias,3,658,1.861070941878204e-27,131830,30,200,n,discreta_global,"(mu,lambda)",0.3
EE,potencias,3,659,2.072579596748813e-27,132030,30,200,n,discreta_global,"(mu,lambda)",0.3
EE,potencias,3,660,1.7845087523027887e-27,132230,30,200,n,discreta_global,"(mu,lambda)",0.3
EE,potencias,3,661,1.8611990234217473e-27,132430,30,200,n,discreta_global,"(mu,lambda)",0.3
EE,potencias,3,662,1.9666595727411837e-27,132630,30,200,n,discreta_global,"(mu,lambda)",0.3
EE,potencias,3,663,1.9096833491382494e-27,132830,30,200,n,discreta_global,"(mu,lambda)",0.3
EE,potencias,3,664,1.9215049778400743e-27,133030,30,200,n,discreta_global,"(mu,lambda)",0.3
EE,potencias,3,665,2.1112597959087464e-27,133230,30,200,n,discreta_global,"(mu,lambda)",0.3
EE,potencias,3,666,4.039613245517147e-27,133430,30,200,n,discreta_global,"(mu,lambda)",0.3
EE,potencias,3,667,1.943788867072344e-27,133630,30,200,n,discreta_global,"(mu,lambda)",0.3
EE,potencias,3,668,2.6081595404313765e-27,133830,30,200,n,discreta_global,"(mu,lambda)",0.3
EE,potencias,3,669,1.887011617611303e-27,134030,30,200,n,discreta_global,"(mu,lambda)",0.3
EE,potencias,3,670,1.9177361007714048e-27,134230,30,200,n,discreta_global,"(mu,lambda)",0.3
EE,potencias,3,671,2.2453138644019546e-27,134430,30,200,n,discreta_global,"(mu,lambda)",0.3
EE,potencias,3,672,1.9046039498624007e-27,134630,30,200,n,discreta_global,"(mu,lambda)",0.3
EE,potencias,3,673,2.2131122844823937e-27,134830,30,200,n,discreta_global,"(mu,lambda)",0.3
EE,potencias,3,674,1.8103923757172877e-27,135030,30,200,n,discreta_global,"(mu,lambda)",0.3
EE,potencias,3,675,6.19390047584355e-27,135230,30,200,n,discreta_global,"(mu,lambda)",0.3
EE,potencias,3,676,1.9085122154440437e-27,135430,30,200,n,discreta_global,"(mu,lambda)",0.3
EE,potencias,3,677,2.2327568252422694e-27,135630,30,200,n,discreta_global,"(mu,lambda)",0.3
EE,potencias,3,678,2.091813296648322e-27,135830,30,200,n,discreta_global,"(mu,lambda)",0.3
EE,potencias,3,679,2.5203302794421077e-27,136030,30,200,n,discreta_global,"(mu,lambda)",0.3
EE,potencias,3,680,2.096513441073559e-27,136230,30,200,n,discreta_global,"(mu,lambda)",0.3
EE,potencias,3,681,2.325862711207296e-27,136430,30,200,n,discreta_global,"(mu,lambda)",0.3
EE,potencias,3,682,2.0011591616855634e-27,136630,30,200,n,discreta_global,"(mu,lambda)",0.3
EE,potencias,3,683,1.8028682934113974e-27,136830,30,200,n,discreta_global,"(mu,lambda)",0.3
EE,potencias,3,684,2.254965901755251e-27,137030,30,200,n,discreta_global,"(mu,lambda)",0.3
EE,potencias,3,685,2.1909593527829318e-27,137230,30,200,n,discreta_global,"(mu,lambda)",0.3
EE,potencias,3,686,1.747450788455952e-27,137430,30,200,n,discreta_global,"(mu,lambda)",0.3
EE,potencias,3,687,1.8493110692105696e-27,137630,30,200,n,discreta_global,"(mu,lambda)",0.3
EE,potencias,3,688,2.0377930810948946e-27,137830,30,200,n,discreta_global,"(mu,lambda)",0.3
EE,potencias,3,689,1.8358143890769838e-27,138030,30,200,n,discreta_global,"(mu,lambda)",0.3
EE,potencias,3,690,1.7771028800143096e-27,138230,30,200,n,discreta_global,"(mu,lambda)",0.3
EE,potencias,3,691,1.894178566761306e-27,138430,30,200,n,discreta_global,"(mu,lambda)",0.3
EE,potencias,3,692,2.382526410566091e-27,138630,30,200,n,discreta_global,"(mu,lambda)",0.3
EE,potencias,3,693,2.0930763164019146e-27,138830,30,200,n,discreta_global,"(mu,lambda)",0.3
EE,potencias,3,694,2.08887730785318e-27,139030,30,200,n,discreta_global,"(mu,lambda)",0.3
EE,potencias,3,695,1.7955626145226676e-27,139230,30,200,n,discreta_global,"(mu,lambda)",0.3
EE,potencias,3,696,1.894292889654969e-27,139430,30,200,n,discreta_global,"(mu,lambda)",0.3
EE,potencias,3,697,2.2099441095114573e-27,139630,30,200,n,discreta_global,"(mu,lambda)",0.3
EE,potencias,3,698,2.216796612481292e-27,139830,30,200,n,discreta_global,"(mu,lambda)",0.3
EE,potencias,3,699,1.7661528411685066e-27,140030,30,200,n,discreta_global,"(mu,lambda)",0.3
EE,potencias,3,700,2.2293088477298116e-27,140230,30,200,n,discreta_global,"(mu,lambda)",0.3
EE,potencias,3,701,2.9038312576614212e-27,140430,30,200,n,discreta_global,"(mu,lambda)",0.3
EE,potencias,3,702,1.8054255191633816e-27,140630,30,200,n,discreta_global,"(mu,lambda)",0.3
EE,potencias,3,703,2.030270187621779e-27,140830,30,200,n,discreta_global,"(mu,lambda)",0.3
EE,potencias,3,704,1.9844804417482547e-27,141030,30,200,n,discreta_global,"(mu,lambda)",0.3
EE,potencias,3,705,3.0950310546093087e-27,141230,30,200,n,discreta_global,"(mu,lambda)",0.3
EE,potencias,3,706,1.9673842146921586e-27,141430,30,200,n,discreta_global,"(mu,lambda)",0.3
EE,potencias,3,707,2.97627078378962e-27,141630,30,200,n,discreta_global,"(mu,lambda)",0.3
EE,potencias,3,708,3.157206499049777e-27,141830,30,200,n,discreta_global,"(mu,lambda)",0.3
EE,potencias,3,709,3.2442592644738806e-27,142030,30,200,n,discreta_global,"(mu,lambda)",0.3
EE,potencias,3,710,2.23396437620718e-27,142230,30,200,n,discreta_global,"(mu,lambda)",0.3
EE,potencias,3,711,2.8928640264959456e-27,142430,30,200,n,discreta_global,"(mu,lambda)",0.3
EE,potencias,3,712,2.370259391770011e-27,142630,30,200,n,discreta_global,"(mu,lambda)",0.3
EE,potencias,3,713,2.9900060869063244e-27,142830,30,200,n,discreta_global,"(mu,lambda)",0.3
EE,potencias,3,714,2.8927521349770173e-27,143030,30,200,n,discreta_global,"(mu,lambda)",0.3
EE,potencias,3,715,1.9516672843843976e-27,143230,30,200,n,discreta_global,"(mu,lambda)",0.3
EE,potencias,3,716,2.1445382369095845e-27,143430,30,200,n,discreta_global,"(mu,lambda)",0.3
EE,potencias,3,717,3.391712778786279e-27,143630,30,200,n,discreta_global,"(mu,lambda)",0.3
EE,potencias,3,718,2.113434859955464e-27,143830,30,200,n,discreta_global,"(mu,lambda)",0.3
EE,potencias,3,719,2.946292032851076e-27,144030,30,200,n,discreta_global,"(mu,lambda)",0.3
EE,potencias,3,720,2.8779480738822948e-27,144230,30,200,n,discreta_global,"(mu,lambda)",0.3
EE,potencias,3,721,3.1416330246170605e-27,144430,30,200,n,discreta_global,"(mu,lambda)",0.3
EE,potencias,3,722,2.2057191294076857e-27,144630,30,200,n,discreta_global,"(mu,lambda)",0.3
EE,potencias,3,723,2.7673603862720444e-27,144830,30,200,n,discreta_global,"(mu,lambda)",0.3
EE,potencias,3,724,2.8879972982598058e-27,145030,30,200,n,discreta_global,"(mu,lambda)",0.3
EE,potencias,3,725,2.6599663388303134e-27,145230,30,200,n,discreta_global,"(mu,lambda)",0.3
EE,potencias,3,726,2.278703910279079e-27,145430,30,200,n,discreta_global,"(mu,lambda)",0.3
EE,potencias,3,727,1.7555583668493633e-27,145630,30,200,n,discreta_global,"(mu,lambda)",0.3
EE,potencias,3,728,2.8326161254646678e-27,145830,30,200,n,discreta_global,"(mu,lambda)",0.3
EE,potencias,3,729,2.2777893721944852e-27,146030,30,200,n,discreta_global,"(mu,lambda)",0.3
EE,potencias,3,730,2.8855100748625285e-27,146230,30,200,n,discreta_global,"(mu,lambda)",0.3
EE,potencias,3,731,3.102038373310192e-27,146430,30,200,n,discreta_global,"(mu,lambda)",0.3
EE,potencias,3,732,2.966721948458799e-27,146630,30,200,n,discreta_global,"(mu,lambda)",0.3
EE,potencias,3,733,2.9727297612958234e-27,146830,30,200,n,discreta_global,"(mu,lambda)",0.3
EE,potencias,3,734,3.150036205573284e-27,147030,30,200,n,discreta_global,"(mu,lambda)",0.3
EE,potencias,3,735,2.8913703791068044e-27,147230,30,200,n,discreta_global,"(mu,lambda)",0.3
EE,potencias,3,736,3.928356484590999e-27,147430,30,200,n,discreta_global,"(mu,lambda)",0.3
EE,potencias,3,737,2.6878729388401917e-27,147630,30,200,n,discreta_global,"(mu,lambda)",0.3
EE,potencias,3,738,2.7883882950207243e-27,147830,30,200,n,discreta_global,"(mu,lambda)",0.3
EE,potencias,3,739,3.460091555596892e-27,148030,30,200,n,discreta_global,"(mu,lambda)",0.3
EE,potencias,3,740,2.9759032147753087e-27,148230,30,200,n,discreta_global,"(mu,lambda)",0.3
EE,potencias,3,741,2.9988574590822873e-27,148430,30,200,n,discreta_global,"(mu,lambda)",0.3
EE,potencias,3,742,2.805691432057588e-27,148630,30,200,n,discreta_global,"(mu,lambda)",0.3
EE,potencias,3,743,2.4007352142756112e-27,148830,30,200,n,discreta_global,"(mu,lambda)",0.3
EE,potencias,3,744,2.4596988230871995e-27,149030,30,200,n,discreta_global,"(mu,lambda)",0.3
EE,potencias,3,745,3.266087397904908e-27,149230,30,200,n,discreta_global,"(mu,lambda)",0.3
EE,potencias,3,746,2.6178413290098584e-27,149430,30,200,n,discreta_global,"(mu,lambda)",0.3
EE,potencias,3,747,2.6468090187291732e-27,149630,30,200,n,discreta_global,"(mu,lambda)",0.3
EE,potencias,3,748,2.70823420544998e-27,149830,30,200,n,discreta_global,"(mu,lambda)",0.3
EE,potencias,3,749,2.9684057447062328e-27,150030,30,200,n,discreta_global,"(mu,lambda)",0.3
EE,potencias,3,750,3.117973687165662e-27,150230,30,200,n,discreta_global,"(mu,lambda)",0.3
EE,potencias,3,751,2.7183415144843836e-27,150430,30,200,n,discreta_global,"(mu,lambda)",0.3
EE,potencias,3,752,2.9927671591114782e-27,150630,30,200,n,discreta_global,"(mu,lambda)",0.3
EE,potencias,3,753,3.528970111480478e-27,150830,30,200,n,discreta_global,"(mu,lambda)",0.3
EE,potencias,3,754,2.288639181865052e-27,151030,30,200,n,discreta_global,"(mu,lambda)",0.3
EE,potencias,3,755,3.0099339375329323e-27,151230,30,200,n,discreta_global,"(mu,lambda)",0.3
EE,potencias,3,756,2.6028515448100646e-27,151430,30,200,n,discreta_global,"(mu,lambda)",0.3
EE,potencias,3,757,2.88740640004939e-27,151630,30,200,n,discreta_global,"(mu,lambda)",0.3
EE,potencias,3,758,2.1912688537034495e-27,151830,30,200,n,discreta_global,"(mu,lambda)",0.3
EE,potencias,3,759,3.0730008711789418e-27,152030,30,200,n,discreta_global,"(mu,lambda)",0.3
EE,potencias,3,760,2.6914585627448984e-27,152230,30,200,n,discreta_global,"(mu,lambda)",0.3
EE,potencias,3,761,3.11065211564131e-27,152430,30,200,n,discreta_global,"(mu,lambda)",0.3
EE,potencias,3,762,2.5203713549224656e-27,152630,30,200,n,discreta_global,"(mu,lambda)",0.3
EE,potencias,3,763,2.3291131252618486e-27,152830,30,200,n,discreta_global,"(mu,lambda)",0.3
EE,potencias,3,764,2.3613108852129408e-27,153030,30,200,n,discreta_global,"(mu,lambda)",0.3
EE,potencias,3,765,2.1826618831450282e-27,153230,30,200,n,discreta_global,"(mu,lambda)",0.3
EE,potencias,3,766,2.2186649479362194e-27,153430,30,200,n,discreta_global,"(mu,lambda)",0.3
EE,potencias,3,767,2.233375534518915e-27,153630,30,200,n,discreta_global,"(mu,lambda)",0.3
EE,potencias,3,768,3.1350194300092657e-27,153830,30,200,n,discreta_global,"(mu,lambda)",0.3
EE,potencias,3,769,2.7044677566735778e-27,154030,30,200,n,discreta_global,"(mu,lambda)",0.3
EE,potencias,3,770,3.412294351230839e-27,154230,30,200,n,discreta_global,"(mu,lambda)",0.3
EE,potencias,3,771,2.239318090837604e-27,154430,30,200,n,discreta_global,"(mu,lambda)",0.3
EE,potencias,3,772,3.090111353058937e-27,154630,30,200,n,discreta_global,"(mu,lambda)",0.3
EE,potencias,3,773,3.355587421340297e-27,154830,30,200,n,discreta_global,"(mu,lambda)",0.3
EE,potencias,3,774,2.159732206656028e-27,155030,30,200,n,discreta_global,"(mu,lambda)",0.3
EE,potencias,3,775,2.1678849917419628e-27,155230,30,200,n,discreta_global,"(mu,lambda)",0.3
EE,potencias,3,776,3.116565381969527e-27,155430,30,200,n,discreta_global,"(mu,lambda)",0.3
EE,potencias,3,777,2.1465904393138776e-27,155630,30,200,n,discreta_global,"(mu,lambda)",0.3
EE,potencias,3,778,2.8503460253978677e-27,155830,30,200,n,discreta_global,"(mu,lambda)",0.3
EE,potencias,3,779,2.9050957554705804e-27,156030,30,200,n,discreta_global,"(mu,lambda)",0.3
EE,potencias,3,780,2.7159923282093085e-27,156230,30,200,n,discreta_global,"(mu,lambda)",0.3
EE,potencias,3,781,2.8091478195704187e-27,156430,30,200,n,discreta_global,"(mu,lambda)",0.3
EE,potencias,3,782,2.721225935489787e-27,156630,30,200,n,discreta_global,"(mu,lambda)",0.3
EE,potencias,3,783,2.2033918205641694e-27,156830,30,200,n,discreta_global,"(mu,lambda)",0.3
EE,potencias,3,784,2.784428735047591e-27,157030,30,200,n,discreta_global,"(mu,lambda)",0.3
EE,potencias,3,785,2.432315647491188e-27,157230,30,200,n,discreta_global,"(mu,lambda)",0.3
EE,potencias,3,786,2.1632864084954877e-27,157430,30,200,n,discreta_global,"(mu,lambda)",0.3
EE,potencias,3,787,2.2004579586747147e-27,157630,30,200,n,discreta_global,"(mu,lambda)",0.3
EE,potencias,3,788,2.6324620035926695e-27,157830,30,200,n,discreta_global,"(mu,lambda)",0.3
EE,potencias,3,789,2.2156821203987443e-27,158030,30,200,n,discreta_global,"(mu,lambda)",0.3
EE,potencias,3,790,2.756759453383662e-27,158230,30,200,n,discreta_global,"(mu,lambda)",0.3
EE,potencias,3,791,2.6226594641346666e-27,158430,30,200,n,discreta_global,"(mu,lambda)",0.3
EE,potencias,3,792,3.632396441941391e-27,158630,30,200,n,discreta_global,"(mu,lambda)",0.3
EE,potencias,3,793,2.6674988898115272e-27,158830,30,200,n,discreta_global,"(mu,lambda)",0.3
EE,potencias,3,794,2.5379633058954644e-27,159030,30,200,n,discreta_global,"(mu,lambda)",0.3
EE,potencias,3,795,2.6502354280007684e-27,159230,30,200,n,discreta_global,"(mu,lambda)",0.3
EE,potencias,3,796,2.206772905795731e-27,159430,30,200,n,discreta_global,"(mu,lambda)",0.3
EE,potencias,3,797,2.290089304288504e-27,159630,30,200,n,discreta_global,"(mu,lambda)",0.3
EE,potencias,3,798,2.675843432576762e-27,159830,30,200,n,discreta_global,"(mu,lambda)",0.3
EE,potencias,3,799,2.660543512294433e-27,160030,30,200,n,discreta_global,"(mu,lambda)",0.3
EE,potencias,3,800,2.708259886970793e-27,160230,30,200,n,discreta_global,"(mu,lambda)",0.3
EE,potencias,3,801,2.4044015965225465e-27,160430,30,200,n,discreta_global,"(mu,lambda)",0.3
EE,potencias,3,802,2.8798873561302484e-27,160630,30,200,n,discreta_global,"(mu,lambda)",0.3
EE,potencias,3,803,2.5671261389138237e-27,160830,30,200,n,discreta_global,"(mu,lambda)",0.3
EE,potencias,3,804,2.710679989846846e-27,161030,30,200,n,discreta_global,"(mu,lambda)",0.3
EE,potencias,3,805,2.6809730909834704e-27,161230,30,200,n,discreta_global,"(mu,lambda)",0.3
EE,potencias,3,806,2.722828582744371e-27,161430,30,200,n,discreta_global,"(mu,lambda)",0.3
EE,potencias,3,807,2.6751218975431204e-27,161630,30,200,n,discreta_global,"(mu,lambda)",0.3
EE,potencias,3,808,3.379098506080243e-27,161830,30,200,n,discreta_global,"(mu,lambda)",0.3
EE,potencias,3,809,3.146019998947146e-27,162030,30,200,n,discreta_global,"(mu,lambda)",0.3
EE,potencias,3,810,2.8183506028979607e-27,162230,30,200,n,discreta_global,"(mu,lambda)",0.3
EE,potencias,3,811,2.8833885351604954e-27,162430,30,200,n,discreta_global,"(mu,lambda)",0.3
EE,potencias,3,812,3.0985290819477847e-27,162630,30,200,n,discreta_global,"(mu,lambda)",0.3
EE,potencias,3,813,2.8325881827495513e-27,162830,30,200,n,discreta_global,"(mu,lambda)",0.3
EE,potencias,3,814,3.487287114586241e-27,163030,30,200,n,discreta_global,"(mu,lambda)",0.3
EE,potencias,3,815,2.965280658701184e-27,163230,30,200,n,discreta_global,"(mu,lambda)",0.3
EE,potencias,3,816,2.7538587263323904e-27,163430,30,200,n,discreta_global,"(mu,lambda)",0.3
EE,potencias,3,817,2.742527911324772e-27,163630,30,200,n,discreta_global,"(mu,lambda)",0.3
EE,potencias,3,818,2.750178888409383e-27,163830,30,200,n,discreta_global,"(mu,lambda)",0.3
EE,potencias,3,819,2.81487298432646e-27,164030,30,200,n,discreta_global,"(mu,lambda)",0.3
EE,potencias,3,820,3.0262387228148967e-27,164230,30,200,n,discreta_global,"(mu,lambda)",0.3
EE,potencias,3,821,3.0245567564139866e-27,164430,30,200,n,discreta_global,"(mu,lambda)",0.3
EE,potencias,3,822,2.6798926208050983e-27,164630,30,200,n,discreta_global,"(mu,lambda)",0.3
EE,potencias,3,823,3.701600658112446e-27,164830,30,200,n,discreta_global,"(mu,lambda)",0.3
EE,potencias,3,824,2.7574098639147504e-27,165030,30,200,n,discreta_global,"(mu,lambda)",0.3
EE,potencias,3,825,2.6050322810206786e-27,165230,30,200,n,discreta_global,"(mu,lambda)",0.3
EE,potencias,3,826,2.617497220734358e-27,165430,30,200,n,discreta_global,"(mu,lambda)",0.3
EE,potencias,3,827,2.7284165578551038e-27,165630,30,200,n,discreta_global,"(mu,lambda)",0.3
EE,potencias,3,828,2.1349926782301907e-27,165830,30,200,n,discreta_global,"(mu,lambda)",0.3
EE,potencias,3,829,2.566822314503292e-27,166030,30,200,n,discreta_global,"(mu,lambda)",0.3
EE,potencias,3,830,2.8381929273761158e-27,166230,30,200,n,discreta_global,"(mu,lambda)",0.3
EE,potencias,3,831,2.513202648457353e-27,166430,30,200,n,discreta_global,"(mu,lambda)",0.3
EE,potencias,3,832,2.828774172776257e-27,166630,30,200,n,discreta_global,"(mu,lambda)",0.3
EE,potencias,3,833,2.7699476385487574e-27,166830,30,200,n,discreta_global,"(mu,lambda)",0.3
EE,potencias,3,834,2.6929815075541087e-27,167030,30,200,n,discreta_global,"(mu,lambda)",0.3
EE,potencias,3,835,2.9030837710592367e-27,167230,30,200,n,discreta_global,"(mu,lambda)",0.3
EE,potencias,3,836,2.6282616978590267e-27,167430,30,200,n,discreta_global,"(mu,lambda)",0.3
EE,potencias,3,837,1.8616357995601272e-27,167630,30,200,n,discreta_global,"(mu,lambda)",0.3
EE,potencias,3,838,1.911689859827712e-27,167830,30,200,n,discreta_global,"(mu,lambda)",0.3
EE,potencias,3,839,2.0141384082819112e-27,168030,30,200,n,discreta_global,"(mu,lambda)",0.3
EE,potencias,3,840,2.456210162352472e-27,168230,30,200,n,discreta_global,"(mu,lambda)",0.3
EE,potencias,3,841,1.9277419166002723e-27,168430,30,200,n,discreta_global,"(mu,lambda)",0.3
EE,potencias,3,842,2.0713598472683343e-27,168630,30,200,n,discreta_global,"(mu,lambda)",0.3
EE,potencias,3,843,2.1719167355457964e-27,168830,30,200,n,discreta_global,"(mu,lambda)",0.3
EE,potencias,3,844,2.1448630468617953e-27,169030,30,200,n,discreta_global,"(mu,lambda)",0.3
EE,potencias,3,845,3.0799560244629508e-27,169230,30,200,n,discreta_global,"(mu,lambda)",0.3
EE,potencias,3,846,2.155936716115767e-27,169430,30,200,n,discreta_global,"(mu,lambda)",0.3
EE,potencias,3,847,2.7054628335001516e-27,169630,30,200,n,discreta_global,"(mu,lambda)",0.3
EE,potencias,3,848,1.8025539037332948e-27,169830,30,200,n,discreta_global,"(mu,lambda)",0.3
EE,potencias,3,849,2.5457639522493467e-27,170030,30,200,n,discreta_global,"(mu,lambda)",0.3
EE,potencias,3,850,2.119167017876339e-27,170230,30,200,n,discreta_global,"(mu,lambda)",0.3
EE,potencias,3,851,2.718122893483693e-27,170430,30,200,n,discreta_global,"(mu,lambda)",0.3
EE,potencias,3,852,2.192109812431356e-27,170630,30,200,n,discreta_global,"(mu,lambda)",0.3
EE,potencias,3,853,1.961729457604362e-27,170830,30,200,n,discreta_global,"(mu,lambda)",0.3
EE,potencias,3,854,2.4615073932320354e-27,171030,30,200,n,discreta_global,"(mu,lambda)",0.3
EE,potencias,3,855,2.0988857728634416e-27,171230,30,200,n,discreta_global,"(mu,lambda)",0.3
EE,potencias,3,856,2.1377630134207603e-27,171430,30,200,n,discreta_global,"(mu,lambda)",0.3
EE,potencias,3,857,1.904409703274954e-27,171630,30,200,n,discreta_global,"(mu,lambda)",0.3
EE,potencias,3,858,2.5347446962605938e-27,171830,30,200,n,discreta_global,"(mu,lambda)",0.3
EE,potencias,3,859,2.184847997813446e-27,172030,30,200,n,discreta_global,"(mu,lambda)",0.3
EE,potencias,3,860,1.8868728315172642e-27,172230,30,200,n,discreta_global,"(mu,lambda)",0.3
EE,potencias,3,861,2.8171221633160448e-27,172430,30,200,n,discreta_global,"(mu,lambda)",0.3
EE,potencias,3,862,2.362250726487526e-27,172630,30,200,n,discreta_global,"(mu,lambda)",0.3
EE,potencias,3,863,2.3100261447911728e-27,172830,30,200,n,discreta_global,"(mu,lambda)",0.3
EE,potencias,3,864,2.8700474697478514e-27,173030,30,200,n,discreta_global,"(mu,lambda)",0.3
EE,potencias,3,865,4.436300660620874e-27,173230,30,200,n,discreta_global,"(mu,lambda)",0.3
EE,potencias,3,866,2.4881361560289913e-27,173430,30,200,n,discreta_global,"(mu,lambda)",0.3
EE,potencias,3,867,2.454703296711426e-27,173630,30,200,n,discreta_global,"(mu,lambda)",0.3
EE,potencias,3,868,2.426480765670309e-27,173830,30,200,n,discreta_global,"(mu,lambda)",0.3
EE,potencias,3,869,2.6259397709191242e-27,174030,30,200,n,discreta_global,"(mu,lambda)",0.3
EE,potencias,3,870,2.4878945189689395e-27,174230,30,200,n,discreta_global,"(mu,lambda)",0.3
EE,potencias,3,871,2.3268653203522484e-27,174430,30,200,n,discreta_global,"(mu,lambda)",0.3
EE,potencias,3,872,3.5192163466287216e-27,174630,30,200,n,discreta_global,"(mu,lambda)",0.3
EE,potencias,3,873,2.336088390969196e-27,174830,30,200,n,discreta_global,"(mu,lambda)",0.3
EE,potencias,3,874,2.387820368386786e-27,175030,30,200,n,discreta_global,"(mu,lambda)",0.3
EE,potencias,3,875,3.3410626078003994e-27,175230,30,200,n,discreta_global,"(mu,lambda)",0.3
EE,potencias,3,876,2.355005350251498e-27,175430,30,200,n,discreta_global,"(mu,lambda)",0.3
EE,potencias,3,877,6.605168523686525e-27,175630,30,200,n,discreta_global,"(mu,lambda)",0.3
EE,potencias,3,878,2.1289020671206456e-27,175830,30,200,n,discreta_global,"(mu,lambda)",0.3
EE,potencias,3,879,2.5576910327226832e-27,176030,30,200,n,discreta_global,"(mu,lambda)",0.3
EE,potencias,3,880,5.128926827369148e-27,176230,30,200,n,discreta_global,"(mu,lambda)",0.3
EE,potencias,3,881,2.772856463969676e-27,176430,30,200,n,discreta_global,"(mu,lambda)",0.3
EE,potencias,3,882,3.272344400865241e-27,176630,30,200,n,discreta_global,"(mu,lambda)",0.3
EE,potencias,3,883,3.163604947054843e-27,176830,30,200,n,discreta_global,"(mu,lambda)",0.3
EE,potencias,3,884,1.9686038592143953e-27,177030,30,200,n,discreta_global,"(mu,lambda)",0.3
EE,potencias,3,885,2.9831676168893935e-27,177230,30,200,n,discreta_global,"(mu,lambda)",0.3
EE,potencias,3,886,2.2838719059570054e-27,177430,30,200,n,discreta_global,"(mu,lambda)",0.3
EE,potencias,3,887,2.3609679081165783e-27,177630,30,200,n,discreta_global,"(mu,lambda)",0.3
EE,potencias,3,888,2.4905101252966493e-27,177830,30,200,n,discreta_global,"(mu,lambda)",0.3
EE,potencias,3,889,1.8512232573008443e-27,178030,30,200,n,discreta_global,"(mu,lambda)",0.3
EE,potencias,3,890,2.3788705282271784e-27,178230,30,200,n,discreta_global,"(mu,lambda)",0.3
EE,potencias,3,891,2.585386076678674e-27,178430,30,200,n,discreta_global,"(mu,lambda)",0.3
EE,potencias,3,892,2.4091544744748998e-27,178630,30,200,n,discreta_global,"(mu,lambda)",0.3
EE,potencias,3,893,1.9166217212403786e-27,178830,30,200,n,discreta_global,"(mu,lambda)",0.3
EE,potencias,3,894,2.3282287627193404e-27,179030,30,200,n,discreta_global,"(mu,lambda)",0.3
EE,potencias,3,895,2.3047899079209814e-27,179230,30,200,n,discreta_global,"(mu,lambda)",0.3
EE,potencias,3,896,2.498553827735932e-27,179430,30,200,n,discreta_global,"(mu,lambda)",0.3
EE,potencias,3,897,2.7472361068140588e-27,179630,30,200,n,discreta_global,"(mu,lambda)",0.3
EE,potencias,3,898,3.3730244835069094e-27,179830,30,200,n,discreta_global,"(mu,lambda)",0.3
EE,potencias,3,899,5.962085917297249e-27,180030,30,200,n,discreta_global,"(mu,lambda)",0.3
EE,potencias,3,900,2.4540603648402983e-27,180230,30,200,n,discreta_global,"(mu,lambda)",0.3
EE,potencias,3,901,2.3632810638394196e-27,180430,30,200,n,discreta_global,"(mu,lambda)",0.3
EE,potencias,3,902,2.3479558914399327e-27,180630,30,200,n,discreta_global,"(mu,lambda)",0.3
EE,potencias,3,903,2.5093170282269827e-27,180830,30,200,n,discreta_global,"(mu,lambda)",0.3
EE,potencias,3,904,2.457117847111965e-27,181030,30,200,n,discreta_global,"(mu,lambda)",0.3
EE,potencias,3,905,5.57957067897246e-27,181230,30,200,n,discreta_global,"(mu,lambda)",0.3
EE,potencias,3,906,2.4342385410940494e-27,181430,30,200,n,discreta_global,"(mu,lambda)",0.3
EE,potencias,3,907,5.850683039424726e-27,181630,30,200,n,discreta_global,"(mu,lambda)",0.3
EE,potencias,3,908,5.914397935528035e-27,181830,30,200,n,discreta_global,"(mu,lambda)",0.3
EE,potencias,3,909,5.926332904649621e-27,182030,30,200,n,discreta_global,"(mu,lambda)",0.3
EE,potencias,3,910,6.552202189132521e-27,182230,30,200,n,discreta_global,"(mu,lambda)",0.3
EE,potencias,3,911,5.911733221845257e-27,182430,30,200,n,discreta_global,"(mu,lambda)",0.3
EE,potencias,3,912,5.544889822120639e-27,182630,30,200,n,discreta_global,"(mu,lambda)",0.3
EE,potencias,3,913,5.953442064712179e-27,182830,30,200,n,discreta_global,"(mu,lambda)",0.3
EE,potencias,3,914,6.003812026442547e-27,183030,30,200,n,discreta_global,"(mu,lambda)",0.3
EE,potencias,3,915,5.481624156981421e-27,183230,30,200,n,discreta_global,"(mu,lambda)",0.3
EE,potencias,3,916,5.94297719094638e-27,183430,30,200,n,discreta_global,"(mu,lambda)",0.3
EE,potencias,3,917,5.746439754603743e-27,183630,30,200,n,discreta_global,"(mu,lambda)",0.3
EE,potencias,3,918,6.003102478975836e-27,183830,30,200,n,discreta_global,"(mu,lambda)",0.3
EE,potencias,3,919,5.9181354366166025e-27,184030,30,200,n,discreta_global,"(mu,lambda)",0.3
EE,potencias,3,920,5.807038931027765e-27,184230,30,200,n,discreta_global,"(mu,lambda)",0.3
EE,potencias,3,921,5.9848987955614574e-27,184430,30,200,n,discreta_global,"(mu,lambda)",0.3
EE,potencias,3,922,5.8785122550941484e-27,184630,30,200,n,discreta_global,"(mu,lambda)",0.3
EE,potencias,3,923,5.487736871092002e-27,184830,30,200,n,discreta_global,"(mu,lambda)",0.3
EE,potencias,3,924,5.434175732064743e-27,185030,30,200,n,discreta_global,"(mu,lambda)",0.3
EE,potencias,3,925,5.850452748547211e-27,185230,30,200,n,discreta_global,"(mu,lambda)",0.3
EE,potencias,3,926,5.450438197255404e-27,185430,30,200,n,discreta_global,"(mu,lambda)",0.3
EE,potencias,3,927,5.9821001459725746e-27,185630,30,200,n,discreta_global,"(mu,lambda)",0.3
EE,potencias,3,928,5.4582672700928345e-27,185830,30,200,n,discreta_global,"(mu,lambda)",0.3
EE,potencias,3,929,6.044363150199188e-27,186030,30,200,n,discreta_global,"(mu,lambda)",0.3
EE,potencias,3,930,5.766504542942768e-27,186230,30,200,n,discreta_global,"(mu,lambda)",0.3
EE,potencias,3,931,5.9127367015397505e-27,186430,30,200,n,discreta_global,"(mu,lambda)",0.3
EE,potencias,3,932,5.474430847997066e-27,186630,30,200,n,discreta_global,"(mu,lambda)",0.3
EE,potencias,3,933,5.8300379682979496e-27,186830,30,200,n,discreta_global,"(mu,lambda)",0.3
EE,potencias,3,934,5.761984217154887e-27,187030,30,200,n,discreta_global,"(mu,lambda)",0.3
EE,potencias,3,935,5.5885899247453374e-27,187230,30,200,n,discreta_global,"(mu,lambda)",0.3
EE,potencias,3,936,5.4363739522607165e-27,187430,30,200,n,discreta_global,"(mu,lambda)",0.3
EE,potencias,3,937,5.432101055899676e-27,187630,30,200,n,discreta_global,"(mu,lambda)",0.3
EE,potencias,3,938,5.556452406438257e-27,187830,30,200,n,discreta_global,"(mu,lambda)",0.3
EE,potencias,3,939,6.0035964633333086e-27,188030,30,200,n,discreta_global,"(mu,lambda)",0.3
EE,potencias,3,940,5.484536167501816e-27,188230,30,200,n,discreta_global,"(mu,lambda)",0.3
EE,potencias,3,941,5.468577291953884e-27,188430,30,200,n,discreta_global,"(mu,lambda)",0.3
EE,potencias,3,942,5.511717525896485e-27,188630,30,200,n,discreta_global,"(mu,lambda)",0.3
EE,potencias,3,943,5.4291480445419494e-27,188830,30,200,n,discreta_global,"(mu,lambda)",0.3
EE,potencias,3,944,5.5198739376826065e-27,189030,30,200,n,discreta_global,"(mu,lambda)",0.3
EE,potencias,3,945,5.417304874313958e-27,189230,30,200,n,discreta_global,"(mu,lambda)",0.3
EE,potencias,3,946,6.0691352255106154e-27,189430,30,200,n,discreta_global,"(mu,lambda)",0.3
EE,potencias,3,947,5.521587174843319e-27,189630,30,200,n,discreta_global,"(mu,lambda)",0.3
EE,potencias,3,948,5.482954517013547e-27,189830,30,200,n,discreta_global,"(mu,lambda)",0.3
EE,potencias,3,949,5.6525875832003234e-27,190030,30,200,n,discreta_global,"(mu,lambda)",0.3
EE,potencias,3,950,5.487390037236718e-27,190230,30,200,n,discreta_global,"(mu,lambda)",0.3
EE,potencias,3,951,5.6257284422387526e-27,190430,30,200,n,discreta_global,"(mu,lambda)",0.3
EE,potencias,3,952,5.460899484865445e-27,190630,30,200,n,discreta_global,"(mu,lambda)",0.3
EE,potencias,3,953,5.480142288449989e-27,190830,30,200,n,discreta_global,"(mu,lambda)",0.3
EE,potencias,3,954,5.532919640471837e-27,191030,30,200,n,discreta_global,"(mu,lambda)",0.3
EE,potencias,3,955,5.480534071342472e-27,191230,30,200,n,discreta_global,"(mu,lambda)",0.3
EE,potencias,3,956,5.4081350982442225e-27,191430,30,200,n,discreta_global,"(mu,lambda)",0.3
EE,potencias,3,957,7.155272876467297e-27,191630,30,200,n,discreta_global,"(mu,lambda)",0.3
EE,potencias,3,958,5.3851718071324375e-27,191830,30,200,n,discreta_global,"(mu,lambda)",0.3
EE,potencias,3,959,5.769617471221374e-27,192030,30,200,n,discreta_global,"(mu,lambda)",0.3
EE,potencias,3,960,5.421884794672187e-27,192230,30,200,n,discreta_global,"(mu,lambda)",0.3
EE,potencias,3,961,5.343793894609493e-27,192430,30,200,n,discreta_global,"(mu,lambda)",0.3
EE,potencias,3,962,5.320758855954057e-27,192630,30,200,n,discreta_global,"(mu,lambda)",0.3
EE,potencias,3,963,5.363923748294145e-27,192830,30,200,n,discreta_global,"(mu,lambda)",0.3
EE,potencias,3,964,5.4743509287395385e-27,193030,30,200,n,discreta_global,"(mu,lambda)",0.3
EE,potencias,3,965,5.3708920363450524e-27,193230,30,200,n,discreta_global,"(mu,lambda)",0.3
EE,potencias,3,966,5.364339450672495e-27,193430,30,200,n,discreta_global,"(mu,lambda)",0.3
EE,potencias,3,967,5.7556076055924734e-27,193630,30,200,n,discreta_global,"(mu,lambda)",0.3
EE,potencias,3,968,5.4168906704174724e-27,193830,30,200,n,discreta_global,"(mu,lambda)",0.3
EE,potencias,3,969,5.484782171949194e-27,194030,30,200,n,discreta_global,"(mu,lambda)",0.3
EE,potencias,3,970,5.964186839489748e-27,194230,30,200,n,discreta_global,"(mu,lambda)",0.3
EE,potencias,3,971,5.469904143625502e-27,194430,30,200,n,discreta_global,"(mu,lambda)",0.3
EE,potencias,3,972,7.38420026937266e-27,194630,30,200,n,discreta_global,"(mu,lambda)",0.3
EE,potencias,3,973,5.720289082881492e-27,194830,30,200,n,discreta_global,"(mu,lambda)",0.3
EE,potencias,3,974,5.28597638770255e-27,195030,30,200,n,discreta_global,"(mu,lambda)",0.3
EE,potencias,3,975,5.328089279633219e-27,195230,30,200,n,discreta_global,"(mu,lambda)",0.3
EE,potencias,3,976,7.460181436824604e-27,195430,30,200,n,discreta_global,"(mu,lambda)",0.3
EE,potencias,3,977,5.514600908315369e-27,195630,30,200,n,discreta_global,"(mu,lambda)",0.3
EE,potencias,3,978,6.063080099128453e-27,195830,30,200,n,discreta_global,"(mu,lambda)",0.3
EE,potencias,3,979,5.467757420254248e-27,196030,30,200,n,discreta_global,"(mu,lambda)",0.3
EE,potencias,3,980,5.336851301507782e-27,196230,30,200,n,discreta_global,"(mu,lambda)",0.3
EE,potencias,3,981,6.927376856379713e-27,196430,30,200,n,discreta_global,"(mu,lambda)",0.3
EE,potencias,3,982,5.690569571128458e-27,196630,30,200,n,discreta_global,"(mu,lambda)",0.3
EE,potencias,3,983,5.284723381628148e-27,196830,30,200,n,discreta_global,"(mu,lambda)",0.3
EE,potencias,3,984,5.263641703603011e-27,197030,30,200,n,discreta_global,"(mu,lambda)",0.3
EE,potencias,3,985,5.59651384791886e-27,197230,30,200,n,discreta_global,"(mu,lambda)",0.3
EE,potencias,3,986,6.1769457656991834e-27,197430,30,200,n,discreta_global,"(mu,lambda)",0.3
EE,potencias,3,987,5.312340598274045e-27,197630,30,200,n,discreta_global,"(mu,lambda)",0.3
EE,potencias,3,988,6.593552202307049e-27,197830,30,200,n,discreta_global,"(mu,lambda)",0.3
EE,potencias,3,989,5.3594674788867546e-27,198030,30,200,n,discreta_global,"(mu,lambda)",0.3
EE,potencias,3,990,5.443997495837846e-27,198230,30,200,n,discreta_global,"(mu,lambda)",0.3
EE,potencias,3,991,5.464521825670571e-27,198430,30,200,n,discreta_global,"(mu,lambda)",0.3
EE,potencias,3,992,5.8428223984741416e-27,198630,30,200,n,discreta_global,"(mu,lambda)",0.3
EE,potencias,3,993,5.617984937144707e-27,198830,30,200,n,discreta_global,"(mu,lambda)",0.3
EE,potencias,3,994,5.268131178653301e-27,199030,30,200,n,discreta_global,"(mu,lambda)",0.3
EE,potencias,3,995,5.306279836707889e-27,199230,30,200,n,discreta_global,"(mu,lambda)",0.3
EE,potencias,3,996,5.527332139223734e-27,199430,30,200,n,discreta_global,"(mu,lambda)",0.3
EE,potencias,3,997,5.347127413561187e-27,199630,30,200,n,discreta_global,"(mu,lambda)",0.3
EE,potencias,3,998,5.382307823764773e-27,199830,30,200,n,discreta_global,"(mu,lambda)",0.3
EE,potencias,3,999,5.357819089673764e-27,200030,30,200,n,discreta_global,"(mu,lambda)",0.3
EE,potencias,3,1000,5.5027439039678816e-27,200230,30,200,n,discreta_global,"(mu,lambda)",0.3
EE,potencias,3,1001,5.39996115967886e-27,200430,30,200,n,discreta_global,"(mu,lambda)",0.3
EE,potencias,3,1002,5.612445809614912e-27,200630,30,200,n,discreta_global,"(mu,lambda)",0.3
EE,potencias,3,1003,5.569702747264714e-27,200830,30,200,n,discreta_global,"(mu,lambda)",0.3
EE,potencias,3,1004,5.576059253681812e-27,201030,30,200,n,discreta_global,"(mu,lambda)",0.3
EE,potencias,3,1005,5.394022086838132e-27,201230,30,200,n,discreta_global,"(mu,lambda)",0.3
EE,potencias,3,1006,5.543865175484832e-27,201430,30,200,n,discreta_global,"(mu,lambda)",0.3
EE,potencias,3,1007,5.418109853250138e-27,201630,30,200,n,discreta_global,"(mu,lambda)",0.3
EE,potencias,3,1008,5.514928587498804e-27,201830,30,200,n,discreta_global,"(mu,lambda)",0.3
EE,potencias,3,1009,5.345976894442227e-27,202030,30,200,n,discreta_global,"(mu,lambda)",0.3
EE,potencias,3,1010,5.9517145589061804e-27,202230,30,200,n,discreta_global,"(mu,lambda)",0.3
EE,potencias,3,1011,5.516285065509795e-27,202430,30,200,n,discreta_global,"(mu,lambda)",0.3
EE,potencias,3,1012,5.288694706066336e-27,202630,30,200,n,discreta_global,"(mu,lambda)",0.3
EE,potencias,3,1013,5.385965590288595e-27,202830,30,200,n,discreta_global,"(mu,lambda)",0.3
EE,potencias,3,1014,5.496823065431842e-27,203030,30,200,n,discreta_global,"(mu,lambda)",0.3
EE,potencias,3,1015,5.444927922852122e-27,203230,30,200,n,discreta_global,"(mu,lambda)",0.3
EE,potencias,3,1016,5.3377281708138685e-27,203430,30,200,n,discreta_global,"(mu,lambda)",0.3
EE,potencias,3,1017,5.720221521095486e-27,203630,30,200,n,discreta_global,"(mu,lambda)",0.3
EE,potencias,3,1018,5.447392736369226e-27,203830,30,200,n,discreta_global,"(mu,lambda)",0.3
EE,potencias,3,1019,5.5951292956097044e-27,204030,30,200,n,discreta_global,"(mu,lambda)",0.3
EE,potencias,3,1020,7.151090665877291e-27,204230,30,200,n,discreta_global,"(mu,lambda)",0.3
EE,potencias,3,1021,5.5380612335811305e-27,204430,30,200,n,discreta_global,"(mu,lambda)",0.3
EE,potencias,3,1022,5.654893574223597e-27,204630,30,200,n,discreta_global,"(mu,lambda)",0.3
EE,potencias,3,1023,5.3513301750466965e-27,204830,30,200,n,discreta_global,"(mu,lambda)",0.3
EE,potencias,3,1024,5.461244443364985e-27,205030,30,200,n,discreta_global,"(mu,lambda)",0.3
EE,potencias,3,1025,5.573468196149642e-27,205230,30,200,n,discreta_global,"(mu,lambda)",0.3
EE,potencias,3,1026,5.3276817116832334e-27,205430,30,200,n,discreta_global,"(mu,lambda)",0.3
EE,potencias,3,1027,6.0952570624851165e-27,205630,30,200,n,discreta_global,"(mu,lambda)",0.3
EE,potencias,3,1028,5.3544789831020945e-27,205830,30,200,n,discreta_global,"(mu,lambda)",0.3
EE,potencias,3,1029,6.72002523144992e-27,206030,30,200,n,discreta_global,"(mu,lambda)",0.3
EE,potencias,3,1030,5.369463228507994e-27,206230,30,200,n,discreta_global,"(mu,lambda)",0.3
EE,potencias,3,1031,7.209582012580976e-27,206430,30,200,n,discreta_global,"(mu,lambda)",0.3
EE,potencias,3,1032,5.785371093929319e-27,206630,30,200,n,discreta_global,"(mu,lambda)",0.3
EE,potencias,3,1033,5.3098487556094465e-27,206830,30,200,n,discreta_global,"(mu,lambda)",0.3
EE,potencias,3,1034,5.711985116440687e-27,207030,30,200,n,discreta_global,"(mu,lambda)",0.3
EE,potencias,3,1035,5.504155965526695e-27,207230,30,200,n,discreta_global,"(mu,lambda)",0.3
EE,potencias,3,1036,5.341952697310683e-27,207430,30,200,n,discreta_global,"(mu,lambda)",0.3
EE,potencias,3,1037,5.554462616558476e-27,207630,30,200,n,discreta_global,"(mu,lambda)",0.3
EE,potencias,3,1038,6.353572271887178e-27,207830,30,200,n,discreta_global,"(mu,lambda)",0.3
EE,potencias,3,1039,5.487686403871646e-27,208030,30,200,n,discreta_global,"(mu,lambda)",0.3
EE,potencias,3,1040,5.399823758935913e-27,208230,30,200,n,discreta_global,"(mu,lambda)",0.3
EE,potencias,3,1041,6.537728482409704e-27,208430,30,200,n,discreta_global,"(mu,lambda)",0.3
EE,potencias,3,1042,5.740995046886456e-27,208630,30,200,n,discreta_global,"(mu,lambda)",0.3
EE,potencias,3,1043,5.484451151005292e-27,208830,30,200,n,discreta_global,"(mu,lambda)",0.3
EE,potencias,3,1044,5.445203843088966e-27,209030,30,200,n,discreta_global,"(mu,lambda)",0.3
EE,potencias,3,1045,5.615006395305022e-27,209230,30,200,n,discreta_global,"(mu,lambda)",0.3
EE,potencias,3,1046,6.083884479845981e-27,209430,30,200,n,discreta_global,"(mu,lambda)",0.3
EE,potencias,3,1047,5.4361264351204755e-27,209630,30,200,n,discreta_global,"(mu,lambda)",0.3
EE,potencias,3,1048,5.685654423550791e-27,209830,30,200,n,discreta_global,"(mu,lambda)",0.3
EE,potencias,3,1049,5.441232766703016e-27,210030,30,200,n,discreta_global,"(mu,lambda)",0.3
EE,potencias,3,1050,5.421470808051519e-27,210230,30,200,n,discreta_global,"(mu,lambda)",0.3
EE,potencias,3,1051,5.589298010852796e-27,210430,30,200,n,discreta_global,"(mu,lambda)",0.3
EE,potencias,3,1052,6.275622925334945e-27,210630,30,200,n,discreta_global,"(mu,lambda)",0.3
EE,potencias,3,1053,5.81419524069222e-27,210830,30,200,n,discreta_global,"(mu,lambda)",0.3
EE,potencias,3,1054,5.9175974224475044e-27,211030,30,200,n,discreta_global,"(mu,lambda)",0.3
EE,potencias,3,1055,7.89664011407382e-27,211230,30,200,n,discreta_global,"(mu,lambda)",0.3
EE,potencias,3,1056,5.7333058590276656e-27,211430,30,200,n,discreta_global,"(mu,lambda)",0.3
EE,potencias,3,1057,5.70467824857502e-27,211630,30,200,n,discreta_global,"(mu,lambda)",0.3
EE,potencias,3,1058,5.3789428225832546e-27,211830,30,200,n,discreta_global,"(mu,lambda)",0.3
EE,potencias,3,1059,5.410447558902616e-27,212030,30,200,n,discreta_global,"(mu,lambda)",0.3
EE,potencias,3,1060,5.594069113022985e-27,212230,30,200,n,discreta_global,"(mu,lambda)",0.3
EE,potencias,3,1061,5.3685690804815145e-27,212430,30,200,n,discreta_global,"(mu,lambda)",0.3
EE,potencias,3,1062,5.3716950983511595e-27,212630,30,200,n,discreta_global,"(mu,lambda)",0.3
EE,potencias,3,1063,5.442201920445803e-27,212830,30,200,n,discreta_global,"(mu,lambda)",0.3
EE,potencias,3,1064,5.614025629623657e-27,213030,30,200,n,discreta_global,"(mu,lambda)",0.3
EE,potencias,3,1065,5.790751424896335e-27,213230,30,200,n,discreta_global,"(mu,lambda)",0.3
EE,potencias,3,1066,5.90976027096471e-27,213430,30,200,n,discreta_global,"(mu,lambda)",0.3
EE,potencias,3,1067,5.506109441095207e-27,213630,30,200,n,discreta_global,"(mu,lambda)",0.3
EE,potencias,3,1068,7.04531715862312e-27,213830,30,200,n,discreta_global,"(mu,lambda)",0.3
EE,potencias,3,1069,5.608735599077829e-27,214030,30,200,n,discreta_global,"(mu,lambda)",0.3
EE,potencias,3,1070,5.589162110915499e-27,214230,30,200,n,discreta_global,"(mu,lambda)",0.3
EE,potencias,3,1071,6.980412180190791e-27,214430,30,200,n,discreta_global,"(mu,lambda)",0.3
EE,potencias,3,1072,5.4583450969046555e-27,214630,30,200,n,discreta_global,"(mu,lambda)",0.3
EE,potencias,3,1073,5.3858164608687944e-27,214830,30,200,n,discreta_global,"(mu,lambda)",0.3
EE,potencias,3,1074,5.454959402871392e-27,215030,30,200,n,discreta_global,"(mu,lambda)",0.3
EE,potencias,3,1075,5.363962496265162e-27,215230,30,200,n,discreta_global,"(mu,lambda)",0.3
EE,potencias,3,1076,5.388812517247084e-27,215430,30,200,n,discreta_global,"(mu,lambda)",0.3
EE,potencias,3,1077,5.507056671902723e-27,215630,30,200,n,discreta_global,"(mu,lambda)",0.3
EE,potencias,3,1078,5.484285432982075e-27,215830,30,200,n,discreta_global,"(mu,lambda)",0.3
EE,potencias,3,1079,5.549962863560976e-27,216030,30,200,n,discreta_global,"(mu,lambda)",0.3
EE,potencias,3,1080,5.44408045622331e-27,216230,30,200,n,discreta_global,"(mu,lambda)",0.3
EE,potencias,3,1081,5.537473750972031e-27,216430,30,200,n,discreta_global,"(mu,lambda)",0.3
EE,potencias,3,1082,5.688408593670942e-27,216630,30,200,n,discreta_global,"(mu,lambda)",0.3
EE,potencias,3,1083,5.391361825889565e-27,216830,30,200,n,discreta_global,"(mu,lambda)",0.3
EE,potencias,3,1084,5.458574009648519e-27,217030,30,200,n,discreta_global,"(mu,lambda)",0.3
EE,potencias,3,1085,5.828537970512304e-27,217230,30,200,n,discreta_global,"(mu,lambda)",0.3
EE,potencias,3,1086,5.756769910543033e-27,217430,30,200,n,discreta_global,"(mu,lambda)",0.3
EE,potencias,3,1087,5.6073523914641985e-27,217630,30,200,n,discreta_global,"(mu,lambda)",0.3
EE,potencias,3,1088,6.2783707468100464e-27,217830,30,200,n,discreta_global,"(mu,lambda)",0.3
EE,potencias,3,1089,5.797395456287381e-27,218030,30,200,n,discreta_global,"(mu,lambda)",0.3
EE,potencias,3,1090,5.772358400898524e-27,218230,30,200,n,discreta_global,"(mu,lambda)",0.3
EE,potencias,3,1091,5.554277945071719e-27,218430,30,200,n,discreta_global,"(mu,lambda)",0.3
EE,potencias,3,1092,5.3824283820234104e-27,218630,30,200,n,discreta_global,"(mu,lambda)",0.3
EE,potencias,3,1093,5.628997151295528e-27,218830,30,200,n,discreta_global,"(mu,lambda)",0.3
EE,potencias,3,1094,5.6533557366617965e-27,219030,30,200,n,discreta_global,"(mu,lambda)",0.3
EE,potencias,3,1095,5.582469865165701e-27,219230,30,200,n,discreta_global,"(mu,lambda)",0.3
EE,potencias,3,1096,6.0829234020254596e-27,219430,30,200,n,discreta_global,"(mu,lambda)",0.3
EE,potencias,3,1097,5.742672279179596e-27,219630,30,200,n,discreta_global,"(mu,lambda)",0.3
EE,potencias,3,1098,5.901800486598378e-27,219830,30,200,n,discreta_global,"(mu,lambda)",0.3
EE,potencias,3,1099,5.526764189648273e-27,220030,30,200,n,discreta_global,"(mu,lambda)",0.3
EE,potencias,3,1100,5.3974262041471155e-27,220230,30,200,n,discreta_global,"(mu,lambda)",0.3
EE,potencias,3,1101,5.604860895415003e-27,220430,30,200,n,discreta_global,"(mu,lambda)",0.3
EE,potencias,3,1102,5.4301705630239595e-27,220630,30,200,n,discreta_global,"(mu,lambda)",0.3
EE,potencias,3,1103,5.574582278519671e-27,220830,30,200,n,discreta_global,"(mu,lambda)",0.3
EE,potencias,3,1104,5.410267963670189e-27,221030,30,200,n,discreta_global,"(mu,lambda)",0.3
EE,potencias,3,1105,5.55428368379506e-27,221230,30,200,n,discreta_global,"(mu,lambda)",0.3
EE,potencias,3,1106,5.745032594939928e-27,221430,30,200,n,discreta_global,"(mu,lambda)",0.3
EE,potencias,3,1107,5.73351233799138e-27,221630,30,200,n,discreta_global,"(mu,lambda)",0.3
EE,potencias,3,1108,5.538034130824651e-27,221830,30,200,n,discreta_global,"(mu,lambda)",0.3
EE,potencias,3,1109,5.3718229225023315e-27,222030,30,200,n,discreta_global,"(mu,lambda)",0.3
EE,potencias,3,1110,5.774519798024568e-27,222230,30,200,n,discreta_global,"(mu,lambda)",0.3
EE,potencias,3,1111,5.668514218711942e-27,222430,30,200,n,discreta_global,"(mu,lambda)",0.3
EE,potencias,3,1112,5.5880810939077844e-27,222630,30,200,n,discreta_global,"(mu,lambda)",0.3
EE,potencias,3,1113,5.8512327403862e-27,222830,30,200,n,discreta_global,"(mu,lambda)",0.3
EE,potencias,3,1114,5.8402478772509965e-27,223030,30,200,n,discreta_global,"(mu,lambda)",0.3
EE,potencias,3,1115,5.825905708204293e-27,223230,30,200,n,discreta_global,"(mu,lambda)",0.3
EE,potencias,3,1116,5.6070877453906936e-27,223430,30,200,n,discreta_global,"(mu,lambda)",0.3
EE,potencias,3,1117,5.346577398120963e-27,223630,30,200,n,discreta_global,"(mu,lambda)",0.3
EE,potencias,3,1118,5.864928060097243e-27,223830,30,200,n,discreta_global,"(mu,lambda)",0.3
EE,potencias,3,1119,5.809057859700718e-27,224030,30,200,n,discreta_global,"(mu,lambda)",0.3
EE,potencias,3,1120,6.107857121812331e-27,224230,30,200,n,discreta_global,"(mu,lambda)",0.3
EE,potencias,3,1121,5.702344150688563e-27,224430,30,200,n,discreta_global,"(mu,lambda)",0.3
EE,potencias,3,1122,6.966662818276375e-27,224630,30,200,n,discreta_global,"(mu,lambda)",0.3
EE,potencias,3,1123,6.2091046126864085e-27,224830,30,200,n,discreta_global,"(mu,lambda)",0.3
EE,potencias,3,1124,5.373289656866041e-27,225030,30,200,n,discreta_global,"(mu,lambda)",0.3
EE,potencias,3,1125,5.7486853876870085e-27,225230,30,200,n,discreta_global,"(mu,lambda)",0.3
EE,potencias,3,1126,6.036198798781201e-27,225430,30,200,n,discreta_global,"(mu,lambda)",0.3
EE,potencias,3,1127,5.414285483360469e-27,225630,30,200,n,discreta_global,"(mu,lambda)",0.3
EE,potencias,3,1128,5.755631718662522e-27,225830,30,200,n,discreta_global,"(mu,lambda)",0.3
EE,potencias,3,1129,5.701920458183884e-27,226030,30,200,n,discreta_global,"(mu,lambda)",0.3
EE,potencias,3,1130,5.701454556214768e-27,226230,30,200,n,discreta_global,"(mu,lambda)",0.3
EE,potencias,3,1131,5.7001425829496314e-27,226430,30,200,n,discreta_global,"(mu,lambda)",0.3
EE,potencias,3,1132,5.700560797227178e-27,226630,30,200,n,discreta_global,"(mu,lambda)",0.3
EE,potencias,3,1133,5.781945672417584e-27,226830,30,200,n,discreta_global,"(mu,lambda)",0.3
EE,potencias,3,1134,5.6822723467222916e-27,227030,30,200,n,discreta_global,"(mu,lambda)",0.3
EE,potencias,3,1135,5.727386199140524e-27,227230,30,200,n,discreta_global,"(mu,lambda)",0.3
EE,potencias,3,1136,6.0018508702607885e-27,227430,30,200,n,discreta_global,"(mu,lambda)",0.3
EE,potencias,3,1137,5.652176943835991e-27,227630,30,200,n,discreta_global,"(mu,lambda)",0.3
EE,potencias,3,1138,5.813603182443575e-27,227830,30,200,n,discreta_global,"(mu,lambda)",0.3
EE,potencias,3,1139,5.870996535893382e-27,228030,30,200,n,discreta_global,"(mu,lambda)",0.3
EE,potencias,3,1140,5.800188817244533e-27,228230,30,200,n,discreta_global,"(mu,lambda)",0.3
EE,potencias,3,1141,5.710572263888125e-27,228430,30,200,n,discreta_global,"(mu,lambda)",0.3
EE,potencias,3,1142,5.6699178505524824e-27,228630,30,200,n,discreta_global,"(mu,lambda)",0.3
EE,potencias,3,1143,6.34101194174416e-27,228830,30,200,n,discreta_global,"(mu,lambda)",0.3
EE,potencias,3,1144,5.540550218781558e-27,229030,30,200,n,discreta_global,"(mu,lambda)",0.3
EE,potencias,3,1145,5.6670465541468555e-27,229230,30,200,n,discreta_global,"(mu,lambda)",0.3
EE,potencias,3,1146,5.706790491014944e-27,229430,30,200,n,discreta_global,"(mu,lambda)",0.3
EE,potencias,3,1147,5.5989123630919426e-27,229630,30,200,n,discreta_global,"(mu,lambda)",0.3
EE,potencias,3,1148,5.632608471699539e-27,229830,30,200,n,discreta_global,"(mu,lambda)",0.3
EE,potencias,3,1149,6.298161445181793e-27,230030,30,200,n,discreta_global,"(mu,lambda)",0.3
EE,potencias,3,1150,5.643477984292189e-27,230230,30,200,n,discreta_global,"(mu,lambda)",0.3
EE,potencias,3,1151,5.701333000181862e-27,230430,30,200,n,discreta_global,"(mu,lambda)",0.3
EE,potencias,3,1152,6.0531924550019735e-27,230630,30,200,n,discreta_global,"(mu,lambda)",0.3
EE,potencias,3,1153,5.9078111578980584e-27,230830,30,200,n,discreta_global,"(mu,lambda)",0.3
EE,potencias,3,1154,5.7079535610252615e-27,231030,30,200,n,discreta_global,"(mu,lambda)",0.3
EE,potencias,3,1155,5.9890943497424205e-27,231230,30,200,n,discreta_global,"(mu,lambda)",0.3
EE,potencias,3,1156,5.638191286096979e-27,231430,30,200,n,discreta_global,"(mu,lambda)",0.3
EE,potencias,3,1157,5.511976157879389e-27,231630,30,200,n,discreta_global,"(mu,lambda)",0.3
EE,potencias,3,1158,5.793963099070623e-27,231830,30,200,n,discreta_global,"(mu,lambda)",0.3
EE,potencias,3,1159,5.5189990213468655e-27,232030,30,200,n,discreta_global,"(mu,lambda)",0.3
EE,potencias,3,1160,5.6129631855865375e-27,232230,30,200,n,discreta_global,"(mu,lambda)",0.3
EE,potencias,3,1161,5.596099119885664e-27,232430,30,200,n,discreta_global,"(mu,lambda)",0.3
EE,potencias,3,1162,5.492771059633416e-27,232630,30,200,n,discreta_global,"(mu,lambda)",0.3
EE,potencias,3,1163,8.308996939326733e-27,232830,30,200,n,discreta_global,"(mu,lambda)",0.3
EE,potencias,3,1164,5.4971971553750036e-27,233030,30,200,n,discreta_global,"(mu,lambda)",0.3
EE,potencias,3,1165,5.634411280706849e-27,233230,30,200,n,discreta_global,"(mu,lambda)",0.3
EE,potencias,3,1166,5.719664100066799e-27,233430,30,200,n,discreta_global,"(mu,lambda)",0.3
EE,potencias,3,1167,5.529174901016099e-27,233630,30,200,n,discreta_global,"(mu,lambda)",0.3
EE,potencias,3,1168,5.78023179577682e-27,233830,30,200,n,discreta_global,"(mu,lambda)",0.3
EE,potencias,3,1169,5.623896041648877e-27,234030,30,200,n,discreta_global,"(mu,lambda)",0.3
EE,potencias,3,1170,5.413445363543576e-27,234230,30,200,n,discreta_global,"(mu,lambda)",0.3
EE,potencias,3,1171,5.951518258070221e-27,234430,30,200,n,discreta_global,"(mu,lambda)",0.3
EE,potencias,3,1172,5.346094444722119e-27,234630,30,200,n,discreta_global,"(mu,lambda)",0.3
EE,potencias,3,1173,5.580497822539763e-27,234830,30,200,n,discreta_global,"(mu,lambda)",0.3
EE,potencias,3,1174,5.486881392776988e-27,235030,30,200,n,discreta_global,"(mu,lambda)",0.3
EE,potencias,3,1175,5.758028890417012e-27,235230,30,200,n,discreta_global,"(mu,lambda)",0.3
EE,potencias,3,1176,5.4704314160639474e-27,235430,30,200,n,discreta_global,"(mu,lambda)",0.3
EE,potencias,3,1177,5.448491535796101e-27,235630,30,200,n,discreta_global,"(mu,lambda)",0.3
EE,potencias,3,1178,5.1775179466450976e-27,235830,30,200,n,discreta_global,"(mu,lambda)",0.3
EE,potencias,3,1179,6.016093714268443e-27,236030,30,200,n,discreta_global,"(mu,lambda)",0.3
EE,potencias,3,1180,5.4194043998977166e-27,236230,30,200,n,discreta_global,"(mu,lambda)",0.3
EE,potencias,3,1181,5.4620577718215614e-27,236430,30,200,n,discreta_global,"(mu,lambda)",0.3
EE,potencias,3,1182,5.957894719231615e-27,236630,30,200,n,discreta_global,"(mu,lambda)",0.3
EE,potencias,3,1183,5.343008670049276e-27,236830,30,200,n,discreta_global,"(mu,lambda)",0.3
EE,potencias,3,1184,5.496489362656685e-27,237030,30,200,n,discreta_global,"(mu,lambda)",0.3
EE,potencias,3,1185,5.683279838752028e-27,237230,30,200,n,discreta_global,"(mu,lambda)",0.3
EE,potencias,3,1186,6.481240718298967e-27,237430,30,200,n,discreta_global,"(mu,lambda)",0.3
EE,potencias,3,1187,5.8670169307649954e-27,237630,30,200,n,discreta_global,"(mu,lambda)",0.3
EE,potencias,3,1188,5.363815758933639e-27,237830,30,200,n,discreta_global,"(mu,lambda)",0.3
EE,potencias,3,1189,5.7591162519784076e-27,238030,30,200,n,discreta_global,"(mu,lambda)",0.3
EE,potencias,3,1190,5.351814694913852e-27,238230,30,200,n,discreta_global,"(mu,lambda)",0.3
EE,potencias,3,1191,5.658247217797029e-27,238430,30,200,n,discreta_global,"(mu,lambda)",0.3
EE,potencias,3,1192,6.723895771429138e-27,238630,30,200,n,discreta_global,"(mu,lambda)",0.3
EE,potencias,3,1193,5.776319337921245e-27,238830,30,200,n,discreta_global,"(mu,lambda)",0.3
EE,potencias,3,1194,5.827040351433682e-27,239030,30,200,n,discreta_global,"(mu,lambda)",0.3
EE,potencias,3,1195,5.6604448987845726e-27,239230,30,200,n,discreta_global,"(mu,lambda)",0.3
EE,potencias,3,1196,5.644040230395538e-27,239430,30,200,n,discreta_global,"(mu,lambda)",0.3
EE,potencias,3,1197,5.64049368581824e-27,239630,30,200,n,discreta_global,"(mu,lambda)",0.3
EE,potencias,3,1198,5.653980149153326e-27,239830,30,200,n,discreta_global,"(mu,lambda)",0.3
EE,potencias,3,1199,6.0798419591221665e-27,240030,30,200,n,discreta_global,"(mu,lambda)",0.3
EE,potencias,4,0,8886.635262598696,230,30,200,n,discreta_global,"(mu,lambda)",0.3
EE,potencias,4,1,8879.018225648477,430,30,200,n,discreta_global,"(mu,lambda)",0.3
EE,potencias,4,2,2551.3342444442455,630,30,200,n,discreta_global,"(mu,lambda)",0.3
EE,potencias,4,3,2284.0968528563876,830,30,200,n,discreta_global,"(mu,lambda)",0.3
EE,potencias,4,4,212.94309449610506,1030,30,200,n,discreta_global,"(mu,lambda)",0.3
EE,potencias,4,5,188.39297582009235,1230,30,200,n,discreta_global,"(mu,lambda)",0.3
EE,potencias,4,6,62.1735597505726,1430,30,200,n,discreta_global,"(mu,lambda)",0.3
EE,potencias,4,7,39.44390497277605,1630,30,200,n,discreta_global,"(mu,lambda)",0.3
EE,potencias,4,8,12.597921249775991,1830,30,200,n,discreta_global,"(mu,lambda)",0.3
EE,potencias,4,9,4.289778650017758,2030,30,200,n,discreta_global,"(mu,lambda)",0.3
EE,potencias,4,10,2.8301475494012545,2230,30,200,n,discreta_global,"(mu,lambda)",0.3
EE,potencias,4,11,0.45940208349599976,2430,30,200,n,discreta_global,"(mu,lambda)",0.3
EE,potencias,4,12,0.5182804611611724,2630,30,200,n,discreta_global,"(mu,lambda)",0.3
EE,potencias,4,13,0.09095592452113771,2830,30,200,n,discreta_global,"(mu,lambda)",0.3
EE,potencias,4,14,0.09200967967885566,3030,30,200,n,discreta_global,"(mu,lambda)",0.3
EE,potencias,4,15,0.04640936221968375,3230,30,200,n,discreta_global,"(mu,lambda)",0.3
EE,potencias,4,16,0.016377681548618517,3430,30,200,n,discreta_global,"(mu,lambda)",0.3
EE,potencias,4,17,0.0076897711041342635,3630,30,200,n,discreta_global,"(mu,lambda)",0.3
EE,potencias,4,18,0.004099967672283504,3830,30,200,n,discreta_global,"(mu,lambda)",0.3
EE,potencias,4,19,0.0014033792768258088,4030,30,200,n,discreta_global,"(mu,lambda)",0.3
EE,potencias,4,20,0.0005435286062792644,4230,30,200,n,discreta_global,"(mu,lambda)",0.3
EE,potencias,4,21,0.00017750719762676498,4430,30,200,n,discreta_global,"(mu,lambda)",0.3
EE,potencias,4,22,0.00012084666552511821,4630,30,200,n,discreta_global,"(mu,lambda)",0.3
EE,potencias,4,23,2.6263340855030953e-05,4830,30,200,n,discreta_global,"(mu,lambda)",0.3
EE,potencias,4,24,5.260853194036783e-05,5030,30,200,n,discreta_global,"(mu,lambda)",0.3
EE,potencias,4,25,1.1790098780578414e-05,5230,30,200,n,discreta_global,"(mu,lambda)",0.3
EE,potencias,4,26,9.919248946380811e-06,5430,30,200,n,discreta_global,"(mu,lambda)",0.3
EE,potencias,4,27,3.500370332319597e-07,5630,30,200,n,discreta_global,"(mu,lambda)",0.3
EE,potencias,4,28,1.990483572752992e-06,5830,30,200,n,discreta_global,"(mu,lambda)",0.3
EE,potencias,4,29,5.041972359665685e-07,6030,30,200,n,discreta_global,"(mu,lambda)",0.3
EE,potencias,4,30,3.9118671927966726e-07,6230,30,200,n,discreta_global,"(mu,lambda)",0.3
EE,potencias,4,31,1.5238460206083018e-07,6430,30,200,n,discreta_global,"(mu,lambda)",0.3
EE,potencias,4,32,3.123983887923954e-08,6630,30,200,n,discreta_global,"(mu,lambda)",0.3
EE,potencias,4,33,5.221087106083697e-09,6830,30,200,n,discreta_global,"(mu,lambda)",0.3
EE,potencias,4,34,4.475946870744368e-09,7030,30,200,n,discreta_global,"(mu,lambda)",0.3
EE,potencias,4,35,4.688809431414801e-09,7230,30,200,n,discreta_global,"(mu,lambda)",0.3
EE,potencias,4,36,2.0525400928581967e-09,7430,30,200,n,discreta_global,"(mu,lambda)",0.3
EE,potencias,4,37,2.6193391726982594e-09,7630,30,200,n,discreta_global,"(mu,lambda)",0.3
EE,potencias,4,38,2.6849730414390456e-10,7830,30,200,n,discreta_global,"(mu,lambda)",0.3
EE,potencias,4,39,2.0628488637360272e-10,8030,30,200,n,discreta_global,"(mu,lambda)",0.3
EE,potencias,4,40,1.6900577763313196e-10,8230,30,200,n,discreta_global,"(mu,lambda)",0.3
EE,potencias,4,41,1.5260846784499047e-11,8430,30,200,n,discreta_global,"(mu,lambda)",0.3
EE,potencias,4,42,2.759599642261682e-11,8630,30,200,n,discreta_global,"(mu,lambda)",0.3
EE,potencias,4,43,2.2652300586026077e-11,8830,30,200,n,discreta_global,"(mu,lambda)",0.3
EE,potencias,4,44,7.102159424300896e-12,9030,30,200,n,discreta_global,"(mu,lambda)",0.3
EE,potencias,4,45,3.285539163186403e-12,9230,30,200,n,discreta_global,"(mu,lambda)",0.3
EE,potencias,4,46,1.839826330632233e-12,9430,30,200,n,discreta_global,"(mu,lambda)",0.3
EE,potencias,4,47,1.1849301560309146e-12,9630,30,200,n,discreta_global,"(mu,lambda)",0.3
EE,potencias,4,48,2.765118772854912e-13,9830,30,200,n,discreta_global,"(mu,lambda)",0.3
EE,potencias,4,49,7.685146271011383e-14,10030,30,200,n,discreta_global,"(mu,lambda)",0.3
EE,potencias,4,50,3.6855726196847516e-14,10230,30,200,n,discreta_global,"(mu,lambda)",0.3
EE,potencias,4,51,7.253420890748855e-14,10430,30,200,n,discreta_global,"(mu,lambda)",0.3
EE,potencias,4,52,5.791823174495079e-14,10630,30,200,n,discreta_global,"(mu,lambda)",0.3
EE,potencias,4,53,1.900437784417557e-14,10830,30,200,n,discreta_global,"(mu,lambda)",0.3
EE,potencias,4,54,3.901944486296168e-15,11030,30,200,n,discreta_global,"(mu,lambda)",0.3
EE,potencias,4,55,3.367897769433896e-15,11230,30,200,n,discreta_global,"(mu,lambda)",0.3
EE,potencias,4,56,1.4756772195244775e-15,11430,30,200,n,discreta_global,"(mu,lambda)",0.3
EE,potencias,4,57,7.881893379341686e-17,11630,30,200,n,discreta_global,"(mu,lambda)",0.3
EE,potencias,4,58,3.357055028909716e-16,11830,30,200,n,discreta_global,"(mu,lambda)",0.3
EE,potencias,4,59,2.8945664329540933e-16,12030,30,200,n,discreta_global,"(mu,lambda)",0.3
EE,potencias,4,60,5.850002760080218e-17,12230,30,200,n,discreta_global,"(mu,lambda)",0.3
EE,potencias,4,61,4.5015145314554337e-17,12430,30,200,n,discreta_global,"(mu,lambda)",0.3
EE,potencias,4,62,4.268287328814914e-17,12630,30,200,n,discreta_global,"(mu,lambda)",0.3
EE,potencias,4,63,8.379129102988498e-18,12830,30,200,n,discreta_global,"(mu,lambda)",0.3
EE,potencias,4,64,5.885346710509441e-18,13030,30,200,n,discreta_global,"(mu,lambda)",0.3
EE,potencias,4,65,1.767343510208883e-18,13230,30,200,n,discreta_global,"(mu,lambda)",0.3
EE,potencias,4,66,3.3718020541106236e-19,13430,30,200,n,discreta_global,"(mu,lambda)",0.3
EE,potencias,4,67,1.2777758915426524e-19,13630,30,200,n,discreta_global,"(mu,lambda)",0.3
EE,potencias,4,68,1.55733887733887e-19,13830,30,200,n,discreta_global,"(mu,lambda)",0.3
EE,potencias,4,69,7.815243713160312e-20,14030,30,200,n,discreta_global,"(mu,lambda)",0.3
EE,potencias,4,70,2.0992099380688677e-20,14230,30,200,n,discreta_global,"(mu,lambda)",0.3
EE,potencias,4,71,7.20367944177982e-21,14430,30,200,n,discreta_global,"(mu,lambda)",0.3
EE,potencias,4,72,2.239054798755258e-21,14630,30,200,n,discreta_global,"(mu,lambda)",0.3
EE,potencias,4,73,5.5907538299416505e-22,14830,30,200,n,discreta_global,"(mu,lambda)",0.3
EE,potencias,4,74,2.2335896078477225e-22,15030,30,200,n,discreta_global,"(mu,lambda)",0.3
EE,potencias,4,75,7.55711465566672e-23,15230,30,200,n,discreta_global,"(mu,lambda)",0.3
EE,potencias,4,76,2.169146726925362e-22,15430,30,200,n,discreta_global,"(mu,lambda)",0.3
EE,potencias,4,77,2.494857052980866e-23,15630,30,200,n,discreta_global,"(mu,lambda)",0.3
EE,potencias,4,78,2.2920441913501796e-23,15830,30,200,n,discreta_global,"(mu,lambda)",0.3
EE,potencias,4,79,6.144225160026839e-24,16030,30,200,n,discreta_global,"(mu,lambda)",0.3
EE,potencias,4,80,5.062543904637446e-24,16230,30,200,n,discreta_global,"(mu,lambda)",0.3
EE,potencias,4,81,4.253568430329588e-25,16430,30,200,n,discreta_global,"(mu,lambda)",0.3
EE,potencias,4,82,7.0496829602712975e-25,16630,30,200,n,discreta_global,"(mu,lambda)",0.3
EE,potencias,4,83,2.8623725102672837e-25,16830,30,200,n,discreta_global,"(mu,lambda)",0.3
EE,potencias,4,84,1.639394747190236e-25,17030,30,200,n,discreta_global,"(mu,lambda)",0.3
EE,potencias,4,85,6.343391919033502e-26,17230,30,200,n,discreta_global,"(mu,lambda)",0.3
EE,potencias,4,86,1.2220885066340918e-25,17430,30,200,n,discreta_global,"(mu,lambda)",0.3
EE,potencias,4,87,9.89667434100148e-26,17630,30,200,n,discreta_global,"(mu,lambda)",0.3
EE,potencias,4,88,1.9962173642046322e-26,17830,30,200,n,discreta_global,"(mu,lambda)",0.3
EE,potencias,4,89,4.3601352939566746e-26,18030,30,200,n,discreta_global,"(mu,lambda)",0.3
EE,potencias,4,90,1.2625110777655025e-26,18230,30,200,n,discreta_global,"(mu,lambda)",0.3
EE,potencias,4,91,1.5068463518098945e-26,18430,30,200,n,discreta_global,"(mu,lambda)",0.3
EE,potencias,4,92,6.783983269569982e-27,18630,30,200,n,discreta_global,"(mu,lambda)",0.3
EE,potencias,4,93,3.716669476188666e-27,18830,30,200,n,discreta_global,"(mu,lambda)",0.3
EE,potencias,4,94,3.4516409269559695e-26,19030,30,200,n,discreta_global,"(mu,lambda)",0.3
EE,potencias,4,95,5.292102300935408e-27,19230,30,200,n,discreta_global,"(mu,lambda)",0.3
EE,potencias,4,96,1.5057611271442322e-26,19430,30,200,n,discreta_global,"(mu,lambda)",0.3
EE,potencias,4,97,1.7493152189480143e-26,19630,30,200,n,discreta_global,"(mu,lambda)",0.3
EE,potencias,4,98,2.928789910755874e-26,19830,30,200,n,discreta_global,"(mu,lambda)",0.3
EE,potencias,4,99,1.4290412907702864e-26,20030,30,200,n,discreta_global,"(mu,lambda)",0.3
EE,potencias,4,100,1.1828454661514414e-26,20230,30,200,n,discreta_global,"(mu,lambda)",0.3
EE,potencias,4,101,4.5652854428215465e-27,20430,30,200,n,discreta_global,"(mu,lambda)",0.3
EE,potencias,4,102,1.4136397887342433e-26,20630,30,200,n,discreta_global,"(mu,lambda)",0.3
EE,potencias,4,103,1.076777155213156e-26,20830,30,200,n,discreta_global,"(mu,lambda)",0.3
EE,potencias,4,104,1.475002482881228e-26,21030,30,200,n,discreta_global,"(mu,lambda)",0.3
EE,potencias,4,105,1.1431756507956368e-26,21230,30,200,n,discreta_global,"(mu,lambda)",0.3
EE,potencias,4,106,8.716069268486001e-27,21430,30,200,n,discreta_global,"(mu,lambda)",0.3
EE,potencias,4,107,3.905850275916087e-27,21630,30,200,n,discreta_global,"(mu,lambda)",0.3
EE,potencias,4,108,6.591536030951897e-27,21830,30,200,n,discreta_global,"(mu,lambda)",0.3
EE,potencias,4,109,3.474320618195303e-27,22030,30,200,n,discreta_global,"(mu,lambda)",0.3
EE,potencias,4,110,1.191774528529446e-27,22230,30,200,n,discreta_global,"(mu,lambda)",0.3
EE,potencias,4,111,1.1323483115660554e-27,22430,30,200,n,discreta_global,"(mu,lambda)",0.3
EE,potencias,4,112,4.292184451766933e-27,22630,30,200,n,discreta_global,"(mu,lambda)",0.3
EE,potencias,4,113,4.395709954331877e-27,22830,30,200,n,discreta_global,"(mu,lambda)",0.3
EE,potencias,4,114,1.905507106675245e-27,23030,30,200,n,discreta_global,"(mu,lambda)",0.3
EE,potencias,4,115,7.473195401403846e-27,23230,30,200,n,discreta_global,"(mu,lambda)",0.3
EE,potencias,4,116,9.406735701781494e-27,23430,30,200,n,discreta_global,"(mu,lambda)",0.3
EE,potencias,4,117,7.202389612904235e-27,23630,30,200,n,discreta_global,"(mu,lambda)",0.3
EE,potencias,4,118,6.003540166419312e-27,23830,30,200,n,discreta_global,"(mu,lambda)",0.3
EE,potencias,4,119,4.304205354625764e-27,24030,30,200,n,discreta_global,"(mu,lambda)",0.3
EE,potencias,4,120,8.895969876535374e-27,24230,30,200,n,discreta_global,"(mu,lambda)",0.3
EE,potencias,4,121,8.024562762246825e-27,24430,30,200,n,discreta_global,"(mu,lambda)",0.3
EE,potencias,4,122,6.387035710270142e-27,24630,30,200,n,discreta_global,"(mu,lambda)",0.3
EE,potencias,4,123,8.338839644601279e-27,24830,30,200,n,discreta_global,"(mu,lambda)",0.3
EE,potencias,4,124,1.0718042008821685e-26,25030,30,200,n,discreta_global,"(mu,lambda)",0.3
EE,potencias,4,125,8.181202881605102e-28,25230,30,200,n,discreta_global,"(mu,lambda)",0.3
EE,potencias,4,126,7.549887191547672e-27,25430,30,200,n,discreta_global,"(mu,lambda)",0.3
EE,potencias,4,127,4.4004055094730656e-27,25630,30,200,n,discreta_global,"(mu,lambda)",0.3
EE,potencias,4,128,4.552104803428503e-27,25830,30,200,n,discreta_global,"(mu,lambda)",0.3
EE,potencias,4,129,2.3019360428895373e-27,26030,30,200,n,discreta_global,"(mu,lambda)",0.3
EE,potencias,4,130,2.9250947340878063e-27,26230,30,200,n,discreta_global,"(mu,lambda)",0.3
EE,potencias,4,131,3.187680997900314e-27,26430,30,200,n,discreta_global,"(mu,lambda)",0.3
EE,potencias,4,132,5.2893524498300875e-27,26630,30,200,n,discreta_global,"(mu,lambda)",0.3
EE,potencias,4,133,1.3962816514400403e-27,26830,30,200,n,discreta_global,"(mu,lambda)",0.3
EE,potencias,4,134,3.6490871563935245e-27,27030,30,200,n,discreta_global,"(mu,lambda)",0.3
EE,potencias,4,135,4.506089522123709e-27,27230,30,200,n,discreta_global,"(mu,lambda)",0.3
EE,potencias,4,136,3.6864018597418605e-27,27430,30,200,n,discreta_global,"(mu,lambda)",0.3
EE,potencias,4,137,3.815347069997666e-27,27630,30,200,n,discreta_global,"(mu,lambda)",0.3
EE,potencias,4,138,2.205184940233296e-27,27830,30,200,n,discreta_global,"(mu,lambda)",0.3
EE,potencias,4,139,1.5933045136857766e-27,28030,30,200,n,discreta_global,"(mu,lambda)",0.3
EE,potencias,4,140,3.071186353099285e-27,28230,30,200,n,discreta_global,"(mu,lambda)",0.3
EE,potencias,4,141,3.7386328694241075e-27,28430,30,200,n,discreta_global,"(mu,lambda)",0.3
EE,potencias,4,142,2.619682248628514e-27,28630,30,200,n,discreta_global,"(mu,lambda)",0.3
EE,potencias,4,143,3.830891058211129e-27,28830,30,200,n,discreta_global,"(mu,lambda)",0.3
EE,potencias,4,144,4.321768607006143e-27,29030,30,200,n,discreta_global,"(mu,lambda)",0.3
EE,potencias,4,145,9.016977444546867e-27,29230,30,200,n,discreta_global,"(mu,lambda)",0.3
EE,potencias,4,146,5.4217527183535e-27,29430,30,200,n,discreta_global,"(mu,lambda)",0.3
EE,potencias,4,147,6.512194855810302e-27,29630,30,200,n,discreta_global,"(mu,lambda)",0.3
EE,potencias,4,148,6.613014308704043e-27,29830,30,200,n,discreta_global,"(mu,lambda)",0.3
EE,potencias,4,149,5.1778176560984406e-27,30030,30,200,n,discreta_global,"(mu,lambda)",0.3
EE,potencias,4,150,3.457403480003658e-27,30230,30,200,n,discreta_global,"(mu,lambda)",0.3
EE,potencias,4,151,5.795935726447286e-27,30430,30,200,n,discreta_global,"(mu,lambda)",0.3
EE,potencias,4,152,4.587197456309922e-27,30630,30,200,n,discreta_global,"(mu,lambda)",0.3
EE,potencias,4,153,6.418402574067332e-27,30830,30,200,n,discreta_global,"(mu,lambda)",0.3
EE,potencias,4,154,6.016215673715488e-27,31030,30,200,n,discreta_global,"(mu,lambda)",0.3
EE,potencias,4,155,4.669873192053328e-27,31230,30,200,n,discreta_global,"(mu,lambda)",0.3
EE,potencias,4,156,7.20188452136041e-27,31430,30,200,n,discreta_global,"(mu,lambda)",0.3
EE,potencias,4,157,5.096862255655519e-27,31630,30,200,n,discreta_global,"(mu,lambda)",0.3
EE,potencias,4,158,2.3985200714139473e-27,31830,30,200,n,discreta_global,"(mu,lambda)",0.3
EE,potencias,4,159,1.917555584907955e-27,32030,30,200,n,discreta_global,"(mu,lambda)",0.3
EE,potencias,4,160,3.003933012453716e-27,32230,30,200,n,discreta_global,"(mu,lambda)",0.3
EE,potencias,4,161,1.6917848997514353e-27,32430,30,200,n,discreta_global,"(mu,lambda)",0.3
EE,potencias,4,162,6.792805575635207e-27,32630,30,200,n,discreta_global,"(mu,lambda)",0.3
EE,potencias,4,163,7.073315868240617e-27,32830,30,200,n,discreta_global,"(mu,lambda)",0.3
EE,potencias,4,164,2.4733026093800577e-27,33030,30,200,n,discreta_global,"(mu,lambda)",0.3
EE,potencias,4,165,3.805854781241359e-27,33230,30,200,n,discreta_global,"(mu,lambda)",0.3
EE,potencias,4,166,6.532070210945792e-28,33430,30,200,n,discreta_global,"(mu,lambda)",0.3
EE,potencias,4,167,1.5395524593116725e-27,33630,30,200,n,discreta_global,"(mu,lambda)",0.3
EE,potencias,4,168,2.0053660684019932e-27,33830,30,200,n,discreta_global,"(mu,lambda)",0.3
EE,potencias,4,169,2.2388958753139595e-27,34030,30,200,n,discreta_global,"(mu,lambda)",0.3
EE,potencias,4,170,2.8376604323653795e-27,34230,30,200,n,discreta_global,"(mu,lambda)",0.3
EE,potencias,4,171,3.365500992093289e-27,34430,30,200,n,discreta_global,"(mu,lambda)",0.3
EE,potencias,4,172,5.443142113408233e-28,34630,30,200,n,discreta_global,"(mu,lambda)",0.3
EE,potencias,4,173,2.448037535309289e-27,34830,30,200,n,discreta_global,"(mu,lambda)",0.3
EE,potencias,4,174,3.184376349599253e-27,35030,30,200,n,discreta_global,"(mu,lambda)",0.3
EE,potencias,4,175,3.148552833272035e-27,35230,30,200,n,discreta_global,"(mu,lambda)",0.3
EE,potencias,4,176,5.6822305508668075e-27,35430,30,200,n,discreta_global,"(mu,lambda)",0.3
EE,potencias,4,177,1.9704752270434634e-27,35630,30,200,n,discreta_global,"(mu,lambda)",0.3
EE,potencias,4,178,3.002432525229297e-27,35830,30,200,n,discreta_global,"(mu,lambda)",0.3
EE,potencias,4,179,1.0653979168375761e-27,36030,30,200,n,discreta_global,"(mu,lambda)",0.3
EE,potencias,4,180,6.4446561018223745e-28,36230,30,200,n,discreta_global,"(mu,lambda)",0.3
EE,potencias,4,181,1.90537872070886e-27,36430,30,200,n,discreta_global,"(mu,lambda)",0.3
EE,potencias,4,182,1.2842378727469633e-27,36630,30,200,n,discreta_global,"(mu,lambda)",0.3
EE,potencias,4,183,1.0724142686161682e-27,36830,30,200,n,discreta_global,"(mu,lambda)",0.3
EE,potencias,4,184,2.7034663849310178e-27,37030,30,200,n,discreta_global,"(mu,lambda)",0.3
EE,potencias,4,185,3.539380279104849e-27,37230,30,200,n,discreta_global,"(mu,lambda)",0.3
EE,potencias,4,186,3.662716027187359e-27,37430,30,200,n,discreta_global,"(mu,lambda)",0.3
EE,potencias,4,187,6.059884817964588e-28,37630,30,200,n,discreta_global,"(mu,lambda)",0.3
EE,potencias,4,188,3.436873031414732e-27,37830,30,200,n,discreta_global,"(mu,lambda)",0.3
EE,potencias,4,189,1.3180177588973646e-27,38030,30,200,n,discreta_global,"(mu,lambda)",0.3
EE,potencias,4,190,1.8504139089522603e-27,38230,30,200,n,discreta_global,"(mu,lambda)",0.3
EE,potencias,4,191,1.5936818846079446e-27,38430,30,200,n,discreta_global,"(mu,lambda)",0.3
EE,potencias,4,192,2.6577514865888452e-27,38630,30,200,n,discreta_global,"(mu,lambda)",0.3
EE,potencias,4,193,1.1754685425685186e-27,38830,30,200,n,discreta_global,"(mu,lambda)",0.3
EE,potencias,4,194,4.65315503068313e-28,39030,30,200,n,discreta_global,"(mu,lambda)",0.3
EE,potencias,4,195,3.679400331008121e-28,39230,30,200,n,discreta_global,"(mu,lambda)",0.3
EE,potencias,4,196,5.356649119186386e-28,39430,30,200,n,discreta_global,"(mu,lambda)",0.3
EE,potencias,4,197,5.0445163283840524e-27,39630,30,200,n,discreta_global,"(mu,lambda)",0.3
EE,potencias,4,198,5.9419108571062435e-28,39830,30,200,n,discreta_global,"(mu,lambda)",0.3
EE,potencias,4,199,5.544297016604507e-28,40030,30,200,n,discreta_global,"(mu,lambda)",0.3
EE,potencias,4,200,2.6801524351080333e-27,40230,30,200,n,discreta_global,"(mu,lambda)",0.3
EE,potencias,4,201,7.991092388573177e-28,40430,30,200,n,discreta_global,"(mu,lambda)",0.3
EE,potencias,4,202,1.445527226375548e-27,40630,30,200,n,discreta_global,"(mu,lambda)",0.3
EE,potencias,4,203,3.010723825398489e-27,40830,30,200,n,discreta_global,"(mu,lambda)",0.3
EE,potencias,4,204,5.99309408970578e-28,41030,30,200,n,discreta_global,"(mu,lambda)",0.3
EE,potencias,4,205,6.04850714728155e-28,41230,30,200,n,discreta_global,"(mu,lambda)",0.3
EE,potencias,4,206,4.665929325298277e-28,41430,30,200,n,discreta_global,"(mu,lambda)",0.3
EE,potencias,4,207,1.5730912119129036e-27,41630,30,200,n,discreta_global,"(mu,lambda)",0.3
EE,potencias,4,208,5.611629150600392e-28,41830,30,200,n,discreta_global,"(mu,lambda)",0.3
EE,potencias,4,209,1.4892733679643272e-27,42030,30,200,n,discreta_global,"(mu,lambda)",0.3
EE,potencias,4,210,1.0743176823555931e-27,42230,30,200,n,discreta_global,"(mu,lambda)",0.3
EE,potencias,4,211,5.2798415289233885e-28,42430,30,200,n,discreta_global,"(mu,lambda)",0.3
EE,potencias,4,212,4.074284070832104e-28,42630,30,200,n,discreta_global,"(mu,lambda)",0.3
EE,potencias,4,213,5.137143886754837e-28,42830,30,200,n,discreta_global,"(mu,lambda)",0.3
EE,potencias,4,214,2.4409906451560723e-27,43030,30,200,n,discreta_global,"(mu,lambda)",0.3
EE,potencias,4,215,1.8461682310632033e-27,43230,30,200,n,discreta_global,"(mu,lambda)",0.3
EE,potencias,4,216,1.3118155908804622e-27,43430,30,200,n,discreta_global,"(mu,lambda)",0.3
EE,potencias,4,217,2.7084311186732314e-28,43630,30,200,n,discreta_global,"(mu,lambda)",0.3
EE,potencias,4,218,1.2941127541482504e-27,43830,30,200,n,discreta_global,"(mu,lambda)",0.3
EE,potencias,4,219,1.2361073749488775e-27,44030,30,200,n,discreta_global,"(mu,lambda)",0.3
EE,potencias,4,220,8.895832902030381e-28,44230,30,200,n,discreta_global,"(mu,lambda)",0.3
EE,potencias,4,221,5.770609083464696e-28,44430,30,200,n,discreta_global,"(mu,lambda)",0.3
EE,potencias,4,222,1.3280110140070462e-27,44630,30,200,n,discreta_global,"(mu,lambda)",0.3
EE,potencias,4,223,1.2123467044508754e-27,44830,30,200,n,discreta_global,"(mu,lambda)",0.3
EE,potencias,4,224,3.1975492863991206e-27,45030,30,200,n,discreta_global,"(mu,lambda)",0.3
EE,potencias,4,225,1.8536780071668704e-27,45230,30,200,n,discreta_global,"(mu,lambda)",0.3
EE,potencias,4,226,1.3224413015889606e-27,45430,30,200,n,discreta_global,"(mu,lambda)",0.3
EE,potencias,4,227,1.0128651218938112e-27,45630,30,200,n,discreta_global,"(mu,lambda)",0.3
EE,potencias,4,228,2.2900598693725485e-27,45830,30,200,n,discreta_global,"(mu,lambda)",0.3
EE,potencias,4,229,2.2399950450294203e-27,46030,30,200,n,discreta_global,"(mu,lambda)",0.3
EE,potencias,4,230,1.3250458862497881e-27,46230,30,200,n,discreta_global,"(mu,lambda)",0.3
EE,potencias,4,231,7.301056415915745e-28,46430,30,200,n,discreta_global,"(mu,lambda)",0.3
EE,potencias,4,232,1.7927767434772474e-27,46630,30,200,n,discreta_global,"(mu,lambda)",0.3
EE,potencias,4,233,6.579080473500772e-28,46830,30,200,n,discreta_global,"(mu,lambda)",0.3
EE,potencias,4,234,1.0757098981451714e-27,47030,30,200,n,discreta_global,"(mu,lambda)",0.3
EE,potencias,4,235,3.987966484491655e-28,47230,30,200,n,discreta_global,"(mu,lambda)",0.3
EE,potencias,4,236,8.722057920418514e-28,47430,30,200,n,discreta_global,"(mu,lambda)",0.3
EE,potencias,4,237,5.516045422103215e-28,47630,30,200,n,discreta_global,"(mu,lambda)",0.3
EE,potencias,4,238,8.050130309847803e-28,47830,30,200,n,discreta_global,"(mu,lambda)",0.3
EE,potencias,4,239,1.58862610149356e-27,48030,30,200,n,discreta_global,"(mu,lambda)",0.3
EE,potencias,4,240,2.1591723960847876e-27,48230,30,200,n,discreta_global,"(mu,lambda)",0.3
EE,potencias,4,241,8.012771439722422e-27,48430,30,200,n,discreta_global,"(mu,lambda)",0.3
EE,potencias,4,242,1.4134922603357124e-27,48630,30,200,n,discreta_global,"(mu,lambda)",0.3
EE,potencias,4,243,1.6091149469758232e-27,48830,30,200,n,discreta_global,"(mu,lambda)",0.3
EE,potencias,4,244,1.4503243936660065e-27,49030,30,200,n,discreta_global,"(mu,lambda)",0.3
EE,potencias,4,245,2.1074775163625373e-27,49230,30,200,n,discreta_global,"(mu,lambda)",0.3
EE,potencias,4,246,1.1472286482692892e-27,49430,30,200,n,discreta_global,"(mu,lambda)",0.3
EE,potencias,4,247,3.2003515992505227e-27,49630,30,200,n,discreta_global,"(mu,lambda)",0.3
EE,potencias,4,248,9.056948961002116e-27,49830,30,200,n,discreta_global,"(mu,lambda)",0.3
EE,potencias,4,249,2.156701298912519e-27,50030,30,200,n,discreta_global,"(mu,lambda)",0.3
EE,potencias,4,250,1.309604174813174e-27,50230,30,200,n,discreta_global,"(mu,lambda)",0.3
EE,potencias,4,251,1.2652532874650566e-27,50430,30,200,n,discreta_global,"(mu,lambda)",0.3
EE,potencias,4,252,4.085673056915777e-28,50630,30,200,n,discreta_global,"(mu,lambda)",0.3
EE,potencias,4,253,1.4635957761400236e-27,50830,30,200,n,discreta_global,"(mu,lambda)",0.3
EE,potencias,4,254,1.8273965659067823e-27,51030,30,200,n,discreta_global,"(mu,lambda)",0.3
EE,potencias,4,255,2.4194844137989092e-27,51230,30,200,n,discreta_global,"(mu,lambda)",0.3
EE,potencias,4,256,1.499055777176546e-27,51430,30,200,n,discreta_global,"(mu,lambda)",0.3
EE,potencias,4,257,1.527167568432911e-28,51630,30,200,n,discreta_global,"(mu,lambda)",0.3
EE,potencias,4,258,7.2934414346405525e-28,51830,30,200,n,discreta_global,"(mu,lambda)",0.3
EE,potencias,4,259,6.5249501727873045e-28,52030,30,200,n,discreta_global,"(mu,lambda)",0.3
EE,potencias,4,260,2.9389057619166377e-28,52230,30,200,n,discreta_global,"(mu,lambda)",0.3
EE,potencias,4,261,3.0569158684637306e-28,52430,30,200,n,discreta_global,"(mu,lambda)",0.3
EE,potencias,4,262,9.117105557751598e-28,52630,30,200,n,discreta_global,"(mu,lambda)",0.3
EE,potencias,4,263,2.1371698010943005e-27,52830,30,200,n,discreta_global,"(mu,lambda)",0.3
EE,potencias,4,264,7.960556964202172e-29,53030,30,200,n,discreta_global,"(mu,lambda)",0.3
EE,potencias,4,265,2.798885829351875e-28,53230,30,200,n,discreta_global,"(mu,lambda)",0.3
EE,potencias,4,266,5.840786235582669e-28,53430,30,200,n,discreta_global,"(mu,lambda)",0.3
EE,potencias,4,267,1.3682234796462423e-28,53630,30,200,n,discreta_global,"(mu,lambda)",0.3
EE,potencias,4,268,1.1064104022125452e-27,53830,30,200,n,discreta_global,"(mu,lambda)",0.3
EE,potencias,4,269,7.894763132093111e-28,54030,30,200,n,discreta_global,"(mu,lambda)",0.3
EE,potencias,4,270,1.0666039085642418e-27,54230,30,200,n,discreta_global,"(mu,lambda)",0.3
EE,potencias,4,271,1.8095143667309642e-28,54430,30,200,n,discreta_global,"(mu,lambda)",0.3
EE,potencias,4,272,2.941197162512216e-28,54630,30,200,n,discreta_global,"(mu,lambda)",0.3
EE,potencias,4,273,5.53510019640308e-28,54830,30,200,n,discreta_global,"(mu,lambda)",0.3
EE,potencias,4,274,1.2093308439232622e-27,55030,30,200,n,discreta_global,"(mu,lambda)",0.3
EE,potencias,4,275,4.768093639915431e-28,55230,30,200,n,discreta_global,"(mu,lambda)",0.3
EE,potencias,4,276,3.3043443141766645e-27,55430,30,200,n,discreta_global,"(mu,lambda)",0.3
EE,potencias,4,277,5.488085236077847e-29,55630,30,200,n,discreta_global,"(mu,lambda)",0.3
EE,potencias,4,278,2.5036399129497358e-27,55830,30,200,n,discreta_global,"(mu,lambda)",0.3
EE,potencias,4,279,7.009677477937191e-28,56030,30,200,n,discreta_global,"(mu,lambda)",0.3
EE,potencias,4,280,1.5307631924879013e-27,56230,30,200,n,discreta_global,"(mu,lambda)",0.3
EE,potencias,4,281,7.390404078023246e-29,56430,30,200,n,discreta_global,"(mu,lambda)",0.3
EE,potencias,4,282,4.274781163101332e-28,56630,30,200,n,discreta_global,"(mu,lambda)",0.3
EE,potencias,4,283,1.2483960580648945e-27,56830,30,200,n,discreta_global,"(mu,lambda)",0.3
EE,potencias,4,284,4.044950656064579e-28,57030,30,200,n,discreta_global,"(mu,lambda)",0.3
EE,potencias,4,285,1.5199606820137495e-28,57230,30,200,n,discreta_global,"(mu,lambda)",0.3
EE,potencias,4,286,2.4164338291415985e-28,57430,30,200,n,discreta_global,"(mu,lambda)",0.3
EE,potencias,4,287,3.5601832695086176e-27,57630,30,200,n,discreta_global,"(mu,lambda)",0.3
EE,potencias,4,288,1.0878368361489107e-28,57830,30,200,n,discreta_global,"(mu,lambda)",0.3
EE,potencias,4,289,1.2529562803335825e-28,58030,30,200,n,discreta_global,"(mu,lambda)",0.3
EE,potencias,4,290,1.980313828752755e-27,58230,30,200,n,discreta_global,"(mu,lambda)",0.3
EE,potencias,4,291,7.349856591826713e-28,58430,30,200,n,discreta_global,"(mu,lambda)",0.3
EE,potencias,4,292,2.877333126371568e-28,58630,30,200,n,discreta_global,"(mu,lambda)",0.3
EE,potencias,4,293,1.53046405631137e-27,58830,30,200,n,discreta_global,"(mu,lambda)",0.3
EE,potencias,4,294,6.07561770295283e-28,59030,30,200,n,discreta_global,"(mu,lambda)",0.3
EE,potencias,4,295,6.013346275830542e-28,59230,30,200,n,discreta_global,"(mu,lambda)",0.3
EE,potencias,4,296,3.8407987262760704e-28,59430,30,200,n,discreta_global,"(mu,lambda)",0.3
EE,potencias,4,297,9.774630026055089e-28,59630,30,200,n,discreta_global,"(mu,lambda)",0.3
EE,potencias,4,298,1.3729032272369307e-28,59830,30,200,n,discreta_global,"(mu,lambda)",0.3
EE,potencias,4,299,8.831695696067906e-28,60030,30,200,n,discreta_global,"(mu,lambda)",0.3
EE,potencias,4,300,1.668733146517763e-27,60230,30,200,n,discreta_global,"(mu,lambda)",0.3
EE,potencias,4,301,6.259814669146509e-28,60430,30,200,n,discreta_global,"(mu,lambda)",0.3
EE,potencias,4,302,2.4284749318093247e-28,60630,30,200,n,discreta_global,"(mu,lambda)",0.3
EE,potencias,4,303,2.112483261140668e-28,60830,30,200,n,discreta_global,"(mu,lambda)",0.3
EE,potencias,4,304,2.438595603745416e-27,61030,30,200,n,discreta_global,"(mu,lambda)",0.3
EE,potencias,4,305,1.0638446934489237e-27,61230,30,200,n,discreta_global,"(mu,lambda)",0.3
EE,potencias,4,306,2.629808747116092e-28,61430,30,200,n,discreta_global,"(mu,lambda)",0.3
EE,potencias,4,307,6.289391389757775e-28,61630,30,200,n,discreta_global,"(mu,lambda)",0.3
EE,potencias,4,308,3.359091915762552e-28,61830,30,200,n,discreta_global,"(mu,lambda)",0.3
EE,potencias,4,309,9.703591943519582e-28,62030,30,200,n,discreta_global,"(mu,lambda)",0.3
EE,potencias,4,310,1.7504308788368128e-27,62230,30,200,n,discreta_global,"(mu,lambda)",0.3
EE,potencias,4,311,4.160251230444099e-28,62430,30,200,n,discreta_global,"(mu,lambda)",0.3
EE,potencias,4,312,3.0454032603939094e-28,62630,30,200,n,discreta_global,"(mu,lambda)",0.3
EE,potencias,4,313,3.2951444406527477e-28,62830,30,200,n,discreta_global,"(mu,lambda)",0.3
EE,potencias,4,314,1.296695195017455e-28,63030,30,200,n,discreta_global,"(mu,lambda)",0.3
EE,potencias,4,315,2.9536952843614083e-28,63230,30,200,n,discreta_global,"(mu,lambda)",0.3
EE,potencias,4,316,3.1359609437071125e-28,63430,30,200,n,discreta_global,"(mu,lambda)",0.3
EE,potencias,4,317,1.120017321677678e-27,63630,30,200,n,discreta_global,"(mu,lambda)",0.3
EE,potencias,4,318,1.5947079841062655e-28,63830,30,200,n,discreta_global,"(mu,lambda)",0.3
EE,potencias,4,319,1.5693452026779704e-27,64030,30,200,n,discreta_global,"(mu,lambda)",0.3
EE,potencias,4,320,9.163848357140978e-28,64230,30,200,n,discreta_global,"(mu,lambda)",0.3
EE,potencias,4,321,1.187202869624407e-28,64430,30,200,n,discreta_global,"(mu,lambda)",0.3
EE,potencias,4,322,1.0851194317594088e-28,64630,30,200,n,discreta_global,"(mu,lambda)",0.3
EE,potencias,4,323,1.0614644831017048e-27,64830,30,200,n,discreta_global,"(mu,lambda)",0.3
EE,potencias,4,324,4.985903186869715e-28,65030,30,200,n,discreta_global,"(mu,lambda)",0.3
EE,potencias,4,325,1.8298398207066507e-27,65230,30,200,n,discreta_global,"(mu,lambda)",0.3
EE,potencias,4,326,1.5241422910326691e-27,65430,30,200,n,discreta_global,"(mu,lambda)",0.3
EE,potencias,4,327,3.0200037057076516e-27,65630,30,200,n,discreta_global,"(mu,lambda)",0.3
EE,potencias,4,328,7.520317089462967e-28,65830,30,200,n,discreta_global,"(mu,lambda)",0.3
EE,potencias,4,329,4.362263637819658e-28,66030,30,200,n,discreta_global,"(mu,lambda)",0.3
EE,potencias,4,330,1.7520432357706846e-28,66230,30,200,n,discreta_global,"(mu,lambda)",0.3
EE,potencias,4,331,5.12774207479066e-28,66430,30,200,n,discreta_global,"(mu,lambda)",0.3
EE,potencias,4,332,2.355758276389545e-28,66630,30,200,n,discreta_global,"(mu,lambda)",0.3
EE,potencias,4,333,1.640627601648471e-27,66830,30,200,n,discreta_global,"(mu,lambda)",0.3
EE,potencias,4,334,1.411090829549427e-27,67030,30,200,n,discreta_global,"(mu,lambda)",0.3
EE,potencias,4,335,1.255643215477832e-27,67230,30,200,n,discreta_global,"(mu,lambda)",0.3
EE,potencias,4,336,3.474938786809505e-28,67430,30,200,n,discreta_global,"(mu,lambda)",0.3
EE,potencias,4,337,9.976597849642878e-28,67630,30,200,n,discreta_global,"(mu,lambda)",0.3
EE,potencias,4,338,2.6172107781924946e-28,67830,30,200,n,discreta_global,"(mu,lambda)",0.3
EE,potencias,4,339,7.030427605193833e-29,68030,30,200,n,discreta_global,"(mu,lambda)",0.3
EE,potencias,4,340,1.5638748075697975e-27,68230,30,200,n,discreta_global,"(mu,lambda)",0.3
EE,potencias,4,341,1.5003790259281698e-28,68430,30,200,n,discreta_global,"(mu,lambda)",0.3
EE,potencias,4,342,3.0097186417985454e-28,68630,30,200,n,discreta_global,"(mu,lambda)",0.3
EE,potencias,4,343,8.774374481154979e-28,68830,30,200,n,discreta_global,"(mu,lambda)",0.3
EE,potencias,4,344,1.8879887623627816e-27,69030,30,200,n,discreta_global,"(mu,lambda)",0.3
EE,potencias,4,345,1.4460946882173446e-28,69230,30,200,n,discreta_global,"(mu,lambda)",0.3
EE,potencias,4,346,7.663032222002524e-28,69430,30,200,n,discreta_global,"(mu,lambda)",0.3
EE,potencias,4,347,5.571578724820086e-29,69630,30,200,n,discreta_global,"(mu,lambda)",0.3
EE,potencias,4,348,3.650672040699155e-28,69830,30,200,n,discreta_global,"(mu,lambda)",0.3
EE,potencias,4,349,8.476929990074303e-28,70030,30,200,n,discreta_global,"(mu,lambda)",0.3
EE,potencias,4,350,3.0187884323729333e-27,70230,30,200,n,discreta_global,"(mu,lambda)",0.3
EE,potencias,4,351,3.558481676236328e-28,70430,30,200,n,discreta_global,"(mu,lambda)",0.3
EE,potencias,4,352,9.089551330819475e-29,70630,30,200,n,discreta_global,"(mu,lambda)",0.3
EE,potencias,4,353,8.729016028629885e-28,70830,30,200,n,discreta_global,"(mu,lambda)",0.3
EE,potencias,4,354,7.639664445810903e-28,71030,30,200,n,discreta_global,"(mu,lambda)",0.3
EE,potencias,4,355,1.1874872248148286e-27,71230,30,200,n,discreta_global,"(mu,lambda)",0.3
EE,potencias,4,356,1.0517841339263773e-27,71430,30,200,n,discreta_global,"(mu,lambda)",0.3
EE,potencias,4,357,7.583268669268544e-29,71630,30,200,n,discreta_global,"(mu,lambda)",0.3
EE,potencias,4,358,1.770994723897663e-27,71830,30,200,n,discreta_global,"(mu,lambda)",0.3
EE,potencias,4,359,1.2472582425557456e-27,72030,30,200,n,discreta_global,"(mu,lambda)",0.3
EE,potencias,4,360,7.172037702933406e-28,72230,30,200,n,discreta_global,"(mu,lambda)",0.3
EE,potencias,4,361,7.263046075801035e-28,72430,30,200,n,discreta_global,"(mu,lambda)",0.3
EE,potencias,4,362,2.0570311476092113e-27,72630,30,200,n,discreta_global,"(mu,lambda)",0.3
EE,potencias,4,363,1.197403886102712e-27,72830,30,200,n,discreta_global,"(mu,lambda)",0.3
EE,potencias,4,364,8.945436810773842e-28,73030,30,200,n,discreta_global,"(mu,lambda)",0.3
EE,potencias,4,365,3.4941256056135234e-27,73230,30,200,n,discreta_global,"(mu,lambda)",0.3
EE,potencias,4,366,1.4899298639557607e-28,73430,30,200,n,discreta_global,"(mu,lambda)",0.3
EE,potencias,4,367,1.7428824345907346e-27,73630,30,200,n,discreta_global,"(mu,lambda)",0.3
EE,potencias,4,368,4.103772010506522e-28,73830,30,200,n,discreta_global,"(mu,lambda)",0.3
EE,potencias,4,369,9.973539811686485e-28,74030,30,200,n,discreta_global,"(mu,lambda)",0.3
EE,potencias,4,370,6.287544126341637e-28,74230,30,200,n,discreta_global,"(mu,lambda)",0.3
EE,potencias,4,371,9.462756204040211e-28,74430,30,200,n,discreta_global,"(mu,lambda)",0.3
EE,potencias,4,372,5.839258400261024e-28,74630,30,200,n,discreta_global,"(mu,lambda)",0.3
EE,potencias,4,373,1.260215054893818e-27,74830,30,200,n,discreta_global,"(mu,lambda)",0.3
EE,potencias,4,374,1.5695580729677233e-27,75030,30,200,n,discreta_global,"(mu,lambda)",0.3
EE,potencias,4,375,6.809451000608739e-28,75230,30,200,n,discreta_global,"(mu,lambda)",0.3
EE,potencias,4,376,7.363034942201671e-28,75430,30,200,n,discreta_global,"(mu,lambda)",0.3
EE,potencias,4,377,5.856086353431537e-28,75630,30,200,n,discreta_global,"(mu,lambda)",0.3
EE,potencias,4,378,9.3442660091004e-28,75830,30,200,n,discreta_global,"(mu,lambda)",0.3
EE,potencias,4,379,6.167467076629116e-28,76030,30,200,n,discreta_global,"(mu,lambda)",0.3
EE,potencias,4,380,5.863269370021207e-28,76230,30,200,n,discreta_global,"(mu,lambda)",0.3
EE,potencias,4,381,5.46648341632748e-28,76430,30,200,n,discreta_global,"(mu,lambda)",0.3
EE,potencias,4,382,5.659803112830476e-28,76630,30,200,n,discreta_global,"(mu,lambda)",0.3
EE,potencias,4,383,6.668947512108016e-28,76830,30,200,n,discreta_global,"(mu,lambda)",0.3
EE,potencias,4,384,6.3279597849752015e-28,77030,30,200,n,discreta_global,"(mu,lambda)",0.3
EE,potencias,4,385,6.488700776198543e-28,77230,30,200,n,discreta_global,"(mu,lambda)",0.3
EE,potencias,4,386,6.63911212344228e-28,77430,30,200,n,discreta_global,"(mu,lambda)",0.3
EE,potencias,4,387,8.505142980258142e-28,77630,30,200,n,discreta_global,"(mu,lambda)",0.3
EE,potencias,4,388,1.0228092325140638e-27,77830,30,200,n,discreta_global,"(mu,lambda)",0.3
EE,potencias,4,389,6.040624945478018e-28,78030,30,200,n,discreta_global,"(mu,lambda)",0.3
EE,potencias,4,390,5.321885064562523e-28,78230,30,200,n,discreta_global,"(mu,lambda)",0.3
EE,potencias,4,391,1.356963565416887e-27,78430,30,200,n,discreta_global,"(mu,lambda)",0.3
EE,potencias,4,392,6.379762352240457e-28,78630,30,200,n,discreta_global,"(mu,lambda)",0.3
EE,potencias,4,393,1.0700011522562363e-27,78830,30,200,n,discreta_global,"(mu,lambda)",0.3
EE,potencias,4,394,1.3649805439685563e-27,79030,30,200,n,discreta_global,"(mu,lambda)",0.3
EE,potencias,4,395,5.391784698542381e-28,79230,30,200,n,discreta_global,"(mu,lambda)",0.3
EE,potencias,4,396,6.832058693806941e-28,79430,30,200,n,discreta_global,"(mu,lambda)",0.3
EE,potencias,4,397,2.0817243518424027e-27,79630,30,200,n,discreta_global,"(mu,lambda)",0.3
EE,potencias,4,398,4.976609377093586e-28,79830,30,200,n,discreta_global,"(mu,lambda)",0.3
EE,potencias,4,399,5.936413177479248e-28,80030,30,200,n,discreta_global,"(mu,lambda)",0.3
EE,potencias,4,400,7.119176250136184e-28,80230,30,200,n,discreta_global,"(mu,lambda)",0.3
EE,potencias,4,401,6.260694033913436e-28,80430,30,200,n,discreta_global,"(mu,lambda)",0.3
EE,potencias,4,402,5.612021076909484e-28,80630,30,200,n,discreta_global,"(mu,lambda)",0.3
EE,potencias,4,403,5.672402556715099e-28,80830,30,200,n,discreta_global,"(mu,lambda)",0.3
EE,potencias,4,404,1.1289662537256598e-27,81030,30,200,n,discreta_global,"(mu,lambda)",0.3
EE,potencias,4,405,6.802570913916754e-28,81230,30,200,n,discreta_global,"(mu,lambda)",0.3
EE,potencias,4,406,1.2877840850698548e-27,81430,30,200,n,discreta_global,"(mu,lambda)",0.3
EE,potencias,4,407,7.360143502507277e-28,81630,30,200,n,discreta_global,"(mu,lambda)",0.3
EE,potencias,4,408,7.89665408088724e-28,81830,30,200,n,discreta_global,"(mu,lambda)",0.3
EE,potencias,4,409,1.4517860295721248e-27,82030,30,200,n,discreta_global,"(mu,lambda)",0.3
EE,potencias,4,410,9.080384066156303e-28,82230,30,200,n,discreta_global,"(mu,lambda)",0.3
EE,potencias,4,411,5.912936072706964e-28,82430,30,200,n,discreta_global,"(mu,lambda)",0.3
EE,potencias,4,412,1.1854980653750914e-27,82630,30,200,n,discreta_global,"(mu,lambda)",0.3
EE,potencias,4,413,1.536507904660381e-27,82830,30,200,n,discreta_global,"(mu,lambda)",0.3
EE,potencias,4,414,9.79523488154228e-28,83030,30,200,n,discreta_global,"(mu,lambda)",0.3
EE,potencias,4,415,8.220023546605786e-28,83230,30,200,n,discreta_global,"(mu,lambda)",0.3
EE,potencias,4,416,5.345621875291939e-28,83430,30,200,n,discreta_global,"(mu,lambda)",0.3
EE,potencias,4,417,5.59969732653107e-28,83630,30,200,n,discreta_global,"(mu,lambda)",0.3
EE,potencias,4,418,1.899672711460505e-27,83830,30,200,n,discreta_global,"(mu,lambda)",0.3
EE,potencias,4,419,5.562653018984034e-28,84030,30,200,n,discreta_global,"(mu,lambda)",0.3
EE,potencias,4,420,6.620355150383355e-28,84230,30,200,n,discreta_global,"(mu,lambda)",0.3
EE,potencias,4,421,1.0883118959815417e-27,84430,30,200,n,discreta_global,"(mu,lambda)",0.3
EE,potencias,4,422,1.1924678976478083e-27,84630,30,200,n,discreta_global,"(mu,lambda)",0.3
EE,potencias,4,423,7.946916188408266e-28,84830,30,200,n,discreta_global,"(mu,lambda)",0.3
EE,potencias,4,424,5.210611570650734e-28,85030,30,200,n,discreta_global,"(mu,lambda)",0.3
EE,potencias,4,425,6.139140462057933e-28,85230,30,200,n,discreta_global,"(mu,lambda)",0.3
EE,potencias,4,426,6.253561816141159e-28,85430,30,200,n,discreta_global,"(mu,lambda)",0.3
EE,potencias,4,427,6.539061118536529e-28,85630,30,200,n,discreta_global,"(mu,lambda)",0.3
EE,potencias,4,428,1.0156751430673623e-27,85830,30,200,n,discreta_global,"(mu,lambda)",0.3
EE,potencias,4,429,8.419262607576912e-28,86030,30,200,n,discreta_global,"(mu,lambda)",0.3
EE,potencias,4,430,5.244955662518364e-28,86230,30,200,n,discreta_global,"(mu,lambda)",0.3
EE,potencias,4,431,2.249549980771576e-27,86430,30,200,n,discreta_global,"(mu,lambda)",0.3
EE,potencias,4,432,4.523906376908639e-28,86630,30,200,n,discreta_global,"(mu,lambda)",0.3
EE,potencias,4,433,9.186873793757989e-28,86830,30,200,n,discreta_global,"(mu,lambda)",0.3
EE,potencias,4,434,1.166993803916546e-27,87030,30,200,n,discreta_global,"(mu,lambda)",0.3
EE,potencias,4,435,5.26444788929871e-28,87230,30,200,n,discreta_global,"(mu,lambda)",0.3
EE,potencias,4,436,6.092194574130957e-28,87430,30,200,n,discreta_global,"(mu,lambda)",0.3
EE,potencias,4,437,5.236011469889924e-28,87630,30,200,n,discreta_global,"(mu,lambda)",0.3
EE,potencias,4,438,4.867109168060427e-28,87830,30,200,n,discreta_global,"(mu,lambda)",0.3
EE,potencias,4,439,7.4419117012040195e-28,88030,30,200,n,discreta_global,"(mu,lambda)",0.3
EE,potencias,4,440,6.508131398818219e-28,88230,30,200,n,discreta_global,"(mu,lambda)",0.3
EE,potencias,4,441,1.7951129546820235e-27,88430,30,200,n,discreta_global,"(mu,lambda)",0.3
EE,potencias,4,442,2.26361252742091e-27,88630,30,200,n,discreta_global,"(mu,lambda)",0.3
EE,potencias,4,443,5.334950352645761e-28,88830,30,200,n,discreta_global,"(mu,lambda)",0.3
EE,potencias,4,444,5.7235972648811745e-28,89030,30,200,n,discreta_global,"(mu,lambda)",0.3
EE,potencias,4,445,8.871197680833041e-28,89230,30,200,n,discreta_global,"(mu,lambda)",0.3
EE,potencias,4,446,1.7023716284297116e-27,89430,30,200,n,discreta_global,"(mu,lambda)",0.3
EE,potencias,4,447,1.5193144438623336e-27,89630,30,200,n,discreta_global,"(mu,lambda)",0.3
EE,potencias,4,448,5.504735179375927e-28,89830,30,200,n,discreta_global,"(mu,lambda)",0.3
EE,potencias,4,449,1.360782498083428e-27,90030,30,200,n,discreta_global,"(mu,lambda)",0.3
EE,potencias,4,450,8.450084020806399e-28,90230,30,200,n,discreta_global,"(mu,lambda)",0.3
EE,potencias,4,451,2.3930516630398327e-27,90430,30,200,n,discreta_global,"(mu,lambda)",0.3
EE,potencias,4,452,1.9273544977686856e-27,90630,30,200,n,discreta_global,"(mu,lambda)",0.3
EE,potencias,4,453,1.3019707031531842e-27,90830,30,200,n,discreta_global,"(mu,lambda)",0.3
EE,potencias,4,454,5.18464862130474e-28,91030,30,200,n,discreta_global,"(mu,lambda)",0.3
EE,potencias,4,455,7.003761746859593e-28,91230,30,200,n,discreta_global,"(mu,lambda)",0.3
EE,potencias,4,456,4.686931602658937e-28,91430,30,200,n,discreta_global,"(mu,lambda)",0.3
EE,potencias,4,457,2.6664380166305062e-27,91630,30,200,n,discreta_global,"(mu,lambda)",0.3
EE,potencias,4,458,4.550018231362625e-28,91830,30,200,n,discreta_global,"(mu,lambda)",0.3
EE,potencias,4,459,5.938318220634643e-28,92030,30,200,n,discreta_global,"(mu,lambda)",0.3
EE,potencias,4,460,5.654345013363756e-28,92230,30,200,n,discreta_global,"(mu,lambda)",0.3
EE,potencias,4,461,1.2629374697012788e-27,92430,30,200,n,discreta_global,"(mu,lambda)",0.3
EE,potencias,4,462,8.627317876547805e-28,92630,30,200,n,discreta_global,"(mu,lambda)",0.3
EE,potencias,4,463,8.060098463672757e-28,92830,30,200,n,discreta_global,"(mu,lambda)",0.3
EE,potencias,4,464,4.739723909916259e-28,93030,30,200,n,discreta_global,"(mu,lambda)",0.3
EE,potencias,4,465,8.603346049864753e-28,93230,30,200,n,discreta_global,"(mu,lambda)",0.3
EE,potencias,4,466,2.362616962132636e-27,93430,30,200,n,discreta_global,"(mu,lambda)",0.3
EE,potencias,4,467,9.830793128512842e-28,93630,30,200,n,discreta_global,"(mu,lambda)",0.3
EE,potencias,4,468,4.056729263789773e-28,93830,30,200,n,discreta_global,"(mu,lambda)",0.3
EE,potencias,4,469,1.8429033342016642e-27,94030,30,200,n,discreta_global,"(mu,lambda)",0.3
EE,potencias,4,470,4.7304554096508435e-28,94230,30,200,n,discreta_global,"(mu,lambda)",0.3
EE,potencias,4,471,3.1572405293961574e-28,94430,30,200,n,discreta_global,"(mu,lambda)",0.3
EE,potencias,4,472,4.6906407101843735e-28,94630,30,200,n,discreta_global,"(mu,lambda)",0.3
EE,potencias,4,473,5.2145092349431955e-28,94830,30,200,n,discreta_global,"(mu,lambda)",0.3
EE,potencias,4,474,2.293228230346056e-28,95030,30,200,n,discreta_global,"(mu,lambda)",0.3
EE,potencias,4,475,5.828401550390456e-28,95230,30,200,n,discreta_global,"(mu,lambda)",0.3
EE,potencias,4,476,4.460956758632133e-28,95430,30,200,n,discreta_global,"(mu,lambda)",0.3
EE,potencias,4,477,3.6535092821351765e-28,95630,30,200,n,discreta_global,"(mu,lambda)",0.3
EE,potencias,4,478,7.057083453852957e-28,95830,30,200,n,discreta_global,"(mu,lambda)",0.3
EE,potencias,4,479,9.804212047458608e-28,96030,30,200,n,discreta_global,"(mu,lambda)",0.3
EE,potencias,4,480,1.0130211061318463e-27,96230,30,200,n,discreta_global,"(mu,lambda)",0.3
EE,potencias,4,481,3.3224558554201166e-28,96430,30,200,n,discreta_global,"(mu,lambda)",0.3
EE,potencias,4,482,4.119564653525115e-28,96630,30,200,n,discreta_global,"(mu,lambda)",0.3
EE,potencias,4,483,5.273811014721232e-28,96830,30,200,n,discreta_global,"(mu,lambda)",0.3
EE,potencias,4,484,6.940176358083402e-28,97030,30,200,n,discreta_global,"(mu,lambda)",0.3
EE,potencias,4,485,1.496977543003042e-28,97230,30,200,n,discreta_global,"(mu,lambda)",0.3
EE,potencias,4,486,6.782998978086931e-28,97430,30,200,n,discreta_global,"(mu,lambda)",0.3
EE,potencias,4,487,1.177714610791851e-27,97630,30,200,n,discreta_global,"(mu,lambda)",0.3
EE,potencias,4,488,7.829012585955537e-28,97830,30,200,n,discreta_global,"(mu,lambda)",0.3
EE,potencias,4,489,7.535278657199171e-28,98030,30,200,n,discreta_global,"(mu,lambda)",0.3
EE,potencias,4,490,8.543878269885088e-28,98230,30,200,n,discreta_global,"(mu,lambda)",0.3
EE,potencias,4,491,1.831933629219472e-27,98430,30,200,n,discreta_global,"(mu,lambda)",0.3
EE,potencias,4,492,6.767802748706031e-28,98630,30,200,n,discreta_global,"(mu,lambda)",0.3
EE,potencias,4,493,5.749507610912934e-28,98830,30,200,n,discreta_global,"(mu,lambda)",0.3
EE,potencias,4,494,1.6468367321597113e-27,99030,30,200,n,discreta_global,"(mu,lambda)",0.3
EE,potencias,4,495,6.80890869677917e-28,99230,30,200,n,discreta_global,"(mu,lambda)",0.3
EE,potencias,4,496,1.0218666685721356e-27,99430,30,200,n,discreta_global,"(mu,lambda)",0.3
EE,potencias,4,497,9.796333066828853e-28,99630,30,200,n,discreta_global,"(mu,lambda)",0.3
EE,potencias,4,498,9.745216246403776e-28,99830,30,200,n,discreta_global,"(mu,lambda)",0.3
EE,potencias,4,499,8.153119390950834e-28,100030,30,200,n,discreta_global,"(mu,lambda)",0.3
EE,potencias,4,500,4.492823712120353e-28,100230,30,200,n,discreta_global,"(mu,lambda)",0.3
EE,potencias,4,501,7.6443250025073985e-28,100430,30,200,n,discreta_global,"(mu,lambda)",0.3
EE,potencias,4,502,7.756345216685933e-28,100630,30,200,n,discreta_global,"(mu,lambda)",0.3
EE,potencias,4,503,6.060766097870813e-28,100830,30,200,n,discreta_global,"(mu,lambda)",0.3
EE,potencias,4,504,9.713390342392943e-28,101030,30,200,n,discreta_global,"(mu,lambda)",0.3
EE,potencias,4,505,5.361576758591267e-28,101230,30,200,n,discreta_global,"(mu,lambda)",0.3
EE,potencias,4,506,5.029588784860078e-28,101430,30,200,n,discreta_global,"(mu,lambda)",0.3
EE,potencias,4,507,2.190761127844509e-27,101630,30,200,n,discreta_global,"(mu,lambda)",0.3
EE,potencias,4,508,8.36650375435093e-28,101830,30,200,n,discreta_global,"(mu,lambda)",0.3
EE,potencias,4,509,6.448314519847095e-28,102030,30,200,n,discreta_global,"(mu,lambda)",0.3
EE,potencias,4,510,4.08042572508035e-28,102230,30,200,n,discreta_global,"(mu,lambda)",0.3
EE,potencias,4,511,8.103557559675831e-28,102430,30,200,n,discreta_global,"(mu,lambda)",0.3
EE,potencias,4,512,4.279222127884452e-28,102630,30,200,n,discreta_global,"(mu,lambda)",0.3
EE,potencias,4,513,1.036487661051264e-27,102830,30,200,n,discreta_global,"(mu,lambda)",0.3
EE,potencias,4,514,6.956241614382046e-28,103030,30,200,n,discreta_global,"(mu,lambda)",0.3
EE,potencias,4,515,9.510921523383047e-28,103230,30,200,n,discreta_global,"(mu,lambda)",0.3
EE,potencias,4,516,1.2268236209154418e-27,103430,30,200,n,discreta_global,"(mu,lambda)",0.3
EE,potencias,4,517,4.479812797706031e-28,103630,30,200,n,discreta_global,"(mu,lambda)",0.3
EE,potencias,4,518,4.2041765016706285e-28,103830,30,200,n,discreta_global,"(mu,lambda)",0.3
EE,potencias,4,519,6.25239670276381e-28,104030,30,200,n,discreta_global,"(mu,lambda)",0.3
EE,potencias,4,520,6.201530006389089e-28,104230,30,200,n,discreta_global,"(mu,lambda)",0.3
EE,potencias,4,521,3.911880724561869e-28,104430,30,200,n,discreta_global,"(mu,lambda)",0.3
EE,potencias,4,522,6.670174109280534e-28,104630,30,200,n,discreta_global,"(mu,lambda)",0.3
EE,potencias,4,523,4.143073128070188e-28,104830,30,200,n,discreta_global,"(mu,lambda)",0.3
EE,potencias,4,524,5.982789524620196e-28,105030,30,200,n,discreta_global,"(mu,lambda)",0.3
EE,potencias,4,525,4.761646181094364e-28,105230,30,200,n,discreta_global,"(mu,lambda)",0.3
EE,potencias,4,526,3.7607238422022135e-28,105430,30,200,n,discreta_global,"(mu,lambda)",0.3
EE,potencias,4,527,3.8236000907010085e-28,105630,30,200,n,discreta_global,"(mu,lambda)",0.3
EE,potencias,4,528,6.0081152741182185e-28,105830,30,200,n,discreta_global,"(mu,lambda)",0.3
EE,potencias,4,529,7.347525694219923e-28,106030,30,200,n,discreta_global,"(mu,lambda)",0.3
EE,potencias,4,530,5.663624686483988e-28,106230,30,200,n,discreta_global,"(mu,lambda)",0.3
EE,potencias,4,531,4.545436410589029e-28,106430,30,200,n,discreta_global,"(mu,lambda)",0.3
EE,potencias,4,532,9.140273277687362e-28,106630,30,200,n,discreta_global,"(mu,lambda)",0.3
EE,potencias,4,533,5.60427847092522e-28,106830,30,200,n,discreta_global,"(mu,lambda)",0.3
EE,potencias,4,534,4.487297139350841e-28,107030,30,200,n,discreta_global,"(mu,lambda)",0.3
EE,potencias,4,535,2.3001740520441097e-27,107230,30,200,n,discreta_global,"(mu,lambda)",0.3
EE,potencias,4,536,9.488023466318731e-28,107430,30,200,n,discreta_global,"(mu,lambda)",0.3
EE,potencias,4,537,6.323837840024462e-28,107630,30,200,n,discreta_global,"(mu,lambda)",0.3
EE,potencias,4,538,5.902562901931963e-28,107830,30,200,n,discreta_global,"(mu,lambda)",0.3
EE,potencias,4,539,5.625829479601284e-28,108030,30,200,n,discreta_global,"(mu,lambda)",0.3
EE,potencias,4,540,4.633490134038458e-28,108230,30,200,n,discreta_global,"(mu,lambda)",0.3
EE,potencias,4,541,5.68648977150623e-28,108430,30,200,n,discreta_global,"(mu,lambda)",0.3
EE,potencias,4,542,3.876259510409785e-28,108630,30,200,n,discreta_global,"(mu,lambda)",0.3
EE,potencias,4,543,2.9245893578399005e-28,108830,30,200,n,discreta_global,"(mu,lambda)",0.3
EE,potencias,4,544,4.350877432201438e-28,109030,30,200,n,discreta_global,"(mu,lambda)",0.3
EE,potencias,4,545,2.5686763880917098e-28,109230,30,200,n,discreta_global,"(mu,lambda)",0.3
EE,potencias,4,546,5.511063874941972e-28,109430,30,200,n,discreta_global,"(mu,lambda)",0.3
EE,potencias,4,547,5.28021896209091e-28,109630,30,200,n,discreta_global,"(mu,lambda)",0.3
EE,potencias,4,548,5.124156740085099e-28,109830,30,200,n,discreta_global,"(mu,lambda)",0.3
EE,potencias,4,549,3.5029373744489527e-28,110030,30,200,n,discreta_global,"(mu,lambda)",0.3
EE,potencias,4,550,6.991908668241084e-28,110230,30,200,n,discreta_global,"(mu,lambda)",0.3
EE,potencias,4,551,3.8048600763462825e-28,110430,30,200,n,discreta_global,"(mu,lambda)",0.3
EE,potencias,4,552,3.2843431149617053e-28,110630,30,200,n,discreta_global,"(mu,lambda)",0.3
EE,potencias,4,553,6.013980862658161e-28,110830,30,200,n,discreta_global,"(mu,lambda)",0.3
EE,potencias,4,554,4.222629886615709e-28,111030,30,200,n,discreta_global,"(mu,lambda)",0.3
EE,potencias,4,555,5.933910182392429e-28,111230,30,200,n,discreta_global,"(mu,lambda)",0.3
EE,potencias,4,556,4.36707954309277e-28,111430,30,200,n,discreta_global,"(mu,lambda)",0.3
EE,potencias,4,557,4.717926882109042e-28,111630,30,200,n,discreta_global,"(mu,lambda)",0.3
EE,potencias,4,558,3.084331054386426e-28,111830,30,200,n,discreta_global,"(mu,lambda)",0.3
EE,potencias,4,559,5.737416377366767e-28,112030,30,200,n,discreta_global,"(mu,lambda)",0.3
EE,potencias,4,560,3.35787987084788e-28,112230,30,200,n,discreta_global,"(mu,lambda)",0.3
EE,potencias,4,561,4.276190482934077e-28,112430,30,200,n,discreta_global,"(mu,lambda)",0.3
EE,potencias,4,562,5.370807950784151e-28,112630,30,200,n,discreta_global,"(mu,lambda)",0.3
EE,potencias,4,563,5.012106324785674e-28,112830,30,200,n,discreta_global,"(mu,lambda)",0.3
EE,potencias,4,564,7.537571565561928e-28,113030,30,200,n,discreta_global,"(mu,lambda)",0.3
EE,potencias,4,565,2.4380545279004937e-28,113230,30,200,n,discreta_global,"(mu,lambda)",0.3
EE,potencias,4,566,6.338689333851579e-28,113430,30,200,n,discreta_global,"(mu,lambda)",0.3
EE,potencias,4,567,6.179502179802387e-28,113630,30,200,n,discreta_global,"(mu,lambda)",0.3
EE,potencias,4,568,5.357373366513403e-28,113830,30,200,n,discreta_global,"(mu,lambda)",0.3
EE,potencias,4,569,3.979304772092739e-28,114030,30,200,n,discreta_global,"(mu,lambda)",0.3
EE,potencias,4,570,2.9215999377627754e-28,114230,30,200,n,discreta_global,"(mu,lambda)",0.3
EE,potencias,4,571,6.5013281864957625e-28,114430,30,200,n,discreta_global,"(mu,lambda)",0.3
EE,potencias,4,572,1.5192422615007618e-28,114630,30,200,n,discreta_global,"(mu,lambda)",0.3
EE,potencias,4,573,4.605099012409268e-28,114830,30,200,n,discreta_global,"(mu,lambda)",0.3
EE,potencias,4,574,5.21501415195756e-28,115030,30,200,n,discreta_global,"(mu,lambda)",0.3
EE,potencias,4,575,8.102758047830767e-29,115230,30,200,n,discreta_global,"(mu,lambda)",0.3
EE,potencias,4,576,3.974038464015999e-28,115430,30,200,n,discreta_global,"(mu,lambda)",0.3
EE,potencias,4,577,2.443754846315905e-28,115630,30,200,n,discreta_global,"(mu,lambda)",0.3
EE,potencias,4,578,3.7302725467663967e-28,115830,30,200,n,discreta_global,"(mu,lambda)",0.3
EE,potencias,4,579,8.783828237630257e-29,116030,30,200,n,discreta_global,"(mu,lambda)",0.3
EE,potencias,4,580,4.876577009108665e-28,116230,30,200,n,discreta_global,"(mu,lambda)",0.3
EE,potencias,4,581,3.0723160206471827e-28,116430,30,200,n,discreta_global,"(mu,lambda)",0.3
EE,potencias,4,582,3.480045824801933e-28,116630,30,200,n,discreta_global,"(mu,lambda)",0.3
EE,potencias,4,583,2.3209779326335844e-28,116830,30,200,n,discreta_global,"(mu,lambda)",0.3
EE,potencias,4,584,3.2479081054136456e-28,117030,30,200,n,discreta_global,"(mu,lambda)",0.3
EE,potencias,4,585,2.8150113878222497e-28,117230,30,200,n,discreta_global,"(mu,lambda)",0.3
EE,potencias,4,586,2.647773942740579e-28,117430,30,200,n,discreta_global,"(mu,lambda)",0.3
EE,potencias,4,587,3.1812075096809842e-28,117630,30,200,n,discreta_global,"(mu,lambda)",0.3
EE,potencias,4,588,4.886523932335922e-28,117830,30,200,n,discreta_global,"(mu,lambda)",0.3
EE,potencias,4,589,4.46813417307819e-28,118030,30,200,n,discreta_global,"(mu,lambda)",0.3
EE,potencias,4,590,5.6801379394484245e-28,118230,30,200,n,discreta_global,"(mu,lambda)",0.3
EE,potencias,4,591,3.4975810248430144e-28,118430,30,200,n,discreta_global,"(mu,lambda)",0.3
EE,potencias,4,592,4.287206976471256e-28,118630,30,200,n,discreta_global,"(mu,lambda)",0.3
EE,potencias,4,593,5.164151633926754e-28,118830,30,200,n,discreta_global,"(mu,lambda)",0.3
EE,potencias,4,594,3.3797442835178027e-28,119030,30,200,n,discreta_global,"(mu,lambda)",0.3
EE,potencias,4,595,8.163546072230711e-28,119230,30,200,n,discreta_global,"(mu,lambda)",0.3
EE,potencias,4,596,3.9270608769878166e-28,119430,30,200,n,discreta_global,"(mu,lambda)",0.3
EE,potencias,4,597,2.8406632160905854e-28,119630,30,200,n,discreta_global,"(mu,lambda)",0.3
EE,potencias,4,598,2.8403513100781285e-28,119830,30,200,n,discreta_global,"(mu,lambda)",0.3
EE,potencias,4,599,5.254092303604227e-28,120030,30,200,n,discreta_global,"(mu,lambda)",0.3
EE,potencias,4,600,7.041599819100984e-28,120230,30,200,n,discreta_global,"(mu,lambda)",0.3
EE,potencias,4,601,2.636882987383843e-28,120430,30,200,n,discreta_global,"(mu,lambda)",0.3
EE,potencias,4,602,2.5046276297384216e-28,120630,30,200,n,discreta_global,"(mu,lambda)",0.3
EE,potencias,4,603,1.0522541864346568e-27,120830,30,200,n,discreta_global,"(mu,lambda)",0.3
EE,potencias,4,604,3.4843346253495336e-28,121030,30,200,n,discreta_global,"(mu,lambda)",0.3
EE,potencias,4,605,4.349431489431202e-28,121230,30,200,n,discreta_global,"(mu,lambda)",0.3
EE,potencias,4,606,6.356830788748886e-28,121430,30,200,n,discreta_global,"(mu,lambda)",0.3
EE,potencias,4,607,4.34994091966441e-28,121630,30,200,n,discreta_global,"(mu,lambda)",0.3
EE,potencias,4,608,3.0523857910894545e-28,121830,30,200,n,discreta_global,"(mu,lambda)",0.3
EE,potencias,4,609,3.627494117524935e-28,122030,30,200,n,discreta_global,"(mu,lambda)",0.3
EE,potencias,4,610,1.4596299350538698e-27,122230,30,200,n,discreta_global,"(mu,lambda)",0.3
EE,potencias,4,611,5.636245839312214e-28,122430,30,200,n,discreta_global,"(mu,lambda)",0.3
EE,potencias,4,612,6.133335112055899e-28,122630,30,200,n,discreta_global,"(mu,lambda)",0.3
EE,potencias,4,613,3.847961575694761e-28,122830,30,200,n,discreta_global,"(mu,lambda)",0.3
EE,potencias,4,614,1.8161343805849445e-27,123030,30,200,n,discreta_global,"(mu,lambda)",0.3
EE,potencias,4,615,8.31521192713398e-28,123230,30,200,n,discreta_global,"(mu,lambda)",0.3
EE,potencias,4,616,3.7105881188745443e-28,123430,30,200,n,discreta_global,"(mu,lambda)",0.3
EE,potencias,4,617,6.3542309005917345e-28,123630,30,200,n,discreta_global,"(mu,lambda)",0.3
EE,potencias,4,618,3.7111134827312647e-28,123830,30,200,n,discreta_global,"(mu,lambda)",0.3
EE,potencias,4,619,2.8966793868589045e-27,124030,30,200,n,discreta_global,"(mu,lambda)",0.3
EE,potencias,4,620,8.931847853456684e-28,124230,30,200,n,discreta_global,"(mu,lambda)",0.3
EE,potencias,4,621,4.603257435038371e-28,124430,30,200,n,discreta_global,"(mu,lambda)",0.3
EE,potencias,4,622,6.025925847339158e-28,124630,30,200,n,discreta_global,"(mu,lambda)",0.3
EE,potencias,4,623,3.061928447604981e-28,124830,30,200,n,discreta_global,"(mu,lambda)",0.3
EE,potencias,4,624,7.1493925239285955e-28,125030,30,200,n,discreta_global,"(mu,lambda)",0.3
EE,potencias,4,625,2.1882297702438515e-28,125230,30,200,n,discreta_global,"(mu,lambda)",0.3
EE,potencias,4,626,6.289971692828619e-28,125430,30,200,n,discreta_global,"(mu,lambda)",0.3
EE,potencias,4,627,3.8513784251998115e-28,125630,30,200,n,discreta_global,"(mu,lambda)",0.3
EE,potencias,4,628,3.1650071038865413e-28,125830,30,200,n,discreta_global,"(mu,lambda)",0.3
EE,potencias,4,629,8.127895890165447e-28,126030,30,200,n,discreta_global,"(mu,lambda)",0.3
EE,potencias,4,630,1.0904929147832366e-27,126230,30,200,n,discreta_global,"(mu,lambda)",0.3
EE,potencias,4,631,8.915993496000982e-28,126430,30,200,n,discreta_global,"(mu,lambda)",0.3
EE,potencias,4,632,3.354031903639644e-28,126630,30,200,n,discreta_global,"(mu,lambda)",0.3
EE,potencias,4,633,7.38413544543174e-28,126830,30,200,n,discreta_global,"(mu,lambda)",0.3
EE,potencias,4,634,3.1809192753920873e-28,127030,30,200,n,discreta_global,"(mu,lambda)",0.3
EE,potencias,4,635,3.566653083072721e-28,127230,30,200,n,discreta_global,"(mu,lambda)",0.3
EE,potencias,4,636,3.5532734024507503e-28,127430,30,200,n,discreta_global,"(mu,lambda)",0.3
EE,potencias,4,637,3.6426810042812713e-28,127630,30,200,n,discreta_global,"(mu,lambda)",0.3
EE,potencias,4,638,6.161795995063743e-28,127830,30,200,n,discreta_global,"(mu,lambda)",0.3
EE,potencias,4,639,8.656025621414707e-28,128030,30,200,n,discreta_global,"(mu,lambda)",0.3
EE,potencias,4,640,1.4150066071768903e-27,128230,30,200,n,discreta_global,"(mu,lambda)",0.3
EE,potencias,4,641,6.2007657325594995e-28,128430,30,200,n,discreta_global,"(mu,lambda)",0.3
EE,potencias,4,642,7.4035091277918975e-28,128630,30,200,n,discreta_global,"(mu,lambda)",0.3
EE,potencias,4,643,4.529101982037206e-28,128830,30,200,n,discreta_global,"(mu,lambda)",0.3
EE,potencias,4,644,2.286702940374484e-28,129030,30,200,n,discreta_global,"(mu,lambda)",0.3
EE,potencias,4,645,3.6724910468033124e-28,129230,30,200,n,discreta_global,"(mu,lambda)",0.3
EE,potencias,4,646,7.602782572298794e-28,129430,30,200,n,discreta_global,"(mu,lambda)",0.3
EE,potencias,4,647,5.228011362251562e-28,129630,30,200,n,discreta_global,"(mu,lambda)",0.3
EE,potencias,4,648,5.187099425703191e-28,129830,30,200,n,discreta_global,"(mu,lambda)",0.3
EE,potencias,4,649,3.1285636424801786e-28,130030,30,200,n,discreta_global,"(mu,lambda)",0.3
EE,potencias,4,650,5.154077423461202e-28,130230,30,200,n,discreta_global,"(mu,lambda)",0.3
EE,potencias,4,651,2.8068763540786843e-28,130430,30,200,n,discreta_global,"(mu,lambda)",0.3
EE,potencias,4,652,3.7767079411802897e-28,130630,30,200,n,discreta_global,"(mu,lambda)",0.3
EE,potencias,4,653,3.51267561669901e-28,130830,30,200,n,discreta_global,"(mu,lambda)",0.3
EE,potencias,4,654,4.073241739252718e-28,131030,30,200,n,discreta_global,"(mu,lambda)",0.3
EE,potencias,4,655,3.5984479103106373e-28,131230,30,200,n,discreta_global,"(mu,lambda)",0.3
EE,potencias,4,656,5.466836533538193e-28,131430,30,200,n,discreta_global,"(mu,lambda)",0.3
EE,potencias,4,657,9.671963449876642e-28,131630,30,200,n,discreta_global,"(mu,lambda)",0.3
EE,potencias,4,658,4.283875045511162e-28,131830,30,200,n,discreta_global,"(mu,lambda)",0.3
EE,potencias,4,659,4.709404075819582e-28,132030,30,200,n,discreta_global,"(mu,lambda)",0.3
EE,potencias,4,660,3.9873924360092995e-28,132230,30,200,n,discreta_global,"(mu,lambda)",0.3
EE,potencias,4,661,4.225689602846979e-28,132430,30,200,n,discreta_global,"(mu,lambda)",0.3
EE,potencias,4,662,7.810576976654337e-28,132630,30,200,n,discreta_global,"(mu,lambda)",0.3
EE,potencias,4,663,5.90153406885268e-28,132830,30,200,n,discreta_global,"(mu,lambda)",0.3
EE,potencias,4,664,5.495931033902007e-28,133030,30,200,n,discreta_global,"(mu,lambda)",0.3
EE,potencias,4,665,5.321381544272538e-28,133230,30,200,n,discreta_global,"(mu,lambda)",0.3
EE,potencias,4,666,4.419475874180458e-28,133430,30,200,n,discreta_global,"(mu,lambda)",0.3
EE,potencias,4,667,2.495563555183032e-28,133630,30,200,n,discreta_global,"(mu,lambda)",0.3
EE,potencias,4,668,6.754349896671061e-28,133830,30,200,n,discreta_global,"(mu,lambda)",0.3
EE,potencias,4,669,2.619613843923272e-28,134030,30,200,n,discreta_global,"(mu,lambda)",0.3
EE,potencias,4,670,1.0394224270215223e-27,134230,30,200,n,discreta_global,"(mu,lambda)",0.3
EE,potencias,4,671,1.4202883325111033e-27,134430,30,200,n,discreta_global,"(mu,lambda)",0.3
EE,potencias,4,672,6.750961098761238e-28,134630,30,200,n,discreta_global,"(mu,lambda)",0.3
EE,potencias,4,673,2.885526232433518e-28,134830,30,200,n,discreta_global,"(mu,lambda)",0.3
EE,potencias,4,674,3.7367706534798987e-28,135030,30,200,n,discreta_global,"(mu,lambda)",0.3
EE,potencias,4,675,8.587983154220869e-28,135230,30,200,n,discreta_global,"(mu,lambda)",0.3
EE,potencias,4,676,2.6851474559915085e-28,135430,30,200,n,discreta_global,"(mu,lambda)",0.3
EE,potencias,4,677,2.9677622243482063e-27,135630,30,200,n,discreta_global,"(mu,lambda)",0.3
EE,potencias,4,678,4.17603786354108e-28,135830,30,200,n,discreta_global,"(mu,lambda)",0.3
EE,potencias,4,679,4.567122765996083e-28,136030,30,200,n,discreta_global,"(mu,lambda)",0.3
EE,potencias,4,680,3.299073389655973e-28,136230,30,200,n,discreta_global,"(mu,lambda)",0.3
EE,potencias,4,681,4.809027606152323e-28,136430,30,200,n,discreta_global,"(mu,lambda)",0.3
EE,potencias,4,682,1.543520100906497e-28,136630,30,200,n,discreta_global,"(mu,lambda)",0.3
EE,potencias,4,683,2.897161605264098e-28,136830,30,200,n,discreta_global,"(mu,lambda)",0.3
EE,potencias,4,684,1.987358557413646e-28,137030,30,200,n,discreta_global,"(mu,lambda)",0.3
EE,potencias,4,685,3.762817047990391e-28,137230,30,200,n,discreta_global,"(mu,lambda)",0.3
EE,potencias,4,686,2.5348232879007263e-28,137430,30,200,n,discreta_global,"(mu,lambda)",0.3
EE,potencias,4,687,4.143546192724633e-28,137630,30,200,n,discreta_global,"(mu,lambda)",0.3
EE,potencias,4,688,3.809177641424901e-28,137830,30,200,n,discreta_global,"(mu,lambda)",0.3
EE,potencias,4,689,1.431060090538372e-27,138030,30,200,n,discreta_global,"(mu,lambda)",0.3
EE,potencias,4,690,6.161131432115622e-28,138230,30,200,n,discreta_global,"(mu,lambda)",0.3
EE,potencias,4,691,5.351116351772289e-28,138430,30,200,n,discreta_global,"(mu,lambda)",0.3
EE,potencias,4,692,1.7044367791515164e-28,138630,30,200,n,discreta_global,"(mu,lambda)",0.3
EE,potencias,4,693,1.2344623047354221e-27,138830,30,200,n,discreta_global,"(mu,lambda)",0.3
EE,potencias,4,694,4.8935804524709665e-28,139030,30,200,n,discreta_global,"(mu,lambda)",0.3
EE,potencias,4,695,6.788979458711657e-28,139230,30,200,n,discreta_global,"(mu,lambda)",0.3
EE,potencias,4,696,2.375316871365182e-28,139430,30,200,n,discreta_global,"(mu,lambda)",0.3
EE,potencias,4,697,1.0457551358186404e-28,139630,30,200,n,discreta_global,"(mu,lambda)",0.3
EE,potencias,4,698,4.988483955791854e-28,139830,30,200,n,discreta_global,"(mu,lambda)",0.3
EE,potencias,4,699,8.77251210165604e-28,140030,30,200,n,discreta_global,"(mu,lambda)",0.3
EE,potencias,4,700,1.1257730464241556e-27,140230,30,200,n,discreta_global,"(mu,lambda)",0.3
EE,potencias,4,701,1.6833085419767533e-28,140430,30,200,n,discreta_global,"(mu,lambda)",0.3
EE,potencias,4,702,3.4643756889726745e-28,140630,30,200,n,discreta_global,"(mu,lambda)",0.3
EE,potencias,4,703,1.251337571969416e-28,140830,30,200,n,discreta_global,"(mu,lambda)",0.3
EE,potencias,4,704,2.5159669406479136e-28,141030,30,200,n,discreta_global,"(mu,lambda)",0.3
EE,potencias,4,705,1.3285315289420065e-28,141230,30,200,n,discreta_global,"(mu,lambda)",0.3
EE,potencias,4,706,1.0677898463975753e-28,141430,30,200,n,discreta_global,"(mu,lambda)",0.3
EE,potencias,4,707,2.472615939141258e-28,141630,30,200,n,discreta_global,"(mu,lambda)",0.3
EE,potencias,4,708,1.7049237969109528e-28,141830,30,200,n,discreta_global,"(mu,lambda)",0.3
EE,potencias,4,709,8.472581710601318e-29,142030,30,200,n,discreta_global,"(mu,lambda)",0.3
EE,potencias,4,710,1.0024883702974186e-28,142230,30,200,n,discreta_global,"(mu,lambda)",0.3
EE,potencias,4,711,9.202413623894383e-29,142430,30,200,n,discreta_global,"(mu,lambda)",0.3
EE,potencias,4,712,9.505061759687034e-29,142630,30,200,n,discreta_global,"(mu,lambda)",0.3
EE,potencias,4,713,9.608967159841388e-28,142830,30,200,n,discreta_global,"(mu,lambda)",0.3
EE,potencias,4,714,1.196017671186306e-28,143030,30,200,n,discreta_global,"(mu,lambda)",0.3
EE,potencias,4,715,1.4333142519980776e-28,143230,30,200,n,discreta_global,"(mu,lambda)",0.3
EE,potencias,4,716,1.7166608033614974e-28,143430,30,200,n,discreta_global,"(mu,lambda)",0.3
EE,potencias,4,717,1.8802432311671702e-27,143630,30,200,n,discreta_global,"(mu,lambda)",0.3
EE,potencias,4,718,2.4464498015521815e-27,143830,30,200,n,discreta_global,"(mu,lambda)",0.3
EE,potencias,4,719,9.529837298833548e-28,144030,30,200,n,discreta_global,"(mu,lambda)",0.3
EE,potencias,4,720,4.0114588110674914e-28,144230,30,200,n,discreta_global,"(mu,lambda)",0.3
EE,potencias,4,721,1.699650851815235e-27,144430,30,200,n,discreta_global,"(mu,lambda)",0.3
EE,potencias,4,722,5.047939238422169e-28,144630,30,200,n,discreta_global,"(mu,lambda)",0.3
EE,potencias,4,723,6.16101317347266e-28,144830,30,200,n,discreta_global,"(mu,lambda)",0.3
EE,potencias,4,724,9.079515495846865e-29,145030,30,200,n,discreta_global,"(mu,lambda)",0.3
EE,potencias,4,725,4.729853043056917e-28,145230,30,200,n,discreta_global,"(mu,lambda)",0.3
EE,potencias,4,726,1.1912131407847392e-28,145430,30,200,n,discreta_global,"(mu,lambda)",0.3
EE,potencias,4,727,1.1627291737717107e-28,145630,30,200,n,discreta_global,"(mu,lambda)",0.3
EE,potencias,4,728,3.535674857368585e-28,145830,30,200,n,discreta_global,"(mu,lambda)",0.3
EE,potencias,4,729,1.939333731831298e-28,146030,30,200,n,discreta_global,"(mu,lambda)",0.3
EE,potencias,4,730,3.144190561569059e-28,146230,30,200,n,discreta_global,"(mu,lambda)",0.3
EE,potencias,4,731,2.2164542948596994e-28,146430,30,200,n,discreta_global,"(mu,lambda)",0.3
EE,potencias,4,732,1.3673919734864505e-28,146630,30,200,n,discreta_global,"(mu,lambda)",0.3
EE,potencias,4,733,1.1809595714808963e-28,146830,30,200,n,discreta_global,"(mu,lambda)",0.3
EE,potencias,4,734,1.3999979964550019e-28,147030,30,200,n,discreta_global,"(mu,lambda)",0.3
EE,potencias,4,735,2.4106245816508327e-28,147230,30,200,n,discreta_global,"(mu,lambda)",0.3
EE,potencias,4,736,9.867655446725087e-29,147430,30,200,n,discreta_global,"(mu,lambda)",0.3
EE,potencias,4,737,1.6630894709256747e-28,147630,30,200,n,discreta_global,"(mu,lambda)",0.3
EE,potencias,4,738,1.4750497400091325e-28,147830,30,200,n,discreta_global,"(mu,lambda)",0.3
EE,potencias,4,739,4.0166084393875094e-28,148030,30,200,n,discreta_global,"(mu,lambda)",0.3
EE,potencias,4,740,1.5352983529712954e-28,148230,30,200,n,discreta_global,"(mu,lambda)",0.3
EE,potencias,4,741,1.6707996399850089e-28,148430,30,200,n,discreta_global,"(mu,lambda)",0.3
EE,potencias,4,742,1.3896513005778173e-28,148630,30,200,n,discreta_global,"(mu,lambda)",0.3
EE,potencias,4,743,2.412082242757289e-28,148830,30,200,n,discreta_global,"(mu,lambda)",0.3
EE,potencias,4,744,1.3326637439834015e-28,149030,30,200,n,discreta_global,"(mu,lambda)",0.3
EE,potencias,4,745,9.121901739226306e-29,149230,30,200,n,discreta_global,"(mu,lambda)",0.3
EE,potencias,4,746,1.2223663645739994e-28,149430,30,200,n,discreta_global,"(mu,lambda)",0.3
EE,potencias,4,747,1.8304483563846958e-28,149630,30,200,n,discreta_global,"(mu,lambda)",0.3
EE,potencias,4,748,8.805990605251907e-29,149830,30,200,n,discreta_global,"(mu,lambda)",0.3
EE,potencias,4,749,1.2233839446663736e-28,150030,30,200,n,discreta_global,"(mu,lambda)",0.3
EE,potencias,4,750,1.1489730608807368e-28,150230,30,200,n,discreta_global,"(mu,lambda)",0.3
EE,potencias,4,751,9.871413213184486e-29,150430,30,200,n,discreta_global,"(mu,lambda)",0.3
EE,potencias,4,752,1.0092708637409879e-28,150630,30,200,n,discreta_global,"(mu,lambda)",0.3
EE,potencias,4,753,1.8225231162048685e-28,150830,30,200,n,discreta_global,"(mu,lambda)",0.3
EE,potencias,4,754,2.356864384340466e-28,151030,30,200,n,discreta_global,"(mu,lambda)",0.3
EE,potencias,4,755,8.457181974073467e-29,151230,30,200,n,discreta_global,"(mu,lambda)",0.3
EE,potencias,4,756,1.0501697866380288e-28,151430,30,200,n,discreta_global,"(mu,lambda)",0.3
EE,potencias,4,757,1.9970594765598449e-28,151630,30,200,n,discreta_global,"(mu,lambda)",0.3
EE,potencias,4,758,9.038171336791469e-29,151830,30,200,n,discreta_global,"(mu,lambda)",0.3
EE,potencias,4,759,9.369342131860841e-29,152030,30,200,n,discreta_global,"(mu,lambda)",0.3
EE,potencias,4,760,2.2012301458821357e-28,152230,30,200,n,discreta_global,"(mu,lambda)",0.3
EE,potencias,4,761,1.719910183954305e-28,152430,30,200,n,discreta_global,"(mu,lambda)",0.3
EE,potencias,4,762,8.931251694216004e-29,152630,30,200,n,discreta_global,"(mu,lambda)",0.3
EE,potencias,4,763,7.195239714605815e-29,152830,30,200,n,discreta_global,"(mu,lambda)",0.3
EE,potencias,4,764,8.917557059493779e-29,153030,30,200,n,discreta_global,"(mu,lambda)",0.3
EE,potencias,4,765,8.473671238729633e-29,153230,30,200,n,discreta_global,"(mu,lambda)",0.3
EE,potencias,4,766,1.1120792685653004e-28,153430,30,200,n,discreta_global,"(mu,lambda)",0.3
EE,potencias,4,767,3.473785656815776e-28,153630,30,200,n,discreta_global,"(mu,lambda)",0.3
EE,potencias,4,768,2.2414221931148634e-28,153830,30,200,n,discreta_global,"(mu,lambda)",0.3
EE,potencias,4,769,2.439489521304358e-28,154030,30,200,n,discreta_global,"(mu,lambda)",0.3
EE,potencias,4,770,6.7196466558025905e-28,154230,30,200,n,discreta_global,"(mu,lambda)",0.3
EE,potencias,4,771,8.975730273412067e-29,154430,30,200,n,discreta_global,"(mu,lambda)",0.3
EE,potencias,4,772,1.5803449087502987e-28,154630,30,200,n,discreta_global,"(mu,lambda)",0.3
EE,potencias,4,773,9.233366442585259e-29,154830,30,200,n,discreta_global,"(mu,lambda)",0.3
EE,potencias,4,774,8.783759840398098e-29,155030,30,200,n,discreta_global,"(mu,lambda)",0.3
EE,potencias,4,775,1.3654982119120188e-28,155230,30,200,n,discreta_global,"(mu,lambda)",0.3
EE,potencias,4,776,2.2916438851797817e-28,155430,30,200,n,discreta_global,"(mu,lambda)",0.3
EE,potencias,4,777,1.9315426983810884e-28,155630,30,200,n,discreta_global,"(mu,lambda)",0.3
EE,potencias,4,778,1.0794021862259656e-28,155830,30,200,n,discreta_global,"(mu,lambda)",0.3
EE,potencias,4,779,7.54792897856633e-29,156030,30,200,n,discreta_global,"(mu,lambda)",0.3
EE,potencias,4,780,1.400256151237655e-28,156230,30,200,n,discreta_global,"(mu,lambda)",0.3
EE,potencias,4,781,1.2759679190150214e-28,156430,30,200,n,discreta_global,"(mu,lambda)",0.3
EE,potencias,4,782,8.105064070236574e-29,156630,30,200,n,discreta_global,"(mu,lambda)",0.3
EE,potencias,4,783,3.373389413379859e-28,156830,30,200,n,discreta_global,"(mu,lambda)",0.3
EE,potencias,4,784,1.068306900410609e-28,157030,30,200,n,discreta_global,"(mu,lambda)",0.3
EE,potencias,4,785,8.776952712350925e-29,157230,30,200,n,discreta_global,"(mu,lambda)",0.3
EE,potencias,4,786,2.547034965472555e-28,157430,30,200,n,discreta_global,"(mu,lambda)",0.3
EE,potencias,4,787,1.4306652694187594e-28,157630,30,200,n,discreta_global,"(mu,lambda)",0.3
EE,potencias,4,788,7.668935540949689e-29,157830,30,200,n,discreta_global,"(mu,lambda)",0.3
EE,potencias,4,789,1.1014175656166883e-28,158030,30,200,n,discreta_global,"(mu,lambda)",0.3
EE,potencias,4,790,8.196133894410765e-29,158230,30,200,n,discreta_global,"(mu,lambda)",0.3
EE,potencias,4,791,1.2693471231647344e-28,158430,30,200,n,discreta_global,"(mu,lambda)",0.3
EE,potencias,4,792,1.0508272687619536e-28,158630,30,200,n,discreta_global,"(mu,lambda)",0.3
EE,potencias,4,793,9.378709202610565e-28,158830,30,200,n,discreta_global,"(mu,lambda)",0.3
EE,potencias,4,794,2.129448590103447e-28,159030,30,200,n,discreta_global,"(mu,lambda)",0.3
EE,potencias,4,795,9.200121845787976e-29,159230,30,200,n,discreta_global,"(mu,lambda)",0.3
EE,potencias,4,796,1.1819699052497286e-28,159430,30,200,n,discreta_global,"(mu,lambda)",0.3
EE,potencias,4,797,3.3550020955922008e-28,159630,30,200,n,discreta_global,"(mu,lambda)",0.3
EE,potencias,4,798,8.885309780336441e-29,159830,30,200,n,discreta_global,"(mu,lambda)",0.3
EE,potencias,4,799,1.0428773663934472e-28,160030,30,200,n,discreta_global,"(mu,lambda)",0.3
EE,potencias,4,800,8.322757537970762e-29,160230,30,200,n,discreta_global,"(mu,lambda)",0.3
EE,potencias,4,801,1.226579295986157e-27,160430,30,200,n,discreta_global,"(mu,lambda)",0.3
EE,potencias,4,802,1.706490289497273e-28,160630,30,200,n,discreta_global,"(mu,lambda)",0.3
EE,potencias,4,803,9.363117932295012e-29,160830,30,200,n,discreta_global,"(mu,lambda)",0.3
EE,potencias,4,804,8.059695808937943e-29,161030,30,200,n,discreta_global,"(mu,lambda)",0.3
EE,potencias,4,805,1.0537595780977232e-28,161230,30,200,n,discreta_global,"(mu,lambda)",0.3
EE,potencias,4,806,1.266428626314562e-28,161430,30,200,n,discreta_global,"(mu,lambda)",0.3
EE,potencias,4,807,2.347666014175193e-28,161630,30,200,n,discreta_global,"(mu,lambda)",0.3
EE,potencias,4,808,1.6354577682309932e-28,161830,30,200,n,discreta_global,"(mu,lambda)",0.3
EE,potencias,4,809,3.2601892826328955e-28,162030,30,200,n,discreta_global,"(mu,lambda)",0.3
EE,potencias,4,810,1.1770582853981114e-28,162230,30,200,n,discreta_global,"(mu,lambda)",0.3
EE,potencias,4,811,1.9118381141782345e-28,162430,30,200,n,discreta_global,"(mu,lambda)",0.3
EE,potencias,4,812,1.9983932890790444e-28,162630,30,200,n,discreta_global,"(mu,lambda)",0.3
EE,potencias,4,813,8.12514845286937e-29,162830,30,200,n,discreta_global,"(mu,lambda)",0.3
EE,potencias,4,814,8.572210226008902e-29,163030,30,200,n,discreta_global,"(mu,lambda)",0.3
EE,potencias,4,815,1.1516064881439612e-28,163230,30,200,n,discreta_global,"(mu,lambda)",0.3
EE,potencias,4,816,1.2033836354076721e-28,163430,30,200,n,discreta_global,"(mu,lambda)",0.3
EE,potencias,4,817,8.045891320889767e-29,163630,30,200,n,discreta_global,"(mu,lambda)",0.3
EE,potencias,4,818,8.609269977117646e-29,163830,30,200,n,discreta_global,"(mu,lambda)",0.3
EE,potencias,4,819,1.67511442059889e-28,164030,30,200,n,discreta_global,"(mu,lambda)",0.3
EE,potencias,4,820,8.790514721286587e-29,164230,30,200,n,discreta_global,"(mu,lambda)",0.3
EE,potencias,4,821,5.411350131327812e-28,164430,30,200,n,discreta_global,"(mu,lambda)",0.3
EE,potencias,4,822,1.7530435954527303e-27,164630,30,200,n,discreta_global,"(mu,lambda)",0.3
EE,potencias,4,823,1.0251707957440706e-28,164830,30,200,n,discreta_global,"(mu,lambda)",0.3
EE,potencias,4,824,1.0368971666112683e-28,165030,30,200,n,discreta_global,"(mu,lambda)",0.3
EE,potencias,4,825,1.8454530425599966e-28,165230,30,200,n,discreta_global,"(mu,lambda)",0.3
EE,potencias,4,826,1.1724012075328736e-28,165430,30,200,n,discreta_global,"(mu,lambda)",0.3
EE,potencias,4,827,1.1079230065289604e-28,165630,30,200,n,discreta_global,"(mu,lambda)",0.3
EE,potencias,4,828,1.2167278924625473e-28,165830,30,200,n,discreta_global,"(mu,lambda)",0.3
EE,potencias,4,829,1.3475429490259542e-28,166030,30,200,n,discreta_global,"(mu,lambda)",0.3
EE,potencias,4,830,4.816405375439393e-28,166230,30,200,n,discreta_global,"(mu,lambda)",0.3
EE,potencias,4,831,9.743126193697869e-29,166430,30,200,n,discreta_global,"(mu,lambda)",0.3
EE,potencias,4,832,1.428009684166024e-28,166630,30,200,n,discreta_global,"(mu,lambda)",0.3
EE,potencias,4,833,7.359139796038965e-28,166830,30,200,n,discreta_global,"(mu,lambda)",0.3
EE,potencias,4,834,3.9407025923174503e-28,167030,30,200,n,discreta_global,"(mu,lambda)",0.3
EE,potencias,4,835,1.0136645164876338e-28,167230,30,200,n,discreta_global,"(mu,lambda)",0.3
EE,potencias,4,836,3.434019574412032e-28,167430,30,200,n,discreta_global,"(mu,lambda)",0.3
EE,potencias,4,837,9.585412429792683e-29,167630,30,200,n,discreta_global,"(mu,lambda)",0.3
EE,potencias,4,838,4.8573367223587765e-28,167830,30,200,n,discreta_global,"(mu,lambda)",0.3
EE,potencias,4,839,1.2583929622264965e-28,168030,30,200,n,discreta_global,"(mu,lambda)",0.3
EE,potencias,4,840,2.1216065520959403e-28,168230,30,200,n,discreta_global,"(mu,lambda)",0.3
EE,potencias,4,841,1.0685863630507166e-28,168430,30,200,n,discreta_global,"(mu,lambda)",0.3
EE,potencias,4,842,9.162655869695002e-29,168630,30,200,n,discreta_global,"(mu,lambda)",0.3
EE,potencias,4,843,7.181082834576956e-28,168830,30,200,n,discreta_global,"(mu,lambda)",0.3
EE,potencias,4,844,4.003525202819715e-28,169030,30,200,n,discreta_global,"(mu,lambda)",0.3
EE,potencias,4,845,1.779581459007954e-28,169230,30,200,n,discreta_global,"(mu,lambda)",0.3
EE,potencias,4,846,6.896140181128917e-28,169430,30,200,n,discreta_global,"(mu,lambda)",0.3
EE,potencias,4,847,7.042551694860475e-28,169630,30,200,n,discreta_global,"(mu,lambda)",0.3
EE,potencias,4,848,1.6145749544455563e-28,169830,30,200,n,discreta_global,"(mu,lambda)",0.3
EE,potencias,4,849,1.7771424360409208e-28,170030,30,200,n,discreta_global,"(mu,lambda)",0.3
EE,potencias,4,850,3.761390435061451e-28,170230,30,200,n,discreta_global,"(mu,lambda)",0.3
EE,potencias,4,851,3.6180593874573426e-28,170430,30,200,n,discreta_global,"(mu,lambda)",0.3
EE,potencias,4,852,1.2692694456603278e-28,170630,30,200,n,discreta_global,"(mu,lambda)",0.3
EE,potencias,4,853,7.022903023802834e-28,170830,30,200,n,discreta_global,"(mu,lambda)",0.3
EE,potencias,4,854,2.3441941584642694e-28,171030,30,200,n,discreta_global,"(mu,lambda)",0.3
EE,potencias,4,855,8.760769158282651e-28,171230,30,200,n,discreta_global,"(mu,lambda)",0.3
EE,potencias,4,856,4.826168044108284e-28,171430,30,200,n,discreta_global,"(mu,lambda)",0.3
EE,potencias,4,857,1.4578103336859193e-28,171630,30,200,n,discreta_global,"(mu,lambda)",0.3
EE,potencias,4,858,1.2369195708523214e-28,171830,30,200,n,discreta_global,"(mu,lambda)",0.3
EE,potencias,4,859,1.2678194633559005e-28,172030,30,200,n,discreta_global,"(mu,lambda)",0.3
EE,potencias,4,860,1.0830464712484753e-28,172230,30,200,n,discreta_global,"(mu,lambda)",0.3
EE,potencias,4,861,2.5853004907987595e-28,172430,30,200,n,discreta_global,"(mu,lambda)",0.3
EE,potencias,4,862,6.863905351772011e-28,172630,30,200,n,discreta_global,"(mu,lambda)",0.3
EE,potencias,4,863,2.415281744513178e-28,172830,30,200,n,discreta_global,"(mu,lambda)",0.3
EE,potencias,4,864,2.644216874464885e-28,173030,30,200,n,discreta_global,"(mu,lambda)",0.3
EE,potencias,4,865,5.53813007172361e-28,173230,30,200,n,discreta_global,"(mu,lambda)",0.3
EE,potencias,4,866,8.360945361474863e-28,173430,30,200,n,discreta_global,"(mu,lambda)",0.3
EE,potencias,4,867,8.899545825652674e-29,173630,30,200,n,discreta_global,"(mu,lambda)",0.3
EE,potencias,4,868,7.689781454461583e-29,173830,30,200,n,discreta_global,"(mu,lambda)",0.3
EE,potencias,4,869,3.2369894523802746e-28,174030,30,200,n,discreta_global,"(mu,lambda)",0.3
EE,potencias,4,870,1.2562586499716847e-28,174230,30,200,n,discreta_global,"(mu,lambda)",0.3
EE,potencias,4,871,7.068135151574783e-28,174430,30,200,n,discreta_global,"(mu,lambda)",0.3
EE,potencias,4,872,7.746463446214321e-29,174630,30,200,n,discreta_global,"(mu,lambda)",0.3
EE,potencias,4,873,6.0932666468058e-28,174830,30,200,n,discreta_global,"(mu,lambda)",0.3
EE,potencias,4,874,6.13962967253692e-28,175030,30,200,n,discreta_global,"(mu,lambda)",0.3
EE,potencias,4,875,3.3285954756147786e-28,175230,30,200,n,discreta_global,"(mu,lambda)",0.3
EE,potencias,4,876,3.140446853829799e-28,175430,30,200,n,discreta_global,"(mu,lambda)",0.3
EE,potencias,4,877,3.9206097333330746e-28,175630,30,200,n,discreta_global,"(mu,lambda)",0.3
EE,potencias,4,878,1.232408307993321e-28,175830,30,200,n,discreta_global,"(mu,lambda)",0.3
EE,potencias,4,879,2.3855727302135166e-28,176030,30,200,n,discreta_global,"(mu,lambda)",0.3
EE,potencias,4,880,1.256788397007164e-27,176230,30,200,n,discreta_global,"(mu,lambda)",0.3
EE,potencias,4,881,9.020005274068261e-28,176430,30,200,n,discreta_global,"(mu,lambda)",0.3
EE,potencias,4,882,9.974022435853853e-28,176630,30,200,n,discreta_global,"(mu,lambda)",0.3
EE,potencias,4,883,1.7615276486823812e-28,176830,30,200,n,discreta_global,"(mu,lambda)",0.3
EE,potencias,4,884,3.5987532515638654e-28,177030,30,200,n,discreta_global,"(mu,lambda)",0.3
EE,potencias,4,885,2.500648677334119e-28,177230,30,200,n,discreta_global,"(mu,lambda)",0.3
EE,potencias,4,886,9.630069760387591e-29,177430,30,200,n,discreta_global,"(mu,lambda)",0.3
EE,potencias,4,887,3.479207079688724e-28,177630,30,200,n,discreta_global,"(mu,lambda)",0.3
EE,potencias,4,888,3.150600485186314e-28,177830,30,200,n,discreta_global,"(mu,lambda)",0.3
EE,potencias,4,889,3.015448736971595e-28,178030,30,200,n,discreta_global,"(mu,lambda)",0.3
EE,potencias,4,890,3.7107713495288956e-28,178230,30,200,n,discreta_global,"(mu,lambda)",0.3
EE,potencias,4,891,1.2171874160153141e-27,178430,30,200,n,discreta_global,"(mu,lambda)",0.3
EE,potencias,4,892,4.129287601577998e-28,178630,30,200,n,discreta_global,"(mu,lambda)",0.3
EE,potencias,4,893,9.532879127403672e-28,178830,30,200,n,discreta_global,"(mu,lambda)",0.3
EE,potencias,4,894,8.014348484277744e-28,179030,30,200,n,discreta_global,"(mu,lambda)",0.3
EE,potencias,4,895,8.135184516079548e-29,179230,30,200,n,discreta_global,"(mu,lambda)",0.3
EE,potencias,4,896,9.747602804780927e-29,179430,30,200,n,discreta_global,"(mu,lambda)",0.3
EE,potencias,4,897,8.136137260934242e-28,179630,30,200,n,discreta_global,"(mu,lambda)",0.3
EE,potencias,4,898,5.127634710465484e-28,179830,30,200,n,discreta_global,"(mu,lambda)",0.3
EE,potencias,4,899,4.4419577364715395e-28,180030,30,200,n,discreta_global,"(mu,lambda)",0.3
EE,potencias,4,900,1.7242912238954337e-28,180230,30,200,n,discreta_global,"(mu,lambda)",0.3
EE,potencias,4,901,8.95094784333293e-29,180430,30,200,n,discreta_global,"(mu,lambda)",0.3
EE,potencias,4,902,1.847605040971596e-28,180630,30,200,n,discreta_global,"(mu,lambda)",0.3
EE,potencias,4,903,1.4254204865965793e-28,180830,30,200,n,discreta_global,"(mu,lambda)",0.3
EE,potencias,4,904,1.1212102909215153e-28,181030,30,200,n,discreta_global,"(mu,lambda)",0.3
EE,potencias,4,905,3.3213983457173577e-28,181230,30,200,n,discreta_global,"(mu,lambda)",0.3
EE,potencias,4,906,3.2297468857338415e-28,181430,30,200,n,discreta_global,"(mu,lambda)",0.3
EE,potencias,4,907,7.971532476381844e-29,181630,30,200,n,discreta_global,"(mu,lambda)",0.3
EE,potencias,4,908,3.9249195381055377e-28,181830,30,200,n,discreta_global,"(mu,lambda)",0.3
EE,potencias,4,909,3.0113089449134986e-28,182030,30,200,n,discreta_global,"(mu,lambda)",0.3
EE,potencias,4,910,5.753164409212839e-28,182230,30,200,n,discreta_global,"(mu,lambda)",0.3
EE,potencias,4,911,5.70968876384432e-28,182430,30,200,n,discreta_global,"(mu,lambda)",0.3
EE,potencias,4,912,3.823746018014697e-27,182630,30,200,n,discreta_global,"(mu,lambda)",0.3
EE,potencias,4,913,2.7833410391675816e-28,182830,30,200,n,discreta_global,"(mu,lambda)",0.3
EE,potencias,4,914,2.3839177914572606e-27,183030,30,200,n,discreta_global,"(mu,lambda)",0.3
EE,potencias,4,915,1.1622180992824446e-27,183230,30,200,n,discreta_global,"(mu,lambda)",0.3
EE,potencias,4,916,1.4915595614839016e-27,183430,30,200,n,discreta_global,"(mu,lambda)",0.3
EE,potencias,4,917,3.0710523516526696e-28,183630,30,200,n,discreta_global,"(mu,lambda)",0.3
EE,potencias,4,918,2.209745436869629e-28,183830,30,200,n,discreta_global,"(mu,lambda)",0.3
EE,potencias,4,919,8.070377395778872e-29,184030,30,200,n,discreta_global,"(mu,lambda)",0.3
EE,potencias,4,920,4.24872798451855e-28,184230,30,200,n,discreta_global,"(mu,lambda)",0.3
EE,potencias,4,921,1.236183958299427e-28,184430,30,200,n,discreta_global,"(mu,lambda)",0.3
EE,potencias,4,922,1.5032308669876217e-28,184630,30,200,n,discreta_global,"(mu,lambda)",0.3
EE,potencias,4,923,2.312608393373725e-28,184830,30,200,n,discreta_global,"(mu,lambda)",0.3
EE,potencias,4,924,4.519880986371373e-28,185030,30,200,n,discreta_global,"(mu,lambda)",0.3
EE,potencias,4,925,4.0436470132443395e-28,185230,30,200,n,discreta_global,"(mu,lambda)",0.3
EE,potencias,4,926,1.193960713389873e-28,185430,30,200,n,discreta_global,"(mu,lambda)",0.3
EE,potencias,4,927,1.228635588673969e-27,185630,30,200,n,discreta_global,"(mu,lambda)",0.3
EE,potencias,4,928,1.4518869242869166e-28,185830,30,200,n,discreta_global,"(mu,lambda)",0.3
EE,potencias,4,929,1.55359765414595e-28,186030,30,200,n,discreta_global,"(mu,lambda)",0.3
EE,potencias,4,930,3.772880991334727e-28,186230,30,200,n,discreta_global,"(mu,lambda)",0.3
EE,potencias,4,931,1.0767734985509967e-27,186430,30,200,n,discreta_global,"(mu,lambda)",0.3
EE,potencias,4,932,1.3537266023209444e-28,186630,30,200,n,discreta_global,"(mu,lambda)",0.3
EE,potencias,4,933,4.17449855280779e-28,186830,30,200,n,discreta_global,"(mu,lambda)",0.3
EE,potencias,4,934,5.518982646519552e-28,187030,30,200,n,discreta_global,"(mu,lambda)",0.3
EE,potencias,4,935,3.317962795254222e-28,187230,30,200,n,discreta_global,"(mu,lambda)",0.3
EE,potencias,4,936,5.9163305941428935e-28,187430,30,200,n,discreta_global,"(mu,lambda)",0.3
EE,potencias,4,937,8.41458793979184e-28,187630,30,200,n,discreta_global,"(mu,lambda)",0.3
EE,potencias,4,938,3.4963744808462392e-28,187830,30,200,n,discreta_global,"(mu,lambda)",0.3
EE,potencias,4,939,6.614788627160394e-28,188030,30,200,n,discreta_global,"(mu,lambda)",0.3
EE,potencias,4,940,3.0777792460201096e-28,188230,30,200,n,discreta_global,"(mu,lambda)",0.3
EE,potencias,4,941,3.0490563388830425e-28,188430,30,200,n,discreta_global,"(mu,lambda)",0.3
EE,potencias,4,942,3.44770452524122e-28,188630,30,200,n,discreta_global,"(mu,lambda)",0.3
EE,potencias,4,943,3.7416791250908663e-28,188830,30,200,n,discreta_global,"(mu,lambda)",0.3
EE,potencias,4,944,2.676013341149283e-28,189030,30,200,n,discreta_global,"(mu,lambda)",0.3
EE,potencias,4,945,8.633868549940615e-28,189230,30,200,n,discreta_global,"(mu,lambda)",0.3
EE,potencias,4,946,2.742933297809657e-28,189430,30,200,n,discreta_global,"(mu,lambda)",0.3
EE,potencias,4,947,4.591427881217204e-28,189630,30,200,n,discreta_global,"(mu,lambda)",0.3
EE,potencias,4,948,1.3806276252952674e-28,189830,30,200,n,discreta_global,"(mu,lambda)",0.3
EE,potencias,4,949,1.0454034018753364e-27,190030,30,200,n,discreta_global,"(mu,lambda)",0.3
EE,potencias,4,950,2.558544343440708e-28,190230,30,200,n,discreta_global,"(mu,lambda)",0.3
EE,potencias,4,951,2.855692739627321e-28,190430,30,200,n,discreta_global,"(mu,lambda)",0.3
EE,potencias,4,952,4.832243888990778e-28,190630,30,200,n,discreta_global,"(mu,lambda)",0.3
EE,potencias,4,953,3.1123185650495006e-28,190830,30,200,n,discreta_global,"(mu,lambda)",0.3
EE,potencias,4,954,3.973409201940839e-28,191030,30,200,n,discreta_global,"(mu,lambda)",0.3
EE,potencias,4,955,5.6933640486250665e-28,191230,30,200,n,discreta_global,"(mu,lambda)",0.3
EE,potencias,4,956,2.379976748052825e-28,191430,30,200,n,discreta_global,"(mu,lambda)",0.3
EE,potencias,4,957,2.0798299997053298e-28,191630,30,200,n,discreta_global,"(mu,lambda)",0.3
EE,potencias,4,958,7.022468520072829e-28,191830,30,200,n,discreta_global,"(mu,lambda)",0.3
EE,potencias,4,959,3.5378367645960143e-28,192030,30,200,n,discreta_global,"(mu,lambda)",0.3
EE,potencias,4,960,2.8676495591181486e-28,192230,30,200,n,discreta_global,"(mu,lambda)",0.3
EE,potencias,4,961,1.9231458257362694e-28,192430,30,200,n,discreta_global,"(mu,lambda)",0.3
EE,potencias,4,962,2.901834942796209e-28,192630,30,200,n,discreta_global,"(mu,lambda)",0.3
EE,potencias,4,963,4.488953501118226e-28,192830,30,200,n,discreta_global,"(mu,lambda)",0.3
EE,potencias,4,964,9.278667949280221e-28,193030,30,200,n,discreta_global,"(mu,lambda)",0.3
EE,potencias,4,965,4.024380089749065e-28,193230,30,200,n,discreta_global,"(mu,lambda)",0.3
EE,potencias,4,966,1.1472309076136205e-27,193430,30,200,n,discreta_global,"(mu,lambda)",0.3
EE,potencias,4,967,6.901938119060062e-28,193630,30,200,n,discreta_global,"(mu,lambda)",0.3
EE,potencias,4,968,6.073228654612958e-28,193830,30,200,n,discreta_global,"(mu,lambda)",0.3
EE,potencias,4,969,5.2340086277689075e-28,194030,30,200,n,discreta_global,"(mu,lambda)",0.3
EE,potencias,4,970,7.911191578649403e-28,194230,30,200,n,discreta_global,"(mu,lambda)",0.3
EE,potencias,4,971,8.298382518915318e-28,194430,30,200,n,discreta_global,"(mu,lambda)",0.3
EE,potencias,4,972,7.583261554236364e-28,194630,30,200,n,discreta_global,"(mu,lambda)",0.3
EE,potencias,4,973,5.982699356886293e-28,194830,30,200,n,discreta_global,"(mu,lambda)",0.3
EE,potencias,4,974,1.340831037805334e-27,195030,30,200,n,discreta_global,"(mu,lambda)",0.3
EE,potencias,4,975,9.88875334195472e-28,195230,30,200,n,discreta_global,"(mu,lambda)",0.3
EE,potencias,4,976,1.0348178146651416e-27,195430,30,200,n,discreta_global,"(mu,lambda)",0.3
EE,potencias,4,977,1.002601483604577e-27,195630,30,200,n,discreta_global,"(mu,lambda)",0.3
EE,potencias,4,978,1.0041040071584164e-27,195830,30,200,n,discreta_global,"(mu,lambda)",0.3
EE,potencias,4,979,1.0721236499569344e-27,196030,30,200,n,discreta_global,"(mu,lambda)",0.3
EE,potencias,4,980,1.449071498707644e-27,196230,30,200,n,discreta_global,"(mu,lambda)",0.3
EE,potencias,4,981,9.92733101726583e-28,196430,30,200,n,discreta_global,"(mu,lambda)",0.3
EE,potencias,4,982,9.058243897741832e-28,196630,30,200,n,discreta_global,"(mu,lambda)",0.3
EE,potencias,4,983,1.0550673551220118e-27,196830,30,200,n,discreta_global,"(mu,lambda)",0.3
EE,potencias,4,984,1.707208845194998e-27,197030,30,200,n,discreta_global,"(mu,lambda)",0.3
EE,potencias,4,985,8.6858602712246e-28,197230,30,200,n,discreta_global,"(mu,lambda)",0.3
EE,potencias,4,986,8.210621481441758e-28,197430,30,200,n,discreta_global,"(mu,lambda)",0.3
EE,potencias,4,987,9.743471615090557e-28,197630,30,200,n,discreta_global,"(mu,lambda)",0.3
EE,potencias,4,988,1.1727488161406839e-27,197830,30,200,n,discreta_global,"(mu,lambda)",0.3
EE,potencias,4,989,8.949691956831858e-28,198030,30,200,n,discreta_global,"(mu,lambda)",0.3
EE,potencias,4,990,9.621811456574706e-28,198230,30,200,n,discreta_global,"(mu,lambda)",0.3
EE,potencias,4,991,7.971634129743725e-28,198430,30,200,n,discreta_global,"(mu,lambda)",0.3
EE,potencias,4,992,8.530560937152014e-28,198630,30,200,n,discreta_global,"(mu,lambda)",0.3
EE,potencias,4,993,8.322159087261848e-28,198830,30,200,n,discreta_global,"(mu,lambda)",0.3
EE,potencias,4,994,1.489684021009468e-27,199030,30,200,n,discreta_global,"(mu,lambda)",0.3
EE,potencias,4,995,1.0040319752793447e-27,199230,30,200,n,discreta_global,"(mu,lambda)",0.3
EE,potencias,4,996,8.991551703879265e-28,199430,30,200,n,discreta_global,"(mu,lambda)",0.3
EE,potencias,4,997,8.893627262040749e-28,199630,30,200,n,discreta_global,"(mu,lambda)",0.3
EE,potencias,4,998,1.026900038672053e-27,199830,30,200,n,discreta_global,"(mu,lambda)",0.3
EE,potencias,4,999,1.0698677149389388e-27,200030,30,200,n,discreta_global,"(mu,lambda)",0.3
EE,potencias,4,1000,1.0468765135884986e-27,200230,30,200,n,discreta_global,"(mu,lambda)",0.3
EE,potencias,4,1001,1.0007110954350924e-27,200430,30,200,n,discreta_global,"(mu,lambda)",0.3
EE,potencias,4,1002,8.859889454557931e-28,200630,30,200,n,discreta_global,"(mu,lambda)",0.3
EE,potencias,4,1003,8.87701604812787e-28,200830,30,200,n,discreta_global,"(mu,lambda)",0.3
EE,potencias,4,1004,1.1858167896623673e-27,201030,30,200,n,discreta_global,"(mu,lambda)",0.3
EE,potencias,4,1005,9.029642448766686e-28,201230,30,200,n,discreta_global,"(mu,lambda)",0.3
EE,potencias,4,1006,1.3029863319424923e-27,201430,30,200,n,discreta_global,"(mu,lambda)",0.3
EE,potencias,4,1007,9.730541713251092e-28,201630,30,200,n,discreta_global,"(mu,lambda)",0.3
EE,potencias,4,1008,9.441851491490126e-28,201830,30,200,n,discreta_global,"(mu,lambda)",0.3
EE,potencias,4,1009,1.1347081395385658e-27,202030,30,200,n,discreta_global,"(mu,lambda)",0.3
EE,potencias,4,1010,9.092805758938077e-28,202230,30,200,n,discreta_global,"(mu,lambda)",0.3
EE,potencias,4,1011,9.416647112643025e-28,202430,30,200,n,discreta_global,"(mu,lambda)",0.3
EE,potencias,4,1012,1.1058502079853672e-27,202630,30,200,n,discreta_global,"(mu,lambda)",0.3
EE,potencias,4,1013,9.40106952724971e-28,202830,30,200,n,discreta_global,"(mu,lambda)",0.3
EE,potencias,4,1014,9.037521959195032e-28,203030,30,200,n,discreta_global,"(mu,lambda)",0.3
EE,potencias,4,1015,1.0396274743830948e-27,203230,30,200,n,discreta_global,"(mu,lambda)",0.3
EE,potencias,4,1016,8.28885800482747e-28,203430,30,200,n,discreta_global,"(mu,lambda)",0.3
EE,potencias,4,1017,9.362242506267383e-28,203630,30,200,n,discreta_global,"(mu,lambda)",0.3
EE,potencias,4,1018,3.9237967804261974e-28,203830,30,200,n,discreta_global,"(mu,lambda)",0.3
EE,potencias,4,1019,9.86592294187292e-28,204030,30,200,n,discreta_global,"(mu,lambda)",0.3
EE,potencias,4,1020,9.013224201982503e-28,204230,30,200,n,discreta_global,"(mu,lambda)",0.3
EE,potencias,4,1021,1.0765772521363852e-27,204430,30,200,n,discreta_global,"(mu,lambda)",0.3
EE,potencias,4,1022,1.1073882078542786e-27,204630,30,200,n,discreta_global,"(mu,lambda)",0.3
EE,potencias,4,1023,7.581617071510795e-28,204830,30,200,n,discreta_global,"(mu,lambda)",0.3
EE,potencias,4,1024,9.34107012321631e-28,205030,30,200,n,discreta_global,"(mu,lambda)",0.3
EE,potencias,4,1025,8.862444943090626e-28,205230,30,200,n,discreta_global,"(mu,lambda)",0.3
EE,potencias,4,1026,7.649981975463623e-28,205430,30,200,n,discreta_global,"(mu,lambda)",0.3
EE,potencias,4,1027,1.341832693010113e-27,205630,30,200,n,discreta_global,"(mu,lambda)",0.3
EE,potencias,4,1028,8.918036551727254e-28,205830,30,200,n,discreta_global,"(mu,lambda)",0.3
EE,potencias,4,1029,9.954977226574356e-28,206030,30,200,n,discreta_global,"(mu,lambda)",0.3
EE,potencias,4,1030,7.949504565869007e-28,206230,30,200,n,discreta_global,"(mu,lambda)",0.3
EE,potencias,4,1031,8.331860168799023e-28,206430,30,200,n,discreta_global,"(mu,lambda)",0.3
EE,potencias,4,1032,6.9930190779291205e-28,206630,30,200,n,discreta_global,"(mu,lambda)",0.3
EE,potencias,4,1033,8.682510557938844e-28,206830,30,200,n,discreta_global,"(mu,lambda)",0.3
EE,potencias,4,1034,1.4421442860077692e-27,207030,30,200,n,discreta_global,"(mu,lambda)",0.3
EE,potencias,4,1035,1.0204737365823415e-27,207230,30,200,n,discreta_global,"(mu,lambda)",0.3
EE,potencias,4,1036,7.381896383328569e-28,207430,30,200,n,discreta_global,"(mu,lambda)",0.3
EE,potencias,4,1037,7.596611983250245e-28,207630,30,200,n,discreta_global,"(mu,lambda)",0.3
EE,potencias,4,1038,9.675266947764144e-28,207830,30,200,n,discreta_global,"(mu,lambda)",0.3
EE,potencias,4,1039,1.3841195082073991e-27,208030,30,200,n,discreta_global,"(mu,lambda)",0.3
EE,potencias,4,1040,1.0109164505504945e-27,208230,30,200,n,discreta_global,"(mu,lambda)",0.3
EE,potencias,4,1041,6.168114905232763e-28,208430,30,200,n,discreta_global,"(mu,lambda)",0.3
EE,potencias,4,1042,7.893338831388534e-28,208630,30,200,n,discreta_global,"(mu,lambda)",0.3
EE,potencias,4,1043,6.375597615642378e-28,208830,30,200,n,discreta_global,"(mu,lambda)",0.3
EE,potencias,4,1044,6.425246852716135e-28,209030,30,200,n,discreta_global,"(mu,lambda)",0.3
EE,potencias,4,1045,1.0026220974937977e-27,209230,30,200,n,discreta_global,"(mu,lambda)",0.3
EE,potencias,4,1046,6.274751172501839e-28,209430,30,200,n,discreta_global,"(mu,lambda)",0.3
EE,potencias,4,1047,1.38499306476662e-27,209630,30,200,n,discreta_global,"(mu,lambda)",0.3
EE,potencias,4,1048,6.157092844110831e-28,209830,30,200,n,discreta_global,"(mu,lambda)",0.3
EE,potencias,4,1049,6.10404114378705e-28,210030,30,200,n,discreta_global,"(mu,lambda)",0.3
EE,potencias,4,1050,1.1013949571941223e-27,210230,30,200,n,discreta_global,"(mu,lambda)",0.3
EE,potencias,4,1051,6.49220115882275e-28,210430,30,200,n,discreta_global,"(mu,lambda)",0.3
EE,potencias,4,1052,7.298787587268312e-28,210630,30,200,n,discreta_global,"(mu,lambda)",0.3
EE,potencias,4,1053,1.0551979707613889e-27,210830,30,200,n,discreta_global,"(mu,lambda)",0.3
EE,potencias,4,1054,8.691925369488449e-28,211030,30,200,n,discreta_global,"(mu,lambda)",0.3
EE,potencias,4,1055,6.1447046853163905e-28,211230,30,200,n,discreta_global,"(mu,lambda)",0.3
EE,potencias,4,1056,5.70823432225499e-28,211430,30,200,n,discreta_global,"(mu,lambda)",0.3
EE,potencias,4,1057,6.171271599357586e-28,211630,30,200,n,discreta_global,"(mu,lambda)",0.3
EE,potencias,4,1058,5.955891337211216e-28,211830,30,200,n,discreta_global,"(mu,lambda)",0.3
EE,potencias,4,1059,9.380110078632036e-28,212030,30,200,n,discreta_global,"(mu,lambda)",0.3
EE,potencias,4,1060,8.867624835131414e-28,212230,30,200,n,discreta_global,"(mu,lambda)",0.3
EE,potencias,4,1061,2.196124609358205e-27,212430,30,200,n,discreta_global,"(mu,lambda)",0.3
EE,potencias,4,1062,3.7163799946267626e-28,212630,30,200,n,discreta_global,"(mu,lambda)",0.3
EE,potencias,4,1063,5.079064572609863e-28,212830,30,200,n,discreta_global,"(mu,lambda)",0.3
EE,potencias,4,1064,3.6710387195533564e-28,213030,30,200,n,discreta_global,"(mu,lambda)",0.3
EE,potencias,4,1065,4.874318727700182e-28,213230,30,200,n,discreta_global,"(mu,lambda)",0.3
EE,potencias,4,1066,5.696572124654859e-28,213430,30,200,n,discreta_global,"(mu,lambda)",0.3
EE,potencias,4,1067,6.771599146628965e-28,213630,30,200,n,discreta_global,"(mu,lambda)",0.3
EE,potencias,4,1068,8.049432391741467e-28,213830,30,200,n,discreta_global,"(mu,lambda)",0.3
EE,potencias,4,1069,1.0942123591307994e-27,214030,30,200,n,discreta_global,"(mu,lambda)",0.3
EE,potencias,4,1070,1.0618295583990838e-27,214230,30,200,n,discreta_global,"(mu,lambda)",0.3
EE,potencias,4,1071,4.6713604153025025e-28,214430,30,200,n,discreta_global,"(mu,lambda)",0.3
EE,potencias,4,1072,5.919458648454376e-28,214630,30,200,n,discreta_global,"(mu,lambda)",0.3
EE,potencias,4,1073,1.0016125623554769e-27,214830,30,200,n,discreta_global,"(mu,lambda)",0.3
EE,potencias,4,1074,3.486906568363789e-28,215030,30,200,n,discreta_global,"(mu,lambda)",0.3
EE,potencias,4,1075,3.309937873700331e-28,215230,30,200,n,discreta_global,"(mu,lambda)",0.3
EE,potencias,4,1076,2.7402468240131373e-28,215430,30,200,n,discreta_global,"(mu,lambda)",0.3
EE,potencias,4,1077,4.40292474675615e-28,215630,30,200,n,discreta_global,"(mu,lambda)",0.3
EE,potencias,4,1078,6.092744447125054e-28,215830,30,200,n,discreta_global,"(mu,lambda)",0.3
EE,potencias,4,1079,7.606551426272319e-28,216030,30,200,n,discreta_global,"(mu,lambda)",0.3
EE,potencias,4,1080,8.953264341979831e-28,216230,30,200,n,discreta_global,"(mu,lambda)",0.3
EE,potencias,4,1081,4.679954288236425e-28,216430,30,200,n,discreta_global,"(mu,lambda)",0.3
EE,potencias,4,1082,1.6445198226925997e-27,216630,30,200,n,discreta_global,"(mu,lambda)",0.3
EE,potencias,4,1083,1.681295053996304e-27,216830,30,200,n,discreta_global,"(mu,lambda)",0.3
EE,potencias,4,1084,4.525323064715914e-28,217030,30,200,n,discreta_global,"(mu,lambda)",0.3
EE,potencias,4,1085,1.0040424874228756e-27,217230,30,200,n,discreta_global,"(mu,lambda)",0.3
EE,potencias,4,1086,7.379472491941363e-28,217430,30,200,n,discreta_global,"(mu,lambda)",0.3
EE,potencias,4,1087,5.356738173393492e-28,217630,30,200,n,discreta_global,"(mu,lambda)",0.3
EE,potencias,4,1088,9.52194155112573e-28,217830,30,200,n,discreta_global,"(mu,lambda)",0.3
EE,potencias,4,1089,6.902106777167878e-28,218030,30,200,n,discreta_global,"(mu,lambda)",0.3
EE,potencias,4,1090,8.978445300746619e-28,218230,30,200,n,discreta_global,"(mu,lambda)",0.3
EE,potencias,4,1091,5.880601635978903e-28,218430,30,200,n,discreta_global,"(mu,lambda)",0.3
EE,potencias,4,1092,1.8227120861825702e-27,218630,30,200,n,discreta_global,"(mu,lambda)",0.3
EE,potencias,4,1093,5.150528945900536e-28,218830,30,200,n,discreta_global,"(mu,lambda)",0.3
EE,potencias,4,1094,6.331346678245647e-28,219030,30,200,n,discreta_global,"(mu,lambda)",0.3
EE,potencias,4,1095,4.596419803259068e-28,219230,30,200,n,discreta_global,"(mu,lambda)",0.3
EE,potencias,4,1096,6.569352120603313e-28,219430,30,200,n,discreta_global,"(mu,lambda)",0.3
EE,potencias,4,1097,8.469290850015318e-28,219630,30,200,n,discreta_global,"(mu,lambda)",0.3
EE,potencias,4,1098,4.4421884894792345e-28,219830,30,200,n,discreta_global,"(mu,lambda)",0.3
EE,potencias,4,1099,4.330655256292882e-28,220030,30,200,n,discreta_global,"(mu,lambda)",0.3
EE,potencias,4,1100,4.630872043044124e-28,220230,30,200,n,discreta_global,"(mu,lambda)",0.3
EE,potencias,4,1101,4.112403640700627e-28,220430,30,200,n,discreta_global,"(mu,lambda)",0.3
EE,potencias,4,1102,3.831667808248233e-28,220630,30,200,n,discreta_global,"(mu,lambda)",0.3
EE,potencias,4,1103,2.01215621503703e-27,220830,30,200,n,discreta_global,"(mu,lambda)",0.3
EE,potencias,4,1104,3.179221882073039e-28,221030,30,200,n,discreta_global,"(mu,lambda)",0.3
EE,potencias,4,1105,4.7363521615714836e-28,221230,30,200,n,discreta_global,"(mu,lambda)",0.3
EE,potencias,4,1106,3.331301725388035e-28,221430,30,200,n,discreta_global,"(mu,lambda)",0.3
EE,potencias,4,1107,5.85457851072373e-28,221630,30,200,n,discreta_global,"(mu,lambda)",0.3
EE,potencias,4,1108,3.743166265465954e-28,221830,30,200,n,discreta_global,"(mu,lambda)",0.3
EE,potencias,4,1109,4.534890903662443e-28,222030,30,200,n,discreta_global,"(mu,lambda)",0.3
EE,potencias,4,1110,3.703145583201874e-28,222230,30,200,n,discreta_global,"(mu,lambda)",0.3
EE,potencias,4,1111,4.32468022616745e-28,222430,30,200,n,discreta_global,"(mu,lambda)",0.3
EE,potencias,4,1112,1.4796527354799987e-27,222630,30,200,n,discreta_global,"(mu,lambda)",0.3
EE,potencias,4,1113,1.5271885516365713e-27,222830,30,200,n,discreta_global,"(mu,lambda)",0.3
EE,potencias,4,1114,4.681369942818649e-28,223030,30,200,n,discreta_global,"(mu,lambda)",0.3
EE,potencias,4,1115,4.848568140855597e-28,223230,30,200,n,discreta_global,"(mu,lambda)",0.3
EE,potencias,4,1116,8.919071808465615e-28,223430,30,200,n,discreta_global,"(mu,lambda)",0.3
EE,potencias,4,1117,3.434622656709415e-28,223630,30,200,n,discreta_global,"(mu,lambda)",0.3
EE,potencias,4,1118,3.8521161724731073e-28,223830,30,200,n,discreta_global,"(mu,lambda)",0.3
EE,potencias,4,1119,6.592359220969675e-28,224030,30,200,n,discreta_global,"(mu,lambda)",0.3
EE,potencias,4,1120,4.971503681063337e-28,224230,30,200,n,discreta_global,"(mu,lambda)",0.3
EE,potencias,4,1121,1.5441577350302621e-27,224430,30,200,n,discreta_global,"(mu,lambda)",0.3
EE,potencias,4,1122,4.086527048774395e-28,224630,30,200,n,discreta_global,"(mu,lambda)",0.3
EE,potencias,4,1123,3.4715954982706803e-28,224830,30,200,n,discreta_global,"(mu,lambda)",0.3
EE,potencias,4,1124,1.2684614822213385e-27,225030,30,200,n,discreta_global,"(mu,lambda)",0.3
EE,potencias,4,1125,4.202875466961423e-28,225230,30,200,n,discreta_global,"(mu,lambda)",0.3
EE,potencias,4,1126,4.127462845875621e-28,225430,30,200,n,discreta_global,"(mu,lambda)",0.3
EE,potencias,4,1127,1.6495747492804737e-27,225630,30,200,n,discreta_global,"(mu,lambda)",0.3
EE,potencias,4,1128,2.0601004524845414e-27,225830,30,200,n,discreta_global,"(mu,lambda)",0.3
EE,potencias,4,1129,4.042697908188561e-28,226030,30,200,n,discreta_global,"(mu,lambda)",0.3
EE,potencias,4,1130,7.335726247907958e-28,226230,30,200,n,discreta_global,"(mu,lambda)",0.3
EE,potencias,4,1131,4.233967655445251e-28,226430,30,200,n,discreta_global,"(mu,lambda)",0.3
EE,potencias,4,1132,4.84848510095792e-28,226630,30,200,n,discreta_global,"(mu,lambda)",0.3
EE,potencias,4,1133,8.657888619430874e-28,226830,30,200,n,discreta_global,"(mu,lambda)",0.3
EE,potencias,4,1134,4.956956732495393e-28,227030,30,200,n,discreta_global,"(mu,lambda)",0.3
EE,potencias,4,1135,3.5046875463730498e-28,227230,30,200,n,discreta_global,"(mu,lambda)",0.3
EE,potencias,4,1136,4.249749258931963e-28,227430,30,200,n,discreta_global,"(mu,lambda)",0.3
EE,potencias,4,1137,3.7810852229995892e-28,227630,30,200,n,discreta_global,"(mu,lambda)",0.3
EE,potencias,4,1138,3.5591909878184247e-28,227830,30,200,n,discreta_global,"(mu,lambda)",0.3
EE,potencias,4,1139,3.806477119236787e-28,228030,30,200,n,discreta_global,"(mu,lambda)",0.3
EE,potencias,4,1140,3.746347030988836e-28,228230,30,200,n,discreta_global,"(mu,lambda)",0.3
EE,potencias,4,1141,7.154678425754017e-28,228430,30,200,n,discreta_global,"(mu,lambda)",0.3
EE,potencias,4,1142,3.5566190042552934e-28,228630,30,200,n,discreta_global,"(mu,lambda)",0.3
EE,potencias,4,1143,2.608575028815958e-28,228830,30,200,n,discreta_global,"(mu,lambda)",0.3
EE,potencias,4,1144,5.3467873670116685e-28,229030,30,200,n,discreta_global,"(mu,lambda)",0.3
EE,potencias,4,1145,3.606252023336191e-28,229230,30,200,n,discreta_global,"(mu,lambda)",0.3
EE,potencias,4,1146,2.5689200205882856e-28,229430,30,200,n,discreta_global,"(mu,lambda)",0.3
EE,potencias,4,1147,3.218156431102468e-28,229630,30,200,n,discreta_global,"(mu,lambda)",0.3
EE,potencias,4,1148,3.213898113873972e-28,229830,30,200,n,discreta_global,"(mu,lambda)",0.3
EE,potencias,4,1149,1.626433711479455e-27,230030,30,200,n,discreta_global,"(mu,lambda)",0.3
EE,potencias,4,1150,2.966087372921333e-28,230230,30,200,n,discreta_global,"(mu,lambda)",0.3
EE,potencias,4,1151,4.8012694135964135e-28,230430,30,200,n,discreta_global,"(mu,lambda)",0.3
EE,potencias,4,1152,3.128716457943325e-28,230630,30,200,n,discreta_global,"(mu,lambda)",0.3
EE,potencias,4,1153,3.9360416087262034e-28,230830,30,200,n,discreta_global,"(mu,lambda)",0.3
EE,potencias,4,1154,4.215668704733023e-28,231030,30,200,n,discreta_global,"(mu,lambda)",0.3
EE,potencias,4,1155,4.530135018579482e-28,231230,30,200,n,discreta_global,"(mu,lambda)",0.3
EE,potencias,4,1156,2.780921381412068e-28,231430,30,200,n,discreta_global,"(mu,lambda)",0.3
EE,potencias,4,1157,2.489379650648366e-28,231630,30,200,n,discreta_global,"(mu,lambda)",0.3
EE,potencias,4,1158,9.264926474971112e-28,231830,30,200,n,discreta_global,"(mu,lambda)",0.3
EE,potencias,4,1159,2.948938798400686e-28,232030,30,200,n,discreta_global,"(mu,lambda)",0.3
EE,potencias,4,1160,2.849648268689399e-28,232230,30,200,n,discreta_global,"(mu,lambda)",0.3
EE,potencias,4,1161,4.164258987369875e-28,232430,30,200,n,discreta_global,"(mu,lambda)",0.3
EE,potencias,4,1162,3.5488040928491995e-28,232630,30,200,n,discreta_global,"(mu,lambda)",0.3
EE,potencias,4,1163,3.2630062680021045e-28,232830,30,200,n,discreta_global,"(mu,lambda)",0.3
EE,potencias,4,1164,4.180428651706408e-28,233030,30,200,n,discreta_global,"(mu,lambda)",0.3
EE,potencias,4,1165,4.293269468381443e-28,233230,30,200,n,discreta_global,"(mu,lambda)",0.3
EE,potencias,4,1166,4.732498919258624e-28,233430,30,200,n,discreta_global,"(mu,lambda)",0.3
EE,potencias,4,1167,3.678742511678216e-28,233630,30,200,n,discreta_global,"(mu,lambda)",0.3
EE,potencias,4,1168,3.472787621046092e-28,233830,30,200,n,discreta_global,"(mu,lambda)",0.3
EE,potencias,4,1169,2.758237200562195e-28,234030,30,200,n,discreta_global,"(mu,lambda)",0.3
EE,potencias,4,1170,3.468514390170873e-28,234230,30,200,n,discreta_global,"(mu,lambda)",0.3
EE,potencias,4,1171,2.6485955644121545e-28,234430,30,200,n,discreta_global,"(mu,lambda)",0.3
EE,potencias,4,1172,6.074839533751517e-28,234630,30,200,n,discreta_global,"(mu,lambda)",0.3
EE,potencias,4,1173,4.081604075162671e-28,234830,30,200,n,discreta_global,"(mu,lambda)",0.3
EE,potencias,4,1174,3.4343201056941748e-28,235030,30,200,n,discreta_global,"(mu,lambda)",0.3
EE,potencias,4,1175,4.100065113260284e-28,235230,30,200,n,discreta_global,"(mu,lambda)",0.3
EE,potencias,4,1176,2.622310766371818e-28,235430,30,200,n,discreta_global,"(mu,lambda)",0.3
EE,potencias,4,1177,7.217794942435957e-28,235630,30,200,n,discreta_global,"(mu,lambda)",0.3
EE,potencias,4,1178,3.064692518039552e-28,235830,30,200,n,discreta_global,"(mu,lambda)",0.3
EE,potencias,4,1179,2.631816326245481e-28,236030,30,200,n,discreta_global,"(mu,lambda)",0.3
EE,potencias,4,1180,4.856474557444073e-28,236230,30,200,n,discreta_global,"(mu,lambda)",0.3
EE,potencias,4,1181,5.937827050371882e-28,236430,30,200,n,discreta_global,"(mu,lambda)",0.3
EE,potencias,4,1182,2.9616603081116175e-28,236630,30,200,n,discreta_global,"(mu,lambda)",0.3
EE,potencias,4,1183,2.67884983449311e-28,236830,30,200,n,discreta_global,"(mu,lambda)",0.3
EE,potencias,4,1184,7.313580028508562e-28,237030,30,200,n,discreta_global,"(mu,lambda)",0.3
EE,potencias,4,1185,2.7711526157196342e-28,237230,30,200,n,discreta_global,"(mu,lambda)",0.3
EE,potencias,4,1186,3.7493474191850147e-28,237430,30,200,n,discreta_global,"(mu,lambda)",0.3
EE,potencias,4,1187,4.528671044660116e-28,237630,30,200,n,discreta_global,"(mu,lambda)",0.3
EE,potencias,4,1188,2.8430977256939706e-28,237830,30,200,n,discreta_global,"(mu,lambda)",0.3
EE,potencias,4,1189,4.9386649943972975e-28,238030,30,200,n,discreta_global,"(mu,lambda)",0.3
EE,potencias,4,1190,3.338959045288463e-28,238230,30,200,n,discreta_global,"(mu,lambda)",0.3
EE,potencias,4,1191,2.6941809225393713e-28,238430,30,200,n,discreta_global,"(mu,lambda)",0.3
EE,potencias,4,1192,2.7641826230733714e-28,238630,30,200,n,discreta_global,"(mu,lambda)",0.3
EE,potencias,4,1193,3.2740221230413633e-28,238830,30,200,n,discreta_global,"(mu,lambda)",0.3
EE,potencias,4,1194,2.873722055235774e-28,239030,30,200,n,discreta_global,"(mu,lambda)",0.3
EE,potencias,4,1195,3.4223579254370555e-28,239230,30,200,n,discreta_global,"(mu,lambda)",0.3
EE,potencias,4,1196,4.347427118477337e-28,239430,30,200,n,discreta_global,"(mu,lambda)",0.3
EE,potencias,4,1197,3.6850131324517987e-28,239630,30,200,n,discreta_global,"(mu,lambda)",0.3
EE,potencias,4,1198,4.108453680326955e-28,239830,30,200,n,discreta_global,"(mu,lambda)",0.3
EE,potencias,4,1199,2.977081231955518e-28,240030,30,200,n,discreta_global,"(mu,lambda)",0.3
