algoritmo,funcion,ejecucion,generacion,mejor_fitness,evaluaciones,mu,lambda,modo_sigma,recomb,supervivencia,sigma_inicial
EE,ackley,0,0,7.18630352875066,230,30,200,n,intermedia_global,(mu+lambda),1.0
EE,ackley,0,1,5.852303473347757,430,30,200,n,intermedia_global,(mu+lambda),1.0
EE,ackley,0,2,4.858619224988185,630,30,200,n,intermedia_global,(mu+lambda),1.0
EE,ackley,0,3,4.288027175437101,830,30,200,n,intermedia_global,(mu+lambda),1.0
EE,ackley,0,4,3.365074115429309,1030,30,200,n,intermedia_global,(mu+lambda),1.0
EE,ackley,0,5,2.7801850038922287,1230,30,200,n,intermedia_global,(mu+lambda),1.0
EE,ackley,0,6,2.7801850038922287,1430,30,200,n,intermedia_global,(mu+lambda),1.0
EE,ackley,0,7,2.5990861960692837,1630,30,200,n,intermedia_global,(mu+lambda),1.0
EE,ackley,0,8,2.330497020268361,1830,30,200,n,intermedia_global,(mu+lambda),1.0
EE,ackley,0,9,2.1221331990550216,2030,30,200,n,intermedia_global,(mu+lambda),1.0
EE,ackley,0,10,2.017165351771695,2230,30,200,n,intermedia_global,(mu+lambda),1.0
EE,ackley,0,11,2.017165351771695,2430,30,200,n,intermedia_global,(mu+lambda),1.0
EE,ackley,0,12,1.675352338492797,2630,30,200,n,intermedia_global,(mu+lambda),1.0
EE,ackley,0,13,1.675352338492797,2830,30,200,n,intermedia_global,(mu+lambda),1.0
EE,ackley,0,14,1.10129829679865,3030,30,200,n,intermedia_global,(mu+lambda),1.0
EE,ackley,0,15,1.10129829679865,3230,30,200,n,intermedia_global,(mu+lambda),1.0
EE,ackley,0,16,0.943863953746956,3430,30,200,n,intermedia_global,(mu+lambda),1.0
EE,ackley,0,17,0.5331834063737131,3630,30,200,n,intermedia_global,(mu+lambda),1.0
EE,ackley,0,18,0.5331834063737131,3830,30,200,n,intermedia_global,(mu+lambda),1.0
EE,ackley,0,19,0.5331834063737131,4030,30,200,n,intermedia_global,(mu+lambda),1.0
EE,ackley,0,20,0.29938091023940006,4230,30,200,n,intermedia_global,(mu+lambda),1.0
EE,ackley,0,21,0.27807838984923494,4430,30,200,n,intermedia_global,(mu+lambda),1.0
EE,ackley,0,22,0.19557857192452532,4630,30,200,n,intermedia_global,(mu+lambda),1.0
EE,ackley,0,23,0.19557857192452532,4830,30,200,n,intermedia_global,(mu+lambda),1.0
EE,ackley,0,24,0.12731253596071612,5030,30,200,n,intermedia_global,(mu+lambda),1.0
EE,ackley,0,25,0.12731253596071612,5230,30,200,n,intermedia_global,(mu+lambda),1.0
EE,ackley,0,26,0.09500492602858701,5430,30,200,n,intermedia_global,(mu+lambda),1.0
EE,ackley,0,27,0.09500492602858701,5630,30,200,n,intermedia_global,(mu+lambda),1.0
EE,ackley,0,28,0.09500492602858701,5830,30,200,n,intermedia_global,(mu+lambda),1.0
EE,ackley,0,29,0.08359071405618623,6030,30,200,n,intermedia_global,(mu+lambda),1.0
EE,ackley,0,30,0.08359071405618623,6230,30,200,n,intermedia_global,(mu+lambda),1.0
EE,ackley,0,31,0.05450310915441081,6430,30,200,n,intermedia_global,(mu+lambda),1.0
EE,ackley,0,32,0.05450310915441081,6630,30,200,n,intermedia_global,(mu+lambda),1.0
EE,ackley,0,33,0.05450310915441081,6830,30,200,n,intermedia_global,(mu+lambda),1.0
EE,ackley,0,34,0.051375271568613545,7030,30,200,n,intermedia_global,(mu+lambda),1.0
EE,ackley,0,35,0.047410478334058315,7230,30,200,n,intermedia_global,(mu+lambda),1.0
EE,ackley,0,36,0.037370688294398935,7430,30,200,n,intermedia_global,(mu+lambda),1.0
EE,ackley,0,37,0.035905078606678575,7630,30,200,n,intermedia_global,(mu+lambda),1.0
EE,ackley,0,38,0.02825555964530624,7830,30,200,n,intermedia_global,(mu+lambda),1.0
EE,ackley,0,39,0.0280417954374923,8030,30,200,n,intermedia_global,(mu+lambda),1.0
EE,ackley,0,40,0.01885045020062437,8230,30,200,n,intermedia_global,(mu+lambda),1.0
EE,ackley,0,41,0.015244997569031415,8430,30,200,n,intermedia_global,(mu+lambda),1.0
EE,ackley,0,42,0.015244997569031415,8630,30,200,n,intermedia_global,(mu+lambda),1.0
EE,ackley,0,43,0.011154392494181042,8830,30,200,n,intermedia_global,(mu+lambda),1.0
EE,ackley,0,44,0.011154392494181042,9030,30,200,n,intermedia_global,(mu+lambda),1.0
EE,ackley,0,45,0.009725866329060029,9230,30,200,n,intermedia_global,(mu+lambda),1.0
EE,ackley,0,46,0.009725866329060029,9430,30,200,n,intermedia_global,(mu+lambda),1.0
EE,ackley,0,47,0.005973746552087267,9630,30,200,n,intermedia_global,(mu+lambda),1.0
EE,ackley,0,48,0.005973746552087267,9830,30,200,n,intermedia_global,(mu+lambda),1.0
EE,ackley,0,49,0.005139512693926651,10030,30,200,n,intermedia_global,(mu+lambda),1.0
EE,ackley,0,50,0.005139512693926651,10230,30,200,n,intermedia_global,(mu+lambda),1.0
EE,ackley,0,51,0.003959457661725896,10430,30,200,n,intermedia_global,(mu+lambda),1.0
EE,ackley,0,52,0.0033511657305109743,10630,30,200,n,intermedia_global,(mu+lambda),1.0
EE,ackley,0,53,0.0033511657305109743,10830,30,200,n,intermedia_global,(mu+lambda),1.0
EE,ackley,0,54,0.0023444040869127214,11030,30,200,n,intermedia_global,(mu+lambda),1.0
EE,ackley,0,55,0.0023444040869127214,11230,30,200,n,intermedia_global,(mu+lambda),1.0
EE,ackley,0,56,0.0017608101915560503,11430,30,200,n,intermedia_global,(mu+lambda),1.0
EE,ackley,0,57,0.0017608101915560503,11630,30,200,n,intermedia_global,(mu+lambda),1.0
EE,ackley,0,58,0.0017608101915560503,11830,30,200,n,intermedia_global,(mu+lambda),1.0
EE,ackley,0,59,0.0017608101915560503,12030,30,200,n,intermedia_global,(mu+lambda),1.0
EE,ackley,0,60,0.0015397684213422913,12230,30,200,n,intermedia_global,(mu+lambda),1.0
EE,ackley,0,61,0.0015397684213422913,12430,30,200,n,intermedia_global,(mu+lambda),1.0
EE,ackley,0,62,0.0012108735763125544,12630,30,200,n,intermedia_global,(mu+lambda),1.0
EE,ackley,0,63,0.0005931965490479918,12830,30,200,n,intermedia_global,(mu+lambda),1.0
EE,ackley,0,64,0.0005931965490479918,13030,30,200,n,intermedia_global,(mu+lambda),1.0
EE,ackley,0,65,0.0005931965490479918,13230,30,200,n,intermedia_global,(mu+lambda),1.0
EE,ackley,0,66,0.0005931965490479918,13430,30,200,n,intermedia_global,(mu+lambda),1.0
EE,ackley,0,67,0.0005931965490479918,13630,30,200,n,intermedia_global,(mu+lambda),1.0
EE,ackley,0,68,0.0005931965490479918,13830,30,200,n,intermedia_global,(mu+lambda),1.0
EE,ackley,0,69,0.0005931965490479918,14030,30,200,n,intermedia_global,(mu+lambda),1.0
EE,ackley,0,70,0.0005931965490479918,14230,30,200,n,intermedia_global,(mu+lambda),1.0
EE,ackley,0,71,0.0005931965490479918,14430,30,200,n,intermedia_global,(mu+lambda),1.0
EE,ackley,0,72,0.0005931965490479918,14630,30,200,n,intermedia_global,(mu+lambda),1.0
EE,ackley,0,73,0.0004976255833786247,14830,30,200,n,intermedia_global,(mu+lambda),1.0
EE,ackley,0,74,0.0004976255833786247,15030,30,200,n,intermedia_global,(mu+lambda),1.0
EE,ackley,0,75,0.0004710551090565396,15230,30,200,n,intermedia_global,(mu+lambda),1.0
EE,ackley,0,76,0.0003297877683228201,15430,30,200,n,intermedia_global,(mu+lambda),1.0
EE,ackley,0,77,0.0003297877683228201,15630,30,200,n,intermedia_global,(mu+lambda),1.0
EE,ackley,0,78,0.0003297877683228201,15830,30,200,n,intermedia_global,(mu+lambda),1.0
EE,ackley,0,79,0.0003297877683228201,16030,30,200,n,intermedia_global,(mu+lambda),1.0
EE,ackley,0,80,0.0003297877683228201,16230,30,200,n,intermedia_global,(mu+lambda),1.0
EE,ackley,0,81,0.00021563784936562413,16430,30,200,n,intermedia_global,(mu+lambda),1.0
EE,ackley,0,82,0.00021563784936562413,16630,30,200,n,intermedia_global,(mu+lambda),1.0
EE,ackley,0,83,0.00021563784936562413,16830,30,200,n,intermedia_global,(mu+lambda),1.0
EE,ackley,0,84,0.00021563784936562413,17030,30,200,n,intermedia_global,(mu+lambda),1.0
EE,ackley,0,85,0.00021563784936562413,17230,30,200,n,intermedia_global,(mu+lambda),1.0
EE,ackley,0,86,0.00020338370792361005,17430,30,200,n,intermedia_global,(mu+lambda),1.0
EE,ackley,0,87,0.00018378386748496567,17630,30,200,n,intermedia_global,(mu+lambda),1.0
EE,ackley,0,88,0.00017414991524278278,17830,30,200,n,intermedia_global,(mu+lambda),1.0
EE,ackley,0,89,0.00015491449563542758,18030,30,200,n,intermedia_global,(mu+lambda),1.0
EE,ackley,0,90,0.00013656497717962068,18230,30,200,n,intermedia_global,(mu+lambda),1.0
EE,ackley,0,91,9.829219584789328e-05,18430,30,200,n,intermedia_global,(mu+lambda),1.0
EE,ackley,0,92,8.735234689938309e-05,18630,30,200,n,intermedia_global,(mu+lambda),1.0
EE,ackley,0,93,7.401685099894806e-05,18830,30,200,n,intermedia_global,(mu+lambda),1.0
EE,ackley,0,94,4.605880879227087e-05,19030,30,200,n,intermedia_global,(mu+lambda),1.0
EE,ackley,0,95,4.605880879227087e-05,19230,30,200,n,intermedia_global,(mu+lambda),1.0
EE,ackley,0,96,3.934184820453268e-05,19430,30,200,n,intermedia_global,(mu+lambda),1.0
EE,ackley,0,97,3.934184820453268e-05,19630,30,200,n,intermedia_global,(mu+lambda),1.0
EE,ackley,0,98,3.073599432257268e-05,19830,30,200,n,intermedia_global,(mu+lambda),1.0
EE,ackley,0,99,2.8832073319495777e-05,20030,30,200,n,intermedia_global,(mu+lambda),1.0
EE,ackley,0,100,2.3767302075317076e-05,20230,30,200,n,intermedia_global,(mu+lambda),1.0
EE,ackley,0,101,1.4640953363898035e-05,20430,30,200,n,intermedia_global,(mu+lambda),1.0
EE,ackley,0,102,1.4640953363898035e-05,20630,30,200,n,intermedia_global,(mu+lambda),1.0
EE,ackley,0,103,1.4640953363898035e-05,20830,30,200,n,intermedia_global,(mu+lambda),1.0
EE,ackley,0,104,1.4640953363898035e-05,21030,30,200,n,intermedia_global,(mu+lambda),1.0
EE,ackley,0,105,1.4640953363898035e-05,21230,30,200,n,intermedia_global,(mu+lambda),1.0
EE,ackley,0,106,1.4640953363898035e-05,21430,30,200,n,intermedia_global,(mu+lambda),1.0
EE,ackley,0,107,1.0204621720522056e-05,21630,30,200,n,intermedia_global,(mu+lambda),1.0
EE,ackley,0,108,9.92176408276535e-06,21830,30,200,n,intermedia_global,(mu+lambda),1.0
EE,ackley,0,109,9.92176408276535e-06,22030,30,200,n,intermedia_global,(mu+lambda),1.0
EE,ackley,0,110,8.087213974494745e-06,22230,30,200,n,intermedia_global,(mu+lambda),1.0
EE,ackley,0,111,7.837921281339533e-06,22430,30,200,n,intermedia_global,(mu+lambda),1.0
EE,ackley,0,112,7.837921281339533e-06,22630,30,200,n,intermedia_global,(mu+lambda),1.0
EE,ackley,0,113,7.837921281339533e-06,22830,30,200,n,intermedia_global,(mu+lambda),1.0
EE,ackley,0,114,6.809182640399314e-06,23030,30,200,n,intermedia_global,(mu+lambda),1.0
EE,ackley,0,115,5.637898386812168e-06,23230,30,200,n,intermedia_global,(mu+lambda),1.0
EE,ackley,0,116,5.097249147656413e-06,23430,30,200,n,intermedia_global,(mu+lambda),1.0
EE,ackley,0,117,4.715026627355456e-06,23630,30,200,n,intermedia_global,(mu+lambda),1.0
EE,ackley,0,118,3.896939997805049e-06,23830,30,200,n,intermedia_global,(mu+lambda),1.0
EE,ackley,0,119,3.3878656542363217e-06,24030,30,200,n,intermedia_global,(mu+lambda),1.0
EE,ackley,0,120,2.4767400437220033e-06,24230,30,200,n,intermedia_global,(mu+lambda),1.0
EE,ackley,0,121,2.382024775204883e-06,24430,30,200,n,intermedia_global,(mu+lambda),1.0
EE,ackley,0,122,2.335766776884185e-06,24630,30,200,n,intermedia_global,(mu+lambda),1.0
EE,ackley,0,123,1.6989744549000818e-06,24830,30,200,n,intermedia_global,(mu+lambda),1.0
EE,ackley,0,124,1.6989744549000818e-06,25030,30,200,n,intermedia_global,(mu+lambda),1.0
EE,ackley,0,125,1.4138042918609983e-06,25230,30,200,n,intermedia_global,(mu+lambda),1.0
EE,ackley,0,126,1.2158726261368713e-06,25430,30,200,n,intermedia_global,(mu+lambda),1.0
EE,ackley,0,127,9.443383004459349e-07,25630,30,200,n,intermedia_global,(mu+lambda),1.0
EE,ackley,0,128,9.443383004459349e-07,25830,30,200,n,intermedia_global,(mu+lambda),1.0
EE,ackley,0,129,8.434561107328875e-07,26030,30,200,n,intermedia_global,(mu+lambda),1.0
EE,ackley,0,130,8.434561107328875e-07,26230,30,200,n,intermedia_global,(mu+lambda),1.0
EE,ackley,0,131,7.364885452609826e-07,26430,30,200,n,intermedia_global,(mu+lambda),1.0
EE,ackley,0,132,6.508982939301688e-07,26630,30,200,n,intermedia_global,(mu+lambda),1.0
EE,ackley,0,133,6.508982939301688e-07,26830,30,200,n,intermedia_global,(mu+lambda),1.0
EE,ackley,0,134,3.789298301803967e-07,27030,30,200,n,intermedia_global,(mu+lambda),1.0
EE,ackley,0,135,3.789298301803967e-07,27230,30,200,n,intermedia_global,(mu+lambda),1.0
EE,ackley,0,136,3.789298301803967e-07,27430,30,200,n,intermedia_global,(mu+lambda),1.0
EE,ackley,0,137,3.139292741316524e-07,27630,30,200,n,intermedia_global,(mu+lambda),1.0
EE,ackley,0,138,3.139292741316524e-07,27830,30,200,n,intermedia_global,(mu+lambda),1.0
EE,ackley,0,139,3.139292741316524e-07,28030,30,200,n,intermedia_global,(mu+lambda),1.0
EE,ackley,0,140,2.4102829998540187e-07,28230,30,200,n,intermedia_global,(mu+lambda),1.0
EE,ackley,0,141,2.277653980975458e-07,28430,30,200,n,intermedia_global,(mu+lambda),1.0
EE,ackley,0,142,2.277653980975458e-07,28630,30,200,n,intermedia_global,(mu+lambda),1.0
EE,ackley,0,143,1.836304375224529e-07,28830,30,200,n,intermedia_global,(mu+lambda),1.0
EE,ackley,0,144,1.836304375224529e-07,29030,30,200,n,intermedia_global,(mu+lambda),1.0
EE,ackley,0,145,1.1766495733311899e-07,29230,30,200,n,intermedia_global,(mu+lambda),1.0
EE,ackley,0,146,1.1766495733311899e-07,29430,30,200,n,intermedia_global,(mu+lambda),1.0
EE,ackley,0,147,1.1766495733311899e-07,29630,30,200,n,intermedia_global,(mu+lambda),1.0
EE,ackley,0,148,9.695681812971202e-08,29830,30,200,n,intermedia_global,(mu+lambda),1.0
EE,ackley,0,149,8.651311178553556e-08,30030,30,200,n,intermedia_global,(mu+lambda),1.0
EE,ackley,0,150,6.199471558332448e-08,30230,30,200,n,intermedia_global,(mu+lambda),1.0
EE,ackley,0,151,6.199471558332448e-08,30430,30,200,n,intermedia_global,(mu+lambda),1.0
EE,ackley,0,152,5.26074832585266e-08,30630,30,200,n,intermedia_global,(mu+lambda),1.0
EE,ackley,0,153,4.769735584275736e-08,30830,30,200,n,intermedia_global,(mu+lambda),1.0
EE,ackley,0,154,3.948556726030006e-08,31030,30,200,n,intermedia_global,(mu+lambda),1.0
EE,ackley,0,155,3.948556726030006e-08,31230,30,200,n,intermedia_global,(mu+lambda),1.0
EE,ackley,0,156,3.4448188745983543e-08,31430,30,200,n,intermedia_global,(mu+lambda),1.0
EE,ackley,0,157,2.6393454977124975e-08,31630,30,200,n,intermedia_global,(mu+lambda),1.0
EE,ackley,0,158,2.6393454977124975e-08,31830,30,200,n,intermedia_global,(mu+lambda),1.0
EE,ackley,0,159,2.6393454977124975e-08,32030,30,200,n,intermedia_global,(mu+lambda),1.0
EE,ackley,0,160,2.0699712610650067e-08,32230,30,200,n,intermedia_global,(mu+lambda),1.0
EE,ackley,0,161,1.3907272222724032e-08,32430,30,200,n,intermedia_global,(mu+lambda),1.0
EE,ackley,0,162,1.3907272222724032e-08,32630,30,200,n,intermedia_global,(mu+lambda),1.0
EE,ackley,0,163,1.3907272222724032e-08,32830,30,200,n,intermedia_global,(mu+lambda),1.0
EE,ackley,0,164,1.2119777625940742e-08,33030,30,200,n,intermedia_global,(mu+lambda),1.0
EE,ackley,0,165,1.2119777625940742e-08,33230,30,200,n,intermedia_global,(mu+lambda),1.0
EE,ackley,0,166,6.5487495426452824e-09,33430,30,200,n,intermedia_global,(mu+lambda),1.0
EE,ackley,0,167,6.5487495426452824e-09,33630,30,200,n,intermedia_global,(mu+lambda),1.0
EE,ackley,0,168,6.5487495426452824e-09,33830,30,200,n,intermedia_global,(mu+lambda),1.0
EE,ackley,0,169,6.5487495426452824e-09,34030,30,200,n,intermedia_global,(mu+lambda),1.0
EE,ackley,0,170,4.982603218905979e-09,34230,30,200,n,intermedia_global,(mu+lambda),1.0
EE,ackley,0,171,4.982603218905979e-09,34430,30,200,n,intermedia_global,(mu+lambda),1.0
EE,ackley,0,172,4.982603218905979e-09,34630,30,200,n,intermedia_global,(mu+lambda),1.0
EE,ackley,0,173,4.982603218905979e-09,34830,30,200,n,intermedia_global,(mu+lambda),1.0
EE,ackley,0,174,4.982603218905979e-09,35030,30,200,n,intermedia_global,(mu+lambda),1.0
EE,ackley,0,175,2.997005754679094e-09,35230,30,200,n,intermedia_global,(mu+lambda),1.0
EE,ackley,0,176,2.997005754679094e-09,35430,30,200,n,intermedia_global,(mu+lambda),1.0
EE,ackley,0,177,2.997005754679094e-09,35630,30,200,n,intermedia_global,(mu+lambda),1.0
EE,ackley,0,178,2.997005754679094e-09,35830,30,200,n,intermedia_global,(mu+lambda),1.0
EE,ackley,0,179,2.997005754679094e-09,36030,30,200,n,intermedia_global,(mu+lambda),1.0
EE,ackley,0,180,2.7069657626555e-09,36230,30,200,n,intermedia_global,(mu+lambda),1.0
EE,ackley,0,181,1.5463013092187339e-09,36430,30,200,n,intermedia_global,(mu+lambda),1.0
EE,ackley,0,182,1.5463013092187339e-09,36630,30,200,n,intermedia_global,(mu+lambda),1.0
EE,ackley,0,183,1.5291985455689883e-09,36830,30,200,n,intermedia_global,(mu+lambda),1.0
EE,ackley,0,184,1.5291985455689883e-09,37030,30,200,n,intermedia_global,(mu+lambda),1.0
EE,ackley,0,185,1.186770237637802e-09,37230,30,200,n,intermedia_global,(mu+lambda),1.0
EE,ackley,0,186,8.362488479463082e-10,37430,30,200,n,intermedia_global,(mu+lambda),1.0
EE,ackley,0,187,8.362488479463082e-10,37630,30,200,n,intermedia_global,(mu+lambda),1.0
EE,ackley,0,188,8.362488479463082e-10,37830,30,200,n,intermedia_global,(mu+lambda),1.0
EE,ackley,0,189,8.362488479463082e-10,38030,30,200,n,intermedia_global,(mu+lambda),1.0
EE,ackley,0,190,8.209224411359628e-10,38230,30,200,n,intermedia_global,(mu+lambda),1.0
EE,ackley,0,191,6.805689345412702e-10,38430,30,200,n,intermedia_global,(mu+lambda),1.0
EE,ackley,0,192,6.353286785554246e-10,38630,30,200,n,intermedia_global,(mu+lambda),1.0
EE,ackley,0,193,6.353286785554246e-10,38830,30,200,n,intermedia_global,(mu+lambda),1.0
EE,ackley,0,194,4.1698600128370344e-10,39030,30,200,n,intermedia_global,(mu+lambda),1.0
EE,ackley,0,195,4.1698600128370344e-10,39230,30,200,n,intermedia_global,(mu+lambda),1.0
EE,ackley,0,196,4.1698600128370344e-10,39430,30,200,n,intermedia_global,(mu+lambda),1.0
EE,ackley,0,197,4.06736422320364e-10,39630,30,200,n,intermedia_global,(mu+lambda),1.0
EE,ackley,0,198,4.06736422320364e-10,39830,30,200,n,intermedia_global,(mu+lambda),1.0
EE,ackley,0,199,2.7660407297958045e-10,40030,30,200,n,intermedia_global,(mu+lambda),1.0
EE,ackley,0,200,2.7660407297958045e-10,40230,30,200,n,intermedia_global,(mu+lambda),1.0
EE,ackley,0,201,2.3885649014232513e-10,40430,30,200,n,intermedia_global,(mu+lambda),1.0
EE,ackley,0,202,1.9142776253033844e-10,40630,30,200,n,intermedia_global,(mu+lambda),1.0
EE,ackley,0,203,1.8111068200710179e-10,40830,30,200,n,intermedia_global,(mu+lambda),1.0
EE,ackley,0,204,1.173927621778148e-10,41030,30,200,n,intermedia_global,(mu+lambda),1.0
EE,ackley,0,205,1.0797096550163587e-10,41230,30,200,n,intermedia_global,(mu+lambda),1.0
EE,ackley,0,206,1.0797096550163587e-10,41430,30,200,n,intermedia_global,(mu+lambda),1.0
EE,ackley,0,207,9.795586564109726e-11,41630,30,200,n,intermedia_global,(mu+lambda),1.0
EE,ackley,0,208,9.774270282036923e-11,41830,30,200,n,intermedia_global,(mu+lambda),1.0
EE,ackley,0,209,7.718314876115073e-11,42030,30,200,n,intermedia_global,(mu+lambda),1.0
EE,ackley,0,210,5.175637696197555e-11,42230,30,200,n,intermedia_global,(mu+lambda),1.0
EE,ackley,0,211,5.175637696197555e-11,42430,30,200,n,intermedia_global,(mu+lambda),1.0
EE,ackley,0,212,5.175637696197555e-11,42630,30,200,n,intermedia_global,(mu+lambda),1.0
EE,ackley,0,213,5.175637696197555e-11,42830,30,200,n,intermedia_global,(mu+lambda),1.0
EE,ackley,0,214,3.5698111133797283e-11,43030,30,200,n,intermedia_global,(mu+lambda),1.0
EE,ackley,0,215,3.5698111133797283e-11,43230,30,200,n,intermedia_global,(mu+lambda),1.0
EE,ackley,0,216,3.079891897073139e-11,43430,30,200,n,intermedia_global,(mu+lambda),1.0
EE,ackley,0,217,3.079891897073139e-11,43630,30,200,n,intermedia_global,(mu+lambda),1.0
EE,ackley,0,218,2.2325696846792198e-11,43830,30,200,n,intermedia_global,(mu+lambda),1.0
EE,ackley,0,219,1.958300188675821e-11,44030,30,200,n,intermedia_global,(mu+lambda),1.0
EE,ackley,0,220,1.958300188675821e-11,44230,30,200,n,intermedia_global,(mu+lambda),1.0
EE,ackley,0,221,1.885469558260411e-11,44430,30,200,n,intermedia_global,(mu+lambda),1.0
EE,ackley,0,222,1.4296563932703066e-11,44630,30,200,n,intermedia_global,(mu+lambda),1.0
EE,ackley,0,223,1.318811726491731e-11,44830,30,200,n,intermedia_global,(mu+lambda),1.0
EE,ackley,0,224,1.0512923864780532e-11,45030,30,200,n,intermedia_global,(mu+lambda),1.0
EE,ackley,0,225,8.761436021131885e-12,45230,30,200,n,intermedia_global,(mu+lambda),1.0
EE,ackley,0,226,6.651124095924388e-12,45430,30,200,n,intermedia_global,(mu+lambda),1.0
EE,ackley,0,227,6.281641873329136e-12,45630,30,200,n,intermedia_global,(mu+lambda),1.0
EE,ackley,0,228,5.7274185394362576e-12,45830,30,200,n,intermedia_global,(mu+lambda),1.0
EE,ackley,0,229,5.6989968300058536e-12,46030,30,200,n,intermedia_global,(mu+lambda),1.0
EE,ackley,0,230,4.928057961706145e-12,46230,30,200,n,intermedia_global,(mu+lambda),1.0
EE,ackley,0,231,4.928057961706145e-12,46430,30,200,n,intermedia_global,(mu+lambda),1.0
EE,ackley,0,232,4.928057961706145e-12,46630,30,200,n,intermedia_global,(mu+lambda),1.0
EE,ackley,0,233,3.0238034298690764e-12,46830,30,200,n,intermedia_global,(mu+lambda),1.0
EE,ackley,0,234,3.0238034298690764e-12,47030,30,200,n,intermedia_global,(mu+lambda),1.0
EE,ackley,0,235,2.6223467841646197e-12,47230,30,200,n,intermedia_global,(mu+lambda),1.0
EE,ackley,0,236,2.6223467841646197e-12,47430,30,200,n,intermedia_global,(mu+lambda),1.0
EE,ackley,0,237,2.6223467841646197e-12,47630,30,200,n,intermedia_global,(mu+lambda),1.0
EE,ackley,0,238,2.313260694108976e-12,47830,30,200,n,intermedia_global,(mu+lambda),1.0
EE,ackley,0,239,2.313260694108976e-12,48030,30,200,n,intermedia_global,(mu+lambda),1.0
EE,ackley,0,240,2.313260694108976e-12,48230,30,200,n,intermedia_global,(mu+lambda),1.0
EE,ackley,0,241,2.313260694108976e-12,48430,30,200,n,intermedia_global,(mu+lambda),1.0
EE,ackley,0,242,2.313260694108976e-12,48630,30,200,n,intermedia_global,(mu+lambda),1.0
EE,ackley,0,243,2.0183854587685346e-12,48830,30,200,n,intermedia_global,(mu+lambda),1.0
EE,ackley,0,244,2.0183854587685346e-12,49030,30,200,n,intermedia_global,(mu+lambda),1.0
EE,ackley,0,245,1.8620660569013125e-12,49230,30,200,n,intermedia_global,(mu+lambda),1.0
EE,ackley,0,246,1.8620660569013125e-12,49430,30,200,n,intermedia_global,(mu+lambda),1.0
EE,ackley,0,247,1.8620660569013125e-12,49630,30,200,n,intermedia_global,(mu+lambda),1.0
EE,ackley,0,248,1.8620660569013125e-12,49830,30,200,n,intermedia_global,(mu+lambda),1.0
EE,ackley,0,249,1.8620660569013125e-12,50030,30,200,n,intermedia_global,(mu+lambda),1.0
EE,ackley,0,250,1.8620660569013125e-12,50230,30,200,n,intermedia_global,(mu+lambda),1.0
EE,ackley,0,251,1.7199575097492925e-12,50430,30,200,n,intermedia_global,(mu+lambda),1.0
EE,ackley,0,252,1.7199575097492925e-12,50630,30,200,n,intermedia_global,(mu+lambda),1.0
EE,ackley,0,253,1.7199575097492925e-12,50830,30,200,n,intermedia_global,(mu+lambda),1.0
EE,ackley,0,254,1.7199575097492925e-12,51030,30,200,n,intermedia_global,(mu+lambda),1.0
EE,ackley,0,255,1.545874539488068e-12,51230,30,200,n,intermedia_global,(mu+lambda),1.0
EE,ackley,0,256,1.545874539488068e-12,51430,30,200,n,intermedia_global,(mu+lambda),1.0
EE,ackley,0,257,1.545874539488068e-12,51630,30,200,n,intermedia_global,(mu+lambda),1.0
EE,ackley,0,258,1.545874539488068e-12,51830,30,200,n,intermedia_global,(mu+lambda),1.0
EE,ackley,0,259,1.545874539488068e-12,52030,30,200,n,intermedia_global,(mu+lambda),1.0
EE,ackley,0,260,1.545874539488068e-12,52230,30,200,n,intermedia_global,(mu+lambda),1.0
EE,ackley,0,261,1.545874539488068e-12,52430,30,200,n,intermedia_global,(mu+lambda),1.0
EE,ackley,0,262,1.3291590050812374e-12,52630,30,200,n,intermedia_global,(mu+lambda),1.0
EE,ackley,0,263,1.3291590050812374e-12,52830,30,200,n,intermedia_global,(mu+lambda),1.0
EE,ackley,0,264,1.3291590050812374e-12,53030,30,200,n,intermedia_global,(mu+lambda),1.0
EE,ackley,0,265,1.3291590050812374e-12,53230,30,200,n,intermedia_global,(mu+lambda),1.0
EE,ackley,0,266,1.3291590050812374e-12,53430,30,200,n,intermedia_global,(mu+lambda),1.0
EE,ackley,0,267,1.3291590050812374e-12,53630,30,200,n,intermedia_global,(mu+lambda),1.0
EE,ackley,0,268,1.3291590050812374e-12,53830,30,200,n,intermedia_global,(mu+lambda),1.0
EE,ackley,0,269,1.3291590050812374e-12,54030,30,200,n,intermedia_global,(mu+lambda),1.0
EE,ackley,0,270,1.3291590050812374e-12,54230,30,200,n,intermedia_global,(mu+lambda),1.0
EE,ackley,0,271,1.3291590050812374e-12,54430,30,200,n,intermedia_global,(mu+lambda),1.0
EE,ackley,0,272,1.3291590050812374e-12,54630,30,200,n,intermedia_global,(mu+lambda),1.0
EE,ackley,0,273,1.3291590050812374e-12,54830,30,200,n,intermedia_global,(mu+lambda),1.0
EE,ackley,0,274,1.3291590050812374e-12,55030,30,200,n,intermedia_global,(mu+lambda),1.0
EE,ackley,0,275,1.3291590050812374e-12,55230,30,200,n,intermedia_global,(mu+lambda),1.0
EE,ackley,0,276,1.3291590050812374e-12,55430,30,200,n,intermedia_global,(mu+lambda),1.0
EE,ackley,0,277,1.3291590050812374e-12,55630,30,200,n,intermedia_global,(mu+lambda),1.0
EE,ackley,0,278,1.3291590050812374e-12,55830,30,200,n,intermedia_global,(mu+lambda),1.0
EE,ackley,0,279,1.3291590050812374e-12,56030,30,200,n,intermedia_global,(mu+lambda),1.0
EE,ackley,0,280,1.3291590050812374e-12,56230,30,200,n,intermedia_global,(mu+lambda),1.0
EE,ackley,0,281,1.3291590050812374e-12,56430,30,200,n,intermedia_global,(mu+lambda),1.0
EE,ackley,0,282,1.3291590050812374e-12,56630,30,200,n,intermedia_global,(mu+lambda),1.0
EE,ackley,0,283,1.3291590050812374e-12,56830,30,200,n,intermedia_global,(mu+lambda),1.0
EE,ackley,0,284,1.3291590050812374e-12,57030,30,200,n,intermedia_global,(mu+lambda),1.0
EE,ackley,0,285,1.3291590050812374e-12,57230,30,200,n,intermedia_global,(mu+lambda),1.0
EE,ackley,0,286,1.3291590050812374e-12,57430,30,200,n,intermedia_global,(mu+lambda),1.0
EE,ackley,0,287,1.3291590050812374e-12,57630,30,200,n,intermedia_global,(mu+lambda),1.0
EE,ackley,0,288,1.3291590050812374e-12,57830,30,200,n,intermedia_global,(mu+lambda),1.0
EE,ackley,0,289,1.3291590050812374e-12,58030,30,200,n,intermedia_global,(mu+lambda),1.0
EE,ackley,0,290,1.3291590050812374e-12,58230,30,200,n,intermedia_global,(mu+lambda),1.0
EE,ackley,0,291,1.3291590050812374e-12,58430,30,200,n,intermedia_global,(mu+lambda),1.0
EE,ackley,0,292,1.3291590050812374e-12,58630,30,200,n,intermedia_global,(mu+lambda),1.0
EE,ackley,0,293,8.424372310855688e-13,58830,30,200,n,intermedia_global,(mu+lambda),1.0
EE,ackley,0,294,8.424372310855688e-13,59030,30,200,n,intermedia_global,(mu+lambda),1.0
EE,ackley,0,295,8.424372310855688e-13,59230,30,200,n,intermedia_global,(mu+lambda),1.0
EE,ackley,0,296,8.424372310855688e-13,59430,30,200,n,intermedia_global,(mu+lambda),1.0
EE,ackley,0,297,8.424372310855688e-13,59630,30,200,n,intermedia_global,(mu+lambda),1.0
EE,ackley,0,298,8.424372310855688e-13,59830,30,200,n,intermedia_global,(mu+lambda),1.0
EE,ackley,0,299,8.424372310855688e-13,60030,30,200,n,intermedia_global,(mu+lambda),1.0
EE,ackley,0,300,8.424372310855688e-13,60230,30,200,n,intermedia_global,(mu+lambda),1.0
EE,ackley,0,301,8.424372310855688e-13,60430,30,200,n,intermedia_global,(mu+lambda),1.0
EE,ackley,0,302,8.424372310855688e-13,60630,30,200,n,intermedia_global,(mu+lambda),1.0
EE,ackley,0,303,8.424372310855688e-13,60830,30,200,n,intermedia_global,(mu+lambda),1.0
EE,ackley,0,304,8.424372310855688e-13,61030,30,200,n,intermedia_global,(mu+lambda),1.0
EE,ackley,0,305,8.424372310855688e-13,61230,30,200,n,intermedia_global,(mu+lambda),1.0
EE,ackley,0,306,8.424372310855688e-13,61430,30,200,n,intermedia_global,(mu+lambda),1.0
EE,ackley,0,307,8.424372310855688e-13,61630,30,200,n,intermedia_global,(mu+lambda),1.0
EE,ackley,0,308,8.424372310855688e-13,61830,30,200,n,intermedia_global,(mu+lambda),1.0
EE,ackley,0,309,8.424372310855688e-13,62030,30,200,n,intermedia_global,(mu+lambda),1.0
EE,ackley,0,310,8.424372310855688e-13,62230,30,200,n,intermedia_global,(mu+lambda),1.0
EE,ackley,0,311,8.424372310855688e-13,62430,30,200,n,intermedia_global,(mu+lambda),1.0
EE,ackley,0,312,8.424372310855688e-13,62630,30,200,n,intermedia_global,(mu+lambda),1.0
EE,ackley,0,313,8.424372310855688e-13,62830,30,200,n,intermedia_global,(mu+lambda),1.0
EE,ackley,0,314,8.424372310855688e-13,63030,30,200,n,intermedia_global,(mu+lambda),1.0
EE,ackley,0,315,8.424372310855688e-13,63230,30,200,n,intermedia_global,(mu+lambda),1.0
EE,ackley,0,316,8.424372310855688e-13,63430,30,200,n,intermedia_global,(mu+lambda),1.0
EE,ackley,0,317,8.424372310855688e-13,63630,30,200,n,intermedia_global,(mu+lambda),1.0
EE,ackley,0,318,8.424372310855688e-13,63830,30,200,n,intermedia_global,(mu+lambda),1.0
EE,ackley,0,319,8.424372310855688e-13,64030,30,200,n,intermedia_global,(mu+lambda),1.0
EE,ackley,0,320,8.424372310855688e-13,64230,30,200,n,intermedia_global,(mu+lambda),1.0
EE,ackley,0,321,8.424372310855688e-13,64430,30,200,n,intermedia_global,(mu+lambda),1.0
EE,ackley,0,322,8.424372310855688e-13,64630,30,200,n,intermedia_global,(mu+lambda),1.0
EE,ackley,0,323,8.424372310855688e-13,64830,30,200,n,intermedia_global,(mu+lambda),1.0
EE,ackley,0,324,8.424372310855688e-13,65030,30,200,n,intermedia_global,(mu+lambda),1.0
EE,ackley,0,325,8.424372310855688e-13,65230,30,200,n,intermedia_global,(mu+lambda),1.0
EE,ackley,0,326,8.424372310855688e-13,65430,30,200,n,intermedia_global,(mu+lambda),1.0
EE,ackley,0,327,8.424372310855688e-13,65630,30,200,n,intermedia_global,(mu+lambda),1.0
EE,ackley,0,328,8.424372310855688e-13,65830,30,200,n,intermedia_global,(mu+lambda),1.0
EE,ackley,0,329,8.424372310855688e-13,66030,30,200,n,intermedia_global,(mu+lambda),1.0
EE,ackley,0,330,8.424372310855688e-13,66230,30,200,n,intermedia_global,(mu+lambda),1.0
EE,ackley,0,331,8.424372310855688e-13,66430,30,200,n,intermedia_global,(mu+lambda),1.0
EE,ackley,0,332,8.424372310855688e-13,66630,30,200,n,intermedia_global,(mu+lambda),1.0
EE,ackley,0,333,8.424372310855688e-13,66830,30,200,n,intermedia_global,(mu+lambda),1.0
EE,ackley,0,334,8.424372310855688e-13,67030,30,200,n,intermedia_global,(mu+lambda),1.0
EE,ackley,0,335,8.424372310855688e-13,67230,30,200,n,intermedia_global,(mu+lambda),1.0
EE,ackley,0,336,8.424372310855688e-13,67430,30,200,n,intermedia_global,(mu+lambda),1.0
EE,ackley,0,337,8.424372310855688e-13,67630,30,200,n,intermedia_global,(mu+lambda),1.0
EE,ackley,0,338,8.424372310855688e-13,67830,30,200,n,intermedia_global,(mu+lambda),1.0
EE,ackley,0,339,8.424372310855688e-13,68030,30,200,n,intermedia_global,(mu+lambda),1.0
EE,ackley,0,340,8.424372310855688e-13,68230,30,200,n,intermedia_global,(mu+lambda),1.0
EE,ackley,0,341,8.424372310855688e-13,68430,30,200,n,intermedia_global,(mu+lambda),1.0
EE,ackley,0,342,8.424372310855688e-13,68630,30,200,n,intermedia_global,(mu+lambda),1.0
EE,ackley,0,343,8.424372310855688e-13,68830,30,200,n,intermedia_global,(mu+lambda),1.0
EE,ackley,0,344,8.424372310855688e-13,69030,30,200,n,intermedia_global,(mu+lambda),1.0
EE,ackley,0,345,8.424372310855688e-13,69230,30,200,n,intermedia_global,(mu+lambda),1.0
EE,ackley,0,346,8.424372310855688e-13,69430,30,200,n,intermedia_global,(mu+lambda),1.0
EE,ackley,0,347,8.424372310855688e-13,69630,30,200,n,intermedia_global,(mu+lambda),1.0
EE,ackley,0,348,8.424372310855688e-13,69830,30,200,n,intermedia_global,(mu+lambda),1.0
EE,ackley,0,349,8.424372310855688e-13,70030,30,200,n,intermedia_global,(mu+lambda),1.0
EE,ackley,0,350,8.424372310855688e-13,70230,30,200,n,intermedia_global,(mu+lambda),1.0
EE,ackley,0,351,8.424372310855688e-13,70430,30,200,n,intermedia_global,(mu+lambda),1.0
EE,ackley,0,352,8.424372310855688e-13,70630,30,200,n,intermedia_global,(mu+lambda),1.0
EE,ackley,0,353,8.424372310855688e-13,70830,30,200,n,intermedia_global,(mu+lambda),1.0
EE,ackley,0,354,8.424372310855688e-13,71030,30,200,n,intermedia_global,(mu+lambda),1.0
EE,ackley,0,355,8.424372310855688e-13,71230,30,200,n,intermedia_global,(mu+lambda),1.0
EE,ackley,0,356,8.424372310855688e-13,71430,30,200,n,intermedia_global,(mu+lambda),1.0
EE,ackley,0,357,8.424372310855688e-13,71630,30,200,n,intermedia_global,(mu+lambda),1.0
EE,ackley,0,358,8.424372310855688e-13,71830,30,200,n,intermedia_global,(mu+lambda),1.0
EE,ackley,0,359,8.424372310855688e-13,72030,30,200,n,intermedia_global,(mu+lambda),1.0
EE,ackley,0,360,8.424372310855688e-13,72230,30,200,n,intermedia_global,(mu+lambda),1.0
EE,ackley,0,361,8.424372310855688e-13,72430,30,200,n,intermedia_global,(mu+lambda),1.0
EE,ackley,0,362,8.424372310855688e-13,72630,30,200,n,intermedia_global,(mu+lambda),1.0
EE,ackley,0,363,8.424372310855688e-13,72830,30,200,n,intermedia_global,(mu+lambda),1.0
EE,ackley,0,364,8.424372310855688e-13,73030,30,200,n,intermedia_global,(mu+lambda),1.0
EE,ackley,0,365,8.424372310855688e-13,73230,30,200,n,intermedia_global,(mu+lambda),1.0
EE,ackley,0,366,8.424372310855688e-13,73430,30,200,n,intermedia_global,(mu+lambda),1.0
EE,ackley,0,367,8.424372310855688e-13,73630,30,200,n,intermedia_global,(mu+lambda),1.0
EE,ackley,0,368,8.424372310855688e-13,73830,30,200,n,intermedia_global,(mu+lambda),1.0
EE,ackley,0,369,8.424372310855688e-13,74030,30,200,n,intermedia_global,(mu+lambda),1.0
EE,ackley,0,370,8.424372310855688e-13,74230,30,200,n,intermedia_global,(mu+lambda),1.0
EE,ackley,0,371,8.424372310855688e-13,74430,30,200,n,intermedia_global,(mu+lambda),1.0
EE,ackley,0,372,8.424372310855688e-13,74630,30,200,n,intermedia_global,(mu+lambda),1.0
EE,ackley,0,373,8.424372310855688e-13,74830,30,200,n,intermedia_global,(mu+lambda),1.0
EE,ackley,0,374,8.424372310855688e-13,75030,30,200,n,intermedia_global,(mu+lambda),1.0
EE,ackley,0,375,8.424372310855688e-13,75230,30,200,n,intermedia_global,(mu+lambda),1.0
EE,ackley,0,376,8.424372310855688e-13,75430,30,200,n,intermedia_global,(mu+lambda),1.0
EE,ackley,0,377,8.424372310855688e-13,75630,30,200,n,intermedia_global,(mu+lambda),1.0
EE,ackley,0,378,8.424372310855688e-13,75830,30,200,n,intermedia_global,(mu+lambda),1.0
EE,ackley,0,379,8.424372310855688e-13,76030,30,200,n,intermedia_global,(mu+lambda),1.0
EE,ackley,0,380,8.424372310855688e-13,76230,30,200,n,intermedia_global,(mu+lambda),1.0
EE,ackley,0,381,8.424372310855688e-13,76430,30,200,n,intermedia_global,(mu+lambda),1.0
EE,ackley,0,382,8.424372310855688e-13,76630,30,200,n,intermedia_global,(mu+lambda),1.0
EE,ackley,0,383,8.424372310855688e-13,76830,30,200,n,intermedia_global,(mu+lambda),1.0
EE,ackley,0,384,8.424372310855688e-13,77030,30,200,n,intermedia_global,(mu+lambda),1.0
EE,ackley,0,385,8.424372310855688e-13,77230,30,200,n,intermedia_global,(mu+lambda),1.0
EE,ackley,0,386,8.424372310855688e-13,77430,30,200,n,intermedia_global,(mu+lambda),1.0
EE,ackley,0,387,8.424372310855688e-13,77630,30,200,n,intermedia_global,(mu+lambda),1.0
EE,ackley,0,388,8.424372310855688e-13,77830,30,200,n,intermedia_global,(mu+lambda),1.0
EE,ackley,0,389,8.424372310855688e-13,78030,30,200,n,intermedia_global,(mu+lambda),1.0
EE,ackley,0,390,8.424372310855688e-13,78230,30,200,n,intermedia_global,(mu+lambda),1.0
EE,ackley,0,391,8.424372310855688e-13,78430,30,200,n,intermedia_global,(mu+lambda),1.0
EE,ackley,0,392,8.424372310855688e-13,78630,30,200,n,intermedia_global,(mu+lambda),1.0
EE,ackley,0,393,8.424372310855688e-13,78830,30,200,n,intermedia_global,(mu+lambda),1.0
EE,ackley,0,394,8.424372310855688e-13,79030,30,200,n,intermedia_global,(mu+lambda),1.0
EE,ackley,0,395,8.424372310855688e-13,79230,30,200,n,intermedia_global,(mu+lambda),1.0
EE,ackley,0,396,8.424372310855688e-13,79430,30,200,n,intermedia_global,(mu+lambda),1.0
EE,ackley,0,397,8.424372310855688e-13,79630,30,200,n,intermedia_global,(mu+lambda),1.0
EE,ackley,0,398,8.424372310855688e-13,79830,30,200,n,intermedia_global,(mu+lambda),1.0
EE,ackley,0,399,8.424372310855688e-13,80030,30,200,n,intermedia_global,(mu+lambda),1.0
EE,ackley,0,400,8.424372310855688e-13,80230,30,200,n,intermedia_global,(mu+lambda),1.0
EE,ackley,0,401,8.424372310855688e-13,80430,30,200,n,intermedia_global,(mu+lambda),1.0
EE,ackley,0,402,8.424372310855688e-13,80630,30,200,n,intermedia_global,(mu+lambda),1.0
EE,ackley,0,403,8.424372310855688e-13,80830,30,200,n,intermedia_global,(mu+lambda),1.0
EE,ackley,0,404,8.424372310855688e-13,81030,30,200,n,intermedia_global,(mu+lambda),1.0
EE,ackley,0,405,8.424372310855688e-13,81230,30,200,n,intermedia_global,(mu+lambda),1.0
EE,ackley,0,406,8.424372310855688e-13,81430,30,200,n,intermedia_global,(mu+lambda),1.0
EE,ackley,0,407,8.424372310855688e-13,81630,30,200,n,intermedia_global,(mu+lambda),1.0
EE,ackley,0,408,8.424372310855688e-13,81830,30,200,n,intermedia_global,(mu+lambda),1.0
EE,ackley,0,409,8.424372310855688e-13,82030,30,200,n,intermedia_global,(mu+lambda),1.0
EE,ackley,0,410,8.424372310855688e-13,82230,30,200,n,intermedia_global,(mu+lambda),1.0
EE,ackley,0,411,8.424372310855688e-13,82430,30,200,n,intermedia_global,(mu+lambda),1.0
EE,ackley,0,412,8.424372310855688e-13,82630,30,200,n,intermedia_global,(mu+lambda),1.0
EE,ackley,0,413,8.424372310855688e-13,82830,30,200,n,intermedia_global,(mu+lambda),1.0
EE,ackley,0,414,8.424372310855688e-13,83030,30,200,n,intermedia_global,(mu+lambda),1.0
EE,ackley,0,415,8.424372310855688e-13,83230,30,200,n,intermedia_global,(mu+lambda),1.0
EE,ackley,0,416,8.424372310855688e-13,83430,30,200,n,intermedia_global,(mu+lambda),1.0
EE,ackley,0,417,8.424372310855688e-13,83630,30,200,n,intermedia_global,(mu+lambda),1.0
EE,ackley,0,418,8.424372310855688e-13,83830,30,200,n,intermedia_global,(mu+lambda),1.0
EE,ackley,0,419,8.424372310855688e-13,84030,30,200,n,intermedia_global,(mu+lambda),1.0
EE,ackley,0,420,8.424372310855688e-13,84230,30,200,n,intermedia_global,(mu+lambda),1.0
EE,ackley,0,421,8.424372310855688e-13,84430,30,200,n,intermedia_global,(mu+lambda),1.0
EE,ackley,0,422,8.424372310855688e-13,84630,30,200,n,intermedia_global,(mu+lambda),1.0
EE,ackley,0,423,8.424372310855688e-13,84830,30,200,n,intermedia_global,(mu+lambda),1.0
EE,ackley,0,424,8.424372310855688e-13,85030,30,200,n,intermedia_global,(mu+lambda),1.0
EE,ackley,0,425,8.424372310855688e-13,85230,30,200,n,intermedia_global,(mu+lambda),1.0
EE,ackley,0,426,8.424372310855688e-13,85430,30,200,n,intermedia_global,(mu+lambda),1.0
EE,ackley,0,427,8.424372310855688e-13,85630,30,200,n,intermedia_global,(mu+lambda),1.0
EE,ackley,0,428,8.424372310855688e-13,85830,30,200,n,intermedia_global,(mu+lambda),1.0
EE,ackley,0,429,8.424372310855688e-13,86030,30,200,n,intermedia_global,(mu+lambda),1.0
EE,ackley,0,430,8.424372310855688e-13,86230,30,200,n,intermedia_global,(mu+lambda),1.0
EE,ackley,0,431,8.424372310855688e-13,86430,30,200,n,intermedia_global,(mu+lambda),1.0
EE,ackley,0,432,8.424372310855688e-13,86630,30,200,n,intermedia_global,(mu+lambda),1.0
EE,ackley,0,433,8.424372310855688e-13,86830,30,200,n,intermedia_global,(mu+lambda),1.0
EE,ackley,0,434,8.424372310855688e-13,87030,30,200,n,intermedia_global,(mu+lambda),1.0
EE,ackley,0,435,8.424372310855688e-13,87230,30,200,n,intermedia_global,(mu+lambda),1.0
EE,ackley,0,436,8.424372310855688e-13,87430,30,200,n,intermedia_global,(mu+lambda),1.0
EE,ackley,0,437,8.424372310855688e-13,87630,30,200,n,intermedia_global,(mu+lambda),1.0
EE,ackley,0,438,8.424372310855688e-13,87830,30,200,n,intermedia_global,(mu+lambda),1.0
EE,ackley,0,439,8.424372310855688e-13,88030,30,200,n,intermedia_global,(mu+lambda),1.0
EE,ackley,0,440,8.424372310855688e-13,88230,30,200,n,intermedia_global,(mu+lambda),1.0
EE,ackley,0,441,8.424372310855688e-13,88430,30,200,n,intermedia_global,(mu+lambda),1.0
EE,ackley,0,442,8.424372310855688e-13,88630,30,200,n,intermedia_global,(mu+lambda),1.0
EE,ackley,0,443,8.424372310855688e-13,88830,30,200,n,intermedia_global,(mu+lambda),1.0
EE,ackley,0,444,8.424372310855688e-13,89030,30,200,n,intermedia_global,(mu+lambda),1.0
EE,ackley,0,445,8.424372310855688e-13,89230,30,200,n,intermedia_global,(mu+lambda),1.0
EE,ackley,0,446,8.424372310855688e-13,89430,30,200,n,intermedia_global,(mu+lambda),1.0
EE,ackley,0,447,8.424372310855688e-13,89630,30,200,n,intermedia_global,(mu+lambda),1.0
EE,ackley,0,448,8.424372310855688e-13,89830,30,200,n,intermedia_global,(mu+lambda),1.0
EE,ackley,0,449,8.424372310855688e-13,90030,30,200,n,intermedia_global,(mu+lambda),1.0
EE,ackley,0,450,8.424372310855688e-13,90230,30,200,n,intermedia_global,(mu+lambda),1.0
EE,ackley,0,451,8.424372310855688e-13,90430,30,200,n,intermedia_global,(mu+lambda),1.0
EE,ackley,0,452,8.424372310855688e-13,90630,30,200,n,intermedia_global,(mu+lambda),1.0
EE,ackley,0,453,8.424372310855688e-13,90830,30,200,n,intermedia_global,(mu+lambda),1.0
EE,ackley,0,454,8.424372310855688e-13,91030,30,200,n,intermedia_global,(mu+lambda),1.0
EE,ackley,0,455,8.424372310855688e-13,91230,30,200,n,intermedia_global,(mu+lambda),1.0
EE,ackley,0,456,8.424372310855688e-13,91430,30,200,n,intermedia_global,(mu+lambda),1.0
EE,ackley,0,457,8.424372310855688e-13,91630,30,200,n,intermedia_global,(mu+lambda),1.0
EE,ackley,0,458,8.424372310855688e-13,91830,30,200,n,intermedia_global,(mu+lambda),1.0
EE,ackley,0,459,8.424372310855688e-13,92030,30,200,n,intermedia_global,(mu+lambda),1.0
EE,ackley,0,460,8.424372310855688e-13,92230,30,200,n,intermedia_global,(mu+lambda),1.0
EE,ackley,0,461,8.424372310855688e-13,92430,30,200,n,intermedia_global,(mu+lambda),1.0
EE,ackley,0,462,8.424372310855688e-13,92630,30,200,n,intermedia_global,(mu+lambda),1.0
EE,ackley,0,463,8.424372310855688e-13,92830,30,200,n,intermedia_global,(mu+lambda),1.0
EE,ackley,0,464,8.424372310855688e-13,93030,30,200,n,intermedia_global,(mu+lambda),1.0
EE,ackley,0,465,8.424372310855688e-13,93230,30,200,n,intermedia_global,(mu+lambda),1.0
EE,ackley,0,466,8.424372310855688e-13,93430,30,200,n,intermedia_global,(mu+lambda),1.0
EE,ackley,0,467,8.424372310855688e-13,93630,30,200,n,intermedia_global,(mu+lambda),1.0
EE,ackley,0,468,8.424372310855688e-13,93830,30,200,n,intermedia_global,(mu+lambda),1.0
EE,ackley,0,469,8.424372310855688e-13,94030,30,200,n,intermedia_global,(mu+lambda),1.0
EE,ackley,0,470,8.424372310855688e-13,94230,30,200,n,intermedia_global,(mu+lambda),1.0
EE,ackley,0,471,8.424372310855688e-13,94430,30,200,n,intermedia_global,(mu+lambda),1.0
EE,ackley,0,472,8.424372310855688e-13,94630,30,200,n,intermedia_global,(mu+lambda),1.0
EE,ackley,0,473,8.424372310855688e-13,94830,30,200,n,intermedia_global,(mu+lambda),1.0
EE,ackley,0,474,8.424372310855688e-13,95030,30,200,n,intermedia_global,(mu+lambda),1.0
EE,ackley,0,475,8.424372310855688e-13,95230,30,200,n,intermedia_global,(mu+lambda),1.0
EE,ackley,0,476,8.424372310855688e-13,95430,30,200,n,intermedia_global,(mu+lambda),1.0
EE,ackley,0,477,8.424372310855688e-13,95630,30,200,n,intermedia_global,(mu+lambda),1.0
EE,ackley,0,478,8.424372310855688e-13,95830,30,200,n,intermedia_global,(mu+lambda),1.0
EE,ackley,0,479,8.424372310855688e-13,96030,30,200,n,intermedia_global,(mu+lambda),1.0
EE,ackley,0,480,8.424372310855688e-13,96230,30,200,n,intermedia_global,(mu+lambda),1.0
EE,ackley,0,481,8.424372310855688e-13,96430,30,200,n,intermedia_global,(mu+lambda),1.0
EE,ackley,0,482,8.424372310855688e-13,96630,30,200,n,intermedia_global,(mu+lambda),1.0
EE,ackley,0,483,8.424372310855688e-13,96830,30,200,n,intermedia_global,(mu+lambda),1.0
EE,ackley,0,484,8.424372310855688e-13,97030,30,200,n,intermedia_global,(mu+lambda),1.0
EE,ackley,0,485,8.424372310855688e-13,97230,30,200,n,intermedia_global,(mu+lambda),1.0
EE,ackley,0,486,8.424372310855688e-13,97430,30,200,n,intermedia_global,(mu+lambda),1.0
EE,ackley,0,487,8.424372310855688e-13,97630,30,200,n,intermedia_global,(mu+lambda),1.0
EE,ackley,0,488,8.424372310855688e-13,97830,30,200,n,intermedia_global,(mu+lambda),1.0
EE,ackley,0,489,8.424372310855688e-13,98030,30,200,n,intermedia_global,(mu+lambda),1.0
EE,ackley,0,490,8.424372310855688e-13,98230,30,200,n,intermedia_global,(mu+lambda),1.0
EE,ackley,0,491,8.424372310855688e-13,98430,30,200,n,intermedia_global,(mu+lambda),1.0
EE,ackley,0,492,8.424372310855688e-13,98630,30,200,n,intermedia_global,(mu+lambda),1.0
EE,ackley,0,493,8.424372310855688e-13,98830,30,200,n,intermedia_global,(mu+lambda),1.0
EE,ackley,0,494,8.424372310855688e-13,99030,30,200,n,intermedia_global,(mu+lambda),1.0
EE,ackley,0,495,8.424372310855688e-13,99230,30,200,n,intermedia_global,(mu+lambda),1.0
EE,ackley,0,496,8.424372310855688e-13,99430,30,200,n,intermedia_global,(mu+lambda),1.0
EE,ackley,0,497,8.424372310855688e-13,99630,30,200,n,intermedia_global,(mu+lambda),1.0
EE,ackley,0,498,8.424372310855688e-13,99830,30,200,n,intermedia_global,(mu+lambda),1.0
EE,ackley,0,499,8.424372310855688e-13,100030,30,200,n,intermedia_global,(mu+lambda),1.0
EE,ackley,0,500,8.424372310855688e-13,100230,30,200,n,intermedia_global,(mu+lambda),1.0
EE,ackley,0,501,8.424372310855688e-13,100430,30,200,n,intermedia_global,(mu+lambda),1.0
EE,ackley,0,502,8.424372310855688e-13,100630,30,200,n,intermedia_global,(mu+lambda),1.0
EE,ackley,0,503,8.424372310855688e-13,100830,30,200,n,intermedia_global,(mu+lambda),1.0
EE,ackley,0,504,8.424372310855688e-13,101030,30,200,n,intermedia_global,(mu+lambda),1.0
EE,ackley,0,505,8.424372310855688e-13,101230,30,200,n,intermedia_global,(mu+lambda),1.0
EE,ackley,0,506,8.424372310855688e-13,101430,30,200,n,intermedia_global,(mu+lambda),1.0
EE,ackley,0,507,8.424372310855688e-13,101630,30,200,n,intermedia_global,(mu+lambda),1.0
EE,ackley,0,508,8.424372310855688e-13,101830,30,200,n,intermedia_global,(mu+lambda),1.0
EE,ackley,0,509,8.424372310855688e-13,102030,30,200,n,intermedia_global,(mu+lambda),1.0
EE,ackley,0,510,8.424372310855688e-13,102230,30,200,n,intermedia_global,(mu+lambda),1.0
EE,ackley,0,511,8.424372310855688e-13,102430,30,200,n,intermedia_global,(mu+lambda),1.0
EE,ackley,0,512,8.424372310855688e-13,102630,30,200,n,intermedia_global,(mu+lambda),1.0
EE,ackley,0,513,8.424372310855688e-13,102830,30,200,n,intermedia_global,(mu+lambda),1.0
EE,ackley,0,514,8.424372310855688e-13,103030,30,200,n,intermedia_global,(mu+lambda),1.0
EE,ackley,0,515,8.424372310855688e-13,103230,30,200,n,intermedia_global,(mu+lambda),1.0
EE,ackley,0,516,8.424372310855688e-13,103430,30,200,n,intermedia_global,(mu+lambda),1.0
EE,ackley,0,517,8.424372310855688e-13,103630,30,200,n,intermedia_global,(mu+lambda),1.0
EE,ackley,0,518,8.424372310855688e-13,103830,30,200,n,intermedia_global,(mu+lambda),1.0
EE,ackley,0,519,8.424372310855688e-13,104030,30,200,n,intermedia_global,(mu+lambda),1.0
EE,ackley,0,520,8.424372310855688e-13,104230,30,200,n,intermedia_global,(mu+lambda),1.0
EE,ackley,0,521,8.424372310855688e-13,104430,30,200,n,intermedia_global,(mu+lambda),1.0
EE,ackley,0,522,8.424372310855688e-13,104630,30,200,n,intermedia_global,(mu+lambda),1.0
EE,ackley,0,523,8.424372310855688e-13,104830,30,200,n,intermedia_global,(mu+lambda),1.0
EE,ackley,0,524,8.424372310855688e-13,105030,30,200,n,intermedia_global,(mu+lambda),1.0
EE,ackley,0,525,8.424372310855688e-13,105230,30,200,n,intermedia_global,(mu+lambda),1.0
EE,ackley,0,526,8.424372310855688e-13,105430,30,200,n,intermedia_global,(mu+lambda),1.0
EE,ackley,0,527,8.424372310855688e-13,105630,30,200,n,intermedia_global,(mu+lambda),1.0
EE,ackley,0,528,8.424372310855688e-13,105830,30,200,n,intermedia_global,(mu+lambda),1.0
EE,ackley,0,529,8.424372310855688e-13,106030,30,200,n,intermedia_global,(mu+lambda),1.0
EE,ackley,0,530,8.424372310855688e-13,106230,30,200,n,intermedia_global,(mu+lambda),1.0
EE,ackley,0,531,8.424372310855688e-13,106430,30,200,n,intermedia_global,(mu+lambda),1.0
EE,ackley,0,532,8.424372310855688e-13,106630,30,200,n,intermedia_global,(mu+lambda),1.0
EE,ackley,0,533,8.424372310855688e-13,106830,30,200,n,intermedia_global,(mu+lambda),1.0
EE,ackley,0,534,8.424372310855688e-13,107030,30,200,n,intermedia_global,(mu+lambda),1.0
EE,ackley,0,535,8.424372310855688e-13,107230,30,200,n,intermedia_global,(mu+lambda),1.0
EE,ackley,0,536,8.424372310855688e-13,107430,30,200,n,intermedia_global,(mu+lambda),1.0
EE,ackley,0,537,8.424372310855688e-13,107630,30,200,n,intermedia_global,(mu+lambda),1.0
EE,ackley,0,538,8.424372310855688e-13,107830,30,200,n,intermedia_global,(mu+lambda),1.0
EE,ackley,0,539,8.424372310855688e-13,108030,30,200,n,intermedia_global,(mu+lambda),1.0
EE,ackley,0,540,8.424372310855688e-13,108230,30,200,n,intermedia_global,(mu+lambda),1.0
EE,ackley,0,541,8.424372310855688e-13,108430,30,200,n,intermedia_global,(mu+lambda),1.0
EE,ackley,0,542,8.424372310855688e-13,108630,30,200,n,intermedia_global,(mu+lambda),1.0
EE,ackley,0,543,8.424372310855688e-13,108830,30,200,n,intermedia_global,(mu+lambda),1.0
EE,ackley,0,544,8.424372310855688e-13,109030,30,200,n,intermedia_global,(mu+lambda),1.0
EE,ackley,0,545,8.424372310855688e-13,109230,30,200,n,intermedia_global,(mu+lambda),1.0
EE,ackley,0,546,8.424372310855688e-13,109430,30,200,n,intermedia_global,(mu+lambda),1.0
EE,ackley,0,547,8.424372310855688e-13,109630,30,200,n,intermedia_global,(mu+lambda),1.0
EE,ackley,0,548,8.424372310855688e-13,109830,30,200,n,intermedia_global,(mu+lambda),1.0
EE,ackley,0,549,8.424372310855688e-13,110030,30,200,n,intermedia_global,(mu+lambda),1.0
EE,ackley,0,550,8.424372310855688e-13,110230,30,200,n,intermedia_global,(mu+lambda),1.0
EE,ackley,0,551,8.424372310855688e-13,110430,30,200,n,intermedia_global,(mu+lambda),1.0
EE,ackley,0,552,8.424372310855688e-13,110630,30,200,n,intermedia_global,(mu+lambda),1.0
EE,ackley,0,553,8.424372310855688e-13,110830,30,200,n,intermedia_global,(mu+lambda),1.0
EE,ackley,0,554,8.424372310855688e-13,111030,30,200,n,intermedia_global,(mu+lambda),1.0
EE,ackley,0,555,8.424372310855688e-13,111230,30,200,n,intermedia_global,(mu+lambda),1.0
EE,ackley,0,556,8.424372310855688e-13,111430,30,200,n,intermedia_global,(mu+lambda),1.0
EE,ackley,0,557,8.424372310855688e-13,111630,30,200,n,intermedia_global,(mu+lambda),1.0
EE,ackley,0,558,8.424372310855688e-13,111830,30,200,n,intermedia_global,(mu+lambda),1.0
EE,ackley,0,559,8.424372310855688e-13,112030,30,200,n,intermedia_global,(mu+lambda),1.0
EE,ackley,0,560,8.424372310855688e-13,112230,30,200,n,intermedia_global,(mu+lambda),1.0
EE,ackley,0,561,8.424372310855688e-13,112430,30,200,n,intermedia_global,(mu+lambda),1.0
EE,ackley,0,562,8.424372310855688e-13,112630,30,200,n,intermedia_global,(mu+lambda),1.0
EE,ackley,0,563,8.424372310855688e-13,112830,30,200,n,intermedia_global,(mu+lambda),1.0
EE,ackley,0,564,8.424372310855688e-13,113030,30,200,n,intermedia_global,(mu+lambda),1.0
EE,ackley,0,565,8.424372310855688e-13,113230,30,200,n,intermedia_global,(mu+lambda),1.0
EE,ackley,0,566,8.424372310855688e-13,113430,30,200,n,intermedia_global,(mu+lambda),1.0
EE,ackley,0,567,8.424372310855688e-13,113630,30,200,n,intermedia_global,(mu+lambda),1.0
EE,ackley,0,568,8.424372310855688e-13,113830,30,200,n,intermedia_global,(mu+lambda),1.0
EE,ackley,0,569,8.424372310855688e-13,114030,30,200,n,intermedia_global,(mu+lambda),1.0
EE,ackley,0,570,8.424372310855688e-13,114230,30,200,n,intermedia_global,(mu+lambda),1.0
EE,ackley,0,571,8.424372310855688e-13,114430,30,200,n,intermedia_global,(mu+lambda),1.0
EE,ackley,0,572,8.424372310855688e-13,114630,30,200,n,intermedia_global,(mu+lambda),1.0
EE,ackley,0,573,8.424372310855688e-13,114830,30,200,n,intermedia_global,(mu+lambda),1.0
EE,ackley,0,574,8.424372310855688e-13,115030,30,200,n,intermedia_global,(mu+lambda),1.0
EE,ackley,0,575,8.424372310855688e-13,115230,30,200,n,intermedia_global,(mu+lambda),1.0
EE,ackley,0,576,8.424372310855688e-13,115430,30,200,n,intermedia_global,(mu+lambda),1.0
EE,ackley,0,577,8.424372310855688e-13,115630,30,200,n,intermedia_global,(mu+lambda),1.0
EE,ackley,0,578,8.424372310855688e-13,115830,30,200,n,intermedia_global,(mu+lambda),1.0
EE,ackley,0,579,8.424372310855688e-13,116030,30,200,n,intermedia_global,(mu+lambda),1.0
EE,ackley,0,580,8.424372310855688e-13,116230,30,200,n,intermedia_global,(mu+lambda),1.0
EE,ackley,0,581,8.424372310855688e-13,116430,30,200,n,intermedia_global,(mu+lambda),1.0
EE,ackley,0,582,8.424372310855688e-13,116630,30,200,n,intermedia_global,(mu+lambda),1.0
EE,ackley,0,583,8.424372310855688e-13,116830,30,200,n,intermedia_global,(mu+lambda),1.0
EE,ackley,0,584,8.424372310855688e-13,117030,30,200,n,intermedia_global,(mu+lambda),1.0
EE,ackley,0,585,8.424372310855688e-13,117230,30,200,n,intermedia_global,(mu+lambda),1.0
EE,ackley,0,586,8.424372310855688e-13,117430,30,200,n,intermedia_global,(mu+lambda),1.0
EE,ackley,0,587,8.424372310855688e-13,117630,30,200,n,intermedia_global,(mu+lambda),1.0
EE,ackley,0,588,8.424372310855688e-13,117830,30,200,n,intermedia_global,(mu+lambda),1.0
EE,ackley,0,589,8.424372310855688e-13,118030,30,200,n,intermedia_global,(mu+lambda),1.0
EE,ackley,0,590,8.424372310855688e-13,118230,30,200,n,intermedia_global,(mu+lambda),1.0
EE,ackley,0,591,8.424372310855688e-13,118430,30,200,n,intermedia_global,(mu+lambda),1.0
EE,ackley,0,592,8.424372310855688e-13,118630,30,200,n,intermedia_global,(mu+lambda),1.0
EE,ackley,0,593,8.424372310855688e-13,118830,30,200,n,intermedia_global,(mu+lambda),1.0
EE,ackley,0,594,8.424372310855688e-13,119030,30,200,n,intermedia_global,(mu+lambda),1.0
EE,ackley,0,595,8.424372310855688e-13,119230,30,200,n,intermedia_global,(mu+lambda),1.0
EE,ackley,0,596,8.424372310855688e-13,119430,30,200,n,intermedia_global,(mu+lambda),1.0
EE,ackley,0,597,8.424372310855688e-13,119630,30,200,n,intermedia_global,(mu+lambda),1.0
EE,ackley,0,598,8.424372310855688e-13,119830,30,200,n,intermedia_global,(mu+lambda),1.0
EE,ackley,0,599,8.424372310855688e-13,120030,30,200,n,intermedia_global,(mu+lambda),1.0
EE,ackley,0,600,8.424372310855688e-13,120230,30,200,n,intermedia_global,(mu+lambda),1.0
EE,ackley,0,601,8.424372310855688e-13,120430,30,200,n,intermedia_global,(mu+lambda),1.0
EE,ackley,0,602,8.424372310855688e-13,120630,30,200,n,intermedia_global,(mu+lambda),1.0
EE,ackley,0,603,8.424372310855688e-13,120830,30,200,n,intermedia_global,(mu+lambda),1.0
EE,ackley,0,604,8.424372310855688e-13,121030,30,200,n,intermedia_global,(mu+lambda),1.0
EE,ackley,0,605,8.424372310855688e-13,121230,30,200,n,intermedia_global,(mu+lambda),1.0
EE,ackley,0,606,8.424372310855688e-13,121430,30,200,n,intermedia_global,(mu+lambda),1.0
EE,ackley,0,607,8.424372310855688e-13,121630,30,200,n,intermedia_global,(mu+lambda),1.0
EE,ackley,0,608,8.424372310855688e-13,121830,30,200,n,intermedia_global,(mu+lambda),1.0
EE,ackley,0,609,8.424372310855688e-13,122030,30,200,n,intermedia_global,(mu+lambda),1.0
EE,ackley,0,610,8.424372310855688e-13,122230,30,200,n,intermedia_global,(mu+lambda),1.0
EE,ackley,0,611,8.424372310855688e-13,122430,30,200,n,intermedia_global,(mu+lambda),1.0
EE,ackley,0,612,8.424372310855688e-13,122630,30,200,n,intermedia_global,(mu+lambda),1.0
EE,ackley,0,613,8.424372310855688e-13,122830,30,200,n,intermedia_global,(mu+lambda),1.0
EE,ackley,0,614,8.424372310855688e-13,123030,30,200,n,intermedia_global,(mu+lambda),1.0
EE,ackley,0,615,8.424372310855688e-13,123230,30,200,n,intermedia_global,(mu+lambda),1.0
EE,ackley,0,616,8.424372310855688e-13,123430,30,200,n,intermedia_global,(mu+lambda),1.0
EE,ackley,0,617,8.424372310855688e-13,123630,30,200,n,intermedia_global,(mu+lambda),1.0
EE,ackley,0,618,8.424372310855688e-13,123830,30,200,n,intermedia_global,(mu+lambda),1.0
EE,ackley,0,619,8.424372310855688e-13,124030,30,200,n,intermedia_global,(mu+lambda),1.0
EE,ackley,0,620,8.424372310855688e-13,124230,30,200,n,intermedia_global,(mu+lambda),1.0
EE,ackley,0,621,8.424372310855688e-13,124430,30,200,n,intermedia_global,(mu+lambda),1.0
EE,ackley,0,622,8.424372310855688e-13,124630,30,200,n,intermedia_global,(mu+lambda),1.0
EE,ackley,0,623,8.424372310855688e-13,124830,30,200,n,intermedia_global,(mu+lambda),1.0
EE,ackley,0,624,8.424372310855688e-13,125030,30,200,n,intermedia_global,(mu+lambda),1.0
EE,ackley,0,625,8.424372310855688e-13,125230,30,200,n,intermedia_global,(mu+lambda),1.0
EE,ackley,0,626,8.424372310855688e-13,125430,30,200,n,intermedia_global,(mu+lambda),1.0
EE,ackley,0,627,8.424372310855688e-13,125630,30,200,n,intermedia_global,(mu+lambda),1.0
EE,ackley,0,628,8.424372310855688e-13,125830,30,200,n,intermedia_global,(mu+lambda),1.0
EE,ackley,0,629,8.424372310855688e-13,126030,30,200,n,intermedia_global,(mu+lambda),1.0
EE,ackley,0,630,8.424372310855688e-13,126230,30,200,n,intermedia_global,(mu+lambda),1.0
EE,ackley,0,631,8.424372310855688e-13,126430,30,200,n,intermedia_global,(mu+lambda),1.0
EE,ackley,0,632,8.424372310855688e-13,126630,30,200,n,intermedia_global,(mu+lambda),1.0
EE,ackley,0,633,8.424372310855688e-13,126830,30,200,n,intermedia_global,(mu+lambda),1.0
EE,ackley,0,634,8.424372310855688e-13,127030,30,200,n,intermedia_global,(mu+lambda),1.0
EE,ackley,0,635,8.424372310855688e-13,127230,30,200,n,intermedia_global,(mu+lambda),1.0
EE,ackley,0,636,8.424372310855688e-13,127430,30,200,n,intermedia_global,(mu+lambda),1.0
EE,ackley,0,637,8.424372310855688e-13,127630,30,200,n,intermedia_global,(mu+lambda),1.0
EE,ackley,0,638,8.424372310855688e-13,127830,30,200,n,intermedia_global,(mu+lambda),1.0
EE,ackley,0,639,8.424372310855688e-13,128030,30,200,n,intermedia_global,(mu+lambda),1.0
EE,ackley,0,640,8.424372310855688e-13,128230,30,200,n,intermedia_global,(mu+lambda),1.0
EE,ackley,0,641,8.424372310855688e-13,128430,30,200,n,intermedia_global,(mu+lambda),1.0
EE,ackley,0,642,8.424372310855688e-13,128630,30,200,n,intermedia_global,(mu+lambda),1.0
EE,ackley,0,643,8.424372310855688e-13,128830,30,200,n,intermedia_global,(mu+lambda),1.0
EE,ackley,0,644,8.424372310855688e-13,129030,30,200,n,intermedia_global,(mu+lambda),1.0
EE,ackley,0,645,8.424372310855688e-13,129230,30,200,n,intermedia_global,(mu+lambda),1.0
EE,ackley,0,646,8.424372310855688e-13,129430,30,200,n,intermedia_global,(mu+lambda),1.0
EE,ackley,0,647,8.424372310855688e-13,129630,30,200,n,intermedia_global,(mu+lambda),1.0
EE,ackley,0,648,8.424372310855688e-13,129830,30,200,n,intermedia_global,(mu+lambda),1.0
EE,ackley,0,649,8.424372310855688e-13,130030,30,200,n,intermedia_global,(mu+lambda),1.0
EE,ackley,0,650,8.424372310855688e-13,130230,30,200,n,intermedia_global,(mu+lambda),1.0
EE,ackley,0,651,8.424372310855688e-13,130430,30,200,n,intermedia_global,(mu+lambda),1.0
EE,ackley,0,652,8.424372310855688e-13,130630,30,200,n,intermedia_global,(mu+lambda),1.0
EE,ackley,0,653,8.424372310855688e-13,130830,30,200,n,intermedia_global,(mu+lambda),1.0
EE,ackley,0,654,8.424372310855688e-13,131030,30,200,n,intermedia_global,(mu+lambda),1.0
EE,ackley,0,655,8.424372310855688e-13,131230,30,200,n,intermedia_global,(mu+lambda),1.0
EE,ackley,0,656,8.424372310855688e-13,131430,30,200,n,intermedia_global,(mu+lambda),1.0
EE,ackley,0,657,8.424372310855688e-13,131630,30,200,n,intermedia_global,(mu+lambda),1.0
EE,ackley,0,658,8.424372310855688e-13,131830,30,200,n,intermedia_global,(mu+lambda),1.0
EE,ackley,0,659,8.424372310855688e-13,132030,30,200,n,intermedia_global,(mu+lambda),1.0
EE,ackley,0,660,8.424372310855688e-13,132230,30,200,n,intermedia_global,(mu+lambda),1.0
EE,ackley,0,661,8.424372310855688e-13,132430,30,200,n,intermedia_global,(mu+lambda),1.0
EE,ackley,0,662,8.424372310855688e-13,132630,30,200,n,intermedia_global,(mu+lambda),1.0
EE,ackley,0,663,8.424372310855688e-13,132830,30,200,n,intermedia_global,(mu+lambda),1.0
EE,ackley,0,664,8.424372310855688e-13,133030,30,200,n,intermedia_global,(mu+lambda),1.0
EE,ackley,0,665,8.424372310855688e-13,133230,30,200,n,intermedia_global,(mu+lambda),1.0
EE,ackley,0,666,8.424372310855688e-13,133430,30,200,n,intermedia_global,(mu+lambda),1.0
EE,ackley,0,667,8.424372310855688e-13,133630,30,200,n,intermedia_global,(mu+lambda),1.0
EE,ackley,0,668,8.424372310855688e-13,133830,30,200,n,intermedia_global,(mu+lambda),1.0
EE,ackley,0,669,8.424372310855688e-13,134030,30,200,n,intermedia_global,(mu+lambda),1.0
EE,ackley,0,670,8.424372310855688e-13,134230,30,200,n,intermedia_global,(mu+lambda),1.0
EE,ackley,0,671,8.424372310855688e-13,134430,30,200,n,intermedia_global,(mu+lambda),1.0
EE,ackley,0,672,8.424372310855688e-13,134630,30,200,n,intermedia_global,(mu+lambda),1.0
EE,ackley,0,673,8.424372310855688e-13,134830,30,200,n,intermedia_global,(mu+lambda),1.0
EE,ackley,0,674,8.424372310855688e-13,135030,30,200,n,intermedia_global,(mu+lambda),1.0
EE,ackley,0,675,8.424372310855688e-13,135230,30,200,n,intermedia_global,(mu+lambda),1.0
EE,ackley,0,676,8.424372310855688e-13,135430,30,200,n,intermedia_global,(mu+lambda),1.0
EE,ackley,0,677,8.424372310855688e-13,135630,30,200,n,intermedia_global,(mu+lambda),1.0
EE,ackley,0,678,8.424372310855688e-13,135830,30,200,n,intermedia_global,(mu+lambda),1.0
EE,ackley,0,679,8.424372310855688e-13,136030,30,200,n,intermedia_global,(mu+lambda),1.0
EE,ackley,0,680,8.424372310855688e-13,136230,30,200,n,intermedia_global,(mu+lambda),1.0
EE,ackley,0,681,8.424372310855688e-13,136430,30,200,n,intermedia_global,(mu+lambda),1.0
EE,ackley,0,682,8.424372310855688e-13,136630,30,200,n,intermedia_global,(mu+lambda),1.0
EE,ackley,0,683,8.424372310855688e-13,136830,30,200,n,intermedia_global,(mu+lambda),1.0
EE,ackley,0,684,8.424372310855688e-13,137030,30,200,n,intermedia_global,(mu+lambda),1.0
EE,ackley,0,685,8.424372310855688e-13,137230,30,200,n,intermedia_global,(mu+lambda),1.0
EE,ackley,0,686,8.424372310855688e-13,137430,30,200,n,intermedia_global,(mu+lambda),1.0
EE,ackley,0,687,8.424372310855688e-13,137630,30,200,n,intermedia_global,(mu+lambda),1.0
EE,ackley,0,688,8.424372310855688e-13,137830,30,200,n,intermedia_global,(mu+lambda),1.0
EE,ackley,0,689,8.424372310855688e-13,138030,30,200,n,intermedia_global,(mu+lambda),1.0
EE,ackley,0,690,8.424372310855688e-13,138230,30,200,n,intermedia_global,(mu+lambda),1.0
EE,ackley,0,691,8.424372310855688e-13,138430,30,200,n,intermedia_global,(mu+lambda),1.0
EE,ackley,0,692,8.424372310855688e-13,138630,30,200,n,intermedia_global,(mu+lambda),1.0
EE,ackley,0,693,8.424372310855688e-13,138830,30,200,n,intermedia_global,(mu+lambda),1.0
EE,ackley,0,694,8.424372310855688e-13,139030,30,200,n,intermedia_global,(mu+lambda),1.0
EE,ackley,0,695,8.424372310855688e-13,139230,30,200,n,intermedia_global,(mu+lambda),1.0
EE,ackley,0,696,8.424372310855688e-13,139430,30,200,n,intermedia_global,(mu+lambda),1.0
EE,ackley,0,697,8.424372310855688e-13,139630,30,200,n,intermedia_global,(mu+lambda),1.0
EE,ackley,0,698,8.424372310855688e-13,139830,30,200,n,intermedia_global,(mu+lambda),1.0
EE,ackley,0,699,8.424372310855688e-13,140030,30,200,n,intermedia_global,(mu+lambda),1.0
EE,ackley,0,700,8.424372310855688e-13,140230,30,200,n,intermedia_global,(mu+lambda),1.0
EE,ackley,0,701,8.424372310855688e-13,140430,30,200,n,intermedia_global,(mu+lambda),1.0
EE,ackley,0,702,8.424372310855688e-13,140630,30,200,n,intermedia_global,(mu+lambda),1.0
EE,ackley,0,703,8.424372310855688e-13,140830,30,200,n,intermedia_global,(mu+lambda),1.0
EE,ackley,0,704,8.424372310855688e-13,141030,30,200,n,intermedia_global,(mu+lambda),1.0
EE,ackley,0,705,8.424372310855688e-13,141230,30,200,n,intermedia_global,(mu+lambda),1.0
EE,ackley,0,706,8.424372310855688e-13,141430,30,200,n,intermedia_global,(mu+lambda),1.0
EE,ackley,0,707,8.424372310855688e-13,141630,30,200,n,intermedia_global,(mu+lambda),1.0
EE,ackley,0,708,8.424372310855688e-13,141830,30,200,n,intermedia_global,(mu+lambda),1.0
EE,ackley,0,709,8.424372310855688e-13,142030,30,200,n,intermedia_global,(mu+lambda),1.0
EE,ackley,0,710,8.424372310855688e-13,142230,30,200,n,intermedia_global,(mu+lambda),1.0
EE,ackley,0,711,8.424372310855688e-13,142430,30,200,n,intermedia_global,(mu+lambda),1.0
EE,ackley,0,712,8.424372310855688e-13,142630,30,200,n,intermedia_global,(mu+lambda),1.0
EE,ackley,0,713,8.424372310855688e-13,142830,30,200,n,intermedia_global,(mu+lambda),1.0
EE,ackley,0,714,8.424372310855688e-13,143030,30,200,n,intermedia_global,(mu+lambda),1.0
EE,ackley,0,715,8.424372310855688e-13,143230,30,200,n,intermedia_global,(mu+lambda),1.0
EE,ackley,0,716,8.424372310855688e-13,143430,30,200,n,intermedia_global,(mu+lambda),1.0
EE,ackley,0,717,8.424372310855688e-13,143630,30,200,n,intermedia_global,(mu+lambda),1.0
EE,ackley,0,718,8.424372310855688e-13,143830,30,200,n,intermedia_global,(mu+lambda),1.0
EE,ackley,0,719,8.424372310855688e-13,144030,30,200,n,intermedia_global,(mu+lambda),1.0
EE,ackley,0,720,8.424372310855688e-13,144230,30,200,n,intermedia_global,(mu+lambda),1.0
EE,ackley,0,721,8.424372310855688e-13,144430,30,200,n,intermedia_global,(mu+lambda),1.0
EE,ackley,0,722,8.424372310855688e-13,144630,30,200,n,intermedia_global,(mu+lambda),1.0
EE,ackley,0,723,8.424372310855688e-13,144830,30,200,n,intermedia_global,(mu+lambda),1.0
EE,ackley,0,724,8.424372310855688e-13,145030,30,200,n,intermedia_global,(mu+lambda),1.0
EE,ackley,0,725,8.424372310855688e-13,145230,30,200,n,intermedia_global,(mu+lambda),1.0
EE,ackley,0,726,8.424372310855688e-13,145430,30,200,n,intermedia_global,(mu+lambda),1.0
EE,ackley,0,727,8.424372310855688e-13,145630,30,200,n,intermedia_global,(mu+lambda),1.0
EE,ackley,0,728,8.424372310855688e-13,145830,30,200,n,intermedia_global,(mu+lambda),1.0
EE,ackley,0,729,8.424372310855688e-13,146030,30,200,n,intermedia_global,(mu+lambda),1.0
EE,ackley,0,730,8.424372310855688e-13,146230,30,200,n,intermedia_global,(mu+lambda),1.0
EE,ackley,0,731,8.424372310855688e-13,146430,30,200,n,intermedia_global,(mu+lambda),1.0
EE,ackley,0,732,8.424372310855688e-13,146630,30,200,n,intermedia_global,(mu+lambda),1.0
EE,ackley,0,733,8.424372310855688e-13,146830,30,200,n,intermedia_global,(mu+lambda),1.0
EE,ackley,0,734,8.424372310855688e-13,147030,30,200,n,intermedia_global,(mu+lambda),1.0
EE,ackley,0,735,8.424372310855688e-13,147230,30,200,n,intermedia_global,(mu+lambda),1.0
EE,ackley,0,736,8.424372310855688e-13,147430,30,200,n,intermedia_global,(mu+lambda),1.0
EE,ackley,0,737,8.424372310855688e-13,147630,30,200,n,intermedia_global,(mu+lambda),1.0
EE,ackley,0,738,8.424372310855688e-13,147830,30,200,n,intermedia_global,(mu+lambda),1.0
EE,ackley,0,739,8.424372310855688e-13,148030,30,200,n,intermedia_global,(mu+lambda),1.0
EE,ackley,0,740,8.424372310855688e-13,148230,30,200,n,intermedia_global,(mu+lambda),1.0
EE,ackley,0,741,8.424372310855688e-13,148430,30,200,n,intermedia_global,(mu+lambda),1.0
EE,ackley,0,742,8.424372310855688e-13,148630,30,200,n,intermedia_global,(mu+lambda),1.0
EE,ackley,0,743,8.424372310855688e-13,148830,30,200,n,intermedia_global,(mu+lambda),1.0
EE,ackley,0,744,8.424372310855688e-13,149030,30,200,n,intermedia_global,(mu+lambda),1.0
EE,ackley,0,745,8.424372310855688e-13,149230,30,200,n,intermedia_global,(mu+lambda),1.0
EE,ackley,0,746,8.424372310855688e-13,149430,30,200,n,intermedia_global,(mu+lambda),1.0
EE,ackley,0,747,8.424372310855688e-13,149630,30,200,n,intermedia_global,(mu+lambda),1.0
EE,ackley,0,748,8.424372310855688e-13,149830,30,200,n,intermedia_global,(mu+lambda),1.0
EE,ackley,0,749,8.424372310855688e-13,150030,30,200,n,intermedia_global,(mu+lambda),1.0
EE,ackley,0,750,8.424372310855688e-13,150230,30,200,n,intermedia_global,(mu+lambda),1.0
EE,ackley,0,751,8.424372310855688e-13,150430,30,200,n,intermedia_global,(mu+lambda),1.0
EE,ackley,0,752,8.424372310855688e-13,150630,30,200,n,intermedia_global,(mu+lambda),1.0
EE,ackley,0,753,8.424372310855688e-13,150830,30,200,n,intermedia_global,(mu+lambda),1.0
EE,ackley,0,754,8.424372310855688e-13,151030,30,200,n,intermedia_global,(mu+lambda),1.0
EE,ackley,0,755,8.424372310855688e-13,151230,30,200,n,intermedia_global,(mu+lambda),1.0
EE,ackley,0,756,8.424372310855688e-13,151430,30,200,n,intermedia_global,(mu+lambda),1.0
EE,ackley,0,757,8.424372310855688e-13,151630,30,200,n,intermedia_global,(mu+lambda),1.0
EE,ackley,0,758,8.424372310855688e-13,151830,30,200,n,intermedia_global,(mu+lambda),1.0
EE,ackley,0,759,8.424372310855688e-13,152030,30,200,n,intermedia_global,(mu+lambda),1.0
EE,ackley,0,760,8.424372310855688e-13,152230,30,200,n,intermedia_global,(mu+lambda),1.0
EE,ackley,0,761,8.424372310855688e-13,152430,30,200,n,intermedia_global,(mu+lambda),1.0
EE,ackley,0,762,8.424372310855688e-13,152630,30,200,n,intermedia_global,(mu+lambda),1.0
EE,ackley,0,763,8.424372310855688e-13,152830,30,200,n,intermedia_global,(mu+lambda),1.0
EE,ackley,0,764,8.424372310855688e-13,153030,30,200,n,intermedia_global,(mu+lambda),1.0
EE,ackley,0,765,8.424372310855688e-13,153230,30,200,n,intermedia_global,(mu+lambda),1.0
EE,ackley,0,766,8.424372310855688e-13,153430,30,200,n,intermedia_global,(mu+lambda),1.0
EE,ackley,0,767,8.424372310855688e-13,153630,30,200,n,intermedia_global,(mu+lambda),1.0
EE,ackley,0,768,8.424372310855688e-13,153830,30,200,n,intermedia_global,(mu+lambda),1.0
EE,ackley,0,769,8.424372310855688e-13,154030,30,200,n,intermedia_global,(mu+lambda),1.0
EE,ackley,0,770,8.424372310855688e-13,154230,30,200,n,intermedia_global,(mu+lambda),1.0
EE,ackley,0,771,8.424372310855688e-13,154430,30,200,n,intermedia_global,(mu+lambda),1.0
EE,ackley,0,772,8.424372310855688e-13,154630,30,200,n,intermedia_global,(mu+lambda),1.0
EE,ackley,0,773,8.424372310855688e-13,154830,30,200,n,intermedia_global,(mu+lambda),1.0
EE,ackley,0,774,8.424372310855688e-13,155030,30,200,n,intermedia_global,(mu+lambda),1.0
EE,ackley,0,775,8.424372310855688e-13,155230,30,200,n,intermedia_global,(mu+lambda),1.0
EE,ackley,0,776,8.424372310855688e-13,155430,30,200,n,intermedia_global,(mu+lambda),1.0
EE,ackley,0,777,8.424372310855688e-13,155630,30,200,n,intermedia_global,(mu+lambda),1.0
EE,ackley,0,778,8.424372310855688e-13,155830,30,200,n,intermedia_global,(mu+lambda),1.0
EE,ackley,0,779,8.424372310855688e-13,156030,30,200,n,intermedia_global,(mu+lambda),1.0
EE,ackley,0,780,8.424372310855688e-13,156230,30,200,n,intermedia_global,(mu+lambda),1.0
EE,ackley,0,781,8.424372310855688e-13,156430,30,200,n,intermedia_global,(mu+lambda),1.0
EE,ackley,0,782,8.424372310855688e-13,156630,30,200,n,intermedia_global,(mu+lambda),1.0
EE,ackley,0,783,8.424372310855688e-13,156830,30,200,n,intermedia_global,(mu+lambda),1.0
EE,ackley,0,784,8.424372310855688e-13,157030,30,200,n,intermedia_global,(mu+lambda),1.0
EE,ackley,0,785,8.424372310855688e-13,157230,30,200,n,intermedia_global,(mu+lambda),1.0
EE,ackley,0,786,8.424372310855688e-13,157430,30,200,n,intermedia_global,(mu+lambda),1.0
EE,ackley,0,787,8.424372310855688e-13,157630,30,200,n,intermedia_global,(mu+lambda),1.0
EE,ackley,0,788,8.424372310855688e-13,157830,30,200,n,intermedia_global,(mu+lambda),1.0
EE,ackley,0,789,8.424372310855688e-13,158030,30,200,n,intermedia_global,(mu+lambda),1.0
EE,ackley,0,790,8.424372310855688e-13,158230,30,200,n,intermedia_global,(mu+lambda),1.0
EE,ackley,0,791,8.424372310855688e-13,158430,30,200,n,intermedia_global,(mu+lambda),1.0
EE,ackley,0,792,8.424372310855688e-13,158630,30,200,n,intermedia_global,(mu+lambda),1.0
EE,ackley,0,793,8.424372310855688e-13,158830,30,200,n,intermedia_global,(mu+lambda),1.0
EE,ackley,0,794,8.424372310855688e-13,159030,30,200,n,intermedia_global,(mu+lambda),1.0
EE,ackley,0,795,8.424372310855688e-13,159230,30,200,n,intermedia_global,(mu+lambda),1.0
EE,ackley,0,796,8.424372310855688e-13,159430,30,200,n,intermedia_global,(mu+lambda),1.0
EE,ackley,0,797,8.424372310855688e-13,159630,30,200,n,intermedia_global,(mu+lambda),1.0
EE,ackley,0,798,8.424372310855688e-13,159830,30,200,n,intermedia_global,(mu+lambda),1.0
EE,ackley,0,799,8.424372310855688e-13,160030,30,200,n,intermedia_global,(mu+lambda),1.0
EE,ackley,0,800,8.424372310855688e-13,160230,30,200,n,intermedia_global,(mu+lambda),1.0
EE,ackley,0,801,8.424372310855688e-13,160430,30,200,n,intermedia_global,(mu+lambda),1.0
EE,ackley,0,802,8.424372310855688e-13,160630,30,200,n,intermedia_global,(mu+lambda),1.0
EE,ackley,0,803,8.424372310855688e-13,160830,30,200,n,intermedia_global,(mu+lambda),1.0
EE,ackley,0,804,8.424372310855688e-13,161030,30,200,n,intermedia_global,(mu+lambda),1.0
EE,ackley,0,805,8.424372310855688e-13,161230,30,200,n,intermedia_global,(mu+lambda),1.0
EE,ackley,0,806,8.424372310855688e-13,161430,30,200,n,intermedia_global,(mu+lambda),1.0
EE,ackley,0,807,8.424372310855688e-13,161630,30,200,n,intermedia_global,(mu+lambda),1.0
EE,ackley,0,808,8.424372310855688e-13,161830,30,200,n,intermedia_global,(mu+lambda),1.0
EE,ackley,0,809,8.424372310855688e-13,162030,30,200,n,intermedia_global,(mu+lambda),1.0
EE,ackley,0,810,8.424372310855688e-13,162230,30,200,n,intermedia_global,(mu+lambda),1.0
EE,ackley,0,811,8.424372310855688e-13,162430,30,200,n,intermedia_global,(mu+lambda),1.0
EE,ackley,0,812,8.424372310855688e-13,162630,30,200,n,intermedia_global,(mu+lambda),1.0
EE,ackley,0,813,8.424372310855688e-13,162830,30,200,n,intermedia_global,(mu+lambda),1.0
EE,ackley,0,814,8.424372310855688e-13,163030,30,200,n,intermedia_global,(mu+lambda),1.0
EE,ackley,0,815,8.424372310855688e-13,163230,30,200,n,intermedia_global,(mu+lambda),1.0
EE,ackley,0,816,8.424372310855688e-13,163430,30,200,n,intermedia_global,(mu+lambda),1.0
EE,ackley,0,817,8.424372310855688e-13,163630,30,200,n,intermedia_global,(mu+lambda),1.0
EE,ackley,0,818,8.424372310855688e-13,163830,30,200,n,intermedia_global,(mu+lambda),1.0
EE,ackley,0,819,8.424372310855688e-13,164030,30,200,n,intermedia_global,(mu+lambda),1.0
EE,ackley,0,820,8.424372310855688e-13,164230,30,200,n,intermedia_global,(mu+lambda),1.0
EE,ackley,0,821,8.424372310855688e-13,164430,30,200,n,intermedia_global,(mu+lambda),1.0
EE,ackley,0,822,8.424372310855688e-13,164630,30,200,n,intermedia_global,(mu+lambda),1.0
EE,ackley,0,823,8.424372310855688e-13,164830,30,200,n,intermedia_global,(mu+lambda),1.0
EE,ackley,0,824,8.424372310855688e-13,165030,30,200,n,intermedia_global,(mu+lambda),1.0
EE,ackley,0,825,8.424372310855688e-13,165230,30,200,n,intermedia_global,(mu+lambda),1.0
EE,ackley,0,826,8.424372310855688e-13,165430,30,200,n,intermedia_global,(mu+lambda),1.0
EE,ackley,0,827,8.424372310855688e-13,165630,30,200,n,intermedia_global,(mu+lambda),1.0
EE,ackley,0,828,8.424372310855688e-13,165830,30,200,n,intermedia_global,(mu+lambda),1.0
EE,ackley,0,829,8.424372310855688e-13,166030,30,200,n,intermedia_global,(mu+lambda),1.0
EE,ackley,0,830,8.424372310855688e-13,166230,30,200,n,intermedia_global,(mu+lambda),1.0
EE,ackley,0,831,8.424372310855688e-13,166430,30,200,n,intermedia_global,(mu+lambda),1.0
EE,ackley,0,832,8.424372310855688e-13,166630,30,200,n,intermedia_global,(mu+lambda),1.0
EE,ackley,0,833,8.424372310855688e-13,166830,30,200,n,intermedia_global,(mu+lambda),1.0
EE,ackley,0,834,8.424372310855688e-13,167030,30,200,n,intermedia_global,(mu+lambda),1.0
EE,ackley,0,835,8.424372310855688e-13,167230,30,200,n,intermedia_global,(mu+lambda),1.0
EE,ackley,0,836,8.424372310855688e-13,167430,30,200,n,intermedia_global,(mu+lambda),1.0
EE,ackley,0,837,8.424372310855688e-13,167630,30,200,n,intermedia_global,(mu+lambda),1.0
EE,ackley,0,838,8.424372310855688e-13,167830,30,200,n,intermedia_global,(mu+lambda),1.0
EE,ackley,0,839,8.424372310855688e-13,168030,30,200,n,intermedia_global,(mu+lambda),1.0
EE,ackley,0,840,8.424372310855688e-13,168230,30,200,n,intermedia_global,(mu+lambda),1.0
EE,ackley,0,841,8.424372310855688e-13,168430,30,200,n,intermedia_global,(mu+lambda),1.0
EE,ackley,0,842,8.424372310855688e-13,168630,30,200,n,intermedia_global,(mu+lambda),1.0
EE,ackley,0,843,8.424372310855688e-13,168830,30,200,n,intermedia_global,(mu+lambda),1.0
EE,ackley,0,844,8.424372310855688e-13,169030,30,200,n,intermedia_global,(mu+lambda),1.0
EE,ackley,0,845,8.424372310855688e-13,169230,30,200,n,intermedia_global,(mu+lambda),1.0
EE,ackley,0,846,8.424372310855688e-13,169430,30,200,n,intermedia_global,(mu+lambda),1.0
EE,ackley,0,847,8.424372310855688e-13,169630,30,200,n,intermedia_global,(mu+lambda),1.0
EE,ackley,0,848,8.424372310855688e-13,169830,30,200,n,intermedia_global,(mu+lambda),1.0
EE,ackley,0,849,8.424372310855688e-13,170030,30,200,n,intermedia_global,(mu+lambda),1.0
EE,ackley,0,850,8.424372310855688e-13,170230,30,200,n,intermedia_global,(mu+lambda),1.0
EE,ackley,0,851,8.424372310855688e-13,170430,30,200,n,intermedia_global,(mu+lambda),1.0
EE,ackley,0,852,8.424372310855688e-13,170630,30,200,n,intermedia_global,(mu+lambda),1.0
EE,ackley,0,853,8.424372310855688e-13,170830,30,200,n,intermedia_global,(mu+lambda),1.0
EE,ackley,0,854,8.424372310855688e-13,171030,30,200,n,intermedia_global,(mu+lambda),1.0
EE,ackley,0,855,8.424372310855688e-13,171230,30,200,n,intermedia_global,(mu+lambda),1.0
EE,ackley,0,856,8.424372310855688e-13,171430,30,200,n,intermedia_global,(mu+lambda),1.0
EE,ackley,0,857,8.424372310855688e-13,171630,30,200,n,intermedia_global,(mu+lambda),1.0
EE,ackley,0,858,8.424372310855688e-13,171830,30,200,n,intermedia_global,(mu+lambda),1.0
EE,ackley,0,859,8.424372310855688e-13,172030,30,200,n,intermedia_global,(mu+lambda),1.0
EE,ackley,0,860,8.424372310855688e-13,172230,30,200,n,intermedia_global,(mu+lambda),1.0
EE,ackley,0,861,8.424372310855688e-13,172430,30,200,n,intermedia_global,(mu+lambda),1.0
EE,ackley,0,862,8.424372310855688e-13,172630,30,200,n,intermedia_global,(mu+lambda),1.0
EE,ackley,0,863,8.424372310855688e-13,172830,30,200,n,intermedia_global,(mu+lambda),1.0
EE,ackley,0,864,8.424372310855688e-13,173030,30,200,n,intermedia_global,(mu+lambda),1.0
EE,ackley,0,865,8.424372310855688e-13,173230,30,200,n,intermedia_global,(mu+lambda),1.0
EE,ackley,0,866,8.424372310855688e-13,173430,30,200,n,intermedia_global,(mu+lambda),1.0
EE,ackley,0,867,8.424372310855688e-13,173630,30,200,n,intermedia_global,(mu+lambda),1.0
EE,ackley,0,868,8.424372310855688e-13,173830,30,200,n,intermedia_global,(mu+lambda),1.0
EE,ackley,0,869,8.424372310855688e-13,174030,30,200,n,intermedia_global,(mu+lambda),1.0
EE,ackley,0,870,8.424372310855688e-13,174230,30,200,n,intermedia_global,(mu+lambda),1.0
EE,ackley,0,871,8.424372310855688e-13,174430,30,200,n,intermedia_global,(mu+lambda),1.0
EE,ackley,0,872,8.424372310855688e-13,174630,30,200,n,intermedia_global,(mu+lambda),1.0
EE,ackley,0,873,8.424372310855688e-13,174830,30,200,n,intermedia_global,(mu+lambda),1.0
EE,ackley,0,874,8.424372310855688e-13,175030,30,200,n,intermedia_global,(mu+lambda),1.0
EE,ackley,0,875,8.424372310855688e-13,175230,30,200,n,intermedia_global,(mu+lambda),1.0
EE,ackley,0,876,8.424372310855688e-13,175430,30,200,n,intermedia_global,(mu+lambda),1.0
EE,ackley,0,877,8.424372310855688e-13,175630,30,200,n,intermedia_global,(mu+lambda),1.0
EE,ackley,0,878,8.424372310855688e-13,175830,30,200,n,intermedia_global,(mu+lambda),1.0
EE,ackley,0,879,8.424372310855688e-13,176030,30,200,n,intermedia_global,(mu+lambda),1.0
EE,ackley,0,880,8.424372310855688e-13,176230,30,200,n,intermedia_global,(mu+lambda),1.0
EE,ackley,0,881,8.424372310855688e-13,176430,30,200,n,intermedia_global,(mu+lambda),1.0
EE,ackley,0,882,8.424372310855688e-13,176630,30,200,n,intermedia_global,(mu+lambda),1.0
EE,ackley,0,883,8.424372310855688e-13,176830,30,200,n,intermedia_global,(mu+lambda),1.0
EE,ackley,0,884,8.424372310855688e-13,177030,30,200,n,intermedia_global,(mu+lambda),1.0
EE,ackley,0,885,8.424372310855688e-13,177230,30,200,n,intermedia_global,(mu+lambda),1.0
EE,ackley,0,886,8.424372310855688e-13,177430,30,200,n,intermedia_global,(mu+lambda),1.0
EE,ackley,0,887,8.424372310855688e-13,177630,30,200,n,intermedia_global,(mu+lambda),1.0
EE,ackley,0,888,8.424372310855688e-13,177830,30,200,n,intermedia_global,(mu+lambda),1.0
EE,ackley,0,889,8.424372310855688e-13,178030,30,200,n,intermedia_global,(mu+lambda),1.0
EE,ackley,0,890,8.424372310855688e-13,178230,30,200,n,intermedia_global,(mu+lambda),1.0
EE,ackley,0,891,8.424372310855688e-13,178430,30,200,n,intermedia_global,(mu+lambda),1.0
EE,ackley,0,892,8.424372310855688e-13,178630,30,200,n,intermedia_global,(mu+lambda),1.0
EE,ackley,0,893,8.424372310855688e-13,178830,30,200,n,intermedia_global,(mu+lambda),1.0
EE,ackley,0,894,8.424372310855688e-13,179030,30,200,n,intermedia_global,(mu+lambda),1.0
EE,ackley,0,895,8.424372310855688e-13,179230,30,200,n,intermedia_global,(mu+lambda),1.0
EE,ackley,0,896,8.424372310855688e-13,179430,30,200,n,intermedia_global,(mu+lambda),1.0
EE,ackley,0,897,8.424372310855688e-13,179630,30,200,n,intermedia_global,(mu+lambda),1.0
EE,ackley,0,898,8.424372310855688e-13,179830,30,200,n,intermedia_global,(mu+lambda),1.0
EE,ackley,0,899,8.424372310855688e-13,180030,30,200,n,intermedia_global,(mu+lambda),1.0
EE,ackley,0,900,8.424372310855688e-13,180230,30,200,n,intermedia_global,(mu+lambda),1.0
EE,ackley,0,901,8.424372310855688e-13,180430,30,200,n,intermedia_global,(mu+lambda),1.0
EE,ackley,0,902,8.424372310855688e-13,180630,30,200,n,intermedia_global,(mu+lambda),1.0
EE,ackley,0,903,8.424372310855688e-13,180830,30,200,n,intermedia_global,(mu+lambda),1.0
EE,ackley,0,904,8.424372310855688e-13,181030,30,200,n,intermedia_global,(mu+lambda),1.0
EE,ackley,0,905,8.424372310855688e-13,181230,30,200,n,intermedia_global,(mu+lambda),1.0
EE,ackley,0,906,8.424372310855688e-13,181430,30,200,n,intermedia_global,(mu+lambda),1.0
EE,ackley,0,907,8.424372310855688e-13,181630,30,200,n,intermedia_global,(mu+lambda),1.0
EE,ackley,0,908,8.424372310855688e-13,181830,30,200,n,intermedia_global,(mu+lambda),1.0
EE,ackley,0,909,8.424372310855688e-13,182030,30,200,n,intermedia_global,(mu+lambda),1.0
EE,ackley,0,910,8.424372310855688e-13,182230,30,200,n,intermedia_global,(mu+lambda),1.0
EE,ackley,0,911,8.424372310855688e-13,182430,30,200,n,intermedia_global,(mu+lambda),1.0
EE,ackley,0,912,8.424372310855688e-13,182630,30,200,n,intermedia_global,(mu+lambda),1.0
EE,ackley,0,913,8.424372310855688e-13,182830,30,200,n,intermedia_global,(mu+lambda),1.0
EE,ackley,0,914,8.424372310855688e-13,183030,30,200,n,intermedia_global,(mu+lambda),1.0
EE,ackley,0,915,8.424372310855688e-13,183230,30,200,n,intermedia_global,(mu+lambda),1.0
EE,ackley,0,916,8.424372310855688e-13,183430,30,200,n,intermedia_global,(mu+lambda),1.0
EE,ackley,0,917,8.424372310855688e-13,183630,30,200,n,intermedia_global,(mu+lambda),1.0
EE,ackley,0,918,8.424372310855688e-13,183830,30,200,n,intermedia_global,(mu+lambda),1.0
EE,ackley,0,919,8.424372310855688e-13,184030,30,200,n,intermedia_global,(mu+lambda),1.0
EE,ackley,0,920,8.424372310855688e-13,184230,30,200,n,intermedia_global,(mu+lambda),1.0
EE,ackley,0,921,8.424372310855688e-13,184430,30,200,n,intermedia_global,(mu+lambda),1.0
EE,ackley,0,922,8.424372310855688e-13,184630,30,200,n,intermedia_global,(mu+lambda),1.0
EE,ackley,0,923,8.424372310855688e-13,184830,30,200,n,intermedia_global,(mu+lambda),1.0
EE,ackley,0,924,8.424372310855688e-13,185030,30,200,n,intermedia_global,(mu+lambda),1.0
EE,ackley,0,925,8.424372310855688e-13,185230,30,200,n,intermedia_global,(mu+lambda),1.0
EE,ackley,0,926,8.424372310855688e-13,185430,30,200,n,intermedia_global,(mu+lambda),1.0
EE,ackley,0,927,8.424372310855688e-13,185630,30,200,n,intermedia_global,(mu+lambda),1.0
EE,ackley,0,928,8.424372310855688e-13,185830,30,200,n,intermedia_global,(mu+lambda),1.0
EE,ackley,0,929,8.424372310855688e-13,186030,30,200,n,intermedia_global,(mu+lambda),1.0
EE,ackley,0,930,8.424372310855688e-13,186230,30,200,n,intermedia_global,(mu+lambda),1.0
EE,ackley,0,931,8.424372310855688e-13,186430,30,200,n,intermedia_global,(mu+lambda),1.0
EE,ackley,0,932,8.424372310855688e-13,186630,30,200,n,intermedia_global,(mu+lambda),1.0
EE,ackley,0,933,8.424372310855688e-13,186830,30,200,n,intermedia_global,(mu+lambda),1.0
EE,ackley,0,934,8.424372310855688e-13,187030,30,200,n,intermedia_global,(mu+lambda),1.0
EE,ackley,0,935,8.424372310855688e-13,187230,30,200,n,intermedia_global,(mu+lambda),1.0
EE,ackley,0,936,8.424372310855688e-13,187430,30,200,n,intermedia_global,(mu+lambda),1.0
EE,ackley,0,937,8.424372310855688e-13,187630,30,200,n,intermedia_global,(mu+lambda),1.0
EE,ackley,0,938,8.424372310855688e-13,187830,30,200,n,intermedia_global,(mu+lambda),1.0
EE,ackley,0,939,8.424372310855688e-13,188030,30,200,n,intermedia_global,(mu+lambda),1.0
EE,ackley,0,940,8.424372310855688e-13,188230,30,200,n,intermedia_global,(mu+lambda),1.0
EE,ackley,0,941,8.424372310855688e-13,188430,30,200,n,intermedia_global,(mu+lambda),1.0
EE,ackley,0,942,8.424372310855688e-13,188630,30,200,n,intermedia_global,(mu+lambda),1.0
EE,ackley,0,943,8.424372310855688e-13,188830,30,200,n,intermedia_global,(mu+lambda),1.0
EE,ackley,0,944,8.424372310855688e-13,189030,30,200,n,intermedia_global,(mu+lambda),1.0
EE,ackley,0,945,8.424372310855688e-13,189230,30,200,n,intermedia_global,(mu+lambda),1.0
EE,ackley,0,946,8.424372310855688e-13,189430,30,200,n,intermedia_global,(mu+lambda),1.0
EE,ackley,0,947,8.424372310855688e-13,189630,30,200,n,intermedia_global,(mu+lambda),1.0
EE,ackley,0,948,8.424372310855688e-13,189830,30,200,n,intermedia_global,(mu+lambda),1.0
EE,ackley,0,949,8.424372310855688e-13,190030,30,200,n,intermedia_global,(mu+lambda),1.0
EE,ackley,0,950,8.424372310855688e-13,190230,30,200,n,intermedia_global,(mu+lambda),1.0
EE,ackley,0,951,8.424372310855688e-13,190430,30,200,n,intermedia_global,(mu+lambda),1.0
EE,ackley,0,952,8.424372310855688e-13,190630,30,200,n,intermedia_global,(mu+lambda),1.0
EE,ackley,0,953,8.424372310855688e-13,190830,30,200,n,intermedia_global,(mu+lambda),1.0
EE,ackley,0,954,8.424372310855688e-13,191030,30,200,n,intermedia_global,(mu+lambda),1.0
EE,ackley,0,955,8.424372310855688e-13,191230,30,200,n,intermedia_global,(mu+lambda),1.0
EE,ackley,0,956,8.424372310855688e-13,191430,30,200,n,intermedia_global,(mu+lambda),1.0
EE,ackley,0,957,8.424372310855688e-13,191630,30,200,n,intermedia_global,(mu+lambda),1.0
EE,ackley,0,958,8.424372310855688e-13,191830,30,200,n,intermedia_global,(mu+lambda),1.0
EE,ackley,0,959,8.424372310855688e-13,192030,30,200,n,intermedia_global,(mu+lambda),1.0
EE,ackley,0,960,8.424372310855688e-13,192230,30,200,n,intermedia_global,(mu+lambda),1.0
EE,ackley,0,961,8.424372310855688e-13,192430,30,200,n,intermedia_global,(mu+lambda),1.0
EE,ackley,0,962,8.424372310855688e-13,192630,30,200,n,intermedia_global,(mu+lambda),1.0
EE,ackley,0,963,8.424372310855688e-13,192830,30,200,n,intermedia_global,(mu+lambda),1.0
EE,ackley,0,964,8.424372310855688e-13,193030,30,200,n,intermedia_global,(mu+lambda),1.0
EE,ackley,0,965,8.424372310855688e-13,193230,30,200,n,intermedia_global,(mu+lambda),1.0
EE,ackley,0,966,8.424372310855688e-13,193430,30,200,n,intermedia_global,(mu+lambda),1.0
EE,ackley,0,967,8.424372310855688e-13,193630,30,200,n,intermedia_global,(mu+lambda),1.0
EE,ackley,0,968,8.424372310855688e-13,193830,30,200,n,intermedia_global,(mu+lambda),1.0
EE,ackley,0,969,8.424372310855688e-13,194030,30,200,n,intermedia_global,(mu+lambda),1.0
EE,ackley,0,970,8.424372310855688e-13,194230,30,200,n,intermedia_global,(mu+lambda),1.0
EE,ackley,0,971,8.424372310855688e-13,194430,30,200,n,intermedia_global,(mu+lambda),1.0
EE,ackley,0,972,8.424372310855688e-13,194630,30,200,n,intermedia_global,(mu+lambda),1.0
EE,ackley,0,973,8.424372310855688e-13,194830,30,200,n,intermedia_global,(mu+lambda),1.0
EE,ackley,0,974,8.424372310855688e-13,195030,30,200,n,intermedia_global,(mu+lambda),1.0
EE,ackley,0,975,8.424372310855688e-13,195230,30,200,n,intermedia_global,(mu+lambda),1.0
EE,ackley,0,976,8.424372310855688e-13,195430,30,200,n,intermedia_global,(mu+lambda),1.0
EE,ackley,0,977,8.424372310855688e-13,195630,30,200,n,intermedia_global,(mu+lambda),1.0
EE,ackley,0,978,8.424372310855688e-13,195830,30,200,n,intermedia_global,(mu+lambda),1.0
EE,ackley,0,979,8.424372310855688e-13,196030,30,200,n,intermedia_global,(mu+lambda),1.0
EE,ackley,0,980,8.424372310855688e-13,196230,30,200,n,intermedia_global,(mu+lambda),1.0
EE,ackley,0,981,8.424372310855688e-13,196430,30,200,n,intermedia_global,(mu+lambda),1.0
EE,ackley,0,982,8.424372310855688e-13,196630,30,200,n,intermedia_global,(mu+lambda),1.0
EE,ackley,0,983,8.424372310855688e-13,196830,30,200,n,intermedia_global,(mu+lambda),1.0
EE,ackley,0,984,8.424372310855688e-13,197030,30,200,n,intermedia_global,(mu+lambda),1.0
EE,ackley,0,985,8.424372310855688e-13,197230,30,200,n,intermedia_global,(mu+lambda),1.0
EE,ackley,0,986,8.424372310855688e-13,197430,30,200,n,intermedia_global,(mu+lambda),1.0
EE,ackley,0,987,8.424372310855688e-13,197630,30,200,n,intermedia_global,(mu+lambda),1.0
EE,ackley,0,988,8.424372310855688e-13,197830,30,200,n,intermedia_global,(mu+lambda),1.0
EE,ackley,0,989,8.424372310855688e-13,198030,30,200,n,intermedia_global,(mu+lambda),1.0
EE,ackley,0,990,8.424372310855688e-13,198230,30,200,n,intermedia_global,(mu+lambda),1.0
EE,ackley,0,991,8.424372310855688e-13,198430,30,200,n,intermedia_global,(mu+lambda),1.0
EE,ackley,0,992,8.424372310855688e-13,198630,30,200,n,intermedia_global,(mu+lambda),1.0
EE,ackley,0,993,8.424372310855688e-13,198830,30,200,n,intermedia_global,(mu+lambda),1.0
EE,ackley,0,994,8.424372310855688e-13,199030,30,200,n,intermedia_global,(mu+lambda),1.0
EE,ackley,0,995,8.424372310855688e-13,199230,30,200,n,intermedia_global,(mu+lambda),1.0
EE,ackley,0,996,8.424372310855688e-13,199430,30,200,n,intermedia_global,(mu+lambda),1.0
EE,ackley,0,997,8.424372310855688e-13,199630,30,200,n,intermedia_global,(mu+lambda),1.0
EE,ackley,0,998,8.424372310855688e-13,199830,30,200,n,intermedia_global,(mu+lambda),1.0
EE,ackley,0,999,8.424372310855688e-13,200030,30,200,n,intermedia_global,(mu+lambda),1.0
EE,ackley,0,1000,8.424372310855688e-13,200230,30,200,n,intermedia_global,(mu+lambda),1.0
EE,ackley,0,1001,8.424372310855688e-13,200430,30,200,n,intermedia_global,(mu+lambda),1.0
EE,ackley,0,1002,8.424372310855688e-13,200630,30,200,n,intermedia_global,(mu+lambda),1.0
EE,ackley,0,1003,8.424372310855688e-13,200830,30,200,n,intermedia_global,(mu+lambda),1.0
EE,ackley,0,1004,8.424372310855688e-13,201030,30,200,n,intermedia_global,(mu+lambda),1.0
EE,ackley,0,1005,8.424372310855688e-13,201230,30,200,n,intermedia_global,(mu+lambda),1.0
EE,ackley,0,1006,8.424372310855688e-13,201430,30,200,n,intermedia_global,(mu+lambda),1.0
EE,ackley,0,1007,8.424372310855688e-13,201630,30,200,n,intermedia_global,(mu+lambda),1.0
EE,ackley,0,1008,8.424372310855688e-13,201830,30,200,n,intermedia_global,(mu+lambda),1.0
EE,ackley,0,1009,8.424372310855688e-13,202030,30,200,n,intermedia_global,(mu+lambda),1.0
EE,ackley,0,1010,8.424372310855688e-13,202230,30,200,n,intermedia_global,(mu+lambda),1.0
EE,ackley,0,1011,8.424372310855688e-13,202430,30,200,n,intermedia_global,(mu+lambda),1.0
EE,ackley,0,1012,8.424372310855688e-13,202630,30,200,n,intermedia_global,(mu+lambda),1.0
EE,ackley,0,1013,8.424372310855688e-13,202830,30,200,n,intermedia_global,(mu+lambda),1.0
EE,ackley,0,1014,8.424372310855688e-13,203030,30,200,n,intermedia_global,(mu+lambda),1.0
EE,ackley,0,1015,8.424372310855688e-13,203230,30,200,n,intermedia_global,(mu+lambda),1.0
EE,ackley,0,1016,8.424372310855688e-13,203430,30,200,n,intermedia_global,(mu+lambda),1.0
EE,ackley,0,1017,8.424372310855688e-13,203630,30,200,n,intermedia_global,(mu+lambda),1.0
EE,ackley,0,1018,8.424372310855688e-13,203830,30,200,n,intermedia_global,(mu+lambda),1.0
EE,ackley,0,1019,8.424372310855688e-13,204030,30,200,n,intermedia_global,(mu+lambda),1.0
EE,ackley,0,1020,8.424372310855688e-13,204230,30,200,n,intermedia_global,(mu+lambda),1.0
EE,ackley,0,1021,8.424372310855688e-13,204430,30,200,n,intermedia_global,(mu+lambda),1.0
EE,ackley,0,1022,8.424372310855688e-13,204630,30,200,n,intermedia_global,(mu+lambda),1.0
EE,ackley,0,1023,8.424372310855688e-13,204830,30,200,n,intermedia_global,(mu+lambda),1.0
EE,ackley,0,1024,8.424372310855688e-13,205030,30,200,n,intermedia_global,(mu+lambda),1.0
EE,ackley,0,1025,8.424372310855688e-13,205230,30,200,n,intermedia_global,(mu+lambda),1.0
EE,ackley,0,1026,8.424372310855688e-13,205430,30,200,n,intermedia_global,(mu+lambda),1.0
EE,ackley,0,1027,8.424372310855688e-13,205630,30,200,n,intermedia_global,(mu+lambda),1.0
EE,ackley,0,1028,8.424372310855688e-13,205830,30,200,n,intermedia_global,(mu+lambda),1.0
EE,ackley,0,1029,8.424372310855688e-13,206030,30,200,n,intermedia_global,(mu+lambda),1.0
EE,ackley,0,1030,8.424372310855688e-13,206230,30,200,n,intermedia_global,(mu+lambda),1.0
EE,ackley,0,1031,8.424372310855688e-13,206430,30,200,n,intermedia_global,(mu+lambda),1.0
EE,ackley,0,1032,8.424372310855688e-13,206630,30,200,n,intermedia_global,(mu+lambda),1.0
EE,ackley,0,1033,8.424372310855688e-13,206830,30,200,n,intermedia_global,(mu+lambda),1.0
EE,ackley,0,1034,8.424372310855688e-13,207030,30,200,n,intermedia_global,(mu+lambda),1.0
EE,ackley,0,1035,8.424372310855688e-13,207230,30,200,n,intermedia_global,(mu+lambda),1.0
EE,ackley,0,1036,8.424372310855688e-13,207430,30,200,n,intermedia_global,(mu+lambda),1.0
EE,ackley,0,1037,8.424372310855688e-13,207630,30,200,n,intermedia_global,(mu+lambda),1.0
EE,ackley,0,1038,8.424372310855688e-13,207830,30,200,n,intermedia_global,(mu+lambda),1.0
EE,ackley,0,1039,8.424372310855688e-13,208030,30,200,n,intermedia_global,(mu+lambda),1.0
EE,ackley,0,1040,8.424372310855688e-13,208230,30,200,n,intermedia_global,(mu+lambda),1.0
EE,ackley,0,1041,8.424372310855688e-13,208430,30,200,n,intermedia_global,(mu+lambda),1.0
EE,ackley,0,1042,8.424372310855688e-13,208630,30,200,n,intermedia_global,(mu+lambda),1.0
EE,ackley,0,1043,8.424372310855688e-13,208830,30,200,n,intermedia_global,(mu+lambda),1.0
EE,ackley,0,1044,8.424372310855688e-13,209030,30,200,n,intermedia_global,(mu+lambda),1.0
EE,ackley,0,1045,8.424372310855688e-13,209230,30,200,n,intermedia_global,(mu+lambda),1.0
EE,ackley,0,1046,8.424372310855688e-13,209430,30,200,n,intermedia_global,(mu+lambda),1.0
EE,ackley,0,1047,8.424372310855688e-13,209630,30,200,n,intermedia_global,(mu+lambda),1.0
EE,ackley,0,1048,8.424372310855688e-13,209830,30,200,n,intermedia_global,(mu+lambda),1.0
EE,ackley,0,1049,8.424372310855688e-13,210030,30,200,n,intermedia_global,(mu+lambda),1.0
EE,ackley,0,1050,8.424372310855688e-13,210230,30,200,n,intermedia_global,(mu+lambda),1.0
EE,ackley,0,1051,8.424372310855688e-13,210430,30,200,n,intermedia_global,(mu+lambda),1.0
EE,ackley,0,1052,8.424372310855688e-13,210630,30,200,n,intermedia_global,(mu+lambda),1.0
EE,ackley,0,1053,8.424372310855688e-13,210830,30,200,n,intermedia_global,(mu+lambda),1.0
EE,ackley,0,1054,8.424372310855688e-13,211030,30,200,n,intermedia_global,(mu+lambda),1.0
EE,ackley,0,1055,8.424372310855688e-13,211230,30,200,n,intermedia_global,(mu+lambda),1.0
EE,ackley,0,1056,8.424372310855688e-13,211430,30,200,n,intermedia_global,(mu+lambda),1.0
EE,ackley,0,1057,8.424372310855688e-13,211630,30,200,n,intermedia_global,(mu+lambda),1.0
EE,ackley,0,1058,8.424372310855688e-13,211830,30,200,n,intermedia_global,(mu+lambda),1.0
EE,ackley,0,1059,8.424372310855688e-13,212030,30,200,n,intermedia_global,(mu+lambda),1.0
EE,ackley,0,1060,8.424372310855688e-13,212230,30,200,n,intermedia_global,(mu+lambda),1.0
EE,ackley,0,1061,8.424372310855688e-13,212430,30,200,n,intermedia_global,(mu+lambda),1.0
EE,ackley,0,1062,8.424372310855688e-13,212630,30,200,n,intermedia_global,(mu+lambda),1.0
EE,ackley,0,1063,8.424372310855688e-13,212830,30,200,n,intermedia_global,(mu+lambda),1.0
EE,ackley,0,1064,8.424372310855688e-13,213030,30,200,n,intermedia_global,(mu+lambda),1.0
EE,ackley,0,1065,8.424372310855688e-13,213230,30,200,n,intermedia_global,(mu+lambda),1.0
EE,ackley,0,1066,8.424372310855688e-13,213430,30,200,n,intermedia_global,(mu+lambda),1.0
EE,ackley,0,1067,8.424372310855688e-13,213630,30,200,n,intermedia_global,(mu+lambda),1.0
EE,ackley,0,1068,8.424372310855688e-13,213830,30,200,n,intermedia_global,(mu+lambda),1.0
EE,ackley,0,1069,8.424372310855688e-13,214030,30,200,n,intermedia_global,(mu+lambda),1.0
EE,ackley,0,1070,8.424372310855688e-13,214230,30,200,n,intermedia_global,(mu+lambda),1.0
EE,ackley,0,1071,8.424372310855688e-13,214430,30,200,n,intermedia_global,(mu+lambda),1.0
EE,ackley,0,1072,8.424372310855688e-13,214630,30,200,n,intermedia_global,(mu+lambda),1.0
EE,ackley,0,1073,8.424372310855688e-13,214830,30,200,n,intermedia_global,(mu+lambda),1.0
EE,ackley,0,1074,8.424372310855688e-13,215030,30,200,n,intermedia_global,(mu+lambda),1.0
EE,ackley,0,1075,8.424372310855688e-13,215230,30,200,n,intermedia_global,(mu+lambda),1.0
EE,ackley,0,1076,8.424372310855688e-13,215430,30,200,n,intermedia_global,(mu+lambda),1.0
EE,ackley,0,1077,8.424372310855688e-13,215630,30,200,n,intermedia_global,(mu+lambda),1.0
EE,ackley,0,1078,8.424372310855688e-13,215830,30,200,n,intermedia_global,(mu+lambda),1.0
EE,ackley,0,1079,8.424372310855688e-13,216030,30,200,n,intermedia_global,(mu+lambda),1.0
EE,ackley,0,1080,8.424372310855688e-13,216230,30,200,n,intermedia_global,(mu+lambda),1.0
EE,ackley,0,1081,8.424372310855688e-13,216430,30,200,n,intermedia_global,(mu+lambda),1.0
EE,ackley,0,1082,8.424372310855688e-13,216630,30,200,n,intermedia_global,(mu+lambda),1.0
EE,ackley,0,1083,8.424372310855688e-13,216830,30,200,n,intermedia_global,(mu+lambda),1.0
EE,ackley,0,1084,8.424372310855688e-13,217030,30,200,n,intermedia_global,(mu+lambda),1.0
EE,ackley,0,1085,8.424372310855688e-13,217230,30,200,n,intermedia_global,(mu+lambda),1.0
EE,ackley,0,1086,8.424372310855688e-13,217430,30,200,n,intermedia_global,(mu+lambda),1.0
EE,ackley,0,1087,8.424372310855688e-13,217630,30,200,n,intermedia_global,(mu+lambda),1.0
EE,ackley,0,1088,8.424372310855688e-13,217830,30,200,n,intermedia_global,(mu+lambda),1.0
EE,ackley,0,1089,8.424372310855688e-13,218030,30,200,n,intermedia_global,(mu+lambda),1.0
EE,ackley,0,1090,8.424372310855688e-13,218230,30,200,n,intermedia_global,(mu+lambda),1.0
EE,ackley,0,1091,8.424372310855688e-13,218430,30,200,n,intermedia_global,(mu+lambda),1.0
EE,ackley,0,1092,8.424372310855688e-13,218630,30,200,n,intermedia_global,(mu+lambda),1.0
EE,ackley,0,1093,8.424372310855688e-13,218830,30,200,n,intermedia_global,(mu+lambda),1.0
EE,ackley,0,1094,8.424372310855688e-13,219030,30,200,n,intermedia_global,(mu+lambda),1.0
EE,ackley,0,1095,8.424372310855688e-13,219230,30,200,n,intermedia_global,(mu+lambda),1.0
EE,ackley,0,1096,8.424372310855688e-13,219430,30,200,n,intermedia_global,(mu+lambda),1.0
EE,ackley,0,1097,8.424372310855688e-13,219630,30,200,n,intermedia_global,(mu+lambda),1.0
EE,ackley,0,1098,8.424372310855688e-13,219830,30,200,n,intermedia_global,(mu+lambda),1.0
EE,ackley,0,1099,8.424372310855688e-13,220030,30,200,n,intermedia_global,(mu+lambda),1.0
EE,ackley,0,1100,8.424372310855688e-13,220230,30,200,n,intermedia_global,(mu+lambda),1.0
EE,ackley,0,1101,8.424372310855688e-13,220430,30,200,n,intermedia_global,(mu+lambda),1.0
EE,ackley,0,1102,8.424372310855688e-13,220630,30,200,n,intermedia_global,(mu+lambda),1.0
EE,ackley,0,1103,8.424372310855688e-13,220830,30,200,n,intermedia_global,(mu+lambda),1.0
EE,ackley,0,1104,8.424372310855688e-13,221030,30,200,n,intermedia_global,(mu+lambda),1.0
EE,ackley,0,1105,8.424372310855688e-13,221230,30,200,n,intermedia_global,(mu+lambda),1.0
EE,ackley,0,1106,8.424372310855688e-13,221430,30,200,n,intermedia_global,(mu+lambda),1.0
EE,ackley,0,1107,8.424372310855688e-13,221630,30,200,n,intermedia_global,(mu+lambda),1.0
EE,ackley,0,1108,8.424372310855688e-13,221830,30,200,n,intermedia_global,(mu+lambda),1.0
EE,ackley,0,1109,8.424372310855688e-13,222030,30,200,n,intermedia_global,(mu+lambda),1.0
EE,ackley,0,1110,8.424372310855688e-13,222230,30,200,n,intermedia_global,(mu+lambda),1.0
EE,ackley,0,1111,8.424372310855688e-13,222430,30,200,n,intermedia_global,(mu+lambda),1.0
EE,ackley,0,1112,8.424372310855688e-13,222630,30,200,n,intermedia_global,(mu+lambda),1.0
EE,ackley,0,1113,8.424372310855688e-13,222830,30,200,n,intermedia_global,(mu+lambda),1.0
EE,ackley,0,1114,8.424372310855688e-13,223030,30,200,n,intermedia_global,(mu+lambda),1.0
EE,ackley,0,1115,8.424372310855688e-13,223230,30,200,n,intermedia_global,(mu+lambda),1.0
EE,ackley,0,1116,8.424372310855688e-13,223430,30,200,n,intermedia_global,(mu+lambda),1.0
EE,ackley,0,1117,8.424372310855688e-13,223630,30,200,n,intermedia_global,(mu+lambda),1.0
EE,ackley,0,1118,8.424372310855688e-13,223830,30,200,n,intermedia_global,(mu+lambda),1.0
EE,ackley,0,1119,8.424372310855688e-13,224030,30,200,n,intermedia_global,(mu+lambda),1.0
EE,ackley,0,1120,8.424372310855688e-13,224230,30,200,n,intermedia_global,(mu+lambda),1.0
EE,ackley,0,1121,8.424372310855688e-13,224430,30,200,n,intermedia_global,(mu+lambda),1.0
EE,ackley,0,1122,8.424372310855688e-13,224630,30,200,n,intermedia_global,(mu+lambda),1.0
EE,ackley,0,1123,8.424372310855688e-13,224830,30,200,n,intermedia_global,(mu+lambda),1.0
EE,ackley,0,1124,8.424372310855688e-13,225030,30,200,n,intermedia_global,(mu+lambda),1.0
EE,ackley,0,1125,8.424372310855688e-13,225230,30,200,n,intermedia_global,(mu+lambda),1.0
EE,ackley,0,1126,8.424372310855688e-13,225430,30,200,n,intermedia_global,(mu+lambda),1.0
EE,ackley,0,1127,8.424372310855688e-13,225630,30,200,n,intermedia_global,(mu+lambda),1.0
EE,ackley,0,1128,8.424372310855688e-13,225830,30,200,n,intermedia_global,(mu+lambda),1.0
EE,ackley,0,1129,8.424372310855688e-13,226030,30,200,n,intermedia_global,(mu+lambda),1.0
EE,ackley,0,1130,8.424372310855688e-13,226230,30,200,n,intermedia_global,(mu+lambda),1.0
EE,ackley,0,1131,8.424372310855688e-13,226430,30,200,n,intermedia_global,(mu+lambda),1.0
EE,ackley,0,1132,8.424372310855688e-13,226630,30,200,n,intermedia_global,(mu+lambda),1.0
EE,ackley,0,1133,8.424372310855688e-13,226830,30,200,n,intermedia_global,(mu+lambda),1.0
EE,ackley,0,1134,8.424372310855688e-13,227030,30,200,n,intermedia_global,(mu+lambda),1.0
EE,ackley,0,1135,8.424372310855688e-13,227230,30,200,n,intermedia_global,(mu+lambda),1.0
EE,ackley,0,1136,8.424372310855688e-13,227430,30,200,n,intermedia_global,(mu+lambda),1.0
EE,ackley,0,1137,8.424372310855688e-13,227630,30,200,n,intermedia_global,(mu+lambda),1.0
EE,ackley,0,1138,8.424372310855688e-13,227830,30,200,n,intermedia_global,(mu+lambda),1.0
EE,ackley,0,1139,8.424372310855688e-13,228030,30,200,n,intermedia_global,(mu+lambda),1.0
EE,ackley,0,1140,8.424372310855688e-13,228230,30,200,n,intermedia_global,(mu+lambda),1.0
EE,ackley,0,1141,8.424372310855688e-13,228430,30,200,n,intermedia_global,(mu+lambda),1.0
EE,ackley,0,1142,8.424372310855688e-13,228630,30,200,n,intermedia_global,(mu+lambda),1.0
EE,ackley,0,1143,8.424372310855688e-13,228830,30,200,n,intermedia_global,(mu+lambda),1.0
EE,ackley,0,1144,8.424372310855688e-13,229030,30,200,n,intermedia_global,(mu+lambda),1.0
EE,ackley,0,1145,8.424372310855688e-13,229230,30,200,n,intermedia_global,(mu+lambda),1.0
EE,ackley,0,1146,8.424372310855688e-13,229430,30,200,n,intermedia_global,(mu+lambda),1.0
EE,ackley,0,1147,8.424372310855688e-13,229630,30,200,n,intermedia_global,(mu+lambda),1.0
EE,ackley,0,1148,8.424372310855688e-13,229830,30,200,n,intermedia_global,(mu+lambda),1.0
EE,ackley,0,1149,8.424372310855688e-13,230030,30,200,n,intermedia_global,(mu+lambda),1.0
EE,ackley,0,1150,8.424372310855688e-13,230230,30,200,n,intermedia_global,(mu+lambda),1.0
EE,ackley,0,1151,8.424372310855688e-13,230430,30,200,n,intermedia_global,(mu+lambda),1.0
EE,ackley,0,1152,8.424372310855688e-13,230630,30,200,n,intermedia_global,(mu+lambda),1.0
EE,ackley,0,1153,8.424372310855688e-13,230830,30,200,n,intermedia_global,(mu+lambda),1.0
EE,ackley,0,1154,8.424372310855688e-13,231030,30,200,n,intermedia_global,(mu+lambda),1.0
EE,ackley,0,1155,8.424372310855688e-13,231230,30,200,n,intermedia_global,(mu+lambda),1.0
EE,ackley,0,1156,8.424372310855688e-13,231430,30,200,n,intermedia_global,(mu+lambda),1.0
EE,ackley,0,1157,8.424372310855688e-13,231630,30,200,n,intermedia_global,(mu+lambda),1.0
EE,ackley,0,1158,8.424372310855688e-13,231830,30,200,n,intermedia_global,(mu+lambda),1.0
EE,ackley,0,1159,8.424372310855688e-13,232030,30,200,n,intermedia_global,(mu+lambda),1.0
EE,ackley,0,1160,8.424372310855688e-13,232230,30,200,n,intermedia_global,(mu+lambda),1.0
EE,ackley,0,1161,8.424372310855688e-13,232430,30,200,n,intermedia_global,(mu+lambda),1.0
EE,ackley,0,1162,8.424372310855688e-13,232630,30,200,n,intermedia_global,(mu+lambda),1.0
EE,ackley,0,1163,8.424372310855688e-13,232830,30,200,n,intermedia_global,(mu+lambda),1.0
EE,ackley,0,1164,8.424372310855688e-13,233030,30,200,n,intermedia_global,(mu+lambda),1.0
EE,ackley,0,1165,8.424372310855688e-13,233230,30,200,n,intermedia_global,(mu+lambda),1.0
EE,ackley,0,1166,8.424372310855688e-13,233430,30,200,n,intermedia_global,(mu+lambda),1.0
EE,ackley,0,1167,8.424372310855688e-13,233630,30,200,n,intermedia_global,(mu+lambda),1.0
EE,ackley,0,1168,8.424372310855688e-13,233830,30,200,n,intermedia_global,(mu+lambda),1.0
EE,ackley,0,1169,8.424372310855688e-13,234030,30,200,n,intermedia_global,(mu+lambda),1.0
EE,ackley,0,1170,8.424372310855688e-13,234230,30,200,n,intermedia_global,(mu+lambda),1.0
EE,ackley,0,1171,8.424372310855688e-13,234430,30,200,n,intermedia_global,(mu+lambda),1.0
EE,ackley,0,1172,8.424372310855688e-13,234630,30,200,n,intermedia_global,(mu+lambda),1.0
EE,ackley,0,1173,8.424372310855688e-13,234830,30,200,n,intermedia_global,(mu+lambda),1.0
EE,ackley,0,1174,8.424372310855688e-13,235030,30,200,n,intermedia_global,(mu+lambda),1.0
EE,ackley,0,1175,8.424372310855688e-13,235230,30,200,n,intermedia_global,(mu+lambda),1.0
EE,ackley,0,1176,8.424372310855688e-13,235430,30,200,n,intermedia_global,(mu+lambda),1.0
EE,ackley,0,1177,8.424372310855688e-13,235630,30,200,n,intermedia_global,(mu+lambda),1.0
EE,ackley,0,1178,8.424372310855688e-13,235830,30,200,n,intermedia_global,(mu+lambda),1.0
EE,ackley,0,1179,8.424372310855688e-13,236030,30,200,n,intermedia_global,(mu+lambda),1.0
EE,ackley,0,1180,8.424372310855688e-13,236230,30,200,n,intermedia_global,(mu+lambda),1.0
EE,ackley,0,1181,8.424372310855688e-13,236430,30,200,n,intermedia_global,(mu+lambda),1.0
EE,ackley,0,1182,8.424372310855688e-13,236630,30,200,n,intermedia_global,(mu+lambda),1.0
EE,ackley,0,1183,8.424372310855688e-13,236830,30,200,n,intermedia_global,(mu+lambda),1.0
EE,ackley,0,1184,8.424372310855688e-13,237030,30,200,n,intermedia_global,(mu+lambda),1.0
EE,ackley,0,1185,8.424372310855688e-13,237230,30,200,n,intermedia_global,(mu+lambda),1.0
EE,ackley,0,1186,8.424372310855688e-13,237430,30,200,n,intermedia_global,(mu+lambda),1.0
EE,ackley,0,1187,8.424372310855688e-13,237630,30,200,n,intermedia_global,(mu+lambda),1.0
EE,ackley,0,1188,8.424372310855688e-13,237830,30,200,n,intermedia_global,(mu+lambda),1.0
EE,ackley,0,1189,8.424372310855688e-13,238030,30,200,n,intermedia_global,(mu+lambda),1.0
EE,ackley,0,1190,8.424372310855688e-13,238230,30,200,n,intermedia_global,(mu+lambda),1.0
EE,ackley,0,1191,8.424372310855688e-13,238430,30,200,n,intermedia_global,(mu+lambda),1.0
EE,ackley,0,1192,8.424372310855688e-13,238630,30,200,n,intermedia_global,(mu+lambda),1.0
EE,ackley,0,1193,8.424372310855688e-13,238830,30,200,n,intermedia_global,(mu+lambda),1.0
EE,ackley,0,1194,8.424372310855688e-13,239030,30,200,n,intermedia_global,(mu+lambda),1.0
EE,ackley,0,1195,8.424372310855688e-13,239230,30,200,n,intermedia_global,(mu+lambda),1.0
EE,ackley,0,1196,8.424372310855688e-13,239430,30,200,n,intermedia_global,(mu+lambda),1.0
EE,ackley,0,1197,8.424372310855688e-13,239630,30,200,n,intermedia_global,(mu+lambda),1.0
EE,ackley,0,1198,8.424372310855688e-13,239830,30,200,n,intermedia_global,(mu+lambda),1.0
EE,ackley,0,1199,8.424372310855688e-13,240030,30,200,n,intermedia_global,(mu+lambda),1.0
EE,ackley,1,0,11.087261487370485,230,30,200,n,intermedia_global,(mu+lambda),1.0
EE,ackley,1,1,9.49531848415112,430,30,200,n,intermedia_global,(mu+lambda),1.0
EE,ackley,1,2,7.449218443988688,630,30,200,n,intermedia_global,(mu+lambda),1.0
EE,ackley,1,3,6.516060429575337,830,30,200,n,intermedia_global,(mu+lambda),1.0
EE,ackley,1,4,5.196696987300136,1030,30,200,n,intermedia_global,(mu+lambda),1.0
EE,ackley,1,5,4.584583887272462,1230,30,200,n,intermedia_global,(mu+lambda),1.0
EE,ackley,1,6,3.683089573277773,1430,30,200,n,intermedia_global,(mu+lambda),1.0
EE,ackley,1,7,3.3148522448351874,1630,30,200,n,intermedia_global,(mu+lambda),1.0
EE,ackley,1,8,2.42533307068403,1830,30,200,n,intermedia_global,(mu+lambda),1.0
EE,ackley,1,9,2.42533307068403,2030,30,200,n,intermedia_global,(mu+lambda),1.0
EE,ackley,1,10,1.8400411174908347,2230,30,200,n,intermedia_global,(mu+lambda),1.0
EE,ackley,1,11,1.8400411174908347,2430,30,200,n,intermedia_global,(mu+lambda),1.0
EE,ackley,1,12,1.7263837470320245,2630,30,200,n,intermedia_global,(mu+lambda),1.0
EE,ackley,1,13,1.7263837470320245,2830,30,200,n,intermedia_global,(mu+lambda),1.0
EE,ackley,1,14,1.7263837470320245,3030,30,200,n,intermedia_global,(mu+lambda),1.0
EE,ackley,1,15,1.4912950886795007,3230,30,200,n,intermedia_global,(mu+lambda),1.0
EE,ackley,1,16,1.4912950886795007,3430,30,200,n,intermedia_global,(mu+lambda),1.0
EE,ackley,1,17,1.4912950886795007,3630,30,200,n,intermedia_global,(mu+lambda),1.0
EE,ackley,1,18,1.4912950886795007,3830,30,200,n,intermedia_global,(mu+lambda),1.0
EE,ackley,1,19,1.332058204299749,4030,30,200,n,intermedia_global,(mu+lambda),1.0
EE,ackley,1,20,1.2298271626726387,4230,30,200,n,intermedia_global,(mu+lambda),1.0
EE,ackley,1,21,0.9874533647361443,4430,30,200,n,intermedia_global,(mu+lambda),1.0
EE,ackley,1,22,0.9874533647361443,4630,30,200,n,intermedia_global,(mu+lambda),1.0
EE,ackley,1,23,0.8689281496105612,4830,30,200,n,intermedia_global,(mu+lambda),1.0
EE,ackley,1,24,0.8689281496105612,5030,30,200,n,intermedia_global,(mu+lambda),1.0
EE,ackley,1,25,0.6800361013473908,5230,30,200,n,intermedia_global,(mu+lambda),1.0
EE,ackley,1,26,0.6800361013473908,5430,30,200,n,intermedia_global,(mu+lambda),1.0
EE,ackley,1,27,0.5466031367364939,5630,30,200,n,intermedia_global,(mu+lambda),1.0
EE,ackley,1,28,0.40802747657783245,5830,30,200,n,intermedia_global,(mu+lambda),1.0
EE,ackley,1,29,0.3235435107270139,6030,30,200,n,intermedia_global,(mu+lambda),1.0
EE,ackley,1,30,0.25179142459913395,6230,30,200,n,intermedia_global,(mu+lambda),1.0
EE,ackley,1,31,0.20794877590099192,6430,30,200,n,intermedia_global,(mu+lambda),1.0
EE,ackley,1,32,0.20794877590099192,6630,30,200,n,intermedia_global,(mu+lambda),1.0
EE,ackley,1,33,0.19523116598384194,6830,30,200,n,intermedia_global,(mu+lambda),1.0
EE,ackley,1,34,0.1703742465283722,7030,30,200,n,intermedia_global,(mu+lambda),1.0
EE,ackley,1,35,0.09170667239120478,7230,30,200,n,intermedia_global,(mu+lambda),1.0
EE,ackley,1,36,0.09170667239120478,7430,30,200,n,intermedia_global,(mu+lambda),1.0
EE,ackley,1,37,0.09170667239120478,7630,30,200,n,intermedia_global,(mu+lambda),1.0
EE,ackley,1,38,0.09170667239120478,7830,30,200,n,intermedia_global,(mu+lambda),1.0
EE,ackley,1,39,0.07781523209065044,8030,30,200,n,intermedia_global,(mu+lambda),1.0
EE,ackley,1,40,0.05493921374101207,8230,30,200,n,intermedia_global,(mu+lambda),1.0
EE,ackley,1,41,0.05493921374101207,8430,30,200,n,intermedia_global,(mu+lambda),1.0
EE,ackley,1,42,0.050402888857022266,8630,30,200,n,intermedia_global,(mu+lambda),1.0
EE,ackley,1,43,0.031227961160877005,8830,30,200,n,intermedia_global,(mu+lambda),1.0
EE,ackley,1,44,0.031227961160877005,9030,30,200,n,intermedia_global,(mu+lambda),1.0
EE,ackley,1,45,0.02210933502427581,9230,30,200,n,intermedia_global,(mu+lambda),1.0
EE,ackley,1,46,0.01757927331275555,9430,30,200,n,intermedia_global,(mu+lambda),1.0
EE,ackley,1,47,0.01757927331275555,9630,30,200,n,intermedia_global,(mu+lambda),1.0
EE,ackley,1,48,0.017463999324793367,9830,30,200,n,intermedia_global,(mu+lambda),1.0
EE,ackley,1,49,0.014247187008081585,10030,30,200,n,intermedia_global,(mu+lambda),1.0
EE,ackley,1,50,0.007374046753267027,10230,30,200,n,intermedia_global,(mu+lambda),1.0
EE,ackley,1,51,0.006965589186411325,10430,30,200,n,intermedia_global,(mu+lambda),1.0
EE,ackley,1,52,0.006370382950738662,10630,30,200,n,intermedia_global,(mu+lambda),1.0
EE,ackley,1,53,0.006001334609625264,10830,30,200,n,intermedia_global,(mu+lambda),1.0
EE,ackley,1,54,0.006001334609625264,11030,30,200,n,intermedia_global,(mu+lambda),1.0
EE,ackley,1,55,0.005358673466166142,11230,30,200,n,intermedia_global,(mu+lambda),1.0
EE,ackley,1,56,0.00408028664291793,11430,30,200,n,intermedia_global,(mu+lambda),1.0
EE,ackley,1,57,0.00408028664291793,11630,30,200,n,intermedia_global,(mu+lambda),1.0
EE,ackley,1,58,0.00402562409798124,11830,30,200,n,intermedia_global,(mu+lambda),1.0
EE,ackley,1,59,0.0034798541276903627,12030,30,200,n,intermedia_global,(mu+lambda),1.0
EE,ackley,1,60,0.00287266188460622,12230,30,200,n,intermedia_global,(mu+lambda),1.0
EE,ackley,1,61,0.0016401247590533963,12430,30,200,n,intermedia_global,(mu+lambda),1.0
EE,ackley,1,62,0.0016401247590533963,12630,30,200,n,intermedia_global,(mu+lambda),1.0
EE,ackley,1,63,0.0016401247590533963,12830,30,200,n,intermedia_global,(mu+lambda),1.0
EE,ackley,1,64,0.0015288470922176778,13030,30,200,n,intermedia_global,(mu+lambda),1.0
EE,ackley,1,65,0.0010857657635665596,13230,30,200,n,intermedia_global,(mu+lambda),1.0
EE,ackley,1,66,0.0010857657635665596,13430,30,200,n,intermedia_global,(mu+lambda),1.0
EE,ackley,1,67,0.0010857657635665596,13630,30,200,n,intermedia_global,(mu+lambda),1.0
EE,ackley,1,68,0.0007168504998884551,13830,30,200,n,intermedia_global,(mu+lambda),1.0
EE,ackley,1,69,0.0007168504998884551,14030,30,200,n,intermedia_global,(mu+lambda),1.0
EE,ackley,1,70,0.0007168504998884551,14230,30,200,n,intermedia_global,(mu+lambda),1.0
EE,ackley,1,71,0.0005070285749622094,14430,30,200,n,intermedia_global,(mu+lambda),1.0
EE,ackley,1,72,0.0005070285749622094,14630,30,200,n,intermedia_global,(mu+lambda),1.0
EE,ackley,1,73,0.0004008863235225313,14830,30,200,n,intermedia_global,(mu+lambda),1.0
EE,ackley,1,74,0.0004008863235225313,15030,30,200,n,intermedia_global,(mu+lambda),1.0
EE,ackley,1,75,0.0003803179103525345,15230,30,200,n,intermedia_global,(mu+lambda),1.0
EE,ackley,1,76,0.0001569421060989562,15430,30,200,n,intermedia_global,(mu+lambda),1.0
EE,ackley,1,77,0.0001569421060989562,15630,30,200,n,intermedia_global,(mu+lambda),1.0
EE,ackley,1,78,0.0001569421060989562,15830,30,200,n,intermedia_global,(mu+lambda),1.0
EE,ackley,1,79,0.0001569421060989562,16030,30,200,n,intermedia_global,(mu+lambda),1.0
EE,ackley,1,80,0.0001569421060989562,16230,30,200,n,intermedia_global,(mu+lambda),1.0
EE,ackley,1,81,0.00014648063045230586,16430,30,200,n,intermedia_global,(mu+lambda),1.0
EE,ackley,1,82,0.00010281743348317107,16630,30,200,n,intermedia_global,(mu+lambda),1.0
EE,ackley,1,83,0.00010281743348317107,16830,30,200,n,intermedia_global,(mu+lambda),1.0
EE,ackley,1,84,0.00010281743348317107,17030,30,200,n,intermedia_global,(mu+lambda),1.0
EE,ackley,1,85,9.920564803111986e-05,17230,30,200,n,intermedia_global,(mu+lambda),1.0
EE,ackley,1,86,9.920564803111986e-05,17430,30,200,n,intermedia_global,(mu+lambda),1.0
EE,ackley,1,87,6.398694117892845e-05,17630,30,200,n,intermedia_global,(mu+lambda),1.0
EE,ackley,1,88,6.398694117892845e-05,17830,30,200,n,intermedia_global,(mu+lambda),1.0
EE,ackley,1,89,6.398694117892845e-05,18030,30,200,n,intermedia_global,(mu+lambda),1.0
EE,ackley,1,90,4.319480862990943e-05,18230,30,200,n,intermedia_global,(mu+lambda),1.0
EE,ackley,1,91,4.319480862990943e-05,18430,30,200,n,intermedia_global,(mu+lambda),1.0
EE,ackley,1,92,3.478670679202267e-05,18630,30,200,n,intermedia_global,(mu+lambda),1.0
EE,ackley,1,93,3.478670679202267e-05,18830,30,200,n,intermedia_global,(mu+lambda),1.0
EE,ackley,1,94,3.478670679202267e-05,19030,30,200,n,intermedia_global,(mu+lambda),1.0
EE,ackley,1,95,3.478670679202267e-05,19230,30,200,n,intermedia_global,(mu+lambda),1.0
EE,ackley,1,96,2.8070666577395542e-05,19430,30,200,n,intermedia_global,(mu+lambda),1.0
EE,ackley,1,97,2.1538889470651412e-05,19630,30,200,n,intermedia_global,(mu+lambda),1.0
EE,ackley,1,98,2.1538889470651412e-05,19830,30,200,n,intermedia_global,(mu+lambda),1.0
EE,ackley,1,99,1.9060990109398546e-05,20030,30,200,n,intermedia_global,(mu+lambda),1.0
EE,ackley,1,100,1.9060990109398546e-05,20230,30,200,n,intermedia_global,(mu+lambda),1.0
EE,ackley,1,101,1.9060990109398546e-05,20430,30,200,n,intermedia_global,(mu+lambda),1.0
EE,ackley,1,102,1.1023850583047334e-05,20630,30,200,n,intermedia_global,(mu+lambda),1.0
EE,ackley,1,103,1.0433377309215786e-05,20830,30,200,n,intermedia_global,(mu+lambda),1.0
EE,ackley,1,104,8.656801576467643e-06,21030,30,200,n,intermedia_global,(mu+lambda),1.0
EE,ackley,1,105,8.656801576467643e-06,21230,30,200,n,intermedia_global,(mu+lambda),1.0
EE,ackley,1,106,7.0732939367879055e-06,21430,30,200,n,intermedia_global,(mu+lambda),1.0
EE,ackley,1,107,5.394301262118262e-06,21630,30,200,n,intermedia_global,(mu+lambda),1.0
EE,ackley,1,108,5.394301262118262e-06,21830,30,200,n,intermedia_global,(mu+lambda),1.0
EE,ackley,1,109,4.891471605095177e-06,22030,30,200,n,intermedia_global,(mu+lambda),1.0
EE,ackley,1,110,3.83964796002445e-06,22230,30,200,n,intermedia_global,(mu+lambda),1.0
EE,ackley,1,111,3.83964796002445e-06,22430,30,200,n,intermedia_global,(mu+lambda),1.0
EE,ackley,1,112,3.3332268469798976e-06,22630,30,200,n,intermedia_global,(mu+lambda),1.0
EE,ackley,1,113,3.229725568321129e-06,22830,30,200,n,intermedia_global,(mu+lambda),1.0
EE,ackley,1,114,3.0220911715339582e-06,23030,30,200,n,intermedia_global,(mu+lambda),1.0
EE,ackley,1,115,2.1246619046344506e-06,23230,30,200,n,intermedia_global,(mu+lambda),1.0
EE,ackley,1,116,2.1246619046344506e-06,23430,30,200,n,intermedia_global,(mu+lambda),1.0
EE,ackley,1,117,1.569712502647036e-06,23630,30,200,n,intermedia_global,(mu+lambda),1.0
EE,ackley,1,118,1.569712502647036e-06,23830,30,200,n,intermedia_global,(mu+lambda),1.0
EE,ackley,1,119,1.3710320279081145e-06,24030,30,200,n,intermedia_global,(mu+lambda),1.0
EE,ackley,1,120,1.3710320279081145e-06,24230,30,200,n,intermedia_global,(mu+lambda),1.0
EE,ackley,1,121,8.094196677355114e-07,24430,30,200,n,intermedia_global,(mu+lambda),1.0
EE,ackley,1,122,8.094196677355114e-07,24630,30,200,n,intermedia_global,(mu+lambda),1.0
EE,ackley,1,123,8.094196677355114e-07,24830,30,200,n,intermedia_global,(mu+lambda),1.0
EE,ackley,1,124,7.14117259992264e-07,25030,30,200,n,intermedia_global,(mu+lambda),1.0
EE,ackley,1,125,5.739202397769816e-07,25230,30,200,n,intermedia_global,(mu+lambda),1.0
EE,ackley,1,126,5.739202397769816e-07,25430,30,200,n,intermedia_global,(mu+lambda),1.0
EE,ackley,1,127,5.739202397769816e-07,25630,30,200,n,intermedia_global,(mu+lambda),1.0
EE,ackley,1,128,5.577901700526411e-07,25830,30,200,n,intermedia_global,(mu+lambda),1.0
EE,ackley,1,129,3.683136715615376e-07,26030,30,200,n,intermedia_global,(mu+lambda),1.0
EE,ackley,1,130,3.2323533050160336e-07,26230,30,200,n,intermedia_global,(mu+lambda),1.0
EE,ackley,1,131,3.2323533050160336e-07,26430,30,200,n,intermedia_global,(mu+lambda),1.0
EE,ackley,1,132,2.9792591549338e-07,26630,30,200,n,intermedia_global,(mu+lambda),1.0
EE,ackley,1,133,2.934476630578331e-07,26830,30,200,n,intermedia_global,(mu+lambda),1.0
EE,ackley,1,134,2.3508588187226565e-07,27030,30,200,n,intermedia_global,(mu+lambda),1.0
EE,ackley,1,135,2.3508588187226565e-07,27230,30,200,n,intermedia_global,(mu+lambda),1.0
EE,ackley,1,136,1.9262242334505686e-07,27430,30,200,n,intermedia_global,(mu+lambda),1.0
EE,ackley,1,137,1.698954368301031e-07,27630,30,200,n,intermedia_global,(mu+lambda),1.0
EE,ackley,1,138,1.4928424052484957e-07,27830,30,200,n,intermedia_global,(mu+lambda),1.0
EE,ackley,1,139,1.0620092227853206e-07,28030,30,200,n,intermedia_global,(mu+lambda),1.0
EE,ackley,1,140,9.899319097783632e-08,28230,30,200,n,intermedia_global,(mu+lambda),1.0
EE,ackley,1,141,6.966737275959645e-08,28430,30,200,n,intermedia_global,(mu+lambda),1.0
EE,ackley,1,142,6.411895414615287e-08,28630,30,200,n,intermedia_global,(mu+lambda),1.0
EE,ackley,1,143,4.6464571301640945e-08,28830,30,200,n,intermedia_global,(mu+lambda),1.0
EE,ackley,1,144,3.230395551057086e-08,29030,30,200,n,intermedia_global,(mu+lambda),1.0
EE,ackley,1,145,3.230395551057086e-08,29230,30,200,n,intermedia_global,(mu+lambda),1.0
EE,ackley,1,146,3.230395551057086e-08,29430,30,200,n,intermedia_global,(mu+lambda),1.0
EE,ackley,1,147,3.230395551057086e-08,29630,30,200,n,intermedia_global,(mu+lambda),1.0
EE,ackley,1,148,2.6389227247847202e-08,29830,30,200,n,intermedia_global,(mu+lambda),1.0
EE,ackley,1,149,2.2020789192112034e-08,30030,30,200,n,intermedia_global,(mu+lambda),1.0
EE,ackley,1,150,1.888280154460631e-08,30230,30,200,n,intermedia_global,(mu+lambda),1.0
EE,ackley,1,151,1.5811302933599336e-08,30430,30,200,n,intermedia_global,(mu+lambda),1.0
EE,ackley,1,152,1.2822142014812243e-08,30630,30,200,n,intermedia_global,(mu+lambda),1.0
EE,ackley,1,153,1.2822142014812243e-08,30830,30,200,n,intermedia_global,(mu+lambda),1.0
EE,ackley,1,154,9.262898448270107e-09,31030,30,200,n,intermedia_global,(mu+lambda),1.0
EE,ackley,1,155,8.395315109765988e-09,31230,30,200,n,intermedia_global,(mu+lambda),1.0
EE,ackley,1,156,8.395315109765988e-09,31430,30,200,n,intermedia_global,(mu+lambda),1.0
EE,ackley,1,157,8.395315109765988e-09,31630,30,200,n,intermedia_global,(mu+lambda),1.0
EE,ackley,1,158,8.395315109765988e-09,31830,30,200,n,intermedia_global,(mu+lambda),1.0
EE,ackley,1,159,6.545243014244306e-09,32030,30,200,n,intermedia_global,(mu+lambda),1.0
EE,ackley,1,160,5.313304018983445e-09,32230,30,200,n,intermedia_global,(mu+lambda),1.0
EE,ackley,1,161,5.273478098644091e-09,32430,30,200,n,intermedia_global,(mu+lambda),1.0
EE,ackley,1,162,4.4905523743921094e-09,32630,30,200,n,intermedia_global,(mu+lambda),1.0
EE,ackley,1,163,3.906454271174198e-09,32830,30,200,n,intermedia_global,(mu+lambda),1.0
EE,ackley,1,164,2.5041768658695673e-09,33030,30,200,n,intermedia_global,(mu+lambda),1.0
EE,ackley,1,165,2.5041768658695673e-09,33230,30,200,n,intermedia_global,(mu+lambda),1.0
EE,ackley,1,166,2.5041768658695673e-09,33430,30,200,n,intermedia_global,(mu+lambda),1.0
EE,ackley,1,167,2.4459088088235603e-09,33630,30,200,n,intermedia_global,(mu+lambda),1.0
EE,ackley,1,168,1.8695271997160035e-09,33830,30,200,n,intermedia_global,(mu+lambda),1.0
EE,ackley,1,169,1.7793451156933315e-09,34030,30,200,n,intermedia_global,(mu+lambda),1.0
EE,ackley,1,170,1.7793451156933315e-09,34230,30,200,n,intermedia_global,(mu+lambda),1.0
EE,ackley,1,171,1.7793451156933315e-09,34430,30,200,n,intermedia_global,(mu+lambda),1.0
EE,ackley,1,172,1.2869318943842245e-09,34630,30,200,n,intermedia_global,(mu+lambda),1.0
EE,ackley,1,173,1.2869318943842245e-09,34830,30,200,n,intermedia_global,(mu+lambda),1.0
EE,ackley,1,174,8.461680245375192e-10,35030,30,200,n,intermedia_global,(mu+lambda),1.0
EE,ackley,1,175,8.461680245375192e-10,35230,30,200,n,intermedia_global,(mu+lambda),1.0
EE,ackley,1,176,8.461680245375192e-10,35430,30,200,n,intermedia_global,(mu+lambda),1.0
EE,ackley,1,177,8.461680245375192e-10,35630,30,200,n,intermedia_global,(mu+lambda),1.0
EE,ackley,1,178,6.765401572295104e-10,35830,30,200,n,intermedia_global,(mu+lambda),1.0
EE,ackley,1,179,6.146803066542361e-10,36030,30,200,n,intermedia_global,(mu+lambda),1.0
EE,ackley,1,180,5.930584912050563e-10,36230,30,200,n,intermedia_global,(mu+lambda),1.0
EE,ackley,1,181,4.3813175309992403e-10,36430,30,200,n,intermedia_global,(mu+lambda),1.0
EE,ackley,1,182,2.7159829940615055e-10,36630,30,200,n,intermedia_global,(mu+lambda),1.0
EE,ackley,1,183,2.7159829940615055e-10,36830,30,200,n,intermedia_global,(mu+lambda),1.0
EE,ackley,1,184,2.7159829940615055e-10,37030,30,200,n,intermedia_global,(mu+lambda),1.0
EE,ackley,1,185,2.7159829940615055e-10,37230,30,200,n,intermedia_global,(mu+lambda),1.0
EE,ackley,1,186,1.9309753795937468e-10,37430,30,200,n,intermedia_global,(mu+lambda),1.0
EE,ackley,1,187,1.9309753795937468e-10,37630,30,200,n,intermedia_global,(mu+lambda),1.0
EE,ackley,1,188,1.9309753795937468e-10,37830,30,200,n,intermedia_global,(mu+lambda),1.0
EE,ackley,1,189,1.9309753795937468e-10,38030,30,200,n,intermedia_global,(mu+lambda),1.0
EE,ackley,1,190,1.549058659122693e-10,38230,30,200,n,intermedia_global,(mu+lambda),1.0
EE,ackley,1,191,1.549058659122693e-10,38430,30,200,n,intermedia_global,(mu+lambda),1.0
EE,ackley,1,192,1.3309930935179182e-10,38630,30,200,n,intermedia_global,(mu+lambda),1.0
EE,ackley,1,193,1.3309930935179182e-10,38830,30,200,n,intermedia_global,(mu+lambda),1.0
EE,ackley,1,194,1.28768551377334e-10,39030,30,200,n,intermedia_global,(mu+lambda),1.0
EE,ackley,1,195,1.1071010774799106e-10,39230,30,200,n,intermedia_global,(mu+lambda),1.0
EE,ackley,1,196,7.471756546806319e-11,39430,30,200,n,intermedia_global,(mu+lambda),1.0
EE,ackley,1,197,6.998535084790092e-11,39630,30,200,n,intermedia_global,(mu+lambda),1.0
EE,ackley,1,198,6.998535084790092e-11,39830,30,200,n,intermedia_global,(mu+lambda),1.0
EE,ackley,1,199,6.544498276639388e-11,40030,30,200,n,intermedia_global,(mu+lambda),1.0
EE,ackley,1,200,4.494937755339379e-11,40230,30,200,n,intermedia_global,(mu+lambda),1.0
EE,ackley,1,201,4.494937755339379e-11,40430,30,200,n,intermedia_global,(mu+lambda),1.0
EE,ackley,1,202,3.01523250811897e-11,40630,30,200,n,intermedia_global,(mu+lambda),1.0
EE,ackley,1,203,3.01523250811897e-11,40830,30,200,n,intermedia_global,(mu+lambda),1.0
EE,ackley,1,204,2.752686967255613e-11,41030,30,200,n,intermedia_global,(mu+lambda),1.0
EE,ackley,1,205,2.752686967255613e-11,41230,30,200,n,intermedia_global,(mu+lambda),1.0
EE,ackley,1,206,2.347677607872356e-11,41430,30,200,n,intermedia_global,(mu+lambda),1.0
EE,ackley,1,207,2.347677607872356e-11,41630,30,200,n,intermedia_global,(mu+lambda),1.0
EE,ackley,1,208,2.347677607872356e-11,41830,30,200,n,intermedia_global,(mu+lambda),1.0
EE,ackley,1,209,1.915667624530215e-11,42030,30,200,n,intermedia_global,(mu+lambda),1.0
EE,ackley,1,210,1.915667624530215e-11,42230,30,200,n,intermedia_global,(mu+lambda),1.0
EE,ackley,1,211,1.575317654101127e-11,42430,30,200,n,intermedia_global,(mu+lambda),1.0
EE,ackley,1,212,1.2040590746664748e-11,42630,30,200,n,intermedia_global,(mu+lambda),1.0
EE,ackley,1,213,9.944489676172452e-12,42830,30,200,n,intermedia_global,(mu+lambda),1.0
EE,ackley,1,214,8.65485461076787e-12,43030,30,200,n,intermedia_global,(mu+lambda),1.0
EE,ackley,1,215,7.86970488775296e-12,43230,30,200,n,intermedia_global,(mu+lambda),1.0
EE,ackley,1,216,7.86970488775296e-12,43430,30,200,n,intermedia_global,(mu+lambda),1.0
EE,ackley,1,217,4.793054841911726e-12,43630,30,200,n,intermedia_global,(mu+lambda),1.0
EE,ackley,1,218,4.793054841911726e-12,43830,30,200,n,intermedia_global,(mu+lambda),1.0
EE,ackley,1,219,3.0380142845842784e-12,44030,30,200,n,intermedia_global,(mu+lambda),1.0
EE,ackley,1,220,3.0380142845842784e-12,44230,30,200,n,intermedia_global,(mu+lambda),1.0
EE,ackley,1,221,3.0380142845842784e-12,44430,30,200,n,intermedia_global,(mu+lambda),1.0
EE,ackley,1,222,3.0380142845842784e-12,44630,30,200,n,intermedia_global,(mu+lambda),1.0
EE,ackley,1,223,3.0380142845842784e-12,44830,30,200,n,intermedia_global,(mu+lambda),1.0
EE,ackley,1,224,2.7147173398134328e-12,45030,30,200,n,intermedia_global,(mu+lambda),1.0
EE,ackley,1,225,2.7147173398134328e-12,45230,30,200,n,intermedia_global,(mu+lambda),1.0
EE,ackley,1,226,2.5512925105886097e-12,45430,30,200,n,intermedia_global,(mu+lambda),1.0
EE,ackley,1,227,2.5512925105886097e-12,45630,30,200,n,intermedia_global,(mu+lambda),1.0
EE,ackley,1,228,2.4482638139033952e-12,45830,30,200,n,intermedia_global,(mu+lambda),1.0
EE,ackley,1,229,1.7554846465372975e-12,46030,30,200,n,intermedia_global,(mu+lambda),1.0
EE,ackley,1,230,1.7554846465372975e-12,46230,30,200,n,intermedia_global,(mu+lambda),1.0
EE,ackley,1,231,1.7554846465372975e-12,46430,30,200,n,intermedia_global,(mu+lambda),1.0
EE,ackley,1,232,1.7554846465372975e-12,46630,30,200,n,intermedia_global,(mu+lambda),1.0
EE,ackley,1,233,1.7554846465372975e-12,46830,30,200,n,intermedia_global,(mu+lambda),1.0
EE,ackley,1,234,1.7554846465372975e-12,47030,30,200,n,intermedia_global,(mu+lambda),1.0
EE,ackley,1,235,1.7554846465372975e-12,47230,30,200,n,intermedia_global,(mu+lambda),1.0
EE,ackley,1,236,1.7554846465372975e-12,47430,30,200,n,intermedia_global,(mu+lambda),1.0
EE,ackley,1,237,1.7554846465372975e-12,47630,30,200,n,intermedia_global,(mu+lambda),1.0
EE,ackley,1,238,1.7554846465372975e-12,47830,30,200,n,intermedia_global,(mu+lambda),1.0
EE,ackley,1,239,1.7554846465372975e-12,48030,30,200,n,intermedia_global,(mu+lambda),1.0
EE,ackley,1,240,1.7554846465372975e-12,48230,30,200,n,intermedia_global,(mu+lambda),1.0
EE,ackley,1,241,1.7554846465372975e-12,48430,30,200,n,intermedia_global,(mu+lambda),1.0
EE,ackley,1,242,1.7554846465372975e-12,48630,30,200,n,intermedia_global,(mu+lambda),1.0
EE,ackley,1,243,1.7554846465372975e-12,48830,30,200,n,intermedia_global,(mu+lambda),1.0
EE,ackley,1,244,1.7554846465372975e-12,49030,30,200,n,intermedia_global,(mu+lambda),1.0
EE,ackley,1,245,1.7554846465372975e-12,49230,30,200,n,intermedia_global,(mu+lambda),1.0
EE,ackley,1,246,1.7554846465372975e-12,49430,30,200,n,intermedia_global,(mu+lambda),1.0
EE,ackley,1,247,1.7554846465372975e-12,49630,30,200,n,intermedia_global,(mu+lambda),1.0
EE,ackley,1,248,1.7554846465372975e-12,49830,30,200,n,intermedia_global,(mu+lambda),1.0
EE,ackley,1,249,1.7554846465372975e-12,50030,30,200,n,intermedia_global,(mu+lambda),1.0
EE,ackley,1,250,1.7554846465372975e-12,50230,30,200,n,intermedia_global,(mu+lambda),1.0
EE,ackley,1,251,1.581401676276073e-12,50430,30,200,n,intermedia_global,(mu+lambda),1.0
EE,ackley,1,252,1.581401676276073e-12,50630,30,200,n,intermedia_global,(mu+lambda),1.0
EE,ackley,1,253,1.4073187060148484e-12,50830,30,200,n,intermedia_global,(mu+lambda),1.0
EE,ackley,1,254,1.4073187060148484e-12,51030,30,200,n,intermedia_global,(mu+lambda),1.0
EE,ackley,1,255,1.4073187060148484e-12,51230,30,200,n,intermedia_global,(mu+lambda),1.0
EE,ackley,1,256,1.4073187060148484e-12,51430,30,200,n,intermedia_global,(mu+lambda),1.0
EE,ackley,1,257,1.4073187060148484e-12,51630,30,200,n,intermedia_global,(mu+lambda),1.0
EE,ackley,1,258,1.4073187060148484e-12,51830,30,200,n,intermedia_global,(mu+lambda),1.0
EE,ackley,1,259,1.4073187060148484e-12,52030,30,200,n,intermedia_global,(mu+lambda),1.0
EE,ackley,1,260,1.4073187060148484e-12,52230,30,200,n,intermedia_global,(mu+lambda),1.0
EE,ackley,1,261,1.4073187060148484e-12,52430,30,200,n,intermedia_global,(mu+lambda),1.0
EE,ackley,1,262,1.4073187060148484e-12,52630,30,200,n,intermedia_global,(mu+lambda),1.0
EE,ackley,1,263,1.4073187060148484e-12,52830,30,200,n,intermedia_global,(mu+lambda),1.0
EE,ackley,1,264,1.4073187060148484e-12,53030,30,200,n,intermedia_global,(mu+lambda),1.0
EE,ackley,1,265,1.4073187060148484e-12,53230,30,200,n,intermedia_global,(mu+lambda),1.0
EE,ackley,1,266,1.4073187060148484e-12,53430,30,200,n,intermedia_global,(mu+lambda),1.0
EE,ackley,1,267,1.4073187060148484e-12,53630,30,200,n,intermedia_global,(mu+lambda),1.0
EE,ackley,1,268,1.4073187060148484e-12,53830,30,200,n,intermedia_global,(mu+lambda),1.0
EE,ackley,1,269,1.4073187060148484e-12,54030,30,200,n,intermedia_global,(mu+lambda),1.0
EE,ackley,1,270,1.4073187060148484e-12,54230,30,200,n,intermedia_global,(mu+lambda),1.0
EE,ackley,1,271,1.4073187060148484e-12,54430,30,200,n,intermedia_global,(mu+lambda),1.0
EE,ackley,1,272,1.4073187060148484e-12,54630,30,200,n,intermedia_global,(mu+lambda),1.0
EE,ackley,1,273,1.4073187060148484e-12,54830,30,200,n,intermedia_global,(mu+lambda),1.0
EE,ackley,1,274,1.4073187060148484e-12,55030,30,200,n,intermedia_global,(mu+lambda),1.0
EE,ackley,1,275,1.4073187060148484e-12,55230,30,200,n,intermedia_global,(mu+lambda),1.0
EE,ackley,1,276,1.4073187060148484e-12,55430,30,200,n,intermedia_global,(mu+lambda),1.0
EE,ackley,1,277,1.4073187060148484e-12,55630,30,200,n,intermedia_global,(mu+lambda),1.0
EE,ackley,1,278,1.4073187060148484e-12,55830,30,200,n,intermedia_global,(mu+lambda),1.0
EE,ackley,1,279,1.4073187060148484e-12,56030,30,200,n,intermedia_global,(mu+lambda),1.0
EE,ackley,1,280,1.4073187060148484e-12,56230,30,200,n,intermedia_global,(mu+lambda),1.0
EE,ackley,1,281,1.4073187060148484e-12,56430,30,200,n,intermedia_global,(mu+lambda),1.0
EE,ackley,1,282,1.4073187060148484e-12,56630,30,200,n,intermedia_global,(mu+lambda),1.0
EE,ackley,1,283,1.4073187060148484e-12,56830,30,200,n,intermedia_global,(mu+lambda),1.0
EE,ackley,1,284,1.4073187060148484e-12,57030,30,200,n,intermedia_global,(mu+lambda),1.0
EE,ackley,1,285,1.4073187060148484e-12,57230,30,200,n,intermedia_global,(mu+lambda),1.0
EE,ackley,1,286,1.4073187060148484e-12,57430,30,200,n,intermedia_global,(mu+lambda),1.0
EE,ackley,1,287,1.4073187060148484e-12,57630,30,200,n,intermedia_global,(mu+lambda),1.0
EE,ackley,1,288,1.4073187060148484e-12,57830,30,200,n,intermedia_global,(mu+lambda),1.0
EE,ackley,1,289,1.4073187060148484e-12,58030,30,200,n,intermedia_global,(mu+lambda),1.0
EE,ackley,1,290,1.4073187060148484e-12,58230,30,200,n,intermedia_global,(mu+lambda),1.0
EE,ackley,1,291,1.4073187060148484e-12,58430,30,200,n,intermedia_global,(mu+lambda),1.0
EE,ackley,1,292,1.4073187060148484e-12,58630,30,200,n,intermedia_global,(mu+lambda),1.0
EE,ackley,1,293,1.4073187060148484e-12,58830,30,200,n,intermedia_global,(mu+lambda),1.0
EE,ackley,1,294,1.4073187060148484e-12,59030,30,200,n,intermedia_global,(mu+lambda),1.0
EE,ackley,1,295,1.4073187060148484e-12,59230,30,200,n,intermedia_global,(mu+lambda),1.0
EE,ackley,1,296,1.4073187060148484e-12,59430,30,200,n,intermedia_global,(mu+lambda),1.0
EE,ackley,1,297,1.4073187060148484e-12,59630,30,200,n,intermedia_global,(mu+lambda),1.0
EE,ackley,1,298,1.4073187060148484e-12,59830,30,200,n,intermedia_global,(mu+lambda),1.0
EE,ackley,1,299,1.4073187060148484e-12,60030,30,200,n,intermedia_global,(mu+lambda),1.0
EE,ackley,1,300,1.4073187060148484e-12,60230,30,200,n,intermedia_global,(mu+lambda),1.0
EE,ackley,1,301,1.4073187060148484e-12,60430,30,200,n,intermedia_global,(mu+lambda),1.0
EE,ackley,1,302,1.4073187060148484e-12,60630,30,200,n,intermedia_global,(mu+lambda),1.0
EE,ackley,1,303,1.4073187060148484e-12,60830,30,200,n,intermedia_global,(mu+lambda),1.0
EE,ackley,1,304,1.4073187060148484e-12,61030,30,200,n,intermedia_global,(mu+lambda),1.0
EE,ackley,1,305,1.4073187060148484e-12,61230,30,200,n,intermedia_global,(mu+lambda),1.0
EE,ackley,1,306,1.4073187060148484e-12,61430,30,200,n,intermedia_global,(mu+lambda),1.0
EE,ackley,1,307,1.4073187060148484e-12,61630,30,200,n,intermedia_global,(mu+lambda),1.0
EE,ackley,1,308,1.4073187060148484e-12,61830,30,200,n,intermedia_global,(mu+lambda),1.0
EE,ackley,1,309,1.4073187060148484e-12,62030,30,200,n,intermedia_global,(mu+lambda),1.0
EE,ackley,1,310,1.4073187060148484e-12,62230,30,200,n,intermedia_global,(mu+lambda),1.0
EE,ackley,1,311,1.4073187060148484e-12,62430,30,200,n,intermedia_global,(mu+lambda),1.0
EE,ackley,1,312,1.4073187060148484e-12,62630,30,200,n,intermedia_global,(mu+lambda),1.0
EE,ackley,1,313,1.4073187060148484e-12,62830,30,200,n,intermedia_global,(mu+lambda),1.0
EE,ackley,1,314,1.4073187060148484e-12,63030,30,200,n,intermedia_global,(mu+lambda),1.0
EE,ackley,1,315,1.4073187060148484e-12,63230,30,200,n,intermedia_global,(mu+lambda),1.0
EE,ackley,1,316,1.4073187060148484e-12,63430,30,200,n,intermedia_global,(mu+lambda),1.0
EE,ackley,1,317,1.4073187060148484e-12,63630,30,200,n,intermedia_global,(mu+lambda),1.0
EE,ackley,1,318,1.4073187060148484e-12,63830,30,200,n,intermedia_global,(mu+lambda),1.0
EE,ackley,1,319,1.2367884494324244e-12,64030,30,200,n,intermedia_global,(mu+lambda),1.0
EE,ackley,1,320,1.2367884494324244e-12,64230,30,200,n,intermedia_global,(mu+lambda),1.0
EE,ackley,1,321,1.2367884494324244e-12,64430,30,200,n,intermedia_global,(mu+lambda),1.0
EE,ackley,1,322,1.2367884494324244e-12,64630,30,200,n,intermedia_global,(mu+lambda),1.0
EE,ackley,1,323,1.2367884494324244e-12,64830,30,200,n,intermedia_global,(mu+lambda),1.0
EE,ackley,1,324,1.2367884494324244e-12,65030,30,200,n,intermedia_global,(mu+lambda),1.0
EE,ackley,1,325,1.2367884494324244e-12,65230,30,200,n,intermedia_global,(mu+lambda),1.0
EE,ackley,1,326,1.2367884494324244e-12,65430,30,200,n,intermedia_global,(mu+lambda),1.0
EE,ackley,1,327,1.2367884494324244e-12,65630,30,200,n,intermedia_global,(mu+lambda),1.0
EE,ackley,1,328,1.2367884494324244e-12,65830,30,200,n,intermedia_global,(mu+lambda),1.0
EE,ackley,1,329,1.2367884494324244e-12,66030,30,200,n,intermedia_global,(mu+lambda),1.0
EE,ackley,1,330,1.2367884494324244e-12,66230,30,200,n,intermedia_global,(mu+lambda),1.0
EE,ackley,1,331,1.2367884494324244e-12,66430,30,200,n,intermedia_global,(mu+lambda),1.0
EE,ackley,1,332,1.2367884494324244e-12,66630,30,200,n,intermedia_global,(mu+lambda),1.0
EE,ackley,1,333,1.2367884494324244e-12,66830,30,200,n,intermedia_global,(mu+lambda),1.0
EE,ackley,1,334,1.2367884494324244e-12,67030,30,200,n,intermedia_global,(mu+lambda),1.0
EE,ackley,1,335,1.2367884494324244e-12,67230,30,200,n,intermedia_global,(mu+lambda),1.0
EE,ackley,1,336,1.2367884494324244e-12,67430,30,200,n,intermedia_global,(mu+lambda),1.0
EE,ackley,1,337,1.2367884494324244e-12,67630,30,200,n,intermedia_global,(mu+lambda),1.0
EE,ackley,1,338,1.2367884494324244e-12,67830,30,200,n,intermedia_global,(mu+lambda),1.0
EE,ackley,1,339,1.2367884494324244e-12,68030,30,200,n,intermedia_global,(mu+lambda),1.0
EE,ackley,1,340,1.2367884494324244e-12,68230,30,200,n,intermedia_global,(mu+lambda),1.0
EE,ackley,1,341,1.2367884494324244e-12,68430,30,200,n,intermedia_global,(mu+lambda),1.0
EE,ackley,1,342,1.2367884494324244e-12,68630,30,200,n,intermedia_global,(mu+lambda),1.0
EE,ackley,1,343,1.2367884494324244e-12,68830,30,200,n,intermedia_global,(mu+lambda),1.0
EE,ackley,1,344,1.2367884494324244e-12,69030,30,200,n,intermedia_global,(mu+lambda),1.0
EE,ackley,1,345,1.2367884494324244e-12,69230,30,200,n,intermedia_global,(mu+lambda),1.0
EE,ackley,1,346,1.2367884494324244e-12,69430,30,200,n,intermedia_global,(mu+lambda),1.0
EE,ackley,1,347,1.2048140263232199e-12,69630,30,200,n,intermedia_global,(mu+lambda),1.0
EE,ackley,1,348,1.2048140263232199e-12,69830,30,200,n,intermedia_global,(mu+lambda),1.0
EE,ackley,1,349,1.2048140263232199e-12,70030,30,200,n,intermedia_global,(mu+lambda),1.0
EE,ackley,1,350,1.2048140263232199e-12,70230,30,200,n,intermedia_global,(mu+lambda),1.0
EE,ackley,1,351,1.2048140263232199e-12,70430,30,200,n,intermedia_global,(mu+lambda),1.0
EE,ackley,1,352,1.2048140263232199e-12,70630,30,200,n,intermedia_global,(mu+lambda),1.0
EE,ackley,1,353,1.2048140263232199e-12,70830,30,200,n,intermedia_global,(mu+lambda),1.0
EE,ackley,1,354,1.2048140263232199e-12,71030,30,200,n,intermedia_global,(mu+lambda),1.0
EE,ackley,1,355,1.2048140263232199e-12,71230,30,200,n,intermedia_global,(mu+lambda),1.0
EE,ackley,1,356,1.2048140263232199e-12,71430,30,200,n,intermedia_global,(mu+lambda),1.0
EE,ackley,1,357,1.2048140263232199e-12,71630,30,200,n,intermedia_global,(mu+lambda),1.0
EE,ackley,1,358,1.2048140263232199e-12,71830,30,200,n,intermedia_global,(mu+lambda),1.0
EE,ackley,1,359,1.2048140263232199e-12,72030,30,200,n,intermedia_global,(mu+lambda),1.0
EE,ackley,1,360,1.2048140263232199e-12,72230,30,200,n,intermedia_global,(mu+lambda),1.0
EE,ackley,1,361,1.2048140263232199e-12,72430,30,200,n,intermedia_global,(mu+lambda),1.0
EE,ackley,1,362,1.2048140263232199e-12,72630,30,200,n,intermedia_global,(mu+lambda),1.0
EE,ackley,1,363,1.2048140263232199e-12,72830,30,200,n,intermedia_global,(mu+lambda),1.0
EE,ackley,1,364,1.2048140263232199e-12,73030,30,200,n,intermedia_global,(mu+lambda),1.0
EE,ackley,1,365,1.2048140263232199e-12,73230,30,200,n,intermedia_global,(mu+lambda),1.0
EE,ackley,1,366,1.2048140263232199e-12,73430,30,200,n,intermedia_global,(mu+lambda),1.0
EE,ackley,1,367,1.2048140263232199e-12,73630,30,200,n,intermedia_global,(mu+lambda),1.0
EE,ackley,1,368,1.2048140263232199e-12,73830,30,200,n,intermedia_global,(mu+lambda),1.0
EE,ackley,1,369,1.2048140263232199e-12,74030,30,200,n,intermedia_global,(mu+lambda),1.0
EE,ackley,1,370,1.2048140263232199e-12,74230,30,200,n,intermedia_global,(mu+lambda),1.0
EE,ackley,1,371,1.2048140263232199e-12,74430,30,200,n,intermedia_global,(mu+lambda),1.0
EE,ackley,1,372,1.2048140263232199e-12,74630,30,200,n,intermedia_global,(mu+lambda),1.0
EE,ackley,1,373,1.2048140263232199e-12,74830,30,200,n,intermedia_global,(mu+lambda),1.0
EE,ackley,1,374,1.2048140263232199e-12,75030,30,200,n,intermedia_global,(mu+lambda),1.0
EE,ackley,1,375,1.2048140263232199e-12,75230,30,200,n,intermedia_global,(mu+lambda),1.0
EE,ackley,1,376,1.2048140263232199e-12,75430,30,200,n,intermedia_global,(mu+lambda),1.0
EE,ackley,1,377,1.2048140263232199e-12,75630,30,200,n,intermedia_global,(mu+lambda),1.0
EE,ackley,1,378,1.2048140263232199e-12,75830,30,200,n,intermedia_global,(mu+lambda),1.0
EE,ackley,1,379,1.2048140263232199e-12,76030,30,200,n,intermedia_global,(mu+lambda),1.0
EE,ackley,1,380,1.2048140263232199e-12,76230,30,200,n,intermedia_global,(mu+lambda),1.0
EE,ackley,1,381,1.2048140263232199e-12,76430,30,200,n,intermedia_global,(mu+lambda),1.0
EE,ackley,1,382,1.2048140263232199e-12,76630,30,200,n,intermedia_global,(mu+lambda),1.0
EE,ackley,1,383,1.2048140263232199e-12,76830,30,200,n,intermedia_global,(mu+lambda),1.0
EE,ackley,1,384,1.2048140263232199e-12,77030,30,200,n,intermedia_global,(mu+lambda),1.0
EE,ackley,1,385,1.2048140263232199e-12,77230,30,200,n,intermedia_global,(mu+lambda),1.0
EE,ackley,1,386,1.2048140263232199e-12,77430,30,200,n,intermedia_global,(mu+lambda),1.0
EE,ackley,1,387,1.2048140263232199e-12,77630,30,200,n,intermedia_global,(mu+lambda),1.0
EE,ackley,1,388,1.2048140263232199e-12,77830,30,200,n,intermedia_global,(mu+lambda),1.0
EE,ackley,1,389,1.2048140263232199e-12,78030,30,200,n,intermedia_global,(mu+lambda),1.0
EE,ackley,1,390,1.2048140263232199e-12,78230,30,200,n,intermedia_global,(mu+lambda),1.0
EE,ackley,1,391,1.2048140263232199e-12,78430,30,200,n,intermedia_global,(mu+lambda),1.0
EE,ackley,1,392,1.2048140263232199e-12,78630,30,200,n,intermedia_global,(mu+lambda),1.0
EE,ackley,1,393,1.2048140263232199e-12,78830,30,200,n,intermedia_global,(mu+lambda),1.0
EE,ackley,1,394,1.2048140263232199e-12,79030,30,200,n,intermedia_global,(mu+lambda),1.0
EE,ackley,1,395,1.2048140263232199e-12,79230,30,200,n,intermedia_global,(mu+lambda),1.0
EE,ackley,1,396,1.2048140263232199e-12,79430,30,200,n,intermedia_global,(mu+lambda),1.0
EE,ackley,1,397,1.2048140263232199e-12,79630,30,200,n,intermedia_global,(mu+lambda),1.0
EE,ackley,1,398,1.2048140263232199e-12,79830,30,200,n,intermedia_global,(mu+lambda),1.0
EE,ackley,1,399,1.2048140263232199e-12,80030,30,200,n,intermedia_global,(mu+lambda),1.0
EE,ackley,1,400,1.2048140263232199e-12,80230,30,200,n,intermedia_global,(mu+lambda),1.0
EE,ackley,1,401,1.2048140263232199e-12,80430,30,200,n,intermedia_global,(mu+lambda),1.0
EE,ackley,1,402,1.2048140263232199e-12,80630,30,200,n,intermedia_global,(mu+lambda),1.0
EE,ackley,1,403,1.2048140263232199e-12,80830,30,200,n,intermedia_global,(mu+lambda),1.0
EE,ackley,1,404,1.2048140263232199e-12,81030,30,200,n,intermedia_global,(mu+lambda),1.0
EE,ackley,1,405,1.2048140263232199e-12,81230,30,200,n,intermedia_global,(mu+lambda),1.0
EE,ackley,1,406,1.2048140263232199e-12,81430,30,200,n,intermedia_global,(mu+lambda),1.0
EE,ackley,1,407,1.2048140263232199e-12,81630,30,200,n,intermedia_global,(mu+lambda),1.0
EE,ackley,1,408,1.2048140263232199e-12,81830,30,200,n,intermedia_global,(mu+lambda),1.0
EE,ackley,1,409,1.2048140263232199e-12,82030,30,200,n,intermedia_global,(mu+lambda),1.0
EE,ackley,1,410,1.2048140263232199e-12,82230,30,200,n,intermedia_global,(mu+lambda),1.0
EE,ackley,1,411,1.2048140263232199e-12,82430,30,200,n,intermedia_global,(mu+lambda),1.0
EE,ackley,1,412,1.2048140263232199e-12,82630,30,200,n,intermedia_global,(mu+lambda),1.0
EE,ackley,1,413,1.2048140263232199e-12,82830,30,200,n,intermedia_global,(mu+lambda),1.0
EE,ackley,1,414,1.2048140263232199e-12,83030,30,200,n,intermedia_global,(mu+lambda),1.0
EE,ackley,1,415,1.2048140263232199e-12,83230,30,200,n,intermedia_global,(mu+lambda),1.0
EE,ackley,1,416,1.2048140263232199e-12,83430,30,200,n,intermedia_global,(mu+lambda),1.0
EE,ackley,1,417,1.2048140263232199e-12,83630,30,200,n,intermedia_global,(mu+lambda),1.0
EE,ackley,1,418,1.2048140263232199e-12,83830,30,200,n,intermedia_global,(mu+lambda),1.0
EE,ackley,1,419,1.2048140263232199e-12,84030,30,200,n,intermedia_global,(mu+lambda),1.0
EE,ackley,1,420,1.2048140263232199e-12,84230,30,200,n,intermedia_global,(mu+lambda),1.0
EE,ackley,1,421,1.2048140263232199e-12,84430,30,200,n,intermedia_global,(mu+lambda),1.0
EE,ackley,1,422,1.2048140263232199e-12,84630,30,200,n,intermedia_global,(mu+lambda),1.0
EE,ackley,1,423,1.2048140263232199e-12,84830,30,200,n,intermedia_global,(mu+lambda),1.0
EE,ackley,1,424,1.2048140263232199e-12,85030,30,200,n,intermedia_global,(mu+lambda),1.0
EE,ackley,1,425,1.2048140263232199e-12,85230,30,200,n,intermedia_global,(mu+lambda),1.0
EE,ackley,1,426,1.2048140263232199e-12,85430,30,200,n,intermedia_global,(mu+lambda),1.0
EE,ackley,1,427,1.2048140263232199e-12,85630,30,200,n,intermedia_global,(mu+lambda),1.0
EE,ackley,1,428,1.2048140263232199e-12,85830,30,200,n,intermedia_global,(mu+lambda),1.0
EE,ackley,1,429,1.2048140263232199e-12,86030,30,200,n,intermedia_global,(mu+lambda),1.0
EE,ackley,1,430,1.2048140263232199e-12,86230,30,200,n,intermedia_global,(mu+lambda),1.0
EE,ackley,1,431,1.2048140263232199e-12,86430,30,200,n,intermedia_global,(mu+lambda),1.0
EE,ackley,1,432,1.2048140263232199e-12,86630,30,200,n,intermedia_global,(mu+lambda),1.0
EE,ackley,1,433,1.2048140263232199e-12,86830,30,200,n,intermedia_global,(mu+lambda),1.0
EE,ackley,1,434,1.2048140263232199e-12,87030,30,200,n,intermedia_global,(mu+lambda),1.0
EE,ackley,1,435,1.2048140263232199e-12,87230,30,200,n,intermedia_global,(mu+lambda),1.0
EE,ackley,1,436,1.2048140263232199e-12,87430,30,200,n,intermedia_global,(mu+lambda),1.0
EE,ackley,1,437,1.2048140263232199e-12,87630,30,200,n,intermedia_global,(mu+lambda),1.0
EE,ackley,1,438,1.2048140263232199e-12,87830,30,200,n,intermedia_global,(mu+lambda),1.0
EE,ackley,1,439,1.2048140263232199e-12,88030,30,200,n,intermedia_global,(mu+lambda),1.0
EE,ackley,1,440,1.2048140263232199e-12,88230,30,200,n,intermedia_global,(mu+lambda),1.0
EE,ackley,1,441,1.2048140263232199e-12,88430,30,200,n,intermedia_global,(mu+lambda),1.0
EE,ackley,1,442,1.2048140263232199e-12,88630,30,200,n,intermedia_global,(mu+lambda),1.0
EE,ackley,1,443,1.2048140263232199e-12,88830,30,200,n,intermedia_global,(mu+lambda),1.0
EE,ackley,1,444,1.2048140263232199e-12,89030,30,200,n,intermedia_global,(mu+lambda),1.0
EE,ackley,1,445,1.2048140263232199e-12,89230,30,200,n,intermedia_global,(mu+lambda),1.0
EE,ackley,1,446,1.2048140263232199e-12,89430,30,200,n,intermedia_global,(mu+lambda),1.0
EE,ackley,1,447,1.2048140263232199e-12,89630,30,200,n,intermedia_global,(mu+lambda),1.0
EE,ackley,1,448,1.2048140263232199e-12,89830,30,200,n,intermedia_global,(mu+lambda),1.0
EE,ackley,1,449,1.2048140263232199e-12,90030,30,200,n,intermedia_global,(mu+lambda),1.0
EE,ackley,1,450,1.2048140263232199e-12,90230,30,200,n,intermedia_global,(mu+lambda),1.0
EE,ackley,1,451,1.2048140263232199e-12,90430,30,200,n,intermedia_global,(mu+lambda),1.0
EE,ackley,1,452,1.2048140263232199e-12,90630,30,200,n,intermedia_global,(mu+lambda),1.0
EE,ackley,1,453,1.2048140263232199e-12,90830,30,200,n,intermedia_global,(mu+lambda),1.0
EE,ackley,1,454,1.2048140263232199e-12,91030,30,200,n,intermedia_global,(mu+lambda),1.0
EE,ackley,1,455,1.2048140263232199e-12,91230,30,200,n,intermedia_global,(mu+lambda),1.0
EE,ackley,1,456,1.2048140263232199e-12,91430,30,200,n,intermedia_global,(mu+lambda),1.0
EE,ackley,1,457,1.2048140263232199e-12,91630,30,200,n,intermedia_global,(mu+lambda),1.0
EE,ackley,1,458,1.2048140263232199e-12,91830,30,200,n,intermedia_global,(mu+lambda),1.0
EE,ackley,1,459,1.2048140263232199e-12,92030,30,200,n,intermedia_global,(mu+lambda),1.0
EE,ackley,1,460,1.2048140263232199e-12,92230,30,200,n,intermedia_global,(mu+lambda),1.0
EE,ackley,1,461,1.2048140263232199e-12,92430,30,200,n,intermedia_global,(mu+lambda),1.0
EE,ackley,1,462,1.2048140263232199e-12,92630,30,200,n,intermedia_global,(mu+lambda),1.0
EE,ackley,1,463,1.2048140263232199e-12,92830,30,200,n,intermedia_global,(mu+lambda),1.0
EE,ackley,1,464,1.2048140263232199e-12,93030,30,200,n,intermedia_global,(mu+lambda),1.0
EE,ackley,1,465,1.2048140263232199e-12,93230,30,200,n,intermedia_global,(mu+lambda),1.0
EE,ackley,1,466,1.2048140263232199e-12,93430,30,200,n,intermedia_global,(mu+lambda),1.0
EE,ackley,1,467,1.2048140263232199e-12,93630,30,200,n,intermedia_global,(mu+lambda),1.0
EE,ackley,1,468,1.2048140263232199e-12,93830,30,200,n,intermedia_global,(mu+lambda),1.0
EE,ackley,1,469,1.2048140263232199e-12,94030,30,200,n,intermedia_global,(mu+lambda),1.0
EE,ackley,1,470,1.2048140263232199e-12,94230,30,200,n,intermedia_global,(mu+lambda),1.0
EE,ackley,1,471,1.2048140263232199e-12,94430,30,200,n,intermedia_global,(mu+lambda),1.0
EE,ackley,1,472,1.2048140263232199e-12,94630,30,200,n,intermedia_global,(mu+lambda),1.0
EE,ackley,1,473,1.2048140263232199e-12,94830,30,200,n,intermedia_global,(mu+lambda),1.0
EE,ackley,1,474,1.2048140263232199e-12,95030,30,200,n,intermedia_global,(mu+lambda),1.0
EE,ackley,1,475,1.2048140263232199e-12,95230,30,200,n,intermedia_global,(mu+lambda),1.0
EE,ackley,1,476,1.2048140263232199e-12,95430,30,200,n,intermedia_global,(mu+lambda),1.0
EE,ackley,1,477,1.2048140263232199e-12,95630,30,200,n,intermedia_global,(mu+lambda),1.0
EE,ackley,1,478,1.2048140263232199e-12,95830,30,200,n,intermedia_global,(mu+lambda),1.0
EE,ackley,1,479,1.2048140263232199e-12,96030,30,200,n,intermedia_global,(mu+lambda),1.0
EE,ackley,1,480,1.2048140263232199e-12,96230,30,200,n,intermedia_global,(mu+lambda),1.0
EE,ackley,1,481,1.2048140263232199e-12,96430,30,200,n,intermedia_global,(mu+lambda),1.0
EE,ackley,1,482,1.2048140263232199e-12,96630,30,200,n,intermedia_global,(mu+lambda),1.0
EE,ackley,1,483,1.2048140263232199e-12,96830,30,200,n,intermedia_global,(mu+lambda),1.0
EE,ackley,1,484,1.2048140263232199e-12,97030,30,200,n,intermedia_global,(mu+lambda),1.0
EE,ackley,1,485,1.2048140263232199e-12,97230,30,200,n,intermedia_global,(mu+lambda),1.0
EE,ackley,1,486,1.2048140263232199e-12,97430,30,200,n,intermedia_global,(mu+lambda),1.0
EE,ackley,1,487,1.2048140263232199e-12,97630,30,200,n,intermedia_global,(mu+lambda),1.0
EE,ackley,1,488,1.2048140263232199e-12,97830,30,200,n,intermedia_global,(mu+lambda),1.0
EE,ackley,1,489,1.2048140263232199e-12,98030,30,200,n,intermedia_global,(mu+lambda),1.0
EE,ackley,1,490,1.2048140263232199e-12,98230,30,200,n,intermedia_global,(mu+lambda),1.0
EE,ackley,1,491,1.2048140263232199e-12,98430,30,200,n,intermedia_global,(mu+lambda),1.0
EE,ackley,1,492,1.2048140263232199e-12,98630,30,200,n,intermedia_global,(mu+lambda),1.0
EE,ackley,1,493,1.2048140263232199e-12,98830,30,200,n,intermedia_global,(mu+lambda),1.0
EE,ackley,1,494,1.2048140263232199e-12,99030,30,200,n,intermedia_global,(mu+lambda),1.0
EE,ackley,1,495,1.2048140263232199e-12,99230,30,200,n,intermedia_global,(mu+lambda),1.0
EE,ackley,1,496,1.2048140263232199e-12,99430,30,200,n,intermedia_global,(mu+lambda),1.0
EE,ackley,1,497,1.2048140263232199e-12,99630,30,200,n,intermedia_global,(mu+lambda),1.0
EE,ackley,1,498,1.2048140263232199e-12,99830,30,200,n,intermedia_global,(mu+lambda),1.0
EE,ackley,1,499,1.2048140263232199e-12,100030,30,200,n,intermedia_global,(mu+lambda),1.0
EE,ackley,1,500,1.2048140263232199e-12,100230,30,200,n,intermedia_global,(mu+lambda),1.0
EE,ackley,1,501,1.2048140263232199e-12,100430,30,200,n,intermedia_global,(mu+lambda),1.0
EE,ackley,1,502,1.2048140263232199e-12,100630,30,200,n,intermedia_global,(mu+lambda),1.0
EE,ackley,1,503,1.2048140263232199e-12,100830,30,200,n,intermedia_global,(mu+lambda),1.0
EE,ackley,1,504,1.2048140263232199e-12,101030,30,200,n,intermedia_global,(mu+lambda),1.0
EE,ackley,1,505,1.2048140263232199e-12,101230,30,200,n,intermedia_global,(mu+lambda),1.0
EE,ackley,1,506,1.2048140263232199e-12,101430,30,200,n,intermedia_global,(mu+lambda),1.0
EE,ackley,1,507,1.2048140263232199e-12,101630,30,200,n,intermedia_global,(mu+lambda),1.0
EE,ackley,1,508,1.2048140263232199e-12,101830,30,200,n,intermedia_global,(mu+lambda),1.0
EE,ackley,1,509,1.2048140263232199e-12,102030,30,200,n,intermedia_global,(mu+lambda),1.0
EE,ackley,1,510,1.2048140263232199e-12,102230,30,200,n,intermedia_global,(mu+lambda),1.0
EE,ackley,1,511,1.2048140263232199e-12,102430,30,200,n,intermedia_global,(mu+lambda),1.0
EE,ackley,1,512,1.2048140263232199e-12,102630,30,200,n,intermedia_global,(mu+lambda),1.0
EE,ackley,1,513,1.2048140263232199e-12,102830,30,200,n,intermedia_global,(mu+lambda),1.0
EE,ackley,1,514,1.2048140263232199e-12,103030,30,200,n,intermedia_global,(mu+lambda),1.0
EE,ackley,1,515,1.2048140263232199e-12,103230,30,200,n,intermedia_global,(mu+lambda),1.0
EE,ackley,1,516,1.2048140263232199e-12,103430,30,200,n,intermedia_global,(mu+lambda),1.0
EE,ackley,1,517,1.2048140263232199e-12,103630,30,200,n,intermedia_global,(mu+lambda),1.0
EE,ackley,1,518,1.2048140263232199e-12,103830,30,200,n,intermedia_global,(mu+lambda),1.0
EE,ackley,1,519,1.2048140263232199e-12,104030,30,200,n,intermedia_global,(mu+lambda),1.0
EE,ackley,1,520,1.2048140263232199e-12,104230,30,200,n,intermedia_global,(mu+lambda),1.0
EE,ackley,1,521,1.2048140263232199e-12,104430,30,200,n,intermedia_global,(mu+lambda),1.0
EE,ackley,1,522,1.2048140263232199e-12,104630,30,200,n,intermedia_global,(mu+lambda),1.0
EE,ackley,1,523,1.2048140263232199e-12,104830,30,200,n,intermedia_global,(mu+lambda),1.0
EE,ackley,1,524,1.0804690475652023e-12,105030,30,200,n,intermedia_global,(mu+lambda),1.0
EE,ackley,1,525,1.0804690475652023e-12,105230,30,200,n,intermedia_global,(mu+lambda),1.0
EE,ackley,1,526,1.0804690475652023e-12,105430,30,200,n,intermedia_global,(mu+lambda),1.0
EE,ackley,1,527,1.0804690475652023e-12,105630,30,200,n,intermedia_global,(mu+lambda),1.0
EE,ackley,1,528,1.0804690475652023e-12,105830,30,200,n,intermedia_global,(mu+lambda),1.0
EE,ackley,1,529,1.0804690475652023e-12,106030,30,200,n,intermedia_global,(mu+lambda),1.0
EE,ackley,1,530,1.0804690475652023e-12,106230,30,200,n,intermedia_global,(mu+lambda),1.0
EE,ackley,1,531,1.0804690475652023e-12,106430,30,200,n,intermedia_global,(mu+lambda),1.0
EE,ackley,1,532,1.0804690475652023e-12,106630,30,200,n,intermedia_global,(mu+lambda),1.0
EE,ackley,1,533,1.0804690475652023e-12,106830,30,200,n,intermedia_global,(mu+lambda),1.0
EE,ackley,1,534,1.0804690475652023e-12,107030,30,200,n,intermedia_global,(mu+lambda),1.0
EE,ackley,1,535,1.0804690475652023e-12,107230,30,200,n,intermedia_global,(mu+lambda),1.0
EE,ackley,1,536,1.0804690475652023e-12,107430,30,200,n,intermedia_global,(mu+lambda),1.0
EE,ackley,1,537,1.0804690475652023e-12,107630,30,200,n,intermedia_global,(mu+lambda),1.0
EE,ackley,1,538,1.0804690475652023e-12,107830,30,200,n,intermedia_global,(mu+lambda),1.0
EE,ackley,1,539,1.0804690475652023e-12,108030,30,200,n,intermedia_global,(mu+lambda),1.0
EE,ackley,1,540,1.0804690475652023e-12,108230,30,200,n,intermedia_global,(mu+lambda),1.0
EE,ackley,1,541,1.0804690475652023e-12,108430,30,200,n,intermedia_global,(mu+lambda),1.0
EE,ackley,1,542,1.0804690475652023e-12,108630,30,200,n,intermedia_global,(mu+lambda),1.0
EE,ackley,1,543,1.0804690475652023e-12,108830,30,200,n,intermedia_global,(mu+lambda),1.0
EE,ackley,1,544,1.0804690475652023e-12,109030,30,200,n,intermedia_global,(mu+lambda),1.0
EE,ackley,1,545,1.0804690475652023e-12,109230,30,200,n,intermedia_global,(mu+lambda),1.0
EE,ackley,1,546,1.0804690475652023e-12,109430,30,200,n,intermedia_global,(mu+lambda),1.0
EE,ackley,1,547,1.0804690475652023e-12,109630,30,200,n,intermedia_global,(mu+lambda),1.0
EE,ackley,1,548,1.0804690475652023e-12,109830,30,200,n,intermedia_global,(mu+lambda),1.0
EE,ackley,1,549,1.0804690475652023e-12,110030,30,200,n,intermedia_global,(mu+lambda),1.0
EE,ackley,1,550,1.0804690475652023e-12,110230,30,200,n,intermedia_global,(mu+lambda),1.0
EE,ackley,1,551,1.0804690475652023e-12,110430,30,200,n,intermedia_global,(mu+lambda),1.0
EE,ackley,1,552,1.0804690475652023e-12,110630,30,200,n,intermedia_global,(mu+lambda),1.0
EE,ackley,1,553,1.0804690475652023e-12,110830,30,200,n,intermedia_global,(mu+lambda),1.0
EE,ackley,1,554,1.0804690475652023e-12,111030,30,200,n,intermedia_global,(mu+lambda),1.0
EE,ackley,1,555,1.0804690475652023e-12,111230,30,200,n,intermedia_global,(mu+lambda),1.0
EE,ackley,1,556,1.0804690475652023e-12,111430,30,200,n,intermedia_global,(mu+lambda),1.0
EE,ackley,1,557,1.0804690475652023e-12,111630,30,200,n,intermedia_global,(mu+lambda),1.0
EE,ackley,1,558,1.0804690475652023e-12,111830,30,200,n,intermedia_global,(mu+lambda),1.0
EE,ackley,1,559,1.0804690475652023e-12,112030,30,200,n,intermedia_global,(mu+lambda),1.0
EE,ackley,1,560,1.0804690475652023e-12,112230,30,200,n,intermedia_global,(mu+lambda),1.0
EE,ackley,1,561,1.0804690475652023e-12,112430,30,200,n,intermedia_global,(mu+lambda),1.0
EE,ackley,1,562,1.0804690475652023e-12,112630,30,200,n,intermedia_global,(mu+lambda),1.0
EE,ackley,1,563,1.0804690475652023e-12,112830,30,200,n,intermedia_global,(mu+lambda),1.0
EE,ackley,1,564,1.0804690475652023e-12,113030,30,200,n,intermedia_global,(mu+lambda),1.0
EE,ackley,1,565,1.0804690475652023e-12,113230,30,200,n,intermedia_global,(mu+lambda),1.0
EE,ackley,1,566,1.0804690475652023e-12,113430,30,200,n,intermedia_global,(mu+lambda),1.0
EE,ackley,1,567,1.0804690475652023e-12,113630,30,200,n,intermedia_global,(mu+lambda),1.0
EE,ackley,1,568,1.0804690475652023e-12,113830,30,200,n,intermedia_global,(mu+lambda),1.0
EE,ackley,1,569,1.0804690475652023e-12,114030,30,200,n,intermedia_global,(mu+lambda),1.0
EE,ackley,1,570,1.0804690475652023e-12,114230,30,200,n,intermedia_global,(mu+lambda),1.0
EE,ackley,1,571,1.0804690475652023e-12,114430,30,200,n,intermedia_global,(mu+lambda),1.0
EE,ackley,1,572,1.0804690475652023e-12,114630,30,200,n,intermedia_global,(mu+lambda),1.0
EE,ackley,1,573,1.0804690475652023e-12,114830,30,200,n,intermedia_global,(mu+lambda),1.0
EE,ackley,1,574,1.0804690475652023e-12,115030,30,200,n,intermedia_global,(mu+lambda),1.0
EE,ackley,1,575,1.0804690475652023e-12,115230,30,200,n,intermedia_global,(mu+lambda),1.0
EE,ackley,1,576,1.0804690475652023e-12,115430,30,200,n,intermedia_global,(mu+lambda),1.0
EE,ackley,1,577,1.0804690475652023e-12,115630,30,200,n,intermedia_global,(mu+lambda),1.0
EE,ackley,1,578,1.0804690475652023e-12,115830,30,200,n,intermedia_global,(mu+lambda),1.0
EE,ackley,1,579,1.0804690475652023e-12,116030,30,200,n,intermedia_global,(mu+lambda),1.0
EE,ackley,1,580,1.0804690475652023e-12,116230,30,200,n,intermedia_global,(mu+lambda),1.0
EE,ackley,1,581,1.0804690475652023e-12,116430,30,200,n,intermedia_global,(mu+lambda),1.0
EE,ackley,1,582,1.0804690475652023e-12,116630,30,200,n,intermedia_global,(mu+lambda),1.0
EE,ackley,1,583,1.0804690475652023e-12,116830,30,200,n,intermedia_global,(mu+lambda),1.0
EE,ackley,1,584,1.0804690475652023e-12,117030,30,200,n,intermedia_global,(mu+lambda),1.0
EE,ackley,1,585,1.0804690475652023e-12,117230,30,200,n,intermedia_global,(mu+lambda),1.0
EE,ackley,1,586,1.0804690475652023e-12,117430,30,200,n,intermedia_global,(mu+lambda),1.0
EE,ackley,1,587,1.0804690475652023e-12,117630,30,200,n,intermedia_global,(mu+lambda),1.0
EE,ackley,1,588,1.0804690475652023e-12,117830,30,200,n,intermedia_global,(mu+lambda),1.0
EE,ackley,1,589,1.0804690475652023e-12,118030,30,200,n,intermedia_global,(mu+lambda),1.0
EE,ackley,1,590,1.0804690475652023e-12,118230,30,200,n,intermedia_global,(mu+lambda),1.0
EE,ackley,1,591,1.0804690475652023e-12,118430,30,200,n,intermedia_global,(mu+lambda),1.0
EE,ackley,1,592,1.0804690475652023e-12,118630,30,200,n,intermedia_global,(mu+lambda),1.0
EE,ackley,1,593,1.0804690475652023e-12,118830,30,200,n,intermedia_global,(mu+lambda),1.0
EE,ackley,1,594,1.0804690475652023e-12,119030,30,200,n,intermedia_global,(mu+lambda),1.0
EE,ackley,1,595,1.0804690475652023e-12,119230,30,200,n,intermedia_global,(mu+lambda),1.0
EE,ackley,1,596,1.0804690475652023e-12,119430,30,200,n,intermedia_global,(mu+lambda),1.0
EE,ackley,1,597,1.0804690475652023e-12,119630,30,200,n,intermedia_global,(mu+lambda),1.0
EE,ackley,1,598,1.0804690475652023e-12,119830,30,200,n,intermedia_global,(mu+lambda),1.0
EE,ackley,1,599,1.0804690475652023e-12,120030,30,200,n,intermedia_global,(mu+lambda),1.0
EE,ackley,1,600,1.0804690475652023e-12,120230,30,200,n,intermedia_global,(mu+lambda),1.0
EE,ackley,1,601,1.0804690475652023e-12,120430,30,200,n,intermedia_global,(mu+lambda),1.0
EE,ackley,1,602,1.0804690475652023e-12,120630,30,200,n,intermedia_global,(mu+lambda),1.0
EE,ackley,1,603,1.0804690475652023e-12,120830,30,200,n,intermedia_global,(mu+lambda),1.0
EE,ackley,1,604,1.0804690475652023e-12,121030,30,200,n,intermedia_global,(mu+lambda),1.0
EE,ackley,1,605,1.0804690475652023e-12,121230,30,200,n,intermedia_global,(mu+lambda),1.0
EE,ackley,1,606,1.0804690475652023e-12,121430,30,200,n,intermedia_global,(mu+lambda),1.0
EE,ackley,1,607,1.0804690475652023e-12,121630,30,200,n,intermedia_global,(mu+lambda),1.0
EE,ackley,1,608,1.0804690475652023e-12,121830,30,200,n,intermedia_global,(mu+lambda),1.0
EE,ackley,1,609,1.0804690475652023e-12,122030,30,200,n,intermedia_global,(mu+lambda),1.0
EE,ackley,1,610,1.0804690475652023e-12,122230,30,200,n,intermedia_global,(mu+lambda),1.0
EE,ackley,1,611,1.0804690475652023e-12,122430,30,200,n,intermedia_global,(mu+lambda),1.0
EE,ackley,1,612,1.0804690475652023e-12,122630,30,200,n,intermedia_global,(mu+lambda),1.0
EE,ackley,1,613,1.0804690475652023e-12,122830,30,200,n,intermedia_global,(mu+lambda),1.0
EE,ackley,1,614,1.0804690475652023e-12,123030,30,200,n,intermedia_global,(mu+lambda),1.0
EE,ackley,1,615,1.0804690475652023e-12,123230,30,200,n,intermedia_global,(mu+lambda),1.0
EE,ackley,1,616,1.0804690475652023e-12,123430,30,200,n,intermedia_global,(mu+lambda),1.0
EE,ackley,1,617,1.0804690475652023e-12,123630,30,200,n,intermedia_global,(mu+lambda),1.0
EE,ackley,1,618,1.0804690475652023e-12,123830,30,200,n,intermedia_global,(mu+lambda),1.0
EE,ackley,1,619,1.0804690475652023e-12,124030,30,200,n,intermedia_global,(mu+lambda),1.0
EE,ackley,1,620,1.0804690475652023e-12,124230,30,200,n,intermedia_global,(mu+lambda),1.0
EE,ackley,1,621,1.0804690475652023e-12,124430,30,200,n,intermedia_global,(mu+lambda),1.0
EE,ackley,1,622,1.0804690475652023e-12,124630,30,200,n,intermedia_global,(mu+lambda),1.0
EE,ackley,1,623,1.0804690475652023e-12,124830,30,200,n,intermedia_global,(mu+lambda),1.0
EE,ackley,1,624,1.0804690475652023e-12,125030,30,200,n,intermedia_global,(mu+lambda),1.0
EE,ackley,1,625,1.0804690475652023e-12,125230,30,200,n,intermedia_global,(mu+lambda),1.0
EE,ackley,1,626,1.0804690475652023e-12,125430,30,200,n,intermedia_global,(mu+lambda),1.0
EE,ackley,1,627,1.0804690475652023e-12,125630,30,200,n,intermedia_global,(mu+lambda),1.0
EE,ackley,1,628,1.0804690475652023e-12,125830,30,200,n,intermedia_global,(mu+lambda),1.0
EE,ackley,1,629,1.0804690475652023e-12,126030,30,200,n,intermedia_global,(mu+lambda),1.0
EE,ackley,1,630,1.0804690475652023e-12,126230,30,200,n,intermedia_global,(mu+lambda),1.0
EE,ackley,1,631,1.0804690475652023e-12,126430,30,200,n,intermedia_global,(mu+lambda),1.0
EE,ackley,1,632,1.0804690475652023e-12,126630,30,200,n,intermedia_global,(mu+lambda),1.0
EE,ackley,1,633,1.0804690475652023e-12,126830,30,200,n,intermedia_global,(mu+lambda),1.0
EE,ackley,1,634,1.0804690475652023e-12,127030,30,200,n,intermedia_global,(mu+lambda),1.0
EE,ackley,1,635,1.0804690475652023e-12,127230,30,200,n,intermedia_global,(mu+lambda),1.0
EE,ackley,1,636,1.0804690475652023e-12,127430,30,200,n,intermedia_global,(mu+lambda),1.0
EE,ackley,1,637,1.0804690475652023e-12,127630,30,200,n,intermedia_global,(mu+lambda),1.0
EE,ackley,1,638,1.0804690475652023e-12,127830,30,200,n,intermedia_global,(mu+lambda),1.0
EE,ackley,1,639,1.0804690475652023e-12,128030,30,200,n,intermedia_global,(mu+lambda),1.0
EE,ackley,1,640,1.0804690475652023e-12,128230,30,200,n,intermedia_global,(mu+lambda),1.0
EE,ackley,1,641,1.0804690475652023e-12,128430,30,200,n,intermedia_global,(mu+lambda),1.0
EE,ackley,1,642,1.0804690475652023e-12,128630,30,200,n,intermedia_global,(mu+lambda),1.0
EE,ackley,1,643,1.0804690475652023e-12,128830,30,200,n,intermedia_global,(mu+lambda),1.0
EE,ackley,1,644,1.0804690475652023e-12,129030,30,200,n,intermedia_global,(mu+lambda),1.0
EE,ackley,1,645,1.0804690475652023e-12,129230,30,200,n,intermedia_global,(mu+lambda),1.0
EE,ackley,1,646,1.0804690475652023e-12,129430,30,200,n,intermedia_global,(mu+lambda),1.0
EE,ackley,1,647,1.0804690475652023e-12,129630,30,200,n,intermedia_global,(mu+lambda),1.0
EE,ackley,1,648,1.0804690475652023e-12,129830,30,200,n,intermedia_global,(mu+lambda),1.0
EE,ackley,1,649,1.0804690475652023e-12,130030,30,200,n,intermedia_global,(mu+lambda),1.0
EE,ackley,1,650,1.0804690475652023e-12,130230,30,200,n,intermedia_global,(mu+lambda),1.0
EE,ackley,1,651,1.0804690475652023e-12,130430,30,200,n,intermedia_global,(mu+lambda),1.0
EE,ackley,1,652,1.0804690475652023e-12,130630,30,200,n,intermedia_global,(mu+lambda),1.0
EE,ackley,1,653,1.0804690475652023e-12,130830,30,200,n,intermedia_global,(mu+lambda),1.0
EE,ackley,1,654,1.0804690475652023e-12,131030,30,200,n,intermedia_global,(mu+lambda),1.0
EE,ackley,1,655,1.0804690475652023e-12,131230,30,200,n,intermedia_global,(mu+lambda),1.0
EE,ackley,1,656,1.0804690475652023e-12,131430,30,200,n,intermedia_global,(mu+lambda),1.0
EE,ackley,1,657,1.0804690475652023e-12,131630,30,200,n,intermedia_global,(mu+lambda),1.0
EE,ackley,1,658,1.0804690475652023e-12,131830,30,200,n,intermedia_global,(mu+lambda),1.0
EE,ackley,1,659,1.0804690475652023e-12,132030,30,200,n,intermedia_global,(mu+lambda),1.0
EE,ackley,1,660,1.0804690475652023e-12,132230,30,200,n,intermedia_global,(mu+lambda),1.0
EE,ackley,1,661,1.0804690475652023e-12,132430,30,200,n,intermedia_global,(mu+lambda),1.0
EE,ackley,1,662,1.0804690475652023e-12,132630,30,200,n,intermedia_global,(mu+lambda),1.0
EE,ackley,1,663,1.0804690475652023e-12,132830,30,200,n,intermedia_global,(mu+lambda),1.0
EE,ackley,1,664,1.0129674876679928e-12,133030,30,200,n,intermedia_global,(mu+lambda),1.0
EE,ackley,1,665,1.0129674876679928e-12,133230,30,200,n,intermedia_global,(mu+lambda),1.0
EE,ackley,1,666,1.0129674876679928e-12,133430,30,200,n,intermedia_global,(mu+lambda),1.0
EE,ackley,1,667,1.0129674876679928e-12,133630,30,200,n,intermedia_global,(mu+lambda),1.0
EE,ackley,1,668,1.0129674876679928e-12,133830,30,200,n,intermedia_global,(mu+lambda),1.0
EE,ackley,1,669,1.0129674876679928e-12,134030,30,200,n,intermedia_global,(mu+lambda),1.0
EE,ackley,1,670,1.0129674876679928e-12,134230,30,200,n,intermedia_global,(mu+lambda),1.0
EE,ackley,1,671,1.0129674876679928e-12,134430,30,200,n,intermedia_global,(mu+lambda),1.0
EE,ackley,1,672,1.0129674876679928e-12,134630,30,200,n,intermedia_global,(mu+lambda),1.0
EE,ackley,1,673,1.0129674876679928e-12,134830,30,200,n,intermedia_global,(mu+lambda),1.0
EE,ackley,1,674,1.0129674876679928e-12,135030,30,200,n,intermedia_global,(mu+lambda),1.0
EE,ackley,1,675,1.0129674876679928e-12,135230,30,200,n,intermedia_global,(mu+lambda),1.0
EE,ackley,1,676,1.0129674876679928e-12,135430,30,200,n,intermedia_global,(mu+lambda),1.0
EE,ackley,1,677,1.0129674876679928e-12,135630,30,200,n,intermedia_global,(mu+lambda),1.0
EE,ackley,1,678,1.0129674876679928e-12,135830,30,200,n,intermedia_global,(mu+lambda),1.0
EE,ackley,1,679,1.0129674876679928e-12,136030,30,200,n,intermedia_global,(mu+lambda),1.0
EE,ackley,1,680,1.0129674876679928e-12,136230,30,200,n,intermedia_global,(mu+lambda),1.0
EE,ackley,1,681,1.0129674876679928e-12,136430,30,200,n,intermedia_global,(mu+lambda),1.0
EE,ackley,1,682,1.0129674876679928e-12,136630,30,200,n,intermedia_global,(mu+lambda),1.0
EE,ackley,1,683,1.0129674876679928e-12,136830,30,200,n,intermedia_global,(mu+lambda),1.0
EE,ackley,1,684,1.0129674876679928e-12,137030,30,200,n,intermedia_global,(mu+lambda),1.0
EE,ackley,1,685,1.0129674876679928e-12,137230,30,200,n,intermedia_global,(mu+lambda),1.0
EE,ackley,1,686,1.0129674876679928e-12,137430,30,200,n,intermedia_global,(mu+lambda),1.0
EE,ackley,1,687,1.0129674876679928e-12,137630,30,200,n,intermedia_global,(mu+lambda),1.0
EE,ackley,1,688,1.0129674876679928e-12,137830,30,200,n,intermedia_global,(mu+lambda),1.0
EE,ackley,1,689,1.0129674876679928e-12,138030,30,200,n,intermedia_global,(mu+lambda),1.0
EE,ackley,1,690,1.0129674876679928e-12,138230,30,200,n,intermedia_global,(mu+lambda),1.0
EE,ackley,1,691,1.0129674876679928e-12,138430,30,200,n,intermedia_global,(mu+lambda),1.0
EE,ackley,1,692,1.0129674876679928e-12,138630,30,200,n,intermedia_global,(mu+lambda),1.0
EE,ackley,1,693,1.0129674876679928e-12,138830,30,200,n,intermedia_global,(mu+lambda),1.0
EE,ackley,1,694,1.0129674876679928e-12,139030,30,200,n,intermedia_global,(mu+lambda),1.0
EE,ackley,1,695,1.0129674876679928e-12,139230,30,200,n,intermedia_global,(mu+lambda),1.0
EE,ackley,1,696,1.0129674876679928e-12,139430,30,200,n,intermedia_global,(mu+lambda),1.0
EE,ackley,1,697,1.0129674876679928e-12,139630,30,200,n,intermedia_global,(mu+lambda),1.0
EE,ackley,1,698,1.0129674876679928e-12,139830,30,200,n,intermedia_global,(mu+lambda),1.0
EE,ackley,1,699,1.0129674876679928e-12,140030,30,200,n,intermedia_global,(mu+lambda),1.0
EE,ackley,1,700,1.0129674876679928e-12,140230,30,200,n,intermedia_global,(mu+lambda),1.0
EE,ackley,1,701,1.0129674876679928e-12,140430,30,200,n,intermedia_global,(mu+lambda),1.0
EE,ackley,1,702,1.0129674876679928e-12,140630,30,200,n,intermedia_global,(mu+lambda),1.0
EE,ackley,1,703,1.0129674876679928e-12,140830,30,200,n,intermedia_global,(mu+lambda),1.0
EE,ackley,1,704,1.0129674876679928e-12,141030,30,200,n,intermedia_global,(mu+lambda),1.0
EE,ackley,1,705,1.0129674876679928e-12,141230,30,200,n,intermedia_global,(mu+lambda),1.0
EE,ackley,1,706,1.0129674876679928e-12,141430,30,200,n,intermedia_global,(mu+lambda),1.0
EE,ackley,1,707,1.0129674876679928e-12,141630,30,200,n,intermedia_global,(mu+lambda),1.0
EE,ackley,1,708,1.0129674876679928e-12,141830,30,200,n,intermedia_global,(mu+lambda),1.0
EE,ackley,1,709,1.0129674876679928e-12,142030,30,200,n,intermedia_global,(mu+lambda),1.0
EE,ackley,1,710,1.0129674876679928e-12,142230,30,200,n,intermedia_global,(mu+lambda),1.0
EE,ackley,1,711,1.0129674876679928e-12,142430,30,200,n,intermedia_global,(mu+lambda),1.0
EE,ackley,1,712,1.0129674876679928e-12,142630,30,200,n,intermedia_global,(mu+lambda),1.0
EE,ackley,1,713,1.0129674876679928e-12,142830,30,200,n,intermedia_global,(mu+lambda),1.0
EE,ackley,1,714,1.0129674876679928e-12,143030,30,200,n,intermedia_global,(mu+lambda),1.0
EE,ackley,1,715,1.0129674876679928e-12,143230,30,200,n,intermedia_global,(mu+lambda),1.0
EE,ackley,1,716,1.0129674876679928e-12,143430,30,200,n,intermedia_global,(mu+lambda),1.0
EE,ackley,1,717,1.0129674876679928e-12,143630,30,200,n,intermedia_global,(mu+lambda),1.0
EE,ackley,1,718,1.0129674876679928e-12,143830,30,200,n,intermedia_global,(mu+lambda),1.0
EE,ackley,1,719,1.0129674876679928e-12,144030,30,200,n,intermedia_global,(mu+lambda),1.0
EE,ackley,1,720,1.0129674876679928e-12,144230,30,200,n,intermedia_global,(mu+lambda),1.0
EE,ackley,1,721,1.0129674876679928e-12,144430,30,200,n,intermedia_global,(mu+lambda),1.0
EE,ackley,1,722,1.0129674876679928e-12,144630,30,200,n,intermedia_global,(mu+lambda),1.0
EE,ackley,1,723,1.0129674876679928e-12,144830,30,200,n,intermedia_global,(mu+lambda),1.0
EE,ackley,1,724,1.0129674876679928e-12,145030,30,200,n,intermedia_global,(mu+lambda),1.0
EE,ackley,1,725,1.0129674876679928e-12,145230,30,200,n,intermedia_global,(mu+lambda),1.0
EE,ackley,1,726,1.0129674876679928e-12,145430,30,200,n,intermedia_global,(mu+lambda),1.0
EE,ackley,1,727,1.0129674876679928e-12,145630,30,200,n,intermedia_global,(mu+lambda),1.0
EE,ackley,1,728,1.0129674876679928e-12,145830,30,200,n,intermedia_global,(mu+lambda),1.0
EE,ackley,1,729,1.0129674876679928e-12,146030,30,200,n,intermedia_global,(mu+lambda),1.0
EE,ackley,1,730,1.0129674876679928e-12,146230,30,200,n,intermedia_global,(mu+lambda),1.0
EE,ackley,1,731,1.0129674876679928e-12,146430,30,200,n,intermedia_global,(mu+lambda),1.0
EE,ackley,1,732,1.0129674876679928e-12,146630,30,200,n,intermedia_global,(mu+lambda),1.0
EE,ackley,1,733,1.0129674876679928e-12,146830,30,200,n,intermedia_global,(mu+lambda),1.0
EE,ackley,1,734,1.0129674876679928e-12,147030,30,200,n,intermedia_global,(mu+lambda),1.0
EE,ackley,1,735,1.0129674876679928e-12,147230,30,200,n,intermedia_global,(mu+lambda),1.0
EE,ackley,1,736,1.0129674876679928e-12,147430,30,200,n,intermedia_global,(mu+lambda),1.0
EE,ackley,1,737,1.0129674876679928e-12,147630,30,200,n,intermedia_global,(mu+lambda),1.0
EE,ackley,1,738,1.0129674876679928e-12,147830,30,200,n,intermedia_global,(mu+lambda),1.0
EE,ackley,1,739,1.0129674876679928e-12,148030,30,200,n,intermedia_global,(mu+lambda),1.0
EE,ackley,1,740,1.0129674876679928e-12,148230,30,200,n,intermedia_global,(mu+lambda),1.0
EE,ackley,1,741,1.0129674876679928e-12,148430,30,200,n,intermedia_global,(mu+lambda),1.0
EE,ackley,1,742,1.0129674876679928e-12,148630,30,200,n,intermedia_global,(mu+lambda),1.0
EE,ackley,1,743,1.0129674876679928e-12,148830,30,200,n,intermedia_global,(mu+lambda),1.0
EE,ackley,1,744,1.0129674876679928e-12,149030,30,200,n,intermedia_global,(mu+lambda),1.0
EE,ackley,1,745,1.0129674876679928e-12,149230,30,200,n,intermedia_global,(mu+lambda),1.0
EE,ackley,1,746,1.0129674876679928e-12,149430,30,200,n,intermedia_global,(mu+lambda),1.0
EE,ackley,1,747,1.0129674876679928e-12,149630,30,200,n,intermedia_global,(mu+lambda),1.0
EE,ackley,1,748,1.0129674876679928e-12,149830,30,200,n,intermedia_global,(mu+lambda),1.0
EE,ackley,1,749,1.0129674876679928e-12,150030,30,200,n,intermedia_global,(mu+lambda),1.0
EE,ackley,1,750,1.0129674876679928e-12,150230,30,200,n,intermedia_global,(mu+lambda),1.0
EE,ackley,1,751,1.0129674876679928e-12,150430,30,200,n,intermedia_global,(mu+lambda),1.0
EE,ackley,1,752,1.0129674876679928e-12,150630,30,200,n,intermedia_global,(mu+lambda),1.0
EE,ackley,1,753,1.0129674876679928e-12,150830,30,200,n,intermedia_global,(mu+lambda),1.0
EE,ackley,1,754,1.0129674876679928e-12,151030,30,200,n,intermedia_global,(mu+lambda),1.0
EE,ackley,1,755,1.0129674876679928e-12,151230,30,200,n,intermedia_global,(mu+lambda),1.0
EE,ackley,1,756,1.0129674876679928e-12,151430,30,200,n,intermedia_global,(mu+lambda),1.0
EE,ackley,1,757,1.0129674876679928e-12,151630,30,200,n,intermedia_global,(mu+lambda),1.0
EE,ackley,1,758,1.0129674876679928e-12,151830,30,200,n,intermedia_global,(mu+lambda),1.0
EE,ackley,1,759,1.0129674876679928e-12,152030,30,200,n,intermedia_global,(mu+lambda),1.0
EE,ackley,1,760,1.0129674876679928e-12,152230,30,200,n,intermedia_global,(mu+lambda),1.0
EE,ackley,1,761,1.0129674876679928e-12,152430,30,200,n,intermedia_global,(mu+lambda),1.0
EE,ackley,1,762,1.0129674876679928e-12,152630,30,200,n,intermedia_global,(mu+lambda),1.0
EE,ackley,1,763,1.0129674876679928e-12,152830,30,200,n,intermedia_global,(mu+lambda),1.0
EE,ackley,1,764,1.0129674876679928e-12,153030,30,200,n,intermedia_global,(mu+lambda),1.0
EE,ackley,1,765,1.0129674876679928e-12,153230,30,200,n,intermedia_global,(mu+lambda),1.0
EE,ackley,1,766,1.0129674876679928e-12,153430,30,200,n,intermedia_global,(mu+lambda),1.0
EE,ackley,1,767,1.0129674876679928e-12,153630,30,200,n,intermedia_global,(mu+lambda),1.0
EE,ackley,1,768,1.0129674876679928e-12,153830,30,200,n,intermedia_global,(mu+lambda),1.0
EE,ackley,1,769,1.0129674876679928e-12,154030,30,200,n,intermedia_global,(mu+lambda),1.0
EE,ackley,1,770,1.0129674876679928e-12,154230,30,200,n,intermedia_global,(mu+lambda),1.0
EE,ackley,1,771,1.0129674876679928e-12,154430,30,200,n,intermedia_global,(mu+lambda),1.0
EE,ackley,1,772,1.0129674876679928e-12,154630,30,200,n,intermedia_global,(mu+lambda),1.0
EE,ackley,1,773,1.0129674876679928e-12,154830,30,200,n,intermedia_global,(mu+lambda),1.0
EE,ackley,1,774,1.0129674876679928e-12,155030,30,200,n,intermedia_global,(mu+lambda),1.0
EE,ackley,1,775,1.0129674876679928e-12,155230,30,200,n,intermedia_global,(mu+lambda),1.0
EE,ackley,1,776,1.0129674876679928e-12,155430,30,200,n,intermedia_global,(mu+lambda),1.0
EE,ackley,1,777,1.0129674876679928e-12,155630,30,200,n,intermedia_global,(mu+lambda),1.0
EE,ackley,1,778,1.0129674876679928e-12,155830,30,200,n,intermedia_global,(mu+lambda),1.0
EE,ackley,1,779,1.0129674876679928e-12,156030,30,200,n,intermedia_global,(mu+lambda),1.0
EE,ackley,1,780,1.0129674876679928e-12,156230,30,200,n,intermedia_global,(mu+lambda),1.0
EE,ackley,1,781,1.0129674876679928e-12,156430,30,200,n,intermedia_global,(mu+lambda),1.0
EE,ackley,1,782,1.0129674876679928e-12,156630,30,200,n,intermedia_global,(mu+lambda),1.0
EE,ackley,1,783,1.0129674876679928e-12,156830,30,200,n,intermedia_global,(mu+lambda),1.0
EE,ackley,1,784,1.0129674876679928e-12,157030,30,200,n,intermedia_global,(mu+lambda),1.0
EE,ackley,1,785,1.0129674876679928e-12,157230,30,200,n,intermedia_global,(mu+lambda),1.0
EE,ackley,1,786,1.0129674876679928e-12,157430,30,200,n,intermedia_global,(mu+lambda),1.0
EE,ackley,1,787,1.0129674876679928e-12,157630,30,200,n,intermedia_global,(mu+lambda),1.0
EE,ackley,1,788,1.0129674876679928e-12,157830,30,200,n,intermedia_global,(mu+lambda),1.0
EE,ackley,1,789,1.0129674876679928e-12,158030,30,200,n,intermedia_global,(mu+lambda),1.0
EE,ackley,1,790,1.0129674876679928e-12,158230,30,200,n,intermedia_global,(mu+lambda),1.0
EE,ackley,1,791,1.0129674876679928e-12,158430,30,200,n,intermedia_global,(mu+lambda),1.0
EE,ackley,1,792,1.0129674876679928e-12,158630,30,200,n,intermedia_global,(mu+lambda),1.0
EE,ackley,1,793,1.0129674876679928e-12,158830,30,200,n,intermedia_global,(mu+lambda),1.0
EE,ackley,1,794,1.0129674876679928e-12,159030,30,200,n,intermedia_global,(mu+lambda),1.0
EE,ackley,1,795,1.0129674876679928e-12,159230,30,200,n,intermedia_global,(mu+lambda),1.0
EE,ackley,1,796,1.0129674876679928e-12,159430,30,200,n,intermedia_global,(mu+lambda),1.0
EE,ackley,1,797,1.0129674876679928e-12,159630,30,200,n,intermedia_global,(mu+lambda),1.0
EE,ackley,1,798,1.0129674876679928e-12,159830,30,200,n,intermedia_global,(mu+lambda),1.0
EE,ackley,1,799,1.0129674876679928e-12,160030,30,200,n,intermedia_global,(mu+lambda),1.0
EE,ackley,1,800,1.0129674876679928e-12,160230,30,200,n,intermedia_global,(mu+lambda),1.0
EE,ackley,1,801,1.0129674876679928e-12,160430,30,200,n,intermedia_global,(mu+lambda),1.0
EE,ackley,1,802,1.0129674876679928e-12,160630,30,200,n,intermedia_global,(mu+lambda),1.0
EE,ackley,1,803,1.0129674876679928e-12,160830,30,200,n,intermedia_global,(mu+lambda),1.0
EE,ackley,1,804,1.0129674876679928e-12,161030,30,200,n,intermedia_global,(mu+lambda),1.0
EE,ackley,1,805,1.0129674876679928e-12,161230,30,200,n,intermedia_global,(mu+lambda),1.0
EE,ackley,1,806,1.0129674876679928e-12,161430,30,200,n,intermedia_global,(mu+lambda),1.0
EE,ackley,1,807,1.0129674876679928e-12,161630,30,200,n,intermedia_global,(mu+lambda),1.0
EE,ackley,1,808,1.0129674876679928e-12,161830,30,200,n,intermedia_global,(mu+lambda),1.0
EE,ackley,1,809,1.0129674876679928e-12,162030,30,200,n,intermedia_global,(mu+lambda),1.0
EE,ackley,1,810,1.0129674876679928e-12,162230,30,200,n,intermedia_global,(mu+lambda),1.0
EE,ackley,1,811,1.0129674876679928e-12,162430,30,200,n,intermedia_global,(mu+lambda),1.0
EE,ackley,1,812,1.0129674876679928e-12,162630,30,200,n,intermedia_global,(mu+lambda),1.0
EE,ackley,1,813,1.0129674876679928e-12,162830,30,200,n,intermedia_global,(mu+lambda),1.0
EE,ackley,1,814,1.0129674876679928e-12,163030,30,200,n,intermedia_global,(mu+lambda),1.0
EE,ackley,1,815,1.0129674876679928e-12,163230,30,200,n,intermedia_global,(mu+lambda),1.0
EE,ackley,1,816,1.0129674876679928e-12,163430,30,200,n,intermedia_global,(mu+lambda),1.0
EE,ackley,1,817,1.0129674876679928e-12,163630,30,200,n,intermedia_global,(mu+lambda),1.0
EE,ackley,1,818,1.0129674876679928e-12,163830,30,200,n,intermedia_global,(mu+lambda),1.0
EE,ackley,1,819,1.0129674876679928e-12,164030,30,200,n,intermedia_global,(mu+lambda),1.0
EE,ackley,1,820,1.0129674876679928e-12,164230,30,200,n,intermedia_global,(mu+lambda),1.0
EE,ackley,1,821,1.0129674876679928e-12,164430,30,200,n,intermedia_global,(mu+lambda),1.0
EE,ackley,1,822,1.0129674876679928e-12,164630,30,200,n,intermedia_global,(mu+lambda),1.0
EE,ackley,1,823,1.0129674876679928e-12,164830,30,200,n,intermedia_global,(mu+lambda),1.0
EE,ackley,1,824,1.0129674876679928e-12,165030,30,200,n,intermedia_global,(mu+lambda),1.0
EE,ackley,1,825,1.0129674876679928e-12,165230,30,200,n,intermedia_global,(mu+lambda),1.0
EE,ackley,1,826,1.0129674876679928e-12,165430,30,200,n,intermedia_global,(mu+lambda),1.0
EE,ackley,1,827,1.0129674876679928e-12,165630,30,200,n,intermedia_global,(mu+lambda),1.0
EE,ackley,1,828,1.0129674876679928e-12,165830,30,200,n,intermedia_global,(mu+lambda),1.0
EE,ackley,1,829,1.0129674876679928e-12,166030,30,200,n,intermedia_global,(mu+lambda),1.0
EE,ackley,1,830,1.0129674876679928e-12,166230,30,200,n,intermedia_global,(mu+lambda),1.0
EE,ackley,1,831,1.0129674876679928e-12,166430,30,200,n,intermedia_global,(mu+lambda),1.0
EE,ackley,1,832,1.0129674876679928e-12,166630,30,200,n,intermedia_global,(mu+lambda),1.0
EE,ackley,1,833,1.0129674876679928e-12,166830,30,200,n,intermedia_global,(mu+lambda),1.0
EE,ackley,1,834,1.0129674876679928e-12,167030,30,200,n,intermedia_global,(mu+lambda),1.0
EE,ackley,1,835,1.0129674876679928e-12,167230,30,200,n,intermedia_global,(mu+lambda),1.0
EE,ackley,1,836,1.0129674876679928e-12,167430,30,200,n,intermedia_global,(mu+lambda),1.0
EE,ackley,1,837,1.0129674876679928e-12,167630,30,200,n,intermedia_global,(mu+lambda),1.0
EE,ackley,1,838,1.0129674876679928e-12,167830,30,200,n,intermedia_global,(mu+lambda),1.0
EE,ackley,1,839,1.0129674876679928e-12,168030,30,200,n,intermedia_global,(mu+lambda),1.0
EE,ackley,1,840,1.0129674876679928e-12,168230,30,200,n,intermedia_global,(mu+lambda),1.0
EE,ackley,1,841,1.0129674876679928e-12,168430,30,200,n,intermedia_global,(mu+lambda),1.0
EE,ackley,1,842,1.0129674876679928e-12,168630,30,200,n,intermedia_global,(mu+lambda),1.0
EE,ackley,1,843,1.0129674876679928e-12,168830,30,200,n,intermedia_global,(mu+lambda),1.0
EE,ackley,1,844,1.0129674876679928e-12,169030,30,200,n,intermedia_global,(mu+lambda),1.0
EE,ackley,1,845,1.0129674876679928e-12,169230,30,200,n,intermedia_global,(mu+lambda),1.0
EE,ackley,1,846,1.0129674876679928e-12,169430,30,200,n,intermedia_global,(mu+lambda),1.0
EE,ackley,1,847,1.0129674876679928e-12,169630,30,200,n,intermedia_global,(mu+lambda),1.0
EE,ackley,1,848,1.0129674876679928e-12,169830,30,200,n,intermedia_global,(mu+lambda),1.0
EE,ackley,1,849,1.0129674876679928e-12,170030,30,200,n,intermedia_global,(mu+lambda),1.0
EE,ackley,1,850,1.0129674876679928e-12,170230,30,200,n,intermedia_global,(mu+lambda),1.0
EE,ackley,1,851,1.0129674876679928e-12,170430,30,200,n,intermedia_global,(mu+lambda),1.0
EE,ackley,1,852,1.0129674876679928e-12,170630,30,200,n,intermedia_global,(mu+lambda),1.0
EE,ackley,1,853,1.0129674876679928e-12,170830,30,200,n,intermedia_global,(mu+lambda),1.0
EE,ackley,1,854,1.0129674876679928e-12,171030,30,200,n,intermedia_global,(mu+lambda),1.0
EE,ackley,1,855,1.0129674876679928e-12,171230,30,200,n,intermedia_global,(mu+lambda),1.0
EE,ackley,1,856,1.0129674876679928e-12,171430,30,200,n,intermedia_global,(mu+lambda),1.0
EE,ackley,1,857,1.0129674876679928e-12,171630,30,200,n,intermedia_global,(mu+lambda),1.0
EE,ackley,1,858,1.0129674876679928e-12,171830,30,200,n,intermedia_global,(mu+lambda),1.0
EE,ackley,1,859,1.0129674876679928e-12,172030,30,200,n,intermedia_global,(mu+lambda),1.0
EE,ackley,1,860,1.0129674876679928e-12,172230,30,200,n,intermedia_global,(mu+lambda),1.0
EE,ackley,1,861,1.0129674876679928e-12,172430,30,200,n,intermedia_global,(mu+lambda),1.0
EE,ackley,1,862,1.0129674876679928e-12,172630,30,200,n,intermedia_global,(mu+lambda),1.0
EE,ackley,1,863,1.0129674876679928e-12,172830,30,200,n,intermedia_global,(mu+lambda),1.0
EE,ackley,1,864,1.0129674876679928e-12,173030,30,200,n,intermedia_global,(mu+lambda),1.0
EE,ackley,1,865,1.0129674876679928e-12,173230,30,200,n,intermedia_global,(mu+lambda),1.0
EE,ackley,1,866,1.0129674876679928e-12,173430,30,200,n,intermedia_global,(mu+lambda),1.0
EE,ackley,1,867,1.0129674876679928e-12,173630,30,200,n,intermedia_global,(mu+lambda),1.0
EE,ackley,1,868,1.0129674876679928e-12,173830,30,200,n,intermedia_global,(mu+lambda),1.0
EE,ackley,1,869,1.0129674876679928e-12,174030,30,200,n,intermedia_global,(mu+lambda),1.0
EE,ackley,1,870,1.0129674876679928e-12,174230,30,200,n,intermedia_global,(mu+lambda),1.0
EE,ackley,1,871,1.0129674876679928e-12,174430,30,200,n,intermedia_global,(mu+lambda),1.0
EE,ackley,1,872,1.0129674876679928e-12,174630,30,200,n,intermedia_global,(mu+lambda),1.0
EE,ackley,1,873,1.0129674876679928e-12,174830,30,200,n,intermedia_global,(mu+lambda),1.0
EE,ackley,1,874,1.0129674876679928e-12,175030,30,200,n,intermedia_global,(mu+lambda),1.0
EE,ackley,1,875,1.0129674876679928e-12,175230,30,200,n,intermedia_global,(mu+lambda),1.0
EE,ackley,1,876,1.0129674876679928e-12,175430,30,200,n,intermedia_global,(mu+lambda),1.0
EE,ackley,1,877,1.0129674876679928e-12,175630,30,200,n,intermedia_global,(mu+lambda),1.0
EE,ackley,1,878,1.0129674876679928e-12,175830,30,200,n,intermedia_global,(mu+lambda),1.0
EE,ackley,1,879,1.0129674876679928e-12,176030,30,200,n,intermedia_global,(mu+lambda),1.0
EE,ackley,1,880,1.0129674876679928e-12,176230,30,200,n,intermedia_global,(mu+lambda),1.0
EE,ackley,1,881,1.0129674876679928e-12,176430,30,200,n,intermedia_global,(mu+lambda),1.0
EE,ackley,1,882,1.0129674876679928e-12,176630,30,200,n,intermedia_global,(mu+lambda),1.0
EE,ackley,1,883,1.0129674876679928e-12,176830,30,200,n,intermedia_global,(mu+lambda),1.0
EE,ackley,1,884,1.0129674876679928e-12,177030,30,200,n,intermedia_global,(mu+lambda),1.0
EE,ackley,1,885,1.0129674876679928e-12,177230,30,200,n,intermedia_global,(mu+lambda),1.0
EE,ackley,1,886,1.0129674876679928e-12,177430,30,200,n,intermedia_global,(mu+lambda),1.0
EE,ackley,1,887,1.0129674876679928e-12,177630,30,200,n,intermedia_global,(mu+lambda),1.0
EE,ackley,1,888,1.0129674876679928e-12,177830,30,200,n,intermedia_global,(mu+lambda),1.0
EE,ackley,1,889,1.0129674876679928e-12,178030,30,200,n,intermedia_global,(mu+lambda),1.0
EE,ackley,1,890,1.0129674876679928e-12,178230,30,200,n,intermedia_global,(mu+lambda),1.0
EE,ackley,1,891,1.0129674876679928e-12,178430,30,200,n,intermedia_global,(mu+lambda),1.0
EE,ackley,1,892,1.0129674876679928e-12,178630,30,200,n,intermedia_global,(mu+lambda),1.0
EE,ackley,1,893,1.0129674876679928e-12,178830,30,200,n,intermedia_global,(mu+lambda),1.0
EE,ackley,1,894,1.0129674876679928e-12,179030,30,200,n,intermedia_global,(mu+lambda),1.0
EE,ackley,1,895,1.0129674876679928e-12,179230,30,200,n,intermedia_global,(mu+lambda),1.0
EE,ackley,1,896,1.0129674876679928e-12,179430,30,200,n,intermedia_global,(mu+lambda),1.0
EE,ackley,1,897,1.0129674876679928e-12,179630,30,200,n,intermedia_global,(mu+lambda),1.0
EE,ackley,1,898,1.0129674876679928e-12,179830,30,200,n,intermedia_global,(mu+lambda),1.0
EE,ackley,1,899,1.0129674876679928e-12,180030,30,200,n,intermedia_global,(mu+lambda),1.0
EE,ackley,1,900,8.566480858007708e-13,180230,30,200,n,intermedia_global,(mu+lambda),1.0
EE,ackley,1,901,8.566480858007708e-13,180430,30,200,n,intermedia_global,(mu+lambda),1.0
EE,ackley,1,902,8.566480858007708e-13,180630,30,200,n,intermedia_global,(mu+lambda),1.0
EE,ackley,1,903,8.566480858007708e-13,180830,30,200,n,intermedia_global,(mu+lambda),1.0
EE,ackley,1,904,8.566480858007708e-13,181030,30,200,n,intermedia_global,(mu+lambda),1.0
EE,ackley,1,905,8.566480858007708e-13,181230,30,200,n,intermedia_global,(mu+lambda),1.0
EE,ackley,1,906,8.566480858007708e-13,181430,30,200,n,intermedia_global,(mu+lambda),1.0
EE,ackley,1,907,8.566480858007708e-13,181630,30,200,n,intermedia_global,(mu+lambda),1.0
EE,ackley,1,908,8.566480858007708e-13,181830,30,200,n,intermedia_global,(mu+lambda),1.0
EE,ackley,1,909,8.566480858007708e-13,182030,30,200,n,intermedia_global,(mu+lambda),1.0
EE,ackley,1,910,8.566480858007708e-13,182230,30,200,n,intermedia_global,(mu+lambda),1.0
EE,ackley,1,911,8.566480858007708e-13,182430,30,200,n,intermedia_global,(mu+lambda),1.0
EE,ackley,1,912,8.566480858007708e-13,182630,30,200,n,intermedia_global,(mu+lambda),1.0
EE,ackley,1,913,8.566480858007708e-13,182830,30,200,n,intermedia_global,(mu+lambda),1.0
EE,ackley,1,914,8.566480858007708e-13,183030,30,200,n,intermedia_global,(mu+lambda),1.0
EE,ackley,1,915,8.566480858007708e-13,183230,30,200,n,intermedia_global,(mu+lambda),1.0
EE,ackley,1,916,8.566480858007708e-13,183430,30,200,n,intermedia_global,(mu+lambda),1.0
EE,ackley,1,917,8.566480858007708e-13,183630,30,200,n,intermedia_global,(mu+lambda),1.0
EE,ackley,1,918,8.566480858007708e-13,183830,30,200,n,intermedia_global,(mu+lambda),1.0
EE,ackley,1,919,8.566480858007708e-13,184030,30,200,n,intermedia_global,(mu+lambda),1.0
EE,ackley,1,920,8.566480858007708e-13,184230,30,200,n,intermedia_global,(mu+lambda),1.0
EE,ackley,1,921,8.566480858007708e-13,184430,30,200,n,intermedia_global,(mu+lambda),1.0
EE,ackley,1,922,8.566480858007708e-13,184630,30,200,n,intermedia_global,(mu+lambda),1.0
EE,ackley,1,923,8.566480858007708e-13,184830,30,200,n,intermedia_global,(mu+lambda),1.0
EE,ackley,1,924,8.566480858007708e-13,185030,30,200,n,intermedia_global,(mu+lambda),1.0
EE,ackley,1,925,8.566480858007708e-13,185230,30,200,n,intermedia_global,(mu+lambda),1.0
EE,ackley,1,926,8.566480858007708e-13,185430,30,200,n,intermedia_global,(mu+lambda),1.0
EE,ackley,1,927,8.566480858007708e-13,185630,30,200,n,intermedia_global,(mu+lambda),1.0
EE,ackley,1,928,8.566480858007708e-13,185830,30,200,n,intermedia_global,(mu+lambda),1.0
EE,ackley,1,929,8.566480858007708e-13,186030,30,200,n,intermedia_global,(mu+lambda),1.0
EE,ackley,1,930,8.566480858007708e-13,186230,30,200,n,intermedia_global,(mu+lambda),1.0
EE,ackley,1,931,8.566480858007708e-13,186430,30,200,n,intermedia_global,(mu+lambda),1.0
EE,ackley,1,932,8.566480858007708e-13,186630,30,200,n,intermedia_global,(mu+lambda),1.0
EE,ackley,1,933,8.566480858007708e-13,186830,30,200,n,intermedia_global,(mu+lambda),1.0
EE,ackley,1,934,8.566480858007708e-13,187030,30,200,n,intermedia_global,(mu+lambda),1.0
EE,ackley,1,935,8.566480858007708e-13,187230,30,200,n,intermedia_global,(mu+lambda),1.0
EE,ackley,1,936,8.566480858007708e-13,187430,30,200,n,intermedia_global,(mu+lambda),1.0
EE,ackley,1,937,8.566480858007708e-13,187630,30,200,n,intermedia_global,(mu+lambda),1.0
EE,ackley,1,938,8.566480858007708e-13,187830,30,200,n,intermedia_global,(mu+lambda),1.0
EE,ackley,1,939,8.566480858007708e-13,188030,30,200,n,intermedia_global,(mu+lambda),1.0
EE,ackley,1,940,8.566480858007708e-13,188230,30,200,n,intermedia_global,(mu+lambda),1.0
EE,ackley,1,941,8.566480858007708e-13,188430,30,200,n,intermedia_global,(mu+lambda),1.0
EE,ackley,1,942,8.566480858007708e-13,188630,30,200,n,intermedia_global,(mu+lambda),1.0
EE,ackley,1,943,8.566480858007708e-13,188830,30,200,n,intermedia_global,(mu+lambda),1.0
EE,ackley,1,944,8.566480858007708e-13,189030,30,200,n,intermedia_global,(mu+lambda),1.0
EE,ackley,1,945,8.566480858007708e-13,189230,30,200,n,intermedia_global,(mu+lambda),1.0
EE,ackley,1,946,8.566480858007708e-13,189430,30,200,n,intermedia_global,(mu+lambda),1.0
EE,ackley,1,947,8.566480858007708e-13,189630,30,200,n,intermedia_global,(mu+lambda),1.0
EE,ackley,1,948,8.566480858007708e-13,189830,30,200,n,intermedia_global,(mu+lambda),1.0
EE,ackley,1,949,8.566480858007708e-13,190030,30,200,n,intermedia_global,(mu+lambda),1.0
EE,ackley,1,950,8.566480858007708e-13,190230,30,200,n,intermedia_global,(mu+lambda),1.0
EE,ackley,1,951,8.566480858007708e-13,190430,30,200,n,intermedia_global,(mu+lambda),1.0
EE,ackley,1,952,8.566480858007708e-13,190630,30,200,n,intermedia_global,(mu+lambda),1.0
EE,ackley,1,953,8.566480858007708e-13,190830,30,200,n,intermedia_global,(mu+lambda),1.0
EE,ackley,1,954,8.566480858007708e-13,191030,30,200,n,intermedia_global,(mu+lambda),1.0
EE,ackley,1,955,8.566480858007708e-13,191230,30,200,n,intermedia_global,(mu+lambda),1.0
EE,ackley,1,956,8.566480858007708e-13,191430,30,200,n,intermedia_global,(mu+lambda),1.0
EE,ackley,1,957,8.566480858007708e-13,191630,30,200,n,intermedia_global,(mu+lambda),1.0
EE,ackley,1,958,8.566480858007708e-13,191830,30,200,n,intermedia_global,(mu+lambda),1.0
EE,ackley,1,959,8.566480858007708e-13,192030,30,200,n,intermedia_global,(mu+lambda),1.0
EE,ackley,1,960,8.566480858007708e-13,192230,30,200,n,intermedia_global,(mu+lambda),1.0
EE,ackley,1,961,8.566480858007708e-13,192430,30,200,n,intermedia_global,(mu+lambda),1.0
EE,ackley,1,962,8.566480858007708e-13,192630,30,200,n,intermedia_global,(mu+lambda),1.0
EE,ackley,1,963,8.566480858007708e-13,192830,30,200,n,intermedia_global,(mu+lambda),1.0
EE,ackley,1,964,8.566480858007708e-13,193030,30,200,n,intermedia_global,(mu+lambda),1.0
EE,ackley,1,965,8.566480858007708e-13,193230,30,200,n,intermedia_global,(mu+lambda),1.0
EE,ackley,1,966,8.566480858007708e-13,193430,30,200,n,intermedia_global,(mu+lambda),1.0
EE,ackley,1,967,8.566480858007708e-13,193630,30,200,n,intermedia_global,(mu+lambda),1.0
EE,ackley,1,968,8.566480858007708e-13,193830,30,200,n,intermedia_global,(mu+lambda),1.0
EE,ackley,1,969,8.566480858007708e-13,194030,30,200,n,intermedia_global,(mu+lambda),1.0
EE,ackley,1,970,8.566480858007708e-13,194230,30,200,n,intermedia_global,(mu+lambda),1.0
EE,ackley,1,971,8.566480858007708e-13,194430,30,200,n,intermedia_global,(mu+lambda),1.0
EE,ackley,1,972,8.566480858007708e-13,194630,30,200,n,intermedia_global,(mu+lambda),1.0
EE,ackley,1,973,8.566480858007708e-13,194830,30,200,n,intermedia_global,(mu+lambda),1.0
EE,ackley,1,974,8.566480858007708e-13,195030,30,200,n,intermedia_global,(mu+lambda),1.0
EE,ackley,1,975,8.566480858007708e-13,195230,30,200,n,intermedia_global,(mu+lambda),1.0
EE,ackley,1,976,8.566480858007708e-13,195430,30,200,n,intermedia_global,(mu+lambda),1.0
EE,ackley,1,977,8.566480858007708e-13,195630,30,200,n,intermedia_global,(mu+lambda),1.0
EE,ackley,1,978,8.566480858007708e-13,195830,30,200,n,intermedia_global,(mu+lambda),1.0
EE,ackley,1,979,8.566480858007708e-13,196030,30,200,n,intermedia_global,(mu+lambda),1.0
EE,ackley,1,980,8.566480858007708e-13,196230,30,200,n,intermedia_global,(mu+lambda),1.0
EE,ackley,1,981,8.566480858007708e-13,196430,30,200,n,intermedia_global,(mu+lambda),1.0
EE,ackley,1,982,8.566480858007708e-13,196630,30,200,n,intermedia_global,(mu+lambda),1.0
EE,ackley,1,983,8.566480858007708e-13,196830,30,200,n,intermedia_global,(mu+lambda),1.0
EE,ackley,1,984,8.566480858007708e-13,197030,30,200,n,intermedia_global,(mu+lambda),1.0
EE,ackley,1,985,8.566480858007708e-13,197230,30,200,n,intermedia_global,(mu+lambda),1.0
EE,ackley,1,986,8.566480858007708e-13,197430,30,200,n,intermedia_global,(mu+lambda),1.0
EE,ackley,1,987,8.566480858007708e-13,197630,30,200,n,intermedia_global,(mu+lambda),1.0
EE,ackley,1,988,8.566480858007708e-13,197830,30,200,n,intermedia_global,(mu+lambda),1.0
EE,ackley,1,989,8.566480858007708e-13,198030,30,200,n,intermedia_global,(mu+lambda),1.0
EE,ackley,1,990,8.566480858007708e-13,198230,30,200,n,intermedia_global,(mu+lambda),1.0
EE,ackley,1,991,8.566480858007708e-13,198430,30,200,n,intermedia_global,(mu+lambda),1.0
EE,ackley,1,992,8.566480858007708e-13,198630,30,200,n,intermedia_global,(mu+lambda),1.0
EE,ackley,1,993,8.566480858007708e-13,198830,30,200,n,intermedia_global,(mu+lambda),1.0
EE,ackley,1,994,8.566480858007708e-13,199030,30,200,n,intermedia_global,(mu+lambda),1.0
EE,ackley,1,995,8.566480858007708e-13,199230,30,200,n,intermedia_global,(mu+lambda),1.0
EE,ackley,1,996,8.566480858007708e-13,199430,30,200,n,intermedia_global,(mu+lambda),1.0
EE,ackley,1,997,8.566480858007708e-13,199630,30,200,n,intermedia_global,(mu+lambda),1.0
EE,ackley,1,998,8.566480858007708e-13,199830,30,200,n,intermedia_global,(mu+lambda),1.0
EE,ackley,1,999,8.566480858007708e-13,200030,30,200,n,intermedia_global,(mu+lambda),1.0
EE,ackley,1,1000,8.566480858007708e-13,200230,30,200,n,intermedia_global,(mu+lambda),1.0
EE,ackley,1,1001,8.566480858007708e-13,200430,30,200,n,intermedia_global,(mu+lambda),1.0
EE,ackley,1,1002,8.566480858007708e-13,200630,30,200,n,intermedia_global,(mu+lambda),1.0
EE,ackley,1,1003,8.566480858007708e-13,200830,30,200,n,intermedia_global,(mu+lambda),1.0
EE,ackley,1,1004,8.566480858007708e-13,201030,30,200,n,intermedia_global,(mu+lambda),1.0
EE,ackley,1,1005,8.566480858007708e-13,201230,30,200,n,intermedia_global,(mu+lambda),1.0
EE,ackley,1,1006,8.566480858007708e-13,201430,30,200,n,intermedia_global,(mu+lambda),1.0
EE,ackley,1,1007,8.566480858007708e-13,201630,30,200,n,intermedia_global,(mu+lambda),1.0
EE,ackley,1,1008,8.566480858007708e-13,201830,30,200,n,intermedia_global,(mu+lambda),1.0
EE,ackley,1,1009,8.566480858007708e-13,202030,30,200,n,intermedia_global,(mu+lambda),1.0
EE,ackley,1,1010,8.566480858007708e-13,202230,30,200,n,intermedia_global,(mu+lambda),1.0
EE,ackley,1,1011,8.566480858007708e-13,202430,30,200,n,intermedia_global,(mu+lambda),1.0
EE,ackley,1,1012,8.566480858007708e-13,202630,30,200,n,intermedia_global,(mu+lambda),1.0
EE,ackley,1,1013,8.566480858007708e-13,202830,30,200,n,intermedia_global,(mu+lambda),1.0
EE,ackley,1,1014,8.566480858007708e-13,203030,30,200,n,intermedia_global,(mu+lambda),1.0
EE,ackley,1,1015,8.566480858007708e-13,203230,30,200,n,intermedia_global,(mu+lambda),1.0
EE,ackley,1,1016,8.566480858007708e-13,203430,30,200,n,intermedia_global,(mu+lambda),1.0
EE,ackley,1,1017,8.566480858007708e-13,203630,30,200,n,intermedia_global,(mu+lambda),1.0
EE,ackley,1,1018,8.566480858007708e-13,203830,30,200,n,intermedia_global,(mu+lambda),1.0
EE,ackley,1,1019,8.566480858007708e-13,204030,30,200,n,intermedia_global,(mu+lambda),1.0
EE,ackley,1,1020,8.566480858007708e-13,204230,30,200,n,intermedia_global,(mu+lambda),1.0
EE,ackley,1,1021,8.566480858007708e-13,204430,30,200,n,intermedia_global,(mu+lambda),1.0
EE,ackley,1,1022,8.566480858007708e-13,204630,30,200,n,intermedia_global,(mu+lambda),1.0
EE,ackley,1,1023,8.566480858007708e-13,204830,30,200,n,intermedia_global,(mu+lambda),1.0
EE,ackley,1,1024,8.566480858007708e-13,205030,30,200,n,intermedia_global,(mu+lambda),1.0
EE,ackley,1,1025,8.566480858007708e-13,205230,30,200,n,intermedia_global,(mu+lambda),1.0
EE,ackley,1,1026,8.566480858007708e-13,205430,30,200,n,intermedia_global,(mu+lambda),1.0
EE,ackley,1,1027,8.566480858007708e-13,205630,30,200,n,intermedia_global,(mu+lambda),1.0
EE,ackley,1,1028,8.566480858007708e-13,205830,30,200,n,intermedia_global,(mu+lambda),1.0
EE,ackley,1,1029,8.566480858007708e-13,206030,30,200,n,intermedia_global,(mu+lambda),1.0
EE,ackley,1,1030,8.566480858007708e-13,206230,30,200,n,intermedia_global,(mu+lambda),1.0
EE,ackley,1,1031,8.566480858007708e-13,206430,30,200,n,intermedia_global,(mu+lambda),1.0
EE,ackley,1,1032,8.566480858007708e-13,206630,30,200,n,intermedia_global,(mu+lambda),1.0
EE,ackley,1,1033,8.566480858007708e-13,206830,30,200,n,intermedia_global,(mu+lambda),1.0
EE,ackley,1,1034,8.566480858007708e-13,207030,30,200,n,intermedia_global,(mu+lambda),1.0
EE,ackley,1,1035,8.566480858007708e-13,207230,30,200,n,intermedia_global,(mu+lambda),1.0
EE,ackley,1,1036,8.566480858007708e-13,207430,30,200,n,intermedia_global,(mu+lambda),1.0
EE,ackley,1,1037,8.566480858007708e-13,207630,30,200,n,intermedia_global,(mu+lambda),1.0
EE,ackley,1,1038,8.566480858007708e-13,207830,30,200,n,intermedia_global,(mu+lambda),1.0
EE,ackley,1,1039,8.566480858007708e-13,208030,30,200,n,intermedia_global,(mu+lambda),1.0
EE,ackley,1,1040,8.566480858007708e-13,208230,30,200,n,intermedia_global,(mu+lambda),1.0
EE,ackley,1,1041,8.566480858007708e-13,208430,30,200,n,intermedia_global,(mu+lambda),1.0
EE,ackley,1,1042,8.566480858007708e-13,208630,30,200,n,intermedia_global,(mu+lambda),1.0
EE,ackley,1,1043,8.566480858007708e-13,208830,30,200,n,intermedia_global,(mu+lambda),1.0
EE,ackley,1,1044,8.566480858007708e-13,209030,30,200,n,intermedia_global,(mu+lambda),1.0
EE,ackley,1,1045,8.566480858007708e-13,209230,30,200,n,intermedia_global,(mu+lambda),1.0
EE,ackley,1,1046,8.566480858007708e-13,209430,30,200,n,intermedia_global,(mu+lambda),1.0
EE,ackley,1,1047,8.566480858007708e-13,209630,30,200,n,intermedia_global,(mu+lambda),1.0
EE,ackley,1,1048,8.566480858007708e-13,209830,30,200,n,intermedia_global,(mu+lambda),1.0
EE,ackley,1,1049,8.566480858007708e-13,210030,30,200,n,intermedia_global,(mu+lambda),1.0
EE,ackley,1,1050,8.566480858007708e-13,210230,30,200,n,intermedia_global,(mu+lambda),1.0
EE,ackley,1,1051,8.566480858007708e-13,210430,30,200,n,intermedia_global,(mu+lambda),1.0
EE,ackley,1,1052,8.566480858007708e-13,210630,30,200,n,intermedia_global,(mu+lambda),1.0
EE,ackley,1,1053,8.566480858007708e-13,210830,30,200,n,intermedia_global,(mu+lambda),1.0
EE,ackley,1,1054,8.566480858007708e-13,211030,30,200,n,intermedia_global,(mu+lambda),1.0
EE,ackley,1,1055,8.566480858007708e-13,211230,30,200,n,intermedia_global,(mu+lambda),1.0
EE,ackley,1,1056,8.566480858007708e-13,211430,30,200,n,intermedia_global,(mu+lambda),1.0
EE,ackley,1,1057,8.566480858007708e-13,211630,30,200,n,intermedia_global,(mu+lambda),1.0
EE,ackley,1,1058,8.566480858007708e-13,211830,30,200,n,intermedia_global,(mu+lambda),1.0
EE,ackley,1,1059,8.566480858007708e-13,212030,30,200,n,intermedia_global,(mu+lambda),1.0
EE,ackley,1,1060,8.566480858007708e-13,212230,30,200,n,intermedia_global,(mu+lambda),1.0
EE,ackley,1,1061,8.566480858007708e-13,212430,30,200,n,intermedia_global,(mu+lambda),1.0
EE,ackley,1,1062,8.566480858007708e-13,212630,30,200,n,intermedia_global,(mu+lambda),1.0
EE,ackley,1,1063,8.566480858007708e-13,212830,30,200,n,intermedia_global,(mu+lambda),1.0
EE,ackley,1,1064,8.566480858007708e-13,213030,30,200,n,intermedia_global,(mu+lambda),1.0
EE,ackley,1,1065,8.566480858007708e-13,213230,30,200,n,intermedia_global,(mu+lambda),1.0
EE,ackley,1,1066,8.566480858007708e-13,213430,30,200,n,intermedia_global,(mu+lambda),1.0
EE,ackley,1,1067,8.566480858007708e-13,213630,30,200,n,intermedia_global,(mu+lambda),1.0
EE,ackley,1,1068,8.566480858007708e-13,213830,30,200,n,intermedia_global,(mu+lambda),1.0
EE,ackley,1,1069,8.566480858007708e-13,214030,30,200,n,intermedia_global,(mu+lambda),1.0
EE,ackley,1,1070,8.566480858007708e-13,214230,30,200,n,intermedia_global,(mu+lambda),1.0
EE,ackley,1,1071,8.566480858007708e-13,214430,30,200,n,intermedia_global,(mu+lambda),1.0
EE,ackley,1,1072,8.566480858007708e-13,214630,30,200,n,intermedia_global,(mu+lambda),1.0
EE,ackley,1,1073,8.566480858007708e-13,214830,30,200,n,intermedia_global,(mu+lambda),1.0
EE,ackley,1,1074,8.566480858007708e-13,215030,30,200,n,intermedia_global,(mu+lambda),1.0
EE,ackley,1,1075,8.566480858007708e-13,215230,30,200,n,intermedia_global,(mu+lambda),1.0
EE,ackley,1,1076,8.566480858007708e-13,215430,30,200,n,intermedia_global,(mu+lambda),1.0
EE,ackley,1,1077,8.566480858007708e-13,215630,30,200,n,intermedia_global,(mu+lambda),1.0
EE,ackley,1,1078,8.566480858007708e-13,215830,30,200,n,intermedia_global,(mu+lambda),1.0
EE,ackley,1,1079,8.566480858007708e-13,216030,30,200,n,intermedia_global,(mu+lambda),1.0
EE,ackley,1,1080,8.566480858007708e-13,216230,30,200,n,intermedia_global,(mu+lambda),1.0
EE,ackley,1,1081,8.566480858007708e-13,216430,30,200,n,intermedia_global,(mu+lambda),1.0
EE,ackley,1,1082,8.566480858007708e-13,216630,30,200,n,intermedia_global,(mu+lambda),1.0
EE,ackley,1,1083,8.566480858007708e-13,216830,30,200,n,intermedia_global,(mu+lambda),1.0
EE,ackley,1,1084,8.566480858007708e-13,217030,30,200,n,intermedia_global,(mu+lambda),1.0
EE,ackley,1,1085,8.566480858007708e-13,217230,30,200,n,intermedia_global,(mu+lambda),1.0
EE,ackley,1,1086,8.566480858007708e-13,217430,30,200,n,intermedia_global,(mu+lambda),1.0
EE,ackley,1,1087,8.566480858007708e-13,217630,30,200,n,intermedia_global,(mu+lambda),1.0
EE,ackley,1,1088,8.566480858007708e-13,217830,30,200,n,intermedia_global,(mu+lambda),1.0
EE,ackley,1,1089,8.566480858007708e-13,218030,30,200,n,intermedia_global,(mu+lambda),1.0
EE,ackley,1,1090,8.566480858007708e-13,218230,30,200,n,intermedia_global,(mu+lambda),1.0
EE,ackley,1,1091,8.566480858007708e-13,218430,30,200,n,intermedia_global,(mu+lambda),1.0
EE,ackley,1,1092,8.566480858007708e-13,218630,30,200,n,intermedia_global,(mu+lambda),1.0
EE,ackley,1,1093,8.566480858007708e-13,218830,30,200,n,intermedia_global,(mu+lambda),1.0
EE,ackley,1,1094,8.566480858007708e-13,219030,30,200,n,intermedia_global,(mu+lambda),1.0
EE,ackley,1,1095,8.566480858007708e-13,219230,30,200,n,intermedia_global,(mu+lambda),1.0
EE,ackley,1,1096,8.566480858007708e-13,219430,30,200,n,intermedia_global,(mu+lambda),1.0
EE,ackley,1,1097,8.566480858007708e-13,219630,30,200,n,intermedia_global,(mu+lambda),1.0
EE,ackley,1,1098,8.566480858007708e-13,219830,30,200,n,intermedia_global,(mu+lambda),1.0
EE,ackley,1,1099,8.566480858007708e-13,220030,30,200,n,intermedia_global,(mu+lambda),1.0
EE,ackley,1,1100,8.566480858007708e-13,220230,30,200,n,intermedia_global,(mu+lambda),1.0
EE,ackley,1,1101,8.566480858007708e-13,220430,30,200,n,intermedia_global,(mu+lambda),1.0
EE,ackley,1,1102,8.566480858007708e-13,220630,30,200,n,intermedia_global,(mu+lambda),1.0
EE,ackley,1,1103,8.566480858007708e-13,220830,30,200,n,intermedia_global,(mu+lambda),1.0
EE,ackley,1,1104,8.566480858007708e-13,221030,30,200,n,intermedia_global,(mu+lambda),1.0
EE,ackley,1,1105,8.566480858007708e-13,221230,30,200,n,intermedia_global,(mu+lambda),1.0
EE,ackley,1,1106,8.566480858007708e-13,221430,30,200,n,intermedia_global,(mu+lambda),1.0
EE,ackley,1,1107,8.566480858007708e-13,221630,30,200,n,intermedia_global,(mu+lambda),1.0
EE,ackley,1,1108,8.566480858007708e-13,221830,30,200,n,intermedia_global,(mu+lambda),1.0
EE,ackley,1,1109,8.566480858007708e-13,222030,30,200,n,intermedia_global,(mu+lambda),1.0
EE,ackley,1,1110,8.566480858007708e-13,222230,30,200,n,intermedia_global,(mu+lambda),1.0
EE,ackley,1,1111,8.566480858007708e-13,222430,30,200,n,intermedia_global,(mu+lambda),1.0
EE,ackley,1,1112,8.566480858007708e-13,222630,30,200,n,intermedia_global,(mu+lambda),1.0
EE,ackley,1,1113,8.566480858007708e-13,222830,30,200,n,intermedia_global,(mu+lambda),1.0
EE,ackley,1,1114,8.566480858007708e-13,223030,30,200,n,intermedia_global,(mu+lambda),1.0
EE,ackley,1,1115,8.566480858007708e-13,223230,30,200,n,intermedia_global,(mu+lambda),1.0
EE,ackley,1,1116,8.566480858007708e-13,223430,30,200,n,intermedia_global,(mu+lambda),1.0
EE,ackley,1,1117,8.566480858007708e-13,223630,30,200,n,intermedia_global,(mu+lambda),1.0
EE,ackley,1,1118,8.566480858007708e-13,223830,30,200,n,intermedia_global,(mu+lambda),1.0
EE,ackley,1,1119,8.566480858007708e-13,224030,30,200,n,intermedia_global,(mu+lambda),1.0
EE,ackley,1,1120,8.566480858007708e-13,224230,30,200,n,intermedia_global,(mu+lambda),1.0
EE,ackley,1,1121,8.566480858007708e-13,224430,30,200,n,intermedia_global,(mu+lambda),1.0
EE,ackley,1,1122,8.566480858007708e-13,224630,30,200,n,intermedia_global,(mu+lambda),1.0
EE,ackley,1,1123,8.566480858007708e-13,224830,30,200,n,intermedia_global,(mu+lambda),1.0
EE,ackley,1,1124,8.566480858007708e-13,225030,30,200,n,intermedia_global,(mu+lambda),1.0
EE,ackley,1,1125,8.566480858007708e-13,225230,30,200,n,intermedia_global,(mu+lambda),1.0
EE,ackley,1,1126,8.566480858007708e-13,225430,30,200,n,intermedia_global,(mu+lambda),1.0
EE,ackley,1,1127,8.566480858007708e-13,225630,30,200,n,intermedia_global,(mu+lambda),1.0
EE,ackley,1,1128,8.566480858007708e-13,225830,30,200,n,intermedia_global,(mu+lambda),1.0
EE,ackley,1,1129,8.566480858007708e-13,226030,30,200,n,intermedia_global,(mu+lambda),1.0
EE,ackley,1,1130,8.566480858007708e-13,226230,30,200,n,intermedia_global,(mu+lambda),1.0
EE,ackley,1,1131,8.566480858007708e-13,226430,30,200,n,intermedia_global,(mu+lambda),1.0
EE,ackley,1,1132,8.566480858007708e-13,226630,30,200,n,intermedia_global,(mu+lambda),1.0
EE,ackley,1,1133,8.566480858007708e-13,226830,30,200,n,intermedia_global,(mu+lambda),1.0
EE,ackley,1,1134,8.566480858007708e-13,227030,30,200,n,intermedia_global,(mu+lambda),1.0
EE,ackley,1,1135,8.566480858007708e-13,227230,30,200,n,intermedia_global,(mu+lambda),1.0
EE,ackley,1,1136,8.566480858007708e-13,227430,30,200,n,intermedia_global,(mu+lambda),1.0
EE,ackley,1,1137,8.566480858007708e-13,227630,30,200,n,intermedia_global,(mu+lambda),1.0
EE,ackley,1,1138,8.566480858007708e-13,227830,30,200,n,intermedia_global,(mu+lambda),1.0
EE,ackley,1,1139,8.566480858007708e-13,228030,30,200,n,intermedia_global,(mu+lambda),1.0
EE,ackley,1,1140,8.566480858007708e-13,228230,30,200,n,intermedia_global,(mu+lambda),1.0
EE,ackley,1,1141,8.566480858007708e-13,228430,30,200,n,intermedia_global,(mu+lambda),1.0
EE,ackley,1,1142,8.566480858007708e-13,228630,30,200,n,intermedia_global,(mu+lambda),1.0
EE,ackley,1,1143,8.566480858007708e-13,228830,30,200,n,intermedia_global,(mu+lambda),1.0
EE,ackley,1,1144,8.566480858007708e-13,229030,30,200,n,intermedia_global,(mu+lambda),1.0
EE,ackley,1,1145,8.566480858007708e-13,229230,30,200,n,intermedia_global,(mu+lambda),1.0
EE,ackley,1,1146,8.566480858007708e-13,229430,30,200,n,intermedia_global,(mu+lambda),1.0
EE,ackley,1,1147,8.566480858007708e-13,229630,30,200,n,intermedia_global,(mu+lambda),1.0
EE,ackley,1,1148,8.566480858007708e-13,229830,30,200,n,intermedia_global,(mu+lambda),1.0
EE,ackley,1,1149,8.566480858007708e-13,230030,30,200,n,intermedia_global,(mu+lambda),1.0
EE,ackley,1,1150,8.566480858007708e-13,230230,30,200,n,intermedia_global,(mu+lambda),1.0
EE,ackley,1,1151,8.566480858007708e-13,230430,30,200,n,intermedia_global,(mu+lambda),1.0
EE,ackley,1,1152,8.566480858007708e-13,230630,30,200,n,intermedia_global,(mu+lambda),1.0
EE,ackley,1,1153,8.566480858007708e-13,230830,30,200,n,intermedia_global,(mu+lambda),1.0
EE,ackley,1,1154,8.566480858007708e-13,231030,30,200,n,intermedia_global,(mu+lambda),1.0
EE,ackley,1,1155,8.566480858007708e-13,231230,30,200,n,intermedia_global,(mu+lambda),1.0
EE,ackley,1,1156,8.566480858007708e-13,231430,30,200,n,intermedia_global,(mu+lambda),1.0
EE,ackley,1,1157,8.566480858007708e-13,231630,30,200,n,intermedia_global,(mu+lambda),1.0
EE,ackley,1,1158,8.566480858007708e-13,231830,30,200,n,intermedia_global,(mu+lambda),1.0
EE,ackley,1,1159,8.566480858007708e-13,232030,30,200,n,intermedia_global,(mu+lambda),1.0
EE,ackley,1,1160,8.566480858007708e-13,232230,30,200,n,intermedia_global,(mu+lambda),1.0
EE,ackley,1,1161,8.566480858007708e-13,232430,30,200,n,intermedia_global,(mu+lambda),1.0
EE,ackley,1,1162,8.566480858007708e-13,232630,30,200,n,intermedia_global,(mu+lambda),1.0
EE,ackley,1,1163,8.566480858007708e-13,232830,30,200,n,intermedia_global,(mu+lambda),1.0
EE,ackley,1,1164,8.566480858007708e-13,233030,30,200,n,intermedia_global,(mu+lambda),1.0
EE,ackley,1,1165,8.566480858007708e-13,233230,30,200,n,intermedia_global,(mu+lambda),1.0
EE,ackley,1,1166,8.566480858007708e-13,233430,30,200,n,intermedia_global,(mu+lambda),1.0
EE,ackley,1,1167,8.566480858007708e-13,233630,30,200,n,intermedia_global,(mu+lambda),1.0
EE,ackley,1,1168,8.566480858007708e-13,233830,30,200,n,intermedia_global,(mu+lambda),1.0
EE,ackley,1,1169,8.566480858007708e-13,234030,30,200,n,intermedia_global,(mu+lambda),1.0
EE,ackley,1,1170,8.566480858007708e-13,234230,30,200,n,intermedia_global,(mu+lambda),1.0
EE,ackley,1,1171,8.566480858007708e-13,234430,30,200,n,intermedia_global,(mu+lambda),1.0
EE,ackley,1,1172,8.566480858007708e-13,234630,30,200,n,intermedia_global,(mu+lambda),1.0
EE,ackley,1,1173,8.566480858007708e-13,234830,30,200,n,intermedia_global,(mu+lambda),1.0
EE,ackley,1,1174,8.566480858007708e-13,235030,30,200,n,intermedia_global,(mu+lambda),1.0
EE,ackley,1,1175,8.566480858007708e-13,235230,30,200,n,intermedia_global,(mu+lambda),1.0
EE,ackley,1,1176,8.566480858007708e-13,235430,30,200,n,intermedia_global,(mu+lambda),1.0
EE,ackley,1,1177,8.566480858007708e-13,235630,30,200,n,intermedia_global,(mu+lambda),1.0
EE,ackley,1,1178,8.566480858007708e-13,235830,30,200,n,intermedia_global,(mu+lambda),1.0
EE,ackley,1,1179,8.566480858007708e-13,236030,30,200,n,intermedia_global,(mu+lambda),1.0
EE,ackley,1,1180,8.566480858007708e-13,236230,30,200,n,intermedia_global,(mu+lambda),1.0
EE,ackley,1,1181,8.566480858007708e-13,236430,30,200,n,intermedia_global,(mu+lambda),1.0
EE,ackley,1,1182,8.566480858007708e-13,236630,30,200,n,intermedia_global,(mu+lambda),1.0
EE,ackley,1,1183,8.566480858007708e-13,236830,30,200,n,intermedia_global,(mu+lambda),1.0
EE,ackley,1,1184,8.566480858007708e-13,237030,30,200,n,intermedia_global,(mu+lambda),1.0
EE,ackley,1,1185,8.566480858007708e-13,237230,30,200,n,intermedia_global,(mu+lambda),1.0
EE,ackley,1,1186,8.566480858007708e-13,237430,30,200,n,intermedia_global,(mu+lambda),1.0
EE,ackley,1,1187,8.566480858007708e-13,237630,30,200,n,intermedia_global,(mu+lambda),1.0
EE,ackley,1,1188,8.566480858007708e-13,237830,30,200,n,intermedia_global,(mu+lambda),1.0
EE,ackley,1,1189,8.566480858007708e-13,238030,30,200,n,intermedia_global,(mu+lambda),1.0
EE,ackley,1,1190,8.566480858007708e-13,238230,30,200,n,intermedia_global,(mu+lambda),1.0
EE,ackley,1,1191,8.566480858007708e-13,238430,30,200,n,intermedia_global,(mu+lambda),1.0
EE,ackley,1,1192,8.566480858007708e-13,238630,30,200,n,intermedia_global,(mu+lambda),1.0
EE,ackley,1,1193,8.566480858007708e-13,238830,30,200,n,intermedia_global,(mu+lambda),1.0
EE,ackley,1,1194,8.566480858007708e-13,239030,30,200,n,intermedia_global,(mu+lambda),1.0
EE,ackley,1,1195,8.566480858007708e-13,239230,30,200,n,intermedia_global,(mu+lambda),1.0
EE,ackley,1,1196,8.566480858007708e-13,239430,30,200,n,intermedia_global,(mu+lambda),1.0
EE,ackley,1,1197,8.566480858007708e-13,239630,30,200,n,intermedia_global,(mu+lambda),1.0
EE,ackley,1,1198,8.566480858007708e-13,239830,30,200,n,intermedia_global,(mu+lambda),1.0
EE,ackley,1,1199,8.566480858007708e-13,240030,30,200,n,intermedia_global,(mu+lambda),1.0
EE,ackley,2,0,10.073896005877382,230,30,200,n,intermedia_global,(mu+lambda),1.0
EE,ackley,2,1,8.58077084258356,430,30,200,n,intermedia_global,(mu+lambda),1.0
EE,ackley,2,2,6.549631695018835,630,30,200,n,intermedia_global,(mu+lambda),1.0
EE,ackley,2,3,5.450767349157157,830,30,200,n,intermedia_global,(mu+lambda),1.0
EE,ackley,2,4,4.396062646775398,1030,30,200,n,intermedia_global,(mu+lambda),1.0
EE,ackley,2,5,3.410074431555359,1230,30,200,n,intermedia_global,(mu+lambda),1.0
EE,ackley,2,6,3.410074431555359,1430,30,200,n,intermedia_global,(mu+lambda),1.0
EE,ackley,2,7,3.0759553765215135,1630,30,200,n,intermedia_global,(mu+lambda),1.0
EE,ackley,2,8,2.7511965622557146,1830,30,200,n,intermedia_global,(mu+lambda),1.0
EE,ackley,2,9,2.7511965622557146,2030,30,200,n,intermedia_global,(mu+lambda),1.0
EE,ackley,2,10,2.5003980548573073,2230,30,200,n,intermedia_global,(mu+lambda),1.0
EE,ackley,2,11,2.0853338606890763,2430,30,200,n,intermedia_global,(mu+lambda),1.0
EE,ackley,2,12,1.144318699276472,2630,30,200,n,intermedia_global,(mu+lambda),1.0
EE,ackley,2,13,1.144318699276472,2830,30,200,n,intermedia_global,(mu+lambda),1.0
EE,ackley,2,14,1.144318699276472,3030,30,200,n,intermedia_global,(mu+lambda),1.0
EE,ackley,2,15,1.144318699276472,3230,30,200,n,intermedia_global,(mu+lambda),1.0
EE,ackley,2,16,1.144318699276472,3430,30,200,n,intermedia_global,(mu+lambda),1.0
EE,ackley,2,17,0.9749041669553802,3630,30,200,n,intermedia_global,(mu+lambda),1.0
EE,ackley,2,18,0.9749041669553802,3830,30,200,n,intermedia_global,(mu+lambda),1.0
EE,ackley,2,19,0.8183845113226558,4030,30,200,n,intermedia_global,(mu+lambda),1.0
EE,ackley,2,20,0.8183845113226558,4230,30,200,n,intermedia_global,(mu+lambda),1.0
EE,ackley,2,21,0.7114752487129405,4430,30,200,n,intermedia_global,(mu+lambda),1.0
EE,ackley,2,22,0.6128756719042099,4630,30,200,n,intermedia_global,(mu+lambda),1.0
EE,ackley,2,23,0.36931246812833907,4830,30,200,n,intermedia_global,(mu+lambda),1.0
EE,ackley,2,24,0.26648965890420273,5030,30,200,n,intermedia_global,(mu+lambda),1.0
EE,ackley,2,25,0.26648965890420273,5230,30,200,n,intermedia_global,(mu+lambda),1.0
EE,ackley,2,26,0.26648965890420273,5430,30,200,n,intermedia_global,(mu+lambda),1.0
EE,ackley,2,27,0.26648965890420273,5630,30,200,n,intermedia_global,(mu+lambda),1.0
EE,ackley,2,28,0.19558856841187522,5830,30,200,n,intermedia_global,(mu+lambda),1.0
EE,ackley,2,29,0.1393130491872907,6030,30,200,n,intermedia_global,(mu+lambda),1.0
EE,ackley,2,30,0.11760225109129552,6230,30,200,n,intermedia_global,(mu+lambda),1.0
EE,ackley,2,31,0.11760225109129552,6430,30,200,n,intermedia_global,(mu+lambda),1.0
EE,ackley,2,32,0.09892787990101626,6630,30,200,n,intermedia_global,(mu+lambda),1.0
EE,ackley,2,33,0.0958694900743926,6830,30,200,n,intermedia_global,(mu+lambda),1.0
EE,ackley,2,34,0.0763313135474033,7030,30,200,n,intermedia_global,(mu+lambda),1.0
EE,ackley,2,35,0.052669039516246574,7230,30,200,n,intermedia_global,(mu+lambda),1.0
EE,ackley,2,36,0.049734094095800874,7430,30,200,n,intermedia_global,(mu+lambda),1.0
EE,ackley,2,37,0.03947259959656124,7630,30,200,n,intermedia_global,(mu+lambda),1.0
EE,ackley,2,38,0.030322235781096385,7830,30,200,n,intermedia_global,(mu+lambda),1.0
EE,ackley,2,39,0.02833229401354176,8030,30,200,n,intermedia_global,(mu+lambda),1.0
EE,ackley,2,40,0.02833229401354176,8230,30,200,n,intermedia_global,(mu+lambda),1.0
EE,ackley,2,41,0.020821750406871065,8430,30,200,n,intermedia_global,(mu+lambda),1.0
EE,ackley,2,42,0.020821750406871065,8630,30,200,n,intermedia_global,(mu+lambda),1.0
EE,ackley,2,43,0.020821750406871065,8830,30,200,n,intermedia_global,(mu+lambda),1.0
EE,ackley,2,44,0.020821750406871065,9030,30,200,n,intermedia_global,(mu+lambda),1.0
EE,ackley,2,45,0.020821750406871065,9230,30,200,n,intermedia_global,(mu+lambda),1.0
EE,ackley,2,46,0.017986891456282184,9430,30,200,n,intermedia_global,(mu+lambda),1.0
EE,ackley,2,47,0.013802525587167214,9630,30,200,n,intermedia_global,(mu+lambda),1.0
EE,ackley,2,48,0.013802525587167214,9830,30,200,n,intermedia_global,(mu+lambda),1.0
EE,ackley,2,49,0.013802525587167214,10030,30,200,n,intermedia_global,(mu+lambda),1.0
EE,ackley,2,50,0.012551566545738968,10230,30,200,n,intermedia_global,(mu+lambda),1.0
EE,ackley,2,51,0.012551566545738968,10430,30,200,n,intermedia_global,(mu+lambda),1.0
EE,ackley,2,52,0.010023824165554363,10630,30,200,n,intermedia_global,(mu+lambda),1.0
EE,ackley,2,53,0.009522508118859907,10830,30,200,n,intermedia_global,(mu+lambda),1.0
EE,ackley,2,54,0.007759277294500766,11030,30,200,n,intermedia_global,(mu+lambda),1.0
EE,ackley,2,55,0.0064330518450579355,11230,30,200,n,intermedia_global,(mu+lambda),1.0
EE,ackley,2,56,0.0064330518450579355,11430,30,200,n,intermedia_global,(mu+lambda),1.0
EE,ackley,2,57,0.0064330518450579355,11630,30,200,n,intermedia_global,(mu+lambda),1.0
EE,ackley,2,58,0.004740016850892648,11830,30,200,n,intermedia_global,(mu+lambda),1.0
EE,ackley,2,59,0.004740016850892648,12030,30,200,n,intermedia_global,(mu+lambda),1.0
EE,ackley,2,60,0.0030920993832492805,12230,30,200,n,intermedia_global,(mu+lambda),1.0
EE,ackley,2,61,0.0026285178037643853,12430,30,200,n,intermedia_global,(mu+lambda),1.0
EE,ackley,2,62,0.0026285178037643853,12630,30,200,n,intermedia_global,(mu+lambda),1.0
EE,ackley,2,63,0.0026285178037643853,12830,30,200,n,intermedia_global,(mu+lambda),1.0
EE,ackley,2,64,0.0026285178037643853,13030,30,200,n,intermedia_global,(mu+lambda),1.0
EE,ackley,2,65,0.0026285178037643853,13230,30,200,n,intermedia_global,(mu+lambda),1.0
EE,ackley,2,66,0.00247119638211446,13430,30,200,n,intermedia_global,(mu+lambda),1.0
EE,ackley,2,67,0.00247119638211446,13630,30,200,n,intermedia_global,(mu+lambda),1.0
EE,ackley,2,68,0.00247119638211446,13830,30,200,n,intermedia_global,(mu+lambda),1.0
EE,ackley,2,69,0.00247119638211446,14030,30,200,n,intermedia_global,(mu+lambda),1.0
EE,ackley,2,70,0.0012936181944493974,14230,30,200,n,intermedia_global,(mu+lambda),1.0
EE,ackley,2,71,0.0012936181944493974,14430,30,200,n,intermedia_global,(mu+lambda),1.0
EE,ackley,2,72,0.0012936181944493974,14630,30,200,n,intermedia_global,(mu+lambda),1.0
EE,ackley,2,73,0.0012936181944493974,14830,30,200,n,intermedia_global,(mu+lambda),1.0
EE,ackley,2,74,0.0011717136154918428,15030,30,200,n,intermedia_global,(mu+lambda),1.0
EE,ackley,2,75,0.0011717136154918428,15230,30,200,n,intermedia_global,(mu+lambda),1.0
EE,ackley,2,76,0.0008962035128559087,15430,30,200,n,intermedia_global,(mu+lambda),1.0
EE,ackley,2,77,0.0008962035128559087,15630,30,200,n,intermedia_global,(mu+lambda),1.0
EE,ackley,2,78,0.0007247666833696265,15830,30,200,n,intermedia_global,(mu+lambda),1.0
EE,ackley,2,79,0.0007247666833696265,16030,30,200,n,intermedia_global,(mu+lambda),1.0
EE,ackley,2,80,0.0006356577173645128,16230,30,200,n,intermedia_global,(mu+lambda),1.0
EE,ackley,2,81,0.0006356577173645128,16430,30,200,n,intermedia_global,(mu+lambda),1.0
EE,ackley,2,82,0.00036290905734093215,16630,30,200,n,intermedia_global,(mu+lambda),1.0
EE,ackley,2,83,0.00036290905734093215,16830,30,200,n,intermedia_global,(mu+lambda),1.0
EE,ackley,2,84,0.00036290905734093215,17030,30,200,n,intermedia_global,(mu+lambda),1.0
EE,ackley,2,85,0.00036290905734093215,17230,30,200,n,intermedia_global,(mu+lambda),1.0
EE,ackley,2,86,0.00036290905734093215,17430,30,200,n,intermedia_global,(mu+lambda),1.0
EE,ackley,2,87,0.00036290905734093215,17630,30,200,n,intermedia_global,(mu+lambda),1.0
EE,ackley,2,88,0.00036290905734093215,17830,30,200,n,intermedia_global,(mu+lambda),1.0
EE,ackley,2,89,0.00036290905734093215,18030,30,200,n,intermedia_global,(mu+lambda),1.0
EE,ackley,2,90,0.0003175018272547625,18230,30,200,n,intermedia_global,(mu+lambda),1.0
EE,ackley,2,91,0.0003175018272547625,18430,30,200,n,intermedia_global,(mu+lambda),1.0
EE,ackley,2,92,0.0003175018272547625,18630,30,200,n,intermedia_global,(mu+lambda),1.0
EE,ackley,2,93,0.000275937266078774,18830,30,200,n,intermedia_global,(mu+lambda),1.0
EE,ackley,2,94,0.00021320053046069987,19030,30,200,n,intermedia_global,(mu+lambda),1.0
EE,ackley,2,95,0.00021320053046069987,19230,30,200,n,intermedia_global,(mu+lambda),1.0
EE,ackley,2,96,0.00016077753303678222,19430,30,200,n,intermedia_global,(mu+lambda),1.0
EE,ackley,2,97,0.00016077753303678222,19630,30,200,n,intermedia_global,(mu+lambda),1.0
EE,ackley,2,98,0.00016077753303678222,19830,30,200,n,intermedia_global,(mu+lambda),1.0
EE,ackley,2,99,0.00012132339396986325,20030,30,200,n,intermedia_global,(mu+lambda),1.0
EE,ackley,2,100,0.00012132339396986325,20230,30,200,n,intermedia_global,(mu+lambda),1.0
EE,ackley,2,101,0.00012132339396986325,20430,30,200,n,intermedia_global,(mu+lambda),1.0
EE,ackley,2,102,0.00012132339396986325,20630,30,200,n,intermedia_global,(mu+lambda),1.0
EE,ackley,2,103,0.00012132339396986325,20830,30,200,n,intermedia_global,(mu+lambda),1.0
EE,ackley,2,104,9.889071804325411e-05,21030,30,200,n,intermedia_global,(mu+lambda),1.0
EE,ackley,2,105,8.850457011222446e-05,21230,30,200,n,intermedia_global,(mu+lambda),1.0
EE,ackley,2,106,8.850457011222446e-05,21430,30,200,n,intermedia_global,(mu+lambda),1.0
EE,ackley,2,107,6.233173570580064e-05,21630,30,200,n,intermedia_global,(mu+lambda),1.0
EE,ackley,2,108,6.233173570580064e-05,21830,30,200,n,intermedia_global,(mu+lambda),1.0
EE,ackley,2,109,6.233173570580064e-05,22030,30,200,n,intermedia_global,(mu+lambda),1.0
EE,ackley,2,110,6.233173570580064e-05,22230,30,200,n,intermedia_global,(mu+lambda),1.0
EE,ackley,2,111,5.598438809473194e-05,22430,30,200,n,intermedia_global,(mu+lambda),1.0
EE,ackley,2,112,5.598438809473194e-05,22630,30,200,n,intermedia_global,(mu+lambda),1.0
EE,ackley,2,113,5.598438809473194e-05,22830,30,200,n,intermedia_global,(mu+lambda),1.0
EE,ackley,2,114,5.276581033486494e-05,23030,30,200,n,intermedia_global,(mu+lambda),1.0
EE,ackley,2,115,5.276581033486494e-05,23230,30,200,n,intermedia_global,(mu+lambda),1.0
EE,ackley,2,116,5.276581033486494e-05,23430,30,200,n,intermedia_global,(mu+lambda),1.0
EE,ackley,2,117,5.066387262830929e-05,23630,30,200,n,intermedia_global,(mu+lambda),1.0
EE,ackley,2,118,4.379494058470712e-05,23830,30,200,n,intermedia_global,(mu+lambda),1.0
EE,ackley,2,119,4.379494058470712e-05,24030,30,200,n,intermedia_global,(mu+lambda),1.0
EE,ackley,2,120,3.6875609176423296e-05,24230,30,200,n,intermedia_global,(mu+lambda),1.0
EE,ackley,2,121,3.524639363350346e-05,24430,30,200,n,intermedia_global,(mu+lambda),1.0
EE,ackley,2,122,3.266374403709804e-05,24630,30,200,n,intermedia_global,(mu+lambda),1.0
EE,ackley,2,123,1.545752127940503e-05,24830,30,200,n,intermedia_global,(mu+lambda),1.0
EE,ackley,2,124,1.545752127940503e-05,25030,30,200,n,intermedia_global,(mu+lambda),1.0
EE,ackley,2,125,1.545752127940503e-05,25230,30,200,n,intermedia_global,(mu+lambda),1.0
EE,ackley,2,126,1.3468363583957199e-05,25430,30,200,n,intermedia_global,(mu+lambda),1.0
EE,ackley,2,127,1.0952709658784698e-05,25630,30,200,n,intermedia_global,(mu+lambda),1.0
EE,ackley,2,128,1.0952709658784698e-05,25830,30,200,n,intermedia_global,(mu+lambda),1.0
EE,ackley,2,129,1.0952709658784698e-05,26030,30,200,n,intermedia_global,(mu+lambda),1.0
EE,ackley,2,130,1.0952709658784698e-05,26230,30,200,n,intermedia_global,(mu+lambda),1.0
EE,ackley,2,131,5.018308425253082e-06,26430,30,200,n,intermedia_global,(mu+lambda),1.0
EE,ackley,2,132,5.018308425253082e-06,26630,30,200,n,intermedia_global,(mu+lambda),1.0
EE,ackley,2,133,5.018308425253082e-06,26830,30,200,n,intermedia_global,(mu+lambda),1.0
EE,ackley,2,134,5.018308425253082e-06,27030,30,200,n,intermedia_global,(mu+lambda),1.0
EE,ackley,2,135,5.018308425253082e-06,27230,30,200,n,intermedia_global,(mu+lambda),1.0
EE,ackley,2,136,4.572624320520191e-06,27430,30,200,n,intermedia_global,(mu+lambda),1.0
EE,ackley,2,137,2.675114995742689e-06,27630,30,200,n,intermedia_global,(mu+lambda),1.0
EE,ackley,2,138,2.675114995742689e-06,27830,30,200,n,intermedia_global,(mu+lambda),1.0
EE,ackley,2,139,2.675114995742689e-06,28030,30,200,n,intermedia_global,(mu+lambda),1.0
EE,ackley,2,140,2.0424649247452464e-06,28230,30,200,n,intermedia_global,(mu+lambda),1.0
EE,ackley,2,141,1.8553422482803228e-06,28430,30,200,n,intermedia_global,(mu+lambda),1.0
EE,ackley,2,142,1.8553422482803228e-06,28630,30,200,n,intermedia_global,(mu+lambda),1.0
EE,ackley,2,143,1.8553422482803228e-06,28830,30,200,n,intermedia_global,(mu+lambda),1.0
EE,ackley,2,144,1.5857755362169712e-06,29030,30,200,n,intermedia_global,(mu+lambda),1.0
EE,ackley,2,145,1.5857755362169712e-06,29230,30,200,n,intermedia_global,(mu+lambda),1.0
EE,ackley,2,146,1.3636165019370594e-06,29430,30,200,n,intermedia_global,(mu+lambda),1.0
EE,ackley,2,147,1.1037518956591441e-06,29630,30,200,n,intermedia_global,(mu+lambda),1.0
EE,ackley,2,148,1.011046621091083e-06,29830,30,200,n,intermedia_global,(mu+lambda),1.0
EE,ackley,2,149,8.455656446137993e-07,30030,30,200,n,intermedia_global,(mu+lambda),1.0
EE,ackley,2,150,8.455656446137993e-07,30230,30,200,n,intermedia_global,(mu+lambda),1.0
EE,ackley,2,151,6.884929217854108e-07,30430,30,200,n,intermedia_global,(mu+lambda),1.0
EE,ackley,2,152,5.987838211929386e-07,30630,30,200,n,intermedia_global,(mu+lambda),1.0
EE,ackley,2,153,5.553527135937486e-07,30830,30,200,n,intermedia_global,(mu+lambda),1.0
EE,ackley,2,154,5.321966551896651e-07,31030,30,200,n,intermedia_global,(mu+lambda),1.0
EE,ackley,2,155,4.785293836739868e-07,31230,30,200,n,intermedia_global,(mu+lambda),1.0
EE,ackley,2,156,3.7637978467230937e-07,31430,30,200,n,intermedia_global,(mu+lambda),1.0
EE,ackley,2,157,3.139784934269585e-07,31630,30,200,n,intermedia_global,(mu+lambda),1.0
EE,ackley,2,158,2.824911047305534e-07,31830,30,200,n,intermedia_global,(mu+lambda),1.0
EE,ackley,2,159,2.4583571134328963e-07,32030,30,200,n,intermedia_global,(mu+lambda),1.0
EE,ackley,2,160,1.905492088560834e-07,32230,30,200,n,intermedia_global,(mu+lambda),1.0
EE,ackley,2,161,1.3825578948356565e-07,32430,30,200,n,intermedia_global,(mu+lambda),1.0
EE,ackley,2,162,1.3825578948356565e-07,32630,30,200,n,intermedia_global,(mu+lambda),1.0
EE,ackley,2,163,1.1680585432216617e-07,32830,30,200,n,intermedia_global,(mu+lambda),1.0
EE,ackley,2,164,1.0204071587693875e-07,33030,30,200,n,intermedia_global,(mu+lambda),1.0
EE,ackley,2,165,1.0204071587693875e-07,33230,30,200,n,intermedia_global,(mu+lambda),1.0
EE,ackley,2,166,8.205785961834522e-08,33430,30,200,n,intermedia_global,(mu+lambda),1.0
EE,ackley,2,167,6.972102584157369e-08,33630,30,200,n,intermedia_global,(mu+lambda),1.0
EE,ackley,2,168,6.972102584157369e-08,33830,30,200,n,intermedia_global,(mu+lambda),1.0
EE,ackley,2,169,6.088788895297625e-08,34030,30,200,n,intermedia_global,(mu+lambda),1.0
EE,ackley,2,170,4.310200951707088e-08,34230,30,200,n,intermedia_global,(mu+lambda),1.0
EE,ackley,2,171,4.310200951707088e-08,34430,30,200,n,intermedia_global,(mu+lambda),1.0
EE,ackley,2,172,2.7448660677720227e-08,34630,30,200,n,intermedia_global,(mu+lambda),1.0
EE,ackley,2,173,2.7448660677720227e-08,34830,30,200,n,intermedia_global,(mu+lambda),1.0
EE,ackley,2,174,2.7448660677720227e-08,35030,30,200,n,intermedia_global,(mu+lambda),1.0
EE,ackley,2,175,1.9203291845570902e-08,35230,30,200,n,intermedia_global,(mu+lambda),1.0
EE,ackley,2,176,1.9203291845570902e-08,35430,30,200,n,intermedia_global,(mu+lambda),1.0
EE,ackley,2,177,1.902944335441248e-08,35630,30,200,n,intermedia_global,(mu+lambda),1.0
EE,ackley,2,178,1.480438571732634e-08,35830,30,200,n,intermedia_global,(mu+lambda),1.0
EE,ackley,2,179,9.924786770199034e-09,36030,30,200,n,intermedia_global,(mu+lambda),1.0
EE,ackley,2,180,9.924786770199034e-09,36230,30,200,n,intermedia_global,(mu+lambda),1.0
EE,ackley,2,181,9.924786770199034e-09,36430,30,200,n,intermedia_global,(mu+lambda),1.0
EE,ackley,2,182,9.268049883104368e-09,36630,30,200,n,intermedia_global,(mu+lambda),1.0
EE,ackley,2,183,9.268049883104368e-09,36830,30,200,n,intermedia_global,(mu+lambda),1.0
EE,ackley,2,184,9.268049883104368e-09,37030,30,200,n,intermedia_global,(mu+lambda),1.0
EE,ackley,2,185,9.250382237979693e-09,37230,30,200,n,intermedia_global,(mu+lambda),1.0
EE,ackley,2,186,9.250382237979693e-09,37430,30,200,n,intermedia_global,(mu+lambda),1.0
EE,ackley,2,187,9.250382237979693e-09,37630,30,200,n,intermedia_global,(mu+lambda),1.0
EE,ackley,2,188,8.321219713280925e-09,37830,30,200,n,intermedia_global,(mu+lambda),1.0
EE,ackley,2,189,6.638348981624631e-09,38030,30,200,n,intermedia_global,(mu+lambda),1.0
EE,ackley,2,190,6.352401715759015e-09,38230,30,200,n,intermedia_global,(mu+lambda),1.0
EE,ackley,2,191,4.526154118167369e-09,38430,30,200,n,intermedia_global,(mu+lambda),1.0
EE,ackley,2,192,4.526154118167369e-09,38630,30,200,n,intermedia_global,(mu+lambda),1.0
EE,ackley,2,193,3.6951814941232897e-09,38830,30,200,n,intermedia_global,(mu+lambda),1.0
EE,ackley,2,194,3.6951814941232897e-09,39030,30,200,n,intermedia_global,(mu+lambda),1.0
EE,ackley,2,195,3.674501147798992e-09,39230,30,200,n,intermedia_global,(mu+lambda),1.0
EE,ackley,2,196,3.2867686350357417e-09,39430,30,200,n,intermedia_global,(mu+lambda),1.0
EE,ackley,2,197,3.0051663379992988e-09,39630,30,200,n,intermedia_global,(mu+lambda),1.0
EE,ackley,2,198,2.0759398644543126e-09,39830,30,200,n,intermedia_global,(mu+lambda),1.0
EE,ackley,2,199,2.0759398644543126e-09,40030,30,200,n,intermedia_global,(mu+lambda),1.0
EE,ackley,2,200,2.0759398644543126e-09,40230,30,200,n,intermedia_global,(mu+lambda),1.0
EE,ackley,2,201,1.732289423017619e-09,40430,30,200,n,intermedia_global,(mu+lambda),1.0
EE,ackley,2,202,1.732289423017619e-09,40630,30,200,n,intermedia_global,(mu+lambda),1.0
EE,ackley,2,203,1.4757337574167195e-09,40830,30,200,n,intermedia_global,(mu+lambda),1.0
EE,ackley,2,204,1.1173466596403614e-09,41030,30,200,n,intermedia_global,(mu+lambda),1.0
EE,ackley,2,205,8.495999459512404e-10,41230,30,200,n,intermedia_global,(mu+lambda),1.0
EE,ackley,2,206,6.451483791636292e-10,41430,30,200,n,intermedia_global,(mu+lambda),1.0
EE,ackley,2,207,6.451483791636292e-10,41630,30,200,n,intermedia_global,(mu+lambda),1.0
EE,ackley,2,208,5.222067223087379e-10,41830,30,200,n,intermedia_global,(mu+lambda),1.0
EE,ackley,2,209,5.222067223087379e-10,42030,30,200,n,intermedia_global,(mu+lambda),1.0
EE,ackley,2,210,4.5903947309966497e-10,42230,30,200,n,intermedia_global,(mu+lambda),1.0
EE,ackley,2,211,3.806275294948591e-10,42430,30,200,n,intermedia_global,(mu+lambda),1.0
EE,ackley,2,212,3.5390401720292175e-10,42630,30,200,n,intermedia_global,(mu+lambda),1.0
EE,ackley,2,213,3.5390401720292175e-10,42830,30,200,n,intermedia_global,(mu+lambda),1.0
EE,ackley,2,214,2.789168895844796e-10,43030,30,200,n,intermedia_global,(mu+lambda),1.0
EE,ackley,2,215,2.571636237291841e-10,43230,30,200,n,intermedia_global,(mu+lambda),1.0
EE,ackley,2,216,1.7459855783386047e-10,43430,30,200,n,intermedia_global,(mu+lambda),1.0
EE,ackley,2,217,1.7459855783386047e-10,43630,30,200,n,intermedia_global,(mu+lambda),1.0
EE,ackley,2,218,1.4374679224715692e-10,43830,30,200,n,intermedia_global,(mu+lambda),1.0
EE,ackley,2,219,1.4374679224715692e-10,44030,30,200,n,intermedia_global,(mu+lambda),1.0
EE,ackley,2,220,1.3994894132451918e-10,44230,30,200,n,intermedia_global,(mu+lambda),1.0
EE,ackley,2,221,1.0416245643796174e-10,44430,30,200,n,intermedia_global,(mu+lambda),1.0
EE,ackley,2,222,1.0226886004716107e-10,44630,30,200,n,intermedia_global,(mu+lambda),1.0
EE,ackley,2,223,7.653300215793024e-11,44830,30,200,n,intermedia_global,(mu+lambda),1.0
EE,ackley,2,224,7.653300215793024e-11,45030,30,200,n,intermedia_global,(mu+lambda),1.0
EE,ackley,2,225,3.845501694854647e-11,45230,30,200,n,intermedia_global,(mu+lambda),1.0
EE,ackley,2,226,3.845501694854647e-11,45430,30,200,n,intermedia_global,(mu+lambda),1.0
EE,ackley,2,227,3.845501694854647e-11,45630,30,200,n,intermedia_global,(mu+lambda),1.0
EE,ackley,2,228,3.845501694854647e-11,45830,30,200,n,intermedia_global,(mu+lambda),1.0
EE,ackley,2,229,3.845501694854647e-11,46030,30,200,n,intermedia_global,(mu+lambda),1.0
EE,ackley,2,230,3.845501694854647e-11,46230,30,200,n,intermedia_global,(mu+lambda),1.0
EE,ackley,2,231,3.845501694854647e-11,46430,30,200,n,intermedia_global,(mu+lambda),1.0
EE,ackley,2,232,3.785460833682919e-11,46630,30,200,n,intermedia_global,(mu+lambda),1.0
EE,ackley,2,233,3.2521985104949636e-11,46830,30,200,n,intermedia_global,(mu+lambda),1.0
EE,ackley,2,234,3.2521985104949636e-11,47030,30,200,n,intermedia_global,(mu+lambda),1.0
EE,ackley,2,235,2.7352786702294907e-11,47230,30,200,n,intermedia_global,(mu+lambda),1.0
EE,ackley,2,236,2.667421838964401e-11,47430,30,200,n,intermedia_global,(mu+lambda),1.0
EE,ackley,2,237,2.3370194668359545e-11,47630,30,200,n,intermedia_global,(mu+lambda),1.0
EE,ackley,2,238,2.3370194668359545e-11,47830,30,200,n,intermedia_global,(mu+lambda),1.0
EE,ackley,2,239,1.8765877740634096e-11,48030,30,200,n,intermedia_global,(mu+lambda),1.0
EE,ackley,2,240,1.674438365739661e-11,48230,30,200,n,intermedia_global,(mu+lambda),1.0
EE,ackley,2,241,1.261968307630923e-11,48430,30,200,n,intermedia_global,(mu+lambda),1.0
EE,ackley,2,242,9.109601961654334e-12,48630,30,200,n,intermedia_global,(mu+lambda),1.0
EE,ackley,2,243,9.109601961654334e-12,48830,30,200,n,intermedia_global,(mu+lambda),1.0
EE,ackley,2,244,6.789679929397607e-12,49030,30,200,n,intermedia_global,(mu+lambda),1.0
EE,ackley,2,245,6.423750420481156e-12,49230,30,200,n,intermedia_global,(mu+lambda),1.0
EE,ackley,2,246,6.423750420481156e-12,49430,30,200,n,intermedia_global,(mu+lambda),1.0
EE,ackley,2,247,6.423750420481156e-12,49630,30,200,n,intermedia_global,(mu+lambda),1.0
EE,ackley,2,248,4.505285033928885e-12,49830,30,200,n,intermedia_global,(mu+lambda),1.0
EE,ackley,2,249,4.04343225568482e-12,50030,30,200,n,intermedia_global,(mu+lambda),1.0
EE,ackley,2,250,4.04343225568482e-12,50230,30,200,n,intermedia_global,(mu+lambda),1.0
EE,ackley,2,251,4.04343225568482e-12,50430,30,200,n,intermedia_global,(mu+lambda),1.0
EE,ackley,2,252,4.04343225568482e-12,50630,30,200,n,intermedia_global,(mu+lambda),1.0
EE,ackley,2,253,4.04343225568482e-12,50830,30,200,n,intermedia_global,(mu+lambda),1.0
EE,ackley,2,254,4.04343225568482e-12,51030,30,200,n,intermedia_global,(mu+lambda),1.0
EE,ackley,2,255,2.5157653738006047e-12,51230,30,200,n,intermedia_global,(mu+lambda),1.0
EE,ackley,2,256,2.5157653738006047e-12,51430,30,200,n,intermedia_global,(mu+lambda),1.0
EE,ackley,2,257,2.5157653738006047e-12,51630,30,200,n,intermedia_global,(mu+lambda),1.0
EE,ackley,2,258,2.5157653738006047e-12,51830,30,200,n,intermedia_global,(mu+lambda),1.0
EE,ackley,2,259,2.5157653738006047e-12,52030,30,200,n,intermedia_global,(mu+lambda),1.0
EE,ackley,2,260,2.5157653738006047e-12,52230,30,200,n,intermedia_global,(mu+lambda),1.0
EE,ackley,2,261,2.5157653738006047e-12,52430,30,200,n,intermedia_global,(mu+lambda),1.0
EE,ackley,2,262,2.2599699889269687e-12,52630,30,200,n,intermedia_global,(mu+lambda),1.0
EE,ackley,2,263,2.021938172447335e-12,52830,30,200,n,intermedia_global,(mu+lambda),1.0
EE,ackley,2,264,2.021938172447335e-12,53030,30,200,n,intermedia_global,(mu+lambda),1.0
EE,ackley,2,265,2.021938172447335e-12,53230,30,200,n,intermedia_global,(mu+lambda),1.0
EE,ackley,2,266,1.5636381078820705e-12,53430,30,200,n,intermedia_global,(mu+lambda),1.0
EE,ackley,2,267,1.5636381078820705e-12,53630,30,200,n,intermedia_global,(mu+lambda),1.0
EE,ackley,2,268,1.5636381078820705e-12,53830,30,200,n,intermedia_global,(mu+lambda),1.0
EE,ackley,2,269,1.5636381078820705e-12,54030,30,200,n,intermedia_global,(mu+lambda),1.0
EE,ackley,2,270,1.5636381078820705e-12,54230,30,200,n,intermedia_global,(mu+lambda),1.0
EE,ackley,2,271,1.5636381078820705e-12,54430,30,200,n,intermedia_global,(mu+lambda),1.0
EE,ackley,2,272,1.5636381078820705e-12,54630,30,200,n,intermedia_global,(mu+lambda),1.0
EE,ackley,2,273,1.5636381078820705e-12,54830,30,200,n,intermedia_global,(mu+lambda),1.0
EE,ackley,2,274,1.5636381078820705e-12,55030,30,200,n,intermedia_global,(mu+lambda),1.0
EE,ackley,2,275,1.5636381078820705e-12,55230,30,200,n,intermedia_global,(mu+lambda),1.0
EE,ackley,2,276,1.5636381078820705e-12,55430,30,200,n,intermedia_global,(mu+lambda),1.0
EE,ackley,2,277,1.5636381078820705e-12,55630,30,200,n,intermedia_global,(mu+lambda),1.0
EE,ackley,2,278,1.5636381078820705e-12,55830,30,200,n,intermedia_global,(mu+lambda),1.0
EE,ackley,2,279,1.5636381078820705e-12,56030,30,200,n,intermedia_global,(mu+lambda),1.0
EE,ackley,2,280,1.5636381078820705e-12,56230,30,200,n,intermedia_global,(mu+lambda),1.0
EE,ackley,2,281,1.5636381078820705e-12,56430,30,200,n,intermedia_global,(mu+lambda),1.0
EE,ackley,2,282,1.5636381078820705e-12,56630,30,200,n,intermedia_global,(mu+lambda),1.0
EE,ackley,2,283,1.5636381078820705e-12,56830,30,200,n,intermedia_global,(mu+lambda),1.0
EE,ackley,2,284,1.5636381078820705e-12,57030,30,200,n,intermedia_global,(mu+lambda),1.0
EE,ackley,2,285,1.5636381078820705e-12,57230,30,200,n,intermedia_global,(mu+lambda),1.0
EE,ackley,2,286,1.5636381078820705e-12,57430,30,200,n,intermedia_global,(mu+lambda),1.0
EE,ackley,2,287,1.5636381078820705e-12,57630,30,200,n,intermedia_global,(mu+lambda),1.0
EE,ackley,2,288,1.5636381078820705e-12,57830,30,200,n,intermedia_global,(mu+lambda),1.0
EE,ackley,2,289,1.5636381078820705e-12,58030,30,200,n,intermedia_global,(mu+lambda),1.0
EE,ackley,2,290,1.5636381078820705e-12,58230,30,200,n,intermedia_global,(mu+lambda),1.0
EE,ackley,2,291,1.5636381078820705e-12,58430,30,200,n,intermedia_global,(mu+lambda),1.0
EE,ackley,2,292,1.5636381078820705e-12,58630,30,200,n,intermedia_global,(mu+lambda),1.0
EE,ackley,2,293,1.5636381078820705e-12,58830,30,200,n,intermedia_global,(mu+lambda),1.0
EE,ackley,2,294,1.5636381078820705e-12,59030,30,200,n,intermedia_global,(mu+lambda),1.0
EE,ackley,2,295,1.5636381078820705e-12,59230,30,200,n,intermedia_global,(mu+lambda),1.0
EE,ackley,2,296,1.5636381078820705e-12,59430,30,200,n,intermedia_global,(mu+lambda),1.0
EE,ackley,2,297,1.5636381078820705e-12,59630,30,200,n,intermedia_global,(mu+lambda),1.0
EE,ackley,2,298,1.5636381078820705e-12,59830,30,200,n,intermedia_global,(mu+lambda),1.0
EE,ackley,2,299,1.5636381078820705e-12,60030,30,200,n,intermedia_global,(mu+lambda),1.0
EE,ackley,2,300,1.4641621248756564e-12,60230,30,200,n,intermedia_global,(mu+lambda),1.0
EE,ackley,2,301,1.4641621248756564e-12,60430,30,200,n,intermedia_global,(mu+lambda),1.0
EE,ackley,2,302,1.4641621248756564e-12,60630,30,200,n,intermedia_global,(mu+lambda),1.0
EE,ackley,2,303,1.4641621248756564e-12,60830,30,200,n,intermedia_global,(mu+lambda),1.0
EE,ackley,2,304,1.4641621248756564e-12,61030,30,200,n,intermedia_global,(mu+lambda),1.0
EE,ackley,2,305,1.4641621248756564e-12,61230,30,200,n,intermedia_global,(mu+lambda),1.0
EE,ackley,2,306,1.4641621248756564e-12,61430,30,200,n,intermedia_global,(mu+lambda),1.0
EE,ackley,2,307,1.4641621248756564e-12,61630,30,200,n,intermedia_global,(mu+lambda),1.0
EE,ackley,2,308,1.4641621248756564e-12,61830,30,200,n,intermedia_global,(mu+lambda),1.0
EE,ackley,2,309,1.4641621248756564e-12,62030,30,200,n,intermedia_global,(mu+lambda),1.0
EE,ackley,2,310,1.4641621248756564e-12,62230,30,200,n,intermedia_global,(mu+lambda),1.0
EE,ackley,2,311,1.4641621248756564e-12,62430,30,200,n,intermedia_global,(mu+lambda),1.0
EE,ackley,2,312,1.4641621248756564e-12,62630,30,200,n,intermedia_global,(mu+lambda),1.0
EE,ackley,2,313,1.4641621248756564e-12,62830,30,200,n,intermedia_global,(mu+lambda),1.0
EE,ackley,2,314,1.4641621248756564e-12,63030,30,200,n,intermedia_global,(mu+lambda),1.0
EE,ackley,2,315,1.4641621248756564e-12,63230,30,200,n,intermedia_global,(mu+lambda),1.0
EE,ackley,2,316,1.4641621248756564e-12,63430,30,200,n,intermedia_global,(mu+lambda),1.0
EE,ackley,2,317,1.4641621248756564e-12,63630,30,200,n,intermedia_global,(mu+lambda),1.0
EE,ackley,2,318,1.4641621248756564e-12,63830,30,200,n,intermedia_global,(mu+lambda),1.0
EE,ackley,2,319,1.4641621248756564e-12,64030,30,200,n,intermedia_global,(mu+lambda),1.0
EE,ackley,2,320,1.4641621248756564e-12,64230,30,200,n,intermedia_global,(mu+lambda),1.0
EE,ackley,2,321,1.4641621248756564e-12,64430,30,200,n,intermedia_global,(mu+lambda),1.0
EE,ackley,2,322,1.4641621248756564e-12,64630,30,200,n,intermedia_global,(mu+lambda),1.0
EE,ackley,2,323,1.4641621248756564e-12,64830,30,200,n,intermedia_global,(mu+lambda),1.0
EE,ackley,2,324,1.4641621248756564e-12,65030,30,200,n,intermedia_global,(mu+lambda),1.0
EE,ackley,2,325,1.4641621248756564e-12,65230,30,200,n,intermedia_global,(mu+lambda),1.0
EE,ackley,2,326,1.4641621248756564e-12,65430,30,200,n,intermedia_global,(mu+lambda),1.0
EE,ackley,2,327,1.4641621248756564e-12,65630,30,200,n,intermedia_global,(mu+lambda),1.0
EE,ackley,2,328,1.4641621248756564e-12,65830,30,200,n,intermedia_global,(mu+lambda),1.0
EE,ackley,2,329,1.4641621248756564e-12,66030,30,200,n,intermedia_global,(mu+lambda),1.0
EE,ackley,2,330,1.4641621248756564e-12,66230,30,200,n,intermedia_global,(mu+lambda),1.0
EE,ackley,2,331,1.4641621248756564e-12,66430,30,200,n,intermedia_global,(mu+lambda),1.0
EE,ackley,2,332,1.4641621248756564e-12,66630,30,200,n,intermedia_global,(mu+lambda),1.0
EE,ackley,2,333,1.4641621248756564e-12,66830,30,200,n,intermedia_global,(mu+lambda),1.0
EE,ackley,2,334,1.4641621248756564e-12,67030,30,200,n,intermedia_global,(mu+lambda),1.0
EE,ackley,2,335,1.4641621248756564e-12,67230,30,200,n,intermedia_global,(mu+lambda),1.0
EE,ackley,2,336,1.4641621248756564e-12,67430,30,200,n,intermedia_global,(mu+lambda),1.0
EE,ackley,2,337,1.4641621248756564e-12,67630,30,200,n,intermedia_global,(mu+lambda),1.0
EE,ackley,2,338,1.4641621248756564e-12,67830,30,200,n,intermedia_global,(mu+lambda),1.0
EE,ackley,2,339,1.4641621248756564e-12,68030,30,200,n,intermedia_global,(mu+lambda),1.0
EE,ackley,2,340,1.4641621248756564e-12,68230,30,200,n,intermedia_global,(mu+lambda),1.0
EE,ackley,2,341,1.4641621248756564e-12,68430,30,200,n,intermedia_global,(mu+lambda),1.0
EE,ackley,2,342,1.4641621248756564e-12,68630,30,200,n,intermedia_global,(mu+lambda),1.0
EE,ackley,2,343,1.4641621248756564e-12,68830,30,200,n,intermedia_global,(mu+lambda),1.0
EE,ackley,2,344,1.4641621248756564e-12,69030,30,200,n,intermedia_global,(mu+lambda),1.0
EE,ackley,2,345,1.4641621248756564e-12,69230,30,200,n,intermedia_global,(mu+lambda),1.0
EE,ackley,2,346,1.4641621248756564e-12,69430,30,200,n,intermedia_global,(mu+lambda),1.0
EE,ackley,2,347,1.4641621248756564e-12,69630,30,200,n,intermedia_global,(mu+lambda),1.0
EE,ackley,2,348,1.4641621248756564e-12,69830,30,200,n,intermedia_global,(mu+lambda),1.0
EE,ackley,2,349,1.4641621248756564e-12,70030,30,200,n,intermedia_global,(mu+lambda),1.0
EE,ackley,2,350,1.4641621248756564e-12,70230,30,200,n,intermedia_global,(mu+lambda),1.0
EE,ackley,2,351,1.4641621248756564e-12,70430,30,200,n,intermedia_global,(mu+lambda),1.0
EE,ackley,2,352,1.4641621248756564e-12,70630,30,200,n,intermedia_global,(mu+lambda),1.0
EE,ackley,2,353,1.4641621248756564e-12,70830,30,200,n,intermedia_global,(mu+lambda),1.0
EE,ackley,2,354,1.4641621248756564e-12,71030,30,200,n,intermedia_global,(mu+lambda),1.0
EE,ackley,2,355,1.4641621248756564e-12,71230,30,200,n,intermedia_global,(mu+lambda),1.0
EE,ackley,2,356,1.4641621248756564e-12,71430,30,200,n,intermedia_global,(mu+lambda),1.0
EE,ackley,2,357,1.4641621248756564e-12,71630,30,200,n,intermedia_global,(mu+lambda),1.0
EE,ackley,2,358,1.4641621248756564e-12,71830,30,200,n,intermedia_global,(mu+lambda),1.0
EE,ackley,2,359,1.4641621248756564e-12,72030,30,200,n,intermedia_global,(mu+lambda),1.0
EE,ackley,2,360,1.4641621248756564e-12,72230,30,200,n,intermedia_global,(mu+lambda),1.0
EE,ackley,2,361,1.4641621248756564e-12,72430,30,200,n,intermedia_global,(mu+lambda),1.0
EE,ackley,2,362,1.4641621248756564e-12,72630,30,200,n,intermedia_global,(mu+lambda),1.0
EE,ackley,2,363,1.4641621248756564e-12,72830,30,200,n,intermedia_global,(mu+lambda),1.0
EE,ackley,2,364,1.4641621248756564e-12,73030,30,200,n,intermedia_global,(mu+lambda),1.0
EE,ackley,2,365,1.4641621248756564e-12,73230,30,200,n,intermedia_global,(mu+lambda),1.0
EE,ackley,2,366,1.4641621248756564e-12,73430,30,200,n,intermedia_global,(mu+lambda),1.0
EE,ackley,2,367,1.4641621248756564e-12,73630,30,200,n,intermedia_global,(mu+lambda),1.0
EE,ackley,2,368,1.4641621248756564e-12,73830,30,200,n,intermedia_global,(mu+lambda),1.0
EE,ackley,2,369,1.4641621248756564e-12,74030,30,200,n,intermedia_global,(mu+lambda),1.0
EE,ackley,2,370,1.4641621248756564e-12,74230,30,200,n,intermedia_global,(mu+lambda),1.0
EE,ackley,2,371,1.4641621248756564e-12,74430,30,200,n,intermedia_global,(mu+lambda),1.0
EE,ackley,2,372,1.4641621248756564e-12,74630,30,200,n,intermedia_global,(mu+lambda),1.0
EE,ackley,2,373,1.4641621248756564e-12,74830,30,200,n,intermedia_global,(mu+lambda),1.0
EE,ackley,2,374,1.4641621248756564e-12,75030,30,200,n,intermedia_global,(mu+lambda),1.0
EE,ackley,2,375,1.4641621248756564e-12,75230,30,200,n,intermedia_global,(mu+lambda),1.0
EE,ackley,2,376,1.4641621248756564e-12,75430,30,200,n,intermedia_global,(mu+lambda),1.0
EE,ackley,2,377,1.4641621248756564e-12,75630,30,200,n,intermedia_global,(mu+lambda),1.0
EE,ackley,2,378,1.4641621248756564e-12,75830,30,200,n,intermedia_global,(mu+lambda),1.0
EE,ackley,2,379,1.4641621248756564e-12,76030,30,200,n,intermedia_global,(mu+lambda),1.0
EE,ackley,2,380,1.4641621248756564e-12,76230,30,200,n,intermedia_global,(mu+lambda),1.0
EE,ackley,2,381,1.4641621248756564e-12,76430,30,200,n,intermedia_global,(mu+lambda),1.0
EE,ackley,2,382,1.4641621248756564e-12,76630,30,200,n,intermedia_global,(mu+lambda),1.0
EE,ackley,2,383,1.4641621248756564e-12,76830,30,200,n,intermedia_global,(mu+lambda),1.0
EE,ackley,2,384,1.4641621248756564e-12,77030,30,200,n,intermedia_global,(mu+lambda),1.0
EE,ackley,2,385,1.4641621248756564e-12,77230,30,200,n,intermedia_global,(mu+lambda),1.0
EE,ackley,2,386,1.4641621248756564e-12,77430,30,200,n,intermedia_global,(mu+lambda),1.0
EE,ackley,2,387,1.4641621248756564e-12,77630,30,200,n,intermedia_global,(mu+lambda),1.0
EE,ackley,2,388,1.4641621248756564e-12,77830,30,200,n,intermedia_global,(mu+lambda),1.0
EE,ackley,2,389,1.4641621248756564e-12,78030,30,200,n,intermedia_global,(mu+lambda),1.0
EE,ackley,2,390,1.4641621248756564e-12,78230,30,200,n,intermedia_global,(mu+lambda),1.0
EE,ackley,2,391,1.4641621248756564e-12,78430,30,200,n,intermedia_global,(mu+lambda),1.0
EE,ackley,2,392,1.4641621248756564e-12,78630,30,200,n,intermedia_global,(mu+lambda),1.0
EE,ackley,2,393,1.4641621248756564e-12,78830,30,200,n,intermedia_global,(mu+lambda),1.0
EE,ackley,2,394,1.4641621248756564e-12,79030,30,200,n,intermedia_global,(mu+lambda),1.0
EE,ackley,2,395,1.4641621248756564e-12,79230,30,200,n,intermedia_global,(mu+lambda),1.0
EE,ackley,2,396,1.4641621248756564e-12,79430,30,200,n,intermedia_global,(mu+lambda),1.0
EE,ackley,2,397,1.4641621248756564e-12,79630,30,200,n,intermedia_global,(mu+lambda),1.0
EE,ackley,2,398,1.4641621248756564e-12,79830,30,200,n,intermedia_global,(mu+lambda),1.0
EE,ackley,2,399,1.4641621248756564e-12,80030,30,200,n,intermedia_global,(mu+lambda),1.0
EE,ackley,2,400,1.332711718760038e-12,80230,30,200,n,intermedia_global,(mu+lambda),1.0
EE,ackley,2,401,1.332711718760038e-12,80430,30,200,n,intermedia_global,(mu+lambda),1.0
EE,ackley,2,402,1.332711718760038e-12,80630,30,200,n,intermedia_global,(mu+lambda),1.0
EE,ackley,2,403,1.332711718760038e-12,80830,30,200,n,intermedia_global,(mu+lambda),1.0
EE,ackley,2,404,1.332711718760038e-12,81030,30,200,n,intermedia_global,(mu+lambda),1.0
EE,ackley,2,405,1.332711718760038e-12,81230,30,200,n,intermedia_global,(mu+lambda),1.0
EE,ackley,2,406,1.332711718760038e-12,81430,30,200,n,intermedia_global,(mu+lambda),1.0
EE,ackley,2,407,1.332711718760038e-12,81630,30,200,n,intermedia_global,(mu+lambda),1.0
EE,ackley,2,408,1.332711718760038e-12,81830,30,200,n,intermedia_global,(mu+lambda),1.0
EE,ackley,2,409,1.332711718760038e-12,82030,30,200,n,intermedia_global,(mu+lambda),1.0
EE,ackley,2,410,1.332711718760038e-12,82230,30,200,n,intermedia_global,(mu+lambda),1.0
EE,ackley,2,411,1.332711718760038e-12,82430,30,200,n,intermedia_global,(mu+lambda),1.0
EE,ackley,2,412,1.332711718760038e-12,82630,30,200,n,intermedia_global,(mu+lambda),1.0
EE,ackley,2,413,1.332711718760038e-12,82830,30,200,n,intermedia_global,(mu+lambda),1.0
EE,ackley,2,414,1.332711718760038e-12,83030,30,200,n,intermedia_global,(mu+lambda),1.0
EE,ackley,2,415,1.332711718760038e-12,83230,30,200,n,intermedia_global,(mu+lambda),1.0
EE,ackley,2,416,1.0733636202076013e-12,83430,30,200,n,intermedia_global,(mu+lambda),1.0
EE,ackley,2,417,1.0733636202076013e-12,83630,30,200,n,intermedia_global,(mu+lambda),1.0
EE,ackley,2,418,1.0733636202076013e-12,83830,30,200,n,intermedia_global,(mu+lambda),1.0
EE,ackley,2,419,1.0733636202076013e-12,84030,30,200,n,intermedia_global,(mu+lambda),1.0
EE,ackley,2,420,1.0733636202076013e-12,84230,30,200,n,intermedia_global,(mu+lambda),1.0
EE,ackley,2,421,1.0733636202076013e-12,84430,30,200,n,intermedia_global,(mu+lambda),1.0
EE,ackley,2,422,1.0733636202076013e-12,84630,30,200,n,intermedia_global,(mu+lambda),1.0
EE,ackley,2,423,1.0733636202076013e-12,84830,30,200,n,intermedia_global,(mu+lambda),1.0
EE,ackley,2,424,1.0733636202076013e-12,85030,30,200,n,intermedia_global,(mu+lambda),1.0
EE,ackley,2,425,1.0733636202076013e-12,85230,30,200,n,intermedia_global,(mu+lambda),1.0
EE,ackley,2,426,1.0733636202076013e-12,85430,30,200,n,intermedia_global,(mu+lambda),1.0
EE,ackley,2,427,1.0733636202076013e-12,85630,30,200,n,intermedia_global,(mu+lambda),1.0
EE,ackley,2,428,1.0733636202076013e-12,85830,30,200,n,intermedia_global,(mu+lambda),1.0
EE,ackley,2,429,1.0733636202076013e-12,86030,30,200,n,intermedia_global,(mu+lambda),1.0
EE,ackley,2,430,1.0733636202076013e-12,86230,30,200,n,intermedia_global,(mu+lambda),1.0
EE,ackley,2,431,1.0733636202076013e-12,86430,30,200,n,intermedia_global,(mu+lambda),1.0
EE,ackley,2,432,1.0733636202076013e-12,86630,30,200,n,intermedia_global,(mu+lambda),1.0
EE,ackley,2,433,1.0733636202076013e-12,86830,30,200,n,intermedia_global,(mu+lambda),1.0
EE,ackley,2,434,1.0733636202076013e-12,87030,30,200,n,intermedia_global,(mu+lambda),1.0
EE,ackley,2,435,1.0733636202076013e-12,87230,30,200,n,intermedia_global,(mu+lambda),1.0
EE,ackley,2,436,1.0733636202076013e-12,87430,30,200,n,intermedia_global,(mu+lambda),1.0
EE,ackley,2,437,1.0733636202076013e-12,87630,30,200,n,intermedia_global,(mu+lambda),1.0
EE,ackley,2,438,1.0733636202076013e-12,87830,30,200,n,intermedia_global,(mu+lambda),1.0
EE,ackley,2,439,1.0733636202076013e-12,88030,30,200,n,intermedia_global,(mu+lambda),1.0
EE,ackley,2,440,1.0733636202076013e-12,88230,30,200,n,intermedia_global,(mu+lambda),1.0
EE,ackley,2,441,1.0733636202076013e-12,88430,30,200,n,intermedia_global,(mu+lambda),1.0
EE,ackley,2,442,1.0733636202076013e-12,88630,30,200,n,intermedia_global,(mu+lambda),1.0
EE,ackley,2,443,1.0733636202076013e-12,88830,30,200,n,intermedia_global,(mu+lambda),1.0
EE,ackley,2,444,1.0733636202076013e-12,89030,30,200,n,intermedia_global,(mu+lambda),1.0
EE,ackley,2,445,1.0733636202076013e-12,89230,30,200,n,intermedia_global,(mu+lambda),1.0
EE,ackley,2,446,1.0733636202076013e-12,89430,30,200,n,intermedia_global,(mu+lambda),1.0
EE,ackley,2,447,1.0733636202076013e-12,89630,30,200,n,intermedia_global,(mu+lambda),1.0
EE,ackley,2,448,1.0733636202076013e-12,89830,30,200,n,intermedia_global,(mu+lambda),1.0
EE,ackley,2,449,1.0733636202076013e-12,90030,30,200,n,intermedia_global,(mu+lambda),1.0
EE,ackley,2,450,1.0733636202076013e-12,90230,30,200,n,intermedia_global,(mu+lambda),1.0
EE,ackley,2,451,1.0733636202076013e-12,90430,30,200,n,intermedia_global,(mu+lambda),1.0
EE,ackley,2,452,1.0733636202076013e-12,90630,30,200,n,intermedia_global,(mu+lambda),1.0
EE,ackley,2,453,1.0733636202076013e-12,90830,30,200,n,intermedia_global,(mu+lambda),1.0
EE,ackley,2,454,1.0733636202076013e-12,91030,30,200,n,intermedia_global,(mu+lambda),1.0
EE,ackley,2,455,1.0733636202076013e-12,91230,30,200,n,intermedia_global,(mu+lambda),1.0
EE,ackley,2,456,1.0733636202076013e-12,91430,30,200,n,intermedia_global,(mu+lambda),1.0
EE,ackley,2,457,1.0733636202076013e-12,91630,30,200,n,intermedia_global,(mu+lambda),1.0
EE,ackley,2,458,1.0733636202076013e-12,91830,30,200,n,intermedia_global,(mu+lambda),1.0
EE,ackley,2,459,1.0733636202076013e-12,92030,30,200,n,intermedia_global,(mu+lambda),1.0
EE,ackley,2,460,1.0733636202076013e-12,92230,30,200,n,intermedia_global,(mu+lambda),1.0
EE,ackley,2,461,1.0733636202076013e-12,92430,30,200,n,intermedia_global,(mu+lambda),1.0
EE,ackley,2,462,1.0733636202076013e-12,92630,30,200,n,intermedia_global,(mu+lambda),1.0
EE,ackley,2,463,1.0733636202076013e-12,92830,30,200,n,intermedia_global,(mu+lambda),1.0
EE,ackley,2,464,1.0733636202076013e-12,93030,30,200,n,intermedia_global,(mu+lambda),1.0
EE,ackley,2,465,1.0733636202076013e-12,93230,30,200,n,intermedia_global,(mu+lambda),1.0
EE,ackley,2,466,1.0733636202076013e-12,93430,30,200,n,intermedia_global,(mu+lambda),1.0
EE,ackley,2,467,1.0733636202076013e-12,93630,30,200,n,intermedia_global,(mu+lambda),1.0
EE,ackley,2,468,1.0733636202076013e-12,93830,30,200,n,intermedia_global,(mu+lambda),1.0
EE,ackley,2,469,1.0733636202076013e-12,94030,30,200,n,intermedia_global,(mu+lambda),1.0
EE,ackley,2,470,1.0733636202076013e-12,94230,30,200,n,intermedia_global,(mu+lambda),1.0
EE,ackley,2,471,1.0733636202076013e-12,94430,30,200,n,intermedia_global,(mu+lambda),1.0
EE,ackley,2,472,1.0733636202076013e-12,94630,30,200,n,intermedia_global,(mu+lambda),1.0
EE,ackley,2,473,1.0733636202076013e-12,94830,30,200,n,intermedia_global,(mu+lambda),1.0
EE,ackley,2,474,1.0733636202076013e-12,95030,30,200,n,intermedia_global,(mu+lambda),1.0
EE,ackley,2,475,1.0733636202076013e-12,95230,30,200,n,intermedia_global,(mu+lambda),1.0
EE,ackley,2,476,1.0733636202076013e-12,95430,30,200,n,intermedia_global,(mu+lambda),1.0
EE,ackley,2,477,1.0733636202076013e-12,95630,30,200,n,intermedia_global,(mu+lambda),1.0
EE,ackley,2,478,1.0733636202076013e-12,95830,30,200,n,intermedia_global,(mu+lambda),1.0
EE,ackley,2,479,1.0733636202076013e-12,96030,30,200,n,intermedia_global,(mu+lambda),1.0
EE,ackley,2,480,1.0733636202076013e-12,96230,30,200,n,intermedia_global,(mu+lambda),1.0
EE,ackley,2,481,1.0733636202076013e-12,96430,30,200,n,intermedia_global,(mu+lambda),1.0
EE,ackley,2,482,1.0733636202076013e-12,96630,30,200,n,intermedia_global,(mu+lambda),1.0
EE,ackley,2,483,1.0733636202076013e-12,96830,30,200,n,intermedia_global,(mu+lambda),1.0
EE,ackley,2,484,1.0733636202076013e-12,97030,30,200,n,intermedia_global,(mu+lambda),1.0
EE,ackley,2,485,1.0733636202076013e-12,97230,30,200,n,intermedia_global,(mu+lambda),1.0
EE,ackley,2,486,1.0733636202076013e-12,97430,30,200,n,intermedia_global,(mu+lambda),1.0
EE,ackley,2,487,1.0733636202076013e-12,97630,30,200,n,intermedia_global,(mu+lambda),1.0
EE,ackley,2,488,1.0733636202076013e-12,97830,30,200,n,intermedia_global,(mu+lambda),1.0
EE,ackley,2,489,1.0733636202076013e-12,98030,30,200,n,intermedia_global,(mu+lambda),1.0
EE,ackley,2,490,1.0733636202076013e-12,98230,30,200,n,intermedia_global,(mu+lambda),1.0
EE,ackley,2,491,1.0733636202076013e-12,98430,30,200,n,intermedia_global,(mu+lambda),1.0
EE,ackley,2,492,1.0733636202076013e-12,98630,30,200,n,intermedia_global,(mu+lambda),1.0
EE,ackley,2,493,1.0733636202076013e-12,98830,30,200,n,intermedia_global,(mu+lambda),1.0
EE,ackley,2,494,1.0733636202076013e-12,99030,30,200,n,intermedia_global,(mu+lambda),1.0
EE,ackley,2,495,1.0733636202076013e-12,99230,30,200,n,intermedia_global,(mu+lambda),1.0
EE,ackley,2,496,1.0733636202076013e-12,99430,30,200,n,intermedia_global,(mu+lambda),1.0
EE,ackley,2,497,1.0733636202076013e-12,99630,30,200,n,intermedia_global,(mu+lambda),1.0
EE,ackley,2,498,1.0733636202076013e-12,99830,30,200,n,intermedia_global,(mu+lambda),1.0
EE,ackley,2,499,1.0733636202076013e-12,100030,30,200,n,intermedia_global,(mu+lambda),1.0
EE,ackley,2,500,1.0733636202076013e-12,100230,30,200,n,intermedia_global,(mu+lambda),1.0
EE,ackley,2,501,1.0733636202076013e-12,100430,30,200,n,intermedia_global,(mu+lambda),1.0
EE,ackley,2,502,1.0733636202076013e-12,100630,30,200,n,intermedia_global,(mu+lambda),1.0
EE,ackley,2,503,1.0733636202076013e-12,100830,30,200,n,intermedia_global,(mu+lambda),1.0
EE,ackley,2,504,1.0733636202076013e-12,101030,30,200,n,intermedia_global,(mu+lambda),1.0
EE,ackley,2,505,1.0733636202076013e-12,101230,30,200,n,intermedia_global,(mu+lambda),1.0
EE,ackley,2,506,1.0733636202076013e-12,101430,30,200,n,intermedia_global,(mu+lambda),1.0
EE,ackley,2,507,1.0733636202076013e-12,101630,30,200,n,intermedia_global,(mu+lambda),1.0
EE,ackley,2,508,1.0733636202076013e-12,101830,30,200,n,intermedia_global,(mu+lambda),1.0
EE,ackley,2,509,1.0733636202076013e-12,102030,30,200,n,intermedia_global,(mu+lambda),1.0
EE,ackley,2,510,1.0733636202076013e-12,102230,30,200,n,intermedia_global,(mu+lambda),1.0
EE,ackley,2,511,1.0733636202076013e-12,102430,30,200,n,intermedia_global,(mu+lambda),1.0
EE,ackley,2,512,1.0733636202076013e-12,102630,30,200,n,intermedia_global,(mu+lambda),1.0
EE,ackley,2,513,1.0733636202076013e-12,102830,30,200,n,intermedia_global,(mu+lambda),1.0
EE,ackley,2,514,1.0733636202076013e-12,103030,30,200,n,intermedia_global,(mu+lambda),1.0
EE,ackley,2,515,1.0733636202076013e-12,103230,30,200,n,intermedia_global,(mu+lambda),1.0
EE,ackley,2,516,1.0733636202076013e-12,103430,30,200,n,intermedia_global,(mu+lambda),1.0
EE,ackley,2,517,1.0733636202076013e-12,103630,30,200,n,intermedia_global,(mu+lambda),1.0
EE,ackley,2,518,1.0733636202076013e-12,103830,30,200,n,intermedia_global,(mu+lambda),1.0
EE,ackley,2,519,1.0733636202076013e-12,104030,30,200,n,intermedia_global,(mu+lambda),1.0
EE,ackley,2,520,1.0733636202076013e-12,104230,30,200,n,intermedia_global,(mu+lambda),1.0
EE,ackley,2,521,1.0733636202076013e-12,104430,30,200,n,intermedia_global,(mu+lambda),1.0
EE,ackley,2,522,1.0733636202076013e-12,104630,30,200,n,intermedia_global,(mu+lambda),1.0
EE,ackley,2,523,1.0733636202076013e-12,104830,30,200,n,intermedia_global,(mu+lambda),1.0
EE,ackley,2,524,1.0733636202076013e-12,105030,30,200,n,intermedia_global,(mu+lambda),1.0
EE,ackley,2,525,1.0733636202076013e-12,105230,30,200,n,intermedia_global,(mu+lambda),1.0
EE,ackley,2,526,1.0733636202076013e-12,105430,30,200,n,intermedia_global,(mu+lambda),1.0
EE,ackley,2,527,1.0733636202076013e-12,105630,30,200,n,intermedia_global,(mu+lambda),1.0
EE,ackley,2,528,1.0733636202076013e-12,105830,30,200,n,intermedia_global,(mu+lambda),1.0
EE,ackley,2,529,1.0733636202076013e-12,106030,30,200,n,intermedia_global,(mu+lambda),1.0
EE,ackley,2,530,1.0733636202076013e-12,106230,30,200,n,intermedia_global,(mu+lambda),1.0
EE,ackley,2,531,1.0733636202076013e-12,106430,30,200,n,intermedia_global,(mu+lambda),1.0
EE,ackley,2,532,1.0733636202076013e-12,106630,30,200,n,intermedia_global,(mu+lambda),1.0
EE,ackley,2,533,1.0733636202076013e-12,106830,30,200,n,intermedia_global,(mu+lambda),1.0
EE,ackley,2,534,1.0733636202076013e-12,107030,30,200,n,intermedia_global,(mu+lambda),1.0
EE,ackley,2,535,1.0733636202076013e-12,107230,30,200,n,intermedia_global,(mu+lambda),1.0
EE,ackley,2,536,1.0733636202076013e-12,107430,30,200,n,intermedia_global,(mu+lambda),1.0
EE,ackley,2,537,1.0733636202076013e-12,107630,30,200,n,intermedia_global,(mu+lambda),1.0
EE,ackley,2,538,1.0733636202076013e-12,107830,30,200,n,intermedia_global,(mu+lambda),1.0
EE,ackley,2,539,1.0733636202076013e-12,108030,30,200,n,intermedia_global,(mu+lambda),1.0
EE,ackley,2,540,1.0733636202076013e-12,108230,30,200,n,intermedia_global,(mu+lambda),1.0
EE,ackley,2,541,1.0733636202076013e-12,108430,30,200,n,intermedia_global,(mu+lambda),1.0
EE,ackley,2,542,1.0733636202076013e-12,108630,30,200,n,intermedia_global,(mu+lambda),1.0
EE,ackley,2,543,1.0733636202076013e-12,108830,30,200,n,intermedia_global,(mu+lambda),1.0
EE,ackley,2,544,1.0733636202076013e-12,109030,30,200,n,intermedia_global,(mu+lambda),1.0
EE,ackley,2,545,1.0733636202076013e-12,109230,30,200,n,intermedia_global,(mu+lambda),1.0
EE,ackley,2,546,1.0733636202076013e-12,109430,30,200,n,intermedia_global,(mu+lambda),1.0
EE,ackley,2,547,1.0733636202076013e-12,109630,30,200,n,intermedia_global,(mu+lambda),1.0
EE,ackley,2,548,1.0733636202076013e-12,109830,30,200,n,intermedia_global,(mu+lambda),1.0
EE,ackley,2,549,1.0733636202076013e-12,110030,30,200,n,intermedia_global,(mu+lambda),1.0
EE,ackley,2,550,1.0733636202076013e-12,110230,30,200,n,intermedia_global,(mu+lambda),1.0
EE,ackley,2,551,1.0733636202076013e-12,110430,30,200,n,intermedia_global,(mu+lambda),1.0
EE,ackley,2,552,1.0733636202076013e-12,110630,30,200,n,intermedia_global,(mu+lambda),1.0
EE,ackley,2,553,1.0733636202076013e-12,110830,30,200,n,intermedia_global,(mu+lambda),1.0
EE,ackley,2,554,1.0733636202076013e-12,111030,30,200,n,intermedia_global,(mu+lambda),1.0
EE,ackley,2,555,1.0733636202076013e-12,111230,30,200,n,intermedia_global,(mu+lambda),1.0
EE,ackley,2,556,1.0733636202076013e-12,111430,30,200,n,intermedia_global,(mu+lambda),1.0
EE,ackley,2,557,1.0733636202076013e-12,111630,30,200,n,intermedia_global,(mu+lambda),1.0
EE,ackley,2,558,1.0733636202076013e-12,111830,30,200,n,intermedia_global,(mu+lambda),1.0
EE,ackley,2,559,1.0733636202076013e-12,112030,30,200,n,intermedia_global,(mu+lambda),1.0
EE,ackley,2,560,1.0733636202076013e-12,112230,30,200,n,intermedia_global,(mu+lambda),1.0
EE,ackley,2,561,1.0733636202076013e-12,112430,30,200,n,intermedia_global,(mu+lambda),1.0
EE,ackley,2,562,1.0733636202076013e-12,112630,30,200,n,intermedia_global,(mu+lambda),1.0
EE,ackley,2,563,1.0733636202076013e-12,112830,30,200,n,intermedia_global,(mu+lambda),1.0
EE,ackley,2,564,1.0733636202076013e-12,113030,30,200,n,intermedia_global,(mu+lambda),1.0
EE,ackley,2,565,1.0733636202076013e-12,113230,30,200,n,intermedia_global,(mu+lambda),1.0
EE,ackley,2,566,1.0733636202076013e-12,113430,30,200,n,intermedia_global,(mu+lambda),1.0
EE,ackley,2,567,1.0733636202076013e-12,113630,30,200,n,intermedia_global,(mu+lambda),1.0
EE,ackley,2,568,1.0733636202076013e-12,113830,30,200,n,intermedia_global,(mu+lambda),1.0
EE,ackley,2,569,1.0733636202076013e-12,114030,30,200,n,intermedia_global,(mu+lambda),1.0
EE,ackley,2,570,1.0733636202076013e-12,114230,30,200,n,intermedia_global,(mu+lambda),1.0
EE,ackley,2,571,1.0733636202076013e-12,114430,30,200,n,intermedia_global,(mu+lambda),1.0
EE,ackley,2,572,1.0733636202076013e-12,114630,30,200,n,intermedia_global,(mu+lambda),1.0
EE,ackley,2,573,1.0733636202076013e-12,114830,30,200,n,intermedia_global,(mu+lambda),1.0
EE,ackley,2,574,1.0733636202076013e-12,115030,30,200,n,intermedia_global,(mu+lambda),1.0
EE,ackley,2,575,1.0733636202076013e-12,115230,30,200,n,intermedia_global,(mu+lambda),1.0
EE,ackley,2,576,1.0733636202076013e-12,115430,30,200,n,intermedia_global,(mu+lambda),1.0
EE,ackley,2,577,1.0733636202076013e-12,115630,30,200,n,intermedia_global,(mu+lambda),1.0
EE,ackley,2,578,1.0733636202076013e-12,115830,30,200,n,intermedia_global,(mu+lambda),1.0
EE,ackley,2,579,1.0733636202076013e-12,116030,30,200,n,intermedia_global,(mu+lambda),1.0
EE,ackley,2,580,1.0733636202076013e-12,116230,30,200,n,intermedia_global,(mu+lambda),1.0
EE,ackley,2,581,1.0733636202076013e-12,116430,30,200,n,intermedia_global,(mu+lambda),1.0
EE,ackley,2,582,1.0733636202076013e-12,116630,30,200,n,intermedia_global,(mu+lambda),1.0
EE,ackley,2,583,1.0733636202076013e-12,116830,30,200,n,intermedia_global,(mu+lambda),1.0
EE,ackley,2,584,1.0733636202076013e-12,117030,30,200,n,intermedia_global,(mu+lambda),1.0
EE,ackley,2,585,1.0733636202076013e-12,117230,30,200,n,intermedia_global,(mu+lambda),1.0
EE,ackley,2,586,1.0733636202076013e-12,117430,30,200,n,intermedia_global,(mu+lambda),1.0
EE,ackley,2,587,1.0733636202076013e-12,117630,30,200,n,intermedia_global,(mu+lambda),1.0
EE,ackley,2,588,1.0733636202076013e-12,117830,30,200,n,intermedia_global,(mu+lambda),1.0
EE,ackley,2,589,1.0733636202076013e-12,118030,30,200,n,intermedia_global,(mu+lambda),1.0
EE,ackley,2,590,1.0733636202076013e-12,118230,30,200,n,intermedia_global,(mu+lambda),1.0
EE,ackley,2,591,1.0733636202076013e-12,118430,30,200,n,intermedia_global,(mu+lambda),1.0
EE,ackley,2,592,1.0733636202076013e-12,118630,30,200,n,intermedia_global,(mu+lambda),1.0
EE,ackley,2,593,1.0733636202076013e-12,118830,30,200,n,intermedia_global,(mu+lambda),1.0
EE,ackley,2,594,1.0733636202076013e-12,119030,30,200,n,intermedia_global,(mu+lambda),1.0
EE,ackley,2,595,1.0733636202076013e-12,119230,30,200,n,intermedia_global,(mu+lambda),1.0
EE,ackley,2,596,1.0733636202076013e-12,119430,30,200,n,intermedia_global,(mu+lambda),1.0
EE,ackley,2,597,1.0733636202076013e-12,119630,30,200,n,intermedia_global,(mu+lambda),1.0
EE,ackley,2,598,1.0733636202076013e-12,119830,30,200,n,intermedia_global,(mu+lambda),1.0
EE,ackley,2,599,1.0733636202076013e-12,120030,30,200,n,intermedia_global,(mu+lambda),1.0
EE,ackley,2,600,1.0733636202076013e-12,120230,30,200,n,intermedia_global,(mu+lambda),1.0
EE,ackley,2,601,1.0733636202076013e-12,120430,30,200,n,intermedia_global,(mu+lambda),1.0
EE,ackley,2,602,1.0733636202076013e-12,120630,30,200,n,intermedia_global,(mu+lambda),1.0
EE,ackley,2,603,1.0733636202076013e-12,120830,30,200,n,intermedia_global,(mu+lambda),1.0
EE,ackley,2,604,1.0733636202076013e-12,121030,30,200,n,intermedia_global,(mu+lambda),1.0
EE,ackley,2,605,1.0733636202076013e-12,121230,30,200,n,intermedia_global,(mu+lambda),1.0
EE,ackley,2,606,1.0733636202076013e-12,121430,30,200,n,intermedia_global,(mu+lambda),1.0
EE,ackley,2,607,1.0733636202076013e-12,121630,30,200,n,intermedia_global,(mu+lambda),1.0
EE,ackley,2,608,1.0733636202076013e-12,121830,30,200,n,intermedia_global,(mu+lambda),1.0
EE,ackley,2,609,1.0733636202076013e-12,122030,30,200,n,intermedia_global,(mu+lambda),1.0
EE,ackley,2,610,1.0733636202076013e-12,122230,30,200,n,intermedia_global,(mu+lambda),1.0
EE,ackley,2,611,1.0733636202076013e-12,122430,30,200,n,intermedia_global,(mu+lambda),1.0
EE,ackley,2,612,1.0733636202076013e-12,122630,30,200,n,intermedia_global,(mu+lambda),1.0
EE,ackley,2,613,1.0733636202076013e-12,122830,30,200,n,intermedia_global,(mu+lambda),1.0
EE,ackley,2,614,1.0733636202076013e-12,123030,30,200,n,intermedia_global,(mu+lambda),1.0
EE,ackley,2,615,1.0733636202076013e-12,123230,30,200,n,intermedia_global,(mu+lambda),1.0
EE,ackley,2,616,1.0733636202076013e-12,123430,30,200,n,intermedia_global,(mu+lambda),1.0
EE,ackley,2,617,1.0733636202076013e-12,123630,30,200,n,intermedia_global,(mu+lambda),1.0
EE,ackley,2,618,1.0733636202076013e-12,123830,30,200,n,intermedia_global,(mu+lambda),1.0
EE,ackley,2,619,1.0733636202076013e-12,124030,30,200,n,intermedia_global,(mu+lambda),1.0
EE,ackley,2,620,1.0733636202076013e-12,124230,30,200,n,intermedia_global,(mu+lambda),1.0
EE,ackley,2,621,1.0733636202076013e-12,124430,30,200,n,intermedia_global,(mu+lambda),1.0
EE,ackley,2,622,1.0733636202076013e-12,124630,30,200,n,intermedia_global,(mu+lambda),1.0
EE,ackley,2,623,1.0733636202076013e-12,124830,30,200,n,intermedia_global,(mu+lambda),1.0
EE,ackley,2,624,1.0733636202076013e-12,125030,30,200,n,intermedia_global,(mu+lambda),1.0
EE,ackley,2,625,1.0733636202076013e-12,125230,30,200,n,intermedia_global,(mu+lambda),1.0
EE,ackley,2,626,1.0733636202076013e-12,125430,30,200,n,intermedia_global,(mu+lambda),1.0
EE,ackley,2,627,1.0733636202076013e-12,125630,30,200,n,intermedia_global,(mu+lambda),1.0
EE,ackley,2,628,1.0733636202076013e-12,125830,30,200,n,intermedia_global,(mu+lambda),1.0
EE,ackley,2,629,1.0733636202076013e-12,126030,30,200,n,intermedia_global,(mu+lambda),1.0
EE,ackley,2,630,1.0733636202076013e-12,126230,30,200,n,intermedia_global,(mu+lambda),1.0
EE,ackley,2,631,1.0733636202076013e-12,126430,30,200,n,intermedia_global,(mu+lambda),1.0
EE,ackley,2,632,1.0733636202076013e-12,126630,30,200,n,intermedia_global,(mu+lambda),1.0
EE,ackley,2,633,1.0733636202076013e-12,126830,30,200,n,intermedia_global,(mu+lambda),1.0
EE,ackley,2,634,1.0733636202076013e-12,127030,30,200,n,intermedia_global,(mu+lambda),1.0
EE,ackley,2,635,1.0733636202076013e-12,127230,30,200,n,intermedia_global,(mu+lambda),1.0
EE,ackley,2,636,1.0733636202076013e-12,127430,30,200,n,intermedia_global,(mu+lambda),1.0
EE,ackley,2,637,1.0733636202076013e-12,127630,30,200,n,intermedia_global,(mu+lambda),1.0
EE,ackley,2,638,1.0733636202076013e-12,127830,30,200,n,intermedia_global,(mu+lambda),1.0
EE,ackley,2,639,1.0733636202076013e-12,128030,30,200,n,intermedia_global,(mu+lambda),1.0
EE,ackley,2,640,1.0733636202076013e-12,128230,30,200,n,intermedia_global,(mu+lambda),1.0
EE,ackley,2,641,1.0733636202076013e-12,128430,30,200,n,intermedia_global,(mu+lambda),1.0
EE,ackley,2,642,1.0733636202076013e-12,128630,30,200,n,intermedia_global,(mu+lambda),1.0
EE,ackley,2,643,1.0733636202076013e-12,128830,30,200,n,intermedia_global,(mu+lambda),1.0
EE,ackley,2,644,1.0733636202076013e-12,129030,30,200,n,intermedia_global,(mu+lambda),1.0
EE,ackley,2,645,1.0733636202076013e-12,129230,30,200,n,intermedia_global,(mu+lambda),1.0
EE,ackley,2,646,1.0733636202076013e-12,129430,30,200,n,intermedia_global,(mu+lambda),1.0
EE,ackley,2,647,1.0733636202076013e-12,129630,30,200,n,intermedia_global,(mu+lambda),1.0
EE,ackley,2,648,1.0733636202076013e-12,129830,30,200,n,intermedia_global,(mu+lambda),1.0
EE,ackley,2,649,1.0733636202076013e-12,130030,30,200,n,intermedia_global,(mu+lambda),1.0
EE,ackley,2,650,1.0733636202076013e-12,130230,30,200,n,intermedia_global,(mu+lambda),1.0
EE,ackley,2,651,1.0733636202076013e-12,130430,30,200,n,intermedia_global,(mu+lambda),1.0
EE,ackley,2,652,1.0733636202076013e-12,130630,30,200,n,intermedia_global,(mu+lambda),1.0
EE,ackley,2,653,1.0733636202076013e-12,130830,30,200,n,intermedia_global,(mu+lambda),1.0
EE,ackley,2,654,1.0733636202076013e-12,131030,30,200,n,intermedia_global,(mu+lambda),1.0
EE,ackley,2,655,1.0733636202076013e-12,131230,30,200,n,intermedia_global,(mu+lambda),1.0
EE,ackley,2,656,1.0733636202076013e-12,131430,30,200,n,intermedia_global,(mu+lambda),1.0
EE,ackley,2,657,1.0733636202076013e-12,131630,30,200,n,intermedia_global,(mu+lambda),1.0
EE,ackley,2,658,1.0733636202076013e-12,131830,30,200,n,intermedia_global,(mu+lambda),1.0
EE,ackley,2,659,1.0733636202076013e-12,132030,30,200,n,intermedia_global,(mu+lambda),1.0
EE,ackley,2,660,1.0733636202076013e-12,132230,30,200,n,intermedia_global,(mu+lambda),1.0
EE,ackley,2,661,1.0733636202076013e-12,132430,30,200,n,intermedia_global,(mu+lambda),1.0
EE,ackley,2,662,1.0733636202076013e-12,132630,30,200,n,intermedia_global,(mu+lambda),1.0
EE,ackley,2,663,1.0733636202076013e-12,132830,30,200,n,intermedia_global,(mu+lambda),1.0
EE,ackley,2,664,1.0733636202076013e-12,133030,30,200,n,intermedia_global,(mu+lambda),1.0
EE,ackley,2,665,1.0733636202076013e-12,133230,30,200,n,intermedia_global,(mu+lambda),1.0
EE,ackley,2,666,1.0733636202076013e-12,133430,30,200,n,intermedia_global,(mu+lambda),1.0
EE,ackley,2,667,1.0733636202076013e-12,133630,30,200,n,intermedia_global,(mu+lambda),1.0
EE,ackley,2,668,1.0733636202076013e-12,133830,30,200,n,intermedia_global,(mu+lambda),1.0
EE,ackley,2,669,1.0733636202076013e-12,134030,30,200,n,intermedia_global,(mu+lambda),1.0
EE,ackley,2,670,1.0733636202076013e-12,134230,30,200,n,intermedia_global,(mu+lambda),1.0
EE,ackley,2,671,1.0733636202076013e-12,134430,30,200,n,intermedia_global,(mu+lambda),1.0
EE,ackley,2,672,1.0733636202076013e-12,134630,30,200,n,intermedia_global,(mu+lambda),1.0
EE,ackley,2,673,1.0733636202076013e-12,134830,30,200,n,intermedia_global,(mu+lambda),1.0
EE,ackley,2,674,1.0733636202076013e-12,135030,30,200,n,intermedia_global,(mu+lambda),1.0
EE,ackley,2,675,1.0733636202076013e-12,135230,30,200,n,intermedia_global,(mu+lambda),1.0
EE,ackley,2,676,1.0733636202076013e-12,135430,30,200,n,intermedia_global,(mu+lambda),1.0
EE,ackley,2,677,1.0733636202076013e-12,135630,30,200,n,intermedia_global,(mu+lambda),1.0
EE,ackley,2,678,1.0733636202076013e-12,135830,30,200,n,intermedia_global,(mu+lambda),1.0
EE,ackley,2,679,1.0733636202076013e-12,136030,30,200,n,intermedia_global,(mu+lambda),1.0
EE,ackley,2,680,1.0733636202076013e-12,136230,30,200,n,intermedia_global,(mu+lambda),1.0
EE,ackley,2,681,1.0733636202076013e-12,136430,30,200,n,intermedia_global,(mu+lambda),1.0
EE,ackley,2,682,1.0733636202076013e-12,136630,30,200,n,intermedia_global,(mu+lambda),1.0
EE,ackley,2,683,1.0733636202076013e-12,136830,30,200,n,intermedia_global,(mu+lambda),1.0
EE,ackley,2,684,1.0733636202076013e-12,137030,30,200,n,intermedia_global,(mu+lambda),1.0
EE,ackley,2,685,1.0733636202076013e-12,137230,30,200,n,intermedia_global,(mu+lambda),1.0
EE,ackley,2,686,1.0733636202076013e-12,137430,30,200,n,intermedia_global,(mu+lambda),1.0
EE,ackley,2,687,1.0733636202076013e-12,137630,30,200,n,intermedia_global,(mu+lambda),1.0
EE,ackley,2,688,1.0733636202076013e-12,137830,30,200,n,intermedia_global,(mu+lambda),1.0
EE,ackley,2,689,1.0733636202076013e-12,138030,30,200,n,intermedia_global,(mu+lambda),1.0
EE,ackley,2,690,1.0733636202076013e-12,138230,30,200,n,intermedia_global,(mu+lambda),1.0
EE,ackley,2,691,1.0733636202076013e-12,138430,30,200,n,intermedia_global,(mu+lambda),1.0
EE,ackley,2,692,1.0733636202076013e-12,138630,30,200,n,intermedia_global,(mu+lambda),1.0
EE,ackley,2,693,1.0733636202076013e-12,138830,30,200,n,intermedia_global,(mu+lambda),1.0
EE,ackley,2,694,1.0733636202076013e-12,139030,30,200,n,intermedia_global,(mu+lambda),1.0
EE,ackley,2,695,1.0733636202076013e-12,139230,30,200,n,intermedia_global,(mu+lambda),1.0
EE,ackley,2,696,1.0733636202076013e-12,139430,30,200,n,intermedia_global,(mu+lambda),1.0
EE,ackley,2,697,1.0733636202076013e-12,139630,30,200,n,intermedia_global,(mu+lambda),1.0
EE,ackley,2,698,1.0733636202076013e-12,139830,30,200,n,intermedia_global,(mu+lambda),1.0
EE,ackley,2,699,1.0733636202076013e-12,140030,30,200,n,intermedia_global,(mu+lambda),1.0
EE,ackley,2,700,1.0733636202076013e-12,140230,30,200,n,intermedia_global,(mu+lambda),1.0
EE,ackley,2,701,1.0733636202076013e-12,140430,30,200,n,intermedia_global,(mu+lambda),1.0
EE,ackley,2,702,1.0733636202076013e-12,140630,30,200,n,intermedia_global,(mu+lambda),1.0
EE,ackley,2,703,1.0733636202076013e-12,140830,30,200,n,intermedia_global,(mu+lambda),1.0
EE,ackley,2,704,1.0733636202076013e-12,141030,30,200,n,intermedia_global,(mu+lambda),1.0
EE,ackley,2,705,1.0733636202076013e-12,141230,30,200,n,intermedia_global,(mu+lambda),1.0
EE,ackley,2,706,1.0733636202076013e-12,141430,30,200,n,intermedia_global,(mu+lambda),1.0
EE,ackley,2,707,1.0733636202076013e-12,141630,30,200,n,intermedia_global,(mu+lambda),1.0
EE,ackley,2,708,1.0733636202076013e-12,141830,30,200,n,intermedia_global,(mu+lambda),1.0
EE,ackley,2,709,1.0733636202076013e-12,142030,30,200,n,intermedia_global,(mu+lambda),1.0
EE,ackley,2,710,1.0733636202076013e-12,142230,30,200,n,intermedia_global,(mu+lambda),1.0
EE,ackley,2,711,1.0733636202076013e-12,142430,30,200,n,intermedia_global,(mu+lambda),1.0
EE,ackley,2,712,1.0733636202076013e-12,142630,30,200,n,intermedia_global,(mu+lambda),1.0
EE,ackley,2,713,1.0733636202076013e-12,142830,30,200,n,intermedia_global,(mu+lambda),1.0
EE,ackley,2,714,1.0733636202076013e-12,143030,30,200,n,intermedia_global,(mu+lambda),1.0
EE,ackley,2,715,1.0733636202076013e-12,143230,30,200,n,intermedia_global,(mu+lambda),1.0
EE,ackley,2,716,1.0733636202076013e-12,143430,30,200,n,intermedia_global,(mu+lambda),1.0
EE,ackley,2,717,1.0733636202076013e-12,143630,30,200,n,intermedia_global,(mu+lambda),1.0
EE,ackley,2,718,1.0733636202076013e-12,143830,30,200,n,intermedia_global,(mu+lambda),1.0
EE,ackley,2,719,1.0733636202076013e-12,144030,30,200,n,intermedia_global,(mu+lambda),1.0
EE,ackley,2,720,1.0733636202076013e-12,144230,30,200,n,intermedia_global,(mu+lambda),1.0
EE,ackley,2,721,1.0733636202076013e-12,144430,30,200,n,intermedia_global,(mu+lambda),1.0
EE,ackley,2,722,1.0733636202076013e-12,144630,30,200,n,intermedia_global,(mu+lambda),1.0
EE,ackley,2,723,1.0733636202076013e-12,144830,30,200,n,intermedia_global,(mu+lambda),1.0
EE,ackley,2,724,1.0733636202076013e-12,145030,30,200,n,intermedia_global,(mu+lambda),1.0
EE,ackley,2,725,1.0733636202076013e-12,145230,30,200,n,intermedia_global,(mu+lambda),1.0
EE,ackley,2,726,1.0733636202076013e-12,145430,30,200,n,intermedia_global,(mu+lambda),1.0
EE,ackley,2,727,1.0733636202076013e-12,145630,30,200,n,intermedia_global,(mu+lambda),1.0
EE,ackley,2,728,1.0733636202076013e-12,145830,30,200,n,intermedia_global,(mu+lambda),1.0
EE,ackley,2,729,1.0733636202076013e-12,146030,30,200,n,intermedia_global,(mu+lambda),1.0
EE,ackley,2,730,1.0733636202076013e-12,146230,30,200,n,intermedia_global,(mu+lambda),1.0
EE,ackley,2,731,1.0733636202076013e-12,146430,30,200,n,intermedia_global,(mu+lambda),1.0
EE,ackley,2,732,1.0733636202076013e-12,146630,30,200,n,intermedia_global,(mu+lambda),1.0
EE,ackley,2,733,1.0733636202076013e-12,146830,30,200,n,intermedia_global,(mu+lambda),1.0
EE,ackley,2,734,1.0733636202076013e-12,147030,30,200,n,intermedia_global,(mu+lambda),1.0
EE,ackley,2,735,1.0733636202076013e-12,147230,30,200,n,intermedia_global,(mu+lambda),1.0
EE,ackley,2,736,1.0733636202076013e-12,147430,30,200,n,intermedia_global,(mu+lambda),1.0
EE,ackley,2,737,1.0733636202076013e-12,147630,30,200,n,intermedia_global,(mu+lambda),1.0
EE,ackley,2,738,1.0733636202076013e-12,147830,30,200,n,intermedia_global,(mu+lambda),1.0
EE,ackley,2,739,1.0733636202076013e-12,148030,30,200,n,intermedia_global,(mu+lambda),1.0
EE,ackley,2,740,1.0733636202076013e-12,148230,30,200,n,intermedia_global,(mu+lambda),1.0
EE,ackley,2,741,1.0733636202076013e-12,148430,30,200,n,intermedia_global,(mu+lambda),1.0
EE,ackley,2,742,1.0733636202076013e-12,148630,30,200,n,intermedia_global,(mu+lambda),1.0
EE,ackley,2,743,1.0733636202076013e-12,148830,30,200,n,intermedia_global,(mu+lambda),1.0
EE,ackley,2,744,1.0733636202076013e-12,149030,30,200,n,intermedia_global,(mu+lambda),1.0
EE,ackley,2,745,1.0733636202076013e-12,149230,30,200,n,intermedia_global,(mu+lambda),1.0
EE,ackley,2,746,1.0733636202076013e-12,149430,30,200,n,intermedia_global,(mu+lambda),1.0
EE,ackley,2,747,1.0733636202076013e-12,149630,30,200,n,intermedia_global,(mu+lambda),1.0
EE,ackley,2,748,1.0733636202076013e-12,149830,30,200,n,intermedia_global,(mu+lambda),1.0
EE,ackley,2,749,1.0733636202076013e-12,150030,30,200,n,intermedia_global,(mu+lambda),1.0
EE,ackley,2,750,1.0733636202076013e-12,150230,30,200,n,intermedia_global,(mu+lambda),1.0
EE,ackley,2,751,1.0733636202076013e-12,150430,30,200,n,intermedia_global,(mu+lambda),1.0
EE,ackley,2,752,1.0733636202076013e-12,150630,30,200,n,intermedia_global,(mu+lambda),1.0
EE,ackley,2,753,1.0733636202076013e-12,150830,30,200,n,intermedia_global,(mu+lambda),1.0
EE,ackley,2,754,1.0733636202076013e-12,151030,30,200,n,intermedia_global,(mu+lambda),1.0
EE,ackley,2,755,1.0733636202076013e-12,151230,30,200,n,intermedia_global,(mu+lambda),1.0
EE,ackley,2,756,1.0733636202076013e-12,151430,30,200,n,intermedia_global,(mu+lambda),1.0
EE,ackley,2,757,1.0733636202076013e-12,151630,30,200,n,intermedia_global,(mu+lambda),1.0
EE,ackley,2,758,1.0733636202076013e-12,151830,30,200,n,intermedia_global,(mu+lambda),1.0
EE,ackley,2,759,1.0733636202076013e-12,152030,30,200,n,intermedia_global,(mu+lambda),1.0
EE,ackley,2,760,1.0733636202076013e-12,152230,30,200,n,intermedia_global,(mu+lambda),1.0
EE,ackley,2,761,1.0733636202076013e-12,152430,30,200,n,intermedia_global,(mu+lambda),1.0
EE,ackley,2,762,1.0733636202076013e-12,152630,30,200,n,intermedia_global,(mu+lambda),1.0
EE,ackley,2,763,1.0733636202076013e-12,152830,30,200,n,intermedia_global,(mu+lambda),1.0
EE,ackley,2,764,1.0733636202076013e-12,153030,30,200,n,intermedia_global,(mu+lambda),1.0
EE,ackley,2,765,1.0733636202076013e-12,153230,30,200,n,intermedia_global,(mu+lambda),1.0
EE,ackley,2,766,1.0733636202076013e-12,153430,30,200,n,intermedia_global,(mu+lambda),1.0
EE,ackley,2,767,1.0733636202076013e-12,153630,30,200,n,intermedia_global,(mu+lambda),1.0
EE,ackley,2,768,1.0733636202076013e-12,153830,30,200,n,intermedia_global,(mu+lambda),1.0
EE,ackley,2,769,1.0733636202076013e-12,154030,30,200,n,intermedia_global,(mu+lambda),1.0
EE,ackley,2,770,1.0733636202076013e-12,154230,30,200,n,intermedia_global,(mu+lambda),1.0
EE,ackley,2,771,1.0733636202076013e-12,154430,30,200,n,intermedia_global,(mu+lambda),1.0
EE,ackley,2,772,1.0733636202076013e-12,154630,30,200,n,intermedia_global,(mu+lambda),1.0
EE,ackley,2,773,1.0733636202076013e-12,154830,30,200,n,intermedia_global,(mu+lambda),1.0
EE,ackley,2,774,1.0733636202076013e-12,155030,30,200,n,intermedia_global,(mu+lambda),1.0
EE,ackley,2,775,1.0733636202076013e-12,155230,30,200,n,intermedia_global,(mu+lambda),1.0
EE,ackley,2,776,1.0733636202076013e-12,155430,30,200,n,intermedia_global,(mu+lambda),1.0
EE,ackley,2,777,1.0733636202076013e-12,155630,30,200,n,intermedia_global,(mu+lambda),1.0
EE,ackley,2,778,1.0733636202076013e-12,155830,30,200,n,intermedia_global,(mu+lambda),1.0
EE,ackley,2,779,1.0733636202076013e-12,156030,30,200,n,intermedia_global,(mu+lambda),1.0
EE,ackley,2,780,1.0733636202076013e-12,156230,30,200,n,intermedia_global,(mu+lambda),1.0
EE,ackley,2,781,1.0733636202076013e-12,156430,30,200,n,intermedia_global,(mu+lambda),1.0
EE,ackley,2,782,1.0733636202076013e-12,156630,30,200,n,intermedia_global,(mu+lambda),1.0
EE,ackley,2,783,1.0733636202076013e-12,156830,30,200,n,intermedia_global,(mu+lambda),1.0
EE,ackley,2,784,1.0733636202076013e-12,157030,30,200,n,intermedia_global,(mu+lambda),1.0
EE,ackley,2,785,1.0733636202076013e-12,157230,30,200,n,intermedia_global,(mu+lambda),1.0
EE,ackley,2,786,1.0733636202076013e-12,157430,30,200,n,intermedia_global,(mu+lambda),1.0
EE,ackley,2,787,1.0733636202076013e-12,157630,30,200,n,intermedia_global,(mu+lambda),1.0
EE,ackley,2,788,1.0733636202076013e-12,157830,30,200,n,intermedia_global,(mu+lambda),1.0
EE,ackley,2,789,1.0733636202076013e-12,158030,30,200,n,intermedia_global,(mu+lambda),1.0
EE,ackley,2,790,1.0733636202076013e-12,158230,30,200,n,intermedia_global,(mu+lambda),1.0
EE,ackley,2,791,1.0733636202076013e-12,158430,30,200,n,intermedia_global,(mu+lambda),1.0
EE,ackley,2,792,1.0733636202076013e-12,158630,30,200,n,intermedia_global,(mu+lambda),1.0
EE,ackley,2,793,1.0733636202076013e-12,158830,30,200,n,intermedia_global,(mu+lambda),1.0
EE,ackley,2,794,1.0733636202076013e-12,159030,30,200,n,intermedia_global,(mu+lambda),1.0
EE,ackley,2,795,1.0733636202076013e-12,159230,30,200,n,intermedia_global,(mu+lambda),1.0
EE,ackley,2,796,1.0733636202076013e-12,159430,30,200,n,intermedia_global,(mu+lambda),1.0
EE,ackley,2,797,1.0733636202076013e-12,159630,30,200,n,intermedia_global,(mu+lambda),1.0
EE,ackley,2,798,1.0733636202076013e-12,159830,30,200,n,intermedia_global,(mu+lambda),1.0
EE,ackley,2,799,1.0733636202076013e-12,160030,30,200,n,intermedia_global,(mu+lambda),1.0
EE,ackley,2,800,1.0733636202076013e-12,160230,30,200,n,intermedia_global,(mu+lambda),1.0
EE,ackley,2,801,1.0733636202076013e-12,160430,30,200,n,intermedia_global,(mu+lambda),1.0
EE,ackley,2,802,1.0733636202076013e-12,160630,30,200,n,intermedia_global,(mu+lambda),1.0
EE,ackley,2,803,1.0733636202076013e-12,160830,30,200,n,intermedia_global,(mu+lambda),1.0
EE,ackley,2,804,1.0733636202076013e-12,161030,30,200,n,intermedia_global,(mu+lambda),1.0
EE,ackley,2,805,1.0733636202076013e-12,161230,30,200,n,intermedia_global,(mu+lambda),1.0
EE,ackley,2,806,1.0733636202076013e-12,161430,30,200,n,intermedia_global,(mu+lambda),1.0
EE,ackley,2,807,1.0733636202076013e-12,161630,30,200,n,intermedia_global,(mu+lambda),1.0
EE,ackley,2,808,1.0733636202076013e-12,161830,30,200,n,intermedia_global,(mu+lambda),1.0
EE,ackley,2,809,1.0733636202076013e-12,162030,30,200,n,intermedia_global,(mu+lambda),1.0
EE,ackley,2,810,1.0733636202076013e-12,162230,30,200,n,intermedia_global,(mu+lambda),1.0
EE,ackley,2,811,1.0733636202076013e-12,162430,30,200,n,intermedia_global,(mu+lambda),1.0
EE,ackley,2,812,1.0733636202076013e-12,162630,30,200,n,intermedia_global,(mu+lambda),1.0
EE,ackley,2,813,1.0733636202076013e-12,162830,30,200,n,intermedia_global,(mu+lambda),1.0
EE,ackley,2,814,1.0733636202076013e-12,163030,30,200,n,intermedia_global,(mu+lambda),1.0
EE,ackley,2,815,1.0733636202076013e-12,163230,30,200,n,intermedia_global,(mu+lambda),1.0
EE,ackley,2,816,1.0733636202076013e-12,163430,30,200,n,intermedia_global,(mu+lambda),1.0
EE,ackley,2,817,1.0733636202076013e-12,163630,30,200,n,intermedia_global,(mu+lambda),1.0
EE,ackley,2,818,1.0733636202076013e-12,163830,30,200,n,intermedia_global,(mu+lambda),1.0
EE,ackley,2,819,1.0733636202076013e-12,164030,30,200,n,intermedia_global,(mu+lambda),1.0
EE,ackley,2,820,1.0733636202076013e-12,164230,30,200,n,intermedia_global,(mu+lambda),1.0
EE,ackley,2,821,1.0733636202076013e-12,164430,30,200,n,intermedia_global,(mu+lambda),1.0
EE,ackley,2,822,1.0733636202076013e-12,164630,30,200,n,intermedia_global,(mu+lambda),1.0
EE,ackley,2,823,1.0733636202076013e-12,164830,30,200,n,intermedia_global,(mu+lambda),1.0
EE,ackley,2,824,1.0733636202076013e-12,165030,30,200,n,intermedia_global,(mu+lambda),1.0
EE,ackley,2,825,1.0733636202076013e-12,165230,30,200,n,intermedia_global,(mu+lambda),1.0
EE,ackley,2,826,1.0733636202076013e-12,165430,30,200,n,intermedia_global,(mu+lambda),1.0
EE,ackley,2,827,1.0733636202076013e-12,165630,30,200,n,intermedia_global,(mu+lambda),1.0
EE,ackley,2,828,1.0733636202076013e-12,165830,30,200,n,intermedia_global,(mu+lambda),1.0
EE,ackley,2,829,1.0733636202076013e-12,166030,30,200,n,intermedia_global,(mu+lambda),1.0
EE,ackley,2,830,1.0733636202076013e-12,166230,30,200,n,intermedia_global,(mu+lambda),1.0
EE,ackley,2,831,1.0733636202076013e-12,166430,30,200,n,intermedia_global,(mu+lambda),1.0
EE,ackley,2,832,1.0733636202076013e-12,166630,30,200,n,intermedia_global,(mu+lambda),1.0
EE,ackley,2,833,1.0733636202076013e-12,166830,30,200,n,intermedia_global,(mu+lambda),1.0
EE,ackley,2,834,1.0733636202076013e-12,167030,30,200,n,intermedia_global,(mu+lambda),1.0
EE,ackley,2,835,1.0733636202076013e-12,167230,30,200,n,intermedia_global,(mu+lambda),1.0
EE,ackley,2,836,1.0733636202076013e-12,167430,30,200,n,intermedia_global,(mu+lambda),1.0
EE,ackley,2,837,1.0733636202076013e-12,167630,30,200,n,intermedia_global,(mu+lambda),1.0
EE,ackley,2,838,1.0733636202076013e-12,167830,30,200,n,intermedia_global,(mu+lambda),1.0
EE,ackley,2,839,1.0733636202076013e-12,168030,30,200,n,intermedia_global,(mu+lambda),1.0
EE,ackley,2,840,1.0733636202076013e-12,168230,30,200,n,intermedia_global,(mu+lambda),1.0
EE,ackley,2,841,1.0733636202076013e-12,168430,30,200,n,intermedia_global,(mu+lambda),1.0
EE,ackley,2,842,1.0733636202076013e-12,168630,30,200,n,intermedia_global,(mu+lambda),1.0
EE,ackley,2,843,1.0733636202076013e-12,168830,30,200,n,intermedia_global,(mu+lambda),1.0
EE,ackley,2,844,1.0733636202076013e-12,169030,30,200,n,intermedia_global,(mu+lambda),1.0
EE,ackley,2,845,1.0733636202076013e-12,169230,30,200,n,intermedia_global,(mu+lambda),1.0
EE,ackley,2,846,1.0733636202076013e-12,169430,30,200,n,intermedia_global,(mu+lambda),1.0
EE,ackley,2,847,1.0733636202076013e-12,169630,30,200,n,intermedia_global,(mu+lambda),1.0
EE,ackley,2,848,1.0733636202076013e-12,169830,30,200,n,intermedia_global,(mu+lambda),1.0
EE,ackley,2,849,1.0733636202076013e-12,170030,30,200,n,intermedia_global,(mu+lambda),1.0
EE,ackley,2,850,1.0733636202076013e-12,170230,30,200,n,intermedia_global,(mu+lambda),1.0
EE,ackley,2,851,1.0733636202076013e-12,170430,30,200,n,intermedia_global,(mu+lambda),1.0
EE,ackley,2,852,1.0733636202076013e-12,170630,30,200,n,intermedia_global,(mu+lambda),1.0
EE,ackley,2,853,1.0733636202076013e-12,170830,30,200,n,intermedia_global,(mu+lambda),1.0
EE,ackley,2,854,1.0733636202076013e-12,171030,30,200,n,intermedia_global,(mu+lambda),1.0
EE,ackley,2,855,1.0733636202076013e-12,171230,30,200,n,intermedia_global,(mu+lambda),1.0
EE,ackley,2,856,1.0733636202076013e-12,171430,30,200,n,intermedia_global,(mu+lambda),1.0
EE,ackley,2,857,1.0733636202076013e-12,171630,30,200,n,intermedia_global,(mu+lambda),1.0
EE,ackley,2,858,1.0733636202076013e-12,171830,30,200,n,intermedia_global,(mu+lambda),1.0
EE,ackley,2,859,1.0733636202076013e-12,172030,30,200,n,intermedia_global,(mu+lambda),1.0
EE,ackley,2,860,1.0733636202076013e-12,172230,30,200,n,intermedia_global,(mu+lambda),1.0
EE,ackley,2,861,1.0733636202076013e-12,172430,30,200,n,intermedia_global,(mu+lambda),1.0
EE,ackley,2,862,1.0733636202076013e-12,172630,30,200,n,intermedia_global,(mu+lambda),1.0
EE,ackley,2,863,1.0733636202076013e-12,172830,30,200,n,intermedia_global,(mu+lambda),1.0
EE,ackley,2,864,1.0733636202076013e-12,173030,30,200,n,intermedia_global,(mu+lambda),1.0
EE,ackley,2,865,1.0733636202076013e-12,173230,30,200,n,intermedia_global,(mu+lambda),1.0
EE,ackley,2,866,1.0733636202076013e-12,173430,30,200,n,intermedia_global,(mu+lambda),1.0
EE,ackley,2,867,1.0733636202076013e-12,173630,30,200,n,intermedia_global,(mu+lambda),1.0
EE,ackley,2,868,1.0733636202076013e-12,173830,30,200,n,intermedia_global,(mu+lambda),1.0
EE,ackley,2,869,8.992806499463768e-13,174030,30,200,n,intermedia_global,(mu+lambda),1.0
EE,ackley,2,870,8.992806499463768e-13,174230,30,200,n,intermedia_global,(mu+lambda),1.0
EE,ackley,2,871,8.992806499463768e-13,174430,30,200,n,intermedia_global,(mu+lambda),1.0
EE,ackley,2,872,8.992806499463768e-13,174630,30,200,n,intermedia_global,(mu+lambda),1.0
EE,ackley,2,873,8.992806499463768e-13,174830,30,200,n,intermedia_global,(mu+lambda),1.0
EE,ackley,2,874,8.992806499463768e-13,175030,30,200,n,intermedia_global,(mu+lambda),1.0
EE,ackley,2,875,8.992806499463768e-13,175230,30,200,n,intermedia_global,(mu+lambda),1.0
EE,ackley,2,876,8.992806499463768e-13,175430,30,200,n,intermedia_global,(mu+lambda),1.0
EE,ackley,2,877,8.992806499463768e-13,175630,30,200,n,intermedia_global,(mu+lambda),1.0
EE,ackley,2,878,8.992806499463768e-13,175830,30,200,n,intermedia_global,(mu+lambda),1.0
EE,ackley,2,879,8.992806499463768e-13,176030,30,200,n,intermedia_global,(mu+lambda),1.0
EE,ackley,2,880,8.992806499463768e-13,176230,30,200,n,intermedia_global,(mu+lambda),1.0
EE,ackley,2,881,8.992806499463768e-13,176430,30,200,n,intermedia_global,(mu+lambda),1.0
EE,ackley,2,882,8.992806499463768e-13,176630,30,200,n,intermedia_global,(mu+lambda),1.0
EE,ackley,2,883,8.992806499463768e-13,176830,30,200,n,intermedia_global,(mu+lambda),1.0
EE,ackley,2,884,8.992806499463768e-13,177030,30,200,n,intermedia_global,(mu+lambda),1.0
EE,ackley,2,885,8.992806499463768e-13,177230,30,200,n,intermedia_global,(mu+lambda),1.0
EE,ackley,2,886,8.992806499463768e-13,177430,30,200,n,intermedia_global,(mu+lambda),1.0
EE,ackley,2,887,8.992806499463768e-13,177630,30,200,n,intermedia_global,(mu+lambda),1.0
EE,ackley,2,888,8.992806499463768e-13,177830,30,200,n,intermedia_global,(mu+lambda),1.0
EE,ackley,2,889,8.992806499463768e-13,178030,30,200,n,intermedia_global,(mu+lambda),1.0
EE,ackley,2,890,8.992806499463768e-13,178230,30,200,n,intermedia_global,(mu+lambda),1.0
EE,ackley,2,891,8.992806499463768e-13,178430,30,200,n,intermedia_global,(mu+lambda),1.0
EE,ackley,2,892,8.992806499463768e-13,178630,30,200,n,intermedia_global,(mu+lambda),1.0
EE,ackley,2,893,8.992806499463768e-13,178830,30,200,n,intermedia_global,(mu+lambda),1.0
EE,ackley,2,894,8.992806499463768e-13,179030,30,200,n,intermedia_global,(mu+lambda),1.0
EE,ackley,2,895,8.992806499463768e-13,179230,30,200,n,intermedia_global,(mu+lambda),1.0
EE,ackley,2,896,8.992806499463768e-13,179430,30,200,n,intermedia_global,(mu+lambda),1.0
EE,ackley,2,897,8.992806499463768e-13,179630,30,200,n,intermedia_global,(mu+lambda),1.0
EE,ackley,2,898,8.992806499463768e-13,179830,30,200,n,intermedia_global,(mu+lambda),1.0
EE,ackley,2,899,8.992806499463768e-13,180030,30,200,n,intermedia_global,(mu+lambda),1.0
EE,ackley,2,900,8.992806499463768e-13,180230,30,200,n,intermedia_global,(mu+lambda),1.0
EE,ackley,2,901,8.992806499463768e-13,180430,30,200,n,intermedia_global,(mu+lambda),1.0
EE,ackley,2,902,8.992806499463768e-13,180630,30,200,n,intermedia_global,(mu+lambda),1.0
EE,ackley,2,903,8.992806499463768e-13,180830,30,200,n,intermedia_global,(mu+lambda),1.0
EE,ackley,2,904,8.992806499463768e-13,181030,30,200,n,intermedia_global,(mu+lambda),1.0
EE,ackley,2,905,8.992806499463768e-13,181230,30,200,n,intermedia_global,(mu+lambda),1.0
EE,ackley,2,906,8.992806499463768e-13,181430,30,200,n,intermedia_global,(mu+lambda),1.0
EE,ackley,2,907,8.992806499463768e-13,181630,30,200,n,intermedia_global,(mu+lambda),1.0
EE,ackley,2,908,8.992806499463768e-13,181830,30,200,n,intermedia_global,(mu+lambda),1.0
EE,ackley,2,909,8.992806499463768e-13,182030,30,200,n,intermedia_global,(mu+lambda),1.0
EE,ackley,2,910,8.992806499463768e-13,182230,30,200,n,intermedia_global,(mu+lambda),1.0
EE,ackley,2,911,8.992806499463768e-13,182430,30,200,n,intermedia_global,(mu+lambda),1.0
EE,ackley,2,912,8.992806499463768e-13,182630,30,200,n,intermedia_global,(mu+lambda),1.0
EE,ackley,2,913,8.992806499463768e-13,182830,30,200,n,intermedia_global,(mu+lambda),1.0
EE,ackley,2,914,8.992806499463768e-13,183030,30,200,n,intermedia_global,(mu+lambda),1.0
EE,ackley,2,915,8.992806499463768e-13,183230,30,200,n,intermedia_global,(mu+lambda),1.0
EE,ackley,2,916,8.992806499463768e-13,183430,30,200,n,intermedia_global,(mu+lambda),1.0
EE,ackley,2,917,8.992806499463768e-13,183630,30,200,n,intermedia_global,(mu+lambda),1.0
EE,ackley,2,918,8.992806499463768e-13,183830,30,200,n,intermedia_global,(mu+lambda),1.0
EE,ackley,2,919,8.992806499463768e-13,184030,30,200,n,intermedia_global,(mu+lambda),1.0
EE,ackley,2,920,8.992806499463768e-13,184230,30,200,n,intermedia_global,(mu+lambda),1.0
EE,ackley,2,921,8.992806499463768e-13,184430,30,200,n,intermedia_global,(mu+lambda),1.0
EE,ackley,2,922,8.992806499463768e-13,184630,30,200,n,intermedia_global,(mu+lambda),1.0
EE,ackley,2,923,8.992806499463768e-13,184830,30,200,n,intermedia_global,(mu+lambda),1.0
EE,ackley,2,924,8.992806499463768e-13,185030,30,200,n,intermedia_global,(mu+lambda),1.0
EE,ackley,2,925,8.992806499463768e-13,185230,30,200,n,intermedia_global,(mu+lambda),1.0
EE,ackley,2,926,8.992806499463768e-13,185430,30,200,n,intermedia_global,(mu+lambda),1.0
EE,ackley,2,927,8.992806499463768e-13,185630,30,200,n,intermedia_global,(mu+lambda),1.0
EE,ackley,2,928,8.992806499463768e-13,185830,30,200,n,intermedia_global,(mu+lambda),1.0
EE,ackley,2,929,8.992806499463768e-13,186030,30,200,n,intermedia_global,(mu+lambda),1.0
EE,ackley,2,930,8.992806499463768e-13,186230,30,200,n,intermedia_global,(mu+lambda),1.0
EE,ackley,2,931,8.992806499463768e-13,186430,30,200,n,intermedia_global,(mu+lambda),1.0
EE,ackley,2,932,8.992806499463768e-13,186630,30,200,n,intermedia_global,(mu+lambda),1.0
EE,ackley,2,933,8.992806499463768e-13,186830,30,200,n,intermedia_global,(mu+lambda),1.0
EE,ackley,2,934,8.992806499463768e-13,187030,30,200,n,intermedia_global,(mu+lambda),1.0
EE,ackley,2,935,8.992806499463768e-13,187230,30,200,n,intermedia_global,(mu+lambda),1.0
EE,ackley,2,936,8.992806499463768e-13,187430,30,200,n,intermedia_global,(mu+lambda),1.0
EE,ackley,2,937,8.992806499463768e-13,187630,30,200,n,intermedia_global,(mu+lambda),1.0
EE,ackley,2,938,8.992806499463768e-13,187830,30,200,n,intermedia_global,(mu+lambda),1.0
EE,ackley,2,939,8.992806499463768e-13,188030,30,200,n,intermedia_global,(mu+lambda),1.0
EE,ackley,2,940,8.992806499463768e-13,188230,30,200,n,intermedia_global,(mu+lambda),1.0
EE,ackley,2,941,8.992806499463768e-13,188430,30,200,n,intermedia_global,(mu+lambda),1.0
EE,ackley,2,942,8.992806499463768e-13,188630,30,200,n,intermedia_global,(mu+lambda),1.0
EE,ackley,2,943,8.992806499463768e-13,188830,30,200,n,intermedia_global,(mu+lambda),1.0
EE,ackley,2,944,8.992806499463768e-13,189030,30,200,n,intermedia_global,(mu+lambda),1.0
EE,ackley,2,945,8.992806499463768e-13,189230,30,200,n,intermedia_global,(mu+lambda),1.0
EE,ackley,2,946,8.992806499463768e-13,189430,30,200,n,intermedia_global,(mu+lambda),1.0
EE,ackley,2,947,8.992806499463768e-13,189630,30,200,n,intermedia_global,(mu+lambda),1.0
EE,ackley,2,948,8.992806499463768e-13,189830,30,200,n,intermedia_global,(mu+lambda),1.0
EE,ackley,2,949,8.992806499463768e-13,190030,30,200,n,intermedia_global,(mu+lambda),1.0
EE,ackley,2,950,8.992806499463768e-13,190230,30,200,n,intermedia_global,(mu+lambda),1.0
EE,ackley,2,951,8.992806499463768e-13,190430,30,200,n,intermedia_global,(mu+lambda),1.0
EE,ackley,2,952,8.992806499463768e-13,190630,30,200,n,intermedia_global,(mu+lambda),1.0
EE,ackley,2,953,8.992806499463768e-13,190830,30,200,n,intermedia_global,(mu+lambda),1.0
EE,ackley,2,954,8.992806499463768e-13,191030,30,200,n,intermedia_global,(mu+lambda),1.0
EE,ackley,2,955,8.992806499463768e-13,191230,30,200,n,intermedia_global,(mu+lambda),1.0
EE,ackley,2,956,8.992806499463768e-13,191430,30,200,n,intermedia_global,(mu+lambda),1.0
EE,ackley,2,957,8.992806499463768e-13,191630,30,200,n,intermedia_global,(mu+lambda),1.0
EE,ackley,2,958,8.992806499463768e-13,191830,30,200,n,intermedia_global,(mu+lambda),1.0
EE,ackley,2,959,8.992806499463768e-13,192030,30,200,n,intermedia_global,(mu+lambda),1.0
EE,ackley,2,960,8.992806499463768e-13,192230,30,200,n,intermedia_global,(mu+lambda),1.0
EE,ackley,2,961,8.992806499463768e-13,192430,30,200,n,intermedia_global,(mu+lambda),1.0
EE,ackley,2,962,8.992806499463768e-13,192630,30,200,n,intermedia_global,(mu+lambda),1.0
EE,ackley,2,963,8.992806499463768e-13,192830,30,200,n,intermedia_global,(mu+lambda),1.0
EE,ackley,2,964,8.992806499463768e-13,193030,30,200,n,intermedia_global,(mu+lambda),1.0
EE,ackley,2,965,8.992806499463768e-13,193230,30,200,n,intermedia_global,(mu+lambda),1.0
EE,ackley,2,966,8.992806499463768e-13,193430,30,200,n,intermedia_global,(mu+lambda),1.0
EE,ackley,2,967,8.992806499463768e-13,193630,30,200,n,intermedia_global,(mu+lambda),1.0
EE,ackley,2,968,8.992806499463768e-13,193830,30,200,n,intermedia_global,(mu+lambda),1.0
EE,ackley,2,969,8.992806499463768e-13,194030,30,200,n,intermedia_global,(mu+lambda),1.0
EE,ackley,2,970,8.992806499463768e-13,194230,30,200,n,intermedia_global,(mu+lambda),1.0
EE,ackley,2,971,8.992806499463768e-13,194430,30,200,n,intermedia_global,(mu+lambda),1.0
EE,ackley,2,972,8.992806499463768e-13,194630,30,200,n,intermedia_global,(mu+lambda),1.0
EE,ackley,2,973,8.992806499463768e-13,194830,30,200,n,intermedia_global,(mu+lambda),1.0
EE,ackley,2,974,8.992806499463768e-13,195030,30,200,n,intermedia_global,(mu+lambda),1.0
EE,ackley,2,975,8.992806499463768e-13,195230,30,200,n,intermedia_global,(mu+lambda),1.0
EE,ackley,2,976,8.992806499463768e-13,195430,30,200,n,intermedia_global,(mu+lambda),1.0
EE,ackley,2,977,8.992806499463768e-13,195630,30,200,n,intermedia_global,(mu+lambda),1.0
EE,ackley,2,978,8.992806499463768e-13,195830,30,200,n,intermedia_global,(mu+lambda),1.0
EE,ackley,2,979,8.992806499463768e-13,196030,30,200,n,intermedia_global,(mu+lambda),1.0
EE,ackley,2,980,8.992806499463768e-13,196230,30,200,n,intermedia_global,(mu+lambda),1.0
EE,ackley,2,981,8.992806499463768e-13,196430,30,200,n,intermedia_global,(mu+lambda),1.0
EE,ackley,2,982,8.992806499463768e-13,196630,30,200,n,intermedia_global,(mu+lambda),1.0
EE,ackley,2,983,8.992806499463768e-13,196830,30,200,n,intermedia_global,(mu+lambda),1.0
EE,ackley,2,984,8.992806499463768e-13,197030,30,200,n,intermedia_global,(mu+lambda),1.0
EE,ackley,2,985,8.992806499463768e-13,197230,30,200,n,intermedia_global,(mu+lambda),1.0
EE,ackley,2,986,8.992806499463768e-13,197430,30,200,n,intermedia_global,(mu+lambda),1.0
EE,ackley,2,987,8.992806499463768e-13,197630,30,200,n,intermedia_global,(mu+lambda),1.0
EE,ackley,2,988,8.992806499463768e-13,197830,30,200,n,intermedia_global,(mu+lambda),1.0
EE,ackley,2,989,8.992806499463768e-13,198030,30,200,n,intermedia_global,(mu+lambda),1.0
EE,ackley,2,990,8.992806499463768e-13,198230,30,200,n,intermedia_global,(mu+lambda),1.0
EE,ackley,2,991,8.992806499463768e-13,198430,30,200,n,intermedia_global,(mu+lambda),1.0
EE,ackley,2,992,8.992806499463768e-13,198630,30,200,n,intermedia_global,(mu+lambda),1.0
EE,ackley,2,993,8.992806499463768e-13,198830,30,200,n,intermedia_global,(mu+lambda),1.0
EE,ackley,2,994,8.992806499463768e-13,199030,30,200,n,intermedia_global,(mu+lambda),1.0
EE,ackley,2,995,8.992806499463768e-13,199230,30,200,n,intermedia_global,(mu+lambda),1.0
EE,ackley,2,996,8.992806499463768e-13,199430,30,200,n,intermedia_global,(mu+lambda),1.0
EE,ackley,2,997,8.992806499463768e-13,199630,30,200,n,intermedia_global,(mu+lambda),1.0
EE,ackley,2,998,8.992806499463768e-13,199830,30,200,n,intermedia_global,(mu+lambda),1.0
EE,ackley,2,999,8.992806499463768e-13,200030,30,200,n,intermedia_global,(mu+lambda),1.0
EE,ackley,2,1000,8.992806499463768e-13,200230,30,200,n,intermedia_global,(mu+lambda),1.0
EE,ackley,2,1001,8.992806499463768e-13,200430,30,200,n,intermedia_global,(mu+lambda),1.0
EE,ackley,2,1002,8.992806499463768e-13,200630,30,200,n,intermedia_global,(mu+lambda),1.0
EE,ackley,2,1003,8.992806499463768e-13,200830,30,200,n,intermedia_global,(mu+lambda),1.0
EE,ackley,2,1004,8.992806499463768e-13,201030,30,200,n,intermedia_global,(mu+lambda),1.0
EE,ackley,2,1005,8.992806499463768e-13,201230,30,200,n,intermedia_global,(mu+lambda),1.0
EE,ackley,2,1006,8.992806499463768e-13,201430,30,200,n,intermedia_global,(mu+lambda),1.0
EE,ackley,2,1007,8.992806499463768e-13,201630,30,200,n,intermedia_global,(mu+lambda),1.0
EE,ackley,2,1008,8.992806499463768e-13,201830,30,200,n,intermedia_global,(mu+lambda),1.0
EE,ackley,2,1009,8.992806499463768e-13,202030,30,200,n,intermedia_global,(mu+lambda),1.0
EE,ackley,2,1010,8.992806499463768e-13,202230,30,200,n,intermedia_global,(mu+lambda),1.0
EE,ackley,2,1011,8.992806499463768e-13,202430,30,200,n,intermedia_global,(mu+lambda),1.0
EE,ackley,2,1012,8.992806499463768e-13,202630,30,200,n,intermedia_global,(mu+lambda),1.0
EE,ackley,2,1013,8.992806499463768e-13,202830,30,200,n,intermedia_global,(mu+lambda),1.0
EE,ackley,2,1014,8.992806499463768e-13,203030,30,200,n,intermedia_global,(mu+lambda),1.0
EE,ackley,2,1015,8.992806499463768e-13,203230,30,200,n,intermedia_global,(mu+lambda),1.0
EE,ackley,2,1016,8.992806499463768e-13,203430,30,200,n,intermedia_global,(mu+lambda),1.0
EE,ackley,2,1017,8.992806499463768e-13,203630,30,200,n,intermedia_global,(mu+lambda),1.0
EE,ackley,2,1018,8.992806499463768e-13,203830,30,200,n,intermedia_global,(mu+lambda),1.0
EE,ackley,2,1019,8.992806499463768e-13,204030,30,200,n,intermedia_global,(mu+lambda),1.0
EE,ackley,2,1020,8.992806499463768e-13,204230,30,200,n,intermedia_global,(mu+lambda),1.0
EE,ackley,2,1021,8.992806499463768e-13,204430,30,200,n,intermedia_global,(mu+lambda),1.0
EE,ackley,2,1022,8.992806499463768e-13,204630,30,200,n,intermedia_global,(mu+lambda),1.0
EE,ackley,2,1023,8.992806499463768e-13,204830,30,200,n,intermedia_global,(mu+lambda),1.0
EE,ackley,2,1024,8.992806499463768e-13,205030,30,200,n,intermedia_global,(mu+lambda),1.0
EE,ackley,2,1025,8.992806499463768e-13,205230,30,200,n,intermedia_global,(mu+lambda),1.0
EE,ackley,2,1026,8.992806499463768e-13,205430,30,200,n,intermedia_global,(mu+lambda),1.0
EE,ackley,2,1027,8.992806499463768e-13,205630,30,200,n,intermedia_global,(mu+lambda),1.0
EE,ackley,2,1028,8.992806499463768e-13,205830,30,200,n,intermedia_global,(mu+lambda),1.0
EE,ackley,2,1029,8.992806499463768e-13,206030,30,200,n,intermedia_global,(mu+lambda),1.0
EE,ackley,2,1030,8.992806499463768e-13,206230,30,200,n,intermedia_global,(mu+lambda),1.0
EE,ackley,2,1031,8.992806499463768e-13,206430,30,200,n,intermedia_global,(mu+lambda),1.0
EE,ackley,2,1032,8.992806499463768e-13,206630,30,200,n,intermedia_global,(mu+lambda),1.0
EE,ackley,2,1033,8.992806499463768e-13,206830,30,200,n,intermedia_global,(mu+lambda),1.0
EE,ackley,2,1034,8.992806499463768e-13,207030,30,200,n,intermedia_global,(mu+lambda),1.0
EE,ackley,2,1035,8.992806499463768e-13,207230,30,200,n,intermedia_global,(mu+lambda),1.0
EE,ackley,2,1036,8.992806499463768e-13,207430,30,200,n,intermedia_global,(mu+lambda),1.0
EE,ackley,2,1037,8.992806499463768e-13,207630,30,200,n,intermedia_global,(mu+lambda),1.0
EE,ackley,2,1038,8.992806499463768e-13,207830,30,200,n,intermedia_global,(mu+lambda),1.0
EE,ackley,2,1039,8.992806499463768e-13,208030,30,200,n,intermedia_global,(mu+lambda),1.0
EE,ackley,2,1040,8.992806499463768e-13,208230,30,200,n,intermedia_global,(mu+lambda),1.0
EE,ackley,2,1041,8.992806499463768e-13,208430,30,200,n,intermedia_global,(mu+lambda),1.0
EE,ackley,2,1042,8.992806499463768e-13,208630,30,200,n,intermedia_global,(mu+lambda),1.0
EE,ackley,2,1043,8.992806499463768e-13,208830,30,200,n,intermedia_global,(mu+lambda),1.0
EE,ackley,2,1044,8.992806499463768e-13,209030,30,200,n,intermedia_global,(mu+lambda),1.0
EE,ackley,2,1045,8.992806499463768e-13,209230,30,200,n,intermedia_global,(mu+lambda),1.0
EE,ackley,2,1046,8.992806499463768e-13,209430,30,200,n,intermedia_global,(mu+lambda),1.0
EE,ackley,2,1047,8.992806499463768e-13,209630,30,200,n,intermedia_global,(mu+lambda),1.0
EE,ackley,2,1048,8.992806499463768e-13,209830,30,200,n,intermedia_global,(mu+lambda),1.0
EE,ackley,2,1049,8.992806499463768e-13,210030,30,200,n,intermedia_global,(mu+lambda),1.0
EE,ackley,2,1050,8.992806499463768e-13,210230,30,200,n,intermedia_global,(mu+lambda),1.0
EE,ackley,2,1051,8.992806499463768e-13,210430,30,200,n,intermedia_global,(mu+lambda),1.0
EE,ackley,2,1052,8.992806499463768e-13,210630,30,200,n,intermedia_global,(mu+lambda),1.0
EE,ackley,2,1053,8.992806499463768e-13,210830,30,200,n,intermedia_global,(mu+lambda),1.0
EE,ackley,2,1054,8.992806499463768e-13,211030,30,200,n,intermedia_global,(mu+lambda),1.0
EE,ackley,2,1055,8.992806499463768e-13,211230,30,200,n,intermedia_global,(mu+lambda),1.0
EE,ackley,2,1056,8.992806499463768e-13,211430,30,200,n,intermedia_global,(mu+lambda),1.0
EE,ackley,2,1057,8.992806499463768e-13,211630,30,200,n,intermedia_global,(mu+lambda),1.0
EE,ackley,2,1058,8.992806499463768e-13,211830,30,200,n,intermedia_global,(mu+lambda),1.0
EE,ackley,2,1059,8.992806499463768e-13,212030,30,200,n,intermedia_global,(mu+lambda),1.0
EE,ackley,2,1060,8.992806499463768e-13,212230,30,200,n,intermedia_global,(mu+lambda),1.0
EE,ackley,2,1061,8.992806499463768e-13,212430,30,200,n,intermedia_global,(mu+lambda),1.0
EE,ackley,2,1062,8.992806499463768e-13,212630,30,200,n,intermedia_global,(mu+lambda),1.0
EE,ackley,2,1063,8.992806499463768e-13,212830,30,200,n,intermedia_global,(mu+lambda),1.0
EE,ackley,2,1064,8.992806499463768e-13,213030,30,200,n,intermedia_global,(mu+lambda),1.0
EE,ackley,2,1065,8.992806499463768e-13,213230,30,200,n,intermedia_global,(mu+lambda),1.0
EE,ackley,2,1066,8.992806499463768e-13,213430,30,200,n,intermedia_global,(mu+lambda),1.0
EE,ackley,2,1067,8.992806499463768e-13,213630,30,200,n,intermedia_global,(mu+lambda),1.0
EE,ackley,2,1068,8.992806499463768e-13,213830,30,200,n,intermedia_global,(mu+lambda),1.0
EE,ackley,2,1069,8.992806499463768e-13,214030,30,200,n,intermedia_global,(mu+lambda),1.0
EE,ackley,2,1070,8.992806499463768e-13,214230,30,200,n,intermedia_global,(mu+lambda),1.0
EE,ackley,2,1071,8.992806499463768e-13,214430,30,200,n,intermedia_global,(mu+lambda),1.0
EE,ackley,2,1072,8.992806499463768e-13,214630,30,200,n,intermedia_global,(mu+lambda),1.0
EE,ackley,2,1073,8.992806499463768e-13,214830,30,200,n,intermedia_global,(mu+lambda),1.0
EE,ackley,2,1074,8.992806499463768e-13,215030,30,200,n,intermedia_global,(mu+lambda),1.0
EE,ackley,2,1075,8.992806499463768e-13,215230,30,200,n,intermedia_global,(mu+lambda),1.0
EE,ackley,2,1076,8.992806499463768e-13,215430,30,200,n,intermedia_global,(mu+lambda),1.0
EE,ackley,2,1077,8.992806499463768e-13,215630,30,200,n,intermedia_global,(mu+lambda),1.0
EE,ackley,2,1078,8.992806499463768e-13,215830,30,200,n,intermedia_global,(mu+lambda),1.0
EE,ackley,2,1079,8.992806499463768e-13,216030,30,200,n,intermedia_global,(mu+lambda),1.0
EE,ackley,2,1080,8.992806499463768e-13,216230,30,200,n,intermedia_global,(mu+lambda),1.0
EE,ackley,2,1081,8.992806499463768e-13,216430,30,200,n,intermedia_global,(mu+lambda),1.0
EE,ackley,2,1082,8.992806499463768e-13,216630,30,200,n,intermedia_global,(mu+lambda),1.0
EE,ackley,2,1083,8.992806499463768e-13,216830,30,200,n,intermedia_global,(mu+lambda),1.0
EE,ackley,2,1084,8.992806499463768e-13,217030,30,200,n,intermedia_global,(mu+lambda),1.0
EE,ackley,2,1085,8.992806499463768e-13,217230,30,200,n,intermedia_global,(mu+lambda),1.0
EE,ackley,2,1086,8.992806499463768e-13,217430,30,200,n,intermedia_global,(mu+lambda),1.0
EE,ackley,2,1087,8.992806499463768e-13,217630,30,200,n,intermedia_global,(mu+lambda),1.0
EE,ackley,2,1088,8.992806499463768e-13,217830,30,200,n,intermedia_global,(mu+lambda),1.0
EE,ackley,2,1089,8.992806499463768e-13,218030,30,200,n,intermedia_global,(mu+lambda),1.0
EE,ackley,2,1090,8.992806499463768e-13,218230,30,200,n,intermedia_global,(mu+lambda),1.0
EE,ackley,2,1091,8.992806499463768e-13,218430,30,200,n,intermedia_global,(mu+lambda),1.0
EE,ackley,2,1092,8.992806499463768e-13,218630,30,200,n,intermedia_global,(mu+lambda),1.0
EE,ackley,2,1093,8.992806499463768e-13,218830,30,200,n,intermedia_global,(mu+lambda),1.0
EE,ackley,2,1094,8.992806499463768e-13,219030,30,200,n,intermedia_global,(mu+lambda),1.0
EE,ackley,2,1095,8.992806499463768e-13,219230,30,200,n,intermedia_global,(mu+lambda),1.0
EE,ackley,2,1096,8.992806499463768e-13,219430,30,200,n,intermedia_global,(mu+lambda),1.0
EE,ackley,2,1097,8.992806499463768e-13,219630,30,200,n,intermedia_global,(mu+lambda),1.0
EE,ackley,2,1098,8.992806499463768e-13,219830,30,200,n,intermedia_global,(mu+lambda),1.0
EE,ackley,2,1099,8.992806499463768e-13,220030,30,200,n,intermedia_global,(mu+lambda),1.0
EE,ackley,2,1100,8.992806499463768e-13,220230,30,200,n,intermedia_global,(mu+lambda),1.0
EE,ackley,2,1101,8.992806499463768e-13,220430,30,200,n,intermedia_global,(mu+lambda),1.0
EE,ackley,2,1102,8.992806499463768e-13,220630,30,200,n,intermedia_global,(mu+lambda),1.0
EE,ackley,2,1103,8.992806499463768e-13,220830,30,200,n,intermedia_global,(mu+lambda),1.0
EE,ackley,2,1104,8.992806499463768e-13,221030,30,200,n,intermedia_global,(mu+lambda),1.0
EE,ackley,2,1105,8.992806499463768e-13,221230,30,200,n,intermedia_global,(mu+lambda),1.0
EE,ackley,2,1106,8.992806499463768e-13,221430,30,200,n,intermedia_global,(mu+lambda),1.0
EE,ackley,2,1107,8.992806499463768e-13,221630,30,200,n,intermedia_global,(mu+lambda),1.0
EE,ackley,2,1108,8.992806499463768e-13,221830,30,200,n,intermedia_global,(mu+lambda),1.0
EE,ackley,2,1109,8.992806499463768e-13,222030,30,200,n,intermedia_global,(mu+lambda),1.0
EE,ackley,2,1110,8.992806499463768e-13,222230,30,200,n,intermedia_global,(mu+lambda),1.0
EE,ackley,2,1111,8.992806499463768e-13,222430,30,200,n,intermedia_global,(mu+lambda),1.0
EE,ackley,2,1112,8.992806499463768e-13,222630,30,200,n,intermedia_global,(mu+lambda),1.0
EE,ackley,2,1113,8.992806499463768e-13,222830,30,200,n,intermedia_global,(mu+lambda),1.0
EE,ackley,2,1114,8.992806499463768e-13,223030,30,200,n,intermedia_global,(mu+lambda),1.0
EE,ackley,2,1115,8.992806499463768e-13,223230,30,200,n,intermedia_global,(mu+lambda),1.0
EE,ackley,2,1116,8.992806499463768e-13,223430,30,200,n,intermedia_global,(mu+lambda),1.0
EE,ackley,2,1117,8.992806499463768e-13,223630,30,200,n,intermedia_global,(mu+lambda),1.0
EE,ackley,2,1118,8.992806499463768e-13,223830,30,200,n,intermedia_global,(mu+lambda),1.0
EE,ackley,2,1119,8.992806499463768e-13,224030,30,200,n,intermedia_global,(mu+lambda),1.0
EE,ackley,2,1120,8.992806499463768e-13,224230,30,200,n,intermedia_global,(mu+lambda),1.0
EE,ackley,2,1121,8.992806499463768e-13,224430,30,200,n,intermedia_global,(mu+lambda),1.0
EE,ackley,2,1122,8.992806499463768e-13,224630,30,200,n,intermedia_global,(mu+lambda),1.0
EE,ackley,2,1123,8.992806499463768e-13,224830,30,200,n,intermedia_global,(mu+lambda),1.0
EE,ackley,2,1124,8.992806499463768e-13,225030,30,200,n,intermedia_global,(mu+lambda),1.0
EE,ackley,2,1125,8.992806499463768e-13,225230,30,200,n,intermedia_global,(mu+lambda),1.0
EE,ackley,2,1126,8.992806499463768e-13,225430,30,200,n,intermedia_global,(mu+lambda),1.0
EE,ackley,2,1127,8.992806499463768e-13,225630,30,200,n,intermedia_global,(mu+lambda),1.0
EE,ackley,2,1128,8.992806499463768e-13,225830,30,200,n,intermedia_global,(mu+lambda),1.0
EE,ackley,2,1129,8.992806499463768e-13,226030,30,200,n,intermedia_global,(mu+lambda),1.0
EE,ackley,2,1130,8.992806499463768e-13,226230,30,200,n,intermedia_global,(mu+lambda),1.0
EE,ackley,2,1131,8.992806499463768e-13,226430,30,200,n,intermedia_global,(mu+lambda),1.0
EE,ackley,2,1132,8.992806499463768e-13,226630,30,200,n,intermedia_global,(mu+lambda),1.0
EE,ackley,2,1133,8.992806499463768e-13,226830,30,200,n,intermedia_global,(mu+lambda),1.0
EE,ackley,2,1134,8.992806499463768e-13,227030,30,200,n,intermedia_global,(mu+lambda),1.0
EE,ackley,2,1135,8.992806499463768e-13,227230,30,200,n,intermedia_global,(mu+lambda),1.0
EE,ackley,2,1136,8.992806499463768e-13,227430,30,200,n,intermedia_global,(mu+lambda),1.0
EE,ackley,2,1137,8.992806499463768e-13,227630,30,200,n,intermedia_global,(mu+lambda),1.0
EE,ackley,2,1138,8.992806499463768e-13,227830,30,200,n,intermedia_global,(mu+lambda),1.0
EE,ackley,2,1139,8.992806499463768e-13,228030,30,200,n,intermedia_global,(mu+lambda),1.0
EE,ackley,2,1140,8.992806499463768e-13,228230,30,200,n,intermedia_global,(mu+lambda),1.0
EE,ackley,2,1141,8.992806499463768e-13,228430,30,200,n,intermedia_global,(mu+lambda),1.0
EE,ackley,2,1142,8.992806499463768e-13,228630,30,200,n,intermedia_global,(mu+lambda),1.0
EE,ackley,2,1143,8.992806499463768e-13,228830,30,200,n,intermedia_global,(mu+lambda),1.0
EE,ackley,2,1144,8.992806499463768e-13,229030,30,200,n,intermedia_global,(mu+lambda),1.0
EE,ackley,2,1145,8.992806499463768e-13,229230,30,200,n,intermedia_global,(mu+lambda),1.0
EE,ackley,2,1146,8.992806499463768e-13,229430,30,200,n,intermedia_global,(mu+lambda),1.0
EE,ackley,2,1147,8.992806499463768e-13,229630,30,200,n,intermedia_global,(mu+lambda),1.0
EE,ackley,2,1148,8.992806499463768e-13,229830,30,200,n,intermedia_global,(mu+lambda),1.0
EE,ackley,2,1149,8.992806499463768e-13,230030,30,200,n,intermedia_global,(mu+lambda),1.0
EE,ackley,2,1150,8.992806499463768e-13,230230,30,200,n,intermedia_global,(mu+lambda),1.0
EE,ackley,2,1151,8.992806499463768e-13,230430,30,200,n,intermedia_global,(mu+lambda),1.0
EE,ackley,2,1152,8.992806499463768e-13,230630,30,200,n,intermedia_global,(mu+lambda),1.0
EE,ackley,2,1153,8.992806499463768e-13,230830,30,200,n,intermedia_global,(mu+lambda),1.0
EE,ackley,2,1154,8.992806499463768e-13,231030,30,200,n,intermedia_global,(mu+lambda),1.0
EE,ackley,2,1155,8.992806499463768e-13,231230,30,200,n,intermedia_global,(mu+lambda),1.0
EE,ackley,2,1156,8.992806499463768e-13,231430,30,200,n,intermedia_global,(mu+lambda),1.0
EE,ackley,2,1157,8.992806499463768e-13,231630,30,200,n,intermedia_global,(mu+lambda),1.0
EE,ackley,2,1158,8.992806499463768e-13,231830,30,200,n,intermedia_global,(mu+lambda),1.0
EE,ackley,2,1159,8.992806499463768e-13,232030,30,200,n,intermedia_global,(mu+lambda),1.0
EE,ackley,2,1160,8.992806499463768e-13,232230,30,200,n,intermedia_global,(mu+lambda),1.0
EE,ackley,2,1161,8.992806499463768e-13,232430,30,200,n,intermedia_global,(mu+lambda),1.0
EE,ackley,2,1162,8.992806499463768e-13,232630,30,200,n,intermedia_global,(mu+lambda),1.0
EE,ackley,2,1163,8.992806499463768e-13,232830,30,200,n,intermedia_global,(mu+lambda),1.0
EE,ackley,2,1164,8.992806499463768e-13,233030,30,200,n,intermedia_global,(mu+lambda),1.0
EE,ackley,2,1165,8.992806499463768e-13,233230,30,200,n,intermedia_global,(mu+lambda),1.0
EE,ackley,2,1166,8.992806499463768e-13,233430,30,200,n,intermedia_global,(mu+lambda),1.0
EE,ackley,2,1167,8.992806499463768e-13,233630,30,200,n,intermedia_global,(mu+lambda),1.0
EE,ackley,2,1168,8.992806499463768e-13,233830,30,200,n,intermedia_global,(mu+lambda),1.0
EE,ackley,2,1169,8.992806499463768e-13,234030,30,200,n,intermedia_global,(mu+lambda),1.0
EE,ackley,2,1170,8.992806499463768e-13,234230,30,200,n,intermedia_global,(mu+lambda),1.0
EE,ackley,2,1171,8.992806499463768e-13,234430,30,200,n,intermedia_global,(mu+lambda),1.0
EE,ackley,2,1172,8.992806499463768e-13,234630,30,200,n,intermedia_global,(mu+lambda),1.0
EE,ackley,2,1173,8.992806499463768e-13,234830,30,200,n,intermedia_global,(mu+lambda),1.0
EE,ackley,2,1174,8.992806499463768e-13,235030,30,200,n,intermedia_global,(mu+lambda),1.0
EE,ackley,2,1175,8.992806499463768e-13,235230,30,200,n,intermedia_global,(mu+lambda),1.0
EE,ackley,2,1176,8.992806499463768e-13,235430,30,200,n,intermedia_global,(mu+lambda),1.0
EE,ackley,2,1177,8.992806499463768e-13,235630,30,200,n,intermedia_global,(mu+lambda),1.0
EE,ackley,2,1178,8.992806499463768e-13,235830,30,200,n,intermedia_global,(mu+lambda),1.0
EE,ackley,2,1179,8.992806499463768e-13,236030,30,200,n,intermedia_global,(mu+lambda),1.0
EE,ackley,2,1180,8.992806499463768e-13,236230,30,200,n,intermedia_global,(mu+lambda),1.0
EE,ackley,2,1181,8.992806499463768e-13,236430,30,200,n,intermedia_global,(mu+lambda),1.0
EE,ackley,2,1182,8.992806499463768e-13,236630,30,200,n,intermedia_global,(mu+lambda),1.0
EE,ackley,2,1183,8.992806499463768e-13,236830,30,200,n,intermedia_global,(mu+lambda),1.0
EE,ackley,2,1184,8.992806499463768e-13,237030,30,200,n,intermedia_global,(mu+lambda),1.0
EE,ackley,2,1185,8.992806499463768e-13,237230,30,200,n,intermedia_global,(mu+lambda),1.0
EE,ackley,2,1186,8.992806499463768e-13,237430,30,200,n,intermedia_global,(mu+lambda),1.0
EE,ackley,2,1187,8.992806499463768e-13,237630,30,200,n,intermedia_global,(mu+lambda),1.0
EE,ackley,2,1188,8.992806499463768e-13,237830,30,200,n,intermedia_global,(mu+lambda),1.0
EE,ackley,2,1189,8.992806499463768e-13,238030,30,200,n,intermedia_global,(mu+lambda),1.0
EE,ackley,2,1190,8.992806499463768e-13,238230,30,200,n,intermedia_global,(mu+lambda),1.0
EE,ackley,2,1191,8.992806499463768e-13,238430,30,200,n,intermedia_global,(mu+lambda),1.0
EE,ackley,2,1192,8.992806499463768e-13,238630,30,200,n,intermedia_global,(mu+lambda),1.0
EE,ackley,2,1193,8.992806499463768e-13,238830,30,200,n,intermedia_global,(mu+lambda),1.0
EE,ackley,2,1194,8.992806499463768e-13,239030,30,200,n,intermedia_global,(mu+lambda),1.0
EE,ackley,2,1195,8.992806499463768e-13,239230,30,200,n,intermedia_global,(mu+lambda),1.0
EE,ackley,2,1196,8.992806499463768e-13,239430,30,200,n,intermedia_global,(mu+lambda),1.0
EE,ackley,2,1197,8.992806499463768e-13,239630,30,200,n,intermedia_global,(mu+lambda),1.0
EE,ackley,2,1198,8.992806499463768e-13,239830,30,200,n,intermedia_global,(mu+lambda),1.0
EE,ackley,2,1199,8.992806499463768e-13,240030,30,200,n,intermedia_global,(mu+lambda),1.0
EE,ackley,3,0,9.29480165455743,230,30,200,n,intermedia_global,(mu+lambda),1.0
EE,ackley,3,1,7.207237912223535,430,30,200,n,intermedia_global,(mu+lambda),1.0
EE,ackley,3,2,7.207237912223535,630,30,200,n,intermedia_global,(mu+lambda),1.0
EE,ackley,3,3,5.297022707564789,830,30,200,n,intermedia_global,(mu+lambda),1.0
EE,ackley,3,4,5.161987985539962,1030,30,200,n,intermedia_global,(mu+lambda),1.0
EE,ackley,3,5,4.405072996200293,1230,30,200,n,intermedia_global,(mu+lambda),1.0
EE,ackley,3,6,3.0895076088043756,1430,30,200,n,intermedia_global,(mu+lambda),1.0
EE,ackley,3,7,3.0895076088043756,1630,30,200,n,intermedia_global,(mu+lambda),1.0
EE,ackley,3,8,3.0895076088043756,1830,30,200,n,intermedia_global,(mu+lambda),1.0
EE,ackley,3,9,2.0838191855263806,2030,30,200,n,intermedia_global,(mu+lambda),1.0
EE,ackley,3,10,2.0838191855263806,2230,30,200,n,intermedia_global,(mu+lambda),1.0
EE,ackley,3,11,2.0838191855263806,2430,30,200,n,intermedia_global,(mu+lambda),1.0
EE,ackley,3,12,2.0838191855263806,2630,30,200,n,intermedia_global,(mu+lambda),1.0
EE,ackley,3,13,1.6200841092249232,2830,30,200,n,intermedia_global,(mu+lambda),1.0
EE,ackley,3,14,1.0893520130051937,3030,30,200,n,intermedia_global,(mu+lambda),1.0
EE,ackley,3,15,1.0893520130051937,3230,30,200,n,intermedia_global,(mu+lambda),1.0
EE,ackley,3,16,1.0893520130051937,3430,30,200,n,intermedia_global,(mu+lambda),1.0
EE,ackley,3,17,0.9198702685043725,3630,30,200,n,intermedia_global,(mu+lambda),1.0
EE,ackley,3,18,0.8842685776922363,3830,30,200,n,intermedia_global,(mu+lambda),1.0
EE,ackley,3,19,0.8842685776922363,4030,30,200,n,intermedia_global,(mu+lambda),1.0
EE,ackley,3,20,0.4520523471657225,4230,30,200,n,intermedia_global,(mu+lambda),1.0
EE,ackley,3,21,0.4520523471657225,4430,30,200,n,intermedia_global,(mu+lambda),1.0
EE,ackley,3,22,0.4520523471657225,4630,30,200,n,intermedia_global,(mu+lambda),1.0
EE,ackley,3,23,0.4478713597796866,4830,30,200,n,intermedia_global,(mu+lambda),1.0
EE,ackley,3,24,0.44457260156113465,5030,30,200,n,intermedia_global,(mu+lambda),1.0
EE,ackley,3,25,0.35900781438141793,5230,30,200,n,intermedia_global,(mu+lambda),1.0
EE,ackley,3,26,0.24083087153662008,5430,30,200,n,intermedia_global,(mu+lambda),1.0
EE,ackley,3,27,0.24083087153662008,5630,30,200,n,intermedia_global,(mu+lambda),1.0
EE,ackley,3,28,0.1853768409875518,5830,30,200,n,intermedia_global,(mu+lambda),1.0
EE,ackley,3,29,0.1853768409875518,6030,30,200,n,intermedia_global,(mu+lambda),1.0
EE,ackley,3,30,0.12807765205363397,6230,30,200,n,intermedia_global,(mu+lambda),1.0
EE,ackley,3,31,0.12807765205363397,6430,30,200,n,intermedia_global,(mu+lambda),1.0
EE,ackley,3,32,0.11921675883863303,6630,30,200,n,intermedia_global,(mu+lambda),1.0
EE,ackley,3,33,0.11921675883863303,6830,30,200,n,intermedia_global,(mu+lambda),1.0
EE,ackley,3,34,0.11016069553184993,7030,30,200,n,intermedia_global,(mu+lambda),1.0
EE,ackley,3,35,0.08896007462587052,7230,30,200,n,intermedia_global,(mu+lambda),1.0
EE,ackley,3,36,0.06171509222877747,7430,30,200,n,intermedia_global,(mu+lambda),1.0
EE,ackley,3,37,0.06171509222877747,7630,30,200,n,intermedia_global,(mu+lambda),1.0
EE,ackley,3,38,0.059042299613036864,7830,30,200,n,intermedia_global,(mu+lambda),1.0
EE,ackley,3,39,0.05529995925732978,8030,30,200,n,intermedia_global,(mu+lambda),1.0
EE,ackley,3,40,0.03796105157129093,8230,30,200,n,intermedia_global,(mu+lambda),1.0
EE,ackley,3,41,0.032804740789487585,8430,30,200,n,intermedia_global,(mu+lambda),1.0
EE,ackley,3,42,0.032804740789487585,8630,30,200,n,intermedia_global,(mu+lambda),1.0
EE,ackley,3,43,0.02230076160577754,8830,30,200,n,intermedia_global,(mu+lambda),1.0
EE,ackley,3,44,0.02230076160577754,9030,30,200,n,intermedia_global,(mu+lambda),1.0
EE,ackley,3,45,0.016833427814113566,9230,30,200,n,intermedia_global,(mu+lambda),1.0
EE,ackley,3,46,0.016833427814113566,9430,30,200,n,intermedia_global,(mu+lambda),1.0
EE,ackley,3,47,0.015240454860265817,9630,30,200,n,intermedia_global,(mu+lambda),1.0
EE,ackley,3,48,0.010981361928415811,9830,30,200,n,intermedia_global,(mu+lambda),1.0
EE,ackley,3,49,0.009595136806357818,10030,30,200,n,intermedia_global,(mu+lambda),1.0
EE,ackley,3,50,0.006192443411901838,10230,30,200,n,intermedia_global,(mu+lambda),1.0
EE,ackley,3,51,0.006192443411901838,10430,30,200,n,intermedia_global,(mu+lambda),1.0
EE,ackley,3,52,0.005408067596800681,10630,30,200,n,intermedia_global,(mu+lambda),1.0
EE,ackley,3,53,0.0041177184046614634,10830,30,200,n,intermedia_global,(mu+lambda),1.0
EE,ackley,3,54,0.0038158028310921743,11030,30,200,n,intermedia_global,(mu+lambda),1.0
EE,ackley,3,55,0.0032972129423787244,11230,30,200,n,intermedia_global,(mu+lambda),1.0
EE,ackley,3,56,0.003296653155946405,11430,30,200,n,intermedia_global,(mu+lambda),1.0
EE,ackley,3,57,0.003296653155946405,11630,30,200,n,intermedia_global,(mu+lambda),1.0
EE,ackley,3,58,0.0017961426426968963,11830,30,200,n,intermedia_global,(mu+lambda),1.0
EE,ackley,3,59,0.0017961426426968963,12030,30,200,n,intermedia_global,(mu+lambda),1.0
EE,ackley,3,60,0.0017961426426968963,12230,30,200,n,intermedia_global,(mu+lambda),1.0
EE,ackley,3,61,0.0017961426426968963,12430,30,200,n,intermedia_global,(mu+lambda),1.0
EE,ackley,3,62,0.0017961426426968963,12630,30,200,n,intermedia_global,(mu+lambda),1.0
EE,ackley,3,63,0.001723754976147962,12830,30,200,n,intermedia_global,(mu+lambda),1.0
EE,ackley,3,64,0.0014565029460809065,13030,30,200,n,intermedia_global,(mu+lambda),1.0
EE,ackley,3,65,0.0014139943948312528,13230,30,200,n,intermedia_global,(mu+lambda),1.0
EE,ackley,3,66,0.0012571090918886973,13430,30,200,n,intermedia_global,(mu+lambda),1.0
EE,ackley,3,67,0.0008633976781031727,13630,30,200,n,intermedia_global,(mu+lambda),1.0
EE,ackley,3,68,0.0007935230214752842,13830,30,200,n,intermedia_global,(mu+lambda),1.0
EE,ackley,3,69,0.0006560203003656007,14030,30,200,n,intermedia_global,(mu+lambda),1.0
EE,ackley,3,70,0.0005902127621841835,14230,30,200,n,intermedia_global,(mu+lambda),1.0
EE,ackley,3,71,0.0005519874450858886,14430,30,200,n,intermedia_global,(mu+lambda),1.0
EE,ackley,3,72,0.0003123492139249784,14630,30,200,n,intermedia_global,(mu+lambda),1.0
EE,ackley,3,73,0.0003123492139249784,14830,30,200,n,intermedia_global,(mu+lambda),1.0
EE,ackley,3,74,0.0002478785232686853,15030,30,200,n,intermedia_global,(mu+lambda),1.0
EE,ackley,3,75,0.0002478785232686853,15230,30,200,n,intermedia_global,(mu+lambda),1.0
EE,ackley,3,76,0.0002478785232686853,15430,30,200,n,intermedia_global,(mu+lambda),1.0
EE,ackley,3,77,0.0002478785232686853,15630,30,200,n,intermedia_global,(mu+lambda),1.0
EE,ackley,3,78,0.00022583314714141878,15830,30,200,n,intermedia_global,(mu+lambda),1.0
EE,ackley,3,79,0.00022583314714141878,16030,30,200,n,intermedia_global,(mu+lambda),1.0
EE,ackley,3,80,0.00018155178725764998,16230,30,200,n,intermedia_global,(mu+lambda),1.0
EE,ackley,3,81,0.00013893262339381707,16430,30,200,n,intermedia_global,(mu+lambda),1.0
EE,ackley,3,82,0.00012900627383816143,16630,30,200,n,intermedia_global,(mu+lambda),1.0
EE,ackley,3,83,0.00012455530276200832,16830,30,200,n,intermedia_global,(mu+lambda),1.0
EE,ackley,3,84,0.00012455530276200832,17030,30,200,n,intermedia_global,(mu+lambda),1.0
EE,ackley,3,85,0.00010513003767487206,17230,30,200,n,intermedia_global,(mu+lambda),1.0
EE,ackley,3,86,7.915391282553585e-05,17430,30,200,n,intermedia_global,(mu+lambda),1.0
EE,ackley,3,87,6.841637528198774e-05,17630,30,200,n,intermedia_global,(mu+lambda),1.0
EE,ackley,3,88,6.542929306307954e-05,17830,30,200,n,intermedia_global,(mu+lambda),1.0
EE,ackley,3,89,6.403491003270645e-05,18030,30,200,n,intermedia_global,(mu+lambda),1.0
EE,ackley,3,90,4.961990072915867e-05,18230,30,200,n,intermedia_global,(mu+lambda),1.0
EE,ackley,3,91,4.2599839062962275e-05,18430,30,200,n,intermedia_global,(mu+lambda),1.0
EE,ackley,3,92,4.2599839062962275e-05,18630,30,200,n,intermedia_global,(mu+lambda),1.0
EE,ackley,3,93,4.2599839062962275e-05,18830,30,200,n,intermedia_global,(mu+lambda),1.0
EE,ackley,3,94,3.295028240701825e-05,19030,30,200,n,intermedia_global,(mu+lambda),1.0
EE,ackley,3,95,2.3595552435029532e-05,19230,30,200,n,intermedia_global,(mu+lambda),1.0
EE,ackley,3,96,2.3595552435029532e-05,19430,30,200,n,intermedia_global,(mu+lambda),1.0
EE,ackley,3,97,2.3595552435029532e-05,19630,30,200,n,intermedia_global,(mu+lambda),1.0
EE,ackley,3,98,1.8844796752848225e-05,19830,30,200,n,intermedia_global,(mu+lambda),1.0
EE,ackley,3,99,1.861248117451808e-05,20030,30,200,n,intermedia_global,(mu+lambda),1.0
EE,ackley,3,100,1.1889798099407045e-05,20230,30,200,n,intermedia_global,(mu+lambda),1.0
EE,ackley,3,101,1.1889798099407045e-05,20430,30,200,n,intermedia_global,(mu+lambda),1.0
EE,ackley,3,102,1.1889798099407045e-05,20630,30,200,n,intermedia_global,(mu+lambda),1.0
EE,ackley,3,103,1.0307852193580658e-05,20830,30,200,n,intermedia_global,(mu+lambda),1.0
EE,ackley,3,104,8.645838179166532e-06,21030,30,200,n,intermedia_global,(mu+lambda),1.0
EE,ackley,3,105,8.165696027351288e-06,21230,30,200,n,intermedia_global,(mu+lambda),1.0
EE,ackley,3,106,7.308894446556025e-06,21430,30,200,n,intermedia_global,(mu+lambda),1.0
EE,ackley,3,107,6.582550551303967e-06,21630,30,200,n,intermedia_global,(mu+lambda),1.0
EE,ackley,3,108,6.582550551303967e-06,21830,30,200,n,intermedia_global,(mu+lambda),1.0
EE,ackley,3,109,4.907702401357739e-06,22030,30,200,n,intermedia_global,(mu+lambda),1.0
EE,ackley,3,110,4.263576276475334e-06,22230,30,200,n,intermedia_global,(mu+lambda),1.0
EE,ackley,3,111,3.1455569531324556e-06,22430,30,200,n,intermedia_global,(mu+lambda),1.0
EE,ackley,3,112,2.5972261536999497e-06,22630,30,200,n,intermedia_global,(mu+lambda),1.0
EE,ackley,3,113,2.5972261536999497e-06,22830,30,200,n,intermedia_global,(mu+lambda),1.0
EE,ackley,3,114,2.5972261536999497e-06,23030,30,200,n,intermedia_global,(mu+lambda),1.0
EE,ackley,3,115,1.939271542017451e-06,23230,30,200,n,intermedia_global,(mu+lambda),1.0
EE,ackley,3,116,1.939271542017451e-06,23430,30,200,n,intermedia_global,(mu+lambda),1.0
EE,ackley,3,117,1.7878922631275884e-06,23630,30,200,n,intermedia_global,(mu+lambda),1.0
EE,ackley,3,118,1.7351358434503084e-06,23830,30,200,n,intermedia_global,(mu+lambda),1.0
EE,ackley,3,119,1.451566007393268e-06,24030,30,200,n,intermedia_global,(mu+lambda),1.0
EE,ackley,3,120,1.2503580539835468e-06,24230,30,200,n,intermedia_global,(mu+lambda),1.0
EE,ackley,3,121,1.0324582615517386e-06,24430,30,200,n,intermedia_global,(mu+lambda),1.0
EE,ackley,3,122,8.931623232122377e-07,24630,30,200,n,intermedia_global,(mu+lambda),1.0
EE,ackley,3,123,8.443086980669534e-07,24830,30,200,n,intermedia_global,(mu+lambda),1.0
EE,ackley,3,124,5.980354740309224e-07,25030,30,200,n,intermedia_global,(mu+lambda),1.0
EE,ackley,3,125,3.169120117441082e-07,25230,30,200,n,intermedia_global,(mu+lambda),1.0
EE,ackley,3,126,2.8957817166386235e-07,25430,30,200,n,intermedia_global,(mu+lambda),1.0
EE,ackley,3,127,2.8957817166386235e-07,25630,30,200,n,intermedia_global,(mu+lambda),1.0
EE,ackley,3,128,2.8957817166386235e-07,25830,30,200,n,intermedia_global,(mu+lambda),1.0
EE,ackley,3,129,2.8957817166386235e-07,26030,30,200,n,intermedia_global,(mu+lambda),1.0
EE,ackley,3,130,2.8149828468215787e-07,26230,30,200,n,intermedia_global,(mu+lambda),1.0
EE,ackley,3,131,2.783646952941865e-07,26430,30,200,n,intermedia_global,(mu+lambda),1.0
EE,ackley,3,132,2.387490103394896e-07,26630,30,200,n,intermedia_global,(mu+lambda),1.0
EE,ackley,3,133,2.3668362958417788e-07,26830,30,200,n,intermedia_global,(mu+lambda),1.0
EE,ackley,3,134,2.167480421810808e-07,27030,30,200,n,intermedia_global,(mu+lambda),1.0
EE,ackley,3,135,1.7881489045024068e-07,27230,30,200,n,intermedia_global,(mu+lambda),1.0
EE,ackley,3,136,1.435487466672214e-07,27430,30,200,n,intermedia_global,(mu+lambda),1.0
EE,ackley,3,137,1.2445752561873746e-07,27630,30,200,n,intermedia_global,(mu+lambda),1.0
EE,ackley,3,138,1.2445752561873746e-07,27830,30,200,n,intermedia_global,(mu+lambda),1.0
EE,ackley,3,139,8.383313998550079e-08,28030,30,200,n,intermedia_global,(mu+lambda),1.0
EE,ackley,3,140,6.182135026122637e-08,28230,30,200,n,intermedia_global,(mu+lambda),1.0
EE,ackley,3,141,6.182135026122637e-08,28430,30,200,n,intermedia_global,(mu+lambda),1.0
EE,ackley,3,142,6.182135026122637e-08,28630,30,200,n,intermedia_global,(mu+lambda),1.0
EE,ackley,3,143,6.182135026122637e-08,28830,30,200,n,intermedia_global,(mu+lambda),1.0
EE,ackley,3,144,6.182135026122637e-08,29030,30,200,n,intermedia_global,(mu+lambda),1.0
EE,ackley,3,145,5.314513318310787e-08,29230,30,200,n,intermedia_global,(mu+lambda),1.0
EE,ackley,3,146,4.115370133561669e-08,29430,30,200,n,intermedia_global,(mu+lambda),1.0
EE,ackley,3,147,3.3126550835760327e-08,29630,30,200,n,intermedia_global,(mu+lambda),1.0
EE,ackley,3,148,3.3126550835760327e-08,29830,30,200,n,intermedia_global,(mu+lambda),1.0
EE,ackley,3,149,3.3126550835760327e-08,30030,30,200,n,intermedia_global,(mu+lambda),1.0
EE,ackley,3,150,3.3126550835760327e-08,30230,30,200,n,intermedia_global,(mu+lambda),1.0
EE,ackley,3,151,2.7898924503944045e-08,30430,30,200,n,intermedia_global,(mu+lambda),1.0
EE,ackley,3,152,2.0988683235856342e-08,30630,30,200,n,intermedia_global,(mu+lambda),1.0
EE,ackley,3,153,1.9594477596029947e-08,30830,30,200,n,intermedia_global,(mu+lambda),1.0
EE,ackley,3,154,1.9594477596029947e-08,31030,30,200,n,intermedia_global,(mu+lambda),1.0
EE,ackley,3,155,1.1759401008504256e-08,31230,30,200,n,intermedia_global,(mu+lambda),1.0
EE,ackley,3,156,1.1759401008504256e-08,31430,30,200,n,intermedia_global,(mu+lambda),1.0
EE,ackley,3,157,1.1360775875601803e-08,31630,30,200,n,intermedia_global,(mu+lambda),1.0
EE,ackley,3,158,1.1360775875601803e-08,31830,30,200,n,intermedia_global,(mu+lambda),1.0
EE,ackley,3,159,1.1360775875601803e-08,32030,30,200,n,intermedia_global,(mu+lambda),1.0
EE,ackley,3,160,9.085515007001277e-09,32230,30,200,n,intermedia_global,(mu+lambda),1.0
EE,ackley,3,161,9.085515007001277e-09,32430,30,200,n,intermedia_global,(mu+lambda),1.0
EE,ackley,3,162,9.085515007001277e-09,32630,30,200,n,intermedia_global,(mu+lambda),1.0
EE,ackley,3,163,7.652652289635853e-09,32830,30,200,n,intermedia_global,(mu+lambda),1.0
EE,ackley,3,164,7.652652289635853e-09,33030,30,200,n,intermedia_global,(mu+lambda),1.0
EE,ackley,3,165,6.4775496078084416e-09,33230,30,200,n,intermedia_global,(mu+lambda),1.0
EE,ackley,3,166,4.723574864584634e-09,33430,30,200,n,intermedia_global,(mu+lambda),1.0
EE,ackley,3,167,4.723574864584634e-09,33630,30,200,n,intermedia_global,(mu+lambda),1.0
EE,ackley,3,168,3.911641233145247e-09,33830,30,200,n,intermedia_global,(mu+lambda),1.0
EE,ackley,3,169,3.911641233145247e-09,34030,30,200,n,intermedia_global,(mu+lambda),1.0
EE,ackley,3,170,3.0522895322349086e-09,34230,30,200,n,intermedia_global,(mu+lambda),1.0
EE,ackley,3,171,1.9037860177206767e-09,34430,30,200,n,intermedia_global,(mu+lambda),1.0
EE,ackley,3,172,1.9037860177206767e-09,34630,30,200,n,intermedia_global,(mu+lambda),1.0
EE,ackley,3,173,1.7980110733617494e-09,34830,30,200,n,intermedia_global,(mu+lambda),1.0
EE,ackley,3,174,1.2823488937385719e-09,35030,30,200,n,intermedia_global,(mu+lambda),1.0
EE,ackley,3,175,1.2021961204311538e-09,35230,30,200,n,intermedia_global,(mu+lambda),1.0
EE,ackley,3,176,1.2021961204311538e-09,35430,30,200,n,intermedia_global,(mu+lambda),1.0
EE,ackley,3,177,1.2021961204311538e-09,35630,30,200,n,intermedia_global,(mu+lambda),1.0
EE,ackley,3,178,1.0017449092458719e-09,35830,30,200,n,intermedia_global,(mu+lambda),1.0
EE,ackley,3,179,8.435496745562432e-10,36030,30,200,n,intermedia_global,(mu+lambda),1.0
EE,ackley,3,180,7.31326554870293e-10,36230,30,200,n,intermedia_global,(mu+lambda),1.0
EE,ackley,3,181,7.31326554870293e-10,36430,30,200,n,intermedia_global,(mu+lambda),1.0
EE,ackley,3,182,6.743765545991209e-10,36630,30,200,n,intermedia_global,(mu+lambda),1.0
EE,ackley,3,183,6.743765545991209e-10,36830,30,200,n,intermedia_global,(mu+lambda),1.0
EE,ackley,3,184,5.42897726774072e-10,37030,30,200,n,intermedia_global,(mu+lambda),1.0
EE,ackley,3,185,4.1293235497619207e-10,37230,30,200,n,intermedia_global,(mu+lambda),1.0
EE,ackley,3,186,3.3275115995934357e-10,37430,30,200,n,intermedia_global,(mu+lambda),1.0
EE,ackley,3,187,3.3275115995934357e-10,37630,30,200,n,intermedia_global,(mu+lambda),1.0
EE,ackley,3,188,3.3275115995934357e-10,37830,30,200,n,intermedia_global,(mu+lambda),1.0
EE,ackley,3,189,3.3275115995934357e-10,38030,30,200,n,intermedia_global,(mu+lambda),1.0
EE,ackley,3,190,1.9267121231791862e-10,38230,30,200,n,intermedia_global,(mu+lambda),1.0
EE,ackley,3,191,1.9267121231791862e-10,38430,30,200,n,intermedia_global,(mu+lambda),1.0
EE,ackley,3,192,1.9267121231791862e-10,38630,30,200,n,intermedia_global,(mu+lambda),1.0
EE,ackley,3,193,1.9267121231791862e-10,38830,30,200,n,intermedia_global,(mu+lambda),1.0
EE,ackley,3,194,1.9267121231791862e-10,39030,30,200,n,intermedia_global,(mu+lambda),1.0
EE,ackley,3,195,1.3625767181224546e-10,39230,30,200,n,intermedia_global,(mu+lambda),1.0
EE,ackley,3,196,1.3107070984119673e-10,39430,30,200,n,intermedia_global,(mu+lambda),1.0
EE,ackley,3,197,1.0439693554076257e-10,39630,30,200,n,intermedia_global,(mu+lambda),1.0
EE,ackley,3,198,1.0439693554076257e-10,39830,30,200,n,intermedia_global,(mu+lambda),1.0
EE,ackley,3,199,9.68332081185963e-11,40030,30,200,n,intermedia_global,(mu+lambda),1.0
EE,ackley,3,200,9.68332081185963e-11,40230,30,200,n,intermedia_global,(mu+lambda),1.0
EE,ackley,3,201,6.933520424468043e-11,40430,30,200,n,intermedia_global,(mu+lambda),1.0
EE,ackley,3,202,6.933520424468043e-11,40630,30,200,n,intermedia_global,(mu+lambda),1.0
EE,ackley,3,203,6.462075319291216e-11,40830,30,200,n,intermedia_global,(mu+lambda),1.0
EE,ackley,3,204,5.177414053036955e-11,41030,30,200,n,intermedia_global,(mu+lambda),1.0
EE,ackley,3,205,3.746025711848233e-11,41230,30,200,n,intermedia_global,(mu+lambda),1.0
EE,ackley,3,206,3.746025711848233e-11,41430,30,200,n,intermedia_global,(mu+lambda),1.0
EE,ackley,3,207,2.1604495969995696e-11,41630,30,200,n,intermedia_global,(mu+lambda),1.0
EE,ackley,3,208,2.1604495969995696e-11,41830,30,200,n,intermedia_global,(mu+lambda),1.0
EE,ackley,3,209,2.1604495969995696e-11,42030,30,200,n,intermedia_global,(mu+lambda),1.0
EE,ackley,3,210,2.1604495969995696e-11,42230,30,200,n,intermedia_global,(mu+lambda),1.0
EE,ackley,3,211,2.1604495969995696e-11,42430,30,200,n,intermedia_global,(mu+lambda),1.0
EE,ackley,3,212,1.6435297567340967e-11,42630,30,200,n,intermedia_global,(mu+lambda),1.0
EE,ackley,3,213,1.6435297567340967e-11,42830,30,200,n,intermedia_global,(mu+lambda),1.0
EE,ackley,3,214,1.6435297567340967e-11,43030,30,200,n,intermedia_global,(mu+lambda),1.0
EE,ackley,3,215,1.6435297567340967e-11,43230,30,200,n,intermedia_global,(mu+lambda),1.0
EE,ackley,3,216,1.2893242029576868e-11,43430,30,200,n,intermedia_global,(mu+lambda),1.0
EE,ackley,3,217,1.0726086685508562e-11,43630,30,200,n,intermedia_global,(mu+lambda),1.0
EE,ackley,3,218,1.0726086685508562e-11,43830,30,200,n,intermedia_global,(mu+lambda),1.0
EE,ackley,3,219,1.0726086685508562e-11,44030,30,200,n,intermedia_global,(mu+lambda),1.0
EE,ackley,3,220,7.358114118005687e-12,44230,30,200,n,intermedia_global,(mu+lambda),1.0
EE,ackley,3,221,6.224798454468328e-12,44430,30,200,n,intermedia_global,(mu+lambda),1.0
EE,ackley,3,222,6.125322471461914e-12,44630,30,200,n,intermedia_global,(mu+lambda),1.0
EE,ackley,3,223,6.125322471461914e-12,44830,30,200,n,intermedia_global,(mu+lambda),1.0
EE,ackley,3,224,3.851585717029593e-12,45030,30,200,n,intermedia_global,(mu+lambda),1.0
EE,ackley,3,225,3.851585717029593e-12,45230,30,200,n,intermedia_global,(mu+lambda),1.0
EE,ackley,3,226,3.851585717029593e-12,45430,30,200,n,intermedia_global,(mu+lambda),1.0
EE,ackley,3,227,3.851585717029593e-12,45630,30,200,n,intermedia_global,(mu+lambda),1.0
EE,ackley,3,228,2.6330049252010213e-12,45830,30,200,n,intermedia_global,(mu+lambda),1.0
EE,ackley,3,229,2.6330049252010213e-12,46030,30,200,n,intermedia_global,(mu+lambda),1.0
EE,ackley,3,230,2.3949731087213877e-12,46230,30,200,n,intermedia_global,(mu+lambda),1.0
EE,ackley,3,231,2.3949731087213877e-12,46430,30,200,n,intermedia_global,(mu+lambda),1.0
EE,ackley,3,232,2.3949731087213877e-12,46630,30,200,n,intermedia_global,(mu+lambda),1.0
EE,ackley,3,233,1.7732482149313e-12,46830,30,200,n,intermedia_global,(mu+lambda),1.0
EE,ackley,3,234,1.7732482149313e-12,47030,30,200,n,intermedia_global,(mu+lambda),1.0
EE,ackley,3,235,1.7732482149313e-12,47230,30,200,n,intermedia_global,(mu+lambda),1.0
EE,ackley,3,236,1.7554846465372975e-12,47430,30,200,n,intermedia_global,(mu+lambda),1.0
EE,ackley,3,237,1.7554846465372975e-12,47630,30,200,n,intermedia_global,(mu+lambda),1.0
EE,ackley,3,238,1.7554846465372975e-12,47830,30,200,n,intermedia_global,(mu+lambda),1.0
EE,ackley,3,239,1.7554846465372975e-12,48030,30,200,n,intermedia_global,(mu+lambda),1.0
EE,ackley,3,240,1.7554846465372975e-12,48230,30,200,n,intermedia_global,(mu+lambda),1.0
EE,ackley,3,241,1.7554846465372975e-12,48430,30,200,n,intermedia_global,(mu+lambda),1.0
EE,ackley,3,242,1.7554846465372975e-12,48630,30,200,n,intermedia_global,(mu+lambda),1.0
EE,ackley,3,243,1.7554846465372975e-12,48830,30,200,n,intermedia_global,(mu+lambda),1.0
EE,ackley,3,244,1.7554846465372975e-12,49030,30,200,n,intermedia_global,(mu+lambda),1.0
EE,ackley,3,245,1.7554846465372975e-12,49230,30,200,n,intermedia_global,(mu+lambda),1.0
EE,ackley,3,246,1.7554846465372975e-12,49430,30,200,n,intermedia_global,(mu+lambda),1.0
EE,ackley,3,247,1.7554846465372975e-12,49630,30,200,n,intermedia_global,(mu+lambda),1.0
EE,ackley,3,248,1.7554846465372975e-12,49830,30,200,n,intermedia_global,(mu+lambda),1.0
EE,ackley,3,249,1.7554846465372975e-12,50030,30,200,n,intermedia_global,(mu+lambda),1.0
EE,ackley,3,250,1.7554846465372975e-12,50230,30,200,n,intermedia_global,(mu+lambda),1.0
EE,ackley,3,251,1.7554846465372975e-12,50430,30,200,n,intermedia_global,(mu+lambda),1.0
EE,ackley,3,252,1.7554846465372975e-12,50630,30,200,n,intermedia_global,(mu+lambda),1.0
EE,ackley,3,253,1.7554846465372975e-12,50830,30,200,n,intermedia_global,(mu+lambda),1.0
EE,ackley,3,254,1.5494272531668685e-12,51030,30,200,n,intermedia_global,(mu+lambda),1.0
EE,ackley,3,255,1.5494272531668685e-12,51230,30,200,n,intermedia_global,(mu+lambda),1.0
EE,ackley,3,256,1.5494272531668685e-12,51430,30,200,n,intermedia_global,(mu+lambda),1.0
EE,ackley,3,257,1.5494272531668685e-12,51630,30,200,n,intermedia_global,(mu+lambda),1.0
EE,ackley,3,258,1.5494272531668685e-12,51830,30,200,n,intermedia_global,(mu+lambda),1.0
EE,ackley,3,259,1.5494272531668685e-12,52030,30,200,n,intermedia_global,(mu+lambda),1.0
EE,ackley,3,260,1.5494272531668685e-12,52230,30,200,n,intermedia_global,(mu+lambda),1.0
EE,ackley,3,261,1.5494272531668685e-12,52430,30,200,n,intermedia_global,(mu+lambda),1.0
EE,ackley,3,262,1.5494272531668685e-12,52630,30,200,n,intermedia_global,(mu+lambda),1.0
EE,ackley,3,263,1.5494272531668685e-12,52830,30,200,n,intermedia_global,(mu+lambda),1.0
EE,ackley,3,264,1.5494272531668685e-12,53030,30,200,n,intermedia_global,(mu+lambda),1.0
EE,ackley,3,265,1.5494272531668685e-12,53230,30,200,n,intermedia_global,(mu+lambda),1.0
EE,ackley,3,266,1.5494272531668685e-12,53430,30,200,n,intermedia_global,(mu+lambda),1.0
EE,ackley,3,267,1.5494272531668685e-12,53630,30,200,n,intermedia_global,(mu+lambda),1.0
EE,ackley,3,268,1.5494272531668685e-12,53830,30,200,n,intermedia_global,(mu+lambda),1.0
EE,ackley,3,269,1.5494272531668685e-12,54030,30,200,n,intermedia_global,(mu+lambda),1.0
EE,ackley,3,270,1.5494272531668685e-12,54230,30,200,n,intermedia_global,(mu+lambda),1.0
EE,ackley,3,271,1.5494272531668685e-12,54430,30,200,n,intermedia_global,(mu+lambda),1.0
EE,ackley,3,272,1.5494272531668685e-12,54630,30,200,n,intermedia_global,(mu+lambda),1.0
EE,ackley,3,273,1.5494272531668685e-12,54830,30,200,n,intermedia_global,(mu+lambda),1.0
EE,ackley,3,274,1.5494272531668685e-12,55030,30,200,n,intermedia_global,(mu+lambda),1.0
EE,ackley,3,275,1.5494272531668685e-12,55230,30,200,n,intermedia_global,(mu+lambda),1.0
EE,ackley,3,276,1.5494272531668685e-12,55430,30,200,n,intermedia_global,(mu+lambda),1.0
EE,ackley,3,277,1.5494272531668685e-12,55630,30,200,n,intermedia_global,(mu+lambda),1.0
EE,ackley,3,278,1.5494272531668685e-12,55830,30,200,n,intermedia_global,(mu+lambda),1.0
EE,ackley,3,279,1.5494272531668685e-12,56030,30,200,n,intermedia_global,(mu+lambda),1.0
EE,ackley,3,280,1.5494272531668685e-12,56230,30,200,n,intermedia_global,(mu+lambda),1.0
EE,ackley,3,281,1.5494272531668685e-12,56430,30,200,n,intermedia_global,(mu+lambda),1.0
EE,ackley,3,282,1.5494272531668685e-12,56630,30,200,n,intermedia_global,(mu+lambda),1.0
EE,ackley,3,283,1.5494272531668685e-12,56830,30,200,n,intermedia_global,(mu+lambda),1.0
EE,ackley,3,284,1.5494272531668685e-12,57030,30,200,n,intermedia_global,(mu+lambda),1.0
EE,ackley,3,285,1.5494272531668685e-12,57230,30,200,n,intermedia_global,(mu+lambda),1.0
EE,ackley,3,286,1.5494272531668685e-12,57430,30,200,n,intermedia_global,(mu+lambda),1.0
EE,ackley,3,287,1.5494272531668685e-12,57630,30,200,n,intermedia_global,(mu+lambda),1.0
EE,ackley,3,288,1.5494272531668685e-12,57830,30,200,n,intermedia_global,(mu+lambda),1.0
EE,ackley,3,289,1.5494272531668685e-12,58030,30,200,n,intermedia_global,(mu+lambda),1.0
EE,ackley,3,290,1.5494272531668685e-12,58230,30,200,n,intermedia_global,(mu+lambda),1.0
EE,ackley,3,291,1.5494272531668685e-12,58430,30,200,n,intermedia_global,(mu+lambda),1.0
EE,ackley,3,292,1.5494272531668685e-12,58630,30,200,n,intermedia_global,(mu+lambda),1.0
EE,ackley,3,293,1.5494272531668685e-12,58830,30,200,n,intermedia_global,(mu+lambda),1.0
EE,ackley,3,294,1.439293129124053e-12,59030,30,200,n,intermedia_global,(mu+lambda),1.0
EE,ackley,3,295,1.439293129124053e-12,59230,30,200,n,intermedia_global,(mu+lambda),1.0
EE,ackley,3,296,1.439293129124053e-12,59430,30,200,n,intermedia_global,(mu+lambda),1.0
EE,ackley,3,297,1.439293129124053e-12,59630,30,200,n,intermedia_global,(mu+lambda),1.0
EE,ackley,3,298,1.439293129124053e-12,59830,30,200,n,intermedia_global,(mu+lambda),1.0
EE,ackley,3,299,1.439293129124053e-12,60030,30,200,n,intermedia_global,(mu+lambda),1.0
EE,ackley,3,300,1.439293129124053e-12,60230,30,200,n,intermedia_global,(mu+lambda),1.0
EE,ackley,3,301,1.439293129124053e-12,60430,30,200,n,intermedia_global,(mu+lambda),1.0
EE,ackley,3,302,1.439293129124053e-12,60630,30,200,n,intermedia_global,(mu+lambda),1.0
EE,ackley,3,303,1.439293129124053e-12,60830,30,200,n,intermedia_global,(mu+lambda),1.0
EE,ackley,3,304,1.439293129124053e-12,61030,30,200,n,intermedia_global,(mu+lambda),1.0
EE,ackley,3,305,1.439293129124053e-12,61230,30,200,n,intermedia_global,(mu+lambda),1.0
EE,ackley,3,306,1.439293129124053e-12,61430,30,200,n,intermedia_global,(mu+lambda),1.0
EE,ackley,3,307,1.439293129124053e-12,61630,30,200,n,intermedia_global,(mu+lambda),1.0
EE,ackley,3,308,1.439293129124053e-12,61830,30,200,n,intermedia_global,(mu+lambda),1.0
EE,ackley,3,309,1.439293129124053e-12,62030,30,200,n,intermedia_global,(mu+lambda),1.0
EE,ackley,3,310,1.439293129124053e-12,62230,30,200,n,intermedia_global,(mu+lambda),1.0
EE,ackley,3,311,1.439293129124053e-12,62430,30,200,n,intermedia_global,(mu+lambda),1.0
EE,ackley,3,312,1.439293129124053e-12,62630,30,200,n,intermedia_global,(mu+lambda),1.0
EE,ackley,3,313,1.439293129124053e-12,62830,30,200,n,intermedia_global,(mu+lambda),1.0
EE,ackley,3,314,1.439293129124053e-12,63030,30,200,n,intermedia_global,(mu+lambda),1.0
EE,ackley,3,315,1.439293129124053e-12,63230,30,200,n,intermedia_global,(mu+lambda),1.0
EE,ackley,3,316,1.439293129124053e-12,63430,30,200,n,intermedia_global,(mu+lambda),1.0
EE,ackley,3,317,1.439293129124053e-12,63630,30,200,n,intermedia_global,(mu+lambda),1.0
EE,ackley,3,318,1.439293129124053e-12,63830,30,200,n,intermedia_global,(mu+lambda),1.0
EE,ackley,3,319,1.439293129124053e-12,64030,30,200,n,intermedia_global,(mu+lambda),1.0
EE,ackley,3,320,1.439293129124053e-12,64230,30,200,n,intermedia_global,(mu+lambda),1.0
EE,ackley,3,321,1.439293129124053e-12,64430,30,200,n,intermedia_global,(mu+lambda),1.0
EE,ackley,3,322,1.439293129124053e-12,64630,30,200,n,intermedia_global,(mu+lambda),1.0
EE,ackley,3,323,1.439293129124053e-12,64830,30,200,n,intermedia_global,(mu+lambda),1.0
EE,ackley,3,324,1.439293129124053e-12,65030,30,200,n,intermedia_global,(mu+lambda),1.0
EE,ackley,3,325,1.439293129124053e-12,65230,30,200,n,intermedia_global,(mu+lambda),1.0
EE,ackley,3,326,1.439293129124053e-12,65430,30,200,n,intermedia_global,(mu+lambda),1.0
EE,ackley,3,327,1.439293129124053e-12,65630,30,200,n,intermedia_global,(mu+lambda),1.0
EE,ackley,3,328,1.439293129124053e-12,65830,30,200,n,intermedia_global,(mu+lambda),1.0
EE,ackley,3,329,1.439293129124053e-12,66030,30,200,n,intermedia_global,(mu+lambda),1.0
EE,ackley,3,330,1.439293129124053e-12,66230,30,200,n,intermedia_global,(mu+lambda),1.0
EE,ackley,3,331,1.439293129124053e-12,66430,30,200,n,intermedia_global,(mu+lambda),1.0
EE,ackley,3,332,1.439293129124053e-12,66630,30,200,n,intermedia_global,(mu+lambda),1.0
EE,ackley,3,333,1.439293129124053e-12,66830,30,200,n,intermedia_global,(mu+lambda),1.0
EE,ackley,3,334,1.439293129124053e-12,67030,30,200,n,intermedia_global,(mu+lambda),1.0
EE,ackley,3,335,1.439293129124053e-12,67230,30,200,n,intermedia_global,(mu+lambda),1.0
EE,ackley,3,336,1.439293129124053e-12,67430,30,200,n,intermedia_global,(mu+lambda),1.0
EE,ackley,3,337,1.439293129124053e-12,67630,30,200,n,intermedia_global,(mu+lambda),1.0
EE,ackley,3,338,1.439293129124053e-12,67830,30,200,n,intermedia_global,(mu+lambda),1.0
EE,ackley,3,339,1.439293129124053e-12,68030,30,200,n,intermedia_global,(mu+lambda),1.0
EE,ackley,3,340,1.439293129124053e-12,68230,30,200,n,intermedia_global,(mu+lambda),1.0
EE,ackley,3,341,1.439293129124053e-12,68430,30,200,n,intermedia_global,(mu+lambda),1.0
EE,ackley,3,342,1.439293129124053e-12,68630,30,200,n,intermedia_global,(mu+lambda),1.0
EE,ackley,3,343,1.439293129124053e-12,68830,30,200,n,intermedia_global,(mu+lambda),1.0
EE,ackley,3,344,1.439293129124053e-12,69030,30,200,n,intermedia_global,(mu+lambda),1.0
EE,ackley,3,345,1.439293129124053e-12,69230,30,200,n,intermedia_global,(mu+lambda),1.0
EE,ackley,3,346,1.439293129124053e-12,69430,30,200,n,intermedia_global,(mu+lambda),1.0
EE,ackley,3,347,1.439293129124053e-12,69630,30,200,n,intermedia_global,(mu+lambda),1.0
EE,ackley,3,348,1.439293129124053e-12,69830,30,200,n,intermedia_global,(mu+lambda),1.0
EE,ackley,3,349,1.439293129124053e-12,70030,30,200,n,intermedia_global,(mu+lambda),1.0
EE,ackley,3,350,1.439293129124053e-12,70230,30,200,n,intermedia_global,(mu+lambda),1.0
EE,ackley,3,351,1.439293129124053e-12,70430,30,200,n,intermedia_global,(mu+lambda),1.0
EE,ackley,3,352,1.439293129124053e-12,70630,30,200,n,intermedia_global,(mu+lambda),1.0
EE,ackley,3,353,1.439293129124053e-12,70830,30,200,n,intermedia_global,(mu+lambda),1.0
EE,ackley,3,354,1.439293129124053e-12,71030,30,200,n,intermedia_global,(mu+lambda),1.0
EE,ackley,3,355,1.439293129124053e-12,71230,30,200,n,intermedia_global,(mu+lambda),1.0
EE,ackley,3,356,1.439293129124053e-12,71430,30,200,n,intermedia_global,(mu+lambda),1.0
EE,ackley,3,357,1.439293129124053e-12,71630,30,200,n,intermedia_global,(mu+lambda),1.0
EE,ackley,3,358,1.439293129124053e-12,71830,30,200,n,intermedia_global,(mu+lambda),1.0
EE,ackley,3,359,1.439293129124053e-12,72030,30,200,n,intermedia_global,(mu+lambda),1.0
EE,ackley,3,360,1.439293129124053e-12,72230,30,200,n,intermedia_global,(mu+lambda),1.0
EE,ackley,3,361,1.439293129124053e-12,72430,30,200,n,intermedia_global,(mu+lambda),1.0
EE,ackley,3,362,1.439293129124053e-12,72630,30,200,n,intermedia_global,(mu+lambda),1.0
EE,ackley,3,363,1.439293129124053e-12,72830,30,200,n,intermedia_global,(mu+lambda),1.0
EE,ackley,3,364,1.439293129124053e-12,73030,30,200,n,intermedia_global,(mu+lambda),1.0
EE,ackley,3,365,1.439293129124053e-12,73230,30,200,n,intermedia_global,(mu+lambda),1.0
EE,ackley,3,366,1.439293129124053e-12,73430,30,200,n,intermedia_global,(mu+lambda),1.0
EE,ackley,3,367,1.439293129124053e-12,73630,30,200,n,intermedia_global,(mu+lambda),1.0
EE,ackley,3,368,1.439293129124053e-12,73830,30,200,n,intermedia_global,(mu+lambda),1.0
EE,ackley,3,369,1.439293129124053e-12,74030,30,200,n,intermedia_global,(mu+lambda),1.0
EE,ackley,3,370,1.439293129124053e-12,74230,30,200,n,intermedia_global,(mu+lambda),1.0
EE,ackley,3,371,1.439293129124053e-12,74430,30,200,n,intermedia_global,(mu+lambda),1.0
EE,ackley,3,372,1.439293129124053e-12,74630,30,200,n,intermedia_global,(mu+lambda),1.0
EE,ackley,3,373,1.439293129124053e-12,74830,30,200,n,intermedia_global,(mu+lambda),1.0
EE,ackley,3,374,1.439293129124053e-12,75030,30,200,n,intermedia_global,(mu+lambda),1.0
EE,ackley,3,375,1.439293129124053e-12,75230,30,200,n,intermedia_global,(mu+lambda),1.0
EE,ackley,3,376,1.439293129124053e-12,75430,30,200,n,intermedia_global,(mu+lambda),1.0
EE,ackley,3,377,1.439293129124053e-12,75630,30,200,n,intermedia_global,(mu+lambda),1.0
EE,ackley,3,378,1.439293129124053e-12,75830,30,200,n,intermedia_global,(mu+lambda),1.0
EE,ackley,3,379,1.439293129124053e-12,76030,30,200,n,intermedia_global,(mu+lambda),1.0
EE,ackley,3,380,1.439293129124053e-12,76230,30,200,n,intermedia_global,(mu+lambda),1.0
EE,ackley,3,381,1.439293129124053e-12,76430,30,200,n,intermedia_global,(mu+lambda),1.0
EE,ackley,3,382,1.439293129124053e-12,76630,30,200,n,intermedia_global,(mu+lambda),1.0
EE,ackley,3,383,1.439293129124053e-12,76830,30,200,n,intermedia_global,(mu+lambda),1.0
EE,ackley,3,384,1.439293129124053e-12,77030,30,200,n,intermedia_global,(mu+lambda),1.0
EE,ackley,3,385,1.439293129124053e-12,77230,30,200,n,intermedia_global,(mu+lambda),1.0
EE,ackley,3,386,1.439293129124053e-12,77430,30,200,n,intermedia_global,(mu+lambda),1.0
EE,ackley,3,387,1.439293129124053e-12,77630,30,200,n,intermedia_global,(mu+lambda),1.0
EE,ackley,3,388,1.439293129124053e-12,77830,30,200,n,intermedia_global,(mu+lambda),1.0
EE,ackley,3,389,1.439293129124053e-12,78030,30,200,n,intermedia_global,(mu+lambda),1.0
EE,ackley,3,390,1.439293129124053e-12,78230,30,200,n,intermedia_global,(mu+lambda),1.0
EE,ackley,3,391,1.439293129124053e-12,78430,30,200,n,intermedia_global,(mu+lambda),1.0
EE,ackley,3,392,1.439293129124053e-12,78630,30,200,n,intermedia_global,(mu+lambda),1.0
EE,ackley,3,393,1.439293129124053e-12,78830,30,200,n,intermedia_global,(mu+lambda),1.0
EE,ackley,3,394,1.439293129124053e-12,79030,30,200,n,intermedia_global,(mu+lambda),1.0
EE,ackley,3,395,1.439293129124053e-12,79230,30,200,n,intermedia_global,(mu+lambda),1.0
EE,ackley,3,396,1.439293129124053e-12,79430,30,200,n,intermedia_global,(mu+lambda),1.0
EE,ackley,3,397,1.439293129124053e-12,79630,30,200,n,intermedia_global,(mu+lambda),1.0
EE,ackley,3,398,1.439293129124053e-12,79830,30,200,n,intermedia_global,(mu+lambda),1.0
EE,ackley,3,399,1.439293129124053e-12,80030,30,200,n,intermedia_global,(mu+lambda),1.0
EE,ackley,3,400,1.439293129124053e-12,80230,30,200,n,intermedia_global,(mu+lambda),1.0
EE,ackley,3,401,1.439293129124053e-12,80430,30,200,n,intermedia_global,(mu+lambda),1.0
EE,ackley,3,402,1.439293129124053e-12,80630,30,200,n,intermedia_global,(mu+lambda),1.0
EE,ackley,3,403,1.439293129124053e-12,80830,30,200,n,intermedia_global,(mu+lambda),1.0
EE,ackley,3,404,1.439293129124053e-12,81030,30,200,n,intermedia_global,(mu+lambda),1.0
EE,ackley,3,405,1.439293129124053e-12,81230,30,200,n,intermedia_global,(mu+lambda),1.0
EE,ackley,3,406,1.439293129124053e-12,81430,30,200,n,intermedia_global,(mu+lambda),1.0
EE,ackley,3,407,1.439293129124053e-12,81630,30,200,n,intermedia_global,(mu+lambda),1.0
EE,ackley,3,408,1.439293129124053e-12,81830,30,200,n,intermedia_global,(mu+lambda),1.0
EE,ackley,3,409,1.439293129124053e-12,82030,30,200,n,intermedia_global,(mu+lambda),1.0
EE,ackley,3,410,1.439293129124053e-12,82230,30,200,n,intermedia_global,(mu+lambda),1.0
EE,ackley,3,411,1.439293129124053e-12,82430,30,200,n,intermedia_global,(mu+lambda),1.0
EE,ackley,3,412,1.439293129124053e-12,82630,30,200,n,intermedia_global,(mu+lambda),1.0
EE,ackley,3,413,1.439293129124053e-12,82830,30,200,n,intermedia_global,(mu+lambda),1.0
EE,ackley,3,414,1.439293129124053e-12,83030,30,200,n,intermedia_global,(mu+lambda),1.0
EE,ackley,3,415,1.439293129124053e-12,83230,30,200,n,intermedia_global,(mu+lambda),1.0
EE,ackley,3,416,1.439293129124053e-12,83430,30,200,n,intermedia_global,(mu+lambda),1.0
EE,ackley,3,417,1.439293129124053e-12,83630,30,200,n,intermedia_global,(mu+lambda),1.0
EE,ackley,3,418,1.439293129124053e-12,83830,30,200,n,intermedia_global,(mu+lambda),1.0
EE,ackley,3,419,1.439293129124053e-12,84030,30,200,n,intermedia_global,(mu+lambda),1.0
EE,ackley,3,420,1.439293129124053e-12,84230,30,200,n,intermedia_global,(mu+lambda),1.0
EE,ackley,3,421,1.439293129124053e-12,84430,30,200,n,intermedia_global,(mu+lambda),1.0
EE,ackley,3,422,1.439293129124053e-12,84630,30,200,n,intermedia_global,(mu+lambda),1.0
EE,ackley,3,423,1.439293129124053e-12,84830,30,200,n,intermedia_global,(mu+lambda),1.0
EE,ackley,3,424,1.439293129124053e-12,85030,30,200,n,intermedia_global,(mu+lambda),1.0
EE,ackley,3,425,1.439293129124053e-12,85230,30,200,n,intermedia_global,(mu+lambda),1.0
EE,ackley,3,426,1.439293129124053e-12,85430,30,200,n,intermedia_global,(mu+lambda),1.0
EE,ackley,3,427,1.439293129124053e-12,85630,30,200,n,intermedia_global,(mu+lambda),1.0
EE,ackley,3,428,1.439293129124053e-12,85830,30,200,n,intermedia_global,(mu+lambda),1.0
EE,ackley,3,429,1.439293129124053e-12,86030,30,200,n,intermedia_global,(mu+lambda),1.0
EE,ackley,3,430,1.439293129124053e-12,86230,30,200,n,intermedia_global,(mu+lambda),1.0
EE,ackley,3,431,1.439293129124053e-12,86430,30,200,n,intermedia_global,(mu+lambda),1.0
EE,ackley,3,432,1.439293129124053e-12,86630,30,200,n,intermedia_global,(mu+lambda),1.0
EE,ackley,3,433,1.439293129124053e-12,86830,30,200,n,intermedia_global,(mu+lambda),1.0
EE,ackley,3,434,1.439293129124053e-12,87030,30,200,n,intermedia_global,(mu+lambda),1.0
EE,ackley,3,435,1.439293129124053e-12,87230,30,200,n,intermedia_global,(mu+lambda),1.0
EE,ackley,3,436,1.439293129124053e-12,87430,30,200,n,intermedia_global,(mu+lambda),1.0
EE,ackley,3,437,1.439293129124053e-12,87630,30,200,n,intermedia_global,(mu+lambda),1.0
EE,ackley,3,438,1.439293129124053e-12,87830,30,200,n,intermedia_global,(mu+lambda),1.0
EE,ackley,3,439,1.439293129124053e-12,88030,30,200,n,intermedia_global,(mu+lambda),1.0
EE,ackley,3,440,1.439293129124053e-12,88230,30,200,n,intermedia_global,(mu+lambda),1.0
EE,ackley,3,441,1.439293129124053e-12,88430,30,200,n,intermedia_global,(mu+lambda),1.0
EE,ackley,3,442,1.439293129124053e-12,88630,30,200,n,intermedia_global,(mu+lambda),1.0
EE,ackley,3,443,1.439293129124053e-12,88830,30,200,n,intermedia_global,(mu+lambda),1.0
EE,ackley,3,444,1.439293129124053e-12,89030,30,200,n,intermedia_global,(mu+lambda),1.0
EE,ackley,3,445,1.439293129124053e-12,89230,30,200,n,intermedia_global,(mu+lambda),1.0
EE,ackley,3,446,1.439293129124053e-12,89430,30,200,n,intermedia_global,(mu+lambda),1.0
EE,ackley,3,447,1.439293129124053e-12,89630,30,200,n,intermedia_global,(mu+lambda),1.0
EE,ackley,3,448,1.439293129124053e-12,89830,30,200,n,intermedia_global,(mu+lambda),1.0
EE,ackley,3,449,1.439293129124053e-12,90030,30,200,n,intermedia_global,(mu+lambda),1.0
EE,ackley,3,450,1.439293129124053e-12,90230,30,200,n,intermedia_global,(mu+lambda),1.0
EE,ackley,3,451,1.439293129124053e-12,90430,30,200,n,intermedia_global,(mu+lambda),1.0
EE,ackley,3,452,1.439293129124053e-12,90630,30,200,n,intermedia_global,(mu+lambda),1.0
EE,ackley,3,453,1.439293129124053e-12,90830,30,200,n,intermedia_global,(mu+lambda),1.0
EE,ackley,3,454,1.439293129124053e-12,91030,30,200,n,intermedia_global,(mu+lambda),1.0
EE,ackley,3,455,1.439293129124053e-12,91230,30,200,n,intermedia_global,(mu+lambda),1.0
EE,ackley,3,456,1.439293129124053e-12,91430,30,200,n,intermedia_global,(mu+lambda),1.0
EE,ackley,3,457,1.439293129124053e-12,91630,30,200,n,intermedia_global,(mu+lambda),1.0
EE,ackley,3,458,1.439293129124053e-12,91830,30,200,n,intermedia_global,(mu+lambda),1.0
EE,ackley,3,459,1.439293129124053e-12,92030,30,200,n,intermedia_global,(mu+lambda),1.0
EE,ackley,3,460,1.439293129124053e-12,92230,30,200,n,intermedia_global,(mu+lambda),1.0
EE,ackley,3,461,1.439293129124053e-12,92430,30,200,n,intermedia_global,(mu+lambda),1.0
EE,ackley,3,462,1.439293129124053e-12,92630,30,200,n,intermedia_global,(mu+lambda),1.0
EE,ackley,3,463,1.439293129124053e-12,92830,30,200,n,intermedia_global,(mu+lambda),1.0
EE,ackley,3,464,1.439293129124053e-12,93030,30,200,n,intermedia_global,(mu+lambda),1.0
EE,ackley,3,465,1.439293129124053e-12,93230,30,200,n,intermedia_global,(mu+lambda),1.0
EE,ackley,3,466,1.439293129124053e-12,93430,30,200,n,intermedia_global,(mu+lambda),1.0
EE,ackley,3,467,1.439293129124053e-12,93630,30,200,n,intermedia_global,(mu+lambda),1.0
EE,ackley,3,468,1.439293129124053e-12,93830,30,200,n,intermedia_global,(mu+lambda),1.0
EE,ackley,3,469,1.439293129124053e-12,94030,30,200,n,intermedia_global,(mu+lambda),1.0
EE,ackley,3,470,1.439293129124053e-12,94230,30,200,n,intermedia_global,(mu+lambda),1.0
EE,ackley,3,471,1.439293129124053e-12,94430,30,200,n,intermedia_global,(mu+lambda),1.0
EE,ackley,3,472,1.439293129124053e-12,94630,30,200,n,intermedia_global,(mu+lambda),1.0
EE,ackley,3,473,1.439293129124053e-12,94830,30,200,n,intermedia_global,(mu+lambda),1.0
EE,ackley,3,474,1.439293129124053e-12,95030,30,200,n,intermedia_global,(mu+lambda),1.0
EE,ackley,3,475,1.439293129124053e-12,95230,30,200,n,intermedia_global,(mu+lambda),1.0
EE,ackley,3,476,1.439293129124053e-12,95430,30,200,n,intermedia_global,(mu+lambda),1.0
EE,ackley,3,477,1.439293129124053e-12,95630,30,200,n,intermedia_global,(mu+lambda),1.0
EE,ackley,3,478,1.439293129124053e-12,95830,30,200,n,intermedia_global,(mu+lambda),1.0
EE,ackley,3,479,1.439293129124053e-12,96030,30,200,n,intermedia_global,(mu+lambda),1.0
EE,ackley,3,480,1.439293129124053e-12,96230,30,200,n,intermedia_global,(mu+lambda),1.0
EE,ackley,3,481,1.439293129124053e-12,96430,30,200,n,intermedia_global,(mu+lambda),1.0
EE,ackley,3,482,1.439293129124053e-12,96630,30,200,n,intermedia_global,(mu+lambda),1.0
EE,ackley,3,483,1.439293129124053e-12,96830,30,200,n,intermedia_global,(mu+lambda),1.0
EE,ackley,3,484,1.439293129124053e-12,97030,30,200,n,intermedia_global,(mu+lambda),1.0
EE,ackley,3,485,1.439293129124053e-12,97230,30,200,n,intermedia_global,(mu+lambda),1.0
EE,ackley,3,486,1.439293129124053e-12,97430,30,200,n,intermedia_global,(mu+lambda),1.0
EE,ackley,3,487,1.439293129124053e-12,97630,30,200,n,intermedia_global,(mu+lambda),1.0
EE,ackley,3,488,1.439293129124053e-12,97830,30,200,n,intermedia_global,(mu+lambda),1.0
EE,ackley,3,489,1.439293129124053e-12,98030,30,200,n,intermedia_global,(mu+lambda),1.0
EE,ackley,3,490,1.439293129124053e-12,98230,30,200,n,intermedia_global,(mu+lambda),1.0
EE,ackley,3,491,1.439293129124053e-12,98430,30,200,n,intermedia_global,(mu+lambda),1.0
EE,ackley,3,492,1.439293129124053e-12,98630,30,200,n,intermedia_global,(mu+lambda),1.0
EE,ackley,3,493,1.439293129124053e-12,98830,30,200,n,intermedia_global,(mu+lambda),1.0
EE,ackley,3,494,1.439293129124053e-12,99030,30,200,n,intermedia_global,(mu+lambda),1.0
EE,ackley,3,495,1.439293129124053e-12,99230,30,200,n,intermedia_global,(mu+lambda),1.0
EE,ackley,3,496,1.439293129124053e-12,99430,30,200,n,intermedia_global,(mu+lambda),1.0
EE,ackley,3,497,1.439293129124053e-12,99630,30,200,n,intermedia_global,(mu+lambda),1.0
EE,ackley,3,498,1.439293129124053e-12,99830,30,200,n,intermedia_global,(mu+lambda),1.0
EE,ackley,3,499,1.439293129124053e-12,100030,30,200,n,intermedia_global,(mu+lambda),1.0
EE,ackley,3,500,1.439293129124053e-12,100230,30,200,n,intermedia_global,(mu+lambda),1.0
EE,ackley,3,501,1.439293129124053e-12,100430,30,200,n,intermedia_global,(mu+lambda),1.0
EE,ackley,3,502,1.439293129124053e-12,100630,30,200,n,intermedia_global,(mu+lambda),1.0
EE,ackley,3,503,1.439293129124053e-12,100830,30,200,n,intermedia_global,(mu+lambda),1.0
EE,ackley,3,504,1.439293129124053e-12,101030,30,200,n,intermedia_global,(mu+lambda),1.0
EE,ackley,3,505,1.439293129124053e-12,101230,30,200,n,intermedia_global,(mu+lambda),1.0
EE,ackley,3,506,1.439293129124053e-12,101430,30,200,n,intermedia_global,(mu+lambda),1.0
EE,ackley,3,507,1.439293129124053e-12,101630,30,200,n,intermedia_global,(mu+lambda),1.0
EE,ackley,3,508,1.439293129124053e-12,101830,30,200,n,intermedia_global,(mu+lambda),1.0
EE,ackley,3,509,1.439293129124053e-12,102030,30,200,n,intermedia_global,(mu+lambda),1.0
EE,ackley,3,510,1.439293129124053e-12,102230,30,200,n,intermedia_global,(mu+lambda),1.0
EE,ackley,3,511,1.439293129124053e-12,102430,30,200,n,intermedia_global,(mu+lambda),1.0
EE,ackley,3,512,1.439293129124053e-12,102630,30,200,n,intermedia_global,(mu+lambda),1.0
EE,ackley,3,513,1.439293129124053e-12,102830,30,200,n,intermedia_global,(mu+lambda),1.0
EE,ackley,3,514,1.439293129124053e-12,103030,30,200,n,intermedia_global,(mu+lambda),1.0
EE,ackley,3,515,1.439293129124053e-12,103230,30,200,n,intermedia_global,(mu+lambda),1.0
EE,ackley,3,516,1.439293129124053e-12,103430,30,200,n,intermedia_global,(mu+lambda),1.0
EE,ackley,3,517,1.439293129124053e-12,103630,30,200,n,intermedia_global,(mu+lambda),1.0
EE,ackley,3,518,1.439293129124053e-12,103830,30,200,n,intermedia_global,(mu+lambda),1.0
EE,ackley,3,519,1.439293129124053e-12,104030,30,200,n,intermedia_global,(mu+lambda),1.0
EE,ackley,3,520,1.439293129124053e-12,104230,30,200,n,intermedia_global,(mu+lambda),1.0
EE,ackley,3,521,1.439293129124053e-12,104430,30,200,n,intermedia_global,(mu+lambda),1.0
EE,ackley,3,522,1.439293129124053e-12,104630,30,200,n,intermedia_global,(mu+lambda),1.0
EE,ackley,3,523,1.439293129124053e-12,104830,30,200,n,intermedia_global,(mu+lambda),1.0
EE,ackley,3,524,1.439293129124053e-12,105030,30,200,n,intermedia_global,(mu+lambda),1.0
EE,ackley,3,525,1.439293129124053e-12,105230,30,200,n,intermedia_global,(mu+lambda),1.0
EE,ackley,3,526,1.439293129124053e-12,105430,30,200,n,intermedia_global,(mu+lambda),1.0
EE,ackley,3,527,1.439293129124053e-12,105630,30,200,n,intermedia_global,(mu+lambda),1.0
EE,ackley,3,528,1.439293129124053e-12,105830,30,200,n,intermedia_global,(mu+lambda),1.0
EE,ackley,3,529,1.439293129124053e-12,106030,30,200,n,intermedia_global,(mu+lambda),1.0
EE,ackley,3,530,1.439293129124053e-12,106230,30,200,n,intermedia_global,(mu+lambda),1.0
EE,ackley,3,531,1.439293129124053e-12,106430,30,200,n,intermedia_global,(mu+lambda),1.0
EE,ackley,3,532,1.439293129124053e-12,106630,30,200,n,intermedia_global,(mu+lambda),1.0
EE,ackley,3,533,1.439293129124053e-12,106830,30,200,n,intermedia_global,(mu+lambda),1.0
EE,ackley,3,534,1.439293129124053e-12,107030,30,200,n,intermedia_global,(mu+lambda),1.0
EE,ackley,3,535,1.439293129124053e-12,107230,30,200,n,intermedia_global,(mu+lambda),1.0
EE,ackley,3,536,1.439293129124053e-12,107430,30,200,n,intermedia_global,(mu+lambda),1.0
EE,ackley,3,537,1.439293129124053e-12,107630,30,200,n,intermedia_global,(mu+lambda),1.0
EE,ackley,3,538,1.439293129124053e-12,107830,30,200,n,intermedia_global,(mu+lambda),1.0
EE,ackley,3,539,1.439293129124053e-12,108030,30,200,n,intermedia_global,(mu+lambda),1.0
EE,ackley,3,540,1.439293129124053e-12,108230,30,200,n,intermedia_global,(mu+lambda),1.0
EE,ackley,3,541,1.439293129124053e-12,108430,30,200,n,intermedia_global,(mu+lambda),1.0
EE,ackley,3,542,1.439293129124053e-12,108630,30,200,n,intermedia_global,(mu+lambda),1.0
EE,ackley,3,543,1.439293129124053e-12,108830,30,200,n,intermedia_global,(mu+lambda),1.0
EE,ackley,3,544,1.439293129124053e-12,109030,30,200,n,intermedia_global,(mu+lambda),1.0
EE,ackley,3,545,1.439293129124053e-12,109230,30,200,n,intermedia_global,(mu+lambda),1.0
EE,ackley,3,546,1.439293129124053e-12,109430,30,200,n,intermedia_global,(mu+lambda),1.0
EE,ackley,3,547,1.439293129124053e-12,109630,30,200,n,intermedia_global,(mu+lambda),1.0
EE,ackley,3,548,1.439293129124053e-12,109830,30,200,n,intermedia_global,(mu+lambda),1.0
EE,ackley,3,549,1.439293129124053e-12,110030,30,200,n,intermedia_global,(mu+lambda),1.0
EE,ackley,3,550,1.439293129124053e-12,110230,30,200,n,intermedia_global,(mu+lambda),1.0
EE,ackley,3,551,1.439293129124053e-12,110430,30,200,n,intermedia_global,(mu+lambda),1.0
EE,ackley,3,552,1.439293129124053e-12,110630,30,200,n,intermedia_global,(mu+lambda),1.0
EE,ackley,3,553,1.439293129124053e-12,110830,30,200,n,intermedia_global,(mu+lambda),1.0
EE,ackley,3,554,1.439293129124053e-12,111030,30,200,n,intermedia_global,(mu+lambda),1.0
EE,ackley,3,555,1.439293129124053e-12,111230,30,200,n,intermedia_global,(mu+lambda),1.0
EE,ackley,3,556,1.439293129124053e-12,111430,30,200,n,intermedia_global,(mu+lambda),1.0
EE,ackley,3,557,1.439293129124053e-12,111630,30,200,n,intermedia_global,(mu+lambda),1.0
EE,ackley,3,558,1.439293129124053e-12,111830,30,200,n,intermedia_global,(mu+lambda),1.0
EE,ackley,3,559,1.439293129124053e-12,112030,30,200,n,intermedia_global,(mu+lambda),1.0
EE,ackley,3,560,1.439293129124053e-12,112230,30,200,n,intermedia_global,(mu+lambda),1.0
EE,ackley,3,561,1.439293129124053e-12,112430,30,200,n,intermedia_global,(mu+lambda),1.0
EE,ackley,3,562,1.439293129124053e-12,112630,30,200,n,intermedia_global,(mu+lambda),1.0
EE,ackley,3,563,1.439293129124053e-12,112830,30,200,n,intermedia_global,(mu+lambda),1.0
EE,ackley,3,564,1.439293129124053e-12,113030,30,200,n,intermedia_global,(mu+lambda),1.0
EE,ackley,3,565,1.439293129124053e-12,113230,30,200,n,intermedia_global,(mu+lambda),1.0
EE,ackley,3,566,1.439293129124053e-12,113430,30,200,n,intermedia_global,(mu+lambda),1.0
EE,ackley,3,567,1.439293129124053e-12,113630,30,200,n,intermedia_global,(mu+lambda),1.0
EE,ackley,3,568,1.439293129124053e-12,113830,30,200,n,intermedia_global,(mu+lambda),1.0
EE,ackley,3,569,1.439293129124053e-12,114030,30,200,n,intermedia_global,(mu+lambda),1.0
EE,ackley,3,570,1.439293129124053e-12,114230,30,200,n,intermedia_global,(mu+lambda),1.0
EE,ackley,3,571,1.439293129124053e-12,114430,30,200,n,intermedia_global,(mu+lambda),1.0
EE,ackley,3,572,1.439293129124053e-12,114630,30,200,n,intermedia_global,(mu+lambda),1.0
EE,ackley,3,573,1.439293129124053e-12,114830,30,200,n,intermedia_global,(mu+lambda),1.0
EE,ackley,3,574,1.439293129124053e-12,115030,30,200,n,intermedia_global,(mu+lambda),1.0
EE,ackley,3,575,1.439293129124053e-12,115230,30,200,n,intermedia_global,(mu+lambda),1.0
EE,ackley,3,576,1.439293129124053e-12,115430,30,200,n,intermedia_global,(mu+lambda),1.0
EE,ackley,3,577,1.439293129124053e-12,115630,30,200,n,intermedia_global,(mu+lambda),1.0
EE,ackley,3,578,1.439293129124053e-12,115830,30,200,n,intermedia_global,(mu+lambda),1.0
EE,ackley,3,579,1.439293129124053e-12,116030,30,200,n,intermedia_global,(mu+lambda),1.0
EE,ackley,3,580,1.439293129124053e-12,116230,30,200,n,intermedia_global,(mu+lambda),1.0
EE,ackley,3,581,1.439293129124053e-12,116430,30,200,n,intermedia_global,(mu+lambda),1.0
EE,ackley,3,582,1.439293129124053e-12,116630,30,200,n,intermedia_global,(mu+lambda),1.0
EE,ackley,3,583,1.439293129124053e-12,116830,30,200,n,intermedia_global,(mu+lambda),1.0
EE,ackley,3,584,1.439293129124053e-12,117030,30,200,n,intermedia_global,(mu+lambda),1.0
EE,ackley,3,585,1.439293129124053e-12,117230,30,200,n,intermedia_global,(mu+lambda),1.0
EE,ackley,3,586,1.439293129124053e-12,117430,30,200,n,intermedia_global,(mu+lambda),1.0
EE,ackley,3,587,1.439293129124053e-12,117630,30,200,n,intermedia_global,(mu+lambda),1.0
EE,ackley,3,588,1.439293129124053e-12,117830,30,200,n,intermedia_global,(mu+lambda),1.0
EE,ackley,3,589,1.439293129124053e-12,118030,30,200,n,intermedia_global,(mu+lambda),1.0
EE,ackley,3,590,1.439293129124053e-12,118230,30,200,n,intermedia_global,(mu+lambda),1.0
EE,ackley,3,591,1.439293129124053e-12,118430,30,200,n,intermedia_global,(mu+lambda),1.0
EE,ackley,3,592,1.439293129124053e-12,118630,30,200,n,intermedia_global,(mu+lambda),1.0
EE,ackley,3,593,1.439293129124053e-12,118830,30,200,n,intermedia_global,(mu+lambda),1.0
EE,ackley,3,594,1.439293129124053e-12,119030,30,200,n,intermedia_global,(mu+lambda),1.0
EE,ackley,3,595,1.439293129124053e-12,119230,30,200,n,intermedia_global,(mu+lambda),1.0
EE,ackley,3,596,1.439293129124053e-12,119430,30,200,n,intermedia_global,(mu+lambda),1.0
EE,ackley,3,597,1.439293129124053e-12,119630,30,200,n,intermedia_global,(mu+lambda),1.0
EE,ackley,3,598,1.439293129124053e-12,119830,30,200,n,intermedia_global,(mu+lambda),1.0
EE,ackley,3,599,1.439293129124053e-12,120030,30,200,n,intermedia_global,(mu+lambda),1.0
EE,ackley,3,600,1.439293129124053e-12,120230,30,200,n,intermedia_global,(mu+lambda),1.0
EE,ackley,3,601,1.439293129124053e-12,120430,30,200,n,intermedia_global,(mu+lambda),1.0
EE,ackley,3,602,1.439293129124053e-12,120630,30,200,n,intermedia_global,(mu+lambda),1.0
EE,ackley,3,603,1.439293129124053e-12,120830,30,200,n,intermedia_global,(mu+lambda),1.0
EE,ackley,3,604,1.439293129124053e-12,121030,30,200,n,intermedia_global,(mu+lambda),1.0
EE,ackley,3,605,1.439293129124053e-12,121230,30,200,n,intermedia_global,(mu+lambda),1.0
EE,ackley,3,606,1.439293129124053e-12,121430,30,200,n,intermedia_global,(mu+lambda),1.0
EE,ackley,3,607,1.439293129124053e-12,121630,30,200,n,intermedia_global,(mu+lambda),1.0
EE,ackley,3,608,1.439293129124053e-12,121830,30,200,n,intermedia_global,(mu+lambda),1.0
EE,ackley,3,609,1.439293129124053e-12,122030,30,200,n,intermedia_global,(mu+lambda),1.0
EE,ackley,3,610,1.439293129124053e-12,122230,30,200,n,intermedia_global,(mu+lambda),1.0
EE,ackley,3,611,1.439293129124053e-12,122430,30,200,n,intermedia_global,(mu+lambda),1.0
EE,ackley,3,612,1.439293129124053e-12,122630,30,200,n,intermedia_global,(mu+lambda),1.0
EE,ackley,3,613,1.439293129124053e-12,122830,30,200,n,intermedia_global,(mu+lambda),1.0
EE,ackley,3,614,1.439293129124053e-12,123030,30,200,n,intermedia_global,(mu+lambda),1.0
EE,ackley,3,615,1.439293129124053e-12,123230,30,200,n,intermedia_global,(mu+lambda),1.0
EE,ackley,3,616,1.439293129124053e-12,123430,30,200,n,intermedia_global,(mu+lambda),1.0
EE,ackley,3,617,1.439293129124053e-12,123630,30,200,n,intermedia_global,(mu+lambda),1.0
EE,ackley,3,618,1.439293129124053e-12,123830,30,200,n,intermedia_global,(mu+lambda),1.0
EE,ackley,3,619,1.439293129124053e-12,124030,30,200,n,intermedia_global,(mu+lambda),1.0
EE,ackley,3,620,1.439293129124053e-12,124230,30,200,n,intermedia_global,(mu+lambda),1.0
EE,ackley,3,621,1.439293129124053e-12,124430,30,200,n,intermedia_global,(mu+lambda),1.0
EE,ackley,3,622,1.439293129124053e-12,124630,30,200,n,intermedia_global,(mu+lambda),1.0
EE,ackley,3,623,1.439293129124053e-12,124830,30,200,n,intermedia_global,(mu+lambda),1.0
EE,ackley,3,624,1.439293129124053e-12,125030,30,200,n,intermedia_global,(mu+lambda),1.0
EE,ackley,3,625,1.439293129124053e-12,125230,30,200,n,intermedia_global,(mu+lambda),1.0
EE,ackley,3,626,1.439293129124053e-12,125430,30,200,n,intermedia_global,(mu+lambda),1.0
EE,ackley,3,627,1.439293129124053e-12,125630,30,200,n,intermedia_global,(mu+lambda),1.0
EE,ackley,3,628,1.439293129124053e-12,125830,30,200,n,intermedia_global,(mu+lambda),1.0
EE,ackley,3,629,1.439293129124053e-12,126030,30,200,n,intermedia_global,(mu+lambda),1.0
EE,ackley,3,630,1.439293129124053e-12,126230,30,200,n,intermedia_global,(mu+lambda),1.0
EE,ackley,3,631,1.439293129124053e-12,126430,30,200,n,intermedia_global,(mu+lambda),1.0
EE,ackley,3,632,1.439293129124053e-12,126630,30,200,n,intermedia_global,(mu+lambda),1.0
EE,ackley,3,633,1.4002132786572474e-12,126830,30,200,n,intermedia_global,(mu+lambda),1.0
EE,ackley,3,634,1.4002132786572474e-12,127030,30,200,n,intermedia_global,(mu+lambda),1.0
EE,ackley,3,635,1.4002132786572474e-12,127230,30,200,n,intermedia_global,(mu+lambda),1.0
EE,ackley,3,636,1.4002132786572474e-12,127430,30,200,n,intermedia_global,(mu+lambda),1.0
EE,ackley,3,637,1.4002132786572474e-12,127630,30,200,n,intermedia_global,(mu+lambda),1.0
EE,ackley,3,638,1.4002132786572474e-12,127830,30,200,n,intermedia_global,(mu+lambda),1.0
EE,ackley,3,639,1.4002132786572474e-12,128030,30,200,n,intermedia_global,(mu+lambda),1.0
EE,ackley,3,640,1.4002132786572474e-12,128230,30,200,n,intermedia_global,(mu+lambda),1.0
EE,ackley,3,641,1.4002132786572474e-12,128430,30,200,n,intermedia_global,(mu+lambda),1.0
EE,ackley,3,642,1.4002132786572474e-12,128630,30,200,n,intermedia_global,(mu+lambda),1.0
EE,ackley,3,643,1.4002132786572474e-12,128830,30,200,n,intermedia_global,(mu+lambda),1.0
EE,ackley,3,644,1.4002132786572474e-12,129030,30,200,n,intermedia_global,(mu+lambda),1.0
EE,ackley,3,645,1.4002132786572474e-12,129230,30,200,n,intermedia_global,(mu+lambda),1.0
EE,ackley,3,646,1.4002132786572474e-12,129430,30,200,n,intermedia_global,(mu+lambda),1.0
EE,ackley,3,647,1.4002132786572474e-12,129630,30,200,n,intermedia_global,(mu+lambda),1.0
EE,ackley,3,648,1.4002132786572474e-12,129830,30,200,n,intermedia_global,(mu+lambda),1.0
EE,ackley,3,649,1.4002132786572474e-12,130030,30,200,n,intermedia_global,(mu+lambda),1.0
EE,ackley,3,650,1.4002132786572474e-12,130230,30,200,n,intermedia_global,(mu+lambda),1.0
EE,ackley,3,651,1.4002132786572474e-12,130430,30,200,n,intermedia_global,(mu+lambda),1.0
EE,ackley,3,652,1.4002132786572474e-12,130630,30,200,n,intermedia_global,(mu+lambda),1.0
EE,ackley,3,653,1.4002132786572474e-12,130830,30,200,n,intermedia_global,(mu+lambda),1.0
EE,ackley,3,654,1.4002132786572474e-12,131030,30,200,n,intermedia_global,(mu+lambda),1.0
EE,ackley,3,655,1.4002132786572474e-12,131230,30,200,n,intermedia_global,(mu+lambda),1.0
EE,ackley,3,656,1.4002132786572474e-12,131430,30,200,n,intermedia_global,(mu+lambda),1.0
EE,ackley,3,657,1.4002132786572474e-12,131630,30,200,n,intermedia_global,(mu+lambda),1.0
EE,ackley,3,658,1.4002132786572474e-12,131830,30,200,n,intermedia_global,(mu+lambda),1.0
EE,ackley,3,659,1.4002132786572474e-12,132030,30,200,n,intermedia_global,(mu+lambda),1.0
EE,ackley,3,660,1.4002132786572474e-12,132230,30,200,n,intermedia_global,(mu+lambda),1.0
EE,ackley,3,661,1.4002132786572474e-12,132430,30,200,n,intermedia_global,(mu+lambda),1.0
EE,ackley,3,662,1.4002132786572474e-12,132630,30,200,n,intermedia_global,(mu+lambda),1.0
EE,ackley,3,663,1.4002132786572474e-12,132830,30,200,n,intermedia_global,(mu+lambda),1.0
EE,ackley,3,664,1.4002132786572474e-12,133030,30,200,n,intermedia_global,(mu+lambda),1.0
EE,ackley,3,665,1.4002132786572474e-12,133230,30,200,n,intermedia_global,(mu+lambda),1.0
EE,ackley,3,666,1.4002132786572474e-12,133430,30,200,n,intermedia_global,(mu+lambda),1.0
EE,ackley,3,667,1.4002132786572474e-12,133630,30,200,n,intermedia_global,(mu+lambda),1.0
EE,ackley,3,668,1.4002132786572474e-12,133830,30,200,n,intermedia_global,(mu+lambda),1.0
EE,ackley,3,669,1.4002132786572474e-12,134030,30,200,n,intermedia_global,(mu+lambda),1.0
EE,ackley,3,670,1.4002132786572474e-12,134230,30,200,n,intermedia_global,(mu+lambda),1.0
EE,ackley,3,671,1.4002132786572474e-12,134430,30,200,n,intermedia_global,(mu+lambda),1.0
EE,ackley,3,672,1.4002132786572474e-12,134630,30,200,n,intermedia_global,(mu+lambda),1.0
EE,ackley,3,673,1.4002132786572474e-12,134830,30,200,n,intermedia_global,(mu+lambda),1.0
EE,ackley,3,674,1.4002132786572474e-12,135030,30,200,n,intermedia_global,(mu+lambda),1.0
EE,ackley,3,675,1.4002132786572474e-12,135230,30,200,n,intermedia_global,(mu+lambda),1.0
EE,ackley,3,676,1.4002132786572474e-12,135430,30,200,n,intermedia_global,(mu+lambda),1.0
EE,ackley,3,677,1.4002132786572474e-12,135630,30,200,n,intermedia_global,(mu+lambda),1.0
EE,ackley,3,678,1.4002132786572474e-12,135830,30,200,n,intermedia_global,(mu+lambda),1.0
EE,ackley,3,679,1.4002132786572474e-12,136030,30,200,n,intermedia_global,(mu+lambda),1.0
EE,ackley,3,680,1.4002132786572474e-12,136230,30,200,n,intermedia_global,(mu+lambda),1.0
EE,ackley,3,681,1.4002132786572474e-12,136430,30,200,n,intermedia_global,(mu+lambda),1.0
EE,ackley,3,682,1.4002132786572474e-12,136630,30,200,n,intermedia_global,(mu+lambda),1.0
EE,ackley,3,683,1.4002132786572474e-12,136830,30,200,n,intermedia_global,(mu+lambda),1.0
EE,ackley,3,684,1.4002132786572474e-12,137030,30,200,n,intermedia_global,(mu+lambda),1.0
EE,ackley,3,685,1.4002132786572474e-12,137230,30,200,n,intermedia_global,(mu+lambda),1.0
EE,ackley,3,686,1.4002132786572474e-12,137430,30,200,n,intermedia_global,(mu+lambda),1.0
EE,ackley,3,687,1.4002132786572474e-12,137630,30,200,n,intermedia_global,(mu+lambda),1.0
EE,ackley,3,688,1.4002132786572474e-12,137830,30,200,n,intermedia_global,(mu+lambda),1.0
EE,ackley,3,689,9.809930645587883e-13,138030,30,200,n,intermedia_global,(mu+lambda),1.0
EE,ackley,3,690,9.809930645587883e-13,138230,30,200,n,intermedia_global,(mu+lambda),1.0
EE,ackley,3,691,9.809930645587883e-13,138430,30,200,n,intermedia_global,(mu+lambda),1.0
EE,ackley,3,692,9.809930645587883e-13,138630,30,200,n,intermedia_global,(mu+lambda),1.0
EE,ackley,3,693,9.809930645587883e-13,138830,30,200,n,intermedia_global,(mu+lambda),1.0
EE,ackley,3,694,9.809930645587883e-13,139030,30,200,n,intermedia_global,(mu+lambda),1.0
EE,ackley,3,695,9.809930645587883e-13,139230,30,200,n,intermedia_global,(mu+lambda),1.0
EE,ackley,3,696,9.809930645587883e-13,139430,30,200,n,intermedia_global,(mu+lambda),1.0
EE,ackley,3,697,9.809930645587883e-13,139630,30,200,n,intermedia_global,(mu+lambda),1.0
EE,ackley,3,698,9.809930645587883e-13,139830,30,200,n,intermedia_global,(mu+lambda),1.0
EE,ackley,3,699,9.809930645587883e-13,140030,30,200,n,intermedia_global,(mu+lambda),1.0
EE,ackley,3,700,9.809930645587883e-13,140230,30,200,n,intermedia_global,(mu+lambda),1.0
EE,ackley,3,701,9.809930645587883e-13,140430,30,200,n,intermedia_global,(mu+lambda),1.0
EE,ackley,3,702,9.809930645587883e-13,140630,30,200,n,intermedia_global,(mu+lambda),1.0
EE,ackley,3,703,9.809930645587883e-13,140830,30,200,n,intermedia_global,(mu+lambda),1.0
EE,ackley,3,704,9.809930645587883e-13,141030,30,200,n,intermedia_global,(mu+lambda),1.0
EE,ackley,3,705,9.809930645587883e-13,141230,30,200,n,intermedia_global,(mu+lambda),1.0
EE,ackley,3,706,9.809930645587883e-13,141430,30,200,n,intermedia_global,(mu+lambda),1.0
EE,ackley,3,707,9.809930645587883e-13,141630,30,200,n,intermedia_global,(mu+lambda),1.0
EE,ackley,3,708,9.809930645587883e-13,141830,30,200,n,intermedia_global,(mu+lambda),1.0
EE,ackley,3,709,9.809930645587883e-13,142030,30,200,n,intermedia_global,(mu+lambda),1.0
EE,ackley,3,710,9.809930645587883e-13,142230,30,200,n,intermedia_global,(mu+lambda),1.0
EE,ackley,3,711,9.809930645587883e-13,142430,30,200,n,intermedia_global,(mu+lambda),1.0
EE,ackley,3,712,9.809930645587883e-13,142630,30,200,n,intermedia_global,(mu+lambda),1.0
EE,ackley,3,713,9.809930645587883e-13,142830,30,200,n,intermedia_global,(mu+lambda),1.0
EE,ackley,3,714,9.809930645587883e-13,143030,30,200,n,intermedia_global,(mu+lambda),1.0
EE,ackley,3,715,9.809930645587883e-13,143230,30,200,n,intermedia_global,(mu+lambda),1.0
EE,ackley,3,716,9.809930645587883e-13,143430,30,200,n,intermedia_global,(mu+lambda),1.0
EE,ackley,3,717,9.809930645587883e-13,143630,30,200,n,intermedia_global,(mu+lambda),1.0
EE,ackley,3,718,9.809930645587883e-13,143830,30,200,n,intermedia_global,(mu+lambda),1.0
EE,ackley,3,719,9.809930645587883e-13,144030,30,200,n,intermedia_global,(mu+lambda),1.0
EE,ackley,3,720,9.809930645587883e-13,144230,30,200,n,intermedia_global,(mu+lambda),1.0
EE,ackley,3,721,9.809930645587883e-13,144430,30,200,n,intermedia_global,(mu+lambda),1.0
EE,ackley,3,722,9.809930645587883e-13,144630,30,200,n,intermedia_global,(mu+lambda),1.0
EE,ackley,3,723,9.809930645587883e-13,144830,30,200,n,intermedia_global,(mu+lambda),1.0
EE,ackley,3,724,9.809930645587883e-13,145030,30,200,n,intermedia_global,(mu+lambda),1.0
EE,ackley,3,725,9.809930645587883e-13,145230,30,200,n,intermedia_global,(mu+lambda),1.0
EE,ackley,3,726,9.809930645587883e-13,145430,30,200,n,intermedia_global,(mu+lambda),1.0
EE,ackley,3,727,9.809930645587883e-13,145630,30,200,n,intermedia_global,(mu+lambda),1.0
EE,ackley,3,728,9.809930645587883e-13,145830,30,200,n,intermedia_global,(mu+lambda),1.0
EE,ackley,3,729,9.809930645587883e-13,146030,30,200,n,intermedia_global,(mu+lambda),1.0
EE,ackley,3,730,9.809930645587883e-13,146230,30,200,n,intermedia_global,(mu+lambda),1.0
EE,ackley,3,731,9.809930645587883e-13,146430,30,200,n,intermedia_global,(mu+lambda),1.0
EE,ackley,3,732,9.809930645587883e-13,146630,30,200,n,intermedia_global,(mu+lambda),1.0
EE,ackley,3,733,9.809930645587883e-13,146830,30,200,n,intermedia_global,(mu+lambda),1.0
EE,ackley,3,734,9.809930645587883e-13,147030,30,200,n,intermedia_global,(mu+lambda),1.0
EE,ackley,3,735,9.809930645587883e-13,147230,30,200,n,intermedia_global,(mu+lambda),1.0
EE,ackley,3,736,9.809930645587883e-13,147430,30,200,n,intermedia_global,(mu+lambda),1.0
EE,ackley,3,737,9.809930645587883e-13,147630,30,200,n,intermedia_global,(mu+lambda),1.0
EE,ackley,3,738,9.809930645587883e-13,147830,30,200,n,intermedia_global,(mu+lambda),1.0
EE,ackley,3,739,9.809930645587883e-13,148030,30,200,n,intermedia_global,(mu+lambda),1.0
EE,ackley,3,740,9.809930645587883e-13,148230,30,200,n,intermedia_global,(mu+lambda),1.0
EE,ackley,3,741,9.809930645587883e-13,148430,30,200,n,intermedia_global,(mu+lambda),1.0
EE,ackley,3,742,9.809930645587883e-13,148630,30,200,n,intermedia_global,(mu+lambda),1.0
EE,ackley,3,743,9.809930645587883e-13,148830,30,200,n,intermedia_global,(mu+lambda),1.0
EE,ackley,3,744,9.809930645587883e-13,149030,30,200,n,intermedia_global,(mu+lambda),1.0
EE,ackley,3,745,9.809930645587883e-13,149230,30,200,n,intermedia_global,(mu+lambda),1.0
EE,ackley,3,746,9.809930645587883e-13,149430,30,200,n,intermedia_global,(mu+lambda),1.0
EE,ackley,3,747,9.809930645587883e-13,149630,30,200,n,intermedia_global,(mu+lambda),1.0
EE,ackley,3,748,9.809930645587883e-13,149830,30,200,n,intermedia_global,(mu+lambda),1.0
EE,ackley,3,749,9.809930645587883e-13,150030,30,200,n,intermedia_global,(mu+lambda),1.0
EE,ackley,3,750,9.809930645587883e-13,150230,30,200,n,intermedia_global,(mu+lambda),1.0
EE,ackley,3,751,9.809930645587883e-13,150430,30,200,n,intermedia_global,(mu+lambda),1.0
EE,ackley,3,752,9.809930645587883e-13,150630,30,200,n,intermedia_global,(mu+lambda),1.0
EE,ackley,3,753,9.809930645587883e-13,150830,30,200,n,intermedia_global,(mu+lambda),1.0
EE,ackley,3,754,9.809930645587883e-13,151030,30,200,n,intermedia_global,(mu+lambda),1.0
EE,ackley,3,755,9.809930645587883e-13,151230,30,200,n,intermedia_global,(mu+lambda),1.0
EE,ackley,3,756,9.809930645587883e-13,151430,30,200,n,intermedia_global,(mu+lambda),1.0
EE,ackley,3,757,9.809930645587883e-13,151630,30,200,n,intermedia_global,(mu+lambda),1.0
EE,ackley,3,758,9.809930645587883e-13,151830,30,200,n,intermedia_global,(mu+lambda),1.0
EE,ackley,3,759,9.809930645587883e-13,152030,30,200,n,intermedia_global,(mu+lambda),1.0
EE,ackley,3,760,9.809930645587883e-13,152230,30,200,n,intermedia_global,(mu+lambda),1.0
EE,ackley,3,761,9.809930645587883e-13,152430,30,200,n,intermedia_global,(mu+lambda),1.0
EE,ackley,3,762,9.809930645587883e-13,152630,30,200,n,intermedia_global,(mu+lambda),1.0
EE,ackley,3,763,9.809930645587883e-13,152830,30,200,n,intermedia_global,(mu+lambda),1.0
EE,ackley,3,764,9.809930645587883e-13,153030,30,200,n,intermedia_global,(mu+lambda),1.0
EE,ackley,3,765,9.809930645587883e-13,153230,30,200,n,intermedia_global,(mu+lambda),1.0
EE,ackley,3,766,9.809930645587883e-13,153430,30,200,n,intermedia_global,(mu+lambda),1.0
EE,ackley,3,767,9.809930645587883e-13,153630,30,200,n,intermedia_global,(mu+lambda),1.0
EE,ackley,3,768,9.809930645587883e-13,153830,30,200,n,intermedia_global,(mu+lambda),1.0
EE,ackley,3,769,9.809930645587883e-13,154030,30,200,n,intermedia_global,(mu+lambda),1.0
EE,ackley,3,770,9.809930645587883e-13,154230,30,200,n,intermedia_global,(mu+lambda),1.0
EE,ackley,3,771,9.809930645587883e-13,154430,30,200,n,intermedia_global,(mu+lambda),1.0
EE,ackley,3,772,9.809930645587883e-13,154630,30,200,n,intermedia_global,(mu+lambda),1.0
EE,ackley,3,773,9.809930645587883e-13,154830,30,200,n,intermedia_global,(mu+lambda),1.0
EE,ackley,3,774,9.809930645587883e-13,155030,30,200,n,intermedia_global,(mu+lambda),1.0
EE,ackley,3,775,9.809930645587883e-13,155230,30,200,n,intermedia_global,(mu+lambda),1.0
EE,ackley,3,776,9.809930645587883e-13,155430,30,200,n,intermedia_global,(mu+lambda),1.0
EE,ackley,3,777,9.809930645587883e-13,155630,30,200,n,intermedia_global,(mu+lambda),1.0
EE,ackley,3,778,9.809930645587883e-13,155830,30,200,n,intermedia_global,(mu+lambda),1.0
EE,ackley,3,779,9.809930645587883e-13,156030,30,200,n,intermedia_global,(mu+lambda),1.0
EE,ackley,3,780,9.809930645587883e-13,156230,30,200,n,intermedia_global,(mu+lambda),1.0
EE,ackley,3,781,9.809930645587883e-13,156430,30,200,n,intermedia_global,(mu+lambda),1.0
EE,ackley,3,782,9.809930645587883e-13,156630,30,200,n,intermedia_global,(mu+lambda),1.0
EE,ackley,3,783,9.809930645587883e-13,156830,30,200,n,intermedia_global,(mu+lambda),1.0
EE,ackley,3,784,9.809930645587883e-13,157030,30,200,n,intermedia_global,(mu+lambda),1.0
EE,ackley,3,785,9.809930645587883e-13,157230,30,200,n,intermedia_global,(mu+lambda),1.0
EE,ackley,3,786,9.809930645587883e-13,157430,30,200,n,intermedia_global,(mu+lambda),1.0
EE,ackley,3,787,9.809930645587883e-13,157630,30,200,n,intermedia_global,(mu+lambda),1.0
EE,ackley,3,788,9.809930645587883e-13,157830,30,200,n,intermedia_global,(mu+lambda),1.0
EE,ackley,3,789,9.809930645587883e-13,158030,30,200,n,intermedia_global,(mu+lambda),1.0
EE,ackley,3,790,9.809930645587883e-13,158230,30,200,n,intermedia_global,(mu+lambda),1.0
EE,ackley,3,791,9.809930645587883e-13,158430,30,200,n,intermedia_global,(mu+lambda),1.0
EE,ackley,3,792,9.809930645587883e-13,158630,30,200,n,intermedia_global,(mu+lambda),1.0
EE,ackley,3,793,9.809930645587883e-13,158830,30,200,n,intermedia_global,(mu+lambda),1.0
EE,ackley,3,794,9.809930645587883e-13,159030,30,200,n,intermedia_global,(mu+lambda),1.0
EE,ackley,3,795,9.809930645587883e-13,159230,30,200,n,intermedia_global,(mu+lambda),1.0
EE,ackley,3,796,9.809930645587883e-13,159430,30,200,n,intermedia_global,(mu+lambda),1.0
EE,ackley,3,797,9.809930645587883e-13,159630,30,200,n,intermedia_global,(mu+lambda),1.0
EE,ackley,3,798,9.809930645587883e-13,159830,30,200,n,intermedia_global,(mu+lambda),1.0
EE,ackley,3,799,9.809930645587883e-13,160030,30,200,n,intermedia_global,(mu+lambda),1.0
EE,ackley,3,800,9.809930645587883e-13,160230,30,200,n,intermedia_global,(mu+lambda),1.0
EE,ackley,3,801,9.809930645587883e-13,160430,30,200,n,intermedia_global,(mu+lambda),1.0
EE,ackley,3,802,9.809930645587883e-13,160630,30,200,n,intermedia_global,(mu+lambda),1.0
EE,ackley,3,803,9.809930645587883e-13,160830,30,200,n,intermedia_global,(mu+lambda),1.0
EE,ackley,3,804,9.809930645587883e-13,161030,30,200,n,intermedia_global,(mu+lambda),1.0
EE,ackley,3,805,9.809930645587883e-13,161230,30,200,n,intermedia_global,(mu+lambda),1.0
EE,ackley,3,806,9.809930645587883e-13,161430,30,200,n,intermedia_global,(mu+lambda),1.0
EE,ackley,3,807,9.809930645587883e-13,161630,30,200,n,intermedia_global,(mu+lambda),1.0
EE,ackley,3,808,9.809930645587883e-13,161830,30,200,n,intermedia_global,(mu+lambda),1.0
EE,ackley,3,809,9.809930645587883e-13,162030,30,200,n,intermedia_global,(mu+lambda),1.0
EE,ackley,3,810,9.809930645587883e-13,162230,30,200,n,intermedia_global,(mu+lambda),1.0
EE,ackley,3,811,9.809930645587883e-13,162430,30,200,n,intermedia_global,(mu+lambda),1.0
EE,ackley,3,812,9.809930645587883e-13,162630,30,200,n,intermedia_global,(mu+lambda),1.0
EE,ackley,3,813,9.809930645587883e-13,162830,30,200,n,intermedia_global,(mu+lambda),1.0
EE,ackley,3,814,9.809930645587883e-13,163030,30,200,n,intermedia_global,(mu+lambda),1.0
EE,ackley,3,815,9.809930645587883e-13,163230,30,200,n,intermedia_global,(mu+lambda),1.0
EE,ackley,3,816,9.809930645587883e-13,163430,30,200,n,intermedia_global,(mu+lambda),1.0
EE,ackley,3,817,9.809930645587883e-13,163630,30,200,n,intermedia_global,(mu+lambda),1.0
EE,ackley,3,818,9.809930645587883e-13,163830,30,200,n,intermedia_global,(mu+lambda),1.0
EE,ackley,3,819,9.809930645587883e-13,164030,30,200,n,intermedia_global,(mu+lambda),1.0
EE,ackley,3,820,9.809930645587883e-13,164230,30,200,n,intermedia_global,(mu+lambda),1.0
EE,ackley,3,821,9.809930645587883e-13,164430,30,200,n,intermedia_global,(mu+lambda),1.0
EE,ackley,3,822,9.809930645587883e-13,164630,30,200,n,intermedia_global,(mu+lambda),1.0
EE,ackley,3,823,9.809930645587883e-13,164830,30,200,n,intermedia_global,(mu+lambda),1.0
EE,ackley,3,824,9.809930645587883e-13,165030,30,200,n,intermedia_global,(mu+lambda),1.0
EE,ackley,3,825,9.809930645587883e-13,165230,30,200,n,intermedia_global,(mu+lambda),1.0
EE,ackley,3,826,9.809930645587883e-13,165430,30,200,n,intermedia_global,(mu+lambda),1.0
EE,ackley,3,827,9.809930645587883e-13,165630,30,200,n,intermedia_global,(mu+lambda),1.0
EE,ackley,3,828,9.809930645587883e-13,165830,30,200,n,intermedia_global,(mu+lambda),1.0
EE,ackley,3,829,9.809930645587883e-13,166030,30,200,n,intermedia_global,(mu+lambda),1.0
EE,ackley,3,830,9.809930645587883e-13,166230,30,200,n,intermedia_global,(mu+lambda),1.0
EE,ackley,3,831,9.809930645587883e-13,166430,30,200,n,intermedia_global,(mu+lambda),1.0
EE,ackley,3,832,9.809930645587883e-13,166630,30,200,n,intermedia_global,(mu+lambda),1.0
EE,ackley,3,833,9.809930645587883e-13,166830,30,200,n,intermedia_global,(mu+lambda),1.0
EE,ackley,3,834,9.809930645587883e-13,167030,30,200,n,intermedia_global,(mu+lambda),1.0
EE,ackley,3,835,9.809930645587883e-13,167230,30,200,n,intermedia_global,(mu+lambda),1.0
EE,ackley,3,836,9.809930645587883e-13,167430,30,200,n,intermedia_global,(mu+lambda),1.0
EE,ackley,3,837,9.809930645587883e-13,167630,30,200,n,intermedia_global,(mu+lambda),1.0
EE,ackley,3,838,9.809930645587883e-13,167830,30,200,n,intermedia_global,(mu+lambda),1.0
EE,ackley,3,839,9.809930645587883e-13,168030,30,200,n,intermedia_global,(mu+lambda),1.0
EE,ackley,3,840,9.809930645587883e-13,168230,30,200,n,intermedia_global,(mu+lambda),1.0
EE,ackley,3,841,9.809930645587883e-13,168430,30,200,n,intermedia_global,(mu+lambda),1.0
EE,ackley,3,842,9.809930645587883e-13,168630,30,200,n,intermedia_global,(mu+lambda),1.0
EE,ackley,3,843,9.809930645587883e-13,168830,30,200,n,intermedia_global,(mu+lambda),1.0
EE,ackley,3,844,9.809930645587883e-13,169030,30,200,n,intermedia_global,(mu+lambda),1.0
EE,ackley,3,845,9.809930645587883e-13,169230,30,200,n,intermedia_global,(mu+lambda),1.0
EE,ackley,3,846,9.809930645587883e-13,169430,30,200,n,intermedia_global,(mu+lambda),1.0
EE,ackley,3,847,9.809930645587883e-13,169630,30,200,n,intermedia_global,(mu+lambda),1.0
EE,ackley,3,848,9.809930645587883e-13,169830,30,200,n,intermedia_global,(mu+lambda),1.0
EE,ackley,3,849,9.809930645587883e-13,170030,30,200,n,intermedia_global,(mu+lambda),1.0
EE,ackley,3,850,9.809930645587883e-13,170230,30,200,n,intermedia_global,(mu+lambda),1.0
EE,ackley,3,851,9.809930645587883e-13,170430,30,200,n,intermedia_global,(mu+lambda),1.0
EE,ackley,3,852,9.809930645587883e-13,170630,30,200,n,intermedia_global,(mu+lambda),1.0
EE,ackley,3,853,9.809930645587883e-13,170830,30,200,n,intermedia_global,(mu+lambda),1.0
EE,ackley,3,854,9.809930645587883e-13,171030,30,200,n,intermedia_global,(mu+lambda),1.0
EE,ackley,3,855,9.809930645587883e-13,171230,30,200,n,intermedia_global,(mu+lambda),1.0
EE,ackley,3,856,9.809930645587883e-13,171430,30,200,n,intermedia_global,(mu+lambda),1.0
EE,ackley,3,857,9.809930645587883e-13,171630,30,200,n,intermedia_global,(mu+lambda),1.0
EE,ackley,3,858,9.809930645587883e-13,171830,30,200,n,intermedia_global,(mu+lambda),1.0
EE,ackley,3,859,9.809930645587883e-13,172030,30,200,n,intermedia_global,(mu+lambda),1.0
EE,ackley,3,860,9.809930645587883e-13,172230,30,200,n,intermedia_global,(mu+lambda),1.0
EE,ackley,3,861,9.809930645587883e-13,172430,30,200,n,intermedia_global,(mu+lambda),1.0
EE,ackley,3,862,9.809930645587883e-13,172630,30,200,n,intermedia_global,(mu+lambda),1.0
EE,ackley,3,863,9.809930645587883e-13,172830,30,200,n,intermedia_global,(mu+lambda),1.0
EE,ackley,3,864,9.809930645587883e-13,173030,30,200,n,intermedia_global,(mu+lambda),1.0
EE,ackley,3,865,9.809930645587883e-13,173230,30,200,n,intermedia_global,(mu+lambda),1.0
EE,ackley,3,866,9.809930645587883e-13,173430,30,200,n,intermedia_global,(mu+lambda),1.0
EE,ackley,3,867,9.809930645587883e-13,173630,30,200,n,intermedia_global,(mu+lambda),1.0
EE,ackley,3,868,9.809930645587883e-13,173830,30,200,n,intermedia_global,(mu+lambda),1.0
EE,ackley,3,869,9.809930645587883e-13,174030,30,200,n,intermedia_global,(mu+lambda),1.0
EE,ackley,3,870,9.809930645587883e-13,174230,30,200,n,intermedia_global,(mu+lambda),1.0
EE,ackley,3,871,9.809930645587883e-13,174430,30,200,n,intermedia_global,(mu+lambda),1.0
EE,ackley,3,872,9.809930645587883e-13,174630,30,200,n,intermedia_global,(mu+lambda),1.0
EE,ackley,3,873,9.809930645587883e-13,174830,30,200,n,intermedia_global,(mu+lambda),1.0
EE,ackley,3,874,9.809930645587883e-13,175030,30,200,n,intermedia_global,(mu+lambda),1.0
EE,ackley,3,875,9.809930645587883e-13,175230,30,200,n,intermedia_global,(mu+lambda),1.0
EE,ackley,3,876,9.809930645587883e-13,175430,30,200,n,intermedia_global,(mu+lambda),1.0
EE,ackley,3,877,9.809930645587883e-13,175630,30,200,n,intermedia_global,(mu+lambda),1.0
EE,ackley,3,878,9.809930645587883e-13,175830,30,200,n,intermedia_global,(mu+lambda),1.0
EE,ackley,3,879,9.809930645587883e-13,176030,30,200,n,intermedia_global,(mu+lambda),1.0
EE,ackley,3,880,9.809930645587883e-13,176230,30,200,n,intermedia_global,(mu+lambda),1.0
EE,ackley,3,881,9.809930645587883e-13,176430,30,200,n,intermedia_global,(mu+lambda),1.0
EE,ackley,3,882,9.809930645587883e-13,176630,30,200,n,intermedia_global,(mu+lambda),1.0
EE,ackley,3,883,9.809930645587883e-13,176830,30,200,n,intermedia_global,(mu+lambda),1.0
EE,ackley,3,884,9.809930645587883e-13,177030,30,200,n,intermedia_global,(mu+lambda),1.0
EE,ackley,3,885,9.809930645587883e-13,177230,30,200,n,intermedia_global,(mu+lambda),1.0
EE,ackley,3,886,9.809930645587883e-13,177430,30,200,n,intermedia_global,(mu+lambda),1.0
EE,ackley,3,887,9.809930645587883e-13,177630,30,200,n,intermedia_global,(mu+lambda),1.0
EE,ackley,3,888,9.809930645587883e-13,177830,30,200,n,intermedia_global,(mu+lambda),1.0
EE,ackley,3,889,9.809930645587883e-13,178030,30,200,n,intermedia_global,(mu+lambda),1.0
EE,ackley,3,890,9.809930645587883e-13,178230,30,200,n,intermedia_global,(mu+lambda),1.0
EE,ackley,3,891,9.809930645587883e-13,178430,30,200,n,intermedia_global,(mu+lambda),1.0
EE,ackley,3,892,9.809930645587883e-13,178630,30,200,n,intermedia_global,(mu+lambda),1.0
EE,ackley,3,893,9.809930645587883e-13,178830,30,200,n,intermedia_global,(mu+lambda),1.0
EE,ackley,3,894,9.809930645587883e-13,179030,30,200,n,intermedia_global,(mu+lambda),1.0
EE,ackley,3,895,9.809930645587883e-13,179230,30,200,n,intermedia_global,(mu+lambda),1.0
EE,ackley,3,896,9.809930645587883e-13,179430,30,200,n,intermedia_global,(mu+lambda),1.0
EE,ackley,3,897,9.809930645587883e-13,179630,30,200,n,intermedia_global,(mu+lambda),1.0
EE,ackley,3,898,9.809930645587883e-13,179830,30,200,n,intermedia_global,(mu+lambda),1.0
EE,ackley,3,899,9.809930645587883e-13,180030,30,200,n,intermedia_global,(mu+lambda),1.0
EE,ackley,3,900,9.809930645587883e-13,180230,30,200,n,intermedia_global,(mu+lambda),1.0
EE,ackley,3,901,9.809930645587883e-13,180430,30,200,n,intermedia_global,(mu+lambda),1.0
EE,ackley,3,902,9.809930645587883e-13,180630,30,200,n,intermedia_global,(mu+lambda),1.0
EE,ackley,3,903,9.809930645587883e-13,180830,30,200,n,intermedia_global,(mu+lambda),1.0
EE,ackley,3,904,9.809930645587883e-13,181030,30,200,n,intermedia_global,(mu+lambda),1.0
EE,ackley,3,905,9.809930645587883e-13,181230,30,200,n,intermedia_global,(mu+lambda),1.0
EE,ackley,3,906,9.809930645587883e-13,181430,30,200,n,intermedia_global,(mu+lambda),1.0
EE,ackley,3,907,9.809930645587883e-13,181630,30,200,n,intermedia_global,(mu+lambda),1.0
EE,ackley,3,908,9.809930645587883e-13,181830,30,200,n,intermedia_global,(mu+lambda),1.0
EE,ackley,3,909,9.809930645587883e-13,182030,30,200,n,intermedia_global,(mu+lambda),1.0
EE,ackley,3,910,9.809930645587883e-13,182230,30,200,n,intermedia_global,(mu+lambda),1.0
EE,ackley,3,911,9.809930645587883e-13,182430,30,200,n,intermedia_global,(mu+lambda),1.0
EE,ackley,3,912,9.809930645587883e-13,182630,30,200,n,intermedia_global,(mu+lambda),1.0
EE,ackley,3,913,9.809930645587883e-13,182830,30,200,n,intermedia_global,(mu+lambda),1.0
EE,ackley,3,914,9.809930645587883e-13,183030,30,200,n,intermedia_global,(mu+lambda),1.0
EE,ackley,3,915,9.809930645587883e-13,183230,30,200,n,intermedia_global,(mu+lambda),1.0
EE,ackley,3,916,9.809930645587883e-13,183430,30,200,n,intermedia_global,(mu+lambda),1.0
EE,ackley,3,917,9.809930645587883e-13,183630,30,200,n,intermedia_global,(mu+lambda),1.0
EE,ackley,3,918,9.809930645587883e-13,183830,30,200,n,intermedia_global,(mu+lambda),1.0
EE,ackley,3,919,9.809930645587883e-13,184030,30,200,n,intermedia_global,(mu+lambda),1.0
EE,ackley,3,920,9.809930645587883e-13,184230,30,200,n,intermedia_global,(mu+lambda),1.0
EE,ackley,3,921,9.809930645587883e-13,184430,30,200,n,intermedia_global,(mu+lambda),1.0
EE,ackley,3,922,9.809930645587883e-13,184630,30,200,n,intermedia_global,(mu+lambda),1.0
EE,ackley,3,923,9.809930645587883e-13,184830,30,200,n,intermedia_global,(mu+lambda),1.0
EE,ackley,3,924,9.809930645587883e-13,185030,30,200,n,intermedia_global,(mu+lambda),1.0
EE,ackley,3,925,9.809930645587883e-13,185230,30,200,n,intermedia_global,(mu+lambda),1.0
EE,ackley,3,926,9.809930645587883e-13,185430,30,200,n,intermedia_global,(mu+lambda),1.0
EE,ackley,3,927,9.809930645587883e-13,185630,30,200,n,intermedia_global,(mu+lambda),1.0
EE,ackley,3,928,9.809930645587883e-13,185830,30,200,n,intermedia_global,(mu+lambda),1.0
EE,ackley,3,929,9.809930645587883e-13,186030,30,200,n,intermedia_global,(mu+lambda),1.0
EE,ackley,3,930,9.809930645587883e-13,186230,30,200,n,intermedia_global,(mu+lambda),1.0
EE,ackley,3,931,9.809930645587883e-13,186430,30,200,n,intermedia_global,(mu+lambda),1.0
EE,ackley,3,932,9.809930645587883e-13,186630,30,200,n,intermedia_global,(mu+lambda),1.0
EE,ackley,3,933,9.809930645587883e-13,186830,30,200,n,intermedia_global,(mu+lambda),1.0
EE,ackley,3,934,9.809930645587883e-13,187030,30,200,n,intermedia_global,(mu+lambda),1.0
EE,ackley,3,935,9.809930645587883e-13,187230,30,200,n,intermedia_global,(mu+lambda),1.0
EE,ackley,3,936,9.809930645587883e-13,187430,30,200,n,intermedia_global,(mu+lambda),1.0
EE,ackley,3,937,9.809930645587883e-13,187630,30,200,n,intermedia_global,(mu+lambda),1.0
EE,ackley,3,938,9.809930645587883e-13,187830,30,200,n,intermedia_global,(mu+lambda),1.0
EE,ackley,3,939,9.809930645587883e-13,188030,30,200,n,intermedia_global,(mu+lambda),1.0
EE,ackley,3,940,9.809930645587883e-13,188230,30,200,n,intermedia_global,(mu+lambda),1.0
EE,ackley,3,941,9.809930645587883e-13,188430,30,200,n,intermedia_global,(mu+lambda),1.0
EE,ackley,3,942,9.809930645587883e-13,188630,30,200,n,intermedia_global,(mu+lambda),1.0
EE,ackley,3,943,9.809930645587883e-13,188830,30,200,n,intermedia_global,(mu+lambda),1.0
EE,ackley,3,944,9.809930645587883e-13,189030,30,200,n,intermedia_global,(mu+lambda),1.0
EE,ackley,3,945,9.809930645587883e-13,189230,30,200,n,intermedia_global,(mu+lambda),1.0
EE,ackley,3,946,9.809930645587883e-13,189430,30,200,n,intermedia_global,(mu+lambda),1.0
EE,ackley,3,947,9.809930645587883e-13,189630,30,200,n,intermedia_global,(mu+lambda),1.0
EE,ackley,3,948,9.809930645587883e-13,189830,30,200,n,intermedia_global,(mu+lambda),1.0
EE,ackley,3,949,9.809930645587883e-13,190030,30,200,n,intermedia_global,(mu+lambda),1.0
EE,ackley,3,950,9.809930645587883e-13,190230,30,200,n,intermedia_global,(mu+lambda),1.0
EE,ackley,3,951,9.809930645587883e-13,190430,30,200,n,intermedia_global,(mu+lambda),1.0
EE,ackley,3,952,9.809930645587883e-13,190630,30,200,n,intermedia_global,(mu+lambda),1.0
EE,ackley,3,953,9.809930645587883e-13,190830,30,200,n,intermedia_global,(mu+lambda),1.0
EE,ackley,3,954,9.809930645587883e-13,191030,30,200,n,intermedia_global,(mu+lambda),1.0
EE,ackley,3,955,9.809930645587883e-13,191230,30,200,n,intermedia_global,(mu+lambda),1.0
EE,ackley,3,956,9.809930645587883e-13,191430,30,200,n,intermedia_global,(mu+lambda),1.0
EE,ackley,3,957,9.809930645587883e-13,191630,30,200,n,intermedia_global,(mu+lambda),1.0
EE,ackley,3,958,9.809930645587883e-13,191830,30,200,n,intermedia_global,(mu+lambda),1.0
EE,ackley,3,959,9.809930645587883e-13,192030,30,200,n,intermedia_global,(mu+lambda),1.0
EE,ackley,3,960,9.809930645587883e-13,192230,30,200,n,intermedia_global,(mu+lambda),1.0
EE,ackley,3,961,9.809930645587883e-13,192430,30,200,n,intermedia_global,(mu+lambda),1.0
EE,ackley,3,962,9.809930645587883e-13,192630,30,200,n,intermedia_global,(mu+lambda),1.0
EE,ackley,3,963,9.809930645587883e-13,192830,30,200,n,intermedia_global,(mu+lambda),1.0
EE,ackley,3,964,9.809930645587883e-13,193030,30,200,n,intermedia_global,(mu+lambda),1.0
EE,ackley,3,965,9.809930645587883e-13,193230,30,200,n,intermedia_global,(mu+lambda),1.0
EE,ackley,3,966,9.809930645587883e-13,193430,30,200,n,intermedia_global,(mu+lambda),1.0
EE,ackley,3,967,9.809930645587883e-13,193630,30,200,n,intermedia_global,(mu+lambda),1.0
EE,ackley,3,968,9.809930645587883e-13,193830,30,200,n,intermedia_global,(mu+lambda),1.0
EE,ackley,3,969,9.809930645587883e-13,194030,30,200,n,intermedia_global,(mu+lambda),1.0
EE,ackley,3,970,9.809930645587883e-13,194230,30,200,n,intermedia_global,(mu+lambda),1.0
EE,ackley,3,971,9.809930645587883e-13,194430,30,200,n,intermedia_global,(mu+lambda),1.0
EE,ackley,3,972,9.809930645587883e-13,194630,30,200,n,intermedia_global,(mu+lambda),1.0
EE,ackley,3,973,9.809930645587883e-13,194830,30,200,n,intermedia_global,(mu+lambda),1.0
EE,ackley,3,974,9.809930645587883e-13,195030,30,200,n,intermedia_global,(mu+lambda),1.0
EE,ackley,3,975,9.809930645587883e-13,195230,30,200,n,intermedia_global,(mu+lambda),1.0
EE,ackley,3,976,9.809930645587883e-13,195430,30,200,n,intermedia_global,(mu+lambda),1.0
EE,ackley,3,977,9.809930645587883e-13,195630,30,200,n,intermedia_global,(mu+lambda),1.0
EE,ackley,3,978,9.809930645587883e-13,195830,30,200,n,intermedia_global,(mu+lambda),1.0
EE,ackley,3,979,9.809930645587883e-13,196030,30,200,n,intermedia_global,(mu+lambda),1.0
EE,ackley,3,980,9.809930645587883e-13,196230,30,200,n,intermedia_global,(mu+lambda),1.0
EE,ackley,3,981,9.809930645587883e-13,196430,30,200,n,intermedia_global,(mu+lambda),1.0
EE,ackley,3,982,9.809930645587883e-13,196630,30,200,n,intermedia_global,(mu+lambda),1.0
EE,ackley,3,983,9.809930645587883e-13,196830,30,200,n,intermedia_global,(mu+lambda),1.0
EE,ackley,3,984,9.809930645587883e-13,197030,30,200,n,intermedia_global,(mu+lambda),1.0
EE,ackley,3,985,9.809930645587883e-13,197230,30,200,n,intermedia_global,(mu+lambda),1.0
EE,ackley,3,986,9.809930645587883e-13,197430,30,200,n,intermedia_global,(mu+lambda),1.0
EE,ackley,3,987,9.809930645587883e-13,197630,30,200,n,intermedia_global,(mu+lambda),1.0
EE,ackley,3,988,9.809930645587883e-13,197830,30,200,n,intermedia_global,(mu+lambda),1.0
EE,ackley,3,989,9.809930645587883e-13,198030,30,200,n,intermedia_global,(mu+lambda),1.0
EE,ackley,3,990,9.809930645587883e-13,198230,30,200,n,intermedia_global,(mu+lambda),1.0
EE,ackley,3,991,9.809930645587883e-13,198430,30,200,n,intermedia_global,(mu+lambda),1.0
EE,ackley,3,992,9.809930645587883e-13,198630,30,200,n,intermedia_global,(mu+lambda),1.0
EE,ackley,3,993,9.809930645587883e-13,198830,30,200,n,intermedia_global,(mu+lambda),1.0
EE,ackley,3,994,9.809930645587883e-13,199030,30,200,n,intermedia_global,(mu+lambda),1.0
EE,ackley,3,995,9.809930645587883e-13,199230,30,200,n,intermedia_global,(mu+lambda),1.0
EE,ackley,3,996,9.809930645587883e-13,199430,30,200,n,intermedia_global,(mu+lambda),1.0
EE,ackley,3,997,9.809930645587883e-13,199630,30,200,n,intermedia_global,(mu+lambda),1.0
EE,ackley,3,998,9.809930645587883e-13,199830,30,200,n,intermedia_global,(mu+lambda),1.0
EE,ackley,3,999,9.809930645587883e-13,200030,30,200,n,intermedia_global,(mu+lambda),1.0
EE,ackley,3,1000,9.809930645587883e-13,200230,30,200,n,intermedia_global,(mu+lambda),1.0
EE,ackley,3,1001,9.809930645587883e-13,200430,30,200,n,intermedia_global,(mu+lambda),1.0
EE,ackley,3,1002,9.809930645587883e-13,200630,30,200,n,intermedia_global,(mu+lambda),1.0
EE,ackley,3,1003,9.809930645587883e-13,200830,30,200,n,intermedia_global,(mu+lambda),1.0
EE,ackley,3,1004,9.809930645587883e-13,201030,30,200,n,intermedia_global,(mu+lambda),1.0
EE,ackley,3,1005,9.809930645587883e-13,201230,30,200,n,intermedia_global,(mu+lambda),1.0
EE,ackley,3,1006,9.809930645587883e-13,201430,30,200,n,intermedia_global,(mu+lambda),1.0
EE,ackley,3,1007,9.809930645587883e-13,201630,30,200,n,intermedia_global,(mu+lambda),1.0
EE,ackley,3,1008,9.809930645587883e-13,201830,30,200,n,intermedia_global,(mu+lambda),1.0
EE,ackley,3,1009,9.809930645587883e-13,202030,30,200,n,intermedia_global,(mu+lambda),1.0
EE,ackley,3,1010,9.809930645587883e-13,202230,30,200,n,intermedia_global,(mu+lambda),1.0
EE,ackley,3,1011,9.809930645587883e-13,202430,30,200,n,intermedia_global,(mu+lambda),1.0
EE,ackley,3,1012,9.809930645587883e-13,202630,30,200,n,intermedia_global,(mu+lambda),1.0
EE,ackley,3,1013,9.738876372011873e-13,202830,30,200,n,intermedia_global,(mu+lambda),1.0
EE,ackley,3,1014,9.738876372011873e-13,203030,30,200,n,intermedia_global,(mu+lambda),1.0
EE,ackley,3,1015,9.738876372011873e-13,203230,30,200,n,intermedia_global,(mu+lambda),1.0
EE,ackley,3,1016,9.738876372011873e-13,203430,30,200,n,intermedia_global,(mu+lambda),1.0
EE,ackley,3,1017,9.738876372011873e-13,203630,30,200,n,intermedia_global,(mu+lambda),1.0
EE,ackley,3,1018,9.738876372011873e-13,203830,30,200,n,intermedia_global,(mu+lambda),1.0
EE,ackley,3,1019,9.738876372011873e-13,204030,30,200,n,intermedia_global,(mu+lambda),1.0
EE,ackley,3,1020,9.738876372011873e-13,204230,30,200,n,intermedia_global,(mu+lambda),1.0
EE,ackley,3,1021,9.738876372011873e-13,204430,30,200,n,intermedia_global,(mu+lambda),1.0
EE,ackley,3,1022,9.738876372011873e-13,204630,30,200,n,intermedia_global,(mu+lambda),1.0
EE,ackley,3,1023,9.738876372011873e-13,204830,30,200,n,intermedia_global,(mu+lambda),1.0
EE,ackley,3,1024,9.738876372011873e-13,205030,30,200,n,intermedia_global,(mu+lambda),1.0
EE,ackley,3,1025,9.738876372011873e-13,205230,30,200,n,intermedia_global,(mu+lambda),1.0
EE,ackley,3,1026,9.738876372011873e-13,205430,30,200,n,intermedia_global,(mu+lambda),1.0
EE,ackley,3,1027,9.738876372011873e-13,205630,30,200,n,intermedia_global,(mu+lambda),1.0
EE,ackley,3,1028,9.738876372011873e-13,205830,30,200,n,intermedia_global,(mu+lambda),1.0
EE,ackley,3,1029,9.738876372011873e-13,206030,30,200,n,intermedia_global,(mu+lambda),1.0
EE,ackley,3,1030,9.738876372011873e-13,206230,30,200,n,intermedia_global,(mu+lambda),1.0
EE,ackley,3,1031,9.738876372011873e-13,206430,30,200,n,intermedia_global,(mu+lambda),1.0
EE,ackley,3,1032,9.738876372011873e-13,206630,30,200,n,intermedia_global,(mu+lambda),1.0
EE,ackley,3,1033,9.738876372011873e-13,206830,30,200,n,intermedia_global,(mu+lambda),1.0
EE,ackley,3,1034,9.738876372011873e-13,207030,30,200,n,intermedia_global,(mu+lambda),1.0
EE,ackley,3,1035,9.738876372011873e-13,207230,30,200,n,intermedia_global,(mu+lambda),1.0
EE,ackley,3,1036,9.738876372011873e-13,207430,30,200,n,intermedia_global,(mu+lambda),1.0
EE,ackley,3,1037,9.738876372011873e-13,207630,30,200,n,intermedia_global,(mu+lambda),1.0
EE,ackley,3,1038,9.738876372011873e-13,207830,30,200,n,intermedia_global,(mu+lambda),1.0
EE,ackley,3,1039,9.738876372011873e-13,208030,30,200,n,intermedia_global,(mu+lambda),1.0
EE,ackley,3,1040,9.738876372011873e-13,208230,30,200,n,intermedia_global,(mu+lambda),1.0
EE,ackley,3,1041,9.738876372011873e-13,208430,30,200,n,intermedia_global,(mu+lambda),1.0
EE,ackley,3,1042,9.738876372011873e-13,208630,30,200,n,intermedia_global,(mu+lambda),1.0
EE,ackley,3,1043,9.738876372011873e-13,208830,30,200,n,intermedia_global,(mu+lambda),1.0
EE,ackley,3,1044,9.738876372011873e-13,209030,30,200,n,intermedia_global,(mu+lambda),1.0
EE,ackley,3,1045,9.738876372011873e-13,209230,30,200,n,intermedia_global,(mu+lambda),1.0
EE,ackley,3,1046,9.738876372011873e-13,209430,30,200,n,intermedia_global,(mu+lambda),1.0
EE,ackley,3,1047,9.738876372011873e-13,209630,30,200,n,intermedia_global,(mu+lambda),1.0
EE,ackley,3,1048,9.738876372011873e-13,209830,30,200,n,intermedia_global,(mu+lambda),1.0
EE,ackley,3,1049,9.738876372011873e-13,210030,30,200,n,intermedia_global,(mu+lambda),1.0
EE,ackley,3,1050,9.738876372011873e-13,210230,30,200,n,intermedia_global,(mu+lambda),1.0
EE,ackley,3,1051,9.738876372011873e-13,210430,30,200,n,intermedia_global,(mu+lambda),1.0
EE,ackley,3,1052,9.738876372011873e-13,210630,30,200,n,intermedia_global,(mu+lambda),1.0
EE,ackley,3,1053,9.738876372011873e-13,210830,30,200,n,intermedia_global,(mu+lambda),1.0
EE,ackley,3,1054,9.738876372011873e-13,211030,30,200,n,intermedia_global,(mu+lambda),1.0
EE,ackley,3,1055,9.738876372011873e-13,211230,30,200,n,intermedia_global,(mu+lambda),1.0
EE,ackley,3,1056,9.738876372011873e-13,211430,30,200,n,intermedia_global,(mu+lambda),1.0
EE,ackley,3,1057,9.738876372011873e-13,211630,30,200,n,intermedia_global,(mu+lambda),1.0
EE,ackley,3,1058,9.738876372011873e-13,211830,30,200,n,intermedia_global,(mu+lambda),1.0
EE,ackley,3,1059,9.738876372011873e-13,212030,30,200,n,intermedia_global,(mu+lambda),1.0
EE,ackley,3,1060,9.738876372011873e-13,212230,30,200,n,intermedia_global,(mu+lambda),1.0
EE,ackley,3,1061,9.738876372011873e-13,212430,30,200,n,intermedia_global,(mu+lambda),1.0
EE,ackley,3,1062,9.738876372011873e-13,212630,30,200,n,intermedia_global,(mu+lambda),1.0
EE,ackley,3,1063,9.738876372011873e-13,212830,30,200,n,intermedia_global,(mu+lambda),1.0
EE,ackley,3,1064,9.738876372011873e-13,213030,30,200,n,intermedia_global,(mu+lambda),1.0
EE,ackley,3,1065,9.738876372011873e-13,213230,30,200,n,intermedia_global,(mu+lambda),1.0
EE,ackley,3,1066,9.738876372011873e-13,213430,30,200,n,intermedia_global,(mu+lambda),1.0
EE,ackley,3,1067,9.738876372011873e-13,213630,30,200,n,intermedia_global,(mu+lambda),1.0
EE,ackley,3,1068,9.738876372011873e-13,213830,30,200,n,intermedia_global,(mu+lambda),1.0
EE,ackley,3,1069,9.738876372011873e-13,214030,30,200,n,intermedia_global,(mu+lambda),1.0
EE,ackley,3,1070,9.738876372011873e-13,214230,30,200,n,intermedia_global,(mu+lambda),1.0
EE,ackley,3,1071,9.738876372011873e-13,214430,30,200,n,intermedia_global,(mu+lambda),1.0
EE,ackley,3,1072,9.738876372011873e-13,214630,30,200,n,intermedia_global,(mu+lambda),1.0
EE,ackley,3,1073,9.738876372011873e-13,214830,30,200,n,intermedia_global,(mu+lambda),1.0
EE,ackley,3,1074,9.738876372011873e-13,215030,30,200,n,intermedia_global,(mu+lambda),1.0
EE,ackley,3,1075,9.738876372011873e-13,215230,30,200,n,intermedia_global,(mu+lambda),1.0
EE,ackley,3,1076,9.738876372011873e-13,215430,30,200,n,intermedia_global,(mu+lambda),1.0
EE,ackley,3,1077,9.738876372011873e-13,215630,30,200,n,intermedia_global,(mu+lambda),1.0
EE,ackley,3,1078,9.738876372011873e-13,215830,30,200,n,intermedia_global,(mu+lambda),1.0
EE,ackley,3,1079,9.738876372011873e-13,216030,30,200,n,intermedia_global,(mu+lambda),1.0
EE,ackley,3,1080,9.738876372011873e-13,216230,30,200,n,intermedia_global,(mu+lambda),1.0
EE,ackley,3,1081,9.738876372011873e-13,216430,30,200,n,intermedia_global,(mu+lambda),1.0
EE,ackley,3,1082,9.738876372011873e-13,216630,30,200,n,intermedia_global,(mu+lambda),1.0
EE,ackley,3,1083,9.738876372011873e-13,216830,30,200,n,intermedia_global,(mu+lambda),1.0
EE,ackley,3,1084,9.738876372011873e-13,217030,30,200,n,intermedia_global,(mu+lambda),1.0
EE,ackley,3,1085,9.738876372011873e-13,217230,30,200,n,intermedia_global,(mu+lambda),1.0
EE,ackley,3,1086,9.738876372011873e-13,217430,30,200,n,intermedia_global,(mu+lambda),1.0
EE,ackley,3,1087,9.738876372011873e-13,217630,30,200,n,intermedia_global,(mu+lambda),1.0
EE,ackley,3,1088,9.738876372011873e-13,217830,30,200,n,intermedia_global,(mu+lambda),1.0
EE,ackley,3,1089,9.738876372011873e-13,218030,30,200,n,intermedia_global,(mu+lambda),1.0
EE,ackley,3,1090,9.738876372011873e-13,218230,30,200,n,intermedia_global,(mu+lambda),1.0
EE,ackley,3,1091,9.738876372011873e-13,218430,30,200,n,intermedia_global,(mu+lambda),1.0
EE,ackley,3,1092,9.738876372011873e-13,218630,30,200,n,intermedia_global,(mu+lambda),1.0
EE,ackley,3,1093,9.738876372011873e-13,218830,30,200,n,intermedia_global,(mu+lambda),1.0
EE,ackley,3,1094,9.738876372011873e-13,219030,30,200,n,intermedia_global,(mu+lambda),1.0
EE,ackley,3,1095,9.738876372011873e-13,219230,30,200,n,intermedia_global,(mu+lambda),1.0
EE,ackley,3,1096,9.738876372011873e-13,219430,30,200,n,intermedia_global,(mu+lambda),1.0
EE,ackley,3,1097,9.738876372011873e-13,219630,30,200,n,intermedia_global,(mu+lambda),1.0
EE,ackley,3,1098,9.738876372011873e-13,219830,30,200,n,intermedia_global,(mu+lambda),1.0
EE,ackley,3,1099,9.738876372011873e-13,220030,30,200,n,intermedia_global,(mu+lambda),1.0
EE,ackley,3,1100,9.738876372011873e-13,220230,30,200,n,intermedia_global,(mu+lambda),1.0
EE,ackley,3,1101,9.738876372011873e-13,220430,30,200,n,intermedia_global,(mu+lambda),1.0
EE,ackley,3,1102,9.738876372011873e-13,220630,30,200,n,intermedia_global,(mu+lambda),1.0
EE,ackley,3,1103,9.738876372011873e-13,220830,30,200,n,intermedia_global,(mu+lambda),1.0
EE,ackley,3,1104,9.738876372011873e-13,221030,30,200,n,intermedia_global,(mu+lambda),1.0
EE,ackley,3,1105,9.738876372011873e-13,221230,30,200,n,intermedia_global,(mu+lambda),1.0
EE,ackley,3,1106,9.738876372011873e-13,221430,30,200,n,intermedia_global,(mu+lambda),1.0
EE,ackley,3,1107,9.738876372011873e-13,221630,30,200,n,intermedia_global,(mu+lambda),1.0
EE,ackley,3,1108,9.738876372011873e-13,221830,30,200,n,intermedia_global,(mu+lambda),1.0
EE,ackley,3,1109,9.738876372011873e-13,222030,30,200,n,intermedia_global,(mu+lambda),1.0
EE,ackley,3,1110,9.738876372011873e-13,222230,30,200,n,intermedia_global,(mu+lambda),1.0
EE,ackley,3,1111,9.738876372011873e-13,222430,30,200,n,intermedia_global,(mu+lambda),1.0
EE,ackley,3,1112,9.738876372011873e-13,222630,30,200,n,intermedia_global,(mu+lambda),1.0
EE,ackley,3,1113,9.738876372011873e-13,222830,30,200,n,intermedia_global,(mu+lambda),1.0
EE,ackley,3,1114,9.738876372011873e-13,223030,30,200,n,intermedia_global,(mu+lambda),1.0
EE,ackley,3,1115,9.738876372011873e-13,223230,30,200,n,intermedia_global,(mu+lambda),1.0
EE,ackley,3,1116,9.738876372011873e-13,223430,30,200,n,intermedia_global,(mu+lambda),1.0
EE,ackley,3,1117,9.738876372011873e-13,223630,30,200,n,intermedia_global,(mu+lambda),1.0
EE,ackley,3,1118,9.738876372011873e-13,223830,30,200,n,intermedia_global,(mu+lambda),1.0
EE,ackley,3,1119,9.738876372011873e-13,224030,30,200,n,intermedia_global,(mu+lambda),1.0
EE,ackley,3,1120,9.738876372011873e-13,224230,30,200,n,intermedia_global,(mu+lambda),1.0
EE,ackley,3,1121,9.738876372011873e-13,224430,30,200,n,intermedia_global,(mu+lambda),1.0
EE,ackley,3,1122,9.738876372011873e-13,224630,30,200,n,intermedia_global,(mu+lambda),1.0
EE,ackley,3,1123,9.738876372011873e-13,224830,30,200,n,intermedia_global,(mu+lambda),1.0
EE,ackley,3,1124,9.738876372011873e-13,225030,30,200,n,intermedia_global,(mu+lambda),1.0
EE,ackley,3,1125,9.738876372011873e-13,225230,30,200,n,intermedia_global,(mu+lambda),1.0
EE,ackley,3,1126,9.738876372011873e-13,225430,30,200,n,intermedia_global,(mu+lambda),1.0
EE,ackley,3,1127,9.738876372011873e-13,225630,30,200,n,intermedia_global,(mu+lambda),1.0
EE,ackley,3,1128,9.738876372011873e-13,225830,30,200,n,intermedia_global,(mu+lambda),1.0
EE,ackley,3,1129,9.738876372011873e-13,226030,30,200,n,intermedia_global,(mu+lambda),1.0
EE,ackley,3,1130,9.738876372011873e-13,226230,30,200,n,intermedia_global,(mu+lambda),1.0
EE,ackley,3,1131,9.738876372011873e-13,226430,30,200,n,intermedia_global,(mu+lambda),1.0
EE,ackley,3,1132,9.738876372011873e-13,226630,30,200,n,intermedia_global,(mu+lambda),1.0
EE,ackley,3,1133,9.738876372011873e-13,226830,30,200,n,intermedia_global,(mu+lambda),1.0
EE,ackley,3,1134,9.738876372011873e-13,227030,30,200,n,intermedia_global,(mu+lambda),1.0
EE,ackley,3,1135,9.738876372011873e-13,227230,30,200,n,intermedia_global,(mu+lambda),1.0
EE,ackley,3,1136,9.738876372011873e-13,227430,30,200,n,intermedia_global,(mu+lambda),1.0
EE,ackley,3,1137,9.738876372011873e-13,227630,30,200,n,intermedia_global,(mu+lambda),1.0
EE,ackley,3,1138,9.738876372011873e-13,227830,30,200,n,intermedia_global,(mu+lambda),1.0
EE,ackley,3,1139,9.738876372011873e-13,228030,30,200,n,intermedia_global,(mu+lambda),1.0
EE,ackley,3,1140,9.738876372011873e-13,228230,30,200,n,intermedia_global,(mu+lambda),1.0
EE,ackley,3,1141,9.738876372011873e-13,228430,30,200,n,intermedia_global,(mu+lambda),1.0
EE,ackley,3,1142,9.738876372011873e-13,228630,30,200,n,intermedia_global,(mu+lambda),1.0
EE,ackley,3,1143,9.738876372011873e-13,228830,30,200,n,intermedia_global,(mu+lambda),1.0
EE,ackley,3,1144,9.738876372011873e-13,229030,30,200,n,intermedia_global,(mu+lambda),1.0
EE,ackley,3,1145,9.738876372011873e-13,229230,30,200,n,intermedia_global,(mu+lambda),1.0
EE,ackley,3,1146,9.738876372011873e-13,229430,30,200,n,intermedia_global,(mu+lambda),1.0
EE,ackley,3,1147,9.738876372011873e-13,229630,30,200,n,intermedia_global,(mu+lambda),1.0
EE,ackley,3,1148,9.738876372011873e-13,229830,30,200,n,intermedia_global,(mu+lambda),1.0
EE,ackley,3,1149,9.738876372011873e-13,230030,30,200,n,intermedia_global,(mu+lambda),1.0
EE,ackley,3,1150,9.738876372011873e-13,230230,30,200,n,intermedia_global,(mu+lambda),1.0
EE,ackley,3,1151,9.738876372011873e-13,230430,30,200,n,intermedia_global,(mu+lambda),1.0
EE,ackley,3,1152,9.738876372011873e-13,230630,30,200,n,intermedia_global,(mu+lambda),1.0
EE,ackley,3,1153,9.738876372011873e-13,230830,30,200,n,intermedia_global,(mu+lambda),1.0
EE,ackley,3,1154,9.738876372011873e-13,231030,30,200,n,intermedia_global,(mu+lambda),1.0
EE,ackley,3,1155,9.738876372011873e-13,231230,30,200,n,intermedia_global,(mu+lambda),1.0
EE,ackley,3,1156,9.738876372011873e-13,231430,30,200,n,intermedia_global,(mu+lambda),1.0
EE,ackley,3,1157,9.738876372011873e-13,231630,30,200,n,intermedia_global,(mu+lambda),1.0
EE,ackley,3,1158,9.738876372011873e-13,231830,30,200,n,intermedia_global,(mu+lambda),1.0
EE,ackley,3,1159,9.738876372011873e-13,232030,30,200,n,intermedia_global,(mu+lambda),1.0
EE,ackley,3,1160,9.738876372011873e-13,232230,30,200,n,intermedia_global,(mu+lambda),1.0
EE,ackley,3,1161,9.738876372011873e-13,232430,30,200,n,intermedia_global,(mu+lambda),1.0
EE,ackley,3,1162,9.738876372011873e-13,232630,30,200,n,intermedia_global,(mu+lambda),1.0
EE,ackley,3,1163,9.738876372011873e-13,232830,30,200,n,intermedia_global,(mu+lambda),1.0
EE,ackley,3,1164,9.738876372011873e-13,233030,30,200,n,intermedia_global,(mu+lambda),1.0
EE,ackley,3,1165,9.738876372011873e-13,233230,30,200,n,intermedia_global,(mu+lambda),1.0
EE,ackley,3,1166,9.738876372011873e-13,233430,30,200,n,intermedia_global,(mu+lambda),1.0
EE,ackley,3,1167,9.738876372011873e-13,233630,30,200,n,intermedia_global,(mu+lambda),1.0
EE,ackley,3,1168,9.738876372011873e-13,233830,30,200,n,intermedia_global,(mu+lambda),1.0
EE,ackley,3,1169,9.738876372011873e-13,234030,30,200,n,intermedia_global,(mu+lambda),1.0
EE,ackley,3,1170,9.738876372011873e-13,234230,30,200,n,intermedia_global,(mu+lambda),1.0
EE,ackley,3,1171,9.738876372011873e-13,234430,30,200,n,intermedia_global,(mu+lambda),1.0
EE,ackley,3,1172,9.738876372011873e-13,234630,30,200,n,intermedia_global,(mu+lambda),1.0
EE,ackley,3,1173,9.738876372011873e-13,234830,30,200,n,intermedia_global,(mu+lambda),1.0
EE,ackley,3,1174,9.738876372011873e-13,235030,30,200,n,intermedia_global,(mu+lambda),1.0
EE,ackley,3,1175,9.738876372011873e-13,235230,30,200,n,intermedia_global,(mu+lambda),1.0
EE,ackley,3,1176,9.738876372011873e-13,235430,30,200,n,intermedia_global,(mu+lambda),1.0
EE,ackley,3,1177,9.738876372011873e-13,235630,30,200,n,intermedia_global,(mu+lambda),1.0
EE,ackley,3,1178,9.738876372011873e-13,235830,30,200,n,intermedia_global,(mu+lambda),1.0
EE,ackley,3,1179,9.738876372011873e-13,236030,30,200,n,intermedia_global,(mu+lambda),1.0
EE,ackley,3,1180,9.738876372011873e-13,236230,30,200,n,intermedia_global,(mu+lambda),1.0
EE,ackley,3,1181,9.738876372011873e-13,236430,30,200,n,intermedia_global,(mu+lambda),1.0
EE,ackley,3,1182,9.738876372011873e-13,236630,30,200,n,intermedia_global,(mu+lambda),1.0
EE,ackley,3,1183,9.738876372011873e-13,236830,30,200,n,intermedia_global,(mu+lambda),1.0
EE,ackley,3,1184,9.738876372011873e-13,237030,30,200,n,intermedia_global,(mu+lambda),1.0
EE,ackley,3,1185,9.738876372011873e-13,237230,30,200,n,intermedia_global,(mu+lambda),1.0
EE,ackley,3,1186,9.738876372011873e-13,237430,30,200,n,intermedia_global,(mu+lambda),1.0
EE,ackley,3,1187,9.738876372011873e-13,237630,30,200,n,intermedia_global,(mu+lambda),1.0
EE,ackley,3,1188,9.738876372011873e-13,237830,30,200,n,intermedia_global,(mu+lambda),1.0
EE,ackley,3,1189,9.738876372011873e-13,238030,30,200,n,intermedia_global,(mu+lambda),1.0
EE,ackley,3,1190,9.738876372011873e-13,238230,30,200,n,intermedia_global,(mu+lambda),1.0
EE,ackley,3,1191,9.738876372011873e-13,238430,30,200,n,intermedia_global,(mu+lambda),1.0
EE,ackley,3,1192,9.738876372011873e-13,238630,30,200,n,intermedia_global,(mu+lambda),1.0
EE,ackley,3,1193,9.738876372011873e-13,238830,30,200,n,intermedia_global,(mu+lambda),1.0
EE,ackley,3,1194,9.738876372011873e-13,239030,30,200,n,intermedia_global,(mu+lambda),1.0
EE,ackley,3,1195,9.738876372011873e-13,239230,30,200,n,intermedia_global,(mu+lambda),1.0
EE,ackley,3,1196,9.738876372011873e-13,239430,30,200,n,intermedia_global,(mu+lambda),1.0
EE,ackley,3,1197,9.738876372011873e-13,239630,30,200,n,intermedia_global,(mu+lambda),1.0
EE,ackley,3,1198,9.738876372011873e-13,239830,30,200,n,intermedia_global,(mu+lambda),1.0
EE,ackley,3,1199,9.738876372011873e-13,240030,30,200,n,intermedia_global,(mu+lambda),1.0
EE,ackley,4,0,9.76228070052708,230,30,200,n,intermedia_global,(mu+lambda),1.0
EE,ackley,4,1,9.458398395625991,430,30,200,n,intermedia_global,(mu+lambda),1.0
EE,ackley,4,2,8.049391578006995,630,30,200,n,intermedia_global,(mu+lambda),1.0
EE,ackley,4,3,6.892940673012443,830,30,200,n,intermedia_global,(mu+lambda),1.0
EE,ackley,4,4,5.430428108812222,1030,30,200,n,intermedia_global,(mu+lambda),1.0
EE,ackley,4,5,4.056934598001384,1230,30,200,n,intermedia_global,(mu+lambda),1.0
EE,ackley,4,6,4.056934598001384,1430,30,200,n,intermedia_global,(mu+lambda),1.0
EE,ackley,4,7,3.022117338161,1630,30,200,n,intermedia_global,(mu+lambda),1.0
EE,ackley,4,8,2.7514011687088353,1830,30,200,n,intermedia_global,(mu+lambda),1.0
EE,ackley,4,9,2.7514011687088353,2030,30,200,n,intermedia_global,(mu+lambda),1.0
EE,ackley,4,10,2.570672085244866,2230,30,200,n,intermedia_global,(mu+lambda),1.0
EE,ackley,4,11,2.2622929570443273,2430,30,200,n,intermedia_global,(mu+lambda),1.0
EE,ackley,4,12,2.2290359333755743,2630,30,200,n,intermedia_global,(mu+lambda),1.0
EE,ackley,4,13,1.5541712739262548,2830,30,200,n,intermedia_global,(mu+lambda),1.0
EE,ackley,4,14,1.5541712739262548,3030,30,200,n,intermedia_global,(mu+lambda),1.0
EE,ackley,4,15,1.5541712739262548,3230,30,200,n,intermedia_global,(mu+lambda),1.0
EE,ackley,4,16,1.088140800335371,3430,30,200,n,intermedia_global,(mu+lambda),1.0
EE,ackley,4,17,1.088140800335371,3630,30,200,n,intermedia_global,(mu+lambda),1.0
EE,ackley,4,18,1.088140800335371,3830,30,200,n,intermedia_global,(mu+lambda),1.0
EE,ackley,4,19,0.7635749898552153,4030,30,200,n,intermedia_global,(mu+lambda),1.0
EE,ackley,4,20,0.7635749898552153,4230,30,200,n,intermedia_global,(mu+lambda),1.0
EE,ackley,4,21,0.7635749898552153,4430,30,200,n,intermedia_global,(mu+lambda),1.0
EE,ackley,4,22,0.7635749898552153,4630,30,200,n,intermedia_global,(mu+lambda),1.0
EE,ackley,4,23,0.44706967507711015,4830,30,200,n,intermedia_global,(mu+lambda),1.0
EE,ackley,4,24,0.43970939883004023,5030,30,200,n,intermedia_global,(mu+lambda),1.0
EE,ackley,4,25,0.43970939883004023,5230,30,200,n,intermedia_global,(mu+lambda),1.0
EE,ackley,4,26,0.33862880787862837,5430,30,200,n,intermedia_global,(mu+lambda),1.0
EE,ackley,4,27,0.33862880787862837,5630,30,200,n,intermedia_global,(mu+lambda),1.0
EE,ackley,4,28,0.33862880787862837,5830,30,200,n,intermedia_global,(mu+lambda),1.0
EE,ackley,4,29,0.2853183076428114,6030,30,200,n,intermedia_global,(mu+lambda),1.0
EE,ackley,4,30,0.2379771669592725,6230,30,200,n,intermedia_global,(mu+lambda),1.0
EE,ackley,4,31,0.1716171645184379,6430,30,200,n,intermedia_global,(mu+lambda),1.0
EE,ackley,4,32,0.1273915473381213,6630,30,200,n,intermedia_global,(mu+lambda),1.0
EE,ackley,4,33,0.1273915473381213,6830,30,200,n,intermedia_global,(mu+lambda),1.0
EE,ackley,4,34,0.1273915473381213,7030,30,200,n,intermedia_global,(mu+lambda),1.0
EE,ackley,4,35,0.10510507775768874,7230,30,200,n,intermedia_global,(mu+lambda),1.0
EE,ackley,4,36,0.0773291177848816,7430,30,200,n,intermedia_global,(mu+lambda),1.0
EE,ackley,4,37,0.05608902365823143,7630,30,200,n,intermedia_global,(mu+lambda),1.0
EE,ackley,4,38,0.05608902365823143,7830,30,200,n,intermedia_global,(mu+lambda),1.0
EE,ackley,4,39,0.05387084659810215,8030,30,200,n,intermedia_global,(mu+lambda),1.0
EE,ackley,4,40,0.05209928354112181,8230,30,200,n,intermedia_global,(mu+lambda),1.0
EE,ackley,4,41,0.030833012265635507,8430,30,200,n,intermedia_global,(mu+lambda),1.0
EE,ackley,4,42,0.024993886594355974,8630,30,200,n,intermedia_global,(mu+lambda),1.0
EE,ackley,4,43,0.024993886594355974,8830,30,200,n,intermedia_global,(mu+lambda),1.0
EE,ackley,4,44,0.020669576291876712,9030,30,200,n,intermedia_global,(mu+lambda),1.0
EE,ackley,4,45,0.018334883388306356,9230,30,200,n,intermedia_global,(mu+lambda),1.0
EE,ackley,4,46,0.015659778037932615,9430,30,200,n,intermedia_global,(mu+lambda),1.0
EE,ackley,4,47,0.014261500592564591,9630,30,200,n,intermedia_global,(mu+lambda),1.0
EE,ackley,4,48,0.012040128545003359,9830,30,200,n,intermedia_global,(mu+lambda),1.0
EE,ackley,4,49,0.011213338993492972,10030,30,200,n,intermedia_global,(mu+lambda),1.0
EE,ackley,4,50,0.00908728405614001,10230,30,200,n,intermedia_global,(mu+lambda),1.0
EE,ackley,4,51,0.00908728405614001,10430,30,200,n,intermedia_global,(mu+lambda),1.0
EE,ackley,4,52,0.004631951135451562,10630,30,200,n,intermedia_global,(mu+lambda),1.0
EE,ackley,4,53,0.004631951135451562,10830,30,200,n,intermedia_global,(mu+lambda),1.0
EE,ackley,4,54,0.004631951135451562,11030,30,200,n,intermedia_global,(mu+lambda),1.0
EE,ackley,4,55,0.004048161403436001,11230,30,200,n,intermedia_global,(mu+lambda),1.0
EE,ackley,4,56,0.0026804190031382014,11430,30,200,n,intermedia_global,(mu+lambda),1.0
EE,ackley,4,57,0.0026804190031382014,11630,30,200,n,intermedia_global,(mu+lambda),1.0
EE,ackley,4,58,0.0026804190031382014,11830,30,200,n,intermedia_global,(mu+lambda),1.0
EE,ackley,4,59,0.0026804190031382014,12030,30,200,n,intermedia_global,(mu+lambda),1.0
EE,ackley,4,60,0.002641556993804972,12230,30,200,n,intermedia_global,(mu+lambda),1.0
EE,ackley,4,61,0.0019203991718765856,12430,30,200,n,intermedia_global,(mu+lambda),1.0
EE,ackley,4,62,0.0018002680545881056,12630,30,200,n,intermedia_global,(mu+lambda),1.0
EE,ackley,4,63,0.001630781509508683,12830,30,200,n,intermedia_global,(mu+lambda),1.0
EE,ackley,4,64,0.0012100341916121415,13030,30,200,n,intermedia_global,(mu+lambda),1.0
EE,ackley,4,65,0.0012100341916121415,13230,30,200,n,intermedia_global,(mu+lambda),1.0
EE,ackley,4,66,0.0012100341916121415,13430,30,200,n,intermedia_global,(mu+lambda),1.0
EE,ackley,4,67,0.0007372132628664652,13630,30,200,n,intermedia_global,(mu+lambda),1.0
EE,ackley,4,68,0.0007372132628664652,13830,30,200,n,intermedia_global,(mu+lambda),1.0
EE,ackley,4,69,0.0007372132628664652,14030,30,200,n,intermedia_global,(mu+lambda),1.0
EE,ackley,4,70,0.0007372132628664652,14230,30,200,n,intermedia_global,(mu+lambda),1.0
EE,ackley,4,71,0.0007155332981167994,14430,30,200,n,intermedia_global,(mu+lambda),1.0
EE,ackley,4,72,0.0004473137733893573,14630,30,200,n,intermedia_global,(mu+lambda),1.0
EE,ackley,4,73,0.0004473137733893573,14830,30,200,n,intermedia_global,(mu+lambda),1.0
EE,ackley,4,74,0.0004473137733893573,15030,30,200,n,intermedia_global,(mu+lambda),1.0
EE,ackley,4,75,0.0003013445598196718,15230,30,200,n,intermedia_global,(mu+lambda),1.0
EE,ackley,4,76,0.0003013445598196718,15430,30,200,n,intermedia_global,(mu+lambda),1.0
EE,ackley,4,77,0.00021473666091553767,15630,30,200,n,intermedia_global,(mu+lambda),1.0
EE,ackley,4,78,0.00021473666091553767,15830,30,200,n,intermedia_global,(mu+lambda),1.0
EE,ackley,4,79,0.0001942618878101321,16030,30,200,n,intermedia_global,(mu+lambda),1.0
EE,ackley,4,80,0.00015931947565350768,16230,30,200,n,intermedia_global,(mu+lambda),1.0
EE,ackley,4,81,0.00014535337299692586,16430,30,200,n,intermedia_global,(mu+lambda),1.0
EE,ackley,4,82,9.65535491670444e-05,16630,30,200,n,intermedia_global,(mu+lambda),1.0
EE,ackley,4,83,6.0150565435623804e-05,16830,30,200,n,intermedia_global,(mu+lambda),1.0
EE,ackley,4,84,6.0150565435623804e-05,17030,30,200,n,intermedia_global,(mu+lambda),1.0
EE,ackley,4,85,6.0150565435623804e-05,17230,30,200,n,intermedia_global,(mu+lambda),1.0
EE,ackley,4,86,6.0150565435623804e-05,17430,30,200,n,intermedia_global,(mu+lambda),1.0
EE,ackley,4,87,6.0150565435623804e-05,17630,30,200,n,intermedia_global,(mu+lambda),1.0
EE,ackley,4,88,3.661824207457087e-05,17830,30,200,n,intermedia_global,(mu+lambda),1.0
EE,ackley,4,89,3.0296183887390526e-05,18030,30,200,n,intermedia_global,(mu+lambda),1.0
EE,ackley,4,90,3.0296183887390526e-05,18230,30,200,n,intermedia_global,(mu+lambda),1.0
EE,ackley,4,91,3.0067638750796988e-05,18430,30,200,n,intermedia_global,(mu+lambda),1.0
EE,ackley,4,92,1.5001490578203658e-05,18630,30,200,n,intermedia_global,(mu+lambda),1.0
EE,ackley,4,93,1.5001490578203658e-05,18830,30,200,n,intermedia_global,(mu+lambda),1.0
EE,ackley,4,94,1.5001490578203658e-05,19030,30,200,n,intermedia_global,(mu+lambda),1.0
EE,ackley,4,95,1.5001490578203658e-05,19230,30,200,n,intermedia_global,(mu+lambda),1.0
EE,ackley,4,96,1.5001490578203658e-05,19430,30,200,n,intermedia_global,(mu+lambda),1.0
EE,ackley,4,97,1.022106184978e-05,19630,30,200,n,intermedia_global,(mu+lambda),1.0
EE,ackley,4,98,1.022106184978e-05,19830,30,200,n,intermedia_global,(mu+lambda),1.0
EE,ackley,4,99,1.022106184978e-05,20030,30,200,n,intermedia_global,(mu+lambda),1.0
EE,ackley,4,100,1.022106184978e-05,20230,30,200,n,intermedia_global,(mu+lambda),1.0
EE,ackley,4,101,1.022106184978e-05,20430,30,200,n,intermedia_global,(mu+lambda),1.0
EE,ackley,4,102,1.022106184978e-05,20630,30,200,n,intermedia_global,(mu+lambda),1.0
EE,ackley,4,103,9.568034489593202e-06,20830,30,200,n,intermedia_global,(mu+lambda),1.0
EE,ackley,4,104,7.495353362418911e-06,21030,30,200,n,intermedia_global,(mu+lambda),1.0
EE,ackley,4,105,7.495353362418911e-06,21230,30,200,n,intermedia_global,(mu+lambda),1.0
EE,ackley,4,106,7.495353362418911e-06,21430,30,200,n,intermedia_global,(mu+lambda),1.0
EE,ackley,4,107,7.028048756740901e-06,21630,30,200,n,intermedia_global,(mu+lambda),1.0
EE,ackley,4,108,4.24932615361584e-06,21830,30,200,n,intermedia_global,(mu+lambda),1.0
EE,ackley,4,109,4.24932615361584e-06,22030,30,200,n,intermedia_global,(mu+lambda),1.0
EE,ackley,4,110,4.24932615361584e-06,22230,30,200,n,intermedia_global,(mu+lambda),1.0
EE,ackley,4,111,4.24932615361584e-06,22430,30,200,n,intermedia_global,(mu+lambda),1.0
EE,ackley,4,112,3.991283787474487e-06,22630,30,200,n,intermedia_global,(mu+lambda),1.0
EE,ackley,4,113,2.980738493807422e-06,22830,30,200,n,intermedia_global,(mu+lambda),1.0
EE,ackley,4,114,2.96282540235282e-06,23030,30,200,n,intermedia_global,(mu+lambda),1.0
EE,ackley,4,115,2.96282540235282e-06,23230,30,200,n,intermedia_global,(mu+lambda),1.0
EE,ackley,4,116,2.513049377927956e-06,23430,30,200,n,intermedia_global,(mu+lambda),1.0
EE,ackley,4,117,2.493207909015638e-06,23630,30,200,n,intermedia_global,(mu+lambda),1.0
EE,ackley,4,118,1.3778415319798398e-06,23830,30,200,n,intermedia_global,(mu+lambda),1.0
EE,ackley,4,119,1.3778415319798398e-06,24030,30,200,n,intermedia_global,(mu+lambda),1.0
EE,ackley,4,120,1.3778415319798398e-06,24230,30,200,n,intermedia_global,(mu+lambda),1.0
EE,ackley,4,121,1.302897626676014e-06,24430,30,200,n,intermedia_global,(mu+lambda),1.0
EE,ackley,4,122,1.302897626676014e-06,24630,30,200,n,intermedia_global,(mu+lambda),1.0
EE,ackley,4,123,1.14255840744093e-06,24830,30,200,n,intermedia_global,(mu+lambda),1.0
EE,ackley,4,124,8.875448114231688e-07,25030,30,200,n,intermedia_global,(mu+lambda),1.0
EE,ackley,4,125,8.875448114231688e-07,25230,30,200,n,intermedia_global,(mu+lambda),1.0
EE,ackley,4,126,8.875448114231688e-07,25430,30,200,n,intermedia_global,(mu+lambda),1.0
EE,ackley,4,127,8.490473430988743e-07,25630,30,200,n,intermedia_global,(mu+lambda),1.0
EE,ackley,4,128,8.490473430988743e-07,25830,30,200,n,intermedia_global,(mu+lambda),1.0
EE,ackley,4,129,7.215521979908601e-07,26030,30,200,n,intermedia_global,(mu+lambda),1.0
EE,ackley,4,130,6.10757564079023e-07,26230,30,200,n,intermedia_global,(mu+lambda),1.0
EE,ackley,4,131,5.137863898774242e-07,26430,30,200,n,intermedia_global,(mu+lambda),1.0
EE,ackley,4,132,4.877631849531383e-07,26630,30,200,n,intermedia_global,(mu+lambda),1.0
EE,ackley,4,133,4.11667592903342e-07,26830,30,200,n,intermedia_global,(mu+lambda),1.0
EE,ackley,4,134,2.880823974926727e-07,27030,30,200,n,intermedia_global,(mu+lambda),1.0
EE,ackley,4,135,2.880823974926727e-07,27230,30,200,n,intermedia_global,(mu+lambda),1.0
EE,ackley,4,136,2.880823974926727e-07,27430,30,200,n,intermedia_global,(mu+lambda),1.0
EE,ackley,4,137,1.8428335879505653e-07,27630,30,200,n,intermedia_global,(mu+lambda),1.0
EE,ackley,4,138,1.8428335879505653e-07,27830,30,200,n,intermedia_global,(mu+lambda),1.0
EE,ackley,4,139,1.8428335879505653e-07,28030,30,200,n,intermedia_global,(mu+lambda),1.0
EE,ackley,4,140,1.6819258918943092e-07,28230,30,200,n,intermedia_global,(mu+lambda),1.0
EE,ackley,4,141,1.3901449280595557e-07,28430,30,200,n,intermedia_global,(mu+lambda),1.0
EE,ackley,4,142,1.1621929418836885e-07,28630,30,200,n,intermedia_global,(mu+lambda),1.0
EE,ackley,4,143,1.1621929418836885e-07,28830,30,200,n,intermedia_global,(mu+lambda),1.0
EE,ackley,4,144,7.275961566577394e-08,29030,30,200,n,intermedia_global,(mu+lambda),1.0
EE,ackley,4,145,7.275961566577394e-08,29230,30,200,n,intermedia_global,(mu+lambda),1.0
EE,ackley,4,146,7.275961566577394e-08,29430,30,200,n,intermedia_global,(mu+lambda),1.0
EE,ackley,4,147,6.828277365755753e-08,29630,30,200,n,intermedia_global,(mu+lambda),1.0
EE,ackley,4,148,5.902632738141733e-08,29830,30,200,n,intermedia_global,(mu+lambda),1.0
EE,ackley,4,149,3.825436722948439e-08,30030,30,200,n,intermedia_global,(mu+lambda),1.0
EE,ackley,4,150,3.825436722948439e-08,30230,30,200,n,intermedia_global,(mu+lambda),1.0
EE,ackley,4,151,3.825436722948439e-08,30430,30,200,n,intermedia_global,(mu+lambda),1.0
EE,ackley,4,152,3.825436722948439e-08,30630,30,200,n,intermedia_global,(mu+lambda),1.0
EE,ackley,4,153,2.2784526709784814e-08,30830,30,200,n,intermedia_global,(mu+lambda),1.0
EE,ackley,4,154,2.2784526709784814e-08,31030,30,200,n,intermedia_global,(mu+lambda),1.0
EE,ackley,4,155,2.2784526709784814e-08,31230,30,200,n,intermedia_global,(mu+lambda),1.0
EE,ackley,4,156,2.2784526709784814e-08,31430,30,200,n,intermedia_global,(mu+lambda),1.0
EE,ackley,4,157,2.203744786655193e-08,31630,30,200,n,intermedia_global,(mu+lambda),1.0
EE,ackley,4,158,1.8023801562350172e-08,31830,30,200,n,intermedia_global,(mu+lambda),1.0
EE,ackley,4,159,1.8023801562350172e-08,32030,30,200,n,intermedia_global,(mu+lambda),1.0
EE,ackley,4,160,1.4498806155671673e-08,32230,30,200,n,intermedia_global,(mu+lambda),1.0
EE,ackley,4,161,1.3560808032053728e-08,32430,30,200,n,intermedia_global,(mu+lambda),1.0
EE,ackley,4,162,1.1369124752746984e-08,32630,30,200,n,intermedia_global,(mu+lambda),1.0
EE,ackley,4,163,8.502525350451151e-09,32830,30,200,n,intermedia_global,(mu+lambda),1.0
EE,ackley,4,164,8.502525350451151e-09,33030,30,200,n,intermedia_global,(mu+lambda),1.0
EE,ackley,4,165,5.86990411832744e-09,33230,30,200,n,intermedia_global,(mu+lambda),1.0
EE,ackley,4,166,5.397268854068216e-09,33430,30,200,n,intermedia_global,(mu+lambda),1.0
EE,ackley,4,167,5.397268854068216e-09,33630,30,200,n,intermedia_global,(mu+lambda),1.0
EE,ackley,4,168,5.001276282001754e-09,33830,30,200,n,intermedia_global,(mu+lambda),1.0
EE,ackley,4,169,4.899466166108368e-09,34030,30,200,n,intermedia_global,(mu+lambda),1.0
EE,ackley,4,170,3.3243598984711298e-09,34230,30,200,n,intermedia_global,(mu+lambda),1.0
EE,ackley,4,171,2.8236830651451328e-09,34430,30,200,n,intermedia_global,(mu+lambda),1.0
EE,ackley,4,172,2.8236830651451328e-09,34630,30,200,n,intermedia_global,(mu+lambda),1.0
EE,ackley,4,173,2.5412671966762446e-09,34830,30,200,n,intermedia_global,(mu+lambda),1.0
EE,ackley,4,174,1.9618302538049193e-09,35030,30,200,n,intermedia_global,(mu+lambda),1.0
EE,ackley,4,175,1.9618302538049193e-09,35230,30,200,n,intermedia_global,(mu+lambda),1.0
EE,ackley,4,176,1.8927512890343223e-09,35430,30,200,n,intermedia_global,(mu+lambda),1.0
EE,ackley,4,177,1.7285235465180904e-09,35630,30,200,n,intermedia_global,(mu+lambda),1.0
EE,ackley,4,178,1.6894898813291093e-09,35830,30,200,n,intermedia_global,(mu+lambda),1.0
EE,ackley,4,179,1.4373786605403893e-09,36030,30,200,n,intermedia_global,(mu+lambda),1.0
EE,ackley,4,180,1.4288414895702317e-09,36230,30,200,n,intermedia_global,(mu+lambda),1.0
EE,ackley,4,181,1.4288414895702317e-09,36430,30,200,n,intermedia_global,(mu+lambda),1.0
EE,ackley,4,182,1.0092127133987105e-09,36630,30,200,n,intermedia_global,(mu+lambda),1.0
EE,ackley,4,183,6.771156968454761e-10,36830,30,200,n,intermedia_global,(mu+lambda),1.0
EE,ackley,4,184,6.596647672552081e-10,37030,30,200,n,intermedia_global,(mu+lambda),1.0
EE,ackley,4,185,5.703069128060179e-10,37230,30,200,n,intermedia_global,(mu+lambda),1.0
EE,ackley,4,186,5.703069128060179e-10,37430,30,200,n,intermedia_global,(mu+lambda),1.0
EE,ackley,4,187,5.703069128060179e-10,37630,30,200,n,intermedia_global,(mu+lambda),1.0
EE,ackley,4,188,5.703069128060179e-10,37830,30,200,n,intermedia_global,(mu+lambda),1.0
EE,ackley,4,189,3.4740610388439563e-10,38030,30,200,n,intermedia_global,(mu+lambda),1.0
EE,ackley,4,190,3.4740610388439563e-10,38230,30,200,n,intermedia_global,(mu+lambda),1.0
EE,ackley,4,191,3.4740610388439563e-10,38430,30,200,n,intermedia_global,(mu+lambda),1.0
EE,ackley,4,192,3.407341075956083e-10,38630,30,200,n,intermedia_global,(mu+lambda),1.0
EE,ackley,4,193,2.420610378806032e-10,38830,30,200,n,intermedia_global,(mu+lambda),1.0
EE,ackley,4,194,1.9580470578262066e-10,39030,30,200,n,intermedia_global,(mu+lambda),1.0
EE,ackley,4,195,1.9580470578262066e-10,39230,30,200,n,intermedia_global,(mu+lambda),1.0
EE,ackley,4,196,1.4775780599052268e-10,39430,30,200,n,intermedia_global,(mu+lambda),1.0
EE,ackley,4,197,1.4775780599052268e-10,39630,30,200,n,intermedia_global,(mu+lambda),1.0
EE,ackley,4,198,1.344422351223784e-10,39830,30,200,n,intermedia_global,(mu+lambda),1.0
EE,ackley,4,199,1.2601164556258482e-10,40030,30,200,n,intermedia_global,(mu+lambda),1.0
EE,ackley,4,200,9.363221309399705e-11,40230,30,200,n,intermedia_global,(mu+lambda),1.0
EE,ackley,4,201,4.325828584228475e-11,40430,30,200,n,intermedia_global,(mu+lambda),1.0
EE,ackley,4,202,4.325828584228475e-11,40630,30,200,n,intermedia_global,(mu+lambda),1.0
EE,ackley,4,203,4.325828584228475e-11,40830,30,200,n,intermedia_global,(mu+lambda),1.0
EE,ackley,4,204,4.325828584228475e-11,41030,30,200,n,intermedia_global,(mu+lambda),1.0
EE,ackley,4,205,4.325828584228475e-11,41230,30,200,n,intermedia_global,(mu+lambda),1.0
EE,ackley,4,206,4.325828584228475e-11,41430,30,200,n,intermedia_global,(mu+lambda),1.0
EE,ackley,4,207,3.5932590236598116e-11,41630,30,200,n,intermedia_global,(mu+lambda),1.0
EE,ackley,4,208,3.5932590236598116e-11,41830,30,200,n,intermedia_global,(mu+lambda),1.0
EE,ackley,4,209,3.3300029400606945e-11,42030,30,200,n,intermedia_global,(mu+lambda),1.0
EE,ackley,4,210,3.162670125789191e-11,42230,30,200,n,intermedia_global,(mu+lambda),1.0
EE,ackley,4,211,1.7618351222381534e-11,42430,30,200,n,intermedia_global,(mu+lambda),1.0
EE,ackley,4,212,1.7618351222381534e-11,42630,30,200,n,intermedia_global,(mu+lambda),1.0
EE,ackley,4,213,1.7618351222381534e-11,42830,30,200,n,intermedia_global,(mu+lambda),1.0
EE,ackley,4,214,1.2708500918279242e-11,43030,30,200,n,intermedia_global,(mu+lambda),1.0
EE,ackley,4,215,1.2708500918279242e-11,43230,30,200,n,intermedia_global,(mu+lambda),1.0
EE,ackley,4,216,1.2708500918279242e-11,43430,30,200,n,intermedia_global,(mu+lambda),1.0
EE,ackley,4,217,8.910649995641506e-12,43630,30,200,n,intermedia_global,(mu+lambda),1.0
EE,ackley,4,218,8.910649995641506e-12,43830,30,200,n,intermedia_global,(mu+lambda),1.0
EE,ackley,4,219,8.910649995641506e-12,44030,30,200,n,intermedia_global,(mu+lambda),1.0
EE,ackley,4,220,7.02060631851964e-12,44230,30,200,n,intermedia_global,(mu+lambda),1.0
EE,ackley,4,221,7.02060631851964e-12,44430,30,200,n,intermedia_global,(mu+lambda),1.0
EE,ackley,4,222,6.512568262451168e-12,44630,30,200,n,intermedia_global,(mu+lambda),1.0
EE,ackley,4,223,5.4289905904170155e-12,44830,30,200,n,intermedia_global,(mu+lambda),1.0
EE,ackley,4,224,4.881872683881738e-12,45030,30,200,n,intermedia_global,(mu+lambda),1.0
EE,ackley,4,225,4.881872683881738e-12,45230,30,200,n,intermedia_global,(mu+lambda),1.0
EE,ackley,4,226,4.39870362356487e-12,45430,30,200,n,intermedia_global,(mu+lambda),1.0
EE,ackley,4,227,3.3009150968155154e-12,45630,30,200,n,intermedia_global,(mu+lambda),1.0
EE,ackley,4,228,3.3009150968155154e-12,45830,30,200,n,intermedia_global,(mu+lambda),1.0
EE,ackley,4,229,3.3009150968155154e-12,46030,30,200,n,intermedia_global,(mu+lambda),1.0
EE,ackley,4,230,3.276046101063912e-12,46230,30,200,n,intermedia_global,(mu+lambda),1.0
EE,ackley,4,231,3.04867242562068e-12,46430,30,200,n,intermedia_global,(mu+lambda),1.0
EE,ackley,4,232,2.885247596395857e-12,46630,30,200,n,intermedia_global,(mu+lambda),1.0
EE,ackley,4,233,2.2173374247813626e-12,46830,30,200,n,intermedia_global,(mu+lambda),1.0
EE,ackley,4,234,2.2173374247813626e-12,47030,30,200,n,intermedia_global,(mu+lambda),1.0
EE,ackley,4,235,2.2173374247813626e-12,47230,30,200,n,intermedia_global,(mu+lambda),1.0
EE,ackley,4,236,2.2173374247813626e-12,47430,30,200,n,intermedia_global,(mu+lambda),1.0
EE,ackley,4,237,1.7483792191796965e-12,47630,30,200,n,intermedia_global,(mu+lambda),1.0
EE,ackley,4,238,1.7483792191796965e-12,47830,30,200,n,intermedia_global,(mu+lambda),1.0
EE,ackley,4,239,1.7483792191796965e-12,48030,30,200,n,intermedia_global,(mu+lambda),1.0
EE,ackley,4,240,1.7483792191796965e-12,48230,30,200,n,intermedia_global,(mu+lambda),1.0
EE,ackley,4,241,1.7483792191796965e-12,48430,30,200,n,intermedia_global,(mu+lambda),1.0
EE,ackley,4,242,1.7483792191796965e-12,48630,30,200,n,intermedia_global,(mu+lambda),1.0
EE,ackley,4,243,1.7483792191796965e-12,48830,30,200,n,intermedia_global,(mu+lambda),1.0
EE,ackley,4,244,1.7483792191796965e-12,49030,30,200,n,intermedia_global,(mu+lambda),1.0
EE,ackley,4,245,1.7483792191796965e-12,49230,30,200,n,intermedia_global,(mu+lambda),1.0
EE,ackley,4,246,1.4925838343060605e-12,49430,30,200,n,intermedia_global,(mu+lambda),1.0
EE,ackley,4,247,1.4925838343060605e-12,49630,30,200,n,intermedia_global,(mu+lambda),1.0
EE,ackley,4,248,1.4925838343060605e-12,49830,30,200,n,intermedia_global,(mu+lambda),1.0
EE,ackley,4,249,1.4925838343060605e-12,50030,30,200,n,intermedia_global,(mu+lambda),1.0
EE,ackley,4,250,1.4925838343060605e-12,50230,30,200,n,intermedia_global,(mu+lambda),1.0
EE,ackley,4,251,1.4925838343060605e-12,50430,30,200,n,intermedia_global,(mu+lambda),1.0
EE,ackley,4,252,1.4925838343060605e-12,50630,30,200,n,intermedia_global,(mu+lambda),1.0
EE,ackley,4,253,1.4925838343060605e-12,50830,30,200,n,intermedia_global,(mu+lambda),1.0
EE,ackley,4,254,1.4925838343060605e-12,51030,30,200,n,intermedia_global,(mu+lambda),1.0
EE,ackley,4,255,1.4925838343060605e-12,51230,30,200,n,intermedia_global,(mu+lambda),1.0
EE,ackley,4,256,1.4925838343060605e-12,51430,30,200,n,intermedia_global,(mu+lambda),1.0
EE,ackley,4,257,1.4925838343060605e-12,51630,30,200,n,intermedia_global,(mu+lambda),1.0
EE,ackley,4,258,1.4925838343060605e-12,51830,30,200,n,intermedia_global,(mu+lambda),1.0
EE,ackley,4,259,1.4925838343060605e-12,52030,30,200,n,intermedia_global,(mu+lambda),1.0
EE,ackley,4,260,1.4712675522332574e-12,52230,30,200,n,intermedia_global,(mu+lambda),1.0
EE,ackley,4,261,1.4712675522332574e-12,52430,30,200,n,intermedia_global,(mu+lambda),1.0
EE,ackley,4,262,1.4712675522332574e-12,52630,30,200,n,intermedia_global,(mu+lambda),1.0
EE,ackley,4,263,1.4712675522332574e-12,52830,30,200,n,intermedia_global,(mu+lambda),1.0
EE,ackley,4,264,1.4712675522332574e-12,53030,30,200,n,intermedia_global,(mu+lambda),1.0
EE,ackley,4,265,1.4712675522332574e-12,53230,30,200,n,intermedia_global,(mu+lambda),1.0
EE,ackley,4,266,1.4712675522332574e-12,53430,30,200,n,intermedia_global,(mu+lambda),1.0
EE,ackley,4,267,1.4712675522332574e-12,53630,30,200,n,intermedia_global,(mu+lambda),1.0
EE,ackley,4,268,1.4712675522332574e-12,53830,30,200,n,intermedia_global,(mu+lambda),1.0
EE,ackley,4,269,1.4712675522332574e-12,54030,30,200,n,intermedia_global,(mu+lambda),1.0
EE,ackley,4,270,1.4712675522332574e-12,54230,30,200,n,intermedia_global,(mu+lambda),1.0
EE,ackley,4,271,1.4712675522332574e-12,54430,30,200,n,intermedia_global,(mu+lambda),1.0
EE,ackley,4,272,1.4712675522332574e-12,54630,30,200,n,intermedia_global,(mu+lambda),1.0
EE,ackley,4,273,1.4712675522332574e-12,54830,30,200,n,intermedia_global,(mu+lambda),1.0
EE,ackley,4,274,1.4712675522332574e-12,55030,30,200,n,intermedia_global,(mu+lambda),1.0
EE,ackley,4,275,1.4712675522332574e-12,55230,30,200,n,intermedia_global,(mu+lambda),1.0
EE,ackley,4,276,1.4712675522332574e-12,55430,30,200,n,intermedia_global,(mu+lambda),1.0
EE,ackley,4,277,1.4712675522332574e-12,55630,30,200,n,intermedia_global,(mu+lambda),1.0
EE,ackley,4,278,1.4712675522332574e-12,55830,30,200,n,intermedia_global,(mu+lambda),1.0
EE,ackley,4,279,1.4712675522332574e-12,56030,30,200,n,intermedia_global,(mu+lambda),1.0
EE,ackley,4,280,1.4712675522332574e-12,56230,30,200,n,intermedia_global,(mu+lambda),1.0
EE,ackley,4,281,1.4712675522332574e-12,56430,30,200,n,intermedia_global,(mu+lambda),1.0
EE,ackley,4,282,1.4712675522332574e-12,56630,30,200,n,intermedia_global,(mu+lambda),1.0
EE,ackley,4,283,1.4712675522332574e-12,56830,30,200,n,intermedia_global,(mu+lambda),1.0
EE,ackley,4,284,1.4712675522332574e-12,57030,30,200,n,intermedia_global,(mu+lambda),1.0
EE,ackley,4,285,1.4712675522332574e-12,57230,30,200,n,intermedia_global,(mu+lambda),1.0
EE,ackley,4,286,1.4712675522332574e-12,57430,30,200,n,intermedia_global,(mu+lambda),1.0
EE,ackley,4,287,1.4712675522332574e-12,57630,30,200,n,intermedia_global,(mu+lambda),1.0
EE,ackley,4,288,1.4712675522332574e-12,57830,30,200,n,intermedia_global,(mu+lambda),1.0
EE,ackley,4,289,1.4712675522332574e-12,58030,30,200,n,intermedia_global,(mu+lambda),1.0
EE,ackley,4,290,1.4712675522332574e-12,58230,30,200,n,intermedia_global,(mu+lambda),1.0
EE,ackley,4,291,1.4712675522332574e-12,58430,30,200,n,intermedia_global,(mu+lambda),1.0
EE,ackley,4,292,1.4712675522332574e-12,58630,30,200,n,intermedia_global,(mu+lambda),1.0
EE,ackley,4,293,1.4712675522332574e-12,58830,30,200,n,intermedia_global,(mu+lambda),1.0
EE,ackley,4,294,1.4712675522332574e-12,59030,30,200,n,intermedia_global,(mu+lambda),1.0
EE,ackley,4,295,1.4712675522332574e-12,59230,30,200,n,intermedia_global,(mu+lambda),1.0
EE,ackley,4,296,1.4712675522332574e-12,59430,30,200,n,intermedia_global,(mu+lambda),1.0
EE,ackley,4,297,1.4712675522332574e-12,59630,30,200,n,intermedia_global,(mu+lambda),1.0
EE,ackley,4,298,1.4712675522332574e-12,59830,30,200,n,intermedia_global,(mu+lambda),1.0
EE,ackley,4,299,1.4712675522332574e-12,60030,30,200,n,intermedia_global,(mu+lambda),1.0
EE,ackley,4,300,1.4712675522332574e-12,60230,30,200,n,intermedia_global,(mu+lambda),1.0
EE,ackley,4,301,1.4712675522332574e-12,60430,30,200,n,intermedia_global,(mu+lambda),1.0
EE,ackley,4,302,1.4712675522332574e-12,60630,30,200,n,intermedia_global,(mu+lambda),1.0
EE,ackley,4,303,1.4712675522332574e-12,60830,30,200,n,intermedia_global,(mu+lambda),1.0
EE,ackley,4,304,1.4712675522332574e-12,61030,30,200,n,intermedia_global,(mu+lambda),1.0
EE,ackley,4,305,1.4712675522332574e-12,61230,30,200,n,intermedia_global,(mu+lambda),1.0
EE,ackley,4,306,1.4712675522332574e-12,61430,30,200,n,intermedia_global,(mu+lambda),1.0
EE,ackley,4,307,1.0875744749228033e-12,61630,30,200,n,intermedia_global,(mu+lambda),1.0
EE,ackley,4,308,1.0875744749228033e-12,61830,30,200,n,intermedia_global,(mu+lambda),1.0
EE,ackley,4,309,1.0875744749228033e-12,62030,30,200,n,intermedia_global,(mu+lambda),1.0
EE,ackley,4,310,1.0875744749228033e-12,62230,30,200,n,intermedia_global,(mu+lambda),1.0
EE,ackley,4,311,1.0875744749228033e-12,62430,30,200,n,intermedia_global,(mu+lambda),1.0
EE,ackley,4,312,1.0875744749228033e-12,62630,30,200,n,intermedia_global,(mu+lambda),1.0
EE,ackley,4,313,1.0875744749228033e-12,62830,30,200,n,intermedia_global,(mu+lambda),1.0
EE,ackley,4,314,1.0875744749228033e-12,63030,30,200,n,intermedia_global,(mu+lambda),1.0
EE,ackley,4,315,1.0875744749228033e-12,63230,30,200,n,intermedia_global,(mu+lambda),1.0
EE,ackley,4,316,1.0875744749228033e-12,63430,30,200,n,intermedia_global,(mu+lambda),1.0
EE,ackley,4,317,1.0875744749228033e-12,63630,30,200,n,intermedia_global,(mu+lambda),1.0
EE,ackley,4,318,1.0875744749228033e-12,63830,30,200,n,intermedia_global,(mu+lambda),1.0
EE,ackley,4,319,1.0875744749228033e-12,64030,30,200,n,intermedia_global,(mu+lambda),1.0
EE,ackley,4,320,1.0875744749228033e-12,64230,30,200,n,intermedia_global,(mu+lambda),1.0
EE,ackley,4,321,1.0875744749228033e-12,64430,30,200,n,intermedia_global,(mu+lambda),1.0
EE,ackley,4,322,1.0875744749228033e-12,64630,30,200,n,intermedia_global,(mu+lambda),1.0
EE,ackley,4,323,1.0875744749228033e-12,64830,30,200,n,intermedia_global,(mu+lambda),1.0
EE,ackley,4,324,1.0875744749228033e-12,65030,30,200,n,intermedia_global,(mu+lambda),1.0
EE,ackley,4,325,1.0875744749228033e-12,65230,30,200,n,intermedia_global,(mu+lambda),1.0
EE,ackley,4,326,1.0875744749228033e-12,65430,30,200,n,intermedia_global,(mu+lambda),1.0
EE,ackley,4,327,1.0875744749228033e-12,65630,30,200,n,intermedia_global,(mu+lambda),1.0
EE,ackley,4,328,1.0875744749228033e-12,65830,30,200,n,intermedia_global,(mu+lambda),1.0
EE,ackley,4,329,1.0875744749228033e-12,66030,30,200,n,intermedia_global,(mu+lambda),1.0
EE,ackley,4,330,1.0875744749228033e-12,66230,30,200,n,intermedia_global,(mu+lambda),1.0
EE,ackley,4,331,1.0875744749228033e-12,66430,30,200,n,intermedia_global,(mu+lambda),1.0
EE,ackley,4,332,1.0875744749228033e-12,66630,30,200,n,intermedia_global,(mu+lambda),1.0
EE,ackley,4,333,1.0875744749228033e-12,66830,30,200,n,intermedia_global,(mu+lambda),1.0
EE,ackley,4,334,1.0875744749228033e-12,67030,30,200,n,intermedia_global,(mu+lambda),1.0
EE,ackley,4,335,1.0875744749228033e-12,67230,30,200,n,intermedia_global,(mu+lambda),1.0
EE,ackley,4,336,1.0875744749228033e-12,67430,30,200,n,intermedia_global,(mu+lambda),1.0
EE,ackley,4,337,1.0875744749228033e-12,67630,30,200,n,intermedia_global,(mu+lambda),1.0
EE,ackley,4,338,1.0875744749228033e-12,67830,30,200,n,intermedia_global,(mu+lambda),1.0
EE,ackley,4,339,1.0875744749228033e-12,68030,30,200,n,intermedia_global,(mu+lambda),1.0
EE,ackley,4,340,1.0875744749228033e-12,68230,30,200,n,intermedia_global,(mu+lambda),1.0
EE,ackley,4,341,1.0875744749228033e-12,68430,30,200,n,intermedia_global,(mu+lambda),1.0
EE,ackley,4,342,1.0875744749228033e-12,68630,30,200,n,intermedia_global,(mu+lambda),1.0
EE,ackley,4,343,1.0875744749228033e-12,68830,30,200,n,intermedia_global,(mu+lambda),1.0
EE,ackley,4,344,1.0875744749228033e-12,69030,30,200,n,intermedia_global,(mu+lambda),1.0
EE,ackley,4,345,1.0875744749228033e-12,69230,30,200,n,intermedia_global,(mu+lambda),1.0
EE,ackley,4,346,1.0875744749228033e-12,69430,30,200,n,intermedia_global,(mu+lambda),1.0
EE,ackley,4,347,1.0875744749228033e-12,69630,30,200,n,intermedia_global,(mu+lambda),1.0
EE,ackley,4,348,1.0875744749228033e-12,69830,30,200,n,intermedia_global,(mu+lambda),1.0
EE,ackley,4,349,1.0875744749228033e-12,70030,30,200,n,intermedia_global,(mu+lambda),1.0
EE,ackley,4,350,1.0875744749228033e-12,70230,30,200,n,intermedia_global,(mu+lambda),1.0
EE,ackley,4,351,1.0875744749228033e-12,70430,30,200,n,intermedia_global,(mu+lambda),1.0
EE,ackley,4,352,1.0875744749228033e-12,70630,30,200,n,intermedia_global,(mu+lambda),1.0
EE,ackley,4,353,1.0875744749228033e-12,70830,30,200,n,intermedia_global,(mu+lambda),1.0
EE,ackley,4,354,1.0875744749228033e-12,71030,30,200,n,intermedia_global,(mu+lambda),1.0
EE,ackley,4,355,1.0875744749228033e-12,71230,30,200,n,intermedia_global,(mu+lambda),1.0
EE,ackley,4,356,1.0875744749228033e-12,71430,30,200,n,intermedia_global,(mu+lambda),1.0
EE,ackley,4,357,1.0875744749228033e-12,71630,30,200,n,intermedia_global,(mu+lambda),1.0
EE,ackley,4,358,1.0875744749228033e-12,71830,30,200,n,intermedia_global,(mu+lambda),1.0
EE,ackley,4,359,1.0875744749228033e-12,72030,30,200,n,intermedia_global,(mu+lambda),1.0
EE,ackley,4,360,1.0875744749228033e-12,72230,30,200,n,intermedia_global,(mu+lambda),1.0
EE,ackley,4,361,1.0875744749228033e-12,72430,30,200,n,intermedia_global,(mu+lambda),1.0
EE,ackley,4,362,1.0875744749228033e-12,72630,30,200,n,intermedia_global,(mu+lambda),1.0
EE,ackley,4,363,1.0875744749228033e-12,72830,30,200,n,intermedia_global,(mu+lambda),1.0
EE,ackley,4,364,1.0875744749228033e-12,73030,30,200,n,intermedia_global,(mu+lambda),1.0
EE,ackley,4,365,1.0875744749228033e-12,73230,30,200,n,intermedia_global,(mu+lambda),1.0
EE,ackley,4,366,1.0875744749228033e-12,73430,30,200,n,intermedia_global,(mu+lambda),1.0
EE,ackley,4,367,1.0875744749228033e-12,73630,30,200,n,intermedia_global,(mu+lambda),1.0
EE,ackley,4,368,1.0875744749228033e-12,73830,30,200,n,intermedia_global,(mu+lambda),1.0
EE,ackley,4,369,1.0875744749228033e-12,74030,30,200,n,intermedia_global,(mu+lambda),1.0
EE,ackley,4,370,1.0875744749228033e-12,74230,30,200,n,intermedia_global,(mu+lambda),1.0
EE,ackley,4,371,1.0875744749228033e-12,74430,30,200,n,intermedia_global,(mu+lambda),1.0
EE,ackley,4,372,1.0875744749228033e-12,74630,30,200,n,intermedia_global,(mu+lambda),1.0
EE,ackley,4,373,1.0875744749228033e-12,74830,30,200,n,intermedia_global,(mu+lambda),1.0
EE,ackley,4,374,1.0875744749228033e-12,75030,30,200,n,intermedia_global,(mu+lambda),1.0
EE,ackley,4,375,1.0875744749228033e-12,75230,30,200,n,intermedia_global,(mu+lambda),1.0
EE,ackley,4,376,1.0875744749228033e-12,75430,30,200,n,intermedia_global,(mu+lambda),1.0
EE,ackley,4,377,1.0875744749228033e-12,75630,30,200,n,intermedia_global,(mu+lambda),1.0
EE,ackley,4,378,1.0875744749228033e-12,75830,30,200,n,intermedia_global,(mu+lambda),1.0
EE,ackley,4,379,1.0875744749228033e-12,76030,30,200,n,intermedia_global,(mu+lambda),1.0
EE,ackley,4,380,1.0875744749228033e-12,76230,30,200,n,intermedia_global,(mu+lambda),1.0
EE,ackley,4,381,1.0875744749228033e-12,76430,30,200,n,intermedia_global,(mu+lambda),1.0
EE,ackley,4,382,1.0875744749228033e-12,76630,30,200,n,intermedia_global,(mu+lambda),1.0
EE,ackley,4,383,1.0875744749228033e-12,76830,30,200,n,intermedia_global,(mu+lambda),1.0
EE,ackley,4,384,1.0875744749228033e-12,77030,30,200,n,intermedia_global,(mu+lambda),1.0
EE,ackley,4,385,1.0875744749228033e-12,77230,30,200,n,intermedia_global,(mu+lambda),1.0
EE,ackley,4,386,1.0875744749228033e-12,77430,30,200,n,intermedia_global,(mu+lambda),1.0
EE,ackley,4,387,1.0875744749228033e-12,77630,30,200,n,intermedia_global,(mu+lambda),1.0
EE,ackley,4,388,1.0875744749228033e-12,77830,30,200,n,intermedia_global,(mu+lambda),1.0
EE,ackley,4,389,1.0875744749228033e-12,78030,30,200,n,intermedia_global,(mu+lambda),1.0
EE,ackley,4,390,1.0875744749228033e-12,78230,30,200,n,intermedia_global,(mu+lambda),1.0
EE,ackley,4,391,1.0875744749228033e-12,78430,30,200,n,intermedia_global,(mu+lambda),1.0
EE,ackley,4,392,1.0875744749228033e-12,78630,30,200,n,intermedia_global,(mu+lambda),1.0
EE,ackley,4,393,1.0875744749228033e-12,78830,30,200,n,intermedia_global,(mu+lambda),1.0
EE,ackley,4,394,1.0875744749228033e-12,79030,30,200,n,intermedia_global,(mu+lambda),1.0
EE,ackley,4,395,1.0875744749228033e-12,79230,30,200,n,intermedia_global,(mu+lambda),1.0
EE,ackley,4,396,1.0875744749228033e-12,79430,30,200,n,intermedia_global,(mu+lambda),1.0
EE,ackley,4,397,1.0875744749228033e-12,79630,30,200,n,intermedia_global,(mu+lambda),1.0
EE,ackley,4,398,1.0875744749228033e-12,79830,30,200,n,intermedia_global,(mu+lambda),1.0
EE,ackley,4,399,1.0875744749228033e-12,80030,30,200,n,intermedia_global,(mu+lambda),1.0
EE,ackley,4,400,1.0875744749228033e-12,80230,30,200,n,intermedia_global,(mu+lambda),1.0
EE,ackley,4,401,1.0875744749228033e-12,80430,30,200,n,intermedia_global,(mu+lambda),1.0
EE,ackley,4,402,1.0875744749228033e-12,80630,30,200,n,intermedia_global,(mu+lambda),1.0
EE,ackley,4,403,1.0875744749228033e-12,80830,30,200,n,intermedia_global,(mu+lambda),1.0
EE,ackley,4,404,1.0875744749228033e-12,81030,30,200,n,intermedia_global,(mu+lambda),1.0
EE,ackley,4,405,1.0875744749228033e-12,81230,30,200,n,intermedia_global,(mu+lambda),1.0
EE,ackley,4,406,1.0875744749228033e-12,81430,30,200,n,intermedia_global,(mu+lambda),1.0
EE,ackley,4,407,1.0875744749228033e-12,81630,30,200,n,intermedia_global,(mu+lambda),1.0
EE,ackley,4,408,1.0875744749228033e-12,81830,30,200,n,intermedia_global,(mu+lambda),1.0
EE,ackley,4,409,1.0875744749228033e-12,82030,30,200,n,intermedia_global,(mu+lambda),1.0
EE,ackley,4,410,1.0875744749228033e-12,82230,30,200,n,intermedia_global,(mu+lambda),1.0
EE,ackley,4,411,1.0875744749228033e-12,82430,30,200,n,intermedia_global,(mu+lambda),1.0
EE,ackley,4,412,1.0875744749228033e-12,82630,30,200,n,intermedia_global,(mu+lambda),1.0
EE,ackley,4,413,1.0875744749228033e-12,82830,30,200,n,intermedia_global,(mu+lambda),1.0
EE,ackley,4,414,1.0875744749228033e-12,83030,30,200,n,intermedia_global,(mu+lambda),1.0
EE,ackley,4,415,1.0875744749228033e-12,83230,30,200,n,intermedia_global,(mu+lambda),1.0
EE,ackley,4,416,1.0875744749228033e-12,83430,30,200,n,intermedia_global,(mu+lambda),1.0
EE,ackley,4,417,1.0875744749228033e-12,83630,30,200,n,intermedia_global,(mu+lambda),1.0
EE,ackley,4,418,1.0875744749228033e-12,83830,30,200,n,intermedia_global,(mu+lambda),1.0
EE,ackley,4,419,1.0875744749228033e-12,84030,30,200,n,intermedia_global,(mu+lambda),1.0
EE,ackley,4,420,1.0875744749228033e-12,84230,30,200,n,intermedia_global,(mu+lambda),1.0
EE,ackley,4,421,1.0875744749228033e-12,84430,30,200,n,intermedia_global,(mu+lambda),1.0
EE,ackley,4,422,1.0875744749228033e-12,84630,30,200,n,intermedia_global,(mu+lambda),1.0
EE,ackley,4,423,1.0875744749228033e-12,84830,30,200,n,intermedia_global,(mu+lambda),1.0
EE,ackley,4,424,1.0875744749228033e-12,85030,30,200,n,intermedia_global,(mu+lambda),1.0
EE,ackley,4,425,1.0875744749228033e-12,85230,30,200,n,intermedia_global,(mu+lambda),1.0
EE,ackley,4,426,1.0875744749228033e-12,85430,30,200,n,intermedia_global,(mu+lambda),1.0
EE,ackley,4,427,1.0875744749228033e-12,85630,30,200,n,intermedia_global,(mu+lambda),1.0
EE,ackley,4,428,1.0875744749228033e-12,85830,30,200,n,intermedia_global,(mu+lambda),1.0
EE,ackley,4,429,1.0875744749228033e-12,86030,30,200,n,intermedia_global,(mu+lambda),1.0
EE,ackley,4,430,1.0875744749228033e-12,86230,30,200,n,intermedia_global,(mu+lambda),1.0
EE,ackley,4,431,1.0875744749228033e-12,86430,30,200,n,intermedia_global,(mu+lambda),1.0
EE,ackley,4,432,1.0875744749228033e-12,86630,30,200,n,intermedia_global,(mu+lambda),1.0
EE,ackley,4,433,1.0875744749228033e-12,86830,30,200,n,intermedia_global,(mu+lambda),1.0
EE,ackley,4,434,1.0875744749228033e-12,87030,30,200,n,intermedia_global,(mu+lambda),1.0
EE,ackley,4,435,1.0875744749228033e-12,87230,30,200,n,intermedia_global,(mu+lambda),1.0
EE,ackley,4,436,1.0875744749228033e-12,87430,30,200,n,intermedia_global,(mu+lambda),1.0
EE,ackley,4,437,1.0875744749228033e-12,87630,30,200,n,intermedia_global,(mu+lambda),1.0
EE,ackley,4,438,1.0875744749228033e-12,87830,30,200,n,intermedia_global,(mu+lambda),1.0
EE,ackley,4,439,1.0875744749228033e-12,88030,30,200,n,intermedia_global,(mu+lambda),1.0
EE,ackley,4,440,1.0875744749228033e-12,88230,30,200,n,intermedia_global,(mu+lambda),1.0
EE,ackley,4,441,1.0875744749228033e-12,88430,30,200,n,intermedia_global,(mu+lambda),1.0
EE,ackley,4,442,1.0875744749228033e-12,88630,30,200,n,intermedia_global,(mu+lambda),1.0
EE,ackley,4,443,1.0875744749228033e-12,88830,30,200,n,intermedia_global,(mu+lambda),1.0
EE,ackley,4,444,1.0875744749228033e-12,89030,30,200,n,intermedia_global,(mu+lambda),1.0
EE,ackley,4,445,1.0875744749228033e-12,89230,30,200,n,intermedia_global,(mu+lambda),1.0
EE,ackley,4,446,1.0875744749228033e-12,89430,30,200,n,intermedia_global,(mu+lambda),1.0
EE,ackley,4,447,1.0875744749228033e-12,89630,30,200,n,intermedia_global,(mu+lambda),1.0
EE,ackley,4,448,1.0875744749228033e-12,89830,30,200,n,intermedia_global,(mu+lambda),1.0
EE,ackley,4,449,1.0875744749228033e-12,90030,30,200,n,intermedia_global,(mu+lambda),1.0
EE,ackley,4,450,1.0875744749228033e-12,90230,30,200,n,intermedia_global,(mu+lambda),1.0
EE,ackley,4,451,1.0875744749228033e-12,90430,30,200,n,intermedia_global,(mu+lambda),1.0
EE,ackley,4,452,1.0875744749228033e-12,90630,30,200,n,intermedia_global,(mu+lambda),1.0
EE,ackley,4,453,1.0875744749228033e-12,90830,30,200,n,intermedia_global,(mu+lambda),1.0
EE,ackley,4,454,1.0875744749228033e-12,91030,30,200,n,intermedia_global,(mu+lambda),1.0
EE,ackley,4,455,1.0875744749228033e-12,91230,30,200,n,intermedia_global,(mu+lambda),1.0
EE,ackley,4,456,1.0875744749228033e-12,91430,30,200,n,intermedia_global,(mu+lambda),1.0
EE,ackley,4,457,1.0875744749228033e-12,91630,30,200,n,intermedia_global,(mu+lambda),1.0
EE,ackley,4,458,1.0875744749228033e-12,91830,30,200,n,intermedia_global,(mu+lambda),1.0
EE,ackley,4,459,1.0875744749228033e-12,92030,30,200,n,intermedia_global,(mu+lambda),1.0
EE,ackley,4,460,1.0875744749228033e-12,92230,30,200,n,intermedia_global,(mu+lambda),1.0
EE,ackley,4,461,1.0875744749228033e-12,92430,30,200,n,intermedia_global,(mu+lambda),1.0
EE,ackley,4,462,1.0875744749228033e-12,92630,30,200,n,intermedia_global,(mu+lambda),1.0
EE,ackley,4,463,1.0875744749228033e-12,92830,30,200,n,intermedia_global,(mu+lambda),1.0
EE,ackley,4,464,1.0875744749228033e-12,93030,30,200,n,intermedia_global,(mu+lambda),1.0
EE,ackley,4,465,1.0875744749228033e-12,93230,30,200,n,intermedia_global,(mu+lambda),1.0
EE,ackley,4,466,1.0875744749228033e-12,93430,30,200,n,intermedia_global,(mu+lambda),1.0
EE,ackley,4,467,1.0875744749228033e-12,93630,30,200,n,intermedia_global,(mu+lambda),1.0
EE,ackley,4,468,1.0875744749228033e-12,93830,30,200,n,intermedia_global,(mu+lambda),1.0
EE,ackley,4,469,1.0875744749228033e-12,94030,30,200,n,intermedia_global,(mu+lambda),1.0
EE,ackley,4,470,1.0875744749228033e-12,94230,30,200,n,intermedia_global,(mu+lambda),1.0
EE,ackley,4,471,1.0875744749228033e-12,94430,30,200,n,intermedia_global,(mu+lambda),1.0
EE,ackley,4,472,1.0875744749228033e-12,94630,30,200,n,intermedia_global,(mu+lambda),1.0
EE,ackley,4,473,1.0875744749228033e-12,94830,30,200,n,intermedia_global,(mu+lambda),1.0
EE,ackley,4,474,1.0875744749228033e-12,95030,30,200,n,intermedia_global,(mu+lambda),1.0
EE,ackley,4,475,1.0875744749228033e-12,95230,30,200,n,intermedia_global,(mu+lambda),1.0
EE,ackley,4,476,1.0875744749228033e-12,95430,30,200,n,intermedia_global,(mu+lambda),1.0
EE,ackley,4,477,1.0875744749228033e-12,95630,30,200,n,intermedia_global,(mu+lambda),1.0
EE,ackley,4,478,1.0875744749228033e-12,95830,30,200,n,intermedia_global,(mu+lambda),1.0
EE,ackley,4,479,1.0875744749228033e-12,96030,30,200,n,intermedia_global,(mu+lambda),1.0
EE,ackley,4,480,1.0875744749228033e-12,96230,30,200,n,intermedia_global,(mu+lambda),1.0
EE,ackley,4,481,1.0875744749228033e-12,96430,30,200,n,intermedia_global,(mu+lambda),1.0
EE,ackley,4,482,1.0875744749228033e-12,96630,30,200,n,intermedia_global,(mu+lambda),1.0
EE,ackley,4,483,1.0875744749228033e-12,96830,30,200,n,intermedia_global,(mu+lambda),1.0
EE,ackley,4,484,1.0875744749228033e-12,97030,30,200,n,intermedia_global,(mu+lambda),1.0
EE,ackley,4,485,1.0875744749228033e-12,97230,30,200,n,intermedia_global,(mu+lambda),1.0
EE,ackley,4,486,1.0875744749228033e-12,97430,30,200,n,intermedia_global,(mu+lambda),1.0
EE,ackley,4,487,1.0875744749228033e-12,97630,30,200,n,intermedia_global,(mu+lambda),1.0
EE,ackley,4,488,1.0875744749228033e-12,97830,30,200,n,intermedia_global,(mu+lambda),1.0
EE,ackley,4,489,1.0875744749228033e-12,98030,30,200,n,intermedia_global,(mu+lambda),1.0
EE,ackley,4,490,1.0875744749228033e-12,98230,30,200,n,intermedia_global,(mu+lambda),1.0
EE,ackley,4,491,1.0875744749228033e-12,98430,30,200,n,intermedia_global,(mu+lambda),1.0
EE,ackley,4,492,1.0875744749228033e-12,98630,30,200,n,intermedia_global,(mu+lambda),1.0
EE,ackley,4,493,1.0875744749228033e-12,98830,30,200,n,intermedia_global,(mu+lambda),1.0
EE,ackley,4,494,1.0875744749228033e-12,99030,30,200,n,intermedia_global,(mu+lambda),1.0
EE,ackley,4,495,1.0875744749228033e-12,99230,30,200,n,intermedia_global,(mu+lambda),1.0
EE,ackley,4,496,1.0875744749228033e-12,99430,30,200,n,intermedia_global,(mu+lambda),1.0
EE,ackley,4,497,1.0875744749228033e-12,99630,30,200,n,intermedia_global,(mu+lambda),1.0
EE,ackley,4,498,1.0875744749228033e-12,99830,30,200,n,intermedia_global,(mu+lambda),1.0
EE,ackley,4,499,1.0875744749228033e-12,100030,30,200,n,intermedia_global,(mu+lambda),1.0
EE,ackley,4,500,1.0875744749228033e-12,100230,30,200,n,intermedia_global,(mu+lambda),1.0
EE,ackley,4,501,1.0875744749228033e-12,100430,30,200,n,intermedia_global,(mu+lambda),1.0
EE,ackley,4,502,1.0875744749228033e-12,100630,30,200,n,intermedia_global,(mu+lambda),1.0
EE,ackley,4,503,1.0875744749228033e-12,100830,30,200,n,intermedia_global,(mu+lambda),1.0
EE,ackley,4,504,1.0875744749228033e-12,101030,30,200,n,intermedia_global,(mu+lambda),1.0
EE,ackley,4,505,1.0875744749228033e-12,101230,30,200,n,intermedia_global,(mu+lambda),1.0
EE,ackley,4,506,1.0875744749228033e-12,101430,30,200,n,intermedia_global,(mu+lambda),1.0
EE,ackley,4,507,1.0875744749228033e-12,101630,30,200,n,intermedia_global,(mu+lambda),1.0
EE,ackley,4,508,1.0875744749228033e-12,101830,30,200,n,intermedia_global,(mu+lambda),1.0
EE,ackley,4,509,1.0875744749228033e-12,102030,30,200,n,intermedia_global,(mu+lambda),1.0
EE,ackley,4,510,1.0875744749228033e-12,102230,30,200,n,intermedia_global,(mu+lambda),1.0
EE,ackley,4,511,1.0875744749228033e-12,102430,30,200,n,intermedia_global,(mu+lambda),1.0
EE,ackley,4,512,1.0875744749228033e-12,102630,30,200,n,intermedia_global,(mu+lambda),1.0
EE,ackley,4,513,1.0875744749228033e-12,102830,30,200,n,intermedia_global,(mu+lambda),1.0
EE,ackley,4,514,1.0875744749228033e-12,103030,30,200,n,intermedia_global,(mu+lambda),1.0
EE,ackley,4,515,1.0875744749228033e-12,103230,30,200,n,intermedia_global,(mu+lambda),1.0
EE,ackley,4,516,1.0875744749228033e-12,103430,30,200,n,intermedia_global,(mu+lambda),1.0
EE,ackley,4,517,1.0875744749228033e-12,103630,30,200,n,intermedia_global,(mu+lambda),1.0
EE,ackley,4,518,1.0875744749228033e-12,103830,30,200,n,intermedia_global,(mu+lambda),1.0
EE,ackley,4,519,1.0875744749228033e-12,104030,30,200,n,intermedia_global,(mu+lambda),1.0
EE,ackley,4,520,1.0875744749228033e-12,104230,30,200,n,intermedia_global,(mu+lambda),1.0
EE,ackley,4,521,1.0875744749228033e-12,104430,30,200,n,intermedia_global,(mu+lambda),1.0
EE,ackley,4,522,1.0875744749228033e-12,104630,30,200,n,intermedia_global,(mu+lambda),1.0
EE,ackley,4,523,1.0875744749228033e-12,104830,30,200,n,intermedia_global,(mu+lambda),1.0
EE,ackley,4,524,1.0875744749228033e-12,105030,30,200,n,intermedia_global,(mu+lambda),1.0
EE,ackley,4,525,1.0875744749228033e-12,105230,30,200,n,intermedia_global,(mu+lambda),1.0
EE,ackley,4,526,1.0875744749228033e-12,105430,30,200,n,intermedia_global,(mu+lambda),1.0
EE,ackley,4,527,1.0875744749228033e-12,105630,30,200,n,intermedia_global,(mu+lambda),1.0
EE,ackley,4,528,1.0875744749228033e-12,105830,30,200,n,intermedia_global,(mu+lambda),1.0
EE,ackley,4,529,1.0875744749228033e-12,106030,30,200,n,intermedia_global,(mu+lambda),1.0
EE,ackley,4,530,1.0875744749228033e-12,106230,30,200,n,intermedia_global,(mu+lambda),1.0
EE,ackley,4,531,1.0875744749228033e-12,106430,30,200,n,intermedia_global,(mu+lambda),1.0
EE,ackley,4,532,1.0875744749228033e-12,106630,30,200,n,intermedia_global,(mu+lambda),1.0
EE,ackley,4,533,1.0875744749228033e-12,106830,30,200,n,intermedia_global,(mu+lambda),1.0
EE,ackley,4,534,1.0875744749228033e-12,107030,30,200,n,intermedia_global,(mu+lambda),1.0
EE,ackley,4,535,1.0875744749228033e-12,107230,30,200,n,intermedia_global,(mu+lambda),1.0
EE,ackley,4,536,1.0875744749228033e-12,107430,30,200,n,intermedia_global,(mu+lambda),1.0
EE,ackley,4,537,1.0875744749228033e-12,107630,30,200,n,intermedia_global,(mu+lambda),1.0
EE,ackley,4,538,1.0875744749228033e-12,107830,30,200,n,intermedia_global,(mu+lambda),1.0
EE,ackley,4,539,1.0875744749228033e-12,108030,30,200,n,intermedia_global,(mu+lambda),1.0
EE,ackley,4,540,1.0875744749228033e-12,108230,30,200,n,intermedia_global,(mu+lambda),1.0
EE,ackley,4,541,1.0875744749228033e-12,108430,30,200,n,intermedia_global,(mu+lambda),1.0
EE,ackley,4,542,1.0875744749228033e-12,108630,30,200,n,intermedia_global,(mu+lambda),1.0
EE,ackley,4,543,1.0875744749228033e-12,108830,30,200,n,intermedia_global,(mu+lambda),1.0
EE,ackley,4,544,1.0875744749228033e-12,109030,30,200,n,intermedia_global,(mu+lambda),1.0
EE,ackley,4,545,1.0875744749228033e-12,109230,30,200,n,intermedia_global,(mu+lambda),1.0
EE,ackley,4,546,1.0875744749228033e-12,109430,30,200,n,intermedia_global,(mu+lambda),1.0
EE,ackley,4,547,1.0875744749228033e-12,109630,30,200,n,intermedia_global,(mu+lambda),1.0
EE,ackley,4,548,1.0875744749228033e-12,109830,30,200,n,intermedia_global,(mu+lambda),1.0
EE,ackley,4,549,1.0875744749228033e-12,110030,30,200,n,intermedia_global,(mu+lambda),1.0
EE,ackley,4,550,1.0875744749228033e-12,110230,30,200,n,intermedia_global,(mu+lambda),1.0
EE,ackley,4,551,1.0875744749228033e-12,110430,30,200,n,intermedia_global,(mu+lambda),1.0
EE,ackley,4,552,1.0875744749228033e-12,110630,30,200,n,intermedia_global,(mu+lambda),1.0
EE,ackley,4,553,1.0875744749228033e-12,110830,30,200,n,intermedia_global,(mu+lambda),1.0
EE,ackley,4,554,1.0875744749228033e-12,111030,30,200,n,intermedia_global,(mu+lambda),1.0
EE,ackley,4,555,1.0875744749228033e-12,111230,30,200,n,intermedia_global,(mu+lambda),1.0
EE,ackley,4,556,1.0875744749228033e-12,111430,30,200,n,intermedia_global,(mu+lambda),1.0
EE,ackley,4,557,1.0875744749228033e-12,111630,30,200,n,intermedia_global,(mu+lambda),1.0
EE,ackley,4,558,1.0875744749228033e-12,111830,30,200,n,intermedia_global,(mu+lambda),1.0
EE,ackley,4,559,1.0875744749228033e-12,112030,30,200,n,intermedia_global,(mu+lambda),1.0
EE,ackley,4,560,1.0875744749228033e-12,112230,30,200,n,intermedia_global,(mu+lambda),1.0
EE,ackley,4,561,1.0875744749228033e-12,112430,30,200,n,intermedia_global,(mu+lambda),1.0
EE,ackley,4,562,1.0875744749228033e-12,112630,30,200,n,intermedia_global,(mu+lambda),1.0
EE,ackley,4,563,1.0875744749228033e-12,112830,30,200,n,intermedia_global,(mu+lambda),1.0
EE,ackley,4,564,1.0875744749228033e-12,113030,30,200,n,intermedia_global,(mu+lambda),1.0
EE,ackley,4,565,1.0875744749228033e-12,113230,30,200,n,intermedia_global,(mu+lambda),1.0
EE,ackley,4,566,1.0875744749228033e-12,113430,30,200,n,intermedia_global,(mu+lambda),1.0
EE,ackley,4,567,1.0875744749228033e-12,113630,30,200,n,intermedia_global,(mu+lambda),1.0
EE,ackley,4,568,1.0875744749228033e-12,113830,30,200,n,intermedia_global,(mu+lambda),1.0
EE,ackley,4,569,1.0875744749228033e-12,114030,30,200,n,intermedia_global,(mu+lambda),1.0
EE,ackley,4,570,1.0875744749228033e-12,114230,30,200,n,intermedia_global,(mu+lambda),1.0
EE,ackley,4,571,1.0875744749228033e-12,114430,30,200,n,intermedia_global,(mu+lambda),1.0
EE,ackley,4,572,1.0875744749228033e-12,114630,30,200,n,intermedia_global,(mu+lambda),1.0
EE,ackley,4,573,1.0875744749228033e-12,114830,30,200,n,intermedia_global,(mu+lambda),1.0
EE,ackley,4,574,1.0875744749228033e-12,115030,30,200,n,intermedia_global,(mu+lambda),1.0
EE,ackley,4,575,1.0875744749228033e-12,115230,30,200,n,intermedia_global,(mu+lambda),1.0
EE,ackley,4,576,1.0875744749228033e-12,115430,30,200,n,intermedia_global,(mu+lambda),1.0
EE,ackley,4,577,1.0875744749228033e-12,115630,30,200,n,intermedia_global,(mu+lambda),1.0
EE,ackley,4,578,1.0875744749228033e-12,115830,30,200,n,intermedia_global,(mu+lambda),1.0
EE,ackley,4,579,1.0875744749228033e-12,116030,30,200,n,intermedia_global,(mu+lambda),1.0
EE,ackley,4,580,1.0875744749228033e-12,116230,30,200,n,intermedia_global,(mu+lambda),1.0
EE,ackley,4,581,1.0875744749228033e-12,116430,30,200,n,intermedia_global,(mu+lambda),1.0
EE,ackley,4,582,1.0875744749228033e-12,116630,30,200,n,intermedia_global,(mu+lambda),1.0
EE,ackley,4,583,1.0875744749228033e-12,116830,30,200,n,intermedia_global,(mu+lambda),1.0
EE,ackley,4,584,1.0875744749228033e-12,117030,30,200,n,intermedia_global,(mu+lambda),1.0
EE,ackley,4,585,1.0875744749228033e-12,117230,30,200,n,intermedia_global,(mu+lambda),1.0
EE,ackley,4,586,1.0875744749228033e-12,117430,30,200,n,intermedia_global,(mu+lambda),1.0
EE,ackley,4,587,1.0875744749228033e-12,117630,30,200,n,intermedia_global,(mu+lambda),1.0
EE,ackley,4,588,1.0875744749228033e-12,117830,30,200,n,intermedia_global,(mu+lambda),1.0
EE,ackley,4,589,1.0875744749228033e-12,118030,30,200,n,intermedia_global,(mu+lambda),1.0
EE,ackley,4,590,1.0875744749228033e-12,118230,30,200,n,intermedia_global,(mu+lambda),1.0
EE,ackley,4,591,1.0875744749228033e-12,118430,30,200,n,intermedia_global,(mu+lambda),1.0
EE,ackley,4,592,1.0875744749228033e-12,118630,30,200,n,intermedia_global,(mu+lambda),1.0
EE,ackley,4,593,1.0875744749228033e-12,118830,30,200,n,intermedia_global,(mu+lambda),1.0
EE,ackley,4,594,1.0875744749228033e-12,119030,30,200,n,intermedia_global,(mu+lambda),1.0
EE,ackley,4,595,1.0875744749228033e-12,119230,30,200,n,intermedia_global,(mu+lambda),1.0
EE,ackley,4,596,1.0875744749228033e-12,119430,30,200,n,intermedia_global,(mu+lambda),1.0
EE,ackley,4,597,1.0875744749228033e-12,119630,30,200,n,intermedia_global,(mu+lambda),1.0
EE,ackley,4,598,1.0875744749228033e-12,119830,30,200,n,intermedia_global,(mu+lambda),1.0
EE,ackley,4,599,1.0875744749228033e-12,120030,30,200,n,intermedia_global,(mu+lambda),1.0
EE,ackley,4,600,1.0875744749228033e-12,120230,30,200,n,intermedia_global,(mu+lambda),1.0
EE,ackley,4,601,1.0875744749228033e-12,120430,30,200,n,intermedia_global,(mu+lambda),1.0
EE,ackley,4,602,1.0875744749228033e-12,120630,30,200,n,intermedia_global,(mu+lambda),1.0
EE,ackley,4,603,1.0875744749228033e-12,120830,30,200,n,intermedia_global,(mu+lambda),1.0
EE,ackley,4,604,1.0875744749228033e-12,121030,30,200,n,intermedia_global,(mu+lambda),1.0
EE,ackley,4,605,1.0875744749228033e-12,121230,30,200,n,intermedia_global,(mu+lambda),1.0
EE,ackley,4,606,1.0875744749228033e-12,121430,30,200,n,intermedia_global,(mu+lambda),1.0
EE,ackley,4,607,1.0875744749228033e-12,121630,30,200,n,intermedia_global,(mu+lambda),1.0
EE,ackley,4,608,1.0875744749228033e-12,121830,30,200,n,intermedia_global,(mu+lambda),1.0
EE,ackley,4,609,1.0875744749228033e-12,122030,30,200,n,intermedia_global,(mu+lambda),1.0
EE,ackley,4,610,1.0875744749228033e-12,122230,30,200,n,intermedia_global,(mu+lambda),1.0
EE,ackley,4,611,1.0875744749228033e-12,122430,30,200,n,intermedia_global,(mu+lambda),1.0
EE,ackley,4,612,1.0875744749228033e-12,122630,30,200,n,intermedia_global,(mu+lambda),1.0
EE,ackley,4,613,1.0875744749228033e-12,122830,30,200,n,intermedia_global,(mu+lambda),1.0
EE,ackley,4,614,1.0875744749228033e-12,123030,30,200,n,intermedia_global,(mu+lambda),1.0
EE,ackley,4,615,1.0875744749228033e-12,123230,30,200,n,intermedia_global,(mu+lambda),1.0
EE,ackley,4,616,1.0875744749228033e-12,123430,30,200,n,intermedia_global,(mu+lambda),1.0
EE,ackley,4,617,1.0875744749228033e-12,123630,30,200,n,intermedia_global,(mu+lambda),1.0
EE,ackley,4,618,1.0875744749228033e-12,123830,30,200,n,intermedia_global,(mu+lambda),1.0
EE,ackley,4,619,1.0875744749228033e-12,124030,30,200,n,intermedia_global,(mu+lambda),1.0
EE,ackley,4,620,1.0875744749228033e-12,124230,30,200,n,intermedia_global,(mu+lambda),1.0
EE,ackley,4,621,1.0875744749228033e-12,124430,30,200,n,intermedia_global,(mu+lambda),1.0
EE,ackley,4,622,1.0875744749228033e-12,124630,30,200,n,intermedia_global,(mu+lambda),1.0
EE,ackley,4,623,1.0875744749228033e-12,124830,30,200,n,intermedia_global,(mu+lambda),1.0
EE,ackley,4,624,1.0875744749228033e-12,125030,30,200,n,intermedia_global,(mu+lambda),1.0
EE,ackley,4,625,1.0875744749228033e-12,125230,30,200,n,intermedia_global,(mu+lambda),1.0
EE,ackley,4,626,1.0875744749228033e-12,125430,30,200,n,intermedia_global,(mu+lambda),1.0
EE,ackley,4,627,1.0875744749228033e-12,125630,30,200,n,intermedia_global,(mu+lambda),1.0
EE,ackley,4,628,1.0875744749228033e-12,125830,30,200,n,intermedia_global,(mu+lambda),1.0
EE,ackley,4,629,1.0875744749228033e-12,126030,30,200,n,intermedia_global,(mu+lambda),1.0
EE,ackley,4,630,1.0875744749228033e-12,126230,30,200,n,intermedia_global,(mu+lambda),1.0
EE,ackley,4,631,1.0875744749228033e-12,126430,30,200,n,intermedia_global,(mu+lambda),1.0
EE,ackley,4,632,1.0875744749228033e-12,126630,30,200,n,intermedia_global,(mu+lambda),1.0
EE,ackley,4,633,1.0875744749228033e-12,126830,30,200,n,intermedia_global,(mu+lambda),1.0
EE,ackley,4,634,1.0875744749228033e-12,127030,30,200,n,intermedia_global,(mu+lambda),1.0
EE,ackley,4,635,1.0875744749228033e-12,127230,30,200,n,intermedia_global,(mu+lambda),1.0
EE,ackley,4,636,1.0875744749228033e-12,127430,30,200,n,intermedia_global,(mu+lambda),1.0
EE,ackley,4,637,1.0875744749228033e-12,127630,30,200,n,intermedia_global,(mu+lambda),1.0
EE,ackley,4,638,1.0875744749228033e-12,127830,30,200,n,intermedia_global,(mu+lambda),1.0
EE,ackley,4,639,1.0875744749228033e-12,128030,30,200,n,intermedia_global,(mu+lambda),1.0
EE,ackley,4,640,1.0875744749228033e-12,128230,30,200,n,intermedia_global,(mu+lambda),1.0
EE,ackley,4,641,1.0875744749228033e-12,128430,30,200,n,intermedia_global,(mu+lambda),1.0
EE,ackley,4,642,1.0875744749228033e-12,128630,30,200,n,intermedia_global,(mu+lambda),1.0
EE,ackley,4,643,1.0875744749228033e-12,128830,30,200,n,intermedia_global,(mu+lambda),1.0
EE,ackley,4,644,1.0875744749228033e-12,129030,30,200,n,intermedia_global,(mu+lambda),1.0
EE,ackley,4,645,1.0875744749228033e-12,129230,30,200,n,intermedia_global,(mu+lambda),1.0
EE,ackley,4,646,1.0875744749228033e-12,129430,30,200,n,intermedia_global,(mu+lambda),1.0
EE,ackley,4,647,1.0875744749228033e-12,129630,30,200,n,intermedia_global,(mu+lambda),1.0
EE,ackley,4,648,1.0875744749228033e-12,129830,30,200,n,intermedia_global,(mu+lambda),1.0
EE,ackley,4,649,1.0875744749228033e-12,130030,30,200,n,intermedia_global,(mu+lambda),1.0
EE,ackley,4,650,1.0875744749228033e-12,130230,30,200,n,intermedia_global,(mu+lambda),1.0
EE,ackley,4,651,1.0875744749228033e-12,130430,30,200,n,intermedia_global,(mu+lambda),1.0
EE,ackley,4,652,1.0875744749228033e-12,130630,30,200,n,intermedia_global,(mu+lambda),1.0
EE,ackley,4,653,1.0875744749228033e-12,130830,30,200,n,intermedia_global,(mu+lambda),1.0
EE,ackley,4,654,1.0875744749228033e-12,131030,30,200,n,intermedia_global,(mu+lambda),1.0
EE,ackley,4,655,1.0875744749228033e-12,131230,30,200,n,intermedia_global,(mu+lambda),1.0
EE,ackley,4,656,1.0875744749228033e-12,131430,30,200,n,intermedia_global,(mu+lambda),1.0
EE,ackley,4,657,1.0875744749228033e-12,131630,30,200,n,intermedia_global,(mu+lambda),1.0
EE,ackley,4,658,1.0875744749228033e-12,131830,30,200,n,intermedia_global,(mu+lambda),1.0
EE,ackley,4,659,1.0875744749228033e-12,132030,30,200,n,intermedia_global,(mu+lambda),1.0
EE,ackley,4,660,1.0875744749228033e-12,132230,30,200,n,intermedia_global,(mu+lambda),1.0
EE,ackley,4,661,1.0875744749228033e-12,132430,30,200,n,intermedia_global,(mu+lambda),1.0
EE,ackley,4,662,1.0875744749228033e-12,132630,30,200,n,intermedia_global,(mu+lambda),1.0
EE,ackley,4,663,1.0875744749228033e-12,132830,30,200,n,intermedia_global,(mu+lambda),1.0
EE,ackley,4,664,1.0875744749228033e-12,133030,30,200,n,intermedia_global,(mu+lambda),1.0
EE,ackley,4,665,1.0875744749228033e-12,133230,30,200,n,intermedia_global,(mu+lambda),1.0
EE,ackley,4,666,1.0875744749228033e-12,133430,30,200,n,intermedia_global,(mu+lambda),1.0
EE,ackley,4,667,1.0875744749228033e-12,133630,30,200,n,intermedia_global,(mu+lambda),1.0
EE,ackley,4,668,1.0875744749228033e-12,133830,30,200,n,intermedia_global,(mu+lambda),1.0
EE,ackley,4,669,1.0875744749228033e-12,134030,30,200,n,intermedia_global,(mu+lambda),1.0
EE,ackley,4,670,1.0875744749228033e-12,134230,30,200,n,intermedia_global,(mu+lambda),1.0
EE,ackley,4,671,1.0875744749228033e-12,134430,30,200,n,intermedia_global,(mu+lambda),1.0
EE,ackley,4,672,1.0875744749228033e-12,134630,30,200,n,intermedia_global,(mu+lambda),1.0
EE,ackley,4,673,1.0875744749228033e-12,134830,30,200,n,intermedia_global,(mu+lambda),1.0
EE,ackley,4,674,1.0875744749228033e-12,135030,30,200,n,intermedia_global,(mu+lambda),1.0
EE,ackley,4,675,1.0875744749228033e-12,135230,30,200,n,intermedia_global,(mu+lambda),1.0
EE,ackley,4,676,1.0875744749228033e-12,135430,30,200,n,intermedia_global,(mu+lambda),1.0
EE,ackley,4,677,1.0875744749228033e-12,135630,30,200,n,intermedia_global,(mu+lambda),1.0
EE,ackley,4,678,1.0875744749228033e-12,135830,30,200,n,intermedia_global,(mu+lambda),1.0
EE,ackley,4,679,1.0875744749228033e-12,136030,30,200,n,intermedia_global,(mu+lambda),1.0
EE,ackley,4,680,1.0875744749228033e-12,136230,30,200,n,intermedia_global,(mu+lambda),1.0
EE,ackley,4,681,1.0875744749228033e-12,136430,30,200,n,intermedia_global,(mu+lambda),1.0
EE,ackley,4,682,1.0875744749228033e-12,136630,30,200,n,intermedia_global,(mu+lambda),1.0
EE,ackley,4,683,1.0875744749228033e-12,136830,30,200,n,intermedia_global,(mu+lambda),1.0
EE,ackley,4,684,1.0875744749228033e-12,137030,30,200,n,intermedia_global,(mu+lambda),1.0
EE,ackley,4,685,1.0875744749228033e-12,137230,30,200,n,intermedia_global,(mu+lambda),1.0
EE,ackley,4,686,1.0875744749228033e-12,137430,30,200,n,intermedia_global,(mu+lambda),1.0
EE,ackley,4,687,1.0875744749228033e-12,137630,30,200,n,intermedia_global,(mu+lambda),1.0
EE,ackley,4,688,1.0875744749228033e-12,137830,30,200,n,intermedia_global,(mu+lambda),1.0
EE,ackley,4,689,1.0875744749228033e-12,138030,30,200,n,intermedia_global,(mu+lambda),1.0
EE,ackley,4,690,1.0875744749228033e-12,138230,30,200,n,intermedia_global,(mu+lambda),1.0
EE,ackley,4,691,1.0875744749228033e-12,138430,30,200,n,intermedia_global,(mu+lambda),1.0
EE,ackley,4,692,1.0875744749228033e-12,138630,30,200,n,intermedia_global,(mu+lambda),1.0
EE,ackley,4,693,1.0875744749228033e-12,138830,30,200,n,intermedia_global,(mu+lambda),1.0
EE,ackley,4,694,1.0875744749228033e-12,139030,30,200,n,intermedia_global,(mu+lambda),1.0
EE,ackley,4,695,1.0875744749228033e-12,139230,30,200,n,intermedia_global,(mu+lambda),1.0
EE,ackley,4,696,1.0875744749228033e-12,139430,30,200,n,intermedia_global,(mu+lambda),1.0
EE,ackley,4,697,1.0875744749228033e-12,139630,30,200,n,intermedia_global,(mu+lambda),1.0
EE,ackley,4,698,1.0875744749228033e-12,139830,30,200,n,intermedia_global,(mu+lambda),1.0
EE,ackley,4,699,1.0875744749228033e-12,140030,30,200,n,intermedia_global,(mu+lambda),1.0
EE,ackley,4,700,1.0875744749228033e-12,140230,30,200,n,intermedia_global,(mu+lambda),1.0
EE,ackley,4,701,1.0875744749228033e-12,140430,30,200,n,intermedia_global,(mu+lambda),1.0
EE,ackley,4,702,1.0875744749228033e-12,140630,30,200,n,intermedia_global,(mu+lambda),1.0
EE,ackley,4,703,1.0875744749228033e-12,140830,30,200,n,intermedia_global,(mu+lambda),1.0
EE,ackley,4,704,1.0875744749228033e-12,141030,30,200,n,intermedia_global,(mu+lambda),1.0
EE,ackley,4,705,1.0875744749228033e-12,141230,30,200,n,intermedia_global,(mu+lambda),1.0
EE,ackley,4,706,1.0875744749228033e-12,141430,30,200,n,intermedia_global,(mu+lambda),1.0
EE,ackley,4,707,1.0875744749228033e-12,141630,30,200,n,intermedia_global,(mu+lambda),1.0
EE,ackley,4,708,1.0875744749228033e-12,141830,30,200,n,intermedia_global,(mu+lambda),1.0
EE,ackley,4,709,1.0875744749228033e-12,142030,30,200,n,intermedia_global,(mu+lambda),1.0
EE,ackley,4,710,1.0875744749228033e-12,142230,30,200,n,intermedia_global,(mu+lambda),1.0
EE,ackley,4,711,1.0875744749228033e-12,142430,30,200,n,intermedia_global,(mu+lambda),1.0
EE,ackley,4,712,1.0875744749228033e-12,142630,30,200,n,intermedia_global,(mu+lambda),1.0
EE,ackley,4,713,1.0875744749228033e-12,142830,30,200,n,intermedia_global,(mu+lambda),1.0
EE,ackley,4,714,1.0875744749228033e-12,143030,30,200,n,intermedia_global,(mu+lambda),1.0
EE,ackley,4,715,1.0875744749228033e-12,143230,30,200,n,intermedia_global,(mu+lambda),1.0
EE,ackley,4,716,1.0875744749228033e-12,143430,30,200,n,intermedia_global,(mu+lambda),1.0
EE,ackley,4,717,1.0875744749228033e-12,143630,30,200,n,intermedia_global,(mu+lambda),1.0
EE,ackley,4,718,1.0875744749228033e-12,143830,30,200,n,intermedia_global,(mu+lambda),1.0
EE,ackley,4,719,1.0875744749228033e-12,144030,30,200,n,intermedia_global,(mu+lambda),1.0
EE,ackley,4,720,1.0875744749228033e-12,144230,30,200,n,intermedia_global,(mu+lambda),1.0
EE,ackley,4,721,1.0875744749228033e-12,144430,30,200,n,intermedia_global,(mu+lambda),1.0
EE,ackley,4,722,1.0875744749228033e-12,144630,30,200,n,intermedia_global,(mu+lambda),1.0
EE,ackley,4,723,1.0875744749228033e-12,144830,30,200,n,intermedia_global,(mu+lambda),1.0
EE,ackley,4,724,1.0875744749228033e-12,145030,30,200,n,intermedia_global,(mu+lambda),1.0
EE,ackley,4,725,1.0875744749228033e-12,145230,30,200,n,intermedia_global,(mu+lambda),1.0
EE,ackley,4,726,1.0875744749228033e-12,145430,30,200,n,intermedia_global,(mu+lambda),1.0
EE,ackley,4,727,1.0875744749228033e-12,145630,30,200,n,intermedia_global,(mu+lambda),1.0
EE,ackley,4,728,1.0875744749228033e-12,145830,30,200,n,intermedia_global,(mu+lambda),1.0
EE,ackley,4,729,1.0875744749228033e-12,146030,30,200,n,intermedia_global,(mu+lambda),1.0
EE,ackley,4,730,1.0875744749228033e-12,146230,30,200,n,intermedia_global,(mu+lambda),1.0
EE,ackley,4,731,1.0875744749228033e-12,146430,30,200,n,intermedia_global,(mu+lambda),1.0
EE,ackley,4,732,1.0875744749228033e-12,146630,30,200,n,intermedia_global,(mu+lambda),1.0
EE,ackley,4,733,1.0875744749228033e-12,146830,30,200,n,intermedia_global,(mu+lambda),1.0
EE,ackley,4,734,1.0875744749228033e-12,147030,30,200,n,intermedia_global,(mu+lambda),1.0
EE,ackley,4,735,1.0875744749228033e-12,147230,30,200,n,intermedia_global,(mu+lambda),1.0
EE,ackley,4,736,1.0875744749228033e-12,147430,30,200,n,intermedia_global,(mu+lambda),1.0
EE,ackley,4,737,1.0875744749228033e-12,147630,30,200,n,intermedia_global,(mu+lambda),1.0
EE,ackley,4,738,1.0875744749228033e-12,147830,30,200,n,intermedia_global,(mu+lambda),1.0
EE,ackley,4,739,1.0875744749228033e-12,148030,30,200,n,intermedia_global,(mu+lambda),1.0
EE,ackley,4,740,1.0875744749228033e-12,148230,30,200,n,intermedia_global,(mu+lambda),1.0
EE,ackley,4,741,1.0875744749228033e-12,148430,30,200,n,intermedia_global,(mu+lambda),1.0
EE,ackley,4,742,1.0875744749228033e-12,148630,30,200,n,intermedia_global,(mu+lambda),1.0
EE,ackley,4,743,1.0875744749228033e-12,148830,30,200,n,intermedia_global,(mu+lambda),1.0
EE,ackley,4,744,1.0875744749228033e-12,149030,30,200,n,intermedia_global,(mu+lambda),1.0
EE,ackley,4,745,1.0875744749228033e-12,149230,30,200,n,intermedia_global,(mu+lambda),1.0
EE,ackley,4,746,1.0875744749228033e-12,149430,30,200,n,intermedia_global,(mu+lambda),1.0
EE,ackley,4,747,1.0875744749228033e-12,149630,30,200,n,intermedia_global,(mu+lambda),1.0
EE,ackley,4,748,1.0875744749228033e-12,149830,30,200,n,intermedia_global,(mu+lambda),1.0
EE,ackley,4,749,1.0875744749228033e-12,150030,30,200,n,intermedia_global,(mu+lambda),1.0
EE,ackley,4,750,1.0875744749228033e-12,150230,30,200,n,intermedia_global,(mu+lambda),1.0
EE,ackley,4,751,1.0875744749228033e-12,150430,30,200,n,intermedia_global,(mu+lambda),1.0
EE,ackley,4,752,1.0875744749228033e-12,150630,30,200,n,intermedia_global,(mu+lambda),1.0
EE,ackley,4,753,1.0875744749228033e-12,150830,30,200,n,intermedia_global,(mu+lambda),1.0
EE,ackley,4,754,1.0875744749228033e-12,151030,30,200,n,intermedia_global,(mu+lambda),1.0
EE,ackley,4,755,1.0875744749228033e-12,151230,30,200,n,intermedia_global,(mu+lambda),1.0
EE,ackley,4,756,1.0875744749228033e-12,151430,30,200,n,intermedia_global,(mu+lambda),1.0
EE,ackley,4,757,1.0875744749228033e-12,151630,30,200,n,intermedia_global,(mu+lambda),1.0
EE,ackley,4,758,1.0875744749228033e-12,151830,30,200,n,intermedia_global,(mu+lambda),1.0
EE,ackley,4,759,1.0875744749228033e-12,152030,30,200,n,intermedia_global,(mu+lambda),1.0
EE,ackley,4,760,1.0875744749228033e-12,152230,30,200,n,intermedia_global,(mu+lambda),1.0
EE,ackley,4,761,1.0875744749228033e-12,152430,30,200,n,intermedia_global,(mu+lambda),1.0
EE,ackley,4,762,1.0875744749228033e-12,152630,30,200,n,intermedia_global,(mu+lambda),1.0
EE,ackley,4,763,1.0875744749228033e-12,152830,30,200,n,intermedia_global,(mu+lambda),1.0
EE,ackley,4,764,1.0875744749228033e-12,153030,30,200,n,intermedia_global,(mu+lambda),1.0
EE,ackley,4,765,1.0875744749228033e-12,153230,30,200,n,intermedia_global,(mu+lambda),1.0
EE,ackley,4,766,1.0875744749228033e-12,153430,30,200,n,intermedia_global,(mu+lambda),1.0
EE,ackley,4,767,1.0875744749228033e-12,153630,30,200,n,intermedia_global,(mu+lambda),1.0
EE,ackley,4,768,1.0875744749228033e-12,153830,30,200,n,intermedia_global,(mu+lambda),1.0
EE,ackley,4,769,1.0875744749228033e-12,154030,30,200,n,intermedia_global,(mu+lambda),1.0
EE,ackley,4,770,1.0875744749228033e-12,154230,30,200,n,intermedia_global,(mu+lambda),1.0
EE,ackley,4,771,1.0875744749228033e-12,154430,30,200,n,intermedia_global,(mu+lambda),1.0
EE,ackley,4,772,1.0875744749228033e-12,154630,30,200,n,intermedia_global,(mu+lambda),1.0
EE,ackley,4,773,1.0875744749228033e-12,154830,30,200,n,intermedia_global,(mu+lambda),1.0
EE,ackley,4,774,1.0875744749228033e-12,155030,30,200,n,intermedia_global,(mu+lambda),1.0
EE,ackley,4,775,1.0875744749228033e-12,155230,30,200,n,intermedia_global,(mu+lambda),1.0
EE,ackley,4,776,1.0875744749228033e-12,155430,30,200,n,intermedia_global,(mu+lambda),1.0
EE,ackley,4,777,1.0875744749228033e-12,155630,30,200,n,intermedia_global,(mu+lambda),1.0
EE,ackley,4,778,1.0875744749228033e-12,155830,30,200,n,intermedia_global,(mu+lambda),1.0
EE,ackley,4,779,1.0875744749228033e-12,156030,30,200,n,intermedia_global,(mu+lambda),1.0
EE,ackley,4,780,1.0875744749228033e-12,156230,30,200,n,intermedia_global,(mu+lambda),1.0
EE,ackley,4,781,1.0875744749228033e-12,156430,30,200,n,intermedia_global,(mu+lambda),1.0
EE,ackley,4,782,1.0875744749228033e-12,156630,30,200,n,intermedia_global,(mu+lambda),1.0
EE,ackley,4,783,1.0875744749228033e-12,156830,30,200,n,intermedia_global,(mu+lambda),1.0
EE,ackley,4,784,1.0875744749228033e-12,157030,30,200,n,intermedia_global,(mu+lambda),1.0
EE,ackley,4,785,1.0875744749228033e-12,157230,30,200,n,intermedia_global,(mu+lambda),1.0
EE,ackley,4,786,1.0875744749228033e-12,157430,30,200,n,intermedia_global,(mu+lambda),1.0
EE,ackley,4,787,1.0875744749228033e-12,157630,30,200,n,intermedia_global,(mu+lambda),1.0
EE,ackley,4,788,1.0875744749228033e-12,157830,30,200,n,intermedia_global,(mu+lambda),1.0
EE,ackley,4,789,1.0875744749228033e-12,158030,30,200,n,intermedia_global,(mu+lambda),1.0
EE,ackley,4,790,1.0875744749228033e-12,158230,30,200,n,intermedia_global,(mu+lambda),1.0
EE,ackley,4,791,1.0875744749228033e-12,158430,30,200,n,intermedia_global,(mu+lambda),1.0
EE,ackley,4,792,1.0875744749228033e-12,158630,30,200,n,intermedia_global,(mu+lambda),1.0
EE,ackley,4,793,1.0875744749228033e-12,158830,30,200,n,intermedia_global,(mu+lambda),1.0
EE,ackley,4,794,1.0875744749228033e-12,159030,30,200,n,intermedia_global,(mu+lambda),1.0
EE,ackley,4,795,1.0875744749228033e-12,159230,30,200,n,intermedia_global,(mu+lambda),1.0
EE,ackley,4,796,1.0875744749228033e-12,159430,30,200,n,intermedia_global,(mu+lambda),1.0
EE,ackley,4,797,1.0875744749228033e-12,159630,30,200,n,intermedia_global,(mu+lambda),1.0
EE,ackley,4,798,1.0875744749228033e-12,159830,30,200,n,intermedia_global,(mu+lambda),1.0
EE,ackley,4,799,1.0875744749228033e-12,160030,30,200,n,intermedia_global,(mu+lambda),1.0
EE,ackley,4,800,1.0875744749228033e-12,160230,30,200,n,intermedia_global,(mu+lambda),1.0
EE,ackley,4,801,1.0875744749228033e-12,160430,30,200,n,intermedia_global,(mu+lambda),1.0
EE,ackley,4,802,1.0875744749228033e-12,160630,30,200,n,intermedia_global,(mu+lambda),1.0
EE,ackley,4,803,1.0875744749228033e-12,160830,30,200,n,intermedia_global,(mu+lambda),1.0
EE,ackley,4,804,1.0875744749228033e-12,161030,30,200,n,intermedia_global,(mu+lambda),1.0
EE,ackley,4,805,1.0875744749228033e-12,161230,30,200,n,intermedia_global,(mu+lambda),1.0
EE,ackley,4,806,1.0875744749228033e-12,161430,30,200,n,intermedia_global,(mu+lambda),1.0
EE,ackley,4,807,1.0875744749228033e-12,161630,30,200,n,intermedia_global,(mu+lambda),1.0
EE,ackley,4,808,1.0875744749228033e-12,161830,30,200,n,intermedia_global,(mu+lambda),1.0
EE,ackley,4,809,1.0875744749228033e-12,162030,30,200,n,intermedia_global,(mu+lambda),1.0
EE,ackley,4,810,1.0875744749228033e-12,162230,30,200,n,intermedia_global,(mu+lambda),1.0
EE,ackley,4,811,1.0875744749228033e-12,162430,30,200,n,intermedia_global,(mu+lambda),1.0
EE,ackley,4,812,1.0875744749228033e-12,162630,30,200,n,intermedia_global,(mu+lambda),1.0
EE,ackley,4,813,1.0875744749228033e-12,162830,30,200,n,intermedia_global,(mu+lambda),1.0
EE,ackley,4,814,1.0875744749228033e-12,163030,30,200,n,intermedia_global,(mu+lambda),1.0
EE,ackley,4,815,1.0875744749228033e-12,163230,30,200,n,intermedia_global,(mu+lambda),1.0
EE,ackley,4,816,1.0875744749228033e-12,163430,30,200,n,intermedia_global,(mu+lambda),1.0
EE,ackley,4,817,1.0875744749228033e-12,163630,30,200,n,intermedia_global,(mu+lambda),1.0
EE,ackley,4,818,1.0875744749228033e-12,163830,30,200,n,intermedia_global,(mu+lambda),1.0
EE,ackley,4,819,1.0875744749228033e-12,164030,30,200,n,intermedia_global,(mu+lambda),1.0
EE,ackley,4,820,1.0875744749228033e-12,164230,30,200,n,intermedia_global,(mu+lambda),1.0
EE,ackley,4,821,1.0875744749228033e-12,164430,30,200,n,intermedia_global,(mu+lambda),1.0
EE,ackley,4,822,1.0875744749228033e-12,164630,30,200,n,intermedia_global,(mu+lambda),1.0
EE,ackley,4,823,1.0875744749228033e-12,164830,30,200,n,intermedia_global,(mu+lambda),1.0
EE,ackley,4,824,1.0875744749228033e-12,165030,30,200,n,intermedia_global,(mu+lambda),1.0
EE,ackley,4,825,1.0875744749228033e-12,165230,30,200,n,intermedia_global,(mu+lambda),1.0
EE,ackley,4,826,1.0875744749228033e-12,165430,30,200,n,intermedia_global,(mu+lambda),1.0
EE,ackley,4,827,1.0875744749228033e-12,165630,30,200,n,intermedia_global,(mu+lambda),1.0
EE,ackley,4,828,1.0875744749228033e-12,165830,30,200,n,intermedia_global,(mu+lambda),1.0
EE,ackley,4,829,1.0875744749228033e-12,166030,30,200,n,intermedia_global,(mu+lambda),1.0
EE,ackley,4,830,1.0875744749228033e-12,166230,30,200,n,intermedia_global,(mu+lambda),1.0
EE,ackley,4,831,1.0875744749228033e-12,166430,30,200,n,intermedia_global,(mu+lambda),1.0
EE,ackley,4,832,1.0875744749228033e-12,166630,30,200,n,intermedia_global,(mu+lambda),1.0
EE,ackley,4,833,1.0875744749228033e-12,166830,30,200,n,intermedia_global,(mu+lambda),1.0
EE,ackley,4,834,1.0875744749228033e-12,167030,30,200,n,intermedia_global,(mu+lambda),1.0
EE,ackley,4,835,1.0875744749228033e-12,167230,30,200,n,intermedia_global,(mu+lambda),1.0
EE,ackley,4,836,1.0875744749228033e-12,167430,30,200,n,intermedia_global,(mu+lambda),1.0
EE,ackley,4,837,1.0875744749228033e-12,167630,30,200,n,intermedia_global,(mu+lambda),1.0
EE,ackley,4,838,1.0875744749228033e-12,167830,30,200,n,intermedia_global,(mu+lambda),1.0
EE,ackley,4,839,1.0875744749228033e-12,168030,30,200,n,intermedia_global,(mu+lambda),1.0
EE,ackley,4,840,1.0875744749228033e-12,168230,30,200,n,intermedia_global,(mu+lambda),1.0
EE,ackley,4,841,1.0875744749228033e-12,168430,30,200,n,intermedia_global,(mu+lambda),1.0
EE,ackley,4,842,1.0875744749228033e-12,168630,30,200,n,intermedia_global,(mu+lambda),1.0
EE,ackley,4,843,1.0875744749228033e-12,168830,30,200,n,intermedia_global,(mu+lambda),1.0
EE,ackley,4,844,1.0875744749228033e-12,169030,30,200,n,intermedia_global,(mu+lambda),1.0
EE,ackley,4,845,1.0875744749228033e-12,169230,30,200,n,intermedia_global,(mu+lambda),1.0
EE,ackley,4,846,1.0875744749228033e-12,169430,30,200,n,intermedia_global,(mu+lambda),1.0
EE,ackley,4,847,1.0875744749228033e-12,169630,30,200,n,intermedia_global,(mu+lambda),1.0
EE,ackley,4,848,1.0875744749228033e-12,169830,30,200,n,intermedia_global,(mu+lambda),1.0
EE,ackley,4,849,1.0875744749228033e-12,170030,30,200,n,intermedia_global,(mu+lambda),1.0
EE,ackley,4,850,1.0875744749228033e-12,170230,30,200,n,intermedia_global,(mu+lambda),1.0
EE,ackley,4,851,1.0875744749228033e-12,170430,30,200,n,intermedia_global,(mu+lambda),1.0
EE,ackley,4,852,1.0875744749228033e-12,170630,30,200,n,intermedia_global,(mu+lambda),1.0
EE,ackley,4,853,1.0875744749228033e-12,170830,30,200,n,intermedia_global,(mu+lambda),1.0
EE,ackley,4,854,1.0875744749228033e-12,171030,30,200,n,intermedia_global,(mu+lambda),1.0
EE,ackley,4,855,1.0875744749228033e-12,171230,30,200,n,intermedia_global,(mu+lambda),1.0
EE,ackley,4,856,1.0875744749228033e-12,171430,30,200,n,intermedia_global,(mu+lambda),1.0
EE,ackley,4,857,1.0875744749228033e-12,171630,30,200,n,intermedia_global,(mu+lambda),1.0
EE,ackley,4,858,1.0875744749228033e-12,171830,30,200,n,intermedia_global,(mu+lambda),1.0
EE,ackley,4,859,1.0875744749228033e-12,172030,30,200,n,intermedia_global,(mu+lambda),1.0
EE,ackley,4,860,1.0875744749228033e-12,172230,30,200,n,intermedia_global,(mu+lambda),1.0
EE,ackley,4,861,1.0875744749228033e-12,172430,30,200,n,intermedia_global,(mu+lambda),1.0
EE,ackley,4,862,1.0875744749228033e-12,172630,30,200,n,intermedia_global,(mu+lambda),1.0
EE,ackley,4,863,1.0875744749228033e-12,172830,30,200,n,intermedia_global,(mu+lambda),1.0
EE,ackley,4,864,1.0875744749228033e-12,173030,30,200,n,intermedia_global,(mu+lambda),1.0
EE,ackley,4,865,1.0875744749228033e-12,173230,30,200,n,intermedia_global,(mu+lambda),1.0
EE,ackley,4,866,1.0875744749228033e-12,173430,30,200,n,intermedia_global,(mu+lambda),1.0
EE,ackley,4,867,1.0875744749228033e-12,173630,30,200,n,intermedia_global,(mu+lambda),1.0
EE,ackley,4,868,1.0875744749228033e-12,173830,30,200,n,intermedia_global,(mu+lambda),1.0
EE,ackley,4,869,1.0875744749228033e-12,174030,30,200,n,intermedia_global,(mu+lambda),1.0
EE,ackley,4,870,1.0875744749228033e-12,174230,30,200,n,intermedia_global,(mu+lambda),1.0
EE,ackley,4,871,1.0875744749228033e-12,174430,30,200,n,intermedia_global,(mu+lambda),1.0
EE,ackley,4,872,1.0875744749228033e-12,174630,30,200,n,intermedia_global,(mu+lambda),1.0
EE,ackley,4,873,1.0875744749228033e-12,174830,30,200,n,intermedia_global,(mu+lambda),1.0
EE,ackley,4,874,1.0875744749228033e-12,175030,30,200,n,intermedia_global,(mu+lambda),1.0
EE,ackley,4,875,1.0875744749228033e-12,175230,30,200,n,intermedia_global,(mu+lambda),1.0
EE,ackley,4,876,1.0875744749228033e-12,175430,30,200,n,intermedia_global,(mu+lambda),1.0
EE,ackley,4,877,1.0875744749228033e-12,175630,30,200,n,intermedia_global,(mu+lambda),1.0
EE,ackley,4,878,9.241496456979803e-13,175830,30,200,n,intermedia_global,(mu+lambda),1.0
EE,ackley,4,879,9.241496456979803e-13,176030,30,200,n,intermedia_global,(mu+lambda),1.0
EE,ackley,4,880,9.241496456979803e-13,176230,30,200,n,intermedia_global,(mu+lambda),1.0
EE,ackley,4,881,9.241496456979803e-13,176430,30,200,n,intermedia_global,(mu+lambda),1.0
EE,ackley,4,882,9.241496456979803e-13,176630,30,200,n,intermedia_global,(mu+lambda),1.0
EE,ackley,4,883,9.241496456979803e-13,176830,30,200,n,intermedia_global,(mu+lambda),1.0
EE,ackley,4,884,9.241496456979803e-13,177030,30,200,n,intermedia_global,(mu+lambda),1.0
EE,ackley,4,885,9.241496456979803e-13,177230,30,200,n,intermedia_global,(mu+lambda),1.0
EE,ackley,4,886,9.241496456979803e-13,177430,30,200,n,intermedia_global,(mu+lambda),1.0
EE,ackley,4,887,9.241496456979803e-13,177630,30,200,n,intermedia_global,(mu+lambda),1.0
EE,ackley,4,888,9.241496456979803e-13,177830,30,200,n,intermedia_global,(mu+lambda),1.0
EE,ackley,4,889,9.241496456979803e-13,178030,30,200,n,intermedia_global,(mu+lambda),1.0
EE,ackley,4,890,9.241496456979803e-13,178230,30,200,n,intermedia_global,(mu+lambda),1.0
EE,ackley,4,891,9.241496456979803e-13,178430,30,200,n,intermedia_global,(mu+lambda),1.0
EE,ackley,4,892,9.241496456979803e-13,178630,30,200,n,intermedia_global,(mu+lambda),1.0
EE,ackley,4,893,9.241496456979803e-13,178830,30,200,n,intermedia_global,(mu+lambda),1.0
EE,ackley,4,894,9.241496456979803e-13,179030,30,200,n,intermedia_global,(mu+lambda),1.0
EE,ackley,4,895,9.241496456979803e-13,179230,30,200,n,intermedia_global,(mu+lambda),1.0
EE,ackley,4,896,9.241496456979803e-13,179430,30,200,n,intermedia_global,(mu+lambda),1.0
EE,ackley,4,897,9.241496456979803e-13,179630,30,200,n,intermedia_global,(mu+lambda),1.0
EE,ackley,4,898,9.241496456979803e-13,179830,30,200,n,intermedia_global,(mu+lambda),1.0
EE,ackley,4,899,9.241496456979803e-13,180030,30,200,n,intermedia_global,(mu+lambda),1.0
EE,ackley,4,900,9.241496456979803e-13,180230,30,200,n,intermedia_global,(mu+lambda),1.0
EE,ackley,4,901,9.241496456979803e-13,180430,30,200,n,intermedia_global,(mu+lambda),1.0
EE,ackley,4,902,9.241496456979803e-13,180630,30,200,n,intermedia_global,(mu+lambda),1.0
EE,ackley,4,903,9.241496456979803e-13,180830,30,200,n,intermedia_global,(mu+lambda),1.0
EE,ackley,4,904,9.241496456979803e-13,181030,30,200,n,intermedia_global,(mu+lambda),1.0
EE,ackley,4,905,9.241496456979803e-13,181230,30,200,n,intermedia_global,(mu+lambda),1.0
EE,ackley,4,906,9.241496456979803e-13,181430,30,200,n,intermedia_global,(mu+lambda),1.0
EE,ackley,4,907,9.241496456979803e-13,181630,30,200,n,intermedia_global,(mu+lambda),1.0
EE,ackley,4,908,9.241496456979803e-13,181830,30,200,n,intermedia_global,(mu+lambda),1.0
EE,ackley,4,909,9.241496456979803e-13,182030,30,200,n,intermedia_global,(mu+lambda),1.0
EE,ackley,4,910,9.241496456979803e-13,182230,30,200,n,intermedia_global,(mu+lambda),1.0
EE,ackley,4,911,9.241496456979803e-13,182430,30,200,n,intermedia_global,(mu+lambda),1.0
EE,ackley,4,912,9.241496456979803e-13,182630,30,200,n,intermedia_global,(mu+lambda),1.0
EE,ackley,4,913,9.241496456979803e-13,182830,30,200,n,intermedia_global,(mu+lambda),1.0
EE,ackley,4,914,9.241496456979803e-13,183030,30,200,n,intermedia_global,(mu+lambda),1.0
EE,ackley,4,915,9.241496456979803e-13,183230,30,200,n,intermedia_global,(mu+lambda),1.0
EE,ackley,4,916,9.241496456979803e-13,183430,30,200,n,intermedia_global,(mu+lambda),1.0
EE,ackley,4,917,9.241496456979803e-13,183630,30,200,n,intermedia_global,(mu+lambda),1.0
EE,ackley,4,918,9.241496456979803e-13,183830,30,200,n,intermedia_global,(mu+lambda),1.0
EE,ackley,4,919,9.241496456979803e-13,184030,30,200,n,intermedia_global,(mu+lambda),1.0
EE,ackley,4,920,9.241496456979803e-13,184230,30,200,n,intermedia_global,(mu+lambda),1.0
EE,ackley,4,921,9.241496456979803e-13,184430,30,200,n,intermedia_global,(mu+lambda),1.0
EE,ackley,4,922,9.241496456979803e-13,184630,30,200,n,intermedia_global,(mu+lambda),1.0
EE,ackley,4,923,9.241496456979803e-13,184830,30,200,n,intermedia_global,(mu+lambda),1.0
EE,ackley,4,924,9.241496456979803e-13,185030,30,200,n,intermedia_global,(mu+lambda),1.0
EE,ackley,4,925,9.241496456979803e-13,185230,30,200,n,intermedia_global,(mu+lambda),1.0
EE,ackley,4,926,9.241496456979803e-13,185430,30,200,n,intermedia_global,(mu+lambda),1.0
EE,ackley,4,927,9.241496456979803e-13,185630,30,200,n,intermedia_global,(mu+lambda),1.0
EE,ackley,4,928,9.241496456979803e-13,185830,30,200,n,intermedia_global,(mu+lambda),1.0
EE,ackley,4,929,9.241496456979803e-13,186030,30,200,n,intermedia_global,(mu+lambda),1.0
EE,ackley,4,930,9.241496456979803e-13,186230,30,200,n,intermedia_global,(mu+lambda),1.0
EE,ackley,4,931,9.241496456979803e-13,186430,30,200,n,intermedia_global,(mu+lambda),1.0
EE,ackley,4,932,9.241496456979803e-13,186630,30,200,n,intermedia_global,(mu+lambda),1.0
EE,ackley,4,933,9.241496456979803e-13,186830,30,200,n,intermedia_global,(mu+lambda),1.0
EE,ackley,4,934,9.241496456979803e-13,187030,30,200,n,intermedia_global,(mu+lambda),1.0
EE,ackley,4,935,9.241496456979803e-13,187230,30,200,n,intermedia_global,(mu+lambda),1.0
EE,ackley,4,936,9.241496456979803e-13,187430,30,200,n,intermedia_global,(mu+lambda),1.0
EE,ackley,4,937,9.241496456979803e-13,187630,30,200,n,intermedia_global,(mu+lambda),1.0
EE,ackley,4,938,9.241496456979803e-13,187830,30,200,n,intermedia_global,(mu+lambda),1.0
EE,ackley,4,939,9.241496456979803e-13,188030,30,200,n,intermedia_global,(mu+lambda),1.0
EE,ackley,4,940,9.241496456979803e-13,188230,30,200,n,intermedia_global,(mu+lambda),1.0
EE,ackley,4,941,9.241496456979803e-13,188430,30,200,n,intermedia_global,(mu+lambda),1.0
EE,ackley,4,942,9.241496456979803e-13,188630,30,200,n,intermedia_global,(mu+lambda),1.0
EE,ackley,4,943,9.241496456979803e-13,188830,30,200,n,intermedia_global,(mu+lambda),1.0
EE,ackley,4,944,9.241496456979803e-13,189030,30,200,n,intermedia_global,(mu+lambda),1.0
EE,ackley,4,945,9.241496456979803e-13,189230,30,200,n,intermedia_global,(mu+lambda),1.0
EE,ackley,4,946,9.241496456979803e-13,189430,30,200,n,intermedia_global,(mu+lambda),1.0
EE,ackley,4,947,9.241496456979803e-13,189630,30,200,n,intermedia_global,(mu+lambda),1.0
EE,ackley,4,948,9.241496456979803e-13,189830,30,200,n,intermedia_global,(mu+lambda),1.0
EE,ackley,4,949,9.241496456979803e-13,190030,30,200,n,intermedia_global,(mu+lambda),1.0
EE,ackley,4,950,9.241496456979803e-13,190230,30,200,n,intermedia_global,(mu+lambda),1.0
EE,ackley,4,951,9.241496456979803e-13,190430,30,200,n,intermedia_global,(mu+lambda),1.0
EE,ackley,4,952,9.241496456979803e-13,190630,30,200,n,intermedia_global,(mu+lambda),1.0
EE,ackley,4,953,9.241496456979803e-13,190830,30,200,n,intermedia_global,(mu+lambda),1.0
EE,ackley,4,954,9.241496456979803e-13,191030,30,200,n,intermedia_global,(mu+lambda),1.0
EE,ackley,4,955,9.241496456979803e-13,191230,30,200,n,intermedia_global,(mu+lambda),1.0
EE,ackley,4,956,9.241496456979803e-13,191430,30,200,n,intermedia_global,(mu+lambda),1.0
EE,ackley,4,957,9.241496456979803e-13,191630,30,200,n,intermedia_global,(mu+lambda),1.0
EE,ackley,4,958,9.241496456979803e-13,191830,30,200,n,intermedia_global,(mu+lambda),1.0
EE,ackley,4,959,9.241496456979803e-13,192030,30,200,n,intermedia_global,(mu+lambda),1.0
EE,ackley,4,960,9.241496456979803e-13,192230,30,200,n,intermedia_global,(mu+lambda),1.0
EE,ackley,4,961,9.241496456979803e-13,192430,30,200,n,intermedia_global,(mu+lambda),1.0
EE,ackley,4,962,9.241496456979803e-13,192630,30,200,n,intermedia_global,(mu+lambda),1.0
EE,ackley,4,963,9.241496456979803e-13,192830,30,200,n,intermedia_global,(mu+lambda),1.0
EE,ackley,4,964,9.241496456979803e-13,193030,30,200,n,intermedia_global,(mu+lambda),1.0
EE,ackley,4,965,9.241496456979803e-13,193230,30,200,n,intermedia_global,(mu+lambda),1.0
EE,ackley,4,966,9.241496456979803e-13,193430,30,200,n,intermedia_global,(mu+lambda),1.0
EE,ackley,4,967,9.241496456979803e-13,193630,30,200,n,intermedia_global,(mu+lambda),1.0
EE,ackley,4,968,9.241496456979803e-13,193830,30,200,n,intermedia_global,(mu+lambda),1.0
EE,ackley,4,969,9.241496456979803e-13,194030,30,200,n,intermedia_global,(mu+lambda),1.0
EE,ackley,4,970,9.241496456979803e-13,194230,30,200,n,intermedia_global,(mu+lambda),1.0
EE,ackley,4,971,9.241496456979803e-13,194430,30,200,n,intermedia_global,(mu+lambda),1.0
EE,ackley,4,972,9.241496456979803e-13,194630,30,200,n,intermedia_global,(mu+lambda),1.0
EE,ackley,4,973,9.241496456979803e-13,194830,30,200,n,intermedia_global,(mu+lambda),1.0
EE,ackley,4,974,9.241496456979803e-13,195030,30,200,n,intermedia_global,(mu+lambda),1.0
EE,ackley,4,975,9.241496456979803e-13,195230,30,200,n,intermedia_global,(mu+lambda),1.0
EE,ackley,4,976,9.241496456979803e-13,195430,30,200,n,intermedia_global,(mu+lambda),1.0
EE,ackley,4,977,9.241496456979803e-13,195630,30,200,n,intermedia_global,(mu+lambda),1.0
EE,ackley,4,978,9.241496456979803e-13,195830,30,200,n,intermedia_global,(mu+lambda),1.0
EE,ackley,4,979,9.241496456979803e-13,196030,30,200,n,intermedia_global,(mu+lambda),1.0
EE,ackley,4,980,9.241496456979803e-13,196230,30,200,n,intermedia_global,(mu+lambda),1.0
EE,ackley,4,981,9.241496456979803e-13,196430,30,200,n,intermedia_global,(mu+lambda),1.0
EE,ackley,4,982,9.241496456979803e-13,196630,30,200,n,intermedia_global,(mu+lambda),1.0
EE,ackley,4,983,9.241496456979803e-13,196830,30,200,n,intermedia_global,(mu+lambda),1.0
EE,ackley,4,984,9.241496456979803e-13,197030,30,200,n,intermedia_global,(mu+lambda),1.0
EE,ackley,4,985,9.241496456979803e-13,197230,30,200,n,intermedia_global,(mu+lambda),1.0
EE,ackley,4,986,9.241496456979803e-13,197430,30,200,n,intermedia_global,(mu+lambda),1.0
EE,ackley,4,987,9.241496456979803e-13,197630,30,200,n,intermedia_global,(mu+lambda),1.0
EE,ackley,4,988,9.241496456979803e-13,197830,30,200,n,intermedia_global,(mu+lambda),1.0
EE,ackley,4,989,9.241496456979803e-13,198030,30,200,n,intermedia_global,(mu+lambda),1.0
EE,ackley,4,990,9.241496456979803e-13,198230,30,200,n,intermedia_global,(mu+lambda),1.0
EE,ackley,4,991,9.241496456979803e-13,198430,30,200,n,intermedia_global,(mu+lambda),1.0
EE,ackley,4,992,9.241496456979803e-13,198630,30,200,n,intermedia_global,(mu+lambda),1.0
EE,ackley,4,993,9.241496456979803e-13,198830,30,200,n,intermedia_global,(mu+lambda),1.0
EE,ackley,4,994,9.241496456979803e-13,199030,30,200,n,intermedia_global,(mu+lambda),1.0
EE,ackley,4,995,9.241496456979803e-13,199230,30,200,n,intermedia_global,(mu+lambda),1.0
EE,ackley,4,996,9.241496456979803e-13,199430,30,200,n,intermedia_global,(mu+lambda),1.0
EE,ackley,4,997,9.241496456979803e-13,199630,30,200,n,intermedia_global,(mu+lambda),1.0
EE,ackley,4,998,9.241496456979803e-13,199830,30,200,n,intermedia_global,(mu+lambda),1.0
EE,ackley,4,999,9.241496456979803e-13,200030,30,200,n,intermedia_global,(mu+lambda),1.0
EE,ackley,4,1000,9.241496456979803e-13,200230,30,200,n,intermedia_global,(mu+lambda),1.0
EE,ackley,4,1001,9.241496456979803e-13,200430,30,200,n,intermedia_global,(mu+lambda),1.0
EE,ackley,4,1002,9.241496456979803e-13,200630,30,200,n,intermedia_global,(mu+lambda),1.0
EE,ackley,4,1003,9.241496456979803e-13,200830,30,200,n,intermedia_global,(mu+lambda),1.0
EE,ackley,4,1004,9.241496456979803e-13,201030,30,200,n,intermedia_global,(mu+lambda),1.0
EE,ackley,4,1005,9.241496456979803e-13,201230,30,200,n,intermedia_global,(mu+lambda),1.0
EE,ackley,4,1006,9.241496456979803e-13,201430,30,200,n,intermedia_global,(mu+lambda),1.0
EE,ackley,4,1007,9.241496456979803e-13,201630,30,200,n,intermedia_global,(mu+lambda),1.0
EE,ackley,4,1008,9.241496456979803e-13,201830,30,200,n,intermedia_global,(mu+lambda),1.0
EE,ackley,4,1009,9.241496456979803e-13,202030,30,200,n,intermedia_global,(mu+lambda),1.0
EE,ackley,4,1010,9.241496456979803e-13,202230,30,200,n,intermedia_global,(mu+lambda),1.0
EE,ackley,4,1011,9.241496456979803e-13,202430,30,200,n,intermedia_global,(mu+lambda),1.0
EE,ackley,4,1012,9.241496456979803e-13,202630,30,200,n,intermedia_global,(mu+lambda),1.0
EE,ackley,4,1013,9.241496456979803e-13,202830,30,200,n,intermedia_global,(mu+lambda),1.0
EE,ackley,4,1014,9.241496456979803e-13,203030,30,200,n,intermedia_global,(mu+lambda),1.0
EE,ackley,4,1015,9.241496456979803e-13,203230,30,200,n,intermedia_global,(mu+lambda),1.0
EE,ackley,4,1016,9.241496456979803e-13,203430,30,200,n,intermedia_global,(mu+lambda),1.0
EE,ackley,4,1017,9.241496456979803e-13,203630,30,200,n,intermedia_global,(mu+lambda),1.0
EE,ackley,4,1018,9.241496456979803e-13,203830,30,200,n,intermedia_global,(mu+lambda),1.0
EE,ackley,4,1019,9.241496456979803e-13,204030,30,200,n,intermedia_global,(mu+lambda),1.0
EE,ackley,4,1020,9.241496456979803e-13,204230,30,200,n,intermedia_global,(mu+lambda),1.0
EE,ackley,4,1021,9.241496456979803e-13,204430,30,200,n,intermedia_global,(mu+lambda),1.0
EE,ackley,4,1022,9.241496456979803e-13,204630,30,200,n,intermedia_global,(mu+lambda),1.0
EE,ackley,4,1023,9.241496456979803e-13,204830,30,200,n,intermedia_global,(mu+lambda),1.0
EE,ackley,4,1024,9.241496456979803e-13,205030,30,200,n,intermedia_global,(mu+lambda),1.0
EE,ackley,4,1025,9.241496456979803e-13,205230,30,200,n,intermedia_global,(mu+lambda),1.0
EE,ackley,4,1026,9.241496456979803e-13,205430,30,200,n,intermedia_global,(mu+lambda),1.0
EE,ackley,4,1027,9.241496456979803e-13,205630,30,200,n,intermedia_global,(mu+lambda),1.0
EE,ackley,4,1028,9.241496456979803e-13,205830,30,200,n,intermedia_global,(mu+lambda),1.0
EE,ackley,4,1029,9.241496456979803e-13,206030,30,200,n,intermedia_global,(mu+lambda),1.0
EE,ackley,4,1030,9.241496456979803e-13,206230,30,200,n,intermedia_global,(mu+lambda),1.0
EE,ackley,4,1031,9.241496456979803e-13,206430,30,200,n,intermedia_global,(mu+lambda),1.0
EE,ackley,4,1032,9.241496456979803e-13,206630,30,200,n,intermedia_global,(mu+lambda),1.0
EE,ackley,4,1033,9.241496456979803e-13,206830,30,200,n,intermedia_global,(mu+lambda),1.0
EE,ackley,4,1034,9.241496456979803e-13,207030,30,200,n,intermedia_global,(mu+lambda),1.0
EE,ackley,4,1035,9.241496456979803e-13,207230,30,200,n,intermedia_global,(mu+lambda),1.0
EE,ackley,4,1036,9.241496456979803e-13,207430,30,200,n,intermedia_global,(mu+lambda),1.0
EE,ackley,4,1037,9.241496456979803e-13,207630,30,200,n,intermedia_global,(mu+lambda),1.0
EE,ackley,4,1038,9.241496456979803e-13,207830,30,200,n,intermedia_global,(mu+lambda),1.0
EE,ackley,4,1039,9.241496456979803e-13,208030,30,200,n,intermedia_global,(mu+lambda),1.0
EE,ackley,4,1040,9.241496456979803e-13,208230,30,200,n,intermedia_global,(mu+lambda),1.0
EE,ackley,4,1041,9.241496456979803e-13,208430,30,200,n,intermedia_global,(mu+lambda),1.0
EE,ackley,4,1042,9.241496456979803e-13,208630,30,200,n,intermedia_global,(mu+lambda),1.0
EE,ackley,4,1043,9.241496456979803e-13,208830,30,200,n,intermedia_global,(mu+lambda),1.0
EE,ackley,4,1044,9.241496456979803e-13,209030,30,200,n,intermedia_global,(mu+lambda),1.0
EE,ackley,4,1045,9.241496456979803e-13,209230,30,200,n,intermedia_global,(mu+lambda),1.0
EE,ackley,4,1046,9.241496456979803e-13,209430,30,200,n,intermedia_global,(mu+lambda),1.0
EE,ackley,4,1047,9.241496456979803e-13,209630,30,200,n,intermedia_global,(mu+lambda),1.0
EE,ackley,4,1048,9.241496456979803e-13,209830,30,200,n,intermedia_global,(mu+lambda),1.0
EE,ackley,4,1049,9.241496456979803e-13,210030,30,200,n,intermedia_global,(mu+lambda),1.0
EE,ackley,4,1050,9.241496456979803e-13,210230,30,200,n,intermedia_global,(mu+lambda),1.0
EE,ackley,4,1051,9.241496456979803e-13,210430,30,200,n,intermedia_global,(mu+lambda),1.0
EE,ackley,4,1052,9.241496456979803e-13,210630,30,200,n,intermedia_global,(mu+lambda),1.0
EE,ackley,4,1053,9.241496456979803e-13,210830,30,200,n,intermedia_global,(mu+lambda),1.0
EE,ackley,4,1054,9.241496456979803e-13,211030,30,200,n,intermedia_global,(mu+lambda),1.0
EE,ackley,4,1055,9.241496456979803e-13,211230,30,200,n,intermedia_global,(mu+lambda),1.0
EE,ackley,4,1056,9.241496456979803e-13,211430,30,200,n,intermedia_global,(mu+lambda),1.0
EE,ackley,4,1057,9.241496456979803e-13,211630,30,200,n,intermedia_global,(mu+lambda),1.0
EE,ackley,4,1058,9.241496456979803e-13,211830,30,200,n,intermedia_global,(mu+lambda),1.0
EE,ackley,4,1059,9.241496456979803e-13,212030,30,200,n,intermedia_global,(mu+lambda),1.0
EE,ackley,4,1060,9.241496456979803e-13,212230,30,200,n,intermedia_global,(mu+lambda),1.0
EE,ackley,4,1061,9.241496456979803e-13,212430,30,200,n,intermedia_global,(mu+lambda),1.0
EE,ackley,4,1062,9.241496456979803e-13,212630,30,200,n,intermedia_global,(mu+lambda),1.0
EE,ackley,4,1063,9.241496456979803e-13,212830,30,200,n,intermedia_global,(mu+lambda),1.0
EE,ackley,4,1064,9.241496456979803e-13,213030,30,200,n,intermedia_global,(mu+lambda),1.0
EE,ackley,4,1065,9.241496456979803e-13,213230,30,200,n,intermedia_global,(mu+lambda),1.0
EE,ackley,4,1066,9.241496456979803e-13,213430,30,200,n,intermedia_global,(mu+lambda),1.0
EE,ackley,4,1067,9.241496456979803e-13,213630,30,200,n,intermedia_global,(mu+lambda),1.0
EE,ackley,4,1068,9.241496456979803e-13,213830,30,200,n,intermedia_global,(mu+lambda),1.0
EE,ackley,4,1069,9.241496456979803e-13,214030,30,200,n,intermedia_global,(mu+lambda),1.0
EE,ackley,4,1070,9.241496456979803e-13,214230,30,200,n,intermedia_global,(mu+lambda),1.0
EE,ackley,4,1071,9.241496456979803e-13,214430,30,200,n,intermedia_global,(mu+lambda),1.0
EE,ackley,4,1072,9.241496456979803e-13,214630,30,200,n,intermedia_global,(mu+lambda),1.0
EE,ackley,4,1073,9.241496456979803e-13,214830,30,200,n,intermedia_global,(mu+lambda),1.0
EE,ackley,4,1074,9.241496456979803e-13,215030,30,200,n,intermedia_global,(mu+lambda),1.0
EE,ackley,4,1075,9.241496456979803e-13,215230,30,200,n,intermedia_global,(mu+lambda),1.0
EE,ackley,4,1076,9.241496456979803e-13,215430,30,200,n,intermedia_global,(mu+lambda),1.0
EE,ackley,4,1077,9.241496456979803e-13,215630,30,200,n,intermedia_global,(mu+lambda),1.0
EE,ackley,4,1078,9.241496456979803e-13,215830,30,200,n,intermedia_global,(mu+lambda),1.0
EE,ackley,4,1079,9.241496456979803e-13,216030,30,200,n,intermedia_global,(mu+lambda),1.0
EE,ackley,4,1080,9.241496456979803e-13,216230,30,200,n,intermedia_global,(mu+lambda),1.0
EE,ackley,4,1081,9.241496456979803e-13,216430,30,200,n,intermedia_global,(mu+lambda),1.0
EE,ackley,4,1082,9.241496456979803e-13,216630,30,200,n,intermedia_global,(mu+lambda),1.0
EE,ackley,4,1083,9.241496456979803e-13,216830,30,200,n,intermedia_global,(mu+lambda),1.0
EE,ackley,4,1084,9.241496456979803e-13,217030,30,200,n,intermedia_global,(mu+lambda),1.0
EE,ackley,4,1085,9.241496456979803e-13,217230,30,200,n,intermedia_global,(mu+lambda),1.0
EE,ackley,4,1086,9.241496456979803e-13,217430,30,200,n,intermedia_global,(mu+lambda),1.0
EE,ackley,4,1087,9.241496456979803e-13,217630,30,200,n,intermedia_global,(mu+lambda),1.0
EE,ackley,4,1088,9.241496456979803e-13,217830,30,200,n,intermedia_global,(mu+lambda),1.0
EE,ackley,4,1089,9.241496456979803e-13,218030,30,200,n,intermedia_global,(mu+lambda),1.0
EE,ackley,4,1090,9.241496456979803e-13,218230,30,200,n,intermedia_global,(mu+lambda),1.0
EE,ackley,4,1091,9.241496456979803e-13,218430,30,200,n,intermedia_global,(mu+lambda),1.0
EE,ackley,4,1092,9.241496456979803e-13,218630,30,200,n,intermedia_global,(mu+lambda),1.0
EE,ackley,4,1093,9.241496456979803e-13,218830,30,200,n,intermedia_global,(mu+lambda),1.0
EE,ackley,4,1094,9.241496456979803e-13,219030,30,200,n,intermedia_global,(mu+lambda),1.0
EE,ackley,4,1095,9.241496456979803e-13,219230,30,200,n,intermedia_global,(mu+lambda),1.0
EE,ackley,4,1096,9.241496456979803e-13,219430,30,200,n,intermedia_global,(mu+lambda),1.0
EE,ackley,4,1097,9.241496456979803e-13,219630,30,200,n,intermedia_global,(mu+lambda),1.0
EE,ackley,4,1098,9.241496456979803e-13,219830,30,200,n,intermedia_global,(mu+lambda),1.0
EE,ackley,4,1099,9.241496456979803e-13,220030,30,200,n,intermedia_global,(mu+lambda),1.0
EE,ackley,4,1100,9.241496456979803e-13,220230,30,200,n,intermedia_global,(mu+lambda),1.0
EE,ackley,4,1101,9.241496456979803e-13,220430,30,200,n,intermedia_global,(mu+lambda),1.0
EE,ackley,4,1102,9.241496456979803e-13,220630,30,200,n,intermedia_global,(mu+lambda),1.0
EE,ackley,4,1103,9.241496456979803e-13,220830,30,200,n,intermedia_global,(mu+lambda),1.0
EE,ackley,4,1104,9.241496456979803e-13,221030,30,200,n,intermedia_global,(mu+lambda),1.0
EE,ackley,4,1105,9.241496456979803e-13,221230,30,200,n,intermedia_global,(mu+lambda),1.0
EE,ackley,4,1106,9.241496456979803e-13,221430,30,200,n,intermedia_global,(mu+lambda),1.0
EE,ackley,4,1107,9.241496456979803e-13,221630,30,200,n,intermedia_global,(mu+lambda),1.0
EE,ackley,4,1108,9.241496456979803e-13,221830,30,200,n,intermedia_global,(mu+lambda),1.0
EE,ackley,4,1109,9.241496456979803e-13,222030,30,200,n,intermedia_global,(mu+lambda),1.0
EE,ackley,4,1110,9.241496456979803e-13,222230,30,200,n,intermedia_global,(mu+lambda),1.0
EE,ackley,4,1111,9.241496456979803e-13,222430,30,200,n,intermedia_global,(mu+lambda),1.0
EE,ackley,4,1112,9.241496456979803e-13,222630,30,200,n,intermedia_global,(mu+lambda),1.0
EE,ackley,4,1113,9.241496456979803e-13,222830,30,200,n,intermedia_global,(mu+lambda),1.0
EE,ackley,4,1114,9.241496456979803e-13,223030,30,200,n,intermedia_global,(mu+lambda),1.0
EE,ackley,4,1115,9.241496456979803e-13,223230,30,200,n,intermedia_global,(mu+lambda),1.0
EE,ackley,4,1116,9.241496456979803e-13,223430,30,200,n,intermedia_global,(mu+lambda),1.0
EE,ackley,4,1117,9.241496456979803e-13,223630,30,200,n,intermedia_global,(mu+lambda),1.0
EE,ackley,4,1118,9.241496456979803e-13,223830,30,200,n,intermedia_global,(mu+lambda),1.0
EE,ackley,4,1119,9.241496456979803e-13,224030,30,200,n,intermedia_global,(mu+lambda),1.0
EE,ackley,4,1120,9.241496456979803e-13,224230,30,200,n,intermedia_global,(mu+lambda),1.0
EE,ackley,4,1121,9.241496456979803e-13,224430,30,200,n,intermedia_global,(mu+lambda),1.0
EE,ackley,4,1122,9.241496456979803e-13,224630,30,200,n,intermedia_global,(mu+lambda),1.0
EE,ackley,4,1123,9.241496456979803e-13,224830,30,200,n,intermedia_global,(mu+lambda),1.0
EE,ackley,4,1124,9.241496456979803e-13,225030,30,200,n,intermedia_global,(mu+lambda),1.0
EE,ackley,4,1125,9.241496456979803e-13,225230,30,200,n,intermedia_global,(mu+lambda),1.0
EE,ackley,4,1126,9.241496456979803e-13,225430,30,200,n,intermedia_global,(mu+lambda),1.0
EE,ackley,4,1127,9.241496456979803e-13,225630,30,200,n,intermedia_global,(mu+lambda),1.0
EE,ackley,4,1128,9.241496456979803e-13,225830,30,200,n,intermedia_global,(mu+lambda),1.0
EE,ackley,4,1129,9.241496456979803e-13,226030,30,200,n,intermedia_global,(mu+lambda),1.0
EE,ackley,4,1130,9.241496456979803e-13,226230,30,200,n,intermedia_global,(mu+lambda),1.0
EE,ackley,4,1131,9.241496456979803e-13,226430,30,200,n,intermedia_global,(mu+lambda),1.0
EE,ackley,4,1132,9.241496456979803e-13,226630,30,200,n,intermedia_global,(mu+lambda),1.0
EE,ackley,4,1133,9.241496456979803e-13,226830,30,200,n,intermedia_global,(mu+lambda),1.0
EE,ackley,4,1134,9.241496456979803e-13,227030,30,200,n,intermedia_global,(mu+lambda),1.0
EE,ackley,4,1135,9.241496456979803e-13,227230,30,200,n,intermedia_global,(mu+lambda),1.0
EE,ackley,4,1136,9.241496456979803e-13,227430,30,200,n,intermedia_global,(mu+lambda),1.0
EE,ackley,4,1137,9.241496456979803e-13,227630,30,200,n,intermedia_global,(mu+lambda),1.0
EE,ackley,4,1138,9.241496456979803e-13,227830,30,200,n,intermedia_global,(mu+lambda),1.0
EE,ackley,4,1139,9.241496456979803e-13,228030,30,200,n,intermedia_global,(mu+lambda),1.0
EE,ackley,4,1140,9.241496456979803e-13,228230,30,200,n,intermedia_global,(mu+lambda),1.0
EE,ackley,4,1141,9.241496456979803e-13,228430,30,200,n,intermedia_global,(mu+lambda),1.0
EE,ackley,4,1142,9.241496456979803e-13,228630,30,200,n,intermedia_global,(mu+lambda),1.0
EE,ackley,4,1143,9.241496456979803e-13,228830,30,200,n,intermedia_global,(mu+lambda),1.0
EE,ackley,4,1144,9.241496456979803e-13,229030,30,200,n,intermedia_global,(mu+lambda),1.0
EE,ackley,4,1145,9.241496456979803e-13,229230,30,200,n,intermedia_global,(mu+lambda),1.0
EE,ackley,4,1146,9.241496456979803e-13,229430,30,200,n,intermedia_global,(mu+lambda),1.0
EE,ackley,4,1147,9.241496456979803e-13,229630,30,200,n,intermedia_global,(mu+lambda),1.0
EE,ackley,4,1148,9.241496456979803e-13,229830,30,200,n,intermedia_global,(mu+lambda),1.0
EE,ackley,4,1149,9.241496456979803e-13,230030,30,200,n,intermedia_global,(mu+lambda),1.0
EE,ackley,4,1150,9.241496456979803e-13,230230,30,200,n,intermedia_global,(mu+lambda),1.0
EE,ackley,4,1151,9.241496456979803e-13,230430,30,200,n,intermedia_global,(mu+lambda),1.0
EE,ackley,4,1152,9.241496456979803e-13,230630,30,200,n,intermedia_global,(mu+lambda),1.0
EE,ackley,4,1153,9.241496456979803e-13,230830,30,200,n,intermedia_global,(mu+lambda),1.0
EE,ackley,4,1154,9.241496456979803e-13,231030,30,200,n,intermedia_global,(mu+lambda),1.0
EE,ackley,4,1155,9.241496456979803e-13,231230,30,200,n,intermedia_global,(mu+lambda),1.0
EE,ackley,4,1156,9.241496456979803e-13,231430,30,200,n,intermedia_global,(mu+lambda),1.0
EE,ackley,4,1157,9.241496456979803e-13,231630,30,200,n,intermedia_global,(mu+lambda),1.0
EE,ackley,4,1158,9.241496456979803e-13,231830,30,200,n,intermedia_global,(mu+lambda),1.0
EE,ackley,4,1159,9.241496456979803e-13,232030,30,200,n,intermedia_global,(mu+lambda),1.0
EE,ackley,4,1160,9.241496456979803e-13,232230,30,200,n,intermedia_global,(mu+lambda),1.0
EE,ackley,4,1161,9.241496456979803e-13,232430,30,200,n,intermedia_global,(mu+lambda),1.0
EE,ackley,4,1162,9.241496456979803e-13,232630,30,200,n,intermedia_global,(mu+lambda),1.0
EE,ackley,4,1163,9.241496456979803e-13,232830,30,200,n,intermedia_global,(mu+lambda),1.0
EE,ackley,4,1164,9.241496456979803e-13,233030,30,200,n,intermedia_global,(mu+lambda),1.0
EE,ackley,4,1165,9.241496456979803e-13,233230,30,200,n,intermedia_global,(mu+lambda),1.0
EE,ackley,4,1166,9.241496456979803e-13,233430,30,200,n,intermedia_global,(mu+lambda),1.0
EE,ackley,4,1167,9.241496456979803e-13,233630,30,200,n,intermedia_global,(mu+lambda),1.0
EE,ackley,4,1168,9.241496456979803e-13,233830,30,200,n,intermedia_global,(mu+lambda),1.0
EE,ackley,4,1169,9.241496456979803e-13,234030,30,200,n,intermedia_global,(mu+lambda),1.0
EE,ackley,4,1170,9.241496456979803e-13,234230,30,200,n,intermedia_global,(mu+lambda),1.0
EE,ackley,4,1171,9.241496456979803e-13,234430,30,200,n,intermedia_global,(mu+lambda),1.0
EE,ackley,4,1172,9.241496456979803e-13,234630,30,200,n,intermedia_global,(mu+lambda),1.0
EE,ackley,4,1173,9.241496456979803e-13,234830,30,200,n,intermedia_global,(mu+lambda),1.0
EE,ackley,4,1174,9.241496456979803e-13,235030,30,200,n,intermedia_global,(mu+lambda),1.0
EE,ackley,4,1175,9.241496456979803e-13,235230,30,200,n,intermedia_global,(mu+lambda),1.0
EE,ackley,4,1176,9.241496456979803e-13,235430,30,200,n,intermedia_global,(mu+lambda),1.0
EE,ackley,4,1177,9.241496456979803e-13,235630,30,200,n,intermedia_global,(mu+lambda),1.0
EE,ackley,4,1178,9.241496456979803e-13,235830,30,200,n,intermedia_global,(mu+lambda),1.0
EE,ackley,4,1179,9.241496456979803e-13,236030,30,200,n,intermedia_global,(mu+lambda),1.0
EE,ackley,4,1180,9.241496456979803e-13,236230,30,200,n,intermedia_global,(mu+lambda),1.0
EE,ackley,4,1181,9.241496456979803e-13,236430,30,200,n,intermedia_global,(mu+lambda),1.0
EE,ackley,4,1182,9.241496456979803e-13,236630,30,200,n,intermedia_global,(mu+lambda),1.0
EE,ackley,4,1183,9.241496456979803e-13,236830,30,200,n,intermedia_global,(mu+lambda),1.0
EE,ackley,4,1184,9.241496456979803e-13,237030,30,200,n,intermedia_global,(mu+lambda),1.0
EE,ackley,4,1185,9.241496456979803e-13,237230,30,200,n,intermedia_global,(mu+lambda),1.0
EE,ackley,4,1186,9.241496456979803e-13,237430,30,200,n,intermedia_global,(mu+lambda),1.0
EE,ackley,4,1187,9.241496456979803e-13,237630,30,200,n,intermedia_global,(mu+lambda),1.0
EE,ackley,4,1188,9.241496456979803e-13,237830,30,200,n,intermedia_global,(mu+lambda),1.0
EE,ackley,4,1189,9.241496456979803e-13,238030,30,200,n,intermedia_global,(mu+lambda),1.0
EE,ackley,4,1190,9.241496456979803e-13,238230,30,200,n,intermedia_global,(mu+lambda),1.0
EE,ackley,4,1191,9.241496456979803e-13,238430,30,200,n,intermedia_global,(mu+lambda),1.0
EE,ackley,4,1192,9.241496456979803e-13,238630,30,200,n,intermedia_global,(mu+lambda),1.0
EE,ackley,4,1193,9.241496456979803e-13,238830,30,200,n,intermedia_global,(mu+lambda),1.0
EE,ackley,4,1194,9.241496456979803e-13,239030,30,200,n,intermedia_global,(mu+lambda),1.0
EE,ackley,4,1195,9.241496456979803e-13,239230,30,200,n,intermedia_global,(mu+lambda),1.0
EE,ackley,4,1196,9.241496456979803e-13,239430,30,200,n,intermedia_global,(mu+lambda),1.0
EE,ackley,4,1197,9.241496456979803e-13,239630,30,200,n,intermedia_global,(mu+lambda),1.0
EE,ackley,4,1198,9.241496456979803e-13,239830,30,200,n,intermedia_global,(mu+lambda),1.0
EE,ackley,4,1199,9.241496456979803e-13,240030,30,200,n,intermedia_global,(mu+lambda),1.0
