algoritmo,funcion,ejecucion,generacion,mejor_fitness,evaluaciones,np,F,CR,variante
DE,ackley,0,0,19.15909429620917,60,30,0.8,0.2,rand
DE,ackley,0,1,19.15909429620917,90,30,0.8,0.2,rand
DE,ackley,0,2,19.15909429620917,120,30,0.8,0.2,rand
DE,ackley,0,3,19.15909429620917,150,30,0.8,0.2,rand
DE,ackley,0,4,19.15909429620917,180,30,0.8,0.2,rand
DE,ackley,0,5,19.15909429620917,210,30,0.8,0.2,rand
DE,ackley,0,6,19.15909429620917,240,30,0.8,0.2,rand
DE,ackley,0,7,19.15909429620917,270,30,0.8,0.2,rand
DE,ackley,0,8,19.15909429620917,300,30,0.8,0.2,rand
DE,ackley,0,9,19.15909429620917,330,30,0.8,0.2,rand
DE,ackley,0,10,19.15909429620917,360,30,0.8,0.2,rand
DE,ackley,0,11,19.15909429620917,390,30,0.8,0.2,rand
DE,ackley,0,12,18.759634593541467,420,30,0.8,0.2,rand
DE,ackley,0,13,18.759634593541467,450,30,0.8,0.2,rand
DE,ackley,0,14,18.759634593541467,480,30,0.8,0.2,rand
DE,ackley,0,15,18.759634593541467,510,30,0.8,0.2,rand
DE,ackley,0,16,16.742639829897854,540,30,0.8,0.2,rand
DE,ackley,0,17,16.742639829897854,570,30,0.8,0.2,rand
DE,ackley,0,18,16.644306492395156,600,30,0.8,0.2,rand
DE,ackley,0,19,16.644306492395156,630,30,0.8,0.2,rand
DE,ackley,0,20,16.644306492395156,660,30,0.8,0.2,rand
DE,ackley,0,21,16.644306492395156,690,30,0.8,0.2,rand
DE,ackley,0,22,16.644306492395156,720,30,0.8,0.2,rand
DE,ackley,0,23,16.3209494939331,750,30,0.8,0.2,rand
DE,ackley,0,24,16.3209494939331,780,30,0.8,0.2,rand
DE,ackley,0,25,16.3209494939331,810,30,0.8,0.2,rand
DE,ackley,0,26,16.3209494939331,840,30,0.8,0.2,rand
DE,ackley,0,27,16.3209494939331,870,30,0.8,0.2,rand
DE,ackley,0,28,16.3209494939331,900,30,0.8,0.2,rand
DE,ackley,0,29,15.548821992772975,930,30,0.8,0.2,rand
DE,ackley,0,30,15.406498901049668,960,30,0.8,0.2,rand
DE,ackley,0,31,15.406498901049668,990,30,0.8,0.2,rand
DE,ackley,0,32,15.406498901049668,1020,30,0.8,0.2,rand
DE,ackley,0,33,15.406498901049668,1050,30,0.8,0.2,rand
DE,ackley,0,34,15.029136307178359,1080,30,0.8,0.2,rand
DE,ackley,0,35,15.029136307178359,1110,30,0.8,0.2,rand
DE,ackley,0,36,15.029136307178359,1140,30,0.8,0.2,rand
DE,ackley,0,37,11.41814426255314,1170,30,0.8,0.2,rand
DE,ackley,0,38,11.41814426255314,1200,30,0.8,0.2,rand
DE,ackley,0,39,11.41814426255314,1230,30,0.8,0.2,rand
DE,ackley,0,40,11.41814426255314,1260,30,0.8,0.2,rand
DE,ackley,0,41,11.41814426255314,1290,30,0.8,0.2,rand
DE,ackley,0,42,11.41814426255314,1320,30,0.8,0.2,rand
DE,ackley,0,43,11.41814426255314,1350,30,0.8,0.2,rand
DE,ackley,0,44,11.41814426255314,1380,30,0.8,0.2,rand
DE,ackley,0,45,11.41814426255314,1410,30,0.8,0.2,rand
DE,ackley,0,46,11.41814426255314,1440,30,0.8,0.2,rand
DE,ackley,0,47,8.890087726746367,1470,30,0.8,0.2,rand
DE,ackley,0,48,8.890087726746367,1500,30,0.8,0.2,rand
DE,ackley,0,49,8.890087726746367,1530,30,0.8,0.2,rand
DE,ackley,0,50,8.890087726746367,1560,30,0.8,0.2,rand
DE,ackley,0,51,8.890087726746367,1590,30,0.8,0.2,rand
DE,ackley,0,52,8.890087726746367,1620,30,0.8,0.2,rand
DE,ackley,0,53,8.890087726746367,1650,30,0.8,0.2,rand
DE,ackley,0,54,8.890087726746367,1680,30,0.8,0.2,rand
DE,ackley,0,55,8.890087726746367,1710,30,0.8,0.2,rand
DE,ackley,0,56,8.890087726746367,1740,30,0.8,0.2,rand
DE,ackley,0,57,8.890087726746367,1770,30,0.8,0.2,rand
DE,ackley,0,58,8.890087726746367,1800,30,0.8,0.2,rand
DE,ackley,0,59,8.890087726746367,1830,30,0.8,0.2,rand
DE,ackley,0,60,8.890087726746367,1860,30,0.8,0.2,rand
DE,ackley,0,61,8.890087726746367,1890,30,0.8,0.2,rand
DE,ackley,0,62,8.890087726746367,1920,30,0.8,0.2,rand
DE,ackley,0,63,7.7298807678366135,1950,30,0.8,0.2,rand
DE,ackley,0,64,7.7298807678366135,1980,30,0.8,0.2,rand
DE,ackley,0,65,7.7298807678366135,2010,30,0.8,0.2,rand
DE,ackley,0,66,7.602157437812577,2040,30,0.8,0.2,rand
DE,ackley,0,67,7.602157437812577,2070,30,0.8,0.2,rand
DE,ackley,0,68,6.810277909166922,2100,30,0.8,0.2,rand
DE,ackley,0,69,6.810277909166922,2130,30,0.8,0.2,rand
DE,ackley,0,70,6.810277909166922,2160,30,0.8,0.2,rand
DE,ackley,0,71,6.165766771265545,2190,30,0.8,0.2,rand
DE,ackley,0,72,6.165766771265545,2220,30,0.8,0.2,rand
DE,ackley,0,73,6.165766771265545,2250,30,0.8,0.2,rand
DE,ackley,0,74,6.165766771265545,2280,30,0.8,0.2,rand
DE,ackley,0,75,6.102227340326468,2310,30,0.8,0.2,rand
DE,ackley,0,76,6.102227340326468,2340,30,0.8,0.2,rand
DE,ackley,0,77,6.102227340326468,2370,30,0.8,0.2,rand
DE,ackley,0,78,6.102227340326468,2400,30,0.8,0.2,rand
DE,ackley,0,79,6.102227340326468,2430,30,0.8,0.2,rand
DE,ackley,0,80,5.803385022039823,2460,30,0.8,0.2,rand
DE,ackley,0,81,5.803385022039823,2490,30,0.8,0.2,rand
DE,ackley,0,82,5.803385022039823,2520,30,0.8,0.2,rand
DE,ackley,0,83,5.803385022039823,2550,30,0.8,0.2,rand
DE,ackley,0,84,4.763065322243634,2580,30,0.8,0.2,rand
DE,ackley,0,85,4.763065322243634,2610,30,0.8,0.2,rand
DE,ackley,0,86,4.763065322243634,2640,30,0.8,0.2,rand
DE,ackley,0,87,4.763065322243634,2670,30,0.8,0.2,rand
DE,ackley,0,88,4.763065322243634,2700,30,0.8,0.2,rand
DE,ackley,0,89,4.763065322243634,2730,30,0.8,0.2,rand
DE,ackley,0,90,4.763065322243634,2760,30,0.8,0.2,rand
DE,ackley,0,91,4.716637116204446,2790,30,0.8,0.2,rand
DE,ackley,0,92,4.4791413492717425,2820,30,0.8,0.2,rand
DE,ackley,0,93,4.4791413492717425,2850,30,0.8,0.2,rand
DE,ackley,0,94,3.974106101186973,2880,30,0.8,0.2,rand
DE,ackley,0,95,3.974106101186973,2910,30,0.8,0.2,rand
DE,ackley,0,96,3.974106101186973,2940,30,0.8,0.2,rand
DE,ackley,0,97,3.974106101186973,2970,30,0.8,0.2,rand
DE,ackley,0,98,3.974106101186973,3000,30,0.8,0.2,rand
DE,ackley,0,99,3.974106101186973,3030,30,0.8,0.2,rand
DE,ackley,0,100,3.974106101186973,3060,30,0.8,0.2,rand
DE,ackley,0,101,3.2582693607784354,3090,30,0.8,0.2,rand
DE,ackley,0,102,3.2582693607784354,3120,30,0.8,0.2,rand
DE,ackley,0,103,3.217555831531364,3150,30,0.8,0.2,rand
DE,ackley,0,104,3.217555831531364,3180,30,0.8,0.2,rand
DE,ackley,0,105,3.217555831531364,3210,30,0.8,0.2,rand
DE,ackley,0,106,3.217555831531364,3240,30,0.8,0.2,rand
DE,ackley,0,107,3.217555831531364,3270,30,0.8,0.2,rand
DE,ackley,0,108,3.217555831531364,3300,30,0.8,0.2,rand
DE,ackley,0,109,3.217555831531364,3330,30,0.8,0.2,rand
DE,ackley,0,110,3.1944416667339692,3360,30,0.8,0.2,rand
DE,ackley,0,111,3.1944416667339692,3390,30,0.8,0.2,rand
DE,ackley,0,112,3.1944416667339692,3420,30,0.8,0.2,rand
DE,ackley,0,113,3.1944416667339692,3450,30,0.8,0.2,rand
DE,ackley,0,114,3.0419597014420643,3480,30,0.8,0.2,rand
DE,ackley,0,115,3.0419597014420643,3510,30,0.8,0.2,rand
DE,ackley,0,116,2.8166259243279836,3540,30,0.8,0.2,rand
DE,ackley,0,117,2.8166259243279836,3570,30,0.8,0.2,rand
DE,ackley,0,118,2.7628556617513067,3600,30,0.8,0.2,rand
DE,ackley,0,119,2.7203245337428794,3630,30,0.8,0.2,rand
DE,ackley,0,120,2.7203245337428794,3660,30,0.8,0.2,rand
DE,ackley,0,121,2.7203245337428794,3690,30,0.8,0.2,rand
DE,ackley,0,122,2.7203245337428794,3720,30,0.8,0.2,rand
DE,ackley,0,123,2.7203245337428794,3750,30,0.8,0.2,rand
DE,ackley,0,124,2.7203245337428794,3780,30,0.8,0.2,rand
DE,ackley,0,125,2.7203245337428794,3810,30,0.8,0.2,rand
DE,ackley,0,126,2.7203245337428794,3840,30,0.8,0.2,rand
DE,ackley,0,127,2.7203245337428794,3870,30,0.8,0.2,rand
DE,ackley,0,128,2.7203245337428794,3900,30,0.8,0.2,rand
DE,ackley,0,129,2.4244191137876894,3930,30,0.8,0.2,rand
DE,ackley,0,130,2.4244191137876894,3960,30,0.8,0.2,rand
DE,ackley,0,131,2.4244191137876894,3990,30,0.8,0.2,rand
DE,ackley,0,132,2.4244191137876894,4020,30,0.8,0.2,rand
DE,ackley,0,133,2.4244191137876894,4050,30,0.8,0.2,rand
DE,ackley,0,134,2.3809906254069486,4080,30,0.8,0.2,rand
DE,ackley,0,135,2.3809906254069486,4110,30,0.8,0.2,rand
DE,ackley,0,136,2.118426344444416,4140,30,0.8,0.2,rand
DE,ackley,0,137,2.0825967370652028,4170,30,0.8,0.2,rand
DE,ackley,0,138,1.713522743397768,4200,30,0.8,0.2,rand
DE,ackley,0,139,1.713522743397768,4230,30,0.8,0.2,rand
DE,ackley,0,140,1.713522743397768,4260,30,0.8,0.2,rand
DE,ackley,0,141,1.713522743397768,4290,30,0.8,0.2,rand
DE,ackley,0,142,1.713522743397768,4320,30,0.8,0.2,rand
DE,ackley,0,143,1.713522743397768,4350,30,0.8,0.2,rand
DE,ackley,0,144,1.713522743397768,4380,30,0.8,0.2,rand
DE,ackley,0,145,1.713522743397768,4410,30,0.8,0.2,rand
DE,ackley,0,146,1.5519899053732797,4440,30,0.8,0.2,rand
DE,ackley,0,147,1.5519899053732797,4470,30,0.8,0.2,rand
DE,ackley,0,148,1.5519899053732797,4500,30,0.8,0.2,rand
DE,ackley,0,149,1.5519899053732797,4530,30,0.8,0.2,rand
DE,ackley,0,150,1.2663107722918068,4560,30,0.8,0.2,rand
DE,ackley,0,151,0.8389436809302393,4590,30,0.8,0.2,rand
DE,ackley,0,152,0.8389436809302393,4620,30,0.8,0.2,rand
DE,ackley,0,153,0.8389436809302393,4650,30,0.8,0.2,rand
DE,ackley,0,154,0.8389436809302393,4680,30,0.8,0.2,rand
DE,ackley,0,155,0.8389436809302393,4710,30,0.8,0.2,rand
DE,ackley,0,156,0.8389436809302393,4740,30,0.8,0.2,rand
DE,ackley,0,157,0.8389436809302393,4770,30,0.8,0.2,rand
DE,ackley,0,158,0.8389436809302393,4800,30,0.8,0.2,rand
DE,ackley,0,159,0.8389436809302393,4830,30,0.8,0.2,rand
DE,ackley,0,160,0.8389436809302393,4860,30,0.8,0.2,rand
DE,ackley,0,161,0.8389436809302393,4890,30,0.8,0.2,rand
DE,ackley,0,162,0.7944579240415206,4920,30,0.8,0.2,rand
DE,ackley,0,163,0.7944579240415206,4950,30,0.8,0.2,rand
DE,ackley,0,164,0.7758508324169573,4980,30,0.8,0.2,rand
DE,ackley,0,165,0.7758508324169573,5010,30,0.8,0.2,rand
DE,ackley,0,166,0.7758508324169573,5040,30,0.8,0.2,rand
DE,ackley,0,167,0.6799579447542894,5070,30,0.8,0.2,rand
DE,ackley,0,168,0.6799579447542894,5100,30,0.8,0.2,rand
DE,ackley,0,169,0.6799579447542894,5130,30,0.8,0.2,rand
DE,ackley,0,170,0.6799579447542894,5160,30,0.8,0.2,rand
DE,ackley,0,171,0.47241066294273226,5190,30,0.8,0.2,rand
DE,ackley,0,172,0.47241066294273226,5220,30,0.8,0.2,rand
DE,ackley,0,173,0.47241066294273226,5250,30,0.8,0.2,rand
DE,ackley,0,174,0.47241066294273226,5280,30,0.8,0.2,rand
DE,ackley,0,175,0.47241066294273226,5310,30,0.8,0.2,rand
DE,ackley,0,176,0.47241066294273226,5340,30,0.8,0.2,rand
DE,ackley,0,177,0.44310756036539845,5370,30,0.8,0.2,rand
DE,ackley,0,178,0.44310756036539845,5400,30,0.8,0.2,rand
DE,ackley,0,179,0.4166271272385029,5430,30,0.8,0.2,rand
DE,ackley,0,180,0.4166271272385029,5460,30,0.8,0.2,rand
DE,ackley,0,181,0.3126924812404863,5490,30,0.8,0.2,rand
DE,ackley,0,182,0.3126924812404863,5520,30,0.8,0.2,rand
DE,ackley,0,183,0.3126924812404863,5550,30,0.8,0.2,rand
DE,ackley,0,184,0.24612147840543885,5580,30,0.8,0.2,rand
DE,ackley,0,185,0.2359684838063285,5610,30,0.8,0.2,rand
DE,ackley,0,186,0.2359684838063285,5640,30,0.8,0.2,rand
DE,ackley,0,187,0.19490218982313623,5670,30,0.8,0.2,rand
DE,ackley,0,188,0.19490218982313623,5700,30,0.8,0.2,rand
DE,ackley,0,189,0.19490218982313623,5730,30,0.8,0.2,rand
DE,ackley,0,190,0.19490218982313623,5760,30,0.8,0.2,rand
DE,ackley,0,191,0.19490218982313623,5790,30,0.8,0.2,rand
DE,ackley,0,192,0.19490218982313623,5820,30,0.8,0.2,rand
DE,ackley,0,193,0.19490218982313623,5850,30,0.8,0.2,rand
DE,ackley,0,194,0.19490218982313623,5880,30,0.8,0.2,rand
DE,ackley,0,195,0.19490218982313623,5910,30,0.8,0.2,rand
DE,ackley,0,196,0.18218277680187756,5940,30,0.8,0.2,rand
DE,ackley,0,197,0.18218277680187756,5970,30,0.8,0.2,rand
DE,ackley,0,198,0.1711856881577316,6000,30,0.8,0.2,rand
DE,ackley,0,199,0.16877872816362016,6030,30,0.8,0.2,rand
DE,ackley,0,200,0.16877872816362016,6060,30,0.8,0.2,rand
DE,ackley,0,201,0.16877872816362016,6090,30,0.8,0.2,rand
DE,ackley,0,202,0.16877872816362016,6120,30,0.8,0.2,rand
DE,ackley,0,203,0.1457064983546208,6150,30,0.8,0.2,rand
DE,ackley,0,204,0.1457064983546208,6180,30,0.8,0.2,rand
DE,ackley,0,205,0.11806631620424612,6210,30,0.8,0.2,rand
DE,ackley,0,206,0.11806631620424612,6240,30,0.8,0.2,rand
DE,ackley,0,207,0.11806631620424612,6270,30,0.8,0.2,rand
DE,ackley,0,208,0.11806631620424612,6300,30,0.8,0.2,rand
DE,ackley,0,209,0.11806631620424612,6330,30,0.8,0.2,rand
DE,ackley,0,210,0.11645364948311654,6360,30,0.8,0.2,rand
DE,ackley,0,211,0.11645364948311654,6390,30,0.8,0.2,rand
DE,ackley,0,212,0.11552164323151404,6420,30,0.8,0.2,rand
DE,ackley,0,213,0.11552164323151404,6450,30,0.8,0.2,rand
DE,ackley,0,214,0.08614956976047283,6480,30,0.8,0.2,rand
DE,ackley,0,215,0.08614956976047283,6510,30,0.8,0.2,rand
DE,ackley,0,216,0.08614956976047283,6540,30,0.8,0.2,rand
DE,ackley,0,217,0.08614956976047283,6570,30,0.8,0.2,rand
DE,ackley,0,218,0.07446710450537397,6600,30,0.8,0.2,rand
DE,ackley,0,219,0.06698267728948837,6630,30,0.8,0.2,rand
DE,ackley,0,220,0.06698267728948837,6660,30,0.8,0.2,rand
DE,ackley,0,221,0.05162392987559672,6690,30,0.8,0.2,rand
DE,ackley,0,222,0.05162392987559672,6720,30,0.8,0.2,rand
DE,ackley,0,223,0.05162392987559672,6750,30,0.8,0.2,rand
DE,ackley,0,224,0.04157575568549676,6780,30,0.8,0.2,rand
DE,ackley,0,225,0.04157575568549676,6810,30,0.8,0.2,rand
DE,ackley,0,226,0.04157575568549676,6840,30,0.8,0.2,rand
DE,ackley,0,227,0.04157575568549676,6870,30,0.8,0.2,rand
DE,ackley,0,228,0.04157575568549676,6900,30,0.8,0.2,rand
DE,ackley,0,229,0.039912643110604495,6930,30,0.8,0.2,rand
DE,ackley,0,230,0.039912643110604495,6960,30,0.8,0.2,rand
DE,ackley,0,231,0.039912643110604495,6990,30,0.8,0.2,rand
DE,ackley,0,232,0.039912643110604495,7020,30,0.8,0.2,rand
DE,ackley,0,233,0.03990603062677467,7050,30,0.8,0.2,rand
DE,ackley,0,234,0.03990603062677467,7080,30,0.8,0.2,rand
DE,ackley,0,235,0.038071873858801286,7110,30,0.8,0.2,rand
DE,ackley,0,236,0.038071873858801286,7140,30,0.8,0.2,rand
DE,ackley,0,237,0.02934961787648449,7170,30,0.8,0.2,rand
DE,ackley,0,238,0.02934961787648449,7200,30,0.8,0.2,rand
DE,ackley,0,239,0.02934961787648449,7230,30,0.8,0.2,rand
DE,ackley,0,240,0.02934961787648449,7260,30,0.8,0.2,rand
DE,ackley,0,241,0.02934961787648449,7290,30,0.8,0.2,rand
DE,ackley,0,242,0.02934961787648449,7320,30,0.8,0.2,rand
DE,ackley,0,243,0.02934961787648449,7350,30,0.8,0.2,rand
DE,ackley,0,244,0.029100846774348543,7380,30,0.8,0.2,rand
DE,ackley,0,245,0.027120901414168674,7410,30,0.8,0.2,rand
DE,ackley,0,246,0.027120901414168674,7440,30,0.8,0.2,rand
DE,ackley,0,247,0.026863199417303196,7470,30,0.8,0.2,rand
DE,ackley,0,248,0.022438372820584807,7500,30,0.8,0.2,rand
DE,ackley,0,249,0.019978474019400227,7530,30,0.8,0.2,rand
DE,ackley,0,250,0.019978474019400227,7560,30,0.8,0.2,rand
DE,ackley,0,251,0.019978474019400227,7590,30,0.8,0.2,rand
DE,ackley,0,252,0.019978474019400227,7620,30,0.8,0.2,rand
DE,ackley,0,253,0.019978474019400227,7650,30,0.8,0.2,rand
DE,ackley,0,254,0.019978474019400227,7680,30,0.8,0.2,rand
DE,ackley,0,255,0.016862216566789545,7710,30,0.8,0.2,rand
DE,ackley,0,256,0.016862216566789545,7740,30,0.8,0.2,rand
DE,ackley,0,257,0.013958954727663286,7770,30,0.8,0.2,rand
DE,ackley,0,258,0.013958954727663286,7800,30,0.8,0.2,rand
DE,ackley,0,259,0.013958954727663286,7830,30,0.8,0.2,rand
DE,ackley,0,260,0.013958954727663286,7860,30,0.8,0.2,rand
DE,ackley,0,261,0.013958954727663286,7890,30,0.8,0.2,rand
DE,ackley,0,262,0.013958954727663286,7920,30,0.8,0.2,rand
DE,ackley,0,263,0.013958954727663286,7950,30,0.8,0.2,rand
DE,ackley,0,264,0.01255092341595132,7980,30,0.8,0.2,rand
DE,ackley,0,265,0.01255092341595132,8010,30,0.8,0.2,rand
DE,ackley,0,266,0.01255092341595132,8040,30,0.8,0.2,rand
DE,ackley,0,267,0.010335935786077943,8070,30,0.8,0.2,rand
DE,ackley,0,268,0.010335935786077943,8100,30,0.8,0.2,rand
DE,ackley,0,269,0.010335935786077943,8130,30,0.8,0.2,rand
DE,ackley,0,270,0.010166989289580375,8160,30,0.8,0.2,rand
DE,ackley,0,271,0.010166989289580375,8190,30,0.8,0.2,rand
DE,ackley,0,272,0.010166989289580375,8220,30,0.8,0.2,rand
DE,ackley,0,273,0.007027653546011425,8250,30,0.8,0.2,rand
DE,ackley,0,274,0.007027653546011425,8280,30,0.8,0.2,rand
DE,ackley,0,275,0.007027653546011425,8310,30,0.8,0.2,rand
DE,ackley,0,276,0.007027653546011425,8340,30,0.8,0.2,rand
DE,ackley,0,277,0.007027653546011425,8370,30,0.8,0.2,rand
DE,ackley,0,278,0.006671333585398731,8400,30,0.8,0.2,rand
DE,ackley,0,279,0.006671333585398731,8430,30,0.8,0.2,rand
DE,ackley,0,280,0.006671333585398731,8460,30,0.8,0.2,rand
DE,ackley,0,281,0.006671333585398731,8490,30,0.8,0.2,rand
DE,ackley,0,282,0.006671333585398731,8520,30,0.8,0.2,rand
DE,ackley,0,283,0.006671333585398731,8550,30,0.8,0.2,rand
DE,ackley,0,284,0.005843097394433006,8580,30,0.8,0.2,rand
DE,ackley,0,285,0.005843097394433006,8610,30,0.8,0.2,rand
DE,ackley,0,286,0.005843097394433006,8640,30,0.8,0.2,rand
DE,ackley,0,287,0.005843097394433006,8670,30,0.8,0.2,rand
DE,ackley,0,288,0.005843097394433006,8700,30,0.8,0.2,rand
DE,ackley,0,289,0.005843097394433006,8730,30,0.8,0.2,rand
DE,ackley,0,290,0.005500448404764047,8760,30,0.8,0.2,rand
DE,ackley,0,291,0.0050131615733879364,8790,30,0.8,0.2,rand
DE,ackley,0,292,0.004419397078866627,8820,30,0.8,0.2,rand
DE,ackley,0,293,0.004419397078866627,8850,30,0.8,0.2,rand
DE,ackley,0,294,0.00421895511438608,8880,30,0.8,0.2,rand
DE,ackley,0,295,0.00421895511438608,8910,30,0.8,0.2,rand
DE,ackley,0,296,0.00421895511438608,8940,30,0.8,0.2,rand
DE,ackley,0,297,0.00421895511438608,8970,30,0.8,0.2,rand
DE,ackley,0,298,0.00421895511438608,9000,30,0.8,0.2,rand
DE,ackley,0,299,0.00393086225799566,9030,30,0.8,0.2,rand
DE,ackley,0,300,0.002829302121821531,9060,30,0.8,0.2,rand
DE,ackley,0,301,0.002829302121821531,9090,30,0.8,0.2,rand
DE,ackley,0,302,0.002829302121821531,9120,30,0.8,0.2,rand
DE,ackley,0,303,0.002829302121821531,9150,30,0.8,0.2,rand
DE,ackley,0,304,0.002829302121821531,9180,30,0.8,0.2,rand
DE,ackley,0,305,0.002829302121821531,9210,30,0.8,0.2,rand
DE,ackley,0,306,0.002740866637996664,9240,30,0.8,0.2,rand
DE,ackley,0,307,0.002740866637996664,9270,30,0.8,0.2,rand
DE,ackley,0,308,0.002740866637996664,9300,30,0.8,0.2,rand
DE,ackley,0,309,0.002740866637996664,9330,30,0.8,0.2,rand
DE,ackley,0,310,0.002740866637996664,9360,30,0.8,0.2,rand
DE,ackley,0,311,0.002740866637996664,9390,30,0.8,0.2,rand
DE,ackley,0,312,0.002740866637996664,9420,30,0.8,0.2,rand
DE,ackley,0,313,0.002341307109493318,9450,30,0.8,0.2,rand
DE,ackley,0,314,0.002341307109493318,9480,30,0.8,0.2,rand
DE,ackley,0,315,0.002341307109493318,9510,30,0.8,0.2,rand
DE,ackley,0,316,0.002341307109493318,9540,30,0.8,0.2,rand
DE,ackley,0,317,0.0014914552733427122,9570,30,0.8,0.2,rand
DE,ackley,0,318,0.0012772368876707851,9600,30,0.8,0.2,rand
DE,ackley,0,319,0.0012772368876707851,9630,30,0.8,0.2,rand
DE,ackley,0,320,0.0012772368876707851,9660,30,0.8,0.2,rand
DE,ackley,0,321,0.0012772368876707851,9690,30,0.8,0.2,rand
DE,ackley,0,322,0.0012772368876707851,9720,30,0.8,0.2,rand
DE,ackley,0,323,0.0012772368876707851,9750,30,0.8,0.2,rand
DE,ackley,0,324,0.001147746222607271,9780,30,0.8,0.2,rand
DE,ackley,0,325,0.001147746222607271,9810,30,0.8,0.2,rand
DE,ackley,0,326,0.001147746222607271,9840,30,0.8,0.2,rand
DE,ackley,0,327,0.001147746222607271,9870,30,0.8,0.2,rand
DE,ackley,0,328,0.001147746222607271,9900,30,0.8,0.2,rand
DE,ackley,0,329,0.001147746222607271,9930,30,0.8,0.2,rand
DE,ackley,0,330,0.001147746222607271,9960,30,0.8,0.2,rand
DE,ackley,0,331,0.001147746222607271,9990,30,0.8,0.2,rand
DE,ackley,0,332,0.001147746222607271,10020,30,0.8,0.2,rand
DE,ackley,0,333,0.001147746222607271,10050,30,0.8,0.2,rand
DE,ackley,0,334,0.001147746222607271,10080,30,0.8,0.2,rand
DE,ackley,0,335,0.001147746222607271,10110,30,0.8,0.2,rand
DE,ackley,0,336,0.0009789142131926276,10140,30,0.8,0.2,rand
DE,ackley,0,337,0.0009789142131926276,10170,30,0.8,0.2,rand
DE,ackley,0,338,0.0009789142131926276,10200,30,0.8,0.2,rand
DE,ackley,0,339,0.0009789142131926276,10230,30,0.8,0.2,rand
DE,ackley,0,340,0.0009789142131926276,10260,30,0.8,0.2,rand
DE,ackley,0,341,0.0009068693223714952,10290,30,0.8,0.2,rand
DE,ackley,0,342,0.0008655643726425133,10320,30,0.8,0.2,rand
DE,ackley,0,343,0.000647640237908309,10350,30,0.8,0.2,rand
DE,ackley,0,344,0.000647640237908309,10380,30,0.8,0.2,rand
DE,ackley,0,345,0.000647640237908309,10410,30,0.8,0.2,rand
DE,ackley,0,346,0.0005781961517432599,10440,30,0.8,0.2,rand
DE,ackley,0,347,0.000577835985684505,10470,30,0.8,0.2,rand
DE,ackley,0,348,0.000577835985684505,10500,30,0.8,0.2,rand
DE,ackley,0,349,0.000577835985684505,10530,30,0.8,0.2,rand
DE,ackley,0,350,0.000577835985684505,10560,30,0.8,0.2,rand
DE,ackley,0,351,0.000577835985684505,10590,30,0.8,0.2,rand
DE,ackley,0,352,0.000577835985684505,10620,30,0.8,0.2,rand
DE,ackley,0,353,0.0005190268974399892,10650,30,0.8,0.2,rand
DE,ackley,0,354,0.0005190268974399892,10680,30,0.8,0.2,rand
DE,ackley,0,355,0.0005190268974399892,10710,30,0.8,0.2,rand
DE,ackley,0,356,0.0005190268974399892,10740,30,0.8,0.2,rand
DE,ackley,0,357,0.0005117218837971116,10770,30,0.8,0.2,rand
DE,ackley,0,358,0.0005117218837971116,10800,30,0.8,0.2,rand
DE,ackley,0,359,0.0005117218837971116,10830,30,0.8,0.2,rand
DE,ackley,0,360,0.0005117218837971116,10860,30,0.8,0.2,rand
DE,ackley,0,361,0.0005117218837971116,10890,30,0.8,0.2,rand
DE,ackley,0,362,0.0005117218837971116,10920,30,0.8,0.2,rand
DE,ackley,0,363,0.00037307155323107466,10950,30,0.8,0.2,rand
DE,ackley,0,364,0.00037307155323107466,10980,30,0.8,0.2,rand
DE,ackley,0,365,0.00036638349491413535,11010,30,0.8,0.2,rand
DE,ackley,0,366,0.00036638349491413535,11040,30,0.8,0.2,rand
DE,ackley,0,367,0.00036638349491413535,11070,30,0.8,0.2,rand
DE,ackley,0,368,0.00034051135389434606,11100,30,0.8,0.2,rand
DE,ackley,0,369,0.00034051135389434606,11130,30,0.8,0.2,rand
DE,ackley,0,370,0.00034051135389434606,11160,30,0.8,0.2,rand
DE,ackley,0,371,0.00034051135389434606,11190,30,0.8,0.2,rand
DE,ackley,0,372,0.00027732845947925355,11220,30,0.8,0.2,rand
DE,ackley,0,373,0.00027732845947925355,11250,30,0.8,0.2,rand
DE,ackley,0,374,0.00025613222318954243,11280,30,0.8,0.2,rand
DE,ackley,0,375,0.00025613222318954243,11310,30,0.8,0.2,rand
DE,ackley,0,376,0.00025613222318954243,11340,30,0.8,0.2,rand
DE,ackley,0,377,0.00025464341696279646,11370,30,0.8,0.2,rand
DE,ackley,0,378,0.00025464341696279646,11400,30,0.8,0.2,rand
DE,ackley,0,379,0.00025464341696279646,11430,30,0.8,0.2,rand
DE,ackley,0,380,0.00020443095130007194,11460,30,0.8,0.2,rand
DE,ackley,0,381,0.00020443095130007194,11490,30,0.8,0.2,rand
DE,ackley,0,382,0.0001708864002414323,11520,30,0.8,0.2,rand
DE,ackley,0,383,0.0001708864002414323,11550,30,0.8,0.2,rand
DE,ackley,0,384,0.0001708864002414323,11580,30,0.8,0.2,rand
DE,ackley,0,385,0.0001708864002414323,11610,30,0.8,0.2,rand
DE,ackley,0,386,0.0001708864002414323,11640,30,0.8,0.2,rand
DE,ackley,0,387,0.0001708864002414323,11670,30,0.8,0.2,rand
DE,ackley,0,388,0.0001708864002414323,11700,30,0.8,0.2,rand
DE,ackley,0,389,0.0001708864002414323,11730,30,0.8,0.2,rand
DE,ackley,0,390,0.00016746392968913781,11760,30,0.8,0.2,rand
DE,ackley,0,391,0.00012252773888521418,11790,30,0.8,0.2,rand
DE,ackley,0,392,0.00012252773888521418,11820,30,0.8,0.2,rand
DE,ackley,0,393,0.00012252773888521418,11850,30,0.8,0.2,rand
DE,ackley,0,394,0.00012252773888521418,11880,30,0.8,0.2,rand
DE,ackley,0,395,0.00012252773888521418,11910,30,0.8,0.2,rand
DE,ackley,0,396,0.00012252773888521418,11940,30,0.8,0.2,rand
DE,ackley,0,397,0.00011463524386501334,11970,30,0.8,0.2,rand
DE,ackley,0,398,0.00010970803617071923,12000,30,0.8,0.2,rand
DE,ackley,0,399,0.00010970803617071923,12030,30,0.8,0.2,rand
DE,ackley,0,400,0.00010970803617071923,12060,30,0.8,0.2,rand
DE,ackley,0,401,7.851489754928664e-05,12090,30,0.8,0.2,rand
DE,ackley,0,402,7.851489754928664e-05,12120,30,0.8,0.2,rand
DE,ackley,0,403,7.851489754928664e-05,12150,30,0.8,0.2,rand
DE,ackley,0,404,7.851489754928664e-05,12180,30,0.8,0.2,rand
DE,ackley,0,405,7.851489754928664e-05,12210,30,0.8,0.2,rand
DE,ackley,0,406,7.851489754928664e-05,12240,30,0.8,0.2,rand
DE,ackley,0,407,7.851489754928664e-05,12270,30,0.8,0.2,rand
DE,ackley,0,408,7.851489754928664e-05,12300,30,0.8,0.2,rand
DE,ackley,0,409,7.851489754928664e-05,12330,30,0.8,0.2,rand
DE,ackley,0,410,6.63558604760972e-05,12360,30,0.8,0.2,rand
DE,ackley,0,411,6.63558604760972e-05,12390,30,0.8,0.2,rand
DE,ackley,0,412,5.3988476946376096e-05,12420,30,0.8,0.2,rand
DE,ackley,0,413,5.3988476946376096e-05,12450,30,0.8,0.2,rand
DE,ackley,0,414,5.3988476946376096e-05,12480,30,0.8,0.2,rand
DE,ackley,0,415,4.020514114388973e-05,12510,30,0.8,0.2,rand
DE,ackley,0,416,4.020514114388973e-05,12540,30,0.8,0.2,rand
DE,ackley,0,417,4.020514114388973e-05,12570,30,0.8,0.2,rand
DE,ackley,0,418,3.941463815637647e-05,12600,30,0.8,0.2,rand
DE,ackley,0,419,3.941463815637647e-05,12630,30,0.8,0.2,rand
DE,ackley,0,420,3.346495277911643e-05,12660,30,0.8,0.2,rand
DE,ackley,0,421,3.346495277911643e-05,12690,30,0.8,0.2,rand
DE,ackley,0,422,3.346495277911643e-05,12720,30,0.8,0.2,rand
DE,ackley,0,423,3.346495277911643e-05,12750,30,0.8,0.2,rand
DE,ackley,0,424,3.346495277911643e-05,12780,30,0.8,0.2,rand
DE,ackley,0,425,3.346495277911643e-05,12810,30,0.8,0.2,rand
DE,ackley,0,426,3.346495277911643e-05,12840,30,0.8,0.2,rand
DE,ackley,0,427,3.346495277911643e-05,12870,30,0.8,0.2,rand
DE,ackley,0,428,3.346495277911643e-05,12900,30,0.8,0.2,rand
DE,ackley,0,429,3.346495277911643e-05,12930,30,0.8,0.2,rand
DE,ackley,0,430,3.346495277911643e-05,12960,30,0.8,0.2,rand
DE,ackley,0,431,3.346495277911643e-05,12990,30,0.8,0.2,rand
DE,ackley,0,432,3.346495277911643e-05,13020,30,0.8,0.2,rand
DE,ackley,0,433,3.346495277911643e-05,13050,30,0.8,0.2,rand
DE,ackley,0,434,3.346495277911643e-05,13080,30,0.8,0.2,rand
DE,ackley,0,435,3.346495277911643e-05,13110,30,0.8,0.2,rand
DE,ackley,0,436,3.346495277911643e-05,13140,30,0.8,0.2,rand
DE,ackley,0,437,3.340183199584956e-05,13170,30,0.8,0.2,rand
DE,ackley,0,438,3.21562524487895e-05,13200,30,0.8,0.2,rand
DE,ackley,0,439,3.0432786236378462e-05,13230,30,0.8,0.2,rand
DE,ackley,0,440,2.8202298981927498e-05,13260,30,0.8,0.2,rand
DE,ackley,0,441,2.8202298981927498e-05,13290,30,0.8,0.2,rand
DE,ackley,0,442,2.8202298981927498e-05,13320,30,0.8,0.2,rand
DE,ackley,0,443,2.8202298981927498e-05,13350,30,0.8,0.2,rand
DE,ackley,0,444,2.8202298981927498e-05,13380,30,0.8,0.2,rand
DE,ackley,0,445,2.4761646109983104e-05,13410,30,0.8,0.2,rand
DE,ackley,0,446,2.0207378547798527e-05,13440,30,0.8,0.2,rand
DE,ackley,0,447,2.0207378547798527e-05,13470,30,0.8,0.2,rand
DE,ackley,0,448,2.0207378547798527e-05,13500,30,0.8,0.2,rand
DE,ackley,0,449,2.0207378547798527e-05,13530,30,0.8,0.2,rand
DE,ackley,0,450,1.9220863276547817e-05,13560,30,0.8,0.2,rand
DE,ackley,0,451,1.9220863276547817e-05,13590,30,0.8,0.2,rand
DE,ackley,0,452,1.7641017290959127e-05,13620,30,0.8,0.2,rand
DE,ackley,0,453,1.5469921379906992e-05,13650,30,0.8,0.2,rand
DE,ackley,0,454,1.544651780749362e-05,13680,30,0.8,0.2,rand
DE,ackley,0,455,1.4173920917404104e-05,13710,30,0.8,0.2,rand
DE,ackley,0,456,1.4173920917404104e-05,13740,30,0.8,0.2,rand
DE,ackley,0,457,1.4173920917404104e-05,13770,30,0.8,0.2,rand
DE,ackley,0,458,1.4173920917404104e-05,13800,30,0.8,0.2,rand
DE,ackley,0,459,1.4173920917404104e-05,13830,30,0.8,0.2,rand
DE,ackley,0,460,1.4173920917404104e-05,13860,30,0.8,0.2,rand
DE,ackley,0,461,1.3945244763835518e-05,13890,30,0.8,0.2,rand
DE,ackley,0,462,1.3945244763835518e-05,13920,30,0.8,0.2,rand
DE,ackley,0,463,9.129575904598397e-06,13950,30,0.8,0.2,rand
DE,ackley,0,464,9.129575904598397e-06,13980,30,0.8,0.2,rand
DE,ackley,0,465,9.129575904598397e-06,14010,30,0.8,0.2,rand
DE,ackley,0,466,9.129575904598397e-06,14040,30,0.8,0.2,rand
DE,ackley,0,467,9.129575904598397e-06,14070,30,0.8,0.2,rand
DE,ackley,0,468,9.129575904598397e-06,14100,30,0.8,0.2,rand
DE,ackley,0,469,9.129575904598397e-06,14130,30,0.8,0.2,rand
DE,ackley,0,470,8.26015774579858e-06,14160,30,0.8,0.2,rand
DE,ackley,0,471,8.26015774579858e-06,14190,30,0.8,0.2,rand
DE,ackley,0,472,8.26015774579858e-06,14220,30,0.8,0.2,rand
DE,ackley,0,473,8.26015774579858e-06,14250,30,0.8,0.2,rand
DE,ackley,0,474,7.63775520029597e-06,14280,30,0.8,0.2,rand
DE,ackley,0,475,7.63775520029597e-06,14310,30,0.8,0.2,rand
DE,ackley,0,476,7.63775520029597e-06,14340,30,0.8,0.2,rand
DE,ackley,0,477,6.973251530428826e-06,14370,30,0.8,0.2,rand
DE,ackley,0,478,6.973251530428826e-06,14400,30,0.8,0.2,rand
DE,ackley,0,479,6.973251530428826e-06,14430,30,0.8,0.2,rand
DE,ackley,0,480,4.501958653424509e-06,14460,30,0.8,0.2,rand
DE,ackley,0,481,4.501958653424509e-06,14490,30,0.8,0.2,rand
DE,ackley,0,482,4.501958653424509e-06,14520,30,0.8,0.2,rand
DE,ackley,0,483,4.501958653424509e-06,14550,30,0.8,0.2,rand
DE,ackley,0,484,4.501958653424509e-06,14580,30,0.8,0.2,rand
DE,ackley,0,485,4.501958653424509e-06,14610,30,0.8,0.2,rand
DE,ackley,0,486,3.7877218272974744e-06,14640,30,0.8,0.2,rand
DE,ackley,0,487,3.339107433664168e-06,14670,30,0.8,0.2,rand
DE,ackley,0,488,3.339107433664168e-06,14700,30,0.8,0.2,rand
DE,ackley,0,489,3.339107433664168e-06,14730,30,0.8,0.2,rand
DE,ackley,0,490,3.339107433664168e-06,14760,30,0.8,0.2,rand
DE,ackley,0,491,3.339107433664168e-06,14790,30,0.8,0.2,rand
DE,ackley,0,492,3.339107433664168e-06,14820,30,0.8,0.2,rand
DE,ackley,0,493,3.339107433664168e-06,14850,30,0.8,0.2,rand
DE,ackley,0,494,3.339107433664168e-06,14880,30,0.8,0.2,rand
DE,ackley,0,495,3.339107433664168e-06,14910,30,0.8,0.2,rand
DE,ackley,0,496,3.140669616374936e-06,14940,30,0.8,0.2,rand
DE,ackley,0,497,2.9737712670119265e-06,14970,30,0.8,0.2,rand
DE,ackley,0,498,2.866663589617957e-06,15000,30,0.8,0.2,rand
DE,ackley,0,499,2.672806314496512e-06,15030,30,0.8,0.2,rand
DE,ackley,0,500,2.672806314496512e-06,15060,30,0.8,0.2,rand
DE,ackley,0,501,2.672806314496512e-06,15090,30,0.8,0.2,rand
DE,ackley,0,502,2.3928991095267804e-06,15120,30,0.8,0.2,rand
DE,ackley,0,503,2.2705215454443817e-06,15150,30,0.8,0.2,rand
DE,ackley,0,504,2.2126435372804565e-06,15180,30,0.8,0.2,rand
DE,ackley,0,505,2.2126435372804565e-06,15210,30,0.8,0.2,rand
DE,ackley,0,506,2.2126435372804565e-06,15240,30,0.8,0.2,rand
DE,ackley,0,507,2.2126435372804565e-06,15270,30,0.8,0.2,rand
DE,ackley,0,508,2.1132494016917747e-06,15300,30,0.8,0.2,rand
DE,ackley,0,509,2.1132494016917747e-06,15330,30,0.8,0.2,rand
DE,ackley,0,510,2.1132494016917747e-06,15360,30,0.8,0.2,rand
DE,ackley,0,511,1.8802446217769386e-06,15390,30,0.8,0.2,rand
DE,ackley,0,512,1.8802446217769386e-06,15420,30,0.8,0.2,rand
DE,ackley,0,513,1.6590584448472612e-06,15450,30,0.8,0.2,rand
DE,ackley,0,514,1.4406654114118567e-06,15480,30,0.8,0.2,rand
DE,ackley,0,515,1.4406654114118567e-06,15510,30,0.8,0.2,rand
DE,ackley,0,516,1.4406654114118567e-06,15540,30,0.8,0.2,rand
DE,ackley,0,517,1.4406654114118567e-06,15570,30,0.8,0.2,rand
DE,ackley,0,518,1.4406654114118567e-06,15600,30,0.8,0.2,rand
DE,ackley,0,519,1.4406654114118567e-06,15630,30,0.8,0.2,rand
DE,ackley,0,520,1.4406654114118567e-06,15660,30,0.8,0.2,rand
DE,ackley,0,521,1.4406654114118567e-06,15690,30,0.8,0.2,rand
DE,ackley,0,522,1.4406654114118567e-06,15720,30,0.8,0.2,rand
DE,ackley,0,523,1.3599648949202958e-06,15750,30,0.8,0.2,rand
DE,ackley,0,524,1.3599648949202958e-06,15780,30,0.8,0.2,rand
DE,ackley,0,525,1.3599648949202958e-06,15810,30,0.8,0.2,rand
DE,ackley,0,526,1.3599648949202958e-06,15840,30,0.8,0.2,rand
DE,ackley,0,527,1.1410439921810678e-06,15870,30,0.8,0.2,rand
DE,ackley,0,528,1.1410439921810678e-06,15900,30,0.8,0.2,rand
DE,ackley,0,529,6.130429821560313e-07,15930,30,0.8,0.2,rand
DE,ackley,0,530,6.130429821560313e-07,15960,30,0.8,0.2,rand
DE,ackley,0,531,6.130429821560313e-07,15990,30,0.8,0.2,rand
DE,ackley,0,532,6.130429821560313e-07,16020,30,0.8,0.2,rand
DE,ackley,0,533,6.130429821560313e-07,16050,30,0.8,0.2,rand
DE,ackley,0,534,6.130429821560313e-07,16080,30,0.8,0.2,rand
DE,ackley,0,535,6.130429821560313e-07,16110,30,0.8,0.2,rand
DE,ackley,0,536,6.130429821560313e-07,16140,30,0.8,0.2,rand
DE,ackley,0,537,6.130429821560313e-07,16170,30,0.8,0.2,rand
DE,ackley,0,538,6.130429821560313e-07,16200,30,0.8,0.2,rand
DE,ackley,0,539,4.139073443987229e-07,16230,30,0.8,0.2,rand
DE,ackley,0,540,4.139073443987229e-07,16260,30,0.8,0.2,rand
DE,ackley,0,541,4.139073443987229e-07,16290,30,0.8,0.2,rand
DE,ackley,0,542,4.139073443987229e-07,16320,30,0.8,0.2,rand
DE,ackley,0,543,4.139073443987229e-07,16350,30,0.8,0.2,rand
DE,ackley,0,544,4.139073443987229e-07,16380,30,0.8,0.2,rand
DE,ackley,0,545,4.139073443987229e-07,16410,30,0.8,0.2,rand
DE,ackley,0,546,4.139073443987229e-07,16440,30,0.8,0.2,rand
DE,ackley,0,547,4.139073443987229e-07,16470,30,0.8,0.2,rand
DE,ackley,0,548,4.139073443987229e-07,16500,30,0.8,0.2,rand
DE,ackley,0,549,4.139073443987229e-07,16530,30,0.8,0.2,rand
DE,ackley,0,550,3.959177878876119e-07,16560,30,0.8,0.2,rand
DE,ackley,0,551,3.959177878876119e-07,16590,30,0.8,0.2,rand
DE,ackley,0,552,3.959177878876119e-07,16620,30,0.8,0.2,rand
DE,ackley,0,553,3.959177878876119e-07,16650,30,0.8,0.2,rand
DE,ackley,0,554,3.959177878876119e-07,16680,30,0.8,0.2,rand
DE,ackley,0,555,3.959177878876119e-07,16710,30,0.8,0.2,rand
DE,ackley,0,556,3.959177878876119e-07,16740,30,0.8,0.2,rand
DE,ackley,0,557,3.959177878876119e-07,16770,30,0.8,0.2,rand
DE,ackley,0,558,3.959177878876119e-07,16800,30,0.8,0.2,rand
DE,ackley,0,559,3.299576865067877e-07,16830,30,0.8,0.2,rand
DE,ackley,0,560,3.299576865067877e-07,16860,30,0.8,0.2,rand
DE,ackley,0,561,3.299576865067877e-07,16890,30,0.8,0.2,rand
DE,ackley,0,562,3.299576865067877e-07,16920,30,0.8,0.2,rand
DE,ackley,0,563,3.245541333463109e-07,16950,30,0.8,0.2,rand
DE,ackley,0,564,3.004989435062555e-07,16980,30,0.8,0.2,rand
DE,ackley,0,565,2.933469933630306e-07,17010,30,0.8,0.2,rand
DE,ackley,0,566,2.933469933630306e-07,17040,30,0.8,0.2,rand
DE,ackley,0,567,2.774555665219225e-07,17070,30,0.8,0.2,rand
DE,ackley,0,568,2.7209737085698293e-07,17100,30,0.8,0.2,rand
DE,ackley,0,569,2.2338366933993825e-07,17130,30,0.8,0.2,rand
DE,ackley,0,570,2.2338366933993825e-07,17160,30,0.8,0.2,rand
DE,ackley,0,571,1.9157221631260768e-07,17190,30,0.8,0.2,rand
DE,ackley,0,572,1.9157221631260768e-07,17220,30,0.8,0.2,rand
DE,ackley,0,573,1.9157221631260768e-07,17250,30,0.8,0.2,rand
DE,ackley,0,574,1.9157221631260768e-07,17280,30,0.8,0.2,rand
DE,ackley,0,575,1.9157221631260768e-07,17310,30,0.8,0.2,rand
DE,ackley,0,576,1.506037148324424e-07,17340,30,0.8,0.2,rand
DE,ackley,0,577,1.506037148324424e-07,17370,30,0.8,0.2,rand
DE,ackley,0,578,1.506037148324424e-07,17400,30,0.8,0.2,rand
DE,ackley,0,579,1.506037148324424e-07,17430,30,0.8,0.2,rand
DE,ackley,0,580,1.506037148324424e-07,17460,30,0.8,0.2,rand
DE,ackley,0,581,1.506037148324424e-07,17490,30,0.8,0.2,rand
DE,ackley,0,582,1.0955579954341488e-07,17520,30,0.8,0.2,rand
DE,ackley,0,583,1.0955579954341488e-07,17550,30,0.8,0.2,rand
DE,ackley,0,584,1.0955579954341488e-07,17580,30,0.8,0.2,rand
DE,ackley,0,585,1.0955579954341488e-07,17610,30,0.8,0.2,rand
DE,ackley,0,586,1.0955579954341488e-07,17640,30,0.8,0.2,rand
DE,ackley,0,587,1.0955579954341488e-07,17670,30,0.8,0.2,rand
DE,ackley,0,588,1.02138877355884e-07,17700,30,0.8,0.2,rand
DE,ackley,0,589,1.02138877355884e-07,17730,30,0.8,0.2,rand
DE,ackley,0,590,1.02138877355884e-07,17760,30,0.8,0.2,rand
DE,ackley,0,591,1.0042665765652714e-07,17790,30,0.8,0.2,rand
DE,ackley,0,592,7.519995337545993e-08,17820,30,0.8,0.2,rand
DE,ackley,0,593,7.519995337545993e-08,17850,30,0.8,0.2,rand
DE,ackley,0,594,7.519995337545993e-08,17880,30,0.8,0.2,rand
DE,ackley,0,595,7.519995337545993e-08,17910,30,0.8,0.2,rand
DE,ackley,0,596,7.519995337545993e-08,17940,30,0.8,0.2,rand
DE,ackley,0,597,7.519995337545993e-08,17970,30,0.8,0.2,rand
DE,ackley,0,598,7.519995337545993e-08,18000,30,0.8,0.2,rand
DE,ackley,0,599,7.519995337545993e-08,18030,30,0.8,0.2,rand
DE,ackley,0,600,7.519995337545993e-08,18060,30,0.8,0.2,rand
DE,ackley,0,601,7.519995337545993e-08,18090,30,0.8,0.2,rand
DE,ackley,0,602,7.055564354985222e-08,18120,30,0.8,0.2,rand
DE,ackley,0,603,7.055564354985222e-08,18150,30,0.8,0.2,rand
DE,ackley,0,604,7.055564354985222e-08,18180,30,0.8,0.2,rand
DE,ackley,0,605,7.055564354985222e-08,18210,30,0.8,0.2,rand
DE,ackley,0,606,7.055564354985222e-08,18240,30,0.8,0.2,rand
DE,ackley,0,607,6.876712577152944e-08,18270,30,0.8,0.2,rand
DE,ackley,0,608,6.876712577152944e-08,18300,30,0.8,0.2,rand
DE,ackley,0,609,6.876712577152944e-08,18330,30,0.8,0.2,rand
DE,ackley,0,610,4.202616965542916e-08,18360,30,0.8,0.2,rand
DE,ackley,0,611,4.202616965542916e-08,18390,30,0.8,0.2,rand
DE,ackley,0,612,4.202616965542916e-08,18420,30,0.8,0.2,rand
DE,ackley,0,613,4.202616965542916e-08,18450,30,0.8,0.2,rand
DE,ackley,0,614,4.202616965542916e-08,18480,30,0.8,0.2,rand
DE,ackley,0,615,3.959520400442784e-08,18510,30,0.8,0.2,rand
DE,ackley,0,616,3.959520400442784e-08,18540,30,0.8,0.2,rand
DE,ackley,0,617,3.959520400442784e-08,18570,30,0.8,0.2,rand
DE,ackley,0,618,3.959520400442784e-08,18600,30,0.8,0.2,rand
DE,ackley,0,619,3.959520400442784e-08,18630,30,0.8,0.2,rand
DE,ackley,0,620,3.959520400442784e-08,18660,30,0.8,0.2,rand
DE,ackley,0,621,3.959520400442784e-08,18690,30,0.8,0.2,rand
DE,ackley,0,622,3.959520400442784e-08,18720,30,0.8,0.2,rand
DE,ackley,0,623,3.959520400442784e-08,18750,30,0.8,0.2,rand
DE,ackley,0,624,2.492860717850931e-08,18780,30,0.8,0.2,rand
DE,ackley,0,625,2.492860717850931e-08,18810,30,0.8,0.2,rand
DE,ackley,0,626,2.492860717850931e-08,18840,30,0.8,0.2,rand
DE,ackley,0,627,2.492860717850931e-08,18870,30,0.8,0.2,rand
DE,ackley,0,628,2.492860717850931e-08,18900,30,0.8,0.2,rand
DE,ackley,0,629,2.492860717850931e-08,18930,30,0.8,0.2,rand
DE,ackley,0,630,2.492860717850931e-08,18960,30,0.8,0.2,rand
DE,ackley,0,631,2.492860717850931e-08,18990,30,0.8,0.2,rand
DE,ackley,0,632,2.492860717850931e-08,19020,30,0.8,0.2,rand
DE,ackley,0,633,2.492860717850931e-08,19050,30,0.8,0.2,rand
DE,ackley,0,634,2.492860717850931e-08,19080,30,0.8,0.2,rand
DE,ackley,0,635,2.492860717850931e-08,19110,30,0.8,0.2,rand
DE,ackley,0,636,2.492860717850931e-08,19140,30,0.8,0.2,rand
DE,ackley,0,637,2.084089034681824e-08,19170,30,0.8,0.2,rand
DE,ackley,0,638,2.084089034681824e-08,19200,30,0.8,0.2,rand
DE,ackley,0,639,2.084089034681824e-08,19230,30,0.8,0.2,rand
DE,ackley,0,640,2.084089034681824e-08,19260,30,0.8,0.2,rand
DE,ackley,0,641,2.084089034681824e-08,19290,30,0.8,0.2,rand
DE,ackley,0,642,2.07144208452803e-08,19320,30,0.8,0.2,rand
DE,ackley,0,643,1.635636026620091e-08,19350,30,0.8,0.2,rand
DE,ackley,0,644,1.635636026620091e-08,19380,30,0.8,0.2,rand
DE,ackley,0,645,1.635636026620091e-08,19410,30,0.8,0.2,rand
DE,ackley,0,646,1.635636026620091e-08,19440,30,0.8,0.2,rand
DE,ackley,0,647,1.635636026620091e-08,19470,30,0.8,0.2,rand
DE,ackley,0,648,1.635636026620091e-08,19500,30,0.8,0.2,rand
DE,ackley,0,649,1.597840126876804e-08,19530,30,0.8,0.2,rand
DE,ackley,0,650,1.597840126876804e-08,19560,30,0.8,0.2,rand
DE,ackley,0,651,1.1819313971983547e-08,19590,30,0.8,0.2,rand
DE,ackley,0,652,1.1819313971983547e-08,19620,30,0.8,0.2,rand
DE,ackley,0,653,1.1819313971983547e-08,19650,30,0.8,0.2,rand
DE,ackley,0,654,1.1819313971983547e-08,19680,30,0.8,0.2,rand
DE,ackley,0,655,1.0843109965463782e-08,19710,30,0.8,0.2,rand
DE,ackley,0,656,1.0843109965463782e-08,19740,30,0.8,0.2,rand
DE,ackley,0,657,1.0843109965463782e-08,19770,30,0.8,0.2,rand
DE,ackley,0,658,1.0843109965463782e-08,19800,30,0.8,0.2,rand
DE,ackley,0,659,1.0633315117303255e-08,19830,30,0.8,0.2,rand
DE,ackley,0,660,9.63228830030971e-09,19860,30,0.8,0.2,rand
DE,ackley,0,661,9.63228830030971e-09,19890,30,0.8,0.2,rand
DE,ackley,0,662,9.63228830030971e-09,19920,30,0.8,0.2,rand
DE,ackley,0,663,9.231321929092928e-09,19950,30,0.8,0.2,rand
DE,ackley,0,664,8.23999402044251e-09,19980,30,0.8,0.2,rand
DE,ackley,0,665,8.23999402044251e-09,20010,30,0.8,0.2,rand
DE,ackley,0,666,8.23999402044251e-09,20040,30,0.8,0.2,rand
DE,ackley,0,667,8.23999402044251e-09,20070,30,0.8,0.2,rand
DE,ackley,0,668,8.23999402044251e-09,20100,30,0.8,0.2,rand
DE,ackley,0,669,8.23999402044251e-09,20130,30,0.8,0.2,rand
DE,ackley,0,670,7.774645371938504e-09,20160,30,0.8,0.2,rand
DE,ackley,0,671,7.774645371938504e-09,20190,30,0.8,0.2,rand
DE,ackley,0,672,5.429811711366028e-09,20220,30,0.8,0.2,rand
DE,ackley,0,673,5.429811711366028e-09,20250,30,0.8,0.2,rand
DE,ackley,0,674,4.944567866260741e-09,20280,30,0.8,0.2,rand
DE,ackley,0,675,3.693000127924506e-09,20310,30,0.8,0.2,rand
DE,ackley,0,676,3.693000127924506e-09,20340,30,0.8,0.2,rand
DE,ackley,0,677,3.693000127924506e-09,20370,30,0.8,0.2,rand
DE,ackley,0,678,3.693000127924506e-09,20400,30,0.8,0.2,rand
DE,ackley,0,679,3.693000127924506e-09,20430,30,0.8,0.2,rand
DE,ackley,0,680,3.693000127924506e-09,20460,30,0.8,0.2,rand
DE,ackley,0,681,3.693000127924506e-09,20490,30,0.8,0.2,rand
DE,ackley,0,682,3.693000127924506e-09,20520,30,0.8,0.2,rand
DE,ackley,0,683,3.693000127924506e-09,20550,30,0.8,0.2,rand
DE,ackley,0,684,3.693000127924506e-09,20580,30,0.8,0.2,rand
DE,ackley,0,685,3.693000127924506e-09,20610,30,0.8,0.2,rand
DE,ackley,0,686,3.693000127924506e-09,20640,30,0.8,0.2,rand
DE,ackley,0,687,3.492516942316115e-09,20670,30,0.8,0.2,rand
DE,ackley,0,688,2.096254281269694e-09,20700,30,0.8,0.2,rand
DE,ackley,0,689,2.096254281269694e-09,20730,30,0.8,0.2,rand
DE,ackley,0,690,2.096254281269694e-09,20760,30,0.8,0.2,rand
DE,ackley,0,691,2.096254281269694e-09,20790,30,0.8,0.2,rand
DE,ackley,0,692,2.096254281269694e-09,20820,30,0.8,0.2,rand
DE,ackley,0,693,2.096254281269694e-09,20850,30,0.8,0.2,rand
DE,ackley,0,694,2.096254281269694e-09,20880,30,0.8,0.2,rand
DE,ackley,0,695,2.096254281269694e-09,20910,30,0.8,0.2,rand
DE,ackley,0,696,2.096254281269694e-09,20940,30,0.8,0.2,rand
DE,ackley,0,697,2.096254281269694e-09,20970,30,0.8,0.2,rand
DE,ackley,0,698,2.096254281269694e-09,21000,30,0.8,0.2,rand
DE,ackley,0,699,2.096254281269694e-09,21030,30,0.8,0.2,rand
DE,ackley,0,700,2.096254281269694e-09,21060,30,0.8,0.2,rand
DE,ackley,0,701,2.096254281269694e-09,21090,30,0.8,0.2,rand
DE,ackley,0,702,2.096254281269694e-09,21120,30,0.8,0.2,rand
DE,ackley,0,703,2.096254281269694e-09,21150,30,0.8,0.2,rand
DE,ackley,0,704,2.096254281269694e-09,21180,30,0.8,0.2,rand
DE,ackley,0,705,2.096254281269694e-09,21210,30,0.8,0.2,rand
DE,ackley,0,706,1.7588104306298646e-09,21240,30,0.8,0.2,rand
DE,ackley,0,707,1.682746830766746e-09,21270,30,0.8,0.2,rand
DE,ackley,0,708,1.682746830766746e-09,21300,30,0.8,0.2,rand
DE,ackley,0,709,1.5873067304994493e-09,21330,30,0.8,0.2,rand
DE,ackley,0,710,1.5305947620447569e-09,21360,30,0.8,0.2,rand
DE,ackley,0,711,1.5305947620447569e-09,21390,30,0.8,0.2,rand
DE,ackley,0,712,1.5305947620447569e-09,21420,30,0.8,0.2,rand
DE,ackley,0,713,1.390674686518878e-09,21450,30,0.8,0.2,rand
DE,ackley,0,714,1.1791745357925265e-09,21480,30,0.8,0.2,rand
DE,ackley,0,715,1.1274612354839064e-09,21510,30,0.8,0.2,rand
DE,ackley,0,716,1.1274612354839064e-09,21540,30,0.8,0.2,rand
DE,ackley,0,717,1.1274612354839064e-09,21570,30,0.8,0.2,rand
DE,ackley,0,718,1.083428902148853e-09,21600,30,0.8,0.2,rand
DE,ackley,0,719,1.0664611416189018e-09,21630,30,0.8,0.2,rand
DE,ackley,0,720,1.0664611416189018e-09,21660,30,0.8,0.2,rand
DE,ackley,0,721,1.0652176918313216e-09,21690,30,0.8,0.2,rand
DE,ackley,0,722,9.83274350829788e-10,21720,30,0.8,0.2,rand
DE,ackley,0,723,9.83274350829788e-10,21750,30,0.8,0.2,rand
DE,ackley,0,724,8.977925070041692e-10,21780,30,0.8,0.2,rand
DE,ackley,0,725,7.631340004365939e-10,21810,30,0.8,0.2,rand
DE,ackley,0,726,7.631340004365939e-10,21840,30,0.8,0.2,rand
DE,ackley,0,727,7.631340004365939e-10,21870,30,0.8,0.2,rand
DE,ackley,0,728,7.631340004365939e-10,21900,30,0.8,0.2,rand
DE,ackley,0,729,7.631340004365939e-10,21930,30,0.8,0.2,rand
DE,ackley,0,730,7.631340004365939e-10,21960,30,0.8,0.2,rand
DE,ackley,0,731,7.631340004365939e-10,21990,30,0.8,0.2,rand
DE,ackley,0,732,7.631340004365939e-10,22020,30,0.8,0.2,rand
DE,ackley,0,733,7.523444089940767e-10,22050,30,0.8,0.2,rand
DE,ackley,0,734,7.523444089940767e-10,22080,30,0.8,0.2,rand
DE,ackley,0,735,6.048073153408495e-10,22110,30,0.8,0.2,rand
DE,ackley,0,736,5.931330981923111e-10,22140,30,0.8,0.2,rand
DE,ackley,0,737,5.890972154531937e-10,22170,30,0.8,0.2,rand
DE,ackley,0,738,5.890972154531937e-10,22200,30,0.8,0.2,rand
DE,ackley,0,739,5.890972154531937e-10,22230,30,0.8,0.2,rand
DE,ackley,0,740,5.890972154531937e-10,22260,30,0.8,0.2,rand
DE,ackley,0,741,5.890972154531937e-10,22290,30,0.8,0.2,rand
DE,ackley,0,742,5.845177675212199e-10,22320,30,0.8,0.2,rand
DE,ackley,0,743,5.337885689016275e-10,22350,30,0.8,0.2,rand
DE,ackley,0,744,4.869566971876793e-10,22380,30,0.8,0.2,rand
DE,ackley,0,745,4.869566971876793e-10,22410,30,0.8,0.2,rand
DE,ackley,0,746,4.869566971876793e-10,22440,30,0.8,0.2,rand
DE,ackley,0,747,4.869566971876793e-10,22470,30,0.8,0.2,rand
DE,ackley,0,748,4.869566971876793e-10,22500,30,0.8,0.2,rand
DE,ackley,0,749,4.2827297264125264e-10,22530,30,0.8,0.2,rand
DE,ackley,0,750,4.2827297264125264e-10,22560,30,0.8,0.2,rand
DE,ackley,0,751,4.2827297264125264e-10,22590,30,0.8,0.2,rand
DE,ackley,0,752,4.2042147541110353e-10,22620,30,0.8,0.2,rand
DE,ackley,0,753,3.761582156869281e-10,22650,30,0.8,0.2,rand
DE,ackley,0,754,3.761582156869281e-10,22680,30,0.8,0.2,rand
DE,ackley,0,755,3.761582156869281e-10,22710,30,0.8,0.2,rand
DE,ackley,0,756,3.5034064538308485e-10,22740,30,0.8,0.2,rand
DE,ackley,0,757,3.5034064538308485e-10,22770,30,0.8,0.2,rand
DE,ackley,0,758,3.0083002755532107e-10,22800,30,0.8,0.2,rand
DE,ackley,0,759,2.9233548914930907e-10,22830,30,0.8,0.2,rand
DE,ackley,0,760,2.9233548914930907e-10,22860,30,0.8,0.2,rand
DE,ackley,0,761,2.619668926229224e-10,22890,30,0.8,0.2,rand
DE,ackley,0,762,2.619668926229224e-10,22920,30,0.8,0.2,rand
DE,ackley,0,763,2.619668926229224e-10,22950,30,0.8,0.2,rand
DE,ackley,0,764,2.619668926229224e-10,22980,30,0.8,0.2,rand
DE,ackley,0,765,2.491593598108466e-10,23010,30,0.8,0.2,rand
DE,ackley,0,766,2.491593598108466e-10,23040,30,0.8,0.2,rand
DE,ackley,0,767,2.491593598108466e-10,23070,30,0.8,0.2,rand
DE,ackley,0,768,2.4404345211337386e-10,23100,30,0.8,0.2,rand
DE,ackley,0,769,2.4404345211337386e-10,23130,30,0.8,0.2,rand
DE,ackley,0,770,1.8020474001900766e-10,23160,30,0.8,0.2,rand
DE,ackley,0,771,1.585651610014338e-10,23190,30,0.8,0.2,rand
DE,ackley,0,772,1.585651610014338e-10,23220,30,0.8,0.2,rand
DE,ackley,0,773,1.585651610014338e-10,23250,30,0.8,0.2,rand
DE,ackley,0,774,1.5095880101512194e-10,23280,30,0.8,0.2,rand
DE,ackley,0,775,1.5095880101512194e-10,23310,30,0.8,0.2,rand
DE,ackley,0,776,1.5095880101512194e-10,23340,30,0.8,0.2,rand
DE,ackley,0,777,1.3767875728376566e-10,23370,30,0.8,0.2,rand
DE,ackley,0,778,1.3767875728376566e-10,23400,30,0.8,0.2,rand
DE,ackley,0,779,1.3767875728376566e-10,23430,30,0.8,0.2,rand
DE,ackley,0,780,1.3767875728376566e-10,23460,30,0.8,0.2,rand
DE,ackley,0,781,1.1552048206908694e-10,23490,30,0.8,0.2,rand
DE,ackley,0,782,1.1552048206908694e-10,23520,30,0.8,0.2,rand
DE,ackley,0,783,1.1552048206908694e-10,23550,30,0.8,0.2,rand
DE,ackley,0,784,1.1552048206908694e-10,23580,30,0.8,0.2,rand
DE,ackley,0,785,1.1552048206908694e-10,23610,30,0.8,0.2,rand
DE,ackley,0,786,1.0289413765462996e-10,23640,30,0.8,0.2,rand
DE,ackley,0,787,8.964962106006169e-11,23670,30,0.8,0.2,rand
DE,ackley,0,788,8.964962106006169e-11,23700,30,0.8,0.2,rand
DE,ackley,0,789,7.393952117240588e-11,23730,30,0.8,0.2,rand
DE,ackley,0,790,7.393952117240588e-11,23760,30,0.8,0.2,rand
DE,ackley,0,791,7.309042260317256e-11,23790,30,0.8,0.2,rand
DE,ackley,0,792,7.309042260317256e-11,23820,30,0.8,0.2,rand
DE,ackley,0,793,7.309042260317256e-11,23850,30,0.8,0.2,rand
DE,ackley,0,794,7.309042260317256e-11,23880,30,0.8,0.2,rand
DE,ackley,0,795,7.309042260317256e-11,23910,30,0.8,0.2,rand
DE,ackley,0,796,6.592815182671075e-11,23940,30,0.8,0.2,rand
DE,ackley,0,797,6.592815182671075e-11,23970,30,0.8,0.2,rand
DE,ackley,0,798,6.592815182671075e-11,24000,30,0.8,0.2,rand
DE,ackley,0,799,6.305755917423994e-11,24030,30,0.8,0.2,rand
DE,ackley,0,800,6.305755917423994e-11,24060,30,0.8,0.2,rand
DE,ackley,0,801,6.305755917423994e-11,24090,30,0.8,0.2,rand
DE,ackley,0,802,6.305755917423994e-11,24120,30,0.8,0.2,rand
DE,ackley,0,803,6.178568767722936e-11,24150,30,0.8,0.2,rand
DE,ackley,0,804,6.178568767722936e-11,24180,30,0.8,0.2,rand
DE,ackley,0,805,5.062306129843819e-11,24210,30,0.8,0.2,rand
DE,ackley,0,806,4.084954596805801e-11,24240,30,0.8,0.2,rand
DE,ackley,0,807,4.084954596805801e-11,24270,30,0.8,0.2,rand
DE,ackley,0,808,4.084954596805801e-11,24300,30,0.8,0.2,rand
DE,ackley,0,809,4.084954596805801e-11,24330,30,0.8,0.2,rand
DE,ackley,0,810,4.084954596805801e-11,24360,30,0.8,0.2,rand
DE,ackley,0,811,4.084954596805801e-11,24390,30,0.8,0.2,rand
DE,ackley,0,812,4.084954596805801e-11,24420,30,0.8,0.2,rand
DE,ackley,0,813,4.084954596805801e-11,24450,30,0.8,0.2,rand
DE,ackley,0,814,4.084954596805801e-11,24480,30,0.8,0.2,rand
DE,ackley,0,815,4.084954596805801e-11,24510,30,0.8,0.2,rand
DE,ackley,0,816,4.084954596805801e-11,24540,30,0.8,0.2,rand
DE,ackley,0,817,4.084954596805801e-11,24570,30,0.8,0.2,rand
DE,ackley,0,818,4.084954596805801e-11,24600,30,0.8,0.2,rand
DE,ackley,0,819,4.084954596805801e-11,24630,30,0.8,0.2,rand
DE,ackley,0,820,4.084954596805801e-11,24660,30,0.8,0.2,rand
DE,ackley,0,821,4.084954596805801e-11,24690,30,0.8,0.2,rand
DE,ackley,0,822,3.8110403721702824e-11,24720,30,0.8,0.2,rand
DE,ackley,0,823,3.8110403721702824e-11,24750,30,0.8,0.2,rand
DE,ackley,0,824,2.8976376853506736e-11,24780,30,0.8,0.2,rand
DE,ackley,0,825,2.8976376853506736e-11,24810,30,0.8,0.2,rand
DE,ackley,0,826,2.65960586887104e-11,24840,30,0.8,0.2,rand
DE,ackley,0,827,2.65960586887104e-11,24870,30,0.8,0.2,rand
DE,ackley,0,828,2.5331292619057422e-11,24900,30,0.8,0.2,rand
DE,ackley,0,829,2.5331292619057422e-11,24930,30,0.8,0.2,rand
DE,ackley,0,830,2.5331292619057422e-11,24960,30,0.8,0.2,rand
DE,ackley,0,831,2.5331292619057422e-11,24990,30,0.8,0.2,rand
DE,ackley,0,832,2.5331292619057422e-11,25020,30,0.8,0.2,rand
DE,ackley,0,833,2.5331292619057422e-11,25050,30,0.8,0.2,rand
DE,ackley,0,834,2.5331292619057422e-11,25080,30,0.8,0.2,rand
DE,ackley,0,835,2.3206769839134722e-11,25110,30,0.8,0.2,rand
DE,ackley,0,836,2.30540031509463e-11,25140,30,0.8,0.2,rand
DE,ackley,0,837,2.0659474131434763e-11,25170,30,0.8,0.2,rand
DE,ackley,0,838,2.0659474131434763e-11,25200,30,0.8,0.2,rand
DE,ackley,0,839,1.9320101074526974e-11,25230,30,0.8,0.2,rand
DE,ackley,0,840,1.8403500945396445e-11,25260,30,0.8,0.2,rand
DE,ackley,0,841,1.6843859640403025e-11,25290,30,0.8,0.2,rand
DE,ackley,0,842,1.6843859640403025e-11,25320,30,0.8,0.2,rand
DE,ackley,0,843,1.6843859640403025e-11,25350,30,0.8,0.2,rand
DE,ackley,0,844,1.6843859640403025e-11,25380,30,0.8,0.2,rand
DE,ackley,0,845,1.6843859640403025e-11,25410,30,0.8,0.2,rand
DE,ackley,0,846,1.6843859640403025e-11,25440,30,0.8,0.2,rand
DE,ackley,0,847,1.5412116027846423e-11,25470,30,0.8,0.2,rand
DE,ackley,0,848,1.5412116027846423e-11,25500,30,0.8,0.2,rand
DE,ackley,0,849,1.5412116027846423e-11,25530,30,0.8,0.2,rand
DE,ackley,0,850,1.2015721750913144e-11,25560,30,0.8,0.2,rand
DE,ackley,0,851,1.2015721750913144e-11,25590,30,0.8,0.2,rand
DE,ackley,0,852,1.2015721750913144e-11,25620,30,0.8,0.2,rand
DE,ackley,0,853,1.0679901407684156e-11,25650,30,0.8,0.2,rand
DE,ackley,0,854,1.0679901407684156e-11,25680,30,0.8,0.2,rand
DE,ackley,0,855,1.0679901407684156e-11,25710,30,0.8,0.2,rand
DE,ackley,0,856,1.0679901407684156e-11,25740,30,0.8,0.2,rand
DE,ackley,0,857,1.0679901407684156e-11,25770,30,0.8,0.2,rand
DE,ackley,0,858,1.036015717659211e-11,25800,30,0.8,0.2,rand
DE,ackley,0,859,1.036015717659211e-11,25830,30,0.8,0.2,rand
DE,ackley,0,860,1.036015717659211e-11,25860,30,0.8,0.2,rand
DE,ackley,0,861,1.036015717659211e-11,25890,30,0.8,0.2,rand
DE,ackley,0,862,1.036015717659211e-11,25920,30,0.8,0.2,rand
DE,ackley,0,863,9.209077944660748e-12,25950,30,0.8,0.2,rand
DE,ackley,0,864,8.967493414502314e-12,25980,30,0.8,0.2,rand
DE,ackley,0,865,8.967493414502314e-12,26010,30,0.8,0.2,rand
DE,ackley,0,866,8.967493414502314e-12,26040,30,0.8,0.2,rand
DE,ackley,0,867,8.967493414502314e-12,26070,30,0.8,0.2,rand
DE,ackley,0,868,8.057998712729386e-12,26100,30,0.8,0.2,rand
DE,ackley,0,869,8.057998712729386e-12,26130,30,0.8,0.2,rand
DE,ackley,0,870,5.869527086588278e-12,26160,30,0.8,0.2,rand
DE,ackley,0,871,5.869527086588278e-12,26190,30,0.8,0.2,rand
DE,ackley,0,872,5.869527086588278e-12,26220,30,0.8,0.2,rand
DE,ackley,0,873,5.869527086588278e-12,26250,30,0.8,0.2,rand
DE,ackley,0,874,5.869527086588278e-12,26280,30,0.8,0.2,rand
DE,ackley,0,875,5.869527086588278e-12,26310,30,0.8,0.2,rand
DE,ackley,0,876,5.869527086588278e-12,26340,30,0.8,0.2,rand
DE,ackley,0,877,5.1660897781857784e-12,26370,30,0.8,0.2,rand
DE,ackley,0,878,4.931610675384945e-12,26400,30,0.8,0.2,rand
DE,ackley,0,879,4.931610675384945e-12,26430,30,0.8,0.2,rand
DE,ackley,0,880,4.931610675384945e-12,26460,30,0.8,0.2,rand
DE,ackley,0,881,4.491074179213683e-12,26490,30,0.8,0.2,rand
DE,ackley,0,882,4.491074179213683e-12,26520,30,0.8,0.2,rand
DE,ackley,0,883,4.491074179213683e-12,26550,30,0.8,0.2,rand
DE,ackley,0,884,4.491074179213683e-12,26580,30,0.8,0.2,rand
DE,ackley,0,885,4.491074179213683e-12,26610,30,0.8,0.2,rand
DE,ackley,0,886,2.6294522115222208e-12,26640,30,0.8,0.2,rand
DE,ackley,0,887,2.6294522115222208e-12,26670,30,0.8,0.2,rand
DE,ackley,0,888,2.6294522115222208e-12,26700,30,0.8,0.2,rand
DE,ackley,0,889,2.6294522115222208e-12,26730,30,0.8,0.2,rand
DE,ackley,0,890,2.6258994978434202e-12,26760,30,0.8,0.2,rand
DE,ackley,0,891,2.6258994978434202e-12,26790,30,0.8,0.2,rand
DE,ackley,0,892,2.6258994978434202e-12,26820,30,0.8,0.2,rand
DE,ackley,0,893,2.6258994978434202e-12,26850,30,0.8,0.2,rand
DE,ackley,0,894,2.6258994978434202e-12,26880,30,0.8,0.2,rand
DE,ackley,0,895,2.6258994978434202e-12,26910,30,0.8,0.2,rand
DE,ackley,0,896,2.6258994978434202e-12,26940,30,0.8,0.2,rand
DE,ackley,0,897,2.5370816558734077e-12,26970,30,0.8,0.2,rand
DE,ackley,0,898,2.5370816558734077e-12,27000,30,0.8,0.2,rand
DE,ackley,0,899,2.5370816558734077e-12,27030,30,0.8,0.2,rand
DE,ackley,0,900,2.5370816558734077e-12,27060,30,0.8,0.2,rand
DE,ackley,0,901,2.2812862709997717e-12,27090,30,0.8,0.2,rand
DE,ackley,0,902,1.744826505500896e-12,27120,30,0.8,0.2,rand
DE,ackley,0,903,1.744826505500896e-12,27150,30,0.8,0.2,rand
DE,ackley,0,904,1.744826505500896e-12,27180,30,0.8,0.2,rand
DE,ackley,0,905,1.744826505500896e-12,27210,30,0.8,0.2,rand
DE,ackley,0,906,1.744826505500896e-12,27240,30,0.8,0.2,rand
DE,ackley,0,907,1.0804690475652023e-12,27270,30,0.8,0.2,rand
DE,ackley,0,908,1.0804690475652023e-12,27300,30,0.8,0.2,rand
DE,ackley,0,909,1.0804690475652023e-12,27330,30,0.8,0.2,rand
DE,ackley,0,910,1.0804690475652023e-12,27360,30,0.8,0.2,rand
DE,ackley,0,911,1.0804690475652023e-12,27390,30,0.8,0.2,rand
DE,ackley,0,912,1.0804690475652023e-12,27420,30,0.8,0.2,rand
DE,ackley,0,913,1.0804690475652023e-12,27450,30,0.8,0.2,rand
DE,ackley,0,914,1.0804690475652023e-12,27480,30,0.8,0.2,rand
DE,ackley,0,915,1.0804690475652023e-12,27510,30,0.8,0.2,rand
DE,ackley,0,916,1.0804690475652023e-12,27540,30,0.8,0.2,rand
DE,ackley,0,917,1.0804690475652023e-12,27570,30,0.8,0.2,rand
DE,ackley,0,918,1.0804690475652023e-12,27600,30,0.8,0.2,rand
DE,ackley,0,919,1.0804690475652023e-12,27630,30,0.8,0.2,rand
DE,ackley,0,920,1.0627054791711998e-12,27660,30,0.8,0.2,rand
DE,ackley,0,921,1.0627054791711998e-12,27690,30,0.8,0.2,rand
DE,ackley,0,922,1.0413891970983968e-12,27720,30,0.8,0.2,rand
DE,ackley,0,923,1.0413891970983968e-12,27750,30,0.8,0.2,rand
DE,ackley,0,924,1.0413891970983968e-12,27780,30,0.8,0.2,rand
DE,ackley,0,925,1.0023093466315913e-12,27810,30,0.8,0.2,rand
DE,ackley,0,926,9.596767824859853e-13,27840,30,0.8,0.2,rand
DE,ackley,0,927,8.246736626915663e-13,27870,30,0.8,0.2,rand
DE,ackley,0,928,8.246736626915663e-13,27900,30,0.8,0.2,rand
DE,ackley,0,929,8.175682353339653e-13,27930,30,0.8,0.2,rand
DE,ackley,0,930,7.891465259035613e-13,27960,30,0.8,0.2,rand
DE,ackley,0,931,4.445332990599127e-13,27990,30,0.8,0.2,rand
DE,ackley,0,932,4.445332990599127e-13,28020,30,0.8,0.2,rand
DE,ackley,0,933,4.445332990599127e-13,28050,30,0.8,0.2,rand
DE,ackley,0,934,4.445332990599127e-13,28080,30,0.8,0.2,rand
DE,ackley,0,935,4.445332990599127e-13,28110,30,0.8,0.2,rand
DE,ackley,0,936,4.445332990599127e-13,28140,30,0.8,0.2,rand
DE,ackley,0,937,3.4505731605349865e-13,28170,30,0.8,0.2,rand
DE,ackley,0,938,3.4505731605349865e-13,28200,30,0.8,0.2,rand
DE,ackley,0,939,3.4505731605349865e-13,28230,30,0.8,0.2,rand
DE,ackley,0,940,3.4505731605349865e-13,28260,30,0.8,0.2,rand
DE,ackley,0,941,3.4505731605349865e-13,28290,30,0.8,0.2,rand
DE,ackley,0,942,3.4505731605349865e-13,28320,30,0.8,0.2,rand
DE,ackley,0,943,3.4505731605349865e-13,28350,30,0.8,0.2,rand
DE,ackley,0,944,3.4505731605349865e-13,28380,30,0.8,0.2,rand
DE,ackley,0,945,3.4505731605349865e-13,28410,30,0.8,0.2,rand
DE,ackley,0,946,3.4505731605349865e-13,28440,30,0.8,0.2,rand
DE,ackley,0,947,3.4505731605349865e-13,28470,30,0.8,0.2,rand
DE,ackley,0,948,2.7755575615628914e-13,28500,30,0.8,0.2,rand
DE,ackley,0,949,2.7755575615628914e-13,28530,30,0.8,0.2,rand
DE,ackley,0,950,2.5268676040468563e-13,28560,30,0.8,0.2,rand
DE,ackley,0,951,2.5268676040468563e-13,28590,30,0.8,0.2,rand
DE,ackley,0,952,2.5268676040468563e-13,28620,30,0.8,0.2,rand
DE,ackley,0,953,2.5268676040468563e-13,28650,30,0.8,0.2,rand
DE,ackley,0,954,2.5268676040468563e-13,28680,30,0.8,0.2,rand
DE,ackley,0,955,2.5268676040468563e-13,28710,30,0.8,0.2,rand
DE,ackley,0,956,1.887379141862766e-13,28740,30,0.8,0.2,rand
DE,ackley,0,957,1.887379141862766e-13,28770,30,0.8,0.2,rand
DE,ackley,0,958,1.887379141862766e-13,28800,30,0.8,0.2,rand
DE,ackley,0,959,1.887379141862766e-13,28830,30,0.8,0.2,rand
DE,ackley,0,960,1.887379141862766e-13,28860,30,0.8,0.2,rand
DE,ackley,0,961,1.887379141862766e-13,28890,30,0.8,0.2,rand
DE,ackley,0,962,1.887379141862766e-13,28920,30,0.8,0.2,rand
DE,ackley,0,963,1.887379141862766e-13,28950,30,0.8,0.2,rand
DE,ackley,0,964,1.887379141862766e-13,28980,30,0.8,0.2,rand
DE,ackley,0,965,1.354472090042691e-13,29010,30,0.8,0.2,rand
DE,ackley,0,966,1.354472090042691e-13,29040,30,0.8,0.2,rand
DE,ackley,0,967,1.354472090042691e-13,29070,30,0.8,0.2,rand
DE,ackley,0,968,1.354472090042691e-13,29100,30,0.8,0.2,rand
DE,ackley,0,969,1.354472090042691e-13,29130,30,0.8,0.2,rand
DE,ackley,0,970,1.354472090042691e-13,29160,30,0.8,0.2,rand
DE,ackley,0,971,1.354472090042691e-13,29190,30,0.8,0.2,rand
DE,ackley,0,972,1.354472090042691e-13,29220,30,0.8,0.2,rand
DE,ackley,0,973,1.354472090042691e-13,29250,30,0.8,0.2,rand
DE,ackley,0,974,1.354472090042691e-13,29280,30,0.8,0.2,rand
DE,ackley,0,975,1.354472090042691e-13,29310,30,0.8,0.2,rand
DE,ackley,0,976,1.354472090042691e-13,29340,30,0.8,0.2,rand
DE,ackley,0,977,1.354472090042691e-13,29370,30,0.8,0.2,rand
DE,ackley,0,978,1.318944953254686e-13,29400,30,0.8,0.2,rand
DE,ackley,0,979,1.318944953254686e-13,29430,30,0.8,0.2,rand
DE,ackley,0,980,1.212363542890671e-13,29460,30,0.8,0.2,rand
DE,ackley,0,981,9.992007221626409e-14,29490,30,0.8,0.2,rand
DE,ackley,0,982,9.992007221626409e-14,29520,30,0.8,0.2,rand
DE,ackley,0,983,9.992007221626409e-14,29550,30,0.8,0.2,rand
DE,ackley,0,984,9.992007221626409e-14,29580,30,0.8,0.2,rand
DE,ackley,0,985,9.992007221626409e-14,29610,30,0.8,0.2,rand
DE,ackley,0,986,8.215650382226158e-14,29640,30,0.8,0.2,rand
DE,ackley,0,987,8.215650382226158e-14,29670,30,0.8,0.2,rand
DE,ackley,0,988,8.215650382226158e-14,29700,30,0.8,0.2,rand
DE,ackley,0,989,7.860379014346108e-14,29730,30,0.8,0.2,rand
DE,ackley,0,990,7.860379014346108e-14,29760,30,0.8,0.2,rand
DE,ackley,0,991,7.860379014346108e-14,29790,30,0.8,0.2,rand
DE,ackley,0,992,7.860379014346108e-14,29820,30,0.8,0.2,rand
DE,ackley,0,993,7.860379014346108e-14,29850,30,0.8,0.2,rand
DE,ackley,0,994,7.505107646466058e-14,29880,30,0.8,0.2,rand
DE,ackley,0,995,7.505107646466058e-14,29910,30,0.8,0.2,rand
DE,ackley,0,996,7.149836278586008e-14,29940,30,0.8,0.2,rand
DE,ackley,0,997,6.439293542825908e-14,29970,30,0.8,0.2,rand
DE,ackley,0,998,6.439293542825908e-14,30000,30,0.8,0.2,rand
DE,ackley,0,999,6.439293542825908e-14,30030,30,0.8,0.2,rand
DE,ackley,0,1000,6.439293542825908e-14,30060,30,0.8,0.2,rand
DE,ackley,0,1001,5.728750807065808e-14,30090,30,0.8,0.2,rand
DE,ackley,0,1002,5.728750807065808e-14,30120,30,0.8,0.2,rand
DE,ackley,0,1003,5.3734794391857577e-14,30150,30,0.8,0.2,rand
DE,ackley,0,1004,5.3734794391857577e-14,30180,30,0.8,0.2,rand
DE,ackley,0,1005,5.3734794391857577e-14,30210,30,0.8,0.2,rand
DE,ackley,0,1006,4.3076653355456074e-14,30240,30,0.8,0.2,rand
DE,ackley,0,1007,4.3076653355456074e-14,30270,30,0.8,0.2,rand
DE,ackley,0,1008,4.3076653355456074e-14,30300,30,0.8,0.2,rand
DE,ackley,0,1009,4.3076653355456074e-14,30330,30,0.8,0.2,rand
DE,ackley,0,1010,3.952393967665557e-14,30360,30,0.8,0.2,rand
DE,ackley,0,1011,3.952393967665557e-14,30390,30,0.8,0.2,rand
DE,ackley,0,1012,3.952393967665557e-14,30420,30,0.8,0.2,rand
DE,ackley,0,1013,3.952393967665557e-14,30450,30,0.8,0.2,rand
DE,ackley,0,1014,3.952393967665557e-14,30480,30,0.8,0.2,rand
DE,ackley,0,1015,3.952393967665557e-14,30510,30,0.8,0.2,rand
DE,ackley,0,1016,3.952393967665557e-14,30540,30,0.8,0.2,rand
DE,ackley,0,1017,3.952393967665557e-14,30570,30,0.8,0.2,rand
DE,ackley,0,1018,3.952393967665557e-14,30600,30,0.8,0.2,rand
DE,ackley,0,1019,3.241851231905457e-14,30630,30,0.8,0.2,rand
DE,ackley,0,1020,3.241851231905457e-14,30660,30,0.8,0.2,rand
DE,ackley,0,1021,3.241851231905457e-14,30690,30,0.8,0.2,rand
DE,ackley,0,1022,3.241851231905457e-14,30720,30,0.8,0.2,rand
DE,ackley,0,1023,3.241851231905457e-14,30750,30,0.8,0.2,rand
DE,ackley,0,1024,3.241851231905457e-14,30780,30,0.8,0.2,rand
DE,ackley,0,1025,2.886579864025407e-14,30810,30,0.8,0.2,rand
DE,ackley,0,1026,2.886579864025407e-14,30840,30,0.8,0.2,rand
DE,ackley,0,1027,2.886579864025407e-14,30870,30,0.8,0.2,rand
DE,ackley,0,1028,2.886579864025407e-14,30900,30,0.8,0.2,rand
DE,ackley,0,1029,2.1760371282653068e-14,30930,30,0.8,0.2,rand
DE,ackley,0,1030,1.8207657603852567e-14,30960,30,0.8,0.2,rand
DE,ackley,0,1031,1.8207657603852567e-14,30990,30,0.8,0.2,rand
DE,ackley,0,1032,1.8207657603852567e-14,31020,30,0.8,0.2,rand
DE,ackley,0,1033,1.8207657603852567e-14,31050,30,0.8,0.2,rand
DE,ackley,0,1034,1.8207657603852567e-14,31080,30,0.8,0.2,rand
DE,ackley,0,1035,1.8207657603852567e-14,31110,30,0.8,0.2,rand
DE,ackley,0,1036,1.8207657603852567e-14,31140,30,0.8,0.2,rand
DE,ackley,0,1037,1.8207657603852567e-14,31170,30,0.8,0.2,rand
DE,ackley,0,1038,1.8207657603852567e-14,31200,30,0.8,0.2,rand
DE,ackley,0,1039,1.8207657603852567e-14,31230,30,0.8,0.2,rand
DE,ackley,0,1040,1.8207657603852567e-14,31260,30,0.8,0.2,rand
DE,ackley,0,1041,1.8207657603852567e-14,31290,30,0.8,0.2,rand
DE,ackley,0,1042,1.8207657603852567e-14,31320,30,0.8,0.2,rand
DE,ackley,0,1043,1.8207657603852567e-14,31350,30,0.8,0.2,rand
DE,ackley,0,1044,1.8207657603852567e-14,31380,30,0.8,0.2,rand
DE,ackley,0,1045,1.8207657603852567e-14,31410,30,0.8,0.2,rand
DE,ackley,0,1046,1.4654943925052066e-14,31440,30,0.8,0.2,rand
DE,ackley,0,1047,1.4654943925052066e-14,31470,30,0.8,0.2,rand
DE,ackley,0,1048,1.4654943925052066e-14,31500,30,0.8,0.2,rand
DE,ackley,0,1049,1.4654943925052066e-14,31530,30,0.8,0.2,rand
DE,ackley,0,1050,1.4654943925052066e-14,31560,30,0.8,0.2,rand
DE,ackley,0,1051,1.4654943925052066e-14,31590,30,0.8,0.2,rand
DE,ackley,0,1052,1.4654943925052066e-14,31620,30,0.8,0.2,rand
DE,ackley,0,1053,1.4654943925052066e-14,31650,30,0.8,0.2,rand
DE,ackley,0,1054,1.4654943925052066e-14,31680,30,0.8,0.2,rand
DE,ackley,0,1055,1.4654943925052066e-14,31710,30,0.8,0.2,rand
DE,ackley,0,1056,1.1102230246251565e-14,31740,30,0.8,0.2,rand
DE,ackley,0,1057,1.1102230246251565e-14,31770,30,0.8,0.2,rand
DE,ackley,0,1058,1.1102230246251565e-14,31800,30,0.8,0.2,rand
DE,ackley,0,1059,1.1102230246251565e-14,31830,30,0.8,0.2,rand
DE,ackley,0,1060,7.549516567451064e-15,31860,30,0.8,0.2,rand
DE,ackley,0,1061,7.549516567451064e-15,31890,30,0.8,0.2,rand
DE,ackley,0,1062,7.549516567451064e-15,31920,30,0.8,0.2,rand
DE,ackley,0,1063,7.549516567451064e-15,31950,30,0.8,0.2,rand
DE,ackley,0,1064,7.549516567451064e-15,31980,30,0.8,0.2,rand
DE,ackley,0,1065,7.549516567451064e-15,32010,30,0.8,0.2,rand
DE,ackley,0,1066,7.549516567451064e-15,32040,30,0.8,0.2,rand
DE,ackley,0,1067,7.549516567451064e-15,32070,30,0.8,0.2,rand
DE,ackley,0,1068,7.549516567451064e-15,32100,30,0.8,0.2,rand
DE,ackley,0,1069,7.549516567451064e-15,32130,30,0.8,0.2,rand
DE,ackley,0,1070,7.549516567451064e-15,32160,30,0.8,0.2,rand
DE,ackley,0,1071,7.549516567451064e-15,32190,30,0.8,0.2,rand
DE,ackley,0,1072,7.549516567451064e-15,32220,30,0.8,0.2,rand
DE,ackley,0,1073,7.549516567451064e-15,32250,30,0.8,0.2,rand
DE,ackley,0,1074,7.549516567451064e-15,32280,30,0.8,0.2,rand
DE,ackley,0,1075,7.549516567451064e-15,32310,30,0.8,0.2,rand
DE,ackley,0,1076,7.549516567451064e-15,32340,30,0.8,0.2,rand
DE,ackley,0,1077,7.549516567451064e-15,32370,30,0.8,0.2,rand
DE,ackley,0,1078,3.9968028886505635e-15,32400,30,0.8,0.2,rand
DE,ackley,0,1079,3.9968028886505635e-15,32430,30,0.8,0.2,rand
DE,ackley,0,1080,3.9968028886505635e-15,32460,30,0.8,0.2,rand
DE,ackley,0,1081,3.9968028886505635e-15,32490,30,0.8,0.2,rand
DE,ackley,0,1082,3.9968028886505635e-15,32520,30,0.8,0.2,rand
DE,ackley,0,1083,3.9968028886505635e-15,32550,30,0.8,0.2,rand
DE,ackley,0,1084,3.9968028886505635e-15,32580,30,0.8,0.2,rand
DE,ackley,0,1085,3.9968028886505635e-15,32610,30,0.8,0.2,rand
DE,ackley,0,1086,3.9968028886505635e-15,32640,30,0.8,0.2,rand
DE,ackley,0,1087,3.9968028886505635e-15,32670,30,0.8,0.2,rand
DE,ackley,0,1088,3.9968028886505635e-15,32700,30,0.8,0.2,rand
DE,ackley,0,1089,3.9968028886505635e-15,32730,30,0.8,0.2,rand
DE,ackley,0,1090,3.9968028886505635e-15,32760,30,0.8,0.2,rand
DE,ackley,0,1091,3.9968028886505635e-15,32790,30,0.8,0.2,rand
DE,ackley,0,1092,3.9968028886505635e-15,32820,30,0.8,0.2,rand
DE,ackley,0,1093,3.9968028886505635e-15,32850,30,0.8,0.2,rand
DE,ackley,0,1094,3.9968028886505635e-15,32880,30,0.8,0.2,rand
DE,ackley,0,1095,3.9968028886505635e-15,32910,30,0.8,0.2,rand
DE,ackley,0,1096,3.9968028886505635e-15,32940,30,0.8,0.2,rand
DE,ackley,0,1097,3.9968028886505635e-15,32970,30,0.8,0.2,rand
DE,ackley,0,1098,3.9968028886505635e-15,33000,30,0.8,0.2,rand
DE,ackley,0,1099,3.9968028886505635e-15,33030,30,0.8,0.2,rand
DE,ackley,0,1100,3.9968028886505635e-15,33060,30,0.8,0.2,rand
DE,ackley,0,1101,3.9968028886505635e-15,33090,30,0.8,0.2,rand
DE,ackley,0,1102,3.9968028886505635e-15,33120,30,0.8,0.2,rand
DE,ackley,0,1103,3.9968028886505635e-15,33150,30,0.8,0.2,rand
DE,ackley,0,1104,3.9968028886505635e-15,33180,30,0.8,0.2,rand
DE,ackley,0,1105,3.9968028886505635e-15,33210,30,0.8,0.2,rand
DE,ackley,0,1106,3.9968028886505635e-15,33240,30,0.8,0.2,rand
DE,ackley,0,1107,3.9968028886505635e-15,33270,30,0.8,0.2,rand
DE,ackley,0,1108,3.9968028886505635e-15,33300,30,0.8,0.2,rand
DE,ackley,0,1109,3.9968028886505635e-15,33330,30,0.8,0.2,rand
DE,ackley,0,1110,3.9968028886505635e-15,33360,30,0.8,0.2,rand
DE,ackley,0,1111,3.9968028886505635e-15,33390,30,0.8,0.2,rand
DE,ackley,0,1112,3.9968028886505635e-15,33420,30,0.8,0.2,rand
DE,ackley,0,1113,3.9968028886505635e-15,33450,30,0.8,0.2,rand
DE,ackley,0,1114,3.9968028886505635e-15,33480,30,0.8,0.2,rand
DE,ackley,0,1115,3.9968028886505635e-15,33510,30,0.8,0.2,rand
DE,ackley,0,1116,3.9968028886505635e-15,33540,30,0.8,0.2,rand
DE,ackley,0,1117,3.9968028886505635e-15,33570,30,0.8,0.2,rand
DE,ackley,0,1118,3.9968028886505635e-15,33600,30,0.8,0.2,rand
DE,ackley,0,1119,3.9968028886505635e-15,33630,30,0.8,0.2,rand
DE,ackley,0,1120,3.9968028886505635e-15,33660,30,0.8,0.2,rand
DE,ackley,0,1121,3.9968028886505635e-15,33690,30,0.8,0.2,rand
DE,ackley,0,1122,3.9968028886505635e-15,33720,30,0.8,0.2,rand
DE,ackley,0,1123,3.9968028886505635e-15,33750,30,0.8,0.2,rand
DE,ackley,0,1124,3.9968028886505635e-15,33780,30,0.8,0.2,rand
DE,ackley,0,1125,3.9968028886505635e-15,33810,30,0.8,0.2,rand
DE,ackley,0,1126,3.9968028886505635e-15,33840,30,0.8,0.2,rand
DE,ackley,0,1127,3.9968028886505635e-15,33870,30,0.8,0.2,rand
DE,ackley,0,1128,3.9968028886505635e-15,33900,30,0.8,0.2,rand
DE,ackley,0,1129,3.9968028886505635e-15,33930,30,0.8,0.2,rand
DE,ackley,0,1130,3.9968028886505635e-15,33960,30,0.8,0.2,rand
DE,ackley,0,1131,3.9968028886505635e-15,33990,30,0.8,0.2,rand
DE,ackley,0,1132,3.9968028886505635e-15,34020,30,0.8,0.2,rand
DE,ackley,0,1133,3.9968028886505635e-15,34050,30,0.8,0.2,rand
DE,ackley,0,1134,3.9968028886505635e-15,34080,30,0.8,0.2,rand
DE,ackley,0,1135,3.9968028886505635e-15,34110,30,0.8,0.2,rand
DE,ackley,0,1136,3.9968028886505635e-15,34140,30,0.8,0.2,rand
DE,ackley,0,1137,3.9968028886505635e-15,34170,30,0.8,0.2,rand
DE,ackley,0,1138,3.9968028886505635e-15,34200,30,0.8,0.2,rand
DE,ackley,0,1139,3.9968028886505635e-15,34230,30,0.8,0.2,rand
DE,ackley,0,1140,3.9968028886505635e-15,34260,30,0.8,0.2,rand
DE,ackley,0,1141,3.9968028886505635e-15,34290,30,0.8,0.2,rand
DE,ackley,0,1142,3.9968028886505635e-15,34320,30,0.8,0.2,rand
DE,ackley,0,1143,3.9968028886505635e-15,34350,30,0.8,0.2,rand
DE,ackley,0,1144,3.9968028886505635e-15,34380,30,0.8,0.2,rand
DE,ackley,0,1145,3.9968028886505635e-15,34410,30,0.8,0.2,rand
DE,ackley,0,1146,3.9968028886505635e-15,34440,30,0.8,0.2,rand
DE,ackley,0,1147,3.9968028886505635e-15,34470,30,0.8,0.2,rand
DE,ackley,0,1148,3.9968028886505635e-15,34500,30,0.8,0.2,rand
DE,ackley,0,1149,3.9968028886505635e-15,34530,30,0.8,0.2,rand
DE,ackley,0,1150,3.9968028886505635e-15,34560,30,0.8,0.2,rand
DE,ackley,0,1151,3.9968028886505635e-15,34590,30,0.8,0.2,rand
DE,ackley,0,1152,3.9968028886505635e-15,34620,30,0.8,0.2,rand
DE,ackley,0,1153,3.9968028886505635e-15,34650,30,0.8,0.2,rand
DE,ackley,0,1154,3.9968028886505635e-15,34680,30,0.8,0.2,rand
DE,ackley,0,1155,3.9968028886505635e-15,34710,30,0.8,0.2,rand
DE,ackley,0,1156,3.9968028886505635e-15,34740,30,0.8,0.2,rand
DE,ackley,0,1157,3.9968028886505635e-15,34770,30,0.8,0.2,rand
DE,ackley,0,1158,3.9968028886505635e-15,34800,30,0.8,0.2,rand
DE,ackley,0,1159,3.9968028886505635e-15,34830,30,0.8,0.2,rand
DE,ackley,0,1160,3.9968028886505635e-15,34860,30,0.8,0.2,rand
DE,ackley,0,1161,3.9968028886505635e-15,34890,30,0.8,0.2,rand
DE,ackley,0,1162,3.9968028886505635e-15,34920,30,0.8,0.2,rand
DE,ackley,0,1163,3.9968028886505635e-15,34950,30,0.8,0.2,rand
DE,ackley,0,1164,3.9968028886505635e-15,34980,30,0.8,0.2,rand
DE,ackley,0,1165,3.9968028886505635e-15,35010,30,0.8,0.2,rand
DE,ackley,0,1166,3.9968028886505635e-15,35040,30,0.8,0.2,rand
DE,ackley,0,1167,3.9968028886505635e-15,35070,30,0.8,0.2,rand
DE,ackley,0,1168,3.9968028886505635e-15,35100,30,0.8,0.2,rand
DE,ackley,0,1169,3.9968028886505635e-15,35130,30,0.8,0.2,rand
DE,ackley,0,1170,3.9968028886505635e-15,35160,30,0.8,0.2,rand
DE,ackley,0,1171,3.9968028886505635e-15,35190,30,0.8,0.2,rand
DE,ackley,0,1172,3.9968028886505635e-15,35220,30,0.8,0.2,rand
DE,ackley,0,1173,3.9968028886505635e-15,35250,30,0.8,0.2,rand
DE,ackley,0,1174,3.9968028886505635e-15,35280,30,0.8,0.2,rand
DE,ackley,0,1175,3.9968028886505635e-15,35310,30,0.8,0.2,rand
DE,ackley,0,1176,3.9968028886505635e-15,35340,30,0.8,0.2,rand
DE,ackley,0,1177,3.9968028886505635e-15,35370,30,0.8,0.2,rand
DE,ackley,0,1178,3.9968028886505635e-15,35400,30,0.8,0.2,rand
DE,ackley,0,1179,3.9968028886505635e-15,35430,30,0.8,0.2,rand
DE,ackley,0,1180,3.9968028886505635e-15,35460,30,0.8,0.2,rand
DE,ackley,0,1181,3.9968028886505635e-15,35490,30,0.8,0.2,rand
DE,ackley,0,1182,3.9968028886505635e-15,35520,30,0.8,0.2,rand
DE,ackley,0,1183,3.9968028886505635e-15,35550,30,0.8,0.2,rand
DE,ackley,0,1184,3.9968028886505635e-15,35580,30,0.8,0.2,rand
DE,ackley,0,1185,3.9968028886505635e-15,35610,30,0.8,0.2,rand
DE,ackley,0,1186,3.9968028886505635e-15,35640,30,0.8,0.2,rand
DE,ackley,0,1187,3.9968028886505635e-15,35670,30,0.8,0.2,rand
DE,ackley,0,1188,3.9968028886505635e-15,35700,30,0.8,0.2,rand
DE,ackley,0,1189,3.9968028886505635e-15,35730,30,0.8,0.2,rand
DE,ackley,0,1190,3.9968028886505635e-15,35760,30,0.8,0.2,rand
DE,ackley,0,1191,3.9968028886505635e-15,35790,30,0.8,0.2,rand
DE,ackley,0,1192,3.9968028886505635e-15,35820,30,0.8,0.2,rand
DE,ackley,0,1193,3.9968028886505635e-15,35850,30,0.8,0.2,rand
DE,ackley,0,1194,3.9968028886505635e-15,35880,30,0.8,0.2,rand
DE,ackley,0,1195,3.9968028886505635e-15,35910,30,0.8,0.2,rand
DE,ackley,0,1196,3.9968028886505635e-15,35940,30,0.8,0.2,rand
DE,ackley,0,1197,3.9968028886505635e-15,35970,30,0.8,0.2,rand
DE,ackley,0,1198,3.9968028886505635e-15,36000,30,0.8,0.2,rand
DE,ackley,0,1199,3.9968028886505635e-15,36030,30,0.8,0.2,rand
DE,ackley,1,0,20.156915259898504,60,30,0.8,0.2,rand
DE,ackley,1,1,20.156915259898504,90,30,0.8,0.2,rand
DE,ackley,1,2,18.996460934140014,120,30,0.8,0.2,rand
DE,ackley,1,3,18.996460934140014,150,30,0.8,0.2,rand
DE,ackley,1,4,18.996460934140014,180,30,0.8,0.2,rand
DE,ackley,1,5,18.996460934140014,210,30,0.8,0.2,rand
DE,ackley,1,6,18.684997309926086,240,30,0.8,0.2,rand
DE,ackley,1,7,18.684997309926086,270,30,0.8,0.2,rand
DE,ackley,1,8,18.684997309926086,300,30,0.8,0.2,rand
DE,ackley,1,9,18.45300438109231,330,30,0.8,0.2,rand
DE,ackley,1,10,18.238329234065827,360,30,0.8,0.2,rand
DE,ackley,1,11,18.120769821856868,390,30,0.8,0.2,rand
DE,ackley,1,12,17.306422892226323,420,30,0.8,0.2,rand
DE,ackley,1,13,17.306422892226323,450,30,0.8,0.2,rand
DE,ackley,1,14,17.306422892226323,480,30,0.8,0.2,rand
DE,ackley,1,15,17.306422892226323,510,30,0.8,0.2,rand
DE,ackley,1,16,17.306422892226323,540,30,0.8,0.2,rand
DE,ackley,1,17,17.306422892226323,570,30,0.8,0.2,rand
DE,ackley,1,18,17.013407465057007,600,30,0.8,0.2,rand
DE,ackley,1,19,15.85396394962982,630,30,0.8,0.2,rand
DE,ackley,1,20,15.85396394962982,660,30,0.8,0.2,rand
DE,ackley,1,21,15.85396394962982,690,30,0.8,0.2,rand
DE,ackley,1,22,15.804600569246196,720,30,0.8,0.2,rand
DE,ackley,1,23,15.804600569246196,750,30,0.8,0.2,rand
DE,ackley,1,24,15.804600569246196,780,30,0.8,0.2,rand
DE,ackley,1,25,15.176125852218679,810,30,0.8,0.2,rand
DE,ackley,1,26,15.176125852218679,840,30,0.8,0.2,rand
DE,ackley,1,27,15.176125852218679,870,30,0.8,0.2,rand
DE,ackley,1,28,15.176125852218679,900,30,0.8,0.2,rand
DE,ackley,1,29,15.071020780296017,930,30,0.8,0.2,rand
DE,ackley,1,30,15.071020780296017,960,30,0.8,0.2,rand
DE,ackley,1,31,14.905987809016327,990,30,0.8,0.2,rand
DE,ackley,1,32,14.905987809016327,1020,30,0.8,0.2,rand
DE,ackley,1,33,13.518308382695453,1050,30,0.8,0.2,rand
DE,ackley,1,34,12.94329811859375,1080,30,0.8,0.2,rand
DE,ackley,1,35,12.94329811859375,1110,30,0.8,0.2,rand
DE,ackley,1,36,12.94329811859375,1140,30,0.8,0.2,rand
DE,ackley,1,37,12.94329811859375,1170,30,0.8,0.2,rand
DE,ackley,1,38,12.853331683266454,1200,30,0.8,0.2,rand
DE,ackley,1,39,12.853331683266454,1230,30,0.8,0.2,rand
DE,ackley,1,40,12.853331683266454,1260,30,0.8,0.2,rand
DE,ackley,1,41,12.853331683266454,1290,30,0.8,0.2,rand
DE,ackley,1,42,12.853331683266454,1320,30,0.8,0.2,rand
DE,ackley,1,43,12.853331683266454,1350,30,0.8,0.2,rand
DE,ackley,1,44,12.853331683266454,1380,30,0.8,0.2,rand
DE,ackley,1,45,11.416797874071571,1410,30,0.8,0.2,rand
DE,ackley,1,46,11.416797874071571,1440,30,0.8,0.2,rand
DE,ackley,1,47,10.402755410326943,1470,30,0.8,0.2,rand
DE,ackley,1,48,10.402755410326943,1500,30,0.8,0.2,rand
DE,ackley,1,49,10.402755410326943,1530,30,0.8,0.2,rand
DE,ackley,1,50,8.282565713001398,1560,30,0.8,0.2,rand
DE,ackley,1,51,8.064133146124648,1590,30,0.8,0.2,rand
DE,ackley,1,52,8.064133146124648,1620,30,0.8,0.2,rand
DE,ackley,1,53,7.529193072554667,1650,30,0.8,0.2,rand
DE,ackley,1,54,7.529193072554667,1680,30,0.8,0.2,rand
DE,ackley,1,55,7.529193072554667,1710,30,0.8,0.2,rand
DE,ackley,1,56,7.41102668305717,1740,30,0.8,0.2,rand
DE,ackley,1,57,7.41102668305717,1770,30,0.8,0.2,rand
DE,ackley,1,58,7.41102668305717,1800,30,0.8,0.2,rand
DE,ackley,1,59,7.41102668305717,1830,30,0.8,0.2,rand
DE,ackley,1,60,7.41102668305717,1860,30,0.8,0.2,rand
DE,ackley,1,61,7.41102668305717,1890,30,0.8,0.2,rand
DE,ackley,1,62,7.41102668305717,1920,30,0.8,0.2,rand
DE,ackley,1,63,7.41102668305717,1950,30,0.8,0.2,rand
DE,ackley,1,64,7.41102668305717,1980,30,0.8,0.2,rand
DE,ackley,1,65,7.41102668305717,2010,30,0.8,0.2,rand
DE,ackley,1,66,7.037356573754089,2040,30,0.8,0.2,rand
DE,ackley,1,67,7.037356573754089,2070,30,0.8,0.2,rand
DE,ackley,1,68,6.8070258996688935,2100,30,0.8,0.2,rand
DE,ackley,1,69,6.502177696518441,2130,30,0.8,0.2,rand
DE,ackley,1,70,5.356297595591695,2160,30,0.8,0.2,rand
DE,ackley,1,71,5.210908968661485,2190,30,0.8,0.2,rand
DE,ackley,1,72,5.210908968661485,2220,30,0.8,0.2,rand
DE,ackley,1,73,5.210908968661485,2250,30,0.8,0.2,rand
DE,ackley,1,74,5.210908968661485,2280,30,0.8,0.2,rand
DE,ackley,1,75,5.210908968661485,2310,30,0.8,0.2,rand
DE,ackley,1,76,5.198842971871834,2340,30,0.8,0.2,rand
DE,ackley,1,77,5.198842971871834,2370,30,0.8,0.2,rand
DE,ackley,1,78,5.198842971871834,2400,30,0.8,0.2,rand
DE,ackley,1,79,5.198842971871834,2430,30,0.8,0.2,rand
DE,ackley,1,80,5.198842971871834,2460,30,0.8,0.2,rand
DE,ackley,1,81,5.198842971871834,2490,30,0.8,0.2,rand
DE,ackley,1,82,5.198842971871834,2520,30,0.8,0.2,rand
DE,ackley,1,83,5.198842971871834,2550,30,0.8,0.2,rand
DE,ackley,1,84,5.198842971871834,2580,30,0.8,0.2,rand
DE,ackley,1,85,4.838595936281738,2610,30,0.8,0.2,rand
DE,ackley,1,86,4.838595936281738,2640,30,0.8,0.2,rand
DE,ackley,1,87,4.606680955273699,2670,30,0.8,0.2,rand
DE,ackley,1,88,4.149928453653057,2700,30,0.8,0.2,rand
DE,ackley,1,89,4.149928453653057,2730,30,0.8,0.2,rand
DE,ackley,1,90,4.149928453653057,2760,30,0.8,0.2,rand
DE,ackley,1,91,4.149928453653057,2790,30,0.8,0.2,rand
DE,ackley,1,92,4.149928453653057,2820,30,0.8,0.2,rand
DE,ackley,1,93,4.149928453653057,2850,30,0.8,0.2,rand
DE,ackley,1,94,4.149928453653057,2880,30,0.8,0.2,rand
DE,ackley,1,95,4.149928453653057,2910,30,0.8,0.2,rand
DE,ackley,1,96,4.149928453653057,2940,30,0.8,0.2,rand
DE,ackley,1,97,4.149928453653057,2970,30,0.8,0.2,rand
DE,ackley,1,98,4.149928453653057,3000,30,0.8,0.2,rand
DE,ackley,1,99,4.149928453653057,3030,30,0.8,0.2,rand
DE,ackley,1,100,3.2580527510285617,3060,30,0.8,0.2,rand
DE,ackley,1,101,3.2580527510285617,3090,30,0.8,0.2,rand
DE,ackley,1,102,3.2580527510285617,3120,30,0.8,0.2,rand
DE,ackley,1,103,3.2580527510285617,3150,30,0.8,0.2,rand
DE,ackley,1,104,3.2580527510285617,3180,30,0.8,0.2,rand
DE,ackley,1,105,3.2580527510285617,3210,30,0.8,0.2,rand
DE,ackley,1,106,3.2580527510285617,3240,30,0.8,0.2,rand
DE,ackley,1,107,3.2195937585580627,3270,30,0.8,0.2,rand
DE,ackley,1,108,3.2195937585580627,3300,30,0.8,0.2,rand
DE,ackley,1,109,2.700547298898741,3330,30,0.8,0.2,rand
DE,ackley,1,110,2.700547298898741,3360,30,0.8,0.2,rand
DE,ackley,1,111,2.700547298898741,3390,30,0.8,0.2,rand
DE,ackley,1,112,2.700547298898741,3420,30,0.8,0.2,rand
DE,ackley,1,113,2.700547298898741,3450,30,0.8,0.2,rand
DE,ackley,1,114,2.700547298898741,3480,30,0.8,0.2,rand
DE,ackley,1,115,2.700547298898741,3510,30,0.8,0.2,rand
DE,ackley,1,116,2.700547298898741,3540,30,0.8,0.2,rand
DE,ackley,1,117,2.470258627797929,3570,30,0.8,0.2,rand
DE,ackley,1,118,2.470258627797929,3600,30,0.8,0.2,rand
DE,ackley,1,119,2.470258627797929,3630,30,0.8,0.2,rand
DE,ackley,1,120,2.470258627797929,3660,30,0.8,0.2,rand
DE,ackley,1,121,2.470258627797929,3690,30,0.8,0.2,rand
DE,ackley,1,122,2.470258627797929,3720,30,0.8,0.2,rand
DE,ackley,1,123,2.470258627797929,3750,30,0.8,0.2,rand
DE,ackley,1,124,2.470258627797929,3780,30,0.8,0.2,rand
DE,ackley,1,125,2.361978842186272,3810,30,0.8,0.2,rand
DE,ackley,1,126,2.2394228669026934,3840,30,0.8,0.2,rand
DE,ackley,1,127,2.2394228669026934,3870,30,0.8,0.2,rand
DE,ackley,1,128,2.122233812243888,3900,30,0.8,0.2,rand
DE,ackley,1,129,2.1045379636773203,3930,30,0.8,0.2,rand
DE,ackley,1,130,1.9390098014489792,3960,30,0.8,0.2,rand
DE,ackley,1,131,1.9390098014489792,3990,30,0.8,0.2,rand
DE,ackley,1,132,1.9390098014489792,4020,30,0.8,0.2,rand
DE,ackley,1,133,1.9390098014489792,4050,30,0.8,0.2,rand
DE,ackley,1,134,1.9390098014489792,4080,30,0.8,0.2,rand
DE,ackley,1,135,1.8703736569252851,4110,30,0.8,0.2,rand
DE,ackley,1,136,1.8703736569252851,4140,30,0.8,0.2,rand
DE,ackley,1,137,1.8703736569252851,4170,30,0.8,0.2,rand
DE,ackley,1,138,1.8703736569252851,4200,30,0.8,0.2,rand
DE,ackley,1,139,1.8703736569252851,4230,30,0.8,0.2,rand
DE,ackley,1,140,1.8661946415958153,4260,30,0.8,0.2,rand
DE,ackley,1,141,1.1502350517919955,4290,30,0.8,0.2,rand
DE,ackley,1,142,1.1502350517919955,4320,30,0.8,0.2,rand
DE,ackley,1,143,1.1502350517919955,4350,30,0.8,0.2,rand
DE,ackley,1,144,1.1502350517919955,4380,30,0.8,0.2,rand
DE,ackley,1,145,1.1502350517919955,4410,30,0.8,0.2,rand
DE,ackley,1,146,1.1502350517919955,4440,30,0.8,0.2,rand
DE,ackley,1,147,1.1502350517919955,4470,30,0.8,0.2,rand
DE,ackley,1,148,1.1502350517919955,4500,30,0.8,0.2,rand
DE,ackley,1,149,1.1502350517919955,4530,30,0.8,0.2,rand
DE,ackley,1,150,1.0977287582809017,4560,30,0.8,0.2,rand
DE,ackley,1,151,1.0538226814455425,4590,30,0.8,0.2,rand
DE,ackley,1,152,0.7812448895470188,4620,30,0.8,0.2,rand
DE,ackley,1,153,0.7812448895470188,4650,30,0.8,0.2,rand
DE,ackley,1,154,0.7812448895470188,4680,30,0.8,0.2,rand
DE,ackley,1,155,0.7812448895470188,4710,30,0.8,0.2,rand
DE,ackley,1,156,0.7812448895470188,4740,30,0.8,0.2,rand
DE,ackley,1,157,0.7812448895470188,4770,30,0.8,0.2,rand
DE,ackley,1,158,0.7812448895470188,4800,30,0.8,0.2,rand
DE,ackley,1,159,0.7812448895470188,4830,30,0.8,0.2,rand
DE,ackley,1,160,0.7643530101617064,4860,30,0.8,0.2,rand
DE,ackley,1,161,0.7643530101617064,4890,30,0.8,0.2,rand
DE,ackley,1,162,0.6115703610342647,4920,30,0.8,0.2,rand
DE,ackley,1,163,0.6115703610342647,4950,30,0.8,0.2,rand
DE,ackley,1,164,0.6115703610342647,4980,30,0.8,0.2,rand
DE,ackley,1,165,0.5461707570782619,5010,30,0.8,0.2,rand
DE,ackley,1,166,0.538972041956193,5040,30,0.8,0.2,rand
DE,ackley,1,167,0.538972041956193,5070,30,0.8,0.2,rand
DE,ackley,1,168,0.538972041956193,5100,30,0.8,0.2,rand
DE,ackley,1,169,0.5247993956660193,5130,30,0.8,0.2,rand
DE,ackley,1,170,0.5247993956660193,5160,30,0.8,0.2,rand
DE,ackley,1,171,0.4811408947259719,5190,30,0.8,0.2,rand
DE,ackley,1,172,0.4811408947259719,5220,30,0.8,0.2,rand
DE,ackley,1,173,0.3626379140851488,5250,30,0.8,0.2,rand
DE,ackley,1,174,0.3626379140851488,5280,30,0.8,0.2,rand
DE,ackley,1,175,0.3626379140851488,5310,30,0.8,0.2,rand
DE,ackley,1,176,0.3626379140851488,5340,30,0.8,0.2,rand
DE,ackley,1,177,0.3626379140851488,5370,30,0.8,0.2,rand
DE,ackley,1,178,0.2652009402232811,5400,30,0.8,0.2,rand
DE,ackley,1,179,0.2652009402232811,5430,30,0.8,0.2,rand
DE,ackley,1,180,0.2652009402232811,5460,30,0.8,0.2,rand
DE,ackley,1,181,0.2652009402232811,5490,30,0.8,0.2,rand
DE,ackley,1,182,0.2652009402232811,5520,30,0.8,0.2,rand
DE,ackley,1,183,0.2652009402232811,5550,30,0.8,0.2,rand
DE,ackley,1,184,0.2652009402232811,5580,30,0.8,0.2,rand
DE,ackley,1,185,0.23589578672866596,5610,30,0.8,0.2,rand
DE,ackley,1,186,0.23589578672866596,5640,30,0.8,0.2,rand
DE,ackley,1,187,0.23589578672866596,5670,30,0.8,0.2,rand
DE,ackley,1,188,0.2277407633174815,5700,30,0.8,0.2,rand
DE,ackley,1,189,0.2277407633174815,5730,30,0.8,0.2,rand
DE,ackley,1,190,0.2277407633174815,5760,30,0.8,0.2,rand
DE,ackley,1,191,0.16208442044055404,5790,30,0.8,0.2,rand
DE,ackley,1,192,0.16208442044055404,5820,30,0.8,0.2,rand
DE,ackley,1,193,0.16208442044055404,5850,30,0.8,0.2,rand
DE,ackley,1,194,0.16208442044055404,5880,30,0.8,0.2,rand
DE,ackley,1,195,0.14769499442481804,5910,30,0.8,0.2,rand
DE,ackley,1,196,0.14769499442481804,5940,30,0.8,0.2,rand
DE,ackley,1,197,0.14769499442481804,5970,30,0.8,0.2,rand
DE,ackley,1,198,0.11692797516963127,6000,30,0.8,0.2,rand
DE,ackley,1,199,0.11692797516963127,6030,30,0.8,0.2,rand
DE,ackley,1,200,0.11692797516963127,6060,30,0.8,0.2,rand
DE,ackley,1,201,0.11692797516963127,6090,30,0.8,0.2,rand
DE,ackley,1,202,0.11692797516963127,6120,30,0.8,0.2,rand
DE,ackley,1,203,0.11692797516963127,6150,30,0.8,0.2,rand
DE,ackley,1,204,0.08274480827882558,6180,30,0.8,0.2,rand
DE,ackley,1,205,0.08274480827882558,6210,30,0.8,0.2,rand
DE,ackley,1,206,0.08274480827882558,6240,30,0.8,0.2,rand
DE,ackley,1,207,0.08274480827882558,6270,30,0.8,0.2,rand
DE,ackley,1,208,0.08274480827882558,6300,30,0.8,0.2,rand
DE,ackley,1,209,0.08274480827882558,6330,30,0.8,0.2,rand
DE,ackley,1,210,0.07585172352929037,6360,30,0.8,0.2,rand
DE,ackley,1,211,0.06952619293252171,6390,30,0.8,0.2,rand
DE,ackley,1,212,0.06952619293252171,6420,30,0.8,0.2,rand
DE,ackley,1,213,0.0694434697985149,6450,30,0.8,0.2,rand
DE,ackley,1,214,0.0694434697985149,6480,30,0.8,0.2,rand
DE,ackley,1,215,0.0694434697985149,6510,30,0.8,0.2,rand
DE,ackley,1,216,0.06305527576659431,6540,30,0.8,0.2,rand
DE,ackley,1,217,0.06305527576659431,6570,30,0.8,0.2,rand
DE,ackley,1,218,0.06305527576659431,6600,30,0.8,0.2,rand
DE,ackley,1,219,0.06305527576659431,6630,30,0.8,0.2,rand
DE,ackley,1,220,0.06198700436210958,6660,30,0.8,0.2,rand
DE,ackley,1,221,0.06198700436210958,6690,30,0.8,0.2,rand
DE,ackley,1,222,0.06198700436210958,6720,30,0.8,0.2,rand
DE,ackley,1,223,0.049576905080865874,6750,30,0.8,0.2,rand
DE,ackley,1,224,0.049576905080865874,6780,30,0.8,0.2,rand
DE,ackley,1,225,0.049576905080865874,6810,30,0.8,0.2,rand
DE,ackley,1,226,0.048590875399537214,6840,30,0.8,0.2,rand
DE,ackley,1,227,0.04521427219901186,6870,30,0.8,0.2,rand
DE,ackley,1,228,0.04521427219901186,6900,30,0.8,0.2,rand
DE,ackley,1,229,0.04521427219901186,6930,30,0.8,0.2,rand
DE,ackley,1,230,0.04521427219901186,6960,30,0.8,0.2,rand
DE,ackley,1,231,0.03867661061886851,6990,30,0.8,0.2,rand
DE,ackley,1,232,0.03867661061886851,7020,30,0.8,0.2,rand
DE,ackley,1,233,0.03867661061886851,7050,30,0.8,0.2,rand
DE,ackley,1,234,0.03867661061886851,7080,30,0.8,0.2,rand
DE,ackley,1,235,0.03867661061886851,7110,30,0.8,0.2,rand
DE,ackley,1,236,0.030983700231832945,7140,30,0.8,0.2,rand
DE,ackley,1,237,0.026825727919803644,7170,30,0.8,0.2,rand
DE,ackley,1,238,0.026825727919803644,7200,30,0.8,0.2,rand
DE,ackley,1,239,0.026825727919803644,7230,30,0.8,0.2,rand
DE,ackley,1,240,0.026825727919803644,7260,30,0.8,0.2,rand
DE,ackley,1,241,0.026825727919803644,7290,30,0.8,0.2,rand
DE,ackley,1,242,0.026825727919803644,7320,30,0.8,0.2,rand
DE,ackley,1,243,0.021881459934743663,7350,30,0.8,0.2,rand
DE,ackley,1,244,0.021881459934743663,7380,30,0.8,0.2,rand
DE,ackley,1,245,0.021881459934743663,7410,30,0.8,0.2,rand
DE,ackley,1,246,0.021881459934743663,7440,30,0.8,0.2,rand
DE,ackley,1,247,0.021881459934743663,7470,30,0.8,0.2,rand
DE,ackley,1,248,0.018696908254768108,7500,30,0.8,0.2,rand
DE,ackley,1,249,0.018696908254768108,7530,30,0.8,0.2,rand
DE,ackley,1,250,0.018696908254768108,7560,30,0.8,0.2,rand
DE,ackley,1,251,0.018696908254768108,7590,30,0.8,0.2,rand
DE,ackley,1,252,0.018696908254768108,7620,30,0.8,0.2,rand
DE,ackley,1,253,0.018696908254768108,7650,30,0.8,0.2,rand
DE,ackley,1,254,0.018696908254768108,7680,30,0.8,0.2,rand
DE,ackley,1,255,0.018449896838547364,7710,30,0.8,0.2,rand
DE,ackley,1,256,0.016791891170261142,7740,30,0.8,0.2,rand
DE,ackley,1,257,0.016654540689242214,7770,30,0.8,0.2,rand
DE,ackley,1,258,0.01498059050678835,7800,30,0.8,0.2,rand
DE,ackley,1,259,0.014061000616820696,7830,30,0.8,0.2,rand
DE,ackley,1,260,0.013773144998616704,7860,30,0.8,0.2,rand
DE,ackley,1,261,0.013773144998616704,7890,30,0.8,0.2,rand
DE,ackley,1,262,0.012938758425836472,7920,30,0.8,0.2,rand
DE,ackley,1,263,0.012938758425836472,7950,30,0.8,0.2,rand
DE,ackley,1,264,0.012938758425836472,7980,30,0.8,0.2,rand
DE,ackley,1,265,0.01257981870866276,8010,30,0.8,0.2,rand
DE,ackley,1,266,0.01257981870866276,8040,30,0.8,0.2,rand
DE,ackley,1,267,0.011562712546482334,8070,30,0.8,0.2,rand
DE,ackley,1,268,0.011562712546482334,8100,30,0.8,0.2,rand
DE,ackley,1,269,0.008448046383158658,8130,30,0.8,0.2,rand
DE,ackley,1,270,0.008448046383158658,8160,30,0.8,0.2,rand
DE,ackley,1,271,0.008448046383158658,8190,30,0.8,0.2,rand
DE,ackley,1,272,0.008376856827795098,8220,30,0.8,0.2,rand
DE,ackley,1,273,0.008376856827795098,8250,30,0.8,0.2,rand
DE,ackley,1,274,0.008376856827795098,8280,30,0.8,0.2,rand
DE,ackley,1,275,0.008358448386623696,8310,30,0.8,0.2,rand
DE,ackley,1,276,0.0074656359446305665,8340,30,0.8,0.2,rand
DE,ackley,1,277,0.0074656359446305665,8370,30,0.8,0.2,rand
DE,ackley,1,278,0.0074656359446305665,8400,30,0.8,0.2,rand
DE,ackley,1,279,0.0074656359446305665,8430,30,0.8,0.2,rand
DE,ackley,1,280,0.005083923265719381,8460,30,0.8,0.2,rand
DE,ackley,1,281,0.005083923265719381,8490,30,0.8,0.2,rand
DE,ackley,1,282,0.005083923265719381,8520,30,0.8,0.2,rand
DE,ackley,1,283,0.005083923265719381,8550,30,0.8,0.2,rand
DE,ackley,1,284,0.005057134938973196,8580,30,0.8,0.2,rand
DE,ackley,1,285,0.005057134938973196,8610,30,0.8,0.2,rand
DE,ackley,1,286,0.005057134938973196,8640,30,0.8,0.2,rand
DE,ackley,1,287,0.005057134938973196,8670,30,0.8,0.2,rand
DE,ackley,1,288,0.0049795514734900514,8700,30,0.8,0.2,rand
DE,ackley,1,289,0.0048325516061358265,8730,30,0.8,0.2,rand
DE,ackley,1,290,0.0040845300320104805,8760,30,0.8,0.2,rand
DE,ackley,1,291,0.0040845300320104805,8790,30,0.8,0.2,rand
DE,ackley,1,292,0.0040845300320104805,8820,30,0.8,0.2,rand
DE,ackley,1,293,0.0040845300320104805,8850,30,0.8,0.2,rand
DE,ackley,1,294,0.0028480745265579976,8880,30,0.8,0.2,rand
DE,ackley,1,295,0.0028480745265579976,8910,30,0.8,0.2,rand
DE,ackley,1,296,0.0028480745265579976,8940,30,0.8,0.2,rand
DE,ackley,1,297,0.0028480745265579976,8970,30,0.8,0.2,rand
DE,ackley,1,298,0.0028480745265579976,9000,30,0.8,0.2,rand
DE,ackley,1,299,0.0028480745265579976,9030,30,0.8,0.2,rand
DE,ackley,1,300,0.0023751098418931527,9060,30,0.8,0.2,rand
DE,ackley,1,301,0.0023751098418931527,9090,30,0.8,0.2,rand
DE,ackley,1,302,0.0023751098418931527,9120,30,0.8,0.2,rand
DE,ackley,1,303,0.0023751098418931527,9150,30,0.8,0.2,rand
DE,ackley,1,304,0.0023751098418931527,9180,30,0.8,0.2,rand
DE,ackley,1,305,0.0023751098418931527,9210,30,0.8,0.2,rand
DE,ackley,1,306,0.0023751098418931527,9240,30,0.8,0.2,rand
DE,ackley,1,307,0.0016161210409291193,9270,30,0.8,0.2,rand
DE,ackley,1,308,0.0016161210409291193,9300,30,0.8,0.2,rand
DE,ackley,1,309,0.0016161210409291193,9330,30,0.8,0.2,rand
DE,ackley,1,310,0.0016161210409291193,9360,30,0.8,0.2,rand
DE,ackley,1,311,0.0016161210409291193,9390,30,0.8,0.2,rand
DE,ackley,1,312,0.0016161210409291193,9420,30,0.8,0.2,rand
DE,ackley,1,313,0.0016161210409291193,9450,30,0.8,0.2,rand
DE,ackley,1,314,0.0016161210409291193,9480,30,0.8,0.2,rand
DE,ackley,1,315,0.0016161210409291193,9510,30,0.8,0.2,rand
DE,ackley,1,316,0.0016161210409291193,9540,30,0.8,0.2,rand
DE,ackley,1,317,0.0016161210409291193,9570,30,0.8,0.2,rand
DE,ackley,1,318,0.0016161210409291193,9600,30,0.8,0.2,rand
DE,ackley,1,319,0.0016161210409291193,9630,30,0.8,0.2,rand
DE,ackley,1,320,0.001071502249207601,9660,30,0.8,0.2,rand
DE,ackley,1,321,0.001071502249207601,9690,30,0.8,0.2,rand
DE,ackley,1,322,0.001071502249207601,9720,30,0.8,0.2,rand
DE,ackley,1,323,0.001071502249207601,9750,30,0.8,0.2,rand
DE,ackley,1,324,0.001071502249207601,9780,30,0.8,0.2,rand
DE,ackley,1,325,0.001071502249207601,9810,30,0.8,0.2,rand
DE,ackley,1,326,0.001071502249207601,9840,30,0.8,0.2,rand
DE,ackley,1,327,0.001071502249207601,9870,30,0.8,0.2,rand
DE,ackley,1,328,0.001071502249207601,9900,30,0.8,0.2,rand
DE,ackley,1,329,0.001071502249207601,9930,30,0.8,0.2,rand
DE,ackley,1,330,0.0010243721108662562,9960,30,0.8,0.2,rand
DE,ackley,1,331,0.0010243721108662562,9990,30,0.8,0.2,rand
DE,ackley,1,332,0.0010243721108662562,10020,30,0.8,0.2,rand
DE,ackley,1,333,0.0010243721108662562,10050,30,0.8,0.2,rand
DE,ackley,1,334,0.0010125195390355834,10080,30,0.8,0.2,rand
DE,ackley,1,335,0.0008873193007308267,10110,30,0.8,0.2,rand
DE,ackley,1,336,0.0008873193007308267,10140,30,0.8,0.2,rand
DE,ackley,1,337,0.0008873193007308267,10170,30,0.8,0.2,rand
DE,ackley,1,338,0.0007340900528309824,10200,30,0.8,0.2,rand
DE,ackley,1,339,0.0007340900528309824,10230,30,0.8,0.2,rand
DE,ackley,1,340,0.0007340900528309824,10260,30,0.8,0.2,rand
DE,ackley,1,341,0.0007340900528309824,10290,30,0.8,0.2,rand
DE,ackley,1,342,0.0007340900528309824,10320,30,0.8,0.2,rand
DE,ackley,1,343,0.0007340900528309824,10350,30,0.8,0.2,rand
DE,ackley,1,344,0.0007340900528309824,10380,30,0.8,0.2,rand
DE,ackley,1,345,0.0006219483655880431,10410,30,0.8,0.2,rand
DE,ackley,1,346,0.0006219483655880431,10440,30,0.8,0.2,rand
DE,ackley,1,347,0.0005233322499411663,10470,30,0.8,0.2,rand
DE,ackley,1,348,0.0005233322499411663,10500,30,0.8,0.2,rand
DE,ackley,1,349,0.0005057755299486821,10530,30,0.8,0.2,rand
DE,ackley,1,350,0.0005057755299486821,10560,30,0.8,0.2,rand
DE,ackley,1,351,0.0005057755299486821,10590,30,0.8,0.2,rand
DE,ackley,1,352,0.0005057755299486821,10620,30,0.8,0.2,rand
DE,ackley,1,353,0.0004123904535835443,10650,30,0.8,0.2,rand
DE,ackley,1,354,0.0004123904535835443,10680,30,0.8,0.2,rand
DE,ackley,1,355,0.0004123904535835443,10710,30,0.8,0.2,rand
DE,ackley,1,356,0.0004123904535835443,10740,30,0.8,0.2,rand
DE,ackley,1,357,0.0004123904535835443,10770,30,0.8,0.2,rand
DE,ackley,1,358,0.0003724867645300556,10800,30,0.8,0.2,rand
DE,ackley,1,359,0.0003724867645300556,10830,30,0.8,0.2,rand
DE,ackley,1,360,0.00023308227374174706,10860,30,0.8,0.2,rand
DE,ackley,1,361,0.00023308227374174706,10890,30,0.8,0.2,rand
DE,ackley,1,362,0.00023308227374174706,10920,30,0.8,0.2,rand
DE,ackley,1,363,0.00023048103981837542,10950,30,0.8,0.2,rand
DE,ackley,1,364,0.00023048103981837542,10980,30,0.8,0.2,rand
DE,ackley,1,365,0.00023048103981837542,11010,30,0.8,0.2,rand
DE,ackley,1,366,0.00023048103981837542,11040,30,0.8,0.2,rand
DE,ackley,1,367,0.00023048103981837542,11070,30,0.8,0.2,rand
DE,ackley,1,368,0.00023048103981837542,11100,30,0.8,0.2,rand
DE,ackley,1,369,0.00023048103981837542,11130,30,0.8,0.2,rand
DE,ackley,1,370,0.00023048103981837542,11160,30,0.8,0.2,rand
DE,ackley,1,371,0.00023048103981837542,11190,30,0.8,0.2,rand
DE,ackley,1,372,0.00023048103981837542,11220,30,0.8,0.2,rand
DE,ackley,1,373,0.00022473723955274139,11250,30,0.8,0.2,rand
DE,ackley,1,374,0.00022473723955274139,11280,30,0.8,0.2,rand
DE,ackley,1,375,0.00022473723955274139,11310,30,0.8,0.2,rand
DE,ackley,1,376,0.000214951169234201,11340,30,0.8,0.2,rand
DE,ackley,1,377,0.000214951169234201,11370,30,0.8,0.2,rand
DE,ackley,1,378,0.000214951169234201,11400,30,0.8,0.2,rand
DE,ackley,1,379,0.00020901025078901014,11430,30,0.8,0.2,rand
DE,ackley,1,380,0.00015596765597836182,11460,30,0.8,0.2,rand
DE,ackley,1,381,0.00015596765597836182,11490,30,0.8,0.2,rand
DE,ackley,1,382,0.00015596765597836182,11520,30,0.8,0.2,rand
DE,ackley,1,383,0.00015596765597836182,11550,30,0.8,0.2,rand
DE,ackley,1,384,0.00015596765597836182,11580,30,0.8,0.2,rand
DE,ackley,1,385,0.00014861999189053066,11610,30,0.8,0.2,rand
DE,ackley,1,386,0.00014861999189053066,11640,30,0.8,0.2,rand
DE,ackley,1,387,0.00014861999189053066,11670,30,0.8,0.2,rand
DE,ackley,1,388,0.00014861999189053066,11700,30,0.8,0.2,rand
DE,ackley,1,389,0.00014713295214052735,11730,30,0.8,0.2,rand
DE,ackley,1,390,0.00014713295214052735,11760,30,0.8,0.2,rand
DE,ackley,1,391,0.0001432478627596545,11790,30,0.8,0.2,rand
DE,ackley,1,392,0.00013205103253399741,11820,30,0.8,0.2,rand
DE,ackley,1,393,0.00013205103253399741,11850,30,0.8,0.2,rand
DE,ackley,1,394,0.00012290101253542574,11880,30,0.8,0.2,rand
DE,ackley,1,395,0.00012290101253542574,11910,30,0.8,0.2,rand
DE,ackley,1,396,0.00012290101253542574,11940,30,0.8,0.2,rand
DE,ackley,1,397,8.502354403505663e-05,11970,30,0.8,0.2,rand
DE,ackley,1,398,8.502354403505663e-05,12000,30,0.8,0.2,rand
DE,ackley,1,399,8.502354403505663e-05,12030,30,0.8,0.2,rand
DE,ackley,1,400,8.502354403505663e-05,12060,30,0.8,0.2,rand
DE,ackley,1,401,8.502354403505663e-05,12090,30,0.8,0.2,rand
DE,ackley,1,402,8.49395287443322e-05,12120,30,0.8,0.2,rand
DE,ackley,1,403,8.49395287443322e-05,12150,30,0.8,0.2,rand
DE,ackley,1,404,8.49395287443322e-05,12180,30,0.8,0.2,rand
DE,ackley,1,405,8.063334457775184e-05,12210,30,0.8,0.2,rand
DE,ackley,1,406,8.063334457775184e-05,12240,30,0.8,0.2,rand
DE,ackley,1,407,7.783442887232539e-05,12270,30,0.8,0.2,rand
DE,ackley,1,408,7.783442887232539e-05,12300,30,0.8,0.2,rand
DE,ackley,1,409,7.783442887232539e-05,12330,30,0.8,0.2,rand
DE,ackley,1,410,7.783442887232539e-05,12360,30,0.8,0.2,rand
DE,ackley,1,411,7.783442887232539e-05,12390,30,0.8,0.2,rand
DE,ackley,1,412,6.331021192496067e-05,12420,30,0.8,0.2,rand
DE,ackley,1,413,6.331021192496067e-05,12450,30,0.8,0.2,rand
DE,ackley,1,414,6.331021192496067e-05,12480,30,0.8,0.2,rand
DE,ackley,1,415,6.29201941468871e-05,12510,30,0.8,0.2,rand
DE,ackley,1,416,5.397525155403926e-05,12540,30,0.8,0.2,rand
DE,ackley,1,417,5.397525155403926e-05,12570,30,0.8,0.2,rand
DE,ackley,1,418,5.397525155403926e-05,12600,30,0.8,0.2,rand
DE,ackley,1,419,5.397525155403926e-05,12630,30,0.8,0.2,rand
DE,ackley,1,420,5.397525155403926e-05,12660,30,0.8,0.2,rand
DE,ackley,1,421,5.397525155403926e-05,12690,30,0.8,0.2,rand
DE,ackley,1,422,5.096668611104249e-05,12720,30,0.8,0.2,rand
DE,ackley,1,423,5.096668611104249e-05,12750,30,0.8,0.2,rand
DE,ackley,1,424,5.096668611104249e-05,12780,30,0.8,0.2,rand
DE,ackley,1,425,5.096668611104249e-05,12810,30,0.8,0.2,rand
DE,ackley,1,426,5.096668611104249e-05,12840,30,0.8,0.2,rand
DE,ackley,1,427,5.096668611104249e-05,12870,30,0.8,0.2,rand
DE,ackley,1,428,4.089232672699339e-05,12900,30,0.8,0.2,rand
DE,ackley,1,429,4.089232672699339e-05,12930,30,0.8,0.2,rand
DE,ackley,1,430,4.089232672699339e-05,12960,30,0.8,0.2,rand
DE,ackley,1,431,4.089232672699339e-05,12990,30,0.8,0.2,rand
DE,ackley,1,432,4.0652302896848624e-05,13020,30,0.8,0.2,rand
DE,ackley,1,433,3.4861199634139695e-05,13050,30,0.8,0.2,rand
DE,ackley,1,434,3.4861199634139695e-05,13080,30,0.8,0.2,rand
DE,ackley,1,435,3.248700388569503e-05,13110,30,0.8,0.2,rand
DE,ackley,1,436,3.248700388569503e-05,13140,30,0.8,0.2,rand
DE,ackley,1,437,2.8728230024643864e-05,13170,30,0.8,0.2,rand
DE,ackley,1,438,2.8728230024643864e-05,13200,30,0.8,0.2,rand
DE,ackley,1,439,2.8728230024643864e-05,13230,30,0.8,0.2,rand
DE,ackley,1,440,2.8728230024643864e-05,13260,30,0.8,0.2,rand
DE,ackley,1,441,2.8728230024643864e-05,13290,30,0.8,0.2,rand
DE,ackley,1,442,2.7915194519056996e-05,13320,30,0.8,0.2,rand
DE,ackley,1,443,2.7915194519056996e-05,13350,30,0.8,0.2,rand
DE,ackley,1,444,2.7915194519056996e-05,13380,30,0.8,0.2,rand
DE,ackley,1,445,2.7915194519056996e-05,13410,30,0.8,0.2,rand
DE,ackley,1,446,2.237109754732458e-05,13440,30,0.8,0.2,rand
DE,ackley,1,447,2.1252615816980125e-05,13470,30,0.8,0.2,rand
DE,ackley,1,448,2.1158800951770473e-05,13500,30,0.8,0.2,rand
DE,ackley,1,449,1.8621993529865932e-05,13530,30,0.8,0.2,rand
DE,ackley,1,450,1.8621993529865932e-05,13560,30,0.8,0.2,rand
DE,ackley,1,451,1.8621993529865932e-05,13590,30,0.8,0.2,rand
DE,ackley,1,452,1.8621993529865932e-05,13620,30,0.8,0.2,rand
DE,ackley,1,453,1.8621993529865932e-05,13650,30,0.8,0.2,rand
DE,ackley,1,454,1.8621993529865932e-05,13680,30,0.8,0.2,rand
DE,ackley,1,455,1.8621993529865932e-05,13710,30,0.8,0.2,rand
DE,ackley,1,456,1.6430988474258612e-05,13740,30,0.8,0.2,rand
DE,ackley,1,457,1.6430988474258612e-05,13770,30,0.8,0.2,rand
DE,ackley,1,458,1.6430988474258612e-05,13800,30,0.8,0.2,rand
DE,ackley,1,459,1.6430988474258612e-05,13830,30,0.8,0.2,rand
DE,ackley,1,460,1.6430988474258612e-05,13860,30,0.8,0.2,rand
DE,ackley,1,461,1.6430988474258612e-05,13890,30,0.8,0.2,rand
DE,ackley,1,462,1.6430988474258612e-05,13920,30,0.8,0.2,rand
DE,ackley,1,463,1.6430988474258612e-05,13950,30,0.8,0.2,rand
DE,ackley,1,464,1.6430988474258612e-05,13980,30,0.8,0.2,rand
DE,ackley,1,465,1.6430988474258612e-05,14010,30,0.8,0.2,rand
DE,ackley,1,466,1.2629934719843305e-05,14040,30,0.8,0.2,rand
DE,ackley,1,467,1.2629934719843305e-05,14070,30,0.8,0.2,rand
DE,ackley,1,468,1.225390575898544e-05,14100,30,0.8,0.2,rand
DE,ackley,1,469,1.0675550175864856e-05,14130,30,0.8,0.2,rand
DE,ackley,1,470,1.0675550175864856e-05,14160,30,0.8,0.2,rand
DE,ackley,1,471,9.918205791326073e-06,14190,30,0.8,0.2,rand
DE,ackley,1,472,9.918205791326073e-06,14220,30,0.8,0.2,rand
DE,ackley,1,473,9.918205791326073e-06,14250,30,0.8,0.2,rand
DE,ackley,1,474,9.918205791326073e-06,14280,30,0.8,0.2,rand
DE,ackley,1,475,8.02488676088231e-06,14310,30,0.8,0.2,rand
DE,ackley,1,476,8.02488676088231e-06,14340,30,0.8,0.2,rand
DE,ackley,1,477,7.999425641447289e-06,14370,30,0.8,0.2,rand
DE,ackley,1,478,7.999425641447289e-06,14400,30,0.8,0.2,rand
DE,ackley,1,479,7.999425641447289e-06,14430,30,0.8,0.2,rand
DE,ackley,1,480,7.999425641447289e-06,14460,30,0.8,0.2,rand
DE,ackley,1,481,7.999425641447289e-06,14490,30,0.8,0.2,rand
DE,ackley,1,482,7.605307342561929e-06,14520,30,0.8,0.2,rand
DE,ackley,1,483,7.556612605430502e-06,14550,30,0.8,0.2,rand
DE,ackley,1,484,7.421414438102403e-06,14580,30,0.8,0.2,rand
DE,ackley,1,485,6.293014355396309e-06,14610,30,0.8,0.2,rand
DE,ackley,1,486,6.293014355396309e-06,14640,30,0.8,0.2,rand
DE,ackley,1,487,6.293014355396309e-06,14670,30,0.8,0.2,rand
DE,ackley,1,488,5.604515110224639e-06,14700,30,0.8,0.2,rand
DE,ackley,1,489,5.604515110224639e-06,14730,30,0.8,0.2,rand
DE,ackley,1,490,5.604515110224639e-06,14760,30,0.8,0.2,rand
DE,ackley,1,491,5.604515110224639e-06,14790,30,0.8,0.2,rand
DE,ackley,1,492,5.604515110224639e-06,14820,30,0.8,0.2,rand
DE,ackley,1,493,5.51037049989489e-06,14850,30,0.8,0.2,rand
DE,ackley,1,494,5.51037049989489e-06,14880,30,0.8,0.2,rand
DE,ackley,1,495,5.51037049989489e-06,14910,30,0.8,0.2,rand
DE,ackley,1,496,5.102030055770257e-06,14940,30,0.8,0.2,rand
DE,ackley,1,497,3.5638751190170126e-06,14970,30,0.8,0.2,rand
DE,ackley,1,498,3.5638751190170126e-06,15000,30,0.8,0.2,rand
DE,ackley,1,499,3.5638751190170126e-06,15030,30,0.8,0.2,rand
DE,ackley,1,500,3.5638751190170126e-06,15060,30,0.8,0.2,rand
DE,ackley,1,501,3.5638751190170126e-06,15090,30,0.8,0.2,rand
DE,ackley,1,502,3.5638751190170126e-06,15120,30,0.8,0.2,rand
DE,ackley,1,503,3.46315429711197e-06,15150,30,0.8,0.2,rand
DE,ackley,1,504,3.46315429711197e-06,15180,30,0.8,0.2,rand
DE,ackley,1,505,3.46315429711197e-06,15210,30,0.8,0.2,rand
DE,ackley,1,506,2.173803264060581e-06,15240,30,0.8,0.2,rand
DE,ackley,1,507,2.173803264060581e-06,15270,30,0.8,0.2,rand
DE,ackley,1,508,2.173803264060581e-06,15300,30,0.8,0.2,rand
DE,ackley,1,509,2.173803264060581e-06,15330,30,0.8,0.2,rand
DE,ackley,1,510,2.173803264060581e-06,15360,30,0.8,0.2,rand
DE,ackley,1,511,2.173803264060581e-06,15390,30,0.8,0.2,rand
DE,ackley,1,512,2.173803264060581e-06,15420,30,0.8,0.2,rand
DE,ackley,1,513,2.173803264060581e-06,15450,30,0.8,0.2,rand
DE,ackley,1,514,2.14401500686634e-06,15480,30,0.8,0.2,rand
DE,ackley,1,515,2.14401500686634e-06,15510,30,0.8,0.2,rand
DE,ackley,1,516,2.14401500686634e-06,15540,30,0.8,0.2,rand
DE,ackley,1,517,1.7946156494197396e-06,15570,30,0.8,0.2,rand
DE,ackley,1,518,1.7946156494197396e-06,15600,30,0.8,0.2,rand
DE,ackley,1,519,1.7946156494197396e-06,15630,30,0.8,0.2,rand
DE,ackley,1,520,1.7946156494197396e-06,15660,30,0.8,0.2,rand
DE,ackley,1,521,1.7946156494197396e-06,15690,30,0.8,0.2,rand
DE,ackley,1,522,1.4720186176653272e-06,15720,30,0.8,0.2,rand
DE,ackley,1,523,1.4720186176653272e-06,15750,30,0.8,0.2,rand
DE,ackley,1,524,1.4720186176653272e-06,15780,30,0.8,0.2,rand
DE,ackley,1,525,1.4720186176653272e-06,15810,30,0.8,0.2,rand
DE,ackley,1,526,1.4720186176653272e-06,15840,30,0.8,0.2,rand
DE,ackley,1,527,1.4720186176653272e-06,15870,30,0.8,0.2,rand
DE,ackley,1,528,1.4576859226345107e-06,15900,30,0.8,0.2,rand
DE,ackley,1,529,1.4576859226345107e-06,15930,30,0.8,0.2,rand
DE,ackley,1,530,1.4576859226345107e-06,15960,30,0.8,0.2,rand
DE,ackley,1,531,1.4576859226345107e-06,15990,30,0.8,0.2,rand
DE,ackley,1,532,1.4576859226345107e-06,16020,30,0.8,0.2,rand
DE,ackley,1,533,1.0441775235570105e-06,16050,30,0.8,0.2,rand
DE,ackley,1,534,1.0441775235570105e-06,16080,30,0.8,0.2,rand
DE,ackley,1,535,1.0441775235570105e-06,16110,30,0.8,0.2,rand
DE,ackley,1,536,1.0441775235570105e-06,16140,30,0.8,0.2,rand
DE,ackley,1,537,1.0441775235570105e-06,16170,30,0.8,0.2,rand
DE,ackley,1,538,1.0441775235570105e-06,16200,30,0.8,0.2,rand
DE,ackley,1,539,1.0441775235570105e-06,16230,30,0.8,0.2,rand
DE,ackley,1,540,1.0441775235570105e-06,16260,30,0.8,0.2,rand
DE,ackley,1,541,9.007112322656496e-07,16290,30,0.8,0.2,rand
DE,ackley,1,542,9.007112322656496e-07,16320,30,0.8,0.2,rand
DE,ackley,1,543,7.511863882037062e-07,16350,30,0.8,0.2,rand
DE,ackley,1,544,7.511863882037062e-07,16380,30,0.8,0.2,rand
DE,ackley,1,545,6.795402822667995e-07,16410,30,0.8,0.2,rand
DE,ackley,1,546,6.795402822667995e-07,16440,30,0.8,0.2,rand
DE,ackley,1,547,6.684053706074167e-07,16470,30,0.8,0.2,rand
DE,ackley,1,548,6.684053706074167e-07,16500,30,0.8,0.2,rand
DE,ackley,1,549,6.684053706074167e-07,16530,30,0.8,0.2,rand
DE,ackley,1,550,6.684053706074167e-07,16560,30,0.8,0.2,rand
DE,ackley,1,551,6.416098980999152e-07,16590,30,0.8,0.2,rand
DE,ackley,1,552,5.960236078017545e-07,16620,30,0.8,0.2,rand
DE,ackley,1,553,5.40305074014924e-07,16650,30,0.8,0.2,rand
DE,ackley,1,554,5.40305074014924e-07,16680,30,0.8,0.2,rand
DE,ackley,1,555,5.40305074014924e-07,16710,30,0.8,0.2,rand
DE,ackley,1,556,5.40305074014924e-07,16740,30,0.8,0.2,rand
DE,ackley,1,557,5.40305074014924e-07,16770,30,0.8,0.2,rand
DE,ackley,1,558,5.40305074014924e-07,16800,30,0.8,0.2,rand
DE,ackley,1,559,5.40305074014924e-07,16830,30,0.8,0.2,rand
DE,ackley,1,560,5.40305074014924e-07,16860,30,0.8,0.2,rand
DE,ackley,1,561,4.760177714224767e-07,16890,30,0.8,0.2,rand
DE,ackley,1,562,4.4248897568266443e-07,16920,30,0.8,0.2,rand
DE,ackley,1,563,4.4248897568266443e-07,16950,30,0.8,0.2,rand
DE,ackley,1,564,4.4248897568266443e-07,16980,30,0.8,0.2,rand
DE,ackley,1,565,4.4248897568266443e-07,17010,30,0.8,0.2,rand
DE,ackley,1,566,4.4248897568266443e-07,17040,30,0.8,0.2,rand
DE,ackley,1,567,4.283624730483382e-07,17070,30,0.8,0.2,rand
DE,ackley,1,568,4.283624730483382e-07,17100,30,0.8,0.2,rand
DE,ackley,1,569,4.0329781159087474e-07,17130,30,0.8,0.2,rand
DE,ackley,1,570,3.593288515624238e-07,17160,30,0.8,0.2,rand
DE,ackley,1,571,2.3350808620037355e-07,17190,30,0.8,0.2,rand
DE,ackley,1,572,2.3350808620037355e-07,17220,30,0.8,0.2,rand
DE,ackley,1,573,2.2717400272043164e-07,17250,30,0.8,0.2,rand
DE,ackley,1,574,2.2717400272043164e-07,17280,30,0.8,0.2,rand
DE,ackley,1,575,2.2717400272043164e-07,17310,30,0.8,0.2,rand
DE,ackley,1,576,2.2717400272043164e-07,17340,30,0.8,0.2,rand
DE,ackley,1,577,1.7927099493775245e-07,17370,30,0.8,0.2,rand
DE,ackley,1,578,1.7927099493775245e-07,17400,30,0.8,0.2,rand
DE,ackley,1,579,1.7927099493775245e-07,17430,30,0.8,0.2,rand
DE,ackley,1,580,1.7927099493775245e-07,17460,30,0.8,0.2,rand
DE,ackley,1,581,1.7927099493775245e-07,17490,30,0.8,0.2,rand
DE,ackley,1,582,1.7927099493775245e-07,17520,30,0.8,0.2,rand
DE,ackley,1,583,1.7927099493775245e-07,17550,30,0.8,0.2,rand
DE,ackley,1,584,1.7927099493775245e-07,17580,30,0.8,0.2,rand
DE,ackley,1,585,1.7927099493775245e-07,17610,30,0.8,0.2,rand
DE,ackley,1,586,1.7927099493775245e-07,17640,30,0.8,0.2,rand
DE,ackley,1,587,1.7927099493775245e-07,17670,30,0.8,0.2,rand
DE,ackley,1,588,1.4868788911215347e-07,17700,30,0.8,0.2,rand
DE,ackley,1,589,1.4868788911215347e-07,17730,30,0.8,0.2,rand
DE,ackley,1,590,1.4868788911215347e-07,17760,30,0.8,0.2,rand
DE,ackley,1,591,1.4868788911215347e-07,17790,30,0.8,0.2,rand
DE,ackley,1,592,1.4868788911215347e-07,17820,30,0.8,0.2,rand
DE,ackley,1,593,1.4868788911215347e-07,17850,30,0.8,0.2,rand
DE,ackley,1,594,1.4868788911215347e-07,17880,30,0.8,0.2,rand
DE,ackley,1,595,1.3720042391085485e-07,17910,30,0.8,0.2,rand
DE,ackley,1,596,1.3720042391085485e-07,17940,30,0.8,0.2,rand
DE,ackley,1,597,1.3720042391085485e-07,17970,30,0.8,0.2,rand
DE,ackley,1,598,1.3720042391085485e-07,18000,30,0.8,0.2,rand
DE,ackley,1,599,1.3720042391085485e-07,18030,30,0.8,0.2,rand
DE,ackley,1,600,1.3720042391085485e-07,18060,30,0.8,0.2,rand
DE,ackley,1,601,1.3720042391085485e-07,18090,30,0.8,0.2,rand
DE,ackley,1,602,1.356730483514923e-07,18120,30,0.8,0.2,rand
DE,ackley,1,603,1.1078806894104787e-07,18150,30,0.8,0.2,rand
DE,ackley,1,604,1.1078806894104787e-07,18180,30,0.8,0.2,rand
DE,ackley,1,605,6.545296615811935e-08,18210,30,0.8,0.2,rand
DE,ackley,1,606,6.545296615811935e-08,18240,30,0.8,0.2,rand
DE,ackley,1,607,6.545296615811935e-08,18270,30,0.8,0.2,rand
DE,ackley,1,608,6.545296615811935e-08,18300,30,0.8,0.2,rand
DE,ackley,1,609,6.545296615811935e-08,18330,30,0.8,0.2,rand
DE,ackley,1,610,6.545296615811935e-08,18360,30,0.8,0.2,rand
DE,ackley,1,611,6.545296615811935e-08,18390,30,0.8,0.2,rand
DE,ackley,1,612,6.545296615811935e-08,18420,30,0.8,0.2,rand
DE,ackley,1,613,6.545296615811935e-08,18450,30,0.8,0.2,rand
DE,ackley,1,614,6.545296615811935e-08,18480,30,0.8,0.2,rand
DE,ackley,1,615,6.545296615811935e-08,18510,30,0.8,0.2,rand
DE,ackley,1,616,6.545296615811935e-08,18540,30,0.8,0.2,rand
DE,ackley,1,617,6.446433120643746e-08,18570,30,0.8,0.2,rand
DE,ackley,1,618,6.446433120643746e-08,18600,30,0.8,0.2,rand
DE,ackley,1,619,6.446433120643746e-08,18630,30,0.8,0.2,rand
DE,ackley,1,620,5.380077228167579e-08,18660,30,0.8,0.2,rand
DE,ackley,1,621,3.9790176931120413e-08,18690,30,0.8,0.2,rand
DE,ackley,1,622,3.9790176931120413e-08,18720,30,0.8,0.2,rand
DE,ackley,1,623,3.9790176931120413e-08,18750,30,0.8,0.2,rand
DE,ackley,1,624,3.858496500086517e-08,18780,30,0.8,0.2,rand
DE,ackley,1,625,3.20122670594003e-08,18810,30,0.8,0.2,rand
DE,ackley,1,626,2.6798219199264395e-08,18840,30,0.8,0.2,rand
DE,ackley,1,627,2.6798219199264395e-08,18870,30,0.8,0.2,rand
DE,ackley,1,628,2.6798219199264395e-08,18900,30,0.8,0.2,rand
DE,ackley,1,629,2.6798219199264395e-08,18930,30,0.8,0.2,rand
DE,ackley,1,630,2.6798219199264395e-08,18960,30,0.8,0.2,rand
DE,ackley,1,631,2.6798219199264395e-08,18990,30,0.8,0.2,rand
DE,ackley,1,632,2.6798219199264395e-08,19020,30,0.8,0.2,rand
DE,ackley,1,633,2.6798219199264395e-08,19050,30,0.8,0.2,rand
DE,ackley,1,634,2.6798219199264395e-08,19080,30,0.8,0.2,rand
DE,ackley,1,635,2.6798219199264395e-08,19110,30,0.8,0.2,rand
DE,ackley,1,636,2.617953187566968e-08,19140,30,0.8,0.2,rand
DE,ackley,1,637,2.617953187566968e-08,19170,30,0.8,0.2,rand
DE,ackley,1,638,2.617953187566968e-08,19200,30,0.8,0.2,rand
DE,ackley,1,639,2.617953187566968e-08,19230,30,0.8,0.2,rand
DE,ackley,1,640,2.617953187566968e-08,19260,30,0.8,0.2,rand
DE,ackley,1,641,2.617953187566968e-08,19290,30,0.8,0.2,rand
DE,ackley,1,642,2.617953187566968e-08,19320,30,0.8,0.2,rand
DE,ackley,1,643,2.617953187566968e-08,19350,30,0.8,0.2,rand
DE,ackley,1,644,2.617953187566968e-08,19380,30,0.8,0.2,rand
DE,ackley,1,645,2.617953187566968e-08,19410,30,0.8,0.2,rand
DE,ackley,1,646,2.617953187566968e-08,19440,30,0.8,0.2,rand
DE,ackley,1,647,2.5994399965867387e-08,19470,30,0.8,0.2,rand
DE,ackley,1,648,2.4780199670004777e-08,19500,30,0.8,0.2,rand
DE,ackley,1,649,2.4780199670004777e-08,19530,30,0.8,0.2,rand
DE,ackley,1,650,2.4780199670004777e-08,19560,30,0.8,0.2,rand
DE,ackley,1,651,2.4780199670004777e-08,19590,30,0.8,0.2,rand
DE,ackley,1,652,1.776483005144769e-08,19620,30,0.8,0.2,rand
DE,ackley,1,653,1.776483005144769e-08,19650,30,0.8,0.2,rand
DE,ackley,1,654,1.776483005144769e-08,19680,30,0.8,0.2,rand
DE,ackley,1,655,1.776483005144769e-08,19710,30,0.8,0.2,rand
DE,ackley,1,656,1.776483005144769e-08,19740,30,0.8,0.2,rand
DE,ackley,1,657,1.776483005144769e-08,19770,30,0.8,0.2,rand
DE,ackley,1,658,1.776483005144769e-08,19800,30,0.8,0.2,rand
DE,ackley,1,659,1.776483005144769e-08,19830,30,0.8,0.2,rand
DE,ackley,1,660,1.776483005144769e-08,19860,30,0.8,0.2,rand
DE,ackley,1,661,1.776483005144769e-08,19890,30,0.8,0.2,rand
DE,ackley,1,662,1.776483005144769e-08,19920,30,0.8,0.2,rand
DE,ackley,1,663,1.207123689894729e-08,19950,30,0.8,0.2,rand
DE,ackley,1,664,1.207123689894729e-08,19980,30,0.8,0.2,rand
DE,ackley,1,665,1.207123689894729e-08,20010,30,0.8,0.2,rand
DE,ackley,1,666,1.207123689894729e-08,20040,30,0.8,0.2,rand
DE,ackley,1,667,1.207123689894729e-08,20070,30,0.8,0.2,rand
DE,ackley,1,668,1.207123689894729e-08,20100,30,0.8,0.2,rand
DE,ackley,1,669,1.207123689894729e-08,20130,30,0.8,0.2,rand
DE,ackley,1,670,1.1051295434327812e-08,20160,30,0.8,0.2,rand
DE,ackley,1,671,1.1051295434327812e-08,20190,30,0.8,0.2,rand
DE,ackley,1,672,1.1051295434327812e-08,20220,30,0.8,0.2,rand
DE,ackley,1,673,8.09507172405688e-09,20250,30,0.8,0.2,rand
DE,ackley,1,674,8.09507172405688e-09,20280,30,0.8,0.2,rand
DE,ackley,1,675,8.09507172405688e-09,20310,30,0.8,0.2,rand
DE,ackley,1,676,8.09507172405688e-09,20340,30,0.8,0.2,rand
DE,ackley,1,677,8.09507172405688e-09,20370,30,0.8,0.2,rand
DE,ackley,1,678,7.79823539076574e-09,20400,30,0.8,0.2,rand
DE,ackley,1,679,7.79823539076574e-09,20430,30,0.8,0.2,rand
DE,ackley,1,680,7.79823539076574e-09,20460,30,0.8,0.2,rand
DE,ackley,1,681,7.79823539076574e-09,20490,30,0.8,0.2,rand
DE,ackley,1,682,7.79823539076574e-09,20520,30,0.8,0.2,rand
DE,ackley,1,683,7.79823539076574e-09,20550,30,0.8,0.2,rand
DE,ackley,1,684,7.79823539076574e-09,20580,30,0.8,0.2,rand
DE,ackley,1,685,7.79823539076574e-09,20610,30,0.8,0.2,rand
DE,ackley,1,686,6.382553596750995e-09,20640,30,0.8,0.2,rand
DE,ackley,1,687,6.382553596750995e-09,20670,30,0.8,0.2,rand
DE,ackley,1,688,6.382553596750995e-09,20700,30,0.8,0.2,rand
DE,ackley,1,689,6.382553596750995e-09,20730,30,0.8,0.2,rand
DE,ackley,1,690,6.382553596750995e-09,20760,30,0.8,0.2,rand
DE,ackley,1,691,6.382553596750995e-09,20790,30,0.8,0.2,rand
DE,ackley,1,692,6.138581643000407e-09,20820,30,0.8,0.2,rand
DE,ackley,1,693,5.914565281983641e-09,20850,30,0.8,0.2,rand
DE,ackley,1,694,5.914565281983641e-09,20880,30,0.8,0.2,rand
DE,ackley,1,695,5.914565281983641e-09,20910,30,0.8,0.2,rand
DE,ackley,1,696,5.914565281983641e-09,20940,30,0.8,0.2,rand
DE,ackley,1,697,5.3232622754251224e-09,20970,30,0.8,0.2,rand
DE,ackley,1,698,5.3232622754251224e-09,21000,30,0.8,0.2,rand
DE,ackley,1,699,5.3232622754251224e-09,21030,30,0.8,0.2,rand
DE,ackley,1,700,4.641407702621336e-09,21060,30,0.8,0.2,rand
DE,ackley,1,701,3.3833988943854365e-09,21090,30,0.8,0.2,rand
DE,ackley,1,702,3.3833988943854365e-09,21120,30,0.8,0.2,rand
DE,ackley,1,703,3.05246361520517e-09,21150,30,0.8,0.2,rand
DE,ackley,1,704,3.05246361520517e-09,21180,30,0.8,0.2,rand
DE,ackley,1,705,3.05246361520517e-09,21210,30,0.8,0.2,rand
DE,ackley,1,706,3.05246361520517e-09,21240,30,0.8,0.2,rand
DE,ackley,1,707,3.05246361520517e-09,21270,30,0.8,0.2,rand
DE,ackley,1,708,3.05246361520517e-09,21300,30,0.8,0.2,rand
DE,ackley,1,709,3.05246361520517e-09,21330,30,0.8,0.2,rand
DE,ackley,1,710,3.05246361520517e-09,21360,30,0.8,0.2,rand
DE,ackley,1,711,3.05246361520517e-09,21390,30,0.8,0.2,rand
DE,ackley,1,712,3.05246361520517e-09,21420,30,0.8,0.2,rand
DE,ackley,1,713,2.921336506034322e-09,21450,30,0.8,0.2,rand
DE,ackley,1,714,2.921336506034322e-09,21480,30,0.8,0.2,rand
DE,ackley,1,715,2.8325257694916672e-09,21510,30,0.8,0.2,rand
DE,ackley,1,716,2.8325257694916672e-09,21540,30,0.8,0.2,rand
DE,ackley,1,717,2.7238944433349843e-09,21570,30,0.8,0.2,rand
DE,ackley,1,718,2.502119844649542e-09,21600,30,0.8,0.2,rand
DE,ackley,1,719,2.502119844649542e-09,21630,30,0.8,0.2,rand
DE,ackley,1,720,2.502119844649542e-09,21660,30,0.8,0.2,rand
DE,ackley,1,721,2.502119844649542e-09,21690,30,0.8,0.2,rand
DE,ackley,1,722,2.2161974477796775e-09,21720,30,0.8,0.2,rand
DE,ackley,1,723,2.2161974477796775e-09,21750,30,0.8,0.2,rand
DE,ackley,1,724,1.7497865378857114e-09,21780,30,0.8,0.2,rand
DE,ackley,1,725,1.7497865378857114e-09,21810,30,0.8,0.2,rand
DE,ackley,1,726,1.7497865378857114e-09,21840,30,0.8,0.2,rand
DE,ackley,1,727,1.5186647495113448e-09,21870,30,0.8,0.2,rand
DE,ackley,1,728,1.5186647495113448e-09,21900,30,0.8,0.2,rand
DE,ackley,1,729,1.5186647495113448e-09,21930,30,0.8,0.2,rand
DE,ackley,1,730,1.3601426651632664e-09,21960,30,0.8,0.2,rand
DE,ackley,1,731,1.3601426651632664e-09,21990,30,0.8,0.2,rand
DE,ackley,1,732,1.3601426651632664e-09,22020,30,0.8,0.2,rand
DE,ackley,1,733,1.2884702194071451e-09,22050,30,0.8,0.2,rand
DE,ackley,1,734,1.2884702194071451e-09,22080,30,0.8,0.2,rand
DE,ackley,1,735,1.2884702194071451e-09,22110,30,0.8,0.2,rand
DE,ackley,1,736,1.2884702194071451e-09,22140,30,0.8,0.2,rand
DE,ackley,1,737,1.1368652685916913e-09,22170,30,0.8,0.2,rand
DE,ackley,1,738,1.1368652685916913e-09,22200,30,0.8,0.2,rand
DE,ackley,1,739,1.1368652685916913e-09,22230,30,0.8,0.2,rand
DE,ackley,1,740,1.1368652685916913e-09,22260,30,0.8,0.2,rand
DE,ackley,1,741,1.1368652685916913e-09,22290,30,0.8,0.2,rand
DE,ackley,1,742,1.024446749653407e-09,22320,30,0.8,0.2,rand
DE,ackley,1,743,1.024446749653407e-09,22350,30,0.8,0.2,rand
DE,ackley,1,744,9.289036206894252e-10,22380,30,0.8,0.2,rand
DE,ackley,1,745,9.289036206894252e-10,22410,30,0.8,0.2,rand
DE,ackley,1,746,9.289036206894252e-10,22440,30,0.8,0.2,rand
DE,ackley,1,747,9.289036206894252e-10,22470,30,0.8,0.2,rand
DE,ackley,1,748,9.289036206894252e-10,22500,30,0.8,0.2,rand
DE,ackley,1,749,9.289036206894252e-10,22530,30,0.8,0.2,rand
DE,ackley,1,750,9.289036206894252e-10,22560,30,0.8,0.2,rand
DE,ackley,1,751,9.289036206894252e-10,22590,30,0.8,0.2,rand
DE,ackley,1,752,8.957923292030046e-10,22620,30,0.8,0.2,rand
DE,ackley,1,753,8.957923292030046e-10,22650,30,0.8,0.2,rand
DE,ackley,1,754,8.957923292030046e-10,22680,30,0.8,0.2,rand
DE,ackley,1,755,8.618710189978174e-10,22710,30,0.8,0.2,rand
DE,ackley,1,756,7.45484118880313e-10,22740,30,0.8,0.2,rand
DE,ackley,1,757,5.973572747564049e-10,22770,30,0.8,0.2,rand
DE,ackley,1,758,5.973572747564049e-10,22800,30,0.8,0.2,rand
DE,ackley,1,759,5.973572747564049e-10,22830,30,0.8,0.2,rand
DE,ackley,1,760,5.973572747564049e-10,22860,30,0.8,0.2,rand
DE,ackley,1,761,5.973572747564049e-10,22890,30,0.8,0.2,rand
DE,ackley,1,762,5.973572747564049e-10,22920,30,0.8,0.2,rand
DE,ackley,1,763,5.581033413193381e-10,22950,30,0.8,0.2,rand
DE,ackley,1,764,5.581033413193381e-10,22980,30,0.8,0.2,rand
DE,ackley,1,765,5.581033413193381e-10,23010,30,0.8,0.2,rand
DE,ackley,1,766,5.1435167236491e-10,23040,30,0.8,0.2,rand
DE,ackley,1,767,5.1435167236491e-10,23070,30,0.8,0.2,rand
DE,ackley,1,768,5.1435167236491e-10,23100,30,0.8,0.2,rand
DE,ackley,1,769,5.1435167236491e-10,23130,30,0.8,0.2,rand
DE,ackley,1,770,5.1435167236491e-10,23160,30,0.8,0.2,rand
DE,ackley,1,771,5.124474178330729e-10,23190,30,0.8,0.2,rand
DE,ackley,1,772,5.124474178330729e-10,23220,30,0.8,0.2,rand
DE,ackley,1,773,4.5332670950415377e-10,23250,30,0.8,0.2,rand
DE,ackley,1,774,4.37829772437226e-10,23280,30,0.8,0.2,rand
DE,ackley,1,775,4.37829772437226e-10,23310,30,0.8,0.2,rand
DE,ackley,1,776,4.37829772437226e-10,23340,30,0.8,0.2,rand
DE,ackley,1,777,4.37829772437226e-10,23370,30,0.8,0.2,rand
DE,ackley,1,778,3.5451508395567544e-10,23400,30,0.8,0.2,rand
DE,ackley,1,779,3.5451508395567544e-10,23430,30,0.8,0.2,rand
DE,ackley,1,780,3.5451508395567544e-10,23460,30,0.8,0.2,rand
DE,ackley,1,781,3.0358693337007026e-10,23490,30,0.8,0.2,rand
DE,ackley,1,782,2.967515122520581e-10,23520,30,0.8,0.2,rand
DE,ackley,1,783,2.967515122520581e-10,23550,30,0.8,0.2,rand
DE,ackley,1,784,2.967515122520581e-10,23580,30,0.8,0.2,rand
DE,ackley,1,785,2.967515122520581e-10,23610,30,0.8,0.2,rand
DE,ackley,1,786,2.967515122520581e-10,23640,30,0.8,0.2,rand
DE,ackley,1,787,2.967515122520581e-10,23670,30,0.8,0.2,rand
DE,ackley,1,788,2.967515122520581e-10,23700,30,0.8,0.2,rand
DE,ackley,1,789,2.967515122520581e-10,23730,30,0.8,0.2,rand
DE,ackley,1,790,2.967515122520581e-10,23760,30,0.8,0.2,rand
DE,ackley,1,791,2.967515122520581e-10,23790,30,0.8,0.2,rand
DE,ackley,1,792,2.967515122520581e-10,23820,30,0.8,0.2,rand
DE,ackley,1,793,2.6108581963057986e-10,23850,30,0.8,0.2,rand
DE,ackley,1,794,2.4740787196719793e-10,23880,30,0.8,0.2,rand
DE,ackley,1,795,2.309303859249212e-10,23910,30,0.8,0.2,rand
DE,ackley,1,796,2.167372947781132e-10,23940,30,0.8,0.2,rand
DE,ackley,1,797,2.167372947781132e-10,23970,30,0.8,0.2,rand
DE,ackley,1,798,2.167372947781132e-10,24000,30,0.8,0.2,rand
DE,ackley,1,799,2.167372947781132e-10,24030,30,0.8,0.2,rand
DE,ackley,1,800,2.167372947781132e-10,24060,30,0.8,0.2,rand
DE,ackley,1,801,1.9125367956007722e-10,24090,30,0.8,0.2,rand
DE,ackley,1,802,1.9125367956007722e-10,24120,30,0.8,0.2,rand
DE,ackley,1,803,1.9125367956007722e-10,24150,30,0.8,0.2,rand
DE,ackley,1,804,1.9125367956007722e-10,24180,30,0.8,0.2,rand
DE,ackley,1,805,1.6360646171165172e-10,24210,30,0.8,0.2,rand
DE,ackley,1,806,1.6360646171165172e-10,24240,30,0.8,0.2,rand
DE,ackley,1,807,1.6360646171165172e-10,24270,30,0.8,0.2,rand
DE,ackley,1,808,1.6360646171165172e-10,24300,30,0.8,0.2,rand
DE,ackley,1,809,1.6360646171165172e-10,24330,30,0.8,0.2,rand
DE,ackley,1,810,1.6360646171165172e-10,24360,30,0.8,0.2,rand
DE,ackley,1,811,1.3202638982079407e-10,24390,30,0.8,0.2,rand
DE,ackley,1,812,1.3202638982079407e-10,24420,30,0.8,0.2,rand
DE,ackley,1,813,1.3202638982079407e-10,24450,30,0.8,0.2,rand
DE,ackley,1,814,1.3202638982079407e-10,24480,30,0.8,0.2,rand
DE,ackley,1,815,1.3024648026771501e-10,24510,30,0.8,0.2,rand
DE,ackley,1,816,1.3024648026771501e-10,24540,30,0.8,0.2,rand
DE,ackley,1,817,1.1318990189579381e-10,24570,30,0.8,0.2,rand
DE,ackley,1,818,1.1318990189579381e-10,24600,30,0.8,0.2,rand
DE,ackley,1,819,1.1318990189579381e-10,24630,30,0.8,0.2,rand
DE,ackley,1,820,1.0455680765630859e-10,24660,30,0.8,0.2,rand
DE,ackley,1,821,1.0455680765630859e-10,24690,30,0.8,0.2,rand
DE,ackley,1,822,1.0455680765630859e-10,24720,30,0.8,0.2,rand
DE,ackley,1,823,1.0455680765630859e-10,24750,30,0.8,0.2,rand
DE,ackley,1,824,6.121725348862128e-11,24780,30,0.8,0.2,rand
DE,ackley,1,825,6.121725348862128e-11,24810,30,0.8,0.2,rand
DE,ackley,1,826,6.121725348862128e-11,24840,30,0.8,0.2,rand
DE,ackley,1,827,6.121725348862128e-11,24870,30,0.8,0.2,rand
DE,ackley,1,828,6.121725348862128e-11,24900,30,0.8,0.2,rand
DE,ackley,1,829,6.121725348862128e-11,24930,30,0.8,0.2,rand
DE,ackley,1,830,6.121725348862128e-11,24960,30,0.8,0.2,rand
DE,ackley,1,831,6.121725348862128e-11,24990,30,0.8,0.2,rand
DE,ackley,1,832,6.121725348862128e-11,25020,30,0.8,0.2,rand
DE,ackley,1,833,6.121725348862128e-11,25050,30,0.8,0.2,rand
DE,ackley,1,834,6.121725348862128e-11,25080,30,0.8,0.2,rand
DE,ackley,1,835,6.094014182167484e-11,25110,30,0.8,0.2,rand
DE,ackley,1,836,6.094014182167484e-11,25140,30,0.8,0.2,rand
DE,ackley,1,837,4.660849484139362e-11,25170,30,0.8,0.2,rand
DE,ackley,1,838,4.660849484139362e-11,25200,30,0.8,0.2,rand
DE,ackley,1,839,4.660849484139362e-11,25230,30,0.8,0.2,rand
DE,ackley,1,840,4.660849484139362e-11,25260,30,0.8,0.2,rand
DE,ackley,1,841,4.660849484139362e-11,25290,30,0.8,0.2,rand
DE,ackley,1,842,4.660849484139362e-11,25320,30,0.8,0.2,rand
DE,ackley,1,843,4.6281645182943976e-11,25350,30,0.8,0.2,rand
DE,ackley,1,844,4.6281645182943976e-11,25380,30,0.8,0.2,rand
DE,ackley,1,845,4.6281645182943976e-11,25410,30,0.8,0.2,rand
DE,ackley,1,846,4.6281645182943976e-11,25440,30,0.8,0.2,rand
DE,ackley,1,847,3.509770252208e-11,25470,30,0.8,0.2,rand
DE,ackley,1,848,3.509770252208e-11,25500,30,0.8,0.2,rand
DE,ackley,1,849,3.509770252208e-11,25530,30,0.8,0.2,rand
DE,ackley,1,850,3.509770252208e-11,25560,30,0.8,0.2,rand
DE,ackley,1,851,3.509770252208e-11,25590,30,0.8,0.2,rand
DE,ackley,1,852,2.5643931422791866e-11,25620,30,0.8,0.2,rand
DE,ackley,1,853,2.5643931422791866e-11,25650,30,0.8,0.2,rand
DE,ackley,1,854,2.5643931422791866e-11,25680,30,0.8,0.2,rand
DE,ackley,1,855,2.5643931422791866e-11,25710,30,0.8,0.2,rand
DE,ackley,1,856,2.5643931422791866e-11,25740,30,0.8,0.2,rand
DE,ackley,1,857,2.5643931422791866e-11,25770,30,0.8,0.2,rand
DE,ackley,1,858,2.5643931422791866e-11,25800,30,0.8,0.2,rand
DE,ackley,1,859,2.5643931422791866e-11,25830,30,0.8,0.2,rand
DE,ackley,1,860,2.5643931422791866e-11,25860,30,0.8,0.2,rand
DE,ackley,1,861,2.326361325799553e-11,25890,30,0.8,0.2,rand
DE,ackley,1,862,2.326361325799553e-11,25920,30,0.8,0.2,rand
DE,ackley,1,863,2.326361325799553e-11,25950,30,0.8,0.2,rand
DE,ackley,1,864,2.326361325799553e-11,25980,30,0.8,0.2,rand
DE,ackley,1,865,2.326361325799553e-11,26010,30,0.8,0.2,rand
DE,ackley,1,866,2.326361325799553e-11,26040,30,0.8,0.2,rand
DE,ackley,1,867,2.326361325799553e-11,26070,30,0.8,0.2,rand
DE,ackley,1,868,2.326361325799553e-11,26100,30,0.8,0.2,rand
DE,ackley,1,869,2.326361325799553e-11,26130,30,0.8,0.2,rand
DE,ackley,1,870,2.326361325799553e-11,26160,30,0.8,0.2,rand
DE,ackley,1,871,2.326361325799553e-11,26190,30,0.8,0.2,rand
DE,ackley,1,872,2.326361325799553e-11,26220,30,0.8,0.2,rand
DE,ackley,1,873,2.326361325799553e-11,26250,30,0.8,0.2,rand
DE,ackley,1,874,2.326361325799553e-11,26280,30,0.8,0.2,rand
DE,ackley,1,875,2.262767750949024e-11,26310,30,0.8,0.2,rand
DE,ackley,1,876,1.8069545859589198e-11,26340,30,0.8,0.2,rand
DE,ackley,1,877,1.8069545859589198e-11,26370,30,0.8,0.2,rand
DE,ackley,1,878,1.8069545859589198e-11,26400,30,0.8,0.2,rand
DE,ackley,1,879,1.8069545859589198e-11,26430,30,0.8,0.2,rand
DE,ackley,1,880,1.8069545859589198e-11,26460,30,0.8,0.2,rand
DE,ackley,1,881,1.6055157203709314e-11,26490,30,0.8,0.2,rand
DE,ackley,1,882,1.6055157203709314e-11,26520,30,0.8,0.2,rand
DE,ackley,1,883,1.5142109788257585e-11,26550,30,0.8,0.2,rand
DE,ackley,1,884,1.5142109788257585e-11,26580,30,0.8,0.2,rand
DE,ackley,1,885,1.5142109788257585e-11,26610,30,0.8,0.2,rand
DE,ackley,1,886,1.2417178396617601e-11,26640,30,0.8,0.2,rand
DE,ackley,1,887,1.2140066729671162e-11,26670,30,0.8,0.2,rand
DE,ackley,1,888,1.2140066729671162e-11,26700,30,0.8,0.2,rand
DE,ackley,1,889,1.2140066729671162e-11,26730,30,0.8,0.2,rand
DE,ackley,1,890,8.01891886226258e-12,26760,30,0.8,0.2,rand
DE,ackley,1,891,8.01891886226258e-12,26790,30,0.8,0.2,rand
DE,ackley,1,892,8.01891886226258e-12,26820,30,0.8,0.2,rand
DE,ackley,1,893,8.01891886226258e-12,26850,30,0.8,0.2,rand
DE,ackley,1,894,8.01891886226258e-12,26880,30,0.8,0.2,rand
DE,ackley,1,895,8.01891886226258e-12,26910,30,0.8,0.2,rand
DE,ackley,1,896,8.01891886226258e-12,26940,30,0.8,0.2,rand
DE,ackley,1,897,8.01891886226258e-12,26970,30,0.8,0.2,rand
DE,ackley,1,898,8.01891886226258e-12,27000,30,0.8,0.2,rand
DE,ackley,1,899,8.01891886226258e-12,27030,30,0.8,0.2,rand
DE,ackley,1,900,8.01891886226258e-12,27060,30,0.8,0.2,rand
DE,ackley,1,901,8.01891886226258e-12,27090,30,0.8,0.2,rand
DE,ackley,1,902,8.01891886226258e-12,27120,30,0.8,0.2,rand
DE,ackley,1,903,7.049028027950044e-12,27150,30,0.8,0.2,rand
DE,ackley,1,904,7.049028027950044e-12,27180,30,0.8,0.2,rand
DE,ackley,1,905,7.049028027950044e-12,27210,30,0.8,0.2,rand
DE,ackley,1,906,7.049028027950044e-12,27240,30,0.8,0.2,rand
DE,ackley,1,907,7.049028027950044e-12,27270,30,0.8,0.2,rand
DE,ackley,1,908,7.049028027950044e-12,27300,30,0.8,0.2,rand
DE,ackley,1,909,7.049028027950044e-12,27330,30,0.8,0.2,rand
DE,ackley,1,910,7.049028027950044e-12,27360,30,0.8,0.2,rand
DE,ackley,1,911,7.049028027950044e-12,27390,30,0.8,0.2,rand
DE,ackley,1,912,6.391775997371951e-12,27420,30,0.8,0.2,rand
DE,ackley,1,913,6.391775997371951e-12,27450,30,0.8,0.2,rand
DE,ackley,1,914,5.17674791922218e-12,27480,30,0.8,0.2,rand
DE,ackley,1,915,5.17674791922218e-12,27510,30,0.8,0.2,rand
DE,ackley,1,916,5.17674791922218e-12,27540,30,0.8,0.2,rand
DE,ackley,1,917,4.835687406057332e-12,27570,30,0.8,0.2,rand
DE,ackley,1,918,4.817923837663329e-12,27600,30,0.8,0.2,rand
DE,ackley,1,919,4.817923837663329e-12,27630,30,0.8,0.2,rand
DE,ackley,1,920,4.235278794340047e-12,27660,30,0.8,0.2,rand
DE,ackley,1,921,4.235278794340047e-12,27690,30,0.8,0.2,rand
DE,ackley,1,922,4.235278794340047e-12,27720,30,0.8,0.2,rand
DE,ackley,1,923,4.235278794340047e-12,27750,30,0.8,0.2,rand
DE,ackley,1,924,3.922639990605603e-12,27780,30,0.8,0.2,rand
DE,ackley,1,925,3.922639990605603e-12,27810,30,0.8,0.2,rand
DE,ackley,1,926,3.816058580241588e-12,27840,30,0.8,0.2,rand
DE,ackley,1,927,3.816058580241588e-12,27870,30,0.8,0.2,rand
DE,ackley,1,928,3.659739178374366e-12,27900,30,0.8,0.2,rand
DE,ackley,1,929,2.9314328742202633e-12,27930,30,0.8,0.2,rand
DE,ackley,1,930,2.9314328742202633e-12,27960,30,0.8,0.2,rand
DE,ackley,1,931,2.9314328742202633e-12,27990,30,0.8,0.2,rand
DE,ackley,1,932,2.9314328742202633e-12,28020,30,0.8,0.2,rand
DE,ackley,1,933,2.9314328742202633e-12,28050,30,0.8,0.2,rand
DE,ackley,1,934,2.306155266751375e-12,28080,30,0.8,0.2,rand
DE,ackley,1,935,2.306155266751375e-12,28110,30,0.8,0.2,rand
DE,ackley,1,936,2.306155266751375e-12,28140,30,0.8,0.2,rand
DE,ackley,1,937,2.306155266751375e-12,28170,30,0.8,0.2,rand
DE,ackley,1,938,2.306155266751375e-12,28200,30,0.8,0.2,rand
DE,ackley,1,939,2.306155266751375e-12,28230,30,0.8,0.2,rand
DE,ackley,1,940,2.306155266751375e-12,28260,30,0.8,0.2,rand
DE,ackley,1,941,2.1178614417749486e-12,28290,30,0.8,0.2,rand
DE,ackley,1,942,2.1178614417749486e-12,28320,30,0.8,0.2,rand
DE,ackley,1,943,2.0752288776293426e-12,28350,30,0.8,0.2,rand
DE,ackley,1,944,1.1231016117108084e-12,28380,30,0.8,0.2,rand
DE,ackley,1,945,1.1231016117108084e-12,28410,30,0.8,0.2,rand
DE,ackley,1,946,1.1231016117108084e-12,28440,30,0.8,0.2,rand
DE,ackley,1,947,1.1231016117108084e-12,28470,30,0.8,0.2,rand
DE,ackley,1,948,1.1231016117108084e-12,28500,30,0.8,0.2,rand
DE,ackley,1,949,1.1231016117108084e-12,28530,30,0.8,0.2,rand
DE,ackley,1,950,1.1231016117108084e-12,28560,30,0.8,0.2,rand
DE,ackley,1,951,1.1231016117108084e-12,28590,30,0.8,0.2,rand
DE,ackley,1,952,1.1231016117108084e-12,28620,30,0.8,0.2,rand
DE,ackley,1,953,1.1231016117108084e-12,28650,30,0.8,0.2,rand
DE,ackley,1,954,1.1231016117108084e-12,28680,30,0.8,0.2,rand
DE,ackley,1,955,1.1231016117108084e-12,28710,30,0.8,0.2,rand
DE,ackley,1,956,1.1231016117108084e-12,28740,30,0.8,0.2,rand
DE,ackley,1,957,1.1231016117108084e-12,28770,30,0.8,0.2,rand
DE,ackley,1,958,9.809930645587883e-13,28800,30,0.8,0.2,rand
DE,ackley,1,959,9.809930645587883e-13,28830,30,0.8,0.2,rand
DE,ackley,1,960,9.809930645587883e-13,28860,30,0.8,0.2,rand
DE,ackley,1,961,9.809930645587883e-13,28890,30,0.8,0.2,rand
DE,ackley,1,962,9.809930645587883e-13,28920,30,0.8,0.2,rand
DE,ackley,1,963,9.809930645587883e-13,28950,30,0.8,0.2,rand
DE,ackley,1,964,9.809930645587883e-13,28980,30,0.8,0.2,rand
DE,ackley,1,965,9.312550730555813e-13,29010,30,0.8,0.2,rand
DE,ackley,1,966,8.246736626915663e-13,29040,30,0.8,0.2,rand
DE,ackley,1,967,8.246736626915663e-13,29070,30,0.8,0.2,rand
DE,ackley,1,968,8.246736626915663e-13,29100,30,0.8,0.2,rand
DE,ackley,1,969,8.246736626915663e-13,29130,30,0.8,0.2,rand
DE,ackley,1,970,8.246736626915663e-13,29160,30,0.8,0.2,rand
DE,ackley,1,971,7.180922523275513e-13,29190,30,0.8,0.2,rand
DE,ackley,1,972,6.470379787515412e-13,29220,30,0.8,0.2,rand
DE,ackley,1,973,6.470379787515412e-13,29250,30,0.8,0.2,rand
DE,ackley,1,974,6.470379787515412e-13,29280,30,0.8,0.2,rand
DE,ackley,1,975,6.470379787515412e-13,29310,30,0.8,0.2,rand
DE,ackley,1,976,6.292744103575387e-13,29340,30,0.8,0.2,rand
DE,ackley,1,977,6.257216966787382e-13,29370,30,0.8,0.2,rand
DE,ackley,1,978,6.257216966787382e-13,29400,30,0.8,0.2,rand
DE,ackley,1,979,4.1966430330830917e-13,29430,30,0.8,0.2,rand
DE,ackley,1,980,4.1966430330830917e-13,29460,30,0.8,0.2,rand
DE,ackley,1,981,4.1966430330830917e-13,29490,30,0.8,0.2,rand
DE,ackley,1,982,4.1966430330830917e-13,29520,30,0.8,0.2,rand
DE,ackley,1,983,4.1966430330830917e-13,29550,30,0.8,0.2,rand
DE,ackley,1,984,4.1966430330830917e-13,29580,30,0.8,0.2,rand
DE,ackley,1,985,4.1966430330830917e-13,29610,30,0.8,0.2,rand
DE,ackley,1,986,4.1966430330830917e-13,29640,30,0.8,0.2,rand
DE,ackley,1,987,4.1966430330830917e-13,29670,30,0.8,0.2,rand
DE,ackley,1,988,4.1966430330830917e-13,29700,30,0.8,0.2,rand
DE,ackley,1,989,4.1966430330830917e-13,29730,30,0.8,0.2,rand
DE,ackley,1,990,4.1966430330830917e-13,29760,30,0.8,0.2,rand
DE,ackley,1,991,4.1966430330830917e-13,29790,30,0.8,0.2,rand
DE,ackley,1,992,4.1255887595070817e-13,29820,30,0.8,0.2,rand
DE,ackley,1,993,4.1255887595070817e-13,29850,30,0.8,0.2,rand
DE,ackley,1,994,4.1255887595070817e-13,29880,30,0.8,0.2,rand
DE,ackley,1,995,2.6334490144108713e-13,29910,30,0.8,0.2,rand
DE,ackley,1,996,2.6334490144108713e-13,29940,30,0.8,0.2,rand
DE,ackley,1,997,2.6334490144108713e-13,29970,30,0.8,0.2,rand
DE,ackley,1,998,2.1360690993788012e-13,30000,30,0.8,0.2,rand
DE,ackley,1,999,2.1360690993788012e-13,30030,30,0.8,0.2,rand
DE,ackley,1,1000,2.1360690993788012e-13,30060,30,0.8,0.2,rand
DE,ackley,1,1001,2.1360690993788012e-13,30090,30,0.8,0.2,rand
DE,ackley,1,1002,2.1360690993788012e-13,30120,30,0.8,0.2,rand
DE,ackley,1,1003,2.1360690993788012e-13,30150,30,0.8,0.2,rand
DE,ackley,1,1004,2.1005419625907962e-13,30180,30,0.8,0.2,rand
DE,ackley,1,1005,2.1005419625907962e-13,30210,30,0.8,0.2,rand
DE,ackley,1,1006,2.1005419625907962e-13,30240,30,0.8,0.2,rand
DE,ackley,1,1007,2.0650148258027912e-13,30270,30,0.8,0.2,rand
DE,ackley,1,1008,2.0650148258027912e-13,30300,30,0.8,0.2,rand
DE,ackley,1,1009,2.0650148258027912e-13,30330,30,0.8,0.2,rand
DE,ackley,1,1010,1.851852005074761e-13,30360,30,0.8,0.2,rand
DE,ackley,1,1011,1.851852005074761e-13,30390,30,0.8,0.2,rand
DE,ackley,1,1012,1.851852005074761e-13,30420,30,0.8,0.2,rand
DE,ackley,1,1013,1.851852005074761e-13,30450,30,0.8,0.2,rand
DE,ackley,1,1014,1.851852005074761e-13,30480,30,0.8,0.2,rand
DE,ackley,1,1015,1.851852005074761e-13,30510,30,0.8,0.2,rand
DE,ackley,1,1016,1.851852005074761e-13,30540,30,0.8,0.2,rand
DE,ackley,1,1017,1.851852005074761e-13,30570,30,0.8,0.2,rand
DE,ackley,1,1018,1.567634910770721e-13,30600,30,0.8,0.2,rand
DE,ackley,1,1019,1.567634910770721e-13,30630,30,0.8,0.2,rand
DE,ackley,1,1020,1.212363542890671e-13,30660,30,0.8,0.2,rand
DE,ackley,1,1021,1.212363542890671e-13,30690,30,0.8,0.2,rand
DE,ackley,1,1022,1.212363542890671e-13,30720,30,0.8,0.2,rand
DE,ackley,1,1023,1.212363542890671e-13,30750,30,0.8,0.2,rand
DE,ackley,1,1024,1.212363542890671e-13,30780,30,0.8,0.2,rand
DE,ackley,1,1025,1.212363542890671e-13,30810,30,0.8,0.2,rand
DE,ackley,1,1026,1.0347278589506459e-13,30840,30,0.8,0.2,rand
DE,ackley,1,1027,1.0347278589506459e-13,30870,30,0.8,0.2,rand
DE,ackley,1,1028,1.0347278589506459e-13,30900,30,0.8,0.2,rand
DE,ackley,1,1029,1.0347278589506459e-13,30930,30,0.8,0.2,rand
DE,ackley,1,1030,1.0347278589506459e-13,30960,30,0.8,0.2,rand
DE,ackley,1,1031,1.0347278589506459e-13,30990,30,0.8,0.2,rand
DE,ackley,1,1032,1.0347278589506459e-13,31020,30,0.8,0.2,rand
DE,ackley,1,1033,1.0347278589506459e-13,31050,30,0.8,0.2,rand
DE,ackley,1,1034,1.0347278589506459e-13,31080,30,0.8,0.2,rand
DE,ackley,1,1035,1.0347278589506459e-13,31110,30,0.8,0.2,rand
DE,ackley,1,1036,9.281464485866309e-14,31140,30,0.8,0.2,rand
DE,ackley,1,1037,9.281464485866309e-14,31170,30,0.8,0.2,rand
DE,ackley,1,1038,9.281464485866309e-14,31200,30,0.8,0.2,rand
DE,ackley,1,1039,9.281464485866309e-14,31230,30,0.8,0.2,rand
DE,ackley,1,1040,9.281464485866309e-14,31260,30,0.8,0.2,rand
DE,ackley,1,1041,7.505107646466058e-14,31290,30,0.8,0.2,rand
DE,ackley,1,1042,6.794564910705958e-14,31320,30,0.8,0.2,rand
DE,ackley,1,1043,6.794564910705958e-14,31350,30,0.8,0.2,rand
DE,ackley,1,1044,5.728750807065808e-14,31380,30,0.8,0.2,rand
DE,ackley,1,1045,5.728750807065808e-14,31410,30,0.8,0.2,rand
DE,ackley,1,1046,5.728750807065808e-14,31440,30,0.8,0.2,rand
DE,ackley,1,1047,5.728750807065808e-14,31470,30,0.8,0.2,rand
DE,ackley,1,1048,5.728750807065808e-14,31500,30,0.8,0.2,rand
DE,ackley,1,1049,5.728750807065808e-14,31530,30,0.8,0.2,rand
DE,ackley,1,1050,5.728750807065808e-14,31560,30,0.8,0.2,rand
DE,ackley,1,1051,5.728750807065808e-14,31590,30,0.8,0.2,rand
DE,ackley,1,1052,5.728750807065808e-14,31620,30,0.8,0.2,rand
DE,ackley,1,1053,5.728750807065808e-14,31650,30,0.8,0.2,rand
DE,ackley,1,1054,5.728750807065808e-14,31680,30,0.8,0.2,rand
DE,ackley,1,1055,5.728750807065808e-14,31710,30,0.8,0.2,rand
DE,ackley,1,1056,4.6629367034256575e-14,31740,30,0.8,0.2,rand
DE,ackley,1,1057,4.6629367034256575e-14,31770,30,0.8,0.2,rand
DE,ackley,1,1058,4.6629367034256575e-14,31800,30,0.8,0.2,rand
DE,ackley,1,1059,4.6629367034256575e-14,31830,30,0.8,0.2,rand
DE,ackley,1,1060,4.6629367034256575e-14,31860,30,0.8,0.2,rand
DE,ackley,1,1061,4.6629367034256575e-14,31890,30,0.8,0.2,rand
DE,ackley,1,1062,4.6629367034256575e-14,31920,30,0.8,0.2,rand
DE,ackley,1,1063,4.6629367034256575e-14,31950,30,0.8,0.2,rand
DE,ackley,1,1064,4.6629367034256575e-14,31980,30,0.8,0.2,rand
DE,ackley,1,1065,4.3076653355456074e-14,32010,30,0.8,0.2,rand
DE,ackley,1,1066,4.3076653355456074e-14,32040,30,0.8,0.2,rand
DE,ackley,1,1067,3.952393967665557e-14,32070,30,0.8,0.2,rand
DE,ackley,1,1068,3.952393967665557e-14,32100,30,0.8,0.2,rand
DE,ackley,1,1069,3.952393967665557e-14,32130,30,0.8,0.2,rand
DE,ackley,1,1070,3.952393967665557e-14,32160,30,0.8,0.2,rand
DE,ackley,1,1071,3.597122599785507e-14,32190,30,0.8,0.2,rand
DE,ackley,1,1072,3.241851231905457e-14,32220,30,0.8,0.2,rand
DE,ackley,1,1073,3.241851231905457e-14,32250,30,0.8,0.2,rand
DE,ackley,1,1074,3.241851231905457e-14,32280,30,0.8,0.2,rand
DE,ackley,1,1075,3.241851231905457e-14,32310,30,0.8,0.2,rand
DE,ackley,1,1076,2.531308496145357e-14,32340,30,0.8,0.2,rand
DE,ackley,1,1077,2.531308496145357e-14,32370,30,0.8,0.2,rand
DE,ackley,1,1078,2.531308496145357e-14,32400,30,0.8,0.2,rand
DE,ackley,1,1079,2.531308496145357e-14,32430,30,0.8,0.2,rand
DE,ackley,1,1080,2.531308496145357e-14,32460,30,0.8,0.2,rand
DE,ackley,1,1081,2.531308496145357e-14,32490,30,0.8,0.2,rand
DE,ackley,1,1082,2.531308496145357e-14,32520,30,0.8,0.2,rand
DE,ackley,1,1083,2.1760371282653068e-14,32550,30,0.8,0.2,rand
DE,ackley,1,1084,2.1760371282653068e-14,32580,30,0.8,0.2,rand
DE,ackley,1,1085,2.1760371282653068e-14,32610,30,0.8,0.2,rand
DE,ackley,1,1086,2.1760371282653068e-14,32640,30,0.8,0.2,rand
DE,ackley,1,1087,2.1760371282653068e-14,32670,30,0.8,0.2,rand
DE,ackley,1,1088,1.4654943925052066e-14,32700,30,0.8,0.2,rand
DE,ackley,1,1089,1.4654943925052066e-14,32730,30,0.8,0.2,rand
DE,ackley,1,1090,1.4654943925052066e-14,32760,30,0.8,0.2,rand
DE,ackley,1,1091,1.4654943925052066e-14,32790,30,0.8,0.2,rand
DE,ackley,1,1092,1.4654943925052066e-14,32820,30,0.8,0.2,rand
DE,ackley,1,1093,1.4654943925052066e-14,32850,30,0.8,0.2,rand
DE,ackley,1,1094,1.4654943925052066e-14,32880,30,0.8,0.2,rand
DE,ackley,1,1095,1.1102230246251565e-14,32910,30,0.8,0.2,rand
DE,ackley,1,1096,1.1102230246251565e-14,32940,30,0.8,0.2,rand
DE,ackley,1,1097,1.1102230246251565e-14,32970,30,0.8,0.2,rand
DE,ackley,1,1098,1.1102230246251565e-14,33000,30,0.8,0.2,rand
DE,ackley,1,1099,1.1102230246251565e-14,33030,30,0.8,0.2,rand
DE,ackley,1,1100,1.1102230246251565e-14,33060,30,0.8,0.2,rand
DE,ackley,1,1101,1.1102230246251565e-14,33090,30,0.8,0.2,rand
DE,ackley,1,1102,1.1102230246251565e-14,33120,30,0.8,0.2,rand
DE,ackley,1,1103,1.1102230246251565e-14,33150,30,0.8,0.2,rand
DE,ackley,1,1104,1.1102230246251565e-14,33180,30,0.8,0.2,rand
DE,ackley,1,1105,1.1102230246251565e-14,33210,30,0.8,0.2,rand
DE,ackley,1,1106,1.1102230246251565e-14,33240,30,0.8,0.2,rand
DE,ackley,1,1107,1.1102230246251565e-14,33270,30,0.8,0.2,rand
DE,ackley,1,1108,1.1102230246251565e-14,33300,30,0.8,0.2,rand
DE,ackley,1,1109,1.1102230246251565e-14,33330,30,0.8,0.2,rand
DE,ackley,1,1110,1.1102230246251565e-14,33360,30,0.8,0.2,rand
DE,ackley,1,1111,1.1102230246251565e-14,33390,30,0.8,0.2,rand
DE,ackley,1,1112,7.549516567451064e-15,33420,30,0.8,0.2,rand
DE,ackley,1,1113,7.549516567451064e-15,33450,30,0.8,0.2,rand
DE,ackley,1,1114,7.549516567451064e-15,33480,30,0.8,0.2,rand
DE,ackley,1,1115,7.549516567451064e-15,33510,30,0.8,0.2,rand
DE,ackley,1,1116,7.549516567451064e-15,33540,30,0.8,0.2,rand
DE,ackley,1,1117,7.549516567451064e-15,33570,30,0.8,0.2,rand
DE,ackley,1,1118,7.549516567451064e-15,33600,30,0.8,0.2,rand
DE,ackley,1,1119,7.549516567451064e-15,33630,30,0.8,0.2,rand
DE,ackley,1,1120,7.549516567451064e-15,33660,30,0.8,0.2,rand
DE,ackley,1,1121,7.549516567451064e-15,33690,30,0.8,0.2,rand
DE,ackley,1,1122,7.549516567451064e-15,33720,30,0.8,0.2,rand
DE,ackley,1,1123,7.549516567451064e-15,33750,30,0.8,0.2,rand
DE,ackley,1,1124,7.549516567451064e-15,33780,30,0.8,0.2,rand
DE,ackley,1,1125,7.549516567451064e-15,33810,30,0.8,0.2,rand
DE,ackley,1,1126,7.549516567451064e-15,33840,30,0.8,0.2,rand
DE,ackley,1,1127,3.9968028886505635e-15,33870,30,0.8,0.2,rand
DE,ackley,1,1128,3.9968028886505635e-15,33900,30,0.8,0.2,rand
DE,ackley,1,1129,3.9968028886505635e-15,33930,30,0.8,0.2,rand
DE,ackley,1,1130,3.9968028886505635e-15,33960,30,0.8,0.2,rand
DE,ackley,1,1131,3.9968028886505635e-15,33990,30,0.8,0.2,rand
DE,ackley,1,1132,3.9968028886505635e-15,34020,30,0.8,0.2,rand
DE,ackley,1,1133,3.9968028886505635e-15,34050,30,0.8,0.2,rand
DE,ackley,1,1134,3.9968028886505635e-15,34080,30,0.8,0.2,rand
DE,ackley,1,1135,3.9968028886505635e-15,34110,30,0.8,0.2,rand
DE,ackley,1,1136,3.9968028886505635e-15,34140,30,0.8,0.2,rand
DE,ackley,1,1137,3.9968028886505635e-15,34170,30,0.8,0.2,rand
DE,ackley,1,1138,3.9968028886505635e-15,34200,30,0.8,0.2,rand
DE,ackley,1,1139,3.9968028886505635e-15,34230,30,0.8,0.2,rand
DE,ackley,1,1140,3.9968028886505635e-15,34260,30,0.8,0.2,rand
DE,ackley,1,1141,3.9968028886505635e-15,34290,30,0.8,0.2,rand
DE,ackley,1,1142,3.9968028886505635e-15,34320,30,0.8,0.2,rand
DE,ackley,1,1143,3.9968028886505635e-15,34350,30,0.8,0.2,rand
DE,ackley,1,1144,3.9968028886505635e-15,34380,30,0.8,0.2,rand
DE,ackley,1,1145,3.9968028886505635e-15,34410,30,0.8,0.2,rand
DE,ackley,1,1146,3.9968028886505635e-15,34440,30,0.8,0.2,rand
DE,ackley,1,1147,3.9968028886505635e-15,34470,30,0.8,0.2,rand
DE,ackley,1,1148,3.9968028886505635e-15,34500,30,0.8,0.2,rand
DE,ackley,1,1149,3.9968028886505635e-15,34530,30,0.8,0.2,rand
DE,ackley,1,1150,3.9968028886505635e-15,34560,30,0.8,0.2,rand
DE,ackley,1,1151,3.9968028886505635e-15,34590,30,0.8,0.2,rand
DE,ackley,1,1152,3.9968028886505635e-15,34620,30,0.8,0.2,rand
DE,ackley,1,1153,3.9968028886505635e-15,34650,30,0.8,0.2,rand
DE,ackley,1,1154,3.9968028886505635e-15,34680,30,0.8,0.2,rand
DE,ackley,1,1155,3.9968028886505635e-15,34710,30,0.8,0.2,rand
DE,ackley,1,1156,3.9968028886505635e-15,34740,30,0.8,0.2,rand
DE,ackley,1,1157,3.9968028886505635e-15,34770,30,0.8,0.2,rand
DE,ackley,1,1158,3.9968028886505635e-15,34800,30,0.8,0.2,rand
DE,ackley,1,1159,3.9968028886505635e-15,34830,30,0.8,0.2,rand
DE,ackley,1,1160,3.9968028886505635e-15,34860,30,0.8,0.2,rand
DE,ackley,1,1161,3.9968028886505635e-15,34890,30,0.8,0.2,rand
DE,ackley,1,1162,3.9968028886505635e-15,34920,30,0.8,0.2,rand
DE,ackley,1,1163,3.9968028886505635e-15,34950,30,0.8,0.2,rand
DE,ackley,1,1164,3.9968028886505635e-15,34980,30,0.8,0.2,rand
DE,ackley,1,1165,3.9968028886505635e-15,35010,30,0.8,0.2,rand
DE,ackley,1,1166,3.9968028886505635e-15,35040,30,0.8,0.2,rand
DE,ackley,1,1167,3.9968028886505635e-15,35070,30,0.8,0.2,rand
DE,ackley,1,1168,3.9968028886505635e-15,35100,30,0.8,0.2,rand
DE,ackley,1,1169,3.9968028886505635e-15,35130,30,0.8,0.2,rand
DE,ackley,1,1170,3.9968028886505635e-15,35160,30,0.8,0.2,rand
DE,ackley,1,1171,3.9968028886505635e-15,35190,30,0.8,0.2,rand
DE,ackley,1,1172,3.9968028886505635e-15,35220,30,0.8,0.2,rand
DE,ackley,1,1173,3.9968028886505635e-15,35250,30,0.8,0.2,rand
DE,ackley,1,1174,3.9968028886505635e-15,35280,30,0.8,0.2,rand
DE,ackley,1,1175,3.9968028886505635e-15,35310,30,0.8,0.2,rand
DE,ackley,1,1176,3.9968028886505635e-15,35340,30,0.8,0.2,rand
DE,ackley,1,1177,3.9968028886505635e-15,35370,30,0.8,0.2,rand
DE,ackley,1,1178,3.9968028886505635e-15,35400,30,0.8,0.2,rand
DE,ackley,1,1179,3.9968028886505635e-15,35430,30,0.8,0.2,rand
DE,ackley,1,1180,3.9968028886505635e-15,35460,30,0.8,0.2,rand
DE,ackley,1,1181,3.9968028886505635e-15,35490,30,0.8,0.2,rand
DE,ackley,1,1182,3.9968028886505635e-15,35520,30,0.8,0.2,rand
DE,ackley,1,1183,3.9968028886505635e-15,35550,30,0.8,0.2,rand
DE,ackley,1,1184,3.9968028886505635e-15,35580,30,0.8,0.2,rand
DE,ackley,1,1185,3.9968028886505635e-15,35610,30,0.8,0.2,rand
DE,ackley,1,1186,3.9968028886505635e-15,35640,30,0.8,0.2,rand
DE,ackley,1,1187,3.9968028886505635e-15,35670,30,0.8,0.2,rand
DE,ackley,1,1188,3.9968028886505635e-15,35700,30,0.8,0.2,rand
DE,ackley,1,1189,3.9968028886505635e-15,35730,30,0.8,0.2,rand
DE,ackley,1,1190,3.9968028886505635e-15,35760,30,0.8,0.2,rand
DE,ackley,1,1191,3.9968028886505635e-15,35790,30,0.8,0.2,rand
DE,ackley,1,1192,3.9968028886505635e-15,35820,30,0.8,0.2,rand
DE,ackley,1,1193,3.9968028886505635e-15,35850,30,0.8,0.2,rand
DE,ackley,1,1194,3.9968028886505635e-15,35880,30,0.8,0.2,rand
DE,ackley,1,1195,3.9968028886505635e-15,35910,30,0.8,0.2,rand
DE,ackley,1,1196,3.9968028886505635e-15,35940,30,0.8,0.2,rand
DE,ackley,1,1197,3.9968028886505635e-15,35970,30,0.8,0.2,rand
DE,ackley,1,1198,3.9968028886505635e-15,36000,30,0.8,0.2,rand
DE,ackley,1,1199,3.9968028886505635e-15,36030,30,0.8,0.2,rand
DE,ackley,2,0,18.693796189906276,60,30,0.8,0.2,rand
DE,ackley,2,1,18.693796189906276,90,30,0.8,0.2,rand
DE,ackley,2,2,18.693796189906276,120,30,0.8,0.2,rand
DE,ackley,2,3,18.693796189906276,150,30,0.8,0.2,rand
DE,ackley,2,4,18.693796189906276,180,30,0.8,0.2,rand
DE,ackley,2,5,18.693796189906276,210,30,0.8,0.2,rand
DE,ackley,2,6,18.693796189906276,240,30,0.8,0.2,rand
DE,ackley,2,7,17.48509656111307,270,30,0.8,0.2,rand
DE,ackley,2,8,17.48509656111307,300,30,0.8,0.2,rand
DE,ackley,2,9,17.48509656111307,330,30,0.8,0.2,rand
DE,ackley,2,10,17.48509656111307,360,30,0.8,0.2,rand
DE,ackley,2,11,17.48509656111307,390,30,0.8,0.2,rand
DE,ackley,2,12,17.322369890340312,420,30,0.8,0.2,rand
DE,ackley,2,13,17.322369890340312,450,30,0.8,0.2,rand
DE,ackley,2,14,17.322369890340312,480,30,0.8,0.2,rand
DE,ackley,2,15,17.322369890340312,510,30,0.8,0.2,rand
DE,ackley,2,16,17.322369890340312,540,30,0.8,0.2,rand
DE,ackley,2,17,17.322369890340312,570,30,0.8,0.2,rand
DE,ackley,2,18,17.322369890340312,600,30,0.8,0.2,rand
DE,ackley,2,19,16.388453262227245,630,30,0.8,0.2,rand
DE,ackley,2,20,16.388453262227245,660,30,0.8,0.2,rand
DE,ackley,2,21,16.388453262227245,690,30,0.8,0.2,rand
DE,ackley,2,22,16.388453262227245,720,30,0.8,0.2,rand
DE,ackley,2,23,16.388453262227245,750,30,0.8,0.2,rand
DE,ackley,2,24,16.388453262227245,780,30,0.8,0.2,rand
DE,ackley,2,25,16.388453262227245,810,30,0.8,0.2,rand
DE,ackley,2,26,16.388453262227245,840,30,0.8,0.2,rand
DE,ackley,2,27,16.388453262227245,870,30,0.8,0.2,rand
DE,ackley,2,28,16.388453262227245,900,30,0.8,0.2,rand
DE,ackley,2,29,16.388453262227245,930,30,0.8,0.2,rand
DE,ackley,2,30,16.388453262227245,960,30,0.8,0.2,rand
DE,ackley,2,31,15.460822738608964,990,30,0.8,0.2,rand
DE,ackley,2,32,15.102884956047404,1020,30,0.8,0.2,rand
DE,ackley,2,33,15.102884956047404,1050,30,0.8,0.2,rand
DE,ackley,2,34,14.454653615778309,1080,30,0.8,0.2,rand
DE,ackley,2,35,14.454653615778309,1110,30,0.8,0.2,rand
DE,ackley,2,36,12.31206508113776,1140,30,0.8,0.2,rand
DE,ackley,2,37,12.292316774190178,1170,30,0.8,0.2,rand
DE,ackley,2,38,12.292316774190178,1200,30,0.8,0.2,rand
DE,ackley,2,39,12.292316774190178,1230,30,0.8,0.2,rand
DE,ackley,2,40,12.16661106442288,1260,30,0.8,0.2,rand
DE,ackley,2,41,12.16661106442288,1290,30,0.8,0.2,rand
DE,ackley,2,42,12.16661106442288,1320,30,0.8,0.2,rand
DE,ackley,2,43,12.16661106442288,1350,30,0.8,0.2,rand
DE,ackley,2,44,12.16661106442288,1380,30,0.8,0.2,rand
DE,ackley,2,45,12.157995876503612,1410,30,0.8,0.2,rand
DE,ackley,2,46,10.541297830424313,1440,30,0.8,0.2,rand
DE,ackley,2,47,10.541297830424313,1470,30,0.8,0.2,rand
DE,ackley,2,48,10.541297830424313,1500,30,0.8,0.2,rand
DE,ackley,2,49,10.541297830424313,1530,30,0.8,0.2,rand
DE,ackley,2,50,10.541297830424313,1560,30,0.8,0.2,rand
DE,ackley,2,51,10.541297830424313,1590,30,0.8,0.2,rand
DE,ackley,2,52,10.541297830424313,1620,30,0.8,0.2,rand
DE,ackley,2,53,10.541297830424313,1650,30,0.8,0.2,rand
DE,ackley,2,54,10.013648203813757,1680,30,0.8,0.2,rand
DE,ackley,2,55,9.817859187662837,1710,30,0.8,0.2,rand
DE,ackley,2,56,9.817859187662837,1740,30,0.8,0.2,rand
DE,ackley,2,57,9.817859187662837,1770,30,0.8,0.2,rand
DE,ackley,2,58,9.817859187662837,1800,30,0.8,0.2,rand
DE,ackley,2,59,9.817859187662837,1830,30,0.8,0.2,rand
DE,ackley,2,60,9.817859187662837,1860,30,0.8,0.2,rand
DE,ackley,2,61,9.275073427106982,1890,30,0.8,0.2,rand
DE,ackley,2,62,9.275073427106982,1920,30,0.8,0.2,rand
DE,ackley,2,63,9.038242505286194,1950,30,0.8,0.2,rand
DE,ackley,2,64,9.038242505286194,1980,30,0.8,0.2,rand
DE,ackley,2,65,7.535829564019583,2010,30,0.8,0.2,rand
DE,ackley,2,66,7.535829564019583,2040,30,0.8,0.2,rand
DE,ackley,2,67,7.535829564019583,2070,30,0.8,0.2,rand
DE,ackley,2,68,7.535829564019583,2100,30,0.8,0.2,rand
DE,ackley,2,69,7.535829564019583,2130,30,0.8,0.2,rand
DE,ackley,2,70,7.535829564019583,2160,30,0.8,0.2,rand
DE,ackley,2,71,7.535829564019583,2190,30,0.8,0.2,rand
DE,ackley,2,72,7.535829564019583,2220,30,0.8,0.2,rand
DE,ackley,2,73,6.7348729001196155,2250,30,0.8,0.2,rand
DE,ackley,2,74,6.7348729001196155,2280,30,0.8,0.2,rand
DE,ackley,2,75,6.671276212846745,2310,30,0.8,0.2,rand
DE,ackley,2,76,6.671276212846745,2340,30,0.8,0.2,rand
DE,ackley,2,77,6.671276212846745,2370,30,0.8,0.2,rand
DE,ackley,2,78,6.302784048757076,2400,30,0.8,0.2,rand
DE,ackley,2,79,6.302784048757076,2430,30,0.8,0.2,rand
DE,ackley,2,80,5.749775179541558,2460,30,0.8,0.2,rand
DE,ackley,2,81,5.1924385555410275,2490,30,0.8,0.2,rand
DE,ackley,2,82,5.1924385555410275,2520,30,0.8,0.2,rand
DE,ackley,2,83,5.1924385555410275,2550,30,0.8,0.2,rand
DE,ackley,2,84,5.1924385555410275,2580,30,0.8,0.2,rand
DE,ackley,2,85,5.1924385555410275,2610,30,0.8,0.2,rand
DE,ackley,2,86,5.030023439439681,2640,30,0.8,0.2,rand
DE,ackley,2,87,4.986079099542337,2670,30,0.8,0.2,rand
DE,ackley,2,88,4.986079099542337,2700,30,0.8,0.2,rand
DE,ackley,2,89,4.986079099542337,2730,30,0.8,0.2,rand
DE,ackley,2,90,4.36665726116642,2760,30,0.8,0.2,rand
DE,ackley,2,91,4.36665726116642,2790,30,0.8,0.2,rand
DE,ackley,2,92,4.36665726116642,2820,30,0.8,0.2,rand
DE,ackley,2,93,4.36665726116642,2850,30,0.8,0.2,rand
DE,ackley,2,94,4.36665726116642,2880,30,0.8,0.2,rand
DE,ackley,2,95,4.2221447015713345,2910,30,0.8,0.2,rand
DE,ackley,2,96,4.2221447015713345,2940,30,0.8,0.2,rand
DE,ackley,2,97,4.012984722503784,2970,30,0.8,0.2,rand
DE,ackley,2,98,4.012984722503784,3000,30,0.8,0.2,rand
DE,ackley,2,99,4.012984722503784,3030,30,0.8,0.2,rand
DE,ackley,2,100,3.7188335687874,3060,30,0.8,0.2,rand
DE,ackley,2,101,3.7188335687874,3090,30,0.8,0.2,rand
DE,ackley,2,102,3.7188335687874,3120,30,0.8,0.2,rand
DE,ackley,2,103,3.7188335687874,3150,30,0.8,0.2,rand
DE,ackley,2,104,3.7188335687874,3180,30,0.8,0.2,rand
DE,ackley,2,105,3.7188335687874,3210,30,0.8,0.2,rand
DE,ackley,2,106,3.409283039014739,3240,30,0.8,0.2,rand
DE,ackley,2,107,3.409283039014739,3270,30,0.8,0.2,rand
DE,ackley,2,108,3.409283039014739,3300,30,0.8,0.2,rand
DE,ackley,2,109,3.409283039014739,3330,30,0.8,0.2,rand
DE,ackley,2,110,3.409283039014739,3360,30,0.8,0.2,rand
DE,ackley,2,111,3.409283039014739,3390,30,0.8,0.2,rand
DE,ackley,2,112,3.409283039014739,3420,30,0.8,0.2,rand
DE,ackley,2,113,3.409283039014739,3450,30,0.8,0.2,rand
DE,ackley,2,114,2.9849158695616578,3480,30,0.8,0.2,rand
DE,ackley,2,115,2.9849158695616578,3510,30,0.8,0.2,rand
DE,ackley,2,116,2.9849158695616578,3540,30,0.8,0.2,rand
DE,ackley,2,117,2.9849158695616578,3570,30,0.8,0.2,rand
DE,ackley,2,118,2.9849158695616578,3600,30,0.8,0.2,rand
DE,ackley,2,119,2.9849158695616578,3630,30,0.8,0.2,rand
DE,ackley,2,120,2.8161520598350873,3660,30,0.8,0.2,rand
DE,ackley,2,121,2.683990642770756,3690,30,0.8,0.2,rand
DE,ackley,2,122,2.683990642770756,3720,30,0.8,0.2,rand
DE,ackley,2,123,2.683990642770756,3750,30,0.8,0.2,rand
DE,ackley,2,124,2.625408805012729,3780,30,0.8,0.2,rand
DE,ackley,2,125,2.4051211078835526,3810,30,0.8,0.2,rand
DE,ackley,2,126,2.4051211078835526,3840,30,0.8,0.2,rand
DE,ackley,2,127,2.4051211078835526,3870,30,0.8,0.2,rand
DE,ackley,2,128,2.4051211078835526,3900,30,0.8,0.2,rand
DE,ackley,2,129,2.4051211078835526,3930,30,0.8,0.2,rand
DE,ackley,2,130,2.4051211078835526,3960,30,0.8,0.2,rand
DE,ackley,2,131,2.4051211078835526,3990,30,0.8,0.2,rand
DE,ackley,2,132,2.4051211078835526,4020,30,0.8,0.2,rand
DE,ackley,2,133,2.102186053554615,4050,30,0.8,0.2,rand
DE,ackley,2,134,1.9952104394375252,4080,30,0.8,0.2,rand
DE,ackley,2,135,1.9952104394375252,4110,30,0.8,0.2,rand
DE,ackley,2,136,1.9952104394375252,4140,30,0.8,0.2,rand
DE,ackley,2,137,1.7162264262215676,4170,30,0.8,0.2,rand
DE,ackley,2,138,1.7075245438769682,4200,30,0.8,0.2,rand
DE,ackley,2,139,1.7075245438769682,4230,30,0.8,0.2,rand
DE,ackley,2,140,1.7075245438769682,4260,30,0.8,0.2,rand
DE,ackley,2,141,1.7075245438769682,4290,30,0.8,0.2,rand
DE,ackley,2,142,1.1009061707762204,4320,30,0.8,0.2,rand
DE,ackley,2,143,1.1009061707762204,4350,30,0.8,0.2,rand
DE,ackley,2,144,1.1009061707762204,4380,30,0.8,0.2,rand
DE,ackley,2,145,1.1009061707762204,4410,30,0.8,0.2,rand
DE,ackley,2,146,1.1009061707762204,4440,30,0.8,0.2,rand
DE,ackley,2,147,1.1009061707762204,4470,30,0.8,0.2,rand
DE,ackley,2,148,1.1009061707762204,4500,30,0.8,0.2,rand
DE,ackley,2,149,1.1009061707762204,4530,30,0.8,0.2,rand
DE,ackley,2,150,1.1009061707762204,4560,30,0.8,0.2,rand
DE,ackley,2,151,0.8182216494515839,4590,30,0.8,0.2,rand
DE,ackley,2,152,0.8182216494515839,4620,30,0.8,0.2,rand
DE,ackley,2,153,0.8182216494515839,4650,30,0.8,0.2,rand
DE,ackley,2,154,0.8182216494515839,4680,30,0.8,0.2,rand
DE,ackley,2,155,0.30423084240736076,4710,30,0.8,0.2,rand
DE,ackley,2,156,0.30423084240736076,4740,30,0.8,0.2,rand
DE,ackley,2,157,0.30423084240736076,4770,30,0.8,0.2,rand
DE,ackley,2,158,0.30423084240736076,4800,30,0.8,0.2,rand
DE,ackley,2,159,0.30423084240736076,4830,30,0.8,0.2,rand
DE,ackley,2,160,0.30423084240736076,4860,30,0.8,0.2,rand
DE,ackley,2,161,0.30423084240736076,4890,30,0.8,0.2,rand
DE,ackley,2,162,0.30423084240736076,4920,30,0.8,0.2,rand
DE,ackley,2,163,0.30423084240736076,4950,30,0.8,0.2,rand
DE,ackley,2,164,0.30423084240736076,4980,30,0.8,0.2,rand
DE,ackley,2,165,0.30423084240736076,5010,30,0.8,0.2,rand
DE,ackley,2,166,0.30423084240736076,5040,30,0.8,0.2,rand
DE,ackley,2,167,0.30423084240736076,5070,30,0.8,0.2,rand
DE,ackley,2,168,0.30423084240736076,5100,30,0.8,0.2,rand
DE,ackley,2,169,0.24194489761097104,5130,30,0.8,0.2,rand
DE,ackley,2,170,0.24194489761097104,5160,30,0.8,0.2,rand
DE,ackley,2,171,0.24194489761097104,5190,30,0.8,0.2,rand
DE,ackley,2,172,0.24194489761097104,5220,30,0.8,0.2,rand
DE,ackley,2,173,0.24194489761097104,5250,30,0.8,0.2,rand
DE,ackley,2,174,0.24194489761097104,5280,30,0.8,0.2,rand
DE,ackley,2,175,0.24194489761097104,5310,30,0.8,0.2,rand
DE,ackley,2,176,0.24194489761097104,5340,30,0.8,0.2,rand
DE,ackley,2,177,0.24194489761097104,5370,30,0.8,0.2,rand
DE,ackley,2,178,0.24194489761097104,5400,30,0.8,0.2,rand
DE,ackley,2,179,0.24194489761097104,5430,30,0.8,0.2,rand
DE,ackley,2,180,0.24194489761097104,5460,30,0.8,0.2,rand
DE,ackley,2,181,0.24194489761097104,5490,30,0.8,0.2,rand
DE,ackley,2,182,0.24194489761097104,5520,30,0.8,0.2,rand
DE,ackley,2,183,0.23624995838114815,5550,30,0.8,0.2,rand
DE,ackley,2,184,0.23624995838114815,5580,30,0.8,0.2,rand
DE,ackley,2,185,0.23624995838114815,5610,30,0.8,0.2,rand
DE,ackley,2,186,0.23624995838114815,5640,30,0.8,0.2,rand
DE,ackley,2,187,0.21284078605070222,5670,30,0.8,0.2,rand
DE,ackley,2,188,0.10934390285598328,5700,30,0.8,0.2,rand
DE,ackley,2,189,0.10934390285598328,5730,30,0.8,0.2,rand
DE,ackley,2,190,0.10934390285598328,5760,30,0.8,0.2,rand
DE,ackley,2,191,0.10934390285598328,5790,30,0.8,0.2,rand
DE,ackley,2,192,0.10934390285598328,5820,30,0.8,0.2,rand
DE,ackley,2,193,0.10934390285598328,5850,30,0.8,0.2,rand
DE,ackley,2,194,0.10934390285598328,5880,30,0.8,0.2,rand
DE,ackley,2,195,0.10934390285598328,5910,30,0.8,0.2,rand
DE,ackley,2,196,0.10934390285598328,5940,30,0.8,0.2,rand
DE,ackley,2,197,0.10934390285598328,5970,30,0.8,0.2,rand
DE,ackley,2,198,0.10934390285598328,6000,30,0.8,0.2,rand
DE,ackley,2,199,0.10934390285598328,6030,30,0.8,0.2,rand
DE,ackley,2,200,0.10934390285598328,6060,30,0.8,0.2,rand
DE,ackley,2,201,0.10439101871956824,6090,30,0.8,0.2,rand
DE,ackley,2,202,0.09189811953854887,6120,30,0.8,0.2,rand
DE,ackley,2,203,0.09189811953854887,6150,30,0.8,0.2,rand
DE,ackley,2,204,0.09189811953854887,6180,30,0.8,0.2,rand
DE,ackley,2,205,0.09189811953854887,6210,30,0.8,0.2,rand
DE,ackley,2,206,0.09189811953854887,6240,30,0.8,0.2,rand
DE,ackley,2,207,0.08552472480832707,6270,30,0.8,0.2,rand
DE,ackley,2,208,0.08552472480832707,6300,30,0.8,0.2,rand
DE,ackley,2,209,0.08552472480832707,6330,30,0.8,0.2,rand
DE,ackley,2,210,0.08552472480832707,6360,30,0.8,0.2,rand
DE,ackley,2,211,0.08552472480832707,6390,30,0.8,0.2,rand
DE,ackley,2,212,0.08552472480832707,6420,30,0.8,0.2,rand
DE,ackley,2,213,0.08552472480832707,6450,30,0.8,0.2,rand
DE,ackley,2,214,0.05678448997703045,6480,30,0.8,0.2,rand
DE,ackley,2,215,0.051364091190823746,6510,30,0.8,0.2,rand
DE,ackley,2,216,0.051364091190823746,6540,30,0.8,0.2,rand
DE,ackley,2,217,0.051364091190823746,6570,30,0.8,0.2,rand
DE,ackley,2,218,0.029380772636284025,6600,30,0.8,0.2,rand
DE,ackley,2,219,0.029380772636284025,6630,30,0.8,0.2,rand
DE,ackley,2,220,0.029380772636284025,6660,30,0.8,0.2,rand
DE,ackley,2,221,0.029380772636284025,6690,30,0.8,0.2,rand
DE,ackley,2,222,0.029380772636284025,6720,30,0.8,0.2,rand
DE,ackley,2,223,0.029380772636284025,6750,30,0.8,0.2,rand
DE,ackley,2,224,0.029380772636284025,6780,30,0.8,0.2,rand
DE,ackley,2,225,0.029380772636284025,6810,30,0.8,0.2,rand
DE,ackley,2,226,0.029380772636284025,6840,30,0.8,0.2,rand
DE,ackley,2,227,0.029380772636284025,6870,30,0.8,0.2,rand
DE,ackley,2,228,0.022895073556430834,6900,30,0.8,0.2,rand
DE,ackley,2,229,0.022895073556430834,6930,30,0.8,0.2,rand
DE,ackley,2,230,0.022895073556430834,6960,30,0.8,0.2,rand
DE,ackley,2,231,0.022895073556430834,6990,30,0.8,0.2,rand
DE,ackley,2,232,0.022895073556430834,7020,30,0.8,0.2,rand
DE,ackley,2,233,0.022895073556430834,7050,30,0.8,0.2,rand
DE,ackley,2,234,0.022895073556430834,7080,30,0.8,0.2,rand
DE,ackley,2,235,0.022895073556430834,7110,30,0.8,0.2,rand
DE,ackley,2,236,0.022566908186629764,7140,30,0.8,0.2,rand
DE,ackley,2,237,0.022566908186629764,7170,30,0.8,0.2,rand
DE,ackley,2,238,0.020759022833893415,7200,30,0.8,0.2,rand
DE,ackley,2,239,0.020759022833893415,7230,30,0.8,0.2,rand
DE,ackley,2,240,0.020759022833893415,7260,30,0.8,0.2,rand
DE,ackley,2,241,0.020759022833893415,7290,30,0.8,0.2,rand
DE,ackley,2,242,0.020385026101678694,7320,30,0.8,0.2,rand
DE,ackley,2,243,0.020385026101678694,7350,30,0.8,0.2,rand
DE,ackley,2,244,0.020385026101678694,7380,30,0.8,0.2,rand
DE,ackley,2,245,0.020385026101678694,7410,30,0.8,0.2,rand
DE,ackley,2,246,0.020385026101678694,7440,30,0.8,0.2,rand
DE,ackley,2,247,0.020385026101678694,7470,30,0.8,0.2,rand
DE,ackley,2,248,0.020385026101678694,7500,30,0.8,0.2,rand
DE,ackley,2,249,0.020385026101678694,7530,30,0.8,0.2,rand
DE,ackley,2,250,0.019848652357094654,7560,30,0.8,0.2,rand
DE,ackley,2,251,0.019848652357094654,7590,30,0.8,0.2,rand
DE,ackley,2,252,0.019848652357094654,7620,30,0.8,0.2,rand
DE,ackley,2,253,0.019848652357094654,7650,30,0.8,0.2,rand
DE,ackley,2,254,0.019848652357094654,7680,30,0.8,0.2,rand
DE,ackley,2,255,0.019848652357094654,7710,30,0.8,0.2,rand
DE,ackley,2,256,0.011829942020370243,7740,30,0.8,0.2,rand
DE,ackley,2,257,0.011829942020370243,7770,30,0.8,0.2,rand
DE,ackley,2,258,0.011829942020370243,7800,30,0.8,0.2,rand
DE,ackley,2,259,0.011829942020370243,7830,30,0.8,0.2,rand
DE,ackley,2,260,0.011829942020370243,7860,30,0.8,0.2,rand
DE,ackley,2,261,0.011829942020370243,7890,30,0.8,0.2,rand
DE,ackley,2,262,0.011829942020370243,7920,30,0.8,0.2,rand
DE,ackley,2,263,0.011829942020370243,7950,30,0.8,0.2,rand
DE,ackley,2,264,0.010558254336384909,7980,30,0.8,0.2,rand
DE,ackley,2,265,0.010558254336384909,8010,30,0.8,0.2,rand
DE,ackley,2,266,0.010558254336384909,8040,30,0.8,0.2,rand
DE,ackley,2,267,0.010558254336384909,8070,30,0.8,0.2,rand
DE,ackley,2,268,0.010558254336384909,8100,30,0.8,0.2,rand
DE,ackley,2,269,0.010558254336384909,8130,30,0.8,0.2,rand
DE,ackley,2,270,0.010558254336384909,8160,30,0.8,0.2,rand
DE,ackley,2,271,0.010558254336384909,8190,30,0.8,0.2,rand
DE,ackley,2,272,0.010334418650707722,8220,30,0.8,0.2,rand
DE,ackley,2,273,0.010334418650707722,8250,30,0.8,0.2,rand
DE,ackley,2,274,0.00918749683579323,8280,30,0.8,0.2,rand
DE,ackley,2,275,0.00918749683579323,8310,30,0.8,0.2,rand
DE,ackley,2,276,0.008938524143524251,8340,30,0.8,0.2,rand
DE,ackley,2,277,0.008938524143524251,8370,30,0.8,0.2,rand
DE,ackley,2,278,0.008938524143524251,8400,30,0.8,0.2,rand
DE,ackley,2,279,0.005485918473543183,8430,30,0.8,0.2,rand
DE,ackley,2,280,0.005485918473543183,8460,30,0.8,0.2,rand
DE,ackley,2,281,0.005485918473543183,8490,30,0.8,0.2,rand
DE,ackley,2,282,0.005485918473543183,8520,30,0.8,0.2,rand
DE,ackley,2,283,0.005485918473543183,8550,30,0.8,0.2,rand
DE,ackley,2,284,0.005485918473543183,8580,30,0.8,0.2,rand
DE,ackley,2,285,0.005485918473543183,8610,30,0.8,0.2,rand
DE,ackley,2,286,0.005485918473543183,8640,30,0.8,0.2,rand
DE,ackley,2,287,0.005485918473543183,8670,30,0.8,0.2,rand
DE,ackley,2,288,0.005485918473543183,8700,30,0.8,0.2,rand
DE,ackley,2,289,0.005485918473543183,8730,30,0.8,0.2,rand
DE,ackley,2,290,0.005485918473543183,8760,30,0.8,0.2,rand
DE,ackley,2,291,0.005485918473543183,8790,30,0.8,0.2,rand
DE,ackley,2,292,0.005485918473543183,8820,30,0.8,0.2,rand
DE,ackley,2,293,0.005485918473543183,8850,30,0.8,0.2,rand
DE,ackley,2,294,0.005485918473543183,8880,30,0.8,0.2,rand
DE,ackley,2,295,0.005020061080263094,8910,30,0.8,0.2,rand
DE,ackley,2,296,0.005020061080263094,8940,30,0.8,0.2,rand
DE,ackley,2,297,0.005020061080263094,8970,30,0.8,0.2,rand
DE,ackley,2,298,0.005020061080263094,9000,30,0.8,0.2,rand
DE,ackley,2,299,0.005020061080263094,9030,30,0.8,0.2,rand
DE,ackley,2,300,0.005020061080263094,9060,30,0.8,0.2,rand
DE,ackley,2,301,0.005020061080263094,9090,30,0.8,0.2,rand
DE,ackley,2,302,0.004595993583681679,9120,30,0.8,0.2,rand
DE,ackley,2,303,0.004595993583681679,9150,30,0.8,0.2,rand
DE,ackley,2,304,0.002678578508110707,9180,30,0.8,0.2,rand
DE,ackley,2,305,0.002678578508110707,9210,30,0.8,0.2,rand
DE,ackley,2,306,0.002678578508110707,9240,30,0.8,0.2,rand
DE,ackley,2,307,0.002678578508110707,9270,30,0.8,0.2,rand
DE,ackley,2,308,0.002678578508110707,9300,30,0.8,0.2,rand
DE,ackley,2,309,0.002678578508110707,9330,30,0.8,0.2,rand
DE,ackley,2,310,0.002678578508110707,9360,30,0.8,0.2,rand
DE,ackley,2,311,0.002678578508110707,9390,30,0.8,0.2,rand
DE,ackley,2,312,0.002678578508110707,9420,30,0.8,0.2,rand
DE,ackley,2,313,0.002678578508110707,9450,30,0.8,0.2,rand
DE,ackley,2,314,0.002678578508110707,9480,30,0.8,0.2,rand
DE,ackley,2,315,0.002678578508110707,9510,30,0.8,0.2,rand
DE,ackley,2,316,0.002678578508110707,9540,30,0.8,0.2,rand
DE,ackley,2,317,0.002678578508110707,9570,30,0.8,0.2,rand
DE,ackley,2,318,0.002678578508110707,9600,30,0.8,0.2,rand
DE,ackley,2,319,0.002678578508110707,9630,30,0.8,0.2,rand
DE,ackley,2,320,0.002678578508110707,9660,30,0.8,0.2,rand
DE,ackley,2,321,0.002678578508110707,9690,30,0.8,0.2,rand
DE,ackley,2,322,0.002615369918889332,9720,30,0.8,0.2,rand
DE,ackley,2,323,0.0022853847122275006,9750,30,0.8,0.2,rand
DE,ackley,2,324,0.0022853847122275006,9780,30,0.8,0.2,rand
DE,ackley,2,325,0.0022853847122275006,9810,30,0.8,0.2,rand
DE,ackley,2,326,0.0021216970732997886,9840,30,0.8,0.2,rand
DE,ackley,2,327,0.001940185852941756,9870,30,0.8,0.2,rand
DE,ackley,2,328,0.001940185852941756,9900,30,0.8,0.2,rand
DE,ackley,2,329,0.0018341339684053715,9930,30,0.8,0.2,rand
DE,ackley,2,330,0.0018341339684053715,9960,30,0.8,0.2,rand
DE,ackley,2,331,0.0018341339684053715,9990,30,0.8,0.2,rand
DE,ackley,2,332,0.0018341339684053715,10020,30,0.8,0.2,rand
DE,ackley,2,333,0.00173425176377906,10050,30,0.8,0.2,rand
DE,ackley,2,334,0.0017246787962901244,10080,30,0.8,0.2,rand
DE,ackley,2,335,0.0017246787962901244,10110,30,0.8,0.2,rand
DE,ackley,2,336,0.0016747778536907454,10140,30,0.8,0.2,rand
DE,ackley,2,337,0.0015835712753937692,10170,30,0.8,0.2,rand
DE,ackley,2,338,0.0014100077892327256,10200,30,0.8,0.2,rand
DE,ackley,2,339,0.0014100077892327256,10230,30,0.8,0.2,rand
DE,ackley,2,340,0.0014100077892327256,10260,30,0.8,0.2,rand
DE,ackley,2,341,0.0014100077892327256,10290,30,0.8,0.2,rand
DE,ackley,2,342,0.0014100077892327256,10320,30,0.8,0.2,rand
DE,ackley,2,343,0.0013085168773483424,10350,30,0.8,0.2,rand
DE,ackley,2,344,0.0013085168773483424,10380,30,0.8,0.2,rand
DE,ackley,2,345,0.0013085168773483424,10410,30,0.8,0.2,rand
DE,ackley,2,346,0.001102265817526149,10440,30,0.8,0.2,rand
DE,ackley,2,347,0.001102265817526149,10470,30,0.8,0.2,rand
DE,ackley,2,348,0.001102265817526149,10500,30,0.8,0.2,rand
DE,ackley,2,349,0.0010709532803834243,10530,30,0.8,0.2,rand
DE,ackley,2,350,0.0009244091736460014,10560,30,0.8,0.2,rand
DE,ackley,2,351,0.000781202543845172,10590,30,0.8,0.2,rand
DE,ackley,2,352,0.000781202543845172,10620,30,0.8,0.2,rand
DE,ackley,2,353,0.0004943153376655296,10650,30,0.8,0.2,rand
DE,ackley,2,354,0.0004943153376655296,10680,30,0.8,0.2,rand
DE,ackley,2,355,0.0004943153376655296,10710,30,0.8,0.2,rand
DE,ackley,2,356,0.0004943153376655296,10740,30,0.8,0.2,rand
DE,ackley,2,357,0.0004943153376655296,10770,30,0.8,0.2,rand
DE,ackley,2,358,0.0004943153376655296,10800,30,0.8,0.2,rand
DE,ackley,2,359,0.0004943153376655296,10830,30,0.8,0.2,rand
DE,ackley,2,360,0.0004943153376655296,10860,30,0.8,0.2,rand
DE,ackley,2,361,0.0004943153376655296,10890,30,0.8,0.2,rand
DE,ackley,2,362,0.0004943153376655296,10920,30,0.8,0.2,rand
DE,ackley,2,363,0.0004943153376655296,10950,30,0.8,0.2,rand
DE,ackley,2,364,0.0004943153376655296,10980,30,0.8,0.2,rand
DE,ackley,2,365,0.0004943153376655296,11010,30,0.8,0.2,rand
DE,ackley,2,366,0.0004943153376655296,11040,30,0.8,0.2,rand
DE,ackley,2,367,0.0004721236945859353,11070,30,0.8,0.2,rand
DE,ackley,2,368,0.0004721236945859353,11100,30,0.8,0.2,rand
DE,ackley,2,369,0.0004721236945859353,11130,30,0.8,0.2,rand
DE,ackley,2,370,0.0004721236945859353,11160,30,0.8,0.2,rand
DE,ackley,2,371,0.0004721236945859353,11190,30,0.8,0.2,rand
DE,ackley,2,372,0.0004721236945859353,11220,30,0.8,0.2,rand
DE,ackley,2,373,0.0003766659443802389,11250,30,0.8,0.2,rand
DE,ackley,2,374,0.0003766659443802389,11280,30,0.8,0.2,rand
DE,ackley,2,375,0.000370105589710068,11310,30,0.8,0.2,rand
DE,ackley,2,376,0.000370105589710068,11340,30,0.8,0.2,rand
DE,ackley,2,377,0.000370105589710068,11370,30,0.8,0.2,rand
DE,ackley,2,378,0.0002343874035415361,11400,30,0.8,0.2,rand
DE,ackley,2,379,0.0002343874035415361,11430,30,0.8,0.2,rand
DE,ackley,2,380,0.0002343874035415361,11460,30,0.8,0.2,rand
DE,ackley,2,381,0.0002343874035415361,11490,30,0.8,0.2,rand
DE,ackley,2,382,0.0002343874035415361,11520,30,0.8,0.2,rand
DE,ackley,2,383,0.0002343874035415361,11550,30,0.8,0.2,rand
DE,ackley,2,384,0.0002343874035415361,11580,30,0.8,0.2,rand
DE,ackley,2,385,0.0002343874035415361,11610,30,0.8,0.2,rand
DE,ackley,2,386,0.0002343874035415361,11640,30,0.8,0.2,rand
DE,ackley,2,387,0.0002343874035415361,11670,30,0.8,0.2,rand
DE,ackley,2,388,0.00019638864339599493,11700,30,0.8,0.2,rand
DE,ackley,2,389,0.00019638864339599493,11730,30,0.8,0.2,rand
DE,ackley,2,390,0.00019638864339599493,11760,30,0.8,0.2,rand
DE,ackley,2,391,0.00019638864339599493,11790,30,0.8,0.2,rand
DE,ackley,2,392,0.00014558278154241933,11820,30,0.8,0.2,rand
DE,ackley,2,393,7.269242449270408e-05,11850,30,0.8,0.2,rand
DE,ackley,2,394,7.269242449270408e-05,11880,30,0.8,0.2,rand
DE,ackley,2,395,7.269242449270408e-05,11910,30,0.8,0.2,rand
DE,ackley,2,396,7.269242449270408e-05,11940,30,0.8,0.2,rand
DE,ackley,2,397,7.269242449270408e-05,11970,30,0.8,0.2,rand
DE,ackley,2,398,7.269242449270408e-05,12000,30,0.8,0.2,rand
DE,ackley,2,399,7.269242449270408e-05,12030,30,0.8,0.2,rand
DE,ackley,2,400,7.269242449270408e-05,12060,30,0.8,0.2,rand
DE,ackley,2,401,7.269242449270408e-05,12090,30,0.8,0.2,rand
DE,ackley,2,402,7.269242449270408e-05,12120,30,0.8,0.2,rand
DE,ackley,2,403,7.269242449270408e-05,12150,30,0.8,0.2,rand
DE,ackley,2,404,7.269242449270408e-05,12180,30,0.8,0.2,rand
DE,ackley,2,405,7.269242449270408e-05,12210,30,0.8,0.2,rand
DE,ackley,2,406,7.269242449270408e-05,12240,30,0.8,0.2,rand
DE,ackley,2,407,7.269242449270408e-05,12270,30,0.8,0.2,rand
DE,ackley,2,408,7.269242449270408e-05,12300,30,0.8,0.2,rand
DE,ackley,2,409,7.269242449270408e-05,12330,30,0.8,0.2,rand
DE,ackley,2,410,7.269242449270408e-05,12360,30,0.8,0.2,rand
DE,ackley,2,411,7.269242449270408e-05,12390,30,0.8,0.2,rand
DE,ackley,2,412,7.269242449270408e-05,12420,30,0.8,0.2,rand
DE,ackley,2,413,7.269242449270408e-05,12450,30,0.8,0.2,rand
DE,ackley,2,414,5.71999118013089e-05,12480,30,0.8,0.2,rand
DE,ackley,2,415,5.71999118013089e-05,12510,30,0.8,0.2,rand
DE,ackley,2,416,5.71999118013089e-05,12540,30,0.8,0.2,rand
DE,ackley,2,417,5.71999118013089e-05,12570,30,0.8,0.2,rand
DE,ackley,2,418,5.71999118013089e-05,12600,30,0.8,0.2,rand
DE,ackley,2,419,5.71999118013089e-05,12630,30,0.8,0.2,rand
DE,ackley,2,420,5.71999118013089e-05,12660,30,0.8,0.2,rand
DE,ackley,2,421,5.71999118013089e-05,12690,30,0.8,0.2,rand
DE,ackley,2,422,5.119093837935296e-05,12720,30,0.8,0.2,rand
DE,ackley,2,423,5.119093837935296e-05,12750,30,0.8,0.2,rand
DE,ackley,2,424,5.119093837935296e-05,12780,30,0.8,0.2,rand
DE,ackley,2,425,4.724718051507537e-05,12810,30,0.8,0.2,rand
DE,ackley,2,426,4.724718051507537e-05,12840,30,0.8,0.2,rand
DE,ackley,2,427,4.724718051507537e-05,12870,30,0.8,0.2,rand
DE,ackley,2,428,4.724718051507537e-05,12900,30,0.8,0.2,rand
DE,ackley,2,429,4.724718051507537e-05,12930,30,0.8,0.2,rand
DE,ackley,2,430,3.314316221691982e-05,12960,30,0.8,0.2,rand
DE,ackley,2,431,3.314316221691982e-05,12990,30,0.8,0.2,rand
DE,ackley,2,432,3.314316221691982e-05,13020,30,0.8,0.2,rand
DE,ackley,2,433,3.314316221691982e-05,13050,30,0.8,0.2,rand
DE,ackley,2,434,3.314316221691982e-05,13080,30,0.8,0.2,rand
DE,ackley,2,435,3.314316221691982e-05,13110,30,0.8,0.2,rand
DE,ackley,2,436,3.314316221691982e-05,13140,30,0.8,0.2,rand
DE,ackley,2,437,3.314316221691982e-05,13170,30,0.8,0.2,rand
DE,ackley,2,438,3.314316221691982e-05,13200,30,0.8,0.2,rand
DE,ackley,2,439,3.314316221691982e-05,13230,30,0.8,0.2,rand
DE,ackley,2,440,3.314316221691982e-05,13260,30,0.8,0.2,rand
DE,ackley,2,441,3.314316221691982e-05,13290,30,0.8,0.2,rand
DE,ackley,2,442,2.6193357140602558e-05,13320,30,0.8,0.2,rand
DE,ackley,2,443,2.3436874319049394e-05,13350,30,0.8,0.2,rand
DE,ackley,2,444,2.3436874319049394e-05,13380,30,0.8,0.2,rand
DE,ackley,2,445,2.3436874319049394e-05,13410,30,0.8,0.2,rand
DE,ackley,2,446,2.3436874319049394e-05,13440,30,0.8,0.2,rand
DE,ackley,2,447,2.3436874319049394e-05,13470,30,0.8,0.2,rand
DE,ackley,2,448,2.1695121948273055e-05,13500,30,0.8,0.2,rand
DE,ackley,2,449,2.1695121948273055e-05,13530,30,0.8,0.2,rand
DE,ackley,2,450,2.140861355615087e-05,13560,30,0.8,0.2,rand
DE,ackley,2,451,2.140861355615087e-05,13590,30,0.8,0.2,rand
DE,ackley,2,452,2.140861355615087e-05,13620,30,0.8,0.2,rand
DE,ackley,2,453,1.7792706508590328e-05,13650,30,0.8,0.2,rand
DE,ackley,2,454,1.7792706508590328e-05,13680,30,0.8,0.2,rand
DE,ackley,2,455,1.7792706508590328e-05,13710,30,0.8,0.2,rand
DE,ackley,2,456,1.6253224256690402e-05,13740,30,0.8,0.2,rand
DE,ackley,2,457,1.6253224256690402e-05,13770,30,0.8,0.2,rand
DE,ackley,2,458,1.4294358785083006e-05,13800,30,0.8,0.2,rand
DE,ackley,2,459,1.4294358785083006e-05,13830,30,0.8,0.2,rand
DE,ackley,2,460,1.4294358785083006e-05,13860,30,0.8,0.2,rand
DE,ackley,2,461,1.4294358785083006e-05,13890,30,0.8,0.2,rand
DE,ackley,2,462,1.4294358785083006e-05,13920,30,0.8,0.2,rand
DE,ackley,2,463,1.4294358785083006e-05,13950,30,0.8,0.2,rand
DE,ackley,2,464,1.3567928107693916e-05,13980,30,0.8,0.2,rand
DE,ackley,2,465,1.1867464455139753e-05,14010,30,0.8,0.2,rand
DE,ackley,2,466,1.1867464455139753e-05,14040,30,0.8,0.2,rand
DE,ackley,2,467,8.727476700887138e-06,14070,30,0.8,0.2,rand
DE,ackley,2,468,8.727476700887138e-06,14100,30,0.8,0.2,rand
DE,ackley,2,469,8.727476700887138e-06,14130,30,0.8,0.2,rand
DE,ackley,2,470,8.727476700887138e-06,14160,30,0.8,0.2,rand
DE,ackley,2,471,8.727476700887138e-06,14190,30,0.8,0.2,rand
DE,ackley,2,472,8.727476700887138e-06,14220,30,0.8,0.2,rand
DE,ackley,2,473,8.727476700887138e-06,14250,30,0.8,0.2,rand
DE,ackley,2,474,8.727476700887138e-06,14280,30,0.8,0.2,rand
DE,ackley,2,475,8.727476700887138e-06,14310,30,0.8,0.2,rand
DE,ackley,2,476,8.727476700887138e-06,14340,30,0.8,0.2,rand
DE,ackley,2,477,8.727476700887138e-06,14370,30,0.8,0.2,rand
DE,ackley,2,478,8.727476700887138e-06,14400,30,0.8,0.2,rand
DE,ackley,2,479,8.727476700887138e-06,14430,30,0.8,0.2,rand
DE,ackley,2,480,8.727476700887138e-06,14460,30,0.8,0.2,rand
DE,ackley,2,481,8.317898644083499e-06,14490,30,0.8,0.2,rand
DE,ackley,2,482,8.08756813031053e-06,14520,30,0.8,0.2,rand
DE,ackley,2,483,8.08756813031053e-06,14550,30,0.8,0.2,rand
DE,ackley,2,484,7.729573003434353e-06,14580,30,0.8,0.2,rand
DE,ackley,2,485,7.729573003434353e-06,14610,30,0.8,0.2,rand
DE,ackley,2,486,7.729573003434353e-06,14640,30,0.8,0.2,rand
DE,ackley,2,487,7.729573003434353e-06,14670,30,0.8,0.2,rand
DE,ackley,2,488,7.347390490242134e-06,14700,30,0.8,0.2,rand
DE,ackley,2,489,6.866107068237426e-06,14730,30,0.8,0.2,rand
DE,ackley,2,490,6.866107068237426e-06,14760,30,0.8,0.2,rand
DE,ackley,2,491,6.866107068237426e-06,14790,30,0.8,0.2,rand
DE,ackley,2,492,5.1288460771736766e-06,14820,30,0.8,0.2,rand
DE,ackley,2,493,5.1288460771736766e-06,14850,30,0.8,0.2,rand
DE,ackley,2,494,5.1288460771736766e-06,14880,30,0.8,0.2,rand
DE,ackley,2,495,5.1288460771736766e-06,14910,30,0.8,0.2,rand
DE,ackley,2,496,5.1288460771736766e-06,14940,30,0.8,0.2,rand
DE,ackley,2,497,5.1288460771736766e-06,14970,30,0.8,0.2,rand
DE,ackley,2,498,5.1288460771736766e-06,15000,30,0.8,0.2,rand
DE,ackley,2,499,5.1288460771736766e-06,15030,30,0.8,0.2,rand
DE,ackley,2,500,5.1288460771736766e-06,15060,30,0.8,0.2,rand
DE,ackley,2,501,4.5287622474354805e-06,15090,30,0.8,0.2,rand
DE,ackley,2,502,3.399725415409449e-06,15120,30,0.8,0.2,rand
DE,ackley,2,503,3.399725415409449e-06,15150,30,0.8,0.2,rand
DE,ackley,2,504,3.3686413769551393e-06,15180,30,0.8,0.2,rand
DE,ackley,2,505,2.9937852663586284e-06,15210,30,0.8,0.2,rand
DE,ackley,2,506,2.9937852663586284e-06,15240,30,0.8,0.2,rand
DE,ackley,2,507,2.9937852663586284e-06,15270,30,0.8,0.2,rand
DE,ackley,2,508,2.9937852663586284e-06,15300,30,0.8,0.2,rand
DE,ackley,2,509,2.9937852663586284e-06,15330,30,0.8,0.2,rand
DE,ackley,2,510,2.9937852663586284e-06,15360,30,0.8,0.2,rand
DE,ackley,2,511,2.9937852663586284e-06,15390,30,0.8,0.2,rand
DE,ackley,2,512,2.9937852663586284e-06,15420,30,0.8,0.2,rand
DE,ackley,2,513,2.908373577970025e-06,15450,30,0.8,0.2,rand
DE,ackley,2,514,2.908373577970025e-06,15480,30,0.8,0.2,rand
DE,ackley,2,515,2.8800379934246223e-06,15510,30,0.8,0.2,rand
DE,ackley,2,516,2.756053750108123e-06,15540,30,0.8,0.2,rand
DE,ackley,2,517,1.889619394734865e-06,15570,30,0.8,0.2,rand
DE,ackley,2,518,1.889619394734865e-06,15600,30,0.8,0.2,rand
DE,ackley,2,519,1.889619394734865e-06,15630,30,0.8,0.2,rand
DE,ackley,2,520,1.889619394734865e-06,15660,30,0.8,0.2,rand
DE,ackley,2,521,1.645961223761816e-06,15690,30,0.8,0.2,rand
DE,ackley,2,522,1.645961223761816e-06,15720,30,0.8,0.2,rand
DE,ackley,2,523,1.645961223761816e-06,15750,30,0.8,0.2,rand
DE,ackley,2,524,1.4703127360071733e-06,15780,30,0.8,0.2,rand
DE,ackley,2,525,1.4703127360071733e-06,15810,30,0.8,0.2,rand
DE,ackley,2,526,1.4703127360071733e-06,15840,30,0.8,0.2,rand
DE,ackley,2,527,1.4703127360071733e-06,15870,30,0.8,0.2,rand
DE,ackley,2,528,1.4703127360071733e-06,15900,30,0.8,0.2,rand
DE,ackley,2,529,1.4703127360071733e-06,15930,30,0.8,0.2,rand
DE,ackley,2,530,1.4703127360071733e-06,15960,30,0.8,0.2,rand
DE,ackley,2,531,1.4703127360071733e-06,15990,30,0.8,0.2,rand
DE,ackley,2,532,1.4703127360071733e-06,16020,30,0.8,0.2,rand
DE,ackley,2,533,1.244339831618646e-06,16050,30,0.8,0.2,rand
DE,ackley,2,534,1.244339831618646e-06,16080,30,0.8,0.2,rand
DE,ackley,2,535,1.244339831618646e-06,16110,30,0.8,0.2,rand
DE,ackley,2,536,1.244339831618646e-06,16140,30,0.8,0.2,rand
DE,ackley,2,537,1.0006792519057228e-06,16170,30,0.8,0.2,rand
DE,ackley,2,538,1.0006792519057228e-06,16200,30,0.8,0.2,rand
DE,ackley,2,539,1.0006792519057228e-06,16230,30,0.8,0.2,rand
DE,ackley,2,540,1.0006792519057228e-06,16260,30,0.8,0.2,rand
DE,ackley,2,541,1.0006792519057228e-06,16290,30,0.8,0.2,rand
DE,ackley,2,542,1.0006792519057228e-06,16320,30,0.8,0.2,rand
DE,ackley,2,543,9.612345412968182e-07,16350,30,0.8,0.2,rand
DE,ackley,2,544,9.612345412968182e-07,16380,30,0.8,0.2,rand
DE,ackley,2,545,7.941661910315645e-07,16410,30,0.8,0.2,rand
DE,ackley,2,546,7.54804965641398e-07,16440,30,0.8,0.2,rand
DE,ackley,2,547,7.54804965641398e-07,16470,30,0.8,0.2,rand
DE,ackley,2,548,7.54804965641398e-07,16500,30,0.8,0.2,rand
DE,ackley,2,549,7.54804965641398e-07,16530,30,0.8,0.2,rand
DE,ackley,2,550,7.54804965641398e-07,16560,30,0.8,0.2,rand
DE,ackley,2,551,7.54804965641398e-07,16590,30,0.8,0.2,rand
DE,ackley,2,552,5.279487642617653e-07,16620,30,0.8,0.2,rand
DE,ackley,2,553,5.279487642617653e-07,16650,30,0.8,0.2,rand
DE,ackley,2,554,5.279487642617653e-07,16680,30,0.8,0.2,rand
DE,ackley,2,555,5.279487642617653e-07,16710,30,0.8,0.2,rand
DE,ackley,2,556,5.279487642617653e-07,16740,30,0.8,0.2,rand
DE,ackley,2,557,5.279487642617653e-07,16770,30,0.8,0.2,rand
DE,ackley,2,558,5.279487642617653e-07,16800,30,0.8,0.2,rand
DE,ackley,2,559,5.279487642617653e-07,16830,30,0.8,0.2,rand
DE,ackley,2,560,5.279487642617653e-07,16860,30,0.8,0.2,rand
DE,ackley,2,561,5.279487642617653e-07,16890,30,0.8,0.2,rand
DE,ackley,2,562,5.279487642617653e-07,16920,30,0.8,0.2,rand
DE,ackley,2,563,5.279487642617653e-07,16950,30,0.8,0.2,rand
DE,ackley,2,564,5.11176569961691e-07,16980,30,0.8,0.2,rand
DE,ackley,2,565,5.11176569961691e-07,17010,30,0.8,0.2,rand
DE,ackley,2,566,4.6269368469964434e-07,17040,30,0.8,0.2,rand
DE,ackley,2,567,4.6269368469964434e-07,17070,30,0.8,0.2,rand
DE,ackley,2,568,4.6269368469964434e-07,17100,30,0.8,0.2,rand
DE,ackley,2,569,4.6269368469964434e-07,17130,30,0.8,0.2,rand
DE,ackley,2,570,3.778143917720911e-07,17160,30,0.8,0.2,rand
DE,ackley,2,571,3.778143917720911e-07,17190,30,0.8,0.2,rand
DE,ackley,2,572,3.778143917720911e-07,17220,30,0.8,0.2,rand
DE,ackley,2,573,3.778143917720911e-07,17250,30,0.8,0.2,rand
DE,ackley,2,574,3.778143917720911e-07,17280,30,0.8,0.2,rand
DE,ackley,2,575,3.754508743902818e-07,17310,30,0.8,0.2,rand
DE,ackley,2,576,3.0036676479383573e-07,17340,30,0.8,0.2,rand
DE,ackley,2,577,3.0036676479383573e-07,17370,30,0.8,0.2,rand
DE,ackley,2,578,3.0036676479383573e-07,17400,30,0.8,0.2,rand
DE,ackley,2,579,2.792571476284422e-07,17430,30,0.8,0.2,rand
DE,ackley,2,580,2.792571476284422e-07,17460,30,0.8,0.2,rand
DE,ackley,2,581,2.792571476284422e-07,17490,30,0.8,0.2,rand
DE,ackley,2,582,2.792571476284422e-07,17520,30,0.8,0.2,rand
DE,ackley,2,583,2.792571476284422e-07,17550,30,0.8,0.2,rand
DE,ackley,2,584,2.792571476284422e-07,17580,30,0.8,0.2,rand
DE,ackley,2,585,2.792571476284422e-07,17610,30,0.8,0.2,rand
DE,ackley,2,586,2.792571476284422e-07,17640,30,0.8,0.2,rand
DE,ackley,2,587,2.792571476284422e-07,17670,30,0.8,0.2,rand
DE,ackley,2,588,2.593621251101297e-07,17700,30,0.8,0.2,rand
DE,ackley,2,589,2.3172304652874232e-07,17730,30,0.8,0.2,rand
DE,ackley,2,590,2.3172304652874232e-07,17760,30,0.8,0.2,rand
DE,ackley,2,591,2.2762181872693077e-07,17790,30,0.8,0.2,rand
DE,ackley,2,592,2.0496197494779267e-07,17820,30,0.8,0.2,rand
DE,ackley,2,593,2.0496197494779267e-07,17850,30,0.8,0.2,rand
DE,ackley,2,594,2.0496197494779267e-07,17880,30,0.8,0.2,rand
DE,ackley,2,595,1.8978865101715314e-07,17910,30,0.8,0.2,rand
DE,ackley,2,596,1.8978865101715314e-07,17940,30,0.8,0.2,rand
DE,ackley,2,597,1.8978865101715314e-07,17970,30,0.8,0.2,rand
DE,ackley,2,598,1.8978865101715314e-07,18000,30,0.8,0.2,rand
DE,ackley,2,599,1.8623516639948434e-07,18030,30,0.8,0.2,rand
DE,ackley,2,600,1.8623516639948434e-07,18060,30,0.8,0.2,rand
DE,ackley,2,601,1.7665991736137698e-07,18090,30,0.8,0.2,rand
DE,ackley,2,602,1.7665991736137698e-07,18120,30,0.8,0.2,rand
DE,ackley,2,603,1.6303328509437165e-07,18150,30,0.8,0.2,rand
DE,ackley,2,604,1.3064105575111284e-07,18180,30,0.8,0.2,rand
DE,ackley,2,605,1.3064105575111284e-07,18210,30,0.8,0.2,rand
DE,ackley,2,606,1.3064105575111284e-07,18240,30,0.8,0.2,rand
DE,ackley,2,607,1.3064105575111284e-07,18270,30,0.8,0.2,rand
DE,ackley,2,608,1.3064105575111284e-07,18300,30,0.8,0.2,rand
DE,ackley,2,609,1.1301073898906111e-07,18330,30,0.8,0.2,rand
DE,ackley,2,610,1.1301073898906111e-07,18360,30,0.8,0.2,rand
DE,ackley,2,611,1.1301073898906111e-07,18390,30,0.8,0.2,rand
DE,ackley,2,612,1.1301073898906111e-07,18420,30,0.8,0.2,rand
DE,ackley,2,613,1.1301073898906111e-07,18450,30,0.8,0.2,rand
DE,ackley,2,614,1.1301073898906111e-07,18480,30,0.8,0.2,rand
DE,ackley,2,615,1.1301073898906111e-07,18510,30,0.8,0.2,rand
DE,ackley,2,616,1.1301073898906111e-07,18540,30,0.8,0.2,rand
DE,ackley,2,617,1.1301073898906111e-07,18570,30,0.8,0.2,rand
DE,ackley,2,618,1.1048619485976019e-07,18600,30,0.8,0.2,rand
DE,ackley,2,619,1.1048619485976019e-07,18630,30,0.8,0.2,rand
DE,ackley,2,620,9.812888324134406e-08,18660,30,0.8,0.2,rand
DE,ackley,2,621,9.812888324134406e-08,18690,30,0.8,0.2,rand
DE,ackley,2,622,8.520560301761293e-08,18720,30,0.8,0.2,rand
DE,ackley,2,623,8.520560301761293e-08,18750,30,0.8,0.2,rand
DE,ackley,2,624,6.455855272591293e-08,18780,30,0.8,0.2,rand
DE,ackley,2,625,6.455855272591293e-08,18810,30,0.8,0.2,rand
DE,ackley,2,626,6.455855272591293e-08,18840,30,0.8,0.2,rand
DE,ackley,2,627,6.455855272591293e-08,18870,30,0.8,0.2,rand
DE,ackley,2,628,6.455855272591293e-08,18900,30,0.8,0.2,rand
DE,ackley,2,629,6.455855272591293e-08,18930,30,0.8,0.2,rand
DE,ackley,2,630,4.714518953008451e-08,18960,30,0.8,0.2,rand
DE,ackley,2,631,4.714518953008451e-08,18990,30,0.8,0.2,rand
DE,ackley,2,632,4.714518953008451e-08,19020,30,0.8,0.2,rand
DE,ackley,2,633,4.714518953008451e-08,19050,30,0.8,0.2,rand
DE,ackley,2,634,4.714518953008451e-08,19080,30,0.8,0.2,rand
DE,ackley,2,635,4.714518953008451e-08,19110,30,0.8,0.2,rand
DE,ackley,2,636,4.714518953008451e-08,19140,30,0.8,0.2,rand
DE,ackley,2,637,4.714518953008451e-08,19170,30,0.8,0.2,rand
DE,ackley,2,638,4.714518953008451e-08,19200,30,0.8,0.2,rand
DE,ackley,2,639,4.714518953008451e-08,19230,30,0.8,0.2,rand
DE,ackley,2,640,4.714518953008451e-08,19260,30,0.8,0.2,rand
DE,ackley,2,641,4.512216777996514e-08,19290,30,0.8,0.2,rand
DE,ackley,2,642,4.436248746131355e-08,19320,30,0.8,0.2,rand
DE,ackley,2,643,4.436248746131355e-08,19350,30,0.8,0.2,rand
DE,ackley,2,644,4.0318842042808e-08,19380,30,0.8,0.2,rand
DE,ackley,2,645,4.0318842042808e-08,19410,30,0.8,0.2,rand
DE,ackley,2,646,3.984110152899234e-08,19440,30,0.8,0.2,rand
DE,ackley,2,647,3.4865035747344564e-08,19470,30,0.8,0.2,rand
DE,ackley,2,648,3.4865035747344564e-08,19500,30,0.8,0.2,rand
DE,ackley,2,649,3.4865035747344564e-08,19530,30,0.8,0.2,rand
DE,ackley,2,650,3.4865035747344564e-08,19560,30,0.8,0.2,rand
DE,ackley,2,651,3.4865035747344564e-08,19590,30,0.8,0.2,rand
DE,ackley,2,652,3.473445220336657e-08,19620,30,0.8,0.2,rand
DE,ackley,2,653,3.473445220336657e-08,19650,30,0.8,0.2,rand
DE,ackley,2,654,3.473445220336657e-08,19680,30,0.8,0.2,rand
DE,ackley,2,655,2.6983507428468556e-08,19710,30,0.8,0.2,rand
DE,ackley,2,656,2.6983507428468556e-08,19740,30,0.8,0.2,rand
DE,ackley,2,657,2.6983507428468556e-08,19770,30,0.8,0.2,rand
DE,ackley,2,658,2.6983507428468556e-08,19800,30,0.8,0.2,rand
DE,ackley,2,659,2.6983507428468556e-08,19830,30,0.8,0.2,rand
DE,ackley,2,660,2.5349294663357114e-08,19860,30,0.8,0.2,rand
DE,ackley,2,661,1.9652504068545795e-08,19890,30,0.8,0.2,rand
DE,ackley,2,662,1.9652504068545795e-08,19920,30,0.8,0.2,rand
DE,ackley,2,663,1.9652504068545795e-08,19950,30,0.8,0.2,rand
DE,ackley,2,664,1.9652504068545795e-08,19980,30,0.8,0.2,rand
DE,ackley,2,665,1.9652504068545795e-08,20010,30,0.8,0.2,rand
DE,ackley,2,666,1.9652504068545795e-08,20040,30,0.8,0.2,rand
DE,ackley,2,667,1.9652504068545795e-08,20070,30,0.8,0.2,rand
DE,ackley,2,668,1.79121184551434e-08,20100,30,0.8,0.2,rand
DE,ackley,2,669,1.79121184551434e-08,20130,30,0.8,0.2,rand
DE,ackley,2,670,1.79121184551434e-08,20160,30,0.8,0.2,rand
DE,ackley,2,671,1.79121184551434e-08,20190,30,0.8,0.2,rand
DE,ackley,2,672,1.79121184551434e-08,20220,30,0.8,0.2,rand
DE,ackley,2,673,1.6165217164854084e-08,20250,30,0.8,0.2,rand
DE,ackley,2,674,1.6165217164854084e-08,20280,30,0.8,0.2,rand
DE,ackley,2,675,1.6165217164854084e-08,20310,30,0.8,0.2,rand
DE,ackley,2,676,1.6165217164854084e-08,20340,30,0.8,0.2,rand
DE,ackley,2,677,1.6165217164854084e-08,20370,30,0.8,0.2,rand
DE,ackley,2,678,1.6165217164854084e-08,20400,30,0.8,0.2,rand
DE,ackley,2,679,1.6165217164854084e-08,20430,30,0.8,0.2,rand
DE,ackley,2,680,1.015129003079096e-08,20460,30,0.8,0.2,rand
DE,ackley,2,681,1.015129003079096e-08,20490,30,0.8,0.2,rand
DE,ackley,2,682,1.015129003079096e-08,20520,30,0.8,0.2,rand
DE,ackley,2,683,1.015129003079096e-08,20550,30,0.8,0.2,rand
DE,ackley,2,684,1.015129003079096e-08,20580,30,0.8,0.2,rand
DE,ackley,2,685,1.015129003079096e-08,20610,30,0.8,0.2,rand
DE,ackley,2,686,9.162850478361406e-09,20640,30,0.8,0.2,rand
DE,ackley,2,687,9.162850478361406e-09,20670,30,0.8,0.2,rand
DE,ackley,2,688,9.162850478361406e-09,20700,30,0.8,0.2,rand
DE,ackley,2,689,9.162850478361406e-09,20730,30,0.8,0.2,rand
DE,ackley,2,690,9.162850478361406e-09,20760,30,0.8,0.2,rand
DE,ackley,2,691,7.241034882810027e-09,20790,30,0.8,0.2,rand
DE,ackley,2,692,7.241034882810027e-09,20820,30,0.8,0.2,rand
DE,ackley,2,693,7.241034882810027e-09,20850,30,0.8,0.2,rand
DE,ackley,2,694,7.241034882810027e-09,20880,30,0.8,0.2,rand
DE,ackley,2,695,7.241034882810027e-09,20910,30,0.8,0.2,rand
DE,ackley,2,696,7.241034882810027e-09,20940,30,0.8,0.2,rand
DE,ackley,2,697,7.241034882810027e-09,20970,30,0.8,0.2,rand
DE,ackley,2,698,6.147360398500723e-09,21000,30,0.8,0.2,rand
DE,ackley,2,699,6.147360398500723e-09,21030,30,0.8,0.2,rand
DE,ackley,2,700,6.147360398500723e-09,21060,30,0.8,0.2,rand
DE,ackley,2,701,6.147360398500723e-09,21090,30,0.8,0.2,rand
DE,ackley,2,702,6.147360398500723e-09,21120,30,0.8,0.2,rand
DE,ackley,2,703,6.147360398500723e-09,21150,30,0.8,0.2,rand
DE,ackley,2,704,6.147360398500723e-09,21180,30,0.8,0.2,rand
DE,ackley,2,705,6.147360398500723e-09,21210,30,0.8,0.2,rand
DE,ackley,2,706,6.147360398500723e-09,21240,30,0.8,0.2,rand
DE,ackley,2,707,5.214058962366153e-09,21270,30,0.8,0.2,rand
DE,ackley,2,708,5.214058962366153e-09,21300,30,0.8,0.2,rand
DE,ackley,2,709,5.214058962366153e-09,21330,30,0.8,0.2,rand
DE,ackley,2,710,4.106479156718024e-09,21360,30,0.8,0.2,rand
DE,ackley,2,711,3.725145081290293e-09,21390,30,0.8,0.2,rand
DE,ackley,2,712,3.725145081290293e-09,21420,30,0.8,0.2,rand
DE,ackley,2,713,3.725145081290293e-09,21450,30,0.8,0.2,rand
DE,ackley,2,714,3.725145081290293e-09,21480,30,0.8,0.2,rand
DE,ackley,2,715,3.725145081290293e-09,21510,30,0.8,0.2,rand
DE,ackley,2,716,3.4314457941775345e-09,21540,30,0.8,0.2,rand
DE,ackley,2,717,3.4093479150953954e-09,21570,30,0.8,0.2,rand
DE,ackley,2,718,3.4093479150953954e-09,21600,30,0.8,0.2,rand
DE,ackley,2,719,3.4093479150953954e-09,21630,30,0.8,0.2,rand
DE,ackley,2,720,3.4093479150953954e-09,21660,30,0.8,0.2,rand
DE,ackley,2,721,3.335611342691891e-09,21690,30,0.8,0.2,rand
DE,ackley,2,722,3.335611342691891e-09,21720,30,0.8,0.2,rand
DE,ackley,2,723,3.060506958973974e-09,21750,30,0.8,0.2,rand
DE,ackley,2,724,3.060506958973974e-09,21780,30,0.8,0.2,rand
DE,ackley,2,725,3.060506958973974e-09,21810,30,0.8,0.2,rand
DE,ackley,2,726,3.060506958973974e-09,21840,30,0.8,0.2,rand
DE,ackley,2,727,2.7388904477732012e-09,21870,30,0.8,0.2,rand
DE,ackley,2,728,2.7388904477732012e-09,21900,30,0.8,0.2,rand
DE,ackley,2,729,2.7388904477732012e-09,21930,30,0.8,0.2,rand
DE,ackley,2,730,2.2502502083909803e-09,21960,30,0.8,0.2,rand
DE,ackley,2,731,2.174197266668898e-09,21990,30,0.8,0.2,rand
DE,ackley,2,732,1.7054913037384267e-09,22020,30,0.8,0.2,rand
DE,ackley,2,733,1.7054913037384267e-09,22050,30,0.8,0.2,rand
DE,ackley,2,734,1.7054913037384267e-09,22080,30,0.8,0.2,rand
DE,ackley,2,735,1.7054913037384267e-09,22110,30,0.8,0.2,rand
DE,ackley,2,736,1.7054913037384267e-09,22140,30,0.8,0.2,rand
DE,ackley,2,737,1.7054913037384267e-09,22170,30,0.8,0.2,rand
DE,ackley,2,738,1.7054913037384267e-09,22200,30,0.8,0.2,rand
DE,ackley,2,739,1.7054913037384267e-09,22230,30,0.8,0.2,rand
DE,ackley,2,740,1.7054913037384267e-09,22260,30,0.8,0.2,rand
DE,ackley,2,741,9.263918521185133e-10,22290,30,0.8,0.2,rand
DE,ackley,2,742,9.263918521185133e-10,22320,30,0.8,0.2,rand
DE,ackley,2,743,9.263918521185133e-10,22350,30,0.8,0.2,rand
DE,ackley,2,744,9.263918521185133e-10,22380,30,0.8,0.2,rand
DE,ackley,2,745,9.263918521185133e-10,22410,30,0.8,0.2,rand
DE,ackley,2,746,9.263918521185133e-10,22440,30,0.8,0.2,rand
DE,ackley,2,747,9.263918521185133e-10,22470,30,0.8,0.2,rand
DE,ackley,2,748,9.263918521185133e-10,22500,30,0.8,0.2,rand
DE,ackley,2,749,9.263918521185133e-10,22530,30,0.8,0.2,rand
DE,ackley,2,750,7.264948642671243e-10,22560,30,0.8,0.2,rand
DE,ackley,2,751,7.264948642671243e-10,22590,30,0.8,0.2,rand
DE,ackley,2,752,7.264948642671243e-10,22620,30,0.8,0.2,rand
DE,ackley,2,753,7.264948642671243e-10,22650,30,0.8,0.2,rand
DE,ackley,2,754,7.264948642671243e-10,22680,30,0.8,0.2,rand
DE,ackley,2,755,7.264948642671243e-10,22710,30,0.8,0.2,rand
DE,ackley,2,756,7.264948642671243e-10,22740,30,0.8,0.2,rand
DE,ackley,2,757,7.264948642671243e-10,22770,30,0.8,0.2,rand
DE,ackley,2,758,7.264948642671243e-10,22800,30,0.8,0.2,rand
DE,ackley,2,759,7.264948642671243e-10,22830,30,0.8,0.2,rand
DE,ackley,2,760,7.264948642671243e-10,22860,30,0.8,0.2,rand
DE,ackley,2,761,7.264948642671243e-10,22890,30,0.8,0.2,rand
DE,ackley,2,762,7.264948642671243e-10,22920,30,0.8,0.2,rand
DE,ackley,2,763,5.460916163713136e-10,22950,30,0.8,0.2,rand
DE,ackley,2,764,5.460916163713136e-10,22980,30,0.8,0.2,rand
DE,ackley,2,765,5.460916163713136e-10,23010,30,0.8,0.2,rand
DE,ackley,2,766,5.460916163713136e-10,23040,30,0.8,0.2,rand
DE,ackley,2,767,5.460916163713136e-10,23070,30,0.8,0.2,rand
DE,ackley,2,768,4.569398193154939e-10,23100,30,0.8,0.2,rand
DE,ackley,2,769,4.569398193154939e-10,23130,30,0.8,0.2,rand
DE,ackley,2,770,4.569398193154939e-10,23160,30,0.8,0.2,rand
DE,ackley,2,771,4.569398193154939e-10,23190,30,0.8,0.2,rand
DE,ackley,2,772,4.569398193154939e-10,23220,30,0.8,0.2,rand
DE,ackley,2,773,4.569398193154939e-10,23250,30,0.8,0.2,rand
DE,ackley,2,774,4.569398193154939e-10,23280,30,0.8,0.2,rand
DE,ackley,2,775,4.115716656372115e-10,23310,30,0.8,0.2,rand
DE,ackley,2,776,4.115716656372115e-10,23340,30,0.8,0.2,rand
DE,ackley,2,777,4.115716656372115e-10,23370,30,0.8,0.2,rand
DE,ackley,2,778,4.115716656372115e-10,23400,30,0.8,0.2,rand
DE,ackley,2,779,4.115716656372115e-10,23430,30,0.8,0.2,rand
DE,ackley,2,780,4.115716656372115e-10,23460,30,0.8,0.2,rand
DE,ackley,2,781,4.115396912141023e-10,23490,30,0.8,0.2,rand
DE,ackley,2,782,4.115396912141023e-10,23520,30,0.8,0.2,rand
DE,ackley,2,783,3.584799124212168e-10,23550,30,0.8,0.2,rand
DE,ackley,2,784,3.584799124212168e-10,23580,30,0.8,0.2,rand
DE,ackley,2,785,3.584799124212168e-10,23610,30,0.8,0.2,rand
DE,ackley,2,786,3.514704083329434e-10,23640,30,0.8,0.2,rand
DE,ackley,2,787,3.5020208954961163e-10,23670,30,0.8,0.2,rand
DE,ackley,2,788,3.251696689687833e-10,23700,30,0.8,0.2,rand
DE,ackley,2,789,2.683937516678725e-10,23730,30,0.8,0.2,rand
DE,ackley,2,790,2.683937516678725e-10,23760,30,0.8,0.2,rand
DE,ackley,2,791,2.683937516678725e-10,23790,30,0.8,0.2,rand
DE,ackley,2,792,2.683937516678725e-10,23820,30,0.8,0.2,rand
DE,ackley,2,793,2.683937516678725e-10,23850,30,0.8,0.2,rand
DE,ackley,2,794,2.2321744452824532e-10,23880,30,0.8,0.2,rand
DE,ackley,2,795,2.2321744452824532e-10,23910,30,0.8,0.2,rand
DE,ackley,2,796,2.2321744452824532e-10,23940,30,0.8,0.2,rand
DE,ackley,2,797,2.2321744452824532e-10,23970,30,0.8,0.2,rand
DE,ackley,2,798,2.231321793999541e-10,24000,30,0.8,0.2,rand
DE,ackley,2,799,2.2131674271008706e-10,24030,30,0.8,0.2,rand
DE,ackley,2,800,2.2131674271008706e-10,24060,30,0.8,0.2,rand
DE,ackley,2,801,2.20837126363449e-10,24090,30,0.8,0.2,rand
DE,ackley,2,802,2.20837126363449e-10,24120,30,0.8,0.2,rand
DE,ackley,2,803,2.20837126363449e-10,24150,30,0.8,0.2,rand
DE,ackley,2,804,2.20837126363449e-10,24180,30,0.8,0.2,rand
DE,ackley,2,805,2.031588230977377e-10,24210,30,0.8,0.2,rand
DE,ackley,2,806,1.8506129961792794e-10,24240,30,0.8,0.2,rand
DE,ackley,2,807,1.3341905358288386e-10,24270,30,0.8,0.2,rand
DE,ackley,2,808,1.3341905358288386e-10,24300,30,0.8,0.2,rand
DE,ackley,2,809,1.3341905358288386e-10,24330,30,0.8,0.2,rand
DE,ackley,2,810,1.3341905358288386e-10,24360,30,0.8,0.2,rand
DE,ackley,2,811,1.3341905358288386e-10,24390,30,0.8,0.2,rand
DE,ackley,2,812,1.1321477089154541e-10,24420,30,0.8,0.2,rand
DE,ackley,2,813,1.1321477089154541e-10,24450,30,0.8,0.2,rand
DE,ackley,2,814,1.1321477089154541e-10,24480,30,0.8,0.2,rand
DE,ackley,2,815,1.1321477089154541e-10,24510,30,0.8,0.2,rand
DE,ackley,2,816,1.1321477089154541e-10,24540,30,0.8,0.2,rand
DE,ackley,2,817,1.1321477089154541e-10,24570,30,0.8,0.2,rand
DE,ackley,2,818,1.1321477089154541e-10,24600,30,0.8,0.2,rand
DE,ackley,2,819,1.1321477089154541e-10,24630,30,0.8,0.2,rand
DE,ackley,2,820,1.0231149261130668e-10,24660,30,0.8,0.2,rand
DE,ackley,2,821,1.0040368536579081e-10,24690,30,0.8,0.2,rand
DE,ackley,2,822,1.0040368536579081e-10,24720,30,0.8,0.2,rand
DE,ackley,2,823,9.889022933862179e-11,24750,30,0.8,0.2,rand
DE,ackley,2,824,9.889022933862179e-11,24780,30,0.8,0.2,rand
DE,ackley,2,825,9.889022933862179e-11,24810,30,0.8,0.2,rand
DE,ackley,2,826,9.889022933862179e-11,24840,30,0.8,0.2,rand
DE,ackley,2,827,9.889022933862179e-11,24870,30,0.8,0.2,rand
DE,ackley,2,828,8.098810511114607e-11,24900,30,0.8,0.2,rand
DE,ackley,2,829,8.098810511114607e-11,24930,30,0.8,0.2,rand
DE,ackley,2,830,8.098810511114607e-11,24960,30,0.8,0.2,rand
DE,ackley,2,831,8.059375389279921e-11,24990,30,0.8,0.2,rand
DE,ackley,2,832,8.059375389279921e-11,25020,30,0.8,0.2,rand
DE,ackley,2,833,5.2157833607680004e-11,25050,30,0.8,0.2,rand
DE,ackley,2,834,5.2157833607680004e-11,25080,30,0.8,0.2,rand
DE,ackley,2,835,5.2157833607680004e-11,25110,30,0.8,0.2,rand
DE,ackley,2,836,5.2157833607680004e-11,25140,30,0.8,0.2,rand
DE,ackley,2,837,5.2157833607680004e-11,25170,30,0.8,0.2,rand
DE,ackley,2,838,5.2157833607680004e-11,25200,30,0.8,0.2,rand
DE,ackley,2,839,5.2157833607680004e-11,25230,30,0.8,0.2,rand
DE,ackley,2,840,5.2157833607680004e-11,25260,30,0.8,0.2,rand
DE,ackley,2,841,4.3943959582293246e-11,25290,30,0.8,0.2,rand
DE,ackley,2,842,4.3943959582293246e-11,25320,30,0.8,0.2,rand
DE,ackley,2,843,4.3943959582293246e-11,25350,30,0.8,0.2,rand
DE,ackley,2,844,4.3943959582293246e-11,25380,30,0.8,0.2,rand
DE,ackley,2,845,4.3943959582293246e-11,25410,30,0.8,0.2,rand
DE,ackley,2,846,4.3943959582293246e-11,25440,30,0.8,0.2,rand
DE,ackley,2,847,4.3943959582293246e-11,25470,30,0.8,0.2,rand
DE,ackley,2,848,4.028111177944993e-11,25500,30,0.8,0.2,rand
DE,ackley,2,849,4.028111177944993e-11,25530,30,0.8,0.2,rand
DE,ackley,2,850,4.028111177944993e-11,25560,30,0.8,0.2,rand
DE,ackley,2,851,3.640510115587858e-11,25590,30,0.8,0.2,rand
DE,ackley,2,852,2.8702817900239097e-11,25620,30,0.8,0.2,rand
DE,ackley,2,853,2.8702817900239097e-11,25650,30,0.8,0.2,rand
DE,ackley,2,854,2.4375612639460087e-11,25680,30,0.8,0.2,rand
DE,ackley,2,855,2.4375612639460087e-11,25710,30,0.8,0.2,rand
DE,ackley,2,856,2.4375612639460087e-11,25740,30,0.8,0.2,rand
DE,ackley,2,857,2.4375612639460087e-11,25770,30,0.8,0.2,rand
DE,ackley,2,858,2.4375612639460087e-11,25800,30,0.8,0.2,rand
DE,ackley,2,859,2.4375612639460087e-11,25830,30,0.8,0.2,rand
DE,ackley,2,860,2.4375612639460087e-11,25860,30,0.8,0.2,rand
DE,ackley,2,861,2.4375612639460087e-11,25890,30,0.8,0.2,rand
DE,ackley,2,862,2.4375612639460087e-11,25920,30,0.8,0.2,rand
DE,ackley,2,863,2.4375612639460087e-11,25950,30,0.8,0.2,rand
DE,ackley,2,864,2.4375612639460087e-11,25980,30,0.8,0.2,rand
DE,ackley,2,865,2.4375612639460087e-11,26010,30,0.8,0.2,rand
DE,ackley,2,866,2.4375612639460087e-11,26040,30,0.8,0.2,rand
DE,ackley,2,867,2.4375612639460087e-11,26070,30,0.8,0.2,rand
DE,ackley,2,868,2.4375612639460087e-11,26100,30,0.8,0.2,rand
DE,ackley,2,869,2.3277824112710732e-11,26130,30,0.8,0.2,rand
DE,ackley,2,870,2.199529447466375e-11,26160,30,0.8,0.2,rand
DE,ackley,2,871,2.199529447466375e-11,26190,30,0.8,0.2,rand
DE,ackley,2,872,2.199529447466375e-11,26220,30,0.8,0.2,rand
DE,ackley,2,873,1.963629259194022e-11,26250,30,0.8,0.2,rand
DE,ackley,2,874,1.7000179042270247e-11,26280,30,0.8,0.2,rand
DE,ackley,2,875,1.7000179042270247e-11,26310,30,0.8,0.2,rand
DE,ackley,2,876,1.7000179042270247e-11,26340,30,0.8,0.2,rand
DE,ackley,2,877,1.7000179042270247e-11,26370,30,0.8,0.2,rand
DE,ackley,2,878,1.538724703209482e-11,26400,30,0.8,0.2,rand
DE,ackley,2,879,1.538724703209482e-11,26430,30,0.8,0.2,rand
DE,ackley,2,880,1.538724703209482e-11,26460,30,0.8,0.2,rand
DE,ackley,2,881,1.2040590746664748e-11,26490,30,0.8,0.2,rand
DE,ackley,2,882,1.2040590746664748e-11,26520,30,0.8,0.2,rand
DE,ackley,2,883,1.2040590746664748e-11,26550,30,0.8,0.2,rand
DE,ackley,2,884,1.2040590746664748e-11,26580,30,0.8,0.2,rand
DE,ackley,2,885,1.2040590746664748e-11,26610,30,0.8,0.2,rand
DE,ackley,2,886,1.2040590746664748e-11,26640,30,0.8,0.2,rand
DE,ackley,2,887,1.17030829471787e-11,26670,30,0.8,0.2,rand
DE,ackley,2,888,1.17030829471787e-11,26700,30,0.8,0.2,rand
DE,ackley,2,889,1.1315837156189446e-11,26730,30,0.8,0.2,rand
DE,ackley,2,890,1.056266185628374e-11,26760,30,0.8,0.2,rand
DE,ackley,2,891,1.056266185628374e-11,26790,30,0.8,0.2,rand
DE,ackley,2,892,1.056266185628374e-11,26820,30,0.8,0.2,rand
DE,ackley,2,893,1.0200285061046088e-11,26850,30,0.8,0.2,rand
DE,ackley,2,894,8.569589482476658e-12,26880,30,0.8,0.2,rand
DE,ackley,2,895,8.569589482476658e-12,26910,30,0.8,0.2,rand
DE,ackley,2,896,8.416822794288237e-12,26940,30,0.8,0.2,rand
DE,ackley,2,897,8.416822794288237e-12,26970,30,0.8,0.2,rand
DE,ackley,2,898,7.134293156241256e-12,27000,30,0.8,0.2,rand
DE,ackley,2,899,7.134293156241256e-12,27030,30,0.8,0.2,rand
DE,ackley,2,900,7.134293156241256e-12,27060,30,0.8,0.2,rand
DE,ackley,2,901,7.134293156241256e-12,27090,30,0.8,0.2,rand
DE,ackley,2,902,7.134293156241256e-12,27120,30,0.8,0.2,rand
DE,ackley,2,903,7.134293156241256e-12,27150,30,0.8,0.2,rand
DE,ackley,2,904,5.077271936215766e-12,27180,30,0.8,0.2,rand
DE,ackley,2,905,5.077271936215766e-12,27210,30,0.8,0.2,rand
DE,ackley,2,906,4.640288153723304e-12,27240,30,0.8,0.2,rand
DE,ackley,2,907,4.640288153723304e-12,27270,30,0.8,0.2,rand
DE,ackley,2,908,4.640288153723304e-12,27300,30,0.8,0.2,rand
DE,ackley,2,909,4.640288153723304e-12,27330,30,0.8,0.2,rand
DE,ackley,2,910,4.640288153723304e-12,27360,30,0.8,0.2,rand
DE,ackley,2,911,4.640288153723304e-12,27390,30,0.8,0.2,rand
DE,ackley,2,912,4.640288153723304e-12,27420,30,0.8,0.2,rand
DE,ackley,2,913,3.6206593279075605e-12,27450,30,0.8,0.2,rand
DE,ackley,2,914,3.6206593279075605e-12,27480,30,0.8,0.2,rand
DE,ackley,2,915,3.6206593279075605e-12,27510,30,0.8,0.2,rand
DE,ackley,2,916,3.6206593279075605e-12,27540,30,0.8,0.2,rand
DE,ackley,2,917,3.6206593279075605e-12,27570,30,0.8,0.2,rand
DE,ackley,2,918,3.6206593279075605e-12,27600,30,0.8,0.2,rand
DE,ackley,2,919,3.1943336864515004e-12,27630,30,0.8,0.2,rand
DE,ackley,2,920,3.1943336864515004e-12,27660,30,0.8,0.2,rand
DE,ackley,2,921,3.1943336864515004e-12,27690,30,0.8,0.2,rand
DE,ackley,2,922,3.1943336864515004e-12,27720,30,0.8,0.2,rand
DE,ackley,2,923,3.1943336864515004e-12,27750,30,0.8,0.2,rand
DE,ackley,2,924,3.098410417123887e-12,27780,30,0.8,0.2,rand
DE,ackley,2,925,3.098410417123887e-12,27810,30,0.8,0.2,rand
DE,ackley,2,926,3.098410417123887e-12,27840,30,0.8,0.2,rand
DE,ackley,2,927,2.7857716133894428e-12,27870,30,0.8,0.2,rand
DE,ackley,2,928,2.7857716133894428e-12,27900,30,0.8,0.2,rand
DE,ackley,2,929,2.7395863355650363e-12,27930,30,0.8,0.2,rand
DE,ackley,2,930,2.7395863355650363e-12,27960,30,0.8,0.2,rand
DE,ackley,2,931,2.7395863355650363e-12,27990,30,0.8,0.2,rand
DE,ackley,2,932,2.5797142200190137e-12,28020,30,0.8,0.2,rand
DE,ackley,2,933,2.5797142200190137e-12,28050,30,0.8,0.2,rand
DE,ackley,2,934,2.5797142200190137e-12,28080,30,0.8,0.2,rand
DE,ackley,2,935,2.5797142200190137e-12,28110,30,0.8,0.2,rand
DE,ackley,2,936,2.2457591342117666e-12,28140,30,0.8,0.2,rand
DE,ackley,2,937,2.2457591342117666e-12,28170,30,0.8,0.2,rand
DE,ackley,2,938,1.6417978088156815e-12,28200,30,0.8,0.2,rand
DE,ackley,2,939,1.6417978088156815e-12,28230,30,0.8,0.2,rand
DE,ackley,2,940,1.6417978088156815e-12,28260,30,0.8,0.2,rand
DE,ackley,2,941,1.638245095136881e-12,28290,30,0.8,0.2,rand
DE,ackley,2,942,1.638245095136881e-12,28320,30,0.8,0.2,rand
DE,ackley,2,943,1.638245095136881e-12,28350,30,0.8,0.2,rand
DE,ackley,2,944,1.6275869541004795e-12,28380,30,0.8,0.2,rand
DE,ackley,2,945,1.432187701766452e-12,28410,30,0.8,0.2,rand
DE,ackley,2,946,1.432187701766452e-12,28440,30,0.8,0.2,rand
DE,ackley,2,947,1.432187701766452e-12,28470,30,0.8,0.2,rand
DE,ackley,2,948,1.2332357357536239e-12,28500,30,0.8,0.2,rand
DE,ackley,2,949,1.1479706074624119e-12,28530,30,0.8,0.2,rand
DE,ackley,2,950,1.1479706074624119e-12,28560,30,0.8,0.2,rand
DE,ackley,2,951,1.1479706074624119e-12,28590,30,0.8,0.2,rand
DE,ackley,2,952,8.673062268371723e-13,28620,30,0.8,0.2,rand
DE,ackley,2,953,8.673062268371723e-13,28650,30,0.8,0.2,rand
DE,ackley,2,954,8.673062268371723e-13,28680,30,0.8,0.2,rand
DE,ackley,2,955,8.673062268371723e-13,28710,30,0.8,0.2,rand
DE,ackley,2,956,8.673062268371723e-13,28740,30,0.8,0.2,rand
DE,ackley,2,957,7.713829575095588e-13,28770,30,0.8,0.2,rand
DE,ackley,2,958,7.713829575095588e-13,28800,30,0.8,0.2,rand
DE,ackley,2,959,7.713829575095588e-13,28830,30,0.8,0.2,rand
DE,ackley,2,960,7.713829575095588e-13,28860,30,0.8,0.2,rand
DE,ackley,2,961,7.251976796851523e-13,28890,30,0.8,0.2,rand
DE,ackley,2,962,7.251976796851523e-13,28920,30,0.8,0.2,rand
DE,ackley,2,963,6.434852650727407e-13,28950,30,0.8,0.2,rand
DE,ackley,2,964,6.434852650727407e-13,28980,30,0.8,0.2,rand
DE,ackley,2,965,6.434852650727407e-13,29010,30,0.8,0.2,rand
DE,ackley,2,966,6.434852650727407e-13,29040,30,0.8,0.2,rand
DE,ackley,2,967,5.830891325331322e-13,29070,30,0.8,0.2,rand
DE,ackley,2,968,5.404565683875262e-13,29100,30,0.8,0.2,rand
DE,ackley,2,969,5.404565683875262e-13,29130,30,0.8,0.2,rand
DE,ackley,2,970,4.587441537751147e-13,29160,30,0.8,0.2,rand
DE,ackley,2,971,4.587441537751147e-13,29190,30,0.8,0.2,rand
DE,ackley,2,972,4.587441537751147e-13,29220,30,0.8,0.2,rand
DE,ackley,2,973,4.587441537751147e-13,29250,30,0.8,0.2,rand
DE,ackley,2,974,4.587441537751147e-13,29280,30,0.8,0.2,rand
DE,ackley,2,975,4.587441537751147e-13,29310,30,0.8,0.2,rand
DE,ackley,2,976,4.480860127387132e-13,29340,30,0.8,0.2,rand
DE,ackley,2,977,4.480860127387132e-13,29370,30,0.8,0.2,rand
DE,ackley,2,978,4.480860127387132e-13,29400,30,0.8,0.2,rand
DE,ackley,2,979,4.480860127387132e-13,29430,30,0.8,0.2,rand
DE,ackley,2,980,3.5926817076870066e-13,29460,30,0.8,0.2,rand
DE,ackley,2,981,3.1308289294429414e-13,29490,30,0.8,0.2,rand
DE,ackley,2,982,3.1308289294429414e-13,29520,30,0.8,0.2,rand
DE,ackley,2,983,3.1308289294429414e-13,29550,30,0.8,0.2,rand
DE,ackley,2,984,3.1308289294429414e-13,29580,30,0.8,0.2,rand
DE,ackley,2,985,3.1308289294429414e-13,29610,30,0.8,0.2,rand
DE,ackley,2,986,3.1308289294429414e-13,29640,30,0.8,0.2,rand
DE,ackley,2,987,2.9887203822909214e-13,29670,30,0.8,0.2,rand
DE,ackley,2,988,2.5623947408348613e-13,29700,30,0.8,0.2,rand
DE,ackley,2,989,2.5623947408348613e-13,29730,30,0.8,0.2,rand
DE,ackley,2,990,2.5623947408348613e-13,29760,30,0.8,0.2,rand
DE,ackley,2,991,2.5623947408348613e-13,29790,30,0.8,0.2,rand
DE,ackley,2,992,2.1005419625907962e-13,29820,30,0.8,0.2,rand
DE,ackley,2,993,2.1005419625907962e-13,29850,30,0.8,0.2,rand
DE,ackley,2,994,2.1005419625907962e-13,29880,30,0.8,0.2,rand
DE,ackley,2,995,2.1005419625907962e-13,29910,30,0.8,0.2,rand
DE,ackley,2,996,2.1005419625907962e-13,29940,30,0.8,0.2,rand
DE,ackley,2,997,1.9939605522267811e-13,29970,30,0.8,0.2,rand
DE,ackley,2,998,1.9939605522267811e-13,30000,30,0.8,0.2,rand
DE,ackley,2,999,1.887379141862766e-13,30030,30,0.8,0.2,rand
DE,ackley,2,1000,1.887379141862766e-13,30060,30,0.8,0.2,rand
DE,ackley,2,1001,1.887379141862766e-13,30090,30,0.8,0.2,rand
DE,ackley,2,1002,1.674216321134736e-13,30120,30,0.8,0.2,rand
DE,ackley,2,1003,1.141309269314661e-13,30150,30,0.8,0.2,rand
DE,ackley,2,1004,1.141309269314661e-13,30180,30,0.8,0.2,rand
DE,ackley,2,1005,1.141309269314661e-13,30210,30,0.8,0.2,rand
DE,ackley,2,1006,1.141309269314661e-13,30240,30,0.8,0.2,rand
DE,ackley,2,1007,1.141309269314661e-13,30270,30,0.8,0.2,rand
DE,ackley,2,1008,1.141309269314661e-13,30300,30,0.8,0.2,rand
DE,ackley,2,1009,1.141309269314661e-13,30330,30,0.8,0.2,rand
DE,ackley,2,1010,1.141309269314661e-13,30360,30,0.8,0.2,rand
DE,ackley,2,1011,1.141309269314661e-13,30390,30,0.8,0.2,rand
DE,ackley,2,1012,1.141309269314661e-13,30420,30,0.8,0.2,rand
DE,ackley,2,1013,1.141309269314661e-13,30450,30,0.8,0.2,rand
DE,ackley,2,1014,1.141309269314661e-13,30480,30,0.8,0.2,rand
DE,ackley,2,1015,1.141309269314661e-13,30510,30,0.8,0.2,rand
DE,ackley,2,1016,6.794564910705958e-14,30540,30,0.8,0.2,rand
DE,ackley,2,1017,6.794564910705958e-14,30570,30,0.8,0.2,rand
DE,ackley,2,1018,6.794564910705958e-14,30600,30,0.8,0.2,rand
DE,ackley,2,1019,6.794564910705958e-14,30630,30,0.8,0.2,rand
DE,ackley,2,1020,6.794564910705958e-14,30660,30,0.8,0.2,rand
DE,ackley,2,1021,6.794564910705958e-14,30690,30,0.8,0.2,rand
DE,ackley,2,1022,6.794564910705958e-14,30720,30,0.8,0.2,rand
DE,ackley,2,1023,6.794564910705958e-14,30750,30,0.8,0.2,rand
DE,ackley,2,1024,6.794564910705958e-14,30780,30,0.8,0.2,rand
DE,ackley,2,1025,6.794564910705958e-14,30810,30,0.8,0.2,rand
DE,ackley,2,1026,6.794564910705958e-14,30840,30,0.8,0.2,rand
DE,ackley,2,1027,6.794564910705958e-14,30870,30,0.8,0.2,rand
DE,ackley,2,1028,6.794564910705958e-14,30900,30,0.8,0.2,rand
DE,ackley,2,1029,6.794564910705958e-14,30930,30,0.8,0.2,rand
DE,ackley,2,1030,6.794564910705958e-14,30960,30,0.8,0.2,rand
DE,ackley,2,1031,6.794564910705958e-14,30990,30,0.8,0.2,rand
DE,ackley,2,1032,5.728750807065808e-14,31020,30,0.8,0.2,rand
DE,ackley,2,1033,5.728750807065808e-14,31050,30,0.8,0.2,rand
DE,ackley,2,1034,5.728750807065808e-14,31080,30,0.8,0.2,rand
DE,ackley,2,1035,5.728750807065808e-14,31110,30,0.8,0.2,rand
DE,ackley,2,1036,5.728750807065808e-14,31140,30,0.8,0.2,rand
DE,ackley,2,1037,5.728750807065808e-14,31170,30,0.8,0.2,rand
DE,ackley,2,1038,5.728750807065808e-14,31200,30,0.8,0.2,rand
DE,ackley,2,1039,5.0182080713057076e-14,31230,30,0.8,0.2,rand
DE,ackley,2,1040,5.0182080713057076e-14,31260,30,0.8,0.2,rand
DE,ackley,2,1041,5.0182080713057076e-14,31290,30,0.8,0.2,rand
DE,ackley,2,1042,4.3076653355456074e-14,31320,30,0.8,0.2,rand
DE,ackley,2,1043,4.3076653355456074e-14,31350,30,0.8,0.2,rand
DE,ackley,2,1044,4.3076653355456074e-14,31380,30,0.8,0.2,rand
DE,ackley,2,1045,4.3076653355456074e-14,31410,30,0.8,0.2,rand
DE,ackley,2,1046,4.3076653355456074e-14,31440,30,0.8,0.2,rand
DE,ackley,2,1047,3.952393967665557e-14,31470,30,0.8,0.2,rand
DE,ackley,2,1048,3.952393967665557e-14,31500,30,0.8,0.2,rand
DE,ackley,2,1049,3.597122599785507e-14,31530,30,0.8,0.2,rand
DE,ackley,2,1050,3.597122599785507e-14,31560,30,0.8,0.2,rand
DE,ackley,2,1051,3.597122599785507e-14,31590,30,0.8,0.2,rand
DE,ackley,2,1052,3.597122599785507e-14,31620,30,0.8,0.2,rand
DE,ackley,2,1053,3.241851231905457e-14,31650,30,0.8,0.2,rand
DE,ackley,2,1054,3.241851231905457e-14,31680,30,0.8,0.2,rand
DE,ackley,2,1055,3.241851231905457e-14,31710,30,0.8,0.2,rand
DE,ackley,2,1056,3.241851231905457e-14,31740,30,0.8,0.2,rand
DE,ackley,2,1057,2.531308496145357e-14,31770,30,0.8,0.2,rand
DE,ackley,2,1058,2.531308496145357e-14,31800,30,0.8,0.2,rand
DE,ackley,2,1059,2.531308496145357e-14,31830,30,0.8,0.2,rand
DE,ackley,2,1060,2.531308496145357e-14,31860,30,0.8,0.2,rand
DE,ackley,2,1061,2.531308496145357e-14,31890,30,0.8,0.2,rand
DE,ackley,2,1062,2.531308496145357e-14,31920,30,0.8,0.2,rand
DE,ackley,2,1063,2.1760371282653068e-14,31950,30,0.8,0.2,rand
DE,ackley,2,1064,2.1760371282653068e-14,31980,30,0.8,0.2,rand
DE,ackley,2,1065,2.1760371282653068e-14,32010,30,0.8,0.2,rand
DE,ackley,2,1066,2.1760371282653068e-14,32040,30,0.8,0.2,rand
DE,ackley,2,1067,2.1760371282653068e-14,32070,30,0.8,0.2,rand
DE,ackley,2,1068,2.1760371282653068e-14,32100,30,0.8,0.2,rand
DE,ackley,2,1069,1.8207657603852567e-14,32130,30,0.8,0.2,rand
DE,ackley,2,1070,1.8207657603852567e-14,32160,30,0.8,0.2,rand
DE,ackley,2,1071,1.8207657603852567e-14,32190,30,0.8,0.2,rand
DE,ackley,2,1072,1.8207657603852567e-14,32220,30,0.8,0.2,rand
DE,ackley,2,1073,1.8207657603852567e-14,32250,30,0.8,0.2,rand
DE,ackley,2,1074,1.8207657603852567e-14,32280,30,0.8,0.2,rand
DE,ackley,2,1075,1.8207657603852567e-14,32310,30,0.8,0.2,rand
DE,ackley,2,1076,1.8207657603852567e-14,32340,30,0.8,0.2,rand
DE,ackley,2,1077,1.8207657603852567e-14,32370,30,0.8,0.2,rand
DE,ackley,2,1078,1.4654943925052066e-14,32400,30,0.8,0.2,rand
DE,ackley,2,1079,1.4654943925052066e-14,32430,30,0.8,0.2,rand
DE,ackley,2,1080,1.4654943925052066e-14,32460,30,0.8,0.2,rand
DE,ackley,2,1081,1.4654943925052066e-14,32490,30,0.8,0.2,rand
DE,ackley,2,1082,1.4654943925052066e-14,32520,30,0.8,0.2,rand
DE,ackley,2,1083,1.4654943925052066e-14,32550,30,0.8,0.2,rand
DE,ackley,2,1084,1.4654943925052066e-14,32580,30,0.8,0.2,rand
DE,ackley,2,1085,1.1102230246251565e-14,32610,30,0.8,0.2,rand
DE,ackley,2,1086,1.1102230246251565e-14,32640,30,0.8,0.2,rand
DE,ackley,2,1087,1.1102230246251565e-14,32670,30,0.8,0.2,rand
DE,ackley,2,1088,1.1102230246251565e-14,32700,30,0.8,0.2,rand
DE,ackley,2,1089,1.1102230246251565e-14,32730,30,0.8,0.2,rand
DE,ackley,2,1090,1.1102230246251565e-14,32760,30,0.8,0.2,rand
DE,ackley,2,1091,1.1102230246251565e-14,32790,30,0.8,0.2,rand
DE,ackley,2,1092,1.1102230246251565e-14,32820,30,0.8,0.2,rand
DE,ackley,2,1093,1.1102230246251565e-14,32850,30,0.8,0.2,rand
DE,ackley,2,1094,1.1102230246251565e-14,32880,30,0.8,0.2,rand
DE,ackley,2,1095,1.1102230246251565e-14,32910,30,0.8,0.2,rand
DE,ackley,2,1096,1.1102230246251565e-14,32940,30,0.8,0.2,rand
DE,ackley,2,1097,1.1102230246251565e-14,32970,30,0.8,0.2,rand
DE,ackley,2,1098,1.1102230246251565e-14,33000,30,0.8,0.2,rand
DE,ackley,2,1099,1.1102230246251565e-14,33030,30,0.8,0.2,rand
DE,ackley,2,1100,1.1102230246251565e-14,33060,30,0.8,0.2,rand
DE,ackley,2,1101,7.549516567451064e-15,33090,30,0.8,0.2,rand
DE,ackley,2,1102,7.549516567451064e-15,33120,30,0.8,0.2,rand
DE,ackley,2,1103,7.549516567451064e-15,33150,30,0.8,0.2,rand
DE,ackley,2,1104,7.549516567451064e-15,33180,30,0.8,0.2,rand
DE,ackley,2,1105,7.549516567451064e-15,33210,30,0.8,0.2,rand
DE,ackley,2,1106,7.549516567451064e-15,33240,30,0.8,0.2,rand
DE,ackley,2,1107,7.549516567451064e-15,33270,30,0.8,0.2,rand
DE,ackley,2,1108,7.549516567451064e-15,33300,30,0.8,0.2,rand
DE,ackley,2,1109,7.549516567451064e-15,33330,30,0.8,0.2,rand
DE,ackley,2,1110,7.549516567451064e-15,33360,30,0.8,0.2,rand
DE,ackley,2,1111,7.549516567451064e-15,33390,30,0.8,0.2,rand
DE,ackley,2,1112,7.549516567451064e-15,33420,30,0.8,0.2,rand
DE,ackley,2,1113,7.549516567451064e-15,33450,30,0.8,0.2,rand
DE,ackley,2,1114,7.549516567451064e-15,33480,30,0.8,0.2,rand
DE,ackley,2,1115,7.549516567451064e-15,33510,30,0.8,0.2,rand
DE,ackley,2,1116,7.549516567451064e-15,33540,30,0.8,0.2,rand
DE,ackley,2,1117,7.549516567451064e-15,33570,30,0.8,0.2,rand
DE,ackley,2,1118,7.549516567451064e-15,33600,30,0.8,0.2,rand
DE,ackley,2,1119,7.549516567451064e-15,33630,30,0.8,0.2,rand
DE,ackley,2,1120,7.549516567451064e-15,33660,30,0.8,0.2,rand
DE,ackley,2,1121,7.549516567451064e-15,33690,30,0.8,0.2,rand
DE,ackley,2,1122,7.549516567451064e-15,33720,30,0.8,0.2,rand
DE,ackley,2,1123,7.549516567451064e-15,33750,30,0.8,0.2,rand
DE,ackley,2,1124,7.549516567451064e-15,33780,30,0.8,0.2,rand
DE,ackley,2,1125,7.549516567451064e-15,33810,30,0.8,0.2,rand
DE,ackley,2,1126,7.549516567451064e-15,33840,30,0.8,0.2,rand
DE,ackley,2,1127,7.549516567451064e-15,33870,30,0.8,0.2,rand
DE,ackley,2,1128,7.549516567451064e-15,33900,30,0.8,0.2,rand
DE,ackley,2,1129,7.549516567451064e-15,33930,30,0.8,0.2,rand
DE,ackley,2,1130,7.549516567451064e-15,33960,30,0.8,0.2,rand
DE,ackley,2,1131,7.549516567451064e-15,33990,30,0.8,0.2,rand
DE,ackley,2,1132,7.549516567451064e-15,34020,30,0.8,0.2,rand
DE,ackley,2,1133,7.549516567451064e-15,34050,30,0.8,0.2,rand
DE,ackley,2,1134,7.549516567451064e-15,34080,30,0.8,0.2,rand
DE,ackley,2,1135,7.549516567451064e-15,34110,30,0.8,0.2,rand
DE,ackley,2,1136,7.549516567451064e-15,34140,30,0.8,0.2,rand
DE,ackley,2,1137,7.549516567451064e-15,34170,30,0.8,0.2,rand
DE,ackley,2,1138,3.9968028886505635e-15,34200,30,0.8,0.2,rand
DE,ackley,2,1139,3.9968028886505635e-15,34230,30,0.8,0.2,rand
DE,ackley,2,1140,3.9968028886505635e-15,34260,30,0.8,0.2,rand
DE,ackley,2,1141,3.9968028886505635e-15,34290,30,0.8,0.2,rand
DE,ackley,2,1142,3.9968028886505635e-15,34320,30,0.8,0.2,rand
DE,ackley,2,1143,3.9968028886505635e-15,34350,30,0.8,0.2,rand
DE,ackley,2,1144,3.9968028886505635e-15,34380,30,0.8,0.2,rand
DE,ackley,2,1145,3.9968028886505635e-15,34410,30,0.8,0.2,rand
DE,ackley,2,1146,3.9968028886505635e-15,34440,30,0.8,0.2,rand
DE,ackley,2,1147,3.9968028886505635e-15,34470,30,0.8,0.2,rand
DE,ackley,2,1148,3.9968028886505635e-15,34500,30,0.8,0.2,rand
DE,ackley,2,1149,3.9968028886505635e-15,34530,30,0.8,0.2,rand
DE,ackley,2,1150,3.9968028886505635e-15,34560,30,0.8,0.2,rand
DE,ackley,2,1151,3.9968028886505635e-15,34590,30,0.8,0.2,rand
DE,ackley,2,1152,3.9968028886505635e-15,34620,30,0.8,0.2,rand
DE,ackley,2,1153,3.9968028886505635e-15,34650,30,0.8,0.2,rand
DE,ackley,2,1154,3.9968028886505635e-15,34680,30,0.8,0.2,rand
DE,ackley,2,1155,3.9968028886505635e-15,34710,30,0.8,0.2,rand
DE,ackley,2,1156,3.9968028886505635e-15,34740,30,0.8,0.2,rand
DE,ackley,2,1157,3.9968028886505635e-15,34770,30,0.8,0.2,rand
DE,ackley,2,1158,3.9968028886505635e-15,34800,30,0.8,0.2,rand
DE,ackley,2,1159,3.9968028886505635e-15,34830,30,0.8,0.2,rand
DE,ackley,2,1160,3.9968028886505635e-15,34860,30,0.8,0.2,rand
DE,ackley,2,1161,3.9968028886505635e-15,34890,30,0.8,0.2,rand
DE,ackley,2,1162,3.9968028886505635e-15,34920,30,0.8,0.2,rand
DE,ackley,2,1163,3.9968028886505635e-15,34950,30,0.8,0.2,rand
DE,ackley,2,1164,3.9968028886505635e-15,34980,30,0.8,0.2,rand
DE,ackley,2,1165,3.9968028886505635e-15,35010,30,0.8,0.2,rand
DE,ackley,2,1166,3.9968028886505635e-15,35040,30,0.8,0.2,rand
DE,ackley,2,1167,3.9968028886505635e-15,35070,30,0.8,0.2,rand
DE,ackley,2,1168,3.9968028886505635e-15,35100,30,0.8,0.2,rand
DE,ackley,2,1169,3.9968028886505635e-15,35130,30,0.8,0.2,rand
DE,ackley,2,1170,3.9968028886505635e-15,35160,30,0.8,0.2,rand
DE,ackley,2,1171,3.9968028886505635e-15,35190,30,0.8,0.2,rand
DE,ackley,2,1172,3.9968028886505635e-15,35220,30,0.8,0.2,rand
DE,ackley,2,1173,3.9968028886505635e-15,35250,30,0.8,0.2,rand
DE,ackley,2,1174,3.9968028886505635e-15,35280,30,0.8,0.2,rand
DE,ackley,2,1175,3.9968028886505635e-15,35310,30,0.8,0.2,rand
DE,ackley,2,1176,3.9968028886505635e-15,35340,30,0.8,0.2,rand
DE,ackley,2,1177,3.9968028886505635e-15,35370,30,0.8,0.2,rand
DE,ackley,2,1178,3.9968028886505635e-15,35400,30,0.8,0.2,rand
DE,ackley,2,1179,3.9968028886505635e-15,35430,30,0.8,0.2,rand
DE,ackley,2,1180,3.9968028886505635e-15,35460,30,0.8,0.2,rand
DE,ackley,2,1181,3.9968028886505635e-15,35490,30,0.8,0.2,rand
DE,ackley,2,1182,3.9968028886505635e-15,35520,30,0.8,0.2,rand
DE,ackley,2,1183,3.9968028886505635e-15,35550,30,0.8,0.2,rand
DE,ackley,2,1184,3.9968028886505635e-15,35580,30,0.8,0.2,rand
DE,ackley,2,1185,3.9968028886505635e-15,35610,30,0.8,0.2,rand
DE,ackley,2,1186,3.9968028886505635e-15,35640,30,0.8,0.2,rand
DE,ackley,2,1187,3.9968028886505635e-15,35670,30,0.8,0.2,rand
DE,ackley,2,1188,3.9968028886505635e-15,35700,30,0.8,0.2,rand
DE,ackley,2,1189,3.9968028886505635e-15,35730,30,0.8,0.2,rand
DE,ackley,2,1190,3.9968028886505635e-15,35760,30,0.8,0.2,rand
DE,ackley,2,1191,3.9968028886505635e-15,35790,30,0.8,0.2,rand
DE,ackley,2,1192,3.9968028886505635e-15,35820,30,0.8,0.2,rand
DE,ackley,2,1193,3.9968028886505635e-15,35850,30,0.8,0.2,rand
DE,ackley,2,1194,3.9968028886505635e-15,35880,30,0.8,0.2,rand
DE,ackley,2,1195,3.9968028886505635e-15,35910,30,0.8,0.2,rand
DE,ackley,2,1196,3.9968028886505635e-15,35940,30,0.8,0.2,rand
DE,ackley,2,1197,3.9968028886505635e-15,35970,30,0.8,0.2,rand
DE,ackley,2,1198,3.9968028886505635e-15,36000,30,0.8,0.2,rand
DE,ackley,2,1199,3.9968028886505635e-15,36030,30,0.8,0.2,rand
DE,ackley,3,0,20.427458863147127,60,30,0.8,0.2,rand
DE,ackley,3,1,20.427458863147127,90,30,0.8,0.2,rand
DE,ackley,3,2,20.3064866419853,120,30,0.8,0.2,rand
DE,ackley,3,3,20.244117523751793,150,30,0.8,0.2,rand
DE,ackley,3,4,20.090628557635732,180,30,0.8,0.2,rand
DE,ackley,3,5,19.74896584366919,210,30,0.8,0.2,rand
DE,ackley,3,6,19.74896584366919,240,30,0.8,0.2,rand
DE,ackley,3,7,19.74896584366919,270,30,0.8,0.2,rand
DE,ackley,3,8,19.080122850295645,300,30,0.8,0.2,rand
DE,ackley,3,9,19.080122850295645,330,30,0.8,0.2,rand
DE,ackley,3,10,19.080122850295645,360,30,0.8,0.2,rand
DE,ackley,3,11,18.6940641408719,390,30,0.8,0.2,rand
DE,ackley,3,12,18.286293303902564,420,30,0.8,0.2,rand
DE,ackley,3,13,18.286293303902564,450,30,0.8,0.2,rand
DE,ackley,3,14,18.286293303902564,480,30,0.8,0.2,rand
DE,ackley,3,15,18.286293303902564,510,30,0.8,0.2,rand
DE,ackley,3,16,18.267656894762506,540,30,0.8,0.2,rand
DE,ackley,3,17,18.267656894762506,570,30,0.8,0.2,rand
DE,ackley,3,18,17.355313184758195,600,30,0.8,0.2,rand
DE,ackley,3,19,17.355313184758195,630,30,0.8,0.2,rand
DE,ackley,3,20,16.433476473505923,660,30,0.8,0.2,rand
DE,ackley,3,21,16.433476473505923,690,30,0.8,0.2,rand
DE,ackley,3,22,16.433476473505923,720,30,0.8,0.2,rand
DE,ackley,3,23,16.433476473505923,750,30,0.8,0.2,rand
DE,ackley,3,24,16.433476473505923,780,30,0.8,0.2,rand
DE,ackley,3,25,16.101813255540083,810,30,0.8,0.2,rand
DE,ackley,3,26,14.854326225887418,840,30,0.8,0.2,rand
DE,ackley,3,27,14.854326225887418,870,30,0.8,0.2,rand
DE,ackley,3,28,14.854326225887418,900,30,0.8,0.2,rand
DE,ackley,3,29,14.854326225887418,930,30,0.8,0.2,rand
DE,ackley,3,30,14.854326225887418,960,30,0.8,0.2,rand
DE,ackley,3,31,14.854326225887418,990,30,0.8,0.2,rand
DE,ackley,3,32,14.854326225887418,1020,30,0.8,0.2,rand
DE,ackley,3,33,14.854326225887418,1050,30,0.8,0.2,rand
DE,ackley,3,34,14.854326225887418,1080,30,0.8,0.2,rand
DE,ackley,3,35,14.854326225887418,1110,30,0.8,0.2,rand
DE,ackley,3,36,14.854326225887418,1140,30,0.8,0.2,rand
DE,ackley,3,37,12.959959504387363,1170,30,0.8,0.2,rand
DE,ackley,3,38,12.959959504387363,1200,30,0.8,0.2,rand
DE,ackley,3,39,12.959959504387363,1230,30,0.8,0.2,rand
DE,ackley,3,40,12.959959504387363,1260,30,0.8,0.2,rand
DE,ackley,3,41,12.959959504387363,1290,30,0.8,0.2,rand
DE,ackley,3,42,12.959959504387363,1320,30,0.8,0.2,rand
DE,ackley,3,43,12.959959504387363,1350,30,0.8,0.2,rand
DE,ackley,3,44,12.608479260035775,1380,30,0.8,0.2,rand
DE,ackley,3,45,12.608479260035775,1410,30,0.8,0.2,rand
DE,ackley,3,46,12.230998564780899,1440,30,0.8,0.2,rand
DE,ackley,3,47,9.303363607986064,1470,30,0.8,0.2,rand
DE,ackley,3,48,9.303363607986064,1500,30,0.8,0.2,rand
DE,ackley,3,49,9.303363607986064,1530,30,0.8,0.2,rand
DE,ackley,3,50,9.303363607986064,1560,30,0.8,0.2,rand
DE,ackley,3,51,9.087147687513982,1590,30,0.8,0.2,rand
DE,ackley,3,52,9.087147687513982,1620,30,0.8,0.2,rand
DE,ackley,3,53,7.31388351619248,1650,30,0.8,0.2,rand
DE,ackley,3,54,7.31388351619248,1680,30,0.8,0.2,rand
DE,ackley,3,55,7.31388351619248,1710,30,0.8,0.2,rand
DE,ackley,3,56,7.31388351619248,1740,30,0.8,0.2,rand
DE,ackley,3,57,6.868206639464585,1770,30,0.8,0.2,rand
DE,ackley,3,58,6.868206639464585,1800,30,0.8,0.2,rand
DE,ackley,3,59,6.868206639464585,1830,30,0.8,0.2,rand
DE,ackley,3,60,6.794117807573645,1860,30,0.8,0.2,rand
DE,ackley,3,61,6.794117807573645,1890,30,0.8,0.2,rand
DE,ackley,3,62,6.794117807573645,1920,30,0.8,0.2,rand
DE,ackley,3,63,6.794117807573645,1950,30,0.8,0.2,rand
DE,ackley,3,64,6.794117807573645,1980,30,0.8,0.2,rand
DE,ackley,3,65,6.794117807573645,2010,30,0.8,0.2,rand
DE,ackley,3,66,6.794117807573645,2040,30,0.8,0.2,rand
DE,ackley,3,67,6.794117807573645,2070,30,0.8,0.2,rand
DE,ackley,3,68,6.794117807573645,2100,30,0.8,0.2,rand
DE,ackley,3,69,6.794117807573645,2130,30,0.8,0.2,rand
DE,ackley,3,70,6.794117807573645,2160,30,0.8,0.2,rand
DE,ackley,3,71,6.794117807573645,2190,30,0.8,0.2,rand
DE,ackley,3,72,6.794117807573645,2220,30,0.8,0.2,rand
DE,ackley,3,73,6.794117807573645,2250,30,0.8,0.2,rand
DE,ackley,3,74,6.730681657891221,2280,30,0.8,0.2,rand
DE,ackley,3,75,5.9845548487003875,2310,30,0.8,0.2,rand
DE,ackley,3,76,5.9845548487003875,2340,30,0.8,0.2,rand
DE,ackley,3,77,5.714193604424494,2370,30,0.8,0.2,rand
DE,ackley,3,78,5.714193604424494,2400,30,0.8,0.2,rand
DE,ackley,3,79,5.714193604424494,2430,30,0.8,0.2,rand
DE,ackley,3,80,5.714193604424494,2460,30,0.8,0.2,rand
DE,ackley,3,81,5.714193604424494,2490,30,0.8,0.2,rand
DE,ackley,3,82,5.697299190674421,2520,30,0.8,0.2,rand
DE,ackley,3,83,4.455828346309772,2550,30,0.8,0.2,rand
DE,ackley,3,84,4.455828346309772,2580,30,0.8,0.2,rand
DE,ackley,3,85,4.455828346309772,2610,30,0.8,0.2,rand
DE,ackley,3,86,4.455828346309772,2640,30,0.8,0.2,rand
DE,ackley,3,87,4.455828346309772,2670,30,0.8,0.2,rand
DE,ackley,3,88,4.455828346309772,2700,30,0.8,0.2,rand
DE,ackley,3,89,4.455828346309772,2730,30,0.8,0.2,rand
DE,ackley,3,90,4.35370988190671,2760,30,0.8,0.2,rand
DE,ackley,3,91,4.35370988190671,2790,30,0.8,0.2,rand
DE,ackley,3,92,4.35370988190671,2820,30,0.8,0.2,rand
DE,ackley,3,93,4.35370988190671,2850,30,0.8,0.2,rand
DE,ackley,3,94,4.270600412328452,2880,30,0.8,0.2,rand
DE,ackley,3,95,4.048045236300737,2910,30,0.8,0.2,rand
DE,ackley,3,96,4.048045236300737,2940,30,0.8,0.2,rand
DE,ackley,3,97,4.048045236300737,2970,30,0.8,0.2,rand
DE,ackley,3,98,4.048045236300737,3000,30,0.8,0.2,rand
DE,ackley,3,99,3.8009578066732925,3030,30,0.8,0.2,rand
DE,ackley,3,100,3.8009578066732925,3060,30,0.8,0.2,rand
DE,ackley,3,101,3.7925769359773196,3090,30,0.8,0.2,rand
DE,ackley,3,102,3.7502720372457046,3120,30,0.8,0.2,rand
DE,ackley,3,103,3.7502720372457046,3150,30,0.8,0.2,rand
DE,ackley,3,104,3.7502720372457046,3180,30,0.8,0.2,rand
DE,ackley,3,105,3.5371196399198728,3210,30,0.8,0.2,rand
DE,ackley,3,106,3.2667604653511266,3240,30,0.8,0.2,rand
DE,ackley,3,107,3.2667604653511266,3270,30,0.8,0.2,rand
DE,ackley,3,108,3.2667604653511266,3300,30,0.8,0.2,rand
DE,ackley,3,109,3.204847341850791,3330,30,0.8,0.2,rand
DE,ackley,3,110,3.204847341850791,3360,30,0.8,0.2,rand
DE,ackley,3,111,3.204847341850791,3390,30,0.8,0.2,rand
DE,ackley,3,112,3.204847341850791,3420,30,0.8,0.2,rand
DE,ackley,3,113,3.204847341850791,3450,30,0.8,0.2,rand
DE,ackley,3,114,3.1951430310360434,3480,30,0.8,0.2,rand
DE,ackley,3,115,3.1951430310360434,3510,30,0.8,0.2,rand
DE,ackley,3,116,3.0839423305648563,3540,30,0.8,0.2,rand
DE,ackley,3,117,3.0839423305648563,3570,30,0.8,0.2,rand
DE,ackley,3,118,3.0839423305648563,3600,30,0.8,0.2,rand
DE,ackley,3,119,2.9802018358473856,3630,30,0.8,0.2,rand
DE,ackley,3,120,2.699719138603563,3660,30,0.8,0.2,rand
DE,ackley,3,121,2.699719138603563,3690,30,0.8,0.2,rand
DE,ackley,3,122,2.5902026884761935,3720,30,0.8,0.2,rand
DE,ackley,3,123,2.536171097028515,3750,30,0.8,0.2,rand
DE,ackley,3,124,2.536171097028515,3780,30,0.8,0.2,rand
DE,ackley,3,125,2.536171097028515,3810,30,0.8,0.2,rand
DE,ackley,3,126,2.39897852900738,3840,30,0.8,0.2,rand
DE,ackley,3,127,2.2325625593103493,3870,30,0.8,0.2,rand
DE,ackley,3,128,2.2325625593103493,3900,30,0.8,0.2,rand
DE,ackley,3,129,2.2325625593103493,3930,30,0.8,0.2,rand
DE,ackley,3,130,2.2325625593103493,3960,30,0.8,0.2,rand
DE,ackley,3,131,2.2325625593103493,3990,30,0.8,0.2,rand
DE,ackley,3,132,2.2325625593103493,4020,30,0.8,0.2,rand
DE,ackley,3,133,2.2325625593103493,4050,30,0.8,0.2,rand
DE,ackley,3,134,1.8958371475570712,4080,30,0.8,0.2,rand
DE,ackley,3,135,1.8958371475570712,4110,30,0.8,0.2,rand
DE,ackley,3,136,1.8958371475570712,4140,30,0.8,0.2,rand
DE,ackley,3,137,1.8958371475570712,4170,30,0.8,0.2,rand
DE,ackley,3,138,1.7107633645881646,4200,30,0.8,0.2,rand
DE,ackley,3,139,1.7107633645881646,4230,30,0.8,0.2,rand
DE,ackley,3,140,1.7107633645881646,4260,30,0.8,0.2,rand
DE,ackley,3,141,1.7107633645881646,4290,30,0.8,0.2,rand
DE,ackley,3,142,1.7107633645881646,4320,30,0.8,0.2,rand
DE,ackley,3,143,1.67152991583793,4350,30,0.8,0.2,rand
DE,ackley,3,144,1.67152991583793,4380,30,0.8,0.2,rand
DE,ackley,3,145,1.67152991583793,4410,30,0.8,0.2,rand
DE,ackley,3,146,1.606800827903783,4440,30,0.8,0.2,rand
DE,ackley,3,147,1.3488392727934841,4470,30,0.8,0.2,rand
DE,ackley,3,148,1.3488392727934841,4500,30,0.8,0.2,rand
DE,ackley,3,149,0.8441456169463604,4530,30,0.8,0.2,rand
DE,ackley,3,150,0.8441456169463604,4560,30,0.8,0.2,rand
DE,ackley,3,151,0.8441456169463604,4590,30,0.8,0.2,rand
DE,ackley,3,152,0.7052361694620939,4620,30,0.8,0.2,rand
DE,ackley,3,153,0.7052361694620939,4650,30,0.8,0.2,rand
DE,ackley,3,154,0.5403377263236426,4680,30,0.8,0.2,rand
DE,ackley,3,155,0.5403377263236426,4710,30,0.8,0.2,rand
DE,ackley,3,156,0.5403377263236426,4740,30,0.8,0.2,rand
DE,ackley,3,157,0.5298066213653567,4770,30,0.8,0.2,rand
DE,ackley,3,158,0.5298066213653567,4800,30,0.8,0.2,rand
DE,ackley,3,159,0.5298066213653567,4830,30,0.8,0.2,rand
DE,ackley,3,160,0.5298066213653567,4860,30,0.8,0.2,rand
DE,ackley,3,161,0.5298066213653567,4890,30,0.8,0.2,rand
DE,ackley,3,162,0.5298066213653567,4920,30,0.8,0.2,rand
DE,ackley,3,163,0.5298066213653567,4950,30,0.8,0.2,rand
DE,ackley,3,164,0.48695752192202635,4980,30,0.8,0.2,rand
DE,ackley,3,165,0.47444339205085884,5010,30,0.8,0.2,rand
DE,ackley,3,166,0.47444339205085884,5040,30,0.8,0.2,rand
DE,ackley,3,167,0.47444339205085884,5070,30,0.8,0.2,rand
DE,ackley,3,168,0.47444339205085884,5100,30,0.8,0.2,rand
DE,ackley,3,169,0.44857475051235385,5130,30,0.8,0.2,rand
DE,ackley,3,170,0.4379089663574125,5160,30,0.8,0.2,rand
DE,ackley,3,171,0.4379089663574125,5190,30,0.8,0.2,rand
DE,ackley,3,172,0.4379089663574125,5220,30,0.8,0.2,rand
DE,ackley,3,173,0.41016444694835075,5250,30,0.8,0.2,rand
DE,ackley,3,174,0.3976973191214772,5280,30,0.8,0.2,rand
DE,ackley,3,175,0.3976973191214772,5310,30,0.8,0.2,rand
DE,ackley,3,176,0.39492768102671194,5340,30,0.8,0.2,rand
DE,ackley,3,177,0.30154019942351384,5370,30,0.8,0.2,rand
DE,ackley,3,178,0.30154019942351384,5400,30,0.8,0.2,rand
DE,ackley,3,179,0.30154019942351384,5430,30,0.8,0.2,rand
DE,ackley,3,180,0.2187218633156296,5460,30,0.8,0.2,rand
DE,ackley,3,181,0.2187218633156296,5490,30,0.8,0.2,rand
DE,ackley,3,182,0.1827125362935651,5520,30,0.8,0.2,rand
DE,ackley,3,183,0.1827125362935651,5550,30,0.8,0.2,rand
DE,ackley,3,184,0.1827125362935651,5580,30,0.8,0.2,rand
DE,ackley,3,185,0.1827125362935651,5610,30,0.8,0.2,rand
DE,ackley,3,186,0.13876182881016108,5640,30,0.8,0.2,rand
DE,ackley,3,187,0.13876182881016108,5670,30,0.8,0.2,rand
DE,ackley,3,188,0.13876182881016108,5700,30,0.8,0.2,rand
DE,ackley,3,189,0.13876182881016108,5730,30,0.8,0.2,rand
DE,ackley,3,190,0.13876182881016108,5760,30,0.8,0.2,rand
DE,ackley,3,191,0.13876182881016108,5790,30,0.8,0.2,rand
DE,ackley,3,192,0.13876182881016108,5820,30,0.8,0.2,rand
DE,ackley,3,193,0.12907135095467526,5850,30,0.8,0.2,rand
DE,ackley,3,194,0.12907135095467526,5880,30,0.8,0.2,rand
DE,ackley,3,195,0.12907135095467526,5910,30,0.8,0.2,rand
DE,ackley,3,196,0.12907135095467526,5940,30,0.8,0.2,rand
DE,ackley,3,197,0.12907135095467526,5970,30,0.8,0.2,rand
DE,ackley,3,198,0.0869900181297365,6000,30,0.8,0.2,rand
DE,ackley,3,199,0.0869900181297365,6030,30,0.8,0.2,rand
DE,ackley,3,200,0.0869900181297365,6060,30,0.8,0.2,rand
DE,ackley,3,201,0.0869900181297365,6090,30,0.8,0.2,rand
DE,ackley,3,202,0.0767410228198071,6120,30,0.8,0.2,rand
DE,ackley,3,203,0.0767410228198071,6150,30,0.8,0.2,rand
DE,ackley,3,204,0.0767410228198071,6180,30,0.8,0.2,rand
DE,ackley,3,205,0.0767410228198071,6210,30,0.8,0.2,rand
DE,ackley,3,206,0.07146401937518876,6240,30,0.8,0.2,rand
DE,ackley,3,207,0.07146401937518876,6270,30,0.8,0.2,rand
DE,ackley,3,208,0.061606360902381585,6300,30,0.8,0.2,rand
DE,ackley,3,209,0.061606360902381585,6330,30,0.8,0.2,rand
DE,ackley,3,210,0.061606360902381585,6360,30,0.8,0.2,rand
DE,ackley,3,211,0.05401498644813474,6390,30,0.8,0.2,rand
DE,ackley,3,212,0.05401498644813474,6420,30,0.8,0.2,rand
DE,ackley,3,213,0.05401498644813474,6450,30,0.8,0.2,rand
DE,ackley,3,214,0.05401498644813474,6480,30,0.8,0.2,rand
DE,ackley,3,215,0.05401498644813474,6510,30,0.8,0.2,rand
DE,ackley,3,216,0.05401498644813474,6540,30,0.8,0.2,rand
DE,ackley,3,217,0.04161357456026993,6570,30,0.8,0.2,rand
DE,ackley,3,218,0.04161357456026993,6600,30,0.8,0.2,rand
DE,ackley,3,219,0.04161357456026993,6630,30,0.8,0.2,rand
DE,ackley,3,220,0.04161357456026993,6660,30,0.8,0.2,rand
DE,ackley,3,221,0.04161357456026993,6690,30,0.8,0.2,rand
DE,ackley,3,222,0.026802497007196724,6720,30,0.8,0.2,rand
DE,ackley,3,223,0.026802497007196724,6750,30,0.8,0.2,rand
DE,ackley,3,224,0.026802497007196724,6780,30,0.8,0.2,rand
DE,ackley,3,225,0.026802497007196724,6810,30,0.8,0.2,rand
DE,ackley,3,226,0.026802497007196724,6840,30,0.8,0.2,rand
DE,ackley,3,227,0.026802497007196724,6870,30,0.8,0.2,rand
DE,ackley,3,228,0.026802497007196724,6900,30,0.8,0.2,rand
DE,ackley,3,229,0.026802497007196724,6930,30,0.8,0.2,rand
DE,ackley,3,230,0.026802497007196724,6960,30,0.8,0.2,rand
DE,ackley,3,231,0.026802497007196724,6990,30,0.8,0.2,rand
DE,ackley,3,232,0.026802497007196724,7020,30,0.8,0.2,rand
DE,ackley,3,233,0.026802497007196724,7050,30,0.8,0.2,rand
DE,ackley,3,234,0.026065960188674797,7080,30,0.8,0.2,rand
DE,ackley,3,235,0.02302558266818666,7110,30,0.8,0.2,rand
DE,ackley,3,236,0.02302558266818666,7140,30,0.8,0.2,rand
DE,ackley,3,237,0.02302558266818666,7170,30,0.8,0.2,rand
DE,ackley,3,238,0.02302558266818666,7200,30,0.8,0.2,rand
DE,ackley,3,239,0.019472997141737114,7230,30,0.8,0.2,rand
DE,ackley,3,240,0.01625355712204568,7260,30,0.8,0.2,rand
DE,ackley,3,241,0.014704227118113256,7290,30,0.8,0.2,rand
DE,ackley,3,242,0.014704227118113256,7320,30,0.8,0.2,rand
DE,ackley,3,243,0.014704227118113256,7350,30,0.8,0.2,rand
DE,ackley,3,244,0.014704227118113256,7380,30,0.8,0.2,rand
DE,ackley,3,245,0.014704227118113256,7410,30,0.8,0.2,rand
DE,ackley,3,246,0.014095184344125489,7440,30,0.8,0.2,rand
DE,ackley,3,247,0.014095184344125489,7470,30,0.8,0.2,rand
DE,ackley,3,248,0.014095184344125489,7500,30,0.8,0.2,rand
DE,ackley,3,249,0.013218217277053856,7530,30,0.8,0.2,rand
DE,ackley,3,250,0.013218217277053856,7560,30,0.8,0.2,rand
DE,ackley,3,251,0.013218217277053856,7590,30,0.8,0.2,rand
DE,ackley,3,252,0.013218217277053856,7620,30,0.8,0.2,rand
DE,ackley,3,253,0.013218217277053856,7650,30,0.8,0.2,rand
DE,ackley,3,254,0.010617035961260957,7680,30,0.8,0.2,rand
DE,ackley,3,255,0.010617035961260957,7710,30,0.8,0.2,rand
DE,ackley,3,256,0.010617035961260957,7740,30,0.8,0.2,rand
DE,ackley,3,257,0.010617035961260957,7770,30,0.8,0.2,rand
DE,ackley,3,258,0.010617035961260957,7800,30,0.8,0.2,rand
DE,ackley,3,259,0.010617035961260957,7830,30,0.8,0.2,rand
DE,ackley,3,260,0.010617035961260957,7860,30,0.8,0.2,rand
DE,ackley,3,261,0.009528163328195394,7890,30,0.8,0.2,rand
DE,ackley,3,262,0.009528163328195394,7920,30,0.8,0.2,rand
DE,ackley,3,263,0.009528163328195394,7950,30,0.8,0.2,rand
DE,ackley,3,264,0.009528163328195394,7980,30,0.8,0.2,rand
DE,ackley,3,265,0.00783515397112966,8010,30,0.8,0.2,rand
DE,ackley,3,266,0.006301775200370674,8040,30,0.8,0.2,rand
DE,ackley,3,267,0.006301775200370674,8070,30,0.8,0.2,rand
DE,ackley,3,268,0.006073377527230139,8100,30,0.8,0.2,rand
DE,ackley,3,269,0.006073377527230139,8130,30,0.8,0.2,rand
DE,ackley,3,270,0.006073377527230139,8160,30,0.8,0.2,rand
DE,ackley,3,271,0.005792658587893573,8190,30,0.8,0.2,rand
DE,ackley,3,272,0.005792658587893573,8220,30,0.8,0.2,rand
DE,ackley,3,273,0.005211659261473489,8250,30,0.8,0.2,rand
DE,ackley,3,274,0.005211659261473489,8280,30,0.8,0.2,rand
DE,ackley,3,275,0.005211659261473489,8310,30,0.8,0.2,rand
DE,ackley,3,276,0.003857286747827704,8340,30,0.8,0.2,rand
DE,ackley,3,277,0.003852483558898445,8370,30,0.8,0.2,rand
DE,ackley,3,278,0.003852483558898445,8400,30,0.8,0.2,rand
DE,ackley,3,279,0.003852483558898445,8430,30,0.8,0.2,rand
DE,ackley,3,280,0.003852483558898445,8460,30,0.8,0.2,rand
DE,ackley,3,281,0.003852483558898445,8490,30,0.8,0.2,rand
DE,ackley,3,282,0.003852483558898445,8520,30,0.8,0.2,rand
DE,ackley,3,283,0.003852483558898445,8550,30,0.8,0.2,rand
DE,ackley,3,284,0.003852483558898445,8580,30,0.8,0.2,rand
DE,ackley,3,285,0.003852483558898445,8610,30,0.8,0.2,rand
DE,ackley,3,286,0.003852483558898445,8640,30,0.8,0.2,rand
DE,ackley,3,287,0.003852483558898445,8670,30,0.8,0.2,rand
DE,ackley,3,288,0.003852483558898445,8700,30,0.8,0.2,rand
DE,ackley,3,289,0.003852483558898445,8730,30,0.8,0.2,rand
DE,ackley,3,290,0.003852483558898445,8760,30,0.8,0.2,rand
DE,ackley,3,291,0.0037605196955614595,8790,30,0.8,0.2,rand
DE,ackley,3,292,0.0036211098012448595,8820,30,0.8,0.2,rand
DE,ackley,3,293,0.0032333969865736556,8850,30,0.8,0.2,rand
DE,ackley,3,294,0.0032333969865736556,8880,30,0.8,0.2,rand
DE,ackley,3,295,0.003137415186522663,8910,30,0.8,0.2,rand
DE,ackley,3,296,0.0025815026614783854,8940,30,0.8,0.2,rand
DE,ackley,3,297,0.0025815026614783854,8970,30,0.8,0.2,rand
DE,ackley,3,298,0.0025815026614783854,9000,30,0.8,0.2,rand
DE,ackley,3,299,0.002054236710517632,9030,30,0.8,0.2,rand
DE,ackley,3,300,0.002054236710517632,9060,30,0.8,0.2,rand
DE,ackley,3,301,0.002054236710517632,9090,30,0.8,0.2,rand
DE,ackley,3,302,0.002054236710517632,9120,30,0.8,0.2,rand
DE,ackley,3,303,0.002008973480340348,9150,30,0.8,0.2,rand
DE,ackley,3,304,0.0019246692822112443,9180,30,0.8,0.2,rand
DE,ackley,3,305,0.0019246692822112443,9210,30,0.8,0.2,rand
DE,ackley,3,306,0.0019246692822112443,9240,30,0.8,0.2,rand
DE,ackley,3,307,0.0018341229523106684,9270,30,0.8,0.2,rand
DE,ackley,3,308,0.0018341229523106684,9300,30,0.8,0.2,rand
DE,ackley,3,309,0.0018341229523106684,9330,30,0.8,0.2,rand
DE,ackley,3,310,0.0018341229523106684,9360,30,0.8,0.2,rand
DE,ackley,3,311,0.0015868119928978963,9390,30,0.8,0.2,rand
DE,ackley,3,312,0.0015868119928978963,9420,30,0.8,0.2,rand
DE,ackley,3,313,0.0014647020052547255,9450,30,0.8,0.2,rand
DE,ackley,3,314,0.0013789625328688437,9480,30,0.8,0.2,rand
DE,ackley,3,315,0.0013789625328688437,9510,30,0.8,0.2,rand
DE,ackley,3,316,0.0013789625328688437,9540,30,0.8,0.2,rand
DE,ackley,3,317,0.001201739941621316,9570,30,0.8,0.2,rand
DE,ackley,3,318,0.0010348328571372356,9600,30,0.8,0.2,rand
DE,ackley,3,319,0.0010348328571372356,9630,30,0.8,0.2,rand
DE,ackley,3,320,0.0010348328571372356,9660,30,0.8,0.2,rand
DE,ackley,3,321,0.0010348328571372356,9690,30,0.8,0.2,rand
DE,ackley,3,322,0.0008058204097491917,9720,30,0.8,0.2,rand
DE,ackley,3,323,0.0008058204097491917,9750,30,0.8,0.2,rand
DE,ackley,3,324,0.0008058204097491917,9780,30,0.8,0.2,rand
DE,ackley,3,325,0.0008058204097491917,9810,30,0.8,0.2,rand
DE,ackley,3,326,0.0008058204097491917,9840,30,0.8,0.2,rand
DE,ackley,3,327,0.0008058204097491917,9870,30,0.8,0.2,rand
DE,ackley,3,328,0.0008058204097491917,9900,30,0.8,0.2,rand
DE,ackley,3,329,0.0008058204097491917,9930,30,0.8,0.2,rand
DE,ackley,3,330,0.0007405717048887261,9960,30,0.8,0.2,rand
DE,ackley,3,331,0.0004932298419721981,9990,30,0.8,0.2,rand
DE,ackley,3,332,0.0004932298419721981,10020,30,0.8,0.2,rand
DE,ackley,3,333,0.0004932298419721981,10050,30,0.8,0.2,rand
DE,ackley,3,334,0.0004932298419721981,10080,30,0.8,0.2,rand
DE,ackley,3,335,0.0004932298419721981,10110,30,0.8,0.2,rand
DE,ackley,3,336,0.0004932298419721981,10140,30,0.8,0.2,rand
DE,ackley,3,337,0.00048646155303133654,10170,30,0.8,0.2,rand
DE,ackley,3,338,0.00048646155303133654,10200,30,0.8,0.2,rand
DE,ackley,3,339,0.00048646155303133654,10230,30,0.8,0.2,rand
DE,ackley,3,340,0.00048646155303133654,10260,30,0.8,0.2,rand
DE,ackley,3,341,0.00048646155303133654,10290,30,0.8,0.2,rand
DE,ackley,3,342,0.00048646155303133654,10320,30,0.8,0.2,rand
DE,ackley,3,343,0.00048646155303133654,10350,30,0.8,0.2,rand
DE,ackley,3,344,0.00048646155303133654,10380,30,0.8,0.2,rand
DE,ackley,3,345,0.00048646155303133654,10410,30,0.8,0.2,rand
DE,ackley,3,346,0.00040058881941407165,10440,30,0.8,0.2,rand
DE,ackley,3,347,0.00040058881941407165,10470,30,0.8,0.2,rand
DE,ackley,3,348,0.00040058881941407165,10500,30,0.8,0.2,rand
DE,ackley,3,349,0.0003586920191698262,10530,30,0.8,0.2,rand
DE,ackley,3,350,0.0003586920191698262,10560,30,0.8,0.2,rand
DE,ackley,3,351,0.0003586920191698262,10590,30,0.8,0.2,rand
DE,ackley,3,352,0.0003586920191698262,10620,30,0.8,0.2,rand
DE,ackley,3,353,0.000312523204151649,10650,30,0.8,0.2,rand
DE,ackley,3,354,0.0002716372959068458,10680,30,0.8,0.2,rand
DE,ackley,3,355,0.0002716372959068458,10710,30,0.8,0.2,rand
DE,ackley,3,356,0.0002716372959068458,10740,30,0.8,0.2,rand
DE,ackley,3,357,0.0002716372959068458,10770,30,0.8,0.2,rand
DE,ackley,3,358,0.0002716372959068458,10800,30,0.8,0.2,rand
DE,ackley,3,359,0.0002716372959068458,10830,30,0.8,0.2,rand
DE,ackley,3,360,0.0002716372959068458,10860,30,0.8,0.2,rand
DE,ackley,3,361,0.00022392610375421285,10890,30,0.8,0.2,rand
DE,ackley,3,362,0.00022392610375421285,10920,30,0.8,0.2,rand
DE,ackley,3,363,0.00022392610375421285,10950,30,0.8,0.2,rand
DE,ackley,3,364,0.00022392610375421285,10980,30,0.8,0.2,rand
DE,ackley,3,365,0.00022392610375421285,11010,30,0.8,0.2,rand
DE,ackley,3,366,0.00017868289056766073,11040,30,0.8,0.2,rand
DE,ackley,3,367,0.00012372193039711377,11070,30,0.8,0.2,rand
DE,ackley,3,368,0.00012372193039711377,11100,30,0.8,0.2,rand
DE,ackley,3,369,0.00012372193039711377,11130,30,0.8,0.2,rand
DE,ackley,3,370,0.00012372193039711377,11160,30,0.8,0.2,rand
DE,ackley,3,371,0.00012372193039711377,11190,30,0.8,0.2,rand
DE,ackley,3,372,0.00012372193039711377,11220,30,0.8,0.2,rand
DE,ackley,3,373,0.00012372193039711377,11250,30,0.8,0.2,rand
DE,ackley,3,374,0.00012372193039711377,11280,30,0.8,0.2,rand
DE,ackley,3,375,0.00012372193039711377,11310,30,0.8,0.2,rand
DE,ackley,3,376,0.00012372193039711377,11340,30,0.8,0.2,rand
DE,ackley,3,377,0.00012372193039711377,11370,30,0.8,0.2,rand
DE,ackley,3,378,0.00012372193039711377,11400,30,0.8,0.2,rand
DE,ackley,3,379,0.00012372193039711377,11430,30,0.8,0.2,rand
DE,ackley,3,380,0.00012372193039711377,11460,30,0.8,0.2,rand
DE,ackley,3,381,0.00012372193039711377,11490,30,0.8,0.2,rand
DE,ackley,3,382,0.00011738865655575026,11520,30,0.8,0.2,rand
DE,ackley,3,383,0.00011738865655575026,11550,30,0.8,0.2,rand
DE,ackley,3,384,0.00010697887307431486,11580,30,0.8,0.2,rand
DE,ackley,3,385,0.00010697887307431486,11610,30,0.8,0.2,rand
DE,ackley,3,386,0.00010697887307431486,11640,30,0.8,0.2,rand
DE,ackley,3,387,0.00010697887307431486,11670,30,0.8,0.2,rand
DE,ackley,3,388,0.00010697887307431486,11700,30,0.8,0.2,rand
DE,ackley,3,389,0.00010697887307431486,11730,30,0.8,0.2,rand
DE,ackley,3,390,0.00010697887307431486,11760,30,0.8,0.2,rand
DE,ackley,3,391,0.00010531688576920217,11790,30,0.8,0.2,rand
DE,ackley,3,392,8.822479338421729e-05,11820,30,0.8,0.2,rand
DE,ackley,3,393,8.545203543564028e-05,11850,30,0.8,0.2,rand
DE,ackley,3,394,8.318896093983952e-05,11880,30,0.8,0.2,rand
DE,ackley,3,395,8.318896093983952e-05,11910,30,0.8,0.2,rand
DE,ackley,3,396,8.318896093983952e-05,11940,30,0.8,0.2,rand
DE,ackley,3,397,8.239463483095122e-05,11970,30,0.8,0.2,rand
DE,ackley,3,398,8.239463483095122e-05,12000,30,0.8,0.2,rand
DE,ackley,3,399,8.239463483095122e-05,12030,30,0.8,0.2,rand
DE,ackley,3,400,6.17324452965029e-05,12060,30,0.8,0.2,rand
DE,ackley,3,401,6.17324452965029e-05,12090,30,0.8,0.2,rand
DE,ackley,3,402,6.17324452965029e-05,12120,30,0.8,0.2,rand
DE,ackley,3,403,6.17324452965029e-05,12150,30,0.8,0.2,rand
DE,ackley,3,404,5.808929246997607e-05,12180,30,0.8,0.2,rand
DE,ackley,3,405,5.808929246997607e-05,12210,30,0.8,0.2,rand
DE,ackley,3,406,5.0776182068279496e-05,12240,30,0.8,0.2,rand
DE,ackley,3,407,5.0776182068279496e-05,12270,30,0.8,0.2,rand
DE,ackley,3,408,4.269352643904156e-05,12300,30,0.8,0.2,rand
DE,ackley,3,409,4.269352643904156e-05,12330,30,0.8,0.2,rand
DE,ackley,3,410,4.269352643904156e-05,12360,30,0.8,0.2,rand
DE,ackley,3,411,4.0080512548446023e-05,12390,30,0.8,0.2,rand
DE,ackley,3,412,4.0080512548446023e-05,12420,30,0.8,0.2,rand
DE,ackley,3,413,4.0080512548446023e-05,12450,30,0.8,0.2,rand
DE,ackley,3,414,4.0080512548446023e-05,12480,30,0.8,0.2,rand
DE,ackley,3,415,4.0080512548446023e-05,12510,30,0.8,0.2,rand
DE,ackley,3,416,4.0080512548446023e-05,12540,30,0.8,0.2,rand
DE,ackley,3,417,3.595478629891957e-05,12570,30,0.8,0.2,rand
DE,ackley,3,418,3.0836648975185454e-05,12600,30,0.8,0.2,rand
DE,ackley,3,419,3.0836648975185454e-05,12630,30,0.8,0.2,rand
DE,ackley,3,420,3.0836648975185454e-05,12660,30,0.8,0.2,rand
DE,ackley,3,421,3.0836648975185454e-05,12690,30,0.8,0.2,rand
DE,ackley,3,422,3.0836648975185454e-05,12720,30,0.8,0.2,rand
DE,ackley,3,423,3.0836648975185454e-05,12750,30,0.8,0.2,rand
DE,ackley,3,424,3.0836648975185454e-05,12780,30,0.8,0.2,rand
DE,ackley,3,425,2.3489966704648424e-05,12810,30,0.8,0.2,rand
DE,ackley,3,426,2.3374224806804733e-05,12840,30,0.8,0.2,rand
DE,ackley,3,427,2.011862816830856e-05,12870,30,0.8,0.2,rand
DE,ackley,3,428,2.011862816830856e-05,12900,30,0.8,0.2,rand
DE,ackley,3,429,2.011862816830856e-05,12930,30,0.8,0.2,rand
DE,ackley,3,430,2.011862816830856e-05,12960,30,0.8,0.2,rand
DE,ackley,3,431,2.011862816830856e-05,12990,30,0.8,0.2,rand
DE,ackley,3,432,2.011862816830856e-05,13020,30,0.8,0.2,rand
DE,ackley,3,433,1.7493098905863036e-05,13050,30,0.8,0.2,rand
DE,ackley,3,434,1.7493098905863036e-05,13080,30,0.8,0.2,rand
DE,ackley,3,435,1.7493098905863036e-05,13110,30,0.8,0.2,rand
DE,ackley,3,436,1.7493098905863036e-05,13140,30,0.8,0.2,rand
DE,ackley,3,437,1.695428715153824e-05,13170,30,0.8,0.2,rand
DE,ackley,3,438,1.695428715153824e-05,13200,30,0.8,0.2,rand
DE,ackley,3,439,1.6077173576878323e-05,13230,30,0.8,0.2,rand
DE,ackley,3,440,1.6077173576878323e-05,13260,30,0.8,0.2,rand
DE,ackley,3,441,1.6077173576878323e-05,13290,30,0.8,0.2,rand
DE,ackley,3,442,1.6077173576878323e-05,13320,30,0.8,0.2,rand
DE,ackley,3,443,1.533946119680607e-05,13350,30,0.8,0.2,rand
DE,ackley,3,444,1.533946119680607e-05,13380,30,0.8,0.2,rand
DE,ackley,3,445,1.2366337220459656e-05,13410,30,0.8,0.2,rand
DE,ackley,3,446,9.787288494766955e-06,13440,30,0.8,0.2,rand
DE,ackley,3,447,9.787288494766955e-06,13470,30,0.8,0.2,rand
DE,ackley,3,448,9.787288494766955e-06,13500,30,0.8,0.2,rand
DE,ackley,3,449,9.787288494766955e-06,13530,30,0.8,0.2,rand
DE,ackley,3,450,9.787288494766955e-06,13560,30,0.8,0.2,rand
DE,ackley,3,451,9.787288494766955e-06,13590,30,0.8,0.2,rand
DE,ackley,3,452,8.546425509070588e-06,13620,30,0.8,0.2,rand
DE,ackley,3,453,8.546425509070588e-06,13650,30,0.8,0.2,rand
DE,ackley,3,454,8.546425509070588e-06,13680,30,0.8,0.2,rand
DE,ackley,3,455,8.546425509070588e-06,13710,30,0.8,0.2,rand
DE,ackley,3,456,8.236488835411393e-06,13740,30,0.8,0.2,rand
DE,ackley,3,457,8.236488835411393e-06,13770,30,0.8,0.2,rand
DE,ackley,3,458,8.03960382755875e-06,13800,30,0.8,0.2,rand
DE,ackley,3,459,8.03960382755875e-06,13830,30,0.8,0.2,rand
DE,ackley,3,460,7.288773041569385e-06,13860,30,0.8,0.2,rand
DE,ackley,3,461,7.288773041569385e-06,13890,30,0.8,0.2,rand
DE,ackley,3,462,5.882725588879367e-06,13920,30,0.8,0.2,rand
DE,ackley,3,463,5.656999008341046e-06,13950,30,0.8,0.2,rand
DE,ackley,3,464,5.656999008341046e-06,13980,30,0.8,0.2,rand
DE,ackley,3,465,5.656999008341046e-06,14010,30,0.8,0.2,rand
DE,ackley,3,466,5.656999008341046e-06,14040,30,0.8,0.2,rand
DE,ackley,3,467,5.656999008341046e-06,14070,30,0.8,0.2,rand
DE,ackley,3,468,5.656999008341046e-06,14100,30,0.8,0.2,rand
DE,ackley,3,469,5.239949029789415e-06,14130,30,0.8,0.2,rand
DE,ackley,3,470,4.5469552998333995e-06,14160,30,0.8,0.2,rand
DE,ackley,3,471,4.5469552998333995e-06,14190,30,0.8,0.2,rand
DE,ackley,3,472,4.5469552998333995e-06,14220,30,0.8,0.2,rand
DE,ackley,3,473,4.5469552998333995e-06,14250,30,0.8,0.2,rand
DE,ackley,3,474,4.544959300023521e-06,14280,30,0.8,0.2,rand
DE,ackley,3,475,4.2459975202469025e-06,14310,30,0.8,0.2,rand
DE,ackley,3,476,4.2459975202469025e-06,14340,30,0.8,0.2,rand
DE,ackley,3,477,3.9615371325574245e-06,14370,30,0.8,0.2,rand
DE,ackley,3,478,3.819284934980516e-06,14400,30,0.8,0.2,rand
DE,ackley,3,479,3.819284934980516e-06,14430,30,0.8,0.2,rand
DE,ackley,3,480,3.8132971238447055e-06,14460,30,0.8,0.2,rand
DE,ackley,3,481,2.5763163447045656e-06,14490,30,0.8,0.2,rand
DE,ackley,3,482,2.5763163447045656e-06,14520,30,0.8,0.2,rand
DE,ackley,3,483,2.5763163447045656e-06,14550,30,0.8,0.2,rand
DE,ackley,3,484,2.5763163447045656e-06,14580,30,0.8,0.2,rand
DE,ackley,3,485,2.5763163447045656e-06,14610,30,0.8,0.2,rand
DE,ackley,3,486,2.5763163447045656e-06,14640,30,0.8,0.2,rand
DE,ackley,3,487,2.258603128968417e-06,14670,30,0.8,0.2,rand
DE,ackley,3,488,2.213007153972768e-06,14700,30,0.8,0.2,rand
DE,ackley,3,489,2.213007153972768e-06,14730,30,0.8,0.2,rand
DE,ackley,3,490,2.0028183809195355e-06,14760,30,0.8,0.2,rand
DE,ackley,3,491,2.0028183809195355e-06,14790,30,0.8,0.2,rand
DE,ackley,3,492,2.0028183809195355e-06,14820,30,0.8,0.2,rand
DE,ackley,3,493,2.0028183809195355e-06,14850,30,0.8,0.2,rand
DE,ackley,3,494,1.7467935262693857e-06,14880,30,0.8,0.2,rand
DE,ackley,3,495,1.7467935262693857e-06,14910,30,0.8,0.2,rand
DE,ackley,3,496,1.7467935262693857e-06,14940,30,0.8,0.2,rand
DE,ackley,3,497,1.7467935262693857e-06,14970,30,0.8,0.2,rand
DE,ackley,3,498,1.7467935262693857e-06,15000,30,0.8,0.2,rand
DE,ackley,3,499,1.7309541857635224e-06,15030,30,0.8,0.2,rand
DE,ackley,3,500,1.7309541857635224e-06,15060,30,0.8,0.2,rand
DE,ackley,3,501,1.7309541857635224e-06,15090,30,0.8,0.2,rand
DE,ackley,3,502,1.5888782134432233e-06,15120,30,0.8,0.2,rand
DE,ackley,3,503,1.5888782134432233e-06,15150,30,0.8,0.2,rand
DE,ackley,3,504,1.5888782134432233e-06,15180,30,0.8,0.2,rand
DE,ackley,3,505,1.5628758345265226e-06,15210,30,0.8,0.2,rand
DE,ackley,3,506,1.5628758345265226e-06,15240,30,0.8,0.2,rand
DE,ackley,3,507,1.5628758345265226e-06,15270,30,0.8,0.2,rand
DE,ackley,3,508,1.5628758345265226e-06,15300,30,0.8,0.2,rand
DE,ackley,3,509,1.2969560931885837e-06,15330,30,0.8,0.2,rand
DE,ackley,3,510,1.282879413810889e-06,15360,30,0.8,0.2,rand
DE,ackley,3,511,1.282879413810889e-06,15390,30,0.8,0.2,rand
DE,ackley,3,512,9.72211804839418e-07,15420,30,0.8,0.2,rand
DE,ackley,3,513,9.72211804839418e-07,15450,30,0.8,0.2,rand
DE,ackley,3,514,8.287687767172258e-07,15480,30,0.8,0.2,rand
DE,ackley,3,515,8.287687767172258e-07,15510,30,0.8,0.2,rand
DE,ackley,3,516,8.287687767172258e-07,15540,30,0.8,0.2,rand
DE,ackley,3,517,7.555763201771981e-07,15570,30,0.8,0.2,rand
DE,ackley,3,518,7.555763201771981e-07,15600,30,0.8,0.2,rand
DE,ackley,3,519,7.555763201771981e-07,15630,30,0.8,0.2,rand
DE,ackley,3,520,6.306851827453386e-07,15660,30,0.8,0.2,rand
DE,ackley,3,521,6.306851827453386e-07,15690,30,0.8,0.2,rand
DE,ackley,3,522,6.306851827453386e-07,15720,30,0.8,0.2,rand
DE,ackley,3,523,6.306851827453386e-07,15750,30,0.8,0.2,rand
DE,ackley,3,524,6.306851827453386e-07,15780,30,0.8,0.2,rand
DE,ackley,3,525,6.306851827453386e-07,15810,30,0.8,0.2,rand
DE,ackley,3,526,6.306851827453386e-07,15840,30,0.8,0.2,rand
DE,ackley,3,527,4.037530598743899e-07,15870,30,0.8,0.2,rand
DE,ackley,3,528,4.037530598743899e-07,15900,30,0.8,0.2,rand
DE,ackley,3,529,4.037530598743899e-07,15930,30,0.8,0.2,rand
DE,ackley,3,530,4.037530598743899e-07,15960,30,0.8,0.2,rand
DE,ackley,3,531,4.037530598743899e-07,15990,30,0.8,0.2,rand
DE,ackley,3,532,4.037530598743899e-07,16020,30,0.8,0.2,rand
DE,ackley,3,533,4.037530598743899e-07,16050,30,0.8,0.2,rand
DE,ackley,3,534,4.037530598743899e-07,16080,30,0.8,0.2,rand
DE,ackley,3,535,4.037530598743899e-07,16110,30,0.8,0.2,rand
DE,ackley,3,536,4.037530598743899e-07,16140,30,0.8,0.2,rand
DE,ackley,3,537,2.53479992995409e-07,16170,30,0.8,0.2,rand
DE,ackley,3,538,2.53479992995409e-07,16200,30,0.8,0.2,rand
DE,ackley,3,539,2.53479992995409e-07,16230,30,0.8,0.2,rand
DE,ackley,3,540,2.53479992995409e-07,16260,30,0.8,0.2,rand
DE,ackley,3,541,2.53479992995409e-07,16290,30,0.8,0.2,rand
DE,ackley,3,542,2.53479992995409e-07,16320,30,0.8,0.2,rand
DE,ackley,3,543,2.53479992995409e-07,16350,30,0.8,0.2,rand
DE,ackley,3,544,2.53479992995409e-07,16380,30,0.8,0.2,rand
DE,ackley,3,545,1.9090045855207904e-07,16410,30,0.8,0.2,rand
DE,ackley,3,546,1.9090045855207904e-07,16440,30,0.8,0.2,rand
DE,ackley,3,547,1.9090045855207904e-07,16470,30,0.8,0.2,rand
DE,ackley,3,548,1.9090045855207904e-07,16500,30,0.8,0.2,rand
DE,ackley,3,549,1.9090045855207904e-07,16530,30,0.8,0.2,rand
DE,ackley,3,550,1.9090045855207904e-07,16560,30,0.8,0.2,rand
DE,ackley,3,551,1.9090045855207904e-07,16590,30,0.8,0.2,rand
DE,ackley,3,552,1.9090045855207904e-07,16620,30,0.8,0.2,rand
DE,ackley,3,553,1.9090045855207904e-07,16650,30,0.8,0.2,rand
DE,ackley,3,554,1.9090045855207904e-07,16680,30,0.8,0.2,rand
DE,ackley,3,555,1.877389803617291e-07,16710,30,0.8,0.2,rand
DE,ackley,3,556,1.877389803617291e-07,16740,30,0.8,0.2,rand
DE,ackley,3,557,1.877389803617291e-07,16770,30,0.8,0.2,rand
DE,ackley,3,558,1.877389803617291e-07,16800,30,0.8,0.2,rand
DE,ackley,3,559,1.877389803617291e-07,16830,30,0.8,0.2,rand
DE,ackley,3,560,1.877389803617291e-07,16860,30,0.8,0.2,rand
DE,ackley,3,561,1.877389803617291e-07,16890,30,0.8,0.2,rand
DE,ackley,3,562,1.877389803617291e-07,16920,30,0.8,0.2,rand
DE,ackley,3,563,1.877389803617291e-07,16950,30,0.8,0.2,rand
DE,ackley,3,564,1.877389803617291e-07,16980,30,0.8,0.2,rand
DE,ackley,3,565,1.877389803617291e-07,17010,30,0.8,0.2,rand
DE,ackley,3,566,1.877389803617291e-07,17040,30,0.8,0.2,rand
DE,ackley,3,567,1.877389803617291e-07,17070,30,0.8,0.2,rand
DE,ackley,3,568,1.877389803617291e-07,17100,30,0.8,0.2,rand
DE,ackley,3,569,1.877389803617291e-07,17130,30,0.8,0.2,rand
DE,ackley,3,570,1.8674549950858932e-07,17160,30,0.8,0.2,rand
DE,ackley,3,571,1.8674549950858932e-07,17190,30,0.8,0.2,rand
DE,ackley,3,572,1.8674549950858932e-07,17220,30,0.8,0.2,rand
DE,ackley,3,573,1.8674549950858932e-07,17250,30,0.8,0.2,rand
DE,ackley,3,574,1.7979024535819121e-07,17280,30,0.8,0.2,rand
DE,ackley,3,575,1.7979024535819121e-07,17310,30,0.8,0.2,rand
DE,ackley,3,576,1.7854795375527033e-07,17340,30,0.8,0.2,rand
DE,ackley,3,577,1.5621043703006876e-07,17370,30,0.8,0.2,rand
DE,ackley,3,578,1.5621043703006876e-07,17400,30,0.8,0.2,rand
DE,ackley,3,579,1.534605300612668e-07,17430,30,0.8,0.2,rand
DE,ackley,3,580,1.534605300612668e-07,17460,30,0.8,0.2,rand
DE,ackley,3,581,1.3704282197934958e-07,17490,30,0.8,0.2,rand
DE,ackley,3,582,1.3704282197934958e-07,17520,30,0.8,0.2,rand
DE,ackley,3,583,1.3704282197934958e-07,17550,30,0.8,0.2,rand
DE,ackley,3,584,1.3704282197934958e-07,17580,30,0.8,0.2,rand
DE,ackley,3,585,1.3704282197934958e-07,17610,30,0.8,0.2,rand
DE,ackley,3,586,1.0183916687722672e-07,17640,30,0.8,0.2,rand
DE,ackley,3,587,1.008838350635699e-07,17670,30,0.8,0.2,rand
DE,ackley,3,588,1.008838350635699e-07,17700,30,0.8,0.2,rand
DE,ackley,3,589,9.679705970100372e-08,17730,30,0.8,0.2,rand
DE,ackley,3,590,8.291271713645187e-08,17760,30,0.8,0.2,rand
DE,ackley,3,591,8.291271713645187e-08,17790,30,0.8,0.2,rand
DE,ackley,3,592,8.291271713645187e-08,17820,30,0.8,0.2,rand
DE,ackley,3,593,8.291271713645187e-08,17850,30,0.8,0.2,rand
DE,ackley,3,594,8.291271713645187e-08,17880,30,0.8,0.2,rand
DE,ackley,3,595,8.291271713645187e-08,17910,30,0.8,0.2,rand
DE,ackley,3,596,5.730331453790427e-08,17940,30,0.8,0.2,rand
DE,ackley,3,597,5.730331453790427e-08,17970,30,0.8,0.2,rand
DE,ackley,3,598,5.730331453790427e-08,18000,30,0.8,0.2,rand
DE,ackley,3,599,5.730331453790427e-08,18030,30,0.8,0.2,rand
DE,ackley,3,600,5.6218980137856533e-08,18060,30,0.8,0.2,rand
DE,ackley,3,601,5.6218980137856533e-08,18090,30,0.8,0.2,rand
DE,ackley,3,602,5.597577201754689e-08,18120,30,0.8,0.2,rand
DE,ackley,3,603,5.597577201754689e-08,18150,30,0.8,0.2,rand
DE,ackley,3,604,5.597577201754689e-08,18180,30,0.8,0.2,rand
DE,ackley,3,605,5.597577201754689e-08,18210,30,0.8,0.2,rand
DE,ackley,3,606,5.597577201754689e-08,18240,30,0.8,0.2,rand
DE,ackley,3,607,5.597577201754689e-08,18270,30,0.8,0.2,rand
DE,ackley,3,608,5.293330618272307e-08,18300,30,0.8,0.2,rand
DE,ackley,3,609,5.293330618272307e-08,18330,30,0.8,0.2,rand
DE,ackley,3,610,4.4569852253317777e-08,18360,30,0.8,0.2,rand
DE,ackley,3,611,4.4569852253317777e-08,18390,30,0.8,0.2,rand
DE,ackley,3,612,4.31457292116022e-08,18420,30,0.8,0.2,rand
DE,ackley,3,613,4.31457292116022e-08,18450,30,0.8,0.2,rand
DE,ackley,3,614,4.31457292116022e-08,18480,30,0.8,0.2,rand
DE,ackley,3,615,4.31457292116022e-08,18510,30,0.8,0.2,rand
DE,ackley,3,616,4.31457292116022e-08,18540,30,0.8,0.2,rand
DE,ackley,3,617,4.057164249005041e-08,18570,30,0.8,0.2,rand
DE,ackley,3,618,4.057164249005041e-08,18600,30,0.8,0.2,rand
DE,ackley,3,619,3.550569305232898e-08,18630,30,0.8,0.2,rand
DE,ackley,3,620,2.839569335222336e-08,18660,30,0.8,0.2,rand
DE,ackley,3,621,2.839569335222336e-08,18690,30,0.8,0.2,rand
DE,ackley,3,622,2.839569335222336e-08,18720,30,0.8,0.2,rand
DE,ackley,3,623,2.5983940776797e-08,18750,30,0.8,0.2,rand
DE,ackley,3,624,2.441550295273487e-08,18780,30,0.8,0.2,rand
DE,ackley,3,625,2.441550295273487e-08,18810,30,0.8,0.2,rand
DE,ackley,3,626,1.5675482689658793e-08,18840,30,0.8,0.2,rand
DE,ackley,3,627,1.5675482689658793e-08,18870,30,0.8,0.2,rand
DE,ackley,3,628,1.5675482689658793e-08,18900,30,0.8,0.2,rand
DE,ackley,3,629,1.5675482689658793e-08,18930,30,0.8,0.2,rand
DE,ackley,3,630,1.5675482689658793e-08,18960,30,0.8,0.2,rand
DE,ackley,3,631,1.5675482689658793e-08,18990,30,0.8,0.2,rand
DE,ackley,3,632,1.5675482689658793e-08,19020,30,0.8,0.2,rand
DE,ackley,3,633,1.5675482689658793e-08,19050,30,0.8,0.2,rand
DE,ackley,3,634,1.5675482689658793e-08,19080,30,0.8,0.2,rand
DE,ackley,3,635,1.5239291162316704e-08,19110,30,0.8,0.2,rand
DE,ackley,3,636,1.4500195266720084e-08,19140,30,0.8,0.2,rand
DE,ackley,3,637,1.318468223487912e-08,19170,30,0.8,0.2,rand
DE,ackley,3,638,1.318468223487912e-08,19200,30,0.8,0.2,rand
DE,ackley,3,639,1.318468223487912e-08,19230,30,0.8,0.2,rand
DE,ackley,3,640,1.318468223487912e-08,19260,30,0.8,0.2,rand
DE,ackley,3,641,1.318468223487912e-08,19290,30,0.8,0.2,rand
DE,ackley,3,642,1.318468223487912e-08,19320,30,0.8,0.2,rand
DE,ackley,3,643,1.318468223487912e-08,19350,30,0.8,0.2,rand
DE,ackley,3,644,1.318468223487912e-08,19380,30,0.8,0.2,rand
DE,ackley,3,645,1.318468223487912e-08,19410,30,0.8,0.2,rand
DE,ackley,3,646,1.318468223487912e-08,19440,30,0.8,0.2,rand
DE,ackley,3,647,1.2914818103837433e-08,19470,30,0.8,0.2,rand
DE,ackley,3,648,1.2086186718107683e-08,19500,30,0.8,0.2,rand
DE,ackley,3,649,1.0530467609015659e-08,19530,30,0.8,0.2,rand
DE,ackley,3,650,9.810847689806224e-09,19560,30,0.8,0.2,rand
DE,ackley,3,651,9.810847689806224e-09,19590,30,0.8,0.2,rand
DE,ackley,3,652,9.810847689806224e-09,19620,30,0.8,0.2,rand
DE,ackley,3,653,9.810847689806224e-09,19650,30,0.8,0.2,rand
DE,ackley,3,654,9.810847689806224e-09,19680,30,0.8,0.2,rand
DE,ackley,3,655,9.810847689806224e-09,19710,30,0.8,0.2,rand
DE,ackley,3,656,9.810847689806224e-09,19740,30,0.8,0.2,rand
DE,ackley,3,657,9.810847689806224e-09,19770,30,0.8,0.2,rand
DE,ackley,3,658,9.653213783877845e-09,19800,30,0.8,0.2,rand
DE,ackley,3,659,9.258294131342382e-09,19830,30,0.8,0.2,rand
DE,ackley,3,660,9.258294131342382e-09,19860,30,0.8,0.2,rand
DE,ackley,3,661,9.258294131342382e-09,19890,30,0.8,0.2,rand
DE,ackley,3,662,8.02981903191835e-09,19920,30,0.8,0.2,rand
DE,ackley,3,663,8.02981903191835e-09,19950,30,0.8,0.2,rand
DE,ackley,3,664,8.02981903191835e-09,19980,30,0.8,0.2,rand
DE,ackley,3,665,7.550046365878416e-09,20010,30,0.8,0.2,rand
DE,ackley,3,666,7.550046365878416e-09,20040,30,0.8,0.2,rand
DE,ackley,3,667,7.550046365878416e-09,20070,30,0.8,0.2,rand
DE,ackley,3,668,6.916572647952535e-09,20100,30,0.8,0.2,rand
DE,ackley,3,669,6.421395415401321e-09,20130,30,0.8,0.2,rand
DE,ackley,3,670,6.421395415401321e-09,20160,30,0.8,0.2,rand
DE,ackley,3,671,5.987800921758435e-09,20190,30,0.8,0.2,rand
DE,ackley,3,672,5.987800921758435e-09,20220,30,0.8,0.2,rand
DE,ackley,3,673,5.987800921758435e-09,20250,30,0.8,0.2,rand
DE,ackley,3,674,5.987800921758435e-09,20280,30,0.8,0.2,rand
DE,ackley,3,675,5.973469274778154e-09,20310,30,0.8,0.2,rand
DE,ackley,3,676,5.973469274778154e-09,20340,30,0.8,0.2,rand
DE,ackley,3,677,5.917837331281817e-09,20370,30,0.8,0.2,rand
DE,ackley,3,678,5.917837331281817e-09,20400,30,0.8,0.2,rand
DE,ackley,3,679,5.917837331281817e-09,20430,30,0.8,0.2,rand
DE,ackley,3,680,4.892335869755016e-09,20460,30,0.8,0.2,rand
DE,ackley,3,681,4.807273246143495e-09,20490,30,0.8,0.2,rand
DE,ackley,3,682,4.807273246143495e-09,20520,30,0.8,0.2,rand
DE,ackley,3,683,4.807273246143495e-09,20550,30,0.8,0.2,rand
DE,ackley,3,684,4.807273246143495e-09,20580,30,0.8,0.2,rand
DE,ackley,3,685,4.561304667305421e-09,20610,30,0.8,0.2,rand
DE,ackley,3,686,4.561304667305421e-09,20640,30,0.8,0.2,rand
DE,ackley,3,687,4.0721492844397744e-09,20670,30,0.8,0.2,rand
DE,ackley,3,688,4.0721492844397744e-09,20700,30,0.8,0.2,rand
DE,ackley,3,689,4.0721492844397744e-09,20730,30,0.8,0.2,rand
DE,ackley,3,690,4.0369063647460735e-09,20760,30,0.8,0.2,rand
DE,ackley,3,691,3.49928486187423e-09,20790,30,0.8,0.2,rand
DE,ackley,3,692,3.49928486187423e-09,20820,30,0.8,0.2,rand
DE,ackley,3,693,3.49928486187423e-09,20850,30,0.8,0.2,rand
DE,ackley,3,694,3.49928486187423e-09,20880,30,0.8,0.2,rand
DE,ackley,3,695,3.49928486187423e-09,20910,30,0.8,0.2,rand
DE,ackley,3,696,3.0206455114978326e-09,20940,30,0.8,0.2,rand
DE,ackley,3,697,3.0206455114978326e-09,20970,30,0.8,0.2,rand
DE,ackley,3,698,3.0206455114978326e-09,21000,30,0.8,0.2,rand
DE,ackley,3,699,2.9330640138880426e-09,21030,30,0.8,0.2,rand
DE,ackley,3,700,2.9330640138880426e-09,21060,30,0.8,0.2,rand
DE,ackley,3,701,2.7399171820263746e-09,21090,30,0.8,0.2,rand
DE,ackley,3,702,2.7399171820263746e-09,21120,30,0.8,0.2,rand
DE,ackley,3,703,2.7399171820263746e-09,21150,30,0.8,0.2,rand
DE,ackley,3,704,1.9366130921127933e-09,21180,30,0.8,0.2,rand
DE,ackley,3,705,1.9366130921127933e-09,21210,30,0.8,0.2,rand
DE,ackley,3,706,1.9366130921127933e-09,21240,30,0.8,0.2,rand
DE,ackley,3,707,1.9366130921127933e-09,21270,30,0.8,0.2,rand
DE,ackley,3,708,1.9131403128369584e-09,21300,30,0.8,0.2,rand
DE,ackley,3,709,1.9131403128369584e-09,21330,30,0.8,0.2,rand
DE,ackley,3,710,1.9131403128369584e-09,21360,30,0.8,0.2,rand
DE,ackley,3,711,1.6443242323305185e-09,21390,30,0.8,0.2,rand
DE,ackley,3,712,1.43145273412415e-09,21420,30,0.8,0.2,rand
DE,ackley,3,713,1.43145273412415e-09,21450,30,0.8,0.2,rand
DE,ackley,3,714,1.339920618903534e-09,21480,30,0.8,0.2,rand
DE,ackley,3,715,1.0683547380097025e-09,21510,30,0.8,0.2,rand
DE,ackley,3,716,9.618124074961543e-10,21540,30,0.8,0.2,rand
DE,ackley,3,717,9.618124074961543e-10,21570,30,0.8,0.2,rand
DE,ackley,3,718,9.618124074961543e-10,21600,30,0.8,0.2,rand
DE,ackley,3,719,9.618124074961543e-10,21630,30,0.8,0.2,rand
DE,ackley,3,720,9.618124074961543e-10,21660,30,0.8,0.2,rand
DE,ackley,3,721,9.618124074961543e-10,21690,30,0.8,0.2,rand
DE,ackley,3,722,9.16280828988647e-10,21720,30,0.8,0.2,rand
DE,ackley,3,723,9.16280828988647e-10,21750,30,0.8,0.2,rand
DE,ackley,3,724,9.16280828988647e-10,21780,30,0.8,0.2,rand
DE,ackley,3,725,9.16280828988647e-10,21810,30,0.8,0.2,rand
DE,ackley,3,726,8.489142722112319e-10,21840,30,0.8,0.2,rand
DE,ackley,3,727,7.487277464690578e-10,21870,30,0.8,0.2,rand
DE,ackley,3,728,7.487277464690578e-10,21900,30,0.8,0.2,rand
DE,ackley,3,729,7.487277464690578e-10,21930,30,0.8,0.2,rand
DE,ackley,3,730,7.487277464690578e-10,21960,30,0.8,0.2,rand
DE,ackley,3,731,7.487277464690578e-10,21990,30,0.8,0.2,rand
DE,ackley,3,732,7.487277464690578e-10,22020,30,0.8,0.2,rand
DE,ackley,3,733,6.948686070984422e-10,22050,30,0.8,0.2,rand
DE,ackley,3,734,6.006364294819377e-10,22080,30,0.8,0.2,rand
DE,ackley,3,735,6.006364294819377e-10,22110,30,0.8,0.2,rand
DE,ackley,3,736,5.362861266178243e-10,22140,30,0.8,0.2,rand
DE,ackley,3,737,5.362861266178243e-10,22170,30,0.8,0.2,rand
DE,ackley,3,738,5.362861266178243e-10,22200,30,0.8,0.2,rand
DE,ackley,3,739,5.362861266178243e-10,22230,30,0.8,0.2,rand
DE,ackley,3,740,5.004996417312668e-10,22260,30,0.8,0.2,rand
DE,ackley,3,741,5.004996417312668e-10,22290,30,0.8,0.2,rand
DE,ackley,3,742,5.004996417312668e-10,22320,30,0.8,0.2,rand
DE,ackley,3,743,5.004996417312668e-10,22350,30,0.8,0.2,rand
DE,ackley,3,744,5.004996417312668e-10,22380,30,0.8,0.2,rand
DE,ackley,3,745,5.004996417312668e-10,22410,30,0.8,0.2,rand
DE,ackley,3,746,4.853366597501463e-10,22440,30,0.8,0.2,rand
DE,ackley,3,747,4.853366597501463e-10,22470,30,0.8,0.2,rand
DE,ackley,3,748,4.853366597501463e-10,22500,30,0.8,0.2,rand
DE,ackley,3,749,4.828781818844163e-10,22530,30,0.8,0.2,rand
DE,ackley,3,750,4.828781818844163e-10,22560,30,0.8,0.2,rand
DE,ackley,3,751,4.66553462530328e-10,22590,30,0.8,0.2,rand
DE,ackley,3,752,4.4179460090276734e-10,22620,30,0.8,0.2,rand
DE,ackley,3,753,2.820113031987148e-10,22650,30,0.8,0.2,rand
DE,ackley,3,754,2.820113031987148e-10,22680,30,0.8,0.2,rand
DE,ackley,3,755,2.820113031987148e-10,22710,30,0.8,0.2,rand
DE,ackley,3,756,2.820113031987148e-10,22740,30,0.8,0.2,rand
DE,ackley,3,757,2.820113031987148e-10,22770,30,0.8,0.2,rand
DE,ackley,3,758,2.4382318386528823e-10,22800,30,0.8,0.2,rand
DE,ackley,3,759,2.4382318386528823e-10,22830,30,0.8,0.2,rand
DE,ackley,3,760,2.4382318386528823e-10,22860,30,0.8,0.2,rand
DE,ackley,3,761,2.4382318386528823e-10,22890,30,0.8,0.2,rand
DE,ackley,3,762,2.4382318386528823e-10,22920,30,0.8,0.2,rand
DE,ackley,3,763,2.4382318386528823e-10,22950,30,0.8,0.2,rand
DE,ackley,3,764,2.4382318386528823e-10,22980,30,0.8,0.2,rand
DE,ackley,3,765,2.4382318386528823e-10,23010,30,0.8,0.2,rand
DE,ackley,3,766,2.4382318386528823e-10,23040,30,0.8,0.2,rand
DE,ackley,3,767,2.1085044821234078e-10,23070,30,0.8,0.2,rand
DE,ackley,3,768,2.1085044821234078e-10,23100,30,0.8,0.2,rand
DE,ackley,3,769,2.1085044821234078e-10,23130,30,0.8,0.2,rand
DE,ackley,3,770,2.1085044821234078e-10,23160,30,0.8,0.2,rand
DE,ackley,3,771,2.1085044821234078e-10,23190,30,0.8,0.2,rand
DE,ackley,3,772,2.0759260976888072e-10,23220,30,0.8,0.2,rand
DE,ackley,3,773,2.0759260976888072e-10,23250,30,0.8,0.2,rand
DE,ackley,3,774,2.0759260976888072e-10,23280,30,0.8,0.2,rand
DE,ackley,3,775,1.9710499898906164e-10,23310,30,0.8,0.2,rand
DE,ackley,3,776,1.7428236631644722e-10,23340,30,0.8,0.2,rand
DE,ackley,3,777,1.7428236631644722e-10,23370,30,0.8,0.2,rand
DE,ackley,3,778,1.7428236631644722e-10,23400,30,0.8,0.2,rand
DE,ackley,3,779,1.733373444778863e-10,23430,30,0.8,0.2,rand
DE,ackley,3,780,1.4277690141284438e-10,23460,30,0.8,0.2,rand
DE,ackley,3,781,1.4277690141284438e-10,23490,30,0.8,0.2,rand
DE,ackley,3,782,1.4277690141284438e-10,23520,30,0.8,0.2,rand
DE,ackley,3,783,1.3531620268736333e-10,23550,30,0.8,0.2,rand
DE,ackley,3,784,9.649925303278906e-11,23580,30,0.8,0.2,rand
DE,ackley,3,785,9.649925303278906e-11,23610,30,0.8,0.2,rand
DE,ackley,3,786,8.69033733863489e-11,23640,30,0.8,0.2,rand
DE,ackley,3,787,8.69033733863489e-11,23670,30,0.8,0.2,rand
DE,ackley,3,788,8.69033733863489e-11,23700,30,0.8,0.2,rand
DE,ackley,3,789,8.69033733863489e-11,23730,30,0.8,0.2,rand
DE,ackley,3,790,8.69033733863489e-11,23760,30,0.8,0.2,rand
DE,ackley,3,791,6.763345439253499e-11,23790,30,0.8,0.2,rand
DE,ackley,3,792,6.763345439253499e-11,23820,30,0.8,0.2,rand
DE,ackley,3,793,6.763345439253499e-11,23850,30,0.8,0.2,rand
DE,ackley,3,794,6.763345439253499e-11,23880,30,0.8,0.2,rand
DE,ackley,3,795,6.763345439253499e-11,23910,30,0.8,0.2,rand
DE,ackley,3,796,6.763345439253499e-11,23940,30,0.8,0.2,rand
DE,ackley,3,797,6.763345439253499e-11,23970,30,0.8,0.2,rand
DE,ackley,3,798,6.763345439253499e-11,24000,30,0.8,0.2,rand
DE,ackley,3,799,5.431788352439071e-11,24030,30,0.8,0.2,rand
DE,ackley,3,800,5.3010484890592124e-11,24060,30,0.8,0.2,rand
DE,ackley,3,801,5.3010484890592124e-11,24090,30,0.8,0.2,rand
DE,ackley,3,802,5.3010484890592124e-11,24120,30,0.8,0.2,rand
DE,ackley,3,803,5.3010484890592124e-11,24150,30,0.8,0.2,rand
DE,ackley,3,804,4.949685106225843e-11,24180,30,0.8,0.2,rand
DE,ackley,3,805,4.949685106225843e-11,24210,30,0.8,0.2,rand
DE,ackley,3,806,4.164890654578812e-11,24240,30,0.8,0.2,rand
DE,ackley,3,807,3.885647359425093e-11,24270,30,0.8,0.2,rand
DE,ackley,3,808,3.885647359425093e-11,24300,30,0.8,0.2,rand
DE,ackley,3,809,3.885647359425093e-11,24330,30,0.8,0.2,rand
DE,ackley,3,810,3.885647359425093e-11,24360,30,0.8,0.2,rand
DE,ackley,3,811,3.6053382501677333e-11,24390,30,0.8,0.2,rand
DE,ackley,3,812,2.5565771721858255e-11,24420,30,0.8,0.2,rand
DE,ackley,3,813,2.5565771721858255e-11,24450,30,0.8,0.2,rand
DE,ackley,3,814,2.5565771721858255e-11,24480,30,0.8,0.2,rand
DE,ackley,3,815,2.5565771721858255e-11,24510,30,0.8,0.2,rand
DE,ackley,3,816,2.5565771721858255e-11,24540,30,0.8,0.2,rand
DE,ackley,3,817,2.5565771721858255e-11,24570,30,0.8,0.2,rand
DE,ackley,3,818,2.0922374943666e-11,24600,30,0.8,0.2,rand
DE,ackley,3,819,2.0922374943666e-11,24630,30,0.8,0.2,rand
DE,ackley,3,820,2.0922374943666e-11,24660,30,0.8,0.2,rand
DE,ackley,3,821,2.0922374943666e-11,24690,30,0.8,0.2,rand
DE,ackley,3,822,2.0922374943666e-11,24720,30,0.8,0.2,rand
DE,ackley,3,823,2.0922374943666e-11,24750,30,0.8,0.2,rand
DE,ackley,3,824,2.0922374943666e-11,24780,30,0.8,0.2,rand
DE,ackley,3,825,2.0922374943666e-11,24810,30,0.8,0.2,rand
DE,ackley,3,826,2.0922374943666e-11,24840,30,0.8,0.2,rand
DE,ackley,3,827,2.0922374943666e-11,24870,30,0.8,0.2,rand
DE,ackley,3,828,2.0922374943666e-11,24900,30,0.8,0.2,rand
DE,ackley,3,829,2.0922374943666e-11,24930,30,0.8,0.2,rand
DE,ackley,3,830,2.0922374943666e-11,24960,30,0.8,0.2,rand
DE,ackley,3,831,2.0922374943666e-11,24990,30,0.8,0.2,rand
DE,ackley,3,832,1.9700241438158628e-11,25020,30,0.8,0.2,rand
DE,ackley,3,833,1.9700241438158628e-11,25050,30,0.8,0.2,rand
DE,ackley,3,834,1.9700241438158628e-11,25080,30,0.8,0.2,rand
DE,ackley,3,835,1.9700241438158628e-11,25110,30,0.8,0.2,rand
DE,ackley,3,836,1.9700241438158628e-11,25140,30,0.8,0.2,rand
DE,ackley,3,837,1.7572165944557128e-11,25170,30,0.8,0.2,rand
DE,ackley,3,838,1.7572165944557128e-11,25200,30,0.8,0.2,rand
DE,ackley,3,839,1.7572165944557128e-11,25230,30,0.8,0.2,rand
DE,ackley,3,840,1.730926513232589e-11,25260,30,0.8,0.2,rand
DE,ackley,3,841,1.6350032439049755e-11,25290,30,0.8,0.2,rand
DE,ackley,3,842,1.4090506539332637e-11,25320,30,0.8,0.2,rand
DE,ackley,3,843,1.4090506539332637e-11,25350,30,0.8,0.2,rand
DE,ackley,3,844,1.1639134100960291e-11,25380,30,0.8,0.2,rand
DE,ackley,3,845,1.1639134100960291e-11,25410,30,0.8,0.2,rand
DE,ackley,3,846,1.1639134100960291e-11,25440,30,0.8,0.2,rand
DE,ackley,3,847,1.1639134100960291e-11,25470,30,0.8,0.2,rand
DE,ackley,3,848,1.1639134100960291e-11,25500,30,0.8,0.2,rand
DE,ackley,3,849,1.0949907647272994e-11,25530,30,0.8,0.2,rand
DE,ackley,3,850,1.0949907647272994e-11,25560,30,0.8,0.2,rand
DE,ackley,3,851,1.0949907647272994e-11,25590,30,0.8,0.2,rand
DE,ackley,3,852,1.0878853373696984e-11,25620,30,0.8,0.2,rand
DE,ackley,3,853,1.0878853373696984e-11,25650,30,0.8,0.2,rand
DE,ackley,3,854,1.0200285061046088e-11,25680,30,0.8,0.2,rand
DE,ackley,3,855,1.0200285061046088e-11,25710,30,0.8,0.2,rand
DE,ackley,3,856,1.0200285061046088e-11,25740,30,0.8,0.2,rand
DE,ackley,3,857,1.0200285061046088e-11,25770,30,0.8,0.2,rand
DE,ackley,3,858,8.097078563196192e-12,25800,30,0.8,0.2,rand
DE,ackley,3,859,8.097078563196192e-12,25830,30,0.8,0.2,rand
DE,ackley,3,860,6.036504629491901e-12,25860,30,0.8,0.2,rand
DE,ackley,3,861,6.036504629491901e-12,25890,30,0.8,0.2,rand
DE,ackley,3,862,6.036504629491901e-12,25920,30,0.8,0.2,rand
DE,ackley,3,863,6.036504629491901e-12,25950,30,0.8,0.2,rand
DE,ackley,3,864,6.036504629491901e-12,25980,30,0.8,0.2,rand
DE,ackley,3,865,6.036504629491901e-12,26010,30,0.8,0.2,rand
DE,ackley,3,866,6.036504629491901e-12,26040,30,0.8,0.2,rand
DE,ackley,3,867,6.036504629491901e-12,26070,30,0.8,0.2,rand
DE,ackley,3,868,6.036504629491901e-12,26100,30,0.8,0.2,rand
DE,ackley,3,869,6.036504629491901e-12,26130,30,0.8,0.2,rand
DE,ackley,3,870,6.036504629491901e-12,26160,30,0.8,0.2,rand
DE,ackley,3,871,6.036504629491901e-12,26190,30,0.8,0.2,rand
DE,ackley,3,872,6.036504629491901e-12,26220,30,0.8,0.2,rand
DE,ackley,3,873,6.036504629491901e-12,26250,30,0.8,0.2,rand
DE,ackley,3,874,5.6634696932178485e-12,26280,30,0.8,0.2,rand
DE,ackley,3,875,5.6634696932178485e-12,26310,30,0.8,0.2,rand
DE,ackley,3,876,5.6634696932178485e-12,26340,30,0.8,0.2,rand
DE,ackley,3,877,5.6634696932178485e-12,26370,30,0.8,0.2,rand
DE,ackley,3,878,5.1589843508281774e-12,26400,30,0.8,0.2,rand
DE,ackley,3,879,5.1589843508281774e-12,26430,30,0.8,0.2,rand
DE,ackley,3,880,4.6118664442929e-12,26460,30,0.8,0.2,rand
DE,ackley,3,881,4.6118664442929e-12,26490,30,0.8,0.2,rand
DE,ackley,3,882,3.4074965071795305e-12,26520,30,0.8,0.2,rand
DE,ackley,3,883,3.4074965071795305e-12,26550,30,0.8,0.2,rand
DE,ackley,3,884,3.4074965071795305e-12,26580,30,0.8,0.2,rand
DE,ackley,3,885,3.4074965071795305e-12,26610,30,0.8,0.2,rand
DE,ackley,3,886,3.4074965071795305e-12,26640,30,0.8,0.2,rand
DE,ackley,3,887,3.4074965071795305e-12,26670,30,0.8,0.2,rand
DE,ackley,3,888,2.4447111002245947e-12,26700,30,0.8,0.2,rand
DE,ackley,3,889,2.4447111002245947e-12,26730,30,0.8,0.2,rand
DE,ackley,3,890,2.4447111002245947e-12,26760,30,0.8,0.2,rand
DE,ackley,3,891,2.4447111002245947e-12,26790,30,0.8,0.2,rand
DE,ackley,3,892,2.4447111002245947e-12,26820,30,0.8,0.2,rand
DE,ackley,3,893,2.4447111002245947e-12,26850,30,0.8,0.2,rand
DE,ackley,3,894,2.4447111002245947e-12,26880,30,0.8,0.2,rand
DE,ackley,3,895,2.4447111002245947e-12,26910,30,0.8,0.2,rand
DE,ackley,3,896,2.4447111002245947e-12,26940,30,0.8,0.2,rand
DE,ackley,3,897,2.4447111002245947e-12,26970,30,0.8,0.2,rand
DE,ackley,3,898,2.4447111002245947e-12,27000,30,0.8,0.2,rand
DE,ackley,3,899,2.362998685612183e-12,27030,30,0.8,0.2,rand
DE,ackley,3,900,2.362998685612183e-12,27060,30,0.8,0.2,rand
DE,ackley,3,901,2.0468071681989386e-12,27090,30,0.8,0.2,rand
DE,ackley,3,902,1.1941558852868184e-12,27120,30,0.8,0.2,rand
DE,ackley,3,903,1.1941558852868184e-12,27150,30,0.8,0.2,rand
DE,ackley,3,904,1.1941558852868184e-12,27180,30,0.8,0.2,rand
DE,ackley,3,905,1.1941558852868184e-12,27210,30,0.8,0.2,rand
DE,ackley,3,906,1.1941558852868184e-12,27240,30,0.8,0.2,rand
DE,ackley,3,907,1.1941558852868184e-12,27270,30,0.8,0.2,rand
DE,ackley,3,908,1.1941558852868184e-12,27300,30,0.8,0.2,rand
DE,ackley,3,909,1.0769163338864018e-12,27330,30,0.8,0.2,rand
DE,ackley,3,910,1.0769163338864018e-12,27360,30,0.8,0.2,rand
DE,ackley,3,911,1.0769163338864018e-12,27390,30,0.8,0.2,rand
DE,ackley,3,912,1.0769163338864018e-12,27420,30,0.8,0.2,rand
DE,ackley,3,913,1.0769163338864018e-12,27450,30,0.8,0.2,rand
DE,ackley,3,914,1.0769163338864018e-12,27480,30,0.8,0.2,rand
DE,ackley,3,915,1.0769163338864018e-12,27510,30,0.8,0.2,rand
DE,ackley,3,916,1.0769163338864018e-12,27540,30,0.8,0.2,rand
DE,ackley,3,917,1.0769163338864018e-12,27570,30,0.8,0.2,rand
DE,ackley,3,918,1.0769163338864018e-12,27600,30,0.8,0.2,rand
DE,ackley,3,919,1.0769163338864018e-12,27630,30,0.8,0.2,rand
DE,ackley,3,920,8.566480858007708e-13,27660,30,0.8,0.2,rand
DE,ackley,3,921,8.566480858007708e-13,27690,30,0.8,0.2,rand
DE,ackley,3,922,8.566480858007708e-13,27720,30,0.8,0.2,rand
DE,ackley,3,923,8.566480858007708e-13,27750,30,0.8,0.2,rand
DE,ackley,3,924,8.566480858007708e-13,27780,30,0.8,0.2,rand
DE,ackley,3,925,8.530953721219703e-13,27810,30,0.8,0.2,rand
DE,ackley,3,926,8.530953721219703e-13,27840,30,0.8,0.2,rand
DE,ackley,3,927,8.530953721219703e-13,27870,30,0.8,0.2,rand
DE,ackley,3,928,8.530953721219703e-13,27900,30,0.8,0.2,rand
DE,ackley,3,929,7.855938122247608e-13,27930,30,0.8,0.2,rand
DE,ackley,3,930,7.855938122247608e-13,27960,30,0.8,0.2,rand
DE,ackley,3,931,7.038813976123492e-13,27990,30,0.8,0.2,rand
DE,ackley,3,932,7.038813976123492e-13,28020,30,0.8,0.2,rand
DE,ackley,3,933,5.972999872483342e-13,28050,30,0.8,0.2,rand
DE,ackley,3,934,5.972999872483342e-13,28080,30,0.8,0.2,rand
DE,ackley,3,935,5.972999872483342e-13,28110,30,0.8,0.2,rand
DE,ackley,3,936,4.587441537751147e-13,28140,30,0.8,0.2,rand
DE,ackley,3,937,4.587441537751147e-13,28170,30,0.8,0.2,rand
DE,ackley,3,938,4.587441537751147e-13,28200,30,0.8,0.2,rand
DE,ackley,3,939,4.2676973066591017e-13,28230,30,0.8,0.2,rand
DE,ackley,3,940,4.2676973066591017e-13,28260,30,0.8,0.2,rand
DE,ackley,3,941,4.2676973066591017e-13,28290,30,0.8,0.2,rand
DE,ackley,3,942,4.2676973066591017e-13,28320,30,0.8,0.2,rand
DE,ackley,3,943,4.2676973066591017e-13,28350,30,0.8,0.2,rand
DE,ackley,3,944,4.2676973066591017e-13,28380,30,0.8,0.2,rand
DE,ackley,3,945,4.2676973066591017e-13,28410,30,0.8,0.2,rand
DE,ackley,3,946,4.2676973066591017e-13,28440,30,0.8,0.2,rand
DE,ackley,3,947,4.2676973066591017e-13,28470,30,0.8,0.2,rand
DE,ackley,3,948,3.3795188869589765e-13,28500,30,0.8,0.2,rand
DE,ackley,3,949,2.8466118351389014e-13,28530,30,0.8,0.2,rand
DE,ackley,3,950,2.8466118351389014e-13,28560,30,0.8,0.2,rand
DE,ackley,3,951,2.8466118351389014e-13,28590,30,0.8,0.2,rand
DE,ackley,3,952,2.8466118351389014e-13,28620,30,0.8,0.2,rand
DE,ackley,3,953,2.8466118351389014e-13,28650,30,0.8,0.2,rand
DE,ackley,3,954,2.5623947408348613e-13,28680,30,0.8,0.2,rand
DE,ackley,3,955,2.4558133304708463e-13,28710,30,0.8,0.2,rand
DE,ackley,3,956,2.4558133304708463e-13,28740,30,0.8,0.2,rand
DE,ackley,3,957,2.278177646530821e-13,28770,30,0.8,0.2,rand
DE,ackley,3,958,2.278177646530821e-13,28800,30,0.8,0.2,rand
DE,ackley,3,959,2.278177646530821e-13,28830,30,0.8,0.2,rand
DE,ackley,3,960,2.278177646530821e-13,28860,30,0.8,0.2,rand
DE,ackley,3,961,2.278177646530821e-13,28890,30,0.8,0.2,rand
DE,ackley,3,962,2.278177646530821e-13,28920,30,0.8,0.2,rand
DE,ackley,3,963,2.278177646530821e-13,28950,30,0.8,0.2,rand
DE,ackley,3,964,2.278177646530821e-13,28980,30,0.8,0.2,rand
DE,ackley,3,965,1.9229062786507711e-13,29010,30,0.8,0.2,rand
DE,ackley,3,966,1.9229062786507711e-13,29040,30,0.8,0.2,rand
DE,ackley,3,967,1.9229062786507711e-13,29070,30,0.8,0.2,rand
DE,ackley,3,968,1.9229062786507711e-13,29100,30,0.8,0.2,rand
DE,ackley,3,969,1.9229062786507711e-13,29130,30,0.8,0.2,rand
DE,ackley,3,970,1.9229062786507711e-13,29160,30,0.8,0.2,rand
DE,ackley,3,971,1.247890679678676e-13,29190,30,0.8,0.2,rand
DE,ackley,3,972,1.247890679678676e-13,29220,30,0.8,0.2,rand
DE,ackley,3,973,1.247890679678676e-13,29250,30,0.8,0.2,rand
DE,ackley,3,974,1.247890679678676e-13,29280,30,0.8,0.2,rand
DE,ackley,3,975,1.247890679678676e-13,29310,30,0.8,0.2,rand
DE,ackley,3,976,1.247890679678676e-13,29340,30,0.8,0.2,rand
DE,ackley,3,977,1.247890679678676e-13,29370,30,0.8,0.2,rand
DE,ackley,3,978,1.141309269314661e-13,29400,30,0.8,0.2,rand
DE,ackley,3,979,1.141309269314661e-13,29430,30,0.8,0.2,rand
DE,ackley,3,980,1.141309269314661e-13,29460,30,0.8,0.2,rand
DE,ackley,3,981,1.0702549957386509e-13,29490,30,0.8,0.2,rand
DE,ackley,3,982,1.0702549957386509e-13,29520,30,0.8,0.2,rand
DE,ackley,3,983,1.0702549957386509e-13,29550,30,0.8,0.2,rand
DE,ackley,3,984,1.0702549957386509e-13,29580,30,0.8,0.2,rand
DE,ackley,3,985,1.0702549957386509e-13,29610,30,0.8,0.2,rand
DE,ackley,3,986,1.0702549957386509e-13,29640,30,0.8,0.2,rand
DE,ackley,3,987,8.570921750106208e-14,29670,30,0.8,0.2,rand
DE,ackley,3,988,8.570921750106208e-14,29700,30,0.8,0.2,rand
DE,ackley,3,989,8.570921750106208e-14,29730,30,0.8,0.2,rand
DE,ackley,3,990,8.570921750106208e-14,29760,30,0.8,0.2,rand
DE,ackley,3,991,8.570921750106208e-14,29790,30,0.8,0.2,rand
DE,ackley,3,992,8.570921750106208e-14,29820,30,0.8,0.2,rand
DE,ackley,3,993,8.570921750106208e-14,29850,30,0.8,0.2,rand
DE,ackley,3,994,8.570921750106208e-14,29880,30,0.8,0.2,rand
DE,ackley,3,995,8.570921750106208e-14,29910,30,0.8,0.2,rand
DE,ackley,3,996,8.570921750106208e-14,29940,30,0.8,0.2,rand
DE,ackley,3,997,8.570921750106208e-14,29970,30,0.8,0.2,rand
DE,ackley,3,998,8.570921750106208e-14,30000,30,0.8,0.2,rand
DE,ackley,3,999,7.505107646466058e-14,30030,30,0.8,0.2,rand
DE,ackley,3,1000,7.505107646466058e-14,30060,30,0.8,0.2,rand
DE,ackley,3,1001,7.505107646466058e-14,30090,30,0.8,0.2,rand
DE,ackley,3,1002,7.505107646466058e-14,30120,30,0.8,0.2,rand
DE,ackley,3,1003,6.439293542825908e-14,30150,30,0.8,0.2,rand
DE,ackley,3,1004,6.439293542825908e-14,30180,30,0.8,0.2,rand
DE,ackley,3,1005,6.439293542825908e-14,30210,30,0.8,0.2,rand
DE,ackley,3,1006,5.728750807065808e-14,30240,30,0.8,0.2,rand
DE,ackley,3,1007,5.728750807065808e-14,30270,30,0.8,0.2,rand
DE,ackley,3,1008,5.728750807065808e-14,30300,30,0.8,0.2,rand
DE,ackley,3,1009,5.728750807065808e-14,30330,30,0.8,0.2,rand
DE,ackley,3,1010,5.728750807065808e-14,30360,30,0.8,0.2,rand
DE,ackley,3,1011,5.728750807065808e-14,30390,30,0.8,0.2,rand
DE,ackley,3,1012,5.728750807065808e-14,30420,30,0.8,0.2,rand
DE,ackley,3,1013,5.728750807065808e-14,30450,30,0.8,0.2,rand
DE,ackley,3,1014,5.3734794391857577e-14,30480,30,0.8,0.2,rand
DE,ackley,3,1015,5.3734794391857577e-14,30510,30,0.8,0.2,rand
DE,ackley,3,1016,4.3076653355456074e-14,30540,30,0.8,0.2,rand
DE,ackley,3,1017,4.3076653355456074e-14,30570,30,0.8,0.2,rand
DE,ackley,3,1018,4.3076653355456074e-14,30600,30,0.8,0.2,rand
DE,ackley,3,1019,4.3076653355456074e-14,30630,30,0.8,0.2,rand
DE,ackley,3,1020,4.3076653355456074e-14,30660,30,0.8,0.2,rand
DE,ackley,3,1021,4.3076653355456074e-14,30690,30,0.8,0.2,rand
DE,ackley,3,1022,3.952393967665557e-14,30720,30,0.8,0.2,rand
DE,ackley,3,1023,3.952393967665557e-14,30750,30,0.8,0.2,rand
DE,ackley,3,1024,3.952393967665557e-14,30780,30,0.8,0.2,rand
DE,ackley,3,1025,3.952393967665557e-14,30810,30,0.8,0.2,rand
DE,ackley,3,1026,3.952393967665557e-14,30840,30,0.8,0.2,rand
DE,ackley,3,1027,3.952393967665557e-14,30870,30,0.8,0.2,rand
DE,ackley,3,1028,2.531308496145357e-14,30900,30,0.8,0.2,rand
DE,ackley,3,1029,2.531308496145357e-14,30930,30,0.8,0.2,rand
DE,ackley,3,1030,2.531308496145357e-14,30960,30,0.8,0.2,rand
DE,ackley,3,1031,2.531308496145357e-14,30990,30,0.8,0.2,rand
DE,ackley,3,1032,2.531308496145357e-14,31020,30,0.8,0.2,rand
DE,ackley,3,1033,2.531308496145357e-14,31050,30,0.8,0.2,rand
DE,ackley,3,1034,2.531308496145357e-14,31080,30,0.8,0.2,rand
DE,ackley,3,1035,2.531308496145357e-14,31110,30,0.8,0.2,rand
DE,ackley,3,1036,2.531308496145357e-14,31140,30,0.8,0.2,rand
DE,ackley,3,1037,1.8207657603852567e-14,31170,30,0.8,0.2,rand
DE,ackley,3,1038,1.8207657603852567e-14,31200,30,0.8,0.2,rand
DE,ackley,3,1039,1.8207657603852567e-14,31230,30,0.8,0.2,rand
DE,ackley,3,1040,1.8207657603852567e-14,31260,30,0.8,0.2,rand
DE,ackley,3,1041,1.8207657603852567e-14,31290,30,0.8,0.2,rand
DE,ackley,3,1042,1.8207657603852567e-14,31320,30,0.8,0.2,rand
DE,ackley,3,1043,1.8207657603852567e-14,31350,30,0.8,0.2,rand
DE,ackley,3,1044,1.8207657603852567e-14,31380,30,0.8,0.2,rand
DE,ackley,3,1045,1.4654943925052066e-14,31410,30,0.8,0.2,rand
DE,ackley,3,1046,1.4654943925052066e-14,31440,30,0.8,0.2,rand
DE,ackley,3,1047,1.4654943925052066e-14,31470,30,0.8,0.2,rand
DE,ackley,3,1048,1.4654943925052066e-14,31500,30,0.8,0.2,rand
DE,ackley,3,1049,1.4654943925052066e-14,31530,30,0.8,0.2,rand
DE,ackley,3,1050,1.4654943925052066e-14,31560,30,0.8,0.2,rand
DE,ackley,3,1051,1.4654943925052066e-14,31590,30,0.8,0.2,rand
DE,ackley,3,1052,1.4654943925052066e-14,31620,30,0.8,0.2,rand
DE,ackley,3,1053,1.4654943925052066e-14,31650,30,0.8,0.2,rand
DE,ackley,3,1054,1.4654943925052066e-14,31680,30,0.8,0.2,rand
DE,ackley,3,1055,1.4654943925052066e-14,31710,30,0.8,0.2,rand
DE,ackley,3,1056,1.1102230246251565e-14,31740,30,0.8,0.2,rand
DE,ackley,3,1057,1.1102230246251565e-14,31770,30,0.8,0.2,rand
DE,ackley,3,1058,1.1102230246251565e-14,31800,30,0.8,0.2,rand
DE,ackley,3,1059,1.1102230246251565e-14,31830,30,0.8,0.2,rand
DE,ackley,3,1060,1.1102230246251565e-14,31860,30,0.8,0.2,rand
DE,ackley,3,1061,1.1102230246251565e-14,31890,30,0.8,0.2,rand
DE,ackley,3,1062,1.1102230246251565e-14,31920,30,0.8,0.2,rand
DE,ackley,3,1063,1.1102230246251565e-14,31950,30,0.8,0.2,rand
DE,ackley,3,1064,1.1102230246251565e-14,31980,30,0.8,0.2,rand
DE,ackley,3,1065,1.1102230246251565e-14,32010,30,0.8,0.2,rand
DE,ackley,3,1066,1.1102230246251565e-14,32040,30,0.8,0.2,rand
DE,ackley,3,1067,1.1102230246251565e-14,32070,30,0.8,0.2,rand
DE,ackley,3,1068,1.1102230246251565e-14,32100,30,0.8,0.2,rand
DE,ackley,3,1069,1.1102230246251565e-14,32130,30,0.8,0.2,rand
DE,ackley,3,1070,1.1102230246251565e-14,32160,30,0.8,0.2,rand
DE,ackley,3,1071,1.1102230246251565e-14,32190,30,0.8,0.2,rand
DE,ackley,3,1072,1.1102230246251565e-14,32220,30,0.8,0.2,rand
DE,ackley,3,1073,1.1102230246251565e-14,32250,30,0.8,0.2,rand
DE,ackley,3,1074,1.1102230246251565e-14,32280,30,0.8,0.2,rand
DE,ackley,3,1075,1.1102230246251565e-14,32310,30,0.8,0.2,rand
DE,ackley,3,1076,1.1102230246251565e-14,32340,30,0.8,0.2,rand
DE,ackley,3,1077,1.1102230246251565e-14,32370,30,0.8,0.2,rand
DE,ackley,3,1078,1.1102230246251565e-14,32400,30,0.8,0.2,rand
DE,ackley,3,1079,1.1102230246251565e-14,32430,30,0.8,0.2,rand
DE,ackley,3,1080,7.549516567451064e-15,32460,30,0.8,0.2,rand
DE,ackley,3,1081,7.549516567451064e-15,32490,30,0.8,0.2,rand
DE,ackley,3,1082,7.549516567451064e-15,32520,30,0.8,0.2,rand
DE,ackley,3,1083,7.549516567451064e-15,32550,30,0.8,0.2,rand
DE,ackley,3,1084,7.549516567451064e-15,32580,30,0.8,0.2,rand
DE,ackley,3,1085,7.549516567451064e-15,32610,30,0.8,0.2,rand
DE,ackley,3,1086,7.549516567451064e-15,32640,30,0.8,0.2,rand
DE,ackley,3,1087,7.549516567451064e-15,32670,30,0.8,0.2,rand
DE,ackley,3,1088,7.549516567451064e-15,32700,30,0.8,0.2,rand
DE,ackley,3,1089,7.549516567451064e-15,32730,30,0.8,0.2,rand
DE,ackley,3,1090,7.549516567451064e-15,32760,30,0.8,0.2,rand
DE,ackley,3,1091,7.549516567451064e-15,32790,30,0.8,0.2,rand
DE,ackley,3,1092,3.9968028886505635e-15,32820,30,0.8,0.2,rand
DE,ackley,3,1093,3.9968028886505635e-15,32850,30,0.8,0.2,rand
DE,ackley,3,1094,3.9968028886505635e-15,32880,30,0.8,0.2,rand
DE,ackley,3,1095,3.9968028886505635e-15,32910,30,0.8,0.2,rand
DE,ackley,3,1096,3.9968028886505635e-15,32940,30,0.8,0.2,rand
DE,ackley,3,1097,3.9968028886505635e-15,32970,30,0.8,0.2,rand
DE,ackley,3,1098,3.9968028886505635e-15,33000,30,0.8,0.2,rand
DE,ackley,3,1099,3.9968028886505635e-15,33030,30,0.8,0.2,rand
DE,ackley,3,1100,3.9968028886505635e-15,33060,30,0.8,0.2,rand
DE,ackley,3,1101,3.9968028886505635e-15,33090,30,0.8,0.2,rand
DE,ackley,3,1102,3.9968028886505635e-15,33120,30,0.8,0.2,rand
DE,ackley,3,1103,3.9968028886505635e-15,33150,30,0.8,0.2,rand
DE,ackley,3,1104,3.9968028886505635e-15,33180,30,0.8,0.2,rand
DE,ackley,3,1105,3.9968028886505635e-15,33210,30,0.8,0.2,rand
DE,ackley,3,1106,3.9968028886505635e-15,33240,30,0.8,0.2,rand
DE,ackley,3,1107,3.9968028886505635e-15,33270,30,0.8,0.2,rand
DE,ackley,3,1108,3.9968028886505635e-15,33300,30,0.8,0.2,rand
DE,ackley,3,1109,3.9968028886505635e-15,33330,30,0.8,0.2,rand
DE,ackley,3,1110,3.9968028886505635e-15,33360,30,0.8,0.2,rand
DE,ackley,3,1111,3.9968028886505635e-15,33390,30,0.8,0.2,rand
DE,ackley,3,1112,3.9968028886505635e-15,33420,30,0.8,0.2,rand
DE,ackley,3,1113,3.9968028886505635e-15,33450,30,0.8,0.2,rand
DE,ackley,3,1114,3.9968028886505635e-15,33480,30,0.8,0.2,rand
DE,ackley,3,1115,3.9968028886505635e-15,33510,30,0.8,0.2,rand
DE,ackley,3,1116,3.9968028886505635e-15,33540,30,0.8,0.2,rand
DE,ackley,3,1117,3.9968028886505635e-15,33570,30,0.8,0.2,rand
DE,ackley,3,1118,3.9968028886505635e-15,33600,30,0.8,0.2,rand
DE,ackley,3,1119,3.9968028886505635e-15,33630,30,0.8,0.2,rand
DE,ackley,3,1120,3.9968028886505635e-15,33660,30,0.8,0.2,rand
DE,ackley,3,1121,3.9968028886505635e-15,33690,30,0.8,0.2,rand
DE,ackley,3,1122,3.9968028886505635e-15,33720,30,0.8,0.2,rand
DE,ackley,3,1123,3.9968028886505635e-15,33750,30,0.8,0.2,rand
DE,ackley,3,1124,3.9968028886505635e-15,33780,30,0.8,0.2,rand
DE,ackley,3,1125,3.9968028886505635e-15,33810,30,0.8,0.2,rand
DE,ackley,3,1126,3.9968028886505635e-15,33840,30,0.8,0.2,rand
DE,ackley,3,1127,3.9968028886505635e-15,33870,30,0.8,0.2,rand
DE,ackley,3,1128,3.9968028886505635e-15,33900,30,0.8,0.2,rand
DE,ackley,3,1129,3.9968028886505635e-15,33930,30,0.8,0.2,rand
DE,ackley,3,1130,3.9968028886505635e-15,33960,30,0.8,0.2,rand
DE,ackley,3,1131,3.9968028886505635e-15,33990,30,0.8,0.2,rand
DE,ackley,3,1132,3.9968028886505635e-15,34020,30,0.8,0.2,rand
DE,ackley,3,1133,3.9968028886505635e-15,34050,30,0.8,0.2,rand
DE,ackley,3,1134,3.9968028886505635e-15,34080,30,0.8,0.2,rand
DE,ackley,3,1135,3.9968028886505635e-15,34110,30,0.8,0.2,rand
DE,ackley,3,1136,3.9968028886505635e-15,34140,30,0.8,0.2,rand
DE,ackley,3,1137,3.9968028886505635e-15,34170,30,0.8,0.2,rand
DE,ackley,3,1138,3.9968028886505635e-15,34200,30,0.8,0.2,rand
DE,ackley,3,1139,3.9968028886505635e-15,34230,30,0.8,0.2,rand
DE,ackley,3,1140,3.9968028886505635e-15,34260,30,0.8,0.2,rand
DE,ackley,3,1141,3.9968028886505635e-15,34290,30,0.8,0.2,rand
DE,ackley,3,1142,3.9968028886505635e-15,34320,30,0.8,0.2,rand
DE,ackley,3,1143,3.9968028886505635e-15,34350,30,0.8,0.2,rand
DE,ackley,3,1144,3.9968028886505635e-15,34380,30,0.8,0.2,rand
DE,ackley,3,1145,3.9968028886505635e-15,34410,30,0.8,0.2,rand
DE,ackley,3,1146,3.9968028886505635e-15,34440,30,0.8,0.2,rand
DE,ackley,3,1147,3.9968028886505635e-15,34470,30,0.8,0.2,rand
DE,ackley,3,1148,3.9968028886505635e-15,34500,30,0.8,0.2,rand
DE,ackley,3,1149,3.9968028886505635e-15,34530,30,0.8,0.2,rand
DE,ackley,3,1150,3.9968028886505635e-15,34560,30,0.8,0.2,rand
DE,ackley,3,1151,3.9968028886505635e-15,34590,30,0.8,0.2,rand
DE,ackley,3,1152,3.9968028886505635e-15,34620,30,0.8,0.2,rand
DE,ackley,3,1153,3.9968028886505635e-15,34650,30,0.8,0.2,rand
DE,ackley,3,1154,3.9968028886505635e-15,34680,30,0.8,0.2,rand
DE,ackley,3,1155,3.9968028886505635e-15,34710,30,0.8,0.2,rand
DE,ackley,3,1156,3.9968028886505635e-15,34740,30,0.8,0.2,rand
DE,ackley,3,1157,3.9968028886505635e-15,34770,30,0.8,0.2,rand
DE,ackley,3,1158,3.9968028886505635e-15,34800,30,0.8,0.2,rand
DE,ackley,3,1159,3.9968028886505635e-15,34830,30,0.8,0.2,rand
DE,ackley,3,1160,3.9968028886505635e-15,34860,30,0.8,0.2,rand
DE,ackley,3,1161,3.9968028886505635e-15,34890,30,0.8,0.2,rand
DE,ackley,3,1162,3.9968028886505635e-15,34920,30,0.8,0.2,rand
DE,ackley,3,1163,3.9968028886505635e-15,34950,30,0.8,0.2,rand
DE,ackley,3,1164,3.9968028886505635e-15,34980,30,0.8,0.2,rand
DE,ackley,3,1165,3.9968028886505635e-15,35010,30,0.8,0.2,rand
DE,ackley,3,1166,3.9968028886505635e-15,35040,30,0.8,0.2,rand
DE,ackley,3,1167,3.9968028886505635e-15,35070,30,0.8,0.2,rand
DE,ackley,3,1168,3.9968028886505635e-15,35100,30,0.8,0.2,rand
DE,ackley,3,1169,3.9968028886505635e-15,35130,30,0.8,0.2,rand
DE,ackley,3,1170,3.9968028886505635e-15,35160,30,0.8,0.2,rand
DE,ackley,3,1171,3.9968028886505635e-15,35190,30,0.8,0.2,rand
DE,ackley,3,1172,3.9968028886505635e-15,35220,30,0.8,0.2,rand
DE,ackley,3,1173,3.9968028886505635e-15,35250,30,0.8,0.2,rand
DE,ackley,3,1174,3.9968028886505635e-15,35280,30,0.8,0.2,rand
DE,ackley,3,1175,3.9968028886505635e-15,35310,30,0.8,0.2,rand
DE,ackley,3,1176,3.9968028886505635e-15,35340,30,0.8,0.2,rand
DE,ackley,3,1177,3.9968028886505635e-15,35370,30,0.8,0.2,rand
DE,ackley,3,1178,3.9968028886505635e-15,35400,30,0.8,0.2,rand
DE,ackley,3,1179,3.9968028886505635e-15,35430,30,0.8,0.2,rand
DE,ackley,3,1180,3.9968028886505635e-15,35460,30,0.8,0.2,rand
DE,ackley,3,1181,3.9968028886505635e-15,35490,30,0.8,0.2,rand
DE,ackley,3,1182,3.9968028886505635e-15,35520,30,0.8,0.2,rand
DE,ackley,3,1183,3.9968028886505635e-15,35550,30,0.8,0.2,rand
DE,ackley,3,1184,3.9968028886505635e-15,35580,30,0.8,0.2,rand
DE,ackley,3,1185,3.9968028886505635e-15,35610,30,0.8,0.2,rand
DE,ackley,3,1186,3.9968028886505635e-15,35640,30,0.8,0.2,rand
DE,ackley,3,1187,3.9968028886505635e-15,35670,30,0.8,0.2,rand
DE,ackley,3,1188,3.9968028886505635e-15,35700,30,0.8,0.2,rand
DE,ackley,3,1189,3.9968028886505635e-15,35730,30,0.8,0.2,rand
DE,ackley,3,1190,3.9968028886505635e-15,35760,30,0.8,0.2,rand
DE,ackley,3,1191,3.9968028886505635e-15,35790,30,0.8,0.2,rand
DE,ackley,3,1192,3.9968028886505635e-15,35820,30,0.8,0.2,rand
DE,ackley,3,1193,3.9968028886505635e-15,35850,30,0.8,0.2,rand
DE,ackley,3,1194,3.9968028886505635e-15,35880,30,0.8,0.2,rand
DE,ackley,3,1195,3.9968028886505635e-15,35910,30,0.8,0.2,rand
DE,ackley,3,1196,3.9968028886505635e-15,35940,30,0.8,0.2,rand
DE,ackley,3,1197,3.9968028886505635e-15,35970,30,0.8,0.2,rand
DE,ackley,3,1198,3.9968028886505635e-15,36000,30,0.8,0.2,rand
DE,ackley,3,1199,3.9968028886505635e-15,36030,30,0.8,0.2,rand
DE,ackley,4,0,20.161749170665953,60,30,0.8,0.2,rand
DE,ackley,4,1,20.161749170665953,90,30,0.8,0.2,rand
DE,ackley,4,2,20.161749170665953,120,30,0.8,0.2,rand
DE,ackley,4,3,20.161749170665953,150,30,0.8,0.2,rand
DE,ackley,4,4,20.161749170665953,180,30,0.8,0.2,rand
DE,ackley,4,5,18.996747150597443,210,30,0.8,0.2,rand
DE,ackley,4,6,18.996747150597443,240,30,0.8,0.2,rand
DE,ackley,4,7,18.996747150597443,270,30,0.8,0.2,rand
DE,ackley,4,8,18.798083572603016,300,30,0.8,0.2,rand
DE,ackley,4,9,18.798083572603016,330,30,0.8,0.2,rand
DE,ackley,4,10,18.798083572603016,360,30,0.8,0.2,rand
DE,ackley,4,11,17.973180472844202,390,30,0.8,0.2,rand
DE,ackley,4,12,17.013419267850075,420,30,0.8,0.2,rand
DE,ackley,4,13,17.013419267850075,450,30,0.8,0.2,rand
DE,ackley,4,14,17.013419267850075,480,30,0.8,0.2,rand
DE,ackley,4,15,17.013419267850075,510,30,0.8,0.2,rand
DE,ackley,4,16,17.013419267850075,540,30,0.8,0.2,rand
DE,ackley,4,17,17.013419267850075,570,30,0.8,0.2,rand
DE,ackley,4,18,17.013419267850075,600,30,0.8,0.2,rand
DE,ackley,4,19,16.890178841235038,630,30,0.8,0.2,rand
DE,ackley,4,20,16.890178841235038,660,30,0.8,0.2,rand
DE,ackley,4,21,16.890178841235038,690,30,0.8,0.2,rand
DE,ackley,4,22,15.94752444124919,720,30,0.8,0.2,rand
DE,ackley,4,23,15.94752444124919,750,30,0.8,0.2,rand
DE,ackley,4,24,14.37621768764834,780,30,0.8,0.2,rand
DE,ackley,4,25,12.10045007573152,810,30,0.8,0.2,rand
DE,ackley,4,26,12.10045007573152,840,30,0.8,0.2,rand
DE,ackley,4,27,12.10045007573152,870,30,0.8,0.2,rand
DE,ackley,4,28,12.10045007573152,900,30,0.8,0.2,rand
DE,ackley,4,29,12.10045007573152,930,30,0.8,0.2,rand
DE,ackley,4,30,12.10045007573152,960,30,0.8,0.2,rand
DE,ackley,4,31,12.10045007573152,990,30,0.8,0.2,rand
DE,ackley,4,32,12.10045007573152,1020,30,0.8,0.2,rand
DE,ackley,4,33,12.10045007573152,1050,30,0.8,0.2,rand
DE,ackley,4,34,12.10045007573152,1080,30,0.8,0.2,rand
DE,ackley,4,35,12.10045007573152,1110,30,0.8,0.2,rand
DE,ackley,4,36,12.10045007573152,1140,30,0.8,0.2,rand
DE,ackley,4,37,12.10045007573152,1170,30,0.8,0.2,rand
DE,ackley,4,38,12.10045007573152,1200,30,0.8,0.2,rand
DE,ackley,4,39,12.045100761239018,1230,30,0.8,0.2,rand
DE,ackley,4,40,12.045100761239018,1260,30,0.8,0.2,rand
DE,ackley,4,41,11.685687741721116,1290,30,0.8,0.2,rand
DE,ackley,4,42,11.685687741721116,1320,30,0.8,0.2,rand
DE,ackley,4,43,11.685687741721116,1350,30,0.8,0.2,rand
DE,ackley,4,44,11.685687741721116,1380,30,0.8,0.2,rand
DE,ackley,4,45,11.685687741721116,1410,30,0.8,0.2,rand
DE,ackley,4,46,11.685687741721116,1440,30,0.8,0.2,rand
DE,ackley,4,47,11.685687741721116,1470,30,0.8,0.2,rand
DE,ackley,4,48,11.685687741721116,1500,30,0.8,0.2,rand
DE,ackley,4,49,11.281574567544247,1530,30,0.8,0.2,rand
DE,ackley,4,50,10.815755304951988,1560,30,0.8,0.2,rand
DE,ackley,4,51,8.184381803944461,1590,30,0.8,0.2,rand
DE,ackley,4,52,8.184381803944461,1620,30,0.8,0.2,rand
DE,ackley,4,53,8.184381803944461,1650,30,0.8,0.2,rand
DE,ackley,4,54,8.184381803944461,1680,30,0.8,0.2,rand
DE,ackley,4,55,8.184381803944461,1710,30,0.8,0.2,rand
DE,ackley,4,56,8.184381803944461,1740,30,0.8,0.2,rand
DE,ackley,4,57,8.184381803944461,1770,30,0.8,0.2,rand
DE,ackley,4,58,7.665800830014339,1800,30,0.8,0.2,rand
DE,ackley,4,59,7.665800830014339,1830,30,0.8,0.2,rand
DE,ackley,4,60,7.665800830014339,1860,30,0.8,0.2,rand
DE,ackley,4,61,7.504305922833327,1890,30,0.8,0.2,rand
DE,ackley,4,62,7.504305922833327,1920,30,0.8,0.2,rand
DE,ackley,4,63,7.504305922833327,1950,30,0.8,0.2,rand
DE,ackley,4,64,7.504305922833327,1980,30,0.8,0.2,rand
DE,ackley,4,65,7.504305922833327,2010,30,0.8,0.2,rand
DE,ackley,4,66,7.504305922833327,2040,30,0.8,0.2,rand
DE,ackley,4,67,7.504305922833327,2070,30,0.8,0.2,rand
DE,ackley,4,68,7.504305922833327,2100,30,0.8,0.2,rand
DE,ackley,4,69,7.504305922833327,2130,30,0.8,0.2,rand
DE,ackley,4,70,7.504305922833327,2160,30,0.8,0.2,rand
DE,ackley,4,71,7.496323075752121,2190,30,0.8,0.2,rand
DE,ackley,4,72,7.496323075752121,2220,30,0.8,0.2,rand
DE,ackley,4,73,7.295310099880826,2250,30,0.8,0.2,rand
DE,ackley,4,74,7.295310099880826,2280,30,0.8,0.2,rand
DE,ackley,4,75,6.1131818865000405,2310,30,0.8,0.2,rand
DE,ackley,4,76,6.1131818865000405,2340,30,0.8,0.2,rand
DE,ackley,4,77,6.1131818865000405,2370,30,0.8,0.2,rand
DE,ackley,4,78,6.1131818865000405,2400,30,0.8,0.2,rand
DE,ackley,4,79,6.1131818865000405,2430,30,0.8,0.2,rand
DE,ackley,4,80,6.1131818865000405,2460,30,0.8,0.2,rand
DE,ackley,4,81,6.1131818865000405,2490,30,0.8,0.2,rand
DE,ackley,4,82,5.3191081297749605,2520,30,0.8,0.2,rand
DE,ackley,4,83,5.3191081297749605,2550,30,0.8,0.2,rand
DE,ackley,4,84,5.3191081297749605,2580,30,0.8,0.2,rand
DE,ackley,4,85,5.3191081297749605,2610,30,0.8,0.2,rand
DE,ackley,4,86,5.3191081297749605,2640,30,0.8,0.2,rand
DE,ackley,4,87,5.3191081297749605,2670,30,0.8,0.2,rand
DE,ackley,4,88,5.1711946511914135,2700,30,0.8,0.2,rand
DE,ackley,4,89,5.1711946511914135,2730,30,0.8,0.2,rand
DE,ackley,4,90,5.121098340988244,2760,30,0.8,0.2,rand
DE,ackley,4,91,5.121098340988244,2790,30,0.8,0.2,rand
DE,ackley,4,92,5.121098340988244,2820,30,0.8,0.2,rand
DE,ackley,4,93,5.121098340988244,2850,30,0.8,0.2,rand
DE,ackley,4,94,4.582113937342417,2880,30,0.8,0.2,rand
DE,ackley,4,95,4.582113937342417,2910,30,0.8,0.2,rand
DE,ackley,4,96,4.582113937342417,2940,30,0.8,0.2,rand
DE,ackley,4,97,4.239550110812665,2970,30,0.8,0.2,rand
DE,ackley,4,98,4.239550110812665,3000,30,0.8,0.2,rand
DE,ackley,4,99,4.239550110812665,3030,30,0.8,0.2,rand
DE,ackley,4,100,4.239550110812665,3060,30,0.8,0.2,rand
DE,ackley,4,101,4.239550110812665,3090,30,0.8,0.2,rand
DE,ackley,4,102,4.239550110812665,3120,30,0.8,0.2,rand
DE,ackley,4,103,4.095675359941467,3150,30,0.8,0.2,rand
DE,ackley,4,104,4.095675359941467,3180,30,0.8,0.2,rand
DE,ackley,4,105,4.025594967158664,3210,30,0.8,0.2,rand
DE,ackley,4,106,3.870660051589795,3240,30,0.8,0.2,rand
DE,ackley,4,107,3.8601898130016576,3270,30,0.8,0.2,rand
DE,ackley,4,108,3.8601898130016576,3300,30,0.8,0.2,rand
DE,ackley,4,109,3.8601898130016576,3330,30,0.8,0.2,rand
DE,ackley,4,110,3.8228230951572013,3360,30,0.8,0.2,rand
DE,ackley,4,111,3.636806169971902,3390,30,0.8,0.2,rand
DE,ackley,4,112,3.636806169971902,3420,30,0.8,0.2,rand
DE,ackley,4,113,3.636806169971902,3450,30,0.8,0.2,rand
DE,ackley,4,114,3.636806169971902,3480,30,0.8,0.2,rand
DE,ackley,4,115,3.6166960261071073,3510,30,0.8,0.2,rand
DE,ackley,4,116,3.6166960261071073,3540,30,0.8,0.2,rand
DE,ackley,4,117,3.50473410606352,3570,30,0.8,0.2,rand
DE,ackley,4,118,3.2149529073389975,3600,30,0.8,0.2,rand
DE,ackley,4,119,3.2149529073389975,3630,30,0.8,0.2,rand
DE,ackley,4,120,3.0320896304562948,3660,30,0.8,0.2,rand
DE,ackley,4,121,3.0303113835074034,3690,30,0.8,0.2,rand
DE,ackley,4,122,2.991428535992782,3720,30,0.8,0.2,rand
DE,ackley,4,123,2.9789745835348787,3750,30,0.8,0.2,rand
DE,ackley,4,124,2.542011620058901,3780,30,0.8,0.2,rand
DE,ackley,4,125,2.542011620058901,3810,30,0.8,0.2,rand
DE,ackley,4,126,2.542011620058901,3840,30,0.8,0.2,rand
DE,ackley,4,127,2.542011620058901,3870,30,0.8,0.2,rand
DE,ackley,4,128,2.519768171988638,3900,30,0.8,0.2,rand
DE,ackley,4,129,2.519768171988638,3930,30,0.8,0.2,rand
DE,ackley,4,130,2.519768171988638,3960,30,0.8,0.2,rand
DE,ackley,4,131,2.519768171988638,3990,30,0.8,0.2,rand
DE,ackley,4,132,2.2578075138220695,4020,30,0.8,0.2,rand
DE,ackley,4,133,2.2578075138220695,4050,30,0.8,0.2,rand
DE,ackley,4,134,2.2578075138220695,4080,30,0.8,0.2,rand
DE,ackley,4,135,2.2578075138220695,4110,30,0.8,0.2,rand
DE,ackley,4,136,2.2578075138220695,4140,30,0.8,0.2,rand
DE,ackley,4,137,2.2578075138220695,4170,30,0.8,0.2,rand
DE,ackley,4,138,2.107155916635826,4200,30,0.8,0.2,rand
DE,ackley,4,139,1.9945166518229063,4230,30,0.8,0.2,rand
DE,ackley,4,140,1.9319219542550496,4260,30,0.8,0.2,rand
DE,ackley,4,141,1.9319219542550496,4290,30,0.8,0.2,rand
DE,ackley,4,142,1.442916596255142,4320,30,0.8,0.2,rand
DE,ackley,4,143,1.442916596255142,4350,30,0.8,0.2,rand
DE,ackley,4,144,1.317818076711284,4380,30,0.8,0.2,rand
DE,ackley,4,145,1.2837224356957688,4410,30,0.8,0.2,rand
DE,ackley,4,146,1.2837224356957688,4440,30,0.8,0.2,rand
DE,ackley,4,147,1.2809528860921593,4470,30,0.8,0.2,rand
DE,ackley,4,148,1.2809528860921593,4500,30,0.8,0.2,rand
DE,ackley,4,149,0.9315878776191124,4530,30,0.8,0.2,rand
DE,ackley,4,150,0.9315878776191124,4560,30,0.8,0.2,rand
DE,ackley,4,151,0.9315878776191124,4590,30,0.8,0.2,rand
DE,ackley,4,152,0.755654543244852,4620,30,0.8,0.2,rand
DE,ackley,4,153,0.755654543244852,4650,30,0.8,0.2,rand
DE,ackley,4,154,0.755654543244852,4680,30,0.8,0.2,rand
DE,ackley,4,155,0.755654543244852,4710,30,0.8,0.2,rand
DE,ackley,4,156,0.755654543244852,4740,30,0.8,0.2,rand
DE,ackley,4,157,0.755654543244852,4770,30,0.8,0.2,rand
DE,ackley,4,158,0.755654543244852,4800,30,0.8,0.2,rand
DE,ackley,4,159,0.755654543244852,4830,30,0.8,0.2,rand
DE,ackley,4,160,0.755654543244852,4860,30,0.8,0.2,rand
DE,ackley,4,161,0.755654543244852,4890,30,0.8,0.2,rand
DE,ackley,4,162,0.6096181294049967,4920,30,0.8,0.2,rand
DE,ackley,4,163,0.6096181294049967,4950,30,0.8,0.2,rand
DE,ackley,4,164,0.6096181294049967,4980,30,0.8,0.2,rand
DE,ackley,4,165,0.555131383807709,5010,30,0.8,0.2,rand
DE,ackley,4,166,0.555131383807709,5040,30,0.8,0.2,rand
DE,ackley,4,167,0.4015611434326094,5070,30,0.8,0.2,rand
DE,ackley,4,168,0.4015611434326094,5100,30,0.8,0.2,rand
DE,ackley,4,169,0.4015611434326094,5130,30,0.8,0.2,rand
DE,ackley,4,170,0.4015611434326094,5160,30,0.8,0.2,rand
DE,ackley,4,171,0.4015611434326094,5190,30,0.8,0.2,rand
DE,ackley,4,172,0.33071047708223533,5220,30,0.8,0.2,rand
DE,ackley,4,173,0.25771912656049567,5250,30,0.8,0.2,rand
DE,ackley,4,174,0.25771912656049567,5280,30,0.8,0.2,rand
DE,ackley,4,175,0.25771912656049567,5310,30,0.8,0.2,rand
DE,ackley,4,176,0.25771912656049567,5340,30,0.8,0.2,rand
DE,ackley,4,177,0.25771912656049567,5370,30,0.8,0.2,rand
DE,ackley,4,178,0.25771912656049567,5400,30,0.8,0.2,rand
DE,ackley,4,179,0.25771912656049567,5430,30,0.8,0.2,rand
DE,ackley,4,180,0.25771912656049567,5460,30,0.8,0.2,rand
DE,ackley,4,181,0.2537704169691861,5490,30,0.8,0.2,rand
DE,ackley,4,182,0.22388250262438492,5520,30,0.8,0.2,rand
DE,ackley,4,183,0.22388250262438492,5550,30,0.8,0.2,rand
DE,ackley,4,184,0.14024461980688274,5580,30,0.8,0.2,rand
DE,ackley,4,185,0.14024461980688274,5610,30,0.8,0.2,rand
DE,ackley,4,186,0.14024461980688274,5640,30,0.8,0.2,rand
DE,ackley,4,187,0.14024461980688274,5670,30,0.8,0.2,rand
DE,ackley,4,188,0.14024461980688274,5700,30,0.8,0.2,rand
DE,ackley,4,189,0.14024461980688274,5730,30,0.8,0.2,rand
DE,ackley,4,190,0.13847137105688434,5760,30,0.8,0.2,rand
DE,ackley,4,191,0.13847137105688434,5790,30,0.8,0.2,rand
DE,ackley,4,192,0.13847137105688434,5820,30,0.8,0.2,rand
DE,ackley,4,193,0.09918111816347919,5850,30,0.8,0.2,rand
DE,ackley,4,194,0.09918111816347919,5880,30,0.8,0.2,rand
DE,ackley,4,195,0.09918111816347919,5910,30,0.8,0.2,rand
DE,ackley,4,196,0.09918111816347919,5940,30,0.8,0.2,rand
DE,ackley,4,197,0.07871832835945058,5970,30,0.8,0.2,rand
DE,ackley,4,198,0.07871832835945058,6000,30,0.8,0.2,rand
DE,ackley,4,199,0.07871832835945058,6030,30,0.8,0.2,rand
DE,ackley,4,200,0.07871832835945058,6060,30,0.8,0.2,rand
DE,ackley,4,201,0.07871832835945058,6090,30,0.8,0.2,rand
DE,ackley,4,202,0.07871832835945058,6120,30,0.8,0.2,rand
DE,ackley,4,203,0.05974381753488034,6150,30,0.8,0.2,rand
DE,ackley,4,204,0.05974381753488034,6180,30,0.8,0.2,rand
DE,ackley,4,205,0.05974381753488034,6210,30,0.8,0.2,rand
DE,ackley,4,206,0.05974381753488034,6240,30,0.8,0.2,rand
DE,ackley,4,207,0.04979920763348078,6270,30,0.8,0.2,rand
DE,ackley,4,208,0.04892066779234172,6300,30,0.8,0.2,rand
DE,ackley,4,209,0.04892066779234172,6330,30,0.8,0.2,rand
DE,ackley,4,210,0.04892066779234172,6360,30,0.8,0.2,rand
DE,ackley,4,211,0.04892066779234172,6390,30,0.8,0.2,rand
DE,ackley,4,212,0.04892066779234172,6420,30,0.8,0.2,rand
DE,ackley,4,213,0.04892066779234172,6450,30,0.8,0.2,rand
DE,ackley,4,214,0.04892066779234172,6480,30,0.8,0.2,rand
DE,ackley,4,215,0.04892066779234172,6510,30,0.8,0.2,rand
DE,ackley,4,216,0.046848520575221375,6540,30,0.8,0.2,rand
DE,ackley,4,217,0.046848520575221375,6570,30,0.8,0.2,rand
DE,ackley,4,218,0.046848520575221375,6600,30,0.8,0.2,rand
DE,ackley,4,219,0.04307345969344256,6630,30,0.8,0.2,rand
DE,ackley,4,220,0.04307345969344256,6660,30,0.8,0.2,rand
DE,ackley,4,221,0.04307345969344256,6690,30,0.8,0.2,rand
DE,ackley,4,222,0.03655992710976763,6720,30,0.8,0.2,rand
DE,ackley,4,223,0.03655992710976763,6750,30,0.8,0.2,rand
DE,ackley,4,224,0.03655992710976763,6780,30,0.8,0.2,rand
DE,ackley,4,225,0.03655992710976763,6810,30,0.8,0.2,rand
DE,ackley,4,226,0.03655992710976763,6840,30,0.8,0.2,rand
DE,ackley,4,227,0.03655992710976763,6870,30,0.8,0.2,rand
DE,ackley,4,228,0.029581709123434496,6900,30,0.8,0.2,rand
DE,ackley,4,229,0.029581709123434496,6930,30,0.8,0.2,rand
DE,ackley,4,230,0.029581709123434496,6960,30,0.8,0.2,rand
DE,ackley,4,231,0.028376740767264597,6990,30,0.8,0.2,rand
DE,ackley,4,232,0.028376740767264597,7020,30,0.8,0.2,rand
DE,ackley,4,233,0.028376740767264597,7050,30,0.8,0.2,rand
DE,ackley,4,234,0.028376740767264597,7080,30,0.8,0.2,rand
DE,ackley,4,235,0.028211368676416715,7110,30,0.8,0.2,rand
DE,ackley,4,236,0.028211368676416715,7140,30,0.8,0.2,rand
DE,ackley,4,237,0.02678635080999614,7170,30,0.8,0.2,rand
DE,ackley,4,238,0.02678635080999614,7200,30,0.8,0.2,rand
DE,ackley,4,239,0.025737920738958753,7230,30,0.8,0.2,rand
DE,ackley,4,240,0.024240080315156565,7260,30,0.8,0.2,rand
DE,ackley,4,241,0.017213084292788228,7290,30,0.8,0.2,rand
DE,ackley,4,242,0.017213084292788228,7320,30,0.8,0.2,rand
DE,ackley,4,243,0.017213084292788228,7350,30,0.8,0.2,rand
DE,ackley,4,244,0.017213084292788228,7380,30,0.8,0.2,rand
DE,ackley,4,245,0.017213084292788228,7410,30,0.8,0.2,rand
DE,ackley,4,246,0.016733829722590077,7440,30,0.8,0.2,rand
DE,ackley,4,247,0.016733829722590077,7470,30,0.8,0.2,rand
DE,ackley,4,248,0.016733829722590077,7500,30,0.8,0.2,rand
DE,ackley,4,249,0.016733829722590077,7530,30,0.8,0.2,rand
DE,ackley,4,250,0.016565994935554773,7560,30,0.8,0.2,rand
DE,ackley,4,251,0.016565994935554773,7590,30,0.8,0.2,rand
DE,ackley,4,252,0.016565994935554773,7620,30,0.8,0.2,rand
DE,ackley,4,253,0.010171116826427795,7650,30,0.8,0.2,rand
DE,ackley,4,254,0.010171116826427795,7680,30,0.8,0.2,rand
DE,ackley,4,255,0.010171116826427795,7710,30,0.8,0.2,rand
DE,ackley,4,256,0.010171116826427795,7740,30,0.8,0.2,rand
DE,ackley,4,257,0.010171116826427795,7770,30,0.8,0.2,rand
DE,ackley,4,258,0.010171116826427795,7800,30,0.8,0.2,rand
DE,ackley,4,259,0.010171116826427795,7830,30,0.8,0.2,rand
DE,ackley,4,260,0.010171116826427795,7860,30,0.8,0.2,rand
DE,ackley,4,261,0.010171116826427795,7890,30,0.8,0.2,rand
DE,ackley,4,262,0.009738895931591163,7920,30,0.8,0.2,rand
DE,ackley,4,263,0.009738895931591163,7950,30,0.8,0.2,rand
DE,ackley,4,264,0.009738895931591163,7980,30,0.8,0.2,rand
DE,ackley,4,265,0.008350308954576224,8010,30,0.8,0.2,rand
DE,ackley,4,266,0.008350308954576224,8040,30,0.8,0.2,rand
DE,ackley,4,267,0.008350308954576224,8070,30,0.8,0.2,rand
DE,ackley,4,268,0.00818813330632695,8100,30,0.8,0.2,rand
DE,ackley,4,269,0.0066503101938661935,8130,30,0.8,0.2,rand
DE,ackley,4,270,0.0066503101938661935,8160,30,0.8,0.2,rand
DE,ackley,4,271,0.0066503101938661935,8190,30,0.8,0.2,rand
DE,ackley,4,272,0.0066503101938661935,8220,30,0.8,0.2,rand
DE,ackley,4,273,0.0066503101938661935,8250,30,0.8,0.2,rand
DE,ackley,4,274,0.0066503101938661935,8280,30,0.8,0.2,rand
DE,ackley,4,275,0.00639906325673012,8310,30,0.8,0.2,rand
DE,ackley,4,276,0.00639906325673012,8340,30,0.8,0.2,rand
DE,ackley,4,277,0.00639906325673012,8370,30,0.8,0.2,rand
DE,ackley,4,278,0.0063400725171978145,8400,30,0.8,0.2,rand
DE,ackley,4,279,0.0063400725171978145,8430,30,0.8,0.2,rand
DE,ackley,4,280,0.0063400725171978145,8460,30,0.8,0.2,rand
DE,ackley,4,281,0.005795456002442467,8490,30,0.8,0.2,rand
DE,ackley,4,282,0.004009143495473655,8520,30,0.8,0.2,rand
DE,ackley,4,283,0.004009143495473655,8550,30,0.8,0.2,rand
DE,ackley,4,284,0.004009143495473655,8580,30,0.8,0.2,rand
DE,ackley,4,285,0.004009143495473655,8610,30,0.8,0.2,rand
DE,ackley,4,286,0.002948183677862648,8640,30,0.8,0.2,rand
DE,ackley,4,287,0.002948183677862648,8670,30,0.8,0.2,rand
DE,ackley,4,288,0.002948183677862648,8700,30,0.8,0.2,rand
DE,ackley,4,289,0.002948183677862648,8730,30,0.8,0.2,rand
DE,ackley,4,290,0.002948183677862648,8760,30,0.8,0.2,rand
DE,ackley,4,291,0.002948183677862648,8790,30,0.8,0.2,rand
DE,ackley,4,292,0.002948183677862648,8820,30,0.8,0.2,rand
DE,ackley,4,293,0.002660016108848584,8850,30,0.8,0.2,rand
DE,ackley,4,294,0.002660016108848584,8880,30,0.8,0.2,rand
DE,ackley,4,295,0.002660016108848584,8910,30,0.8,0.2,rand
DE,ackley,4,296,0.002660016108848584,8940,30,0.8,0.2,rand
DE,ackley,4,297,0.0020589593710842458,8970,30,0.8,0.2,rand
DE,ackley,4,298,0.0020589593710842458,9000,30,0.8,0.2,rand
DE,ackley,4,299,0.0020589593710842458,9030,30,0.8,0.2,rand
DE,ackley,4,300,0.0020589593710842458,9060,30,0.8,0.2,rand
DE,ackley,4,301,0.0020589593710842458,9090,30,0.8,0.2,rand
DE,ackley,4,302,0.0020589593710842458,9120,30,0.8,0.2,rand
DE,ackley,4,303,0.0020589593710842458,9150,30,0.8,0.2,rand
DE,ackley,4,304,0.0020589593710842458,9180,30,0.8,0.2,rand
DE,ackley,4,305,0.0020589593710842458,9210,30,0.8,0.2,rand
DE,ackley,4,306,0.002037619622644815,9240,30,0.8,0.2,rand
DE,ackley,4,307,0.002037619622644815,9270,30,0.8,0.2,rand
DE,ackley,4,308,0.002037619622644815,9300,30,0.8,0.2,rand
DE,ackley,4,309,0.002037619622644815,9330,30,0.8,0.2,rand
DE,ackley,4,310,0.0018190797365993383,9360,30,0.8,0.2,rand
DE,ackley,4,311,0.0013930886818731558,9390,30,0.8,0.2,rand
DE,ackley,4,312,0.0013930886818731558,9420,30,0.8,0.2,rand
DE,ackley,4,313,0.0013930886818731558,9450,30,0.8,0.2,rand
DE,ackley,4,314,0.0013930886818731558,9480,30,0.8,0.2,rand
DE,ackley,4,315,0.0013930886818731558,9510,30,0.8,0.2,rand
DE,ackley,4,316,0.0013930886818731558,9540,30,0.8,0.2,rand
DE,ackley,4,317,0.0013930886818731558,9570,30,0.8,0.2,rand
DE,ackley,4,318,0.0013331556756850382,9600,30,0.8,0.2,rand
DE,ackley,4,319,0.0013331556756850382,9630,30,0.8,0.2,rand
DE,ackley,4,320,0.0013331556756850382,9660,30,0.8,0.2,rand
DE,ackley,4,321,0.0013331556756850382,9690,30,0.8,0.2,rand
DE,ackley,4,322,0.0013331556756850382,9720,30,0.8,0.2,rand
DE,ackley,4,323,0.0013202911749137236,9750,30,0.8,0.2,rand
DE,ackley,4,324,0.0012827869054992114,9780,30,0.8,0.2,rand
DE,ackley,4,325,0.0011963842242086464,9810,30,0.8,0.2,rand
DE,ackley,4,326,0.0011963842242086464,9840,30,0.8,0.2,rand
DE,ackley,4,327,0.0011963842242086464,9870,30,0.8,0.2,rand
DE,ackley,4,328,0.0011346109068850474,9900,30,0.8,0.2,rand
DE,ackley,4,329,0.0011346109068850474,9930,30,0.8,0.2,rand
DE,ackley,4,330,0.0010112489361167043,9960,30,0.8,0.2,rand
DE,ackley,4,331,0.0009131268472306608,9990,30,0.8,0.2,rand
DE,ackley,4,332,0.0008801770296753553,10020,30,0.8,0.2,rand
DE,ackley,4,333,0.0008800296397635243,10050,30,0.8,0.2,rand
DE,ackley,4,334,0.0008620628024229582,10080,30,0.8,0.2,rand
DE,ackley,4,335,0.0006897382929413887,10110,30,0.8,0.2,rand
DE,ackley,4,336,0.0006897382929413887,10140,30,0.8,0.2,rand
DE,ackley,4,337,0.0006742278244087352,10170,30,0.8,0.2,rand
DE,ackley,4,338,0.0006150474325932187,10200,30,0.8,0.2,rand
DE,ackley,4,339,0.0005506762043769875,10230,30,0.8,0.2,rand
DE,ackley,4,340,0.0005506762043769875,10260,30,0.8,0.2,rand
DE,ackley,4,341,0.0005506762043769875,10290,30,0.8,0.2,rand
DE,ackley,4,342,0.0005506762043769875,10320,30,0.8,0.2,rand
DE,ackley,4,343,0.0005506762043769875,10350,30,0.8,0.2,rand
DE,ackley,4,344,0.0005506762043769875,10380,30,0.8,0.2,rand
DE,ackley,4,345,0.0005506762043769875,10410,30,0.8,0.2,rand
DE,ackley,4,346,0.0005506762043769875,10440,30,0.8,0.2,rand
DE,ackley,4,347,0.0005506762043769875,10470,30,0.8,0.2,rand
DE,ackley,4,348,0.0005506762043769875,10500,30,0.8,0.2,rand
DE,ackley,4,349,0.0005506762043769875,10530,30,0.8,0.2,rand
DE,ackley,4,350,0.0005506762043769875,10560,30,0.8,0.2,rand
DE,ackley,4,351,0.0004925065885648117,10590,30,0.8,0.2,rand
DE,ackley,4,352,0.0004925065885648117,10620,30,0.8,0.2,rand
DE,ackley,4,353,0.0004925065885648117,10650,30,0.8,0.2,rand
DE,ackley,4,354,0.0004727918101541384,10680,30,0.8,0.2,rand
DE,ackley,4,355,0.0004727918101541384,10710,30,0.8,0.2,rand
DE,ackley,4,356,0.0004727918101541384,10740,30,0.8,0.2,rand
DE,ackley,4,357,0.0004727918101541384,10770,30,0.8,0.2,rand
DE,ackley,4,358,0.0004727918101541384,10800,30,0.8,0.2,rand
DE,ackley,4,359,0.00043892837100090176,10830,30,0.8,0.2,rand
DE,ackley,4,360,0.0003387429119681151,10860,30,0.8,0.2,rand
DE,ackley,4,361,0.0003387429119681151,10890,30,0.8,0.2,rand
DE,ackley,4,362,0.00031986121490534813,10920,30,0.8,0.2,rand
DE,ackley,4,363,0.00031986121490534813,10950,30,0.8,0.2,rand
DE,ackley,4,364,0.00031986121490534813,10980,30,0.8,0.2,rand
DE,ackley,4,365,0.00031986121490534813,11010,30,0.8,0.2,rand
DE,ackley,4,366,0.0002669171175573304,11040,30,0.8,0.2,rand
DE,ackley,4,367,0.0002669171175573304,11070,30,0.8,0.2,rand
DE,ackley,4,368,0.0002669171175573304,11100,30,0.8,0.2,rand
DE,ackley,4,369,0.0002415178525336792,11130,30,0.8,0.2,rand
DE,ackley,4,370,0.0002415178525336792,11160,30,0.8,0.2,rand
DE,ackley,4,371,0.00017507154485629783,11190,30,0.8,0.2,rand
DE,ackley,4,372,0.00017507154485629783,11220,30,0.8,0.2,rand
DE,ackley,4,373,0.0001328776434346146,11250,30,0.8,0.2,rand
DE,ackley,4,374,0.0001328776434346146,11280,30,0.8,0.2,rand
DE,ackley,4,375,0.0001328776434346146,11310,30,0.8,0.2,rand
DE,ackley,4,376,0.0001328776434346146,11340,30,0.8,0.2,rand
DE,ackley,4,377,0.0001328776434346146,11370,30,0.8,0.2,rand
DE,ackley,4,378,0.00012944822073679418,11400,30,0.8,0.2,rand
DE,ackley,4,379,0.00012944822073679418,11430,30,0.8,0.2,rand
DE,ackley,4,380,0.00012944822073679418,11460,30,0.8,0.2,rand
DE,ackley,4,381,0.00012944822073679418,11490,30,0.8,0.2,rand
DE,ackley,4,382,0.00011606402011610228,11520,30,0.8,0.2,rand
DE,ackley,4,383,0.00011606402011610228,11550,30,0.8,0.2,rand
DE,ackley,4,384,0.00011606402011610228,11580,30,0.8,0.2,rand
DE,ackley,4,385,0.00011606402011610228,11610,30,0.8,0.2,rand
DE,ackley,4,386,0.00011606402011610228,11640,30,0.8,0.2,rand
DE,ackley,4,387,0.00011606402011610228,11670,30,0.8,0.2,rand
DE,ackley,4,388,0.00011606402011610228,11700,30,0.8,0.2,rand
DE,ackley,4,389,0.00011381990706782474,11730,30,0.8,0.2,rand
DE,ackley,4,390,0.00011358633443281363,11760,30,0.8,0.2,rand
DE,ackley,4,391,9.349988522489028e-05,11790,30,0.8,0.2,rand
DE,ackley,4,392,9.349988522489028e-05,11820,30,0.8,0.2,rand
DE,ackley,4,393,9.349988522489028e-05,11850,30,0.8,0.2,rand
DE,ackley,4,394,9.262564931633577e-05,11880,30,0.8,0.2,rand
DE,ackley,4,395,9.044095066856883e-05,11910,30,0.8,0.2,rand
DE,ackley,4,396,9.044095066856883e-05,11940,30,0.8,0.2,rand
DE,ackley,4,397,8.435514012150591e-05,11970,30,0.8,0.2,rand
DE,ackley,4,398,8.435514012150591e-05,12000,30,0.8,0.2,rand
DE,ackley,4,399,8.140123300792723e-05,12030,30,0.8,0.2,rand
DE,ackley,4,400,8.140123300792723e-05,12060,30,0.8,0.2,rand
DE,ackley,4,401,8.140123300792723e-05,12090,30,0.8,0.2,rand
DE,ackley,4,402,8.140123300792723e-05,12120,30,0.8,0.2,rand
DE,ackley,4,403,8.079469244437476e-05,12150,30,0.8,0.2,rand
DE,ackley,4,404,7.812547322716412e-05,12180,30,0.8,0.2,rand
DE,ackley,4,405,6.895315886312758e-05,12210,30,0.8,0.2,rand
DE,ackley,4,406,6.595012501309228e-05,12240,30,0.8,0.2,rand
DE,ackley,4,407,4.150128921454055e-05,12270,30,0.8,0.2,rand
DE,ackley,4,408,4.150128921454055e-05,12300,30,0.8,0.2,rand
DE,ackley,4,409,4.150128921454055e-05,12330,30,0.8,0.2,rand
DE,ackley,4,410,4.150128921454055e-05,12360,30,0.8,0.2,rand
DE,ackley,4,411,4.150128921454055e-05,12390,30,0.8,0.2,rand
DE,ackley,4,412,4.150128921454055e-05,12420,30,0.8,0.2,rand
DE,ackley,4,413,3.759186726925989e-05,12450,30,0.8,0.2,rand
DE,ackley,4,414,3.759186726925989e-05,12480,30,0.8,0.2,rand
DE,ackley,4,415,3.759186726925989e-05,12510,30,0.8,0.2,rand
DE,ackley,4,416,3.759186726925989e-05,12540,30,0.8,0.2,rand
DE,ackley,4,417,3.759186726925989e-05,12570,30,0.8,0.2,rand
DE,ackley,4,418,3.759186726925989e-05,12600,30,0.8,0.2,rand
DE,ackley,4,419,2.2451563066017144e-05,12630,30,0.8,0.2,rand
DE,ackley,4,420,2.2451563066017144e-05,12660,30,0.8,0.2,rand
DE,ackley,4,421,2.2451563066017144e-05,12690,30,0.8,0.2,rand
DE,ackley,4,422,2.2451563066017144e-05,12720,30,0.8,0.2,rand
DE,ackley,4,423,2.2451563066017144e-05,12750,30,0.8,0.2,rand
DE,ackley,4,424,2.2451563066017144e-05,12780,30,0.8,0.2,rand
DE,ackley,4,425,1.8907308018345503e-05,12810,30,0.8,0.2,rand
DE,ackley,4,426,1.8907308018345503e-05,12840,30,0.8,0.2,rand
DE,ackley,4,427,1.8907308018345503e-05,12870,30,0.8,0.2,rand
DE,ackley,4,428,1.8907308018345503e-05,12900,30,0.8,0.2,rand
DE,ackley,4,429,1.8907308018345503e-05,12930,30,0.8,0.2,rand
DE,ackley,4,430,1.8907308018345503e-05,12960,30,0.8,0.2,rand
DE,ackley,4,431,1.8907308018345503e-05,12990,30,0.8,0.2,rand
DE,ackley,4,432,1.8907308018345503e-05,13020,30,0.8,0.2,rand
DE,ackley,4,433,1.8300466998244502e-05,13050,30,0.8,0.2,rand
DE,ackley,4,434,1.8300466998244502e-05,13080,30,0.8,0.2,rand
DE,ackley,4,435,1.8300466998244502e-05,13110,30,0.8,0.2,rand
DE,ackley,4,436,1.8300466998244502e-05,13140,30,0.8,0.2,rand
DE,ackley,4,437,1.8300466998244502e-05,13170,30,0.8,0.2,rand
DE,ackley,4,438,1.8300466998244502e-05,13200,30,0.8,0.2,rand
DE,ackley,4,439,1.8300466998244502e-05,13230,30,0.8,0.2,rand
DE,ackley,4,440,1.8300466998244502e-05,13260,30,0.8,0.2,rand
DE,ackley,4,441,1.8300466998244502e-05,13290,30,0.8,0.2,rand
DE,ackley,4,442,1.8300466998244502e-05,13320,30,0.8,0.2,rand
DE,ackley,4,443,1.8300466998244502e-05,13350,30,0.8,0.2,rand
DE,ackley,4,444,1.8300466998244502e-05,13380,30,0.8,0.2,rand
DE,ackley,4,445,1.4724558397904985e-05,13410,30,0.8,0.2,rand
DE,ackley,4,446,1.4724558397904985e-05,13440,30,0.8,0.2,rand
DE,ackley,4,447,1.4724558397904985e-05,13470,30,0.8,0.2,rand
DE,ackley,4,448,1.3294452572143456e-05,13500,30,0.8,0.2,rand
DE,ackley,4,449,1.1025200855829809e-05,13530,30,0.8,0.2,rand
DE,ackley,4,450,1.1025200855829809e-05,13560,30,0.8,0.2,rand
DE,ackley,4,451,1.1025200855829809e-05,13590,30,0.8,0.2,rand
DE,ackley,4,452,1.1025200855829809e-05,13620,30,0.8,0.2,rand
DE,ackley,4,453,1.1025200855829809e-05,13650,30,0.8,0.2,rand
DE,ackley,4,454,1.1025200855829809e-05,13680,30,0.8,0.2,rand
DE,ackley,4,455,1.1025200855829809e-05,13710,30,0.8,0.2,rand
DE,ackley,4,456,1.0522178705674179e-05,13740,30,0.8,0.2,rand
DE,ackley,4,457,1.0522178705674179e-05,13770,30,0.8,0.2,rand
DE,ackley,4,458,1.0522178705674179e-05,13800,30,0.8,0.2,rand
DE,ackley,4,459,1.0522178705674179e-05,13830,30,0.8,0.2,rand
DE,ackley,4,460,8.779823140958598e-06,13860,30,0.8,0.2,rand
DE,ackley,4,461,8.779823140958598e-06,13890,30,0.8,0.2,rand
DE,ackley,4,462,8.779823140958598e-06,13920,30,0.8,0.2,rand
DE,ackley,4,463,8.779823140958598e-06,13950,30,0.8,0.2,rand
DE,ackley,4,464,8.238119090453466e-06,13980,30,0.8,0.2,rand
DE,ackley,4,465,8.238119090453466e-06,14010,30,0.8,0.2,rand
DE,ackley,4,466,8.238119090453466e-06,14040,30,0.8,0.2,rand
DE,ackley,4,467,8.238119090453466e-06,14070,30,0.8,0.2,rand
DE,ackley,4,468,8.238119090453466e-06,14100,30,0.8,0.2,rand
DE,ackley,4,469,8.238119090453466e-06,14130,30,0.8,0.2,rand
DE,ackley,4,470,7.21239547774033e-06,14160,30,0.8,0.2,rand
DE,ackley,4,471,7.21239547774033e-06,14190,30,0.8,0.2,rand
DE,ackley,4,472,6.5835223819199484e-06,14220,30,0.8,0.2,rand
DE,ackley,4,473,6.5835223819199484e-06,14250,30,0.8,0.2,rand
DE,ackley,4,474,6.329422238326998e-06,14280,30,0.8,0.2,rand
DE,ackley,4,475,6.329422238326998e-06,14310,30,0.8,0.2,rand
DE,ackley,4,476,4.413274958370295e-06,14340,30,0.8,0.2,rand
DE,ackley,4,477,4.413274958370295e-06,14370,30,0.8,0.2,rand
DE,ackley,4,478,4.349797575020631e-06,14400,30,0.8,0.2,rand
DE,ackley,4,479,4.349797575020631e-06,14430,30,0.8,0.2,rand
DE,ackley,4,480,4.349797575020631e-06,14460,30,0.8,0.2,rand
DE,ackley,4,481,4.349797575020631e-06,14490,30,0.8,0.2,rand
DE,ackley,4,482,4.349797575020631e-06,14520,30,0.8,0.2,rand
DE,ackley,4,483,4.349797575020631e-06,14550,30,0.8,0.2,rand
DE,ackley,4,484,4.349797575020631e-06,14580,30,0.8,0.2,rand
DE,ackley,4,485,3.8093584291409854e-06,14610,30,0.8,0.2,rand
DE,ackley,4,486,3.8093584291409854e-06,14640,30,0.8,0.2,rand
DE,ackley,4,487,3.8093584291409854e-06,14670,30,0.8,0.2,rand
DE,ackley,4,488,3.8093584291409854e-06,14700,30,0.8,0.2,rand
DE,ackley,4,489,3.8093584291409854e-06,14730,30,0.8,0.2,rand
DE,ackley,4,490,3.8093584291409854e-06,14760,30,0.8,0.2,rand
DE,ackley,4,491,2.3287334021127037e-06,14790,30,0.8,0.2,rand
DE,ackley,4,492,2.3287334021127037e-06,14820,30,0.8,0.2,rand
DE,ackley,4,493,2.3287334021127037e-06,14850,30,0.8,0.2,rand
DE,ackley,4,494,2.3287334021127037e-06,14880,30,0.8,0.2,rand
DE,ackley,4,495,2.3287334021127037e-06,14910,30,0.8,0.2,rand
DE,ackley,4,496,2.3287334021127037e-06,14940,30,0.8,0.2,rand
DE,ackley,4,497,2.295547450348323e-06,14970,30,0.8,0.2,rand
DE,ackley,4,498,2.295547450348323e-06,15000,30,0.8,0.2,rand
DE,ackley,4,499,2.295547450348323e-06,15030,30,0.8,0.2,rand
DE,ackley,4,500,2.295547450348323e-06,15060,30,0.8,0.2,rand
DE,ackley,4,501,2.295547450348323e-06,15090,30,0.8,0.2,rand
DE,ackley,4,502,2.295547450348323e-06,15120,30,0.8,0.2,rand
DE,ackley,4,503,2.295547450348323e-06,15150,30,0.8,0.2,rand
DE,ackley,4,504,2.0913202196659597e-06,15180,30,0.8,0.2,rand
DE,ackley,4,505,2.0913202196659597e-06,15210,30,0.8,0.2,rand
DE,ackley,4,506,1.7853673424106375e-06,15240,30,0.8,0.2,rand
DE,ackley,4,507,1.7853673424106375e-06,15270,30,0.8,0.2,rand
DE,ackley,4,508,1.6052640714470101e-06,15300,30,0.8,0.2,rand
DE,ackley,4,509,1.4473368570300238e-06,15330,30,0.8,0.2,rand
DE,ackley,4,510,1.4473368570300238e-06,15360,30,0.8,0.2,rand
DE,ackley,4,511,1.4473368570300238e-06,15390,30,0.8,0.2,rand
DE,ackley,4,512,1.4473368570300238e-06,15420,30,0.8,0.2,rand
DE,ackley,4,513,1.4473368570300238e-06,15450,30,0.8,0.2,rand
DE,ackley,4,514,1.4473368570300238e-06,15480,30,0.8,0.2,rand
DE,ackley,4,515,1.4473368570300238e-06,15510,30,0.8,0.2,rand
DE,ackley,4,516,1.4473368570300238e-06,15540,30,0.8,0.2,rand
DE,ackley,4,517,1.4473368570300238e-06,15570,30,0.8,0.2,rand
DE,ackley,4,518,1.2287648272213403e-06,15600,30,0.8,0.2,rand
DE,ackley,4,519,1.2287648272213403e-06,15630,30,0.8,0.2,rand
DE,ackley,4,520,1.1685730965105279e-06,15660,30,0.8,0.2,rand
DE,ackley,4,521,9.452345008931218e-07,15690,30,0.8,0.2,rand
DE,ackley,4,522,9.452345008931218e-07,15720,30,0.8,0.2,rand
DE,ackley,4,523,9.452345008931218e-07,15750,30,0.8,0.2,rand
DE,ackley,4,524,9.452345008931218e-07,15780,30,0.8,0.2,rand
DE,ackley,4,525,9.452345008931218e-07,15810,30,0.8,0.2,rand
DE,ackley,4,526,9.452345008931218e-07,15840,30,0.8,0.2,rand
DE,ackley,4,527,9.452345008931218e-07,15870,30,0.8,0.2,rand
DE,ackley,4,528,9.452345008931218e-07,15900,30,0.8,0.2,rand
DE,ackley,4,529,9.452345008931218e-07,15930,30,0.8,0.2,rand
DE,ackley,4,530,9.452345008931218e-07,15960,30,0.8,0.2,rand
DE,ackley,4,531,9.11719614027362e-07,15990,30,0.8,0.2,rand
DE,ackley,4,532,7.282615190895569e-07,16020,30,0.8,0.2,rand
DE,ackley,4,533,7.282615190895569e-07,16050,30,0.8,0.2,rand
DE,ackley,4,534,7.282615190895569e-07,16080,30,0.8,0.2,rand
DE,ackley,4,535,5.242842608943477e-07,16110,30,0.8,0.2,rand
DE,ackley,4,536,5.148760249262807e-07,16140,30,0.8,0.2,rand
DE,ackley,4,537,5.148760249262807e-07,16170,30,0.8,0.2,rand
DE,ackley,4,538,5.148760249262807e-07,16200,30,0.8,0.2,rand
DE,ackley,4,539,5.148760249262807e-07,16230,30,0.8,0.2,rand
DE,ackley,4,540,5.148760249262807e-07,16260,30,0.8,0.2,rand
DE,ackley,4,541,5.148760249262807e-07,16290,30,0.8,0.2,rand
DE,ackley,4,542,5.030228966695915e-07,16320,30,0.8,0.2,rand
DE,ackley,4,543,4.076316142409553e-07,16350,30,0.8,0.2,rand
DE,ackley,4,544,4.076316142409553e-07,16380,30,0.8,0.2,rand
DE,ackley,4,545,4.076316142409553e-07,16410,30,0.8,0.2,rand
DE,ackley,4,546,4.076316142409553e-07,16440,30,0.8,0.2,rand
DE,ackley,4,547,4.076316142409553e-07,16470,30,0.8,0.2,rand
DE,ackley,4,548,4.003287021880908e-07,16500,30,0.8,0.2,rand
DE,ackley,4,549,4.003287021880908e-07,16530,30,0.8,0.2,rand
DE,ackley,4,550,4.003287021880908e-07,16560,30,0.8,0.2,rand
DE,ackley,4,551,4.003287021880908e-07,16590,30,0.8,0.2,rand
DE,ackley,4,552,4.003287021880908e-07,16620,30,0.8,0.2,rand
DE,ackley,4,553,4.003287021880908e-07,16650,30,0.8,0.2,rand
DE,ackley,4,554,4.003287021880908e-07,16680,30,0.8,0.2,rand
DE,ackley,4,555,2.9293659098428293e-07,16710,30,0.8,0.2,rand
DE,ackley,4,556,2.9293659098428293e-07,16740,30,0.8,0.2,rand
DE,ackley,4,557,2.9293659098428293e-07,16770,30,0.8,0.2,rand
DE,ackley,4,558,2.9293659098428293e-07,16800,30,0.8,0.2,rand
DE,ackley,4,559,2.9293659098428293e-07,16830,30,0.8,0.2,rand
DE,ackley,4,560,2.9293659098428293e-07,16860,30,0.8,0.2,rand
DE,ackley,4,561,2.9293659098428293e-07,16890,30,0.8,0.2,rand
DE,ackley,4,562,2.9293659098428293e-07,16920,30,0.8,0.2,rand
DE,ackley,4,563,2.5613517040667944e-07,16950,30,0.8,0.2,rand
DE,ackley,4,564,2.1773773584143896e-07,16980,30,0.8,0.2,rand
DE,ackley,4,565,2.0000568001776742e-07,17010,30,0.8,0.2,rand
DE,ackley,4,566,2.0000568001776742e-07,17040,30,0.8,0.2,rand
DE,ackley,4,567,2.0000568001776742e-07,17070,30,0.8,0.2,rand
DE,ackley,4,568,2.0000568001776742e-07,17100,30,0.8,0.2,rand
DE,ackley,4,569,2.0000568001776742e-07,17130,30,0.8,0.2,rand
DE,ackley,4,570,2.0000568001776742e-07,17160,30,0.8,0.2,rand
DE,ackley,4,571,2.0000568001776742e-07,17190,30,0.8,0.2,rand
DE,ackley,4,572,2.0000568001776742e-07,17220,30,0.8,0.2,rand
DE,ackley,4,573,2.0000568001776742e-07,17250,30,0.8,0.2,rand
DE,ackley,4,574,1.8304979620964446e-07,17280,30,0.8,0.2,rand
DE,ackley,4,575,1.7652061190531754e-07,17310,30,0.8,0.2,rand
DE,ackley,4,576,1.7652061190531754e-07,17340,30,0.8,0.2,rand
DE,ackley,4,577,1.477319639953123e-07,17370,30,0.8,0.2,rand
DE,ackley,4,578,1.477319639953123e-07,17400,30,0.8,0.2,rand
DE,ackley,4,579,1.477319639953123e-07,17430,30,0.8,0.2,rand
DE,ackley,4,580,1.477319639953123e-07,17460,30,0.8,0.2,rand
DE,ackley,4,581,1.477319639953123e-07,17490,30,0.8,0.2,rand
DE,ackley,4,582,1.3089497885587775e-07,17520,30,0.8,0.2,rand
DE,ackley,4,583,1.3089497885587775e-07,17550,30,0.8,0.2,rand
DE,ackley,4,584,1.3089497885587775e-07,17580,30,0.8,0.2,rand
DE,ackley,4,585,8.235445791981988e-08,17610,30,0.8,0.2,rand
DE,ackley,4,586,8.235445791981988e-08,17640,30,0.8,0.2,rand
DE,ackley,4,587,7.034047344589567e-08,17670,30,0.8,0.2,rand
DE,ackley,4,588,7.034047344589567e-08,17700,30,0.8,0.2,rand
DE,ackley,4,589,7.034047344589567e-08,17730,30,0.8,0.2,rand
DE,ackley,4,590,7.034047344589567e-08,17760,30,0.8,0.2,rand
DE,ackley,4,591,7.034047344589567e-08,17790,30,0.8,0.2,rand
DE,ackley,4,592,7.034047344589567e-08,17820,30,0.8,0.2,rand
DE,ackley,4,593,6.360126691973278e-08,17850,30,0.8,0.2,rand
DE,ackley,4,594,6.360126691973278e-08,17880,30,0.8,0.2,rand
DE,ackley,4,595,6.360126691973278e-08,17910,30,0.8,0.2,rand
DE,ackley,4,596,6.360126691973278e-08,17940,30,0.8,0.2,rand
DE,ackley,4,597,6.360126691973278e-08,17970,30,0.8,0.2,rand
DE,ackley,4,598,6.360126691973278e-08,18000,30,0.8,0.2,rand
DE,ackley,4,599,6.360126691973278e-08,18030,30,0.8,0.2,rand
DE,ackley,4,600,6.360126691973278e-08,18060,30,0.8,0.2,rand
DE,ackley,4,601,6.360126691973278e-08,18090,30,0.8,0.2,rand
DE,ackley,4,602,5.311711648303685e-08,18120,30,0.8,0.2,rand
DE,ackley,4,603,4.4339274030136266e-08,18150,30,0.8,0.2,rand
DE,ackley,4,604,4.4339274030136266e-08,18180,30,0.8,0.2,rand
DE,ackley,4,605,4.4339274030136266e-08,18210,30,0.8,0.2,rand
DE,ackley,4,606,4.4339274030136266e-08,18240,30,0.8,0.2,rand
DE,ackley,4,607,4.4339274030136266e-08,18270,30,0.8,0.2,rand
DE,ackley,4,608,4.4339274030136266e-08,18300,30,0.8,0.2,rand
DE,ackley,4,609,4.078444648669688e-08,18330,30,0.8,0.2,rand
DE,ackley,4,610,4.078444648669688e-08,18360,30,0.8,0.2,rand
DE,ackley,4,611,4.078444648669688e-08,18390,30,0.8,0.2,rand
DE,ackley,4,612,4.078444648669688e-08,18420,30,0.8,0.2,rand
DE,ackley,4,613,4.078444648669688e-08,18450,30,0.8,0.2,rand
DE,ackley,4,614,4.078444648669688e-08,18480,30,0.8,0.2,rand
DE,ackley,4,615,4.078444648669688e-08,18510,30,0.8,0.2,rand
DE,ackley,4,616,4.078444648669688e-08,18540,30,0.8,0.2,rand
DE,ackley,4,617,4.078444648669688e-08,18570,30,0.8,0.2,rand
DE,ackley,4,618,4.078444648669688e-08,18600,30,0.8,0.2,rand
DE,ackley,4,619,4.078444648669688e-08,18630,30,0.8,0.2,rand
DE,ackley,4,620,4.078444648669688e-08,18660,30,0.8,0.2,rand
DE,ackley,4,621,3.370825085724505e-08,18690,30,0.8,0.2,rand
DE,ackley,4,622,3.370825085724505e-08,18720,30,0.8,0.2,rand
DE,ackley,4,623,3.085496347310368e-08,18750,30,0.8,0.2,rand
DE,ackley,4,624,3.085496347310368e-08,18780,30,0.8,0.2,rand
DE,ackley,4,625,3.085496347310368e-08,18810,30,0.8,0.2,rand
DE,ackley,4,626,3.085496347310368e-08,18840,30,0.8,0.2,rand
DE,ackley,4,627,3.085496347310368e-08,18870,30,0.8,0.2,rand
DE,ackley,4,628,3.085496347310368e-08,18900,30,0.8,0.2,rand
DE,ackley,4,629,3.085496347310368e-08,18930,30,0.8,0.2,rand
DE,ackley,4,630,2.93367929948829e-08,18960,30,0.8,0.2,rand
DE,ackley,4,631,2.1008393691346328e-08,18990,30,0.8,0.2,rand
DE,ackley,4,632,2.1008393691346328e-08,19020,30,0.8,0.2,rand
DE,ackley,4,633,2.1008393691346328e-08,19050,30,0.8,0.2,rand
DE,ackley,4,634,1.9090823588641115e-08,19080,30,0.8,0.2,rand
DE,ackley,4,635,1.9090823588641115e-08,19110,30,0.8,0.2,rand
DE,ackley,4,636,1.8972031501363062e-08,19140,30,0.8,0.2,rand
DE,ackley,4,637,1.8238524024383196e-08,19170,30,0.8,0.2,rand
DE,ackley,4,638,1.8238524024383196e-08,19200,30,0.8,0.2,rand
DE,ackley,4,639,1.5921479690206297e-08,19230,30,0.8,0.2,rand
DE,ackley,4,640,1.5921479690206297e-08,19260,30,0.8,0.2,rand
DE,ackley,4,641,1.5921479690206297e-08,19290,30,0.8,0.2,rand
DE,ackley,4,642,1.5921479690206297e-08,19320,30,0.8,0.2,rand
DE,ackley,4,643,1.3701683787559205e-08,19350,30,0.8,0.2,rand
DE,ackley,4,644,1.3701683787559205e-08,19380,30,0.8,0.2,rand
DE,ackley,4,645,1.3701683787559205e-08,19410,30,0.8,0.2,rand
DE,ackley,4,646,1.3701683787559205e-08,19440,30,0.8,0.2,rand
DE,ackley,4,647,1.3021555833603315e-08,19470,30,0.8,0.2,rand
DE,ackley,4,648,1.3021555833603315e-08,19500,30,0.8,0.2,rand
DE,ackley,4,649,1.2805049909303534e-08,19530,30,0.8,0.2,rand
DE,ackley,4,650,1.2805049909303534e-08,19560,30,0.8,0.2,rand
DE,ackley,4,651,1.2805049909303534e-08,19590,30,0.8,0.2,rand
DE,ackley,4,652,1.2297928453364193e-08,19620,30,0.8,0.2,rand
DE,ackley,4,653,1.1850542325220204e-08,19650,30,0.8,0.2,rand
DE,ackley,4,654,1.1850542325220204e-08,19680,30,0.8,0.2,rand
DE,ackley,4,655,1.1303697977638194e-08,19710,30,0.8,0.2,rand
DE,ackley,4,656,1.1303697977638194e-08,19740,30,0.8,0.2,rand
DE,ackley,4,657,1.1303697977638194e-08,19770,30,0.8,0.2,rand
DE,ackley,4,658,1.0781207482324362e-08,19800,30,0.8,0.2,rand
DE,ackley,4,659,1.0781207482324362e-08,19830,30,0.8,0.2,rand
DE,ackley,4,660,8.286605623908372e-09,19860,30,0.8,0.2,rand
DE,ackley,4,661,8.286605623908372e-09,19890,30,0.8,0.2,rand
DE,ackley,4,662,7.921116651488092e-09,19920,30,0.8,0.2,rand
DE,ackley,4,663,7.921116651488092e-09,19950,30,0.8,0.2,rand
DE,ackley,4,664,7.921116651488092e-09,19980,30,0.8,0.2,rand
DE,ackley,4,665,7.490243536523167e-09,20010,30,0.8,0.2,rand
DE,ackley,4,666,6.125781215615689e-09,20040,30,0.8,0.2,rand
DE,ackley,4,667,3.89889409646571e-09,20070,30,0.8,0.2,rand
DE,ackley,4,668,3.89889409646571e-09,20100,30,0.8,0.2,rand
DE,ackley,4,669,3.89889409646571e-09,20130,30,0.8,0.2,rand
DE,ackley,4,670,3.6498666311501893e-09,20160,30,0.8,0.2,rand
DE,ackley,4,671,3.6498666311501893e-09,20190,30,0.8,0.2,rand
DE,ackley,4,672,3.6498666311501893e-09,20220,30,0.8,0.2,rand
DE,ackley,4,673,3.6498666311501893e-09,20250,30,0.8,0.2,rand
DE,ackley,4,674,3.6498666311501893e-09,20280,30,0.8,0.2,rand
DE,ackley,4,675,3.6498666311501893e-09,20310,30,0.8,0.2,rand
DE,ackley,4,676,3.6498666311501893e-09,20340,30,0.8,0.2,rand
DE,ackley,4,677,3.6498666311501893e-09,20370,30,0.8,0.2,rand
DE,ackley,4,678,3.2867508714673477e-09,20400,30,0.8,0.2,rand
DE,ackley,4,679,2.774566798535716e-09,20430,30,0.8,0.2,rand
DE,ackley,4,680,2.774566798535716e-09,20460,30,0.8,0.2,rand
DE,ackley,4,681,2.774566798535716e-09,20490,30,0.8,0.2,rand
DE,ackley,4,682,2.774566798535716e-09,20520,30,0.8,0.2,rand
DE,ackley,4,683,2.774566798535716e-09,20550,30,0.8,0.2,rand
DE,ackley,4,684,2.774566798535716e-09,20580,30,0.8,0.2,rand
DE,ackley,4,685,2.774566798535716e-09,20610,30,0.8,0.2,rand
DE,ackley,4,686,2.774566798535716e-09,20640,30,0.8,0.2,rand
DE,ackley,4,687,2.774566798535716e-09,20670,30,0.8,0.2,rand
DE,ackley,4,688,2.7064079866079283e-09,20700,30,0.8,0.2,rand
DE,ackley,4,689,2.381022046193948e-09,20730,30,0.8,0.2,rand
DE,ackley,4,690,2.381022046193948e-09,20760,30,0.8,0.2,rand
DE,ackley,4,691,1.658133630400016e-09,20790,30,0.8,0.2,rand
DE,ackley,4,692,1.658133630400016e-09,20820,30,0.8,0.2,rand
DE,ackley,4,693,1.5315611001653906e-09,20850,30,0.8,0.2,rand
DE,ackley,4,694,1.5315611001653906e-09,20880,30,0.8,0.2,rand
DE,ackley,4,695,1.5315611001653906e-09,20910,30,0.8,0.2,rand
DE,ackley,4,696,1.5315611001653906e-09,20940,30,0.8,0.2,rand
DE,ackley,4,697,1.5315611001653906e-09,20970,30,0.8,0.2,rand
DE,ackley,4,698,1.5315611001653906e-09,21000,30,0.8,0.2,rand
DE,ackley,4,699,1.5315611001653906e-09,21030,30,0.8,0.2,rand
DE,ackley,4,700,1.4426615457807657e-09,21060,30,0.8,0.2,rand
DE,ackley,4,701,1.4426615457807657e-09,21090,30,0.8,0.2,rand
DE,ackley,4,702,1.4426615457807657e-09,21120,30,0.8,0.2,rand
DE,ackley,4,703,1.4426615457807657e-09,21150,30,0.8,0.2,rand
DE,ackley,4,704,1.4426615457807657e-09,21180,30,0.8,0.2,rand
DE,ackley,4,705,1.4426615457807657e-09,21210,30,0.8,0.2,rand
DE,ackley,4,706,1.4426615457807657e-09,21240,30,0.8,0.2,rand
DE,ackley,4,707,1.4426615457807657e-09,21270,30,0.8,0.2,rand
DE,ackley,4,708,1.4426615457807657e-09,21300,30,0.8,0.2,rand
DE,ackley,4,709,1.4426615457807657e-09,21330,30,0.8,0.2,rand
DE,ackley,4,710,1.4426615457807657e-09,21360,30,0.8,0.2,rand
DE,ackley,4,711,1.322380871471296e-09,21390,30,0.8,0.2,rand
DE,ackley,4,712,1.3131757903295238e-09,21420,30,0.8,0.2,rand
DE,ackley,4,713,1.2874115107308626e-09,21450,30,0.8,0.2,rand
DE,ackley,4,714,1.2874115107308626e-09,21480,30,0.8,0.2,rand
DE,ackley,4,715,1.2763590184761142e-09,21510,30,0.8,0.2,rand
DE,ackley,4,716,1.2763590184761142e-09,21540,30,0.8,0.2,rand
DE,ackley,4,717,1.1580039149805543e-09,21570,30,0.8,0.2,rand
DE,ackley,4,718,1.0809952932788747e-09,21600,30,0.8,0.2,rand
DE,ackley,4,719,1.0809952932788747e-09,21630,30,0.8,0.2,rand
DE,ackley,4,720,7.982454697241792e-10,21660,30,0.8,0.2,rand
DE,ackley,4,721,7.982454697241792e-10,21690,30,0.8,0.2,rand
DE,ackley,4,722,7.982454697241792e-10,21720,30,0.8,0.2,rand
DE,ackley,4,723,7.982454697241792e-10,21750,30,0.8,0.2,rand
DE,ackley,4,724,7.982454697241792e-10,21780,30,0.8,0.2,rand
DE,ackley,4,725,7.982454697241792e-10,21810,30,0.8,0.2,rand
DE,ackley,4,726,7.282641156791669e-10,21840,30,0.8,0.2,rand
DE,ackley,4,727,7.282641156791669e-10,21870,30,0.8,0.2,rand
DE,ackley,4,728,7.282641156791669e-10,21900,30,0.8,0.2,rand
DE,ackley,4,729,7.238125654396299e-10,21930,30,0.8,0.2,rand
DE,ackley,4,730,5.200964103835304e-10,21960,30,0.8,0.2,rand
DE,ackley,4,731,5.200964103835304e-10,21990,30,0.8,0.2,rand
DE,ackley,4,732,5.200964103835304e-10,22020,30,0.8,0.2,rand
DE,ackley,4,733,5.200964103835304e-10,22050,30,0.8,0.2,rand
DE,ackley,4,734,5.200964103835304e-10,22080,30,0.8,0.2,rand
DE,ackley,4,735,5.200964103835304e-10,22110,30,0.8,0.2,rand
DE,ackley,4,736,5.200964103835304e-10,22140,30,0.8,0.2,rand
DE,ackley,4,737,5.200964103835304e-10,22170,30,0.8,0.2,rand
DE,ackley,4,738,5.021019156004058e-10,22200,30,0.8,0.2,rand
DE,ackley,4,739,5.021019156004058e-10,22230,30,0.8,0.2,rand
DE,ackley,4,740,4.2063463823183156e-10,22260,30,0.8,0.2,rand
DE,ackley,4,741,4.2063463823183156e-10,22290,30,0.8,0.2,rand
DE,ackley,4,742,4.2063463823183156e-10,22320,30,0.8,0.2,rand
DE,ackley,4,743,4.2063463823183156e-10,22350,30,0.8,0.2,rand
DE,ackley,4,744,3.7808733921451676e-10,22380,30,0.8,0.2,rand
DE,ackley,4,745,3.7808733921451676e-10,22410,30,0.8,0.2,rand
DE,ackley,4,746,3.7808733921451676e-10,22440,30,0.8,0.2,rand
DE,ackley,4,747,3.7808733921451676e-10,22470,30,0.8,0.2,rand
DE,ackley,4,748,3.2142155603764877e-10,22500,30,0.8,0.2,rand
DE,ackley,4,749,3.2142155603764877e-10,22530,30,0.8,0.2,rand
DE,ackley,4,750,3.2142155603764877e-10,22560,30,0.8,0.2,rand
DE,ackley,4,751,3.1435165581683577e-10,22590,30,0.8,0.2,rand
DE,ackley,4,752,2.301274726335123e-10,22620,30,0.8,0.2,rand
DE,ackley,4,753,2.301274726335123e-10,22650,30,0.8,0.2,rand
DE,ackley,4,754,2.301274726335123e-10,22680,30,0.8,0.2,rand
DE,ackley,4,755,2.301274726335123e-10,22710,30,0.8,0.2,rand
DE,ackley,4,756,2.301274726335123e-10,22740,30,0.8,0.2,rand
DE,ackley,4,757,2.301274726335123e-10,22770,30,0.8,0.2,rand
DE,ackley,4,758,2.301274726335123e-10,22800,30,0.8,0.2,rand
DE,ackley,4,759,2.301274726335123e-10,22830,30,0.8,0.2,rand
DE,ackley,4,760,2.301274726335123e-10,22860,30,0.8,0.2,rand
DE,ackley,4,761,1.8088330833165855e-10,22890,30,0.8,0.2,rand
DE,ackley,4,762,1.8088330833165855e-10,22920,30,0.8,0.2,rand
DE,ackley,4,763,1.8088330833165855e-10,22950,30,0.8,0.2,rand
DE,ackley,4,764,1.770392721311964e-10,22980,30,0.8,0.2,rand
DE,ackley,4,765,1.770392721311964e-10,23010,30,0.8,0.2,rand
DE,ackley,4,766,1.770392721311964e-10,23040,30,0.8,0.2,rand
DE,ackley,4,767,1.770392721311964e-10,23070,30,0.8,0.2,rand
DE,ackley,4,768,1.770392721311964e-10,23100,30,0.8,0.2,rand
DE,ackley,4,769,1.770392721311964e-10,23130,30,0.8,0.2,rand
DE,ackley,4,770,1.7066570379142831e-10,23160,30,0.8,0.2,rand
DE,ackley,4,771,1.6711654282630661e-10,23190,30,0.8,0.2,rand
DE,ackley,4,772,1.6711654282630661e-10,23220,30,0.8,0.2,rand
DE,ackley,4,773,1.6711654282630661e-10,23250,30,0.8,0.2,rand
DE,ackley,4,774,1.4482681720551227e-10,23280,30,0.8,0.2,rand
DE,ackley,4,775,1.4194556641200506e-10,23310,30,0.8,0.2,rand
DE,ackley,4,776,1.4194556641200506e-10,23340,30,0.8,0.2,rand
DE,ackley,4,777,1.4194556641200506e-10,23370,30,0.8,0.2,rand
DE,ackley,4,778,1.4194556641200506e-10,23400,30,0.8,0.2,rand
DE,ackley,4,779,1.4194556641200506e-10,23430,30,0.8,0.2,rand
DE,ackley,4,780,1.4194556641200506e-10,23460,30,0.8,0.2,rand
DE,ackley,4,781,1.4194556641200506e-10,23490,30,0.8,0.2,rand
DE,ackley,4,782,1.4135936865500298e-10,23520,30,0.8,0.2,rand
DE,ackley,4,783,1.3970025136700315e-10,23550,30,0.8,0.2,rand
DE,ackley,4,784,1.265871851785505e-10,23580,30,0.8,0.2,rand
DE,ackley,4,785,1.1404610589238473e-10,23610,30,0.8,0.2,rand
DE,ackley,4,786,1.0978284947782413e-10,23640,30,0.8,0.2,rand
DE,ackley,4,787,1.0978284947782413e-10,23670,30,0.8,0.2,rand
DE,ackley,4,788,1.0876322065200839e-10,23700,30,0.8,0.2,rand
DE,ackley,4,789,1.0876322065200839e-10,23730,30,0.8,0.2,rand
DE,ackley,4,790,1.01771480132129e-10,23760,30,0.8,0.2,rand
DE,ackley,4,791,1.01771480132129e-10,23790,30,0.8,0.2,rand
DE,ackley,4,792,6.105738137307526e-11,23820,30,0.8,0.2,rand
DE,ackley,4,793,6.105738137307526e-11,23850,30,0.8,0.2,rand
DE,ackley,4,794,5.200506691949158e-11,23880,30,0.8,0.2,rand
DE,ackley,4,795,5.200506691949158e-11,23910,30,0.8,0.2,rand
DE,ackley,4,796,5.200506691949158e-11,23940,30,0.8,0.2,rand
DE,ackley,4,797,5.200506691949158e-11,23970,30,0.8,0.2,rand
DE,ackley,4,798,5.200506691949158e-11,24000,30,0.8,0.2,rand
DE,ackley,4,799,5.200506691949158e-11,24030,30,0.8,0.2,rand
DE,ackley,4,800,5.200506691949158e-11,24060,30,0.8,0.2,rand
DE,ackley,4,801,5.200506691949158e-11,24090,30,0.8,0.2,rand
DE,ackley,4,802,5.200506691949158e-11,24120,30,0.8,0.2,rand
DE,ackley,4,803,5.200506691949158e-11,24150,30,0.8,0.2,rand
DE,ackley,4,804,5.200506691949158e-11,24180,30,0.8,0.2,rand
DE,ackley,4,805,5.200506691949158e-11,24210,30,0.8,0.2,rand
DE,ackley,4,806,4.6345594029162385e-11,24240,30,0.8,0.2,rand
DE,ackley,4,807,4.6345594029162385e-11,24270,30,0.8,0.2,rand
DE,ackley,4,808,4.6345594029162385e-11,24300,30,0.8,0.2,rand
DE,ackley,4,809,4.6345594029162385e-11,24330,30,0.8,0.2,rand
DE,ackley,4,810,4.6345594029162385e-11,24360,30,0.8,0.2,rand
DE,ackley,4,811,4.568123657122669e-11,24390,30,0.8,0.2,rand
DE,ackley,4,812,4.509503881422461e-11,24420,30,0.8,0.2,rand
DE,ackley,4,813,3.760591837931315e-11,24450,30,0.8,0.2,rand
DE,ackley,4,814,3.760591837931315e-11,24480,30,0.8,0.2,rand
DE,ackley,4,815,3.5214942073480415e-11,24510,30,0.8,0.2,rand
DE,ackley,4,816,3.179367880079553e-11,24540,30,0.8,0.2,rand
DE,ackley,4,817,2.8621105485626686e-11,24570,30,0.8,0.2,rand
DE,ackley,4,818,2.8621105485626686e-11,24600,30,0.8,0.2,rand
DE,ackley,4,819,2.7033042471202862e-11,24630,30,0.8,0.2,rand
DE,ackley,4,820,2.7033042471202862e-11,24660,30,0.8,0.2,rand
DE,ackley,4,821,2.7033042471202862e-11,24690,30,0.8,0.2,rand
DE,ackley,4,822,2.7033042471202862e-11,24720,30,0.8,0.2,rand
DE,ackley,4,823,2.5370372469524227e-11,24750,30,0.8,0.2,rand
DE,ackley,4,824,2.4851676272419354e-11,24780,30,0.8,0.2,rand
DE,ackley,4,825,2.4851676272419354e-11,24810,30,0.8,0.2,rand
DE,ackley,4,826,1.5994761071169705e-11,24840,30,0.8,0.2,rand
DE,ackley,4,827,1.5994761071169705e-11,24870,30,0.8,0.2,rand
DE,ackley,4,828,1.5994761071169705e-11,24900,30,0.8,0.2,rand
DE,ackley,4,829,1.5994761071169705e-11,24930,30,0.8,0.2,rand
DE,ackley,4,830,1.5994761071169705e-11,24960,30,0.8,0.2,rand
DE,ackley,4,831,1.4715784146801525e-11,24990,30,0.8,0.2,rand
DE,ackley,4,832,1.4715784146801525e-11,25020,30,0.8,0.2,rand
DE,ackley,4,833,1.4715784146801525e-11,25050,30,0.8,0.2,rand
DE,ackley,4,834,1.4715784146801525e-11,25080,30,0.8,0.2,rand
DE,ackley,4,835,1.4715784146801525e-11,25110,30,0.8,0.2,rand
DE,ackley,4,836,1.4349854637885073e-11,25140,30,0.8,0.2,rand
DE,ackley,4,837,1.4349854637885073e-11,25170,30,0.8,0.2,rand
DE,ackley,4,838,1.4349854637885073e-11,25200,30,0.8,0.2,rand
DE,ackley,4,839,1.4349854637885073e-11,25230,30,0.8,0.2,rand
DE,ackley,4,840,1.4349854637885073e-11,25260,30,0.8,0.2,rand
DE,ackley,4,841,1.4349854637885073e-11,25290,30,0.8,0.2,rand
DE,ackley,4,842,1.4349854637885073e-11,25320,30,0.8,0.2,rand
DE,ackley,4,843,1.0715428544472161e-11,25350,30,0.8,0.2,rand
DE,ackley,4,844,1.0715428544472161e-11,25380,30,0.8,0.2,rand
DE,ackley,4,845,1.0715428544472161e-11,25410,30,0.8,0.2,rand
DE,ackley,4,846,1.0715428544472161e-11,25440,30,0.8,0.2,rand
DE,ackley,4,847,1.0715428544472161e-11,25470,30,0.8,0.2,rand
DE,ackley,4,848,9.241052367769953e-12,25500,30,0.8,0.2,rand
DE,ackley,4,849,9.241052367769953e-12,25530,30,0.8,0.2,rand
DE,ackley,4,850,9.173550807872743e-12,25560,30,0.8,0.2,rand
DE,ackley,4,851,9.173550807872743e-12,25590,30,0.8,0.2,rand
DE,ackley,4,852,9.173550807872743e-12,25620,30,0.8,0.2,rand
DE,ackley,4,853,9.173550807872743e-12,25650,30,0.8,0.2,rand
DE,ackley,4,854,8.974598841859915e-12,25680,30,0.8,0.2,rand
DE,ackley,4,855,8.974598841859915e-12,25710,30,0.8,0.2,rand
DE,ackley,4,856,8.974598841859915e-12,25740,30,0.8,0.2,rand
DE,ackley,4,857,8.480771640506646e-12,25770,30,0.8,0.2,rand
DE,ackley,4,858,8.480771640506646e-12,25800,30,0.8,0.2,rand
DE,ackley,4,859,7.919442879256167e-12,25830,30,0.8,0.2,rand
DE,ackley,4,860,6.707967514785196e-12,25860,30,0.8,0.2,rand
DE,ackley,4,861,5.5568882828538335e-12,25890,30,0.8,0.2,rand
DE,ackley,4,862,5.5568882828538335e-12,25920,30,0.8,0.2,rand
DE,ackley,4,863,5.5568882828538335e-12,25950,30,0.8,0.2,rand
DE,ackley,4,864,5.5568882828538335e-12,25980,30,0.8,0.2,rand
DE,ackley,4,865,5.5568882828538335e-12,26010,30,0.8,0.2,rand
DE,ackley,4,866,5.5568882828538335e-12,26040,30,0.8,0.2,rand
DE,ackley,4,867,4.533706743359289e-12,26070,30,0.8,0.2,rand
DE,ackley,4,868,4.533706743359289e-12,26100,30,0.8,0.2,rand
DE,ackley,4,869,3.7840841571323836e-12,26130,30,0.8,0.2,rand
DE,ackley,4,870,3.7840841571323836e-12,26160,30,0.8,0.2,rand
DE,ackley,4,871,3.098410417123887e-12,26190,30,0.8,0.2,rand
DE,ackley,4,872,3.0806468487298844e-12,26220,30,0.8,0.2,rand
DE,ackley,4,873,3.0806468487298844e-12,26250,30,0.8,0.2,rand
DE,ackley,4,874,3.0806468487298844e-12,26280,30,0.8,0.2,rand
DE,ackley,4,875,3.0806468487298844e-12,26310,30,0.8,0.2,rand
DE,ackley,4,876,2.934985587899064e-12,26340,30,0.8,0.2,rand
DE,ackley,4,877,2.934985587899064e-12,26370,30,0.8,0.2,rand
DE,ackley,4,878,2.934985587899064e-12,26400,30,0.8,0.2,rand
DE,ackley,4,879,2.934985587899064e-12,26430,30,0.8,0.2,rand
DE,ackley,4,880,2.934985587899064e-12,26460,30,0.8,0.2,rand
DE,ackley,4,881,1.6915358003188885e-12,26490,30,0.8,0.2,rand
DE,ackley,4,882,1.6915358003188885e-12,26520,30,0.8,0.2,rand
DE,ackley,4,883,1.6915358003188885e-12,26550,30,0.8,0.2,rand
DE,ackley,4,884,1.6915358003188885e-12,26580,30,0.8,0.2,rand
DE,ackley,4,885,1.6915358003188885e-12,26610,30,0.8,0.2,rand
DE,ackley,4,886,1.6915358003188885e-12,26640,30,0.8,0.2,rand
DE,ackley,4,887,1.6915358003188885e-12,26670,30,0.8,0.2,rand
DE,ackley,4,888,1.6915358003188885e-12,26700,30,0.8,0.2,rand
DE,ackley,4,889,1.6915358003188885e-12,26730,30,0.8,0.2,rand
DE,ackley,4,890,1.6915358003188885e-12,26760,30,0.8,0.2,rand
DE,ackley,4,891,1.6915358003188885e-12,26790,30,0.8,0.2,rand
DE,ackley,4,892,1.6915358003188885e-12,26820,30,0.8,0.2,rand
DE,ackley,4,893,1.6915358003188885e-12,26850,30,0.8,0.2,rand
DE,ackley,4,894,1.6915358003188885e-12,26880,30,0.8,0.2,rand
DE,ackley,4,895,1.6915358003188885e-12,26910,30,0.8,0.2,rand
DE,ackley,4,896,1.6915358003188885e-12,26940,30,0.8,0.2,rand
DE,ackley,4,897,1.6915358003188885e-12,26970,30,0.8,0.2,rand
DE,ackley,4,898,1.6915358003188885e-12,27000,30,0.8,0.2,rand
DE,ackley,4,899,1.6915358003188885e-12,27030,30,0.8,0.2,rand
DE,ackley,4,900,1.6489032361732825e-12,27060,30,0.8,0.2,rand
DE,ackley,4,901,1.6489032361732825e-12,27090,30,0.8,0.2,rand
DE,ackley,4,902,1.6489032361732825e-12,27120,30,0.8,0.2,rand
DE,ackley,4,903,1.6489032361732825e-12,27150,30,0.8,0.2,rand
DE,ackley,4,904,1.6489032361732825e-12,27180,30,0.8,0.2,rand
DE,ackley,4,905,1.4783729795908584e-12,27210,30,0.8,0.2,rand
DE,ackley,4,906,1.4783729795908584e-12,27240,30,0.8,0.2,rand
DE,ackley,4,907,1.4783729795908584e-12,27270,30,0.8,0.2,rand
DE,ackley,4,908,1.4783729795908584e-12,27300,30,0.8,0.2,rand
DE,ackley,4,909,1.4783729795908584e-12,27330,30,0.8,0.2,rand
DE,ackley,4,910,1.3504752871540404e-12,27360,30,0.8,0.2,rand
DE,ackley,4,911,1.3504752871540404e-12,27390,30,0.8,0.2,rand
DE,ackley,4,912,1.3504752871540404e-12,27420,30,0.8,0.2,rand
DE,ackley,4,913,1.3504752871540404e-12,27450,30,0.8,0.2,rand
DE,ackley,4,914,1.2758682998992299e-12,27480,30,0.8,0.2,rand
DE,ackley,4,915,1.1302070390684094e-12,27510,30,0.8,0.2,rand
DE,ackley,4,916,1.1302070390684094e-12,27540,30,0.8,0.2,rand
DE,ackley,4,917,1.0413891970983968e-12,27570,30,0.8,0.2,rand
DE,ackley,4,918,1.0413891970983968e-12,27600,30,0.8,0.2,rand
DE,ackley,4,919,5.937472735695337e-13,27630,30,0.8,0.2,rand
DE,ackley,4,920,5.937472735695337e-13,27660,30,0.8,0.2,rand
DE,ackley,4,921,5.937472735695337e-13,27690,30,0.8,0.2,rand
DE,ackley,4,922,5.937472735695337e-13,27720,30,0.8,0.2,rand
DE,ackley,4,923,5.937472735695337e-13,27750,30,0.8,0.2,rand
DE,ackley,4,924,5.937472735695337e-13,27780,30,0.8,0.2,rand
DE,ackley,4,925,5.937472735695337e-13,27810,30,0.8,0.2,rand
DE,ackley,4,926,5.937472735695337e-13,27840,30,0.8,0.2,rand
DE,ackley,4,927,5.937472735695337e-13,27870,30,0.8,0.2,rand
DE,ackley,4,928,5.937472735695337e-13,27900,30,0.8,0.2,rand
DE,ackley,4,929,5.937472735695337e-13,27930,30,0.8,0.2,rand
DE,ackley,4,930,5.937472735695337e-13,27960,30,0.8,0.2,rand
DE,ackley,4,931,5.937472735695337e-13,27990,30,0.8,0.2,rand
DE,ackley,4,932,5.937472735695337e-13,28020,30,0.8,0.2,rand
DE,ackley,4,933,5.049294315995212e-13,28050,30,0.8,0.2,rand
DE,ackley,4,934,5.049294315995212e-13,28080,30,0.8,0.2,rand
DE,ackley,4,935,5.049294315995212e-13,28110,30,0.8,0.2,rand
DE,ackley,4,936,5.049294315995212e-13,28140,30,0.8,0.2,rand
DE,ackley,4,937,5.049294315995212e-13,28170,30,0.8,0.2,rand
DE,ackley,4,938,5.049294315995212e-13,28200,30,0.8,0.2,rand
DE,ackley,4,939,4.1255887595070817e-13,28230,30,0.8,0.2,rand
DE,ackley,4,940,2.8466118351389014e-13,28260,30,0.8,0.2,rand
DE,ackley,4,941,2.8466118351389014e-13,28290,30,0.8,0.2,rand
DE,ackley,4,942,2.8466118351389014e-13,28320,30,0.8,0.2,rand
DE,ackley,4,943,2.8466118351389014e-13,28350,30,0.8,0.2,rand
DE,ackley,4,944,2.6334490144108713e-13,28380,30,0.8,0.2,rand
DE,ackley,4,945,2.6334490144108713e-13,28410,30,0.8,0.2,rand
DE,ackley,4,946,2.6334490144108713e-13,28440,30,0.8,0.2,rand
DE,ackley,4,947,2.6334490144108713e-13,28470,30,0.8,0.2,rand
DE,ackley,4,948,2.6334490144108713e-13,28500,30,0.8,0.2,rand
DE,ackley,4,949,2.6334490144108713e-13,28530,30,0.8,0.2,rand
DE,ackley,4,950,2.6334490144108713e-13,28560,30,0.8,0.2,rand
DE,ackley,4,951,2.6334490144108713e-13,28590,30,0.8,0.2,rand
DE,ackley,4,952,2.6334490144108713e-13,28620,30,0.8,0.2,rand
DE,ackley,4,953,2.6334490144108713e-13,28650,30,0.8,0.2,rand
DE,ackley,4,954,2.6334490144108713e-13,28680,30,0.8,0.2,rand
DE,ackley,4,955,2.6334490144108713e-13,28710,30,0.8,0.2,rand
DE,ackley,4,956,2.6334490144108713e-13,28740,30,0.8,0.2,rand
DE,ackley,4,957,2.6334490144108713e-13,28770,30,0.8,0.2,rand
DE,ackley,4,958,2.6334490144108713e-13,28800,30,0.8,0.2,rand
DE,ackley,4,959,2.5979218776228663e-13,28830,30,0.8,0.2,rand
DE,ackley,4,960,2.5979218776228663e-13,28860,30,0.8,0.2,rand
DE,ackley,4,961,2.349231920106831e-13,28890,30,0.8,0.2,rand
DE,ackley,4,962,1.816324868286756e-13,28920,30,0.8,0.2,rand
DE,ackley,4,963,1.816324868286756e-13,28950,30,0.8,0.2,rand
DE,ackley,4,964,1.745270594710746e-13,28980,30,0.8,0.2,rand
DE,ackley,4,965,1.603162047558726e-13,29010,30,0.8,0.2,rand
DE,ackley,4,966,1.603162047558726e-13,29040,30,0.8,0.2,rand
DE,ackley,4,967,1.603162047558726e-13,29070,30,0.8,0.2,rand
DE,ackley,4,968,1.603162047558726e-13,29100,30,0.8,0.2,rand
DE,ackley,4,969,1.603162047558726e-13,29130,30,0.8,0.2,rand
DE,ackley,4,970,1.603162047558726e-13,29160,30,0.8,0.2,rand
DE,ackley,4,971,1.461053500406706e-13,29190,30,0.8,0.2,rand
DE,ackley,4,972,1.461053500406706e-13,29220,30,0.8,0.2,rand
DE,ackley,4,973,1.461053500406706e-13,29250,30,0.8,0.2,rand
DE,ackley,4,974,8.570921750106208e-14,29280,30,0.8,0.2,rand
DE,ackley,4,975,8.570921750106208e-14,29310,30,0.8,0.2,rand
DE,ackley,4,976,8.570921750106208e-14,29340,30,0.8,0.2,rand
DE,ackley,4,977,8.215650382226158e-14,29370,30,0.8,0.2,rand
DE,ackley,4,978,8.215650382226158e-14,29400,30,0.8,0.2,rand
DE,ackley,4,979,8.215650382226158e-14,29430,30,0.8,0.2,rand
DE,ackley,4,980,7.149836278586008e-14,29460,30,0.8,0.2,rand
DE,ackley,4,981,7.149836278586008e-14,29490,30,0.8,0.2,rand
DE,ackley,4,982,7.149836278586008e-14,29520,30,0.8,0.2,rand
DE,ackley,4,983,7.149836278586008e-14,29550,30,0.8,0.2,rand
DE,ackley,4,984,7.149836278586008e-14,29580,30,0.8,0.2,rand
DE,ackley,4,985,7.149836278586008e-14,29610,30,0.8,0.2,rand
DE,ackley,4,986,7.149836278586008e-14,29640,30,0.8,0.2,rand
DE,ackley,4,987,7.149836278586008e-14,29670,30,0.8,0.2,rand
DE,ackley,4,988,7.149836278586008e-14,29700,30,0.8,0.2,rand
DE,ackley,4,989,6.439293542825908e-14,29730,30,0.8,0.2,rand
DE,ackley,4,990,6.439293542825908e-14,29760,30,0.8,0.2,rand
DE,ackley,4,991,6.084022174945858e-14,29790,30,0.8,0.2,rand
DE,ackley,4,992,6.084022174945858e-14,29820,30,0.8,0.2,rand
DE,ackley,4,993,6.084022174945858e-14,29850,30,0.8,0.2,rand
DE,ackley,4,994,6.084022174945858e-14,29880,30,0.8,0.2,rand
DE,ackley,4,995,6.084022174945858e-14,29910,30,0.8,0.2,rand
DE,ackley,4,996,4.3076653355456074e-14,29940,30,0.8,0.2,rand
DE,ackley,4,997,4.3076653355456074e-14,29970,30,0.8,0.2,rand
DE,ackley,4,998,4.3076653355456074e-14,30000,30,0.8,0.2,rand
DE,ackley,4,999,4.3076653355456074e-14,30030,30,0.8,0.2,rand
DE,ackley,4,1000,4.3076653355456074e-14,30060,30,0.8,0.2,rand
DE,ackley,4,1001,3.952393967665557e-14,30090,30,0.8,0.2,rand
DE,ackley,4,1002,3.952393967665557e-14,30120,30,0.8,0.2,rand
DE,ackley,4,1003,3.952393967665557e-14,30150,30,0.8,0.2,rand
DE,ackley,4,1004,3.597122599785507e-14,30180,30,0.8,0.2,rand
DE,ackley,4,1005,3.597122599785507e-14,30210,30,0.8,0.2,rand
DE,ackley,4,1006,3.597122599785507e-14,30240,30,0.8,0.2,rand
DE,ackley,4,1007,3.597122599785507e-14,30270,30,0.8,0.2,rand
DE,ackley,4,1008,3.241851231905457e-14,30300,30,0.8,0.2,rand
DE,ackley,4,1009,3.241851231905457e-14,30330,30,0.8,0.2,rand
DE,ackley,4,1010,3.241851231905457e-14,30360,30,0.8,0.2,rand
DE,ackley,4,1011,3.241851231905457e-14,30390,30,0.8,0.2,rand
DE,ackley,4,1012,3.241851231905457e-14,30420,30,0.8,0.2,rand
DE,ackley,4,1013,3.241851231905457e-14,30450,30,0.8,0.2,rand
DE,ackley,4,1014,2.886579864025407e-14,30480,30,0.8,0.2,rand
DE,ackley,4,1015,2.886579864025407e-14,30510,30,0.8,0.2,rand
DE,ackley,4,1016,2.886579864025407e-14,30540,30,0.8,0.2,rand
DE,ackley,4,1017,2.886579864025407e-14,30570,30,0.8,0.2,rand
DE,ackley,4,1018,2.886579864025407e-14,30600,30,0.8,0.2,rand
DE,ackley,4,1019,2.886579864025407e-14,30630,30,0.8,0.2,rand
DE,ackley,4,1020,2.886579864025407e-14,30660,30,0.8,0.2,rand
DE,ackley,4,1021,2.886579864025407e-14,30690,30,0.8,0.2,rand
DE,ackley,4,1022,2.886579864025407e-14,30720,30,0.8,0.2,rand
DE,ackley,4,1023,2.531308496145357e-14,30750,30,0.8,0.2,rand
DE,ackley,4,1024,2.1760371282653068e-14,30780,30,0.8,0.2,rand
DE,ackley,4,1025,2.1760371282653068e-14,30810,30,0.8,0.2,rand
DE,ackley,4,1026,2.1760371282653068e-14,30840,30,0.8,0.2,rand
DE,ackley,4,1027,2.1760371282653068e-14,30870,30,0.8,0.2,rand
DE,ackley,4,1028,2.1760371282653068e-14,30900,30,0.8,0.2,rand
DE,ackley,4,1029,2.1760371282653068e-14,30930,30,0.8,0.2,rand
DE,ackley,4,1030,2.1760371282653068e-14,30960,30,0.8,0.2,rand
DE,ackley,4,1031,2.1760371282653068e-14,30990,30,0.8,0.2,rand
DE,ackley,4,1032,2.1760371282653068e-14,31020,30,0.8,0.2,rand
DE,ackley,4,1033,2.1760371282653068e-14,31050,30,0.8,0.2,rand
DE,ackley,4,1034,1.8207657603852567e-14,31080,30,0.8,0.2,rand
DE,ackley,4,1035,1.4654943925052066e-14,31110,30,0.8,0.2,rand
DE,ackley,4,1036,1.4654943925052066e-14,31140,30,0.8,0.2,rand
DE,ackley,4,1037,1.4654943925052066e-14,31170,30,0.8,0.2,rand
DE,ackley,4,1038,1.4654943925052066e-14,31200,30,0.8,0.2,rand
DE,ackley,4,1039,1.4654943925052066e-14,31230,30,0.8,0.2,rand
DE,ackley,4,1040,1.4654943925052066e-14,31260,30,0.8,0.2,rand
DE,ackley,4,1041,1.4654943925052066e-14,31290,30,0.8,0.2,rand
DE,ackley,4,1042,1.4654943925052066e-14,31320,30,0.8,0.2,rand
DE,ackley,4,1043,1.4654943925052066e-14,31350,30,0.8,0.2,rand
DE,ackley,4,1044,1.4654943925052066e-14,31380,30,0.8,0.2,rand
DE,ackley,4,1045,1.4654943925052066e-14,31410,30,0.8,0.2,rand
DE,ackley,4,1046,1.4654943925052066e-14,31440,30,0.8,0.2,rand
DE,ackley,4,1047,1.1102230246251565e-14,31470,30,0.8,0.2,rand
DE,ackley,4,1048,1.1102230246251565e-14,31500,30,0.8,0.2,rand
DE,ackley,4,1049,1.1102230246251565e-14,31530,30,0.8,0.2,rand
DE,ackley,4,1050,1.1102230246251565e-14,31560,30,0.8,0.2,rand
DE,ackley,4,1051,1.1102230246251565e-14,31590,30,0.8,0.2,rand
DE,ackley,4,1052,7.549516567451064e-15,31620,30,0.8,0.2,rand
DE,ackley,4,1053,7.549516567451064e-15,31650,30,0.8,0.2,rand
DE,ackley,4,1054,7.549516567451064e-15,31680,30,0.8,0.2,rand
DE,ackley,4,1055,7.549516567451064e-15,31710,30,0.8,0.2,rand
DE,ackley,4,1056,7.549516567451064e-15,31740,30,0.8,0.2,rand
DE,ackley,4,1057,7.549516567451064e-15,31770,30,0.8,0.2,rand
DE,ackley,4,1058,7.549516567451064e-15,31800,30,0.8,0.2,rand
DE,ackley,4,1059,7.549516567451064e-15,31830,30,0.8,0.2,rand
DE,ackley,4,1060,7.549516567451064e-15,31860,30,0.8,0.2,rand
DE,ackley,4,1061,7.549516567451064e-15,31890,30,0.8,0.2,rand
DE,ackley,4,1062,7.549516567451064e-15,31920,30,0.8,0.2,rand
DE,ackley,4,1063,7.549516567451064e-15,31950,30,0.8,0.2,rand
DE,ackley,4,1064,7.549516567451064e-15,31980,30,0.8,0.2,rand
DE,ackley,4,1065,7.549516567451064e-15,32010,30,0.8,0.2,rand
DE,ackley,4,1066,7.549516567451064e-15,32040,30,0.8,0.2,rand
DE,ackley,4,1067,7.549516567451064e-15,32070,30,0.8,0.2,rand
DE,ackley,4,1068,7.549516567451064e-15,32100,30,0.8,0.2,rand
DE,ackley,4,1069,7.549516567451064e-15,32130,30,0.8,0.2,rand
DE,ackley,4,1070,7.549516567451064e-15,32160,30,0.8,0.2,rand
DE,ackley,4,1071,7.549516567451064e-15,32190,30,0.8,0.2,rand
DE,ackley,4,1072,7.549516567451064e-15,32220,30,0.8,0.2,rand
DE,ackley,4,1073,7.549516567451064e-15,32250,30,0.8,0.2,rand
DE,ackley,4,1074,7.549516567451064e-15,32280,30,0.8,0.2,rand
DE,ackley,4,1075,7.549516567451064e-15,32310,30,0.8,0.2,rand
DE,ackley,4,1076,7.549516567451064e-15,32340,30,0.8,0.2,rand
DE,ackley,4,1077,7.549516567451064e-15,32370,30,0.8,0.2,rand
DE,ackley,4,1078,7.549516567451064e-15,32400,30,0.8,0.2,rand
DE,ackley,4,1079,7.549516567451064e-15,32430,30,0.8,0.2,rand
DE,ackley,4,1080,7.549516567451064e-15,32460,30,0.8,0.2,rand
DE,ackley,4,1081,7.549516567451064e-15,32490,30,0.8,0.2,rand
DE,ackley,4,1082,7.549516567451064e-15,32520,30,0.8,0.2,rand
DE,ackley,4,1083,7.549516567451064e-15,32550,30,0.8,0.2,rand
DE,ackley,4,1084,7.549516567451064e-15,32580,30,0.8,0.2,rand
DE,ackley,4,1085,3.9968028886505635e-15,32610,30,0.8,0.2,rand
DE,ackley,4,1086,3.9968028886505635e-15,32640,30,0.8,0.2,rand
DE,ackley,4,1087,3.9968028886505635e-15,32670,30,0.8,0.2,rand
DE,ackley,4,1088,3.9968028886505635e-15,32700,30,0.8,0.2,rand
DE,ackley,4,1089,3.9968028886505635e-15,32730,30,0.8,0.2,rand
DE,ackley,4,1090,3.9968028886505635e-15,32760,30,0.8,0.2,rand
DE,ackley,4,1091,3.9968028886505635e-15,32790,30,0.8,0.2,rand
DE,ackley,4,1092,3.9968028886505635e-15,32820,30,0.8,0.2,rand
DE,ackley,4,1093,3.9968028886505635e-15,32850,30,0.8,0.2,rand
DE,ackley,4,1094,3.9968028886505635e-15,32880,30,0.8,0.2,rand
DE,ackley,4,1095,3.9968028886505635e-15,32910,30,0.8,0.2,rand
DE,ackley,4,1096,3.9968028886505635e-15,32940,30,0.8,0.2,rand
DE,ackley,4,1097,3.9968028886505635e-15,32970,30,0.8,0.2,rand
DE,ackley,4,1098,3.9968028886505635e-15,33000,30,0.8,0.2,rand
DE,ackley,4,1099,3.9968028886505635e-15,33030,30,0.8,0.2,rand
DE,ackley,4,1100,3.9968028886505635e-15,33060,30,0.8,0.2,rand
DE,ackley,4,1101,3.9968028886505635e-15,33090,30,0.8,0.2,rand
DE,ackley,4,1102,3.9968028886505635e-15,33120,30,0.8,0.2,rand
DE,ackley,4,1103,3.9968028886505635e-15,33150,30,0.8,0.2,rand
DE,ackley,4,1104,3.9968028886505635e-15,33180,30,0.8,0.2,rand
DE,ackley,4,1105,3.9968028886505635e-15,33210,30,0.8,0.2,rand
DE,ackley,4,1106,3.9968028886505635e-15,33240,30,0.8,0.2,rand
DE,ackley,4,1107,3.9968028886505635e-15,33270,30,0.8,0.2,rand
DE,ackley,4,1108,3.9968028886505635e-15,33300,30,0.8,0.2,rand
DE,ackley,4,1109,3.9968028886505635e-15,33330,30,0.8,0.2,rand
DE,ackley,4,1110,3.9968028886505635e-15,33360,30,0.8,0.2,rand
DE,ackley,4,1111,3.9968028886505635e-15,33390,30,0.8,0.2,rand
DE,ackley,4,1112,3.9968028886505635e-15,33420,30,0.8,0.2,rand
DE,ackley,4,1113,3.9968028886505635e-15,33450,30,0.8,0.2,rand
DE,ackley,4,1114,3.9968028886505635e-15,33480,30,0.8,0.2,rand
DE,ackley,4,1115,3.9968028886505635e-15,33510,30,0.8,0.2,rand
DE,ackley,4,1116,3.9968028886505635e-15,33540,30,0.8,0.2,rand
DE,ackley,4,1117,3.9968028886505635e-15,33570,30,0.8,0.2,rand
DE,ackley,4,1118,3.9968028886505635e-15,33600,30,0.8,0.2,rand
DE,ackley,4,1119,3.9968028886505635e-15,33630,30,0.8,0.2,rand
DE,ackley,4,1120,3.9968028886505635e-15,33660,30,0.8,0.2,rand
DE,ackley,4,1121,3.9968028886505635e-15,33690,30,0.8,0.2,rand
DE,ackley,4,1122,3.9968028886505635e-15,33720,30,0.8,0.2,rand
DE,ackley,4,1123,3.9968028886505635e-15,33750,30,0.8,0.2,rand
DE,ackley,4,1124,3.9968028886505635e-15,33780,30,0.8,0.2,rand
DE,ackley,4,1125,3.9968028886505635e-15,33810,30,0.8,0.2,rand
DE,ackley,4,1126,3.9968028886505635e-15,33840,30,0.8,0.2,rand
DE,ackley,4,1127,3.9968028886505635e-15,33870,30,0.8,0.2,rand
DE,ackley,4,1128,3.9968028886505635e-15,33900,30,0.8,0.2,rand
DE,ackley,4,1129,3.9968028886505635e-15,33930,30,0.8,0.2,rand
DE,ackley,4,1130,3.9968028886505635e-15,33960,30,0.8,0.2,rand
DE,ackley,4,1131,3.9968028886505635e-15,33990,30,0.8,0.2,rand
DE,ackley,4,1132,3.9968028886505635e-15,34020,30,0.8,0.2,rand
DE,ackley,4,1133,3.9968028886505635e-15,34050,30,0.8,0.2,rand
DE,ackley,4,1134,3.9968028886505635e-15,34080,30,0.8,0.2,rand
DE,ackley,4,1135,3.9968028886505635e-15,34110,30,0.8,0.2,rand
DE,ackley,4,1136,3.9968028886505635e-15,34140,30,0.8,0.2,rand
DE,ackley,4,1137,3.9968028886505635e-15,34170,30,0.8,0.2,rand
DE,ackley,4,1138,3.9968028886505635e-15,34200,30,0.8,0.2,rand
DE,ackley,4,1139,3.9968028886505635e-15,34230,30,0.8,0.2,rand
DE,ackley,4,1140,3.9968028886505635e-15,34260,30,0.8,0.2,rand
DE,ackley,4,1141,3.9968028886505635e-15,34290,30,0.8,0.2,rand
DE,ackley,4,1142,3.9968028886505635e-15,34320,30,0.8,0.2,rand
DE,ackley,4,1143,3.9968028886505635e-15,34350,30,0.8,0.2,rand
DE,ackley,4,1144,3.9968028886505635e-15,34380,30,0.8,0.2,rand
DE,ackley,4,1145,3.9968028886505635e-15,34410,30,0.8,0.2,rand
DE,ackley,4,1146,3.9968028886505635e-15,34440,30,0.8,0.2,rand
DE,ackley,4,1147,3.9968028886505635e-15,34470,30,0.8,0.2,rand
DE,ackley,4,1148,3.9968028886505635e-15,34500,30,0.8,0.2,rand
DE,ackley,4,1149,3.9968028886505635e-15,34530,30,0.8,0.2,rand
DE,ackley,4,1150,3.9968028886505635e-15,34560,30,0.8,0.2,rand
DE,ackley,4,1151,3.9968028886505635e-15,34590,30,0.8,0.2,rand
DE,ackley,4,1152,3.9968028886505635e-15,34620,30,0.8,0.2,rand
DE,ackley,4,1153,3.9968028886505635e-15,34650,30,0.8,0.2,rand
DE,ackley,4,1154,3.9968028886505635e-15,34680,30,0.8,0.2,rand
DE,ackley,4,1155,3.9968028886505635e-15,34710,30,0.8,0.2,rand
DE,ackley,4,1156,3.9968028886505635e-15,34740,30,0.8,0.2,rand
DE,ackley,4,1157,3.9968028886505635e-15,34770,30,0.8,0.2,rand
DE,ackley,4,1158,3.9968028886505635e-15,34800,30,0.8,0.2,rand
DE,ackley,4,1159,3.9968028886505635e-15,34830,30,0.8,0.2,rand
DE,ackley,4,1160,3.9968028886505635e-15,34860,30,0.8,0.2,rand
DE,ackley,4,1161,3.9968028886505635e-15,34890,30,0.8,0.2,rand
DE,ackley,4,1162,3.9968028886505635e-15,34920,30,0.8,0.2,rand
DE,ackley,4,1163,3.9968028886505635e-15,34950,30,0.8,0.2,rand
DE,ackley,4,1164,3.9968028886505635e-15,34980,30,0.8,0.2,rand
DE,ackley,4,1165,3.9968028886505635e-15,35010,30,0.8,0.2,rand
DE,ackley,4,1166,3.9968028886505635e-15,35040,30,0.8,0.2,rand
DE,ackley,4,1167,3.9968028886505635e-15,35070,30,0.8,0.2,rand
DE,ackley,4,1168,3.9968028886505635e-15,35100,30,0.8,0.2,rand
DE,ackley,4,1169,3.9968028886505635e-15,35130,30,0.8,0.2,rand
DE,ackley,4,1170,3.9968028886505635e-15,35160,30,0.8,0.2,rand
DE,ackley,4,1171,3.9968028886505635e-15,35190,30,0.8,0.2,rand
DE,ackley,4,1172,3.9968028886505635e-15,35220,30,0.8,0.2,rand
DE,ackley,4,1173,3.9968028886505635e-15,35250,30,0.8,0.2,rand
DE,ackley,4,1174,3.9968028886505635e-15,35280,30,0.8,0.2,rand
DE,ackley,4,1175,3.9968028886505635e-15,35310,30,0.8,0.2,rand
DE,ackley,4,1176,3.9968028886505635e-15,35340,30,0.8,0.2,rand
DE,ackley,4,1177,3.9968028886505635e-15,35370,30,0.8,0.2,rand
DE,ackley,4,1178,3.9968028886505635e-15,35400,30,0.8,0.2,rand
DE,ackley,4,1179,3.9968028886505635e-15,35430,30,0.8,0.2,rand
DE,ackley,4,1180,3.9968028886505635e-15,35460,30,0.8,0.2,rand
DE,ackley,4,1181,3.9968028886505635e-15,35490,30,0.8,0.2,rand
DE,ackley,4,1182,3.9968028886505635e-15,35520,30,0.8,0.2,rand
DE,ackley,4,1183,3.9968028886505635e-15,35550,30,0.8,0.2,rand
DE,ackley,4,1184,3.9968028886505635e-15,35580,30,0.8,0.2,rand
DE,ackley,4,1185,3.9968028886505635e-15,35610,30,0.8,0.2,rand
DE,ackley,4,1186,3.9968028886505635e-15,35640,30,0.8,0.2,rand
DE,ackley,4,1187,3.9968028886505635e-15,35670,30,0.8,0.2,rand
DE,ackley,4,1188,3.9968028886505635e-15,35700,30,0.8,0.2,rand
DE,ackley,4,1189,3.9968028886505635e-15,35730,30,0.8,0.2,rand
DE,ackley,4,1190,3.9968028886505635e-15,35760,30,0.8,0.2,rand
DE,ackley,4,1191,3.9968028886505635e-15,35790,30,0.8,0.2,rand
DE,ackley,4,1192,3.9968028886505635e-15,35820,30,0.8,0.2,rand
DE,ackley,4,1193,3.9968028886505635e-15,35850,30,0.8,0.2,rand
DE,ackley,4,1194,3.9968028886505635e-15,35880,30,0.8,0.2,rand
DE,ackley,4,1195,3.9968028886505635e-15,35910,30,0.8,0.2,rand
DE,ackley,4,1196,3.9968028886505635e-15,35940,30,0.8,0.2,rand
DE,ackley,4,1197,3.9968028886505635e-15,35970,30,0.8,0.2,rand
DE,ackley,4,1198,3.9968028886505635e-15,36000,30,0.8,0.2,rand
DE,ackley,4,1199,3.9968028886505635e-15,36030,30,0.8,0.2,rand
