algoritmo,funcion,ejecucion,generacion,mejor_fitness,evaluaciones,np,F,CR,variante
DE,ackley,0,0,20.290155426925207,60,30,0.8,0.9,best
DE,ackley,0,1,18.94166486465329,90,30,0.8,0.9,best
DE,ackley,0,2,18.94166486465329,120,30,0.8,0.9,best
DE,ackley,0,3,18.94166486465329,150,30,0.8,0.9,best
DE,ackley,0,4,18.94166486465329,180,30,0.8,0.9,best
DE,ackley,0,5,17.21959758137816,210,30,0.8,0.9,best
DE,ackley,0,6,16.868531963383138,240,30,0.8,0.9,best
DE,ackley,0,7,16.868531963383138,270,30,0.8,0.9,best
DE,ackley,0,8,16.868531963383138,300,30,0.8,0.9,best
DE,ackley,0,9,16.41732272037294,330,30,0.8,0.9,best
DE,ackley,0,10,16.41732272037294,360,30,0.8,0.9,best
DE,ackley,0,11,16.41732272037294,390,30,0.8,0.9,best
DE,ackley,0,12,16.41732272037294,420,30,0.8,0.9,best
DE,ackley,0,13,15.957431076756617,450,30,0.8,0.9,best
DE,ackley,0,14,14.913196778907496,480,30,0.8,0.9,best
DE,ackley,0,15,14.913196778907496,510,30,0.8,0.9,best
DE,ackley,0,16,14.913196778907496,540,30,0.8,0.9,best
DE,ackley,0,17,12.99014924820947,570,30,0.8,0.9,best
DE,ackley,0,18,12.99014924820947,600,30,0.8,0.9,best
DE,ackley,0,19,12.106304902588715,630,30,0.8,0.9,best
DE,ackley,0,20,12.106304902588715,660,30,0.8,0.9,best
DE,ackley,0,21,12.106304902588715,690,30,0.8,0.9,best
DE,ackley,0,22,11.617198361364617,720,30,0.8,0.9,best
DE,ackley,0,23,10.518313667034137,750,30,0.8,0.9,best
DE,ackley,0,24,8.803036690862019,780,30,0.8,0.9,best
DE,ackley,0,25,8.803036690862019,810,30,0.8,0.9,best
DE,ackley,0,26,8.803036690862019,840,30,0.8,0.9,best
DE,ackley,0,27,6.9917954263870445,870,30,0.8,0.9,best
DE,ackley,0,28,5.697622528286757,900,30,0.8,0.9,best
DE,ackley,0,29,5.697622528286757,930,30,0.8,0.9,best
DE,ackley,0,30,5.697622528286757,960,30,0.8,0.9,best
DE,ackley,0,31,5.697622528286757,990,30,0.8,0.9,best
DE,ackley,0,32,5.697622528286757,1020,30,0.8,0.9,best
DE,ackley,0,33,5.517055212667223,1050,30,0.8,0.9,best
DE,ackley,0,34,5.1660986852096435,1080,30,0.8,0.9,best
DE,ackley,0,35,4.485434695784242,1110,30,0.8,0.9,best
DE,ackley,0,36,4.485434695784242,1140,30,0.8,0.9,best
DE,ackley,0,37,4.031994095859609,1170,30,0.8,0.9,best
DE,ackley,0,38,3.934007347631209,1200,30,0.8,0.9,best
DE,ackley,0,39,3.6314368291693495,1230,30,0.8,0.9,best
DE,ackley,0,40,3.6314368291693495,1260,30,0.8,0.9,best
DE,ackley,0,41,3.5397239508728906,1290,30,0.8,0.9,best
DE,ackley,0,42,3.5397239508728906,1320,30,0.8,0.9,best
DE,ackley,0,43,3.323400678629721,1350,30,0.8,0.9,best
DE,ackley,0,44,3.323400678629721,1380,30,0.8,0.9,best
DE,ackley,0,45,3.323400678629721,1410,30,0.8,0.9,best
DE,ackley,0,46,3.2030539236801663,1440,30,0.8,0.9,best
DE,ackley,0,47,3.2030539236801663,1470,30,0.8,0.9,best
DE,ackley,0,48,2.6151328490808905,1500,30,0.8,0.9,best
DE,ackley,0,49,2.6151328490808905,1530,30,0.8,0.9,best
DE,ackley,0,50,2.6151328490808905,1560,30,0.8,0.9,best
DE,ackley,0,51,2.6151328490808905,1590,30,0.8,0.9,best
DE,ackley,0,52,2.570885215996683,1620,30,0.8,0.9,best
DE,ackley,0,53,2.570885215996683,1650,30,0.8,0.9,best
DE,ackley,0,54,2.570885215996683,1680,30,0.8,0.9,best
DE,ackley,0,55,2.570885215996683,1710,30,0.8,0.9,best
DE,ackley,0,56,2.570885215996683,1740,30,0.8,0.9,best
DE,ackley,0,57,2.570885215996683,1770,30,0.8,0.9,best
DE,ackley,0,58,2.08096166852727,1800,30,0.8,0.9,best
DE,ackley,0,59,1.767742521276578,1830,30,0.8,0.9,best
DE,ackley,0,60,1.767742521276578,1860,30,0.8,0.9,best
DE,ackley,0,61,1.767742521276578,1890,30,0.8,0.9,best
DE,ackley,0,62,1.6077866949598492,1920,30,0.8,0.9,best
DE,ackley,0,63,1.3089408507141482,1950,30,0.8,0.9,best
DE,ackley,0,64,1.3089408507141482,1980,30,0.8,0.9,best
DE,ackley,0,65,1.3089408507141482,2010,30,0.8,0.9,best
DE,ackley,0,66,1.1756960596509605,2040,30,0.8,0.9,best
DE,ackley,0,67,1.1756960596509605,2070,30,0.8,0.9,best
DE,ackley,0,68,1.1217741066618996,2100,30,0.8,0.9,best
DE,ackley,0,69,1.1217741066618996,2130,30,0.8,0.9,best
DE,ackley,0,70,1.0359019273878016,2160,30,0.8,0.9,best
DE,ackley,0,71,0.9212088007424772,2190,30,0.8,0.9,best
DE,ackley,0,72,0.6414378041169049,2220,30,0.8,0.9,best
DE,ackley,0,73,0.6414378041169049,2250,30,0.8,0.9,best
DE,ackley,0,74,0.6414378041169049,2280,30,0.8,0.9,best
DE,ackley,0,75,0.5445528411085339,2310,30,0.8,0.9,best
DE,ackley,0,76,0.5290417008635875,2340,30,0.8,0.9,best
DE,ackley,0,77,0.3810858277533957,2370,30,0.8,0.9,best
DE,ackley,0,78,0.3810858277533957,2400,30,0.8,0.9,best
DE,ackley,0,79,0.3810858277533957,2430,30,0.8,0.9,best
DE,ackley,0,80,0.3810858277533957,2460,30,0.8,0.9,best
DE,ackley,0,81,0.3810858277533957,2490,30,0.8,0.9,best
DE,ackley,0,82,0.302341359800526,2520,30,0.8,0.9,best
DE,ackley,0,83,0.2774570596003021,2550,30,0.8,0.9,best
DE,ackley,0,84,0.2774570596003021,2580,30,0.8,0.9,best
DE,ackley,0,85,0.2774570596003021,2610,30,0.8,0.9,best
DE,ackley,0,86,0.2617342000283185,2640,30,0.8,0.9,best
DE,ackley,0,87,0.18567011197916772,2670,30,0.8,0.9,best
DE,ackley,0,88,0.17010268588909527,2700,30,0.8,0.9,best
DE,ackley,0,89,0.1190146785531927,2730,30,0.8,0.9,best
DE,ackley,0,90,0.08922314574976697,2760,30,0.8,0.9,best
DE,ackley,0,91,0.08922314574976697,2790,30,0.8,0.9,best
DE,ackley,0,92,0.08922314574976697,2820,30,0.8,0.9,best
DE,ackley,0,93,0.07834937715605195,2850,30,0.8,0.9,best
DE,ackley,0,94,0.07834937715605195,2880,30,0.8,0.9,best
DE,ackley,0,95,0.06789491853831153,2910,30,0.8,0.9,best
DE,ackley,0,96,0.05250662031842568,2940,30,0.8,0.9,best
DE,ackley,0,97,0.05027352882432767,2970,30,0.8,0.9,best
DE,ackley,0,98,0.05027352882432767,3000,30,0.8,0.9,best
DE,ackley,0,99,0.044171360202320376,3030,30,0.8,0.9,best
DE,ackley,0,100,0.044171360202320376,3060,30,0.8,0.9,best
DE,ackley,0,101,0.044171360202320376,3090,30,0.8,0.9,best
DE,ackley,0,102,0.044171360202320376,3120,30,0.8,0.9,best
DE,ackley,0,103,0.044171360202320376,3150,30,0.8,0.9,best
DE,ackley,0,104,0.044171360202320376,3180,30,0.8,0.9,best
DE,ackley,0,105,0.044171360202320376,3210,30,0.8,0.9,best
DE,ackley,0,106,0.044171360202320376,3240,30,0.8,0.9,best
DE,ackley,0,107,0.044171360202320376,3270,30,0.8,0.9,best
DE,ackley,0,108,0.03836319103427899,3300,30,0.8,0.9,best
DE,ackley,0,109,0.03087291343211307,3330,30,0.8,0.9,best
DE,ackley,0,110,0.02715243931399458,3360,30,0.8,0.9,best
DE,ackley,0,111,0.02715243931399458,3390,30,0.8,0.9,best
DE,ackley,0,112,0.021784982060726765,3420,30,0.8,0.9,best
DE,ackley,0,113,0.021784982060726765,3450,30,0.8,0.9,best
DE,ackley,0,114,0.012509143394265454,3480,30,0.8,0.9,best
DE,ackley,0,115,0.012509143394265454,3510,30,0.8,0.9,best
DE,ackley,0,116,0.012509143394265454,3540,30,0.8,0.9,best
DE,ackley,0,117,0.012509143394265454,3570,30,0.8,0.9,best
DE,ackley,0,118,0.011776960408433457,3600,30,0.8,0.9,best
DE,ackley,0,119,0.011776960408433457,3630,30,0.8,0.9,best
DE,ackley,0,120,0.011776960408433457,3660,30,0.8,0.9,best
DE,ackley,0,121,0.011776960408433457,3690,30,0.8,0.9,best
DE,ackley,0,122,0.011776960408433457,3720,30,0.8,0.9,best
DE,ackley,0,123,0.011776960408433457,3750,30,0.8,0.9,best
DE,ackley,0,124,0.009321118371876214,3780,30,0.8,0.9,best
DE,ackley,0,125,0.009321118371876214,3810,30,0.8,0.9,best
DE,ackley,0,126,0.007549071475939417,3840,30,0.8,0.9,best
DE,ackley,0,127,0.004493520356000591,3870,30,0.8,0.9,best
DE,ackley,0,128,0.004493520356000591,3900,30,0.8,0.9,best
DE,ackley,0,129,0.004493520356000591,3930,30,0.8,0.9,best
DE,ackley,0,130,0.004493520356000591,3960,30,0.8,0.9,best
DE,ackley,0,131,0.004493520356000591,3990,30,0.8,0.9,best
DE,ackley,0,132,0.004493520356000591,4020,30,0.8,0.9,best
DE,ackley,0,133,0.004493520356000591,4050,30,0.8,0.9,best
DE,ackley,0,134,0.004493520356000591,4080,30,0.8,0.9,best
DE,ackley,0,135,0.0038712825427116293,4110,30,0.8,0.9,best
DE,ackley,0,136,0.0038712825427116293,4140,30,0.8,0.9,best
DE,ackley,0,137,0.0025944122507550738,4170,30,0.8,0.9,best
DE,ackley,0,138,0.0025944122507550738,4200,30,0.8,0.9,best
DE,ackley,0,139,0.00245760622323532,4230,30,0.8,0.9,best
DE,ackley,0,140,0.00245760622323532,4260,30,0.8,0.9,best
DE,ackley,0,141,0.0019096330560768315,4290,30,0.8,0.9,best
DE,ackley,0,142,0.0019096330560768315,4320,30,0.8,0.9,best
DE,ackley,0,143,0.0018815106211396149,4350,30,0.8,0.9,best
DE,ackley,0,144,0.0018815106211396149,4380,30,0.8,0.9,best
DE,ackley,0,145,0.0018815106211396149,4410,30,0.8,0.9,best
DE,ackley,0,146,0.001321305908135617,4440,30,0.8,0.9,best
DE,ackley,0,147,0.001321305908135617,4470,30,0.8,0.9,best
DE,ackley,0,148,0.001321305908135617,4500,30,0.8,0.9,best
DE,ackley,0,149,0.0011597981197906115,4530,30,0.8,0.9,best
DE,ackley,0,150,0.0010953745094366418,4560,30,0.8,0.9,best
DE,ackley,0,151,0.0010953745094366418,4590,30,0.8,0.9,best
DE,ackley,0,152,0.0010953745094366418,4620,30,0.8,0.9,best
DE,ackley,0,153,0.0010953745094366418,4650,30,0.8,0.9,best
DE,ackley,0,154,0.0010953745094366418,4680,30,0.8,0.9,best
DE,ackley,0,155,0.0009584972959761906,4710,30,0.8,0.9,best
DE,ackley,0,156,0.0009584972959761906,4740,30,0.8,0.9,best
DE,ackley,0,157,0.0008769634989005404,4770,30,0.8,0.9,best
DE,ackley,0,158,0.0008698457157731987,4800,30,0.8,0.9,best
DE,ackley,0,159,0.0008698457157731987,4830,30,0.8,0.9,best
DE,ackley,0,160,0.0007704831984018945,4860,30,0.8,0.9,best
DE,ackley,0,161,0.0006298574633558651,4890,30,0.8,0.9,best
DE,ackley,0,162,0.0006298574633558651,4920,30,0.8,0.9,best
DE,ackley,0,163,0.0005985243354413861,4950,30,0.8,0.9,best
DE,ackley,0,164,0.0005260752800251289,4980,30,0.8,0.9,best
DE,ackley,0,165,0.0005260752800251289,5010,30,0.8,0.9,best
DE,ackley,0,166,0.0005260752800251289,5040,30,0.8,0.9,best
DE,ackley,0,167,0.0004192967482130605,5070,30,0.8,0.9,best
DE,ackley,0,168,0.0004192967482130605,5100,30,0.8,0.9,best
DE,ackley,0,169,0.0004192967482130605,5130,30,0.8,0.9,best
DE,ackley,0,170,0.0004192967482130605,5160,30,0.8,0.9,best
DE,ackley,0,171,0.0004024492999410434,5190,30,0.8,0.9,best
DE,ackley,0,172,0.00033336176547082985,5220,30,0.8,0.9,best
DE,ackley,0,173,0.0002211588745955062,5250,30,0.8,0.9,best
DE,ackley,0,174,0.0002211588745955062,5280,30,0.8,0.9,best
DE,ackley,0,175,0.0002211588745955062,5310,30,0.8,0.9,best
DE,ackley,0,176,0.0001727890172991131,5340,30,0.8,0.9,best
DE,ackley,0,177,0.0001727890172991131,5370,30,0.8,0.9,best
DE,ackley,0,178,0.0001727890172991131,5400,30,0.8,0.9,best
DE,ackley,0,179,0.0001580741854074752,5430,30,0.8,0.9,best
DE,ackley,0,180,0.0001580741854074752,5460,30,0.8,0.9,best
DE,ackley,0,181,0.00015063062751297096,5490,30,0.8,0.9,best
DE,ackley,0,182,0.00014740552628866865,5520,30,0.8,0.9,best
DE,ackley,0,183,0.000124325815634041,5550,30,0.8,0.9,best
DE,ackley,0,184,0.000124325815634041,5580,30,0.8,0.9,best
DE,ackley,0,185,0.00011920671782705838,5610,30,0.8,0.9,best
DE,ackley,0,186,9.547404188881004e-05,5640,30,0.8,0.9,best
DE,ackley,0,187,9.547404188881004e-05,5670,30,0.8,0.9,best
DE,ackley,0,188,9.08905387579928e-05,5700,30,0.8,0.9,best
DE,ackley,0,189,9.08905387579928e-05,5730,30,0.8,0.9,best
DE,ackley,0,190,9.08905387579928e-05,5760,30,0.8,0.9,best
DE,ackley,0,191,8.8818868317464e-05,5790,30,0.8,0.9,best
DE,ackley,0,192,8.867406333523675e-05,5820,30,0.8,0.9,best
DE,ackley,0,193,8.29886490092413e-05,5850,30,0.8,0.9,best
DE,ackley,0,194,8.29886490092413e-05,5880,30,0.8,0.9,best
DE,ackley,0,195,8.29886490092413e-05,5910,30,0.8,0.9,best
DE,ackley,0,196,8.190133419860857e-05,5940,30,0.8,0.9,best
DE,ackley,0,197,8.190133419860857e-05,5970,30,0.8,0.9,best
DE,ackley,0,198,6.901824482286045e-05,6000,30,0.8,0.9,best
DE,ackley,0,199,5.3078282264085175e-05,6030,30,0.8,0.9,best
DE,ackley,0,200,4.501872135564966e-05,6060,30,0.8,0.9,best
DE,ackley,0,201,4.261345194978006e-05,6090,30,0.8,0.9,best
DE,ackley,0,202,3.973370807530685e-05,6120,30,0.8,0.9,best
DE,ackley,0,203,3.413105829297436e-05,6150,30,0.8,0.9,best
DE,ackley,0,204,2.8973133880061397e-05,6180,30,0.8,0.9,best
DE,ackley,0,205,2.663316486151146e-05,6210,30,0.8,0.9,best
DE,ackley,0,206,2.663316486151146e-05,6240,30,0.8,0.9,best
DE,ackley,0,207,2.663316486151146e-05,6270,30,0.8,0.9,best
DE,ackley,0,208,2.663316486151146e-05,6300,30,0.8,0.9,best
DE,ackley,0,209,2.209047143653109e-05,6330,30,0.8,0.9,best
DE,ackley,0,210,1.7951713126240776e-05,6360,30,0.8,0.9,best
DE,ackley,0,211,1.7951713126240776e-05,6390,30,0.8,0.9,best
DE,ackley,0,212,1.7951713126240776e-05,6420,30,0.8,0.9,best
DE,ackley,0,213,1.6823118702991025e-05,6450,30,0.8,0.9,best
DE,ackley,0,214,1.6823118702991025e-05,6480,30,0.8,0.9,best
DE,ackley,0,215,1.6823118702991025e-05,6510,30,0.8,0.9,best
DE,ackley,0,216,1.3321927565090874e-05,6540,30,0.8,0.9,best
DE,ackley,0,217,1.2560752101098416e-05,6570,30,0.8,0.9,best
DE,ackley,0,218,1.1562620862992645e-05,6600,30,0.8,0.9,best
DE,ackley,0,219,1.0845676897464074e-05,6630,30,0.8,0.9,best
DE,ackley,0,220,1.0845676897464074e-05,6660,30,0.8,0.9,best
DE,ackley,0,221,5.941743613124828e-06,6690,30,0.8,0.9,best
DE,ackley,0,222,5.941743613124828e-06,6720,30,0.8,0.9,best
DE,ackley,0,223,5.941743613124828e-06,6750,30,0.8,0.9,best
DE,ackley,0,224,5.941743613124828e-06,6780,30,0.8,0.9,best
DE,ackley,0,225,5.462266056799336e-06,6810,30,0.8,0.9,best
DE,ackley,0,226,4.660420974023083e-06,6840,30,0.8,0.9,best
DE,ackley,0,227,3.72856644448305e-06,6870,30,0.8,0.9,best
DE,ackley,0,228,3.72856644448305e-06,6900,30,0.8,0.9,best
DE,ackley,0,229,3.72856644448305e-06,6930,30,0.8,0.9,best
DE,ackley,0,230,3.72856644448305e-06,6960,30,0.8,0.9,best
DE,ackley,0,231,3.72856644448305e-06,6990,30,0.8,0.9,best
DE,ackley,0,232,3.72856644448305e-06,7020,30,0.8,0.9,best
DE,ackley,0,233,3.277403589851957e-06,7050,30,0.8,0.9,best
DE,ackley,0,234,3.277403589851957e-06,7080,30,0.8,0.9,best
DE,ackley,0,235,3.277403589851957e-06,7110,30,0.8,0.9,best
DE,ackley,0,236,3.2108416552212304e-06,7140,30,0.8,0.9,best
DE,ackley,0,237,3.2108416552212304e-06,7170,30,0.8,0.9,best
DE,ackley,0,238,2.959948077307928e-06,7200,30,0.8,0.9,best
DE,ackley,0,239,2.2760750728600954e-06,7230,30,0.8,0.9,best
DE,ackley,0,240,2.2760750728600954e-06,7260,30,0.8,0.9,best
DE,ackley,0,241,2.2760750728600954e-06,7290,30,0.8,0.9,best
DE,ackley,0,242,2.2760750728600954e-06,7320,30,0.8,0.9,best
DE,ackley,0,243,2.2760750728600954e-06,7350,30,0.8,0.9,best
DE,ackley,0,244,2.2760750728600954e-06,7380,30,0.8,0.9,best
DE,ackley,0,245,2.2760750728600954e-06,7410,30,0.8,0.9,best
DE,ackley,0,246,1.917559860675766e-06,7440,30,0.8,0.9,best
DE,ackley,0,247,1.6102617803603891e-06,7470,30,0.8,0.9,best
DE,ackley,0,248,1.6102617803603891e-06,7500,30,0.8,0.9,best
DE,ackley,0,249,1.1973095443984505e-06,7530,30,0.8,0.9,best
DE,ackley,0,250,1.039201511066068e-06,7560,30,0.8,0.9,best
DE,ackley,0,251,1.039201511066068e-06,7590,30,0.8,0.9,best
DE,ackley,0,252,1.039201511066068e-06,7620,30,0.8,0.9,best
DE,ackley,0,253,1.039201511066068e-06,7650,30,0.8,0.9,best
DE,ackley,0,254,1.039201511066068e-06,7680,30,0.8,0.9,best
DE,ackley,0,255,1.039201511066068e-06,7710,30,0.8,0.9,best
DE,ackley,0,256,1.0294845300684585e-06,7740,30,0.8,0.9,best
DE,ackley,0,257,1.0294845300684585e-06,7770,30,0.8,0.9,best
DE,ackley,0,258,9.19620664507903e-07,7800,30,0.8,0.9,best
DE,ackley,0,259,8.756060876358163e-07,7830,30,0.8,0.9,best
DE,ackley,0,260,8.756060876358163e-07,7860,30,0.8,0.9,best
DE,ackley,0,261,8.411071843461571e-07,7890,30,0.8,0.9,best
DE,ackley,0,262,5.616744087610925e-07,7920,30,0.8,0.9,best
DE,ackley,0,263,5.616744087610925e-07,7950,30,0.8,0.9,best
DE,ackley,0,264,5.616744087610925e-07,7980,30,0.8,0.9,best
DE,ackley,0,265,5.272932814825992e-07,8010,30,0.8,0.9,best
DE,ackley,0,266,5.21967678412949e-07,8040,30,0.8,0.9,best
DE,ackley,0,267,4.266858053547651e-07,8070,30,0.8,0.9,best
DE,ackley,0,268,4.266858053547651e-07,8100,30,0.8,0.9,best
DE,ackley,0,269,4.266858053547651e-07,8130,30,0.8,0.9,best
DE,ackley,0,270,3.218805493254706e-07,8160,30,0.8,0.9,best
DE,ackley,0,271,3.01212434994369e-07,8190,30,0.8,0.9,best
DE,ackley,0,272,2.515596730923164e-07,8220,30,0.8,0.9,best
DE,ackley,0,273,2.4318417546354e-07,8250,30,0.8,0.9,best
DE,ackley,0,274,2.4318417546354e-07,8280,30,0.8,0.9,best
DE,ackley,0,275,2.3683454886125332e-07,8310,30,0.8,0.9,best
DE,ackley,0,276,2.3683454886125332e-07,8340,30,0.8,0.9,best
DE,ackley,0,277,2.344733158743395e-07,8370,30,0.8,0.9,best
DE,ackley,0,278,1.9255399807960316e-07,8400,30,0.8,0.9,best
DE,ackley,0,279,1.9255399807960316e-07,8430,30,0.8,0.9,best
DE,ackley,0,280,1.9255399807960316e-07,8460,30,0.8,0.9,best
DE,ackley,0,281,1.4627367805886138e-07,8490,30,0.8,0.9,best
DE,ackley,0,282,1.4627367805886138e-07,8520,30,0.8,0.9,best
DE,ackley,0,283,1.4627367805886138e-07,8550,30,0.8,0.9,best
DE,ackley,0,284,1.4627367805886138e-07,8580,30,0.8,0.9,best
DE,ackley,0,285,1.4627367805886138e-07,8610,30,0.8,0.9,best
DE,ackley,0,286,1.203126278603861e-07,8640,30,0.8,0.9,best
DE,ackley,0,287,1.203126278603861e-07,8670,30,0.8,0.9,best
DE,ackley,0,288,1.0509393577606829e-07,8700,30,0.8,0.9,best
DE,ackley,0,289,8.730521416921988e-08,8730,30,0.8,0.9,best
DE,ackley,0,290,8.730521416921988e-08,8760,30,0.8,0.9,best
DE,ackley,0,291,8.730521416921988e-08,8790,30,0.8,0.9,best
DE,ackley,0,292,8.730521416921988e-08,8820,30,0.8,0.9,best
DE,ackley,0,293,8.730521416921988e-08,8850,30,0.8,0.9,best
DE,ackley,0,294,8.730521416921988e-08,8880,30,0.8,0.9,best
DE,ackley,0,295,6.814653419340289e-08,8910,30,0.8,0.9,best
DE,ackley,0,296,5.7359632155140616e-08,8940,30,0.8,0.9,best
DE,ackley,0,297,5.7359632155140616e-08,8970,30,0.8,0.9,best
DE,ackley,0,298,5.7359632155140616e-08,9000,30,0.8,0.9,best
DE,ackley,0,299,5.5330332759950807e-08,9030,30,0.8,0.9,best
DE,ackley,0,300,5.5330332759950807e-08,9060,30,0.8,0.9,best
DE,ackley,0,301,5.5330332759950807e-08,9090,30,0.8,0.9,best
DE,ackley,0,302,5.5330332759950807e-08,9120,30,0.8,0.9,best
DE,ackley,0,303,5.5330332759950807e-08,9150,30,0.8,0.9,best
DE,ackley,0,304,5.117821233469044e-08,9180,30,0.8,0.9,best
DE,ackley,0,305,5.117821233469044e-08,9210,30,0.8,0.9,best
DE,ackley,0,306,3.7354095372421625e-08,9240,30,0.8,0.9,best
DE,ackley,0,307,3.7354095372421625e-08,9270,30,0.8,0.9,best
DE,ackley,0,308,3.7354095372421625e-08,9300,30,0.8,0.9,best
DE,ackley,0,309,3.7354095372421625e-08,9330,30,0.8,0.9,best
DE,ackley,0,310,3.7354095372421625e-08,9360,30,0.8,0.9,best
DE,ackley,0,311,3.557888605953963e-08,9390,30,0.8,0.9,best
DE,ackley,0,312,3.089504518882791e-08,9420,30,0.8,0.9,best
DE,ackley,0,313,3.089504518882791e-08,9450,30,0.8,0.9,best
DE,ackley,0,314,2.745055072139735e-08,9480,30,0.8,0.9,best
DE,ackley,0,315,2.745055072139735e-08,9510,30,0.8,0.9,best
DE,ackley,0,316,2.7357967002927808e-08,9540,30,0.8,0.9,best
DE,ackley,0,317,2.4240794704866175e-08,9570,30,0.8,0.9,best
DE,ackley,0,318,1.9199408729519973e-08,9600,30,0.8,0.9,best
DE,ackley,0,319,1.916156877612707e-08,9630,30,0.8,0.9,best
DE,ackley,0,320,1.740993527121759e-08,9660,30,0.8,0.9,best
DE,ackley,0,321,1.740993527121759e-08,9690,30,0.8,0.9,best
DE,ackley,0,322,1.740993527121759e-08,9720,30,0.8,0.9,best
DE,ackley,0,323,1.740993527121759e-08,9750,30,0.8,0.9,best
DE,ackley,0,324,1.740993527121759e-08,9780,30,0.8,0.9,best
DE,ackley,0,325,1.740993527121759e-08,9810,30,0.8,0.9,best
DE,ackley,0,326,1.740993527121759e-08,9840,30,0.8,0.9,best
DE,ackley,0,327,1.5767871008876e-08,9870,30,0.8,0.9,best
DE,ackley,0,328,1.524813031394956e-08,9900,30,0.8,0.9,best
DE,ackley,0,329,1.3935576692603036e-08,9930,30,0.8,0.9,best
DE,ackley,0,330,1.2675873239942348e-08,9960,30,0.8,0.9,best
DE,ackley,0,331,1.1323241455585276e-08,9990,30,0.8,0.9,best
DE,ackley,0,332,9.685909407863846e-09,10020,30,0.8,0.9,best
DE,ackley,0,333,7.230199106089685e-09,10050,30,0.8,0.9,best
DE,ackley,0,334,7.230199106089685e-09,10080,30,0.8,0.9,best
DE,ackley,0,335,7.230199106089685e-09,10110,30,0.8,0.9,best
DE,ackley,0,336,6.714838907129206e-09,10140,30,0.8,0.9,best
DE,ackley,0,337,6.714838907129206e-09,10170,30,0.8,0.9,best
DE,ackley,0,338,6.714838907129206e-09,10200,30,0.8,0.9,best
DE,ackley,0,339,6.714838907129206e-09,10230,30,0.8,0.9,best
DE,ackley,0,340,6.265623131440634e-09,10260,30,0.8,0.9,best
DE,ackley,0,341,6.265623131440634e-09,10290,30,0.8,0.9,best
DE,ackley,0,342,5.964026161819902e-09,10320,30,0.8,0.9,best
DE,ackley,0,343,5.309232609107539e-09,10350,30,0.8,0.9,best
DE,ackley,0,344,4.0345722318591015e-09,10380,30,0.8,0.9,best
DE,ackley,0,345,4.0345722318591015e-09,10410,30,0.8,0.9,best
DE,ackley,0,346,3.243525004137382e-09,10440,30,0.8,0.9,best
DE,ackley,0,347,3.243525004137382e-09,10470,30,0.8,0.9,best
DE,ackley,0,348,3.0895965785759927e-09,10500,30,0.8,0.9,best
DE,ackley,0,349,2.7808764180292656e-09,10530,30,0.8,0.9,best
DE,ackley,0,350,2.7808764180292656e-09,10560,30,0.8,0.9,best
DE,ackley,0,351,2.3324635556321027e-09,10590,30,0.8,0.9,best
DE,ackley,0,352,2.3172970209373034e-09,10620,30,0.8,0.9,best
DE,ackley,0,353,2.3172970209373034e-09,10650,30,0.8,0.9,best
DE,ackley,0,354,2.1421837637092267e-09,10680,30,0.8,0.9,best
DE,ackley,0,355,1.7994286061195908e-09,10710,30,0.8,0.9,best
DE,ackley,0,356,1.7994286061195908e-09,10740,30,0.8,0.9,best
DE,ackley,0,357,1.7959362885733299e-09,10770,30,0.8,0.9,best
DE,ackley,0,358,1.7722432410494093e-09,10800,30,0.8,0.9,best
DE,ackley,0,359,1.6148757886469411e-09,10830,30,0.8,0.9,best
DE,ackley,0,360,1.4487757660219813e-09,10860,30,0.8,0.9,best
DE,ackley,0,361,1.2325291898207524e-09,10890,30,0.8,0.9,best
DE,ackley,0,362,1.0767888802831749e-09,10920,30,0.8,0.9,best
DE,ackley,0,363,8.770482118336531e-10,10950,30,0.8,0.9,best
DE,ackley,0,364,8.617608848737746e-10,10980,30,0.8,0.9,best
DE,ackley,0,365,6.600093804820517e-10,11010,30,0.8,0.9,best
DE,ackley,0,366,4.600484437844443e-10,11040,30,0.8,0.9,best
DE,ackley,0,367,4.600484437844443e-10,11070,30,0.8,0.9,best
DE,ackley,0,368,4.600484437844443e-10,11100,30,0.8,0.9,best
DE,ackley,0,369,4.033506861844671e-10,11130,30,0.8,0.9,best
DE,ackley,0,370,4.024696131921246e-10,11160,30,0.8,0.9,best
DE,ackley,0,371,3.770996848118102e-10,11190,30,0.8,0.9,best
DE,ackley,0,372,3.2700642194072316e-10,11220,30,0.8,0.9,best
DE,ackley,0,373,2.923816744271335e-10,11250,30,0.8,0.9,best
DE,ackley,0,374,2.923816744271335e-10,11280,30,0.8,0.9,best
DE,ackley,0,375,2.923816744271335e-10,11310,30,0.8,0.9,best
DE,ackley,0,376,2.923816744271335e-10,11340,30,0.8,0.9,best
DE,ackley,0,377,2.923816744271335e-10,11370,30,0.8,0.9,best
DE,ackley,0,378,2.923816744271335e-10,11400,30,0.8,0.9,best
DE,ackley,0,379,2.923816744271335e-10,11430,30,0.8,0.9,best
DE,ackley,0,380,2.923816744271335e-10,11460,30,0.8,0.9,best
DE,ackley,0,381,2.464060067097762e-10,11490,30,0.8,0.9,best
DE,ackley,0,382,2.464060067097762e-10,11520,30,0.8,0.9,best
DE,ackley,0,383,2.2843638092240326e-10,11550,30,0.8,0.9,best
DE,ackley,0,384,2.0790524857261516e-10,11580,30,0.8,0.9,best
DE,ackley,0,385,2.0057244753957093e-10,11610,30,0.8,0.9,best
DE,ackley,0,386,1.6939738500809653e-10,11640,30,0.8,0.9,best
DE,ackley,0,387,1.6939738500809653e-10,11670,30,0.8,0.9,best
DE,ackley,0,388,1.6939738500809653e-10,11700,30,0.8,0.9,best
DE,ackley,0,389,1.5312240364551144e-10,11730,30,0.8,0.9,best
DE,ackley,0,390,1.5312240364551144e-10,11760,30,0.8,0.9,best
DE,ackley,0,391,1.046100983614906e-10,11790,30,0.8,0.9,best
DE,ackley,0,392,1.046100983614906e-10,11820,30,0.8,0.9,best
DE,ackley,0,393,1.046100983614906e-10,11850,30,0.8,0.9,best
DE,ackley,0,394,9.568923431402254e-11,11880,30,0.8,0.9,best
DE,ackley,0,395,9.568923431402254e-11,11910,30,0.8,0.9,best
DE,ackley,0,396,8.442713195222495e-11,11940,30,0.8,0.9,best
DE,ackley,0,397,6.155476128810733e-11,11970,30,0.8,0.9,best
DE,ackley,0,398,6.155476128810733e-11,12000,30,0.8,0.9,best
DE,ackley,0,399,6.155476128810733e-11,12030,30,0.8,0.9,best
DE,ackley,0,400,4.4292125522815695e-11,12060,30,0.8,0.9,best
DE,ackley,0,401,4.4292125522815695e-11,12090,30,0.8,0.9,best
DE,ackley,0,402,4.4292125522815695e-11,12120,30,0.8,0.9,best
DE,ackley,0,403,4.4292125522815695e-11,12150,30,0.8,0.9,best
DE,ackley,0,404,3.474598386787875e-11,12180,30,0.8,0.9,best
DE,ackley,0,405,3.253619595966484e-11,12210,30,0.8,0.9,best
DE,ackley,0,406,3.097300194099262e-11,12240,30,0.8,0.9,best
DE,ackley,0,407,2.9964031256213275e-11,12270,30,0.8,0.9,best
DE,ackley,0,408,2.8809399310603112e-11,12300,30,0.8,0.9,best
DE,ackley,0,409,2.8809399310603112e-11,12330,30,0.8,0.9,best
DE,ackley,0,410,2.6365132299588367e-11,12360,30,0.8,0.9,best
DE,ackley,0,411,2.071987026397437e-11,12390,30,0.8,0.9,best
DE,ackley,0,412,2.071987026397437e-11,12420,30,0.8,0.9,best
DE,ackley,0,413,1.6197265750861334e-11,12450,30,0.8,0.9,best
DE,ackley,0,414,1.6197265750861334e-11,12480,30,0.8,0.9,best
DE,ackley,0,415,1.588817966080569e-11,12510,30,0.8,0.9,best
DE,ackley,0,416,1.588817966080569e-11,12540,30,0.8,0.9,best
DE,ackley,0,417,1.5262902053336802e-11,12570,30,0.8,0.9,best
DE,ackley,0,418,1.4154455385551046e-11,12600,30,0.8,0.9,best
DE,ackley,0,419,1.233546598200519e-11,12630,30,0.8,0.9,best
DE,ackley,0,420,8.44169179003984e-12,12660,30,0.8,0.9,best
DE,ackley,0,421,8.44169179003984e-12,12690,30,0.8,0.9,best
DE,ackley,0,422,8.44169179003984e-12,12720,30,0.8,0.9,best
DE,ackley,0,423,7.716938199564538e-12,12750,30,0.8,0.9,best
DE,ackley,0,424,6.324274437474742e-12,12780,30,0.8,0.9,best
DE,ackley,0,425,6.324274437474742e-12,12810,30,0.8,0.9,best
DE,ackley,0,426,4.881872683881738e-12,12840,30,0.8,0.9,best
DE,ackley,0,427,4.881872683881738e-12,12870,30,0.8,0.9,best
DE,ackley,0,428,4.881872683881738e-12,12900,30,0.8,0.9,best
DE,ackley,0,429,4.881872683881738e-12,12930,30,0.8,0.9,best
DE,ackley,0,430,4.881872683881738e-12,12960,30,0.8,0.9,best
DE,ackley,0,431,4.881872683881738e-12,12990,30,0.8,0.9,best
DE,ackley,0,432,4.881872683881738e-12,13020,30,0.8,0.9,best
DE,ackley,0,433,3.773426016095982e-12,13050,30,0.8,0.9,best
DE,ackley,0,434,2.6294522115222208e-12,13080,30,0.8,0.9,best
DE,ackley,0,435,2.5619506516250112e-12,13110,30,0.8,0.9,best
DE,ackley,0,436,2.5619506516250112e-12,13140,30,0.8,0.9,best
DE,ackley,0,437,2.5619506516250112e-12,13170,30,0.8,0.9,best
DE,ackley,0,438,2.5619506516250112e-12,13200,30,0.8,0.9,best
DE,ackley,0,439,2.4837909506914002e-12,13230,30,0.8,0.9,best
DE,ackley,0,440,2.4837909506914002e-12,13260,30,0.8,0.9,best
DE,ackley,0,441,2.014832745089734e-12,13290,30,0.8,0.9,best
DE,ackley,0,442,1.503241975342462e-12,13320,30,0.8,0.9,best
DE,ackley,0,443,1.503241975342462e-12,13350,30,0.8,0.9,best
DE,ackley,0,444,1.503241975342462e-12,13380,30,0.8,0.9,best
DE,ackley,0,445,1.503241975342462e-12,13410,30,0.8,0.9,best
DE,ackley,0,446,1.2865264409356314e-12,13440,30,0.8,0.9,best
DE,ackley,0,447,1.2865264409356314e-12,13470,30,0.8,0.9,best
DE,ackley,0,448,1.2829737272568309e-12,13500,30,0.8,0.9,best
DE,ackley,0,449,1.0520473381347983e-12,13530,30,0.8,0.9,best
DE,ackley,0,450,1.0520473381347983e-12,13560,30,0.8,0.9,best
DE,ackley,0,451,7.998046669399628e-13,13590,30,0.8,0.9,best
DE,ackley,0,452,7.998046669399628e-13,13620,30,0.8,0.9,best
DE,ackley,0,453,7.998046669399628e-13,13650,30,0.8,0.9,best
DE,ackley,0,454,7.998046669399628e-13,13680,30,0.8,0.9,best
DE,ackley,0,455,6.115108419635362e-13,13710,30,0.8,0.9,best
DE,ackley,0,456,5.511147094239277e-13,13740,30,0.8,0.9,best
DE,ackley,0,457,5.511147094239277e-13,13770,30,0.8,0.9,best
DE,ackley,0,458,5.511147094239277e-13,13800,30,0.8,0.9,best
DE,ackley,0,459,4.836131495267182e-13,13830,30,0.8,0.9,best
DE,ackley,0,460,4.836131495267182e-13,13860,30,0.8,0.9,best
DE,ackley,0,461,3.9479530755670567e-13,13890,30,0.8,0.9,best
DE,ackley,0,462,3.7703173916270316e-13,13920,30,0.8,0.9,best
DE,ackley,0,463,3.7703173916270316e-13,13950,30,0.8,0.9,best
DE,ackley,0,464,3.4505731605349865e-13,13980,30,0.8,0.9,best
DE,ackley,0,465,2.8110846983508964e-13,14010,30,0.8,0.9,best
DE,ackley,0,466,2.8110846983508964e-13,14040,30,0.8,0.9,best
DE,ackley,0,467,2.5623947408348613e-13,14070,30,0.8,0.9,best
DE,ackley,0,468,2.0294876890147862e-13,14100,30,0.8,0.9,best
DE,ackley,0,469,2.0294876890147862e-13,14130,30,0.8,0.9,best
DE,ackley,0,470,2.0294876890147862e-13,14160,30,0.8,0.9,best
DE,ackley,0,471,1.9939605522267811e-13,14190,30,0.8,0.9,best
DE,ackley,0,472,1.496580637194711e-13,14220,30,0.8,0.9,best
DE,ackley,0,473,1.496580637194711e-13,14250,30,0.8,0.9,best
DE,ackley,0,474,1.496580637194711e-13,14280,30,0.8,0.9,best
DE,ackley,0,475,1.354472090042691e-13,14310,30,0.8,0.9,best
DE,ackley,0,476,9.992007221626409e-14,14340,30,0.8,0.9,best
DE,ackley,0,477,9.281464485866309e-14,14370,30,0.8,0.9,best
DE,ackley,0,478,8.570921750106208e-14,14400,30,0.8,0.9,best
DE,ackley,0,479,8.570921750106208e-14,14430,30,0.8,0.9,best
DE,ackley,0,480,8.215650382226158e-14,14460,30,0.8,0.9,best
DE,ackley,0,481,7.149836278586008e-14,14490,30,0.8,0.9,best
DE,ackley,0,482,5.728750807065808e-14,14520,30,0.8,0.9,best
DE,ackley,0,483,5.728750807065808e-14,14550,30,0.8,0.9,best
DE,ackley,0,484,5.728750807065808e-14,14580,30,0.8,0.9,best
DE,ackley,0,485,5.728750807065808e-14,14610,30,0.8,0.9,best
DE,ackley,0,486,5.728750807065808e-14,14640,30,0.8,0.9,best
DE,ackley,0,487,4.6629367034256575e-14,14670,30,0.8,0.9,best
DE,ackley,0,488,4.6629367034256575e-14,14700,30,0.8,0.9,best
DE,ackley,0,489,4.6629367034256575e-14,14730,30,0.8,0.9,best
DE,ackley,0,490,3.952393967665557e-14,14760,30,0.8,0.9,best
DE,ackley,0,491,3.952393967665557e-14,14790,30,0.8,0.9,best
DE,ackley,0,492,3.241851231905457e-14,14820,30,0.8,0.9,best
DE,ackley,0,493,3.241851231905457e-14,14850,30,0.8,0.9,best
DE,ackley,0,494,3.241851231905457e-14,14880,30,0.8,0.9,best
DE,ackley,0,495,2.886579864025407e-14,14910,30,0.8,0.9,best
DE,ackley,0,496,2.886579864025407e-14,14940,30,0.8,0.9,best
DE,ackley,0,497,2.886579864025407e-14,14970,30,0.8,0.9,best
DE,ackley,0,498,2.886579864025407e-14,15000,30,0.8,0.9,best
DE,ackley,0,499,2.886579864025407e-14,15030,30,0.8,0.9,best
DE,ackley,0,500,2.886579864025407e-14,15060,30,0.8,0.9,best
DE,ackley,0,501,2.886579864025407e-14,15090,30,0.8,0.9,best
DE,ackley,0,502,2.1760371282653068e-14,15120,30,0.8,0.9,best
DE,ackley,0,503,2.1760371282653068e-14,15150,30,0.8,0.9,best
DE,ackley,0,504,2.1760371282653068e-14,15180,30,0.8,0.9,best
DE,ackley,0,505,2.1760371282653068e-14,15210,30,0.8,0.9,best
DE,ackley,0,506,2.1760371282653068e-14,15240,30,0.8,0.9,best
DE,ackley,0,507,1.8207657603852567e-14,15270,30,0.8,0.9,best
DE,ackley,0,508,1.8207657603852567e-14,15300,30,0.8,0.9,best
DE,ackley,0,509,1.4654943925052066e-14,15330,30,0.8,0.9,best
DE,ackley,0,510,1.4654943925052066e-14,15360,30,0.8,0.9,best
DE,ackley,0,511,1.1102230246251565e-14,15390,30,0.8,0.9,best
DE,ackley,0,512,1.1102230246251565e-14,15420,30,0.8,0.9,best
DE,ackley,0,513,1.1102230246251565e-14,15450,30,0.8,0.9,best
DE,ackley,0,514,1.1102230246251565e-14,15480,30,0.8,0.9,best
DE,ackley,0,515,7.549516567451064e-15,15510,30,0.8,0.9,best
DE,ackley,0,516,7.549516567451064e-15,15540,30,0.8,0.9,best
DE,ackley,0,517,7.549516567451064e-15,15570,30,0.8,0.9,best
DE,ackley,0,518,7.549516567451064e-15,15600,30,0.8,0.9,best
DE,ackley,0,519,7.549516567451064e-15,15630,30,0.8,0.9,best
DE,ackley,0,520,7.549516567451064e-15,15660,30,0.8,0.9,best
DE,ackley,0,521,7.549516567451064e-15,15690,30,0.8,0.9,best
DE,ackley,0,522,7.549516567451064e-15,15720,30,0.8,0.9,best
DE,ackley,0,523,3.9968028886505635e-15,15750,30,0.8,0.9,best
DE,ackley,0,524,3.9968028886505635e-15,15780,30,0.8,0.9,best
DE,ackley,0,525,3.9968028886505635e-15,15810,30,0.8,0.9,best
DE,ackley,0,526,3.9968028886505635e-15,15840,30,0.8,0.9,best
DE,ackley,0,527,3.9968028886505635e-15,15870,30,0.8,0.9,best
DE,ackley,0,528,3.9968028886505635e-15,15900,30,0.8,0.9,best
DE,ackley,0,529,3.9968028886505635e-15,15930,30,0.8,0.9,best
DE,ackley,0,530,3.9968028886505635e-15,15960,30,0.8,0.9,best
DE,ackley,0,531,3.9968028886505635e-15,15990,30,0.8,0.9,best
DE,ackley,0,532,3.9968028886505635e-15,16020,30,0.8,0.9,best
DE,ackley,0,533,3.9968028886505635e-15,16050,30,0.8,0.9,best
DE,ackley,0,534,3.9968028886505635e-15,16080,30,0.8,0.9,best
DE,ackley,0,535,3.9968028886505635e-15,16110,30,0.8,0.9,best
DE,ackley,0,536,3.9968028886505635e-15,16140,30,0.8,0.9,best
DE,ackley,0,537,3.9968028886505635e-15,16170,30,0.8,0.9,best
DE,ackley,0,538,3.9968028886505635e-15,16200,30,0.8,0.9,best
DE,ackley,0,539,3.9968028886505635e-15,16230,30,0.8,0.9,best
DE,ackley,0,540,3.9968028886505635e-15,16260,30,0.8,0.9,best
DE,ackley,0,541,3.9968028886505635e-15,16290,30,0.8,0.9,best
DE,ackley,0,542,3.9968028886505635e-15,16320,30,0.8,0.9,best
DE,ackley,0,543,3.9968028886505635e-15,16350,30,0.8,0.9,best
DE,ackley,0,544,3.9968028886505635e-15,16380,30,0.8,0.9,best
DE,ackley,0,545,3.9968028886505635e-15,16410,30,0.8,0.9,best
DE,ackley,0,546,3.9968028886505635e-15,16440,30,0.8,0.9,best
DE,ackley,0,547,3.9968028886505635e-15,16470,30,0.8,0.9,best
DE,ackley,0,548,3.9968028886505635e-15,16500,30,0.8,0.9,best
DE,ackley,0,549,3.9968028886505635e-15,16530,30,0.8,0.9,best
DE,ackley,0,550,3.9968028886505635e-15,16560,30,0.8,0.9,best
DE,ackley,0,551,3.9968028886505635e-15,16590,30,0.8,0.9,best
DE,ackley,0,552,3.9968028886505635e-15,16620,30,0.8,0.9,best
DE,ackley,0,553,3.9968028886505635e-15,16650,30,0.8,0.9,best
DE,ackley,0,554,3.9968028886505635e-15,16680,30,0.8,0.9,best
DE,ackley,0,555,3.9968028886505635e-15,16710,30,0.8,0.9,best
DE,ackley,0,556,3.9968028886505635e-15,16740,30,0.8,0.9,best
DE,ackley,0,557,3.9968028886505635e-15,16770,30,0.8,0.9,best
DE,ackley,0,558,3.9968028886505635e-15,16800,30,0.8,0.9,best
DE,ackley,0,559,3.9968028886505635e-15,16830,30,0.8,0.9,best
DE,ackley,0,560,3.9968028886505635e-15,16860,30,0.8,0.9,best
DE,ackley,0,561,3.9968028886505635e-15,16890,30,0.8,0.9,best
DE,ackley,0,562,3.9968028886505635e-15,16920,30,0.8,0.9,best
DE,ackley,0,563,3.9968028886505635e-15,16950,30,0.8,0.9,best
DE,ackley,0,564,3.9968028886505635e-15,16980,30,0.8,0.9,best
DE,ackley,0,565,3.9968028886505635e-15,17010,30,0.8,0.9,best
DE,ackley,0,566,3.9968028886505635e-15,17040,30,0.8,0.9,best
DE,ackley,0,567,3.9968028886505635e-15,17070,30,0.8,0.9,best
DE,ackley,0,568,3.9968028886505635e-15,17100,30,0.8,0.9,best
DE,ackley,0,569,3.9968028886505635e-15,17130,30,0.8,0.9,best
DE,ackley,0,570,3.9968028886505635e-15,17160,30,0.8,0.9,best
DE,ackley,0,571,3.9968028886505635e-15,17190,30,0.8,0.9,best
DE,ackley,0,572,3.9968028886505635e-15,17220,30,0.8,0.9,best
DE,ackley,0,573,3.9968028886505635e-15,17250,30,0.8,0.9,best
DE,ackley,0,574,3.9968028886505635e-15,17280,30,0.8,0.9,best
DE,ackley,0,575,3.9968028886505635e-15,17310,30,0.8,0.9,best
DE,ackley,0,576,3.9968028886505635e-15,17340,30,0.8,0.9,best
DE,ackley,0,577,3.9968028886505635e-15,17370,30,0.8,0.9,best
DE,ackley,0,578,3.9968028886505635e-15,17400,30,0.8,0.9,best
DE,ackley,0,579,3.9968028886505635e-15,17430,30,0.8,0.9,best
DE,ackley,0,580,3.9968028886505635e-15,17460,30,0.8,0.9,best
DE,ackley,0,581,3.9968028886505635e-15,17490,30,0.8,0.9,best
DE,ackley,0,582,3.9968028886505635e-15,17520,30,0.8,0.9,best
DE,ackley,0,583,3.9968028886505635e-15,17550,30,0.8,0.9,best
DE,ackley,0,584,3.9968028886505635e-15,17580,30,0.8,0.9,best
DE,ackley,0,585,3.9968028886505635e-15,17610,30,0.8,0.9,best
DE,ackley,0,586,3.9968028886505635e-15,17640,30,0.8,0.9,best
DE,ackley,0,587,3.9968028886505635e-15,17670,30,0.8,0.9,best
DE,ackley,0,588,3.9968028886505635e-15,17700,30,0.8,0.9,best
DE,ackley,0,589,3.9968028886505635e-15,17730,30,0.8,0.9,best
DE,ackley,0,590,3.9968028886505635e-15,17760,30,0.8,0.9,best
DE,ackley,0,591,3.9968028886505635e-15,17790,30,0.8,0.9,best
DE,ackley,0,592,3.9968028886505635e-15,17820,30,0.8,0.9,best
DE,ackley,0,593,3.9968028886505635e-15,17850,30,0.8,0.9,best
DE,ackley,0,594,3.9968028886505635e-15,17880,30,0.8,0.9,best
DE,ackley,0,595,3.9968028886505635e-15,17910,30,0.8,0.9,best
DE,ackley,0,596,3.9968028886505635e-15,17940,30,0.8,0.9,best
DE,ackley,0,597,3.9968028886505635e-15,17970,30,0.8,0.9,best
DE,ackley,0,598,3.9968028886505635e-15,18000,30,0.8,0.9,best
DE,ackley,0,599,3.9968028886505635e-15,18030,30,0.8,0.9,best
DE,ackley,0,600,3.9968028886505635e-15,18060,30,0.8,0.9,best
DE,ackley,0,601,3.9968028886505635e-15,18090,30,0.8,0.9,best
DE,ackley,0,602,3.9968028886505635e-15,18120,30,0.8,0.9,best
DE,ackley,0,603,3.9968028886505635e-15,18150,30,0.8,0.9,best
DE,ackley,0,604,3.9968028886505635e-15,18180,30,0.8,0.9,best
DE,ackley,0,605,3.9968028886505635e-15,18210,30,0.8,0.9,best
DE,ackley,0,606,3.9968028886505635e-15,18240,30,0.8,0.9,best
DE,ackley,0,607,3.9968028886505635e-15,18270,30,0.8,0.9,best
DE,ackley,0,608,3.9968028886505635e-15,18300,30,0.8,0.9,best
DE,ackley,0,609,3.9968028886505635e-15,18330,30,0.8,0.9,best
DE,ackley,0,610,3.9968028886505635e-15,18360,30,0.8,0.9,best
DE,ackley,0,611,3.9968028886505635e-15,18390,30,0.8,0.9,best
DE,ackley,0,612,3.9968028886505635e-15,18420,30,0.8,0.9,best
DE,ackley,0,613,3.9968028886505635e-15,18450,30,0.8,0.9,best
DE,ackley,0,614,3.9968028886505635e-15,18480,30,0.8,0.9,best
DE,ackley,0,615,3.9968028886505635e-15,18510,30,0.8,0.9,best
DE,ackley,0,616,3.9968028886505635e-15,18540,30,0.8,0.9,best
DE,ackley,0,617,3.9968028886505635e-15,18570,30,0.8,0.9,best
DE,ackley,0,618,3.9968028886505635e-15,18600,30,0.8,0.9,best
DE,ackley,0,619,3.9968028886505635e-15,18630,30,0.8,0.9,best
DE,ackley,0,620,3.9968028886505635e-15,18660,30,0.8,0.9,best
DE,ackley,0,621,3.9968028886505635e-15,18690,30,0.8,0.9,best
DE,ackley,0,622,3.9968028886505635e-15,18720,30,0.8,0.9,best
DE,ackley,0,623,3.9968028886505635e-15,18750,30,0.8,0.9,best
DE,ackley,0,624,3.9968028886505635e-15,18780,30,0.8,0.9,best
DE,ackley,0,625,3.9968028886505635e-15,18810,30,0.8,0.9,best
DE,ackley,0,626,3.9968028886505635e-15,18840,30,0.8,0.9,best
DE,ackley,0,627,3.9968028886505635e-15,18870,30,0.8,0.9,best
DE,ackley,0,628,3.9968028886505635e-15,18900,30,0.8,0.9,best
DE,ackley,0,629,3.9968028886505635e-15,18930,30,0.8,0.9,best
DE,ackley,0,630,3.9968028886505635e-15,18960,30,0.8,0.9,best
DE,ackley,0,631,3.9968028886505635e-15,18990,30,0.8,0.9,best
DE,ackley,0,632,3.9968028886505635e-15,19020,30,0.8,0.9,best
DE,ackley,0,633,3.9968028886505635e-15,19050,30,0.8,0.9,best
DE,ackley,0,634,3.9968028886505635e-15,19080,30,0.8,0.9,best
DE,ackley,0,635,3.9968028886505635e-15,19110,30,0.8,0.9,best
DE,ackley,0,636,3.9968028886505635e-15,19140,30,0.8,0.9,best
DE,ackley,0,637,3.9968028886505635e-15,19170,30,0.8,0.9,best
DE,ackley,0,638,3.9968028886505635e-15,19200,30,0.8,0.9,best
DE,ackley,0,639,3.9968028886505635e-15,19230,30,0.8,0.9,best
DE,ackley,0,640,3.9968028886505635e-15,19260,30,0.8,0.9,best
DE,ackley,0,641,3.9968028886505635e-15,19290,30,0.8,0.9,best
DE,ackley,0,642,3.9968028886505635e-15,19320,30,0.8,0.9,best
DE,ackley,0,643,3.9968028886505635e-15,19350,30,0.8,0.9,best
DE,ackley,0,644,3.9968028886505635e-15,19380,30,0.8,0.9,best
DE,ackley,0,645,3.9968028886505635e-15,19410,30,0.8,0.9,best
DE,ackley,0,646,3.9968028886505635e-15,19440,30,0.8,0.9,best
DE,ackley,0,647,3.9968028886505635e-15,19470,30,0.8,0.9,best
DE,ackley,0,648,3.9968028886505635e-15,19500,30,0.8,0.9,best
DE,ackley,0,649,3.9968028886505635e-15,19530,30,0.8,0.9,best
DE,ackley,0,650,3.9968028886505635e-15,19560,30,0.8,0.9,best
DE,ackley,0,651,3.9968028886505635e-15,19590,30,0.8,0.9,best
DE,ackley,0,652,3.9968028886505635e-15,19620,30,0.8,0.9,best
DE,ackley,0,653,3.9968028886505635e-15,19650,30,0.8,0.9,best
DE,ackley,0,654,3.9968028886505635e-15,19680,30,0.8,0.9,best
DE,ackley,0,655,3.9968028886505635e-15,19710,30,0.8,0.9,best
DE,ackley,0,656,3.9968028886505635e-15,19740,30,0.8,0.9,best
DE,ackley,0,657,3.9968028886505635e-15,19770,30,0.8,0.9,best
DE,ackley,0,658,3.9968028886505635e-15,19800,30,0.8,0.9,best
DE,ackley,0,659,3.9968028886505635e-15,19830,30,0.8,0.9,best
DE,ackley,0,660,3.9968028886505635e-15,19860,30,0.8,0.9,best
DE,ackley,0,661,3.9968028886505635e-15,19890,30,0.8,0.9,best
DE,ackley,0,662,3.9968028886505635e-15,19920,30,0.8,0.9,best
DE,ackley,0,663,3.9968028886505635e-15,19950,30,0.8,0.9,best
DE,ackley,0,664,3.9968028886505635e-15,19980,30,0.8,0.9,best
DE,ackley,0,665,3.9968028886505635e-15,20010,30,0.8,0.9,best
DE,ackley,0,666,3.9968028886505635e-15,20040,30,0.8,0.9,best
DE,ackley,0,667,3.9968028886505635e-15,20070,30,0.8,0.9,best
DE,ackley,0,668,3.9968028886505635e-15,20100,30,0.8,0.9,best
DE,ackley,0,669,3.9968028886505635e-15,20130,30,0.8,0.9,best
DE,ackley,0,670,3.9968028886505635e-15,20160,30,0.8,0.9,best
DE,ackley,0,671,3.9968028886505635e-15,20190,30,0.8,0.9,best
DE,ackley,0,672,3.9968028886505635e-15,20220,30,0.8,0.9,best
DE,ackley,0,673,3.9968028886505635e-15,20250,30,0.8,0.9,best
DE,ackley,0,674,3.9968028886505635e-15,20280,30,0.8,0.9,best
DE,ackley,0,675,3.9968028886505635e-15,20310,30,0.8,0.9,best
DE,ackley,0,676,3.9968028886505635e-15,20340,30,0.8,0.9,best
DE,ackley,0,677,3.9968028886505635e-15,20370,30,0.8,0.9,best
DE,ackley,0,678,3.9968028886505635e-15,20400,30,0.8,0.9,best
DE,ackley,0,679,3.9968028886505635e-15,20430,30,0.8,0.9,best
DE,ackley,0,680,3.9968028886505635e-15,20460,30,0.8,0.9,best
DE,ackley,0,681,3.9968028886505635e-15,20490,30,0.8,0.9,best
DE,ackley,0,682,3.9968028886505635e-15,20520,30,0.8,0.9,best
DE,ackley,0,683,3.9968028886505635e-15,20550,30,0.8,0.9,best
DE,ackley,0,684,3.9968028886505635e-15,20580,30,0.8,0.9,best
DE,ackley,0,685,3.9968028886505635e-15,20610,30,0.8,0.9,best
DE,ackley,0,686,3.9968028886505635e-15,20640,30,0.8,0.9,best
DE,ackley,0,687,3.9968028886505635e-15,20670,30,0.8,0.9,best
DE,ackley,0,688,3.9968028886505635e-15,20700,30,0.8,0.9,best
DE,ackley,0,689,3.9968028886505635e-15,20730,30,0.8,0.9,best
DE,ackley,0,690,3.9968028886505635e-15,20760,30,0.8,0.9,best
DE,ackley,0,691,3.9968028886505635e-15,20790,30,0.8,0.9,best
DE,ackley,0,692,3.9968028886505635e-15,20820,30,0.8,0.9,best
DE,ackley,0,693,3.9968028886505635e-15,20850,30,0.8,0.9,best
DE,ackley,0,694,3.9968028886505635e-15,20880,30,0.8,0.9,best
DE,ackley,0,695,3.9968028886505635e-15,20910,30,0.8,0.9,best
DE,ackley,0,696,3.9968028886505635e-15,20940,30,0.8,0.9,best
DE,ackley,0,697,3.9968028886505635e-15,20970,30,0.8,0.9,best
DE,ackley,0,698,3.9968028886505635e-15,21000,30,0.8,0.9,best
DE,ackley,0,699,3.9968028886505635e-15,21030,30,0.8,0.9,best
DE,ackley,0,700,3.9968028886505635e-15,21060,30,0.8,0.9,best
DE,ackley,0,701,3.9968028886505635e-15,21090,30,0.8,0.9,best
DE,ackley,0,702,3.9968028886505635e-15,21120,30,0.8,0.9,best
DE,ackley,0,703,3.9968028886505635e-15,21150,30,0.8,0.9,best
DE,ackley,0,704,3.9968028886505635e-15,21180,30,0.8,0.9,best
DE,ackley,0,705,3.9968028886505635e-15,21210,30,0.8,0.9,best
DE,ackley,0,706,3.9968028886505635e-15,21240,30,0.8,0.9,best
DE,ackley,0,707,3.9968028886505635e-15,21270,30,0.8,0.9,best
DE,ackley,0,708,3.9968028886505635e-15,21300,30,0.8,0.9,best
DE,ackley,0,709,3.9968028886505635e-15,21330,30,0.8,0.9,best
DE,ackley,0,710,3.9968028886505635e-15,21360,30,0.8,0.9,best
DE,ackley,0,711,3.9968028886505635e-15,21390,30,0.8,0.9,best
DE,ackley,0,712,3.9968028886505635e-15,21420,30,0.8,0.9,best
DE,ackley,0,713,3.9968028886505635e-15,21450,30,0.8,0.9,best
DE,ackley,0,714,3.9968028886505635e-15,21480,30,0.8,0.9,best
DE,ackley,0,715,3.9968028886505635e-15,21510,30,0.8,0.9,best
DE,ackley,0,716,3.9968028886505635e-15,21540,30,0.8,0.9,best
DE,ackley,0,717,3.9968028886505635e-15,21570,30,0.8,0.9,best
DE,ackley,0,718,3.9968028886505635e-15,21600,30,0.8,0.9,best
DE,ackley,0,719,3.9968028886505635e-15,21630,30,0.8,0.9,best
DE,ackley,0,720,3.9968028886505635e-15,21660,30,0.8,0.9,best
DE,ackley,0,721,3.9968028886505635e-15,21690,30,0.8,0.9,best
DE,ackley,0,722,3.9968028886505635e-15,21720,30,0.8,0.9,best
DE,ackley,0,723,3.9968028886505635e-15,21750,30,0.8,0.9,best
DE,ackley,0,724,3.9968028886505635e-15,21780,30,0.8,0.9,best
DE,ackley,0,725,3.9968028886505635e-15,21810,30,0.8,0.9,best
DE,ackley,0,726,3.9968028886505635e-15,21840,30,0.8,0.9,best
DE,ackley,0,727,3.9968028886505635e-15,21870,30,0.8,0.9,best
DE,ackley,0,728,3.9968028886505635e-15,21900,30,0.8,0.9,best
DE,ackley,0,729,3.9968028886505635e-15,21930,30,0.8,0.9,best
DE,ackley,0,730,3.9968028886505635e-15,21960,30,0.8,0.9,best
DE,ackley,0,731,3.9968028886505635e-15,21990,30,0.8,0.9,best
DE,ackley,0,732,3.9968028886505635e-15,22020,30,0.8,0.9,best
DE,ackley,0,733,3.9968028886505635e-15,22050,30,0.8,0.9,best
DE,ackley,0,734,3.9968028886505635e-15,22080,30,0.8,0.9,best
DE,ackley,0,735,3.9968028886505635e-15,22110,30,0.8,0.9,best
DE,ackley,0,736,3.9968028886505635e-15,22140,30,0.8,0.9,best
DE,ackley,0,737,3.9968028886505635e-15,22170,30,0.8,0.9,best
DE,ackley,0,738,3.9968028886505635e-15,22200,30,0.8,0.9,best
DE,ackley,0,739,3.9968028886505635e-15,22230,30,0.8,0.9,best
DE,ackley,0,740,3.9968028886505635e-15,22260,30,0.8,0.9,best
DE,ackley,0,741,3.9968028886505635e-15,22290,30,0.8,0.9,best
DE,ackley,0,742,3.9968028886505635e-15,22320,30,0.8,0.9,best
DE,ackley,0,743,3.9968028886505635e-15,22350,30,0.8,0.9,best
DE,ackley,0,744,3.9968028886505635e-15,22380,30,0.8,0.9,best
DE,ackley,0,745,3.9968028886505635e-15,22410,30,0.8,0.9,best
DE,ackley,0,746,3.9968028886505635e-15,22440,30,0.8,0.9,best
DE,ackley,0,747,3.9968028886505635e-15,22470,30,0.8,0.9,best
DE,ackley,0,748,3.9968028886505635e-15,22500,30,0.8,0.9,best
DE,ackley,0,749,3.9968028886505635e-15,22530,30,0.8,0.9,best
DE,ackley,0,750,3.9968028886505635e-15,22560,30,0.8,0.9,best
DE,ackley,0,751,3.9968028886505635e-15,22590,30,0.8,0.9,best
DE,ackley,0,752,3.9968028886505635e-15,22620,30,0.8,0.9,best
DE,ackley,0,753,3.9968028886505635e-15,22650,30,0.8,0.9,best
DE,ackley,0,754,3.9968028886505635e-15,22680,30,0.8,0.9,best
DE,ackley,0,755,3.9968028886505635e-15,22710,30,0.8,0.9,best
DE,ackley,0,756,3.9968028886505635e-15,22740,30,0.8,0.9,best
DE,ackley,0,757,3.9968028886505635e-15,22770,30,0.8,0.9,best
DE,ackley,0,758,3.9968028886505635e-15,22800,30,0.8,0.9,best
DE,ackley,0,759,3.9968028886505635e-15,22830,30,0.8,0.9,best
DE,ackley,0,760,3.9968028886505635e-15,22860,30,0.8,0.9,best
DE,ackley,0,761,3.9968028886505635e-15,22890,30,0.8,0.9,best
DE,ackley,0,762,3.9968028886505635e-15,22920,30,0.8,0.9,best
DE,ackley,0,763,3.9968028886505635e-15,22950,30,0.8,0.9,best
DE,ackley,0,764,3.9968028886505635e-15,22980,30,0.8,0.9,best
DE,ackley,0,765,3.9968028886505635e-15,23010,30,0.8,0.9,best
DE,ackley,0,766,3.9968028886505635e-15,23040,30,0.8,0.9,best
DE,ackley,0,767,3.9968028886505635e-15,23070,30,0.8,0.9,best
DE,ackley,0,768,3.9968028886505635e-15,23100,30,0.8,0.9,best
DE,ackley,0,769,3.9968028886505635e-15,23130,30,0.8,0.9,best
DE,ackley,0,770,3.9968028886505635e-15,23160,30,0.8,0.9,best
DE,ackley,0,771,3.9968028886505635e-15,23190,30,0.8,0.9,best
DE,ackley,0,772,3.9968028886505635e-15,23220,30,0.8,0.9,best
DE,ackley,0,773,3.9968028886505635e-15,23250,30,0.8,0.9,best
DE,ackley,0,774,3.9968028886505635e-15,23280,30,0.8,0.9,best
DE,ackley,0,775,3.9968028886505635e-15,23310,30,0.8,0.9,best
DE,ackley,0,776,3.9968028886505635e-15,23340,30,0.8,0.9,best
DE,ackley,0,777,3.9968028886505635e-15,23370,30,0.8,0.9,best
DE,ackley,0,778,3.9968028886505635e-15,23400,30,0.8,0.9,best
DE,ackley,0,779,3.9968028886505635e-15,23430,30,0.8,0.9,best
DE,ackley,0,780,3.9968028886505635e-15,23460,30,0.8,0.9,best
DE,ackley,0,781,3.9968028886505635e-15,23490,30,0.8,0.9,best
DE,ackley,0,782,3.9968028886505635e-15,23520,30,0.8,0.9,best
DE,ackley,0,783,3.9968028886505635e-15,23550,30,0.8,0.9,best
DE,ackley,0,784,3.9968028886505635e-15,23580,30,0.8,0.9,best
DE,ackley,0,785,3.9968028886505635e-15,23610,30,0.8,0.9,best
DE,ackley,0,786,3.9968028886505635e-15,23640,30,0.8,0.9,best
DE,ackley,0,787,3.9968028886505635e-15,23670,30,0.8,0.9,best
DE,ackley,0,788,3.9968028886505635e-15,23700,30,0.8,0.9,best
DE,ackley,0,789,3.9968028886505635e-15,23730,30,0.8,0.9,best
DE,ackley,0,790,3.9968028886505635e-15,23760,30,0.8,0.9,best
DE,ackley,0,791,3.9968028886505635e-15,23790,30,0.8,0.9,best
DE,ackley,0,792,3.9968028886505635e-15,23820,30,0.8,0.9,best
DE,ackley,0,793,3.9968028886505635e-15,23850,30,0.8,0.9,best
DE,ackley,0,794,3.9968028886505635e-15,23880,30,0.8,0.9,best
DE,ackley,0,795,3.9968028886505635e-15,23910,30,0.8,0.9,best
DE,ackley,0,796,3.9968028886505635e-15,23940,30,0.8,0.9,best
DE,ackley,0,797,3.9968028886505635e-15,23970,30,0.8,0.9,best
DE,ackley,0,798,3.9968028886505635e-15,24000,30,0.8,0.9,best
DE,ackley,0,799,3.9968028886505635e-15,24030,30,0.8,0.9,best
DE,ackley,0,800,3.9968028886505635e-15,24060,30,0.8,0.9,best
DE,ackley,0,801,3.9968028886505635e-15,24090,30,0.8,0.9,best
DE,ackley,0,802,3.9968028886505635e-15,24120,30,0.8,0.9,best
DE,ackley,0,803,3.9968028886505635e-15,24150,30,0.8,0.9,best
DE,ackley,0,804,3.9968028886505635e-15,24180,30,0.8,0.9,best
DE,ackley,0,805,3.9968028886505635e-15,24210,30,0.8,0.9,best
DE,ackley,0,806,3.9968028886505635e-15,24240,30,0.8,0.9,best
DE,ackley,0,807,3.9968028886505635e-15,24270,30,0.8,0.9,best
DE,ackley,0,808,3.9968028886505635e-15,24300,30,0.8,0.9,best
DE,ackley,0,809,3.9968028886505635e-15,24330,30,0.8,0.9,best
DE,ackley,0,810,3.9968028886505635e-15,24360,30,0.8,0.9,best
DE,ackley,0,811,3.9968028886505635e-15,24390,30,0.8,0.9,best
DE,ackley,0,812,3.9968028886505635e-15,24420,30,0.8,0.9,best
DE,ackley,0,813,3.9968028886505635e-15,24450,30,0.8,0.9,best
DE,ackley,0,814,3.9968028886505635e-15,24480,30,0.8,0.9,best
DE,ackley,0,815,3.9968028886505635e-15,24510,30,0.8,0.9,best
DE,ackley,0,816,3.9968028886505635e-15,24540,30,0.8,0.9,best
DE,ackley,0,817,3.9968028886505635e-15,24570,30,0.8,0.9,best
DE,ackley,0,818,3.9968028886505635e-15,24600,30,0.8,0.9,best
DE,ackley,0,819,3.9968028886505635e-15,24630,30,0.8,0.9,best
DE,ackley,0,820,3.9968028886505635e-15,24660,30,0.8,0.9,best
DE,ackley,0,821,3.9968028886505635e-15,24690,30,0.8,0.9,best
DE,ackley,0,822,3.9968028886505635e-15,24720,30,0.8,0.9,best
DE,ackley,0,823,3.9968028886505635e-15,24750,30,0.8,0.9,best
DE,ackley,0,824,3.9968028886505635e-15,24780,30,0.8,0.9,best
DE,ackley,0,825,3.9968028886505635e-15,24810,30,0.8,0.9,best
DE,ackley,0,826,3.9968028886505635e-15,24840,30,0.8,0.9,best
DE,ackley,0,827,3.9968028886505635e-15,24870,30,0.8,0.9,best
DE,ackley,0,828,3.9968028886505635e-15,24900,30,0.8,0.9,best
DE,ackley,0,829,3.9968028886505635e-15,24930,30,0.8,0.9,best
DE,ackley,0,830,3.9968028886505635e-15,24960,30,0.8,0.9,best
DE,ackley,0,831,3.9968028886505635e-15,24990,30,0.8,0.9,best
DE,ackley,0,832,3.9968028886505635e-15,25020,30,0.8,0.9,best
DE,ackley,0,833,3.9968028886505635e-15,25050,30,0.8,0.9,best
DE,ackley,0,834,3.9968028886505635e-15,25080,30,0.8,0.9,best
DE,ackley,0,835,3.9968028886505635e-15,25110,30,0.8,0.9,best
DE,ackley,0,836,3.9968028886505635e-15,25140,30,0.8,0.9,best
DE,ackley,0,837,3.9968028886505635e-15,25170,30,0.8,0.9,best
DE,ackley,0,838,3.9968028886505635e-15,25200,30,0.8,0.9,best
DE,ackley,0,839,3.9968028886505635e-15,25230,30,0.8,0.9,best
DE,ackley,0,840,3.9968028886505635e-15,25260,30,0.8,0.9,best
DE,ackley,0,841,3.9968028886505635e-15,25290,30,0.8,0.9,best
DE,ackley,0,842,3.9968028886505635e-15,25320,30,0.8,0.9,best
DE,ackley,0,843,3.9968028886505635e-15,25350,30,0.8,0.9,best
DE,ackley,0,844,3.9968028886505635e-15,25380,30,0.8,0.9,best
DE,ackley,0,845,3.9968028886505635e-15,25410,30,0.8,0.9,best
DE,ackley,0,846,3.9968028886505635e-15,25440,30,0.8,0.9,best
DE,ackley,0,847,3.9968028886505635e-15,25470,30,0.8,0.9,best
DE,ackley,0,848,3.9968028886505635e-15,25500,30,0.8,0.9,best
DE,ackley,0,849,3.9968028886505635e-15,25530,30,0.8,0.9,best
DE,ackley,0,850,3.9968028886505635e-15,25560,30,0.8,0.9,best
DE,ackley,0,851,3.9968028886505635e-15,25590,30,0.8,0.9,best
DE,ackley,0,852,3.9968028886505635e-15,25620,30,0.8,0.9,best
DE,ackley,0,853,3.9968028886505635e-15,25650,30,0.8,0.9,best
DE,ackley,0,854,3.9968028886505635e-15,25680,30,0.8,0.9,best
DE,ackley,0,855,3.9968028886505635e-15,25710,30,0.8,0.9,best
DE,ackley,0,856,3.9968028886505635e-15,25740,30,0.8,0.9,best
DE,ackley,0,857,3.9968028886505635e-15,25770,30,0.8,0.9,best
DE,ackley,0,858,3.9968028886505635e-15,25800,30,0.8,0.9,best
DE,ackley,0,859,3.9968028886505635e-15,25830,30,0.8,0.9,best
DE,ackley,0,860,3.9968028886505635e-15,25860,30,0.8,0.9,best
DE,ackley,0,861,3.9968028886505635e-15,25890,30,0.8,0.9,best
DE,ackley,0,862,3.9968028886505635e-15,25920,30,0.8,0.9,best
DE,ackley,0,863,3.9968028886505635e-15,25950,30,0.8,0.9,best
DE,ackley,0,864,3.9968028886505635e-15,25980,30,0.8,0.9,best
DE,ackley,0,865,3.9968028886505635e-15,26010,30,0.8,0.9,best
DE,ackley,0,866,3.9968028886505635e-15,26040,30,0.8,0.9,best
DE,ackley,0,867,3.9968028886505635e-15,26070,30,0.8,0.9,best
DE,ackley,0,868,3.9968028886505635e-15,26100,30,0.8,0.9,best
DE,ackley,0,869,3.9968028886505635e-15,26130,30,0.8,0.9,best
DE,ackley,0,870,3.9968028886505635e-15,26160,30,0.8,0.9,best
DE,ackley,0,871,3.9968028886505635e-15,26190,30,0.8,0.9,best
DE,ackley,0,872,3.9968028886505635e-15,26220,30,0.8,0.9,best
DE,ackley,0,873,3.9968028886505635e-15,26250,30,0.8,0.9,best
DE,ackley,0,874,3.9968028886505635e-15,26280,30,0.8,0.9,best
DE,ackley,0,875,3.9968028886505635e-15,26310,30,0.8,0.9,best
DE,ackley,0,876,3.9968028886505635e-15,26340,30,0.8,0.9,best
DE,ackley,0,877,3.9968028886505635e-15,26370,30,0.8,0.9,best
DE,ackley,0,878,3.9968028886505635e-15,26400,30,0.8,0.9,best
DE,ackley,0,879,3.9968028886505635e-15,26430,30,0.8,0.9,best
DE,ackley,0,880,3.9968028886505635e-15,26460,30,0.8,0.9,best
DE,ackley,0,881,3.9968028886505635e-15,26490,30,0.8,0.9,best
DE,ackley,0,882,3.9968028886505635e-15,26520,30,0.8,0.9,best
DE,ackley,0,883,3.9968028886505635e-15,26550,30,0.8,0.9,best
DE,ackley,0,884,3.9968028886505635e-15,26580,30,0.8,0.9,best
DE,ackley,0,885,3.9968028886505635e-15,26610,30,0.8,0.9,best
DE,ackley,0,886,3.9968028886505635e-15,26640,30,0.8,0.9,best
DE,ackley,0,887,3.9968028886505635e-15,26670,30,0.8,0.9,best
DE,ackley,0,888,3.9968028886505635e-15,26700,30,0.8,0.9,best
DE,ackley,0,889,3.9968028886505635e-15,26730,30,0.8,0.9,best
DE,ackley,0,890,3.9968028886505635e-15,26760,30,0.8,0.9,best
DE,ackley,0,891,3.9968028886505635e-15,26790,30,0.8,0.9,best
DE,ackley,0,892,3.9968028886505635e-15,26820,30,0.8,0.9,best
DE,ackley,0,893,3.9968028886505635e-15,26850,30,0.8,0.9,best
DE,ackley,0,894,3.9968028886505635e-15,26880,30,0.8,0.9,best
DE,ackley,0,895,3.9968028886505635e-15,26910,30,0.8,0.9,best
DE,ackley,0,896,3.9968028886505635e-15,26940,30,0.8,0.9,best
DE,ackley,0,897,3.9968028886505635e-15,26970,30,0.8,0.9,best
DE,ackley,0,898,3.9968028886505635e-15,27000,30,0.8,0.9,best
DE,ackley,0,899,3.9968028886505635e-15,27030,30,0.8,0.9,best
DE,ackley,0,900,3.9968028886505635e-15,27060,30,0.8,0.9,best
DE,ackley,0,901,3.9968028886505635e-15,27090,30,0.8,0.9,best
DE,ackley,0,902,3.9968028886505635e-15,27120,30,0.8,0.9,best
DE,ackley,0,903,3.9968028886505635e-15,27150,30,0.8,0.9,best
DE,ackley,0,904,3.9968028886505635e-15,27180,30,0.8,0.9,best
DE,ackley,0,905,3.9968028886505635e-15,27210,30,0.8,0.9,best
DE,ackley,0,906,3.9968028886505635e-15,27240,30,0.8,0.9,best
DE,ackley,0,907,3.9968028886505635e-15,27270,30,0.8,0.9,best
DE,ackley,0,908,3.9968028886505635e-15,27300,30,0.8,0.9,best
DE,ackley,0,909,3.9968028886505635e-15,27330,30,0.8,0.9,best
DE,ackley,0,910,3.9968028886505635e-15,27360,30,0.8,0.9,best
DE,ackley,0,911,3.9968028886505635e-15,27390,30,0.8,0.9,best
DE,ackley,0,912,3.9968028886505635e-15,27420,30,0.8,0.9,best
DE,ackley,0,913,3.9968028886505635e-15,27450,30,0.8,0.9,best
DE,ackley,0,914,3.9968028886505635e-15,27480,30,0.8,0.9,best
DE,ackley,0,915,3.9968028886505635e-15,27510,30,0.8,0.9,best
DE,ackley,0,916,3.9968028886505635e-15,27540,30,0.8,0.9,best
DE,ackley,0,917,3.9968028886505635e-15,27570,30,0.8,0.9,best
DE,ackley,0,918,3.9968028886505635e-15,27600,30,0.8,0.9,best
DE,ackley,0,919,3.9968028886505635e-15,27630,30,0.8,0.9,best
DE,ackley,0,920,3.9968028886505635e-15,27660,30,0.8,0.9,best
DE,ackley,0,921,3.9968028886505635e-15,27690,30,0.8,0.9,best
DE,ackley,0,922,3.9968028886505635e-15,27720,30,0.8,0.9,best
DE,ackley,0,923,3.9968028886505635e-15,27750,30,0.8,0.9,best
DE,ackley,0,924,3.9968028886505635e-15,27780,30,0.8,0.9,best
DE,ackley,0,925,3.9968028886505635e-15,27810,30,0.8,0.9,best
DE,ackley,0,926,3.9968028886505635e-15,27840,30,0.8,0.9,best
DE,ackley,0,927,3.9968028886505635e-15,27870,30,0.8,0.9,best
DE,ackley,0,928,3.9968028886505635e-15,27900,30,0.8,0.9,best
DE,ackley,0,929,3.9968028886505635e-15,27930,30,0.8,0.9,best
DE,ackley,0,930,3.9968028886505635e-15,27960,30,0.8,0.9,best
DE,ackley,0,931,3.9968028886505635e-15,27990,30,0.8,0.9,best
DE,ackley,0,932,3.9968028886505635e-15,28020,30,0.8,0.9,best
DE,ackley,0,933,3.9968028886505635e-15,28050,30,0.8,0.9,best
DE,ackley,0,934,3.9968028886505635e-15,28080,30,0.8,0.9,best
DE,ackley,0,935,3.9968028886505635e-15,28110,30,0.8,0.9,best
DE,ackley,0,936,3.9968028886505635e-15,28140,30,0.8,0.9,best
DE,ackley,0,937,3.9968028886505635e-15,28170,30,0.8,0.9,best
DE,ackley,0,938,3.9968028886505635e-15,28200,30,0.8,0.9,best
DE,ackley,0,939,3.9968028886505635e-15,28230,30,0.8,0.9,best
DE,ackley,0,940,3.9968028886505635e-15,28260,30,0.8,0.9,best
DE,ackley,0,941,3.9968028886505635e-15,28290,30,0.8,0.9,best
DE,ackley,0,942,3.9968028886505635e-15,28320,30,0.8,0.9,best
DE,ackley,0,943,3.9968028886505635e-15,28350,30,0.8,0.9,best
DE,ackley,0,944,3.9968028886505635e-15,28380,30,0.8,0.9,best
DE,ackley,0,945,3.9968028886505635e-15,28410,30,0.8,0.9,best
DE,ackley,0,946,3.9968028886505635e-15,28440,30,0.8,0.9,best
DE,ackley,0,947,3.9968028886505635e-15,28470,30,0.8,0.9,best
DE,ackley,0,948,3.9968028886505635e-15,28500,30,0.8,0.9,best
DE,ackley,0,949,3.9968028886505635e-15,28530,30,0.8,0.9,best
DE,ackley,0,950,3.9968028886505635e-15,28560,30,0.8,0.9,best
DE,ackley,0,951,3.9968028886505635e-15,28590,30,0.8,0.9,best
DE,ackley,0,952,3.9968028886505635e-15,28620,30,0.8,0.9,best
DE,ackley,0,953,3.9968028886505635e-15,28650,30,0.8,0.9,best
DE,ackley,0,954,3.9968028886505635e-15,28680,30,0.8,0.9,best
DE,ackley,0,955,3.9968028886505635e-15,28710,30,0.8,0.9,best
DE,ackley,0,956,3.9968028886505635e-15,28740,30,0.8,0.9,best
DE,ackley,0,957,3.9968028886505635e-15,28770,30,0.8,0.9,best
DE,ackley,0,958,3.9968028886505635e-15,28800,30,0.8,0.9,best
DE,ackley,0,959,3.9968028886505635e-15,28830,30,0.8,0.9,best
DE,ackley,0,960,3.9968028886505635e-15,28860,30,0.8,0.9,best
DE,ackley,0,961,3.9968028886505635e-15,28890,30,0.8,0.9,best
DE,ackley,0,962,3.9968028886505635e-15,28920,30,0.8,0.9,best
DE,ackley,0,963,3.9968028886505635e-15,28950,30,0.8,0.9,best
DE,ackley,0,964,3.9968028886505635e-15,28980,30,0.8,0.9,best
DE,ackley,0,965,3.9968028886505635e-15,29010,30,0.8,0.9,best
DE,ackley,0,966,3.9968028886505635e-15,29040,30,0.8,0.9,best
DE,ackley,0,967,3.9968028886505635e-15,29070,30,0.8,0.9,best
DE,ackley,0,968,3.9968028886505635e-15,29100,30,0.8,0.9,best
DE,ackley,0,969,3.9968028886505635e-15,29130,30,0.8,0.9,best
DE,ackley,0,970,3.9968028886505635e-15,29160,30,0.8,0.9,best
DE,ackley,0,971,3.9968028886505635e-15,29190,30,0.8,0.9,best
DE,ackley,0,972,3.9968028886505635e-15,29220,30,0.8,0.9,best
DE,ackley,0,973,3.9968028886505635e-15,29250,30,0.8,0.9,best
DE,ackley,0,974,3.9968028886505635e-15,29280,30,0.8,0.9,best
DE,ackley,0,975,3.9968028886505635e-15,29310,30,0.8,0.9,best
DE,ackley,0,976,3.9968028886505635e-15,29340,30,0.8,0.9,best
DE,ackley,0,977,3.9968028886505635e-15,29370,30,0.8,0.9,best
DE,ackley,0,978,3.9968028886505635e-15,29400,30,0.8,0.9,best
DE,ackley,0,979,3.9968028886505635e-15,29430,30,0.8,0.9,best
DE,ackley,0,980,3.9968028886505635e-15,29460,30,0.8,0.9,best
DE,ackley,0,981,3.9968028886505635e-15,29490,30,0.8,0.9,best
DE,ackley,0,982,3.9968028886505635e-15,29520,30,0.8,0.9,best
DE,ackley,0,983,3.9968028886505635e-15,29550,30,0.8,0.9,best
DE,ackley,0,984,3.9968028886505635e-15,29580,30,0.8,0.9,best
DE,ackley,0,985,3.9968028886505635e-15,29610,30,0.8,0.9,best
DE,ackley,0,986,3.9968028886505635e-15,29640,30,0.8,0.9,best
DE,ackley,0,987,3.9968028886505635e-15,29670,30,0.8,0.9,best
DE,ackley,0,988,3.9968028886505635e-15,29700,30,0.8,0.9,best
DE,ackley,0,989,3.9968028886505635e-15,29730,30,0.8,0.9,best
DE,ackley,0,990,3.9968028886505635e-15,29760,30,0.8,0.9,best
DE,ackley,0,991,3.9968028886505635e-15,29790,30,0.8,0.9,best
DE,ackley,0,992,3.9968028886505635e-15,29820,30,0.8,0.9,best
DE,ackley,0,993,3.9968028886505635e-15,29850,30,0.8,0.9,best
DE,ackley,0,994,3.9968028886505635e-15,29880,30,0.8,0.9,best
DE,ackley,0,995,3.9968028886505635e-15,29910,30,0.8,0.9,best
DE,ackley,0,996,3.9968028886505635e-15,29940,30,0.8,0.9,best
DE,ackley,0,997,3.9968028886505635e-15,29970,30,0.8,0.9,best
DE,ackley,0,998,3.9968028886505635e-15,30000,30,0.8,0.9,best
DE,ackley,0,999,3.9968028886505635e-15,30030,30,0.8,0.9,best
DE,ackley,0,1000,3.9968028886505635e-15,30060,30,0.8,0.9,best
DE,ackley,0,1001,3.9968028886505635e-15,30090,30,0.8,0.9,best
DE,ackley,0,1002,3.9968028886505635e-15,30120,30,0.8,0.9,best
DE,ackley,0,1003,3.9968028886505635e-15,30150,30,0.8,0.9,best
DE,ackley,0,1004,3.9968028886505635e-15,30180,30,0.8,0.9,best
DE,ackley,0,1005,3.9968028886505635e-15,30210,30,0.8,0.9,best
DE,ackley,0,1006,3.9968028886505635e-15,30240,30,0.8,0.9,best
DE,ackley,0,1007,3.9968028886505635e-15,30270,30,0.8,0.9,best
DE,ackley,0,1008,3.9968028886505635e-15,30300,30,0.8,0.9,best
DE,ackley,0,1009,3.9968028886505635e-15,30330,30,0.8,0.9,best
DE,ackley,0,1010,3.9968028886505635e-15,30360,30,0.8,0.9,best
DE,ackley,0,1011,3.9968028886505635e-15,30390,30,0.8,0.9,best
DE,ackley,0,1012,3.9968028886505635e-15,30420,30,0.8,0.9,best
DE,ackley,0,1013,3.9968028886505635e-15,30450,30,0.8,0.9,best
DE,ackley,0,1014,3.9968028886505635e-15,30480,30,0.8,0.9,best
DE,ackley,0,1015,3.9968028886505635e-15,30510,30,0.8,0.9,best
DE,ackley,0,1016,3.9968028886505635e-15,30540,30,0.8,0.9,best
DE,ackley,0,1017,3.9968028886505635e-15,30570,30,0.8,0.9,best
DE,ackley,0,1018,3.9968028886505635e-15,30600,30,0.8,0.9,best
DE,ackley,0,1019,3.9968028886505635e-15,30630,30,0.8,0.9,best
DE,ackley,0,1020,3.9968028886505635e-15,30660,30,0.8,0.9,best
DE,ackley,0,1021,3.9968028886505635e-15,30690,30,0.8,0.9,best
DE,ackley,0,1022,3.9968028886505635e-15,30720,30,0.8,0.9,best
DE,ackley,0,1023,3.9968028886505635e-15,30750,30,0.8,0.9,best
DE,ackley,0,1024,3.9968028886505635e-15,30780,30,0.8,0.9,best
DE,ackley,0,1025,3.9968028886505635e-15,30810,30,0.8,0.9,best
DE,ackley,0,1026,3.9968028886505635e-15,30840,30,0.8,0.9,best
DE,ackley,0,1027,3.9968028886505635e-15,30870,30,0.8,0.9,best
DE,ackley,0,1028,3.9968028886505635e-15,30900,30,0.8,0.9,best
DE,ackley,0,1029,3.9968028886505635e-15,30930,30,0.8,0.9,best
DE,ackley,0,1030,3.9968028886505635e-15,30960,30,0.8,0.9,best
DE,ackley,0,1031,3.9968028886505635e-15,30990,30,0.8,0.9,best
DE,ackley,0,1032,3.9968028886505635e-15,31020,30,0.8,0.9,best
DE,ackley,0,1033,3.9968028886505635e-15,31050,30,0.8,0.9,best
DE,ackley,0,1034,3.9968028886505635e-15,31080,30,0.8,0.9,best
DE,ackley,0,1035,3.9968028886505635e-15,31110,30,0.8,0.9,best
DE,ackley,0,1036,3.9968028886505635e-15,31140,30,0.8,0.9,best
DE,ackley,0,1037,3.9968028886505635e-15,31170,30,0.8,0.9,best
DE,ackley,0,1038,3.9968028886505635e-15,31200,30,0.8,0.9,best
DE,ackley,0,1039,3.9968028886505635e-15,31230,30,0.8,0.9,best
DE,ackley,0,1040,3.9968028886505635e-15,31260,30,0.8,0.9,best
DE,ackley,0,1041,3.9968028886505635e-15,31290,30,0.8,0.9,best
DE,ackley,0,1042,3.9968028886505635e-15,31320,30,0.8,0.9,best
DE,ackley,0,1043,3.9968028886505635e-15,31350,30,0.8,0.9,best
DE,ackley,0,1044,3.9968028886505635e-15,31380,30,0.8,0.9,best
DE,ackley,0,1045,3.9968028886505635e-15,31410,30,0.8,0.9,best
DE,ackley,0,1046,3.9968028886505635e-15,31440,30,0.8,0.9,best
DE,ackley,0,1047,3.9968028886505635e-15,31470,30,0.8,0.9,best
DE,ackley,0,1048,3.9968028886505635e-15,31500,30,0.8,0.9,best
DE,ackley,0,1049,3.9968028886505635e-15,31530,30,0.8,0.9,best
DE,ackley,0,1050,3.9968028886505635e-15,31560,30,0.8,0.9,best
DE,ackley,0,1051,3.9968028886505635e-15,31590,30,0.8,0.9,best
DE,ackley,0,1052,3.9968028886505635e-15,31620,30,0.8,0.9,best
DE,ackley,0,1053,3.9968028886505635e-15,31650,30,0.8,0.9,best
DE,ackley,0,1054,3.9968028886505635e-15,31680,30,0.8,0.9,best
DE,ackley,0,1055,3.9968028886505635e-15,31710,30,0.8,0.9,best
DE,ackley,0,1056,3.9968028886505635e-15,31740,30,0.8,0.9,best
DE,ackley,0,1057,3.9968028886505635e-15,31770,30,0.8,0.9,best
DE,ackley,0,1058,3.9968028886505635e-15,31800,30,0.8,0.9,best
DE,ackley,0,1059,3.9968028886505635e-15,31830,30,0.8,0.9,best
DE,ackley,0,1060,3.9968028886505635e-15,31860,30,0.8,0.9,best
DE,ackley,0,1061,3.9968028886505635e-15,31890,30,0.8,0.9,best
DE,ackley,0,1062,3.9968028886505635e-15,31920,30,0.8,0.9,best
DE,ackley,0,1063,3.9968028886505635e-15,31950,30,0.8,0.9,best
DE,ackley,0,1064,3.9968028886505635e-15,31980,30,0.8,0.9,best
DE,ackley,0,1065,3.9968028886505635e-15,32010,30,0.8,0.9,best
DE,ackley,0,1066,3.9968028886505635e-15,32040,30,0.8,0.9,best
DE,ackley,0,1067,3.9968028886505635e-15,32070,30,0.8,0.9,best
DE,ackley,0,1068,3.9968028886505635e-15,32100,30,0.8,0.9,best
DE,ackley,0,1069,3.9968028886505635e-15,32130,30,0.8,0.9,best
DE,ackley,0,1070,3.9968028886505635e-15,32160,30,0.8,0.9,best
DE,ackley,0,1071,3.9968028886505635e-15,32190,30,0.8,0.9,best
DE,ackley,0,1072,3.9968028886505635e-15,32220,30,0.8,0.9,best
DE,ackley,0,1073,3.9968028886505635e-15,32250,30,0.8,0.9,best
DE,ackley,0,1074,3.9968028886505635e-15,32280,30,0.8,0.9,best
DE,ackley,0,1075,3.9968028886505635e-15,32310,30,0.8,0.9,best
DE,ackley,0,1076,3.9968028886505635e-15,32340,30,0.8,0.9,best
DE,ackley,0,1077,3.9968028886505635e-15,32370,30,0.8,0.9,best
DE,ackley,0,1078,3.9968028886505635e-15,32400,30,0.8,0.9,best
DE,ackley,0,1079,3.9968028886505635e-15,32430,30,0.8,0.9,best
DE,ackley,0,1080,3.9968028886505635e-15,32460,30,0.8,0.9,best
DE,ackley,0,1081,3.9968028886505635e-15,32490,30,0.8,0.9,best
DE,ackley,0,1082,3.9968028886505635e-15,32520,30,0.8,0.9,best
DE,ackley,0,1083,3.9968028886505635e-15,32550,30,0.8,0.9,best
DE,ackley,0,1084,3.9968028886505635e-15,32580,30,0.8,0.9,best
DE,ackley,0,1085,3.9968028886505635e-15,32610,30,0.8,0.9,best
DE,ackley,0,1086,3.9968028886505635e-15,32640,30,0.8,0.9,best
DE,ackley,0,1087,3.9968028886505635e-15,32670,30,0.8,0.9,best
DE,ackley,0,1088,3.9968028886505635e-15,32700,30,0.8,0.9,best
DE,ackley,0,1089,3.9968028886505635e-15,32730,30,0.8,0.9,best
DE,ackley,0,1090,3.9968028886505635e-15,32760,30,0.8,0.9,best
DE,ackley,0,1091,3.9968028886505635e-15,32790,30,0.8,0.9,best
DE,ackley,0,1092,3.9968028886505635e-15,32820,30,0.8,0.9,best
DE,ackley,0,1093,3.9968028886505635e-15,32850,30,0.8,0.9,best
DE,ackley,0,1094,3.9968028886505635e-15,32880,30,0.8,0.9,best
DE,ackley,0,1095,3.9968028886505635e-15,32910,30,0.8,0.9,best
DE,ackley,0,1096,3.9968028886505635e-15,32940,30,0.8,0.9,best
DE,ackley,0,1097,3.9968028886505635e-15,32970,30,0.8,0.9,best
DE,ackley,0,1098,3.9968028886505635e-15,33000,30,0.8,0.9,best
DE,ackley,0,1099,3.9968028886505635e-15,33030,30,0.8,0.9,best
DE,ackley,0,1100,3.9968028886505635e-15,33060,30,0.8,0.9,best
DE,ackley,0,1101,3.9968028886505635e-15,33090,30,0.8,0.9,best
DE,ackley,0,1102,3.9968028886505635e-15,33120,30,0.8,0.9,best
DE,ackley,0,1103,3.9968028886505635e-15,33150,30,0.8,0.9,best
DE,ackley,0,1104,3.9968028886505635e-15,33180,30,0.8,0.9,best
DE,ackley,0,1105,3.9968028886505635e-15,33210,30,0.8,0.9,best
DE,ackley,0,1106,3.9968028886505635e-15,33240,30,0.8,0.9,best
DE,ackley,0,1107,3.9968028886505635e-15,33270,30,0.8,0.9,best
DE,ackley,0,1108,3.9968028886505635e-15,33300,30,0.8,0.9,best
DE,ackley,0,1109,3.9968028886505635e-15,33330,30,0.8,0.9,best
DE,ackley,0,1110,3.9968028886505635e-15,33360,30,0.8,0.9,best
DE,ackley,0,1111,3.9968028886505635e-15,33390,30,0.8,0.9,best
DE,ackley,0,1112,3.9968028886505635e-15,33420,30,0.8,0.9,best
DE,ackley,0,1113,3.9968028886505635e-15,33450,30,0.8,0.9,best
DE,ackley,0,1114,3.9968028886505635e-15,33480,30,0.8,0.9,best
DE,ackley,0,1115,3.9968028886505635e-15,33510,30,0.8,0.9,best
DE,ackley,0,1116,3.9968028886505635e-15,33540,30,0.8,0.9,best
DE,ackley,0,1117,3.9968028886505635e-15,33570,30,0.8,0.9,best
DE,ackley,0,1118,3.9968028886505635e-15,33600,30,0.8,0.9,best
DE,ackley,0,1119,3.9968028886505635e-15,33630,30,0.8,0.9,best
DE,ackley,0,1120,3.9968028886505635e-15,33660,30,0.8,0.9,best
DE,ackley,0,1121,3.9968028886505635e-15,33690,30,0.8,0.9,best
DE,ackley,0,1122,3.9968028886505635e-15,33720,30,0.8,0.9,best
DE,ackley,0,1123,3.9968028886505635e-15,33750,30,0.8,0.9,best
DE,ackley,0,1124,3.9968028886505635e-15,33780,30,0.8,0.9,best
DE,ackley,0,1125,3.9968028886505635e-15,33810,30,0.8,0.9,best
DE,ackley,0,1126,3.9968028886505635e-15,33840,30,0.8,0.9,best
DE,ackley,0,1127,3.9968028886505635e-15,33870,30,0.8,0.9,best
DE,ackley,0,1128,3.9968028886505635e-15,33900,30,0.8,0.9,best
DE,ackley,0,1129,3.9968028886505635e-15,33930,30,0.8,0.9,best
DE,ackley,0,1130,3.9968028886505635e-15,33960,30,0.8,0.9,best
DE,ackley,0,1131,3.9968028886505635e-15,33990,30,0.8,0.9,best
DE,ackley,0,1132,3.9968028886505635e-15,34020,30,0.8,0.9,best
DE,ackley,0,1133,3.9968028886505635e-15,34050,30,0.8,0.9,best
DE,ackley,0,1134,3.9968028886505635e-15,34080,30,0.8,0.9,best
DE,ackley,0,1135,3.9968028886505635e-15,34110,30,0.8,0.9,best
DE,ackley,0,1136,3.9968028886505635e-15,34140,30,0.8,0.9,best
DE,ackley,0,1137,3.9968028886505635e-15,34170,30,0.8,0.9,best
DE,ackley,0,1138,3.9968028886505635e-15,34200,30,0.8,0.9,best
DE,ackley,0,1139,3.9968028886505635e-15,34230,30,0.8,0.9,best
DE,ackley,0,1140,3.9968028886505635e-15,34260,30,0.8,0.9,best
DE,ackley,0,1141,3.9968028886505635e-15,34290,30,0.8,0.9,best
DE,ackley,0,1142,3.9968028886505635e-15,34320,30,0.8,0.9,best
DE,ackley,0,1143,3.9968028886505635e-15,34350,30,0.8,0.9,best
DE,ackley,0,1144,3.9968028886505635e-15,34380,30,0.8,0.9,best
DE,ackley,0,1145,3.9968028886505635e-15,34410,30,0.8,0.9,best
DE,ackley,0,1146,3.9968028886505635e-15,34440,30,0.8,0.9,best
DE,ackley,0,1147,3.9968028886505635e-15,34470,30,0.8,0.9,best
DE,ackley,0,1148,3.9968028886505635e-15,34500,30,0.8,0.9,best
DE,ackley,0,1149,3.9968028886505635e-15,34530,30,0.8,0.9,best
DE,ackley,0,1150,3.9968028886505635e-15,34560,30,0.8,0.9,best
DE,ackley,0,1151,3.9968028886505635e-15,34590,30,0.8,0.9,best
DE,ackley,0,1152,3.9968028886505635e-15,34620,30,0.8,0.9,best
DE,ackley,0,1153,3.9968028886505635e-15,34650,30,0.8,0.9,best
DE,ackley,0,1154,3.9968028886505635e-15,34680,30,0.8,0.9,best
DE,ackley,0,1155,3.9968028886505635e-15,34710,30,0.8,0.9,best
DE,ackley,0,1156,3.9968028886505635e-15,34740,30,0.8,0.9,best
DE,ackley,0,1157,3.9968028886505635e-15,34770,30,0.8,0.9,best
DE,ackley,0,1158,3.9968028886505635e-15,34800,30,0.8,0.9,best
DE,ackley,0,1159,3.9968028886505635e-15,34830,30,0.8,0.9,best
DE,ackley,0,1160,3.9968028886505635e-15,34860,30,0.8,0.9,best
DE,ackley,0,1161,3.9968028886505635e-15,34890,30,0.8,0.9,best
DE,ackley,0,1162,3.9968028886505635e-15,34920,30,0.8,0.9,best
DE,ackley,0,1163,3.9968028886505635e-15,34950,30,0.8,0.9,best
DE,ackley,0,1164,3.9968028886505635e-15,34980,30,0.8,0.9,best
DE,ackley,0,1165,3.9968028886505635e-15,35010,30,0.8,0.9,best
DE,ackley,0,1166,3.9968028886505635e-15,35040,30,0.8,0.9,best
DE,ackley,0,1167,3.9968028886505635e-15,35070,30,0.8,0.9,best
DE,ackley,0,1168,3.9968028886505635e-15,35100,30,0.8,0.9,best
DE,ackley,0,1169,3.9968028886505635e-15,35130,30,0.8,0.9,best
DE,ackley,0,1170,3.9968028886505635e-15,35160,30,0.8,0.9,best
DE,ackley,0,1171,3.9968028886505635e-15,35190,30,0.8,0.9,best
DE,ackley,0,1172,3.9968028886505635e-15,35220,30,0.8,0.9,best
DE,ackley,0,1173,3.9968028886505635e-15,35250,30,0.8,0.9,best
DE,ackley,0,1174,3.9968028886505635e-15,35280,30,0.8,0.9,best
DE,ackley,0,1175,3.9968028886505635e-15,35310,30,0.8,0.9,best
DE,ackley,0,1176,3.9968028886505635e-15,35340,30,0.8,0.9,best
DE,ackley,0,1177,3.9968028886505635e-15,35370,30,0.8,0.9,best
DE,ackley,0,1178,3.9968028886505635e-15,35400,30,0.8,0.9,best
DE,ackley,0,1179,3.9968028886505635e-15,35430,30,0.8,0.9,best
DE,ackley,0,1180,3.9968028886505635e-15,35460,30,0.8,0.9,best
DE,ackley,0,1181,3.9968028886505635e-15,35490,30,0.8,0.9,best
DE,ackley,0,1182,3.9968028886505635e-15,35520,30,0.8,0.9,best
DE,ackley,0,1183,3.9968028886505635e-15,35550,30,0.8,0.9,best
DE,ackley,0,1184,3.9968028886505635e-15,35580,30,0.8,0.9,best
DE,ackley,0,1185,3.9968028886505635e-15,35610,30,0.8,0.9,best
DE,ackley,0,1186,3.9968028886505635e-15,35640,30,0.8,0.9,best
DE,ackley,0,1187,3.9968028886505635e-15,35670,30,0.8,0.9,best
DE,ackley,0,1188,3.9968028886505635e-15,35700,30,0.8,0.9,best
DE,ackley,0,1189,3.9968028886505635e-15,35730,30,0.8,0.9,best
DE,ackley,0,1190,3.9968028886505635e-15,35760,30,0.8,0.9,best
DE,ackley,0,1191,3.9968028886505635e-15,35790,30,0.8,0.9,best
DE,ackley,0,1192,3.9968028886505635e-15,35820,30,0.8,0.9,best
DE,ackley,0,1193,3.9968028886505635e-15,35850,30,0.8,0.9,best
DE,ackley,0,1194,3.9968028886505635e-15,35880,30,0.8,0.9,best
DE,ackley,0,1195,3.9968028886505635e-15,35910,30,0.8,0.9,best
DE,ackley,0,1196,3.9968028886505635e-15,35940,30,0.8,0.9,best
DE,ackley,0,1197,3.9968028886505635e-15,35970,30,0.8,0.9,best
DE,ackley,0,1198,3.9968028886505635e-15,36000,30,0.8,0.9,best
DE,ackley,0,1199,3.9968028886505635e-15,36030,30,0.8,0.9,best
DE,ackley,1,0,19.780736103811623,60,30,0.8,0.9,best
DE,ackley,1,1,19.278493869827084,90,30,0.8,0.9,best
DE,ackley,1,2,19.278493869827084,120,30,0.8,0.9,best
DE,ackley,1,3,18.12374680797534,150,30,0.8,0.9,best
DE,ackley,1,4,18.12374680797534,180,30,0.8,0.9,best
DE,ackley,1,5,18.12374680797534,210,30,0.8,0.9,best
DE,ackley,1,6,17.412390569054345,240,30,0.8,0.9,best
DE,ackley,1,7,15.144100927271552,270,30,0.8,0.9,best
DE,ackley,1,8,15.144100927271552,300,30,0.8,0.9,best
DE,ackley,1,9,15.144100927271552,330,30,0.8,0.9,best
DE,ackley,1,10,15.144100927271552,360,30,0.8,0.9,best
DE,ackley,1,11,15.144100927271552,390,30,0.8,0.9,best
DE,ackley,1,12,15.144100927271552,420,30,0.8,0.9,best
DE,ackley,1,13,15.037250739095663,450,30,0.8,0.9,best
DE,ackley,1,14,15.037250739095663,480,30,0.8,0.9,best
DE,ackley,1,15,15.037250739095663,510,30,0.8,0.9,best
DE,ackley,1,16,14.908909274375324,540,30,0.8,0.9,best
DE,ackley,1,17,13.112875605780006,570,30,0.8,0.9,best
DE,ackley,1,18,11.843757556963062,600,30,0.8,0.9,best
DE,ackley,1,19,11.843757556963062,630,30,0.8,0.9,best
DE,ackley,1,20,11.843757556963062,660,30,0.8,0.9,best
DE,ackley,1,21,11.21250982174569,690,30,0.8,0.9,best
DE,ackley,1,22,10.187090143198779,720,30,0.8,0.9,best
DE,ackley,1,23,8.796903706677584,750,30,0.8,0.9,best
DE,ackley,1,24,8.705886797238884,780,30,0.8,0.9,best
DE,ackley,1,25,8.705886797238884,810,30,0.8,0.9,best
DE,ackley,1,26,8.237748688882437,840,30,0.8,0.9,best
DE,ackley,1,27,8.237748688882437,870,30,0.8,0.9,best
DE,ackley,1,28,8.237748688882437,900,30,0.8,0.9,best
DE,ackley,1,29,6.342941261879094,930,30,0.8,0.9,best
DE,ackley,1,30,6.342941261879094,960,30,0.8,0.9,best
DE,ackley,1,31,6.342941261879094,990,30,0.8,0.9,best
DE,ackley,1,32,6.342941261879094,1020,30,0.8,0.9,best
DE,ackley,1,33,6.342941261879094,1050,30,0.8,0.9,best
DE,ackley,1,34,5.908379839138799,1080,30,0.8,0.9,best
DE,ackley,1,35,5.604202940741324,1110,30,0.8,0.9,best
DE,ackley,1,36,5.604202940741324,1140,30,0.8,0.9,best
DE,ackley,1,37,5.479575271748502,1170,30,0.8,0.9,best
DE,ackley,1,38,5.4652042015076425,1200,30,0.8,0.9,best
DE,ackley,1,39,5.038646138127689,1230,30,0.8,0.9,best
DE,ackley,1,40,4.85169425569514,1260,30,0.8,0.9,best
DE,ackley,1,41,4.85169425569514,1290,30,0.8,0.9,best
DE,ackley,1,42,4.85169425569514,1320,30,0.8,0.9,best
DE,ackley,1,43,4.85169425569514,1350,30,0.8,0.9,best
DE,ackley,1,44,4.509837892202327,1380,30,0.8,0.9,best
DE,ackley,1,45,4.464547309555076,1410,30,0.8,0.9,best
DE,ackley,1,46,4.4239825373211445,1440,30,0.8,0.9,best
DE,ackley,1,47,4.291516708887222,1470,30,0.8,0.9,best
DE,ackley,1,48,4.067360686374602,1500,30,0.8,0.9,best
DE,ackley,1,49,4.067360686374602,1530,30,0.8,0.9,best
DE,ackley,1,50,3.882864179741276,1560,30,0.8,0.9,best
DE,ackley,1,51,3.594591580226045,1590,30,0.8,0.9,best
DE,ackley,1,52,2.803700209834464,1620,30,0.8,0.9,best
DE,ackley,1,53,2.803700209834464,1650,30,0.8,0.9,best
DE,ackley,1,54,2.803700209834464,1680,30,0.8,0.9,best
DE,ackley,1,55,2.803700209834464,1710,30,0.8,0.9,best
DE,ackley,1,56,2.803700209834464,1740,30,0.8,0.9,best
DE,ackley,1,57,2.803700209834464,1770,30,0.8,0.9,best
DE,ackley,1,58,2.803700209834464,1800,30,0.8,0.9,best
DE,ackley,1,59,2.194747470194074,1830,30,0.8,0.9,best
DE,ackley,1,60,1.947772822341158,1860,30,0.8,0.9,best
DE,ackley,1,61,1.947772822341158,1890,30,0.8,0.9,best
DE,ackley,1,62,1.947772822341158,1920,30,0.8,0.9,best
DE,ackley,1,63,1.947772822341158,1950,30,0.8,0.9,best
DE,ackley,1,64,1.9450162200630605,1980,30,0.8,0.9,best
DE,ackley,1,65,1.582409966219665,2010,30,0.8,0.9,best
DE,ackley,1,66,1.582409966219665,2040,30,0.8,0.9,best
DE,ackley,1,67,0.9041959833538908,2070,30,0.8,0.9,best
DE,ackley,1,68,0.9041959833538908,2100,30,0.8,0.9,best
DE,ackley,1,69,0.9041959833538908,2130,30,0.8,0.9,best
DE,ackley,1,70,0.9041959833538908,2160,30,0.8,0.9,best
DE,ackley,1,71,0.9041959833538908,2190,30,0.8,0.9,best
DE,ackley,1,72,0.9041959833538908,2220,30,0.8,0.9,best
DE,ackley,1,73,0.8313348067527575,2250,30,0.8,0.9,best
DE,ackley,1,74,0.7721134365019791,2280,30,0.8,0.9,best
DE,ackley,1,75,0.6018967806529152,2310,30,0.8,0.9,best
DE,ackley,1,76,0.6018967806529152,2340,30,0.8,0.9,best
DE,ackley,1,77,0.5366621170521673,2370,30,0.8,0.9,best
DE,ackley,1,78,0.45210740268737526,2400,30,0.8,0.9,best
DE,ackley,1,79,0.45210740268737526,2430,30,0.8,0.9,best
DE,ackley,1,80,0.45210740268737526,2460,30,0.8,0.9,best
DE,ackley,1,81,0.34891713619302367,2490,30,0.8,0.9,best
DE,ackley,1,82,0.31785157514312745,2520,30,0.8,0.9,best
DE,ackley,1,83,0.31785157514312745,2550,30,0.8,0.9,best
DE,ackley,1,84,0.31785157514312745,2580,30,0.8,0.9,best
DE,ackley,1,85,0.24790654472737517,2610,30,0.8,0.9,best
DE,ackley,1,86,0.11468867248446246,2640,30,0.8,0.9,best
DE,ackley,1,87,0.11468867248446246,2670,30,0.8,0.9,best
DE,ackley,1,88,0.11468867248446246,2700,30,0.8,0.9,best
DE,ackley,1,89,0.11468867248446246,2730,30,0.8,0.9,best
DE,ackley,1,90,0.11468867248446246,2760,30,0.8,0.9,best
DE,ackley,1,91,0.11071472138103333,2790,30,0.8,0.9,best
DE,ackley,1,92,0.10505110635854154,2820,30,0.8,0.9,best
DE,ackley,1,93,0.10505110635854154,2850,30,0.8,0.9,best
DE,ackley,1,94,0.08773311785626037,2880,30,0.8,0.9,best
DE,ackley,1,95,0.08621373529259246,2910,30,0.8,0.9,best
DE,ackley,1,96,0.08621373529259246,2940,30,0.8,0.9,best
DE,ackley,1,97,0.08621373529259246,2970,30,0.8,0.9,best
DE,ackley,1,98,0.07597071745291517,3000,30,0.8,0.9,best
DE,ackley,1,99,0.07278625616071155,3030,30,0.8,0.9,best
DE,ackley,1,100,0.06643467970956296,3060,30,0.8,0.9,best
DE,ackley,1,101,0.06643467970956296,3090,30,0.8,0.9,best
DE,ackley,1,102,0.0535210210705519,3120,30,0.8,0.9,best
DE,ackley,1,103,0.0535210210705519,3150,30,0.8,0.9,best
DE,ackley,1,104,0.04821187288659745,3180,30,0.8,0.9,best
DE,ackley,1,105,0.03704185429582596,3210,30,0.8,0.9,best
DE,ackley,1,106,0.03704185429582596,3240,30,0.8,0.9,best
DE,ackley,1,107,0.03704185429582596,3270,30,0.8,0.9,best
DE,ackley,1,108,0.03704185429582596,3300,30,0.8,0.9,best
DE,ackley,1,109,0.03436624733661775,3330,30,0.8,0.9,best
DE,ackley,1,110,0.03197718011328776,3360,30,0.8,0.9,best
DE,ackley,1,111,0.03197718011328776,3390,30,0.8,0.9,best
DE,ackley,1,112,0.02712310367427806,3420,30,0.8,0.9,best
DE,ackley,1,113,0.015507103207586415,3450,30,0.8,0.9,best
DE,ackley,1,114,0.015507103207586415,3480,30,0.8,0.9,best
DE,ackley,1,115,0.015507103207586415,3510,30,0.8,0.9,best
DE,ackley,1,116,0.015507103207586415,3540,30,0.8,0.9,best
DE,ackley,1,117,0.015507103207586415,3570,30,0.8,0.9,best
DE,ackley,1,118,0.015507103207586415,3600,30,0.8,0.9,best
DE,ackley,1,119,0.015507103207586415,3630,30,0.8,0.9,best
DE,ackley,1,120,0.01297564947030283,3660,30,0.8,0.9,best
DE,ackley,1,121,0.01297564947030283,3690,30,0.8,0.9,best
DE,ackley,1,122,0.01297564947030283,3720,30,0.8,0.9,best
DE,ackley,1,123,0.01297564947030283,3750,30,0.8,0.9,best
DE,ackley,1,124,0.01297564947030283,3780,30,0.8,0.9,best
DE,ackley,1,125,0.012115701404763701,3810,30,0.8,0.9,best
DE,ackley,1,126,0.011168379186579092,3840,30,0.8,0.9,best
DE,ackley,1,127,0.011168379186579092,3870,30,0.8,0.9,best
DE,ackley,1,128,0.009382708855892208,3900,30,0.8,0.9,best
DE,ackley,1,129,0.008879190329520004,3930,30,0.8,0.9,best
DE,ackley,1,130,0.008879190329520004,3960,30,0.8,0.9,best
DE,ackley,1,131,0.006923172677979483,3990,30,0.8,0.9,best
DE,ackley,1,132,0.006923172677979483,4020,30,0.8,0.9,best
DE,ackley,1,133,0.005595159597281185,4050,30,0.8,0.9,best
DE,ackley,1,134,0.005595159597281185,4080,30,0.8,0.9,best
DE,ackley,1,135,0.005595159597281185,4110,30,0.8,0.9,best
DE,ackley,1,136,0.005595159597281185,4140,30,0.8,0.9,best
DE,ackley,1,137,0.0053509423996698224,4170,30,0.8,0.9,best
DE,ackley,1,138,0.004397977732147229,4200,30,0.8,0.9,best
DE,ackley,1,139,0.003413583372186668,4230,30,0.8,0.9,best
DE,ackley,1,140,0.003413583372186668,4260,30,0.8,0.9,best
DE,ackley,1,141,0.003413583372186668,4290,30,0.8,0.9,best
DE,ackley,1,142,0.0032874294323765874,4320,30,0.8,0.9,best
DE,ackley,1,143,0.0032874294323765874,4350,30,0.8,0.9,best
DE,ackley,1,144,0.0032874294323765874,4380,30,0.8,0.9,best
DE,ackley,1,145,0.002477750840807591,4410,30,0.8,0.9,best
DE,ackley,1,146,0.002477750840807591,4440,30,0.8,0.9,best
DE,ackley,1,147,0.002477750840807591,4470,30,0.8,0.9,best
DE,ackley,1,148,0.002477750840807591,4500,30,0.8,0.9,best
DE,ackley,1,149,0.002477750840807591,4530,30,0.8,0.9,best
DE,ackley,1,150,0.002477750840807591,4560,30,0.8,0.9,best
DE,ackley,1,151,0.001949991640668447,4590,30,0.8,0.9,best
DE,ackley,1,152,0.001949991640668447,4620,30,0.8,0.9,best
DE,ackley,1,153,0.0016899996582542265,4650,30,0.8,0.9,best
DE,ackley,1,154,0.0016899996582542265,4680,30,0.8,0.9,best
DE,ackley,1,155,0.0015608589885656166,4710,30,0.8,0.9,best
DE,ackley,1,156,0.0015608589885656166,4740,30,0.8,0.9,best
DE,ackley,1,157,0.0015357509315454543,4770,30,0.8,0.9,best
DE,ackley,1,158,0.0013771853465738282,4800,30,0.8,0.9,best
DE,ackley,1,159,0.0012014980607628623,4830,30,0.8,0.9,best
DE,ackley,1,160,0.001040670867308524,4860,30,0.8,0.9,best
DE,ackley,1,161,0.00065179279653238,4890,30,0.8,0.9,best
DE,ackley,1,162,0.00065179279653238,4920,30,0.8,0.9,best
DE,ackley,1,163,0.00065179279653238,4950,30,0.8,0.9,best
DE,ackley,1,164,0.00065179279653238,4980,30,0.8,0.9,best
DE,ackley,1,165,0.000568251236398698,5010,30,0.8,0.9,best
DE,ackley,1,166,0.000568251236398698,5040,30,0.8,0.9,best
DE,ackley,1,167,0.000568251236398698,5070,30,0.8,0.9,best
DE,ackley,1,168,0.0005096642378501492,5100,30,0.8,0.9,best
DE,ackley,1,169,0.00046935455978713847,5130,30,0.8,0.9,best
DE,ackley,1,170,0.00044055740513870845,5160,30,0.8,0.9,best
DE,ackley,1,171,0.0004278681162159792,5190,30,0.8,0.9,best
DE,ackley,1,172,0.0004018171665269854,5220,30,0.8,0.9,best
DE,ackley,1,173,0.0002531730685935152,5250,30,0.8,0.9,best
DE,ackley,1,174,0.0002531730685935152,5280,30,0.8,0.9,best
DE,ackley,1,175,0.0002531730685935152,5310,30,0.8,0.9,best
DE,ackley,1,176,0.0002531730685935152,5340,30,0.8,0.9,best
DE,ackley,1,177,0.0002531730685935152,5370,30,0.8,0.9,best
DE,ackley,1,178,0.00022984166560791053,5400,30,0.8,0.9,best
DE,ackley,1,179,0.00022469438686600895,5430,30,0.8,0.9,best
DE,ackley,1,180,0.00018882678040244016,5460,30,0.8,0.9,best
DE,ackley,1,181,0.00018882678040244016,5490,30,0.8,0.9,best
DE,ackley,1,182,0.00018882678040244016,5520,30,0.8,0.9,best
DE,ackley,1,183,0.00018882678040244016,5550,30,0.8,0.9,best
DE,ackley,1,184,0.00015164075169638025,5580,30,0.8,0.9,best
DE,ackley,1,185,0.00014885550352561339,5610,30,0.8,0.9,best
DE,ackley,1,186,0.00014136255460472924,5640,30,0.8,0.9,best
DE,ackley,1,187,0.00014136255460472924,5670,30,0.8,0.9,best
DE,ackley,1,188,0.00014136255460472924,5700,30,0.8,0.9,best
DE,ackley,1,189,0.00010590163219648119,5730,30,0.8,0.9,best
DE,ackley,1,190,0.00010590163219648119,5760,30,0.8,0.9,best
DE,ackley,1,191,0.00010590163219648119,5790,30,0.8,0.9,best
DE,ackley,1,192,0.00010590163219648119,5820,30,0.8,0.9,best
DE,ackley,1,193,0.00010590163219648119,5850,30,0.8,0.9,best
DE,ackley,1,194,9.756780475500548e-05,5880,30,0.8,0.9,best
DE,ackley,1,195,7.177437296990163e-05,5910,30,0.8,0.9,best
DE,ackley,1,196,7.177437296990163e-05,5940,30,0.8,0.9,best
DE,ackley,1,197,6.244894294882286e-05,5970,30,0.8,0.9,best
DE,ackley,1,198,5.3034170705235084e-05,6000,30,0.8,0.9,best
DE,ackley,1,199,5.3034170705235084e-05,6030,30,0.8,0.9,best
DE,ackley,1,200,5.3034170705235084e-05,6060,30,0.8,0.9,best
DE,ackley,1,201,5.3034170705235084e-05,6090,30,0.8,0.9,best
DE,ackley,1,202,4.953798223583661e-05,6120,30,0.8,0.9,best
DE,ackley,1,203,3.630138634891367e-05,6150,30,0.8,0.9,best
DE,ackley,1,204,3.630138634891367e-05,6180,30,0.8,0.9,best
DE,ackley,1,205,3.630138634891367e-05,6210,30,0.8,0.9,best
DE,ackley,1,206,3.630138634891367e-05,6240,30,0.8,0.9,best
DE,ackley,1,207,3.630138634891367e-05,6270,30,0.8,0.9,best
DE,ackley,1,208,3.0359024901560616e-05,6300,30,0.8,0.9,best
DE,ackley,1,209,2.437780138508927e-05,6330,30,0.8,0.9,best
DE,ackley,1,210,2.437780138508927e-05,6360,30,0.8,0.9,best
DE,ackley,1,211,2.437780138508927e-05,6390,30,0.8,0.9,best
DE,ackley,1,212,2.2890407234132937e-05,6420,30,0.8,0.9,best
DE,ackley,1,213,2.2636238782514084e-05,6450,30,0.8,0.9,best
DE,ackley,1,214,1.8704946981973336e-05,6480,30,0.8,0.9,best
DE,ackley,1,215,1.8704946981973336e-05,6510,30,0.8,0.9,best
DE,ackley,1,216,1.675151740743175e-05,6540,30,0.8,0.9,best
DE,ackley,1,217,1.675151740743175e-05,6570,30,0.8,0.9,best
DE,ackley,1,218,1.624897691288041e-05,6600,30,0.8,0.9,best
DE,ackley,1,219,1.3389850768152911e-05,6630,30,0.8,0.9,best
DE,ackley,1,220,1.3389850768152911e-05,6660,30,0.8,0.9,best
DE,ackley,1,221,1.3389850768152911e-05,6690,30,0.8,0.9,best
DE,ackley,1,222,1.042862887645768e-05,6720,30,0.8,0.9,best
DE,ackley,1,223,8.761827775760622e-06,6750,30,0.8,0.9,best
DE,ackley,1,224,8.761827775760622e-06,6780,30,0.8,0.9,best
DE,ackley,1,225,6.749345054846145e-06,6810,30,0.8,0.9,best
DE,ackley,1,226,6.749345054846145e-06,6840,30,0.8,0.9,best
DE,ackley,1,227,6.476218594730909e-06,6870,30,0.8,0.9,best
DE,ackley,1,228,4.893320295185077e-06,6900,30,0.8,0.9,best
DE,ackley,1,229,4.893320295185077e-06,6930,30,0.8,0.9,best
DE,ackley,1,230,4.893320295185077e-06,6960,30,0.8,0.9,best
DE,ackley,1,231,4.893320295185077e-06,6990,30,0.8,0.9,best
DE,ackley,1,232,4.863490243867119e-06,7020,30,0.8,0.9,best
DE,ackley,1,233,4.156240760000429e-06,7050,30,0.8,0.9,best
DE,ackley,1,234,4.101447015347759e-06,7080,30,0.8,0.9,best
DE,ackley,1,235,3.5361279988599392e-06,7110,30,0.8,0.9,best
DE,ackley,1,236,2.856783116289563e-06,7140,30,0.8,0.9,best
DE,ackley,1,237,2.2419767558012893e-06,7170,30,0.8,0.9,best
DE,ackley,1,238,2.2419767558012893e-06,7200,30,0.8,0.9,best
DE,ackley,1,239,2.2419767558012893e-06,7230,30,0.8,0.9,best
DE,ackley,1,240,2.0623110228434882e-06,7260,30,0.8,0.9,best
DE,ackley,1,241,2.0623110228434882e-06,7290,30,0.8,0.9,best
DE,ackley,1,242,1.5518250404689127e-06,7320,30,0.8,0.9,best
DE,ackley,1,243,1.5006022384689288e-06,7350,30,0.8,0.9,best
DE,ackley,1,244,1.5006022384689288e-06,7380,30,0.8,0.9,best
DE,ackley,1,245,1.3914071712584075e-06,7410,30,0.8,0.9,best
DE,ackley,1,246,1.2173582075725164e-06,7440,30,0.8,0.9,best
DE,ackley,1,247,1.2173582075725164e-06,7470,30,0.8,0.9,best
DE,ackley,1,248,1.03493338032834e-06,7500,30,0.8,0.9,best
DE,ackley,1,249,9.200148309851386e-07,7530,30,0.8,0.9,best
DE,ackley,1,250,9.069952153772931e-07,7560,30,0.8,0.9,best
DE,ackley,1,251,9.069952153772931e-07,7590,30,0.8,0.9,best
DE,ackley,1,252,9.069952153772931e-07,7620,30,0.8,0.9,best
DE,ackley,1,253,8.764099992397689e-07,7650,30,0.8,0.9,best
DE,ackley,1,254,6.774956315958036e-07,7680,30,0.8,0.9,best
DE,ackley,1,255,4.7369920652684527e-07,7710,30,0.8,0.9,best
DE,ackley,1,256,4.628829768371645e-07,7740,30,0.8,0.9,best
DE,ackley,1,257,4.628829768371645e-07,7770,30,0.8,0.9,best
DE,ackley,1,258,4.628829768371645e-07,7800,30,0.8,0.9,best
DE,ackley,1,259,4.628829768371645e-07,7830,30,0.8,0.9,best
DE,ackley,1,260,4.252024052853187e-07,7860,30,0.8,0.9,best
DE,ackley,1,261,4.252024052853187e-07,7890,30,0.8,0.9,best
DE,ackley,1,262,3.8456151374433034e-07,7920,30,0.8,0.9,best
DE,ackley,1,263,3.6881886389394936e-07,7950,30,0.8,0.9,best
DE,ackley,1,264,3.579488070393211e-07,7980,30,0.8,0.9,best
DE,ackley,1,265,3.579488070393211e-07,8010,30,0.8,0.9,best
DE,ackley,1,266,3.447367871167728e-07,8040,30,0.8,0.9,best
DE,ackley,1,267,3.447367871167728e-07,8070,30,0.8,0.9,best
DE,ackley,1,268,1.9613637336490797e-07,8100,30,0.8,0.9,best
DE,ackley,1,269,1.9613637336490797e-07,8130,30,0.8,0.9,best
DE,ackley,1,270,1.9613637336490797e-07,8160,30,0.8,0.9,best
DE,ackley,1,271,1.9613637336490797e-07,8190,30,0.8,0.9,best
DE,ackley,1,272,1.8412626490160733e-07,8220,30,0.8,0.9,best
DE,ackley,1,273,1.8082258934626338e-07,8250,30,0.8,0.9,best
DE,ackley,1,274,1.8082258934626338e-07,8280,30,0.8,0.9,best
DE,ackley,1,275,1.8082258934626338e-07,8310,30,0.8,0.9,best
DE,ackley,1,276,1.5698422517473887e-07,8340,30,0.8,0.9,best
DE,ackley,1,277,1.5698422517473887e-07,8370,30,0.8,0.9,best
DE,ackley,1,278,1.5397048303000815e-07,8400,30,0.8,0.9,best
DE,ackley,1,279,1.386969477046307e-07,8430,30,0.8,0.9,best
DE,ackley,1,280,1.386969477046307e-07,8460,30,0.8,0.9,best
DE,ackley,1,281,1.3673217980070262e-07,8490,30,0.8,0.9,best
DE,ackley,1,282,1.1778037434240218e-07,8520,30,0.8,0.9,best
DE,ackley,1,283,1.1732673899089718e-07,8550,30,0.8,0.9,best
DE,ackley,1,284,1.1732673899089718e-07,8580,30,0.8,0.9,best
DE,ackley,1,285,1.1732673899089718e-07,8610,30,0.8,0.9,best
DE,ackley,1,286,1.1108008779459055e-07,8640,30,0.8,0.9,best
DE,ackley,1,287,1.0990066501292972e-07,8670,30,0.8,0.9,best
DE,ackley,1,288,1.0990066501292972e-07,8700,30,0.8,0.9,best
DE,ackley,1,289,1.0701487385134101e-07,8730,30,0.8,0.9,best
DE,ackley,1,290,9.870001038692067e-08,8760,30,0.8,0.9,best
DE,ackley,1,291,9.870001038692067e-08,8790,30,0.8,0.9,best
DE,ackley,1,292,9.59897730190562e-08,8820,30,0.8,0.9,best
DE,ackley,1,293,9.18689129214556e-08,8850,30,0.8,0.9,best
DE,ackley,1,294,7.317259020922506e-08,8880,30,0.8,0.9,best
DE,ackley,1,295,6.341710134805112e-08,8910,30,0.8,0.9,best
DE,ackley,1,296,6.341710134805112e-08,8940,30,0.8,0.9,best
DE,ackley,1,297,5.3792373666539106e-08,8970,30,0.8,0.9,best
DE,ackley,1,298,4.119838026284128e-08,9000,30,0.8,0.9,best
DE,ackley,1,299,3.155950212274661e-08,9030,30,0.8,0.9,best
DE,ackley,1,300,3.0160908881526893e-08,9060,30,0.8,0.9,best
DE,ackley,1,301,3.0160908881526893e-08,9090,30,0.8,0.9,best
DE,ackley,1,302,3.0160908881526893e-08,9120,30,0.8,0.9,best
DE,ackley,1,303,3.0160908881526893e-08,9150,30,0.8,0.9,best
DE,ackley,1,304,2.8073938285189115e-08,9180,30,0.8,0.9,best
DE,ackley,1,305,2.6680514242372055e-08,9210,30,0.8,0.9,best
DE,ackley,1,306,2.6680514242372055e-08,9240,30,0.8,0.9,best
DE,ackley,1,307,2.6680514242372055e-08,9270,30,0.8,0.9,best
DE,ackley,1,308,2.6680514242372055e-08,9300,30,0.8,0.9,best
DE,ackley,1,309,2.6680514242372055e-08,9330,30,0.8,0.9,best
DE,ackley,1,310,2.4066736603600702e-08,9360,30,0.8,0.9,best
DE,ackley,1,311,1.551555017798023e-08,9390,30,0.8,0.9,best
DE,ackley,1,312,1.551555017798023e-08,9420,30,0.8,0.9,best
DE,ackley,1,313,1.551555017798023e-08,9450,30,0.8,0.9,best
DE,ackley,1,314,1.551555017798023e-08,9480,30,0.8,0.9,best
DE,ackley,1,315,1.551555017798023e-08,9510,30,0.8,0.9,best
DE,ackley,1,316,1.551555017798023e-08,9540,30,0.8,0.9,best
DE,ackley,1,317,1.551555017798023e-08,9570,30,0.8,0.9,best
DE,ackley,1,318,1.551555017798023e-08,9600,30,0.8,0.9,best
DE,ackley,1,319,1.551555017798023e-08,9630,30,0.8,0.9,best
DE,ackley,1,320,1.551555017798023e-08,9660,30,0.8,0.9,best
DE,ackley,1,321,1.4978408291455025e-08,9690,30,0.8,0.9,best
DE,ackley,1,322,1.2648279312799104e-08,9720,30,0.8,0.9,best
DE,ackley,1,323,1.2396200066433494e-08,9750,30,0.8,0.9,best
DE,ackley,1,324,1.2396200066433494e-08,9780,30,0.8,0.9,best
DE,ackley,1,325,9.362477459973206e-09,9810,30,0.8,0.9,best
DE,ackley,1,326,5.944937431223707e-09,9840,30,0.8,0.9,best
DE,ackley,1,327,5.684043902220992e-09,9870,30,0.8,0.9,best
DE,ackley,1,328,5.2296624808434444e-09,9900,30,0.8,0.9,best
DE,ackley,1,329,5.2296624808434444e-09,9930,30,0.8,0.9,best
DE,ackley,1,330,5.2296624808434444e-09,9960,30,0.8,0.9,best
DE,ackley,1,331,5.221164389723754e-09,9990,30,0.8,0.9,best
DE,ackley,1,332,4.336730530241084e-09,10020,30,0.8,0.9,best
DE,ackley,1,333,2.5012139026614477e-09,10050,30,0.8,0.9,best
DE,ackley,1,334,1.9323178612751235e-09,10080,30,0.8,0.9,best
DE,ackley,1,335,1.9323178612751235e-09,10110,30,0.8,0.9,best
DE,ackley,1,336,1.9323178612751235e-09,10140,30,0.8,0.9,best
DE,ackley,1,337,1.9323178612751235e-09,10170,30,0.8,0.9,best
DE,ackley,1,338,1.9323178612751235e-09,10200,30,0.8,0.9,best
DE,ackley,1,339,1.9323178612751235e-09,10230,30,0.8,0.9,best
DE,ackley,1,340,1.4558207972470427e-09,10260,30,0.8,0.9,best
DE,ackley,1,341,1.4558207972470427e-09,10290,30,0.8,0.9,best
DE,ackley,1,342,1.1898824148204312e-09,10320,30,0.8,0.9,best
DE,ackley,1,343,1.1898824148204312e-09,10350,30,0.8,0.9,best
DE,ackley,1,344,1.1898824148204312e-09,10380,30,0.8,0.9,best
DE,ackley,1,345,1.176154729165546e-09,10410,30,0.8,0.9,best
DE,ackley,1,346,1.176154729165546e-09,10440,30,0.8,0.9,best
DE,ackley,1,347,1.1017715628725e-09,10470,30,0.8,0.9,best
DE,ackley,1,348,1.1017715628725e-09,10500,30,0.8,0.9,best
DE,ackley,1,349,1.075378452952691e-09,10530,30,0.8,0.9,best
DE,ackley,1,350,1.075378452952691e-09,10560,30,0.8,0.9,best
DE,ackley,1,351,8.475677937269666e-10,10590,30,0.8,0.9,best
DE,ackley,1,352,8.475677937269666e-10,10620,30,0.8,0.9,best
DE,ackley,1,353,6.439511146538734e-10,10650,30,0.8,0.9,best
DE,ackley,1,354,5.825708804252372e-10,10680,30,0.8,0.9,best
DE,ackley,1,355,5.825708804252372e-10,10710,30,0.8,0.9,best
DE,ackley,1,356,5.323461671480345e-10,10740,30,0.8,0.9,best
DE,ackley,1,357,3.6821079518745137e-10,10770,30,0.8,0.9,best
DE,ackley,1,358,3.6821079518745137e-10,10800,30,0.8,0.9,best
DE,ackley,1,359,3.6821079518745137e-10,10830,30,0.8,0.9,best
DE,ackley,1,360,3.6821079518745137e-10,10860,30,0.8,0.9,best
DE,ackley,1,361,3.6250158430561896e-10,10890,30,0.8,0.9,best
DE,ackley,1,362,3.281752647410485e-10,10920,30,0.8,0.9,best
DE,ackley,1,363,2.869104953617807e-10,10950,30,0.8,0.9,best
DE,ackley,1,364,2.869104953617807e-10,10980,30,0.8,0.9,best
DE,ackley,1,365,2.869104953617807e-10,11010,30,0.8,0.9,best
DE,ackley,1,366,2.869104953617807e-10,11040,30,0.8,0.9,best
DE,ackley,1,367,2.869104953617807e-10,11070,30,0.8,0.9,best
DE,ackley,1,368,2.3144552940834728e-10,11100,30,0.8,0.9,best
DE,ackley,1,369,2.3144552940834728e-10,11130,30,0.8,0.9,best
DE,ackley,1,370,2.3144552940834728e-10,11160,30,0.8,0.9,best
DE,ackley,1,371,2.3144552940834728e-10,11190,30,0.8,0.9,best
DE,ackley,1,372,2.3144552940834728e-10,11220,30,0.8,0.9,best
DE,ackley,1,373,1.9841595033653903e-10,11250,30,0.8,0.9,best
DE,ackley,1,374,1.5465717595475326e-10,11280,30,0.8,0.9,best
DE,ackley,1,375,1.3965051337549994e-10,11310,30,0.8,0.9,best
DE,ackley,1,376,1.3965051337549994e-10,11340,30,0.8,0.9,best
DE,ackley,1,377,1.3965051337549994e-10,11370,30,0.8,0.9,best
DE,ackley,1,378,1.357993717476802e-10,11400,30,0.8,0.9,best
DE,ackley,1,379,1.1541034794504412e-10,11430,30,0.8,0.9,best
DE,ackley,1,380,1.1541034794504412e-10,11460,30,0.8,0.9,best
DE,ackley,1,381,9.995604344226194e-11,11490,30,0.8,0.9,best
DE,ackley,1,382,9.995604344226194e-11,11520,30,0.8,0.9,best
DE,ackley,1,383,9.995604344226194e-11,11550,30,0.8,0.9,best
DE,ackley,1,384,9.995604344226194e-11,11580,30,0.8,0.9,best
DE,ackley,1,385,9.995604344226194e-11,11610,30,0.8,0.9,best
DE,ackley,1,386,7.885647690386577e-11,11640,30,0.8,0.9,best
DE,ackley,1,387,6.13877837452037e-11,11670,30,0.8,0.9,best
DE,ackley,1,388,6.13877837452037e-11,11700,30,0.8,0.9,best
DE,ackley,1,389,6.13877837452037e-11,11730,30,0.8,0.9,best
DE,ackley,1,390,5.022160465273373e-11,11760,30,0.8,0.9,best
DE,ackley,1,391,5.022160465273373e-11,11790,30,0.8,0.9,best
DE,ackley,1,392,5.022160465273373e-11,11820,30,0.8,0.9,best
DE,ackley,1,393,4.803668574027142e-11,11850,30,0.8,0.9,best
DE,ackley,1,394,4.4938719412357386e-11,11880,30,0.8,0.9,best
DE,ackley,1,395,4.413580612094847e-11,11910,30,0.8,0.9,best
DE,ackley,1,396,4.319433699606634e-11,11940,30,0.8,0.9,best
DE,ackley,1,397,4.319433699606634e-11,11970,30,0.8,0.9,best
DE,ackley,1,398,3.9254377526276585e-11,12000,30,0.8,0.9,best
DE,ackley,1,399,3.9254377526276585e-11,12030,30,0.8,0.9,best
DE,ackley,1,400,3.6003644510174126e-11,12060,30,0.8,0.9,best
DE,ackley,1,401,3.5154545940940807e-11,12090,30,0.8,0.9,best
DE,ackley,1,402,2.7711610783853757e-11,12120,30,0.8,0.9,best
DE,ackley,1,403,2.6400659436376372e-11,12150,30,0.8,0.9,best
DE,ackley,1,404,2.6400659436376372e-11,12180,30,0.8,0.9,best
DE,ackley,1,405,2.5444979456779038e-11,12210,30,0.8,0.9,best
DE,ackley,1,406,2.318900627074072e-11,12240,30,0.8,0.9,best
DE,ackley,1,407,2.318900627074072e-11,12270,30,0.8,0.9,best
DE,ackley,1,408,2.318900627074072e-11,12300,30,0.8,0.9,best
DE,ackley,1,409,2.084066252905359e-11,12330,30,0.8,0.9,best
DE,ackley,1,410,2.084066252905359e-11,12360,30,0.8,0.9,best
DE,ackley,1,411,1.787769932093397e-11,12390,30,0.8,0.9,best
DE,ackley,1,412,1.787769932093397e-11,12420,30,0.8,0.9,best
DE,ackley,1,413,1.5195400493439593e-11,12450,30,0.8,0.9,best
DE,ackley,1,414,1.5195400493439593e-11,12480,30,0.8,0.9,best
DE,ackley,1,415,1.5195400493439593e-11,12510,30,0.8,0.9,best
DE,ackley,1,416,1.5195400493439593e-11,12540,30,0.8,0.9,best
DE,ackley,1,417,1.5127898933542383e-11,12570,30,0.8,0.9,best
DE,ackley,1,418,1.3365752948857335e-11,12600,30,0.8,0.9,best
DE,ackley,1,419,9.884093543632844e-12,12630,30,0.8,0.9,best
DE,ackley,1,420,9.884093543632844e-12,12660,30,0.8,0.9,best
DE,ackley,1,421,9.884093543632844e-12,12690,30,0.8,0.9,best
DE,ackley,1,422,8.178790977808603e-12,12720,30,0.8,0.9,best
DE,ackley,1,423,7.951417302365371e-12,12750,30,0.8,0.9,best
DE,ackley,1,424,6.544542685560373e-12,12780,30,0.8,0.9,best
DE,ackley,1,425,5.926370505449086e-12,12810,30,0.8,0.9,best
DE,ackley,1,426,5.926370505449086e-12,12840,30,0.8,0.9,best
DE,ackley,1,427,5.361489030519806e-12,12870,30,0.8,0.9,best
DE,ackley,1,428,5.361489030519806e-12,12900,30,0.8,0.9,best
DE,ackley,1,429,5.262013047513392e-12,12930,30,0.8,0.9,best
DE,ackley,1,430,5.262013047513392e-12,12960,30,0.8,0.9,best
DE,ackley,1,431,2.9527491562930663e-12,12990,30,0.8,0.9,best
DE,ackley,1,432,2.9527491562930663e-12,13020,30,0.8,0.9,best
DE,ackley,1,433,2.9527491562930663e-12,13050,30,0.8,0.9,best
DE,ackley,1,434,2.8532731732866523e-12,13080,30,0.8,0.9,best
DE,ackley,1,435,2.7502444766014378e-12,13110,30,0.8,0.9,best
DE,ackley,1,436,2.7502444766014378e-12,13140,30,0.8,0.9,best
DE,ackley,1,437,2.4624746686185972e-12,13170,30,0.8,0.9,best
DE,ackley,1,438,2.4624746686185972e-12,13200,30,0.8,0.9,best
DE,ackley,1,439,1.929567616798522e-12,13230,30,0.8,0.9,best
DE,ackley,1,440,1.929567616798522e-12,13260,30,0.8,0.9,best
DE,ackley,1,441,1.929567616798522e-12,13290,30,0.8,0.9,best
DE,ackley,1,442,1.929567616798522e-12,13320,30,0.8,0.9,best
DE,ackley,1,443,1.453503983839255e-12,13350,30,0.8,0.9,best
DE,ackley,1,444,1.453503983839255e-12,13380,30,0.8,0.9,best
DE,ackley,1,445,1.0378364834195963e-12,13410,30,0.8,0.9,best
DE,ackley,1,446,1.0378364834195963e-12,13440,30,0.8,0.9,best
DE,ackley,1,447,8.779643678735738e-13,13470,30,0.8,0.9,best
DE,ackley,1,448,8.779643678735738e-13,13500,30,0.8,0.9,best
DE,ackley,1,449,8.779643678735738e-13,13530,30,0.8,0.9,best
DE,ackley,1,450,7.926992395823618e-13,13560,30,0.8,0.9,best
DE,ackley,1,451,7.926992395823618e-13,13590,30,0.8,0.9,best
DE,ackley,1,452,7.216449660063518e-13,13620,30,0.8,0.9,best
DE,ackley,1,453,6.221689829999377e-13,13650,30,0.8,0.9,best
DE,ackley,1,454,6.221689829999377e-13,13680,30,0.8,0.9,best
DE,ackley,1,455,6.221689829999377e-13,13710,30,0.8,0.9,best
DE,ackley,1,456,6.221689829999377e-13,13740,30,0.8,0.9,best
DE,ackley,1,457,5.759837051755312e-13,13770,30,0.8,0.9,best
DE,ackley,1,458,3.6282088444750116e-13,13800,30,0.8,0.9,best
DE,ackley,1,459,3.6282088444750116e-13,13830,30,0.8,0.9,best
DE,ackley,1,460,3.6282088444750116e-13,13860,30,0.8,0.9,best
DE,ackley,1,461,3.2374103398069565e-13,13890,30,0.8,0.9,best
DE,ackley,1,462,3.2374103398069565e-13,13920,30,0.8,0.9,best
DE,ackley,1,463,2.9887203822909214e-13,13950,30,0.8,0.9,best
DE,ackley,1,464,2.9887203822909214e-13,13980,30,0.8,0.9,best
DE,ackley,1,465,2.5268676040468563e-13,14010,30,0.8,0.9,best
DE,ackley,1,466,2.5268676040468563e-13,14040,30,0.8,0.9,best
DE,ackley,1,467,2.5268676040468563e-13,14070,30,0.8,0.9,best
DE,ackley,1,468,2.5268676040468563e-13,14100,30,0.8,0.9,best
DE,ackley,1,469,2.5268676040468563e-13,14130,30,0.8,0.9,best
DE,ackley,1,470,2.5268676040468563e-13,14160,30,0.8,0.9,best
DE,ackley,1,471,2.5268676040468563e-13,14190,30,0.8,0.9,best
DE,ackley,1,472,2.5268676040468563e-13,14220,30,0.8,0.9,best
DE,ackley,1,473,2.5268676040468563e-13,14250,30,0.8,0.9,best
DE,ackley,1,474,2.5268676040468563e-13,14280,30,0.8,0.9,best
DE,ackley,1,475,1.603162047558726e-13,14310,30,0.8,0.9,best
DE,ackley,1,476,1.603162047558726e-13,14340,30,0.8,0.9,best
DE,ackley,1,477,1.389999226830696e-13,14370,30,0.8,0.9,best
DE,ackley,1,478,1.389999226830696e-13,14400,30,0.8,0.9,best
DE,ackley,1,479,1.389999226830696e-13,14430,30,0.8,0.9,best
DE,ackley,1,480,1.283417816466681e-13,14460,30,0.8,0.9,best
DE,ackley,1,481,1.283417816466681e-13,14490,30,0.8,0.9,best
DE,ackley,1,482,1.1057821325266559e-13,14520,30,0.8,0.9,best
DE,ackley,1,483,1.0347278589506459e-13,14550,30,0.8,0.9,best
DE,ackley,1,484,1.0347278589506459e-13,14580,30,0.8,0.9,best
DE,ackley,1,485,6.794564910705958e-14,14610,30,0.8,0.9,best
DE,ackley,1,486,6.794564910705958e-14,14640,30,0.8,0.9,best
DE,ackley,1,487,6.084022174945858e-14,14670,30,0.8,0.9,best
DE,ackley,1,488,6.084022174945858e-14,14700,30,0.8,0.9,best
DE,ackley,1,489,6.084022174945858e-14,14730,30,0.8,0.9,best
DE,ackley,1,490,5.0182080713057076e-14,14760,30,0.8,0.9,best
DE,ackley,1,491,5.0182080713057076e-14,14790,30,0.8,0.9,best
DE,ackley,1,492,5.0182080713057076e-14,14820,30,0.8,0.9,best
DE,ackley,1,493,5.0182080713057076e-14,14850,30,0.8,0.9,best
DE,ackley,1,494,5.0182080713057076e-14,14880,30,0.8,0.9,best
DE,ackley,1,495,5.0182080713057076e-14,14910,30,0.8,0.9,best
DE,ackley,1,496,4.3076653355456074e-14,14940,30,0.8,0.9,best
DE,ackley,1,497,3.952393967665557e-14,14970,30,0.8,0.9,best
DE,ackley,1,498,3.952393967665557e-14,15000,30,0.8,0.9,best
DE,ackley,1,499,3.952393967665557e-14,15030,30,0.8,0.9,best
DE,ackley,1,500,3.952393967665557e-14,15060,30,0.8,0.9,best
DE,ackley,1,501,3.952393967665557e-14,15090,30,0.8,0.9,best
DE,ackley,1,502,3.952393967665557e-14,15120,30,0.8,0.9,best
DE,ackley,1,503,3.597122599785507e-14,15150,30,0.8,0.9,best
DE,ackley,1,504,3.597122599785507e-14,15180,30,0.8,0.9,best
DE,ackley,1,505,3.597122599785507e-14,15210,30,0.8,0.9,best
DE,ackley,1,506,3.241851231905457e-14,15240,30,0.8,0.9,best
DE,ackley,1,507,3.241851231905457e-14,15270,30,0.8,0.9,best
DE,ackley,1,508,2.1760371282653068e-14,15300,30,0.8,0.9,best
DE,ackley,1,509,2.1760371282653068e-14,15330,30,0.8,0.9,best
DE,ackley,1,510,2.1760371282653068e-14,15360,30,0.8,0.9,best
DE,ackley,1,511,2.1760371282653068e-14,15390,30,0.8,0.9,best
DE,ackley,1,512,2.1760371282653068e-14,15420,30,0.8,0.9,best
DE,ackley,1,513,2.1760371282653068e-14,15450,30,0.8,0.9,best
DE,ackley,1,514,2.1760371282653068e-14,15480,30,0.8,0.9,best
DE,ackley,1,515,2.1760371282653068e-14,15510,30,0.8,0.9,best
DE,ackley,1,516,1.4654943925052066e-14,15540,30,0.8,0.9,best
DE,ackley,1,517,1.1102230246251565e-14,15570,30,0.8,0.9,best
DE,ackley,1,518,7.549516567451064e-15,15600,30,0.8,0.9,best
DE,ackley,1,519,7.549516567451064e-15,15630,30,0.8,0.9,best
DE,ackley,1,520,7.549516567451064e-15,15660,30,0.8,0.9,best
DE,ackley,1,521,7.549516567451064e-15,15690,30,0.8,0.9,best
DE,ackley,1,522,7.549516567451064e-15,15720,30,0.8,0.9,best
DE,ackley,1,523,7.549516567451064e-15,15750,30,0.8,0.9,best
DE,ackley,1,524,7.549516567451064e-15,15780,30,0.8,0.9,best
DE,ackley,1,525,7.549516567451064e-15,15810,30,0.8,0.9,best
DE,ackley,1,526,7.549516567451064e-15,15840,30,0.8,0.9,best
DE,ackley,1,527,3.9968028886505635e-15,15870,30,0.8,0.9,best
DE,ackley,1,528,3.9968028886505635e-15,15900,30,0.8,0.9,best
DE,ackley,1,529,3.9968028886505635e-15,15930,30,0.8,0.9,best
DE,ackley,1,530,3.9968028886505635e-15,15960,30,0.8,0.9,best
DE,ackley,1,531,3.9968028886505635e-15,15990,30,0.8,0.9,best
DE,ackley,1,532,3.9968028886505635e-15,16020,30,0.8,0.9,best
DE,ackley,1,533,3.9968028886505635e-15,16050,30,0.8,0.9,best
DE,ackley,1,534,3.9968028886505635e-15,16080,30,0.8,0.9,best
DE,ackley,1,535,3.9968028886505635e-15,16110,30,0.8,0.9,best
DE,ackley,1,536,3.9968028886505635e-15,16140,30,0.8,0.9,best
DE,ackley,1,537,3.9968028886505635e-15,16170,30,0.8,0.9,best
DE,ackley,1,538,3.9968028886505635e-15,16200,30,0.8,0.9,best
DE,ackley,1,539,3.9968028886505635e-15,16230,30,0.8,0.9,best
DE,ackley,1,540,3.9968028886505635e-15,16260,30,0.8,0.9,best
DE,ackley,1,541,3.9968028886505635e-15,16290,30,0.8,0.9,best
DE,ackley,1,542,3.9968028886505635e-15,16320,30,0.8,0.9,best
DE,ackley,1,543,3.9968028886505635e-15,16350,30,0.8,0.9,best
DE,ackley,1,544,3.9968028886505635e-15,16380,30,0.8,0.9,best
DE,ackley,1,545,3.9968028886505635e-15,16410,30,0.8,0.9,best
DE,ackley,1,546,3.9968028886505635e-15,16440,30,0.8,0.9,best
DE,ackley,1,547,3.9968028886505635e-15,16470,30,0.8,0.9,best
DE,ackley,1,548,3.9968028886505635e-15,16500,30,0.8,0.9,best
DE,ackley,1,549,3.9968028886505635e-15,16530,30,0.8,0.9,best
DE,ackley,1,550,3.9968028886505635e-15,16560,30,0.8,0.9,best
DE,ackley,1,551,3.9968028886505635e-15,16590,30,0.8,0.9,best
DE,ackley,1,552,3.9968028886505635e-15,16620,30,0.8,0.9,best
DE,ackley,1,553,3.9968028886505635e-15,16650,30,0.8,0.9,best
DE,ackley,1,554,3.9968028886505635e-15,16680,30,0.8,0.9,best
DE,ackley,1,555,3.9968028886505635e-15,16710,30,0.8,0.9,best
DE,ackley,1,556,3.9968028886505635e-15,16740,30,0.8,0.9,best
DE,ackley,1,557,3.9968028886505635e-15,16770,30,0.8,0.9,best
DE,ackley,1,558,3.9968028886505635e-15,16800,30,0.8,0.9,best
DE,ackley,1,559,3.9968028886505635e-15,16830,30,0.8,0.9,best
DE,ackley,1,560,3.9968028886505635e-15,16860,30,0.8,0.9,best
DE,ackley,1,561,3.9968028886505635e-15,16890,30,0.8,0.9,best
DE,ackley,1,562,3.9968028886505635e-15,16920,30,0.8,0.9,best
DE,ackley,1,563,3.9968028886505635e-15,16950,30,0.8,0.9,best
DE,ackley,1,564,3.9968028886505635e-15,16980,30,0.8,0.9,best
DE,ackley,1,565,3.9968028886505635e-15,17010,30,0.8,0.9,best
DE,ackley,1,566,3.9968028886505635e-15,17040,30,0.8,0.9,best
DE,ackley,1,567,3.9968028886505635e-15,17070,30,0.8,0.9,best
DE,ackley,1,568,3.9968028886505635e-15,17100,30,0.8,0.9,best
DE,ackley,1,569,3.9968028886505635e-15,17130,30,0.8,0.9,best
DE,ackley,1,570,3.9968028886505635e-15,17160,30,0.8,0.9,best
DE,ackley,1,571,3.9968028886505635e-15,17190,30,0.8,0.9,best
DE,ackley,1,572,3.9968028886505635e-15,17220,30,0.8,0.9,best
DE,ackley,1,573,3.9968028886505635e-15,17250,30,0.8,0.9,best
DE,ackley,1,574,3.9968028886505635e-15,17280,30,0.8,0.9,best
DE,ackley,1,575,3.9968028886505635e-15,17310,30,0.8,0.9,best
DE,ackley,1,576,3.9968028886505635e-15,17340,30,0.8,0.9,best
DE,ackley,1,577,3.9968028886505635e-15,17370,30,0.8,0.9,best
DE,ackley,1,578,3.9968028886505635e-15,17400,30,0.8,0.9,best
DE,ackley,1,579,3.9968028886505635e-15,17430,30,0.8,0.9,best
DE,ackley,1,580,3.9968028886505635e-15,17460,30,0.8,0.9,best
DE,ackley,1,581,3.9968028886505635e-15,17490,30,0.8,0.9,best
DE,ackley,1,582,3.9968028886505635e-15,17520,30,0.8,0.9,best
DE,ackley,1,583,3.9968028886505635e-15,17550,30,0.8,0.9,best
DE,ackley,1,584,3.9968028886505635e-15,17580,30,0.8,0.9,best
DE,ackley,1,585,3.9968028886505635e-15,17610,30,0.8,0.9,best
DE,ackley,1,586,3.9968028886505635e-15,17640,30,0.8,0.9,best
DE,ackley,1,587,3.9968028886505635e-15,17670,30,0.8,0.9,best
DE,ackley,1,588,3.9968028886505635e-15,17700,30,0.8,0.9,best
DE,ackley,1,589,3.9968028886505635e-15,17730,30,0.8,0.9,best
DE,ackley,1,590,3.9968028886505635e-15,17760,30,0.8,0.9,best
DE,ackley,1,591,3.9968028886505635e-15,17790,30,0.8,0.9,best
DE,ackley,1,592,3.9968028886505635e-15,17820,30,0.8,0.9,best
DE,ackley,1,593,3.9968028886505635e-15,17850,30,0.8,0.9,best
DE,ackley,1,594,3.9968028886505635e-15,17880,30,0.8,0.9,best
DE,ackley,1,595,3.9968028886505635e-15,17910,30,0.8,0.9,best
DE,ackley,1,596,3.9968028886505635e-15,17940,30,0.8,0.9,best
DE,ackley,1,597,3.9968028886505635e-15,17970,30,0.8,0.9,best
DE,ackley,1,598,3.9968028886505635e-15,18000,30,0.8,0.9,best
DE,ackley,1,599,3.9968028886505635e-15,18030,30,0.8,0.9,best
DE,ackley,1,600,3.9968028886505635e-15,18060,30,0.8,0.9,best
DE,ackley,1,601,3.9968028886505635e-15,18090,30,0.8,0.9,best
DE,ackley,1,602,3.9968028886505635e-15,18120,30,0.8,0.9,best
DE,ackley,1,603,3.9968028886505635e-15,18150,30,0.8,0.9,best
DE,ackley,1,604,3.9968028886505635e-15,18180,30,0.8,0.9,best
DE,ackley,1,605,3.9968028886505635e-15,18210,30,0.8,0.9,best
DE,ackley,1,606,3.9968028886505635e-15,18240,30,0.8,0.9,best
DE,ackley,1,607,3.9968028886505635e-15,18270,30,0.8,0.9,best
DE,ackley,1,608,3.9968028886505635e-15,18300,30,0.8,0.9,best
DE,ackley,1,609,3.9968028886505635e-15,18330,30,0.8,0.9,best
DE,ackley,1,610,3.9968028886505635e-15,18360,30,0.8,0.9,best
DE,ackley,1,611,3.9968028886505635e-15,18390,30,0.8,0.9,best
DE,ackley,1,612,3.9968028886505635e-15,18420,30,0.8,0.9,best
DE,ackley,1,613,3.9968028886505635e-15,18450,30,0.8,0.9,best
DE,ackley,1,614,3.9968028886505635e-15,18480,30,0.8,0.9,best
DE,ackley,1,615,3.9968028886505635e-15,18510,30,0.8,0.9,best
DE,ackley,1,616,3.9968028886505635e-15,18540,30,0.8,0.9,best
DE,ackley,1,617,3.9968028886505635e-15,18570,30,0.8,0.9,best
DE,ackley,1,618,3.9968028886505635e-15,18600,30,0.8,0.9,best
DE,ackley,1,619,3.9968028886505635e-15,18630,30,0.8,0.9,best
DE,ackley,1,620,3.9968028886505635e-15,18660,30,0.8,0.9,best
DE,ackley,1,621,3.9968028886505635e-15,18690,30,0.8,0.9,best
DE,ackley,1,622,3.9968028886505635e-15,18720,30,0.8,0.9,best
DE,ackley,1,623,3.9968028886505635e-15,18750,30,0.8,0.9,best
DE,ackley,1,624,3.9968028886505635e-15,18780,30,0.8,0.9,best
DE,ackley,1,625,3.9968028886505635e-15,18810,30,0.8,0.9,best
DE,ackley,1,626,3.9968028886505635e-15,18840,30,0.8,0.9,best
DE,ackley,1,627,3.9968028886505635e-15,18870,30,0.8,0.9,best
DE,ackley,1,628,3.9968028886505635e-15,18900,30,0.8,0.9,best
DE,ackley,1,629,3.9968028886505635e-15,18930,30,0.8,0.9,best
DE,ackley,1,630,3.9968028886505635e-15,18960,30,0.8,0.9,best
DE,ackley,1,631,3.9968028886505635e-15,18990,30,0.8,0.9,best
DE,ackley,1,632,3.9968028886505635e-15,19020,30,0.8,0.9,best
DE,ackley,1,633,3.9968028886505635e-15,19050,30,0.8,0.9,best
DE,ackley,1,634,3.9968028886505635e-15,19080,30,0.8,0.9,best
DE,ackley,1,635,3.9968028886505635e-15,19110,30,0.8,0.9,best
DE,ackley,1,636,3.9968028886505635e-15,19140,30,0.8,0.9,best
DE,ackley,1,637,3.9968028886505635e-15,19170,30,0.8,0.9,best
DE,ackley,1,638,3.9968028886505635e-15,19200,30,0.8,0.9,best
DE,ackley,1,639,3.9968028886505635e-15,19230,30,0.8,0.9,best
DE,ackley,1,640,3.9968028886505635e-15,19260,30,0.8,0.9,best
DE,ackley,1,641,3.9968028886505635e-15,19290,30,0.8,0.9,best
DE,ackley,1,642,3.9968028886505635e-15,19320,30,0.8,0.9,best
DE,ackley,1,643,3.9968028886505635e-15,19350,30,0.8,0.9,best
DE,ackley,1,644,3.9968028886505635e-15,19380,30,0.8,0.9,best
DE,ackley,1,645,3.9968028886505635e-15,19410,30,0.8,0.9,best
DE,ackley,1,646,3.9968028886505635e-15,19440,30,0.8,0.9,best
DE,ackley,1,647,3.9968028886505635e-15,19470,30,0.8,0.9,best
DE,ackley,1,648,3.9968028886505635e-15,19500,30,0.8,0.9,best
DE,ackley,1,649,3.9968028886505635e-15,19530,30,0.8,0.9,best
DE,ackley,1,650,3.9968028886505635e-15,19560,30,0.8,0.9,best
DE,ackley,1,651,3.9968028886505635e-15,19590,30,0.8,0.9,best
DE,ackley,1,652,3.9968028886505635e-15,19620,30,0.8,0.9,best
DE,ackley,1,653,3.9968028886505635e-15,19650,30,0.8,0.9,best
DE,ackley,1,654,3.9968028886505635e-15,19680,30,0.8,0.9,best
DE,ackley,1,655,3.9968028886505635e-15,19710,30,0.8,0.9,best
DE,ackley,1,656,3.9968028886505635e-15,19740,30,0.8,0.9,best
DE,ackley,1,657,3.9968028886505635e-15,19770,30,0.8,0.9,best
DE,ackley,1,658,3.9968028886505635e-15,19800,30,0.8,0.9,best
DE,ackley,1,659,3.9968028886505635e-15,19830,30,0.8,0.9,best
DE,ackley,1,660,3.9968028886505635e-15,19860,30,0.8,0.9,best
DE,ackley,1,661,3.9968028886505635e-15,19890,30,0.8,0.9,best
DE,ackley,1,662,3.9968028886505635e-15,19920,30,0.8,0.9,best
DE,ackley,1,663,3.9968028886505635e-15,19950,30,0.8,0.9,best
DE,ackley,1,664,3.9968028886505635e-15,19980,30,0.8,0.9,best
DE,ackley,1,665,3.9968028886505635e-15,20010,30,0.8,0.9,best
DE,ackley,1,666,3.9968028886505635e-15,20040,30,0.8,0.9,best
DE,ackley,1,667,3.9968028886505635e-15,20070,30,0.8,0.9,best
DE,ackley,1,668,3.9968028886505635e-15,20100,30,0.8,0.9,best
DE,ackley,1,669,3.9968028886505635e-15,20130,30,0.8,0.9,best
DE,ackley,1,670,3.9968028886505635e-15,20160,30,0.8,0.9,best
DE,ackley,1,671,3.9968028886505635e-15,20190,30,0.8,0.9,best
DE,ackley,1,672,3.9968028886505635e-15,20220,30,0.8,0.9,best
DE,ackley,1,673,3.9968028886505635e-15,20250,30,0.8,0.9,best
DE,ackley,1,674,3.9968028886505635e-15,20280,30,0.8,0.9,best
DE,ackley,1,675,3.9968028886505635e-15,20310,30,0.8,0.9,best
DE,ackley,1,676,3.9968028886505635e-15,20340,30,0.8,0.9,best
DE,ackley,1,677,3.9968028886505635e-15,20370,30,0.8,0.9,best
DE,ackley,1,678,3.9968028886505635e-15,20400,30,0.8,0.9,best
DE,ackley,1,679,3.9968028886505635e-15,20430,30,0.8,0.9,best
DE,ackley,1,680,3.9968028886505635e-15,20460,30,0.8,0.9,best
DE,ackley,1,681,3.9968028886505635e-15,20490,30,0.8,0.9,best
DE,ackley,1,682,3.9968028886505635e-15,20520,30,0.8,0.9,best
DE,ackley,1,683,3.9968028886505635e-15,20550,30,0.8,0.9,best
DE,ackley,1,684,3.9968028886505635e-15,20580,30,0.8,0.9,best
DE,ackley,1,685,3.9968028886505635e-15,20610,30,0.8,0.9,best
DE,ackley,1,686,3.9968028886505635e-15,20640,30,0.8,0.9,best
DE,ackley,1,687,3.9968028886505635e-15,20670,30,0.8,0.9,best
DE,ackley,1,688,3.9968028886505635e-15,20700,30,0.8,0.9,best
DE,ackley,1,689,3.9968028886505635e-15,20730,30,0.8,0.9,best
DE,ackley,1,690,3.9968028886505635e-15,20760,30,0.8,0.9,best
DE,ackley,1,691,3.9968028886505635e-15,20790,30,0.8,0.9,best
DE,ackley,1,692,3.9968028886505635e-15,20820,30,0.8,0.9,best
DE,ackley,1,693,3.9968028886505635e-15,20850,30,0.8,0.9,best
DE,ackley,1,694,3.9968028886505635e-15,20880,30,0.8,0.9,best
DE,ackley,1,695,3.9968028886505635e-15,20910,30,0.8,0.9,best
DE,ackley,1,696,3.9968028886505635e-15,20940,30,0.8,0.9,best
DE,ackley,1,697,3.9968028886505635e-15,20970,30,0.8,0.9,best
DE,ackley,1,698,3.9968028886505635e-15,21000,30,0.8,0.9,best
DE,ackley,1,699,3.9968028886505635e-15,21030,30,0.8,0.9,best
DE,ackley,1,700,3.9968028886505635e-15,21060,30,0.8,0.9,best
DE,ackley,1,701,3.9968028886505635e-15,21090,30,0.8,0.9,best
DE,ackley,1,702,3.9968028886505635e-15,21120,30,0.8,0.9,best
DE,ackley,1,703,3.9968028886505635e-15,21150,30,0.8,0.9,best
DE,ackley,1,704,3.9968028886505635e-15,21180,30,0.8,0.9,best
DE,ackley,1,705,3.9968028886505635e-15,21210,30,0.8,0.9,best
DE,ackley,1,706,3.9968028886505635e-15,21240,30,0.8,0.9,best
DE,ackley,1,707,3.9968028886505635e-15,21270,30,0.8,0.9,best
DE,ackley,1,708,3.9968028886505635e-15,21300,30,0.8,0.9,best
DE,ackley,1,709,3.9968028886505635e-15,21330,30,0.8,0.9,best
DE,ackley,1,710,3.9968028886505635e-15,21360,30,0.8,0.9,best
DE,ackley,1,711,3.9968028886505635e-15,21390,30,0.8,0.9,best
DE,ackley,1,712,3.9968028886505635e-15,21420,30,0.8,0.9,best
DE,ackley,1,713,3.9968028886505635e-15,21450,30,0.8,0.9,best
DE,ackley,1,714,3.9968028886505635e-15,21480,30,0.8,0.9,best
DE,ackley,1,715,3.9968028886505635e-15,21510,30,0.8,0.9,best
DE,ackley,1,716,3.9968028886505635e-15,21540,30,0.8,0.9,best
DE,ackley,1,717,3.9968028886505635e-15,21570,30,0.8,0.9,best
DE,ackley,1,718,3.9968028886505635e-15,21600,30,0.8,0.9,best
DE,ackley,1,719,3.9968028886505635e-15,21630,30,0.8,0.9,best
DE,ackley,1,720,3.9968028886505635e-15,21660,30,0.8,0.9,best
DE,ackley,1,721,3.9968028886505635e-15,21690,30,0.8,0.9,best
DE,ackley,1,722,3.9968028886505635e-15,21720,30,0.8,0.9,best
DE,ackley,1,723,3.9968028886505635e-15,21750,30,0.8,0.9,best
DE,ackley,1,724,3.9968028886505635e-15,21780,30,0.8,0.9,best
DE,ackley,1,725,3.9968028886505635e-15,21810,30,0.8,0.9,best
DE,ackley,1,726,3.9968028886505635e-15,21840,30,0.8,0.9,best
DE,ackley,1,727,3.9968028886505635e-15,21870,30,0.8,0.9,best
DE,ackley,1,728,3.9968028886505635e-15,21900,30,0.8,0.9,best
DE,ackley,1,729,3.9968028886505635e-15,21930,30,0.8,0.9,best
DE,ackley,1,730,3.9968028886505635e-15,21960,30,0.8,0.9,best
DE,ackley,1,731,3.9968028886505635e-15,21990,30,0.8,0.9,best
DE,ackley,1,732,3.9968028886505635e-15,22020,30,0.8,0.9,best
DE,ackley,1,733,3.9968028886505635e-15,22050,30,0.8,0.9,best
DE,ackley,1,734,3.9968028886505635e-15,22080,30,0.8,0.9,best
DE,ackley,1,735,3.9968028886505635e-15,22110,30,0.8,0.9,best
DE,ackley,1,736,3.9968028886505635e-15,22140,30,0.8,0.9,best
DE,ackley,1,737,3.9968028886505635e-15,22170,30,0.8,0.9,best
DE,ackley,1,738,3.9968028886505635e-15,22200,30,0.8,0.9,best
DE,ackley,1,739,3.9968028886505635e-15,22230,30,0.8,0.9,best
DE,ackley,1,740,3.9968028886505635e-15,22260,30,0.8,0.9,best
DE,ackley,1,741,3.9968028886505635e-15,22290,30,0.8,0.9,best
DE,ackley,1,742,3.9968028886505635e-15,22320,30,0.8,0.9,best
DE,ackley,1,743,3.9968028886505635e-15,22350,30,0.8,0.9,best
DE,ackley,1,744,3.9968028886505635e-15,22380,30,0.8,0.9,best
DE,ackley,1,745,3.9968028886505635e-15,22410,30,0.8,0.9,best
DE,ackley,1,746,3.9968028886505635e-15,22440,30,0.8,0.9,best
DE,ackley,1,747,3.9968028886505635e-15,22470,30,0.8,0.9,best
DE,ackley,1,748,3.9968028886505635e-15,22500,30,0.8,0.9,best
DE,ackley,1,749,3.9968028886505635e-15,22530,30,0.8,0.9,best
DE,ackley,1,750,3.9968028886505635e-15,22560,30,0.8,0.9,best
DE,ackley,1,751,3.9968028886505635e-15,22590,30,0.8,0.9,best
DE,ackley,1,752,3.9968028886505635e-15,22620,30,0.8,0.9,best
DE,ackley,1,753,3.9968028886505635e-15,22650,30,0.8,0.9,best
DE,ackley,1,754,3.9968028886505635e-15,22680,30,0.8,0.9,best
DE,ackley,1,755,3.9968028886505635e-15,22710,30,0.8,0.9,best
DE,ackley,1,756,3.9968028886505635e-15,22740,30,0.8,0.9,best
DE,ackley,1,757,3.9968028886505635e-15,22770,30,0.8,0.9,best
DE,ackley,1,758,3.9968028886505635e-15,22800,30,0.8,0.9,best
DE,ackley,1,759,3.9968028886505635e-15,22830,30,0.8,0.9,best
DE,ackley,1,760,3.9968028886505635e-15,22860,30,0.8,0.9,best
DE,ackley,1,761,3.9968028886505635e-15,22890,30,0.8,0.9,best
DE,ackley,1,762,3.9968028886505635e-15,22920,30,0.8,0.9,best
DE,ackley,1,763,3.9968028886505635e-15,22950,30,0.8,0.9,best
DE,ackley,1,764,3.9968028886505635e-15,22980,30,0.8,0.9,best
DE,ackley,1,765,3.9968028886505635e-15,23010,30,0.8,0.9,best
DE,ackley,1,766,3.9968028886505635e-15,23040,30,0.8,0.9,best
DE,ackley,1,767,3.9968028886505635e-15,23070,30,0.8,0.9,best
DE,ackley,1,768,3.9968028886505635e-15,23100,30,0.8,0.9,best
DE,ackley,1,769,3.9968028886505635e-15,23130,30,0.8,0.9,best
DE,ackley,1,770,3.9968028886505635e-15,23160,30,0.8,0.9,best
DE,ackley,1,771,3.9968028886505635e-15,23190,30,0.8,0.9,best
DE,ackley,1,772,3.9968028886505635e-15,23220,30,0.8,0.9,best
DE,ackley,1,773,3.9968028886505635e-15,23250,30,0.8,0.9,best
DE,ackley,1,774,3.9968028886505635e-15,23280,30,0.8,0.9,best
DE,ackley,1,775,3.9968028886505635e-15,23310,30,0.8,0.9,best
DE,ackley,1,776,3.9968028886505635e-15,23340,30,0.8,0.9,best
DE,ackley,1,777,3.9968028886505635e-15,23370,30,0.8,0.9,best
DE,ackley,1,778,3.9968028886505635e-15,23400,30,0.8,0.9,best
DE,ackley,1,779,3.9968028886505635e-15,23430,30,0.8,0.9,best
DE,ackley,1,780,3.9968028886505635e-15,23460,30,0.8,0.9,best
DE,ackley,1,781,3.9968028886505635e-15,23490,30,0.8,0.9,best
DE,ackley,1,782,3.9968028886505635e-15,23520,30,0.8,0.9,best
DE,ackley,1,783,3.9968028886505635e-15,23550,30,0.8,0.9,best
DE,ackley,1,784,3.9968028886505635e-15,23580,30,0.8,0.9,best
DE,ackley,1,785,3.9968028886505635e-15,23610,30,0.8,0.9,best
DE,ackley,1,786,3.9968028886505635e-15,23640,30,0.8,0.9,best
DE,ackley,1,787,3.9968028886505635e-15,23670,30,0.8,0.9,best
DE,ackley,1,788,3.9968028886505635e-15,23700,30,0.8,0.9,best
DE,ackley,1,789,3.9968028886505635e-15,23730,30,0.8,0.9,best
DE,ackley,1,790,3.9968028886505635e-15,23760,30,0.8,0.9,best
DE,ackley,1,791,3.9968028886505635e-15,23790,30,0.8,0.9,best
DE,ackley,1,792,3.9968028886505635e-15,23820,30,0.8,0.9,best
DE,ackley,1,793,3.9968028886505635e-15,23850,30,0.8,0.9,best
DE,ackley,1,794,3.9968028886505635e-15,23880,30,0.8,0.9,best
DE,ackley,1,795,3.9968028886505635e-15,23910,30,0.8,0.9,best
DE,ackley,1,796,3.9968028886505635e-15,23940,30,0.8,0.9,best
DE,ackley,1,797,3.9968028886505635e-15,23970,30,0.8,0.9,best
DE,ackley,1,798,3.9968028886505635e-15,24000,30,0.8,0.9,best
DE,ackley,1,799,3.9968028886505635e-15,24030,30,0.8,0.9,best
DE,ackley,1,800,3.9968028886505635e-15,24060,30,0.8,0.9,best
DE,ackley,1,801,3.9968028886505635e-15,24090,30,0.8,0.9,best
DE,ackley,1,802,3.9968028886505635e-15,24120,30,0.8,0.9,best
DE,ackley,1,803,3.9968028886505635e-15,24150,30,0.8,0.9,best
DE,ackley,1,804,3.9968028886505635e-15,24180,30,0.8,0.9,best
DE,ackley,1,805,3.9968028886505635e-15,24210,30,0.8,0.9,best
DE,ackley,1,806,3.9968028886505635e-15,24240,30,0.8,0.9,best
DE,ackley,1,807,3.9968028886505635e-15,24270,30,0.8,0.9,best
DE,ackley,1,808,3.9968028886505635e-15,24300,30,0.8,0.9,best
DE,ackley,1,809,3.9968028886505635e-15,24330,30,0.8,0.9,best
DE,ackley,1,810,3.9968028886505635e-15,24360,30,0.8,0.9,best
DE,ackley,1,811,3.9968028886505635e-15,24390,30,0.8,0.9,best
DE,ackley,1,812,3.9968028886505635e-15,24420,30,0.8,0.9,best
DE,ackley,1,813,3.9968028886505635e-15,24450,30,0.8,0.9,best
DE,ackley,1,814,3.9968028886505635e-15,24480,30,0.8,0.9,best
DE,ackley,1,815,3.9968028886505635e-15,24510,30,0.8,0.9,best
DE,ackley,1,816,3.9968028886505635e-15,24540,30,0.8,0.9,best
DE,ackley,1,817,3.9968028886505635e-15,24570,30,0.8,0.9,best
DE,ackley,1,818,3.9968028886505635e-15,24600,30,0.8,0.9,best
DE,ackley,1,819,3.9968028886505635e-15,24630,30,0.8,0.9,best
DE,ackley,1,820,3.9968028886505635e-15,24660,30,0.8,0.9,best
DE,ackley,1,821,3.9968028886505635e-15,24690,30,0.8,0.9,best
DE,ackley,1,822,3.9968028886505635e-15,24720,30,0.8,0.9,best
DE,ackley,1,823,3.9968028886505635e-15,24750,30,0.8,0.9,best
DE,ackley,1,824,3.9968028886505635e-15,24780,30,0.8,0.9,best
DE,ackley,1,825,3.9968028886505635e-15,24810,30,0.8,0.9,best
DE,ackley,1,826,3.9968028886505635e-15,24840,30,0.8,0.9,best
DE,ackley,1,827,3.9968028886505635e-15,24870,30,0.8,0.9,best
DE,ackley,1,828,3.9968028886505635e-15,24900,30,0.8,0.9,best
DE,ackley,1,829,3.9968028886505635e-15,24930,30,0.8,0.9,best
DE,ackley,1,830,3.9968028886505635e-15,24960,30,0.8,0.9,best
DE,ackley,1,831,3.9968028886505635e-15,24990,30,0.8,0.9,best
DE,ackley,1,832,3.9968028886505635e-15,25020,30,0.8,0.9,best
DE,ackley,1,833,3.9968028886505635e-15,25050,30,0.8,0.9,best
DE,ackley,1,834,3.9968028886505635e-15,25080,30,0.8,0.9,best
DE,ackley,1,835,3.9968028886505635e-15,25110,30,0.8,0.9,best
DE,ackley,1,836,3.9968028886505635e-15,25140,30,0.8,0.9,best
DE,ackley,1,837,3.9968028886505635e-15,25170,30,0.8,0.9,best
DE,ackley,1,838,3.9968028886505635e-15,25200,30,0.8,0.9,best
DE,ackley,1,839,3.9968028886505635e-15,25230,30,0.8,0.9,best
DE,ackley,1,840,3.9968028886505635e-15,25260,30,0.8,0.9,best
DE,ackley,1,841,3.9968028886505635e-15,25290,30,0.8,0.9,best
DE,ackley,1,842,3.9968028886505635e-15,25320,30,0.8,0.9,best
DE,ackley,1,843,3.9968028886505635e-15,25350,30,0.8,0.9,best
DE,ackley,1,844,3.9968028886505635e-15,25380,30,0.8,0.9,best
DE,ackley,1,845,3.9968028886505635e-15,25410,30,0.8,0.9,best
DE,ackley,1,846,3.9968028886505635e-15,25440,30,0.8,0.9,best
DE,ackley,1,847,3.9968028886505635e-15,25470,30,0.8,0.9,best
DE,ackley,1,848,3.9968028886505635e-15,25500,30,0.8,0.9,best
DE,ackley,1,849,3.9968028886505635e-15,25530,30,0.8,0.9,best
DE,ackley,1,850,3.9968028886505635e-15,25560,30,0.8,0.9,best
DE,ackley,1,851,3.9968028886505635e-15,25590,30,0.8,0.9,best
DE,ackley,1,852,3.9968028886505635e-15,25620,30,0.8,0.9,best
DE,ackley,1,853,3.9968028886505635e-15,25650,30,0.8,0.9,best
DE,ackley,1,854,3.9968028886505635e-15,25680,30,0.8,0.9,best
DE,ackley,1,855,3.9968028886505635e-15,25710,30,0.8,0.9,best
DE,ackley,1,856,3.9968028886505635e-15,25740,30,0.8,0.9,best
DE,ackley,1,857,3.9968028886505635e-15,25770,30,0.8,0.9,best
DE,ackley,1,858,3.9968028886505635e-15,25800,30,0.8,0.9,best
DE,ackley,1,859,3.9968028886505635e-15,25830,30,0.8,0.9,best
DE,ackley,1,860,3.9968028886505635e-15,25860,30,0.8,0.9,best
DE,ackley,1,861,3.9968028886505635e-15,25890,30,0.8,0.9,best
DE,ackley,1,862,3.9968028886505635e-15,25920,30,0.8,0.9,best
DE,ackley,1,863,3.9968028886505635e-15,25950,30,0.8,0.9,best
DE,ackley,1,864,3.9968028886505635e-15,25980,30,0.8,0.9,best
DE,ackley,1,865,3.9968028886505635e-15,26010,30,0.8,0.9,best
DE,ackley,1,866,3.9968028886505635e-15,26040,30,0.8,0.9,best
DE,ackley,1,867,3.9968028886505635e-15,26070,30,0.8,0.9,best
DE,ackley,1,868,3.9968028886505635e-15,26100,30,0.8,0.9,best
DE,ackley,1,869,3.9968028886505635e-15,26130,30,0.8,0.9,best
DE,ackley,1,870,3.9968028886505635e-15,26160,30,0.8,0.9,best
DE,ackley,1,871,3.9968028886505635e-15,26190,30,0.8,0.9,best
DE,ackley,1,872,3.9968028886505635e-15,26220,30,0.8,0.9,best
DE,ackley,1,873,3.9968028886505635e-15,26250,30,0.8,0.9,best
DE,ackley,1,874,3.9968028886505635e-15,26280,30,0.8,0.9,best
DE,ackley,1,875,3.9968028886505635e-15,26310,30,0.8,0.9,best
DE,ackley,1,876,3.9968028886505635e-15,26340,30,0.8,0.9,best
DE,ackley,1,877,3.9968028886505635e-15,26370,30,0.8,0.9,best
DE,ackley,1,878,3.9968028886505635e-15,26400,30,0.8,0.9,best
DE,ackley,1,879,3.9968028886505635e-15,26430,30,0.8,0.9,best
DE,ackley,1,880,3.9968028886505635e-15,26460,30,0.8,0.9,best
DE,ackley,1,881,3.9968028886505635e-15,26490,30,0.8,0.9,best
DE,ackley,1,882,3.9968028886505635e-15,26520,30,0.8,0.9,best
DE,ackley,1,883,3.9968028886505635e-15,26550,30,0.8,0.9,best
DE,ackley,1,884,3.9968028886505635e-15,26580,30,0.8,0.9,best
DE,ackley,1,885,3.9968028886505635e-15,26610,30,0.8,0.9,best
DE,ackley,1,886,3.9968028886505635e-15,26640,30,0.8,0.9,best
DE,ackley,1,887,3.9968028886505635e-15,26670,30,0.8,0.9,best
DE,ackley,1,888,3.9968028886505635e-15,26700,30,0.8,0.9,best
DE,ackley,1,889,3.9968028886505635e-15,26730,30,0.8,0.9,best
DE,ackley,1,890,3.9968028886505635e-15,26760,30,0.8,0.9,best
DE,ackley,1,891,3.9968028886505635e-15,26790,30,0.8,0.9,best
DE,ackley,1,892,3.9968028886505635e-15,26820,30,0.8,0.9,best
DE,ackley,1,893,3.9968028886505635e-15,26850,30,0.8,0.9,best
DE,ackley,1,894,3.9968028886505635e-15,26880,30,0.8,0.9,best
DE,ackley,1,895,3.9968028886505635e-15,26910,30,0.8,0.9,best
DE,ackley,1,896,3.9968028886505635e-15,26940,30,0.8,0.9,best
DE,ackley,1,897,3.9968028886505635e-15,26970,30,0.8,0.9,best
DE,ackley,1,898,3.9968028886505635e-15,27000,30,0.8,0.9,best
DE,ackley,1,899,3.9968028886505635e-15,27030,30,0.8,0.9,best
DE,ackley,1,900,3.9968028886505635e-15,27060,30,0.8,0.9,best
DE,ackley,1,901,3.9968028886505635e-15,27090,30,0.8,0.9,best
DE,ackley,1,902,3.9968028886505635e-15,27120,30,0.8,0.9,best
DE,ackley,1,903,3.9968028886505635e-15,27150,30,0.8,0.9,best
DE,ackley,1,904,3.9968028886505635e-15,27180,30,0.8,0.9,best
DE,ackley,1,905,3.9968028886505635e-15,27210,30,0.8,0.9,best
DE,ackley,1,906,3.9968028886505635e-15,27240,30,0.8,0.9,best
DE,ackley,1,907,3.9968028886505635e-15,27270,30,0.8,0.9,best
DE,ackley,1,908,3.9968028886505635e-15,27300,30,0.8,0.9,best
DE,ackley,1,909,3.9968028886505635e-15,27330,30,0.8,0.9,best
DE,ackley,1,910,3.9968028886505635e-15,27360,30,0.8,0.9,best
DE,ackley,1,911,3.9968028886505635e-15,27390,30,0.8,0.9,best
DE,ackley,1,912,3.9968028886505635e-15,27420,30,0.8,0.9,best
DE,ackley,1,913,3.9968028886505635e-15,27450,30,0.8,0.9,best
DE,ackley,1,914,3.9968028886505635e-15,27480,30,0.8,0.9,best
DE,ackley,1,915,3.9968028886505635e-15,27510,30,0.8,0.9,best
DE,ackley,1,916,3.9968028886505635e-15,27540,30,0.8,0.9,best
DE,ackley,1,917,3.9968028886505635e-15,27570,30,0.8,0.9,best
DE,ackley,1,918,3.9968028886505635e-15,27600,30,0.8,0.9,best
DE,ackley,1,919,3.9968028886505635e-15,27630,30,0.8,0.9,best
DE,ackley,1,920,3.9968028886505635e-15,27660,30,0.8,0.9,best
DE,ackley,1,921,3.9968028886505635e-15,27690,30,0.8,0.9,best
DE,ackley,1,922,3.9968028886505635e-15,27720,30,0.8,0.9,best
DE,ackley,1,923,3.9968028886505635e-15,27750,30,0.8,0.9,best
DE,ackley,1,924,3.9968028886505635e-15,27780,30,0.8,0.9,best
DE,ackley,1,925,3.9968028886505635e-15,27810,30,0.8,0.9,best
DE,ackley,1,926,3.9968028886505635e-15,27840,30,0.8,0.9,best
DE,ackley,1,927,3.9968028886505635e-15,27870,30,0.8,0.9,best
DE,ackley,1,928,3.9968028886505635e-15,27900,30,0.8,0.9,best
DE,ackley,1,929,3.9968028886505635e-15,27930,30,0.8,0.9,best
DE,ackley,1,930,3.9968028886505635e-15,27960,30,0.8,0.9,best
DE,ackley,1,931,3.9968028886505635e-15,27990,30,0.8,0.9,best
DE,ackley,1,932,3.9968028886505635e-15,28020,30,0.8,0.9,best
DE,ackley,1,933,3.9968028886505635e-15,28050,30,0.8,0.9,best
DE,ackley,1,934,3.9968028886505635e-15,28080,30,0.8,0.9,best
DE,ackley,1,935,3.9968028886505635e-15,28110,30,0.8,0.9,best
DE,ackley,1,936,3.9968028886505635e-15,28140,30,0.8,0.9,best
DE,ackley,1,937,3.9968028886505635e-15,28170,30,0.8,0.9,best
DE,ackley,1,938,3.9968028886505635e-15,28200,30,0.8,0.9,best
DE,ackley,1,939,3.9968028886505635e-15,28230,30,0.8,0.9,best
DE,ackley,1,940,3.9968028886505635e-15,28260,30,0.8,0.9,best
DE,ackley,1,941,3.9968028886505635e-15,28290,30,0.8,0.9,best
DE,ackley,1,942,3.9968028886505635e-15,28320,30,0.8,0.9,best
DE,ackley,1,943,3.9968028886505635e-15,28350,30,0.8,0.9,best
DE,ackley,1,944,3.9968028886505635e-15,28380,30,0.8,0.9,best
DE,ackley,1,945,3.9968028886505635e-15,28410,30,0.8,0.9,best
DE,ackley,1,946,3.9968028886505635e-15,28440,30,0.8,0.9,best
DE,ackley,1,947,3.9968028886505635e-15,28470,30,0.8,0.9,best
DE,ackley,1,948,3.9968028886505635e-15,28500,30,0.8,0.9,best
DE,ackley,1,949,3.9968028886505635e-15,28530,30,0.8,0.9,best
DE,ackley,1,950,3.9968028886505635e-15,28560,30,0.8,0.9,best
DE,ackley,1,951,3.9968028886505635e-15,28590,30,0.8,0.9,best
DE,ackley,1,952,3.9968028886505635e-15,28620,30,0.8,0.9,best
DE,ackley,1,953,3.9968028886505635e-15,28650,30,0.8,0.9,best
DE,ackley,1,954,3.9968028886505635e-15,28680,30,0.8,0.9,best
DE,ackley,1,955,3.9968028886505635e-15,28710,30,0.8,0.9,best
DE,ackley,1,956,3.9968028886505635e-15,28740,30,0.8,0.9,best
DE,ackley,1,957,3.9968028886505635e-15,28770,30,0.8,0.9,best
DE,ackley,1,958,3.9968028886505635e-15,28800,30,0.8,0.9,best
DE,ackley,1,959,3.9968028886505635e-15,28830,30,0.8,0.9,best
DE,ackley,1,960,3.9968028886505635e-15,28860,30,0.8,0.9,best
DE,ackley,1,961,3.9968028886505635e-15,28890,30,0.8,0.9,best
DE,ackley,1,962,3.9968028886505635e-15,28920,30,0.8,0.9,best
DE,ackley,1,963,3.9968028886505635e-15,28950,30,0.8,0.9,best
DE,ackley,1,964,3.9968028886505635e-15,28980,30,0.8,0.9,best
DE,ackley,1,965,3.9968028886505635e-15,29010,30,0.8,0.9,best
DE,ackley,1,966,3.9968028886505635e-15,29040,30,0.8,0.9,best
DE,ackley,1,967,3.9968028886505635e-15,29070,30,0.8,0.9,best
DE,ackley,1,968,3.9968028886505635e-15,29100,30,0.8,0.9,best
DE,ackley,1,969,3.9968028886505635e-15,29130,30,0.8,0.9,best
DE,ackley,1,970,3.9968028886505635e-15,29160,30,0.8,0.9,best
DE,ackley,1,971,3.9968028886505635e-15,29190,30,0.8,0.9,best
DE,ackley,1,972,3.9968028886505635e-15,29220,30,0.8,0.9,best
DE,ackley,1,973,3.9968028886505635e-15,29250,30,0.8,0.9,best
DE,ackley,1,974,3.9968028886505635e-15,29280,30,0.8,0.9,best
DE,ackley,1,975,3.9968028886505635e-15,29310,30,0.8,0.9,best
DE,ackley,1,976,3.9968028886505635e-15,29340,30,0.8,0.9,best
DE,ackley,1,977,3.9968028886505635e-15,29370,30,0.8,0.9,best
DE,ackley,1,978,3.9968028886505635e-15,29400,30,0.8,0.9,best
DE,ackley,1,979,3.9968028886505635e-15,29430,30,0.8,0.9,best
DE,ackley,1,980,3.9968028886505635e-15,29460,30,0.8,0.9,best
DE,ackley,1,981,3.9968028886505635e-15,29490,30,0.8,0.9,best
DE,ackley,1,982,3.9968028886505635e-15,29520,30,0.8,0.9,best
DE,ackley,1,983,3.9968028886505635e-15,29550,30,0.8,0.9,best
DE,ackley,1,984,3.9968028886505635e-15,29580,30,0.8,0.9,best
DE,ackley,1,985,3.9968028886505635e-15,29610,30,0.8,0.9,best
DE,ackley,1,986,3.9968028886505635e-15,29640,30,0.8,0.9,best
DE,ackley,1,987,3.9968028886505635e-15,29670,30,0.8,0.9,best
DE,ackley,1,988,3.9968028886505635e-15,29700,30,0.8,0.9,best
DE,ackley,1,989,3.9968028886505635e-15,29730,30,0.8,0.9,best
DE,ackley,1,990,3.9968028886505635e-15,29760,30,0.8,0.9,best
DE,ackley,1,991,3.9968028886505635e-15,29790,30,0.8,0.9,best
DE,ackley,1,992,3.9968028886505635e-15,29820,30,0.8,0.9,best
DE,ackley,1,993,3.9968028886505635e-15,29850,30,0.8,0.9,best
DE,ackley,1,994,3.9968028886505635e-15,29880,30,0.8,0.9,best
DE,ackley,1,995,3.9968028886505635e-15,29910,30,0.8,0.9,best
DE,ackley,1,996,3.9968028886505635e-15,29940,30,0.8,0.9,best
DE,ackley,1,997,3.9968028886505635e-15,29970,30,0.8,0.9,best
DE,ackley,1,998,3.9968028886505635e-15,30000,30,0.8,0.9,best
DE,ackley,1,999,3.9968028886505635e-15,30030,30,0.8,0.9,best
DE,ackley,1,1000,3.9968028886505635e-15,30060,30,0.8,0.9,best
DE,ackley,1,1001,3.9968028886505635e-15,30090,30,0.8,0.9,best
DE,ackley,1,1002,3.9968028886505635e-15,30120,30,0.8,0.9,best
DE,ackley,1,1003,3.9968028886505635e-15,30150,30,0.8,0.9,best
DE,ackley,1,1004,3.9968028886505635e-15,30180,30,0.8,0.9,best
DE,ackley,1,1005,3.9968028886505635e-15,30210,30,0.8,0.9,best
DE,ackley,1,1006,3.9968028886505635e-15,30240,30,0.8,0.9,best
DE,ackley,1,1007,3.9968028886505635e-15,30270,30,0.8,0.9,best
DE,ackley,1,1008,3.9968028886505635e-15,30300,30,0.8,0.9,best
DE,ackley,1,1009,3.9968028886505635e-15,30330,30,0.8,0.9,best
DE,ackley,1,1010,3.9968028886505635e-15,30360,30,0.8,0.9,best
DE,ackley,1,1011,3.9968028886505635e-15,30390,30,0.8,0.9,best
DE,ackley,1,1012,3.9968028886505635e-15,30420,30,0.8,0.9,best
DE,ackley,1,1013,3.9968028886505635e-15,30450,30,0.8,0.9,best
DE,ackley,1,1014,3.9968028886505635e-15,30480,30,0.8,0.9,best
DE,ackley,1,1015,3.9968028886505635e-15,30510,30,0.8,0.9,best
DE,ackley,1,1016,3.9968028886505635e-15,30540,30,0.8,0.9,best
DE,ackley,1,1017,3.9968028886505635e-15,30570,30,0.8,0.9,best
DE,ackley,1,1018,3.9968028886505635e-15,30600,30,0.8,0.9,best
DE,ackley,1,1019,3.9968028886505635e-15,30630,30,0.8,0.9,best
DE,ackley,1,1020,3.9968028886505635e-15,30660,30,0.8,0.9,best
DE,ackley,1,1021,3.9968028886505635e-15,30690,30,0.8,0.9,best
DE,ackley,1,1022,3.9968028886505635e-15,30720,30,0.8,0.9,best
DE,ackley,1,1023,3.9968028886505635e-15,30750,30,0.8,0.9,best
DE,ackley,1,1024,3.9968028886505635e-15,30780,30,0.8,0.9,best
DE,ackley,1,1025,3.9968028886505635e-15,30810,30,0.8,0.9,best
DE,ackley,1,1026,3.9968028886505635e-15,30840,30,0.8,0.9,best
DE,ackley,1,1027,3.9968028886505635e-15,30870,30,0.8,0.9,best
DE,ackley,1,1028,3.9968028886505635e-15,30900,30,0.8,0.9,best
DE,ackley,1,1029,3.9968028886505635e-15,30930,30,0.8,0.9,best
DE,ackley,1,1030,3.9968028886505635e-15,30960,30,0.8,0.9,best
DE,ackley,1,1031,3.9968028886505635e-15,30990,30,0.8,0.9,best
DE,ackley,1,1032,3.9968028886505635e-15,31020,30,0.8,0.9,best
DE,ackley,1,1033,3.9968028886505635e-15,31050,30,0.8,0.9,best
DE,ackley,1,1034,3.9968028886505635e-15,31080,30,0.8,0.9,best
DE,ackley,1,1035,3.9968028886505635e-15,31110,30,0.8,0.9,best
DE,ackley,1,1036,3.9968028886505635e-15,31140,30,0.8,0.9,best
DE,ackley,1,1037,3.9968028886505635e-15,31170,30,0.8,0.9,best
DE,ackley,1,1038,3.9968028886505635e-15,31200,30,0.8,0.9,best
DE,ackley,1,1039,3.9968028886505635e-15,31230,30,0.8,0.9,best
DE,ackley,1,1040,3.9968028886505635e-15,31260,30,0.8,0.9,best
DE,ackley,1,1041,3.9968028886505635e-15,31290,30,0.8,0.9,best
DE,ackley,1,1042,3.9968028886505635e-15,31320,30,0.8,0.9,best
DE,ackley,1,1043,3.9968028886505635e-15,31350,30,0.8,0.9,best
DE,ackley,1,1044,3.9968028886505635e-15,31380,30,0.8,0.9,best
DE,ackley,1,1045,3.9968028886505635e-15,31410,30,0.8,0.9,best
DE,ackley,1,1046,3.9968028886505635e-15,31440,30,0.8,0.9,best
DE,ackley,1,1047,3.9968028886505635e-15,31470,30,0.8,0.9,best
DE,ackley,1,1048,3.9968028886505635e-15,31500,30,0.8,0.9,best
DE,ackley,1,1049,3.9968028886505635e-15,31530,30,0.8,0.9,best
DE,ackley,1,1050,3.9968028886505635e-15,31560,30,0.8,0.9,best
DE,ackley,1,1051,3.9968028886505635e-15,31590,30,0.8,0.9,best
DE,ackley,1,1052,3.9968028886505635e-15,31620,30,0.8,0.9,best
DE,ackley,1,1053,3.9968028886505635e-15,31650,30,0.8,0.9,best
DE,ackley,1,1054,3.9968028886505635e-15,31680,30,0.8,0.9,best
DE,ackley,1,1055,3.9968028886505635e-15,31710,30,0.8,0.9,best
DE,ackley,1,1056,3.9968028886505635e-15,31740,30,0.8,0.9,best
DE,ackley,1,1057,3.9968028886505635e-15,31770,30,0.8,0.9,best
DE,ackley,1,1058,3.9968028886505635e-15,31800,30,0.8,0.9,best
DE,ackley,1,1059,3.9968028886505635e-15,31830,30,0.8,0.9,best
DE,ackley,1,1060,3.9968028886505635e-15,31860,30,0.8,0.9,best
DE,ackley,1,1061,3.9968028886505635e-15,31890,30,0.8,0.9,best
DE,ackley,1,1062,3.9968028886505635e-15,31920,30,0.8,0.9,best
DE,ackley,1,1063,3.9968028886505635e-15,31950,30,0.8,0.9,best
DE,ackley,1,1064,3.9968028886505635e-15,31980,30,0.8,0.9,best
DE,ackley,1,1065,3.9968028886505635e-15,32010,30,0.8,0.9,best
DE,ackley,1,1066,3.9968028886505635e-15,32040,30,0.8,0.9,best
DE,ackley,1,1067,3.9968028886505635e-15,32070,30,0.8,0.9,best
DE,ackley,1,1068,3.9968028886505635e-15,32100,30,0.8,0.9,best
DE,ackley,1,1069,3.9968028886505635e-15,32130,30,0.8,0.9,best
DE,ackley,1,1070,3.9968028886505635e-15,32160,30,0.8,0.9,best
DE,ackley,1,1071,3.9968028886505635e-15,32190,30,0.8,0.9,best
DE,ackley,1,1072,3.9968028886505635e-15,32220,30,0.8,0.9,best
DE,ackley,1,1073,3.9968028886505635e-15,32250,30,0.8,0.9,best
DE,ackley,1,1074,3.9968028886505635e-15,32280,30,0.8,0.9,best
DE,ackley,1,1075,3.9968028886505635e-15,32310,30,0.8,0.9,best
DE,ackley,1,1076,3.9968028886505635e-15,32340,30,0.8,0.9,best
DE,ackley,1,1077,3.9968028886505635e-15,32370,30,0.8,0.9,best
DE,ackley,1,1078,3.9968028886505635e-15,32400,30,0.8,0.9,best
DE,ackley,1,1079,3.9968028886505635e-15,32430,30,0.8,0.9,best
DE,ackley,1,1080,3.9968028886505635e-15,32460,30,0.8,0.9,best
DE,ackley,1,1081,3.9968028886505635e-15,32490,30,0.8,0.9,best
DE,ackley,1,1082,3.9968028886505635e-15,32520,30,0.8,0.9,best
DE,ackley,1,1083,3.9968028886505635e-15,32550,30,0.8,0.9,best
DE,ackley,1,1084,3.9968028886505635e-15,32580,30,0.8,0.9,best
DE,ackley,1,1085,3.9968028886505635e-15,32610,30,0.8,0.9,best
DE,ackley,1,1086,3.9968028886505635e-15,32640,30,0.8,0.9,best
DE,ackley,1,1087,3.9968028886505635e-15,32670,30,0.8,0.9,best
DE,ackley,1,1088,3.9968028886505635e-15,32700,30,0.8,0.9,best
DE,ackley,1,1089,3.9968028886505635e-15,32730,30,0.8,0.9,best
DE,ackley,1,1090,3.9968028886505635e-15,32760,30,0.8,0.9,best
DE,ackley,1,1091,3.9968028886505635e-15,32790,30,0.8,0.9,best
DE,ackley,1,1092,3.9968028886505635e-15,32820,30,0.8,0.9,best
DE,ackley,1,1093,3.9968028886505635e-15,32850,30,0.8,0.9,best
DE,ackley,1,1094,3.9968028886505635e-15,32880,30,0.8,0.9,best
DE,ackley,1,1095,3.9968028886505635e-15,32910,30,0.8,0.9,best
DE,ackley,1,1096,3.9968028886505635e-15,32940,30,0.8,0.9,best
DE,ackley,1,1097,3.9968028886505635e-15,32970,30,0.8,0.9,best
DE,ackley,1,1098,3.9968028886505635e-15,33000,30,0.8,0.9,best
DE,ackley,1,1099,3.9968028886505635e-15,33030,30,0.8,0.9,best
DE,ackley,1,1100,3.9968028886505635e-15,33060,30,0.8,0.9,best
DE,ackley,1,1101,3.9968028886505635e-15,33090,30,0.8,0.9,best
DE,ackley,1,1102,3.9968028886505635e-15,33120,30,0.8,0.9,best
DE,ackley,1,1103,3.9968028886505635e-15,33150,30,0.8,0.9,best
DE,ackley,1,1104,3.9968028886505635e-15,33180,30,0.8,0.9,best
DE,ackley,1,1105,3.9968028886505635e-15,33210,30,0.8,0.9,best
DE,ackley,1,1106,3.9968028886505635e-15,33240,30,0.8,0.9,best
DE,ackley,1,1107,3.9968028886505635e-15,33270,30,0.8,0.9,best
DE,ackley,1,1108,3.9968028886505635e-15,33300,30,0.8,0.9,best
DE,ackley,1,1109,3.9968028886505635e-15,33330,30,0.8,0.9,best
DE,ackley,1,1110,3.9968028886505635e-15,33360,30,0.8,0.9,best
DE,ackley,1,1111,3.9968028886505635e-15,33390,30,0.8,0.9,best
DE,ackley,1,1112,3.9968028886505635e-15,33420,30,0.8,0.9,best
DE,ackley,1,1113,3.9968028886505635e-15,33450,30,0.8,0.9,best
DE,ackley,1,1114,3.9968028886505635e-15,33480,30,0.8,0.9,best
DE,ackley,1,1115,3.9968028886505635e-15,33510,30,0.8,0.9,best
DE,ackley,1,1116,3.9968028886505635e-15,33540,30,0.8,0.9,best
DE,ackley,1,1117,3.9968028886505635e-15,33570,30,0.8,0.9,best
DE,ackley,1,1118,3.9968028886505635e-15,33600,30,0.8,0.9,best
DE,ackley,1,1119,3.9968028886505635e-15,33630,30,0.8,0.9,best
DE,ackley,1,1120,3.9968028886505635e-15,33660,30,0.8,0.9,best
DE,ackley,1,1121,3.9968028886505635e-15,33690,30,0.8,0.9,best
DE,ackley,1,1122,3.9968028886505635e-15,33720,30,0.8,0.9,best
DE,ackley,1,1123,3.9968028886505635e-15,33750,30,0.8,0.9,best
DE,ackley,1,1124,3.9968028886505635e-15,33780,30,0.8,0.9,best
DE,ackley,1,1125,3.9968028886505635e-15,33810,30,0.8,0.9,best
DE,ackley,1,1126,3.9968028886505635e-15,33840,30,0.8,0.9,best
DE,ackley,1,1127,3.9968028886505635e-15,33870,30,0.8,0.9,best
DE,ackley,1,1128,3.9968028886505635e-15,33900,30,0.8,0.9,best
DE,ackley,1,1129,3.9968028886505635e-15,33930,30,0.8,0.9,best
DE,ackley,1,1130,3.9968028886505635e-15,33960,30,0.8,0.9,best
DE,ackley,1,1131,3.9968028886505635e-15,33990,30,0.8,0.9,best
DE,ackley,1,1132,3.9968028886505635e-15,34020,30,0.8,0.9,best
DE,ackley,1,1133,3.9968028886505635e-15,34050,30,0.8,0.9,best
DE,ackley,1,1134,3.9968028886505635e-15,34080,30,0.8,0.9,best
DE,ackley,1,1135,3.9968028886505635e-15,34110,30,0.8,0.9,best
DE,ackley,1,1136,3.9968028886505635e-15,34140,30,0.8,0.9,best
DE,ackley,1,1137,3.9968028886505635e-15,34170,30,0.8,0.9,best
DE,ackley,1,1138,3.9968028886505635e-15,34200,30,0.8,0.9,best
DE,ackley,1,1139,3.9968028886505635e-15,34230,30,0.8,0.9,best
DE,ackley,1,1140,3.9968028886505635e-15,34260,30,0.8,0.9,best
DE,ackley,1,1141,3.9968028886505635e-15,34290,30,0.8,0.9,best
DE,ackley,1,1142,3.9968028886505635e-15,34320,30,0.8,0.9,best
DE,ackley,1,1143,3.9968028886505635e-15,34350,30,0.8,0.9,best
DE,ackley,1,1144,3.9968028886505635e-15,34380,30,0.8,0.9,best
DE,ackley,1,1145,3.9968028886505635e-15,34410,30,0.8,0.9,best
DE,ackley,1,1146,3.9968028886505635e-15,34440,30,0.8,0.9,best
DE,ackley,1,1147,3.9968028886505635e-15,34470,30,0.8,0.9,best
DE,ackley,1,1148,3.9968028886505635e-15,34500,30,0.8,0.9,best
DE,ackley,1,1149,3.9968028886505635e-15,34530,30,0.8,0.9,best
DE,ackley,1,1150,3.9968028886505635e-15,34560,30,0.8,0.9,best
DE,ackley,1,1151,3.9968028886505635e-15,34590,30,0.8,0.9,best
DE,ackley,1,1152,3.9968028886505635e-15,34620,30,0.8,0.9,best
DE,ackley,1,1153,3.9968028886505635e-15,34650,30,0.8,0.9,best
DE,ackley,1,1154,3.9968028886505635e-15,34680,30,0.8,0.9,best
DE,ackley,1,1155,3.9968028886505635e-15,34710,30,0.8,0.9,best
DE,ackley,1,1156,3.9968028886505635e-15,34740,30,0.8,0.9,best
DE,ackley,1,1157,3.9968028886505635e-15,34770,30,0.8,0.9,best
DE,ackley,1,1158,3.9968028886505635e-15,34800,30,0.8,0.9,best
DE,ackley,1,1159,3.9968028886505635e-15,34830,30,0.8,0.9,best
DE,ackley,1,1160,3.9968028886505635e-15,34860,30,0.8,0.9,best
DE,ackley,1,1161,3.9968028886505635e-15,34890,30,0.8,0.9,best
DE,ackley,1,1162,3.9968028886505635e-15,34920,30,0.8,0.9,best
DE,ackley,1,1163,3.9968028886505635e-15,34950,30,0.8,0.9,best
DE,ackley,1,1164,3.9968028886505635e-15,34980,30,0.8,0.9,best
DE,ackley,1,1165,3.9968028886505635e-15,35010,30,0.8,0.9,best
DE,ackley,1,1166,3.9968028886505635e-15,35040,30,0.8,0.9,best
DE,ackley,1,1167,3.9968028886505635e-15,35070,30,0.8,0.9,best
DE,ackley,1,1168,3.9968028886505635e-15,35100,30,0.8,0.9,best
DE,ackley,1,1169,3.9968028886505635e-15,35130,30,0.8,0.9,best
DE,ackley,1,1170,3.9968028886505635e-15,35160,30,0.8,0.9,best
DE,ackley,1,1171,3.9968028886505635e-15,35190,30,0.8,0.9,best
DE,ackley,1,1172,3.9968028886505635e-15,35220,30,0.8,0.9,best
DE,ackley,1,1173,3.9968028886505635e-15,35250,30,0.8,0.9,best
DE,ackley,1,1174,3.9968028886505635e-15,35280,30,0.8,0.9,best
DE,ackley,1,1175,3.9968028886505635e-15,35310,30,0.8,0.9,best
DE,ackley,1,1176,3.9968028886505635e-15,35340,30,0.8,0.9,best
DE,ackley,1,1177,3.9968028886505635e-15,35370,30,0.8,0.9,best
DE,ackley,1,1178,3.9968028886505635e-15,35400,30,0.8,0.9,best
DE,ackley,1,1179,3.9968028886505635e-15,35430,30,0.8,0.9,best
DE,ackley,1,1180,3.9968028886505635e-15,35460,30,0.8,0.9,best
DE,ackley,1,1181,3.9968028886505635e-15,35490,30,0.8,0.9,best
DE,ackley,1,1182,3.9968028886505635e-15,35520,30,0.8,0.9,best
DE,ackley,1,1183,3.9968028886505635e-15,35550,30,0.8,0.9,best
DE,ackley,1,1184,3.9968028886505635e-15,35580,30,0.8,0.9,best
DE,ackley,1,1185,3.9968028886505635e-15,35610,30,0.8,0.9,best
DE,ackley,1,1186,3.9968028886505635e-15,35640,30,0.8,0.9,best
DE,ackley,1,1187,3.9968028886505635e-15,35670,30,0.8,0.9,best
DE,ackley,1,1188,3.9968028886505635e-15,35700,30,0.8,0.9,best
DE,ackley,1,1189,3.9968028886505635e-15,35730,30,0.8,0.9,best
DE,ackley,1,1190,3.9968028886505635e-15,35760,30,0.8,0.9,best
DE,ackley,1,1191,3.9968028886505635e-15,35790,30,0.8,0.9,best
DE,ackley,1,1192,3.9968028886505635e-15,35820,30,0.8,0.9,best
DE,ackley,1,1193,3.9968028886505635e-15,35850,30,0.8,0.9,best
DE,ackley,1,1194,3.9968028886505635e-15,35880,30,0.8,0.9,best
DE,ackley,1,1195,3.9968028886505635e-15,35910,30,0.8,0.9,best
DE,ackley,1,1196,3.9968028886505635e-15,35940,30,0.8,0.9,best
DE,ackley,1,1197,3.9968028886505635e-15,35970,30,0.8,0.9,best
DE,ackley,1,1198,3.9968028886505635e-15,36000,30,0.8,0.9,best
DE,ackley,1,1199,3.9968028886505635e-15,36030,30,0.8,0.9,best
DE,ackley,2,0,18.149643333942752,60,30,0.8,0.9,best
DE,ackley,2,1,18.149643333942752,90,30,0.8,0.9,best
DE,ackley,2,2,18.149643333942752,120,30,0.8,0.9,best
DE,ackley,2,3,18.149643333942752,150,30,0.8,0.9,best
DE,ackley,2,4,14.733827504001754,180,30,0.8,0.9,best
DE,ackley,2,5,14.733827504001754,210,30,0.8,0.9,best
DE,ackley,2,6,14.733827504001754,240,30,0.8,0.9,best
DE,ackley,2,7,14.733827504001754,270,30,0.8,0.9,best
DE,ackley,2,8,14.733827504001754,300,30,0.8,0.9,best
DE,ackley,2,9,12.336764777353807,330,30,0.8,0.9,best
DE,ackley,2,10,12.336764777353807,360,30,0.8,0.9,best
DE,ackley,2,11,11.493909650549972,390,30,0.8,0.9,best
DE,ackley,2,12,11.493909650549972,420,30,0.8,0.9,best
DE,ackley,2,13,11.493909650549972,450,30,0.8,0.9,best
DE,ackley,2,14,11.493909650549972,480,30,0.8,0.9,best
DE,ackley,2,15,11.493909650549972,510,30,0.8,0.9,best
DE,ackley,2,16,11.493909650549972,540,30,0.8,0.9,best
DE,ackley,2,17,11.493909650549972,570,30,0.8,0.9,best
DE,ackley,2,18,11.493909650549972,600,30,0.8,0.9,best
DE,ackley,2,19,9.203953338860703,630,30,0.8,0.9,best
DE,ackley,2,20,9.203953338860703,660,30,0.8,0.9,best
DE,ackley,2,21,9.203953338860703,690,30,0.8,0.9,best
DE,ackley,2,22,9.203953338860703,720,30,0.8,0.9,best
DE,ackley,2,23,7.625916856213324,750,30,0.8,0.9,best
DE,ackley,2,24,7.625916856213324,780,30,0.8,0.9,best
DE,ackley,2,25,7.625916856213324,810,30,0.8,0.9,best
DE,ackley,2,26,7.625916856213324,840,30,0.8,0.9,best
DE,ackley,2,27,6.460598925337056,870,30,0.8,0.9,best
DE,ackley,2,28,6.460598925337056,900,30,0.8,0.9,best
DE,ackley,2,29,6.460598925337056,930,30,0.8,0.9,best
DE,ackley,2,30,5.957402826974235,960,30,0.8,0.9,best
DE,ackley,2,31,5.535725686472272,990,30,0.8,0.9,best
DE,ackley,2,32,5.535725686472272,1020,30,0.8,0.9,best
DE,ackley,2,33,4.872600238927461,1050,30,0.8,0.9,best
DE,ackley,2,34,4.872600238927461,1080,30,0.8,0.9,best
DE,ackley,2,35,4.771425836486198,1110,30,0.8,0.9,best
DE,ackley,2,36,4.327514890926672,1140,30,0.8,0.9,best
DE,ackley,2,37,4.117738206430076,1170,30,0.8,0.9,best
DE,ackley,2,38,3.676060898257465,1200,30,0.8,0.9,best
DE,ackley,2,39,3.6085064126965247,1230,30,0.8,0.9,best
DE,ackley,2,40,3.6085064126965247,1260,30,0.8,0.9,best
DE,ackley,2,41,3.552964594766323,1290,30,0.8,0.9,best
DE,ackley,2,42,3.552964594766323,1320,30,0.8,0.9,best
DE,ackley,2,43,3.552656978435721,1350,30,0.8,0.9,best
DE,ackley,2,44,3.552656978435721,1380,30,0.8,0.9,best
DE,ackley,2,45,3.552656978435721,1410,30,0.8,0.9,best
DE,ackley,2,46,3.486228756049052,1440,30,0.8,0.9,best
DE,ackley,2,47,3.486228756049052,1470,30,0.8,0.9,best
DE,ackley,2,48,3.3503378685692558,1500,30,0.8,0.9,best
DE,ackley,2,49,3.3503378685692558,1530,30,0.8,0.9,best
DE,ackley,2,50,3.3503378685692558,1560,30,0.8,0.9,best
DE,ackley,2,51,3.0575956561560926,1590,30,0.8,0.9,best
DE,ackley,2,52,2.6779508288055323,1620,30,0.8,0.9,best
DE,ackley,2,53,2.6779508288055323,1650,30,0.8,0.9,best
DE,ackley,2,54,2.6779508288055323,1680,30,0.8,0.9,best
DE,ackley,2,55,2.6779508288055323,1710,30,0.8,0.9,best
DE,ackley,2,56,2.6779508288055323,1740,30,0.8,0.9,best
DE,ackley,2,57,2.6779508288055323,1770,30,0.8,0.9,best
DE,ackley,2,58,2.6779508288055323,1800,30,0.8,0.9,best
DE,ackley,2,59,2.6779508288055323,1830,30,0.8,0.9,best
DE,ackley,2,60,2.6779508288055323,1860,30,0.8,0.9,best
DE,ackley,2,61,2.651845276479332,1890,30,0.8,0.9,best
DE,ackley,2,62,2.651845276479332,1920,30,0.8,0.9,best
DE,ackley,2,63,2.591353765716328,1950,30,0.8,0.9,best
DE,ackley,2,64,2.4591036886793707,1980,30,0.8,0.9,best
DE,ackley,2,65,2.4591036886793707,2010,30,0.8,0.9,best
DE,ackley,2,66,2.339847993888512,2040,30,0.8,0.9,best
DE,ackley,2,67,2.339847993888512,2070,30,0.8,0.9,best
DE,ackley,2,68,2.3143079333659995,2100,30,0.8,0.9,best
DE,ackley,2,69,2.097454386785206,2130,30,0.8,0.9,best
DE,ackley,2,70,2.097454386785206,2160,30,0.8,0.9,best
DE,ackley,2,71,1.8745723094507487,2190,30,0.8,0.9,best
DE,ackley,2,72,1.8745723094507487,2220,30,0.8,0.9,best
DE,ackley,2,73,1.7038022640135009,2250,30,0.8,0.9,best
DE,ackley,2,74,1.7038022640135009,2280,30,0.8,0.9,best
DE,ackley,2,75,1.6402973284683466,2310,30,0.8,0.9,best
DE,ackley,2,76,1.6402973284683466,2340,30,0.8,0.9,best
DE,ackley,2,77,1.6402973284683466,2370,30,0.8,0.9,best
DE,ackley,2,78,1.6341525050208046,2400,30,0.8,0.9,best
DE,ackley,2,79,1.4752562633175228,2430,30,0.8,0.9,best
DE,ackley,2,80,1.4752562633175228,2460,30,0.8,0.9,best
DE,ackley,2,81,1.3573855539467172,2490,30,0.8,0.9,best
DE,ackley,2,82,1.3573855539467172,2520,30,0.8,0.9,best
DE,ackley,2,83,1.3573855539467172,2550,30,0.8,0.9,best
DE,ackley,2,84,1.3308660057503983,2580,30,0.8,0.9,best
DE,ackley,2,85,1.296135098441177,2610,30,0.8,0.9,best
DE,ackley,2,86,1.2310203750557922,2640,30,0.8,0.9,best
DE,ackley,2,87,1.2310203750557922,2670,30,0.8,0.9,best
DE,ackley,2,88,1.2079023549082142,2700,30,0.8,0.9,best
DE,ackley,2,89,1.2079023549082142,2730,30,0.8,0.9,best
DE,ackley,2,90,1.190358639486139,2760,30,0.8,0.9,best
DE,ackley,2,91,1.1812621783003583,2790,30,0.8,0.9,best
DE,ackley,2,92,1.1812621783003583,2820,30,0.8,0.9,best
DE,ackley,2,93,1.1798565703375954,2850,30,0.8,0.9,best
DE,ackley,2,94,1.1798565703375954,2880,30,0.8,0.9,best
DE,ackley,2,95,1.1749207342482362,2910,30,0.8,0.9,best
DE,ackley,2,96,1.1749207342482362,2940,30,0.8,0.9,best
DE,ackley,2,97,1.1749207342482362,2970,30,0.8,0.9,best
DE,ackley,2,98,1.1749207342482362,3000,30,0.8,0.9,best
DE,ackley,2,99,1.1749207342482362,3030,30,0.8,0.9,best
DE,ackley,2,100,1.1749207342482362,3060,30,0.8,0.9,best
DE,ackley,2,101,1.1742236675810926,3090,30,0.8,0.9,best
DE,ackley,2,102,1.169893973703108,3120,30,0.8,0.9,best
DE,ackley,2,103,1.163230483751804,3150,30,0.8,0.9,best
DE,ackley,2,104,1.1608327428393186,3180,30,0.8,0.9,best
DE,ackley,2,105,1.1596081077783968,3210,30,0.8,0.9,best
DE,ackley,2,106,1.158011929752004,3240,30,0.8,0.9,best
DE,ackley,2,107,1.158011929752004,3270,30,0.8,0.9,best
DE,ackley,2,108,1.158011929752004,3300,30,0.8,0.9,best
DE,ackley,2,109,1.1577772650239706,3330,30,0.8,0.9,best
DE,ackley,2,110,1.157601712749376,3360,30,0.8,0.9,best
DE,ackley,2,111,1.157601712749376,3390,30,0.8,0.9,best
DE,ackley,2,112,1.1568259058818282,3420,30,0.8,0.9,best
DE,ackley,2,113,1.1562374131872883,3450,30,0.8,0.9,best
DE,ackley,2,114,1.1562374131872883,3480,30,0.8,0.9,best
DE,ackley,2,115,1.1562374131872883,3510,30,0.8,0.9,best
DE,ackley,2,116,1.1559902843234835,3540,30,0.8,0.9,best
DE,ackley,2,117,1.1559902843234835,3570,30,0.8,0.9,best
DE,ackley,2,118,1.1555882586806416,3600,30,0.8,0.9,best
DE,ackley,2,119,1.1555882586806416,3630,30,0.8,0.9,best
DE,ackley,2,120,1.1555882586806416,3660,30,0.8,0.9,best
DE,ackley,2,121,1.1555882586806416,3690,30,0.8,0.9,best
DE,ackley,2,122,1.155536178508488,3720,30,0.8,0.9,best
DE,ackley,2,123,1.155536178508488,3750,30,0.8,0.9,best
DE,ackley,2,124,1.155536178508488,3780,30,0.8,0.9,best
DE,ackley,2,125,1.155536178508488,3810,30,0.8,0.9,best
DE,ackley,2,126,1.1554575939634266,3840,30,0.8,0.9,best
DE,ackley,2,127,1.1554575939634266,3870,30,0.8,0.9,best
DE,ackley,2,128,1.1553592397308141,3900,30,0.8,0.9,best
DE,ackley,2,129,1.1553592397308141,3930,30,0.8,0.9,best
DE,ackley,2,130,1.1553409733598312,3960,30,0.8,0.9,best
DE,ackley,2,131,1.155281085010572,3990,30,0.8,0.9,best
DE,ackley,2,132,1.155281085010572,4020,30,0.8,0.9,best
DE,ackley,2,133,1.155281085010572,4050,30,0.8,0.9,best
DE,ackley,2,134,1.155281085010572,4080,30,0.8,0.9,best
DE,ackley,2,135,1.1552782820647605,4110,30,0.8,0.9,best
DE,ackley,2,136,1.1552515482403902,4140,30,0.8,0.9,best
DE,ackley,2,137,1.1552023570457277,4170,30,0.8,0.9,best
DE,ackley,2,138,1.1552023570457277,4200,30,0.8,0.9,best
DE,ackley,2,139,1.155200090379513,4230,30,0.8,0.9,best
DE,ackley,2,140,1.155200090379513,4260,30,0.8,0.9,best
DE,ackley,2,141,1.1551970205486985,4290,30,0.8,0.9,best
DE,ackley,2,142,1.155179586755683,4320,30,0.8,0.9,best
DE,ackley,2,143,1.155179586755683,4350,30,0.8,0.9,best
DE,ackley,2,144,1.155179586755683,4380,30,0.8,0.9,best
DE,ackley,2,145,1.155179586755683,4410,30,0.8,0.9,best
DE,ackley,2,146,1.155179586755683,4440,30,0.8,0.9,best
DE,ackley,2,147,1.1551782601785914,4470,30,0.8,0.9,best
DE,ackley,2,148,1.1551730404133989,4500,30,0.8,0.9,best
DE,ackley,2,149,1.1551720414263014,4530,30,0.8,0.9,best
DE,ackley,2,150,1.1551686456532768,4560,30,0.8,0.9,best
DE,ackley,2,151,1.1551659530552958,4590,30,0.8,0.9,best
DE,ackley,2,152,1.1551659530552958,4620,30,0.8,0.9,best
DE,ackley,2,153,1.155161330825266,4650,30,0.8,0.9,best
DE,ackley,2,154,1.155161330825266,4680,30,0.8,0.9,best
DE,ackley,2,155,1.155161330825266,4710,30,0.8,0.9,best
DE,ackley,2,156,1.155161330825266,4740,30,0.8,0.9,best
DE,ackley,2,157,1.155161330825266,4770,30,0.8,0.9,best
DE,ackley,2,158,1.155161330825266,4800,30,0.8,0.9,best
DE,ackley,2,159,1.155157759146118,4830,30,0.8,0.9,best
DE,ackley,2,160,1.1551550121759289,4860,30,0.8,0.9,best
DE,ackley,2,161,1.1551541064082476,4890,30,0.8,0.9,best
DE,ackley,2,162,1.1551522896904172,4920,30,0.8,0.9,best
DE,ackley,2,163,1.1551510616649847,4950,30,0.8,0.9,best
DE,ackley,2,164,1.155150221261604,4980,30,0.8,0.9,best
DE,ackley,2,165,1.155150221261604,5010,30,0.8,0.9,best
DE,ackley,2,166,1.155150221261604,5040,30,0.8,0.9,best
DE,ackley,2,167,1.1551495525499793,5070,30,0.8,0.9,best
DE,ackley,2,168,1.1551495525499793,5100,30,0.8,0.9,best
DE,ackley,2,169,1.1551494561013773,5130,30,0.8,0.9,best
DE,ackley,2,170,1.1551494561013773,5160,30,0.8,0.9,best
DE,ackley,2,171,1.1551489044490677,5190,30,0.8,0.9,best
DE,ackley,2,172,1.1551489044490677,5220,30,0.8,0.9,best
DE,ackley,2,173,1.1551489044490677,5250,30,0.8,0.9,best
DE,ackley,2,174,1.1551489044490677,5280,30,0.8,0.9,best
DE,ackley,2,175,1.1551487569496648,5310,30,0.8,0.9,best
DE,ackley,2,176,1.1551487569496648,5340,30,0.8,0.9,best
DE,ackley,2,177,1.1551487569496648,5370,30,0.8,0.9,best
DE,ackley,2,178,1.1551487569496648,5400,30,0.8,0.9,best
DE,ackley,2,179,1.1551487569496648,5430,30,0.8,0.9,best
DE,ackley,2,180,1.1551487569496648,5460,30,0.8,0.9,best
DE,ackley,2,181,1.1551487569496648,5490,30,0.8,0.9,best
DE,ackley,2,182,1.15514870369211,5520,30,0.8,0.9,best
DE,ackley,2,183,1.1551486863102594,5550,30,0.8,0.9,best
DE,ackley,2,184,1.155148583240273,5580,30,0.8,0.9,best
DE,ackley,2,185,1.1551485667992485,5610,30,0.8,0.9,best
DE,ackley,2,186,1.1551485667992485,5640,30,0.8,0.9,best
DE,ackley,2,187,1.1551485667992485,5670,30,0.8,0.9,best
DE,ackley,2,188,1.1551485667992485,5700,30,0.8,0.9,best
DE,ackley,2,189,1.1551485660861087,5730,30,0.8,0.9,best
DE,ackley,2,190,1.1551485539948314,5760,30,0.8,0.9,best
DE,ackley,2,191,1.1551485501989274,5790,30,0.8,0.9,best
DE,ackley,2,192,1.1551485333246139,5820,30,0.8,0.9,best
DE,ackley,2,193,1.1551485333246139,5850,30,0.8,0.9,best
DE,ackley,2,194,1.1551485333246139,5880,30,0.8,0.9,best
DE,ackley,2,195,1.155148532800958,5910,30,0.8,0.9,best
DE,ackley,2,196,1.1551485190038666,5940,30,0.8,0.9,best
DE,ackley,2,197,1.1551485190038666,5970,30,0.8,0.9,best
DE,ackley,2,198,1.1551485190038666,6000,30,0.8,0.9,best
DE,ackley,2,199,1.1551485183673447,6030,30,0.8,0.9,best
DE,ackley,2,200,1.1551485183673447,6060,30,0.8,0.9,best
DE,ackley,2,201,1.155148515508945,6090,30,0.8,0.9,best
DE,ackley,2,202,1.155148515404751,6120,30,0.8,0.9,best
DE,ackley,2,203,1.1551485150343415,6150,30,0.8,0.9,best
DE,ackley,2,204,1.1551485147783294,6180,30,0.8,0.9,best
DE,ackley,2,205,1.1551485136543573,6210,30,0.8,0.9,best
DE,ackley,2,206,1.1551485125496836,6240,30,0.8,0.9,best
DE,ackley,2,207,1.1551485125496836,6270,30,0.8,0.9,best
DE,ackley,2,208,1.1551485109373059,6300,30,0.8,0.9,best
DE,ackley,2,209,1.1551485109373059,6330,30,0.8,0.9,best
DE,ackley,2,210,1.1551485107132327,6360,30,0.8,0.9,best
DE,ackley,2,211,1.1551485103900885,6390,30,0.8,0.9,best
DE,ackley,2,212,1.155148508148017,6420,30,0.8,0.9,best
DE,ackley,2,213,1.155148507667381,6450,30,0.8,0.9,best
DE,ackley,2,214,1.1551485066272886,6480,30,0.8,0.9,best
DE,ackley,2,215,1.1551485066272886,6510,30,0.8,0.9,best
DE,ackley,2,216,1.1551485066272886,6540,30,0.8,0.9,best
DE,ackley,2,217,1.1551485051321149,6570,30,0.8,0.9,best
DE,ackley,2,218,1.1551485050874644,6600,30,0.8,0.9,best
DE,ackley,2,219,1.1551485047077716,6630,30,0.8,0.9,best
DE,ackley,2,220,1.1551485047077716,6660,30,0.8,0.9,best
DE,ackley,2,221,1.1551485045835261,6690,30,0.8,0.9,best
DE,ackley,2,222,1.1551485036870202,6720,30,0.8,0.9,best
DE,ackley,2,223,1.1551485033200497,6750,30,0.8,0.9,best
DE,ackley,2,224,1.1551485033200497,6780,30,0.8,0.9,best
DE,ackley,2,225,1.1551485031050004,6810,30,0.8,0.9,best
DE,ackley,2,226,1.1551485031050004,6840,30,0.8,0.9,best
DE,ackley,2,227,1.1551485030312034,6870,30,0.8,0.9,best
DE,ackley,2,228,1.1551485028601758,6900,30,0.8,0.9,best
DE,ackley,2,229,1.1551485028601758,6930,30,0.8,0.9,best
DE,ackley,2,230,1.1551485028601758,6960,30,0.8,0.9,best
DE,ackley,2,231,1.1551485028240234,6990,30,0.8,0.9,best
DE,ackley,2,232,1.1551485028240234,7020,30,0.8,0.9,best
DE,ackley,2,233,1.1551485028240234,7050,30,0.8,0.9,best
DE,ackley,2,234,1.155148502786688,7080,30,0.8,0.9,best
DE,ackley,2,235,1.155148502786688,7110,30,0.8,0.9,best
DE,ackley,2,236,1.155148502786688,7140,30,0.8,0.9,best
DE,ackley,2,237,1.155148502786688,7170,30,0.8,0.9,best
DE,ackley,2,238,1.155148502786688,7200,30,0.8,0.9,best
DE,ackley,2,239,1.155148502786688,7230,30,0.8,0.9,best
DE,ackley,2,240,1.1551485027866346,7260,30,0.8,0.9,best
DE,ackley,2,241,1.1551485027453166,7290,30,0.8,0.9,best
DE,ackley,2,242,1.1551485027318447,7320,30,0.8,0.9,best
DE,ackley,2,243,1.1551485027318447,7350,30,0.8,0.9,best
DE,ackley,2,244,1.1551485027226431,7380,30,0.8,0.9,best
DE,ackley,2,245,1.1551485027226431,7410,30,0.8,0.9,best
DE,ackley,2,246,1.1551485027226431,7440,30,0.8,0.9,best
DE,ackley,2,247,1.1551485027222879,7470,30,0.8,0.9,best
DE,ackley,2,248,1.1551485027204973,7500,30,0.8,0.9,best
DE,ackley,2,249,1.1551485027189057,7530,30,0.8,0.9,best
DE,ackley,2,250,1.1551485027176125,7560,30,0.8,0.9,best
DE,ackley,2,251,1.1551485027176125,7590,30,0.8,0.9,best
DE,ackley,2,252,1.1551485027143547,7620,30,0.8,0.9,best
DE,ackley,2,253,1.1551485027143547,7650,30,0.8,0.9,best
DE,ackley,2,254,1.1551485027134594,7680,30,0.8,0.9,best
DE,ackley,2,255,1.1551485027120028,7710,30,0.8,0.9,best
DE,ackley,2,256,1.15514850271142,7740,30,0.8,0.9,best
DE,ackley,2,257,1.15514850271142,7770,30,0.8,0.9,best
DE,ackley,2,258,1.1551485027112105,7800,30,0.8,0.9,best
DE,ackley,2,259,1.1551485027111252,7830,30,0.8,0.9,best
DE,ackley,2,260,1.1551485027106492,7860,30,0.8,0.9,best
DE,ackley,2,261,1.1551485027101838,7890,30,0.8,0.9,best
DE,ackley,2,262,1.1551485027101838,7920,30,0.8,0.9,best
DE,ackley,2,263,1.1551485027101838,7950,30,0.8,0.9,best
DE,ackley,2,264,1.1551485027101838,7980,30,0.8,0.9,best
DE,ackley,2,265,1.155148502710102,8010,30,0.8,0.9,best
DE,ackley,2,266,1.155148502710102,8040,30,0.8,0.9,best
DE,ackley,2,267,1.155148502710102,8070,30,0.8,0.9,best
DE,ackley,2,268,1.155148502710102,8100,30,0.8,0.9,best
DE,ackley,2,269,1.155148502710102,8130,30,0.8,0.9,best
DE,ackley,2,270,1.1551485027100346,8160,30,0.8,0.9,best
DE,ackley,2,271,1.155148502709992,8190,30,0.8,0.9,best
DE,ackley,2,272,1.155148502709992,8220,30,0.8,0.9,best
DE,ackley,2,273,1.155148502709992,8250,30,0.8,0.9,best
DE,ackley,2,274,1.1551485027099777,8280,30,0.8,0.9,best
DE,ackley,2,275,1.1551485027099777,8310,30,0.8,0.9,best
DE,ackley,2,276,1.1551485027099102,8340,30,0.8,0.9,best
DE,ackley,2,277,1.1551485027099102,8370,30,0.8,0.9,best
DE,ackley,2,278,1.1551485027099102,8400,30,0.8,0.9,best
DE,ackley,2,279,1.1551485027099102,8430,30,0.8,0.9,best
DE,ackley,2,280,1.1551485027099102,8460,30,0.8,0.9,best
DE,ackley,2,281,1.1551485027098818,8490,30,0.8,0.9,best
DE,ackley,2,282,1.1551485027098782,8520,30,0.8,0.9,best
DE,ackley,2,283,1.1551485027098782,8550,30,0.8,0.9,best
DE,ackley,2,284,1.1551485027098498,8580,30,0.8,0.9,best
DE,ackley,2,285,1.1551485027098463,8610,30,0.8,0.9,best
DE,ackley,2,286,1.1551485027098463,8640,30,0.8,0.9,best
DE,ackley,2,287,1.1551485027098463,8670,30,0.8,0.9,best
DE,ackley,2,288,1.1551485027098392,8700,30,0.8,0.9,best
DE,ackley,2,289,1.1551485027098392,8730,30,0.8,0.9,best
DE,ackley,2,290,1.1551485027098392,8760,30,0.8,0.9,best
DE,ackley,2,291,1.1551485027098392,8790,30,0.8,0.9,best
DE,ackley,2,292,1.1551485027098392,8820,30,0.8,0.9,best
DE,ackley,2,293,1.1551485027098392,8850,30,0.8,0.9,best
DE,ackley,2,294,1.1551485027098356,8880,30,0.8,0.9,best
DE,ackley,2,295,1.155148502709832,8910,30,0.8,0.9,best
DE,ackley,2,296,1.155148502709832,8940,30,0.8,0.9,best
DE,ackley,2,297,1.155148502709832,8970,30,0.8,0.9,best
DE,ackley,2,298,1.155148502709832,9000,30,0.8,0.9,best
DE,ackley,2,299,1.155148502709832,9030,30,0.8,0.9,best
DE,ackley,2,300,1.155148502709832,9060,30,0.8,0.9,best
DE,ackley,2,301,1.155148502709832,9090,30,0.8,0.9,best
DE,ackley,2,302,1.155148502709832,9120,30,0.8,0.9,best
DE,ackley,2,303,1.155148502709832,9150,30,0.8,0.9,best
DE,ackley,2,304,1.155148502709832,9180,30,0.8,0.9,best
DE,ackley,2,305,1.1551485027098285,9210,30,0.8,0.9,best
DE,ackley,2,306,1.1551485027098285,9240,30,0.8,0.9,best
DE,ackley,2,307,1.1551485027098285,9270,30,0.8,0.9,best
DE,ackley,2,308,1.1551485027098285,9300,30,0.8,0.9,best
DE,ackley,2,309,1.1551485027098285,9330,30,0.8,0.9,best
DE,ackley,2,310,1.1551485027098285,9360,30,0.8,0.9,best
DE,ackley,2,311,1.1551485027098285,9390,30,0.8,0.9,best
DE,ackley,2,312,1.1551485027098285,9420,30,0.8,0.9,best
DE,ackley,2,313,1.155148502709825,9450,30,0.8,0.9,best
DE,ackley,2,314,1.155148502709825,9480,30,0.8,0.9,best
DE,ackley,2,315,1.155148502709825,9510,30,0.8,0.9,best
DE,ackley,2,316,1.155148502709825,9540,30,0.8,0.9,best
DE,ackley,2,317,1.155148502709825,9570,30,0.8,0.9,best
DE,ackley,2,318,1.155148502709825,9600,30,0.8,0.9,best
DE,ackley,2,319,1.155148502709825,9630,30,0.8,0.9,best
DE,ackley,2,320,1.155148502709825,9660,30,0.8,0.9,best
DE,ackley,2,321,1.155148502709825,9690,30,0.8,0.9,best
DE,ackley,2,322,1.155148502709825,9720,30,0.8,0.9,best
DE,ackley,2,323,1.155148502709825,9750,30,0.8,0.9,best
DE,ackley,2,324,1.155148502709825,9780,30,0.8,0.9,best
DE,ackley,2,325,1.155148502709825,9810,30,0.8,0.9,best
DE,ackley,2,326,1.155148502709825,9840,30,0.8,0.9,best
DE,ackley,2,327,1.155148502709825,9870,30,0.8,0.9,best
DE,ackley,2,328,1.155148502709825,9900,30,0.8,0.9,best
DE,ackley,2,329,1.155148502709825,9930,30,0.8,0.9,best
DE,ackley,2,330,1.155148502709825,9960,30,0.8,0.9,best
DE,ackley,2,331,1.155148502709825,9990,30,0.8,0.9,best
DE,ackley,2,332,1.155148502709825,10020,30,0.8,0.9,best
DE,ackley,2,333,1.155148502709825,10050,30,0.8,0.9,best
DE,ackley,2,334,1.155148502709825,10080,30,0.8,0.9,best
DE,ackley,2,335,1.155148502709825,10110,30,0.8,0.9,best
DE,ackley,2,336,1.155148502709825,10140,30,0.8,0.9,best
DE,ackley,2,337,1.155148502709825,10170,30,0.8,0.9,best
DE,ackley,2,338,1.155148502709825,10200,30,0.8,0.9,best
DE,ackley,2,339,1.155148502709825,10230,30,0.8,0.9,best
DE,ackley,2,340,1.155148502709825,10260,30,0.8,0.9,best
DE,ackley,2,341,1.155148502709825,10290,30,0.8,0.9,best
DE,ackley,2,342,1.155148502709825,10320,30,0.8,0.9,best
DE,ackley,2,343,1.155148502709825,10350,30,0.8,0.9,best
DE,ackley,2,344,1.155148502709825,10380,30,0.8,0.9,best
DE,ackley,2,345,1.155148502709825,10410,30,0.8,0.9,best
DE,ackley,2,346,1.155148502709825,10440,30,0.8,0.9,best
DE,ackley,2,347,1.155148502709825,10470,30,0.8,0.9,best
DE,ackley,2,348,1.155148502709825,10500,30,0.8,0.9,best
DE,ackley,2,349,1.155148502709825,10530,30,0.8,0.9,best
DE,ackley,2,350,1.155148502709825,10560,30,0.8,0.9,best
DE,ackley,2,351,1.155148502709825,10590,30,0.8,0.9,best
DE,ackley,2,352,1.155148502709825,10620,30,0.8,0.9,best
DE,ackley,2,353,1.155148502709825,10650,30,0.8,0.9,best
DE,ackley,2,354,1.155148502709825,10680,30,0.8,0.9,best
DE,ackley,2,355,1.155148502709825,10710,30,0.8,0.9,best
DE,ackley,2,356,1.155148502709825,10740,30,0.8,0.9,best
DE,ackley,2,357,1.155148502709825,10770,30,0.8,0.9,best
DE,ackley,2,358,1.155148502709825,10800,30,0.8,0.9,best
DE,ackley,2,359,1.155148502709825,10830,30,0.8,0.9,best
DE,ackley,2,360,1.155148502709825,10860,30,0.8,0.9,best
DE,ackley,2,361,1.155148502709825,10890,30,0.8,0.9,best
DE,ackley,2,362,1.155148502709825,10920,30,0.8,0.9,best
DE,ackley,2,363,1.155148502709825,10950,30,0.8,0.9,best
DE,ackley,2,364,1.155148502709825,10980,30,0.8,0.9,best
DE,ackley,2,365,1.155148502709825,11010,30,0.8,0.9,best
DE,ackley,2,366,1.155148502709825,11040,30,0.8,0.9,best
DE,ackley,2,367,1.155148502709825,11070,30,0.8,0.9,best
DE,ackley,2,368,1.155148502709825,11100,30,0.8,0.9,best
DE,ackley,2,369,1.155148502709825,11130,30,0.8,0.9,best
DE,ackley,2,370,1.155148502709825,11160,30,0.8,0.9,best
DE,ackley,2,371,1.155148502709825,11190,30,0.8,0.9,best
DE,ackley,2,372,1.155148502709825,11220,30,0.8,0.9,best
DE,ackley,2,373,1.155148502709825,11250,30,0.8,0.9,best
DE,ackley,2,374,1.155148502709825,11280,30,0.8,0.9,best
DE,ackley,2,375,1.155148502709825,11310,30,0.8,0.9,best
DE,ackley,2,376,1.155148502709825,11340,30,0.8,0.9,best
DE,ackley,2,377,1.155148502709825,11370,30,0.8,0.9,best
DE,ackley,2,378,1.155148502709825,11400,30,0.8,0.9,best
DE,ackley,2,379,1.155148502709825,11430,30,0.8,0.9,best
DE,ackley,2,380,1.155148502709825,11460,30,0.8,0.9,best
DE,ackley,2,381,1.155148502709825,11490,30,0.8,0.9,best
DE,ackley,2,382,1.155148502709825,11520,30,0.8,0.9,best
DE,ackley,2,383,1.155148502709825,11550,30,0.8,0.9,best
DE,ackley,2,384,1.155148502709825,11580,30,0.8,0.9,best
DE,ackley,2,385,1.155148502709825,11610,30,0.8,0.9,best
DE,ackley,2,386,1.155148502709825,11640,30,0.8,0.9,best
DE,ackley,2,387,1.155148502709825,11670,30,0.8,0.9,best
DE,ackley,2,388,1.155148502709825,11700,30,0.8,0.9,best
DE,ackley,2,389,1.155148502709825,11730,30,0.8,0.9,best
DE,ackley,2,390,1.155148502709825,11760,30,0.8,0.9,best
DE,ackley,2,391,1.155148502709825,11790,30,0.8,0.9,best
DE,ackley,2,392,1.155148502709825,11820,30,0.8,0.9,best
DE,ackley,2,393,1.155148502709825,11850,30,0.8,0.9,best
DE,ackley,2,394,1.155148502709825,11880,30,0.8,0.9,best
DE,ackley,2,395,1.155148502709825,11910,30,0.8,0.9,best
DE,ackley,2,396,1.155148502709825,11940,30,0.8,0.9,best
DE,ackley,2,397,1.155148502709825,11970,30,0.8,0.9,best
DE,ackley,2,398,1.155148502709825,12000,30,0.8,0.9,best
DE,ackley,2,399,1.155148502709825,12030,30,0.8,0.9,best
DE,ackley,2,400,1.155148502709825,12060,30,0.8,0.9,best
DE,ackley,2,401,1.155148502709825,12090,30,0.8,0.9,best
DE,ackley,2,402,1.155148502709825,12120,30,0.8,0.9,best
DE,ackley,2,403,1.155148502709825,12150,30,0.8,0.9,best
DE,ackley,2,404,1.155148502709825,12180,30,0.8,0.9,best
DE,ackley,2,405,1.155148502709825,12210,30,0.8,0.9,best
DE,ackley,2,406,1.155148502709825,12240,30,0.8,0.9,best
DE,ackley,2,407,1.155148502709825,12270,30,0.8,0.9,best
DE,ackley,2,408,1.155148502709825,12300,30,0.8,0.9,best
DE,ackley,2,409,1.155148502709825,12330,30,0.8,0.9,best
DE,ackley,2,410,1.155148502709825,12360,30,0.8,0.9,best
DE,ackley,2,411,1.155148502709825,12390,30,0.8,0.9,best
DE,ackley,2,412,1.155148502709825,12420,30,0.8,0.9,best
DE,ackley,2,413,1.155148502709825,12450,30,0.8,0.9,best
DE,ackley,2,414,1.155148502709825,12480,30,0.8,0.9,best
DE,ackley,2,415,1.155148502709825,12510,30,0.8,0.9,best
DE,ackley,2,416,1.155148502709825,12540,30,0.8,0.9,best
DE,ackley,2,417,1.155148502709825,12570,30,0.8,0.9,best
DE,ackley,2,418,1.155148502709825,12600,30,0.8,0.9,best
DE,ackley,2,419,1.155148502709825,12630,30,0.8,0.9,best
DE,ackley,2,420,1.155148502709825,12660,30,0.8,0.9,best
DE,ackley,2,421,1.155148502709825,12690,30,0.8,0.9,best
DE,ackley,2,422,1.155148502709825,12720,30,0.8,0.9,best
DE,ackley,2,423,1.155148502709825,12750,30,0.8,0.9,best
DE,ackley,2,424,1.155148502709825,12780,30,0.8,0.9,best
DE,ackley,2,425,1.155148502709825,12810,30,0.8,0.9,best
DE,ackley,2,426,1.155148502709825,12840,30,0.8,0.9,best
DE,ackley,2,427,1.155148502709825,12870,30,0.8,0.9,best
DE,ackley,2,428,1.155148502709825,12900,30,0.8,0.9,best
DE,ackley,2,429,1.155148502709825,12930,30,0.8,0.9,best
DE,ackley,2,430,1.155148502709825,12960,30,0.8,0.9,best
DE,ackley,2,431,1.155148502709825,12990,30,0.8,0.9,best
DE,ackley,2,432,1.155148502709825,13020,30,0.8,0.9,best
DE,ackley,2,433,1.155148502709825,13050,30,0.8,0.9,best
DE,ackley,2,434,1.155148502709825,13080,30,0.8,0.9,best
DE,ackley,2,435,1.155148502709825,13110,30,0.8,0.9,best
DE,ackley,2,436,1.155148502709825,13140,30,0.8,0.9,best
DE,ackley,2,437,1.155148502709825,13170,30,0.8,0.9,best
DE,ackley,2,438,1.155148502709825,13200,30,0.8,0.9,best
DE,ackley,2,439,1.155148502709825,13230,30,0.8,0.9,best
DE,ackley,2,440,1.155148502709825,13260,30,0.8,0.9,best
DE,ackley,2,441,1.155148502709825,13290,30,0.8,0.9,best
DE,ackley,2,442,1.155148502709825,13320,30,0.8,0.9,best
DE,ackley,2,443,1.155148502709825,13350,30,0.8,0.9,best
DE,ackley,2,444,1.155148502709825,13380,30,0.8,0.9,best
DE,ackley,2,445,1.155148502709825,13410,30,0.8,0.9,best
DE,ackley,2,446,1.155148502709825,13440,30,0.8,0.9,best
DE,ackley,2,447,1.155148502709825,13470,30,0.8,0.9,best
DE,ackley,2,448,1.155148502709825,13500,30,0.8,0.9,best
DE,ackley,2,449,1.155148502709825,13530,30,0.8,0.9,best
DE,ackley,2,450,1.155148502709825,13560,30,0.8,0.9,best
DE,ackley,2,451,1.155148502709825,13590,30,0.8,0.9,best
DE,ackley,2,452,1.155148502709825,13620,30,0.8,0.9,best
DE,ackley,2,453,1.155148502709825,13650,30,0.8,0.9,best
DE,ackley,2,454,1.155148502709825,13680,30,0.8,0.9,best
DE,ackley,2,455,1.155148502709825,13710,30,0.8,0.9,best
DE,ackley,2,456,1.155148502709825,13740,30,0.8,0.9,best
DE,ackley,2,457,1.155148502709825,13770,30,0.8,0.9,best
DE,ackley,2,458,1.155148502709825,13800,30,0.8,0.9,best
DE,ackley,2,459,1.155148502709825,13830,30,0.8,0.9,best
DE,ackley,2,460,1.155148502709825,13860,30,0.8,0.9,best
DE,ackley,2,461,1.155148502709825,13890,30,0.8,0.9,best
DE,ackley,2,462,1.155148502709825,13920,30,0.8,0.9,best
DE,ackley,2,463,1.155148502709825,13950,30,0.8,0.9,best
DE,ackley,2,464,1.155148502709825,13980,30,0.8,0.9,best
DE,ackley,2,465,1.155148502709825,14010,30,0.8,0.9,best
DE,ackley,2,466,1.155148502709825,14040,30,0.8,0.9,best
DE,ackley,2,467,1.155148502709825,14070,30,0.8,0.9,best
DE,ackley,2,468,1.155148502709825,14100,30,0.8,0.9,best
DE,ackley,2,469,1.155148502709825,14130,30,0.8,0.9,best
DE,ackley,2,470,1.155148502709825,14160,30,0.8,0.9,best
DE,ackley,2,471,1.155148502709825,14190,30,0.8,0.9,best
DE,ackley,2,472,1.155148502709825,14220,30,0.8,0.9,best
DE,ackley,2,473,1.155148502709825,14250,30,0.8,0.9,best
DE,ackley,2,474,1.155148502709825,14280,30,0.8,0.9,best
DE,ackley,2,475,1.155148502709825,14310,30,0.8,0.9,best
DE,ackley,2,476,1.155148502709825,14340,30,0.8,0.9,best
DE,ackley,2,477,1.155148502709825,14370,30,0.8,0.9,best
DE,ackley,2,478,1.155148502709825,14400,30,0.8,0.9,best
DE,ackley,2,479,1.155148502709825,14430,30,0.8,0.9,best
DE,ackley,2,480,1.155148502709825,14460,30,0.8,0.9,best
DE,ackley,2,481,1.155148502709825,14490,30,0.8,0.9,best
DE,ackley,2,482,1.155148502709825,14520,30,0.8,0.9,best
DE,ackley,2,483,1.155148502709825,14550,30,0.8,0.9,best
DE,ackley,2,484,1.155148502709825,14580,30,0.8,0.9,best
DE,ackley,2,485,1.155148502709825,14610,30,0.8,0.9,best
DE,ackley,2,486,1.155148502709825,14640,30,0.8,0.9,best
DE,ackley,2,487,1.155148502709825,14670,30,0.8,0.9,best
DE,ackley,2,488,1.155148502709825,14700,30,0.8,0.9,best
DE,ackley,2,489,1.155148502709825,14730,30,0.8,0.9,best
DE,ackley,2,490,1.155148502709825,14760,30,0.8,0.9,best
DE,ackley,2,491,1.155148502709825,14790,30,0.8,0.9,best
DE,ackley,2,492,1.155148502709825,14820,30,0.8,0.9,best
DE,ackley,2,493,1.155148502709825,14850,30,0.8,0.9,best
DE,ackley,2,494,1.155148502709825,14880,30,0.8,0.9,best
DE,ackley,2,495,1.155148502709825,14910,30,0.8,0.9,best
DE,ackley,2,496,1.155148502709825,14940,30,0.8,0.9,best
DE,ackley,2,497,1.155148502709825,14970,30,0.8,0.9,best
DE,ackley,2,498,1.155148502709825,15000,30,0.8,0.9,best
DE,ackley,2,499,1.155148502709825,15030,30,0.8,0.9,best
DE,ackley,2,500,1.155148502709825,15060,30,0.8,0.9,best
DE,ackley,2,501,1.155148502709825,15090,30,0.8,0.9,best
DE,ackley,2,502,1.155148502709825,15120,30,0.8,0.9,best
DE,ackley,2,503,1.155148502709825,15150,30,0.8,0.9,best
DE,ackley,2,504,1.155148502709825,15180,30,0.8,0.9,best
DE,ackley,2,505,1.155148502709825,15210,30,0.8,0.9,best
DE,ackley,2,506,1.155148502709825,15240,30,0.8,0.9,best
DE,ackley,2,507,1.155148502709825,15270,30,0.8,0.9,best
DE,ackley,2,508,1.155148502709825,15300,30,0.8,0.9,best
DE,ackley,2,509,1.155148502709825,15330,30,0.8,0.9,best
DE,ackley,2,510,1.155148502709825,15360,30,0.8,0.9,best
DE,ackley,2,511,1.155148502709825,15390,30,0.8,0.9,best
DE,ackley,2,512,1.155148502709825,15420,30,0.8,0.9,best
DE,ackley,2,513,1.155148502709825,15450,30,0.8,0.9,best
DE,ackley,2,514,1.155148502709825,15480,30,0.8,0.9,best
DE,ackley,2,515,1.155148502709825,15510,30,0.8,0.9,best
DE,ackley,2,516,1.155148502709825,15540,30,0.8,0.9,best
DE,ackley,2,517,1.155148502709825,15570,30,0.8,0.9,best
DE,ackley,2,518,1.155148502709825,15600,30,0.8,0.9,best
DE,ackley,2,519,1.155148502709825,15630,30,0.8,0.9,best
DE,ackley,2,520,1.155148502709825,15660,30,0.8,0.9,best
DE,ackley,2,521,1.155148502709825,15690,30,0.8,0.9,best
DE,ackley,2,522,1.155148502709825,15720,30,0.8,0.9,best
DE,ackley,2,523,1.155148502709825,15750,30,0.8,0.9,best
DE,ackley,2,524,1.155148502709825,15780,30,0.8,0.9,best
DE,ackley,2,525,1.155148502709825,15810,30,0.8,0.9,best
DE,ackley,2,526,1.155148502709825,15840,30,0.8,0.9,best
DE,ackley,2,527,1.155148502709825,15870,30,0.8,0.9,best
DE,ackley,2,528,1.155148502709825,15900,30,0.8,0.9,best
DE,ackley,2,529,1.155148502709825,15930,30,0.8,0.9,best
DE,ackley,2,530,1.155148502709825,15960,30,0.8,0.9,best
DE,ackley,2,531,1.155148502709825,15990,30,0.8,0.9,best
DE,ackley,2,532,1.155148502709825,16020,30,0.8,0.9,best
DE,ackley,2,533,1.155148502709825,16050,30,0.8,0.9,best
DE,ackley,2,534,1.155148502709825,16080,30,0.8,0.9,best
DE,ackley,2,535,1.155148502709825,16110,30,0.8,0.9,best
DE,ackley,2,536,1.155148502709825,16140,30,0.8,0.9,best
DE,ackley,2,537,1.155148502709825,16170,30,0.8,0.9,best
DE,ackley,2,538,1.155148502709825,16200,30,0.8,0.9,best
DE,ackley,2,539,1.155148502709825,16230,30,0.8,0.9,best
DE,ackley,2,540,1.155148502709825,16260,30,0.8,0.9,best
DE,ackley,2,541,1.155148502709825,16290,30,0.8,0.9,best
DE,ackley,2,542,1.155148502709825,16320,30,0.8,0.9,best
DE,ackley,2,543,1.155148502709825,16350,30,0.8,0.9,best
DE,ackley,2,544,1.155148502709825,16380,30,0.8,0.9,best
DE,ackley,2,545,1.155148502709825,16410,30,0.8,0.9,best
DE,ackley,2,546,1.155148502709825,16440,30,0.8,0.9,best
DE,ackley,2,547,1.155148502709825,16470,30,0.8,0.9,best
DE,ackley,2,548,1.155148502709825,16500,30,0.8,0.9,best
DE,ackley,2,549,1.155148502709825,16530,30,0.8,0.9,best
DE,ackley,2,550,1.155148502709825,16560,30,0.8,0.9,best
DE,ackley,2,551,1.155148502709825,16590,30,0.8,0.9,best
DE,ackley,2,552,1.155148502709825,16620,30,0.8,0.9,best
DE,ackley,2,553,1.155148502709825,16650,30,0.8,0.9,best
DE,ackley,2,554,1.155148502709825,16680,30,0.8,0.9,best
DE,ackley,2,555,1.155148502709825,16710,30,0.8,0.9,best
DE,ackley,2,556,1.155148502709825,16740,30,0.8,0.9,best
DE,ackley,2,557,1.155148502709825,16770,30,0.8,0.9,best
DE,ackley,2,558,1.155148502709825,16800,30,0.8,0.9,best
DE,ackley,2,559,1.155148502709825,16830,30,0.8,0.9,best
DE,ackley,2,560,1.155148502709825,16860,30,0.8,0.9,best
DE,ackley,2,561,1.155148502709825,16890,30,0.8,0.9,best
DE,ackley,2,562,1.155148502709825,16920,30,0.8,0.9,best
DE,ackley,2,563,1.155148502709825,16950,30,0.8,0.9,best
DE,ackley,2,564,1.155148502709825,16980,30,0.8,0.9,best
DE,ackley,2,565,1.155148502709825,17010,30,0.8,0.9,best
DE,ackley,2,566,1.155148502709825,17040,30,0.8,0.9,best
DE,ackley,2,567,1.155148502709825,17070,30,0.8,0.9,best
DE,ackley,2,568,1.155148502709825,17100,30,0.8,0.9,best
DE,ackley,2,569,1.155148502709825,17130,30,0.8,0.9,best
DE,ackley,2,570,1.155148502709825,17160,30,0.8,0.9,best
DE,ackley,2,571,1.155148502709825,17190,30,0.8,0.9,best
DE,ackley,2,572,1.155148502709825,17220,30,0.8,0.9,best
DE,ackley,2,573,1.155148502709825,17250,30,0.8,0.9,best
DE,ackley,2,574,1.155148502709825,17280,30,0.8,0.9,best
DE,ackley,2,575,1.155148502709825,17310,30,0.8,0.9,best
DE,ackley,2,576,1.155148502709825,17340,30,0.8,0.9,best
DE,ackley,2,577,1.155148502709825,17370,30,0.8,0.9,best
DE,ackley,2,578,1.155148502709825,17400,30,0.8,0.9,best
DE,ackley,2,579,1.155148502709825,17430,30,0.8,0.9,best
DE,ackley,2,580,1.155148502709825,17460,30,0.8,0.9,best
DE,ackley,2,581,1.155148502709825,17490,30,0.8,0.9,best
DE,ackley,2,582,1.155148502709825,17520,30,0.8,0.9,best
DE,ackley,2,583,1.155148502709825,17550,30,0.8,0.9,best
DE,ackley,2,584,1.155148502709825,17580,30,0.8,0.9,best
DE,ackley,2,585,1.155148502709825,17610,30,0.8,0.9,best
DE,ackley,2,586,1.155148502709825,17640,30,0.8,0.9,best
DE,ackley,2,587,1.155148502709825,17670,30,0.8,0.9,best
DE,ackley,2,588,1.155148502709825,17700,30,0.8,0.9,best
DE,ackley,2,589,1.155148502709825,17730,30,0.8,0.9,best
DE,ackley,2,590,1.155148502709825,17760,30,0.8,0.9,best
DE,ackley,2,591,1.155148502709825,17790,30,0.8,0.9,best
DE,ackley,2,592,1.155148502709825,17820,30,0.8,0.9,best
DE,ackley,2,593,1.155148502709825,17850,30,0.8,0.9,best
DE,ackley,2,594,1.155148502709825,17880,30,0.8,0.9,best
DE,ackley,2,595,1.155148502709825,17910,30,0.8,0.9,best
DE,ackley,2,596,1.155148502709825,17940,30,0.8,0.9,best
DE,ackley,2,597,1.155148502709825,17970,30,0.8,0.9,best
DE,ackley,2,598,1.155148502709825,18000,30,0.8,0.9,best
DE,ackley,2,599,1.155148502709825,18030,30,0.8,0.9,best
DE,ackley,2,600,1.155148502709825,18060,30,0.8,0.9,best
DE,ackley,2,601,1.155148502709825,18090,30,0.8,0.9,best
DE,ackley,2,602,1.155148502709825,18120,30,0.8,0.9,best
DE,ackley,2,603,1.155148502709825,18150,30,0.8,0.9,best
DE,ackley,2,604,1.155148502709825,18180,30,0.8,0.9,best
DE,ackley,2,605,1.155148502709825,18210,30,0.8,0.9,best
DE,ackley,2,606,1.155148502709825,18240,30,0.8,0.9,best
DE,ackley,2,607,1.155148502709825,18270,30,0.8,0.9,best
DE,ackley,2,608,1.155148502709825,18300,30,0.8,0.9,best
DE,ackley,2,609,1.155148502709825,18330,30,0.8,0.9,best
DE,ackley,2,610,1.155148502709825,18360,30,0.8,0.9,best
DE,ackley,2,611,1.155148502709825,18390,30,0.8,0.9,best
DE,ackley,2,612,1.155148502709825,18420,30,0.8,0.9,best
DE,ackley,2,613,1.155148502709825,18450,30,0.8,0.9,best
DE,ackley,2,614,1.155148502709825,18480,30,0.8,0.9,best
DE,ackley,2,615,1.155148502709825,18510,30,0.8,0.9,best
DE,ackley,2,616,1.155148502709825,18540,30,0.8,0.9,best
DE,ackley,2,617,1.155148502709825,18570,30,0.8,0.9,best
DE,ackley,2,618,1.155148502709825,18600,30,0.8,0.9,best
DE,ackley,2,619,1.155148502709825,18630,30,0.8,0.9,best
DE,ackley,2,620,1.155148502709825,18660,30,0.8,0.9,best
DE,ackley,2,621,1.155148502709825,18690,30,0.8,0.9,best
DE,ackley,2,622,1.155148502709825,18720,30,0.8,0.9,best
DE,ackley,2,623,1.155148502709825,18750,30,0.8,0.9,best
DE,ackley,2,624,1.155148502709825,18780,30,0.8,0.9,best
DE,ackley,2,625,1.155148502709825,18810,30,0.8,0.9,best
DE,ackley,2,626,1.155148502709825,18840,30,0.8,0.9,best
DE,ackley,2,627,1.155148502709825,18870,30,0.8,0.9,best
DE,ackley,2,628,1.155148502709825,18900,30,0.8,0.9,best
DE,ackley,2,629,1.155148502709825,18930,30,0.8,0.9,best
DE,ackley,2,630,1.155148502709825,18960,30,0.8,0.9,best
DE,ackley,2,631,1.155148502709825,18990,30,0.8,0.9,best
DE,ackley,2,632,1.155148502709825,19020,30,0.8,0.9,best
DE,ackley,2,633,1.155148502709825,19050,30,0.8,0.9,best
DE,ackley,2,634,1.155148502709825,19080,30,0.8,0.9,best
DE,ackley,2,635,1.155148502709825,19110,30,0.8,0.9,best
DE,ackley,2,636,1.155148502709825,19140,30,0.8,0.9,best
DE,ackley,2,637,1.155148502709825,19170,30,0.8,0.9,best
DE,ackley,2,638,1.155148502709825,19200,30,0.8,0.9,best
DE,ackley,2,639,1.155148502709825,19230,30,0.8,0.9,best
DE,ackley,2,640,1.155148502709825,19260,30,0.8,0.9,best
DE,ackley,2,641,1.155148502709825,19290,30,0.8,0.9,best
DE,ackley,2,642,1.155148502709825,19320,30,0.8,0.9,best
DE,ackley,2,643,1.155148502709825,19350,30,0.8,0.9,best
DE,ackley,2,644,1.155148502709825,19380,30,0.8,0.9,best
DE,ackley,2,645,1.155148502709825,19410,30,0.8,0.9,best
DE,ackley,2,646,1.155148502709825,19440,30,0.8,0.9,best
DE,ackley,2,647,1.155148502709825,19470,30,0.8,0.9,best
DE,ackley,2,648,1.155148502709825,19500,30,0.8,0.9,best
DE,ackley,2,649,1.155148502709825,19530,30,0.8,0.9,best
DE,ackley,2,650,1.155148502709825,19560,30,0.8,0.9,best
DE,ackley,2,651,1.155148502709825,19590,30,0.8,0.9,best
DE,ackley,2,652,1.155148502709825,19620,30,0.8,0.9,best
DE,ackley,2,653,1.155148502709825,19650,30,0.8,0.9,best
DE,ackley,2,654,1.155148502709825,19680,30,0.8,0.9,best
DE,ackley,2,655,1.155148502709825,19710,30,0.8,0.9,best
DE,ackley,2,656,1.155148502709825,19740,30,0.8,0.9,best
DE,ackley,2,657,1.155148502709825,19770,30,0.8,0.9,best
DE,ackley,2,658,1.155148502709825,19800,30,0.8,0.9,best
DE,ackley,2,659,1.155148502709825,19830,30,0.8,0.9,best
DE,ackley,2,660,1.155148502709825,19860,30,0.8,0.9,best
DE,ackley,2,661,1.155148502709825,19890,30,0.8,0.9,best
DE,ackley,2,662,1.155148502709825,19920,30,0.8,0.9,best
DE,ackley,2,663,1.155148502709825,19950,30,0.8,0.9,best
DE,ackley,2,664,1.155148502709825,19980,30,0.8,0.9,best
DE,ackley,2,665,1.155148502709825,20010,30,0.8,0.9,best
DE,ackley,2,666,1.155148502709825,20040,30,0.8,0.9,best
DE,ackley,2,667,1.155148502709825,20070,30,0.8,0.9,best
DE,ackley,2,668,1.155148502709825,20100,30,0.8,0.9,best
DE,ackley,2,669,1.155148502709825,20130,30,0.8,0.9,best
DE,ackley,2,670,1.155148502709825,20160,30,0.8,0.9,best
DE,ackley,2,671,1.155148502709825,20190,30,0.8,0.9,best
DE,ackley,2,672,1.155148502709825,20220,30,0.8,0.9,best
DE,ackley,2,673,1.155148502709825,20250,30,0.8,0.9,best
DE,ackley,2,674,1.155148502709825,20280,30,0.8,0.9,best
DE,ackley,2,675,1.155148502709825,20310,30,0.8,0.9,best
DE,ackley,2,676,1.155148502709825,20340,30,0.8,0.9,best
DE,ackley,2,677,1.155148502709825,20370,30,0.8,0.9,best
DE,ackley,2,678,1.155148502709825,20400,30,0.8,0.9,best
DE,ackley,2,679,1.155148502709825,20430,30,0.8,0.9,best
DE,ackley,2,680,1.155148502709825,20460,30,0.8,0.9,best
DE,ackley,2,681,1.155148502709825,20490,30,0.8,0.9,best
DE,ackley,2,682,1.155148502709825,20520,30,0.8,0.9,best
DE,ackley,2,683,1.155148502709825,20550,30,0.8,0.9,best
DE,ackley,2,684,1.155148502709825,20580,30,0.8,0.9,best
DE,ackley,2,685,1.155148502709825,20610,30,0.8,0.9,best
DE,ackley,2,686,1.155148502709825,20640,30,0.8,0.9,best
DE,ackley,2,687,1.155148502709825,20670,30,0.8,0.9,best
DE,ackley,2,688,1.155148502709825,20700,30,0.8,0.9,best
DE,ackley,2,689,1.155148502709825,20730,30,0.8,0.9,best
DE,ackley,2,690,1.155148502709825,20760,30,0.8,0.9,best
DE,ackley,2,691,1.155148502709825,20790,30,0.8,0.9,best
DE,ackley,2,692,1.155148502709825,20820,30,0.8,0.9,best
DE,ackley,2,693,1.155148502709825,20850,30,0.8,0.9,best
DE,ackley,2,694,1.155148502709825,20880,30,0.8,0.9,best
DE,ackley,2,695,1.155148502709825,20910,30,0.8,0.9,best
DE,ackley,2,696,1.155148502709825,20940,30,0.8,0.9,best
DE,ackley,2,697,1.155148502709825,20970,30,0.8,0.9,best
DE,ackley,2,698,1.155148502709825,21000,30,0.8,0.9,best
DE,ackley,2,699,1.155148502709825,21030,30,0.8,0.9,best
DE,ackley,2,700,1.155148502709825,21060,30,0.8,0.9,best
DE,ackley,2,701,1.155148502709825,21090,30,0.8,0.9,best
DE,ackley,2,702,1.155148502709825,21120,30,0.8,0.9,best
DE,ackley,2,703,1.155148502709825,21150,30,0.8,0.9,best
DE,ackley,2,704,1.155148502709825,21180,30,0.8,0.9,best
DE,ackley,2,705,1.155148502709825,21210,30,0.8,0.9,best
DE,ackley,2,706,1.155148502709825,21240,30,0.8,0.9,best
DE,ackley,2,707,1.155148502709825,21270,30,0.8,0.9,best
DE,ackley,2,708,1.155148502709825,21300,30,0.8,0.9,best
DE,ackley,2,709,1.155148502709825,21330,30,0.8,0.9,best
DE,ackley,2,710,1.155148502709825,21360,30,0.8,0.9,best
DE,ackley,2,711,1.155148502709825,21390,30,0.8,0.9,best
DE,ackley,2,712,1.155148502709825,21420,30,0.8,0.9,best
DE,ackley,2,713,1.155148502709825,21450,30,0.8,0.9,best
DE,ackley,2,714,1.155148502709825,21480,30,0.8,0.9,best
DE,ackley,2,715,1.155148502709825,21510,30,0.8,0.9,best
DE,ackley,2,716,1.155148502709825,21540,30,0.8,0.9,best
DE,ackley,2,717,1.155148502709825,21570,30,0.8,0.9,best
DE,ackley,2,718,1.155148502709825,21600,30,0.8,0.9,best
DE,ackley,2,719,1.155148502709825,21630,30,0.8,0.9,best
DE,ackley,2,720,1.155148502709825,21660,30,0.8,0.9,best
DE,ackley,2,721,1.155148502709825,21690,30,0.8,0.9,best
DE,ackley,2,722,1.155148502709825,21720,30,0.8,0.9,best
DE,ackley,2,723,1.155148502709825,21750,30,0.8,0.9,best
DE,ackley,2,724,1.155148502709825,21780,30,0.8,0.9,best
DE,ackley,2,725,1.155148502709825,21810,30,0.8,0.9,best
DE,ackley,2,726,1.155148502709825,21840,30,0.8,0.9,best
DE,ackley,2,727,1.155148502709825,21870,30,0.8,0.9,best
DE,ackley,2,728,1.155148502709825,21900,30,0.8,0.9,best
DE,ackley,2,729,1.155148502709825,21930,30,0.8,0.9,best
DE,ackley,2,730,1.155148502709825,21960,30,0.8,0.9,best
DE,ackley,2,731,1.155148502709825,21990,30,0.8,0.9,best
DE,ackley,2,732,1.155148502709825,22020,30,0.8,0.9,best
DE,ackley,2,733,1.155148502709825,22050,30,0.8,0.9,best
DE,ackley,2,734,1.155148502709825,22080,30,0.8,0.9,best
DE,ackley,2,735,1.155148502709825,22110,30,0.8,0.9,best
DE,ackley,2,736,1.155148502709825,22140,30,0.8,0.9,best
DE,ackley,2,737,1.155148502709825,22170,30,0.8,0.9,best
DE,ackley,2,738,1.155148502709825,22200,30,0.8,0.9,best
DE,ackley,2,739,1.155148502709825,22230,30,0.8,0.9,best
DE,ackley,2,740,1.155148502709825,22260,30,0.8,0.9,best
DE,ackley,2,741,1.155148502709825,22290,30,0.8,0.9,best
DE,ackley,2,742,1.155148502709825,22320,30,0.8,0.9,best
DE,ackley,2,743,1.155148502709825,22350,30,0.8,0.9,best
DE,ackley,2,744,1.155148502709825,22380,30,0.8,0.9,best
DE,ackley,2,745,1.155148502709825,22410,30,0.8,0.9,best
DE,ackley,2,746,1.155148502709825,22440,30,0.8,0.9,best
DE,ackley,2,747,1.155148502709825,22470,30,0.8,0.9,best
DE,ackley,2,748,1.155148502709825,22500,30,0.8,0.9,best
DE,ackley,2,749,1.155148502709825,22530,30,0.8,0.9,best
DE,ackley,2,750,1.155148502709825,22560,30,0.8,0.9,best
DE,ackley,2,751,1.155148502709825,22590,30,0.8,0.9,best
DE,ackley,2,752,1.155148502709825,22620,30,0.8,0.9,best
DE,ackley,2,753,1.155148502709825,22650,30,0.8,0.9,best
DE,ackley,2,754,1.155148502709825,22680,30,0.8,0.9,best
DE,ackley,2,755,1.155148502709825,22710,30,0.8,0.9,best
DE,ackley,2,756,1.155148502709825,22740,30,0.8,0.9,best
DE,ackley,2,757,1.155148502709825,22770,30,0.8,0.9,best
DE,ackley,2,758,1.155148502709825,22800,30,0.8,0.9,best
DE,ackley,2,759,1.155148502709825,22830,30,0.8,0.9,best
DE,ackley,2,760,1.155148502709825,22860,30,0.8,0.9,best
DE,ackley,2,761,1.155148502709825,22890,30,0.8,0.9,best
DE,ackley,2,762,1.155148502709825,22920,30,0.8,0.9,best
DE,ackley,2,763,1.155148502709825,22950,30,0.8,0.9,best
DE,ackley,2,764,1.155148502709825,22980,30,0.8,0.9,best
DE,ackley,2,765,1.155148502709825,23010,30,0.8,0.9,best
DE,ackley,2,766,1.155148502709825,23040,30,0.8,0.9,best
DE,ackley,2,767,1.155148502709825,23070,30,0.8,0.9,best
DE,ackley,2,768,1.155148502709825,23100,30,0.8,0.9,best
DE,ackley,2,769,1.155148502709825,23130,30,0.8,0.9,best
DE,ackley,2,770,1.155148502709825,23160,30,0.8,0.9,best
DE,ackley,2,771,1.155148502709825,23190,30,0.8,0.9,best
DE,ackley,2,772,1.155148502709825,23220,30,0.8,0.9,best
DE,ackley,2,773,1.155148502709825,23250,30,0.8,0.9,best
DE,ackley,2,774,1.155148502709825,23280,30,0.8,0.9,best
DE,ackley,2,775,1.155148502709825,23310,30,0.8,0.9,best
DE,ackley,2,776,1.155148502709825,23340,30,0.8,0.9,best
DE,ackley,2,777,1.155148502709825,23370,30,0.8,0.9,best
DE,ackley,2,778,1.155148502709825,23400,30,0.8,0.9,best
DE,ackley,2,779,1.155148502709825,23430,30,0.8,0.9,best
DE,ackley,2,780,1.155148502709825,23460,30,0.8,0.9,best
DE,ackley,2,781,1.155148502709825,23490,30,0.8,0.9,best
DE,ackley,2,782,1.155148502709825,23520,30,0.8,0.9,best
DE,ackley,2,783,1.155148502709825,23550,30,0.8,0.9,best
DE,ackley,2,784,1.155148502709825,23580,30,0.8,0.9,best
DE,ackley,2,785,1.155148502709825,23610,30,0.8,0.9,best
DE,ackley,2,786,1.155148502709825,23640,30,0.8,0.9,best
DE,ackley,2,787,1.155148502709825,23670,30,0.8,0.9,best
DE,ackley,2,788,1.155148502709825,23700,30,0.8,0.9,best
DE,ackley,2,789,1.155148502709825,23730,30,0.8,0.9,best
DE,ackley,2,790,1.155148502709825,23760,30,0.8,0.9,best
DE,ackley,2,791,1.155148502709825,23790,30,0.8,0.9,best
DE,ackley,2,792,1.155148502709825,23820,30,0.8,0.9,best
DE,ackley,2,793,1.155148502709825,23850,30,0.8,0.9,best
DE,ackley,2,794,1.155148502709825,23880,30,0.8,0.9,best
DE,ackley,2,795,1.155148502709825,23910,30,0.8,0.9,best
DE,ackley,2,796,1.155148502709825,23940,30,0.8,0.9,best
DE,ackley,2,797,1.155148502709825,23970,30,0.8,0.9,best
DE,ackley,2,798,1.155148502709825,24000,30,0.8,0.9,best
DE,ackley,2,799,1.155148502709825,24030,30,0.8,0.9,best
DE,ackley,2,800,1.155148502709825,24060,30,0.8,0.9,best
DE,ackley,2,801,1.155148502709825,24090,30,0.8,0.9,best
DE,ackley,2,802,1.155148502709825,24120,30,0.8,0.9,best
DE,ackley,2,803,1.155148502709825,24150,30,0.8,0.9,best
DE,ackley,2,804,1.155148502709825,24180,30,0.8,0.9,best
DE,ackley,2,805,1.155148502709825,24210,30,0.8,0.9,best
DE,ackley,2,806,1.155148502709825,24240,30,0.8,0.9,best
DE,ackley,2,807,1.155148502709825,24270,30,0.8,0.9,best
DE,ackley,2,808,1.155148502709825,24300,30,0.8,0.9,best
DE,ackley,2,809,1.155148502709825,24330,30,0.8,0.9,best
DE,ackley,2,810,1.155148502709825,24360,30,0.8,0.9,best
DE,ackley,2,811,1.155148502709825,24390,30,0.8,0.9,best
DE,ackley,2,812,1.155148502709825,24420,30,0.8,0.9,best
DE,ackley,2,813,1.155148502709825,24450,30,0.8,0.9,best
DE,ackley,2,814,1.155148502709825,24480,30,0.8,0.9,best
DE,ackley,2,815,1.155148502709825,24510,30,0.8,0.9,best
DE,ackley,2,816,1.155148502709825,24540,30,0.8,0.9,best
DE,ackley,2,817,1.155148502709825,24570,30,0.8,0.9,best
DE,ackley,2,818,1.155148502709825,24600,30,0.8,0.9,best
DE,ackley,2,819,1.155148502709825,24630,30,0.8,0.9,best
DE,ackley,2,820,1.155148502709825,24660,30,0.8,0.9,best
DE,ackley,2,821,1.155148502709825,24690,30,0.8,0.9,best
DE,ackley,2,822,1.155148502709825,24720,30,0.8,0.9,best
DE,ackley,2,823,1.155148502709825,24750,30,0.8,0.9,best
DE,ackley,2,824,1.155148502709825,24780,30,0.8,0.9,best
DE,ackley,2,825,1.155148502709825,24810,30,0.8,0.9,best
DE,ackley,2,826,1.155148502709825,24840,30,0.8,0.9,best
DE,ackley,2,827,1.155148502709825,24870,30,0.8,0.9,best
DE,ackley,2,828,1.155148502709825,24900,30,0.8,0.9,best
DE,ackley,2,829,1.155148502709825,24930,30,0.8,0.9,best
DE,ackley,2,830,1.155148502709825,24960,30,0.8,0.9,best
DE,ackley,2,831,1.155148502709825,24990,30,0.8,0.9,best
DE,ackley,2,832,1.155148502709825,25020,30,0.8,0.9,best
DE,ackley,2,833,1.155148502709825,25050,30,0.8,0.9,best
DE,ackley,2,834,1.155148502709825,25080,30,0.8,0.9,best
DE,ackley,2,835,1.155148502709825,25110,30,0.8,0.9,best
DE,ackley,2,836,1.155148502709825,25140,30,0.8,0.9,best
DE,ackley,2,837,1.155148502709825,25170,30,0.8,0.9,best
DE,ackley,2,838,1.155148502709825,25200,30,0.8,0.9,best
DE,ackley,2,839,1.155148502709825,25230,30,0.8,0.9,best
DE,ackley,2,840,1.155148502709825,25260,30,0.8,0.9,best
DE,ackley,2,841,1.155148502709825,25290,30,0.8,0.9,best
DE,ackley,2,842,1.155148502709825,25320,30,0.8,0.9,best
DE,ackley,2,843,1.155148502709825,25350,30,0.8,0.9,best
DE,ackley,2,844,1.155148502709825,25380,30,0.8,0.9,best
DE,ackley,2,845,1.155148502709825,25410,30,0.8,0.9,best
DE,ackley,2,846,1.155148502709825,25440,30,0.8,0.9,best
DE,ackley,2,847,1.155148502709825,25470,30,0.8,0.9,best
DE,ackley,2,848,1.155148502709825,25500,30,0.8,0.9,best
DE,ackley,2,849,1.155148502709825,25530,30,0.8,0.9,best
DE,ackley,2,850,1.155148502709825,25560,30,0.8,0.9,best
DE,ackley,2,851,1.155148502709825,25590,30,0.8,0.9,best
DE,ackley,2,852,1.155148502709825,25620,30,0.8,0.9,best
DE,ackley,2,853,1.155148502709825,25650,30,0.8,0.9,best
DE,ackley,2,854,1.155148502709825,25680,30,0.8,0.9,best
DE,ackley,2,855,1.155148502709825,25710,30,0.8,0.9,best
DE,ackley,2,856,1.155148502709825,25740,30,0.8,0.9,best
DE,ackley,2,857,1.155148502709825,25770,30,0.8,0.9,best
DE,ackley,2,858,1.155148502709825,25800,30,0.8,0.9,best
DE,ackley,2,859,1.155148502709825,25830,30,0.8,0.9,best
DE,ackley,2,860,1.155148502709825,25860,30,0.8,0.9,best
DE,ackley,2,861,1.155148502709825,25890,30,0.8,0.9,best
DE,ackley,2,862,1.155148502709825,25920,30,0.8,0.9,best
DE,ackley,2,863,1.155148502709825,25950,30,0.8,0.9,best
DE,ackley,2,864,1.155148502709825,25980,30,0.8,0.9,best
DE,ackley,2,865,1.155148502709825,26010,30,0.8,0.9,best
DE,ackley,2,866,1.155148502709825,26040,30,0.8,0.9,best
DE,ackley,2,867,1.155148502709825,26070,30,0.8,0.9,best
DE,ackley,2,868,1.155148502709825,26100,30,0.8,0.9,best
DE,ackley,2,869,1.155148502709825,26130,30,0.8,0.9,best
DE,ackley,2,870,1.155148502709825,26160,30,0.8,0.9,best
DE,ackley,2,871,1.155148502709825,26190,30,0.8,0.9,best
DE,ackley,2,872,1.155148502709825,26220,30,0.8,0.9,best
DE,ackley,2,873,1.155148502709825,26250,30,0.8,0.9,best
DE,ackley,2,874,1.155148502709825,26280,30,0.8,0.9,best
DE,ackley,2,875,1.155148502709825,26310,30,0.8,0.9,best
DE,ackley,2,876,1.155148502709825,26340,30,0.8,0.9,best
DE,ackley,2,877,1.155148502709825,26370,30,0.8,0.9,best
DE,ackley,2,878,1.155148502709825,26400,30,0.8,0.9,best
DE,ackley,2,879,1.155148502709825,26430,30,0.8,0.9,best
DE,ackley,2,880,1.155148502709825,26460,30,0.8,0.9,best
DE,ackley,2,881,1.155148502709825,26490,30,0.8,0.9,best
DE,ackley,2,882,1.155148502709825,26520,30,0.8,0.9,best
DE,ackley,2,883,1.155148502709825,26550,30,0.8,0.9,best
DE,ackley,2,884,1.155148502709825,26580,30,0.8,0.9,best
DE,ackley,2,885,1.155148502709825,26610,30,0.8,0.9,best
DE,ackley,2,886,1.155148502709825,26640,30,0.8,0.9,best
DE,ackley,2,887,1.155148502709825,26670,30,0.8,0.9,best
DE,ackley,2,888,1.155148502709825,26700,30,0.8,0.9,best
DE,ackley,2,889,1.155148502709825,26730,30,0.8,0.9,best
DE,ackley,2,890,1.155148502709825,26760,30,0.8,0.9,best
DE,ackley,2,891,1.155148502709825,26790,30,0.8,0.9,best
DE,ackley,2,892,1.155148502709825,26820,30,0.8,0.9,best
DE,ackley,2,893,1.155148502709825,26850,30,0.8,0.9,best
DE,ackley,2,894,1.155148502709825,26880,30,0.8,0.9,best
DE,ackley,2,895,1.155148502709825,26910,30,0.8,0.9,best
DE,ackley,2,896,1.155148502709825,26940,30,0.8,0.9,best
DE,ackley,2,897,1.155148502709825,26970,30,0.8,0.9,best
DE,ackley,2,898,1.155148502709825,27000,30,0.8,0.9,best
DE,ackley,2,899,1.155148502709825,27030,30,0.8,0.9,best
DE,ackley,2,900,1.155148502709825,27060,30,0.8,0.9,best
DE,ackley,2,901,1.155148502709825,27090,30,0.8,0.9,best
DE,ackley,2,902,1.155148502709825,27120,30,0.8,0.9,best
DE,ackley,2,903,1.155148502709825,27150,30,0.8,0.9,best
DE,ackley,2,904,1.155148502709825,27180,30,0.8,0.9,best
DE,ackley,2,905,1.155148502709825,27210,30,0.8,0.9,best
DE,ackley,2,906,1.155148502709825,27240,30,0.8,0.9,best
DE,ackley,2,907,1.155148502709825,27270,30,0.8,0.9,best
DE,ackley,2,908,1.155148502709825,27300,30,0.8,0.9,best
DE,ackley,2,909,1.155148502709825,27330,30,0.8,0.9,best
DE,ackley,2,910,1.155148502709825,27360,30,0.8,0.9,best
DE,ackley,2,911,1.155148502709825,27390,30,0.8,0.9,best
DE,ackley,2,912,1.155148502709825,27420,30,0.8,0.9,best
DE,ackley,2,913,1.155148502709825,27450,30,0.8,0.9,best
DE,ackley,2,914,1.155148502709825,27480,30,0.8,0.9,best
DE,ackley,2,915,1.155148502709825,27510,30,0.8,0.9,best
DE,ackley,2,916,1.155148502709825,27540,30,0.8,0.9,best
DE,ackley,2,917,1.155148502709825,27570,30,0.8,0.9,best
DE,ackley,2,918,1.155148502709825,27600,30,0.8,0.9,best
DE,ackley,2,919,1.155148502709825,27630,30,0.8,0.9,best
DE,ackley,2,920,1.155148502709825,27660,30,0.8,0.9,best
DE,ackley,2,921,1.155148502709825,27690,30,0.8,0.9,best
DE,ackley,2,922,1.155148502709825,27720,30,0.8,0.9,best
DE,ackley,2,923,1.155148502709825,27750,30,0.8,0.9,best
DE,ackley,2,924,1.155148502709825,27780,30,0.8,0.9,best
DE,ackley,2,925,1.155148502709825,27810,30,0.8,0.9,best
DE,ackley,2,926,1.155148502709825,27840,30,0.8,0.9,best
DE,ackley,2,927,1.155148502709825,27870,30,0.8,0.9,best
DE,ackley,2,928,1.155148502709825,27900,30,0.8,0.9,best
DE,ackley,2,929,1.155148502709825,27930,30,0.8,0.9,best
DE,ackley,2,930,1.155148502709825,27960,30,0.8,0.9,best
DE,ackley,2,931,1.155148502709825,27990,30,0.8,0.9,best
DE,ackley,2,932,1.155148502709825,28020,30,0.8,0.9,best
DE,ackley,2,933,1.155148502709825,28050,30,0.8,0.9,best
DE,ackley,2,934,1.155148502709825,28080,30,0.8,0.9,best
DE,ackley,2,935,1.155148502709825,28110,30,0.8,0.9,best
DE,ackley,2,936,1.155148502709825,28140,30,0.8,0.9,best
DE,ackley,2,937,1.155148502709825,28170,30,0.8,0.9,best
DE,ackley,2,938,1.155148502709825,28200,30,0.8,0.9,best
DE,ackley,2,939,1.155148502709825,28230,30,0.8,0.9,best
DE,ackley,2,940,1.155148502709825,28260,30,0.8,0.9,best
DE,ackley,2,941,1.155148502709825,28290,30,0.8,0.9,best
DE,ackley,2,942,1.155148502709825,28320,30,0.8,0.9,best
DE,ackley,2,943,1.155148502709825,28350,30,0.8,0.9,best
DE,ackley,2,944,1.155148502709825,28380,30,0.8,0.9,best
DE,ackley,2,945,1.155148502709825,28410,30,0.8,0.9,best
DE,ackley,2,946,1.155148502709825,28440,30,0.8,0.9,best
DE,ackley,2,947,1.155148502709825,28470,30,0.8,0.9,best
DE,ackley,2,948,1.155148502709825,28500,30,0.8,0.9,best
DE,ackley,2,949,1.155148502709825,28530,30,0.8,0.9,best
DE,ackley,2,950,1.155148502709825,28560,30,0.8,0.9,best
DE,ackley,2,951,1.155148502709825,28590,30,0.8,0.9,best
DE,ackley,2,952,1.155148502709825,28620,30,0.8,0.9,best
DE,ackley,2,953,1.155148502709825,28650,30,0.8,0.9,best
DE,ackley,2,954,1.155148502709825,28680,30,0.8,0.9,best
DE,ackley,2,955,1.155148502709825,28710,30,0.8,0.9,best
DE,ackley,2,956,1.155148502709825,28740,30,0.8,0.9,best
DE,ackley,2,957,1.155148502709825,28770,30,0.8,0.9,best
DE,ackley,2,958,1.155148502709825,28800,30,0.8,0.9,best
DE,ackley,2,959,1.155148502709825,28830,30,0.8,0.9,best
DE,ackley,2,960,1.155148502709825,28860,30,0.8,0.9,best
DE,ackley,2,961,1.155148502709825,28890,30,0.8,0.9,best
DE,ackley,2,962,1.155148502709825,28920,30,0.8,0.9,best
DE,ackley,2,963,1.155148502709825,28950,30,0.8,0.9,best
DE,ackley,2,964,1.155148502709825,28980,30,0.8,0.9,best
DE,ackley,2,965,1.155148502709825,29010,30,0.8,0.9,best
DE,ackley,2,966,1.155148502709825,29040,30,0.8,0.9,best
DE,ackley,2,967,1.155148502709825,29070,30,0.8,0.9,best
DE,ackley,2,968,1.155148502709825,29100,30,0.8,0.9,best
DE,ackley,2,969,1.155148502709825,29130,30,0.8,0.9,best
DE,ackley,2,970,1.155148502709825,29160,30,0.8,0.9,best
DE,ackley,2,971,1.155148502709825,29190,30,0.8,0.9,best
DE,ackley,2,972,1.155148502709825,29220,30,0.8,0.9,best
DE,ackley,2,973,1.155148502709825,29250,30,0.8,0.9,best
DE,ackley,2,974,1.155148502709825,29280,30,0.8,0.9,best
DE,ackley,2,975,1.155148502709825,29310,30,0.8,0.9,best
DE,ackley,2,976,1.155148502709825,29340,30,0.8,0.9,best
DE,ackley,2,977,1.155148502709825,29370,30,0.8,0.9,best
DE,ackley,2,978,1.155148502709825,29400,30,0.8,0.9,best
DE,ackley,2,979,1.155148502709825,29430,30,0.8,0.9,best
DE,ackley,2,980,1.155148502709825,29460,30,0.8,0.9,best
DE,ackley,2,981,1.155148502709825,29490,30,0.8,0.9,best
DE,ackley,2,982,1.155148502709825,29520,30,0.8,0.9,best
DE,ackley,2,983,1.155148502709825,29550,30,0.8,0.9,best
DE,ackley,2,984,1.155148502709825,29580,30,0.8,0.9,best
DE,ackley,2,985,1.155148502709825,29610,30,0.8,0.9,best
DE,ackley,2,986,1.155148502709825,29640,30,0.8,0.9,best
DE,ackley,2,987,1.155148502709825,29670,30,0.8,0.9,best
DE,ackley,2,988,1.155148502709825,29700,30,0.8,0.9,best
DE,ackley,2,989,1.155148502709825,29730,30,0.8,0.9,best
DE,ackley,2,990,1.155148502709825,29760,30,0.8,0.9,best
DE,ackley,2,991,1.155148502709825,29790,30,0.8,0.9,best
DE,ackley,2,992,1.155148502709825,29820,30,0.8,0.9,best
DE,ackley,2,993,1.155148502709825,29850,30,0.8,0.9,best
DE,ackley,2,994,1.155148502709825,29880,30,0.8,0.9,best
DE,ackley,2,995,1.155148502709825,29910,30,0.8,0.9,best
DE,ackley,2,996,1.155148502709825,29940,30,0.8,0.9,best
DE,ackley,2,997,1.155148502709825,29970,30,0.8,0.9,best
DE,ackley,2,998,1.155148502709825,30000,30,0.8,0.9,best
DE,ackley,2,999,1.155148502709825,30030,30,0.8,0.9,best
DE,ackley,2,1000,1.155148502709825,30060,30,0.8,0.9,best
DE,ackley,2,1001,1.155148502709825,30090,30,0.8,0.9,best
DE,ackley,2,1002,1.155148502709825,30120,30,0.8,0.9,best
DE,ackley,2,1003,1.155148502709825,30150,30,0.8,0.9,best
DE,ackley,2,1004,1.155148502709825,30180,30,0.8,0.9,best
DE,ackley,2,1005,1.155148502709825,30210,30,0.8,0.9,best
DE,ackley,2,1006,1.155148502709825,30240,30,0.8,0.9,best
DE,ackley,2,1007,1.155148502709825,30270,30,0.8,0.9,best
DE,ackley,2,1008,1.155148502709825,30300,30,0.8,0.9,best
DE,ackley,2,1009,1.155148502709825,30330,30,0.8,0.9,best
DE,ackley,2,1010,1.155148502709825,30360,30,0.8,0.9,best
DE,ackley,2,1011,1.155148502709825,30390,30,0.8,0.9,best
DE,ackley,2,1012,1.155148502709825,30420,30,0.8,0.9,best
DE,ackley,2,1013,1.155148502709825,30450,30,0.8,0.9,best
DE,ackley,2,1014,1.155148502709825,30480,30,0.8,0.9,best
DE,ackley,2,1015,1.155148502709825,30510,30,0.8,0.9,best
DE,ackley,2,1016,1.155148502709825,30540,30,0.8,0.9,best
DE,ackley,2,1017,1.155148502709825,30570,30,0.8,0.9,best
DE,ackley,2,1018,1.155148502709825,30600,30,0.8,0.9,best
DE,ackley,2,1019,1.155148502709825,30630,30,0.8,0.9,best
DE,ackley,2,1020,1.155148502709825,30660,30,0.8,0.9,best
DE,ackley,2,1021,1.155148502709825,30690,30,0.8,0.9,best
DE,ackley,2,1022,1.155148502709825,30720,30,0.8,0.9,best
DE,ackley,2,1023,1.155148502709825,30750,30,0.8,0.9,best
DE,ackley,2,1024,1.155148502709825,30780,30,0.8,0.9,best
DE,ackley,2,1025,1.155148502709825,30810,30,0.8,0.9,best
DE,ackley,2,1026,1.155148502709825,30840,30,0.8,0.9,best
DE,ackley,2,1027,1.155148502709825,30870,30,0.8,0.9,best
DE,ackley,2,1028,1.155148502709825,30900,30,0.8,0.9,best
DE,ackley,2,1029,1.155148502709825,30930,30,0.8,0.9,best
DE,ackley,2,1030,1.155148502709825,30960,30,0.8,0.9,best
DE,ackley,2,1031,1.155148502709825,30990,30,0.8,0.9,best
DE,ackley,2,1032,1.155148502709825,31020,30,0.8,0.9,best
DE,ackley,2,1033,1.155148502709825,31050,30,0.8,0.9,best
DE,ackley,2,1034,1.155148502709825,31080,30,0.8,0.9,best
DE,ackley,2,1035,1.155148502709825,31110,30,0.8,0.9,best
DE,ackley,2,1036,1.155148502709825,31140,30,0.8,0.9,best
DE,ackley,2,1037,1.155148502709825,31170,30,0.8,0.9,best
DE,ackley,2,1038,1.155148502709825,31200,30,0.8,0.9,best
DE,ackley,2,1039,1.155148502709825,31230,30,0.8,0.9,best
DE,ackley,2,1040,1.155148502709825,31260,30,0.8,0.9,best
DE,ackley,2,1041,1.155148502709825,31290,30,0.8,0.9,best
DE,ackley,2,1042,1.155148502709825,31320,30,0.8,0.9,best
DE,ackley,2,1043,1.155148502709825,31350,30,0.8,0.9,best
DE,ackley,2,1044,1.155148502709825,31380,30,0.8,0.9,best
DE,ackley,2,1045,1.155148502709825,31410,30,0.8,0.9,best
DE,ackley,2,1046,1.155148502709825,31440,30,0.8,0.9,best
DE,ackley,2,1047,1.155148502709825,31470,30,0.8,0.9,best
DE,ackley,2,1048,1.155148502709825,31500,30,0.8,0.9,best
DE,ackley,2,1049,1.155148502709825,31530,30,0.8,0.9,best
DE,ackley,2,1050,1.155148502709825,31560,30,0.8,0.9,best
DE,ackley,2,1051,1.155148502709825,31590,30,0.8,0.9,best
DE,ackley,2,1052,1.155148502709825,31620,30,0.8,0.9,best
DE,ackley,2,1053,1.155148502709825,31650,30,0.8,0.9,best
DE,ackley,2,1054,1.155148502709825,31680,30,0.8,0.9,best
DE,ackley,2,1055,1.155148502709825,31710,30,0.8,0.9,best
DE,ackley,2,1056,1.155148502709825,31740,30,0.8,0.9,best
DE,ackley,2,1057,1.155148502709825,31770,30,0.8,0.9,best
DE,ackley,2,1058,1.155148502709825,31800,30,0.8,0.9,best
DE,ackley,2,1059,1.155148502709825,31830,30,0.8,0.9,best
DE,ackley,2,1060,1.155148502709825,31860,30,0.8,0.9,best
DE,ackley,2,1061,1.155148502709825,31890,30,0.8,0.9,best
DE,ackley,2,1062,1.155148502709825,31920,30,0.8,0.9,best
DE,ackley,2,1063,1.155148502709825,31950,30,0.8,0.9,best
DE,ackley,2,1064,1.155148502709825,31980,30,0.8,0.9,best
DE,ackley,2,1065,1.155148502709825,32010,30,0.8,0.9,best
DE,ackley,2,1066,1.155148502709825,32040,30,0.8,0.9,best
DE,ackley,2,1067,1.155148502709825,32070,30,0.8,0.9,best
DE,ackley,2,1068,1.155148502709825,32100,30,0.8,0.9,best
DE,ackley,2,1069,1.155148502709825,32130,30,0.8,0.9,best
DE,ackley,2,1070,1.155148502709825,32160,30,0.8,0.9,best
DE,ackley,2,1071,1.155148502709825,32190,30,0.8,0.9,best
DE,ackley,2,1072,1.155148502709825,32220,30,0.8,0.9,best
DE,ackley,2,1073,1.155148502709825,32250,30,0.8,0.9,best
DE,ackley,2,1074,1.155148502709825,32280,30,0.8,0.9,best
DE,ackley,2,1075,1.155148502709825,32310,30,0.8,0.9,best
DE,ackley,2,1076,1.155148502709825,32340,30,0.8,0.9,best
DE,ackley,2,1077,1.155148502709825,32370,30,0.8,0.9,best
DE,ackley,2,1078,1.155148502709825,32400,30,0.8,0.9,best
DE,ackley,2,1079,1.155148502709825,32430,30,0.8,0.9,best
DE,ackley,2,1080,1.155148502709825,32460,30,0.8,0.9,best
DE,ackley,2,1081,1.155148502709825,32490,30,0.8,0.9,best
DE,ackley,2,1082,1.155148502709825,32520,30,0.8,0.9,best
DE,ackley,2,1083,1.155148502709825,32550,30,0.8,0.9,best
DE,ackley,2,1084,1.155148502709825,32580,30,0.8,0.9,best
DE,ackley,2,1085,1.155148502709825,32610,30,0.8,0.9,best
DE,ackley,2,1086,1.155148502709825,32640,30,0.8,0.9,best
DE,ackley,2,1087,1.155148502709825,32670,30,0.8,0.9,best
DE,ackley,2,1088,1.155148502709825,32700,30,0.8,0.9,best
DE,ackley,2,1089,1.155148502709825,32730,30,0.8,0.9,best
DE,ackley,2,1090,1.155148502709825,32760,30,0.8,0.9,best
DE,ackley,2,1091,1.155148502709825,32790,30,0.8,0.9,best
DE,ackley,2,1092,1.155148502709825,32820,30,0.8,0.9,best
DE,ackley,2,1093,1.155148502709825,32850,30,0.8,0.9,best
DE,ackley,2,1094,1.155148502709825,32880,30,0.8,0.9,best
DE,ackley,2,1095,1.155148502709825,32910,30,0.8,0.9,best
DE,ackley,2,1096,1.155148502709825,32940,30,0.8,0.9,best
DE,ackley,2,1097,1.155148502709825,32970,30,0.8,0.9,best
DE,ackley,2,1098,1.155148502709825,33000,30,0.8,0.9,best
DE,ackley,2,1099,1.155148502709825,33030,30,0.8,0.9,best
DE,ackley,2,1100,1.155148502709825,33060,30,0.8,0.9,best
DE,ackley,2,1101,1.155148502709825,33090,30,0.8,0.9,best
DE,ackley,2,1102,1.155148502709825,33120,30,0.8,0.9,best
DE,ackley,2,1103,1.155148502709825,33150,30,0.8,0.9,best
DE,ackley,2,1104,1.155148502709825,33180,30,0.8,0.9,best
DE,ackley,2,1105,1.155148502709825,33210,30,0.8,0.9,best
DE,ackley,2,1106,1.155148502709825,33240,30,0.8,0.9,best
DE,ackley,2,1107,1.155148502709825,33270,30,0.8,0.9,best
DE,ackley,2,1108,1.155148502709825,33300,30,0.8,0.9,best
DE,ackley,2,1109,1.155148502709825,33330,30,0.8,0.9,best
DE,ackley,2,1110,1.155148502709825,33360,30,0.8,0.9,best
DE,ackley,2,1111,1.155148502709825,33390,30,0.8,0.9,best
DE,ackley,2,1112,1.155148502709825,33420,30,0.8,0.9,best
DE,ackley,2,1113,1.155148502709825,33450,30,0.8,0.9,best
DE,ackley,2,1114,1.155148502709825,33480,30,0.8,0.9,best
DE,ackley,2,1115,1.155148502709825,33510,30,0.8,0.9,best
DE,ackley,2,1116,1.155148502709825,33540,30,0.8,0.9,best
DE,ackley,2,1117,1.155148502709825,33570,30,0.8,0.9,best
DE,ackley,2,1118,1.155148502709825,33600,30,0.8,0.9,best
DE,ackley,2,1119,1.155148502709825,33630,30,0.8,0.9,best
DE,ackley,2,1120,1.155148502709825,33660,30,0.8,0.9,best
DE,ackley,2,1121,1.155148502709825,33690,30,0.8,0.9,best
DE,ackley,2,1122,1.155148502709825,33720,30,0.8,0.9,best
DE,ackley,2,1123,1.155148502709825,33750,30,0.8,0.9,best
DE,ackley,2,1124,1.155148502709825,33780,30,0.8,0.9,best
DE,ackley,2,1125,1.155148502709825,33810,30,0.8,0.9,best
DE,ackley,2,1126,1.155148502709825,33840,30,0.8,0.9,best
DE,ackley,2,1127,1.155148502709825,33870,30,0.8,0.9,best
DE,ackley,2,1128,1.155148502709825,33900,30,0.8,0.9,best
DE,ackley,2,1129,1.155148502709825,33930,30,0.8,0.9,best
DE,ackley,2,1130,1.155148502709825,33960,30,0.8,0.9,best
DE,ackley,2,1131,1.155148502709825,33990,30,0.8,0.9,best
DE,ackley,2,1132,1.155148502709825,34020,30,0.8,0.9,best
DE,ackley,2,1133,1.155148502709825,34050,30,0.8,0.9,best
DE,ackley,2,1134,1.155148502709825,34080,30,0.8,0.9,best
DE,ackley,2,1135,1.155148502709825,34110,30,0.8,0.9,best
DE,ackley,2,1136,1.155148502709825,34140,30,0.8,0.9,best
DE,ackley,2,1137,1.155148502709825,34170,30,0.8,0.9,best
DE,ackley,2,1138,1.155148502709825,34200,30,0.8,0.9,best
DE,ackley,2,1139,1.155148502709825,34230,30,0.8,0.9,best
DE,ackley,2,1140,1.155148502709825,34260,30,0.8,0.9,best
DE,ackley,2,1141,1.155148502709825,34290,30,0.8,0.9,best
DE,ackley,2,1142,1.155148502709825,34320,30,0.8,0.9,best
DE,ackley,2,1143,1.155148502709825,34350,30,0.8,0.9,best
DE,ackley,2,1144,1.155148502709825,34380,30,0.8,0.9,best
DE,ackley,2,1145,1.155148502709825,34410,30,0.8,0.9,best
DE,ackley,2,1146,1.155148502709825,34440,30,0.8,0.9,best
DE,ackley,2,1147,1.155148502709825,34470,30,0.8,0.9,best
DE,ackley,2,1148,1.155148502709825,34500,30,0.8,0.9,best
DE,ackley,2,1149,1.155148502709825,34530,30,0.8,0.9,best
DE,ackley,2,1150,1.155148502709825,34560,30,0.8,0.9,best
DE,ackley,2,1151,1.155148502709825,34590,30,0.8,0.9,best
DE,ackley,2,1152,1.155148502709825,34620,30,0.8,0.9,best
DE,ackley,2,1153,1.155148502709825,34650,30,0.8,0.9,best
DE,ackley,2,1154,1.155148502709825,34680,30,0.8,0.9,best
DE,ackley,2,1155,1.155148502709825,34710,30,0.8,0.9,best
DE,ackley,2,1156,1.155148502709825,34740,30,0.8,0.9,best
DE,ackley,2,1157,1.155148502709825,34770,30,0.8,0.9,best
DE,ackley,2,1158,1.155148502709825,34800,30,0.8,0.9,best
DE,ackley,2,1159,1.155148502709825,34830,30,0.8,0.9,best
DE,ackley,2,1160,1.155148502709825,34860,30,0.8,0.9,best
DE,ackley,2,1161,1.155148502709825,34890,30,0.8,0.9,best
DE,ackley,2,1162,1.155148502709825,34920,30,0.8,0.9,best
DE,ackley,2,1163,1.155148502709825,34950,30,0.8,0.9,best
DE,ackley,2,1164,1.155148502709825,34980,30,0.8,0.9,best
DE,ackley,2,1165,1.155148502709825,35010,30,0.8,0.9,best
DE,ackley,2,1166,1.155148502709825,35040,30,0.8,0.9,best
DE,ackley,2,1167,1.155148502709825,35070,30,0.8,0.9,best
DE,ackley,2,1168,1.155148502709825,35100,30,0.8,0.9,best
DE,ackley,2,1169,1.155148502709825,35130,30,0.8,0.9,best
DE,ackley,2,1170,1.155148502709825,35160,30,0.8,0.9,best
DE,ackley,2,1171,1.155148502709825,35190,30,0.8,0.9,best
DE,ackley,2,1172,1.155148502709825,35220,30,0.8,0.9,best
DE,ackley,2,1173,1.155148502709825,35250,30,0.8,0.9,best
DE,ackley,2,1174,1.155148502709825,35280,30,0.8,0.9,best
DE,ackley,2,1175,1.155148502709825,35310,30,0.8,0.9,best
DE,ackley,2,1176,1.155148502709825,35340,30,0.8,0.9,best
DE,ackley,2,1177,1.155148502709825,35370,30,0.8,0.9,best
DE,ackley,2,1178,1.155148502709825,35400,30,0.8,0.9,best
DE,ackley,2,1179,1.155148502709825,35430,30,0.8,0.9,best
DE,ackley,2,1180,1.155148502709825,35460,30,0.8,0.9,best
DE,ackley,2,1181,1.155148502709825,35490,30,0.8,0.9,best
DE,ackley,2,1182,1.155148502709825,35520,30,0.8,0.9,best
DE,ackley,2,1183,1.155148502709825,35550,30,0.8,0.9,best
DE,ackley,2,1184,1.155148502709825,35580,30,0.8,0.9,best
DE,ackley,2,1185,1.155148502709825,35610,30,0.8,0.9,best
DE,ackley,2,1186,1.155148502709825,35640,30,0.8,0.9,best
DE,ackley,2,1187,1.155148502709825,35670,30,0.8,0.9,best
DE,ackley,2,1188,1.155148502709825,35700,30,0.8,0.9,best
DE,ackley,2,1189,1.155148502709825,35730,30,0.8,0.9,best
DE,ackley,2,1190,1.155148502709825,35760,30,0.8,0.9,best
DE,ackley,2,1191,1.155148502709825,35790,30,0.8,0.9,best
DE,ackley,2,1192,1.155148502709825,35820,30,0.8,0.9,best
DE,ackley,2,1193,1.155148502709825,35850,30,0.8,0.9,best
DE,ackley,2,1194,1.155148502709825,35880,30,0.8,0.9,best
DE,ackley,2,1195,1.155148502709825,35910,30,0.8,0.9,best
DE,ackley,2,1196,1.155148502709825,35940,30,0.8,0.9,best
DE,ackley,2,1197,1.155148502709825,35970,30,0.8,0.9,best
DE,ackley,2,1198,1.155148502709825,36000,30,0.8,0.9,best
DE,ackley,2,1199,1.155148502709825,36030,30,0.8,0.9,best
DE,ackley,3,0,19.654552293869422,60,30,0.8,0.9,best
DE,ackley,3,1,18.921143667321157,90,30,0.8,0.9,best
DE,ackley,3,2,18.921143667321157,120,30,0.8,0.9,best
DE,ackley,3,3,18.454833126950927,150,30,0.8,0.9,best
DE,ackley,3,4,18.454833126950927,180,30,0.8,0.9,best
DE,ackley,3,5,18.454833126950927,210,30,0.8,0.9,best
DE,ackley,3,6,18.454833126950927,240,30,0.8,0.9,best
DE,ackley,3,7,18.454833126950927,270,30,0.8,0.9,best
DE,ackley,3,8,18.454833126950927,300,30,0.8,0.9,best
DE,ackley,3,9,17.918452713984905,330,30,0.8,0.9,best
DE,ackley,3,10,17.340187111263614,360,30,0.8,0.9,best
DE,ackley,3,11,16.665595853767073,390,30,0.8,0.9,best
DE,ackley,3,12,16.665595853767073,420,30,0.8,0.9,best
DE,ackley,3,13,16.665595853767073,450,30,0.8,0.9,best
DE,ackley,3,14,15.113337914445376,480,30,0.8,0.9,best
DE,ackley,3,15,11.186080785864378,510,30,0.8,0.9,best
DE,ackley,3,16,11.186080785864378,540,30,0.8,0.9,best
DE,ackley,3,17,11.186080785864378,570,30,0.8,0.9,best
DE,ackley,3,18,7.856373166307241,600,30,0.8,0.9,best
DE,ackley,3,19,7.856373166307241,630,30,0.8,0.9,best
DE,ackley,3,20,7.856373166307241,660,30,0.8,0.9,best
DE,ackley,3,21,7.856373166307241,690,30,0.8,0.9,best
DE,ackley,3,22,7.856373166307241,720,30,0.8,0.9,best
DE,ackley,3,23,7.846022087127915,750,30,0.8,0.9,best
DE,ackley,3,24,6.910231781648246,780,30,0.8,0.9,best
DE,ackley,3,25,6.910231781648246,810,30,0.8,0.9,best
DE,ackley,3,26,6.910231781648246,840,30,0.8,0.9,best
DE,ackley,3,27,5.604238527251095,870,30,0.8,0.9,best
DE,ackley,3,28,5.604238527251095,900,30,0.8,0.9,best
DE,ackley,3,29,5.604238527251095,930,30,0.8,0.9,best
DE,ackley,3,30,4.847909485940548,960,30,0.8,0.9,best
DE,ackley,3,31,4.847909485940548,990,30,0.8,0.9,best
DE,ackley,3,32,4.847909485940548,1020,30,0.8,0.9,best
DE,ackley,3,33,4.847909485940548,1050,30,0.8,0.9,best
DE,ackley,3,34,4.3089955904944155,1080,30,0.8,0.9,best
DE,ackley,3,35,4.3089955904944155,1110,30,0.8,0.9,best
DE,ackley,3,36,4.19997069218573,1140,30,0.8,0.9,best
DE,ackley,3,37,4.19997069218573,1170,30,0.8,0.9,best
DE,ackley,3,38,4.19997069218573,1200,30,0.8,0.9,best
DE,ackley,3,39,4.191958801888859,1230,30,0.8,0.9,best
DE,ackley,3,40,3.8116251981201548,1260,30,0.8,0.9,best
DE,ackley,3,41,3.8116251981201548,1290,30,0.8,0.9,best
DE,ackley,3,42,3.8116251981201548,1320,30,0.8,0.9,best
DE,ackley,3,43,3.743049635388769,1350,30,0.8,0.9,best
DE,ackley,3,44,3.150348062575706,1380,30,0.8,0.9,best
DE,ackley,3,45,3.150348062575706,1410,30,0.8,0.9,best
DE,ackley,3,46,3.150348062575706,1440,30,0.8,0.9,best
DE,ackley,3,47,3.150348062575706,1470,30,0.8,0.9,best
DE,ackley,3,48,2.879010458889493,1500,30,0.8,0.9,best
DE,ackley,3,49,2.879010458889493,1530,30,0.8,0.9,best
DE,ackley,3,50,2.879010458889493,1560,30,0.8,0.9,best
DE,ackley,3,51,2.879010458889493,1590,30,0.8,0.9,best
DE,ackley,3,52,2.519027649042432,1620,30,0.8,0.9,best
DE,ackley,3,53,2.519027649042432,1650,30,0.8,0.9,best
DE,ackley,3,54,2.195562141632753,1680,30,0.8,0.9,best
DE,ackley,3,55,2.195562141632753,1710,30,0.8,0.9,best
DE,ackley,3,56,2.195562141632753,1740,30,0.8,0.9,best
DE,ackley,3,57,2.195562141632753,1770,30,0.8,0.9,best
DE,ackley,3,58,2.195562141632753,1800,30,0.8,0.9,best
DE,ackley,3,59,1.9154753537857876,1830,30,0.8,0.9,best
DE,ackley,3,60,1.8658148667317573,1860,30,0.8,0.9,best
DE,ackley,3,61,1.7552198694771417,1890,30,0.8,0.9,best
DE,ackley,3,62,1.7552198694771417,1920,30,0.8,0.9,best
DE,ackley,3,63,1.358374150165663,1950,30,0.8,0.9,best
DE,ackley,3,64,1.358374150165663,1980,30,0.8,0.9,best
DE,ackley,3,65,1.358374150165663,2010,30,0.8,0.9,best
DE,ackley,3,66,1.358374150165663,2040,30,0.8,0.9,best
DE,ackley,3,67,1.169254479608878,2070,30,0.8,0.9,best
DE,ackley,3,68,1.1038485339076414,2100,30,0.8,0.9,best
DE,ackley,3,69,1.10180528489887,2130,30,0.8,0.9,best
DE,ackley,3,70,0.8458730681889546,2160,30,0.8,0.9,best
DE,ackley,3,71,0.6922447538493484,2190,30,0.8,0.9,best
DE,ackley,3,72,0.6341073699829178,2220,30,0.8,0.9,best
DE,ackley,3,73,0.577895633147588,2250,30,0.8,0.9,best
DE,ackley,3,74,0.4780018453443131,2280,30,0.8,0.9,best
DE,ackley,3,75,0.4780018453443131,2310,30,0.8,0.9,best
DE,ackley,3,76,0.41023379204072485,2340,30,0.8,0.9,best
DE,ackley,3,77,0.38732143348382,2370,30,0.8,0.9,best
DE,ackley,3,78,0.3293062584422022,2400,30,0.8,0.9,best
DE,ackley,3,79,0.3293062584422022,2430,30,0.8,0.9,best
DE,ackley,3,80,0.25811096598815597,2460,30,0.8,0.9,best
DE,ackley,3,81,0.25811096598815597,2490,30,0.8,0.9,best
DE,ackley,3,82,0.25811096598815597,2520,30,0.8,0.9,best
DE,ackley,3,83,0.23219513282105142,2550,30,0.8,0.9,best
DE,ackley,3,84,0.21841909128717818,2580,30,0.8,0.9,best
DE,ackley,3,85,0.18059954406611967,2610,30,0.8,0.9,best
DE,ackley,3,86,0.18059954406611967,2640,30,0.8,0.9,best
DE,ackley,3,87,0.14873733608557105,2670,30,0.8,0.9,best
DE,ackley,3,88,0.11326305126601044,2700,30,0.8,0.9,best
DE,ackley,3,89,0.11326305126601044,2730,30,0.8,0.9,best
DE,ackley,3,90,0.11326305126601044,2760,30,0.8,0.9,best
DE,ackley,3,91,0.11326305126601044,2790,30,0.8,0.9,best
DE,ackley,3,92,0.0650901505766055,2820,30,0.8,0.9,best
DE,ackley,3,93,0.0650901505766055,2850,30,0.8,0.9,best
DE,ackley,3,94,0.05952682515807739,2880,30,0.8,0.9,best
DE,ackley,3,95,0.05952682515807739,2910,30,0.8,0.9,best
DE,ackley,3,96,0.05952682515807739,2940,30,0.8,0.9,best
DE,ackley,3,97,0.05952682515807739,2970,30,0.8,0.9,best
DE,ackley,3,98,0.05952682515807739,3000,30,0.8,0.9,best
DE,ackley,3,99,0.05840390047706423,3030,30,0.8,0.9,best
DE,ackley,3,100,0.05840390047706423,3060,30,0.8,0.9,best
DE,ackley,3,101,0.042445925598134426,3090,30,0.8,0.9,best
DE,ackley,3,102,0.03865088491652502,3120,30,0.8,0.9,best
DE,ackley,3,103,0.038506374949350164,3150,30,0.8,0.9,best
DE,ackley,3,104,0.038506374949350164,3180,30,0.8,0.9,best
DE,ackley,3,105,0.038506374949350164,3210,30,0.8,0.9,best
DE,ackley,3,106,0.03574956184457578,3240,30,0.8,0.9,best
DE,ackley,3,107,0.03574956184457578,3270,30,0.8,0.9,best
DE,ackley,3,108,0.027962144443240522,3300,30,0.8,0.9,best
DE,ackley,3,109,0.027962144443240522,3330,30,0.8,0.9,best
DE,ackley,3,110,0.027962144443240522,3360,30,0.8,0.9,best
DE,ackley,3,111,0.027649916360261262,3390,30,0.8,0.9,best
DE,ackley,3,112,0.027649916360261262,3420,30,0.8,0.9,best
DE,ackley,3,113,0.027649916360261262,3450,30,0.8,0.9,best
DE,ackley,3,114,0.025866446950257416,3480,30,0.8,0.9,best
DE,ackley,3,115,0.02584120806039225,3510,30,0.8,0.9,best
DE,ackley,3,116,0.023946151697448403,3540,30,0.8,0.9,best
DE,ackley,3,117,0.02215233862910937,3570,30,0.8,0.9,best
DE,ackley,3,118,0.020854205996141406,3600,30,0.8,0.9,best
DE,ackley,3,119,0.020854205996141406,3630,30,0.8,0.9,best
DE,ackley,3,120,0.020854205996141406,3660,30,0.8,0.9,best
DE,ackley,3,121,0.0187833550208798,3690,30,0.8,0.9,best
DE,ackley,3,122,0.018004705220456163,3720,30,0.8,0.9,best
DE,ackley,3,123,0.015397831660675099,3750,30,0.8,0.9,best
DE,ackley,3,124,0.013085487966993714,3780,30,0.8,0.9,best
DE,ackley,3,125,0.013085487966993714,3810,30,0.8,0.9,best
DE,ackley,3,126,0.012702139231717258,3840,30,0.8,0.9,best
DE,ackley,3,127,0.011231957816918214,3870,30,0.8,0.9,best
DE,ackley,3,128,0.011231957816918214,3900,30,0.8,0.9,best
DE,ackley,3,129,0.011231957816918214,3930,30,0.8,0.9,best
DE,ackley,3,130,0.010886434929883837,3960,30,0.8,0.9,best
DE,ackley,3,131,0.01051626054531285,3990,30,0.8,0.9,best
DE,ackley,3,132,0.01051626054531285,4020,30,0.8,0.9,best
DE,ackley,3,133,0.009028257302948095,4050,30,0.8,0.9,best
DE,ackley,3,134,0.008987856923813542,4080,30,0.8,0.9,best
DE,ackley,3,135,0.008519506780932051,4110,30,0.8,0.9,best
DE,ackley,3,136,0.0074778222339060285,4140,30,0.8,0.9,best
DE,ackley,3,137,0.0074778222339060285,4170,30,0.8,0.9,best
DE,ackley,3,138,0.0074778222339060285,4200,30,0.8,0.9,best
DE,ackley,3,139,0.006618252090654142,4230,30,0.8,0.9,best
DE,ackley,3,140,0.0064994576867651865,4260,30,0.8,0.9,best
DE,ackley,3,141,0.005388069728955447,4290,30,0.8,0.9,best
DE,ackley,3,142,0.0048705417540770846,4320,30,0.8,0.9,best
DE,ackley,3,143,0.0048705417540770846,4350,30,0.8,0.9,best
DE,ackley,3,144,0.0048705417540770846,4380,30,0.8,0.9,best
DE,ackley,3,145,0.0044950808161172695,4410,30,0.8,0.9,best
DE,ackley,3,146,0.0034619777163240606,4440,30,0.8,0.9,best
DE,ackley,3,147,0.0033491829933720574,4470,30,0.8,0.9,best
DE,ackley,3,148,0.0033491829933720574,4500,30,0.8,0.9,best
DE,ackley,3,149,0.0033491829933720574,4530,30,0.8,0.9,best
DE,ackley,3,150,0.0033491829933720574,4560,30,0.8,0.9,best
DE,ackley,3,151,0.0024241143768120033,4590,30,0.8,0.9,best
DE,ackley,3,152,0.0019518368475996972,4620,30,0.8,0.9,best
DE,ackley,3,153,0.0019518368475996972,4650,30,0.8,0.9,best
DE,ackley,3,154,0.0019518368475996972,4680,30,0.8,0.9,best
DE,ackley,3,155,0.0017229011727519783,4710,30,0.8,0.9,best
DE,ackley,3,156,0.0017229011727519783,4740,30,0.8,0.9,best
DE,ackley,3,157,0.0014395644713407485,4770,30,0.8,0.9,best
DE,ackley,3,158,0.0014395644713407485,4800,30,0.8,0.9,best
DE,ackley,3,159,0.0011609968226022893,4830,30,0.8,0.9,best
DE,ackley,3,160,0.0011115869158051517,4860,30,0.8,0.9,best
DE,ackley,3,161,0.0011115869158051517,4890,30,0.8,0.9,best
DE,ackley,3,162,0.0011115869158051517,4920,30,0.8,0.9,best
DE,ackley,3,163,0.0008577260510667095,4950,30,0.8,0.9,best
DE,ackley,3,164,0.0008577260510667095,4980,30,0.8,0.9,best
DE,ackley,3,165,0.0008577260510667095,5010,30,0.8,0.9,best
DE,ackley,3,166,0.0008577260510667095,5040,30,0.8,0.9,best
DE,ackley,3,167,0.0007766263863229206,5070,30,0.8,0.9,best
DE,ackley,3,168,0.0007766263863229206,5100,30,0.8,0.9,best
DE,ackley,3,169,0.0006547351118872946,5130,30,0.8,0.9,best
DE,ackley,3,170,0.0006547351118872946,5160,30,0.8,0.9,best
DE,ackley,3,171,0.0005993691260290923,5190,30,0.8,0.9,best
DE,ackley,3,172,0.0005993691260290923,5220,30,0.8,0.9,best
DE,ackley,3,173,0.0005452674794921286,5250,30,0.8,0.9,best
DE,ackley,3,174,0.0005154422198718756,5280,30,0.8,0.9,best
DE,ackley,3,175,0.0004516723663781086,5310,30,0.8,0.9,best
DE,ackley,3,176,0.0004516723663781086,5340,30,0.8,0.9,best
DE,ackley,3,177,0.0004516723663781086,5370,30,0.8,0.9,best
DE,ackley,3,178,0.0004516723663781086,5400,30,0.8,0.9,best
DE,ackley,3,179,0.00042670076966944137,5430,30,0.8,0.9,best
DE,ackley,3,180,0.00033859848334616416,5460,30,0.8,0.9,best
DE,ackley,3,181,0.0003374501899391369,5490,30,0.8,0.9,best
DE,ackley,3,182,0.0003374501899391369,5520,30,0.8,0.9,best
DE,ackley,3,183,0.0003374501899391369,5550,30,0.8,0.9,best
DE,ackley,3,184,0.0003374501899391369,5580,30,0.8,0.9,best
DE,ackley,3,185,0.00027664308569486096,5610,30,0.8,0.9,best
DE,ackley,3,186,0.00027664308569486096,5640,30,0.8,0.9,best
DE,ackley,3,187,0.00027664308569486096,5670,30,0.8,0.9,best
DE,ackley,3,188,0.00027664308569486096,5700,30,0.8,0.9,best
DE,ackley,3,189,0.00027664308569486096,5730,30,0.8,0.9,best
DE,ackley,3,190,0.0002251188671356097,5760,30,0.8,0.9,best
DE,ackley,3,191,0.0002251188671356097,5790,30,0.8,0.9,best
DE,ackley,3,192,0.00017995381290392132,5820,30,0.8,0.9,best
DE,ackley,3,193,0.00017995381290392132,5850,30,0.8,0.9,best
DE,ackley,3,194,0.00017995381290392132,5880,30,0.8,0.9,best
DE,ackley,3,195,0.0001256805081841783,5910,30,0.8,0.9,best
DE,ackley,3,196,7.879348841699496e-05,5940,30,0.8,0.9,best
DE,ackley,3,197,7.879348841699496e-05,5970,30,0.8,0.9,best
DE,ackley,3,198,7.879348841699496e-05,6000,30,0.8,0.9,best
DE,ackley,3,199,7.44603363966867e-05,6030,30,0.8,0.9,best
DE,ackley,3,200,7.44603363966867e-05,6060,30,0.8,0.9,best
DE,ackley,3,201,7.44603363966867e-05,6090,30,0.8,0.9,best
DE,ackley,3,202,5.4354050668781184e-05,6120,30,0.8,0.9,best
DE,ackley,3,203,5.4354050668781184e-05,6150,30,0.8,0.9,best
DE,ackley,3,204,5.4354050668781184e-05,6180,30,0.8,0.9,best
DE,ackley,3,205,5.2589371602795865e-05,6210,30,0.8,0.9,best
DE,ackley,3,206,3.695839882356111e-05,6240,30,0.8,0.9,best
DE,ackley,3,207,3.3377227798059295e-05,6270,30,0.8,0.9,best
DE,ackley,3,208,3.3377227798059295e-05,6300,30,0.8,0.9,best
DE,ackley,3,209,3.3377227798059295e-05,6330,30,0.8,0.9,best
DE,ackley,3,210,3.3377227798059295e-05,6360,30,0.8,0.9,best
DE,ackley,3,211,2.9527169207899107e-05,6390,30,0.8,0.9,best
DE,ackley,3,212,2.9527169207899107e-05,6420,30,0.8,0.9,best
DE,ackley,3,213,2.5363273853162838e-05,6450,30,0.8,0.9,best
DE,ackley,3,214,2.0329784579775634e-05,6480,30,0.8,0.9,best
DE,ackley,3,215,2.0329784579775634e-05,6510,30,0.8,0.9,best
DE,ackley,3,216,1.721238740204356e-05,6540,30,0.8,0.9,best
DE,ackley,3,217,1.721238740204356e-05,6570,30,0.8,0.9,best
DE,ackley,3,218,1.721238740204356e-05,6600,30,0.8,0.9,best
DE,ackley,3,219,1.59867789730761e-05,6630,30,0.8,0.9,best
DE,ackley,3,220,1.4671795700582635e-05,6660,30,0.8,0.9,best
DE,ackley,3,221,9.106684114801311e-06,6690,30,0.8,0.9,best
DE,ackley,3,222,9.106684114801311e-06,6720,30,0.8,0.9,best
DE,ackley,3,223,9.106684114801311e-06,6750,30,0.8,0.9,best
DE,ackley,3,224,9.106684114801311e-06,6780,30,0.8,0.9,best
DE,ackley,3,225,8.500111466691607e-06,6810,30,0.8,0.9,best
DE,ackley,3,226,8.500111466691607e-06,6840,30,0.8,0.9,best
DE,ackley,3,227,8.500111466691607e-06,6870,30,0.8,0.9,best
DE,ackley,3,228,8.500111466691607e-06,6900,30,0.8,0.9,best
DE,ackley,3,229,7.303263530378246e-06,6930,30,0.8,0.9,best
DE,ackley,3,230,7.303263530378246e-06,6960,30,0.8,0.9,best
DE,ackley,3,231,7.1280018087982455e-06,6990,30,0.8,0.9,best
DE,ackley,3,232,7.1280018087982455e-06,7020,30,0.8,0.9,best
DE,ackley,3,233,7.1280018087982455e-06,7050,30,0.8,0.9,best
DE,ackley,3,234,5.377982251975055e-06,7080,30,0.8,0.9,best
DE,ackley,3,235,5.377982251975055e-06,7110,30,0.8,0.9,best
DE,ackley,3,236,4.431522615977457e-06,7140,30,0.8,0.9,best
DE,ackley,3,237,4.431522615977457e-06,7170,30,0.8,0.9,best
DE,ackley,3,238,4.31962261204788e-06,7200,30,0.8,0.9,best
DE,ackley,3,239,3.397830032003668e-06,7230,30,0.8,0.9,best
DE,ackley,3,240,3.397830032003668e-06,7260,30,0.8,0.9,best
DE,ackley,3,241,3.2975199748541684e-06,7290,30,0.8,0.9,best
DE,ackley,3,242,3.0054964530457084e-06,7320,30,0.8,0.9,best
DE,ackley,3,243,3.0054964530457084e-06,7350,30,0.8,0.9,best
DE,ackley,3,244,2.8945379715317188e-06,7380,30,0.8,0.9,best
DE,ackley,3,245,1.950104693282384e-06,7410,30,0.8,0.9,best
DE,ackley,3,246,1.950104693282384e-06,7440,30,0.8,0.9,best
DE,ackley,3,247,1.838785568697432e-06,7470,30,0.8,0.9,best
DE,ackley,3,248,1.0817353381931127e-06,7500,30,0.8,0.9,best
DE,ackley,3,249,1.0817353381931127e-06,7530,30,0.8,0.9,best
DE,ackley,3,250,1.0817353381931127e-06,7560,30,0.8,0.9,best
DE,ackley,3,251,1.0817353381931127e-06,7590,30,0.8,0.9,best
DE,ackley,3,252,1.0817353381931127e-06,7620,30,0.8,0.9,best
DE,ackley,3,253,1.0817353381931127e-06,7650,30,0.8,0.9,best
DE,ackley,3,254,8.104339888070911e-07,7680,30,0.8,0.9,best
DE,ackley,3,255,8.104339888070911e-07,7710,30,0.8,0.9,best
DE,ackley,3,256,8.104339888070911e-07,7740,30,0.8,0.9,best
DE,ackley,3,257,6.633612170681147e-07,7770,30,0.8,0.9,best
DE,ackley,3,258,6.633612170681147e-07,7800,30,0.8,0.9,best
DE,ackley,3,259,6.633612170681147e-07,7830,30,0.8,0.9,best
DE,ackley,3,260,5.939490717032925e-07,7860,30,0.8,0.9,best
DE,ackley,3,261,5.939490717032925e-07,7890,30,0.8,0.9,best
DE,ackley,3,262,5.915158216573957e-07,7920,30,0.8,0.9,best
DE,ackley,3,263,5.474711604058768e-07,7950,30,0.8,0.9,best
DE,ackley,3,264,5.474711604058768e-07,7980,30,0.8,0.9,best
DE,ackley,3,265,5.474711604058768e-07,8010,30,0.8,0.9,best
DE,ackley,3,266,4.5661673597763297e-07,8040,30,0.8,0.9,best
DE,ackley,3,267,4.5661673597763297e-07,8070,30,0.8,0.9,best
DE,ackley,3,268,4.353529985401394e-07,8100,30,0.8,0.9,best
DE,ackley,3,269,4.047310899757406e-07,8130,30,0.8,0.9,best
DE,ackley,3,270,3.6331722386151455e-07,8160,30,0.8,0.9,best
DE,ackley,3,271,3.4087565525808827e-07,8190,30,0.8,0.9,best
DE,ackley,3,272,2.949943156416168e-07,8220,30,0.8,0.9,best
DE,ackley,3,273,2.949943156416168e-07,8250,30,0.8,0.9,best
DE,ackley,3,274,2.2746367678294632e-07,8280,30,0.8,0.9,best
DE,ackley,3,275,2.2746367678294632e-07,8310,30,0.8,0.9,best
DE,ackley,3,276,2.2746367678294632e-07,8340,30,0.8,0.9,best
DE,ackley,3,277,2.2746367678294632e-07,8370,30,0.8,0.9,best
DE,ackley,3,278,2.1401325200898214e-07,8400,30,0.8,0.9,best
DE,ackley,3,279,1.7367312610261365e-07,8430,30,0.8,0.9,best
DE,ackley,3,280,1.3925843278528305e-07,8460,30,0.8,0.9,best
DE,ackley,3,281,1.3431225243110134e-07,8490,30,0.8,0.9,best
DE,ackley,3,282,1.3431225243110134e-07,8520,30,0.8,0.9,best
DE,ackley,3,283,1.3431225243110134e-07,8550,30,0.8,0.9,best
DE,ackley,3,284,1.2486188838423118e-07,8580,30,0.8,0.9,best
DE,ackley,3,285,1.2486188838423118e-07,8610,30,0.8,0.9,best
DE,ackley,3,286,1.07656088932373e-07,8640,30,0.8,0.9,best
DE,ackley,3,287,7.281962099980888e-08,8670,30,0.8,0.9,best
DE,ackley,3,288,7.281962099980888e-08,8700,30,0.8,0.9,best
DE,ackley,3,289,4.6000334652518404e-08,8730,30,0.8,0.9,best
DE,ackley,3,290,4.6000334652518404e-08,8760,30,0.8,0.9,best
DE,ackley,3,291,4.6000334652518404e-08,8790,30,0.8,0.9,best
DE,ackley,3,292,4.314667778615444e-08,8820,30,0.8,0.9,best
DE,ackley,3,293,4.2037694658603186e-08,8850,30,0.8,0.9,best
DE,ackley,3,294,4.2037694658603186e-08,8880,30,0.8,0.9,best
DE,ackley,3,295,2.936457521585112e-08,8910,30,0.8,0.9,best
DE,ackley,3,296,2.936457521585112e-08,8940,30,0.8,0.9,best
DE,ackley,3,297,2.936457521585112e-08,8970,30,0.8,0.9,best
DE,ackley,3,298,2.4035327061966427e-08,9000,30,0.8,0.9,best
DE,ackley,3,299,2.4035327061966427e-08,9030,30,0.8,0.9,best
DE,ackley,3,300,2.4035327061966427e-08,9060,30,0.8,0.9,best
DE,ackley,3,301,2.4035327061966427e-08,9090,30,0.8,0.9,best
DE,ackley,3,302,2.4035327061966427e-08,9120,30,0.8,0.9,best
DE,ackley,3,303,2.4035327061966427e-08,9150,30,0.8,0.9,best
DE,ackley,3,304,1.9248393545723275e-08,9180,30,0.8,0.9,best
DE,ackley,3,305,1.9248393545723275e-08,9210,30,0.8,0.9,best
DE,ackley,3,306,1.6218767218134644e-08,9240,30,0.8,0.9,best
DE,ackley,3,307,1.6218767218134644e-08,9270,30,0.8,0.9,best
DE,ackley,3,308,1.3746320082219654e-08,9300,30,0.8,0.9,best
DE,ackley,3,309,1.2484168809834273e-08,9330,30,0.8,0.9,best
DE,ackley,3,310,1.2484168809834273e-08,9360,30,0.8,0.9,best
DE,ackley,3,311,1.1978482650221167e-08,9390,30,0.8,0.9,best
DE,ackley,3,312,1.115019943043194e-08,9420,30,0.8,0.9,best
DE,ackley,3,313,1.115019943043194e-08,9450,30,0.8,0.9,best
DE,ackley,3,314,1.115019943043194e-08,9480,30,0.8,0.9,best
DE,ackley,3,315,9.910824605441348e-09,9510,30,0.8,0.9,best
DE,ackley,3,316,7.643727872874706e-09,9540,30,0.8,0.9,best
DE,ackley,3,317,7.643727872874706e-09,9570,30,0.8,0.9,best
DE,ackley,3,318,7.643727872874706e-09,9600,30,0.8,0.9,best
DE,ackley,3,319,6.268912944307203e-09,9630,30,0.8,0.9,best
DE,ackley,3,320,6.268912944307203e-09,9660,30,0.8,0.9,best
DE,ackley,3,321,4.953677024133185e-09,9690,30,0.8,0.9,best
DE,ackley,3,322,4.953677024133185e-09,9720,30,0.8,0.9,best
DE,ackley,3,323,4.8043848899226305e-09,9750,30,0.8,0.9,best
DE,ackley,3,324,4.714057144639128e-09,9780,30,0.8,0.9,best
DE,ackley,3,325,4.1431502673106024e-09,9810,30,0.8,0.9,best
DE,ackley,3,326,4.1431502673106024e-09,9840,30,0.8,0.9,best
DE,ackley,3,327,3.960995531571143e-09,9870,30,0.8,0.9,best
DE,ackley,3,328,3.960995531571143e-09,9900,30,0.8,0.9,best
DE,ackley,3,329,3.960995531571143e-09,9930,30,0.8,0.9,best
DE,ackley,3,330,3.875922249818586e-09,9960,30,0.8,0.9,best
DE,ackley,3,331,3.875922249818586e-09,9990,30,0.8,0.9,best
DE,ackley,3,332,3.875922249818586e-09,10020,30,0.8,0.9,best
DE,ackley,3,333,3.325088204775284e-09,10050,30,0.8,0.9,best
DE,ackley,3,334,3.019014815919263e-09,10080,30,0.8,0.9,best
DE,ackley,3,335,2.6939948050141993e-09,10110,30,0.8,0.9,best
DE,ackley,3,336,2.2971566870921833e-09,10140,30,0.8,0.9,best
DE,ackley,3,337,2.2971566870921833e-09,10170,30,0.8,0.9,best
DE,ackley,3,338,1.9806809525846347e-09,10200,30,0.8,0.9,best
DE,ackley,3,339,1.88431714676085e-09,10230,30,0.8,0.9,best
DE,ackley,3,340,1.88431714676085e-09,10260,30,0.8,0.9,best
DE,ackley,3,341,1.7266583718367201e-09,10290,30,0.8,0.9,best
DE,ackley,3,342,1.7266583718367201e-09,10320,30,0.8,0.9,best
DE,ackley,3,343,1.6819403647616582e-09,10350,30,0.8,0.9,best
DE,ackley,3,344,1.5537229280937481e-09,10380,30,0.8,0.9,best
DE,ackley,3,345,1.2436029983575736e-09,10410,30,0.8,0.9,best
DE,ackley,3,346,1.2436029983575736e-09,10440,30,0.8,0.9,best
DE,ackley,3,347,1.2436029983575736e-09,10470,30,0.8,0.9,best
DE,ackley,3,348,1.1126783938664175e-09,10500,30,0.8,0.9,best
DE,ackley,3,349,1.1126783938664175e-09,10530,30,0.8,0.9,best
DE,ackley,3,350,1.0926695104274131e-09,10560,30,0.8,0.9,best
DE,ackley,3,351,1.0896532565141115e-09,10590,30,0.8,0.9,best
DE,ackley,3,352,1.0896532565141115e-09,10620,30,0.8,0.9,best
DE,ackley,3,353,1.0896532565141115e-09,10650,30,0.8,0.9,best
DE,ackley,3,354,1.0445622145027755e-09,10680,30,0.8,0.9,best
DE,ackley,3,355,1.0445622145027755e-09,10710,30,0.8,0.9,best
DE,ackley,3,356,9.547496127026989e-10,10740,30,0.8,0.9,best
DE,ackley,3,357,8.77460326620394e-10,10770,30,0.8,0.9,best
DE,ackley,3,358,6.461360335663358e-10,10800,30,0.8,0.9,best
DE,ackley,3,359,6.461360335663358e-10,10830,30,0.8,0.9,best
DE,ackley,3,360,6.004268193748885e-10,10860,30,0.8,0.9,best
DE,ackley,3,361,4.952522836276785e-10,10890,30,0.8,0.9,best
DE,ackley,3,362,4.723301749720576e-10,10920,30,0.8,0.9,best
DE,ackley,3,363,3.863189768082975e-10,10950,30,0.8,0.9,best
DE,ackley,3,364,3.6580916074058223e-10,10980,30,0.8,0.9,best
DE,ackley,3,365,3.564832873337309e-10,11010,30,0.8,0.9,best
DE,ackley,3,366,2.71946465346673e-10,11040,30,0.8,0.9,best
DE,ackley,3,367,2.71946465346673e-10,11070,30,0.8,0.9,best
DE,ackley,3,368,2.3402479953915645e-10,11100,30,0.8,0.9,best
DE,ackley,3,369,2.3402479953915645e-10,11130,30,0.8,0.9,best
DE,ackley,3,370,2.3109736346782483e-10,11160,30,0.8,0.9,best
DE,ackley,3,371,2.3109736346782483e-10,11190,30,0.8,0.9,best
DE,ackley,3,372,2.2364732288338018e-10,11220,30,0.8,0.9,best
DE,ackley,3,373,2.2364732288338018e-10,11250,30,0.8,0.9,best
DE,ackley,3,374,2.2364732288338018e-10,11280,30,0.8,0.9,best
DE,ackley,3,375,1.8109647115238658e-10,11310,30,0.8,0.9,best
DE,ackley,3,376,1.6863355156715443e-10,11340,30,0.8,0.9,best
DE,ackley,3,377,1.6863355156715443e-10,11370,30,0.8,0.9,best
DE,ackley,3,378,1.6374146483144614e-10,11400,30,0.8,0.9,best
DE,ackley,3,379,1.6374146483144614e-10,11430,30,0.8,0.9,best
DE,ackley,3,380,1.5376544482137433e-10,11460,30,0.8,0.9,best
DE,ackley,3,381,1.5376544482137433e-10,11490,30,0.8,0.9,best
DE,ackley,3,382,9.858469596224495e-11,11520,30,0.8,0.9,best
DE,ackley,3,383,9.858469596224495e-11,11550,30,0.8,0.9,best
DE,ackley,3,384,9.858469596224495e-11,11580,30,0.8,0.9,best
DE,ackley,3,385,9.121281507873391e-11,11610,30,0.8,0.9,best
DE,ackley,3,386,9.121281507873391e-11,11640,30,0.8,0.9,best
DE,ackley,3,387,9.121281507873391e-11,11670,30,0.8,0.9,best
DE,ackley,3,388,9.121281507873391e-11,11700,30,0.8,0.9,best
DE,ackley,3,389,9.012923740669976e-11,11730,30,0.8,0.9,best
DE,ackley,3,390,8.203260293271342e-11,11760,30,0.8,0.9,best
DE,ackley,3,391,7.208855734575081e-11,11790,30,0.8,0.9,best
DE,ackley,3,392,6.944533836872324e-11,11820,30,0.8,0.9,best
DE,ackley,3,393,5.763967081406918e-11,11850,30,0.8,0.9,best
DE,ackley,3,394,5.763967081406918e-11,11880,30,0.8,0.9,best
DE,ackley,3,395,4.700639877341928e-11,11910,30,0.8,0.9,best
DE,ackley,3,396,4.700639877341928e-11,11940,30,0.8,0.9,best
DE,ackley,3,397,4.0522696309608364e-11,11970,30,0.8,0.9,best
DE,ackley,3,398,4.0522696309608364e-11,12000,30,0.8,0.9,best
DE,ackley,3,399,4.0522696309608364e-11,12030,30,0.8,0.9,best
DE,ackley,3,400,3.5222047500838016e-11,12060,30,0.8,0.9,best
DE,ackley,3,401,3.292699446433289e-11,12090,30,0.8,0.9,best
DE,ackley,3,402,3.292699446433289e-11,12120,30,0.8,0.9,best
DE,ackley,3,403,3.220224087385759e-11,12150,30,0.8,0.9,best
DE,ackley,3,404,2.9672708734551634e-11,12180,30,0.8,0.9,best
DE,ackley,3,405,2.9672708734551634e-11,12210,30,0.8,0.9,best
DE,ackley,3,406,2.9672708734551634e-11,12240,30,0.8,0.9,best
DE,ackley,3,407,2.9672708734551634e-11,12270,30,0.8,0.9,best
DE,ackley,3,408,2.8464786083759464e-11,12300,30,0.8,0.9,best
DE,ackley,3,409,2.695488277026925e-11,12330,30,0.8,0.9,best
DE,ackley,3,410,2.2744917060890657e-11,12360,30,0.8,0.9,best
DE,ackley,3,411,2.2744917060890657e-11,12390,30,0.8,0.9,best
DE,ackley,3,412,2.2744917060890657e-11,12420,30,0.8,0.9,best
DE,ackley,3,413,2.0186963212154296e-11,12450,30,0.8,0.9,best
DE,ackley,3,414,2.0186963212154296e-11,12480,30,0.8,0.9,best
DE,ackley,3,415,2.0186963212154296e-11,12510,30,0.8,0.9,best
DE,ackley,3,416,2.0186963212154296e-11,12540,30,0.8,0.9,best
DE,ackley,3,417,1.7060575174809856e-11,12570,30,0.8,0.9,best
DE,ackley,3,418,1.4644729873225515e-11,12600,30,0.8,0.9,best
DE,ackley,3,419,1.4644729873225515e-11,12630,30,0.8,0.9,best
DE,ackley,3,420,1.3294698675281325e-11,12660,30,0.8,0.9,best
DE,ackley,3,421,1.3294698675281325e-11,12690,30,0.8,0.9,best
DE,ackley,3,422,1.2964296303152878e-11,12720,30,0.8,0.9,best
DE,ackley,3,423,1.2964296303152878e-11,12750,30,0.8,0.9,best
DE,ackley,3,424,1.2960743589474077e-11,12780,30,0.8,0.9,best
DE,ackley,3,425,1.2829293183358459e-11,12810,30,0.8,0.9,best
DE,ackley,3,426,1.212230316127716e-11,12840,30,0.8,0.9,best
DE,ackley,3,427,1.199085275516154e-11,12870,30,0.8,0.9,best
DE,ackley,3,428,1.056976728364134e-11,12900,30,0.8,0.9,best
DE,ackley,3,429,8.853806576780698e-12,12930,30,0.8,0.9,best
DE,ackley,3,430,7.830625037286154e-12,12960,30,0.8,0.9,best
DE,ackley,3,431,7.830625037286154e-12,12990,30,0.8,0.9,best
DE,ackley,3,432,7.830625037286154e-12,13020,30,0.8,0.9,best
DE,ackley,3,433,7.823519609928553e-12,13050,30,0.8,0.9,best
DE,ackley,3,434,6.430855847838757e-12,13080,30,0.8,0.9,best
DE,ackley,3,435,6.430855847838757e-12,13110,30,0.8,0.9,best
DE,ackley,3,436,3.8835601401387976e-12,13140,30,0.8,0.9,best
DE,ackley,3,437,3.4217073618947325e-12,13170,30,0.8,0.9,best
DE,ackley,3,438,3.4217073618947325e-12,13200,30,0.8,0.9,best
DE,ackley,3,439,3.4217073618947325e-12,13230,30,0.8,0.9,best
DE,ackley,3,440,2.277733557320971e-12,13260,30,0.8,0.9,best
DE,ackley,3,441,2.277733557320971e-12,13290,30,0.8,0.9,best
DE,ackley,3,442,2.277733557320971e-12,13320,30,0.8,0.9,best
DE,ackley,3,443,2.1604940059205546e-12,13350,30,0.8,0.9,best
DE,ackley,3,444,1.8620660569013125e-12,13380,30,0.8,0.9,best
DE,ackley,3,445,1.8620660569013125e-12,13410,30,0.8,0.9,best
DE,ackley,3,446,1.460609411196856e-12,13440,30,0.8,0.9,best
DE,ackley,3,447,1.460609411196856e-12,13470,30,0.8,0.9,best
DE,ackley,3,448,1.410871419693649e-12,13500,30,0.8,0.9,best
DE,ackley,3,449,1.410871419693649e-12,13530,30,0.8,0.9,best
DE,ackley,3,450,1.0165202013467933e-12,13560,30,0.8,0.9,best
DE,ackley,3,451,1.0165202013467933e-12,13590,30,0.8,0.9,best
DE,ackley,3,452,1.0165202013467933e-12,13620,30,0.8,0.9,best
DE,ackley,3,453,1.0165202013467933e-12,13650,30,0.8,0.9,best
DE,ackley,3,454,1.0165202013467933e-12,13680,30,0.8,0.9,best
DE,ackley,3,455,1.0165202013467933e-12,13710,30,0.8,0.9,best
DE,ackley,3,456,8.246736626915663e-13,13740,30,0.8,0.9,best
DE,ackley,3,457,6.825651155395462e-13,13770,30,0.8,0.9,best
DE,ackley,3,458,6.825651155395462e-13,13800,30,0.8,0.9,best
DE,ackley,3,459,6.825651155395462e-13,13830,30,0.8,0.9,best
DE,ackley,3,460,6.754596881819452e-13,13860,30,0.8,0.9,best
DE,ackley,3,461,6.719069745031447e-13,13890,30,0.8,0.9,best
DE,ackley,3,462,5.617728504603292e-13,13920,30,0.8,0.9,best
DE,ackley,3,463,4.871658632055187e-13,13950,30,0.8,0.9,best
DE,ackley,3,464,4.871658632055187e-13,13980,30,0.8,0.9,best
DE,ackley,3,465,4.871658632055187e-13,14010,30,0.8,0.9,best
DE,ackley,3,466,4.765077221691172e-13,14040,30,0.8,0.9,best
DE,ackley,3,467,4.765077221691172e-13,14070,30,0.8,0.9,best
DE,ackley,3,468,4.1611158962950867e-13,14100,30,0.8,0.9,best
DE,ackley,3,469,4.1611158962950867e-13,14130,30,0.8,0.9,best
DE,ackley,3,470,3.2374103398069565e-13,14160,30,0.8,0.9,best
DE,ackley,3,471,3.2374103398069565e-13,14190,30,0.8,0.9,best
DE,ackley,3,472,3.2374103398069565e-13,14220,30,0.8,0.9,best
DE,ackley,3,473,3.2374103398069565e-13,14250,30,0.8,0.9,best
DE,ackley,3,474,2.8466118351389014e-13,14280,30,0.8,0.9,best
DE,ackley,3,475,2.8466118351389014e-13,14310,30,0.8,0.9,best
DE,ackley,3,476,2.8466118351389014e-13,14340,30,0.8,0.9,best
DE,ackley,3,477,2.8466118351389014e-13,14370,30,0.8,0.9,best
DE,ackley,3,478,2.8466118351389014e-13,14400,30,0.8,0.9,best
DE,ackley,3,479,2.7400304247748863e-13,14430,30,0.8,0.9,best
DE,ackley,3,480,2.0294876890147862e-13,14460,30,0.8,0.9,best
DE,ackley,3,481,2.0294876890147862e-13,14490,30,0.8,0.9,best
DE,ackley,3,482,2.0294876890147862e-13,14520,30,0.8,0.9,best
DE,ackley,3,483,1.9229062786507711e-13,14550,30,0.8,0.9,best
DE,ackley,3,484,1.9229062786507711e-13,14580,30,0.8,0.9,best
DE,ackley,3,485,1.9229062786507711e-13,14610,30,0.8,0.9,best
DE,ackley,3,486,1.461053500406706e-13,14640,30,0.8,0.9,best
DE,ackley,3,487,1.461053500406706e-13,14670,30,0.8,0.9,best
DE,ackley,3,488,1.461053500406706e-13,14700,30,0.8,0.9,best
DE,ackley,3,489,1.389999226830696e-13,14730,30,0.8,0.9,best
DE,ackley,3,490,1.212363542890671e-13,14760,30,0.8,0.9,best
DE,ackley,3,491,1.141309269314661e-13,14790,30,0.8,0.9,best
DE,ackley,3,492,1.141309269314661e-13,14820,30,0.8,0.9,best
DE,ackley,3,493,1.0347278589506459e-13,14850,30,0.8,0.9,best
DE,ackley,3,494,9.281464485866309e-14,14880,30,0.8,0.9,best
DE,ackley,3,495,8.570921750106208e-14,14910,30,0.8,0.9,best
DE,ackley,3,496,8.570921750106208e-14,14940,30,0.8,0.9,best
DE,ackley,3,497,8.570921750106208e-14,14970,30,0.8,0.9,best
DE,ackley,3,498,6.084022174945858e-14,15000,30,0.8,0.9,best
DE,ackley,3,499,6.084022174945858e-14,15030,30,0.8,0.9,best
DE,ackley,3,500,6.084022174945858e-14,15060,30,0.8,0.9,best
DE,ackley,3,501,6.084022174945858e-14,15090,30,0.8,0.9,best
DE,ackley,3,502,5.3734794391857577e-14,15120,30,0.8,0.9,best
DE,ackley,3,503,5.3734794391857577e-14,15150,30,0.8,0.9,best
DE,ackley,3,504,5.3734794391857577e-14,15180,30,0.8,0.9,best
DE,ackley,3,505,4.3076653355456074e-14,15210,30,0.8,0.9,best
DE,ackley,3,506,4.3076653355456074e-14,15240,30,0.8,0.9,best
DE,ackley,3,507,3.952393967665557e-14,15270,30,0.8,0.9,best
DE,ackley,3,508,3.952393967665557e-14,15300,30,0.8,0.9,best
DE,ackley,3,509,3.952393967665557e-14,15330,30,0.8,0.9,best
DE,ackley,3,510,3.597122599785507e-14,15360,30,0.8,0.9,best
DE,ackley,3,511,3.241851231905457e-14,15390,30,0.8,0.9,best
DE,ackley,3,512,3.241851231905457e-14,15420,30,0.8,0.9,best
DE,ackley,3,513,3.241851231905457e-14,15450,30,0.8,0.9,best
DE,ackley,3,514,3.241851231905457e-14,15480,30,0.8,0.9,best
DE,ackley,3,515,3.241851231905457e-14,15510,30,0.8,0.9,best
DE,ackley,3,516,2.886579864025407e-14,15540,30,0.8,0.9,best
DE,ackley,3,517,2.1760371282653068e-14,15570,30,0.8,0.9,best
DE,ackley,3,518,2.1760371282653068e-14,15600,30,0.8,0.9,best
DE,ackley,3,519,2.1760371282653068e-14,15630,30,0.8,0.9,best
DE,ackley,3,520,2.1760371282653068e-14,15660,30,0.8,0.9,best
DE,ackley,3,521,2.1760371282653068e-14,15690,30,0.8,0.9,best
DE,ackley,3,522,2.1760371282653068e-14,15720,30,0.8,0.9,best
DE,ackley,3,523,2.1760371282653068e-14,15750,30,0.8,0.9,best
DE,ackley,3,524,2.1760371282653068e-14,15780,30,0.8,0.9,best
DE,ackley,3,525,1.4654943925052066e-14,15810,30,0.8,0.9,best
DE,ackley,3,526,1.4654943925052066e-14,15840,30,0.8,0.9,best
DE,ackley,3,527,1.4654943925052066e-14,15870,30,0.8,0.9,best
DE,ackley,3,528,1.4654943925052066e-14,15900,30,0.8,0.9,best
DE,ackley,3,529,1.4654943925052066e-14,15930,30,0.8,0.9,best
DE,ackley,3,530,1.4654943925052066e-14,15960,30,0.8,0.9,best
DE,ackley,3,531,1.1102230246251565e-14,15990,30,0.8,0.9,best
DE,ackley,3,532,1.1102230246251565e-14,16020,30,0.8,0.9,best
DE,ackley,3,533,1.1102230246251565e-14,16050,30,0.8,0.9,best
DE,ackley,3,534,1.1102230246251565e-14,16080,30,0.8,0.9,best
DE,ackley,3,535,7.549516567451064e-15,16110,30,0.8,0.9,best
DE,ackley,3,536,7.549516567451064e-15,16140,30,0.8,0.9,best
DE,ackley,3,537,7.549516567451064e-15,16170,30,0.8,0.9,best
DE,ackley,3,538,7.549516567451064e-15,16200,30,0.8,0.9,best
DE,ackley,3,539,7.549516567451064e-15,16230,30,0.8,0.9,best
DE,ackley,3,540,3.9968028886505635e-15,16260,30,0.8,0.9,best
DE,ackley,3,541,3.9968028886505635e-15,16290,30,0.8,0.9,best
DE,ackley,3,542,3.9968028886505635e-15,16320,30,0.8,0.9,best
DE,ackley,3,543,3.9968028886505635e-15,16350,30,0.8,0.9,best
DE,ackley,3,544,3.9968028886505635e-15,16380,30,0.8,0.9,best
DE,ackley,3,545,3.9968028886505635e-15,16410,30,0.8,0.9,best
DE,ackley,3,546,3.9968028886505635e-15,16440,30,0.8,0.9,best
DE,ackley,3,547,3.9968028886505635e-15,16470,30,0.8,0.9,best
DE,ackley,3,548,3.9968028886505635e-15,16500,30,0.8,0.9,best
DE,ackley,3,549,3.9968028886505635e-15,16530,30,0.8,0.9,best
DE,ackley,3,550,3.9968028886505635e-15,16560,30,0.8,0.9,best
DE,ackley,3,551,3.9968028886505635e-15,16590,30,0.8,0.9,best
DE,ackley,3,552,3.9968028886505635e-15,16620,30,0.8,0.9,best
DE,ackley,3,553,3.9968028886505635e-15,16650,30,0.8,0.9,best
DE,ackley,3,554,3.9968028886505635e-15,16680,30,0.8,0.9,best
DE,ackley,3,555,3.9968028886505635e-15,16710,30,0.8,0.9,best
DE,ackley,3,556,3.9968028886505635e-15,16740,30,0.8,0.9,best
DE,ackley,3,557,3.9968028886505635e-15,16770,30,0.8,0.9,best
DE,ackley,3,558,3.9968028886505635e-15,16800,30,0.8,0.9,best
DE,ackley,3,559,3.9968028886505635e-15,16830,30,0.8,0.9,best
DE,ackley,3,560,3.9968028886505635e-15,16860,30,0.8,0.9,best
DE,ackley,3,561,3.9968028886505635e-15,16890,30,0.8,0.9,best
DE,ackley,3,562,3.9968028886505635e-15,16920,30,0.8,0.9,best
DE,ackley,3,563,3.9968028886505635e-15,16950,30,0.8,0.9,best
DE,ackley,3,564,3.9968028886505635e-15,16980,30,0.8,0.9,best
DE,ackley,3,565,3.9968028886505635e-15,17010,30,0.8,0.9,best
DE,ackley,3,566,3.9968028886505635e-15,17040,30,0.8,0.9,best
DE,ackley,3,567,3.9968028886505635e-15,17070,30,0.8,0.9,best
DE,ackley,3,568,3.9968028886505635e-15,17100,30,0.8,0.9,best
DE,ackley,3,569,3.9968028886505635e-15,17130,30,0.8,0.9,best
DE,ackley,3,570,3.9968028886505635e-15,17160,30,0.8,0.9,best
DE,ackley,3,571,3.9968028886505635e-15,17190,30,0.8,0.9,best
DE,ackley,3,572,3.9968028886505635e-15,17220,30,0.8,0.9,best
DE,ackley,3,573,3.9968028886505635e-15,17250,30,0.8,0.9,best
DE,ackley,3,574,3.9968028886505635e-15,17280,30,0.8,0.9,best
DE,ackley,3,575,3.9968028886505635e-15,17310,30,0.8,0.9,best
DE,ackley,3,576,3.9968028886505635e-15,17340,30,0.8,0.9,best
DE,ackley,3,577,3.9968028886505635e-15,17370,30,0.8,0.9,best
DE,ackley,3,578,3.9968028886505635e-15,17400,30,0.8,0.9,best
DE,ackley,3,579,3.9968028886505635e-15,17430,30,0.8,0.9,best
DE,ackley,3,580,3.9968028886505635e-15,17460,30,0.8,0.9,best
DE,ackley,3,581,3.9968028886505635e-15,17490,30,0.8,0.9,best
DE,ackley,3,582,3.9968028886505635e-15,17520,30,0.8,0.9,best
DE,ackley,3,583,3.9968028886505635e-15,17550,30,0.8,0.9,best
DE,ackley,3,584,3.9968028886505635e-15,17580,30,0.8,0.9,best
DE,ackley,3,585,3.9968028886505635e-15,17610,30,0.8,0.9,best
DE,ackley,3,586,3.9968028886505635e-15,17640,30,0.8,0.9,best
DE,ackley,3,587,3.9968028886505635e-15,17670,30,0.8,0.9,best
DE,ackley,3,588,3.9968028886505635e-15,17700,30,0.8,0.9,best
DE,ackley,3,589,3.9968028886505635e-15,17730,30,0.8,0.9,best
DE,ackley,3,590,3.9968028886505635e-15,17760,30,0.8,0.9,best
DE,ackley,3,591,3.9968028886505635e-15,17790,30,0.8,0.9,best
DE,ackley,3,592,3.9968028886505635e-15,17820,30,0.8,0.9,best
DE,ackley,3,593,3.9968028886505635e-15,17850,30,0.8,0.9,best
DE,ackley,3,594,3.9968028886505635e-15,17880,30,0.8,0.9,best
DE,ackley,3,595,3.9968028886505635e-15,17910,30,0.8,0.9,best
DE,ackley,3,596,3.9968028886505635e-15,17940,30,0.8,0.9,best
DE,ackley,3,597,3.9968028886505635e-15,17970,30,0.8,0.9,best
DE,ackley,3,598,3.9968028886505635e-15,18000,30,0.8,0.9,best
DE,ackley,3,599,3.9968028886505635e-15,18030,30,0.8,0.9,best
DE,ackley,3,600,3.9968028886505635e-15,18060,30,0.8,0.9,best
DE,ackley,3,601,3.9968028886505635e-15,18090,30,0.8,0.9,best
DE,ackley,3,602,3.9968028886505635e-15,18120,30,0.8,0.9,best
DE,ackley,3,603,3.9968028886505635e-15,18150,30,0.8,0.9,best
DE,ackley,3,604,3.9968028886505635e-15,18180,30,0.8,0.9,best
DE,ackley,3,605,3.9968028886505635e-15,18210,30,0.8,0.9,best
DE,ackley,3,606,3.9968028886505635e-15,18240,30,0.8,0.9,best
DE,ackley,3,607,3.9968028886505635e-15,18270,30,0.8,0.9,best
DE,ackley,3,608,3.9968028886505635e-15,18300,30,0.8,0.9,best
DE,ackley,3,609,3.9968028886505635e-15,18330,30,0.8,0.9,best
DE,ackley,3,610,3.9968028886505635e-15,18360,30,0.8,0.9,best
DE,ackley,3,611,3.9968028886505635e-15,18390,30,0.8,0.9,best
DE,ackley,3,612,3.9968028886505635e-15,18420,30,0.8,0.9,best
DE,ackley,3,613,3.9968028886505635e-15,18450,30,0.8,0.9,best
DE,ackley,3,614,3.9968028886505635e-15,18480,30,0.8,0.9,best
DE,ackley,3,615,3.9968028886505635e-15,18510,30,0.8,0.9,best
DE,ackley,3,616,3.9968028886505635e-15,18540,30,0.8,0.9,best
DE,ackley,3,617,3.9968028886505635e-15,18570,30,0.8,0.9,best
DE,ackley,3,618,3.9968028886505635e-15,18600,30,0.8,0.9,best
DE,ackley,3,619,3.9968028886505635e-15,18630,30,0.8,0.9,best
DE,ackley,3,620,3.9968028886505635e-15,18660,30,0.8,0.9,best
DE,ackley,3,621,3.9968028886505635e-15,18690,30,0.8,0.9,best
DE,ackley,3,622,3.9968028886505635e-15,18720,30,0.8,0.9,best
DE,ackley,3,623,3.9968028886505635e-15,18750,30,0.8,0.9,best
DE,ackley,3,624,3.9968028886505635e-15,18780,30,0.8,0.9,best
DE,ackley,3,625,3.9968028886505635e-15,18810,30,0.8,0.9,best
DE,ackley,3,626,3.9968028886505635e-15,18840,30,0.8,0.9,best
DE,ackley,3,627,3.9968028886505635e-15,18870,30,0.8,0.9,best
DE,ackley,3,628,3.9968028886505635e-15,18900,30,0.8,0.9,best
DE,ackley,3,629,3.9968028886505635e-15,18930,30,0.8,0.9,best
DE,ackley,3,630,3.9968028886505635e-15,18960,30,0.8,0.9,best
DE,ackley,3,631,3.9968028886505635e-15,18990,30,0.8,0.9,best
DE,ackley,3,632,3.9968028886505635e-15,19020,30,0.8,0.9,best
DE,ackley,3,633,3.9968028886505635e-15,19050,30,0.8,0.9,best
DE,ackley,3,634,3.9968028886505635e-15,19080,30,0.8,0.9,best
DE,ackley,3,635,3.9968028886505635e-15,19110,30,0.8,0.9,best
DE,ackley,3,636,3.9968028886505635e-15,19140,30,0.8,0.9,best
DE,ackley,3,637,3.9968028886505635e-15,19170,30,0.8,0.9,best
DE,ackley,3,638,3.9968028886505635e-15,19200,30,0.8,0.9,best
DE,ackley,3,639,3.9968028886505635e-15,19230,30,0.8,0.9,best
DE,ackley,3,640,3.9968028886505635e-15,19260,30,0.8,0.9,best
DE,ackley,3,641,3.9968028886505635e-15,19290,30,0.8,0.9,best
DE,ackley,3,642,3.9968028886505635e-15,19320,30,0.8,0.9,best
DE,ackley,3,643,3.9968028886505635e-15,19350,30,0.8,0.9,best
DE,ackley,3,644,3.9968028886505635e-15,19380,30,0.8,0.9,best
DE,ackley,3,645,3.9968028886505635e-15,19410,30,0.8,0.9,best
DE,ackley,3,646,3.9968028886505635e-15,19440,30,0.8,0.9,best
DE,ackley,3,647,3.9968028886505635e-15,19470,30,0.8,0.9,best
DE,ackley,3,648,3.9968028886505635e-15,19500,30,0.8,0.9,best
DE,ackley,3,649,3.9968028886505635e-15,19530,30,0.8,0.9,best
DE,ackley,3,650,3.9968028886505635e-15,19560,30,0.8,0.9,best
DE,ackley,3,651,3.9968028886505635e-15,19590,30,0.8,0.9,best
DE,ackley,3,652,3.9968028886505635e-15,19620,30,0.8,0.9,best
DE,ackley,3,653,3.9968028886505635e-15,19650,30,0.8,0.9,best
DE,ackley,3,654,3.9968028886505635e-15,19680,30,0.8,0.9,best
DE,ackley,3,655,3.9968028886505635e-15,19710,30,0.8,0.9,best
DE,ackley,3,656,3.9968028886505635e-15,19740,30,0.8,0.9,best
DE,ackley,3,657,3.9968028886505635e-15,19770,30,0.8,0.9,best
DE,ackley,3,658,3.9968028886505635e-15,19800,30,0.8,0.9,best
DE,ackley,3,659,3.9968028886505635e-15,19830,30,0.8,0.9,best
DE,ackley,3,660,3.9968028886505635e-15,19860,30,0.8,0.9,best
DE,ackley,3,661,3.9968028886505635e-15,19890,30,0.8,0.9,best
DE,ackley,3,662,3.9968028886505635e-15,19920,30,0.8,0.9,best
DE,ackley,3,663,3.9968028886505635e-15,19950,30,0.8,0.9,best
DE,ackley,3,664,3.9968028886505635e-15,19980,30,0.8,0.9,best
DE,ackley,3,665,3.9968028886505635e-15,20010,30,0.8,0.9,best
DE,ackley,3,666,3.9968028886505635e-15,20040,30,0.8,0.9,best
DE,ackley,3,667,3.9968028886505635e-15,20070,30,0.8,0.9,best
DE,ackley,3,668,3.9968028886505635e-15,20100,30,0.8,0.9,best
DE,ackley,3,669,3.9968028886505635e-15,20130,30,0.8,0.9,best
DE,ackley,3,670,3.9968028886505635e-15,20160,30,0.8,0.9,best
DE,ackley,3,671,3.9968028886505635e-15,20190,30,0.8,0.9,best
DE,ackley,3,672,3.9968028886505635e-15,20220,30,0.8,0.9,best
DE,ackley,3,673,3.9968028886505635e-15,20250,30,0.8,0.9,best
DE,ackley,3,674,3.9968028886505635e-15,20280,30,0.8,0.9,best
DE,ackley,3,675,3.9968028886505635e-15,20310,30,0.8,0.9,best
DE,ackley,3,676,3.9968028886505635e-15,20340,30,0.8,0.9,best
DE,ackley,3,677,3.9968028886505635e-15,20370,30,0.8,0.9,best
DE,ackley,3,678,3.9968028886505635e-15,20400,30,0.8,0.9,best
DE,ackley,3,679,3.9968028886505635e-15,20430,30,0.8,0.9,best
DE,ackley,3,680,3.9968028886505635e-15,20460,30,0.8,0.9,best
DE,ackley,3,681,3.9968028886505635e-15,20490,30,0.8,0.9,best
DE,ackley,3,682,3.9968028886505635e-15,20520,30,0.8,0.9,best
DE,ackley,3,683,3.9968028886505635e-15,20550,30,0.8,0.9,best
DE,ackley,3,684,3.9968028886505635e-15,20580,30,0.8,0.9,best
DE,ackley,3,685,3.9968028886505635e-15,20610,30,0.8,0.9,best
DE,ackley,3,686,3.9968028886505635e-15,20640,30,0.8,0.9,best
DE,ackley,3,687,3.9968028886505635e-15,20670,30,0.8,0.9,best
DE,ackley,3,688,3.9968028886505635e-15,20700,30,0.8,0.9,best
DE,ackley,3,689,3.9968028886505635e-15,20730,30,0.8,0.9,best
DE,ackley,3,690,3.9968028886505635e-15,20760,30,0.8,0.9,best
DE,ackley,3,691,3.9968028886505635e-15,20790,30,0.8,0.9,best
DE,ackley,3,692,3.9968028886505635e-15,20820,30,0.8,0.9,best
DE,ackley,3,693,3.9968028886505635e-15,20850,30,0.8,0.9,best
DE,ackley,3,694,3.9968028886505635e-15,20880,30,0.8,0.9,best
DE,ackley,3,695,3.9968028886505635e-15,20910,30,0.8,0.9,best
DE,ackley,3,696,3.9968028886505635e-15,20940,30,0.8,0.9,best
DE,ackley,3,697,3.9968028886505635e-15,20970,30,0.8,0.9,best
DE,ackley,3,698,3.9968028886505635e-15,21000,30,0.8,0.9,best
DE,ackley,3,699,3.9968028886505635e-15,21030,30,0.8,0.9,best
DE,ackley,3,700,3.9968028886505635e-15,21060,30,0.8,0.9,best
DE,ackley,3,701,3.9968028886505635e-15,21090,30,0.8,0.9,best
DE,ackley,3,702,3.9968028886505635e-15,21120,30,0.8,0.9,best
DE,ackley,3,703,3.9968028886505635e-15,21150,30,0.8,0.9,best
DE,ackley,3,704,3.9968028886505635e-15,21180,30,0.8,0.9,best
DE,ackley,3,705,3.9968028886505635e-15,21210,30,0.8,0.9,best
DE,ackley,3,706,3.9968028886505635e-15,21240,30,0.8,0.9,best
DE,ackley,3,707,3.9968028886505635e-15,21270,30,0.8,0.9,best
DE,ackley,3,708,3.9968028886505635e-15,21300,30,0.8,0.9,best
DE,ackley,3,709,3.9968028886505635e-15,21330,30,0.8,0.9,best
DE,ackley,3,710,3.9968028886505635e-15,21360,30,0.8,0.9,best
DE,ackley,3,711,3.9968028886505635e-15,21390,30,0.8,0.9,best
DE,ackley,3,712,3.9968028886505635e-15,21420,30,0.8,0.9,best
DE,ackley,3,713,3.9968028886505635e-15,21450,30,0.8,0.9,best
DE,ackley,3,714,3.9968028886505635e-15,21480,30,0.8,0.9,best
DE,ackley,3,715,3.9968028886505635e-15,21510,30,0.8,0.9,best
DE,ackley,3,716,3.9968028886505635e-15,21540,30,0.8,0.9,best
DE,ackley,3,717,3.9968028886505635e-15,21570,30,0.8,0.9,best
DE,ackley,3,718,3.9968028886505635e-15,21600,30,0.8,0.9,best
DE,ackley,3,719,3.9968028886505635e-15,21630,30,0.8,0.9,best
DE,ackley,3,720,3.9968028886505635e-15,21660,30,0.8,0.9,best
DE,ackley,3,721,3.9968028886505635e-15,21690,30,0.8,0.9,best
DE,ackley,3,722,3.9968028886505635e-15,21720,30,0.8,0.9,best
DE,ackley,3,723,3.9968028886505635e-15,21750,30,0.8,0.9,best
DE,ackley,3,724,3.9968028886505635e-15,21780,30,0.8,0.9,best
DE,ackley,3,725,3.9968028886505635e-15,21810,30,0.8,0.9,best
DE,ackley,3,726,3.9968028886505635e-15,21840,30,0.8,0.9,best
DE,ackley,3,727,3.9968028886505635e-15,21870,30,0.8,0.9,best
DE,ackley,3,728,3.9968028886505635e-15,21900,30,0.8,0.9,best
DE,ackley,3,729,3.9968028886505635e-15,21930,30,0.8,0.9,best
DE,ackley,3,730,3.9968028886505635e-15,21960,30,0.8,0.9,best
DE,ackley,3,731,3.9968028886505635e-15,21990,30,0.8,0.9,best
DE,ackley,3,732,3.9968028886505635e-15,22020,30,0.8,0.9,best
DE,ackley,3,733,3.9968028886505635e-15,22050,30,0.8,0.9,best
DE,ackley,3,734,3.9968028886505635e-15,22080,30,0.8,0.9,best
DE,ackley,3,735,3.9968028886505635e-15,22110,30,0.8,0.9,best
DE,ackley,3,736,3.9968028886505635e-15,22140,30,0.8,0.9,best
DE,ackley,3,737,3.9968028886505635e-15,22170,30,0.8,0.9,best
DE,ackley,3,738,3.9968028886505635e-15,22200,30,0.8,0.9,best
DE,ackley,3,739,3.9968028886505635e-15,22230,30,0.8,0.9,best
DE,ackley,3,740,3.9968028886505635e-15,22260,30,0.8,0.9,best
DE,ackley,3,741,3.9968028886505635e-15,22290,30,0.8,0.9,best
DE,ackley,3,742,3.9968028886505635e-15,22320,30,0.8,0.9,best
DE,ackley,3,743,3.9968028886505635e-15,22350,30,0.8,0.9,best
DE,ackley,3,744,3.9968028886505635e-15,22380,30,0.8,0.9,best
DE,ackley,3,745,3.9968028886505635e-15,22410,30,0.8,0.9,best
DE,ackley,3,746,3.9968028886505635e-15,22440,30,0.8,0.9,best
DE,ackley,3,747,3.9968028886505635e-15,22470,30,0.8,0.9,best
DE,ackley,3,748,3.9968028886505635e-15,22500,30,0.8,0.9,best
DE,ackley,3,749,3.9968028886505635e-15,22530,30,0.8,0.9,best
DE,ackley,3,750,3.9968028886505635e-15,22560,30,0.8,0.9,best
DE,ackley,3,751,3.9968028886505635e-15,22590,30,0.8,0.9,best
DE,ackley,3,752,3.9968028886505635e-15,22620,30,0.8,0.9,best
DE,ackley,3,753,3.9968028886505635e-15,22650,30,0.8,0.9,best
DE,ackley,3,754,3.9968028886505635e-15,22680,30,0.8,0.9,best
DE,ackley,3,755,3.9968028886505635e-15,22710,30,0.8,0.9,best
DE,ackley,3,756,3.9968028886505635e-15,22740,30,0.8,0.9,best
DE,ackley,3,757,3.9968028886505635e-15,22770,30,0.8,0.9,best
DE,ackley,3,758,3.9968028886505635e-15,22800,30,0.8,0.9,best
DE,ackley,3,759,3.9968028886505635e-15,22830,30,0.8,0.9,best
DE,ackley,3,760,3.9968028886505635e-15,22860,30,0.8,0.9,best
DE,ackley,3,761,3.9968028886505635e-15,22890,30,0.8,0.9,best
DE,ackley,3,762,3.9968028886505635e-15,22920,30,0.8,0.9,best
DE,ackley,3,763,3.9968028886505635e-15,22950,30,0.8,0.9,best
DE,ackley,3,764,3.9968028886505635e-15,22980,30,0.8,0.9,best
DE,ackley,3,765,3.9968028886505635e-15,23010,30,0.8,0.9,best
DE,ackley,3,766,3.9968028886505635e-15,23040,30,0.8,0.9,best
DE,ackley,3,767,3.9968028886505635e-15,23070,30,0.8,0.9,best
DE,ackley,3,768,3.9968028886505635e-15,23100,30,0.8,0.9,best
DE,ackley,3,769,3.9968028886505635e-15,23130,30,0.8,0.9,best
DE,ackley,3,770,3.9968028886505635e-15,23160,30,0.8,0.9,best
DE,ackley,3,771,3.9968028886505635e-15,23190,30,0.8,0.9,best
DE,ackley,3,772,3.9968028886505635e-15,23220,30,0.8,0.9,best
DE,ackley,3,773,3.9968028886505635e-15,23250,30,0.8,0.9,best
DE,ackley,3,774,3.9968028886505635e-15,23280,30,0.8,0.9,best
DE,ackley,3,775,3.9968028886505635e-15,23310,30,0.8,0.9,best
DE,ackley,3,776,3.9968028886505635e-15,23340,30,0.8,0.9,best
DE,ackley,3,777,3.9968028886505635e-15,23370,30,0.8,0.9,best
DE,ackley,3,778,3.9968028886505635e-15,23400,30,0.8,0.9,best
DE,ackley,3,779,3.9968028886505635e-15,23430,30,0.8,0.9,best
DE,ackley,3,780,3.9968028886505635e-15,23460,30,0.8,0.9,best
DE,ackley,3,781,3.9968028886505635e-15,23490,30,0.8,0.9,best
DE,ackley,3,782,3.9968028886505635e-15,23520,30,0.8,0.9,best
DE,ackley,3,783,3.9968028886505635e-15,23550,30,0.8,0.9,best
DE,ackley,3,784,3.9968028886505635e-15,23580,30,0.8,0.9,best
DE,ackley,3,785,3.9968028886505635e-15,23610,30,0.8,0.9,best
DE,ackley,3,786,3.9968028886505635e-15,23640,30,0.8,0.9,best
DE,ackley,3,787,3.9968028886505635e-15,23670,30,0.8,0.9,best
DE,ackley,3,788,3.9968028886505635e-15,23700,30,0.8,0.9,best
DE,ackley,3,789,3.9968028886505635e-15,23730,30,0.8,0.9,best
DE,ackley,3,790,3.9968028886505635e-15,23760,30,0.8,0.9,best
DE,ackley,3,791,3.9968028886505635e-15,23790,30,0.8,0.9,best
DE,ackley,3,792,3.9968028886505635e-15,23820,30,0.8,0.9,best
DE,ackley,3,793,3.9968028886505635e-15,23850,30,0.8,0.9,best
DE,ackley,3,794,3.9968028886505635e-15,23880,30,0.8,0.9,best
DE,ackley,3,795,3.9968028886505635e-15,23910,30,0.8,0.9,best
DE,ackley,3,796,3.9968028886505635e-15,23940,30,0.8,0.9,best
DE,ackley,3,797,3.9968028886505635e-15,23970,30,0.8,0.9,best
DE,ackley,3,798,3.9968028886505635e-15,24000,30,0.8,0.9,best
DE,ackley,3,799,3.9968028886505635e-15,24030,30,0.8,0.9,best
DE,ackley,3,800,3.9968028886505635e-15,24060,30,0.8,0.9,best
DE,ackley,3,801,3.9968028886505635e-15,24090,30,0.8,0.9,best
DE,ackley,3,802,3.9968028886505635e-15,24120,30,0.8,0.9,best
DE,ackley,3,803,3.9968028886505635e-15,24150,30,0.8,0.9,best
DE,ackley,3,804,3.9968028886505635e-15,24180,30,0.8,0.9,best
DE,ackley,3,805,3.9968028886505635e-15,24210,30,0.8,0.9,best
DE,ackley,3,806,3.9968028886505635e-15,24240,30,0.8,0.9,best
DE,ackley,3,807,3.9968028886505635e-15,24270,30,0.8,0.9,best
DE,ackley,3,808,3.9968028886505635e-15,24300,30,0.8,0.9,best
DE,ackley,3,809,3.9968028886505635e-15,24330,30,0.8,0.9,best
DE,ackley,3,810,3.9968028886505635e-15,24360,30,0.8,0.9,best
DE,ackley,3,811,3.9968028886505635e-15,24390,30,0.8,0.9,best
DE,ackley,3,812,3.9968028886505635e-15,24420,30,0.8,0.9,best
DE,ackley,3,813,3.9968028886505635e-15,24450,30,0.8,0.9,best
DE,ackley,3,814,3.9968028886505635e-15,24480,30,0.8,0.9,best
DE,ackley,3,815,3.9968028886505635e-15,24510,30,0.8,0.9,best
DE,ackley,3,816,3.9968028886505635e-15,24540,30,0.8,0.9,best
DE,ackley,3,817,3.9968028886505635e-15,24570,30,0.8,0.9,best
DE,ackley,3,818,3.9968028886505635e-15,24600,30,0.8,0.9,best
DE,ackley,3,819,3.9968028886505635e-15,24630,30,0.8,0.9,best
DE,ackley,3,820,3.9968028886505635e-15,24660,30,0.8,0.9,best
DE,ackley,3,821,3.9968028886505635e-15,24690,30,0.8,0.9,best
DE,ackley,3,822,3.9968028886505635e-15,24720,30,0.8,0.9,best
DE,ackley,3,823,3.9968028886505635e-15,24750,30,0.8,0.9,best
DE,ackley,3,824,3.9968028886505635e-15,24780,30,0.8,0.9,best
DE,ackley,3,825,3.9968028886505635e-15,24810,30,0.8,0.9,best
DE,ackley,3,826,3.9968028886505635e-15,24840,30,0.8,0.9,best
DE,ackley,3,827,3.9968028886505635e-15,24870,30,0.8,0.9,best
DE,ackley,3,828,3.9968028886505635e-15,24900,30,0.8,0.9,best
DE,ackley,3,829,3.9968028886505635e-15,24930,30,0.8,0.9,best
DE,ackley,3,830,3.9968028886505635e-15,24960,30,0.8,0.9,best
DE,ackley,3,831,3.9968028886505635e-15,24990,30,0.8,0.9,best
DE,ackley,3,832,3.9968028886505635e-15,25020,30,0.8,0.9,best
DE,ackley,3,833,3.9968028886505635e-15,25050,30,0.8,0.9,best
DE,ackley,3,834,3.9968028886505635e-15,25080,30,0.8,0.9,best
DE,ackley,3,835,3.9968028886505635e-15,25110,30,0.8,0.9,best
DE,ackley,3,836,3.9968028886505635e-15,25140,30,0.8,0.9,best
DE,ackley,3,837,3.9968028886505635e-15,25170,30,0.8,0.9,best
DE,ackley,3,838,3.9968028886505635e-15,25200,30,0.8,0.9,best
DE,ackley,3,839,3.9968028886505635e-15,25230,30,0.8,0.9,best
DE,ackley,3,840,3.9968028886505635e-15,25260,30,0.8,0.9,best
DE,ackley,3,841,3.9968028886505635e-15,25290,30,0.8,0.9,best
DE,ackley,3,842,3.9968028886505635e-15,25320,30,0.8,0.9,best
DE,ackley,3,843,3.9968028886505635e-15,25350,30,0.8,0.9,best
DE,ackley,3,844,3.9968028886505635e-15,25380,30,0.8,0.9,best
DE,ackley,3,845,3.9968028886505635e-15,25410,30,0.8,0.9,best
DE,ackley,3,846,3.9968028886505635e-15,25440,30,0.8,0.9,best
DE,ackley,3,847,3.9968028886505635e-15,25470,30,0.8,0.9,best
DE,ackley,3,848,3.9968028886505635e-15,25500,30,0.8,0.9,best
DE,ackley,3,849,3.9968028886505635e-15,25530,30,0.8,0.9,best
DE,ackley,3,850,3.9968028886505635e-15,25560,30,0.8,0.9,best
DE,ackley,3,851,3.9968028886505635e-15,25590,30,0.8,0.9,best
DE,ackley,3,852,3.9968028886505635e-15,25620,30,0.8,0.9,best
DE,ackley,3,853,3.9968028886505635e-15,25650,30,0.8,0.9,best
DE,ackley,3,854,3.9968028886505635e-15,25680,30,0.8,0.9,best
DE,ackley,3,855,3.9968028886505635e-15,25710,30,0.8,0.9,best
DE,ackley,3,856,3.9968028886505635e-15,25740,30,0.8,0.9,best
DE,ackley,3,857,3.9968028886505635e-15,25770,30,0.8,0.9,best
DE,ackley,3,858,3.9968028886505635e-15,25800,30,0.8,0.9,best
DE,ackley,3,859,3.9968028886505635e-15,25830,30,0.8,0.9,best
DE,ackley,3,860,3.9968028886505635e-15,25860,30,0.8,0.9,best
DE,ackley,3,861,3.9968028886505635e-15,25890,30,0.8,0.9,best
DE,ackley,3,862,3.9968028886505635e-15,25920,30,0.8,0.9,best
DE,ackley,3,863,3.9968028886505635e-15,25950,30,0.8,0.9,best
DE,ackley,3,864,3.9968028886505635e-15,25980,30,0.8,0.9,best
DE,ackley,3,865,3.9968028886505635e-15,26010,30,0.8,0.9,best
DE,ackley,3,866,3.9968028886505635e-15,26040,30,0.8,0.9,best
DE,ackley,3,867,3.9968028886505635e-15,26070,30,0.8,0.9,best
DE,ackley,3,868,3.9968028886505635e-15,26100,30,0.8,0.9,best
DE,ackley,3,869,3.9968028886505635e-15,26130,30,0.8,0.9,best
DE,ackley,3,870,3.9968028886505635e-15,26160,30,0.8,0.9,best
DE,ackley,3,871,3.9968028886505635e-15,26190,30,0.8,0.9,best
DE,ackley,3,872,3.9968028886505635e-15,26220,30,0.8,0.9,best
DE,ackley,3,873,3.9968028886505635e-15,26250,30,0.8,0.9,best
DE,ackley,3,874,3.9968028886505635e-15,26280,30,0.8,0.9,best
DE,ackley,3,875,3.9968028886505635e-15,26310,30,0.8,0.9,best
DE,ackley,3,876,3.9968028886505635e-15,26340,30,0.8,0.9,best
DE,ackley,3,877,3.9968028886505635e-15,26370,30,0.8,0.9,best
DE,ackley,3,878,3.9968028886505635e-15,26400,30,0.8,0.9,best
DE,ackley,3,879,3.9968028886505635e-15,26430,30,0.8,0.9,best
DE,ackley,3,880,3.9968028886505635e-15,26460,30,0.8,0.9,best
DE,ackley,3,881,3.9968028886505635e-15,26490,30,0.8,0.9,best
DE,ackley,3,882,3.9968028886505635e-15,26520,30,0.8,0.9,best
DE,ackley,3,883,3.9968028886505635e-15,26550,30,0.8,0.9,best
DE,ackley,3,884,3.9968028886505635e-15,26580,30,0.8,0.9,best
DE,ackley,3,885,3.9968028886505635e-15,26610,30,0.8,0.9,best
DE,ackley,3,886,3.9968028886505635e-15,26640,30,0.8,0.9,best
DE,ackley,3,887,3.9968028886505635e-15,26670,30,0.8,0.9,best
DE,ackley,3,888,3.9968028886505635e-15,26700,30,0.8,0.9,best
DE,ackley,3,889,3.9968028886505635e-15,26730,30,0.8,0.9,best
DE,ackley,3,890,3.9968028886505635e-15,26760,30,0.8,0.9,best
DE,ackley,3,891,3.9968028886505635e-15,26790,30,0.8,0.9,best
DE,ackley,3,892,3.9968028886505635e-15,26820,30,0.8,0.9,best
DE,ackley,3,893,3.9968028886505635e-15,26850,30,0.8,0.9,best
DE,ackley,3,894,3.9968028886505635e-15,26880,30,0.8,0.9,best
DE,ackley,3,895,3.9968028886505635e-15,26910,30,0.8,0.9,best
DE,ackley,3,896,3.9968028886505635e-15,26940,30,0.8,0.9,best
DE,ackley,3,897,3.9968028886505635e-15,26970,30,0.8,0.9,best
DE,ackley,3,898,3.9968028886505635e-15,27000,30,0.8,0.9,best
DE,ackley,3,899,3.9968028886505635e-15,27030,30,0.8,0.9,best
DE,ackley,3,900,3.9968028886505635e-15,27060,30,0.8,0.9,best
DE,ackley,3,901,3.9968028886505635e-15,27090,30,0.8,0.9,best
DE,ackley,3,902,3.9968028886505635e-15,27120,30,0.8,0.9,best
DE,ackley,3,903,3.9968028886505635e-15,27150,30,0.8,0.9,best
DE,ackley,3,904,3.9968028886505635e-15,27180,30,0.8,0.9,best
DE,ackley,3,905,3.9968028886505635e-15,27210,30,0.8,0.9,best
DE,ackley,3,906,3.9968028886505635e-15,27240,30,0.8,0.9,best
DE,ackley,3,907,3.9968028886505635e-15,27270,30,0.8,0.9,best
DE,ackley,3,908,3.9968028886505635e-15,27300,30,0.8,0.9,best
DE,ackley,3,909,3.9968028886505635e-15,27330,30,0.8,0.9,best
DE,ackley,3,910,3.9968028886505635e-15,27360,30,0.8,0.9,best
DE,ackley,3,911,3.9968028886505635e-15,27390,30,0.8,0.9,best
DE,ackley,3,912,3.9968028886505635e-15,27420,30,0.8,0.9,best
DE,ackley,3,913,3.9968028886505635e-15,27450,30,0.8,0.9,best
DE,ackley,3,914,3.9968028886505635e-15,27480,30,0.8,0.9,best
DE,ackley,3,915,3.9968028886505635e-15,27510,30,0.8,0.9,best
DE,ackley,3,916,3.9968028886505635e-15,27540,30,0.8,0.9,best
DE,ackley,3,917,3.9968028886505635e-15,27570,30,0.8,0.9,best
DE,ackley,3,918,3.9968028886505635e-15,27600,30,0.8,0.9,best
DE,ackley,3,919,3.9968028886505635e-15,27630,30,0.8,0.9,best
DE,ackley,3,920,3.9968028886505635e-15,27660,30,0.8,0.9,best
DE,ackley,3,921,3.9968028886505635e-15,27690,30,0.8,0.9,best
DE,ackley,3,922,3.9968028886505635e-15,27720,30,0.8,0.9,best
DE,ackley,3,923,3.9968028886505635e-15,27750,30,0.8,0.9,best
DE,ackley,3,924,3.9968028886505635e-15,27780,30,0.8,0.9,best
DE,ackley,3,925,3.9968028886505635e-15,27810,30,0.8,0.9,best
DE,ackley,3,926,3.9968028886505635e-15,27840,30,0.8,0.9,best
DE,ackley,3,927,3.9968028886505635e-15,27870,30,0.8,0.9,best
DE,ackley,3,928,3.9968028886505635e-15,27900,30,0.8,0.9,best
DE,ackley,3,929,3.9968028886505635e-15,27930,30,0.8,0.9,best
DE,ackley,3,930,3.9968028886505635e-15,27960,30,0.8,0.9,best
DE,ackley,3,931,3.9968028886505635e-15,27990,30,0.8,0.9,best
DE,ackley,3,932,3.9968028886505635e-15,28020,30,0.8,0.9,best
DE,ackley,3,933,3.9968028886505635e-15,28050,30,0.8,0.9,best
DE,ackley,3,934,3.9968028886505635e-15,28080,30,0.8,0.9,best
DE,ackley,3,935,3.9968028886505635e-15,28110,30,0.8,0.9,best
DE,ackley,3,936,3.9968028886505635e-15,28140,30,0.8,0.9,best
DE,ackley,3,937,3.9968028886505635e-15,28170,30,0.8,0.9,best
DE,ackley,3,938,3.9968028886505635e-15,28200,30,0.8,0.9,best
DE,ackley,3,939,3.9968028886505635e-15,28230,30,0.8,0.9,best
DE,ackley,3,940,3.9968028886505635e-15,28260,30,0.8,0.9,best
DE,ackley,3,941,3.9968028886505635e-15,28290,30,0.8,0.9,best
DE,ackley,3,942,3.9968028886505635e-15,28320,30,0.8,0.9,best
DE,ackley,3,943,3.9968028886505635e-15,28350,30,0.8,0.9,best
DE,ackley,3,944,3.9968028886505635e-15,28380,30,0.8,0.9,best
DE,ackley,3,945,3.9968028886505635e-15,28410,30,0.8,0.9,best
DE,ackley,3,946,3.9968028886505635e-15,28440,30,0.8,0.9,best
DE,ackley,3,947,3.9968028886505635e-15,28470,30,0.8,0.9,best
DE,ackley,3,948,3.9968028886505635e-15,28500,30,0.8,0.9,best
DE,ackley,3,949,3.9968028886505635e-15,28530,30,0.8,0.9,best
DE,ackley,3,950,3.9968028886505635e-15,28560,30,0.8,0.9,best
DE,ackley,3,951,3.9968028886505635e-15,28590,30,0.8,0.9,best
DE,ackley,3,952,3.9968028886505635e-15,28620,30,0.8,0.9,best
DE,ackley,3,953,3.9968028886505635e-15,28650,30,0.8,0.9,best
DE,ackley,3,954,3.9968028886505635e-15,28680,30,0.8,0.9,best
DE,ackley,3,955,3.9968028886505635e-15,28710,30,0.8,0.9,best
DE,ackley,3,956,3.9968028886505635e-15,28740,30,0.8,0.9,best
DE,ackley,3,957,3.9968028886505635e-15,28770,30,0.8,0.9,best
DE,ackley,3,958,3.9968028886505635e-15,28800,30,0.8,0.9,best
DE,ackley,3,959,3.9968028886505635e-15,28830,30,0.8,0.9,best
DE,ackley,3,960,3.9968028886505635e-15,28860,30,0.8,0.9,best
DE,ackley,3,961,3.9968028886505635e-15,28890,30,0.8,0.9,best
DE,ackley,3,962,3.9968028886505635e-15,28920,30,0.8,0.9,best
DE,ackley,3,963,3.9968028886505635e-15,28950,30,0.8,0.9,best
DE,ackley,3,964,3.9968028886505635e-15,28980,30,0.8,0.9,best
DE,ackley,3,965,3.9968028886505635e-15,29010,30,0.8,0.9,best
DE,ackley,3,966,3.9968028886505635e-15,29040,30,0.8,0.9,best
DE,ackley,3,967,3.9968028886505635e-15,29070,30,0.8,0.9,best
DE,ackley,3,968,3.9968028886505635e-15,29100,30,0.8,0.9,best
DE,ackley,3,969,3.9968028886505635e-15,29130,30,0.8,0.9,best
DE,ackley,3,970,3.9968028886505635e-15,29160,30,0.8,0.9,best
DE,ackley,3,971,3.9968028886505635e-15,29190,30,0.8,0.9,best
DE,ackley,3,972,3.9968028886505635e-15,29220,30,0.8,0.9,best
DE,ackley,3,973,3.9968028886505635e-15,29250,30,0.8,0.9,best
DE,ackley,3,974,3.9968028886505635e-15,29280,30,0.8,0.9,best
DE,ackley,3,975,3.9968028886505635e-15,29310,30,0.8,0.9,best
DE,ackley,3,976,3.9968028886505635e-15,29340,30,0.8,0.9,best
DE,ackley,3,977,3.9968028886505635e-15,29370,30,0.8,0.9,best
DE,ackley,3,978,3.9968028886505635e-15,29400,30,0.8,0.9,best
DE,ackley,3,979,3.9968028886505635e-15,29430,30,0.8,0.9,best
DE,ackley,3,980,3.9968028886505635e-15,29460,30,0.8,0.9,best
DE,ackley,3,981,3.9968028886505635e-15,29490,30,0.8,0.9,best
DE,ackley,3,982,3.9968028886505635e-15,29520,30,0.8,0.9,best
DE,ackley,3,983,3.9968028886505635e-15,29550,30,0.8,0.9,best
DE,ackley,3,984,3.9968028886505635e-15,29580,30,0.8,0.9,best
DE,ackley,3,985,3.9968028886505635e-15,29610,30,0.8,0.9,best
DE,ackley,3,986,3.9968028886505635e-15,29640,30,0.8,0.9,best
DE,ackley,3,987,3.9968028886505635e-15,29670,30,0.8,0.9,best
DE,ackley,3,988,3.9968028886505635e-15,29700,30,0.8,0.9,best
DE,ackley,3,989,3.9968028886505635e-15,29730,30,0.8,0.9,best
DE,ackley,3,990,3.9968028886505635e-15,29760,30,0.8,0.9,best
DE,ackley,3,991,3.9968028886505635e-15,29790,30,0.8,0.9,best
DE,ackley,3,992,3.9968028886505635e-15,29820,30,0.8,0.9,best
DE,ackley,3,993,3.9968028886505635e-15,29850,30,0.8,0.9,best
DE,ackley,3,994,3.9968028886505635e-15,29880,30,0.8,0.9,best
DE,ackley,3,995,3.9968028886505635e-15,29910,30,0.8,0.9,best
DE,ackley,3,996,3.9968028886505635e-15,29940,30,0.8,0.9,best
DE,ackley,3,997,3.9968028886505635e-15,29970,30,0.8,0.9,best
DE,ackley,3,998,3.9968028886505635e-15,30000,30,0.8,0.9,best
DE,ackley,3,999,3.9968028886505635e-15,30030,30,0.8,0.9,best
DE,ackley,3,1000,3.9968028886505635e-15,30060,30,0.8,0.9,best
DE,ackley,3,1001,3.9968028886505635e-15,30090,30,0.8,0.9,best
DE,ackley,3,1002,3.9968028886505635e-15,30120,30,0.8,0.9,best
DE,ackley,3,1003,3.9968028886505635e-15,30150,30,0.8,0.9,best
DE,ackley,3,1004,3.9968028886505635e-15,30180,30,0.8,0.9,best
DE,ackley,3,1005,3.9968028886505635e-15,30210,30,0.8,0.9,best
DE,ackley,3,1006,3.9968028886505635e-15,30240,30,0.8,0.9,best
DE,ackley,3,1007,3.9968028886505635e-15,30270,30,0.8,0.9,best
DE,ackley,3,1008,3.9968028886505635e-15,30300,30,0.8,0.9,best
DE,ackley,3,1009,3.9968028886505635e-15,30330,30,0.8,0.9,best
DE,ackley,3,1010,3.9968028886505635e-15,30360,30,0.8,0.9,best
DE,ackley,3,1011,3.9968028886505635e-15,30390,30,0.8,0.9,best
DE,ackley,3,1012,3.9968028886505635e-15,30420,30,0.8,0.9,best
DE,ackley,3,1013,3.9968028886505635e-15,30450,30,0.8,0.9,best
DE,ackley,3,1014,3.9968028886505635e-15,30480,30,0.8,0.9,best
DE,ackley,3,1015,3.9968028886505635e-15,30510,30,0.8,0.9,best
DE,ackley,3,1016,3.9968028886505635e-15,30540,30,0.8,0.9,best
DE,ackley,3,1017,3.9968028886505635e-15,30570,30,0.8,0.9,best
DE,ackley,3,1018,3.9968028886505635e-15,30600,30,0.8,0.9,best
DE,ackley,3,1019,3.9968028886505635e-15,30630,30,0.8,0.9,best
DE,ackley,3,1020,3.9968028886505635e-15,30660,30,0.8,0.9,best
DE,ackley,3,1021,3.9968028886505635e-15,30690,30,0.8,0.9,best
DE,ackley,3,1022,3.9968028886505635e-15,30720,30,0.8,0.9,best
DE,ackley,3,1023,3.9968028886505635e-15,30750,30,0.8,0.9,best
DE,ackley,3,1024,3.9968028886505635e-15,30780,30,0.8,0.9,best
DE,ackley,3,1025,3.9968028886505635e-15,30810,30,0.8,0.9,best
DE,ackley,3,1026,3.9968028886505635e-15,30840,30,0.8,0.9,best
DE,ackley,3,1027,3.9968028886505635e-15,30870,30,0.8,0.9,best
DE,ackley,3,1028,3.9968028886505635e-15,30900,30,0.8,0.9,best
DE,ackley,3,1029,3.9968028886505635e-15,30930,30,0.8,0.9,best
DE,ackley,3,1030,3.9968028886505635e-15,30960,30,0.8,0.9,best
DE,ackley,3,1031,3.9968028886505635e-15,30990,30,0.8,0.9,best
DE,ackley,3,1032,3.9968028886505635e-15,31020,30,0.8,0.9,best
DE,ackley,3,1033,3.9968028886505635e-15,31050,30,0.8,0.9,best
DE,ackley,3,1034,3.9968028886505635e-15,31080,30,0.8,0.9,best
DE,ackley,3,1035,3.9968028886505635e-15,31110,30,0.8,0.9,best
DE,ackley,3,1036,3.9968028886505635e-15,31140,30,0.8,0.9,best
DE,ackley,3,1037,3.9968028886505635e-15,31170,30,0.8,0.9,best
DE,ackley,3,1038,3.9968028886505635e-15,31200,30,0.8,0.9,best
DE,ackley,3,1039,3.9968028886505635e-15,31230,30,0.8,0.9,best
DE,ackley,3,1040,3.9968028886505635e-15,31260,30,0.8,0.9,best
DE,ackley,3,1041,3.9968028886505635e-15,31290,30,0.8,0.9,best
DE,ackley,3,1042,3.9968028886505635e-15,31320,30,0.8,0.9,best
DE,ackley,3,1043,3.9968028886505635e-15,31350,30,0.8,0.9,best
DE,ackley,3,1044,3.9968028886505635e-15,31380,30,0.8,0.9,best
DE,ackley,3,1045,3.9968028886505635e-15,31410,30,0.8,0.9,best
DE,ackley,3,1046,3.9968028886505635e-15,31440,30,0.8,0.9,best
DE,ackley,3,1047,3.9968028886505635e-15,31470,30,0.8,0.9,best
DE,ackley,3,1048,3.9968028886505635e-15,31500,30,0.8,0.9,best
DE,ackley,3,1049,3.9968028886505635e-15,31530,30,0.8,0.9,best
DE,ackley,3,1050,3.9968028886505635e-15,31560,30,0.8,0.9,best
DE,ackley,3,1051,3.9968028886505635e-15,31590,30,0.8,0.9,best
DE,ackley,3,1052,3.9968028886505635e-15,31620,30,0.8,0.9,best
DE,ackley,3,1053,3.9968028886505635e-15,31650,30,0.8,0.9,best
DE,ackley,3,1054,3.9968028886505635e-15,31680,30,0.8,0.9,best
DE,ackley,3,1055,3.9968028886505635e-15,31710,30,0.8,0.9,best
DE,ackley,3,1056,3.9968028886505635e-15,31740,30,0.8,0.9,best
DE,ackley,3,1057,3.9968028886505635e-15,31770,30,0.8,0.9,best
DE,ackley,3,1058,3.9968028886505635e-15,31800,30,0.8,0.9,best
DE,ackley,3,1059,3.9968028886505635e-15,31830,30,0.8,0.9,best
DE,ackley,3,1060,3.9968028886505635e-15,31860,30,0.8,0.9,best
DE,ackley,3,1061,3.9968028886505635e-15,31890,30,0.8,0.9,best
DE,ackley,3,1062,3.9968028886505635e-15,31920,30,0.8,0.9,best
DE,ackley,3,1063,3.9968028886505635e-15,31950,30,0.8,0.9,best
DE,ackley,3,1064,3.9968028886505635e-15,31980,30,0.8,0.9,best
DE,ackley,3,1065,3.9968028886505635e-15,32010,30,0.8,0.9,best
DE,ackley,3,1066,3.9968028886505635e-15,32040,30,0.8,0.9,best
DE,ackley,3,1067,3.9968028886505635e-15,32070,30,0.8,0.9,best
DE,ackley,3,1068,3.9968028886505635e-15,32100,30,0.8,0.9,best
DE,ackley,3,1069,3.9968028886505635e-15,32130,30,0.8,0.9,best
DE,ackley,3,1070,3.9968028886505635e-15,32160,30,0.8,0.9,best
DE,ackley,3,1071,3.9968028886505635e-15,32190,30,0.8,0.9,best
DE,ackley,3,1072,3.9968028886505635e-15,32220,30,0.8,0.9,best
DE,ackley,3,1073,3.9968028886505635e-15,32250,30,0.8,0.9,best
DE,ackley,3,1074,3.9968028886505635e-15,32280,30,0.8,0.9,best
DE,ackley,3,1075,3.9968028886505635e-15,32310,30,0.8,0.9,best
DE,ackley,3,1076,3.9968028886505635e-15,32340,30,0.8,0.9,best
DE,ackley,3,1077,3.9968028886505635e-15,32370,30,0.8,0.9,best
DE,ackley,3,1078,3.9968028886505635e-15,32400,30,0.8,0.9,best
DE,ackley,3,1079,3.9968028886505635e-15,32430,30,0.8,0.9,best
DE,ackley,3,1080,3.9968028886505635e-15,32460,30,0.8,0.9,best
DE,ackley,3,1081,3.9968028886505635e-15,32490,30,0.8,0.9,best
DE,ackley,3,1082,3.9968028886505635e-15,32520,30,0.8,0.9,best
DE,ackley,3,1083,3.9968028886505635e-15,32550,30,0.8,0.9,best
DE,ackley,3,1084,3.9968028886505635e-15,32580,30,0.8,0.9,best
DE,ackley,3,1085,3.9968028886505635e-15,32610,30,0.8,0.9,best
DE,ackley,3,1086,3.9968028886505635e-15,32640,30,0.8,0.9,best
DE,ackley,3,1087,3.9968028886505635e-15,32670,30,0.8,0.9,best
DE,ackley,3,1088,3.9968028886505635e-15,32700,30,0.8,0.9,best
DE,ackley,3,1089,3.9968028886505635e-15,32730,30,0.8,0.9,best
DE,ackley,3,1090,3.9968028886505635e-15,32760,30,0.8,0.9,best
DE,ackley,3,1091,3.9968028886505635e-15,32790,30,0.8,0.9,best
DE,ackley,3,1092,3.9968028886505635e-15,32820,30,0.8,0.9,best
DE,ackley,3,1093,3.9968028886505635e-15,32850,30,0.8,0.9,best
DE,ackley,3,1094,3.9968028886505635e-15,32880,30,0.8,0.9,best
DE,ackley,3,1095,3.9968028886505635e-15,32910,30,0.8,0.9,best
DE,ackley,3,1096,3.9968028886505635e-15,32940,30,0.8,0.9,best
DE,ackley,3,1097,3.9968028886505635e-15,32970,30,0.8,0.9,best
DE,ackley,3,1098,3.9968028886505635e-15,33000,30,0.8,0.9,best
DE,ackley,3,1099,3.9968028886505635e-15,33030,30,0.8,0.9,best
DE,ackley,3,1100,3.9968028886505635e-15,33060,30,0.8,0.9,best
DE,ackley,3,1101,3.9968028886505635e-15,33090,30,0.8,0.9,best
DE,ackley,3,1102,3.9968028886505635e-15,33120,30,0.8,0.9,best
DE,ackley,3,1103,3.9968028886505635e-15,33150,30,0.8,0.9,best
DE,ackley,3,1104,3.9968028886505635e-15,33180,30,0.8,0.9,best
DE,ackley,3,1105,3.9968028886505635e-15,33210,30,0.8,0.9,best
DE,ackley,3,1106,3.9968028886505635e-15,33240,30,0.8,0.9,best
DE,ackley,3,1107,3.9968028886505635e-15,33270,30,0.8,0.9,best
DE,ackley,3,1108,3.9968028886505635e-15,33300,30,0.8,0.9,best
DE,ackley,3,1109,3.9968028886505635e-15,33330,30,0.8,0.9,best
DE,ackley,3,1110,3.9968028886505635e-15,33360,30,0.8,0.9,best
DE,ackley,3,1111,3.9968028886505635e-15,33390,30,0.8,0.9,best
DE,ackley,3,1112,3.9968028886505635e-15,33420,30,0.8,0.9,best
DE,ackley,3,1113,3.9968028886505635e-15,33450,30,0.8,0.9,best
DE,ackley,3,1114,3.9968028886505635e-15,33480,30,0.8,0.9,best
DE,ackley,3,1115,3.9968028886505635e-15,33510,30,0.8,0.9,best
DE,ackley,3,1116,3.9968028886505635e-15,33540,30,0.8,0.9,best
DE,ackley,3,1117,3.9968028886505635e-15,33570,30,0.8,0.9,best
DE,ackley,3,1118,3.9968028886505635e-15,33600,30,0.8,0.9,best
DE,ackley,3,1119,3.9968028886505635e-15,33630,30,0.8,0.9,best
DE,ackley,3,1120,3.9968028886505635e-15,33660,30,0.8,0.9,best
DE,ackley,3,1121,3.9968028886505635e-15,33690,30,0.8,0.9,best
DE,ackley,3,1122,3.9968028886505635e-15,33720,30,0.8,0.9,best
DE,ackley,3,1123,3.9968028886505635e-15,33750,30,0.8,0.9,best
DE,ackley,3,1124,3.9968028886505635e-15,33780,30,0.8,0.9,best
DE,ackley,3,1125,3.9968028886505635e-15,33810,30,0.8,0.9,best
DE,ackley,3,1126,3.9968028886505635e-15,33840,30,0.8,0.9,best
DE,ackley,3,1127,3.9968028886505635e-15,33870,30,0.8,0.9,best
DE,ackley,3,1128,3.9968028886505635e-15,33900,30,0.8,0.9,best
DE,ackley,3,1129,3.9968028886505635e-15,33930,30,0.8,0.9,best
DE,ackley,3,1130,3.9968028886505635e-15,33960,30,0.8,0.9,best
DE,ackley,3,1131,3.9968028886505635e-15,33990,30,0.8,0.9,best
DE,ackley,3,1132,3.9968028886505635e-15,34020,30,0.8,0.9,best
DE,ackley,3,1133,3.9968028886505635e-15,34050,30,0.8,0.9,best
DE,ackley,3,1134,3.9968028886505635e-15,34080,30,0.8,0.9,best
DE,ackley,3,1135,3.9968028886505635e-15,34110,30,0.8,0.9,best
DE,ackley,3,1136,3.9968028886505635e-15,34140,30,0.8,0.9,best
DE,ackley,3,1137,3.9968028886505635e-15,34170,30,0.8,0.9,best
DE,ackley,3,1138,3.9968028886505635e-15,34200,30,0.8,0.9,best
DE,ackley,3,1139,3.9968028886505635e-15,34230,30,0.8,0.9,best
DE,ackley,3,1140,3.9968028886505635e-15,34260,30,0.8,0.9,best
DE,ackley,3,1141,3.9968028886505635e-15,34290,30,0.8,0.9,best
DE,ackley,3,1142,3.9968028886505635e-15,34320,30,0.8,0.9,best
DE,ackley,3,1143,3.9968028886505635e-15,34350,30,0.8,0.9,best
DE,ackley,3,1144,3.9968028886505635e-15,34380,30,0.8,0.9,best
DE,ackley,3,1145,3.9968028886505635e-15,34410,30,0.8,0.9,best
DE,ackley,3,1146,3.9968028886505635e-15,34440,30,0.8,0.9,best
DE,ackley,3,1147,3.9968028886505635e-15,34470,30,0.8,0.9,best
DE,ackley,3,1148,3.9968028886505635e-15,34500,30,0.8,0.9,best
DE,ackley,3,1149,3.9968028886505635e-15,34530,30,0.8,0.9,best
DE,ackley,3,1150,3.9968028886505635e-15,34560,30,0.8,0.9,best
DE,ackley,3,1151,3.9968028886505635e-15,34590,30,0.8,0.9,best
DE,ackley,3,1152,3.9968028886505635e-15,34620,30,0.8,0.9,best
DE,ackley,3,1153,3.9968028886505635e-15,34650,30,0.8,0.9,best
DE,ackley,3,1154,3.9968028886505635e-15,34680,30,0.8,0.9,best
DE,ackley,3,1155,3.9968028886505635e-15,34710,30,0.8,0.9,best
DE,ackley,3,1156,3.9968028886505635e-15,34740,30,0.8,0.9,best
DE,ackley,3,1157,3.9968028886505635e-15,34770,30,0.8,0.9,best
DE,ackley,3,1158,3.9968028886505635e-15,34800,30,0.8,0.9,best
DE,ackley,3,1159,3.9968028886505635e-15,34830,30,0.8,0.9,best
DE,ackley,3,1160,3.9968028886505635e-15,34860,30,0.8,0.9,best
DE,ackley,3,1161,3.9968028886505635e-15,34890,30,0.8,0.9,best
DE,ackley,3,1162,3.9968028886505635e-15,34920,30,0.8,0.9,best
DE,ackley,3,1163,3.9968028886505635e-15,34950,30,0.8,0.9,best
DE,ackley,3,1164,3.9968028886505635e-15,34980,30,0.8,0.9,best
DE,ackley,3,1165,3.9968028886505635e-15,35010,30,0.8,0.9,best
DE,ackley,3,1166,3.9968028886505635e-15,35040,30,0.8,0.9,best
DE,ackley,3,1167,3.9968028886505635e-15,35070,30,0.8,0.9,best
DE,ackley,3,1168,3.9968028886505635e-15,35100,30,0.8,0.9,best
DE,ackley,3,1169,3.9968028886505635e-15,35130,30,0.8,0.9,best
DE,ackley,3,1170,3.9968028886505635e-15,35160,30,0.8,0.9,best
DE,ackley,3,1171,3.9968028886505635e-15,35190,30,0.8,0.9,best
DE,ackley,3,1172,3.9968028886505635e-15,35220,30,0.8,0.9,best
DE,ackley,3,1173,3.9968028886505635e-15,35250,30,0.8,0.9,best
DE,ackley,3,1174,3.9968028886505635e-15,35280,30,0.8,0.9,best
DE,ackley,3,1175,3.9968028886505635e-15,35310,30,0.8,0.9,best
DE,ackley,3,1176,3.9968028886505635e-15,35340,30,0.8,0.9,best
DE,ackley,3,1177,3.9968028886505635e-15,35370,30,0.8,0.9,best
DE,ackley,3,1178,3.9968028886505635e-15,35400,30,0.8,0.9,best
DE,ackley,3,1179,3.9968028886505635e-15,35430,30,0.8,0.9,best
DE,ackley,3,1180,3.9968028886505635e-15,35460,30,0.8,0.9,best
DE,ackley,3,1181,3.9968028886505635e-15,35490,30,0.8,0.9,best
DE,ackley,3,1182,3.9968028886505635e-15,35520,30,0.8,0.9,best
DE,ackley,3,1183,3.9968028886505635e-15,35550,30,0.8,0.9,best
DE,ackley,3,1184,3.9968028886505635e-15,35580,30,0.8,0.9,best
DE,ackley,3,1185,3.9968028886505635e-15,35610,30,0.8,0.9,best
DE,ackley,3,1186,3.9968028886505635e-15,35640,30,0.8,0.9,best
DE,ackley,3,1187,3.9968028886505635e-15,35670,30,0.8,0.9,best
DE,ackley,3,1188,3.9968028886505635e-15,35700,30,0.8,0.9,best
DE,ackley,3,1189,3.9968028886505635e-15,35730,30,0.8,0.9,best
DE,ackley,3,1190,3.9968028886505635e-15,35760,30,0.8,0.9,best
DE,ackley,3,1191,3.9968028886505635e-15,35790,30,0.8,0.9,best
DE,ackley,3,1192,3.9968028886505635e-15,35820,30,0.8,0.9,best
DE,ackley,3,1193,3.9968028886505635e-15,35850,30,0.8,0.9,best
DE,ackley,3,1194,3.9968028886505635e-15,35880,30,0.8,0.9,best
DE,ackley,3,1195,3.9968028886505635e-15,35910,30,0.8,0.9,best
DE,ackley,3,1196,3.9968028886505635e-15,35940,30,0.8,0.9,best
DE,ackley,3,1197,3.9968028886505635e-15,35970,30,0.8,0.9,best
DE,ackley,3,1198,3.9968028886505635e-15,36000,30,0.8,0.9,best
DE,ackley,3,1199,3.9968028886505635e-15,36030,30,0.8,0.9,best
DE,ackley,4,0,20.39583370557833,60,30,0.8,0.9,best
DE,ackley,4,1,20.189444860274637,90,30,0.8,0.9,best
DE,ackley,4,2,20.189444860274637,120,30,0.8,0.9,best
DE,ackley,4,3,20.155189472983228,150,30,0.8,0.9,best
DE,ackley,4,4,19.68501707677336,180,30,0.8,0.9,best
DE,ackley,4,5,19.68501707677336,210,30,0.8,0.9,best
DE,ackley,4,6,19.68501707677336,240,30,0.8,0.9,best
DE,ackley,4,7,17.704242250376016,270,30,0.8,0.9,best
DE,ackley,4,8,17.704242250376016,300,30,0.8,0.9,best
DE,ackley,4,9,17.046517388113216,330,30,0.8,0.9,best
DE,ackley,4,10,17.046517388113216,360,30,0.8,0.9,best
DE,ackley,4,11,17.046517388113216,390,30,0.8,0.9,best
DE,ackley,4,12,16.10653343299039,420,30,0.8,0.9,best
DE,ackley,4,13,16.10653343299039,450,30,0.8,0.9,best
DE,ackley,4,14,15.905235209212375,480,30,0.8,0.9,best
DE,ackley,4,15,15.905235209212375,510,30,0.8,0.9,best
DE,ackley,4,16,15.658581095822779,540,30,0.8,0.9,best
DE,ackley,4,17,15.326958617886671,570,30,0.8,0.9,best
DE,ackley,4,18,12.4484722911379,600,30,0.8,0.9,best
DE,ackley,4,19,12.4484722911379,630,30,0.8,0.9,best
DE,ackley,4,20,12.4484722911379,660,30,0.8,0.9,best
DE,ackley,4,21,12.135467580218727,690,30,0.8,0.9,best
DE,ackley,4,22,8.422056663223128,720,30,0.8,0.9,best
DE,ackley,4,23,7.361549325746523,750,30,0.8,0.9,best
DE,ackley,4,24,7.361549325746523,780,30,0.8,0.9,best
DE,ackley,4,25,7.361549325746523,810,30,0.8,0.9,best
DE,ackley,4,26,7.361549325746523,840,30,0.8,0.9,best
DE,ackley,4,27,7.361549325746523,870,30,0.8,0.9,best
DE,ackley,4,28,7.361549325746523,900,30,0.8,0.9,best
DE,ackley,4,29,7.147390172361714,930,30,0.8,0.9,best
DE,ackley,4,30,7.147390172361714,960,30,0.8,0.9,best
DE,ackley,4,31,7.147390172361714,990,30,0.8,0.9,best
DE,ackley,4,32,6.79216717124897,1020,30,0.8,0.9,best
DE,ackley,4,33,6.327775714181492,1050,30,0.8,0.9,best
DE,ackley,4,34,6.220049680161811,1080,30,0.8,0.9,best
DE,ackley,4,35,6.220049680161811,1110,30,0.8,0.9,best
DE,ackley,4,36,6.220049680161811,1140,30,0.8,0.9,best
DE,ackley,4,37,5.9081190707452365,1170,30,0.8,0.9,best
DE,ackley,4,38,5.9081190707452365,1200,30,0.8,0.9,best
DE,ackley,4,39,4.157244096067853,1230,30,0.8,0.9,best
DE,ackley,4,40,4.157244096067853,1260,30,0.8,0.9,best
DE,ackley,4,41,4.157244096067853,1290,30,0.8,0.9,best
DE,ackley,4,42,4.157244096067853,1320,30,0.8,0.9,best
DE,ackley,4,43,4.157244096067853,1350,30,0.8,0.9,best
DE,ackley,4,44,4.157244096067853,1380,30,0.8,0.9,best
DE,ackley,4,45,3.5722244787981485,1410,30,0.8,0.9,best
DE,ackley,4,46,3.5722244787981485,1440,30,0.8,0.9,best
DE,ackley,4,47,3.5722244787981485,1470,30,0.8,0.9,best
DE,ackley,4,48,3.4994063477172728,1500,30,0.8,0.9,best
DE,ackley,4,49,3.3152537727992812,1530,30,0.8,0.9,best
DE,ackley,4,50,3.3152537727992812,1560,30,0.8,0.9,best
DE,ackley,4,51,3.2385505090771116,1590,30,0.8,0.9,best
DE,ackley,4,52,3.2385505090771116,1620,30,0.8,0.9,best
DE,ackley,4,53,3.2385505090771116,1650,30,0.8,0.9,best
DE,ackley,4,54,3.2385505090771116,1680,30,0.8,0.9,best
DE,ackley,4,55,3.2204217019918926,1710,30,0.8,0.9,best
DE,ackley,4,56,3.0128438857385693,1740,30,0.8,0.9,best
DE,ackley,4,57,3.0128438857385693,1770,30,0.8,0.9,best
DE,ackley,4,58,3.0128438857385693,1800,30,0.8,0.9,best
DE,ackley,4,59,2.529189753982465,1830,30,0.8,0.9,best
DE,ackley,4,60,2.0674429270492785,1860,30,0.8,0.9,best
DE,ackley,4,61,2.0674429270492785,1890,30,0.8,0.9,best
DE,ackley,4,62,2.0674429270492785,1920,30,0.8,0.9,best
DE,ackley,4,63,2.0674429270492785,1950,30,0.8,0.9,best
DE,ackley,4,64,2.0674429270492785,1980,30,0.8,0.9,best
DE,ackley,4,65,2.0674429270492785,2010,30,0.8,0.9,best
DE,ackley,4,66,2.0674429270492785,2040,30,0.8,0.9,best
DE,ackley,4,67,2.0674429270492785,2070,30,0.8,0.9,best
DE,ackley,4,68,1.896406520720817,2100,30,0.8,0.9,best
DE,ackley,4,69,1.896406520720817,2130,30,0.8,0.9,best
DE,ackley,4,70,1.4383000568148998,2160,30,0.8,0.9,best
DE,ackley,4,71,1.3200150974819462,2190,30,0.8,0.9,best
DE,ackley,4,72,1.3200150974819462,2220,30,0.8,0.9,best
DE,ackley,4,73,1.3200150974819462,2250,30,0.8,0.9,best
DE,ackley,4,74,1.3200150974819462,2280,30,0.8,0.9,best
DE,ackley,4,75,1.3200150974819462,2310,30,0.8,0.9,best
DE,ackley,4,76,0.9667320726792039,2340,30,0.8,0.9,best
DE,ackley,4,77,0.9667320726792039,2370,30,0.8,0.9,best
DE,ackley,4,78,0.9508303392446362,2400,30,0.8,0.9,best
DE,ackley,4,79,0.8736611123161393,2430,30,0.8,0.9,best
DE,ackley,4,80,0.8736611123161393,2460,30,0.8,0.9,best
DE,ackley,4,81,0.8293412668336733,2490,30,0.8,0.9,best
DE,ackley,4,82,0.8293412668336733,2520,30,0.8,0.9,best
DE,ackley,4,83,0.5961149553032716,2550,30,0.8,0.9,best
DE,ackley,4,84,0.3191363669990044,2580,30,0.8,0.9,best
DE,ackley,4,85,0.3191363669990044,2610,30,0.8,0.9,best
DE,ackley,4,86,0.3191363669990044,2640,30,0.8,0.9,best
DE,ackley,4,87,0.3191363669990044,2670,30,0.8,0.9,best
DE,ackley,4,88,0.3191363669990044,2700,30,0.8,0.9,best
DE,ackley,4,89,0.3191363669990044,2730,30,0.8,0.9,best
DE,ackley,4,90,0.3183774546296587,2760,30,0.8,0.9,best
DE,ackley,4,91,0.3183774546296587,2790,30,0.8,0.9,best
DE,ackley,4,92,0.2575461233459291,2820,30,0.8,0.9,best
DE,ackley,4,93,0.22019787768695354,2850,30,0.8,0.9,best
DE,ackley,4,94,0.22019787768695354,2880,30,0.8,0.9,best
DE,ackley,4,95,0.20346098196994378,2910,30,0.8,0.9,best
DE,ackley,4,96,0.1439657782224164,2940,30,0.8,0.9,best
DE,ackley,4,97,0.1439657782224164,2970,30,0.8,0.9,best
DE,ackley,4,98,0.1439657782224164,3000,30,0.8,0.9,best
DE,ackley,4,99,0.11493391211863058,3030,30,0.8,0.9,best
DE,ackley,4,100,0.11493391211863058,3060,30,0.8,0.9,best
DE,ackley,4,101,0.11317088702749034,3090,30,0.8,0.9,best
DE,ackley,4,102,0.07031721284437298,3120,30,0.8,0.9,best
DE,ackley,4,103,0.07031721284437298,3150,30,0.8,0.9,best
DE,ackley,4,104,0.07031721284437298,3180,30,0.8,0.9,best
DE,ackley,4,105,0.07001848796108279,3210,30,0.8,0.9,best
DE,ackley,4,106,0.07001848796108279,3240,30,0.8,0.9,best
DE,ackley,4,107,0.05088394833923404,3270,30,0.8,0.9,best
DE,ackley,4,108,0.03494709203490176,3300,30,0.8,0.9,best
DE,ackley,4,109,0.02527956323803382,3330,30,0.8,0.9,best
DE,ackley,4,110,0.02527956323803382,3360,30,0.8,0.9,best
DE,ackley,4,111,0.02527956323803382,3390,30,0.8,0.9,best
DE,ackley,4,112,0.02204593056472648,3420,30,0.8,0.9,best
DE,ackley,4,113,0.02204593056472648,3450,30,0.8,0.9,best
DE,ackley,4,114,0.02204593056472648,3480,30,0.8,0.9,best
DE,ackley,4,115,0.02204593056472648,3510,30,0.8,0.9,best
DE,ackley,4,116,0.02204593056472648,3540,30,0.8,0.9,best
DE,ackley,4,117,0.02204593056472648,3570,30,0.8,0.9,best
DE,ackley,4,118,0.020535126347646315,3600,30,0.8,0.9,best
DE,ackley,4,119,0.019302215671978207,3630,30,0.8,0.9,best
DE,ackley,4,120,0.013318569346151055,3660,30,0.8,0.9,best
DE,ackley,4,121,0.013318569346151055,3690,30,0.8,0.9,best
DE,ackley,4,122,0.012005939629880391,3720,30,0.8,0.9,best
DE,ackley,4,123,0.011446386061806368,3750,30,0.8,0.9,best
DE,ackley,4,124,0.011446386061806368,3780,30,0.8,0.9,best
DE,ackley,4,125,0.011446386061806368,3810,30,0.8,0.9,best
DE,ackley,4,126,0.011446386061806368,3840,30,0.8,0.9,best
DE,ackley,4,127,0.009359276782057169,3870,30,0.8,0.9,best
DE,ackley,4,128,0.008288673042127659,3900,30,0.8,0.9,best
DE,ackley,4,129,0.008288673042127659,3930,30,0.8,0.9,best
DE,ackley,4,130,0.006829586431696288,3960,30,0.8,0.9,best
DE,ackley,4,131,0.006829586431696288,3990,30,0.8,0.9,best
DE,ackley,4,132,0.006829586431696288,4020,30,0.8,0.9,best
DE,ackley,4,133,0.006829586431696288,4050,30,0.8,0.9,best
DE,ackley,4,134,0.006026789107473451,4080,30,0.8,0.9,best
DE,ackley,4,135,0.006026789107473451,4110,30,0.8,0.9,best
DE,ackley,4,136,0.005869741524297201,4140,30,0.8,0.9,best
DE,ackley,4,137,0.004618640301878418,4170,30,0.8,0.9,best
DE,ackley,4,138,0.004138037066610867,4200,30,0.8,0.9,best
DE,ackley,4,139,0.003960734753743811,4230,30,0.8,0.9,best
DE,ackley,4,140,0.0031873786018583594,4260,30,0.8,0.9,best
DE,ackley,4,141,0.002784616504361015,4290,30,0.8,0.9,best
DE,ackley,4,142,0.0025772597384627893,4320,30,0.8,0.9,best
DE,ackley,4,143,0.002543372866981475,4350,30,0.8,0.9,best
DE,ackley,4,144,0.0019742850797332956,4380,30,0.8,0.9,best
DE,ackley,4,145,0.0019742850797332956,4410,30,0.8,0.9,best
DE,ackley,4,146,0.0019742850797332956,4440,30,0.8,0.9,best
DE,ackley,4,147,0.0018358408310850116,4470,30,0.8,0.9,best
DE,ackley,4,148,0.0014223971837350469,4500,30,0.8,0.9,best
DE,ackley,4,149,0.0014223971837350469,4530,30,0.8,0.9,best
DE,ackley,4,150,0.0014223971837350469,4560,30,0.8,0.9,best
DE,ackley,4,151,0.0013943654113508508,4590,30,0.8,0.9,best
DE,ackley,4,152,0.0011087311130819621,4620,30,0.8,0.9,best
DE,ackley,4,153,0.0011087311130819621,4650,30,0.8,0.9,best
DE,ackley,4,154,0.0011087311130819621,4680,30,0.8,0.9,best
DE,ackley,4,155,0.0011087311130819621,4710,30,0.8,0.9,best
DE,ackley,4,156,0.0010661898521218127,4740,30,0.8,0.9,best
DE,ackley,4,157,0.0009985604316047336,4770,30,0.8,0.9,best
DE,ackley,4,158,0.0009985604316047336,4800,30,0.8,0.9,best
DE,ackley,4,159,0.0009144152466089572,4830,30,0.8,0.9,best
DE,ackley,4,160,0.0009047971469517968,4860,30,0.8,0.9,best
DE,ackley,4,161,0.0007480073954089228,4890,30,0.8,0.9,best
DE,ackley,4,162,0.0005544626631999172,4920,30,0.8,0.9,best
DE,ackley,4,163,0.0005544626631999172,4950,30,0.8,0.9,best
DE,ackley,4,164,0.0005544626631999172,4980,30,0.8,0.9,best
DE,ackley,4,165,0.0005318510218654815,5010,30,0.8,0.9,best
DE,ackley,4,166,0.0005318510218654815,5040,30,0.8,0.9,best
DE,ackley,4,167,0.0005318510218654815,5070,30,0.8,0.9,best
DE,ackley,4,168,0.0004910077168003291,5100,30,0.8,0.9,best
DE,ackley,4,169,0.0004910077168003291,5130,30,0.8,0.9,best
DE,ackley,4,170,0.0004726646950889979,5160,30,0.8,0.9,best
DE,ackley,4,171,0.0001369483628121948,5190,30,0.8,0.9,best
DE,ackley,4,172,0.0001369483628121948,5220,30,0.8,0.9,best
DE,ackley,4,173,0.0001369483628121948,5250,30,0.8,0.9,best
DE,ackley,4,174,0.0001369483628121948,5280,30,0.8,0.9,best
DE,ackley,4,175,0.0001369483628121948,5310,30,0.8,0.9,best
DE,ackley,4,176,0.0001369483628121948,5340,30,0.8,0.9,best
DE,ackley,4,177,0.0001369483628121948,5370,30,0.8,0.9,best
DE,ackley,4,178,0.0001369483628121948,5400,30,0.8,0.9,best
DE,ackley,4,179,0.0001369483628121948,5430,30,0.8,0.9,best
DE,ackley,4,180,0.0001369483628121948,5460,30,0.8,0.9,best
DE,ackley,4,181,0.00013470015445493644,5490,30,0.8,0.9,best
DE,ackley,4,182,0.00013470015445493644,5520,30,0.8,0.9,best
DE,ackley,4,183,0.00013470015445493644,5550,30,0.8,0.9,best
DE,ackley,4,184,0.00011655421171896663,5580,30,0.8,0.9,best
DE,ackley,4,185,0.00010099938644048123,5610,30,0.8,0.9,best
DE,ackley,4,186,8.05971073991607e-05,5640,30,0.8,0.9,best
DE,ackley,4,187,7.584670678228989e-05,5670,30,0.8,0.9,best
DE,ackley,4,188,7.584670678228989e-05,5700,30,0.8,0.9,best
DE,ackley,4,189,6.650221890369679e-05,5730,30,0.8,0.9,best
DE,ackley,4,190,6.650221890369679e-05,5760,30,0.8,0.9,best
DE,ackley,4,191,6.650221890369679e-05,5790,30,0.8,0.9,best
DE,ackley,4,192,3.9758335273365475e-05,5820,30,0.8,0.9,best
DE,ackley,4,193,3.9758335273365475e-05,5850,30,0.8,0.9,best
DE,ackley,4,194,3.875231494676612e-05,5880,30,0.8,0.9,best
DE,ackley,4,195,3.875231494676612e-05,5910,30,0.8,0.9,best
DE,ackley,4,196,3.875231494676612e-05,5940,30,0.8,0.9,best
DE,ackley,4,197,3.448895343227676e-05,5970,30,0.8,0.9,best
DE,ackley,4,198,2.6827398798889845e-05,6000,30,0.8,0.9,best
DE,ackley,4,199,2.6484805698334668e-05,6030,30,0.8,0.9,best
DE,ackley,4,200,2.6334989513987495e-05,6060,30,0.8,0.9,best
DE,ackley,4,201,2.3963298815932177e-05,6090,30,0.8,0.9,best
DE,ackley,4,202,2.0810724756348264e-05,6120,30,0.8,0.9,best
DE,ackley,4,203,1.9335017289012768e-05,6150,30,0.8,0.9,best
DE,ackley,4,204,1.636416768180382e-05,6180,30,0.8,0.9,best
DE,ackley,4,205,1.636416768180382e-05,6210,30,0.8,0.9,best
DE,ackley,4,206,1.5828532504702508e-05,6240,30,0.8,0.9,best
DE,ackley,4,207,1.5361795548063384e-05,6270,30,0.8,0.9,best
DE,ackley,4,208,1.1292939227747212e-05,6300,30,0.8,0.9,best
DE,ackley,4,209,1.1292939227747212e-05,6330,30,0.8,0.9,best
DE,ackley,4,210,1.1292939227747212e-05,6360,30,0.8,0.9,best
DE,ackley,4,211,1.1292939227747212e-05,6390,30,0.8,0.9,best
DE,ackley,4,212,1.1292939227747212e-05,6420,30,0.8,0.9,best
DE,ackley,4,213,1.0576352945879108e-05,6450,30,0.8,0.9,best
DE,ackley,4,214,9.507345972270542e-06,6480,30,0.8,0.9,best
DE,ackley,4,215,6.044563953810922e-06,6510,30,0.8,0.9,best
DE,ackley,4,216,6.044563953810922e-06,6540,30,0.8,0.9,best
DE,ackley,4,217,6.044563953810922e-06,6570,30,0.8,0.9,best
DE,ackley,4,218,6.044563953810922e-06,6600,30,0.8,0.9,best
DE,ackley,4,219,6.044563953810922e-06,6630,30,0.8,0.9,best
DE,ackley,4,220,6.044563953810922e-06,6660,30,0.8,0.9,best
DE,ackley,4,221,6.044563953810922e-06,6690,30,0.8,0.9,best
DE,ackley,4,222,4.2916980658169734e-06,6720,30,0.8,0.9,best
DE,ackley,4,223,4.2916980658169734e-06,6750,30,0.8,0.9,best
DE,ackley,4,224,4.2916980658169734e-06,6780,30,0.8,0.9,best
DE,ackley,4,225,3.6763991393407025e-06,6810,30,0.8,0.9,best
DE,ackley,4,226,3.6763991393407025e-06,6840,30,0.8,0.9,best
DE,ackley,4,227,3.6763991393407025e-06,6870,30,0.8,0.9,best
DE,ackley,4,228,3.6763991393407025e-06,6900,30,0.8,0.9,best
DE,ackley,4,229,2.6496744536252947e-06,6930,30,0.8,0.9,best
DE,ackley,4,230,2.6496744536252947e-06,6960,30,0.8,0.9,best
DE,ackley,4,231,1.7971144896655744e-06,6990,30,0.8,0.9,best
DE,ackley,4,232,1.7971144896655744e-06,7020,30,0.8,0.9,best
DE,ackley,4,233,1.7971144896655744e-06,7050,30,0.8,0.9,best
DE,ackley,4,234,1.7971144896655744e-06,7080,30,0.8,0.9,best
DE,ackley,4,235,1.7971144896655744e-06,7110,30,0.8,0.9,best
DE,ackley,4,236,1.7971144896655744e-06,7140,30,0.8,0.9,best
DE,ackley,4,237,1.7971144896655744e-06,7170,30,0.8,0.9,best
DE,ackley,4,238,1.7971144896655744e-06,7200,30,0.8,0.9,best
DE,ackley,4,239,1.7971144896655744e-06,7230,30,0.8,0.9,best
DE,ackley,4,240,1.7799673881491174e-06,7260,30,0.8,0.9,best
DE,ackley,4,241,1.7799673881491174e-06,7290,30,0.8,0.9,best
DE,ackley,4,242,1.7799673881491174e-06,7320,30,0.8,0.9,best
DE,ackley,4,243,1.4754701180841323e-06,7350,30,0.8,0.9,best
DE,ackley,4,244,1.4754701180841323e-06,7380,30,0.8,0.9,best
DE,ackley,4,245,1.4754701180841323e-06,7410,30,0.8,0.9,best
DE,ackley,4,246,1.0183947130038007e-06,7440,30,0.8,0.9,best
DE,ackley,4,247,1.0183947130038007e-06,7470,30,0.8,0.9,best
DE,ackley,4,248,1.0183947130038007e-06,7500,30,0.8,0.9,best
DE,ackley,4,249,1.0183947130038007e-06,7530,30,0.8,0.9,best
DE,ackley,4,250,9.086011769632307e-07,7560,30,0.8,0.9,best
DE,ackley,4,251,7.533181620722473e-07,7590,30,0.8,0.9,best
DE,ackley,4,252,7.115413045433172e-07,7620,30,0.8,0.9,best
DE,ackley,4,253,7.115413045433172e-07,7650,30,0.8,0.9,best
DE,ackley,4,254,5.908008735566739e-07,7680,30,0.8,0.9,best
DE,ackley,4,255,5.908008735566739e-07,7710,30,0.8,0.9,best
DE,ackley,4,256,5.319502602851855e-07,7740,30,0.8,0.9,best
DE,ackley,4,257,5.195982422101508e-07,7770,30,0.8,0.9,best
DE,ackley,4,258,5.195982422101508e-07,7800,30,0.8,0.9,best
DE,ackley,4,259,3.5531519815279466e-07,7830,30,0.8,0.9,best
DE,ackley,4,260,3.1989970894485964e-07,7860,30,0.8,0.9,best
DE,ackley,4,261,3.1989970894485964e-07,7890,30,0.8,0.9,best
DE,ackley,4,262,2.6407425979257937e-07,7920,30,0.8,0.9,best
DE,ackley,4,263,2.6407425979257937e-07,7950,30,0.8,0.9,best
DE,ackley,4,264,2.0365390840382247e-07,7980,30,0.8,0.9,best
DE,ackley,4,265,2.0365390840382247e-07,8010,30,0.8,0.9,best
DE,ackley,4,266,2.0365390840382247e-07,8040,30,0.8,0.9,best
DE,ackley,4,267,1.8282786173884347e-07,8070,30,0.8,0.9,best
DE,ackley,4,268,1.7060927293144346e-07,8100,30,0.8,0.9,best
DE,ackley,4,269,1.7060927293144346e-07,8130,30,0.8,0.9,best
DE,ackley,4,270,1.339591233495696e-07,8160,30,0.8,0.9,best
DE,ackley,4,271,1.339591233495696e-07,8190,30,0.8,0.9,best
DE,ackley,4,272,1.1052735660044277e-07,8220,30,0.8,0.9,best
DE,ackley,4,273,1.1052735660044277e-07,8250,30,0.8,0.9,best
DE,ackley,4,274,1.1052735660044277e-07,8280,30,0.8,0.9,best
DE,ackley,4,275,7.627954845546014e-08,8310,30,0.8,0.9,best
DE,ackley,4,276,7.297807913531074e-08,8340,30,0.8,0.9,best
DE,ackley,4,277,7.297807913531074e-08,8370,30,0.8,0.9,best
DE,ackley,4,278,6.382508788149721e-08,8400,30,0.8,0.9,best
DE,ackley,4,279,5.3443031777788974e-08,8430,30,0.8,0.9,best
DE,ackley,4,280,4.471314030141116e-08,8460,30,0.8,0.9,best
DE,ackley,4,281,4.298861400187093e-08,8490,30,0.8,0.9,best
DE,ackley,4,282,4.298861400187093e-08,8520,30,0.8,0.9,best
DE,ackley,4,283,3.972296314103119e-08,8550,30,0.8,0.9,best
DE,ackley,4,284,3.972296314103119e-08,8580,30,0.8,0.9,best
DE,ackley,4,285,3.972296314103119e-08,8610,30,0.8,0.9,best
DE,ackley,4,286,3.93112213892266e-08,8640,30,0.8,0.9,best
DE,ackley,4,287,3.105670431935437e-08,8670,30,0.8,0.9,best
DE,ackley,4,288,3.105670431935437e-08,8700,30,0.8,0.9,best
DE,ackley,4,289,3.105670431935437e-08,8730,30,0.8,0.9,best
DE,ackley,4,290,3.105670431935437e-08,8760,30,0.8,0.9,best
DE,ackley,4,291,2.8442695754193892e-08,8790,30,0.8,0.9,best
DE,ackley,4,292,2.6145042131275886e-08,8820,30,0.8,0.9,best
DE,ackley,4,293,2.6145042131275886e-08,8850,30,0.8,0.9,best
DE,ackley,4,294,1.8514452637674594e-08,8880,30,0.8,0.9,best
DE,ackley,4,295,1.8514452637674594e-08,8910,30,0.8,0.9,best
DE,ackley,4,296,1.2212396871547071e-08,8940,30,0.8,0.9,best
DE,ackley,4,297,1.2212396871547071e-08,8970,30,0.8,0.9,best
DE,ackley,4,298,1.2212396871547071e-08,9000,30,0.8,0.9,best
DE,ackley,4,299,1.1742973260453482e-08,9030,30,0.8,0.9,best
DE,ackley,4,300,8.658510797232566e-09,9060,30,0.8,0.9,best
DE,ackley,4,301,7.887372976966844e-09,9090,30,0.8,0.9,best
DE,ackley,4,302,7.128108325815674e-09,9120,30,0.8,0.9,best
DE,ackley,4,303,6.367010474406243e-09,9150,30,0.8,0.9,best
DE,ackley,4,304,6.124413420849351e-09,9180,30,0.8,0.9,best
DE,ackley,4,305,6.08336536700449e-09,9210,30,0.8,0.9,best
DE,ackley,4,306,5.512518885808504e-09,9240,30,0.8,0.9,best
DE,ackley,4,307,5.139174863444396e-09,9270,30,0.8,0.9,best
DE,ackley,4,308,4.608118775450976e-09,9300,30,0.8,0.9,best
DE,ackley,4,309,4.608118775450976e-09,9330,30,0.8,0.9,best
DE,ackley,4,310,4.608118775450976e-09,9360,30,0.8,0.9,best
DE,ackley,4,311,4.032408629228712e-09,9390,30,0.8,0.9,best
DE,ackley,4,312,4.032408629228712e-09,9420,30,0.8,0.9,best
DE,ackley,4,313,1.990770659432428e-09,9450,30,0.8,0.9,best
DE,ackley,4,314,1.990770659432428e-09,9480,30,0.8,0.9,best
DE,ackley,4,315,1.990770659432428e-09,9510,30,0.8,0.9,best
DE,ackley,4,316,1.990770659432428e-09,9540,30,0.8,0.9,best
DE,ackley,4,317,1.990770659432428e-09,9570,30,0.8,0.9,best
DE,ackley,4,318,1.9084223090715113e-09,9600,30,0.8,0.9,best
DE,ackley,4,319,1.4734387043802144e-09,9630,30,0.8,0.9,best
DE,ackley,4,320,1.4734387043802144e-09,9660,30,0.8,0.9,best
DE,ackley,4,321,1.2515610769980867e-09,9690,30,0.8,0.9,best
DE,ackley,4,322,1.1101630725818268e-09,9720,30,0.8,0.9,best
DE,ackley,4,323,1.1101630725818268e-09,9750,30,0.8,0.9,best
DE,ackley,4,324,1.1101630725818268e-09,9780,30,0.8,0.9,best
DE,ackley,4,325,1.1101630725818268e-09,9810,30,0.8,0.9,best
DE,ackley,4,326,1.1101630725818268e-09,9840,30,0.8,0.9,best
DE,ackley,4,327,1.1101630725818268e-09,9870,30,0.8,0.9,best
DE,ackley,4,328,1.0172844788769453e-09,9900,30,0.8,0.9,best
DE,ackley,4,329,7.465712492660259e-10,9930,30,0.8,0.9,best
DE,ackley,4,330,7.465712492660259e-10,9960,30,0.8,0.9,best
DE,ackley,4,331,5.8857496654241e-10,9990,30,0.8,0.9,best
DE,ackley,4,332,5.8857496654241e-10,10020,30,0.8,0.9,best
DE,ackley,4,333,5.054414664584783e-10,10050,30,0.8,0.9,best
DE,ackley,4,334,5.054414664584783e-10,10080,30,0.8,0.9,best
DE,ackley,4,335,5.054414664584783e-10,10110,30,0.8,0.9,best
DE,ackley,4,336,2.7927216095235963e-10,10140,30,0.8,0.9,best
DE,ackley,4,337,2.7927216095235963e-10,10170,30,0.8,0.9,best
DE,ackley,4,338,2.7927216095235963e-10,10200,30,0.8,0.9,best
DE,ackley,4,339,2.7927216095235963e-10,10230,30,0.8,0.9,best
DE,ackley,4,340,2.655480280111533e-10,10260,30,0.8,0.9,best
DE,ackley,4,341,2.6029711719388615e-10,10290,30,0.8,0.9,best
DE,ackley,4,342,2.6029711719388615e-10,10320,30,0.8,0.9,best
DE,ackley,4,343,2.6029711719388615e-10,10350,30,0.8,0.9,best
DE,ackley,4,344,2.202189541833377e-10,10380,30,0.8,0.9,best
DE,ackley,4,345,1.890723133612937e-10,10410,30,0.8,0.9,best
DE,ackley,4,346,1.6857315543461482e-10,10440,30,0.8,0.9,best
DE,ackley,4,347,1.6857315543461482e-10,10470,30,0.8,0.9,best
DE,ackley,4,348,1.6857315543461482e-10,10500,30,0.8,0.9,best
DE,ackley,4,349,1.6857315543461482e-10,10530,30,0.8,0.9,best
DE,ackley,4,350,1.3922418773404388e-10,10560,30,0.8,0.9,best
DE,ackley,4,351,9.368905651285786e-11,10590,30,0.8,0.9,best
DE,ackley,4,352,9.368905651285786e-11,10620,30,0.8,0.9,best
DE,ackley,4,353,9.368905651285786e-11,10650,30,0.8,0.9,best
DE,ackley,4,354,9.368905651285786e-11,10680,30,0.8,0.9,best
DE,ackley,4,355,9.368905651285786e-11,10710,30,0.8,0.9,best
DE,ackley,4,356,9.368905651285786e-11,10740,30,0.8,0.9,best
DE,ackley,4,357,9.368905651285786e-11,10770,30,0.8,0.9,best
DE,ackley,4,358,9.368905651285786e-11,10800,30,0.8,0.9,best
DE,ackley,4,359,9.368905651285786e-11,10830,30,0.8,0.9,best
DE,ackley,4,360,8.144995788939013e-11,10860,30,0.8,0.9,best
DE,ackley,4,361,7.875700092085935e-11,10890,30,0.8,0.9,best
DE,ackley,4,362,7.875700092085935e-11,10920,30,0.8,0.9,best
DE,ackley,4,363,6.906875071877039e-11,10950,30,0.8,0.9,best
DE,ackley,4,364,6.906875071877039e-11,10980,30,0.8,0.9,best
DE,ackley,4,365,6.292255605444552e-11,11010,30,0.8,0.9,best
DE,ackley,4,366,4.9820148007029275e-11,11040,30,0.8,0.9,best
DE,ackley,4,367,4.9820148007029275e-11,11070,30,0.8,0.9,best
DE,ackley,4,368,4.4920955843963384e-11,11100,30,0.8,0.9,best
DE,ackley,4,369,4.1453507293454095e-11,11130,30,0.8,0.9,best
DE,ackley,4,370,4.087086225013081e-11,11160,30,0.8,0.9,best
DE,ackley,4,371,4.087086225013081e-11,11190,30,0.8,0.9,best
DE,ackley,4,372,3.4866776132957966e-11,11220,30,0.8,0.9,best
DE,ackley,4,373,3.466782416694514e-11,11250,30,0.8,0.9,best
DE,ackley,4,374,3.326094955014014e-11,11280,30,0.8,0.9,best
DE,ackley,4,375,3.2667646365780456e-11,11310,30,0.8,0.9,best
DE,ackley,4,376,2.8763214032778706e-11,11340,30,0.8,0.9,best
DE,ackley,4,377,2.3515855929190366e-11,11370,30,0.8,0.9,best
DE,ackley,4,378,2.213740302181577e-11,11400,30,0.8,0.9,best
DE,ackley,4,379,2.0883295093199195e-11,11430,30,0.8,0.9,best
DE,ackley,4,380,1.7902568316685574e-11,11460,30,0.8,0.9,best
DE,ackley,4,381,1.7902568316685574e-11,11490,30,0.8,0.9,best
DE,ackley,4,382,1.6229240173970538e-11,11520,30,0.8,0.9,best
DE,ackley,4,383,1.5497381156137635e-11,11550,30,0.8,0.9,best
DE,ackley,4,384,1.3379963803572537e-11,11580,30,0.8,0.9,best
DE,ackley,4,385,1.1823875212257917e-11,11610,30,0.8,0.9,best
DE,ackley,4,386,1.1823875212257917e-11,11640,30,0.8,0.9,best
DE,ackley,4,387,1.1305179015153044e-11,11670,30,0.8,0.9,best
DE,ackley,4,388,9.205525230981948e-12,11700,30,0.8,0.9,best
DE,ackley,4,389,8.431033649003439e-12,11730,30,0.8,0.9,best
DE,ackley,4,390,6.139533326177116e-12,11760,30,0.8,0.9,best
DE,ackley,4,391,6.139533326177116e-12,11790,30,0.8,0.9,best
DE,ackley,4,392,4.292122213200855e-12,11820,30,0.8,0.9,best
DE,ackley,4,393,4.292122213200855e-12,11850,30,0.8,0.9,best
DE,ackley,4,394,4.18198808915804e-12,11880,30,0.8,0.9,best
DE,ackley,4,395,4.015010546254416e-12,11910,30,0.8,0.9,best
DE,ackley,4,396,4.015010546254416e-12,11940,30,0.8,0.9,best
DE,ackley,4,397,3.716582597235174e-12,11970,30,0.8,0.9,best
DE,ackley,4,398,3.673950033089568e-12,12000,30,0.8,0.9,best
DE,ackley,4,399,3.673950033089568e-12,12030,30,0.8,0.9,best
DE,ackley,4,400,3.1517011223058944e-12,12060,30,0.8,0.9,best
DE,ackley,4,401,2.1107560144173476e-12,12090,30,0.8,0.9,best
DE,ackley,4,402,2.1107560144173476e-12,12120,30,0.8,0.9,best
DE,ackley,4,403,2.1107560144173476e-12,12150,30,0.8,0.9,best
DE,ackley,4,404,1.460609411196856e-12,12180,30,0.8,0.9,best
DE,ackley,4,405,1.460609411196856e-12,12210,30,0.8,0.9,best
DE,ackley,4,406,1.460609411196856e-12,12240,30,0.8,0.9,best
DE,ackley,4,407,1.439293129124053e-12,12270,30,0.8,0.9,best
DE,ackley,4,408,1.439293129124053e-12,12300,30,0.8,0.9,best
DE,ackley,4,409,1.439293129124053e-12,12330,30,0.8,0.9,best
DE,ackley,4,410,1.439293129124053e-12,12360,30,0.8,0.9,best
DE,ackley,4,411,1.311395436687235e-12,12390,30,0.8,0.9,best
DE,ackley,4,412,9.809930645587883e-13,12420,30,0.8,0.9,best
DE,ackley,4,413,8.353318037279678e-13,12450,30,0.8,0.9,best
DE,ackley,4,414,8.353318037279678e-13,12480,30,0.8,0.9,best
DE,ackley,4,415,8.353318037279678e-13,12510,30,0.8,0.9,best
DE,ackley,4,416,6.079581282847357e-13,12540,30,0.8,0.9,best
DE,ackley,4,417,5.333511410299252e-13,12570,30,0.8,0.9,best
DE,ackley,4,418,4.374278717023117e-13,12600,30,0.8,0.9,best
DE,ackley,4,419,4.374278717023117e-13,12630,30,0.8,0.9,best
DE,ackley,4,420,4.374278717023117e-13,12660,30,0.8,0.9,best
DE,ackley,4,421,4.374278717023117e-13,12690,30,0.8,0.9,best
DE,ackley,4,422,4.374278717023117e-13,12720,30,0.8,0.9,best
DE,ackley,4,423,4.374278717023117e-13,12750,30,0.8,0.9,best
DE,ackley,4,424,2.5979218776228663e-13,12780,30,0.8,0.9,best
DE,ackley,4,425,2.4202861936828413e-13,12810,30,0.8,0.9,best
DE,ackley,4,426,2.4202861936828413e-13,12840,30,0.8,0.9,best
DE,ackley,4,427,2.4202861936828413e-13,12870,30,0.8,0.9,best
DE,ackley,4,428,2.278177646530821e-13,12900,30,0.8,0.9,best
DE,ackley,4,429,2.2071233729548112e-13,12930,30,0.8,0.9,best
DE,ackley,4,430,1.709743457922741e-13,12960,30,0.8,0.9,best
DE,ackley,4,431,1.709743457922741e-13,12990,30,0.8,0.9,best
DE,ackley,4,432,1.709743457922741e-13,13020,30,0.8,0.9,best
DE,ackley,4,433,1.709743457922741e-13,13050,30,0.8,0.9,best
DE,ackley,4,434,1.709743457922741e-13,13080,30,0.8,0.9,best
DE,ackley,4,435,1.709743457922741e-13,13110,30,0.8,0.9,best
DE,ackley,4,436,1.709743457922741e-13,13140,30,0.8,0.9,best
DE,ackley,4,437,1.674216321134736e-13,13170,30,0.8,0.9,best
DE,ackley,4,438,1.461053500406706e-13,13200,30,0.8,0.9,best
DE,ackley,4,439,1.461053500406706e-13,13230,30,0.8,0.9,best
DE,ackley,4,440,1.461053500406706e-13,13260,30,0.8,0.9,best
DE,ackley,4,441,1.354472090042691e-13,13290,30,0.8,0.9,best
DE,ackley,4,442,1.354472090042691e-13,13320,30,0.8,0.9,best
DE,ackley,4,443,1.141309269314661e-13,13350,30,0.8,0.9,best
DE,ackley,4,444,1.141309269314661e-13,13380,30,0.8,0.9,best
DE,ackley,4,445,1.141309269314661e-13,13410,30,0.8,0.9,best
DE,ackley,4,446,1.141309269314661e-13,13440,30,0.8,0.9,best
DE,ackley,4,447,1.0347278589506459e-13,13470,30,0.8,0.9,best
DE,ackley,4,448,1.0347278589506459e-13,13500,30,0.8,0.9,best
DE,ackley,4,449,1.0347278589506459e-13,13530,30,0.8,0.9,best
DE,ackley,4,450,1.0347278589506459e-13,13560,30,0.8,0.9,best
DE,ackley,4,451,1.0347278589506459e-13,13590,30,0.8,0.9,best
DE,ackley,4,452,9.636735853746359e-14,13620,30,0.8,0.9,best
DE,ackley,4,453,8.215650382226158e-14,13650,30,0.8,0.9,best
DE,ackley,4,454,8.215650382226158e-14,13680,30,0.8,0.9,best
DE,ackley,4,455,6.084022174945858e-14,13710,30,0.8,0.9,best
DE,ackley,4,456,6.084022174945858e-14,13740,30,0.8,0.9,best
DE,ackley,4,457,6.084022174945858e-14,13770,30,0.8,0.9,best
DE,ackley,4,458,6.084022174945858e-14,13800,30,0.8,0.9,best
DE,ackley,4,459,6.084022174945858e-14,13830,30,0.8,0.9,best
DE,ackley,4,460,6.084022174945858e-14,13860,30,0.8,0.9,best
DE,ackley,4,461,4.3076653355456074e-14,13890,30,0.8,0.9,best
DE,ackley,4,462,3.952393967665557e-14,13920,30,0.8,0.9,best
DE,ackley,4,463,3.241851231905457e-14,13950,30,0.8,0.9,best
DE,ackley,4,464,3.241851231905457e-14,13980,30,0.8,0.9,best
DE,ackley,4,465,3.241851231905457e-14,14010,30,0.8,0.9,best
DE,ackley,4,466,3.241851231905457e-14,14040,30,0.8,0.9,best
DE,ackley,4,467,2.886579864025407e-14,14070,30,0.8,0.9,best
DE,ackley,4,468,2.1760371282653068e-14,14100,30,0.8,0.9,best
DE,ackley,4,469,2.1760371282653068e-14,14130,30,0.8,0.9,best
DE,ackley,4,470,2.1760371282653068e-14,14160,30,0.8,0.9,best
DE,ackley,4,471,1.8207657603852567e-14,14190,30,0.8,0.9,best
DE,ackley,4,472,1.4654943925052066e-14,14220,30,0.8,0.9,best
DE,ackley,4,473,1.4654943925052066e-14,14250,30,0.8,0.9,best
DE,ackley,4,474,1.4654943925052066e-14,14280,30,0.8,0.9,best
DE,ackley,4,475,1.1102230246251565e-14,14310,30,0.8,0.9,best
DE,ackley,4,476,7.549516567451064e-15,14340,30,0.8,0.9,best
DE,ackley,4,477,7.549516567451064e-15,14370,30,0.8,0.9,best
DE,ackley,4,478,7.549516567451064e-15,14400,30,0.8,0.9,best
DE,ackley,4,479,7.549516567451064e-15,14430,30,0.8,0.9,best
DE,ackley,4,480,7.549516567451064e-15,14460,30,0.8,0.9,best
DE,ackley,4,481,7.549516567451064e-15,14490,30,0.8,0.9,best
DE,ackley,4,482,3.9968028886505635e-15,14520,30,0.8,0.9,best
DE,ackley,4,483,3.9968028886505635e-15,14550,30,0.8,0.9,best
DE,ackley,4,484,3.9968028886505635e-15,14580,30,0.8,0.9,best
DE,ackley,4,485,3.9968028886505635e-15,14610,30,0.8,0.9,best
DE,ackley,4,486,3.9968028886505635e-15,14640,30,0.8,0.9,best
DE,ackley,4,487,3.9968028886505635e-15,14670,30,0.8,0.9,best
DE,ackley,4,488,3.9968028886505635e-15,14700,30,0.8,0.9,best
DE,ackley,4,489,3.9968028886505635e-15,14730,30,0.8,0.9,best
DE,ackley,4,490,3.9968028886505635e-15,14760,30,0.8,0.9,best
DE,ackley,4,491,3.9968028886505635e-15,14790,30,0.8,0.9,best
DE,ackley,4,492,3.9968028886505635e-15,14820,30,0.8,0.9,best
DE,ackley,4,493,3.9968028886505635e-15,14850,30,0.8,0.9,best
DE,ackley,4,494,3.9968028886505635e-15,14880,30,0.8,0.9,best
DE,ackley,4,495,3.9968028886505635e-15,14910,30,0.8,0.9,best
DE,ackley,4,496,3.9968028886505635e-15,14940,30,0.8,0.9,best
DE,ackley,4,497,3.9968028886505635e-15,14970,30,0.8,0.9,best
DE,ackley,4,498,3.9968028886505635e-15,15000,30,0.8,0.9,best
DE,ackley,4,499,3.9968028886505635e-15,15030,30,0.8,0.9,best
DE,ackley,4,500,3.9968028886505635e-15,15060,30,0.8,0.9,best
DE,ackley,4,501,3.9968028886505635e-15,15090,30,0.8,0.9,best
DE,ackley,4,502,3.9968028886505635e-15,15120,30,0.8,0.9,best
DE,ackley,4,503,3.9968028886505635e-15,15150,30,0.8,0.9,best
DE,ackley,4,504,3.9968028886505635e-15,15180,30,0.8,0.9,best
DE,ackley,4,505,3.9968028886505635e-15,15210,30,0.8,0.9,best
DE,ackley,4,506,3.9968028886505635e-15,15240,30,0.8,0.9,best
DE,ackley,4,507,3.9968028886505635e-15,15270,30,0.8,0.9,best
DE,ackley,4,508,3.9968028886505635e-15,15300,30,0.8,0.9,best
DE,ackley,4,509,3.9968028886505635e-15,15330,30,0.8,0.9,best
DE,ackley,4,510,3.9968028886505635e-15,15360,30,0.8,0.9,best
DE,ackley,4,511,3.9968028886505635e-15,15390,30,0.8,0.9,best
DE,ackley,4,512,3.9968028886505635e-15,15420,30,0.8,0.9,best
DE,ackley,4,513,3.9968028886505635e-15,15450,30,0.8,0.9,best
DE,ackley,4,514,3.9968028886505635e-15,15480,30,0.8,0.9,best
DE,ackley,4,515,3.9968028886505635e-15,15510,30,0.8,0.9,best
DE,ackley,4,516,3.9968028886505635e-15,15540,30,0.8,0.9,best
DE,ackley,4,517,3.9968028886505635e-15,15570,30,0.8,0.9,best
DE,ackley,4,518,3.9968028886505635e-15,15600,30,0.8,0.9,best
DE,ackley,4,519,3.9968028886505635e-15,15630,30,0.8,0.9,best
DE,ackley,4,520,3.9968028886505635e-15,15660,30,0.8,0.9,best
DE,ackley,4,521,3.9968028886505635e-15,15690,30,0.8,0.9,best
DE,ackley,4,522,3.9968028886505635e-15,15720,30,0.8,0.9,best
DE,ackley,4,523,3.9968028886505635e-15,15750,30,0.8,0.9,best
DE,ackley,4,524,3.9968028886505635e-15,15780,30,0.8,0.9,best
DE,ackley,4,525,3.9968028886505635e-15,15810,30,0.8,0.9,best
DE,ackley,4,526,3.9968028886505635e-15,15840,30,0.8,0.9,best
DE,ackley,4,527,3.9968028886505635e-15,15870,30,0.8,0.9,best
DE,ackley,4,528,3.9968028886505635e-15,15900,30,0.8,0.9,best
DE,ackley,4,529,3.9968028886505635e-15,15930,30,0.8,0.9,best
DE,ackley,4,530,3.9968028886505635e-15,15960,30,0.8,0.9,best
DE,ackley,4,531,3.9968028886505635e-15,15990,30,0.8,0.9,best
DE,ackley,4,532,3.9968028886505635e-15,16020,30,0.8,0.9,best
DE,ackley,4,533,3.9968028886505635e-15,16050,30,0.8,0.9,best
DE,ackley,4,534,3.9968028886505635e-15,16080,30,0.8,0.9,best
DE,ackley,4,535,3.9968028886505635e-15,16110,30,0.8,0.9,best
DE,ackley,4,536,3.9968028886505635e-15,16140,30,0.8,0.9,best
DE,ackley,4,537,3.9968028886505635e-15,16170,30,0.8,0.9,best
DE,ackley,4,538,3.9968028886505635e-15,16200,30,0.8,0.9,best
DE,ackley,4,539,3.9968028886505635e-15,16230,30,0.8,0.9,best
DE,ackley,4,540,3.9968028886505635e-15,16260,30,0.8,0.9,best
DE,ackley,4,541,3.9968028886505635e-15,16290,30,0.8,0.9,best
DE,ackley,4,542,3.9968028886505635e-15,16320,30,0.8,0.9,best
DE,ackley,4,543,3.9968028886505635e-15,16350,30,0.8,0.9,best
DE,ackley,4,544,3.9968028886505635e-15,16380,30,0.8,0.9,best
DE,ackley,4,545,3.9968028886505635e-15,16410,30,0.8,0.9,best
DE,ackley,4,546,3.9968028886505635e-15,16440,30,0.8,0.9,best
DE,ackley,4,547,3.9968028886505635e-15,16470,30,0.8,0.9,best
DE,ackley,4,548,3.9968028886505635e-15,16500,30,0.8,0.9,best
DE,ackley,4,549,3.9968028886505635e-15,16530,30,0.8,0.9,best
DE,ackley,4,550,3.9968028886505635e-15,16560,30,0.8,0.9,best
DE,ackley,4,551,3.9968028886505635e-15,16590,30,0.8,0.9,best
DE,ackley,4,552,3.9968028886505635e-15,16620,30,0.8,0.9,best
DE,ackley,4,553,3.9968028886505635e-15,16650,30,0.8,0.9,best
DE,ackley,4,554,3.9968028886505635e-15,16680,30,0.8,0.9,best
DE,ackley,4,555,3.9968028886505635e-15,16710,30,0.8,0.9,best
DE,ackley,4,556,3.9968028886505635e-15,16740,30,0.8,0.9,best
DE,ackley,4,557,3.9968028886505635e-15,16770,30,0.8,0.9,best
DE,ackley,4,558,3.9968028886505635e-15,16800,30,0.8,0.9,best
DE,ackley,4,559,3.9968028886505635e-15,16830,30,0.8,0.9,best
DE,ackley,4,560,3.9968028886505635e-15,16860,30,0.8,0.9,best
DE,ackley,4,561,3.9968028886505635e-15,16890,30,0.8,0.9,best
DE,ackley,4,562,3.9968028886505635e-15,16920,30,0.8,0.9,best
DE,ackley,4,563,3.9968028886505635e-15,16950,30,0.8,0.9,best
DE,ackley,4,564,3.9968028886505635e-15,16980,30,0.8,0.9,best
DE,ackley,4,565,3.9968028886505635e-15,17010,30,0.8,0.9,best
DE,ackley,4,566,3.9968028886505635e-15,17040,30,0.8,0.9,best
DE,ackley,4,567,3.9968028886505635e-15,17070,30,0.8,0.9,best
DE,ackley,4,568,3.9968028886505635e-15,17100,30,0.8,0.9,best
DE,ackley,4,569,3.9968028886505635e-15,17130,30,0.8,0.9,best
DE,ackley,4,570,3.9968028886505635e-15,17160,30,0.8,0.9,best
DE,ackley,4,571,3.9968028886505635e-15,17190,30,0.8,0.9,best
DE,ackley,4,572,3.9968028886505635e-15,17220,30,0.8,0.9,best
DE,ackley,4,573,3.9968028886505635e-15,17250,30,0.8,0.9,best
DE,ackley,4,574,3.9968028886505635e-15,17280,30,0.8,0.9,best
DE,ackley,4,575,3.9968028886505635e-15,17310,30,0.8,0.9,best
DE,ackley,4,576,3.9968028886505635e-15,17340,30,0.8,0.9,best
DE,ackley,4,577,3.9968028886505635e-15,17370,30,0.8,0.9,best
DE,ackley,4,578,3.9968028886505635e-15,17400,30,0.8,0.9,best
DE,ackley,4,579,3.9968028886505635e-15,17430,30,0.8,0.9,best
DE,ackley,4,580,3.9968028886505635e-15,17460,30,0.8,0.9,best
DE,ackley,4,581,3.9968028886505635e-15,17490,30,0.8,0.9,best
DE,ackley,4,582,3.9968028886505635e-15,17520,30,0.8,0.9,best
DE,ackley,4,583,3.9968028886505635e-15,17550,30,0.8,0.9,best
DE,ackley,4,584,3.9968028886505635e-15,17580,30,0.8,0.9,best
DE,ackley,4,585,3.9968028886505635e-15,17610,30,0.8,0.9,best
DE,ackley,4,586,3.9968028886505635e-15,17640,30,0.8,0.9,best
DE,ackley,4,587,3.9968028886505635e-15,17670,30,0.8,0.9,best
DE,ackley,4,588,3.9968028886505635e-15,17700,30,0.8,0.9,best
DE,ackley,4,589,3.9968028886505635e-15,17730,30,0.8,0.9,best
DE,ackley,4,590,3.9968028886505635e-15,17760,30,0.8,0.9,best
DE,ackley,4,591,3.9968028886505635e-15,17790,30,0.8,0.9,best
DE,ackley,4,592,3.9968028886505635e-15,17820,30,0.8,0.9,best
DE,ackley,4,593,3.9968028886505635e-15,17850,30,0.8,0.9,best
DE,ackley,4,594,3.9968028886505635e-15,17880,30,0.8,0.9,best
DE,ackley,4,595,3.9968028886505635e-15,17910,30,0.8,0.9,best
DE,ackley,4,596,3.9968028886505635e-15,17940,30,0.8,0.9,best
DE,ackley,4,597,3.9968028886505635e-15,17970,30,0.8,0.9,best
DE,ackley,4,598,3.9968028886505635e-15,18000,30,0.8,0.9,best
DE,ackley,4,599,3.9968028886505635e-15,18030,30,0.8,0.9,best
DE,ackley,4,600,3.9968028886505635e-15,18060,30,0.8,0.9,best
DE,ackley,4,601,3.9968028886505635e-15,18090,30,0.8,0.9,best
DE,ackley,4,602,3.9968028886505635e-15,18120,30,0.8,0.9,best
DE,ackley,4,603,3.9968028886505635e-15,18150,30,0.8,0.9,best
DE,ackley,4,604,3.9968028886505635e-15,18180,30,0.8,0.9,best
DE,ackley,4,605,3.9968028886505635e-15,18210,30,0.8,0.9,best
DE,ackley,4,606,3.9968028886505635e-15,18240,30,0.8,0.9,best
DE,ackley,4,607,3.9968028886505635e-15,18270,30,0.8,0.9,best
DE,ackley,4,608,3.9968028886505635e-15,18300,30,0.8,0.9,best
DE,ackley,4,609,3.9968028886505635e-15,18330,30,0.8,0.9,best
DE,ackley,4,610,3.9968028886505635e-15,18360,30,0.8,0.9,best
DE,ackley,4,611,3.9968028886505635e-15,18390,30,0.8,0.9,best
DE,ackley,4,612,3.9968028886505635e-15,18420,30,0.8,0.9,best
DE,ackley,4,613,3.9968028886505635e-15,18450,30,0.8,0.9,best
DE,ackley,4,614,3.9968028886505635e-15,18480,30,0.8,0.9,best
DE,ackley,4,615,3.9968028886505635e-15,18510,30,0.8,0.9,best
DE,ackley,4,616,3.9968028886505635e-15,18540,30,0.8,0.9,best
DE,ackley,4,617,3.9968028886505635e-15,18570,30,0.8,0.9,best
DE,ackley,4,618,3.9968028886505635e-15,18600,30,0.8,0.9,best
DE,ackley,4,619,3.9968028886505635e-15,18630,30,0.8,0.9,best
DE,ackley,4,620,3.9968028886505635e-15,18660,30,0.8,0.9,best
DE,ackley,4,621,3.9968028886505635e-15,18690,30,0.8,0.9,best
DE,ackley,4,622,3.9968028886505635e-15,18720,30,0.8,0.9,best
DE,ackley,4,623,3.9968028886505635e-15,18750,30,0.8,0.9,best
DE,ackley,4,624,3.9968028886505635e-15,18780,30,0.8,0.9,best
DE,ackley,4,625,3.9968028886505635e-15,18810,30,0.8,0.9,best
DE,ackley,4,626,3.9968028886505635e-15,18840,30,0.8,0.9,best
DE,ackley,4,627,3.9968028886505635e-15,18870,30,0.8,0.9,best
DE,ackley,4,628,3.9968028886505635e-15,18900,30,0.8,0.9,best
DE,ackley,4,629,3.9968028886505635e-15,18930,30,0.8,0.9,best
DE,ackley,4,630,3.9968028886505635e-15,18960,30,0.8,0.9,best
DE,ackley,4,631,3.9968028886505635e-15,18990,30,0.8,0.9,best
DE,ackley,4,632,3.9968028886505635e-15,19020,30,0.8,0.9,best
DE,ackley,4,633,3.9968028886505635e-15,19050,30,0.8,0.9,best
DE,ackley,4,634,3.9968028886505635e-15,19080,30,0.8,0.9,best
DE,ackley,4,635,3.9968028886505635e-15,19110,30,0.8,0.9,best
DE,ackley,4,636,3.9968028886505635e-15,19140,30,0.8,0.9,best
DE,ackley,4,637,3.9968028886505635e-15,19170,30,0.8,0.9,best
DE,ackley,4,638,3.9968028886505635e-15,19200,30,0.8,0.9,best
DE,ackley,4,639,3.9968028886505635e-15,19230,30,0.8,0.9,best
DE,ackley,4,640,3.9968028886505635e-15,19260,30,0.8,0.9,best
DE,ackley,4,641,3.9968028886505635e-15,19290,30,0.8,0.9,best
DE,ackley,4,642,3.9968028886505635e-15,19320,30,0.8,0.9,best
DE,ackley,4,643,3.9968028886505635e-15,19350,30,0.8,0.9,best
DE,ackley,4,644,3.9968028886505635e-15,19380,30,0.8,0.9,best
DE,ackley,4,645,3.9968028886505635e-15,19410,30,0.8,0.9,best
DE,ackley,4,646,3.9968028886505635e-15,19440,30,0.8,0.9,best
DE,ackley,4,647,3.9968028886505635e-15,19470,30,0.8,0.9,best
DE,ackley,4,648,3.9968028886505635e-15,19500,30,0.8,0.9,best
DE,ackley,4,649,3.9968028886505635e-15,19530,30,0.8,0.9,best
DE,ackley,4,650,3.9968028886505635e-15,19560,30,0.8,0.9,best
DE,ackley,4,651,3.9968028886505635e-15,19590,30,0.8,0.9,best
DE,ackley,4,652,3.9968028886505635e-15,19620,30,0.8,0.9,best
DE,ackley,4,653,3.9968028886505635e-15,19650,30,0.8,0.9,best
DE,ackley,4,654,3.9968028886505635e-15,19680,30,0.8,0.9,best
DE,ackley,4,655,3.9968028886505635e-15,19710,30,0.8,0.9,best
DE,ackley,4,656,3.9968028886505635e-15,19740,30,0.8,0.9,best
DE,ackley,4,657,3.9968028886505635e-15,19770,30,0.8,0.9,best
DE,ackley,4,658,3.9968028886505635e-15,19800,30,0.8,0.9,best
DE,ackley,4,659,3.9968028886505635e-15,19830,30,0.8,0.9,best
DE,ackley,4,660,3.9968028886505635e-15,19860,30,0.8,0.9,best
DE,ackley,4,661,3.9968028886505635e-15,19890,30,0.8,0.9,best
DE,ackley,4,662,3.9968028886505635e-15,19920,30,0.8,0.9,best
DE,ackley,4,663,3.9968028886505635e-15,19950,30,0.8,0.9,best
DE,ackley,4,664,3.9968028886505635e-15,19980,30,0.8,0.9,best
DE,ackley,4,665,3.9968028886505635e-15,20010,30,0.8,0.9,best
DE,ackley,4,666,3.9968028886505635e-15,20040,30,0.8,0.9,best
DE,ackley,4,667,3.9968028886505635e-15,20070,30,0.8,0.9,best
DE,ackley,4,668,3.9968028886505635e-15,20100,30,0.8,0.9,best
DE,ackley,4,669,3.9968028886505635e-15,20130,30,0.8,0.9,best
DE,ackley,4,670,3.9968028886505635e-15,20160,30,0.8,0.9,best
DE,ackley,4,671,3.9968028886505635e-15,20190,30,0.8,0.9,best
DE,ackley,4,672,3.9968028886505635e-15,20220,30,0.8,0.9,best
DE,ackley,4,673,3.9968028886505635e-15,20250,30,0.8,0.9,best
DE,ackley,4,674,3.9968028886505635e-15,20280,30,0.8,0.9,best
DE,ackley,4,675,3.9968028886505635e-15,20310,30,0.8,0.9,best
DE,ackley,4,676,3.9968028886505635e-15,20340,30,0.8,0.9,best
DE,ackley,4,677,3.9968028886505635e-15,20370,30,0.8,0.9,best
DE,ackley,4,678,3.9968028886505635e-15,20400,30,0.8,0.9,best
DE,ackley,4,679,3.9968028886505635e-15,20430,30,0.8,0.9,best
DE,ackley,4,680,3.9968028886505635e-15,20460,30,0.8,0.9,best
DE,ackley,4,681,3.9968028886505635e-15,20490,30,0.8,0.9,best
DE,ackley,4,682,3.9968028886505635e-15,20520,30,0.8,0.9,best
DE,ackley,4,683,3.9968028886505635e-15,20550,30,0.8,0.9,best
DE,ackley,4,684,3.9968028886505635e-15,20580,30,0.8,0.9,best
DE,ackley,4,685,3.9968028886505635e-15,20610,30,0.8,0.9,best
DE,ackley,4,686,3.9968028886505635e-15,20640,30,0.8,0.9,best
DE,ackley,4,687,3.9968028886505635e-15,20670,30,0.8,0.9,best
DE,ackley,4,688,3.9968028886505635e-15,20700,30,0.8,0.9,best
DE,ackley,4,689,3.9968028886505635e-15,20730,30,0.8,0.9,best
DE,ackley,4,690,3.9968028886505635e-15,20760,30,0.8,0.9,best
DE,ackley,4,691,3.9968028886505635e-15,20790,30,0.8,0.9,best
DE,ackley,4,692,3.9968028886505635e-15,20820,30,0.8,0.9,best
DE,ackley,4,693,3.9968028886505635e-15,20850,30,0.8,0.9,best
DE,ackley,4,694,3.9968028886505635e-15,20880,30,0.8,0.9,best
DE,ackley,4,695,3.9968028886505635e-15,20910,30,0.8,0.9,best
DE,ackley,4,696,3.9968028886505635e-15,20940,30,0.8,0.9,best
DE,ackley,4,697,3.9968028886505635e-15,20970,30,0.8,0.9,best
DE,ackley,4,698,3.9968028886505635e-15,21000,30,0.8,0.9,best
DE,ackley,4,699,3.9968028886505635e-15,21030,30,0.8,0.9,best
DE,ackley,4,700,3.9968028886505635e-15,21060,30,0.8,0.9,best
DE,ackley,4,701,3.9968028886505635e-15,21090,30,0.8,0.9,best
DE,ackley,4,702,3.9968028886505635e-15,21120,30,0.8,0.9,best
DE,ackley,4,703,3.9968028886505635e-15,21150,30,0.8,0.9,best
DE,ackley,4,704,3.9968028886505635e-15,21180,30,0.8,0.9,best
DE,ackley,4,705,3.9968028886505635e-15,21210,30,0.8,0.9,best
DE,ackley,4,706,3.9968028886505635e-15,21240,30,0.8,0.9,best
DE,ackley,4,707,3.9968028886505635e-15,21270,30,0.8,0.9,best
DE,ackley,4,708,3.9968028886505635e-15,21300,30,0.8,0.9,best
DE,ackley,4,709,3.9968028886505635e-15,21330,30,0.8,0.9,best
DE,ackley,4,710,3.9968028886505635e-15,21360,30,0.8,0.9,best
DE,ackley,4,711,3.9968028886505635e-15,21390,30,0.8,0.9,best
DE,ackley,4,712,3.9968028886505635e-15,21420,30,0.8,0.9,best
DE,ackley,4,713,3.9968028886505635e-15,21450,30,0.8,0.9,best
DE,ackley,4,714,3.9968028886505635e-15,21480,30,0.8,0.9,best
DE,ackley,4,715,3.9968028886505635e-15,21510,30,0.8,0.9,best
DE,ackley,4,716,3.9968028886505635e-15,21540,30,0.8,0.9,best
DE,ackley,4,717,3.9968028886505635e-15,21570,30,0.8,0.9,best
DE,ackley,4,718,3.9968028886505635e-15,21600,30,0.8,0.9,best
DE,ackley,4,719,3.9968028886505635e-15,21630,30,0.8,0.9,best
DE,ackley,4,720,3.9968028886505635e-15,21660,30,0.8,0.9,best
DE,ackley,4,721,3.9968028886505635e-15,21690,30,0.8,0.9,best
DE,ackley,4,722,3.9968028886505635e-15,21720,30,0.8,0.9,best
DE,ackley,4,723,3.9968028886505635e-15,21750,30,0.8,0.9,best
DE,ackley,4,724,3.9968028886505635e-15,21780,30,0.8,0.9,best
DE,ackley,4,725,3.9968028886505635e-15,21810,30,0.8,0.9,best
DE,ackley,4,726,3.9968028886505635e-15,21840,30,0.8,0.9,best
DE,ackley,4,727,3.9968028886505635e-15,21870,30,0.8,0.9,best
DE,ackley,4,728,3.9968028886505635e-15,21900,30,0.8,0.9,best
DE,ackley,4,729,3.9968028886505635e-15,21930,30,0.8,0.9,best
DE,ackley,4,730,3.9968028886505635e-15,21960,30,0.8,0.9,best
DE,ackley,4,731,3.9968028886505635e-15,21990,30,0.8,0.9,best
DE,ackley,4,732,3.9968028886505635e-15,22020,30,0.8,0.9,best
DE,ackley,4,733,3.9968028886505635e-15,22050,30,0.8,0.9,best
DE,ackley,4,734,3.9968028886505635e-15,22080,30,0.8,0.9,best
DE,ackley,4,735,3.9968028886505635e-15,22110,30,0.8,0.9,best
DE,ackley,4,736,3.9968028886505635e-15,22140,30,0.8,0.9,best
DE,ackley,4,737,3.9968028886505635e-15,22170,30,0.8,0.9,best
DE,ackley,4,738,3.9968028886505635e-15,22200,30,0.8,0.9,best
DE,ackley,4,739,3.9968028886505635e-15,22230,30,0.8,0.9,best
DE,ackley,4,740,3.9968028886505635e-15,22260,30,0.8,0.9,best
DE,ackley,4,741,3.9968028886505635e-15,22290,30,0.8,0.9,best
DE,ackley,4,742,3.9968028886505635e-15,22320,30,0.8,0.9,best
DE,ackley,4,743,3.9968028886505635e-15,22350,30,0.8,0.9,best
DE,ackley,4,744,3.9968028886505635e-15,22380,30,0.8,0.9,best
DE,ackley,4,745,3.9968028886505635e-15,22410,30,0.8,0.9,best
DE,ackley,4,746,3.9968028886505635e-15,22440,30,0.8,0.9,best
DE,ackley,4,747,3.9968028886505635e-15,22470,30,0.8,0.9,best
DE,ackley,4,748,3.9968028886505635e-15,22500,30,0.8,0.9,best
DE,ackley,4,749,3.9968028886505635e-15,22530,30,0.8,0.9,best
DE,ackley,4,750,3.9968028886505635e-15,22560,30,0.8,0.9,best
DE,ackley,4,751,3.9968028886505635e-15,22590,30,0.8,0.9,best
DE,ackley,4,752,3.9968028886505635e-15,22620,30,0.8,0.9,best
DE,ackley,4,753,3.9968028886505635e-15,22650,30,0.8,0.9,best
DE,ackley,4,754,3.9968028886505635e-15,22680,30,0.8,0.9,best
DE,ackley,4,755,3.9968028886505635e-15,22710,30,0.8,0.9,best
DE,ackley,4,756,3.9968028886505635e-15,22740,30,0.8,0.9,best
DE,ackley,4,757,3.9968028886505635e-15,22770,30,0.8,0.9,best
DE,ackley,4,758,3.9968028886505635e-15,22800,30,0.8,0.9,best
DE,ackley,4,759,3.9968028886505635e-15,22830,30,0.8,0.9,best
DE,ackley,4,760,3.9968028886505635e-15,22860,30,0.8,0.9,best
DE,ackley,4,761,3.9968028886505635e-15,22890,30,0.8,0.9,best
DE,ackley,4,762,3.9968028886505635e-15,22920,30,0.8,0.9,best
DE,ackley,4,763,3.9968028886505635e-15,22950,30,0.8,0.9,best
DE,ackley,4,764,3.9968028886505635e-15,22980,30,0.8,0.9,best
DE,ackley,4,765,3.9968028886505635e-15,23010,30,0.8,0.9,best
DE,ackley,4,766,3.9968028886505635e-15,23040,30,0.8,0.9,best
DE,ackley,4,767,3.9968028886505635e-15,23070,30,0.8,0.9,best
DE,ackley,4,768,3.9968028886505635e-15,23100,30,0.8,0.9,best
DE,ackley,4,769,3.9968028886505635e-15,23130,30,0.8,0.9,best
DE,ackley,4,770,3.9968028886505635e-15,23160,30,0.8,0.9,best
DE,ackley,4,771,3.9968028886505635e-15,23190,30,0.8,0.9,best
DE,ackley,4,772,3.9968028886505635e-15,23220,30,0.8,0.9,best
DE,ackley,4,773,3.9968028886505635e-15,23250,30,0.8,0.9,best
DE,ackley,4,774,3.9968028886505635e-15,23280,30,0.8,0.9,best
DE,ackley,4,775,3.9968028886505635e-15,23310,30,0.8,0.9,best
DE,ackley,4,776,3.9968028886505635e-15,23340,30,0.8,0.9,best
DE,ackley,4,777,3.9968028886505635e-15,23370,30,0.8,0.9,best
DE,ackley,4,778,3.9968028886505635e-15,23400,30,0.8,0.9,best
DE,ackley,4,779,3.9968028886505635e-15,23430,30,0.8,0.9,best
DE,ackley,4,780,3.9968028886505635e-15,23460,30,0.8,0.9,best
DE,ackley,4,781,3.9968028886505635e-15,23490,30,0.8,0.9,best
DE,ackley,4,782,3.9968028886505635e-15,23520,30,0.8,0.9,best
DE,ackley,4,783,3.9968028886505635e-15,23550,30,0.8,0.9,best
DE,ackley,4,784,3.9968028886505635e-15,23580,30,0.8,0.9,best
DE,ackley,4,785,3.9968028886505635e-15,23610,30,0.8,0.9,best
DE,ackley,4,786,3.9968028886505635e-15,23640,30,0.8,0.9,best
DE,ackley,4,787,3.9968028886505635e-15,23670,30,0.8,0.9,best
DE,ackley,4,788,3.9968028886505635e-15,23700,30,0.8,0.9,best
DE,ackley,4,789,3.9968028886505635e-15,23730,30,0.8,0.9,best
DE,ackley,4,790,3.9968028886505635e-15,23760,30,0.8,0.9,best
DE,ackley,4,791,3.9968028886505635e-15,23790,30,0.8,0.9,best
DE,ackley,4,792,3.9968028886505635e-15,23820,30,0.8,0.9,best
DE,ackley,4,793,3.9968028886505635e-15,23850,30,0.8,0.9,best
DE,ackley,4,794,3.9968028886505635e-15,23880,30,0.8,0.9,best
DE,ackley,4,795,3.9968028886505635e-15,23910,30,0.8,0.9,best
DE,ackley,4,796,3.9968028886505635e-15,23940,30,0.8,0.9,best
DE,ackley,4,797,3.9968028886505635e-15,23970,30,0.8,0.9,best
DE,ackley,4,798,3.9968028886505635e-15,24000,30,0.8,0.9,best
DE,ackley,4,799,3.9968028886505635e-15,24030,30,0.8,0.9,best
DE,ackley,4,800,3.9968028886505635e-15,24060,30,0.8,0.9,best
DE,ackley,4,801,3.9968028886505635e-15,24090,30,0.8,0.9,best
DE,ackley,4,802,3.9968028886505635e-15,24120,30,0.8,0.9,best
DE,ackley,4,803,3.9968028886505635e-15,24150,30,0.8,0.9,best
DE,ackley,4,804,3.9968028886505635e-15,24180,30,0.8,0.9,best
DE,ackley,4,805,3.9968028886505635e-15,24210,30,0.8,0.9,best
DE,ackley,4,806,3.9968028886505635e-15,24240,30,0.8,0.9,best
DE,ackley,4,807,3.9968028886505635e-15,24270,30,0.8,0.9,best
DE,ackley,4,808,3.9968028886505635e-15,24300,30,0.8,0.9,best
DE,ackley,4,809,3.9968028886505635e-15,24330,30,0.8,0.9,best
DE,ackley,4,810,3.9968028886505635e-15,24360,30,0.8,0.9,best
DE,ackley,4,811,3.9968028886505635e-15,24390,30,0.8,0.9,best
DE,ackley,4,812,3.9968028886505635e-15,24420,30,0.8,0.9,best
DE,ackley,4,813,3.9968028886505635e-15,24450,30,0.8,0.9,best
DE,ackley,4,814,3.9968028886505635e-15,24480,30,0.8,0.9,best
DE,ackley,4,815,3.9968028886505635e-15,24510,30,0.8,0.9,best
DE,ackley,4,816,3.9968028886505635e-15,24540,30,0.8,0.9,best
DE,ackley,4,817,3.9968028886505635e-15,24570,30,0.8,0.9,best
DE,ackley,4,818,3.9968028886505635e-15,24600,30,0.8,0.9,best
DE,ackley,4,819,3.9968028886505635e-15,24630,30,0.8,0.9,best
DE,ackley,4,820,3.9968028886505635e-15,24660,30,0.8,0.9,best
DE,ackley,4,821,3.9968028886505635e-15,24690,30,0.8,0.9,best
DE,ackley,4,822,3.9968028886505635e-15,24720,30,0.8,0.9,best
DE,ackley,4,823,3.9968028886505635e-15,24750,30,0.8,0.9,best
DE,ackley,4,824,3.9968028886505635e-15,24780,30,0.8,0.9,best
DE,ackley,4,825,3.9968028886505635e-15,24810,30,0.8,0.9,best
DE,ackley,4,826,3.9968028886505635e-15,24840,30,0.8,0.9,best
DE,ackley,4,827,3.9968028886505635e-15,24870,30,0.8,0.9,best
DE,ackley,4,828,3.9968028886505635e-15,24900,30,0.8,0.9,best
DE,ackley,4,829,3.9968028886505635e-15,24930,30,0.8,0.9,best
DE,ackley,4,830,3.9968028886505635e-15,24960,30,0.8,0.9,best
DE,ackley,4,831,3.9968028886505635e-15,24990,30,0.8,0.9,best
DE,ackley,4,832,3.9968028886505635e-15,25020,30,0.8,0.9,best
DE,ackley,4,833,3.9968028886505635e-15,25050,30,0.8,0.9,best
DE,ackley,4,834,3.9968028886505635e-15,25080,30,0.8,0.9,best
DE,ackley,4,835,3.9968028886505635e-15,25110,30,0.8,0.9,best
DE,ackley,4,836,3.9968028886505635e-15,25140,30,0.8,0.9,best
DE,ackley,4,837,3.9968028886505635e-15,25170,30,0.8,0.9,best
DE,ackley,4,838,3.9968028886505635e-15,25200,30,0.8,0.9,best
DE,ackley,4,839,3.9968028886505635e-15,25230,30,0.8,0.9,best
DE,ackley,4,840,3.9968028886505635e-15,25260,30,0.8,0.9,best
DE,ackley,4,841,3.9968028886505635e-15,25290,30,0.8,0.9,best
DE,ackley,4,842,3.9968028886505635e-15,25320,30,0.8,0.9,best
DE,ackley,4,843,3.9968028886505635e-15,25350,30,0.8,0.9,best
DE,ackley,4,844,3.9968028886505635e-15,25380,30,0.8,0.9,best
DE,ackley,4,845,3.9968028886505635e-15,25410,30,0.8,0.9,best
DE,ackley,4,846,3.9968028886505635e-15,25440,30,0.8,0.9,best
DE,ackley,4,847,3.9968028886505635e-15,25470,30,0.8,0.9,best
DE,ackley,4,848,3.9968028886505635e-15,25500,30,0.8,0.9,best
DE,ackley,4,849,3.9968028886505635e-15,25530,30,0.8,0.9,best
DE,ackley,4,850,3.9968028886505635e-15,25560,30,0.8,0.9,best
DE,ackley,4,851,3.9968028886505635e-15,25590,30,0.8,0.9,best
DE,ackley,4,852,3.9968028886505635e-15,25620,30,0.8,0.9,best
DE,ackley,4,853,3.9968028886505635e-15,25650,30,0.8,0.9,best
DE,ackley,4,854,3.9968028886505635e-15,25680,30,0.8,0.9,best
DE,ackley,4,855,3.9968028886505635e-15,25710,30,0.8,0.9,best
DE,ackley,4,856,3.9968028886505635e-15,25740,30,0.8,0.9,best
DE,ackley,4,857,3.9968028886505635e-15,25770,30,0.8,0.9,best
DE,ackley,4,858,3.9968028886505635e-15,25800,30,0.8,0.9,best
DE,ackley,4,859,3.9968028886505635e-15,25830,30,0.8,0.9,best
DE,ackley,4,860,3.9968028886505635e-15,25860,30,0.8,0.9,best
DE,ackley,4,861,3.9968028886505635e-15,25890,30,0.8,0.9,best
DE,ackley,4,862,3.9968028886505635e-15,25920,30,0.8,0.9,best
DE,ackley,4,863,3.9968028886505635e-15,25950,30,0.8,0.9,best
DE,ackley,4,864,3.9968028886505635e-15,25980,30,0.8,0.9,best
DE,ackley,4,865,3.9968028886505635e-15,26010,30,0.8,0.9,best
DE,ackley,4,866,3.9968028886505635e-15,26040,30,0.8,0.9,best
DE,ackley,4,867,3.9968028886505635e-15,26070,30,0.8,0.9,best
DE,ackley,4,868,3.9968028886505635e-15,26100,30,0.8,0.9,best
DE,ackley,4,869,3.9968028886505635e-15,26130,30,0.8,0.9,best
DE,ackley,4,870,3.9968028886505635e-15,26160,30,0.8,0.9,best
DE,ackley,4,871,3.9968028886505635e-15,26190,30,0.8,0.9,best
DE,ackley,4,872,3.9968028886505635e-15,26220,30,0.8,0.9,best
DE,ackley,4,873,3.9968028886505635e-15,26250,30,0.8,0.9,best
DE,ackley,4,874,3.9968028886505635e-15,26280,30,0.8,0.9,best
DE,ackley,4,875,3.9968028886505635e-15,26310,30,0.8,0.9,best
DE,ackley,4,876,3.9968028886505635e-15,26340,30,0.8,0.9,best
DE,ackley,4,877,3.9968028886505635e-15,26370,30,0.8,0.9,best
DE,ackley,4,878,3.9968028886505635e-15,26400,30,0.8,0.9,best
DE,ackley,4,879,3.9968028886505635e-15,26430,30,0.8,0.9,best
DE,ackley,4,880,3.9968028886505635e-15,26460,30,0.8,0.9,best
DE,ackley,4,881,3.9968028886505635e-15,26490,30,0.8,0.9,best
DE,ackley,4,882,3.9968028886505635e-15,26520,30,0.8,0.9,best
DE,ackley,4,883,3.9968028886505635e-15,26550,30,0.8,0.9,best
DE,ackley,4,884,3.9968028886505635e-15,26580,30,0.8,0.9,best
DE,ackley,4,885,3.9968028886505635e-15,26610,30,0.8,0.9,best
DE,ackley,4,886,3.9968028886505635e-15,26640,30,0.8,0.9,best
DE,ackley,4,887,3.9968028886505635e-15,26670,30,0.8,0.9,best
DE,ackley,4,888,3.9968028886505635e-15,26700,30,0.8,0.9,best
DE,ackley,4,889,3.9968028886505635e-15,26730,30,0.8,0.9,best
DE,ackley,4,890,3.9968028886505635e-15,26760,30,0.8,0.9,best
DE,ackley,4,891,3.9968028886505635e-15,26790,30,0.8,0.9,best
DE,ackley,4,892,3.9968028886505635e-15,26820,30,0.8,0.9,best
DE,ackley,4,893,3.9968028886505635e-15,26850,30,0.8,0.9,best
DE,ackley,4,894,3.9968028886505635e-15,26880,30,0.8,0.9,best
DE,ackley,4,895,3.9968028886505635e-15,26910,30,0.8,0.9,best
DE,ackley,4,896,3.9968028886505635e-15,26940,30,0.8,0.9,best
DE,ackley,4,897,3.9968028886505635e-15,26970,30,0.8,0.9,best
DE,ackley,4,898,3.9968028886505635e-15,27000,30,0.8,0.9,best
DE,ackley,4,899,3.9968028886505635e-15,27030,30,0.8,0.9,best
DE,ackley,4,900,3.9968028886505635e-15,27060,30,0.8,0.9,best
DE,ackley,4,901,3.9968028886505635e-15,27090,30,0.8,0.9,best
DE,ackley,4,902,3.9968028886505635e-15,27120,30,0.8,0.9,best
DE,ackley,4,903,3.9968028886505635e-15,27150,30,0.8,0.9,best
DE,ackley,4,904,3.9968028886505635e-15,27180,30,0.8,0.9,best
DE,ackley,4,905,3.9968028886505635e-15,27210,30,0.8,0.9,best
DE,ackley,4,906,3.9968028886505635e-15,27240,30,0.8,0.9,best
DE,ackley,4,907,3.9968028886505635e-15,27270,30,0.8,0.9,best
DE,ackley,4,908,3.9968028886505635e-15,27300,30,0.8,0.9,best
DE,ackley,4,909,3.9968028886505635e-15,27330,30,0.8,0.9,best
DE,ackley,4,910,3.9968028886505635e-15,27360,30,0.8,0.9,best
DE,ackley,4,911,3.9968028886505635e-15,27390,30,0.8,0.9,best
DE,ackley,4,912,3.9968028886505635e-15,27420,30,0.8,0.9,best
DE,ackley,4,913,3.9968028886505635e-15,27450,30,0.8,0.9,best
DE,ackley,4,914,3.9968028886505635e-15,27480,30,0.8,0.9,best
DE,ackley,4,915,3.9968028886505635e-15,27510,30,0.8,0.9,best
DE,ackley,4,916,3.9968028886505635e-15,27540,30,0.8,0.9,best
DE,ackley,4,917,3.9968028886505635e-15,27570,30,0.8,0.9,best
DE,ackley,4,918,3.9968028886505635e-15,27600,30,0.8,0.9,best
DE,ackley,4,919,3.9968028886505635e-15,27630,30,0.8,0.9,best
DE,ackley,4,920,3.9968028886505635e-15,27660,30,0.8,0.9,best
DE,ackley,4,921,3.9968028886505635e-15,27690,30,0.8,0.9,best
DE,ackley,4,922,3.9968028886505635e-15,27720,30,0.8,0.9,best
DE,ackley,4,923,3.9968028886505635e-15,27750,30,0.8,0.9,best
DE,ackley,4,924,3.9968028886505635e-15,27780,30,0.8,0.9,best
DE,ackley,4,925,3.9968028886505635e-15,27810,30,0.8,0.9,best
DE,ackley,4,926,3.9968028886505635e-15,27840,30,0.8,0.9,best
DE,ackley,4,927,3.9968028886505635e-15,27870,30,0.8,0.9,best
DE,ackley,4,928,3.9968028886505635e-15,27900,30,0.8,0.9,best
DE,ackley,4,929,3.9968028886505635e-15,27930,30,0.8,0.9,best
DE,ackley,4,930,3.9968028886505635e-15,27960,30,0.8,0.9,best
DE,ackley,4,931,3.9968028886505635e-15,27990,30,0.8,0.9,best
DE,ackley,4,932,3.9968028886505635e-15,28020,30,0.8,0.9,best
DE,ackley,4,933,3.9968028886505635e-15,28050,30,0.8,0.9,best
DE,ackley,4,934,3.9968028886505635e-15,28080,30,0.8,0.9,best
DE,ackley,4,935,3.9968028886505635e-15,28110,30,0.8,0.9,best
DE,ackley,4,936,3.9968028886505635e-15,28140,30,0.8,0.9,best
DE,ackley,4,937,3.9968028886505635e-15,28170,30,0.8,0.9,best
DE,ackley,4,938,3.9968028886505635e-15,28200,30,0.8,0.9,best
DE,ackley,4,939,3.9968028886505635e-15,28230,30,0.8,0.9,best
DE,ackley,4,940,3.9968028886505635e-15,28260,30,0.8,0.9,best
DE,ackley,4,941,3.9968028886505635e-15,28290,30,0.8,0.9,best
DE,ackley,4,942,3.9968028886505635e-15,28320,30,0.8,0.9,best
DE,ackley,4,943,3.9968028886505635e-15,28350,30,0.8,0.9,best
DE,ackley,4,944,3.9968028886505635e-15,28380,30,0.8,0.9,best
DE,ackley,4,945,3.9968028886505635e-15,28410,30,0.8,0.9,best
DE,ackley,4,946,3.9968028886505635e-15,28440,30,0.8,0.9,best
DE,ackley,4,947,3.9968028886505635e-15,28470,30,0.8,0.9,best
DE,ackley,4,948,3.9968028886505635e-15,28500,30,0.8,0.9,best
DE,ackley,4,949,3.9968028886505635e-15,28530,30,0.8,0.9,best
DE,ackley,4,950,3.9968028886505635e-15,28560,30,0.8,0.9,best
DE,ackley,4,951,3.9968028886505635e-15,28590,30,0.8,0.9,best
DE,ackley,4,952,3.9968028886505635e-15,28620,30,0.8,0.9,best
DE,ackley,4,953,3.9968028886505635e-15,28650,30,0.8,0.9,best
DE,ackley,4,954,3.9968028886505635e-15,28680,30,0.8,0.9,best
DE,ackley,4,955,3.9968028886505635e-15,28710,30,0.8,0.9,best
DE,ackley,4,956,3.9968028886505635e-15,28740,30,0.8,0.9,best
DE,ackley,4,957,3.9968028886505635e-15,28770,30,0.8,0.9,best
DE,ackley,4,958,3.9968028886505635e-15,28800,30,0.8,0.9,best
DE,ackley,4,959,3.9968028886505635e-15,28830,30,0.8,0.9,best
DE,ackley,4,960,3.9968028886505635e-15,28860,30,0.8,0.9,best
DE,ackley,4,961,3.9968028886505635e-15,28890,30,0.8,0.9,best
DE,ackley,4,962,3.9968028886505635e-15,28920,30,0.8,0.9,best
DE,ackley,4,963,3.9968028886505635e-15,28950,30,0.8,0.9,best
DE,ackley,4,964,3.9968028886505635e-15,28980,30,0.8,0.9,best
DE,ackley,4,965,3.9968028886505635e-15,29010,30,0.8,0.9,best
DE,ackley,4,966,3.9968028886505635e-15,29040,30,0.8,0.9,best
DE,ackley,4,967,3.9968028886505635e-15,29070,30,0.8,0.9,best
DE,ackley,4,968,3.9968028886505635e-15,29100,30,0.8,0.9,best
DE,ackley,4,969,3.9968028886505635e-15,29130,30,0.8,0.9,best
DE,ackley,4,970,3.9968028886505635e-15,29160,30,0.8,0.9,best
DE,ackley,4,971,3.9968028886505635e-15,29190,30,0.8,0.9,best
DE,ackley,4,972,3.9968028886505635e-15,29220,30,0.8,0.9,best
DE,ackley,4,973,3.9968028886505635e-15,29250,30,0.8,0.9,best
DE,ackley,4,974,3.9968028886505635e-15,29280,30,0.8,0.9,best
DE,ackley,4,975,3.9968028886505635e-15,29310,30,0.8,0.9,best
DE,ackley,4,976,3.9968028886505635e-15,29340,30,0.8,0.9,best
DE,ackley,4,977,3.9968028886505635e-15,29370,30,0.8,0.9,best
DE,ackley,4,978,3.9968028886505635e-15,29400,30,0.8,0.9,best
DE,ackley,4,979,3.9968028886505635e-15,29430,30,0.8,0.9,best
DE,ackley,4,980,3.9968028886505635e-15,29460,30,0.8,0.9,best
DE,ackley,4,981,3.9968028886505635e-15,29490,30,0.8,0.9,best
DE,ackley,4,982,3.9968028886505635e-15,29520,30,0.8,0.9,best
DE,ackley,4,983,3.9968028886505635e-15,29550,30,0.8,0.9,best
DE,ackley,4,984,3.9968028886505635e-15,29580,30,0.8,0.9,best
DE,ackley,4,985,3.9968028886505635e-15,29610,30,0.8,0.9,best
DE,ackley,4,986,3.9968028886505635e-15,29640,30,0.8,0.9,best
DE,ackley,4,987,3.9968028886505635e-15,29670,30,0.8,0.9,best
DE,ackley,4,988,3.9968028886505635e-15,29700,30,0.8,0.9,best
DE,ackley,4,989,3.9968028886505635e-15,29730,30,0.8,0.9,best
DE,ackley,4,990,3.9968028886505635e-15,29760,30,0.8,0.9,best
DE,ackley,4,991,3.9968028886505635e-15,29790,30,0.8,0.9,best
DE,ackley,4,992,3.9968028886505635e-15,29820,30,0.8,0.9,best
DE,ackley,4,993,3.9968028886505635e-15,29850,30,0.8,0.9,best
DE,ackley,4,994,3.9968028886505635e-15,29880,30,0.8,0.9,best
DE,ackley,4,995,3.9968028886505635e-15,29910,30,0.8,0.9,best
DE,ackley,4,996,3.9968028886505635e-15,29940,30,0.8,0.9,best
DE,ackley,4,997,3.9968028886505635e-15,29970,30,0.8,0.9,best
DE,ackley,4,998,3.9968028886505635e-15,30000,30,0.8,0.9,best
DE,ackley,4,999,3.9968028886505635e-15,30030,30,0.8,0.9,best
DE,ackley,4,1000,3.9968028886505635e-15,30060,30,0.8,0.9,best
DE,ackley,4,1001,3.9968028886505635e-15,30090,30,0.8,0.9,best
DE,ackley,4,1002,3.9968028886505635e-15,30120,30,0.8,0.9,best
DE,ackley,4,1003,3.9968028886505635e-15,30150,30,0.8,0.9,best
DE,ackley,4,1004,3.9968028886505635e-15,30180,30,0.8,0.9,best
DE,ackley,4,1005,3.9968028886505635e-15,30210,30,0.8,0.9,best
DE,ackley,4,1006,3.9968028886505635e-15,30240,30,0.8,0.9,best
DE,ackley,4,1007,3.9968028886505635e-15,30270,30,0.8,0.9,best
DE,ackley,4,1008,3.9968028886505635e-15,30300,30,0.8,0.9,best
DE,ackley,4,1009,3.9968028886505635e-15,30330,30,0.8,0.9,best
DE,ackley,4,1010,3.9968028886505635e-15,30360,30,0.8,0.9,best
DE,ackley,4,1011,3.9968028886505635e-15,30390,30,0.8,0.9,best
DE,ackley,4,1012,3.9968028886505635e-15,30420,30,0.8,0.9,best
DE,ackley,4,1013,3.9968028886505635e-15,30450,30,0.8,0.9,best
DE,ackley,4,1014,3.9968028886505635e-15,30480,30,0.8,0.9,best
DE,ackley,4,1015,3.9968028886505635e-15,30510,30,0.8,0.9,best
DE,ackley,4,1016,3.9968028886505635e-15,30540,30,0.8,0.9,best
DE,ackley,4,1017,3.9968028886505635e-15,30570,30,0.8,0.9,best
DE,ackley,4,1018,3.9968028886505635e-15,30600,30,0.8,0.9,best
DE,ackley,4,1019,3.9968028886505635e-15,30630,30,0.8,0.9,best
DE,ackley,4,1020,3.9968028886505635e-15,30660,30,0.8,0.9,best
DE,ackley,4,1021,3.9968028886505635e-15,30690,30,0.8,0.9,best
DE,ackley,4,1022,3.9968028886505635e-15,30720,30,0.8,0.9,best
DE,ackley,4,1023,3.9968028886505635e-15,30750,30,0.8,0.9,best
DE,ackley,4,1024,3.9968028886505635e-15,30780,30,0.8,0.9,best
DE,ackley,4,1025,3.9968028886505635e-15,30810,30,0.8,0.9,best
DE,ackley,4,1026,3.9968028886505635e-15,30840,30,0.8,0.9,best
DE,ackley,4,1027,3.9968028886505635e-15,30870,30,0.8,0.9,best
DE,ackley,4,1028,3.9968028886505635e-15,30900,30,0.8,0.9,best
DE,ackley,4,1029,3.9968028886505635e-15,30930,30,0.8,0.9,best
DE,ackley,4,1030,3.9968028886505635e-15,30960,30,0.8,0.9,best
DE,ackley,4,1031,3.9968028886505635e-15,30990,30,0.8,0.9,best
DE,ackley,4,1032,3.9968028886505635e-15,31020,30,0.8,0.9,best
DE,ackley,4,1033,3.9968028886505635e-15,31050,30,0.8,0.9,best
DE,ackley,4,1034,3.9968028886505635e-15,31080,30,0.8,0.9,best
DE,ackley,4,1035,3.9968028886505635e-15,31110,30,0.8,0.9,best
DE,ackley,4,1036,3.9968028886505635e-15,31140,30,0.8,0.9,best
DE,ackley,4,1037,3.9968028886505635e-15,31170,30,0.8,0.9,best
DE,ackley,4,1038,3.9968028886505635e-15,31200,30,0.8,0.9,best
DE,ackley,4,1039,3.9968028886505635e-15,31230,30,0.8,0.9,best
DE,ackley,4,1040,3.9968028886505635e-15,31260,30,0.8,0.9,best
DE,ackley,4,1041,3.9968028886505635e-15,31290,30,0.8,0.9,best
DE,ackley,4,1042,3.9968028886505635e-15,31320,30,0.8,0.9,best
DE,ackley,4,1043,3.9968028886505635e-15,31350,30,0.8,0.9,best
DE,ackley,4,1044,3.9968028886505635e-15,31380,30,0.8,0.9,best
DE,ackley,4,1045,3.9968028886505635e-15,31410,30,0.8,0.9,best
DE,ackley,4,1046,3.9968028886505635e-15,31440,30,0.8,0.9,best
DE,ackley,4,1047,3.9968028886505635e-15,31470,30,0.8,0.9,best
DE,ackley,4,1048,3.9968028886505635e-15,31500,30,0.8,0.9,best
DE,ackley,4,1049,3.9968028886505635e-15,31530,30,0.8,0.9,best
DE,ackley,4,1050,3.9968028886505635e-15,31560,30,0.8,0.9,best
DE,ackley,4,1051,3.9968028886505635e-15,31590,30,0.8,0.9,best
DE,ackley,4,1052,3.9968028886505635e-15,31620,30,0.8,0.9,best
DE,ackley,4,1053,3.9968028886505635e-15,31650,30,0.8,0.9,best
DE,ackley,4,1054,3.9968028886505635e-15,31680,30,0.8,0.9,best
DE,ackley,4,1055,3.9968028886505635e-15,31710,30,0.8,0.9,best
DE,ackley,4,1056,3.9968028886505635e-15,31740,30,0.8,0.9,best
DE,ackley,4,1057,3.9968028886505635e-15,31770,30,0.8,0.9,best
DE,ackley,4,1058,3.9968028886505635e-15,31800,30,0.8,0.9,best
DE,ackley,4,1059,3.9968028886505635e-15,31830,30,0.8,0.9,best
DE,ackley,4,1060,3.9968028886505635e-15,31860,30,0.8,0.9,best
DE,ackley,4,1061,3.9968028886505635e-15,31890,30,0.8,0.9,best
DE,ackley,4,1062,3.9968028886505635e-15,31920,30,0.8,0.9,best
DE,ackley,4,1063,3.9968028886505635e-15,31950,30,0.8,0.9,best
DE,ackley,4,1064,3.9968028886505635e-15,31980,30,0.8,0.9,best
DE,ackley,4,1065,3.9968028886505635e-15,32010,30,0.8,0.9,best
DE,ackley,4,1066,3.9968028886505635e-15,32040,30,0.8,0.9,best
DE,ackley,4,1067,3.9968028886505635e-15,32070,30,0.8,0.9,best
DE,ackley,4,1068,3.9968028886505635e-15,32100,30,0.8,0.9,best
DE,ackley,4,1069,3.9968028886505635e-15,32130,30,0.8,0.9,best
DE,ackley,4,1070,3.9968028886505635e-15,32160,30,0.8,0.9,best
DE,ackley,4,1071,3.9968028886505635e-15,32190,30,0.8,0.9,best
DE,ackley,4,1072,3.9968028886505635e-15,32220,30,0.8,0.9,best
DE,ackley,4,1073,3.9968028886505635e-15,32250,30,0.8,0.9,best
DE,ackley,4,1074,3.9968028886505635e-15,32280,30,0.8,0.9,best
DE,ackley,4,1075,3.9968028886505635e-15,32310,30,0.8,0.9,best
DE,ackley,4,1076,3.9968028886505635e-15,32340,30,0.8,0.9,best
DE,ackley,4,1077,3.9968028886505635e-15,32370,30,0.8,0.9,best
DE,ackley,4,1078,3.9968028886505635e-15,32400,30,0.8,0.9,best
DE,ackley,4,1079,3.9968028886505635e-15,32430,30,0.8,0.9,best
DE,ackley,4,1080,3.9968028886505635e-15,32460,30,0.8,0.9,best
DE,ackley,4,1081,3.9968028886505635e-15,32490,30,0.8,0.9,best
DE,ackley,4,1082,3.9968028886505635e-15,32520,30,0.8,0.9,best
DE,ackley,4,1083,3.9968028886505635e-15,32550,30,0.8,0.9,best
DE,ackley,4,1084,3.9968028886505635e-15,32580,30,0.8,0.9,best
DE,ackley,4,1085,3.9968028886505635e-15,32610,30,0.8,0.9,best
DE,ackley,4,1086,3.9968028886505635e-15,32640,30,0.8,0.9,best
DE,ackley,4,1087,3.9968028886505635e-15,32670,30,0.8,0.9,best
DE,ackley,4,1088,3.9968028886505635e-15,32700,30,0.8,0.9,best
DE,ackley,4,1089,3.9968028886505635e-15,32730,30,0.8,0.9,best
DE,ackley,4,1090,3.9968028886505635e-15,32760,30,0.8,0.9,best
DE,ackley,4,1091,3.9968028886505635e-15,32790,30,0.8,0.9,best
DE,ackley,4,1092,3.9968028886505635e-15,32820,30,0.8,0.9,best
DE,ackley,4,1093,3.9968028886505635e-15,32850,30,0.8,0.9,best
DE,ackley,4,1094,3.9968028886505635e-15,32880,30,0.8,0.9,best
DE,ackley,4,1095,3.9968028886505635e-15,32910,30,0.8,0.9,best
DE,ackley,4,1096,3.9968028886505635e-15,32940,30,0.8,0.9,best
DE,ackley,4,1097,3.9968028886505635e-15,32970,30,0.8,0.9,best
DE,ackley,4,1098,3.9968028886505635e-15,33000,30,0.8,0.9,best
DE,ackley,4,1099,3.9968028886505635e-15,33030,30,0.8,0.9,best
DE,ackley,4,1100,3.9968028886505635e-15,33060,30,0.8,0.9,best
DE,ackley,4,1101,3.9968028886505635e-15,33090,30,0.8,0.9,best
DE,ackley,4,1102,3.9968028886505635e-15,33120,30,0.8,0.9,best
DE,ackley,4,1103,3.9968028886505635e-15,33150,30,0.8,0.9,best
DE,ackley,4,1104,3.9968028886505635e-15,33180,30,0.8,0.9,best
DE,ackley,4,1105,3.9968028886505635e-15,33210,30,0.8,0.9,best
DE,ackley,4,1106,3.9968028886505635e-15,33240,30,0.8,0.9,best
DE,ackley,4,1107,3.9968028886505635e-15,33270,30,0.8,0.9,best
DE,ackley,4,1108,3.9968028886505635e-15,33300,30,0.8,0.9,best
DE,ackley,4,1109,3.9968028886505635e-15,33330,30,0.8,0.9,best
DE,ackley,4,1110,3.9968028886505635e-15,33360,30,0.8,0.9,best
DE,ackley,4,1111,3.9968028886505635e-15,33390,30,0.8,0.9,best
DE,ackley,4,1112,3.9968028886505635e-15,33420,30,0.8,0.9,best
DE,ackley,4,1113,3.9968028886505635e-15,33450,30,0.8,0.9,best
DE,ackley,4,1114,3.9968028886505635e-15,33480,30,0.8,0.9,best
DE,ackley,4,1115,3.9968028886505635e-15,33510,30,0.8,0.9,best
DE,ackley,4,1116,3.9968028886505635e-15,33540,30,0.8,0.9,best
DE,ackley,4,1117,3.9968028886505635e-15,33570,30,0.8,0.9,best
DE,ackley,4,1118,3.9968028886505635e-15,33600,30,0.8,0.9,best
DE,ackley,4,1119,3.9968028886505635e-15,33630,30,0.8,0.9,best
DE,ackley,4,1120,3.9968028886505635e-15,33660,30,0.8,0.9,best
DE,ackley,4,1121,3.9968028886505635e-15,33690,30,0.8,0.9,best
DE,ackley,4,1122,3.9968028886505635e-15,33720,30,0.8,0.9,best
DE,ackley,4,1123,3.9968028886505635e-15,33750,30,0.8,0.9,best
DE,ackley,4,1124,3.9968028886505635e-15,33780,30,0.8,0.9,best
DE,ackley,4,1125,3.9968028886505635e-15,33810,30,0.8,0.9,best
DE,ackley,4,1126,3.9968028886505635e-15,33840,30,0.8,0.9,best
DE,ackley,4,1127,3.9968028886505635e-15,33870,30,0.8,0.9,best
DE,ackley,4,1128,3.9968028886505635e-15,33900,30,0.8,0.9,best
DE,ackley,4,1129,3.9968028886505635e-15,33930,30,0.8,0.9,best
DE,ackley,4,1130,3.9968028886505635e-15,33960,30,0.8,0.9,best
DE,ackley,4,1131,3.9968028886505635e-15,33990,30,0.8,0.9,best
DE,ackley,4,1132,3.9968028886505635e-15,34020,30,0.8,0.9,best
DE,ackley,4,1133,3.9968028886505635e-15,34050,30,0.8,0.9,best
DE,ackley,4,1134,3.9968028886505635e-15,34080,30,0.8,0.9,best
DE,ackley,4,1135,3.9968028886505635e-15,34110,30,0.8,0.9,best
DE,ackley,4,1136,3.9968028886505635e-15,34140,30,0.8,0.9,best
DE,ackley,4,1137,3.9968028886505635e-15,34170,30,0.8,0.9,best
DE,ackley,4,1138,3.9968028886505635e-15,34200,30,0.8,0.9,best
DE,ackley,4,1139,3.9968028886505635e-15,34230,30,0.8,0.9,best
DE,ackley,4,1140,3.9968028886505635e-15,34260,30,0.8,0.9,best
DE,ackley,4,1141,3.9968028886505635e-15,34290,30,0.8,0.9,best
DE,ackley,4,1142,3.9968028886505635e-15,34320,30,0.8,0.9,best
DE,ackley,4,1143,3.9968028886505635e-15,34350,30,0.8,0.9,best
DE,ackley,4,1144,3.9968028886505635e-15,34380,30,0.8,0.9,best
DE,ackley,4,1145,3.9968028886505635e-15,34410,30,0.8,0.9,best
DE,ackley,4,1146,3.9968028886505635e-15,34440,30,0.8,0.9,best
DE,ackley,4,1147,3.9968028886505635e-15,34470,30,0.8,0.9,best
DE,ackley,4,1148,3.9968028886505635e-15,34500,30,0.8,0.9,best
DE,ackley,4,1149,3.9968028886505635e-15,34530,30,0.8,0.9,best
DE,ackley,4,1150,3.9968028886505635e-15,34560,30,0.8,0.9,best
DE,ackley,4,1151,3.9968028886505635e-15,34590,30,0.8,0.9,best
DE,ackley,4,1152,3.9968028886505635e-15,34620,30,0.8,0.9,best
DE,ackley,4,1153,3.9968028886505635e-15,34650,30,0.8,0.9,best
DE,ackley,4,1154,3.9968028886505635e-15,34680,30,0.8,0.9,best
DE,ackley,4,1155,3.9968028886505635e-15,34710,30,0.8,0.9,best
DE,ackley,4,1156,3.9968028886505635e-15,34740,30,0.8,0.9,best
DE,ackley,4,1157,3.9968028886505635e-15,34770,30,0.8,0.9,best
DE,ackley,4,1158,3.9968028886505635e-15,34800,30,0.8,0.9,best
DE,ackley,4,1159,3.9968028886505635e-15,34830,30,0.8,0.9,best
DE,ackley,4,1160,3.9968028886505635e-15,34860,30,0.8,0.9,best
DE,ackley,4,1161,3.9968028886505635e-15,34890,30,0.8,0.9,best
DE,ackley,4,1162,3.9968028886505635e-15,34920,30,0.8,0.9,best
DE,ackley,4,1163,3.9968028886505635e-15,34950,30,0.8,0.9,best
DE,ackley,4,1164,3.9968028886505635e-15,34980,30,0.8,0.9,best
DE,ackley,4,1165,3.9968028886505635e-15,35010,30,0.8,0.9,best
DE,ackley,4,1166,3.9968028886505635e-15,35040,30,0.8,0.9,best
DE,ackley,4,1167,3.9968028886505635e-15,35070,30,0.8,0.9,best
DE,ackley,4,1168,3.9968028886505635e-15,35100,30,0.8,0.9,best
DE,ackley,4,1169,3.9968028886505635e-15,35130,30,0.8,0.9,best
DE,ackley,4,1170,3.9968028886505635e-15,35160,30,0.8,0.9,best
DE,ackley,4,1171,3.9968028886505635e-15,35190,30,0.8,0.9,best
DE,ackley,4,1172,3.9968028886505635e-15,35220,30,0.8,0.9,best
DE,ackley,4,1173,3.9968028886505635e-15,35250,30,0.8,0.9,best
DE,ackley,4,1174,3.9968028886505635e-15,35280,30,0.8,0.9,best
DE,ackley,4,1175,3.9968028886505635e-15,35310,30,0.8,0.9,best
DE,ackley,4,1176,3.9968028886505635e-15,35340,30,0.8,0.9,best
DE,ackley,4,1177,3.9968028886505635e-15,35370,30,0.8,0.9,best
DE,ackley,4,1178,3.9968028886505635e-15,35400,30,0.8,0.9,best
DE,ackley,4,1179,3.9968028886505635e-15,35430,30,0.8,0.9,best
DE,ackley,4,1180,3.9968028886505635e-15,35460,30,0.8,0.9,best
DE,ackley,4,1181,3.9968028886505635e-15,35490,30,0.8,0.9,best
DE,ackley,4,1182,3.9968028886505635e-15,35520,30,0.8,0.9,best
DE,ackley,4,1183,3.9968028886505635e-15,35550,30,0.8,0.9,best
DE,ackley,4,1184,3.9968028886505635e-15,35580,30,0.8,0.9,best
DE,ackley,4,1185,3.9968028886505635e-15,35610,30,0.8,0.9,best
DE,ackley,4,1186,3.9968028886505635e-15,35640,30,0.8,0.9,best
DE,ackley,4,1187,3.9968028886505635e-15,35670,30,0.8,0.9,best
DE,ackley,4,1188,3.9968028886505635e-15,35700,30,0.8,0.9,best
DE,ackley,4,1189,3.9968028886505635e-15,35730,30,0.8,0.9,best
DE,ackley,4,1190,3.9968028886505635e-15,35760,30,0.8,0.9,best
DE,ackley,4,1191,3.9968028886505635e-15,35790,30,0.8,0.9,best
DE,ackley,4,1192,3.9968028886505635e-15,35820,30,0.8,0.9,best
DE,ackley,4,1193,3.9968028886505635e-15,35850,30,0.8,0.9,best
DE,ackley,4,1194,3.9968028886505635e-15,35880,30,0.8,0.9,best
DE,ackley,4,1195,3.9968028886505635e-15,35910,30,0.8,0.9,best
DE,ackley,4,1196,3.9968028886505635e-15,35940,30,0.8,0.9,best
DE,ackley,4,1197,3.9968028886505635e-15,35970,30,0.8,0.9,best
DE,ackley,4,1198,3.9968028886505635e-15,36000,30,0.8,0.9,best
DE,ackley,4,1199,3.9968028886505635e-15,36030,30,0.8,0.9,best
