algoritmo,funcion,ejecucion,generacion,mejor_fitness,evaluaciones,mu,lambda,modo_sigma,recomb,supervivencia,sigma_inicial
EE,ackley,0,0,16.963510805649328,230,30,200,n,discreta_global,"(mu,lambda)",1.0
EE,ackley,0,1,14.582896294470903,430,30,200,n,discreta_global,"(mu,lambda)",1.0
EE,ackley,0,2,12.56956526240257,630,30,200,n,discreta_global,"(mu,lambda)",1.0
EE,ackley,0,3,11.055942700917434,830,30,200,n,discreta_global,"(mu,lambda)",1.0
EE,ackley,0,4,7.976092483456421,1030,30,200,n,discreta_global,"(mu,lambda)",1.0
EE,ackley,0,5,6.021399074724702,1230,30,200,n,discreta_global,"(mu,lambda)",1.0
EE,ackley,0,6,4.25897908800783,1430,30,200,n,discreta_global,"(mu,lambda)",1.0
EE,ackley,0,7,5.399039176909586,1630,30,200,n,discreta_global,"(mu,lambda)",1.0
EE,ackley,0,8,4.362125303813624,1830,30,200,n,discreta_global,"(mu,lambda)",1.0
EE,ackley,0,9,3.7772685666709447,2030,30,200,n,discreta_global,"(mu,lambda)",1.0
EE,ackley,0,10,4.118763594322946,2230,30,200,n,discreta_global,"(mu,lambda)",1.0
EE,ackley,0,11,3.4846522692588633,2430,30,200,n,discreta_global,"(mu,lambda)",1.0
EE,ackley,0,12,3.4989200627635495,2630,30,200,n,discreta_global,"(mu,lambda)",1.0
EE,ackley,0,13,2.3565198978478503,2830,30,200,n,discreta_global,"(mu,lambda)",1.0
EE,ackley,0,14,2.299170979942954,3030,30,200,n,discreta_global,"(mu,lambda)",1.0
EE,ackley,0,15,1.6731197761597412,3230,30,200,n,discreta_global,"(mu,lambda)",1.0
EE,ackley,0,16,1.6002956923781295,3430,30,200,n,discreta_global,"(mu,lambda)",1.0
EE,ackley,0,17,0.9820411342369124,3630,30,200,n,discreta_global,"(mu,lambda)",1.0
EE,ackley,0,18,0.8929238190568509,3830,30,200,n,discreta_global,"(mu,lambda)",1.0
EE,ackley,0,19,0.5440951655259423,4030,30,200,n,discreta_global,"(mu,lambda)",1.0
EE,ackley,0,20,0.4748827152733388,4230,30,200,n,discreta_global,"(mu,lambda)",1.0
EE,ackley,0,21,0.3958528562715533,4430,30,200,n,discreta_global,"(mu,lambda)",1.0
EE,ackley,0,22,0.2634779467403914,4630,30,200,n,discreta_global,"(mu,lambda)",1.0
EE,ackley,0,23,0.29272462118129683,4830,30,200,n,discreta_global,"(mu,lambda)",1.0
EE,ackley,0,24,0.2204134670193878,5030,30,200,n,discreta_global,"(mu,lambda)",1.0
EE,ackley,0,25,0.14063861900941577,5230,30,200,n,discreta_global,"(mu,lambda)",1.0
EE,ackley,0,26,0.1339790851624767,5430,30,200,n,discreta_global,"(mu,lambda)",1.0
EE,ackley,0,27,0.09835694255046379,5630,30,200,n,discreta_global,"(mu,lambda)",1.0
EE,ackley,0,28,0.059624428967737675,5830,30,200,n,discreta_global,"(mu,lambda)",1.0
EE,ackley,0,29,0.047364152086821765,6030,30,200,n,discreta_global,"(mu,lambda)",1.0
EE,ackley,0,30,0.039963367624281876,6230,30,200,n,discreta_global,"(mu,lambda)",1.0
EE,ackley,0,31,0.03481574909640672,6430,30,200,n,discreta_global,"(mu,lambda)",1.0
EE,ackley,0,32,0.027834477985966277,6630,30,200,n,discreta_global,"(mu,lambda)",1.0
EE,ackley,0,33,0.022445447598553603,6830,30,200,n,discreta_global,"(mu,lambda)",1.0
EE,ackley,0,34,0.01807926228983847,7030,30,200,n,discreta_global,"(mu,lambda)",1.0
EE,ackley,0,35,0.010691782738050382,7230,30,200,n,discreta_global,"(mu,lambda)",1.0
EE,ackley,0,36,0.010896429100750726,7430,30,200,n,discreta_global,"(mu,lambda)",1.0
EE,ackley,0,37,0.008996392390660635,7630,30,200,n,discreta_global,"(mu,lambda)",1.0
EE,ackley,0,38,0.004589978671657224,7830,30,200,n,discreta_global,"(mu,lambda)",1.0
EE,ackley,0,39,0.0057078734222568706,8030,30,200,n,discreta_global,"(mu,lambda)",1.0
EE,ackley,0,40,0.005742346584423519,8230,30,200,n,discreta_global,"(mu,lambda)",1.0
EE,ackley,0,41,0.004132162317159516,8430,30,200,n,discreta_global,"(mu,lambda)",1.0
EE,ackley,0,42,0.0026540512321813203,8630,30,200,n,discreta_global,"(mu,lambda)",1.0
EE,ackley,0,43,0.001746740472743813,8830,30,200,n,discreta_global,"(mu,lambda)",1.0
EE,ackley,0,44,0.0016838029532775245,9030,30,200,n,discreta_global,"(mu,lambda)",1.0
EE,ackley,0,45,0.0016138441191135833,9230,30,200,n,discreta_global,"(mu,lambda)",1.0
EE,ackley,0,46,0.0011608504445850265,9430,30,200,n,discreta_global,"(mu,lambda)",1.0
EE,ackley,0,47,0.0009319970361905128,9630,30,200,n,discreta_global,"(mu,lambda)",1.0
EE,ackley,0,48,0.0008223758032497308,9830,30,200,n,discreta_global,"(mu,lambda)",1.0
EE,ackley,0,49,0.000743208747213675,10030,30,200,n,discreta_global,"(mu,lambda)",1.0
EE,ackley,0,50,0.0006590733158700068,10230,30,200,n,discreta_global,"(mu,lambda)",1.0
EE,ackley,0,51,0.00047658839702480194,10430,30,200,n,discreta_global,"(mu,lambda)",1.0
EE,ackley,0,52,0.0003256994958573678,10630,30,200,n,discreta_global,"(mu,lambda)",1.0
EE,ackley,0,53,0.00030955849596780993,10830,30,200,n,discreta_global,"(mu,lambda)",1.0
EE,ackley,0,54,0.0003020365135424363,11030,30,200,n,discreta_global,"(mu,lambda)",1.0
EE,ackley,0,55,0.00024201549463898075,11230,30,200,n,discreta_global,"(mu,lambda)",1.0
EE,ackley,0,56,0.00018467353933049324,11430,30,200,n,discreta_global,"(mu,lambda)",1.0
EE,ackley,0,57,0.0001644780899323628,11630,30,200,n,discreta_global,"(mu,lambda)",1.0
EE,ackley,0,58,9.642671176779416e-05,11830,30,200,n,discreta_global,"(mu,lambda)",1.0
EE,ackley,0,59,7.37527512701952e-05,12030,30,200,n,discreta_global,"(mu,lambda)",1.0
EE,ackley,0,60,6.349849296727328e-05,12230,30,200,n,discreta_global,"(mu,lambda)",1.0
EE,ackley,0,61,5.533183099304395e-05,12430,30,200,n,discreta_global,"(mu,lambda)",1.0
EE,ackley,0,62,4.217355526181521e-05,12630,30,200,n,discreta_global,"(mu,lambda)",1.0
EE,ackley,0,63,3.605802747630449e-05,12830,30,200,n,discreta_global,"(mu,lambda)",1.0
EE,ackley,0,64,2.8267289736039203e-05,13030,30,200,n,discreta_global,"(mu,lambda)",1.0
EE,ackley,0,65,2.2177720449878535e-05,13230,30,200,n,discreta_global,"(mu,lambda)",1.0
EE,ackley,0,66,1.7745586739170705e-05,13430,30,200,n,discreta_global,"(mu,lambda)",1.0
EE,ackley,0,67,1.4792671198637919e-05,13630,30,200,n,discreta_global,"(mu,lambda)",1.0
EE,ackley,0,68,1.24886881747166e-05,13830,30,200,n,discreta_global,"(mu,lambda)",1.0
EE,ackley,0,69,1.0571984248475275e-05,14030,30,200,n,discreta_global,"(mu,lambda)",1.0
EE,ackley,0,70,7.514653316054165e-06,14230,30,200,n,discreta_global,"(mu,lambda)",1.0
EE,ackley,0,71,7.284571453158861e-06,14430,30,200,n,discreta_global,"(mu,lambda)",1.0
EE,ackley,0,72,5.2020697229870905e-06,14630,30,200,n,discreta_global,"(mu,lambda)",1.0
EE,ackley,0,73,3.904623846029409e-06,14830,30,200,n,discreta_global,"(mu,lambda)",1.0
EE,ackley,0,74,4.325089055345899e-06,15030,30,200,n,discreta_global,"(mu,lambda)",1.0
EE,ackley,0,75,2.4953443795716623e-06,15230,30,200,n,discreta_global,"(mu,lambda)",1.0
EE,ackley,0,76,2.7235494148847295e-06,15430,30,200,n,discreta_global,"(mu,lambda)",1.0
EE,ackley,0,77,2.1892663331080087e-06,15630,30,200,n,discreta_global,"(mu,lambda)",1.0
EE,ackley,0,78,1.4267686734292795e-06,15830,30,200,n,discreta_global,"(mu,lambda)",1.0
EE,ackley,0,79,1.2876865551625372e-06,16030,30,200,n,discreta_global,"(mu,lambda)",1.0
EE,ackley,0,80,1.2895733942919207e-06,16230,30,200,n,discreta_global,"(mu,lambda)",1.0
EE,ackley,0,81,9.775574274506482e-07,16430,30,200,n,discreta_global,"(mu,lambda)",1.0
EE,ackley,0,82,8.646871276773993e-07,16630,30,200,n,discreta_global,"(mu,lambda)",1.0
EE,ackley,0,83,7.631463536661443e-07,16830,30,200,n,discreta_global,"(mu,lambda)",1.0
EE,ackley,0,84,5.26975629799864e-07,17030,30,200,n,discreta_global,"(mu,lambda)",1.0
EE,ackley,0,85,5.189170306785229e-07,17230,30,200,n,discreta_global,"(mu,lambda)",1.0
EE,ackley,0,86,3.21928482538425e-07,17430,30,200,n,discreta_global,"(mu,lambda)",1.0
EE,ackley,0,87,3.24870580659109e-07,17630,30,200,n,discreta_global,"(mu,lambda)",1.0
EE,ackley,0,88,1.9765823155992734e-07,17830,30,200,n,discreta_global,"(mu,lambda)",1.0
EE,ackley,0,89,1.9031271891734036e-07,18030,30,200,n,discreta_global,"(mu,lambda)",1.0
EE,ackley,0,90,1.6191049612146458e-07,18230,30,200,n,discreta_global,"(mu,lambda)",1.0
EE,ackley,0,91,1.1890787776636103e-07,18430,30,200,n,discreta_global,"(mu,lambda)",1.0
EE,ackley,0,92,9.841850046043987e-08,18630,30,200,n,discreta_global,"(mu,lambda)",1.0
EE,ackley,0,93,1.0576572906373372e-07,18830,30,200,n,discreta_global,"(mu,lambda)",1.0
EE,ackley,0,94,6.663690799157962e-08,19030,30,200,n,discreta_global,"(mu,lambda)",1.0
EE,ackley,0,95,6.853541778539807e-08,19230,30,200,n,discreta_global,"(mu,lambda)",1.0
EE,ackley,0,96,4.505963291379089e-08,19430,30,200,n,discreta_global,"(mu,lambda)",1.0
EE,ackley,0,97,3.0946914808538395e-08,19630,30,200,n,discreta_global,"(mu,lambda)",1.0
EE,ackley,0,98,2.741494542490841e-08,19830,30,200,n,discreta_global,"(mu,lambda)",1.0
EE,ackley,0,99,1.906512681060235e-08,20030,30,200,n,discreta_global,"(mu,lambda)",1.0
EE,ackley,0,100,1.815445260788806e-08,20230,30,200,n,discreta_global,"(mu,lambda)",1.0
EE,ackley,0,101,1.657591797155078e-08,20430,30,200,n,discreta_global,"(mu,lambda)",1.0
EE,ackley,0,102,9.145122437104192e-09,20630,30,200,n,discreta_global,"(mu,lambda)",1.0
EE,ackley,0,103,1.0444111797625055e-08,20830,30,200,n,discreta_global,"(mu,lambda)",1.0
EE,ackley,0,104,7.988227412880633e-09,21030,30,200,n,discreta_global,"(mu,lambda)",1.0
EE,ackley,0,105,6.679034658674254e-09,21230,30,200,n,discreta_global,"(mu,lambda)",1.0
EE,ackley,0,106,5.49890488699134e-09,21430,30,200,n,discreta_global,"(mu,lambda)",1.0
EE,ackley,0,107,4.076156745469461e-09,21630,30,200,n,discreta_global,"(mu,lambda)",1.0
EE,ackley,0,108,4.173586365396886e-09,21830,30,200,n,discreta_global,"(mu,lambda)",1.0
EE,ackley,0,109,3.4049496555610403e-09,22030,30,200,n,discreta_global,"(mu,lambda)",1.0
EE,ackley,0,110,2.014882927170447e-09,22230,30,200,n,discreta_global,"(mu,lambda)",1.0
EE,ackley,0,111,1.994618248346569e-09,22430,30,200,n,discreta_global,"(mu,lambda)",1.0
EE,ackley,0,112,1.5106427220246132e-09,22630,30,200,n,discreta_global,"(mu,lambda)",1.0
EE,ackley,0,113,1.6220345067097242e-09,22830,30,200,n,discreta_global,"(mu,lambda)",1.0
EE,ackley,0,114,1.1860525894746843e-09,23030,30,200,n,discreta_global,"(mu,lambda)",1.0
EE,ackley,0,115,9.364282682611247e-10,23230,30,200,n,discreta_global,"(mu,lambda)",1.0
EE,ackley,0,116,7.351848019254703e-10,23430,30,200,n,discreta_global,"(mu,lambda)",1.0
EE,ackley,0,117,5.823683757455456e-10,23630,30,200,n,discreta_global,"(mu,lambda)",1.0
EE,ackley,0,118,5.098432787065121e-10,23830,30,200,n,discreta_global,"(mu,lambda)",1.0
EE,ackley,0,119,3.6457636909403845e-10,24030,30,200,n,discreta_global,"(mu,lambda)",1.0
EE,ackley,0,120,3.351066091283883e-10,24230,30,200,n,discreta_global,"(mu,lambda)",1.0
EE,ackley,0,121,2.491096218193434e-10,24430,30,200,n,discreta_global,"(mu,lambda)",1.0
EE,ackley,0,122,2.158917489225587e-10,24630,30,200,n,discreta_global,"(mu,lambda)",1.0
EE,ackley,0,123,2.1754731349687972e-10,24830,30,200,n,discreta_global,"(mu,lambda)",1.0
EE,ackley,0,124,1.5597878544326704e-10,25030,30,200,n,discreta_global,"(mu,lambda)",1.0
EE,ackley,0,125,1.2534018267729152e-10,25230,30,200,n,discreta_global,"(mu,lambda)",1.0
EE,ackley,0,126,1.0064171718227044e-10,25430,30,200,n,discreta_global,"(mu,lambda)",1.0
EE,ackley,0,127,9.723821747797956e-11,25630,30,200,n,discreta_global,"(mu,lambda)",1.0
EE,ackley,0,128,8.921618999124803e-11,25830,30,200,n,discreta_global,"(mu,lambda)",1.0
EE,ackley,0,129,5.218625531711041e-11,26030,30,200,n,discreta_global,"(mu,lambda)",1.0
EE,ackley,0,130,5.4438675789469926e-11,26230,30,200,n,discreta_global,"(mu,lambda)",1.0
EE,ackley,0,131,2.249267438969582e-11,26430,30,200,n,discreta_global,"(mu,lambda)",1.0
EE,ackley,0,132,3.502309553482519e-11,26630,30,200,n,discreta_global,"(mu,lambda)",1.0
EE,ackley,0,133,2.4837465417704152e-11,26830,30,200,n,discreta_global,"(mu,lambda)",1.0
EE,ackley,0,134,2.390310172017962e-11,27030,30,200,n,discreta_global,"(mu,lambda)",1.0
EE,ackley,0,135,1.8606005625088073e-11,27230,30,200,n,discreta_global,"(mu,lambda)",1.0
EE,ackley,0,136,1.7753354342175953e-11,27430,30,200,n,discreta_global,"(mu,lambda)",1.0
EE,ackley,0,137,9.454215188497983e-12,27630,30,200,n,discreta_global,"(mu,lambda)",1.0
EE,ackley,0,138,1.0331735467161707e-11,27830,30,200,n,discreta_global,"(mu,lambda)",1.0
EE,ackley,0,139,1.1372680575050254e-11,28030,30,200,n,discreta_global,"(mu,lambda)",1.0
EE,ackley,0,140,9.987122240318058e-12,28230,30,200,n,discreta_global,"(mu,lambda)",1.0
EE,ackley,0,141,6.672440377997191e-12,28430,30,200,n,discreta_global,"(mu,lambda)",1.0
EE,ackley,0,142,5.610178988035841e-12,28630,30,200,n,discreta_global,"(mu,lambda)",1.0
EE,ackley,0,143,5.567546423890235e-12,28830,30,200,n,discreta_global,"(mu,lambda)",1.0
EE,ackley,0,144,5.468070440883821e-12,29030,30,200,n,discreta_global,"(mu,lambda)",1.0
EE,ackley,0,145,4.785949414554125e-12,29230,30,200,n,discreta_global,"(mu,lambda)",1.0
EE,ackley,0,146,4.732658709372117e-12,29430,30,200,n,discreta_global,"(mu,lambda)",1.0
EE,ackley,0,147,4.931610675384945e-12,29630,30,200,n,discreta_global,"(mu,lambda)",1.0
EE,ackley,0,148,4.935163389063746e-12,29830,30,200,n,discreta_global,"(mu,lambda)",1.0
EE,ackley,0,149,4.739764136729718e-12,30030,30,200,n,discreta_global,"(mu,lambda)",1.0
EE,ackley,0,150,3.908429135890401e-12,30230,30,200,n,discreta_global,"(mu,lambda)",1.0
EE,ackley,0,151,4.427125332995274e-12,30430,30,200,n,discreta_global,"(mu,lambda)",1.0
EE,ackley,0,152,4.32409663631006e-12,30630,30,200,n,discreta_global,"(mu,lambda)",1.0
EE,ackley,0,153,2.7609026176378393e-12,30830,30,200,n,discreta_global,"(mu,lambda)",1.0
EE,ackley,0,154,3.084199562408685e-12,31030,30,200,n,discreta_global,"(mu,lambda)",1.0
EE,ackley,0,155,3.1730174043786974e-12,31230,30,200,n,discreta_global,"(mu,lambda)",1.0
EE,ackley,0,156,3.5851321911195555e-12,31430,30,200,n,discreta_global,"(mu,lambda)",1.0
EE,ackley,0,157,4.235278794340047e-12,31630,30,200,n,discreta_global,"(mu,lambda)",1.0
EE,ackley,0,158,3.7272407382715755e-12,31830,30,200,n,discreta_global,"(mu,lambda)",1.0
EE,ackley,0,159,3.411049220858331e-12,32030,30,200,n,discreta_global,"(mu,lambda)",1.0
EE,ackley,0,160,3.6206593279075605e-12,32230,30,200,n,discreta_global,"(mu,lambda)",1.0
EE,ackley,0,161,4.224620653303646e-12,32430,30,200,n,discreta_global,"(mu,lambda)",1.0
EE,ackley,0,162,3.4998670628283435e-12,32630,30,200,n,discreta_global,"(mu,lambda)",1.0
EE,ackley,0,163,3.034461570905478e-12,32830,30,200,n,discreta_global,"(mu,lambda)",1.0
EE,ackley,0,164,2.4020785360789887e-12,33030,30,200,n,discreta_global,"(mu,lambda)",1.0
EE,ackley,0,165,2.384314967684986e-12,33230,30,200,n,discreta_global,"(mu,lambda)",1.0
EE,ackley,0,166,3.6206593279075605e-12,33430,30,200,n,discreta_global,"(mu,lambda)",1.0
EE,ackley,0,167,3.524736058579947e-12,33630,30,200,n,discreta_global,"(mu,lambda)",1.0
EE,ackley,0,168,2.8461677459290513e-12,33830,30,200,n,discreta_global,"(mu,lambda)",1.0
EE,ackley,0,169,3.730793451950376e-12,34030,30,200,n,discreta_global,"(mu,lambda)",1.0
EE,ackley,0,170,3.6988190288411715e-12,34230,30,200,n,discreta_global,"(mu,lambda)",1.0
EE,ackley,0,171,3.47499806707674e-12,34430,30,200,n,discreta_global,"(mu,lambda)",1.0
EE,ackley,0,172,3.3790747977491264e-12,34630,30,200,n,discreta_global,"(mu,lambda)",1.0
EE,ackley,0,173,3.7911895844899846e-12,34830,30,200,n,discreta_global,"(mu,lambda)",1.0
EE,ackley,0,174,4.277911358485653e-12,35030,30,200,n,discreta_global,"(mu,lambda)",1.0
EE,ackley,0,175,3.915534563248002e-12,35230,30,200,n,discreta_global,"(mu,lambda)",1.0
EE,ackley,0,176,2.8035351817834453e-12,35430,30,200,n,discreta_global,"(mu,lambda)",1.0
EE,ackley,0,177,3.624212041586361e-12,35630,30,200,n,discreta_global,"(mu,lambda)",1.0
EE,ackley,0,178,3.489208921791942e-12,35830,30,200,n,discreta_global,"(mu,lambda)",1.0
EE,ackley,0,179,2.885247596395857e-12,36030,30,200,n,discreta_global,"(mu,lambda)",1.0
EE,ackley,0,180,2.956301869971867e-12,36230,30,200,n,discreta_global,"(mu,lambda)",1.0
EE,ackley,0,181,2.0254908861261356e-12,36430,30,200,n,discreta_global,"(mu,lambda)",1.0
EE,ackley,0,182,4.206857084909643e-12,36630,30,200,n,discreta_global,"(mu,lambda)",1.0
EE,ackley,0,183,4.483968751856082e-12,36830,30,200,n,discreta_global,"(mu,lambda)",1.0
EE,ackley,0,184,2.6685320619890263e-12,37030,30,200,n,discreta_global,"(mu,lambda)",1.0
EE,ackley,0,185,4.011457832575616e-12,37230,30,200,n,discreta_global,"(mu,lambda)",1.0
EE,ackley,0,186,2.9172220195050613e-12,37430,30,200,n,discreta_global,"(mu,lambda)",1.0
EE,ackley,0,187,3.5211833449011465e-12,37630,30,200,n,discreta_global,"(mu,lambda)",1.0
EE,ackley,0,188,3.006039861475074e-12,37830,30,200,n,discreta_global,"(mu,lambda)",1.0
EE,ackley,0,189,4.150013666048835e-12,38030,30,200,n,discreta_global,"(mu,lambda)",1.0
EE,ackley,0,190,2.7431390492438368e-12,38230,30,200,n,discreta_global,"(mu,lambda)",1.0
EE,ackley,0,191,3.1730174043786974e-12,38430,30,200,n,discreta_global,"(mu,lambda)",1.0
EE,ackley,0,192,3.531841485937548e-12,38630,30,200,n,discreta_global,"(mu,lambda)",1.0
EE,ackley,0,193,3.75921516138078e-12,38830,30,200,n,discreta_global,"(mu,lambda)",1.0
EE,ackley,0,194,3.5922376184771565e-12,39030,30,200,n,discreta_global,"(mu,lambda)",1.0
EE,ackley,0,195,3.4643399260403385e-12,39230,30,200,n,discreta_global,"(mu,lambda)",1.0
EE,ackley,0,196,3.958167127393608e-12,39430,30,200,n,discreta_global,"(mu,lambda)",1.0
EE,ackley,0,197,2.9101165921474603e-12,39630,30,200,n,discreta_global,"(mu,lambda)",1.0
EE,ackley,0,198,4.096722960866828e-12,39830,30,200,n,discreta_global,"(mu,lambda)",1.0
EE,ackley,0,199,3.6632918920531665e-12,40030,30,200,n,discreta_global,"(mu,lambda)",1.0
EE,ackley,0,200,3.4501290713251365e-12,40230,30,200,n,discreta_global,"(mu,lambda)",1.0
EE,ackley,0,201,4.427125332995274e-12,40430,30,200,n,discreta_global,"(mu,lambda)",1.0
EE,ackley,0,202,3.3790747977491264e-12,40630,30,200,n,discreta_global,"(mu,lambda)",1.0
EE,ackley,0,203,3.425260075573533e-12,40830,30,200,n,discreta_global,"(mu,lambda)",1.0
EE,ackley,0,204,2.8532731732866523e-12,41030,30,200,n,discreta_global,"(mu,lambda)",1.0
EE,ackley,0,205,3.389732938785528e-12,41230,30,200,n,discreta_global,"(mu,lambda)",1.0
EE,ackley,0,206,3.4572344986827375e-12,41430,30,200,n,discreta_global,"(mu,lambda)",1.0
EE,ackley,0,207,1.8194334927557065e-12,41630,30,200,n,discreta_global,"(mu,lambda)",1.0
EE,ackley,0,208,3.460787212361538e-12,41830,30,200,n,discreta_global,"(mu,lambda)",1.0
EE,ackley,0,209,3.006039861475074e-12,42030,30,200,n,discreta_global,"(mu,lambda)",1.0
EE,ackley,0,210,3.006039861475074e-12,42230,30,200,n,discreta_global,"(mu,lambda)",1.0
EE,ackley,0,211,3.510525203864745e-12,42430,30,200,n,discreta_global,"(mu,lambda)",1.0
EE,ackley,0,212,3.6988190288411715e-12,42630,30,200,n,discreta_global,"(mu,lambda)",1.0
EE,ackley,0,213,3.8906655674963986e-12,42830,30,200,n,discreta_global,"(mu,lambda)",1.0
EE,ackley,0,214,3.5567104816891515e-12,43030,30,200,n,discreta_global,"(mu,lambda)",1.0
EE,ackley,0,215,3.880007426459997e-12,43230,30,200,n,discreta_global,"(mu,lambda)",1.0
EE,ackley,0,216,4.221067939624845e-12,43430,30,200,n,discreta_global,"(mu,lambda)",1.0
EE,ackley,0,217,3.581579477440755e-12,43630,30,200,n,discreta_global,"(mu,lambda)",1.0
EE,ackley,0,218,4.334754777346461e-12,43830,30,200,n,discreta_global,"(mu,lambda)",1.0
EE,ackley,0,219,3.1730174043786974e-12,44030,30,200,n,discreta_global,"(mu,lambda)",1.0
EE,ackley,0,220,3.9332981316420046e-12,44230,30,200,n,discreta_global,"(mu,lambda)",1.0
EE,ackley,0,221,3.638422896301563e-12,44430,30,200,n,discreta_global,"(mu,lambda)",1.0
EE,ackley,0,222,4.018563259933217e-12,44630,30,200,n,discreta_global,"(mu,lambda)",1.0
EE,ackley,0,223,3.9119818495692016e-12,44830,30,200,n,discreta_global,"(mu,lambda)",1.0
EE,ackley,0,224,3.538946913295149e-12,45030,30,200,n,discreta_global,"(mu,lambda)",1.0
EE,ackley,0,225,2.934985587899064e-12,45230,30,200,n,discreta_global,"(mu,lambda)",1.0
EE,ackley,0,226,2.821298750177448e-12,45430,30,200,n,discreta_global,"(mu,lambda)",1.0
EE,ackley,0,227,3.9013237085328e-12,45630,30,200,n,discreta_global,"(mu,lambda)",1.0
EE,ackley,0,228,4.071853965115224e-12,45830,30,200,n,discreta_global,"(mu,lambda)",1.0
EE,ackley,0,229,3.5069724901859445e-12,46030,30,200,n,discreta_global,"(mu,lambda)",1.0
EE,ackley,0,230,3.567368622725553e-12,46230,30,200,n,discreta_global,"(mu,lambda)",1.0
EE,ackley,0,231,3.276046101063912e-12,46430,30,200,n,discreta_global,"(mu,lambda)",1.0
EE,ackley,0,232,2.8603786006442533e-12,46630,30,200,n,discreta_global,"(mu,lambda)",1.0
EE,ackley,0,233,3.3506530883187224e-12,46830,30,200,n,discreta_global,"(mu,lambda)",1.0
EE,ackley,0,234,3.354205801997523e-12,47030,30,200,n,discreta_global,"(mu,lambda)",1.0
EE,ackley,0,235,2.6507684935950238e-12,47230,30,200,n,discreta_global,"(mu,lambda)",1.0
EE,ackley,0,236,3.872901999102396e-12,47430,30,200,n,discreta_global,"(mu,lambda)",1.0
EE,ackley,0,237,3.3506530883187224e-12,47630,30,200,n,discreta_global,"(mu,lambda)",1.0
EE,ackley,0,238,4.011457832575616e-12,47830,30,200,n,discreta_global,"(mu,lambda)",1.0
EE,ackley,0,239,3.538946913295149e-12,48030,30,200,n,discreta_global,"(mu,lambda)",1.0
EE,ackley,0,240,3.1019631308026874e-12,48230,30,200,n,discreta_global,"(mu,lambda)",1.0
EE,ackley,0,241,2.913669305826261e-12,48430,30,200,n,discreta_global,"(mu,lambda)",1.0
EE,ackley,0,242,3.9404035589996056e-12,48630,30,200,n,discreta_global,"(mu,lambda)",1.0
EE,ackley,0,243,3.865796571744795e-12,48830,30,200,n,discreta_global,"(mu,lambda)",1.0
EE,ackley,0,244,3.4998670628283435e-12,49030,30,200,n,discreta_global,"(mu,lambda)",1.0
EE,ackley,0,245,3.695266315162371e-12,49230,30,200,n,discreta_global,"(mu,lambda)",1.0
EE,ackley,0,246,3.141042981269493e-12,49430,30,200,n,discreta_global,"(mu,lambda)",1.0
EE,ackley,0,247,3.3932856524643285e-12,49630,30,200,n,discreta_global,"(mu,lambda)",1.0
EE,ackley,0,248,2.5264235148370062e-12,49830,30,200,n,discreta_global,"(mu,lambda)",1.0
EE,ackley,0,249,2.2386537068541656e-12,50030,30,200,n,discreta_global,"(mu,lambda)",1.0
EE,ackley,0,250,3.098410417123887e-12,50230,30,200,n,discreta_global,"(mu,lambda)",1.0
EE,ackley,0,251,2.9456437289354653e-12,50430,30,200,n,discreta_global,"(mu,lambda)",1.0
EE,ackley,0,252,3.1943336864515004e-12,50630,30,200,n,discreta_global,"(mu,lambda)",1.0
EE,ackley,0,253,4.04343225568482e-12,50830,30,200,n,discreta_global,"(mu,lambda)",1.0
EE,ackley,0,254,3.6775027467683685e-12,51030,30,200,n,discreta_global,"(mu,lambda)",1.0
EE,ackley,0,255,3.4146019345371315e-12,51230,30,200,n,discreta_global,"(mu,lambda)",1.0
EE,ackley,0,256,3.432365502931134e-12,51430,30,200,n,discreta_global,"(mu,lambda)",1.0
EE,ackley,0,257,2.970512724687069e-12,51630,30,200,n,discreta_global,"(mu,lambda)",1.0
EE,ackley,0,258,3.091304989766286e-12,51830,30,200,n,discreta_global,"(mu,lambda)",1.0
EE,ackley,0,259,3.851585717029593e-12,52030,30,200,n,discreta_global,"(mu,lambda)",1.0
EE,ackley,0,260,3.176570118057498e-12,52230,30,200,n,discreta_global,"(mu,lambda)",1.0
EE,ackley,0,261,2.8035351817834453e-12,52430,30,200,n,discreta_global,"(mu,lambda)",1.0
EE,ackley,0,262,3.240518964275907e-12,52630,30,200,n,discreta_global,"(mu,lambda)",1.0
EE,ackley,0,263,2.0041746040533326e-12,52830,30,200,n,discreta_global,"(mu,lambda)",1.0
EE,ackley,0,264,2.9101165921474603e-12,53030,30,200,n,discreta_global,"(mu,lambda)",1.0
EE,ackley,0,265,3.212097254845503e-12,53230,30,200,n,discreta_global,"(mu,lambda)",1.0
EE,ackley,0,266,4.022115973612017e-12,53430,30,200,n,discreta_global,"(mu,lambda)",1.0
EE,ackley,0,267,3.6632918920531665e-12,53630,30,200,n,discreta_global,"(mu,lambda)",1.0
EE,ackley,0,268,3.3577585156763234e-12,53830,30,200,n,discreta_global,"(mu,lambda)",1.0
EE,ackley,0,269,3.489208921791942e-12,54030,30,200,n,discreta_global,"(mu,lambda)",1.0
EE,ackley,0,270,3.5851321911195555e-12,54230,30,200,n,discreta_global,"(mu,lambda)",1.0
EE,ackley,0,271,3.013145288832675e-12,54430,30,200,n,discreta_global,"(mu,lambda)",1.0
EE,ackley,0,272,3.1303848402330914e-12,54630,30,200,n,discreta_global,"(mu,lambda)",1.0
EE,ackley,0,273,3.986588836824012e-12,54830,30,200,n,discreta_global,"(mu,lambda)",1.0
EE,ackley,0,274,4.029221400969618e-12,55030,30,200,n,discreta_global,"(mu,lambda)",1.0
EE,ackley,0,275,4.04343225568482e-12,55230,30,200,n,discreta_global,"(mu,lambda)",1.0
EE,ackley,0,276,4.480416038177282e-12,55430,30,200,n,discreta_global,"(mu,lambda)",1.0
EE,ackley,0,277,3.5567104816891515e-12,55630,30,200,n,discreta_global,"(mu,lambda)",1.0
EE,ackley,0,278,3.1943336864515004e-12,55830,30,200,n,discreta_global,"(mu,lambda)",1.0
EE,ackley,0,279,3.6917136014835705e-12,56030,30,200,n,discreta_global,"(mu,lambda)",1.0
EE,ackley,0,280,4.25659507641285e-12,56230,30,200,n,discreta_global,"(mu,lambda)",1.0
EE,ackley,0,281,3.5424996269739495e-12,56430,30,200,n,discreta_global,"(mu,lambda)",1.0
EE,ackley,0,282,3.0735414213722834e-12,56630,30,200,n,discreta_global,"(mu,lambda)",1.0
EE,ackley,0,283,3.8196112939203886e-12,56830,30,200,n,discreta_global,"(mu,lambda)",1.0
EE,ackley,0,284,3.155253835984695e-12,57030,30,200,n,discreta_global,"(mu,lambda)",1.0
EE,ackley,0,285,3.155253835984695e-12,57230,30,200,n,discreta_global,"(mu,lambda)",1.0
EE,ackley,0,286,3.638422896301563e-12,57430,30,200,n,discreta_global,"(mu,lambda)",1.0
EE,ackley,0,287,2.5903723610554152e-12,57630,30,200,n,discreta_global,"(mu,lambda)",1.0
EE,ackley,0,288,3.3719693703915254e-12,57830,30,200,n,discreta_global,"(mu,lambda)",1.0
EE,ackley,0,289,3.68816088780477e-12,58030,30,200,n,discreta_global,"(mu,lambda)",1.0
EE,ackley,0,290,2.7324809082074353e-12,58230,30,200,n,discreta_global,"(mu,lambda)",1.0
EE,ackley,0,291,2.9811708657234703e-12,58430,30,200,n,discreta_global,"(mu,lambda)",1.0
EE,ackley,0,292,2.991829006759872e-12,58630,30,200,n,discreta_global,"(mu,lambda)",1.0
EE,ackley,0,293,3.9190872769268026e-12,58830,30,200,n,discreta_global,"(mu,lambda)",1.0
EE,ackley,0,294,2.5370816558734077e-12,59030,30,200,n,discreta_global,"(mu,lambda)",1.0
EE,ackley,0,295,3.6064484731923585e-12,59230,30,200,n,discreta_global,"(mu,lambda)",1.0
EE,ackley,0,296,3.325784092567119e-12,59430,30,200,n,discreta_global,"(mu,lambda)",1.0
EE,ackley,0,297,3.8267167212779896e-12,59630,30,200,n,discreta_global,"(mu,lambda)",1.0
EE,ackley,0,298,3.4217073618947325e-12,59830,30,200,n,discreta_global,"(mu,lambda)",1.0
EE,ackley,0,299,4.238831508018848e-12,60030,30,200,n,discreta_global,"(mu,lambda)",1.0
EE,ackley,0,300,3.908429135890401e-12,60230,30,200,n,discreta_global,"(mu,lambda)",1.0
EE,ackley,0,301,3.069988707693483e-12,60430,30,200,n,discreta_global,"(mu,lambda)",1.0
EE,ackley,0,302,4.356071059419264e-12,60630,30,200,n,discreta_global,"(mu,lambda)",1.0
EE,ackley,0,303,3.844480289671992e-12,60830,30,200,n,discreta_global,"(mu,lambda)",1.0
EE,ackley,0,304,4.501732320250085e-12,61030,30,200,n,discreta_global,"(mu,lambda)",1.0
EE,ackley,0,305,4.245936935376449e-12,61230,30,200,n,discreta_global,"(mu,lambda)",1.0
EE,ackley,0,306,4.022115973612017e-12,61430,30,200,n,discreta_global,"(mu,lambda)",1.0
EE,ackley,0,307,4.249489649055249e-12,61630,30,200,n,discreta_global,"(mu,lambda)",1.0
EE,ackley,0,308,4.046984969363621e-12,61830,30,200,n,discreta_global,"(mu,lambda)",1.0
EE,ackley,0,309,3.887112853817598e-12,62030,30,200,n,discreta_global,"(mu,lambda)",1.0
EE,ackley,0,310,2.8959057374322583e-12,62230,30,200,n,discreta_global,"(mu,lambda)",1.0
EE,ackley,0,311,2.7395863355650363e-12,62430,30,200,n,discreta_global,"(mu,lambda)",1.0
EE,ackley,0,312,2.8532731732866523e-12,62630,30,200,n,discreta_global,"(mu,lambda)",1.0
EE,ackley,0,313,4.093170247188027e-12,62830,30,200,n,discreta_global,"(mu,lambda)",1.0
EE,ackley,0,314,3.155253835984695e-12,63030,30,200,n,discreta_global,"(mu,lambda)",1.0
EE,ackley,0,315,3.446576357646336e-12,63230,30,200,n,discreta_global,"(mu,lambda)",1.0
EE,ackley,0,316,3.2440716779547074e-12,63430,30,200,n,discreta_global,"(mu,lambda)",1.0
EE,ackley,0,317,3.141042981269493e-12,63630,30,200,n,discreta_global,"(mu,lambda)",1.0
EE,ackley,0,318,3.510525203864745e-12,63830,30,200,n,discreta_global,"(mu,lambda)",1.0
EE,ackley,0,319,3.0948577034450864e-12,64030,30,200,n,discreta_global,"(mu,lambda)",1.0
EE,ackley,0,320,4.064748537757623e-12,64230,30,200,n,discreta_global,"(mu,lambda)",1.0
EE,ackley,0,321,3.6988190288411715e-12,64430,30,200,n,discreta_global,"(mu,lambda)",1.0
EE,ackley,0,322,2.6862956303830288e-12,64630,30,200,n,discreta_global,"(mu,lambda)",1.0
EE,ackley,0,323,2.6614266346314253e-12,64830,30,200,n,discreta_global,"(mu,lambda)",1.0
EE,ackley,0,324,3.4003910798219295e-12,65030,30,200,n,discreta_global,"(mu,lambda)",1.0
EE,ackley,0,325,3.204991827487902e-12,65230,30,200,n,discreta_global,"(mu,lambda)",1.0
EE,ackley,0,326,3.5993430458347575e-12,65430,30,200,n,discreta_global,"(mu,lambda)",1.0
EE,ackley,0,327,3.2014391138091014e-12,65630,30,200,n,discreta_global,"(mu,lambda)",1.0
EE,ackley,0,328,3.212097254845503e-12,65830,30,200,n,discreta_global,"(mu,lambda)",1.0
EE,ackley,0,329,3.3009150968155154e-12,66030,30,200,n,discreta_global,"(mu,lambda)",1.0
EE,ackley,0,330,3.787636870811184e-12,66230,30,200,n,discreta_global,"(mu,lambda)",1.0
EE,ackley,0,331,3.6988190288411715e-12,66430,30,200,n,discreta_global,"(mu,lambda)",1.0
EE,ackley,0,332,4.000799691539214e-12,66630,30,200,n,discreta_global,"(mu,lambda)",1.0
EE,ackley,0,333,3.0166980025114754e-12,66830,30,200,n,discreta_global,"(mu,lambda)",1.0
EE,ackley,0,334,4.107381101903229e-12,67030,30,200,n,discreta_global,"(mu,lambda)",1.0
EE,ackley,0,335,3.808953152883987e-12,67230,30,200,n,discreta_global,"(mu,lambda)",1.0
EE,ackley,0,336,3.041566998263079e-12,67430,30,200,n,discreta_global,"(mu,lambda)",1.0
EE,ackley,0,337,3.4714453533979395e-12,67630,30,200,n,discreta_global,"(mu,lambda)",1.0
EE,ackley,0,338,3.0593305666570814e-12,67830,30,200,n,discreta_global,"(mu,lambda)",1.0
EE,ackley,0,339,3.5851321911195555e-12,68030,30,200,n,discreta_global,"(mu,lambda)",1.0
EE,ackley,0,340,3.8409275759931916e-12,68230,30,200,n,discreta_global,"(mu,lambda)",1.0
EE,ackley,0,341,2.5583979379462107e-12,68430,30,200,n,discreta_global,"(mu,lambda)",1.0
EE,ackley,0,342,3.823164007599189e-12,68630,30,200,n,discreta_global,"(mu,lambda)",1.0
EE,ackley,0,343,3.5638159090467525e-12,68830,30,200,n,discreta_global,"(mu,lambda)",1.0
EE,ackley,0,344,3.40394379350073e-12,69030,30,200,n,discreta_global,"(mu,lambda)",1.0
EE,ackley,0,345,3.8196112939203886e-12,69230,30,200,n,discreta_global,"(mu,lambda)",1.0
EE,ackley,0,346,2.991829006759872e-12,69430,30,200,n,discreta_global,"(mu,lambda)",1.0
EE,ackley,0,347,3.5567104816891515e-12,69630,30,200,n,discreta_global,"(mu,lambda)",1.0
EE,ackley,0,348,2.8248514638562483e-12,69830,30,200,n,discreta_global,"(mu,lambda)",1.0
EE,ackley,0,349,2.7289281945286348e-12,70030,30,200,n,discreta_global,"(mu,lambda)",1.0
EE,ackley,0,350,3.247624391633508e-12,70230,30,200,n,discreta_global,"(mu,lambda)",1.0
EE,ackley,0,351,3.531841485937548e-12,70430,30,200,n,discreta_global,"(mu,lambda)",1.0
EE,ackley,0,352,2.991829006759872e-12,70630,30,200,n,discreta_global,"(mu,lambda)",1.0
EE,ackley,0,353,2.6401103525586223e-12,70830,30,200,n,discreta_global,"(mu,lambda)",1.0
EE,ackley,0,354,3.460787212361538e-12,71030,30,200,n,discreta_global,"(mu,lambda)",1.0
EE,ackley,0,355,2.5193180874794052e-12,71230,30,200,n,discreta_global,"(mu,lambda)",1.0
EE,ackley,0,356,2.8390623185714503e-12,71430,30,200,n,discreta_global,"(mu,lambda)",1.0
EE,ackley,0,357,2.828404177535049e-12,71630,30,200,n,discreta_global,"(mu,lambda)",1.0
EE,ackley,0,358,3.467892639719139e-12,71830,30,200,n,discreta_global,"(mu,lambda)",1.0
EE,ackley,0,359,3.6064484731923585e-12,72030,30,200,n,discreta_global,"(mu,lambda)",1.0
EE,ackley,0,360,3.4146019345371315e-12,72230,30,200,n,discreta_global,"(mu,lambda)",1.0
EE,ackley,0,361,2.6685320619890263e-12,72430,30,200,n,discreta_global,"(mu,lambda)",1.0
EE,ackley,0,362,2.942091015256665e-12,72630,30,200,n,discreta_global,"(mu,lambda)",1.0
EE,ackley,0,363,3.240518964275907e-12,72830,30,200,n,discreta_global,"(mu,lambda)",1.0
EE,ackley,0,364,3.47499806707674e-12,73030,30,200,n,discreta_global,"(mu,lambda)",1.0
EE,ackley,0,365,3.8764547127811966e-12,73230,30,200,n,discreta_global,"(mu,lambda)",1.0
EE,ackley,0,366,3.766320588738381e-12,73430,30,200,n,discreta_global,"(mu,lambda)",1.0
EE,ackley,0,367,4.25659507641285e-12,73630,30,200,n,discreta_global,"(mu,lambda)",1.0
EE,ackley,0,368,3.851585717029593e-12,73830,30,200,n,discreta_global,"(mu,lambda)",1.0
EE,ackley,0,369,4.594102875898898e-12,74030,30,200,n,discreta_global,"(mu,lambda)",1.0
EE,ackley,0,370,3.6561864646955655e-12,74230,30,200,n,discreta_global,"(mu,lambda)",1.0
EE,ackley,0,371,4.171329948121638e-12,74430,30,200,n,discreta_global,"(mu,lambda)",1.0
EE,ackley,0,372,3.3151259515307174e-12,74630,30,200,n,discreta_global,"(mu,lambda)",1.0
EE,ackley,0,373,3.7556624477019795e-12,74830,30,200,n,discreta_global,"(mu,lambda)",1.0
EE,ackley,0,374,4.341860204704062e-12,75030,30,200,n,discreta_global,"(mu,lambda)",1.0
EE,ackley,0,375,4.576339307504895e-12,75230,30,200,n,discreta_global,"(mu,lambda)",1.0
EE,ackley,0,376,4.224620653303646e-12,75430,30,200,n,discreta_global,"(mu,lambda)",1.0
EE,ackley,0,377,3.297362383136715e-12,75630,30,200,n,discreta_global,"(mu,lambda)",1.0
EE,ackley,0,378,3.3435476609611214e-12,75830,30,200,n,discreta_global,"(mu,lambda)",1.0
EE,ackley,0,379,2.5051072327642032e-12,76030,30,200,n,discreta_global,"(mu,lambda)",1.0
EE,ackley,0,380,3.1943336864515004e-12,76230,30,200,n,discreta_global,"(mu,lambda)",1.0
EE,ackley,0,381,2.6614266346314253e-12,76430,30,200,n,discreta_global,"(mu,lambda)",1.0
EE,ackley,0,382,3.808953152883987e-12,76630,30,200,n,discreta_global,"(mu,lambda)",1.0
EE,ackley,0,383,3.844480289671992e-12,76830,30,200,n,discreta_global,"(mu,lambda)",1.0
EE,ackley,0,384,3.8054004392051866e-12,77030,30,200,n,discreta_global,"(mu,lambda)",1.0
EE,ackley,0,385,3.673950033089568e-12,77230,30,200,n,discreta_global,"(mu,lambda)",1.0
EE,ackley,0,386,3.929745417963204e-12,77430,30,200,n,discreta_global,"(mu,lambda)",1.0
EE,ackley,0,387,2.90656387846866e-12,77630,30,200,n,discreta_global,"(mu,lambda)",1.0
EE,ackley,0,388,3.375522084070326e-12,77830,30,200,n,discreta_global,"(mu,lambda)",1.0
EE,ackley,0,389,3.3577585156763234e-12,78030,30,200,n,discreta_global,"(mu,lambda)",1.0
EE,ackley,0,390,3.1588065496634954e-12,78230,30,200,n,discreta_global,"(mu,lambda)",1.0
EE,ackley,0,391,3.098410417123887e-12,78430,30,200,n,discreta_global,"(mu,lambda)",1.0
EE,ackley,0,392,3.7272407382715755e-12,78630,30,200,n,discreta_global,"(mu,lambda)",1.0
EE,ackley,0,393,4.345412918382863e-12,78830,30,200,n,discreta_global,"(mu,lambda)",1.0
EE,ackley,0,394,4.125144670297232e-12,79030,30,200,n,discreta_global,"(mu,lambda)",1.0
EE,ackley,0,395,3.4998670628283435e-12,79230,30,200,n,discreta_global,"(mu,lambda)",1.0
EE,ackley,0,396,2.6223467841646197e-12,79430,30,200,n,discreta_global,"(mu,lambda)",1.0
EE,ackley,0,397,3.1943336864515004e-12,79630,30,200,n,discreta_global,"(mu,lambda)",1.0
EE,ackley,0,398,3.553157768010351e-12,79830,30,200,n,discreta_global,"(mu,lambda)",1.0
EE,ackley,0,399,4.089617533509227e-12,80030,30,200,n,discreta_global,"(mu,lambda)",1.0
EE,ackley,0,400,4.103828388224429e-12,80230,30,200,n,discreta_global,"(mu,lambda)",1.0
EE,ackley,0,401,3.7272407382715755e-12,80430,30,200,n,discreta_global,"(mu,lambda)",1.0
EE,ackley,0,402,3.97237798210881e-12,80630,30,200,n,discreta_global,"(mu,lambda)",1.0
EE,ackley,0,403,3.47499806707674e-12,80830,30,200,n,discreta_global,"(mu,lambda)",1.0
EE,ackley,0,404,3.396838366143129e-12,81030,30,200,n,discreta_global,"(mu,lambda)",1.0
EE,ackley,0,405,3.1588065496634954e-12,81230,30,200,n,discreta_global,"(mu,lambda)",1.0
EE,ackley,0,406,4.018563259933217e-12,81430,30,200,n,discreta_global,"(mu,lambda)",1.0
EE,ackley,0,407,2.9811708657234703e-12,81630,30,200,n,discreta_global,"(mu,lambda)",1.0
EE,ackley,0,408,2.355893258254582e-12,81830,30,200,n,discreta_global,"(mu,lambda)",1.0
EE,ackley,0,409,2.7999824681046448e-12,82030,30,200,n,discreta_global,"(mu,lambda)",1.0
EE,ackley,0,410,3.816058580241588e-12,82230,30,200,n,discreta_global,"(mu,lambda)",1.0
EE,ackley,0,411,3.816058580241588e-12,82430,30,200,n,discreta_global,"(mu,lambda)",1.0
EE,ackley,0,412,3.339994947282321e-12,82630,30,200,n,discreta_global,"(mu,lambda)",1.0
EE,ackley,0,413,3.880007426459997e-12,82830,30,200,n,discreta_global,"(mu,lambda)",1.0
EE,ackley,0,414,3.560263195367952e-12,83030,30,200,n,discreta_global,"(mu,lambda)",1.0
EE,ackley,0,415,2.164046719599355e-12,83230,30,200,n,discreta_global,"(mu,lambda)",1.0
EE,ackley,0,416,3.6277647552651615e-12,83430,30,200,n,discreta_global,"(mu,lambda)",1.0
EE,ackley,0,417,3.837374862314391e-12,83630,30,200,n,discreta_global,"(mu,lambda)",1.0
EE,ackley,0,418,2.362998685612183e-12,83830,30,200,n,discreta_global,"(mu,lambda)",1.0
EE,ackley,0,419,4.082512106151626e-12,84030,30,200,n,discreta_global,"(mu,lambda)",1.0
EE,ackley,0,420,3.4572344986827375e-12,84230,30,200,n,discreta_global,"(mu,lambda)",1.0
EE,ackley,0,421,3.990141550502813e-12,84430,30,200,n,discreta_global,"(mu,lambda)",1.0
EE,ackley,0,422,3.652633751016765e-12,84630,30,200,n,discreta_global,"(mu,lambda)",1.0
EE,ackley,0,423,4.267253217449252e-12,84830,30,200,n,discreta_global,"(mu,lambda)",1.0
EE,ackley,0,424,3.382627511427927e-12,85030,30,200,n,discreta_global,"(mu,lambda)",1.0
EE,ackley,0,425,3.0522251392994804e-12,85230,30,200,n,discreta_global,"(mu,lambda)",1.0
EE,ackley,0,426,3.5424996269739495e-12,85430,30,200,n,discreta_global,"(mu,lambda)",1.0
EE,ackley,0,427,3.581579477440755e-12,85630,30,200,n,discreta_global,"(mu,lambda)",1.0
EE,ackley,0,428,3.7343461656291765e-12,85830,30,200,n,discreta_global,"(mu,lambda)",1.0
EE,ackley,0,429,3.7627678750595805e-12,86030,30,200,n,discreta_global,"(mu,lambda)",1.0
EE,ackley,0,430,2.5903723610554152e-12,86230,30,200,n,discreta_global,"(mu,lambda)",1.0
EE,ackley,0,431,4.345412918382863e-12,86430,30,200,n,discreta_global,"(mu,lambda)",1.0
EE,ackley,0,432,3.631317468943962e-12,86630,30,200,n,discreta_global,"(mu,lambda)",1.0
EE,ackley,0,433,3.396838366143129e-12,86830,30,200,n,discreta_global,"(mu,lambda)",1.0
EE,ackley,0,434,3.61710661422876e-12,87030,30,200,n,discreta_global,"(mu,lambda)",1.0
EE,ackley,0,435,2.391420395042587e-12,87230,30,200,n,discreta_global,"(mu,lambda)",1.0
EE,ackley,0,436,3.8622438580659946e-12,87430,30,200,n,discreta_global,"(mu,lambda)",1.0
EE,ackley,0,437,4.082512106151626e-12,87630,30,200,n,discreta_global,"(mu,lambda)",1.0
EE,ackley,0,438,4.650946294759706e-12,87830,30,200,n,discreta_global,"(mu,lambda)",1.0
EE,ackley,0,439,3.595790332155957e-12,88030,30,200,n,discreta_global,"(mu,lambda)",1.0
EE,ackley,0,440,4.345412918382863e-12,88230,30,200,n,discreta_global,"(mu,lambda)",1.0
EE,ackley,0,441,4.32409663631006e-12,88430,30,200,n,discreta_global,"(mu,lambda)",1.0
EE,ackley,0,442,2.9243274468626623e-12,88630,30,200,n,discreta_global,"(mu,lambda)",1.0
EE,ackley,0,443,3.084199562408685e-12,88830,30,200,n,discreta_global,"(mu,lambda)",1.0
EE,ackley,0,444,4.32409663631006e-12,89030,30,200,n,discreta_global,"(mu,lambda)",1.0
EE,ackley,0,445,3.745004306665578e-12,89230,30,200,n,discreta_global,"(mu,lambda)",1.0
EE,ackley,0,446,3.460787212361538e-12,89430,30,200,n,discreta_global,"(mu,lambda)",1.0
EE,ackley,0,447,2.8674840280018543e-12,89630,30,200,n,discreta_global,"(mu,lambda)",1.0
EE,ackley,0,448,2.8106406091410463e-12,89830,30,200,n,discreta_global,"(mu,lambda)",1.0
EE,ackley,0,449,3.176570118057498e-12,90030,30,200,n,discreta_global,"(mu,lambda)",1.0
EE,ackley,0,450,2.9101165921474603e-12,90230,30,200,n,discreta_global,"(mu,lambda)",1.0
EE,ackley,0,451,3.7414515929867775e-12,90430,30,200,n,discreta_global,"(mu,lambda)",1.0
EE,ackley,0,452,3.432365502931134e-12,90630,30,200,n,discreta_global,"(mu,lambda)",1.0
EE,ackley,0,453,3.098410417123887e-12,90830,30,200,n,discreta_global,"(mu,lambda)",1.0
EE,ackley,0,454,3.8054004392051866e-12,91030,30,200,n,discreta_global,"(mu,lambda)",1.0
EE,ackley,0,455,3.9404035589996056e-12,91230,30,200,n,discreta_global,"(mu,lambda)",1.0
EE,ackley,0,456,3.6917136014835705e-12,91430,30,200,n,discreta_global,"(mu,lambda)",1.0
EE,ackley,0,457,3.396838366143129e-12,91630,30,200,n,discreta_global,"(mu,lambda)",1.0
EE,ackley,0,458,3.954614413714808e-12,91830,30,200,n,discreta_global,"(mu,lambda)",1.0
EE,ackley,0,459,3.766320588738381e-12,92030,30,200,n,discreta_global,"(mu,lambda)",1.0
EE,ackley,0,460,2.7182700534922333e-12,92230,30,200,n,discreta_global,"(mu,lambda)",1.0
EE,ackley,0,461,3.0735414213722834e-12,92430,30,200,n,discreta_global,"(mu,lambda)",1.0
EE,ackley,0,462,4.331202063667661e-12,92630,30,200,n,discreta_global,"(mu,lambda)",1.0
EE,ackley,0,463,3.6988190288411715e-12,92830,30,200,n,discreta_global,"(mu,lambda)",1.0
EE,ackley,0,464,3.7272407382715755e-12,93030,30,200,n,discreta_global,"(mu,lambda)",1.0
EE,ackley,0,465,4.242384221697648e-12,93230,30,200,n,discreta_global,"(mu,lambda)",1.0
EE,ackley,0,466,3.6135539005499595e-12,93430,30,200,n,discreta_global,"(mu,lambda)",1.0
EE,ackley,0,467,3.638422896301563e-12,93630,30,200,n,discreta_global,"(mu,lambda)",1.0
EE,ackley,0,468,2.6862956303830288e-12,93830,30,200,n,discreta_global,"(mu,lambda)",1.0
EE,ackley,0,469,2.9953817204386723e-12,94030,30,200,n,discreta_global,"(mu,lambda)",1.0
EE,ackley,0,470,4.18198808915804e-12,94230,30,200,n,discreta_global,"(mu,lambda)",1.0
EE,ackley,0,471,2.8390623185714503e-12,94430,30,200,n,discreta_global,"(mu,lambda)",1.0
EE,ackley,0,472,3.020250716190276e-12,94630,30,200,n,discreta_global,"(mu,lambda)",1.0
EE,ackley,0,473,3.8693492854235956e-12,94830,30,200,n,discreta_global,"(mu,lambda)",1.0
EE,ackley,0,474,2.7395863355650363e-12,95030,30,200,n,discreta_global,"(mu,lambda)",1.0
EE,ackley,0,475,2.6934010577406298e-12,95230,30,200,n,discreta_global,"(mu,lambda)",1.0
EE,ackley,0,476,3.339994947282321e-12,95430,30,200,n,discreta_global,"(mu,lambda)",1.0
EE,ackley,0,477,2.942091015256665e-12,95630,30,200,n,discreta_global,"(mu,lambda)",1.0
EE,ackley,0,478,4.125144670297232e-12,95830,30,200,n,discreta_global,"(mu,lambda)",1.0
EE,ackley,0,479,3.226308109560705e-12,96030,30,200,n,discreta_global,"(mu,lambda)",1.0
EE,ackley,0,480,3.1303848402330914e-12,96230,30,200,n,discreta_global,"(mu,lambda)",1.0
EE,ackley,0,481,4.057643110400022e-12,96430,30,200,n,discreta_global,"(mu,lambda)",1.0
EE,ackley,0,482,3.8125058665627876e-12,96630,30,200,n,discreta_global,"(mu,lambda)",1.0
EE,ackley,0,483,3.5353941996163485e-12,96830,30,200,n,discreta_global,"(mu,lambda)",1.0
EE,ackley,0,484,3.5496050543315505e-12,97030,30,200,n,discreta_global,"(mu,lambda)",1.0
EE,ackley,0,485,3.496314349149543e-12,97230,30,200,n,discreta_global,"(mu,lambda)",1.0
EE,ackley,0,486,3.524736058579947e-12,97430,30,200,n,discreta_global,"(mu,lambda)",1.0
EE,ackley,0,487,3.6206593279075605e-12,97630,30,200,n,discreta_global,"(mu,lambda)",1.0
EE,ackley,0,488,3.069988707693483e-12,97830,30,200,n,discreta_global,"(mu,lambda)",1.0
EE,ackley,0,489,3.745004306665578e-12,98030,30,200,n,discreta_global,"(mu,lambda)",1.0
EE,ackley,0,490,4.338307491025262e-12,98230,30,200,n,discreta_global,"(mu,lambda)",1.0
EE,ackley,0,491,3.780531443453583e-12,98430,30,200,n,discreta_global,"(mu,lambda)",1.0
EE,ackley,0,492,2.9030111647898593e-12,98630,30,200,n,discreta_global,"(mu,lambda)",1.0
EE,ackley,0,493,2.2599699889269687e-12,98830,30,200,n,discreta_global,"(mu,lambda)",1.0
EE,ackley,0,494,3.75921516138078e-12,99030,30,200,n,discreta_global,"(mu,lambda)",1.0
EE,ackley,0,495,3.880007426459997e-12,99230,30,200,n,discreta_global,"(mu,lambda)",1.0
EE,ackley,0,496,2.6330049252010213e-12,99430,30,200,n,discreta_global,"(mu,lambda)",1.0
EE,ackley,0,497,2.4376056728669937e-12,99630,30,200,n,discreta_global,"(mu,lambda)",1.0
EE,ackley,0,498,2.849720459607852e-12,99830,30,200,n,discreta_global,"(mu,lambda)",1.0
EE,ackley,0,499,3.2085445411667024e-12,100030,30,200,n,discreta_global,"(mu,lambda)",1.0
EE,ackley,0,500,2.4553692412609962e-12,100230,30,200,n,discreta_global,"(mu,lambda)",1.0
EE,ackley,0,501,3.297362383136715e-12,100430,30,200,n,discreta_global,"(mu,lambda)",1.0
EE,ackley,0,502,2.8532731732866523e-12,100630,30,200,n,discreta_global,"(mu,lambda)",1.0
EE,ackley,0,503,3.4643399260403385e-12,100830,30,200,n,discreta_global,"(mu,lambda)",1.0
EE,ackley,0,504,2.871036741680655e-12,101030,30,200,n,discreta_global,"(mu,lambda)",1.0
EE,ackley,0,505,3.8409275759931916e-12,101230,30,200,n,discreta_global,"(mu,lambda)",1.0
EE,ackley,0,506,3.737898879307977e-12,101430,30,200,n,discreta_global,"(mu,lambda)",1.0
EE,ackley,0,507,4.377387341492067e-12,101630,30,200,n,discreta_global,"(mu,lambda)",1.0
EE,ackley,0,508,3.652633751016765e-12,101830,30,200,n,discreta_global,"(mu,lambda)",1.0
EE,ackley,0,509,3.602895759513558e-12,102030,30,200,n,discreta_global,"(mu,lambda)",1.0
EE,ackley,0,510,4.39870362356487e-12,102230,30,200,n,discreta_global,"(mu,lambda)",1.0
EE,ackley,0,511,4.171329948121638e-12,102430,30,200,n,discreta_global,"(mu,lambda)",1.0
EE,ackley,0,512,2.3381296898605797e-12,102630,30,200,n,discreta_global,"(mu,lambda)",1.0
EE,ackley,0,513,3.993694264181613e-12,102830,30,200,n,discreta_global,"(mu,lambda)",1.0
EE,ackley,0,514,4.363176486776865e-12,103030,30,200,n,discreta_global,"(mu,lambda)",1.0
EE,ackley,0,515,3.411049220858331e-12,103230,30,200,n,discreta_global,"(mu,lambda)",1.0
EE,ackley,0,516,3.990141550502813e-12,103430,30,200,n,discreta_global,"(mu,lambda)",1.0
EE,ackley,0,517,3.666844605731967e-12,103630,30,200,n,discreta_global,"(mu,lambda)",1.0
EE,ackley,0,518,3.4998670628283435e-12,103830,30,200,n,discreta_global,"(mu,lambda)",1.0
EE,ackley,0,519,3.2938096694579144e-12,104030,30,200,n,discreta_global,"(mu,lambda)",1.0
EE,ackley,0,520,3.169464690699897e-12,104230,30,200,n,discreta_global,"(mu,lambda)",1.0
EE,ackley,0,521,3.8196112939203886e-12,104430,30,200,n,discreta_global,"(mu,lambda)",1.0
EE,ackley,0,522,2.970512724687069e-12,104630,30,200,n,discreta_global,"(mu,lambda)",1.0
EE,ackley,0,523,3.5353941996163485e-12,104830,30,200,n,discreta_global,"(mu,lambda)",1.0
EE,ackley,0,524,3.290256955779114e-12,105030,30,200,n,discreta_global,"(mu,lambda)",1.0
EE,ackley,0,525,2.5406343695522082e-12,105230,30,200,n,discreta_global,"(mu,lambda)",1.0
EE,ackley,0,526,3.745004306665578e-12,105430,30,200,n,discreta_global,"(mu,lambda)",1.0
EE,ackley,0,527,3.5638159090467525e-12,105630,30,200,n,discreta_global,"(mu,lambda)",1.0
EE,ackley,0,528,3.723688024592775e-12,105830,30,200,n,discreta_global,"(mu,lambda)",1.0
EE,ackley,0,529,2.899458451111059e-12,106030,30,200,n,discreta_global,"(mu,lambda)",1.0
EE,ackley,0,530,3.553157768010351e-12,106230,30,200,n,discreta_global,"(mu,lambda)",1.0
EE,ackley,0,531,3.389732938785528e-12,106430,30,200,n,discreta_global,"(mu,lambda)",1.0
EE,ackley,0,532,4.299227640558456e-12,106630,30,200,n,discreta_global,"(mu,lambda)",1.0
EE,ackley,0,533,3.986588836824012e-12,106830,30,200,n,discreta_global,"(mu,lambda)",1.0
EE,ackley,0,534,2.4589219549397967e-12,107030,30,200,n,discreta_global,"(mu,lambda)",1.0
EE,ackley,0,535,3.482103494434341e-12,107230,30,200,n,discreta_global,"(mu,lambda)",1.0
EE,ackley,0,536,2.956301869971867e-12,107430,30,200,n,discreta_global,"(mu,lambda)",1.0
EE,ackley,0,537,3.6917136014835705e-12,107630,30,200,n,discreta_global,"(mu,lambda)",1.0
EE,ackley,0,538,4.238831508018848e-12,107830,30,200,n,discreta_global,"(mu,lambda)",1.0
EE,ackley,0,539,2.3949731087213877e-12,108030,30,200,n,discreta_global,"(mu,lambda)",1.0
EE,ackley,0,540,4.32764934998886e-12,108230,30,200,n,discreta_global,"(mu,lambda)",1.0
EE,ackley,0,541,3.83026943495679e-12,108430,30,200,n,discreta_global,"(mu,lambda)",1.0
EE,ackley,0,542,3.219202682203104e-12,108630,30,200,n,discreta_global,"(mu,lambda)",1.0
EE,ackley,0,543,3.155253835984695e-12,108830,30,200,n,discreta_global,"(mu,lambda)",1.0
EE,ackley,0,544,3.915534563248002e-12,109030,30,200,n,discreta_global,"(mu,lambda)",1.0
EE,ackley,0,545,3.794742298168785e-12,109230,30,200,n,discreta_global,"(mu,lambda)",1.0
EE,ackley,0,546,3.40394379350073e-12,109430,30,200,n,discreta_global,"(mu,lambda)",1.0
EE,ackley,0,547,3.489208921791942e-12,109630,30,200,n,discreta_global,"(mu,lambda)",1.0
EE,ackley,0,548,3.574474050083154e-12,109830,30,200,n,discreta_global,"(mu,lambda)",1.0
EE,ackley,0,549,3.446576357646336e-12,110030,30,200,n,discreta_global,"(mu,lambda)",1.0
EE,ackley,0,550,4.107381101903229e-12,110230,30,200,n,discreta_global,"(mu,lambda)",1.0
EE,ackley,0,551,2.6720847756678268e-12,110430,30,200,n,discreta_global,"(mu,lambda)",1.0
EE,ackley,0,552,3.4856562081131415e-12,110630,30,200,n,discreta_global,"(mu,lambda)",1.0
EE,ackley,0,553,2.9172220195050613e-12,110830,30,200,n,discreta_global,"(mu,lambda)",1.0
EE,ackley,0,554,4.302780354237257e-12,111030,30,200,n,discreta_global,"(mu,lambda)",1.0
EE,ackley,0,555,3.169464690699897e-12,111230,30,200,n,discreta_global,"(mu,lambda)",1.0
EE,ackley,0,556,3.787636870811184e-12,111430,30,200,n,discreta_global,"(mu,lambda)",1.0
EE,ackley,0,557,4.046984969363621e-12,111630,30,200,n,discreta_global,"(mu,lambda)",1.0
EE,ackley,0,558,4.075406678794025e-12,111830,30,200,n,discreta_global,"(mu,lambda)",1.0
EE,ackley,0,559,3.204991827487902e-12,112030,30,200,n,discreta_global,"(mu,lambda)",1.0
EE,ackley,0,560,3.4501290713251365e-12,112230,30,200,n,discreta_global,"(mu,lambda)",1.0
EE,ackley,0,561,3.176570118057498e-12,112430,30,200,n,discreta_global,"(mu,lambda)",1.0
EE,ackley,0,562,2.6685320619890263e-12,112630,30,200,n,discreta_global,"(mu,lambda)",1.0
EE,ackley,0,563,3.1232794128754904e-12,112830,30,200,n,discreta_global,"(mu,lambda)",1.0
EE,ackley,0,564,2.970512724687069e-12,113030,30,200,n,discreta_global,"(mu,lambda)",1.0
EE,ackley,0,565,3.858691144387194e-12,113230,30,200,n,discreta_global,"(mu,lambda)",1.0
EE,ackley,0,566,3.176570118057498e-12,113430,30,200,n,discreta_global,"(mu,lambda)",1.0
EE,ackley,0,567,3.936850845320805e-12,113630,30,200,n,discreta_global,"(mu,lambda)",1.0
EE,ackley,0,568,2.849720459607852e-12,113830,30,200,n,discreta_global,"(mu,lambda)",1.0
EE,ackley,0,569,4.213962512267244e-12,114030,30,200,n,discreta_global,"(mu,lambda)",1.0
EE,ackley,0,570,3.4501290713251365e-12,114230,30,200,n,discreta_global,"(mu,lambda)",1.0
EE,ackley,0,571,3.425260075573533e-12,114430,30,200,n,discreta_global,"(mu,lambda)",1.0
EE,ackley,0,572,2.863931314323054e-12,114630,30,200,n,discreta_global,"(mu,lambda)",1.0
EE,ackley,0,573,3.368416656712725e-12,114830,30,200,n,discreta_global,"(mu,lambda)",1.0
EE,ackley,0,574,3.673950033089568e-12,115030,30,200,n,discreta_global,"(mu,lambda)",1.0
EE,ackley,0,575,2.9314328742202633e-12,115230,30,200,n,discreta_global,"(mu,lambda)",1.0
EE,ackley,0,576,3.6703973194107675e-12,115430,30,200,n,discreta_global,"(mu,lambda)",1.0
EE,ackley,0,577,3.75921516138078e-12,115630,30,200,n,discreta_global,"(mu,lambda)",1.0
EE,ackley,0,578,3.33288951992472e-12,115830,30,200,n,discreta_global,"(mu,lambda)",1.0
EE,ackley,0,579,3.5780267637619545e-12,116030,30,200,n,discreta_global,"(mu,lambda)",1.0
EE,ackley,0,580,3.951061700036007e-12,116230,30,200,n,discreta_global,"(mu,lambda)",1.0
EE,ackley,0,581,3.5780267637619545e-12,116430,30,200,n,discreta_global,"(mu,lambda)",1.0
EE,ackley,0,582,2.83550960489265e-12,116630,30,200,n,discreta_global,"(mu,lambda)",1.0
EE,ackley,0,583,3.439470930288735e-12,116830,30,200,n,discreta_global,"(mu,lambda)",1.0
EE,ackley,0,584,3.8906655674963986e-12,117030,30,200,n,discreta_global,"(mu,lambda)",1.0
EE,ackley,0,585,3.936850845320805e-12,117230,30,200,n,discreta_global,"(mu,lambda)",1.0
EE,ackley,0,586,3.5851321911195555e-12,117430,30,200,n,discreta_global,"(mu,lambda)",1.0
EE,ackley,0,587,3.922639990605603e-12,117630,30,200,n,discreta_global,"(mu,lambda)",1.0
EE,ackley,0,588,4.142908238691234e-12,117830,30,200,n,discreta_global,"(mu,lambda)",1.0
EE,ackley,0,589,2.5797142200190137e-12,118030,30,200,n,discreta_global,"(mu,lambda)",1.0
EE,ackley,0,590,3.8409275759931916e-12,118230,30,200,n,discreta_global,"(mu,lambda)",1.0
EE,ackley,0,591,3.439470930288735e-12,118430,30,200,n,discreta_global,"(mu,lambda)",1.0
EE,ackley,0,592,3.510525203864745e-12,118630,30,200,n,discreta_global,"(mu,lambda)",1.0
EE,ackley,0,593,3.0948577034450864e-12,118830,30,200,n,discreta_global,"(mu,lambda)",1.0
EE,ackley,0,594,4.089617533509227e-12,119030,30,200,n,discreta_global,"(mu,lambda)",1.0
EE,ackley,0,595,3.389732938785528e-12,119230,30,200,n,discreta_global,"(mu,lambda)",1.0
EE,ackley,0,596,3.823164007599189e-12,119430,30,200,n,discreta_global,"(mu,lambda)",1.0
EE,ackley,0,597,4.384492768849668e-12,119630,30,200,n,discreta_global,"(mu,lambda)",1.0
EE,ackley,0,598,4.11448652926083e-12,119830,30,200,n,discreta_global,"(mu,lambda)",1.0
EE,ackley,0,599,2.6862956303830288e-12,120030,30,200,n,discreta_global,"(mu,lambda)",1.0
EE,ackley,0,600,2.4091839634365897e-12,120230,30,200,n,discreta_global,"(mu,lambda)",1.0
EE,ackley,0,601,2.6365576388798218e-12,120430,30,200,n,discreta_global,"(mu,lambda)",1.0
EE,ackley,0,602,3.1801228317362984e-12,120630,30,200,n,discreta_global,"(mu,lambda)",1.0
EE,ackley,0,603,2.8035351817834453e-12,120830,30,200,n,discreta_global,"(mu,lambda)",1.0
EE,ackley,0,604,3.673950033089568e-12,121030,30,200,n,discreta_global,"(mu,lambda)",1.0
EE,ackley,0,605,3.645528323659164e-12,121230,30,200,n,discreta_global,"(mu,lambda)",1.0
EE,ackley,0,606,3.773426016095982e-12,121430,30,200,n,discreta_global,"(mu,lambda)",1.0
EE,ackley,0,607,2.963407297329468e-12,121630,30,200,n,discreta_global,"(mu,lambda)",1.0
EE,ackley,0,608,4.263700503770451e-12,121830,30,200,n,discreta_global,"(mu,lambda)",1.0
EE,ackley,0,609,3.524736058579947e-12,122030,30,200,n,discreta_global,"(mu,lambda)",1.0
EE,ackley,0,610,3.0238034298690764e-12,122230,30,200,n,discreta_global,"(mu,lambda)",1.0
EE,ackley,0,611,3.2156499685243034e-12,122430,30,200,n,discreta_global,"(mu,lambda)",1.0
EE,ackley,0,612,2.4944490917278017e-12,122630,30,200,n,discreta_global,"(mu,lambda)",1.0
EE,ackley,0,613,4.213962512267244e-12,122830,30,200,n,discreta_global,"(mu,lambda)",1.0
EE,ackley,0,614,3.723688024592775e-12,123030,30,200,n,discreta_global,"(mu,lambda)",1.0
EE,ackley,0,615,3.894218281175199e-12,123230,30,200,n,discreta_global,"(mu,lambda)",1.0
EE,ackley,0,616,4.213962512267244e-12,123430,30,200,n,discreta_global,"(mu,lambda)",1.0
EE,ackley,0,617,2.5157653738006047e-12,123630,30,200,n,discreta_global,"(mu,lambda)",1.0
EE,ackley,0,618,3.396838366143129e-12,123830,30,200,n,discreta_global,"(mu,lambda)",1.0
EE,ackley,0,619,4.221067939624845e-12,124030,30,200,n,discreta_global,"(mu,lambda)",1.0
EE,ackley,0,620,3.929745417963204e-12,124230,30,200,n,discreta_global,"(mu,lambda)",1.0
EE,ackley,0,621,3.3435476609611214e-12,124430,30,200,n,discreta_global,"(mu,lambda)",1.0
EE,ackley,0,622,4.118039242939631e-12,124630,30,200,n,discreta_global,"(mu,lambda)",1.0
EE,ackley,0,623,3.2795988147427124e-12,124830,30,200,n,discreta_global,"(mu,lambda)",1.0
EE,ackley,0,624,3.1659119770210964e-12,125030,30,200,n,discreta_global,"(mu,lambda)",1.0
EE,ackley,0,625,3.61710661422876e-12,125230,30,200,n,discreta_global,"(mu,lambda)",1.0
EE,ackley,0,626,3.780531443453583e-12,125430,30,200,n,discreta_global,"(mu,lambda)",1.0
EE,ackley,0,627,3.943956272678406e-12,125630,30,200,n,discreta_global,"(mu,lambda)",1.0
EE,ackley,0,628,3.027356143547877e-12,125830,30,200,n,discreta_global,"(mu,lambda)",1.0
EE,ackley,0,629,3.3719693703915254e-12,126030,30,200,n,discreta_global,"(mu,lambda)",1.0
EE,ackley,0,630,3.219202682203104e-12,126230,30,200,n,discreta_global,"(mu,lambda)",1.0
EE,ackley,0,631,3.418154648215932e-12,126430,30,200,n,discreta_global,"(mu,lambda)",1.0
EE,ackley,0,632,3.723688024592775e-12,126630,30,200,n,discreta_global,"(mu,lambda)",1.0
EE,ackley,0,633,3.631317468943962e-12,126830,30,200,n,discreta_global,"(mu,lambda)",1.0
EE,ackley,0,634,3.997246977860414e-12,127030,30,200,n,discreta_global,"(mu,lambda)",1.0
EE,ackley,0,635,3.460787212361538e-12,127230,30,200,n,discreta_global,"(mu,lambda)",1.0
EE,ackley,0,636,3.11972669919669e-12,127430,30,200,n,discreta_global,"(mu,lambda)",1.0
EE,ackley,0,637,4.476863324498481e-12,127630,30,200,n,discreta_global,"(mu,lambda)",1.0
EE,ackley,0,638,2.963407297329468e-12,127830,30,200,n,discreta_global,"(mu,lambda)",1.0
EE,ackley,0,639,4.224620653303646e-12,128030,30,200,n,discreta_global,"(mu,lambda)",1.0
EE,ackley,0,640,3.4217073618947325e-12,128230,30,200,n,discreta_global,"(mu,lambda)",1.0
EE,ackley,0,641,3.034461570905478e-12,128430,30,200,n,discreta_global,"(mu,lambda)",1.0
EE,ackley,0,642,3.162359263342296e-12,128630,30,200,n,discreta_global,"(mu,lambda)",1.0
EE,ackley,0,643,3.2938096694579144e-12,128830,30,200,n,discreta_global,"(mu,lambda)",1.0
EE,ackley,0,644,3.524736058579947e-12,129030,30,200,n,discreta_global,"(mu,lambda)",1.0
EE,ackley,0,645,3.041566998263079e-12,129230,30,200,n,discreta_global,"(mu,lambda)",1.0
EE,ackley,0,646,2.7537971902802383e-12,129430,30,200,n,discreta_global,"(mu,lambda)",1.0
EE,ackley,0,647,3.5851321911195555e-12,129630,30,200,n,discreta_global,"(mu,lambda)",1.0
EE,ackley,0,648,3.6988190288411715e-12,129830,30,200,n,discreta_global,"(mu,lambda)",1.0
EE,ackley,0,649,3.97237798210881e-12,130030,30,200,n,discreta_global,"(mu,lambda)",1.0
EE,ackley,0,650,3.4501290713251365e-12,130230,30,200,n,discreta_global,"(mu,lambda)",1.0
EE,ackley,0,651,3.531841485937548e-12,130430,30,200,n,discreta_global,"(mu,lambda)",1.0
EE,ackley,0,652,2.4802382370125997e-12,130630,30,200,n,discreta_global,"(mu,lambda)",1.0
EE,ackley,0,653,3.2014391138091014e-12,130830,30,200,n,discreta_global,"(mu,lambda)",1.0
EE,ackley,0,654,3.3364422336035204e-12,131030,30,200,n,discreta_global,"(mu,lambda)",1.0
EE,ackley,0,655,4.050537683042421e-12,131230,30,200,n,discreta_global,"(mu,lambda)",1.0
EE,ackley,0,656,3.418154648215932e-12,131430,30,200,n,discreta_global,"(mu,lambda)",1.0
EE,ackley,0,657,2.4944490917278017e-12,131630,30,200,n,discreta_global,"(mu,lambda)",1.0
EE,ackley,0,658,4.078959392472825e-12,131830,30,200,n,discreta_global,"(mu,lambda)",1.0
EE,ackley,0,659,3.6348701826227625e-12,132030,30,200,n,discreta_global,"(mu,lambda)",1.0
EE,ackley,0,660,3.254729818991109e-12,132230,30,200,n,discreta_global,"(mu,lambda)",1.0
EE,ackley,0,661,3.6561864646955655e-12,132430,30,200,n,discreta_global,"(mu,lambda)",1.0
EE,ackley,0,662,3.425260075573533e-12,132630,30,200,n,discreta_global,"(mu,lambda)",1.0
EE,ackley,0,663,3.510525203864745e-12,132830,30,200,n,discreta_global,"(mu,lambda)",1.0
EE,ackley,0,664,3.2653879600275104e-12,133030,30,200,n,discreta_global,"(mu,lambda)",1.0
EE,ackley,0,665,4.331202063667661e-12,133230,30,200,n,discreta_global,"(mu,lambda)",1.0
EE,ackley,0,666,3.1801228317362984e-12,133430,30,200,n,discreta_global,"(mu,lambda)",1.0
EE,ackley,0,667,3.2582825326699094e-12,133630,30,200,n,discreta_global,"(mu,lambda)",1.0
EE,ackley,0,668,2.970512724687069e-12,133830,30,200,n,discreta_global,"(mu,lambda)",1.0
EE,ackley,0,669,4.412914478280072e-12,134030,30,200,n,discreta_global,"(mu,lambda)",1.0
EE,ackley,0,670,3.723688024592775e-12,134230,30,200,n,discreta_global,"(mu,lambda)",1.0
EE,ackley,0,671,3.68816088780477e-12,134430,30,200,n,discreta_global,"(mu,lambda)",1.0
EE,ackley,0,672,3.219202682203104e-12,134630,30,200,n,discreta_global,"(mu,lambda)",1.0
EE,ackley,0,673,4.590550162220097e-12,134830,30,200,n,discreta_global,"(mu,lambda)",1.0
EE,ackley,0,674,3.311573237851917e-12,135030,30,200,n,discreta_global,"(mu,lambda)",1.0
EE,ackley,0,675,4.093170247188027e-12,135230,30,200,n,discreta_global,"(mu,lambda)",1.0
EE,ackley,0,676,4.089617533509227e-12,135430,30,200,n,discreta_global,"(mu,lambda)",1.0
EE,ackley,0,677,2.9527491562930663e-12,135630,30,200,n,discreta_global,"(mu,lambda)",1.0
EE,ackley,0,678,3.425260075573533e-12,135830,30,200,n,discreta_global,"(mu,lambda)",1.0
EE,ackley,0,679,3.794742298168785e-12,136030,30,200,n,discreta_global,"(mu,lambda)",1.0
EE,ackley,0,680,4.366729200455666e-12,136230,30,200,n,discreta_global,"(mu,lambda)",1.0
EE,ackley,0,681,3.311573237851917e-12,136430,30,200,n,discreta_global,"(mu,lambda)",1.0
EE,ackley,0,682,3.204991827487902e-12,136630,30,200,n,discreta_global,"(mu,lambda)",1.0
EE,ackley,0,683,3.9475089863572066e-12,136830,30,200,n,discreta_global,"(mu,lambda)",1.0
EE,ackley,0,684,3.7911895844899846e-12,137030,30,200,n,discreta_global,"(mu,lambda)",1.0
EE,ackley,0,685,3.745004306665578e-12,137230,30,200,n,discreta_global,"(mu,lambda)",1.0
EE,ackley,0,686,2.849720459607852e-12,137430,30,200,n,discreta_global,"(mu,lambda)",1.0
EE,ackley,0,687,3.3506530883187224e-12,137630,30,200,n,discreta_global,"(mu,lambda)",1.0
EE,ackley,0,688,3.3293368062459194e-12,137830,30,200,n,discreta_global,"(mu,lambda)",1.0
EE,ackley,0,689,2.90656387846866e-12,138030,30,200,n,discreta_global,"(mu,lambda)",1.0
EE,ackley,0,690,4.018563259933217e-12,138230,30,200,n,discreta_global,"(mu,lambda)",1.0
EE,ackley,0,691,4.874767256524137e-12,138430,30,200,n,discreta_global,"(mu,lambda)",1.0
EE,ackley,0,692,3.993694264181613e-12,138630,30,200,n,discreta_global,"(mu,lambda)",1.0
EE,ackley,0,693,3.844480289671992e-12,138830,30,200,n,discreta_global,"(mu,lambda)",1.0
EE,ackley,0,694,3.439470930288735e-12,139030,30,200,n,discreta_global,"(mu,lambda)",1.0
EE,ackley,0,695,3.2724933873851114e-12,139230,30,200,n,discreta_global,"(mu,lambda)",1.0
EE,ackley,0,696,3.673950033089568e-12,139430,30,200,n,discreta_global,"(mu,lambda)",1.0
EE,ackley,0,697,4.054090396721222e-12,139630,30,200,n,discreta_global,"(mu,lambda)",1.0
EE,ackley,0,698,3.894218281175199e-12,139830,30,200,n,discreta_global,"(mu,lambda)",1.0
EE,ackley,0,699,4.025668687290818e-12,140030,30,200,n,discreta_global,"(mu,lambda)",1.0
EE,ackley,0,700,4.334754777346461e-12,140230,30,200,n,discreta_global,"(mu,lambda)",1.0
EE,ackley,0,701,3.4785507807555405e-12,140430,30,200,n,discreta_global,"(mu,lambda)",1.0
EE,ackley,0,702,4.480416038177282e-12,140630,30,200,n,discreta_global,"(mu,lambda)",1.0
EE,ackley,0,703,4.071853965115224e-12,140830,30,200,n,discreta_global,"(mu,lambda)",1.0
EE,ackley,0,704,4.412914478280072e-12,141030,30,200,n,discreta_global,"(mu,lambda)",1.0
EE,ackley,0,705,4.32409663631006e-12,141230,30,200,n,discreta_global,"(mu,lambda)",1.0
EE,ackley,0,706,2.9101165921474603e-12,141430,30,200,n,discreta_global,"(mu,lambda)",1.0
EE,ackley,0,707,4.046984969363621e-12,141630,30,200,n,discreta_global,"(mu,lambda)",1.0
EE,ackley,0,708,3.1730174043786974e-12,141830,30,200,n,discreta_global,"(mu,lambda)",1.0
EE,ackley,0,709,3.9119818495692016e-12,142030,30,200,n,discreta_global,"(mu,lambda)",1.0
EE,ackley,0,710,3.716582597235174e-12,142230,30,200,n,discreta_global,"(mu,lambda)",1.0
EE,ackley,0,711,3.773426016095982e-12,142430,30,200,n,discreta_global,"(mu,lambda)",1.0
EE,ackley,0,712,3.467892639719139e-12,142630,30,200,n,discreta_global,"(mu,lambda)",1.0
EE,ackley,0,713,3.2085445411667024e-12,142830,30,200,n,discreta_global,"(mu,lambda)",1.0
EE,ackley,0,714,4.089617533509227e-12,143030,30,200,n,discreta_global,"(mu,lambda)",1.0
EE,ackley,0,715,3.3577585156763234e-12,143230,30,200,n,discreta_global,"(mu,lambda)",1.0
EE,ackley,0,716,3.7840841571323836e-12,143430,30,200,n,discreta_global,"(mu,lambda)",1.0
EE,ackley,0,717,4.178435375479239e-12,143630,30,200,n,discreta_global,"(mu,lambda)",1.0
EE,ackley,0,718,2.7076119124558318e-12,143830,30,200,n,discreta_global,"(mu,lambda)",1.0
EE,ackley,0,719,3.5851321911195555e-12,144030,30,200,n,discreta_global,"(mu,lambda)",1.0
EE,ackley,0,720,2.9882762930810713e-12,144230,30,200,n,discreta_global,"(mu,lambda)",1.0
EE,ackley,0,721,2.90656387846866e-12,144430,30,200,n,discreta_global,"(mu,lambda)",1.0
EE,ackley,0,722,3.9475089863572066e-12,144630,30,200,n,discreta_global,"(mu,lambda)",1.0
EE,ackley,0,723,3.823164007599189e-12,144830,30,200,n,discreta_global,"(mu,lambda)",1.0
EE,ackley,0,724,4.025668687290818e-12,145030,30,200,n,discreta_global,"(mu,lambda)",1.0
EE,ackley,0,725,4.192646230194441e-12,145230,30,200,n,discreta_global,"(mu,lambda)",1.0
EE,ackley,0,726,1.98641103565933e-12,145430,30,200,n,discreta_global,"(mu,lambda)",1.0
EE,ackley,0,727,4.377387341492067e-12,145630,30,200,n,discreta_global,"(mu,lambda)",1.0
EE,ackley,0,728,3.33288951992472e-12,145830,30,200,n,discreta_global,"(mu,lambda)",1.0
EE,ackley,0,729,3.3435476609611214e-12,146030,30,200,n,discreta_global,"(mu,lambda)",1.0
EE,ackley,0,730,3.681055460447169e-12,146230,30,200,n,discreta_global,"(mu,lambda)",1.0
EE,ackley,0,731,3.354205801997523e-12,146430,30,200,n,discreta_global,"(mu,lambda)",1.0
EE,ackley,0,732,3.155253835984695e-12,146630,30,200,n,discreta_global,"(mu,lambda)",1.0
EE,ackley,0,733,2.7857716133894428e-12,146830,30,200,n,discreta_global,"(mu,lambda)",1.0
EE,ackley,0,734,3.9048764222116006e-12,147030,30,200,n,discreta_global,"(mu,lambda)",1.0
EE,ackley,0,735,3.3080205241731164e-12,147230,30,200,n,discreta_global,"(mu,lambda)",1.0
EE,ackley,0,736,3.4501290713251365e-12,147430,30,200,n,discreta_global,"(mu,lambda)",1.0
EE,ackley,0,737,3.2085445411667024e-12,147630,30,200,n,discreta_global,"(mu,lambda)",1.0
EE,ackley,0,738,3.141042981269493e-12,147830,30,200,n,discreta_global,"(mu,lambda)",1.0
EE,ackley,0,739,3.709477169877573e-12,148030,30,200,n,discreta_global,"(mu,lambda)",1.0
EE,ackley,0,740,3.787636870811184e-12,148230,30,200,n,discreta_global,"(mu,lambda)",1.0
EE,ackley,0,741,3.610001186871159e-12,148430,30,200,n,discreta_global,"(mu,lambda)",1.0
EE,ackley,0,742,3.9048764222116006e-12,148630,30,200,n,discreta_global,"(mu,lambda)",1.0
EE,ackley,0,743,4.373834627813267e-12,148830,30,200,n,discreta_global,"(mu,lambda)",1.0
EE,ackley,0,744,3.5140779175435455e-12,149030,30,200,n,discreta_global,"(mu,lambda)",1.0
EE,ackley,0,745,4.768185846160122e-12,149230,30,200,n,discreta_global,"(mu,lambda)",1.0
EE,ackley,0,746,3.8409275759931916e-12,149430,30,200,n,discreta_global,"(mu,lambda)",1.0
EE,ackley,0,747,3.1907809727727e-12,149630,30,200,n,discreta_global,"(mu,lambda)",1.0
EE,ackley,0,748,4.320543922631259e-12,149830,30,200,n,discreta_global,"(mu,lambda)",1.0
EE,ackley,0,749,3.574474050083154e-12,150030,30,200,n,discreta_global,"(mu,lambda)",1.0
EE,ackley,0,750,3.8835601401387976e-12,150230,30,200,n,discreta_global,"(mu,lambda)",1.0
EE,ackley,0,751,3.6277647552651615e-12,150430,30,200,n,discreta_global,"(mu,lambda)",1.0
EE,ackley,0,752,2.8177460364986473e-12,150630,30,200,n,discreta_global,"(mu,lambda)",1.0
EE,ackley,0,753,2.8816948827170563e-12,150830,30,200,n,discreta_global,"(mu,lambda)",1.0
EE,ackley,0,754,3.958167127393608e-12,151030,30,200,n,discreta_global,"(mu,lambda)",1.0
EE,ackley,0,755,2.3807622540061857e-12,151230,30,200,n,discreta_global,"(mu,lambda)",1.0
EE,ackley,0,756,3.851585717029593e-12,151430,30,200,n,discreta_global,"(mu,lambda)",1.0
EE,ackley,0,757,3.780531443453583e-12,151630,30,200,n,discreta_global,"(mu,lambda)",1.0
EE,ackley,0,758,3.865796571744795e-12,151830,30,200,n,discreta_global,"(mu,lambda)",1.0
EE,ackley,0,759,2.7928770407470438e-12,152030,30,200,n,discreta_global,"(mu,lambda)",1.0
EE,ackley,0,760,3.8267167212779896e-12,152230,30,200,n,discreta_global,"(mu,lambda)",1.0
EE,ackley,0,761,3.1872282590938994e-12,152430,30,200,n,discreta_global,"(mu,lambda)",1.0
EE,ackley,0,762,4.455547042425678e-12,152630,30,200,n,discreta_global,"(mu,lambda)",1.0
EE,ackley,0,763,3.5922376184771565e-12,152830,30,200,n,discreta_global,"(mu,lambda)",1.0
EE,ackley,0,764,3.5211833449011465e-12,153030,30,200,n,discreta_global,"(mu,lambda)",1.0
EE,ackley,0,765,3.666844605731967e-12,153230,30,200,n,discreta_global,"(mu,lambda)",1.0
EE,ackley,0,766,3.808953152883987e-12,153430,30,200,n,discreta_global,"(mu,lambda)",1.0
EE,ackley,0,767,2.9456437289354653e-12,153630,30,200,n,discreta_global,"(mu,lambda)",1.0
EE,ackley,0,768,2.7360336218862358e-12,153830,30,200,n,discreta_global,"(mu,lambda)",1.0
EE,ackley,0,769,3.3009150968155154e-12,154030,30,200,n,discreta_global,"(mu,lambda)",1.0
EE,ackley,0,770,2.7076119124558318e-12,154230,30,200,n,discreta_global,"(mu,lambda)",1.0
EE,ackley,0,771,2.8319568912138493e-12,154430,30,200,n,discreta_global,"(mu,lambda)",1.0
EE,ackley,0,772,3.6490810373379645e-12,154630,30,200,n,discreta_global,"(mu,lambda)",1.0
EE,ackley,0,773,3.823164007599189e-12,154830,30,200,n,discreta_global,"(mu,lambda)",1.0
EE,ackley,0,774,3.389732938785528e-12,155030,30,200,n,discreta_global,"(mu,lambda)",1.0
EE,ackley,0,775,3.936850845320805e-12,155230,30,200,n,discreta_global,"(mu,lambda)",1.0
EE,ackley,0,776,3.8196112939203886e-12,155430,30,200,n,discreta_global,"(mu,lambda)",1.0
EE,ackley,0,777,4.292122213200855e-12,155630,30,200,n,discreta_global,"(mu,lambda)",1.0
EE,ackley,0,778,3.7698733024171815e-12,155830,30,200,n,discreta_global,"(mu,lambda)",1.0
EE,ackley,0,779,3.624212041586361e-12,156030,30,200,n,discreta_global,"(mu,lambda)",1.0
EE,ackley,0,780,3.5638159090467525e-12,156230,30,200,n,discreta_global,"(mu,lambda)",1.0
EE,ackley,0,781,3.6277647552651615e-12,156430,30,200,n,discreta_global,"(mu,lambda)",1.0
EE,ackley,0,782,2.7324809082074353e-12,156630,30,200,n,discreta_global,"(mu,lambda)",1.0
EE,ackley,0,783,2.942091015256665e-12,156830,30,200,n,discreta_global,"(mu,lambda)",1.0
EE,ackley,0,784,3.105515844481488e-12,157030,30,200,n,discreta_global,"(mu,lambda)",1.0
EE,ackley,0,785,3.652633751016765e-12,157230,30,200,n,discreta_global,"(mu,lambda)",1.0
EE,ackley,0,786,3.162359263342296e-12,157430,30,200,n,discreta_global,"(mu,lambda)",1.0
EE,ackley,0,787,3.439470930288735e-12,157630,30,200,n,discreta_global,"(mu,lambda)",1.0
EE,ackley,0,788,3.531841485937548e-12,157830,30,200,n,discreta_global,"(mu,lambda)",1.0
EE,ackley,0,789,4.150013666048835e-12,158030,30,200,n,discreta_global,"(mu,lambda)",1.0
EE,ackley,0,790,2.7147173398134328e-12,158230,30,200,n,discreta_global,"(mu,lambda)",1.0
EE,ackley,0,791,3.396838366143129e-12,158430,30,200,n,discreta_global,"(mu,lambda)",1.0
EE,ackley,0,792,3.276046101063912e-12,158630,30,200,n,discreta_global,"(mu,lambda)",1.0
EE,ackley,0,793,3.26183524634871e-12,158830,30,200,n,discreta_global,"(mu,lambda)",1.0
EE,ackley,0,794,3.077094135051084e-12,159030,30,200,n,discreta_global,"(mu,lambda)",1.0
EE,ackley,0,795,2.856825886965453e-12,159230,30,200,n,discreta_global,"(mu,lambda)",1.0
EE,ackley,0,796,3.219202682203104e-12,159430,30,200,n,discreta_global,"(mu,lambda)",1.0
EE,ackley,0,797,1.7732482149313e-12,159630,30,200,n,discreta_global,"(mu,lambda)",1.0
EE,ackley,0,798,3.4074965071795305e-12,159830,30,200,n,discreta_global,"(mu,lambda)",1.0
EE,ackley,0,799,3.5211833449011465e-12,160030,30,200,n,discreta_global,"(mu,lambda)",1.0
EE,ackley,0,800,4.121591956618431e-12,160230,30,200,n,discreta_global,"(mu,lambda)",1.0
EE,ackley,0,801,3.3080205241731164e-12,160430,30,200,n,discreta_global,"(mu,lambda)",1.0
EE,ackley,0,802,3.3293368062459194e-12,160630,30,200,n,discreta_global,"(mu,lambda)",1.0
EE,ackley,0,803,3.7911895844899846e-12,160830,30,200,n,discreta_global,"(mu,lambda)",1.0
EE,ackley,0,804,3.141042981269493e-12,161030,30,200,n,discreta_global,"(mu,lambda)",1.0
EE,ackley,0,805,3.0593305666570814e-12,161230,30,200,n,discreta_global,"(mu,lambda)",1.0
EE,ackley,0,806,3.4501290713251365e-12,161430,30,200,n,discreta_global,"(mu,lambda)",1.0
EE,ackley,0,807,4.295674926879656e-12,161630,30,200,n,discreta_global,"(mu,lambda)",1.0
EE,ackley,0,808,4.391598196207269e-12,161830,30,200,n,discreta_global,"(mu,lambda)",1.0
EE,ackley,0,809,2.9882762930810713e-12,162030,30,200,n,discreta_global,"(mu,lambda)",1.0
EE,ackley,0,810,3.311573237851917e-12,162230,30,200,n,discreta_global,"(mu,lambda)",1.0
EE,ackley,0,811,4.519495888644087e-12,162430,30,200,n,discreta_global,"(mu,lambda)",1.0
EE,ackley,0,812,3.531841485937548e-12,162630,30,200,n,discreta_global,"(mu,lambda)",1.0
EE,ackley,0,813,4.39870362356487e-12,162830,30,200,n,discreta_global,"(mu,lambda)",1.0
EE,ackley,0,814,3.3080205241731164e-12,163030,30,200,n,discreta_global,"(mu,lambda)",1.0
EE,ackley,0,815,3.0948577034450864e-12,163230,30,200,n,discreta_global,"(mu,lambda)",1.0
EE,ackley,0,816,3.347100374639922e-12,163430,30,200,n,discreta_global,"(mu,lambda)",1.0
EE,ackley,0,817,3.4146019345371315e-12,163630,30,200,n,discreta_global,"(mu,lambda)",1.0
EE,ackley,0,818,3.737898879307977e-12,163830,30,200,n,discreta_global,"(mu,lambda)",1.0
EE,ackley,0,819,3.702371742519972e-12,164030,30,200,n,discreta_global,"(mu,lambda)",1.0
EE,ackley,0,820,3.780531443453583e-12,164230,30,200,n,discreta_global,"(mu,lambda)",1.0
EE,ackley,0,821,2.963407297329468e-12,164430,30,200,n,discreta_global,"(mu,lambda)",1.0
EE,ackley,0,822,4.32764934998886e-12,164630,30,200,n,discreta_global,"(mu,lambda)",1.0
EE,ackley,0,823,3.26183524634871e-12,164830,30,200,n,discreta_global,"(mu,lambda)",1.0
EE,ackley,0,824,3.936850845320805e-12,165030,30,200,n,discreta_global,"(mu,lambda)",1.0
EE,ackley,0,825,3.2867042421003134e-12,165230,30,200,n,discreta_global,"(mu,lambda)",1.0
EE,ackley,0,826,2.7360336218862358e-12,165430,30,200,n,discreta_global,"(mu,lambda)",1.0
EE,ackley,0,827,3.8906655674963986e-12,165630,30,200,n,discreta_global,"(mu,lambda)",1.0
EE,ackley,0,828,4.061195824078823e-12,165830,30,200,n,discreta_global,"(mu,lambda)",1.0
EE,ackley,0,829,2.6223467841646197e-12,166030,30,200,n,discreta_global,"(mu,lambda)",1.0
EE,ackley,0,830,4.071853965115224e-12,166230,30,200,n,discreta_global,"(mu,lambda)",1.0
EE,ackley,0,831,3.5851321911195555e-12,166430,30,200,n,discreta_global,"(mu,lambda)",1.0
EE,ackley,0,832,3.986588836824012e-12,166630,30,200,n,discreta_global,"(mu,lambda)",1.0
EE,ackley,0,833,3.538946913295149e-12,166830,30,200,n,discreta_global,"(mu,lambda)",1.0
EE,ackley,0,834,3.219202682203104e-12,167030,30,200,n,discreta_global,"(mu,lambda)",1.0
EE,ackley,0,835,2.2812862709997717e-12,167230,30,200,n,discreta_global,"(mu,lambda)",1.0
EE,ackley,0,836,3.1161739855178894e-12,167430,30,200,n,discreta_global,"(mu,lambda)",1.0
EE,ackley,0,837,3.155253835984695e-12,167630,30,200,n,discreta_global,"(mu,lambda)",1.0
EE,ackley,0,838,3.872901999102396e-12,167830,30,200,n,discreta_global,"(mu,lambda)",1.0
EE,ackley,0,839,3.382627511427927e-12,168030,30,200,n,discreta_global,"(mu,lambda)",1.0
EE,ackley,0,840,3.510525203864745e-12,168230,30,200,n,discreta_global,"(mu,lambda)",1.0
EE,ackley,0,841,3.0664359940146824e-12,168430,30,200,n,discreta_global,"(mu,lambda)",1.0
EE,ackley,0,842,3.006039861475074e-12,168630,30,200,n,discreta_global,"(mu,lambda)",1.0
EE,ackley,0,843,3.133937553911892e-12,168830,30,200,n,discreta_global,"(mu,lambda)",1.0
EE,ackley,0,844,4.000799691539214e-12,169030,30,200,n,discreta_global,"(mu,lambda)",1.0
EE,ackley,0,845,3.496314349149543e-12,169230,30,200,n,discreta_global,"(mu,lambda)",1.0
EE,ackley,0,846,3.517630631222346e-12,169430,30,200,n,discreta_global,"(mu,lambda)",1.0
EE,ackley,0,847,3.801847725526386e-12,169630,30,200,n,discreta_global,"(mu,lambda)",1.0
EE,ackley,0,848,3.560263195367952e-12,169830,30,200,n,discreta_global,"(mu,lambda)",1.0
EE,ackley,0,849,4.199751657552042e-12,170030,30,200,n,discreta_global,"(mu,lambda)",1.0
EE,ackley,0,850,2.984723579402271e-12,170230,30,200,n,discreta_global,"(mu,lambda)",1.0
EE,ackley,0,851,3.723688024592775e-12,170430,30,200,n,discreta_global,"(mu,lambda)",1.0
EE,ackley,0,852,3.8764547127811966e-12,170630,30,200,n,discreta_global,"(mu,lambda)",1.0
EE,ackley,0,853,3.780531443453583e-12,170830,30,200,n,discreta_global,"(mu,lambda)",1.0
EE,ackley,0,854,4.178435375479239e-12,171030,30,200,n,discreta_global,"(mu,lambda)",1.0
EE,ackley,0,855,3.3790747977491264e-12,171230,30,200,n,discreta_global,"(mu,lambda)",1.0
EE,ackley,0,856,3.1517011223058944e-12,171430,30,200,n,discreta_global,"(mu,lambda)",1.0
EE,ackley,0,857,2.7147173398134328e-12,171630,30,200,n,discreta_global,"(mu,lambda)",1.0
EE,ackley,0,858,2.441158386545794e-12,171830,30,200,n,discreta_global,"(mu,lambda)",1.0
EE,ackley,0,859,2.90656387846866e-12,172030,30,200,n,discreta_global,"(mu,lambda)",1.0
EE,ackley,0,860,2.7253754808498343e-12,172230,30,200,n,discreta_global,"(mu,lambda)",1.0
EE,ackley,0,861,3.4856562081131415e-12,172430,30,200,n,discreta_global,"(mu,lambda)",1.0
EE,ackley,0,862,3.141042981269493e-12,172630,30,200,n,discreta_global,"(mu,lambda)",1.0
EE,ackley,0,863,4.356071059419264e-12,172830,30,200,n,discreta_global,"(mu,lambda)",1.0
EE,ackley,0,864,3.531841485937548e-12,173030,30,200,n,discreta_global,"(mu,lambda)",1.0
EE,ackley,0,865,2.963407297329468e-12,173230,30,200,n,discreta_global,"(mu,lambda)",1.0
EE,ackley,0,866,3.887112853817598e-12,173430,30,200,n,discreta_global,"(mu,lambda)",1.0
EE,ackley,0,867,3.7698733024171815e-12,173630,30,200,n,discreta_global,"(mu,lambda)",1.0
EE,ackley,0,868,4.473310610819681e-12,173830,30,200,n,discreta_global,"(mu,lambda)",1.0
EE,ackley,0,869,3.752109734023179e-12,174030,30,200,n,discreta_global,"(mu,lambda)",1.0
EE,ackley,0,870,2.8816948827170563e-12,174230,30,200,n,discreta_global,"(mu,lambda)",1.0
EE,ackley,0,871,4.206857084909643e-12,174430,30,200,n,discreta_global,"(mu,lambda)",1.0
EE,ackley,0,872,3.0877522760874854e-12,174630,30,200,n,discreta_global,"(mu,lambda)",1.0
EE,ackley,0,873,2.927880160541463e-12,174830,30,200,n,discreta_global,"(mu,lambda)",1.0
EE,ackley,0,874,3.382627511427927e-12,175030,30,200,n,discreta_global,"(mu,lambda)",1.0
EE,ackley,0,875,3.4146019345371315e-12,175230,30,200,n,discreta_global,"(mu,lambda)",1.0
EE,ackley,0,876,3.8835601401387976e-12,175430,30,200,n,discreta_global,"(mu,lambda)",1.0
EE,ackley,0,877,4.25659507641285e-12,175630,30,200,n,discreta_global,"(mu,lambda)",1.0
EE,ackley,0,878,3.702371742519972e-12,175830,30,200,n,discreta_global,"(mu,lambda)",1.0
EE,ackley,0,879,2.7218227671710338e-12,176030,30,200,n,discreta_global,"(mu,lambda)",1.0
EE,ackley,0,880,3.3861802251067274e-12,176230,30,200,n,discreta_global,"(mu,lambda)",1.0
EE,ackley,0,881,3.219202682203104e-12,176430,30,200,n,discreta_global,"(mu,lambda)",1.0
EE,ackley,0,882,2.863931314323054e-12,176630,30,200,n,discreta_global,"(mu,lambda)",1.0
EE,ackley,0,883,2.5832669336978142e-12,176830,30,200,n,discreta_global,"(mu,lambda)",1.0
EE,ackley,0,884,3.276046101063912e-12,177030,30,200,n,discreta_global,"(mu,lambda)",1.0
EE,ackley,0,885,3.254729818991109e-12,177230,30,200,n,discreta_global,"(mu,lambda)",1.0
EE,ackley,0,886,3.091304989766286e-12,177430,30,200,n,discreta_global,"(mu,lambda)",1.0
EE,ackley,0,887,3.290256955779114e-12,177630,30,200,n,discreta_global,"(mu,lambda)",1.0
EE,ackley,0,888,3.283151528421513e-12,177830,30,200,n,discreta_global,"(mu,lambda)",1.0
EE,ackley,0,889,3.7414515929867775e-12,178030,30,200,n,discreta_global,"(mu,lambda)",1.0
EE,ackley,0,890,3.183675545415099e-12,178230,30,200,n,discreta_global,"(mu,lambda)",1.0
EE,ackley,0,891,4.139355525012434e-12,178430,30,200,n,discreta_global,"(mu,lambda)",1.0
EE,ackley,0,892,3.7485570203443785e-12,178630,30,200,n,discreta_global,"(mu,lambda)",1.0
EE,ackley,0,893,3.3932856524643285e-12,178830,30,200,n,discreta_global,"(mu,lambda)",1.0
EE,ackley,0,894,3.4430236439675355e-12,179030,30,200,n,discreta_global,"(mu,lambda)",1.0
EE,ackley,0,895,3.1943336864515004e-12,179230,30,200,n,discreta_global,"(mu,lambda)",1.0
EE,ackley,0,896,3.766320588738381e-12,179430,30,200,n,discreta_global,"(mu,lambda)",1.0
EE,ackley,0,897,3.624212041586361e-12,179630,30,200,n,discreta_global,"(mu,lambda)",1.0
EE,ackley,0,898,3.979483409466411e-12,179830,30,200,n,discreta_global,"(mu,lambda)",1.0
EE,ackley,0,899,4.444888901389277e-12,180030,30,200,n,discreta_global,"(mu,lambda)",1.0
EE,ackley,0,900,3.389732938785528e-12,180230,30,200,n,discreta_global,"(mu,lambda)",1.0
EE,ackley,0,901,3.155253835984695e-12,180430,30,200,n,discreta_global,"(mu,lambda)",1.0
EE,ackley,0,902,3.808953152883987e-12,180630,30,200,n,discreta_global,"(mu,lambda)",1.0
EE,ackley,0,903,3.1659119770210964e-12,180830,30,200,n,discreta_global,"(mu,lambda)",1.0
EE,ackley,0,904,3.6277647552651615e-12,181030,30,200,n,discreta_global,"(mu,lambda)",1.0
EE,ackley,0,905,2.6827429167042283e-12,181230,30,200,n,discreta_global,"(mu,lambda)",1.0
EE,ackley,0,906,3.990141550502813e-12,181430,30,200,n,discreta_global,"(mu,lambda)",1.0
EE,ackley,0,907,4.011457832575616e-12,181630,30,200,n,discreta_global,"(mu,lambda)",1.0
EE,ackley,0,908,2.7680080449954403e-12,181830,30,200,n,discreta_global,"(mu,lambda)",1.0
EE,ackley,0,909,3.730793451950376e-12,182030,30,200,n,discreta_global,"(mu,lambda)",1.0
EE,ackley,0,910,4.015010546254416e-12,182230,30,200,n,discreta_global,"(mu,lambda)",1.0
EE,ackley,0,911,3.0877522760874854e-12,182430,30,200,n,discreta_global,"(mu,lambda)",1.0
EE,ackley,0,912,3.176570118057498e-12,182630,30,200,n,discreta_global,"(mu,lambda)",1.0
EE,ackley,0,913,3.162359263342296e-12,182830,30,200,n,discreta_global,"(mu,lambda)",1.0
EE,ackley,0,914,3.041566998263079e-12,183030,30,200,n,discreta_global,"(mu,lambda)",1.0
EE,ackley,0,915,4.547917598074491e-12,183230,30,200,n,discreta_global,"(mu,lambda)",1.0
EE,ackley,0,916,3.6988190288411715e-12,183430,30,200,n,discreta_global,"(mu,lambda)",1.0
EE,ackley,0,917,3.823164007599189e-12,183630,30,200,n,discreta_global,"(mu,lambda)",1.0
EE,ackley,0,918,3.3009150968155154e-12,183830,30,200,n,discreta_global,"(mu,lambda)",1.0
EE,ackley,0,919,3.5496050543315505e-12,184030,30,200,n,discreta_global,"(mu,lambda)",1.0
EE,ackley,0,920,4.036326828327219e-12,184230,30,200,n,discreta_global,"(mu,lambda)",1.0
EE,ackley,0,921,4.064748537757623e-12,184430,30,200,n,discreta_global,"(mu,lambda)",1.0
EE,ackley,0,922,3.0593305666570814e-12,184630,30,200,n,discreta_global,"(mu,lambda)",1.0
EE,ackley,0,923,3.47499806707674e-12,184830,30,200,n,discreta_global,"(mu,lambda)",1.0
EE,ackley,0,924,2.4553692412609962e-12,185030,30,200,n,discreta_global,"(mu,lambda)",1.0
EE,ackley,0,925,2.3310242625029787e-12,185230,30,200,n,discreta_global,"(mu,lambda)",1.0
EE,ackley,0,926,3.5211833449011465e-12,185430,30,200,n,discreta_global,"(mu,lambda)",1.0
EE,ackley,0,927,3.531841485937548e-12,185630,30,200,n,discreta_global,"(mu,lambda)",1.0
EE,ackley,0,928,4.160671807085237e-12,185830,30,200,n,discreta_global,"(mu,lambda)",1.0
EE,ackley,0,929,3.40394379350073e-12,186030,30,200,n,discreta_global,"(mu,lambda)",1.0
EE,ackley,0,930,3.595790332155957e-12,186230,30,200,n,discreta_global,"(mu,lambda)",1.0
EE,ackley,0,931,2.8106406091410463e-12,186430,30,200,n,discreta_global,"(mu,lambda)",1.0
EE,ackley,0,932,3.1232794128754904e-12,186630,30,200,n,discreta_global,"(mu,lambda)",1.0
EE,ackley,0,933,3.6277647552651615e-12,186830,30,200,n,discreta_global,"(mu,lambda)",1.0
EE,ackley,0,934,3.006039861475074e-12,187030,30,200,n,discreta_global,"(mu,lambda)",1.0
EE,ackley,0,935,3.652633751016765e-12,187230,30,200,n,discreta_global,"(mu,lambda)",1.0
EE,ackley,0,936,3.5922376184771565e-12,187430,30,200,n,discreta_global,"(mu,lambda)",1.0
EE,ackley,0,937,3.2582825326699094e-12,187630,30,200,n,discreta_global,"(mu,lambda)",1.0
EE,ackley,0,938,3.11972669919669e-12,187830,30,200,n,discreta_global,"(mu,lambda)",1.0
EE,ackley,0,939,4.366729200455666e-12,188030,30,200,n,discreta_global,"(mu,lambda)",1.0
EE,ackley,0,940,3.872901999102396e-12,188230,30,200,n,discreta_global,"(mu,lambda)",1.0
EE,ackley,0,941,3.7201353109139745e-12,188430,30,200,n,discreta_global,"(mu,lambda)",1.0
EE,ackley,0,942,3.2369662505971064e-12,188630,30,200,n,discreta_global,"(mu,lambda)",1.0
EE,ackley,0,943,3.68816088780477e-12,188830,30,200,n,discreta_global,"(mu,lambda)",1.0
EE,ackley,0,944,4.064748537757623e-12,189030,30,200,n,discreta_global,"(mu,lambda)",1.0
EE,ackley,0,945,2.5868196473766147e-12,189230,30,200,n,discreta_global,"(mu,lambda)",1.0
EE,ackley,0,946,3.887112853817598e-12,189430,30,200,n,discreta_global,"(mu,lambda)",1.0
EE,ackley,0,947,4.142908238691234e-12,189630,30,200,n,discreta_global,"(mu,lambda)",1.0
EE,ackley,0,948,2.1462831512053526e-12,189830,30,200,n,discreta_global,"(mu,lambda)",1.0
EE,ackley,0,949,3.8409275759931916e-12,190030,30,200,n,discreta_global,"(mu,lambda)",1.0
EE,ackley,0,950,3.411049220858331e-12,190230,30,200,n,discreta_global,"(mu,lambda)",1.0
EE,ackley,0,951,3.006039861475074e-12,190430,30,200,n,discreta_global,"(mu,lambda)",1.0
EE,ackley,0,952,2.6152413568070187e-12,190630,30,200,n,discreta_global,"(mu,lambda)",1.0
EE,ackley,0,953,2.8745894553594553e-12,190830,30,200,n,discreta_global,"(mu,lambda)",1.0
EE,ackley,0,954,2.6401103525586223e-12,191030,30,200,n,discreta_global,"(mu,lambda)",1.0
EE,ackley,0,955,4.292122213200855e-12,191230,30,200,n,discreta_global,"(mu,lambda)",1.0
EE,ackley,0,956,4.135802811333633e-12,191430,30,200,n,discreta_global,"(mu,lambda)",1.0
EE,ackley,0,957,4.167777234442838e-12,191630,30,200,n,discreta_global,"(mu,lambda)",1.0
EE,ackley,0,958,4.704236999941713e-12,191830,30,200,n,discreta_global,"(mu,lambda)",1.0
EE,ackley,0,959,3.4714453533979395e-12,192030,30,200,n,discreta_global,"(mu,lambda)",1.0
EE,ackley,0,960,3.4785507807555405e-12,192230,30,200,n,discreta_global,"(mu,lambda)",1.0
EE,ackley,0,961,3.425260075573533e-12,192430,30,200,n,discreta_global,"(mu,lambda)",1.0
EE,ackley,0,962,3.290256955779114e-12,192630,30,200,n,discreta_global,"(mu,lambda)",1.0
EE,ackley,0,963,3.553157768010351e-12,192830,30,200,n,discreta_global,"(mu,lambda)",1.0
EE,ackley,0,964,4.306333067916057e-12,193030,30,200,n,discreta_global,"(mu,lambda)",1.0
EE,ackley,0,965,3.801847725526386e-12,193230,30,200,n,discreta_global,"(mu,lambda)",1.0
EE,ackley,0,966,3.325784092567119e-12,193430,30,200,n,discreta_global,"(mu,lambda)",1.0
EE,ackley,0,967,2.9456437289354653e-12,193630,30,200,n,discreta_global,"(mu,lambda)",1.0
EE,ackley,0,968,3.6277647552651615e-12,193830,30,200,n,discreta_global,"(mu,lambda)",1.0
EE,ackley,0,969,2.5974777884130162e-12,194030,30,200,n,discreta_global,"(mu,lambda)",1.0
EE,ackley,0,970,3.6917136014835705e-12,194230,30,200,n,discreta_global,"(mu,lambda)",1.0
EE,ackley,0,971,3.47499806707674e-12,194430,30,200,n,discreta_global,"(mu,lambda)",1.0
EE,ackley,0,972,3.482103494434341e-12,194630,30,200,n,discreta_global,"(mu,lambda)",1.0
EE,ackley,0,973,2.107203300738547e-12,194830,30,200,n,discreta_global,"(mu,lambda)",1.0
EE,ackley,0,974,3.766320588738381e-12,195030,30,200,n,discreta_global,"(mu,lambda)",1.0
EE,ackley,0,975,2.7502444766014378e-12,195230,30,200,n,discreta_global,"(mu,lambda)",1.0
EE,ackley,0,976,3.6064484731923585e-12,195430,30,200,n,discreta_global,"(mu,lambda)",1.0
EE,ackley,0,977,3.96882526843001e-12,195630,30,200,n,discreta_global,"(mu,lambda)",1.0
EE,ackley,0,978,2.5548452242674102e-12,195830,30,200,n,discreta_global,"(mu,lambda)",1.0
EE,ackley,0,979,3.7840841571323836e-12,196030,30,200,n,discreta_global,"(mu,lambda)",1.0
EE,ackley,0,980,3.894218281175199e-12,196230,30,200,n,discreta_global,"(mu,lambda)",1.0
EE,ackley,0,981,4.054090396721222e-12,196430,30,200,n,discreta_global,"(mu,lambda)",1.0
EE,ackley,0,982,3.5567104816891515e-12,196630,30,200,n,discreta_global,"(mu,lambda)",1.0
EE,ackley,0,983,3.5638159090467525e-12,196830,30,200,n,discreta_global,"(mu,lambda)",1.0
EE,ackley,0,984,3.7343461656291765e-12,197030,30,200,n,discreta_global,"(mu,lambda)",1.0
EE,ackley,0,985,4.384492768849668e-12,197230,30,200,n,discreta_global,"(mu,lambda)",1.0
EE,ackley,0,986,4.086064819830426e-12,197430,30,200,n,discreta_global,"(mu,lambda)",1.0
EE,ackley,0,987,4.366729200455666e-12,197630,30,200,n,discreta_global,"(mu,lambda)",1.0
EE,ackley,0,988,3.975930695787611e-12,197830,30,200,n,discreta_global,"(mu,lambda)",1.0
EE,ackley,0,989,4.199751657552042e-12,198030,30,200,n,discreta_global,"(mu,lambda)",1.0
EE,ackley,0,990,3.4359182166099345e-12,198230,30,200,n,discreta_global,"(mu,lambda)",1.0
EE,ackley,0,991,4.348965632061663e-12,198430,30,200,n,discreta_global,"(mu,lambda)",1.0
EE,ackley,0,992,4.164224520764037e-12,198630,30,200,n,discreta_global,"(mu,lambda)",1.0
EE,ackley,0,993,3.1374902675906924e-12,198830,30,200,n,discreta_global,"(mu,lambda)",1.0
EE,ackley,0,994,3.666844605731967e-12,199030,30,200,n,discreta_global,"(mu,lambda)",1.0
EE,ackley,0,995,3.0948577034450864e-12,199230,30,200,n,discreta_global,"(mu,lambda)",1.0
EE,ackley,0,996,3.361311229355124e-12,199430,30,200,n,discreta_global,"(mu,lambda)",1.0
EE,ackley,0,997,2.956301869971867e-12,199630,30,200,n,discreta_global,"(mu,lambda)",1.0
EE,ackley,0,998,3.510525203864745e-12,199830,30,200,n,discreta_global,"(mu,lambda)",1.0
EE,ackley,0,999,3.33288951992472e-12,200030,30,200,n,discreta_global,"(mu,lambda)",1.0
EE,ackley,0,1000,3.425260075573533e-12,200230,30,200,n,discreta_global,"(mu,lambda)",1.0
EE,ackley,0,1001,2.8248514638562483e-12,200430,30,200,n,discreta_global,"(mu,lambda)",1.0
EE,ackley,0,1002,4.171329948121638e-12,200630,30,200,n,discreta_global,"(mu,lambda)",1.0
EE,ackley,0,1003,3.929745417963204e-12,200830,30,200,n,discreta_global,"(mu,lambda)",1.0
EE,ackley,0,1004,4.210409798588444e-12,201030,30,200,n,discreta_global,"(mu,lambda)",1.0
EE,ackley,0,1005,3.226308109560705e-12,201230,30,200,n,discreta_global,"(mu,lambda)",1.0
EE,ackley,0,1006,3.993694264181613e-12,201430,30,200,n,discreta_global,"(mu,lambda)",1.0
EE,ackley,0,1007,3.8622438580659946e-12,201630,30,200,n,discreta_global,"(mu,lambda)",1.0
EE,ackley,0,1008,3.8409275759931916e-12,201830,30,200,n,discreta_global,"(mu,lambda)",1.0
EE,ackley,0,1009,2.942091015256665e-12,202030,30,200,n,discreta_global,"(mu,lambda)",1.0
EE,ackley,0,1010,3.581579477440755e-12,202230,30,200,n,discreta_global,"(mu,lambda)",1.0
EE,ackley,0,1011,2.8461677459290513e-12,202430,30,200,n,discreta_global,"(mu,lambda)",1.0
EE,ackley,0,1012,3.6277647552651615e-12,202630,30,200,n,discreta_global,"(mu,lambda)",1.0
EE,ackley,0,1013,4.245936935376449e-12,202830,30,200,n,discreta_global,"(mu,lambda)",1.0
EE,ackley,0,1014,4.334754777346461e-12,203030,30,200,n,discreta_global,"(mu,lambda)",1.0
EE,ackley,0,1015,4.363176486776865e-12,203230,30,200,n,discreta_global,"(mu,lambda)",1.0
EE,ackley,0,1016,3.212097254845503e-12,203430,30,200,n,discreta_global,"(mu,lambda)",1.0
EE,ackley,0,1017,4.061195824078823e-12,203630,30,200,n,discreta_global,"(mu,lambda)",1.0
EE,ackley,0,1018,2.6436630662374228e-12,203830,30,200,n,discreta_global,"(mu,lambda)",1.0
EE,ackley,0,1019,3.5922376184771565e-12,204030,30,200,n,discreta_global,"(mu,lambda)",1.0
EE,ackley,0,1020,3.510525203864745e-12,204230,30,200,n,discreta_global,"(mu,lambda)",1.0
EE,ackley,0,1021,4.011457832575616e-12,204430,30,200,n,discreta_global,"(mu,lambda)",1.0
EE,ackley,0,1022,3.5282887722587475e-12,204630,30,200,n,discreta_global,"(mu,lambda)",1.0
EE,ackley,0,1023,3.5140779175435455e-12,204830,30,200,n,discreta_global,"(mu,lambda)",1.0
EE,ackley,0,1024,3.0948577034450864e-12,205030,30,200,n,discreta_global,"(mu,lambda)",1.0
EE,ackley,0,1025,3.197886400130301e-12,205230,30,200,n,discreta_global,"(mu,lambda)",1.0
EE,ackley,0,1026,3.311573237851917e-12,205430,30,200,n,discreta_global,"(mu,lambda)",1.0
EE,ackley,0,1027,2.3523405445757817e-12,205630,30,200,n,discreta_global,"(mu,lambda)",1.0
EE,ackley,0,1028,3.538946913295149e-12,205830,30,200,n,discreta_global,"(mu,lambda)",1.0
EE,ackley,0,1029,3.5922376184771565e-12,206030,30,200,n,discreta_global,"(mu,lambda)",1.0
EE,ackley,0,1030,4.100275674545628e-12,206230,30,200,n,discreta_global,"(mu,lambda)",1.0
EE,ackley,0,1031,2.956301869971867e-12,206430,30,200,n,discreta_global,"(mu,lambda)",1.0
EE,ackley,0,1032,3.47499806707674e-12,206630,30,200,n,discreta_global,"(mu,lambda)",1.0
EE,ackley,0,1033,3.787636870811184e-12,206830,30,200,n,discreta_global,"(mu,lambda)",1.0
EE,ackley,0,1034,3.7556624477019795e-12,207030,30,200,n,discreta_global,"(mu,lambda)",1.0
EE,ackley,0,1035,3.858691144387194e-12,207230,30,200,n,discreta_global,"(mu,lambda)",1.0
EE,ackley,0,1036,3.567368622725553e-12,207430,30,200,n,discreta_global,"(mu,lambda)",1.0
EE,ackley,0,1037,3.169464690699897e-12,207630,30,200,n,discreta_global,"(mu,lambda)",1.0
EE,ackley,0,1038,3.4217073618947325e-12,207830,30,200,n,discreta_global,"(mu,lambda)",1.0
EE,ackley,0,1039,3.006039861475074e-12,208030,30,200,n,discreta_global,"(mu,lambda)",1.0
EE,ackley,0,1040,3.4003910798219295e-12,208230,30,200,n,discreta_global,"(mu,lambda)",1.0
EE,ackley,0,1041,3.368416656712725e-12,208430,30,200,n,discreta_global,"(mu,lambda)",1.0
EE,ackley,0,1042,4.100275674545628e-12,208630,30,200,n,discreta_global,"(mu,lambda)",1.0
EE,ackley,0,1043,3.283151528421513e-12,208830,30,200,n,discreta_global,"(mu,lambda)",1.0
EE,ackley,0,1044,4.171329948121638e-12,209030,30,200,n,discreta_global,"(mu,lambda)",1.0
EE,ackley,0,1045,3.8693492854235956e-12,209230,30,200,n,discreta_global,"(mu,lambda)",1.0
EE,ackley,0,1046,3.112621271839089e-12,209430,30,200,n,discreta_global,"(mu,lambda)",1.0
EE,ackley,0,1047,4.121591956618431e-12,209630,30,200,n,discreta_global,"(mu,lambda)",1.0
EE,ackley,0,1048,4.263700503770451e-12,209830,30,200,n,discreta_global,"(mu,lambda)",1.0
EE,ackley,0,1049,3.993694264181613e-12,210030,30,200,n,discreta_global,"(mu,lambda)",1.0
EE,ackley,0,1050,4.100275674545628e-12,210230,30,200,n,discreta_global,"(mu,lambda)",1.0
EE,ackley,0,1051,4.189093516515641e-12,210430,30,200,n,discreta_global,"(mu,lambda)",1.0
EE,ackley,0,1052,3.773426016095982e-12,210630,30,200,n,discreta_global,"(mu,lambda)",1.0
EE,ackley,0,1053,3.4572344986827375e-12,210830,30,200,n,discreta_global,"(mu,lambda)",1.0
EE,ackley,0,1054,3.4359182166099345e-12,211030,30,200,n,discreta_global,"(mu,lambda)",1.0
EE,ackley,0,1055,3.816058580241588e-12,211230,30,200,n,discreta_global,"(mu,lambda)",1.0
EE,ackley,0,1056,3.97237798210881e-12,211430,30,200,n,discreta_global,"(mu,lambda)",1.0
EE,ackley,0,1057,3.297362383136715e-12,211630,30,200,n,discreta_global,"(mu,lambda)",1.0
EE,ackley,0,1058,3.5069724901859445e-12,211830,30,200,n,discreta_global,"(mu,lambda)",1.0
EE,ackley,0,1059,3.2014391138091014e-12,212030,30,200,n,discreta_global,"(mu,lambda)",1.0
EE,ackley,0,1060,3.141042981269493e-12,212230,30,200,n,discreta_global,"(mu,lambda)",1.0
EE,ackley,0,1061,3.1872282590938994e-12,212430,30,200,n,discreta_global,"(mu,lambda)",1.0
EE,ackley,0,1062,3.8906655674963986e-12,212630,30,200,n,discreta_global,"(mu,lambda)",1.0
EE,ackley,0,1063,3.7343461656291765e-12,212830,30,200,n,discreta_global,"(mu,lambda)",1.0
EE,ackley,0,1064,3.624212041586361e-12,213030,30,200,n,discreta_global,"(mu,lambda)",1.0
EE,ackley,0,1065,3.2298608232395054e-12,213230,30,200,n,discreta_global,"(mu,lambda)",1.0
EE,ackley,0,1066,3.9475089863572066e-12,213430,30,200,n,discreta_global,"(mu,lambda)",1.0
EE,ackley,0,1067,3.858691144387194e-12,213630,30,200,n,discreta_global,"(mu,lambda)",1.0
EE,ackley,0,1068,3.3719693703915254e-12,213830,30,200,n,discreta_global,"(mu,lambda)",1.0
EE,ackley,0,1069,3.510525203864745e-12,214030,30,200,n,discreta_global,"(mu,lambda)",1.0
EE,ackley,0,1070,2.7893243270682433e-12,214230,30,200,n,discreta_global,"(mu,lambda)",1.0
EE,ackley,0,1071,3.808953152883987e-12,214430,30,200,n,discreta_global,"(mu,lambda)",1.0
EE,ackley,0,1072,3.929745417963204e-12,214630,30,200,n,discreta_global,"(mu,lambda)",1.0
EE,ackley,0,1073,3.1374902675906924e-12,214830,30,200,n,discreta_global,"(mu,lambda)",1.0
EE,ackley,0,1074,3.858691144387194e-12,215030,30,200,n,discreta_global,"(mu,lambda)",1.0
EE,ackley,0,1075,3.5922376184771565e-12,215230,30,200,n,discreta_global,"(mu,lambda)",1.0
EE,ackley,0,1076,4.515943174965287e-12,215430,30,200,n,discreta_global,"(mu,lambda)",1.0
EE,ackley,0,1077,3.1943336864515004e-12,215630,30,200,n,discreta_global,"(mu,lambda)",1.0
EE,ackley,0,1078,2.9243274468626623e-12,215830,30,200,n,discreta_global,"(mu,lambda)",1.0
EE,ackley,0,1079,3.1801228317362984e-12,216030,30,200,n,discreta_global,"(mu,lambda)",1.0
EE,ackley,0,1080,3.5353941996163485e-12,216230,30,200,n,discreta_global,"(mu,lambda)",1.0
EE,ackley,0,1081,4.25659507641285e-12,216430,30,200,n,discreta_global,"(mu,lambda)",1.0
EE,ackley,0,1082,3.858691144387194e-12,216630,30,200,n,discreta_global,"(mu,lambda)",1.0
EE,ackley,0,1083,3.219202682203104e-12,216830,30,200,n,discreta_global,"(mu,lambda)",1.0
EE,ackley,0,1084,2.9811708657234703e-12,217030,30,200,n,discreta_global,"(mu,lambda)",1.0
EE,ackley,0,1085,3.865796571744795e-12,217230,30,200,n,discreta_global,"(mu,lambda)",1.0
EE,ackley,0,1086,3.7840841571323836e-12,217430,30,200,n,discreta_global,"(mu,lambda)",1.0
EE,ackley,0,1087,3.3364422336035204e-12,217630,30,200,n,discreta_global,"(mu,lambda)",1.0
EE,ackley,0,1088,3.7982950118475856e-12,217830,30,200,n,discreta_global,"(mu,lambda)",1.0
EE,ackley,0,1089,3.0948577034450864e-12,218030,30,200,n,discreta_global,"(mu,lambda)",1.0
EE,ackley,0,1090,3.3080205241731164e-12,218230,30,200,n,discreta_global,"(mu,lambda)",1.0
EE,ackley,0,1091,3.5993430458347575e-12,218430,30,200,n,discreta_global,"(mu,lambda)",1.0
EE,ackley,0,1092,3.794742298168785e-12,218630,30,200,n,discreta_global,"(mu,lambda)",1.0
EE,ackley,0,1093,3.04867242562068e-12,218830,30,200,n,discreta_global,"(mu,lambda)",1.0
EE,ackley,0,1094,4.036326828327219e-12,219030,30,200,n,discreta_global,"(mu,lambda)",1.0
EE,ackley,0,1095,4.135802811333633e-12,219230,30,200,n,discreta_global,"(mu,lambda)",1.0
EE,ackley,0,1096,3.560263195367952e-12,219430,30,200,n,discreta_global,"(mu,lambda)",1.0
EE,ackley,0,1097,3.6135539005499595e-12,219630,30,200,n,discreta_global,"(mu,lambda)",1.0
EE,ackley,0,1098,3.482103494434341e-12,219830,30,200,n,discreta_global,"(mu,lambda)",1.0
EE,ackley,0,1099,3.975930695787611e-12,220030,30,200,n,discreta_global,"(mu,lambda)",1.0
EE,ackley,0,1100,3.858691144387194e-12,220230,30,200,n,discreta_global,"(mu,lambda)",1.0
EE,ackley,0,1101,3.254729818991109e-12,220430,30,200,n,discreta_global,"(mu,lambda)",1.0
EE,ackley,0,1102,3.40394379350073e-12,220630,30,200,n,discreta_global,"(mu,lambda)",1.0
EE,ackley,0,1103,4.04343225568482e-12,220830,30,200,n,discreta_global,"(mu,lambda)",1.0
EE,ackley,0,1104,3.0095925751538743e-12,221030,30,200,n,discreta_global,"(mu,lambda)",1.0
EE,ackley,0,1105,3.75921516138078e-12,221230,30,200,n,discreta_global,"(mu,lambda)",1.0
EE,ackley,0,1106,4.160671807085237e-12,221430,30,200,n,discreta_global,"(mu,lambda)",1.0
EE,ackley,0,1107,2.9172220195050613e-12,221630,30,200,n,discreta_global,"(mu,lambda)",1.0
EE,ackley,0,1108,3.524736058579947e-12,221830,30,200,n,discreta_global,"(mu,lambda)",1.0
EE,ackley,0,1109,4.107381101903229e-12,222030,30,200,n,discreta_global,"(mu,lambda)",1.0
EE,ackley,0,1110,3.624212041586361e-12,222230,30,200,n,discreta_global,"(mu,lambda)",1.0
EE,ackley,0,1111,2.6081359294494177e-12,222430,30,200,n,discreta_global,"(mu,lambda)",1.0
EE,ackley,0,1112,4.089617533509227e-12,222630,30,200,n,discreta_global,"(mu,lambda)",1.0
EE,ackley,0,1113,4.473310610819681e-12,222830,30,200,n,discreta_global,"(mu,lambda)",1.0
EE,ackley,0,1114,4.121591956618431e-12,223030,30,200,n,discreta_global,"(mu,lambda)",1.0
EE,ackley,0,1115,2.9385383015778643e-12,223230,30,200,n,discreta_global,"(mu,lambda)",1.0
EE,ackley,0,1116,3.4003910798219295e-12,223430,30,200,n,discreta_global,"(mu,lambda)",1.0
EE,ackley,0,1117,2.7644553313166398e-12,223630,30,200,n,discreta_global,"(mu,lambda)",1.0
EE,ackley,0,1118,3.702371742519972e-12,223830,30,200,n,discreta_global,"(mu,lambda)",1.0
EE,ackley,0,1119,4.078959392472825e-12,224030,30,200,n,discreta_global,"(mu,lambda)",1.0
EE,ackley,0,1120,4.483968751856082e-12,224230,30,200,n,discreta_global,"(mu,lambda)",1.0
EE,ackley,0,1121,3.567368622725553e-12,224430,30,200,n,discreta_global,"(mu,lambda)",1.0
EE,ackley,0,1122,2.6507684935950238e-12,224630,30,200,n,discreta_global,"(mu,lambda)",1.0
EE,ackley,0,1123,3.0095925751538743e-12,224830,30,200,n,discreta_global,"(mu,lambda)",1.0
EE,ackley,0,1124,2.97761815204467e-12,225030,30,200,n,discreta_global,"(mu,lambda)",1.0
EE,ackley,0,1125,2.8816948827170563e-12,225230,30,200,n,discreta_global,"(mu,lambda)",1.0
EE,ackley,0,1126,3.929745417963204e-12,225430,30,200,n,discreta_global,"(mu,lambda)",1.0
EE,ackley,0,1127,2.4305002455093927e-12,225630,30,200,n,discreta_global,"(mu,lambda)",1.0
EE,ackley,0,1128,2.8390623185714503e-12,225830,30,200,n,discreta_global,"(mu,lambda)",1.0
EE,ackley,0,1129,3.983036123145212e-12,226030,30,200,n,discreta_global,"(mu,lambda)",1.0
EE,ackley,0,1130,4.221067939624845e-12,226230,30,200,n,discreta_global,"(mu,lambda)",1.0
EE,ackley,0,1131,4.356071059419264e-12,226430,30,200,n,discreta_global,"(mu,lambda)",1.0
EE,ackley,0,1132,4.046984969363621e-12,226630,30,200,n,discreta_global,"(mu,lambda)",1.0
EE,ackley,0,1133,4.366729200455666e-12,226830,30,200,n,discreta_global,"(mu,lambda)",1.0
EE,ackley,0,1134,3.979483409466411e-12,227030,30,200,n,discreta_global,"(mu,lambda)",1.0
EE,ackley,0,1135,3.219202682203104e-12,227230,30,200,n,discreta_global,"(mu,lambda)",1.0
EE,ackley,0,1136,2.5228708011582057e-12,227430,30,200,n,discreta_global,"(mu,lambda)",1.0
EE,ackley,0,1137,2.4305002455093927e-12,227630,30,200,n,discreta_global,"(mu,lambda)",1.0
EE,ackley,0,1138,2.920774733183862e-12,227830,30,200,n,discreta_global,"(mu,lambda)",1.0
EE,ackley,0,1139,3.233413536918306e-12,228030,30,200,n,discreta_global,"(mu,lambda)",1.0
EE,ackley,0,1140,2.7360336218862358e-12,228230,30,200,n,discreta_global,"(mu,lambda)",1.0
EE,ackley,0,1141,2.6969537714194303e-12,228430,30,200,n,discreta_global,"(mu,lambda)",1.0
EE,ackley,0,1142,3.11972669919669e-12,228630,30,200,n,discreta_global,"(mu,lambda)",1.0
EE,ackley,0,1143,2.4873436643702007e-12,228830,30,200,n,discreta_global,"(mu,lambda)",1.0
EE,ackley,0,1144,3.297362383136715e-12,229030,30,200,n,discreta_global,"(mu,lambda)",1.0
EE,ackley,0,1145,4.32764934998886e-12,229230,30,200,n,discreta_global,"(mu,lambda)",1.0
EE,ackley,0,1146,3.2724933873851114e-12,229430,30,200,n,discreta_global,"(mu,lambda)",1.0
EE,ackley,0,1147,2.348787830896981e-12,229630,30,200,n,discreta_global,"(mu,lambda)",1.0
EE,ackley,0,1148,3.33288951992472e-12,229830,30,200,n,discreta_global,"(mu,lambda)",1.0
EE,ackley,0,1149,3.6490810373379645e-12,230030,30,200,n,discreta_global,"(mu,lambda)",1.0
EE,ackley,0,1150,3.155253835984695e-12,230230,30,200,n,discreta_global,"(mu,lambda)",1.0
EE,ackley,0,1151,2.9314328742202633e-12,230430,30,200,n,discreta_global,"(mu,lambda)",1.0
EE,ackley,0,1152,3.936850845320805e-12,230630,30,200,n,discreta_global,"(mu,lambda)",1.0
EE,ackley,0,1153,4.420019905637673e-12,230830,30,200,n,discreta_global,"(mu,lambda)",1.0
EE,ackley,0,1154,3.311573237851917e-12,231030,30,200,n,discreta_global,"(mu,lambda)",1.0
EE,ackley,0,1155,3.8409275759931916e-12,231230,30,200,n,discreta_global,"(mu,lambda)",1.0
EE,ackley,0,1156,4.444888901389277e-12,231430,30,200,n,discreta_global,"(mu,lambda)",1.0
EE,ackley,0,1157,4.245936935376449e-12,231630,30,200,n,discreta_global,"(mu,lambda)",1.0
EE,ackley,0,1158,4.437783474031676e-12,231830,30,200,n,discreta_global,"(mu,lambda)",1.0
EE,ackley,0,1159,3.496314349149543e-12,232030,30,200,n,discreta_global,"(mu,lambda)",1.0
EE,ackley,0,1160,3.581579477440755e-12,232230,30,200,n,discreta_global,"(mu,lambda)",1.0
EE,ackley,0,1161,2.6969537714194303e-12,232430,30,200,n,discreta_global,"(mu,lambda)",1.0
EE,ackley,0,1162,2.9527491562930663e-12,232630,30,200,n,discreta_global,"(mu,lambda)",1.0
EE,ackley,0,1163,3.091304989766286e-12,232830,30,200,n,discreta_global,"(mu,lambda)",1.0
EE,ackley,0,1164,2.6401103525586223e-12,233030,30,200,n,discreta_global,"(mu,lambda)",1.0
EE,ackley,0,1165,2.885247596395857e-12,233230,30,200,n,discreta_global,"(mu,lambda)",1.0
EE,ackley,0,1166,3.808953152883987e-12,233430,30,200,n,discreta_global,"(mu,lambda)",1.0
EE,ackley,0,1167,4.306333067916057e-12,233630,30,200,n,discreta_global,"(mu,lambda)",1.0
EE,ackley,0,1168,3.460787212361538e-12,233830,30,200,n,discreta_global,"(mu,lambda)",1.0
EE,ackley,0,1169,4.075406678794025e-12,234030,30,200,n,discreta_global,"(mu,lambda)",1.0
EE,ackley,0,1170,4.203304371230843e-12,234230,30,200,n,discreta_global,"(mu,lambda)",1.0
EE,ackley,0,1171,4.295674926879656e-12,234430,30,200,n,discreta_global,"(mu,lambda)",1.0
EE,ackley,0,1172,3.983036123145212e-12,234630,30,200,n,discreta_global,"(mu,lambda)",1.0
EE,ackley,0,1173,4.089617533509227e-12,234830,30,200,n,discreta_global,"(mu,lambda)",1.0
EE,ackley,0,1174,3.5496050543315505e-12,235030,30,200,n,discreta_global,"(mu,lambda)",1.0
EE,ackley,0,1175,2.3381296898605797e-12,235230,30,200,n,discreta_global,"(mu,lambda)",1.0
EE,ackley,0,1176,2.9172220195050613e-12,235430,30,200,n,discreta_global,"(mu,lambda)",1.0
EE,ackley,0,1177,3.808953152883987e-12,235630,30,200,n,discreta_global,"(mu,lambda)",1.0
EE,ackley,0,1178,3.752109734023179e-12,235830,30,200,n,discreta_global,"(mu,lambda)",1.0
EE,ackley,0,1179,3.865796571744795e-12,236030,30,200,n,discreta_global,"(mu,lambda)",1.0
EE,ackley,0,1180,3.2369662505971064e-12,236230,30,200,n,discreta_global,"(mu,lambda)",1.0
EE,ackley,0,1181,3.823164007599189e-12,236430,30,200,n,discreta_global,"(mu,lambda)",1.0
EE,ackley,0,1182,3.1161739855178894e-12,236630,30,200,n,discreta_global,"(mu,lambda)",1.0
EE,ackley,0,1183,3.702371742519972e-12,236830,30,200,n,discreta_global,"(mu,lambda)",1.0
EE,ackley,0,1184,4.437783474031676e-12,237030,30,200,n,discreta_global,"(mu,lambda)",1.0
EE,ackley,0,1185,3.652633751016765e-12,237230,30,200,n,discreta_global,"(mu,lambda)",1.0
EE,ackley,0,1186,4.242384221697648e-12,237430,30,200,n,discreta_global,"(mu,lambda)",1.0
EE,ackley,0,1187,3.8338221486355906e-12,237630,30,200,n,discreta_global,"(mu,lambda)",1.0
EE,ackley,0,1188,3.745004306665578e-12,237830,30,200,n,discreta_global,"(mu,lambda)",1.0
EE,ackley,0,1189,3.837374862314391e-12,238030,30,200,n,discreta_global,"(mu,lambda)",1.0
EE,ackley,0,1190,3.5851321911195555e-12,238230,30,200,n,discreta_global,"(mu,lambda)",1.0
EE,ackley,0,1191,3.645528323659164e-12,238430,30,200,n,discreta_global,"(mu,lambda)",1.0
EE,ackley,0,1192,4.118039242939631e-12,238630,30,200,n,discreta_global,"(mu,lambda)",1.0
EE,ackley,0,1193,2.6969537714194303e-12,238830,30,200,n,discreta_global,"(mu,lambda)",1.0
EE,ackley,0,1194,3.5211833449011465e-12,239030,30,200,n,discreta_global,"(mu,lambda)",1.0
EE,ackley,0,1195,3.446576357646336e-12,239230,30,200,n,discreta_global,"(mu,lambda)",1.0
EE,ackley,0,1196,3.75921516138078e-12,239430,30,200,n,discreta_global,"(mu,lambda)",1.0
EE,ackley,0,1197,3.5211833449011465e-12,239630,30,200,n,discreta_global,"(mu,lambda)",1.0
EE,ackley,0,1198,2.8106406091410463e-12,239830,30,200,n,discreta_global,"(mu,lambda)",1.0
EE,ackley,0,1199,3.1303848402330914e-12,240030,30,200,n,discreta_global,"(mu,lambda)",1.0
EE,ackley,1,0,17.440524878536806,230,30,200,n,discreta_global,"(mu,lambda)",1.0
EE,ackley,1,1,15.944203340134534,430,30,200,n,discreta_global,"(mu,lambda)",1.0
EE,ackley,1,2,13.9578223755029,630,30,200,n,discreta_global,"(mu,lambda)",1.0
EE,ackley,1,3,13.115147754315634,830,30,200,n,discreta_global,"(mu,lambda)",1.0
EE,ackley,1,4,10.627084965188843,1030,30,200,n,discreta_global,"(mu,lambda)",1.0
EE,ackley,1,5,8.803195607784016,1230,30,200,n,discreta_global,"(mu,lambda)",1.0
EE,ackley,1,6,6.912397600515854,1430,30,200,n,discreta_global,"(mu,lambda)",1.0
EE,ackley,1,7,5.713640069508646,1630,30,200,n,discreta_global,"(mu,lambda)",1.0
EE,ackley,1,8,4.538535499655293,1830,30,200,n,discreta_global,"(mu,lambda)",1.0
EE,ackley,1,9,4.45520252659362,2030,30,200,n,discreta_global,"(mu,lambda)",1.0
EE,ackley,1,10,3.80489201538126,2230,30,200,n,discreta_global,"(mu,lambda)",1.0
EE,ackley,1,11,3.303815416203648,2430,30,200,n,discreta_global,"(mu,lambda)",1.0
EE,ackley,1,12,3.574141415776396,2630,30,200,n,discreta_global,"(mu,lambda)",1.0
EE,ackley,1,13,3.03447407763629,2830,30,200,n,discreta_global,"(mu,lambda)",1.0
EE,ackley,1,14,2.7676770344928845,3030,30,200,n,discreta_global,"(mu,lambda)",1.0
EE,ackley,1,15,1.7065559325956774,3230,30,200,n,discreta_global,"(mu,lambda)",1.0
EE,ackley,1,16,1.7043644097234538,3430,30,200,n,discreta_global,"(mu,lambda)",1.0
EE,ackley,1,17,1.4714729535764524,3630,30,200,n,discreta_global,"(mu,lambda)",1.0
EE,ackley,1,18,0.6897428451760459,3830,30,200,n,discreta_global,"(mu,lambda)",1.0
EE,ackley,1,19,0.6690092050185439,4030,30,200,n,discreta_global,"(mu,lambda)",1.0
EE,ackley,1,20,0.4348775233025468,4230,30,200,n,discreta_global,"(mu,lambda)",1.0
EE,ackley,1,21,0.34320759053643757,4430,30,200,n,discreta_global,"(mu,lambda)",1.0
EE,ackley,1,22,0.30643376337395667,4630,30,200,n,discreta_global,"(mu,lambda)",1.0
EE,ackley,1,23,0.21856991865855635,4830,30,200,n,discreta_global,"(mu,lambda)",1.0
EE,ackley,1,24,0.14005512686682353,5030,30,200,n,discreta_global,"(mu,lambda)",1.0
EE,ackley,1,25,0.14152256022791265,5230,30,200,n,discreta_global,"(mu,lambda)",1.0
EE,ackley,1,26,0.10170899016279877,5430,30,200,n,discreta_global,"(mu,lambda)",1.0
EE,ackley,1,27,0.05717836418190503,5630,30,200,n,discreta_global,"(mu,lambda)",1.0
EE,ackley,1,28,0.07652525455768044,5830,30,200,n,discreta_global,"(mu,lambda)",1.0
EE,ackley,1,29,0.06241983325082545,6030,30,200,n,discreta_global,"(mu,lambda)",1.0
EE,ackley,1,30,0.036720361618823194,6230,30,200,n,discreta_global,"(mu,lambda)",1.0
EE,ackley,1,31,0.04206661807670331,6430,30,200,n,discreta_global,"(mu,lambda)",1.0
EE,ackley,1,32,0.021905764788130444,6630,30,200,n,discreta_global,"(mu,lambda)",1.0
EE,ackley,1,33,0.024327961427119238,6830,30,200,n,discreta_global,"(mu,lambda)",1.0
EE,ackley,1,34,0.02307653772840057,7030,30,200,n,discreta_global,"(mu,lambda)",1.0
EE,ackley,1,35,0.018953746757834455,7230,30,200,n,discreta_global,"(mu,lambda)",1.0
EE,ackley,1,36,0.010218991841540959,7430,30,200,n,discreta_global,"(mu,lambda)",1.0
EE,ackley,1,37,0.012883713697093402,7630,30,200,n,discreta_global,"(mu,lambda)",1.0
EE,ackley,1,38,0.010741670225435929,7830,30,200,n,discreta_global,"(mu,lambda)",1.0
EE,ackley,1,39,0.006401559674185098,8030,30,200,n,discreta_global,"(mu,lambda)",1.0
EE,ackley,1,40,0.00409911228772275,8230,30,200,n,discreta_global,"(mu,lambda)",1.0
EE,ackley,1,41,0.004893866982410788,8430,30,200,n,discreta_global,"(mu,lambda)",1.0
EE,ackley,1,42,0.003394936489741429,8630,30,200,n,discreta_global,"(mu,lambda)",1.0
EE,ackley,1,43,0.0036878639155308868,8830,30,200,n,discreta_global,"(mu,lambda)",1.0
EE,ackley,1,44,0.0030727732773283556,9030,30,200,n,discreta_global,"(mu,lambda)",1.0
EE,ackley,1,45,0.002657854285815109,9230,30,200,n,discreta_global,"(mu,lambda)",1.0
EE,ackley,1,46,0.0017600185265078672,9430,30,200,n,discreta_global,"(mu,lambda)",1.0
EE,ackley,1,47,0.0016008901955584243,9630,30,200,n,discreta_global,"(mu,lambda)",1.0
EE,ackley,1,48,0.0013979249235132052,9830,30,200,n,discreta_global,"(mu,lambda)",1.0
EE,ackley,1,49,0.0011306899186966923,10030,30,200,n,discreta_global,"(mu,lambda)",1.0
EE,ackley,1,50,0.0009659398709520595,10230,30,200,n,discreta_global,"(mu,lambda)",1.0
EE,ackley,1,51,0.0007420072308765846,10430,30,200,n,discreta_global,"(mu,lambda)",1.0
EE,ackley,1,52,0.0006320111241717719,10630,30,200,n,discreta_global,"(mu,lambda)",1.0
EE,ackley,1,53,0.0004984440230306753,10830,30,200,n,discreta_global,"(mu,lambda)",1.0
EE,ackley,1,54,0.00042107855969719665,11030,30,200,n,discreta_global,"(mu,lambda)",1.0
EE,ackley,1,55,0.00040511636008178087,11230,30,200,n,discreta_global,"(mu,lambda)",1.0
EE,ackley,1,56,0.0002885926666640337,11430,30,200,n,discreta_global,"(mu,lambda)",1.0
EE,ackley,1,57,0.00021878413527831597,11630,30,200,n,discreta_global,"(mu,lambda)",1.0
EE,ackley,1,58,0.0002216768372851341,11830,30,200,n,discreta_global,"(mu,lambda)",1.0
EE,ackley,1,59,0.0001816398292580068,12030,30,200,n,discreta_global,"(mu,lambda)",1.0
EE,ackley,1,60,0.00015016783740096074,12230,30,200,n,discreta_global,"(mu,lambda)",1.0
EE,ackley,1,61,0.00012789498898202467,12430,30,200,n,discreta_global,"(mu,lambda)",1.0
EE,ackley,1,62,0.00010865626869760447,12630,30,200,n,discreta_global,"(mu,lambda)",1.0
EE,ackley,1,63,8.81189856980491e-05,12830,30,200,n,discreta_global,"(mu,lambda)",1.0
EE,ackley,1,64,8.772800054801522e-05,13030,30,200,n,discreta_global,"(mu,lambda)",1.0
EE,ackley,1,65,6.8583600818517e-05,13230,30,200,n,discreta_global,"(mu,lambda)",1.0
EE,ackley,1,66,5.12818126989778e-05,13430,30,200,n,discreta_global,"(mu,lambda)",1.0
EE,ackley,1,67,4.963552147474459e-05,13630,30,200,n,discreta_global,"(mu,lambda)",1.0
EE,ackley,1,68,3.0471896295569678e-05,13830,30,200,n,discreta_global,"(mu,lambda)",1.0
EE,ackley,1,69,1.780627169667426e-05,14030,30,200,n,discreta_global,"(mu,lambda)",1.0
EE,ackley,1,70,1.9172980178172594e-05,14230,30,200,n,discreta_global,"(mu,lambda)",1.0
EE,ackley,1,71,1.4191917131700649e-05,14430,30,200,n,discreta_global,"(mu,lambda)",1.0
EE,ackley,1,72,1.4800838358031143e-05,14630,30,200,n,discreta_global,"(mu,lambda)",1.0
EE,ackley,1,73,7.790620007330773e-06,14830,30,200,n,discreta_global,"(mu,lambda)",1.0
EE,ackley,1,74,8.684503488343154e-06,15030,30,200,n,discreta_global,"(mu,lambda)",1.0
EE,ackley,1,75,7.76079463493673e-06,15230,30,200,n,discreta_global,"(mu,lambda)",1.0
EE,ackley,1,76,6.294103503723392e-06,15430,30,200,n,discreta_global,"(mu,lambda)",1.0
EE,ackley,1,77,3.197264242249531e-06,15630,30,200,n,discreta_global,"(mu,lambda)",1.0
EE,ackley,1,78,4.946655693505164e-06,15830,30,200,n,discreta_global,"(mu,lambda)",1.0
EE,ackley,1,79,3.6378377470391854e-06,16030,30,200,n,discreta_global,"(mu,lambda)",1.0
EE,ackley,1,80,3.30257149672164e-06,16230,30,200,n,discreta_global,"(mu,lambda)",1.0
EE,ackley,1,81,2.770971232468611e-06,16430,30,200,n,discreta_global,"(mu,lambda)",1.0
EE,ackley,1,82,1.7488045824798348e-06,16630,30,200,n,discreta_global,"(mu,lambda)",1.0
EE,ackley,1,83,1.730018106105291e-06,16830,30,200,n,discreta_global,"(mu,lambda)",1.0
EE,ackley,1,84,1.4066781770516457e-06,17030,30,200,n,discreta_global,"(mu,lambda)",1.0
EE,ackley,1,85,1.119473232780166e-06,17230,30,200,n,discreta_global,"(mu,lambda)",1.0
EE,ackley,1,86,9.289955156255303e-07,17430,30,200,n,discreta_global,"(mu,lambda)",1.0
EE,ackley,1,87,5.640536540063579e-07,17630,30,200,n,discreta_global,"(mu,lambda)",1.0
EE,ackley,1,88,6.862381671801643e-07,17830,30,200,n,discreta_global,"(mu,lambda)",1.0
EE,ackley,1,89,5.264531819371143e-07,18030,30,200,n,discreta_global,"(mu,lambda)",1.0
EE,ackley,1,90,4.822924677405638e-07,18230,30,200,n,discreta_global,"(mu,lambda)",1.0
EE,ackley,1,91,2.2069393468271414e-07,18430,30,200,n,discreta_global,"(mu,lambda)",1.0
EE,ackley,1,92,2.51997672950921e-07,18630,30,200,n,discreta_global,"(mu,lambda)",1.0
EE,ackley,1,93,2.3667236037638872e-07,18830,30,200,n,discreta_global,"(mu,lambda)",1.0
EE,ackley,1,94,2.0366092856605178e-07,19030,30,200,n,discreta_global,"(mu,lambda)",1.0
EE,ackley,1,95,1.558905613485706e-07,19230,30,200,n,discreta_global,"(mu,lambda)",1.0
EE,ackley,1,96,9.565040004488878e-08,19430,30,200,n,discreta_global,"(mu,lambda)",1.0
EE,ackley,1,97,9.306765536010175e-08,19630,30,200,n,discreta_global,"(mu,lambda)",1.0
EE,ackley,1,98,8.094703973782202e-08,19830,30,200,n,discreta_global,"(mu,lambda)",1.0
EE,ackley,1,99,6.476839375935128e-08,20030,30,200,n,discreta_global,"(mu,lambda)",1.0
EE,ackley,1,100,5.199332564487236e-08,20230,30,200,n,discreta_global,"(mu,lambda)",1.0
EE,ackley,1,101,4.1424958130420464e-08,20430,30,200,n,discreta_global,"(mu,lambda)",1.0
EE,ackley,1,102,4.7649898693435944e-08,20630,30,200,n,discreta_global,"(mu,lambda)",1.0
EE,ackley,1,103,2.5849015816703513e-08,20830,30,200,n,discreta_global,"(mu,lambda)",1.0
EE,ackley,1,104,2.7918499956314236e-08,21030,30,200,n,discreta_global,"(mu,lambda)",1.0
EE,ackley,1,105,1.6401362490370275e-08,21230,30,200,n,discreta_global,"(mu,lambda)",1.0
EE,ackley,1,106,1.946491368087777e-08,21430,30,200,n,discreta_global,"(mu,lambda)",1.0
EE,ackley,1,107,1.4230817857452394e-08,21630,30,200,n,discreta_global,"(mu,lambda)",1.0
EE,ackley,1,108,1.1332503380145909e-08,21830,30,200,n,discreta_global,"(mu,lambda)",1.0
EE,ackley,1,109,1.1975473501735223e-08,22030,30,200,n,discreta_global,"(mu,lambda)",1.0
EE,ackley,1,110,6.573988020619481e-09,22230,30,200,n,discreta_global,"(mu,lambda)",1.0
EE,ackley,1,111,4.495060768050507e-09,22430,30,200,n,discreta_global,"(mu,lambda)",1.0
EE,ackley,1,112,5.351591614299878e-09,22630,30,200,n,discreta_global,"(mu,lambda)",1.0
EE,ackley,1,113,3.672810056087883e-09,22830,30,200,n,discreta_global,"(mu,lambda)",1.0
EE,ackley,1,114,3.4848182117741544e-09,23030,30,200,n,discreta_global,"(mu,lambda)",1.0
EE,ackley,1,115,2.6894828586421227e-09,23230,30,200,n,discreta_global,"(mu,lambda)",1.0
EE,ackley,1,116,1.675907856935055e-09,23430,30,200,n,discreta_global,"(mu,lambda)",1.0
EE,ackley,1,117,1.6276797687453382e-09,23630,30,200,n,discreta_global,"(mu,lambda)",1.0
EE,ackley,1,118,1.1598690896619246e-09,23830,30,200,n,discreta_global,"(mu,lambda)",1.0
EE,ackley,1,119,9.46450473549021e-10,24030,30,200,n,discreta_global,"(mu,lambda)",1.0
EE,ackley,1,120,8.543996621312999e-10,24230,30,200,n,discreta_global,"(mu,lambda)",1.0
EE,ackley,1,121,3.434554862735695e-10,24430,30,200,n,discreta_global,"(mu,lambda)",1.0
EE,ackley,1,122,4.5329118236736576e-10,24630,30,200,n,discreta_global,"(mu,lambda)",1.0
EE,ackley,1,123,3.7788128182114633e-10,24830,30,200,n,discreta_global,"(mu,lambda)",1.0
EE,ackley,1,124,3.2985569831112116e-10,25030,30,200,n,discreta_global,"(mu,lambda)",1.0
EE,ackley,1,125,1.975419827715541e-10,25230,30,200,n,discreta_global,"(mu,lambda)",1.0
EE,ackley,1,126,2.0921619992009255e-10,25430,30,200,n,discreta_global,"(mu,lambda)",1.0
EE,ackley,1,127,1.67020619556979e-10,25630,30,200,n,discreta_global,"(mu,lambda)",1.0
EE,ackley,1,128,1.7082202319329554e-10,25830,30,200,n,discreta_global,"(mu,lambda)",1.0
EE,ackley,1,129,1.2893197620655883e-10,26030,30,200,n,discreta_global,"(mu,lambda)",1.0
EE,ackley,1,130,8.846301469134232e-11,26230,30,200,n,discreta_global,"(mu,lambda)",1.0
EE,ackley,1,131,6.388178874772166e-11,26430,30,200,n,discreta_global,"(mu,lambda)",1.0
EE,ackley,1,132,3.0596414291039764e-11,26630,30,200,n,discreta_global,"(mu,lambda)",1.0
EE,ackley,1,133,4.456213176240453e-11,26830,30,200,n,discreta_global,"(mu,lambda)",1.0
EE,ackley,1,134,3.1957103630020356e-11,27030,30,200,n,discreta_global,"(mu,lambda)",1.0
EE,ackley,1,135,3.431255279906509e-11,27230,30,200,n,discreta_global,"(mu,lambda)",1.0
EE,ackley,1,136,2.66067168297468e-11,27430,30,200,n,discreta_global,"(mu,lambda)",1.0
EE,ackley,1,137,1.906785840333214e-11,27630,30,200,n,discreta_global,"(mu,lambda)",1.0
EE,ackley,1,138,1.780309233367916e-11,27830,30,200,n,discreta_global,"(mu,lambda)",1.0
EE,ackley,1,139,1.568212226743526e-11,28030,30,200,n,discreta_global,"(mu,lambda)",1.0
EE,ackley,1,140,1.3557599487512562e-11,28230,30,200,n,discreta_global,"(mu,lambda)",1.0
EE,ackley,1,141,1.0484502155350128e-11,28430,30,200,n,discreta_global,"(mu,lambda)",1.0
EE,ackley,1,142,9.091838393260332e-12,28630,30,200,n,discreta_global,"(mu,lambda)",1.0
EE,ackley,1,143,7.979839011795775e-12,28830,30,200,n,discreta_global,"(mu,lambda)",1.0
EE,ackley,1,144,5.944134073843088e-12,29030,30,200,n,discreta_global,"(mu,lambda)",1.0
EE,ackley,1,145,4.533706743359289e-12,29230,30,200,n,discreta_global,"(mu,lambda)",1.0
EE,ackley,1,146,4.693578858905312e-12,29430,30,200,n,discreta_global,"(mu,lambda)",1.0
EE,ackley,1,147,4.647393581080905e-12,29630,30,200,n,discreta_global,"(mu,lambda)",1.0
EE,ackley,1,148,3.8125058665627876e-12,29830,30,200,n,discreta_global,"(mu,lambda)",1.0
EE,ackley,1,149,4.782396700875324e-12,30030,30,200,n,discreta_global,"(mu,lambda)",1.0
EE,ackley,1,150,4.618971871650501e-12,30230,30,200,n,discreta_global,"(mu,lambda)",1.0
EE,ackley,1,151,3.816058580241588e-12,30430,30,200,n,discreta_global,"(mu,lambda)",1.0
EE,ackley,1,152,3.773426016095982e-12,30630,30,200,n,discreta_global,"(mu,lambda)",1.0
EE,ackley,1,153,3.681055460447169e-12,30830,30,200,n,discreta_global,"(mu,lambda)",1.0
EE,ackley,1,154,3.954614413714808e-12,31030,30,200,n,discreta_global,"(mu,lambda)",1.0
EE,ackley,1,155,4.153566379727636e-12,31230,30,200,n,discreta_global,"(mu,lambda)",1.0
EE,ackley,1,156,4.306333067916057e-12,31430,30,200,n,discreta_global,"(mu,lambda)",1.0
EE,ackley,1,157,2.956301869971867e-12,31630,30,200,n,discreta_global,"(mu,lambda)",1.0
EE,ackley,1,158,4.096722960866828e-12,31830,30,200,n,discreta_global,"(mu,lambda)",1.0
EE,ackley,1,159,3.8409275759931916e-12,32030,30,200,n,discreta_global,"(mu,lambda)",1.0
EE,ackley,1,160,3.965272554751209e-12,32230,30,200,n,discreta_global,"(mu,lambda)",1.0
EE,ackley,1,161,3.9013237085328e-12,32430,30,200,n,discreta_global,"(mu,lambda)",1.0
EE,ackley,1,162,4.46975789714088e-12,32630,30,200,n,discreta_global,"(mu,lambda)",1.0
EE,ackley,1,163,3.5140779175435455e-12,32830,30,200,n,discreta_global,"(mu,lambda)",1.0
EE,ackley,1,164,2.7040591987770313e-12,33030,30,200,n,discreta_global,"(mu,lambda)",1.0
EE,ackley,1,165,3.212097254845503e-12,33230,30,200,n,discreta_global,"(mu,lambda)",1.0
EE,ackley,1,166,3.588684904798356e-12,33430,30,200,n,discreta_global,"(mu,lambda)",1.0
EE,ackley,1,167,2.7395863355650363e-12,33630,30,200,n,discreta_global,"(mu,lambda)",1.0
EE,ackley,1,168,3.325784092567119e-12,33830,30,200,n,discreta_global,"(mu,lambda)",1.0
EE,ackley,1,169,3.2724933873851114e-12,34030,30,200,n,discreta_global,"(mu,lambda)",1.0
EE,ackley,1,170,3.5496050543315505e-12,34230,30,200,n,discreta_global,"(mu,lambda)",1.0
EE,ackley,1,171,3.954614413714808e-12,34430,30,200,n,discreta_global,"(mu,lambda)",1.0
EE,ackley,1,172,3.745004306665578e-12,34630,30,200,n,discreta_global,"(mu,lambda)",1.0
EE,ackley,1,173,3.5211833449011465e-12,34830,30,200,n,discreta_global,"(mu,lambda)",1.0
EE,ackley,1,174,3.2938096694579144e-12,35030,30,200,n,discreta_global,"(mu,lambda)",1.0
EE,ackley,1,175,3.880007426459997e-12,35230,30,200,n,discreta_global,"(mu,lambda)",1.0
EE,ackley,1,176,4.160671807085237e-12,35430,30,200,n,discreta_global,"(mu,lambda)",1.0
EE,ackley,1,177,3.5922376184771565e-12,35630,30,200,n,discreta_global,"(mu,lambda)",1.0
EE,ackley,1,178,3.54605234065275e-12,35830,30,200,n,discreta_global,"(mu,lambda)",1.0
EE,ackley,1,179,3.4217073618947325e-12,36030,30,200,n,discreta_global,"(mu,lambda)",1.0
EE,ackley,1,180,3.7414515929867775e-12,36230,30,200,n,discreta_global,"(mu,lambda)",1.0
EE,ackley,1,181,4.064748537757623e-12,36430,30,200,n,discreta_global,"(mu,lambda)",1.0
EE,ackley,1,182,4.366729200455666e-12,36630,30,200,n,discreta_global,"(mu,lambda)",1.0
EE,ackley,1,183,3.61710661422876e-12,36830,30,200,n,discreta_global,"(mu,lambda)",1.0
EE,ackley,1,184,3.0664359940146824e-12,37030,30,200,n,discreta_global,"(mu,lambda)",1.0
EE,ackley,1,185,3.567368622725553e-12,37230,30,200,n,discreta_global,"(mu,lambda)",1.0
EE,ackley,1,186,3.1801228317362984e-12,37430,30,200,n,discreta_global,"(mu,lambda)",1.0
EE,ackley,1,187,3.3364422336035204e-12,37630,30,200,n,discreta_global,"(mu,lambda)",1.0
EE,ackley,1,188,2.7893243270682433e-12,37830,30,200,n,discreta_global,"(mu,lambda)",1.0
EE,ackley,1,189,3.489208921791942e-12,38030,30,200,n,discreta_global,"(mu,lambda)",1.0
EE,ackley,1,190,3.339994947282321e-12,38230,30,200,n,discreta_global,"(mu,lambda)",1.0
EE,ackley,1,191,2.942091015256665e-12,38430,30,200,n,discreta_global,"(mu,lambda)",1.0
EE,ackley,1,192,3.979483409466411e-12,38630,30,200,n,discreta_global,"(mu,lambda)",1.0
EE,ackley,1,193,4.316991208952459e-12,38830,30,200,n,discreta_global,"(mu,lambda)",1.0
EE,ackley,1,194,3.0166980025114754e-12,39030,30,200,n,discreta_global,"(mu,lambda)",1.0
EE,ackley,1,195,3.538946913295149e-12,39230,30,200,n,discreta_global,"(mu,lambda)",1.0
EE,ackley,1,196,2.7395863355650363e-12,39430,30,200,n,discreta_global,"(mu,lambda)",1.0
EE,ackley,1,197,2.5974777884130162e-12,39630,30,200,n,discreta_global,"(mu,lambda)",1.0
EE,ackley,1,198,3.794742298168785e-12,39830,30,200,n,discreta_global,"(mu,lambda)",1.0
EE,ackley,1,199,3.126832126554291e-12,40030,30,200,n,discreta_global,"(mu,lambda)",1.0
EE,ackley,1,200,3.8764547127811966e-12,40230,30,200,n,discreta_global,"(mu,lambda)",1.0
EE,ackley,1,201,3.588684904798356e-12,40430,30,200,n,discreta_global,"(mu,lambda)",1.0
EE,ackley,1,202,4.142908238691234e-12,40630,30,200,n,discreta_global,"(mu,lambda)",1.0
EE,ackley,1,203,2.8461677459290513e-12,40830,30,200,n,discreta_global,"(mu,lambda)",1.0
EE,ackley,1,204,4.228173366982446e-12,41030,30,200,n,discreta_global,"(mu,lambda)",1.0
EE,ackley,1,205,4.036326828327219e-12,41230,30,200,n,discreta_global,"(mu,lambda)",1.0
EE,ackley,1,206,3.986588836824012e-12,41430,30,200,n,discreta_global,"(mu,lambda)",1.0
EE,ackley,1,207,3.2795988147427124e-12,41630,30,200,n,discreta_global,"(mu,lambda)",1.0
EE,ackley,1,208,2.4482638139033952e-12,41830,30,200,n,discreta_global,"(mu,lambda)",1.0
EE,ackley,1,209,2.9953817204386723e-12,42030,30,200,n,discreta_global,"(mu,lambda)",1.0
EE,ackley,1,210,3.5353941996163485e-12,42230,30,200,n,discreta_global,"(mu,lambda)",1.0
EE,ackley,1,211,3.04867242562068e-12,42430,30,200,n,discreta_global,"(mu,lambda)",1.0
EE,ackley,1,212,3.68816088780477e-12,42630,30,200,n,discreta_global,"(mu,lambda)",1.0
EE,ackley,1,213,3.33288951992472e-12,42830,30,200,n,discreta_global,"(mu,lambda)",1.0
EE,ackley,1,214,2.7395863355650363e-12,43030,30,200,n,discreta_global,"(mu,lambda)",1.0
EE,ackley,1,215,2.83550960489265e-12,43230,30,200,n,discreta_global,"(mu,lambda)",1.0
EE,ackley,1,216,2.007727317732133e-12,43430,30,200,n,discreta_global,"(mu,lambda)",1.0
EE,ackley,1,217,3.997246977860414e-12,43630,30,200,n,discreta_global,"(mu,lambda)",1.0
EE,ackley,1,218,2.9527491562930663e-12,43830,30,200,n,discreta_global,"(mu,lambda)",1.0
EE,ackley,1,219,3.4074965071795305e-12,44030,30,200,n,discreta_global,"(mu,lambda)",1.0
EE,ackley,1,220,3.254729818991109e-12,44230,30,200,n,discreta_global,"(mu,lambda)",1.0
EE,ackley,1,221,2.7431390492438368e-12,44430,30,200,n,discreta_global,"(mu,lambda)",1.0
EE,ackley,1,222,3.4572344986827375e-12,44630,30,200,n,discreta_global,"(mu,lambda)",1.0
EE,ackley,1,223,3.283151528421513e-12,44830,30,200,n,discreta_global,"(mu,lambda)",1.0
EE,ackley,1,224,3.673950033089568e-12,45030,30,200,n,discreta_global,"(mu,lambda)",1.0
EE,ackley,1,225,3.610001186871159e-12,45230,30,200,n,discreta_global,"(mu,lambda)",1.0
EE,ackley,1,226,3.1730174043786974e-12,45430,30,200,n,discreta_global,"(mu,lambda)",1.0
EE,ackley,1,227,3.4714453533979395e-12,45630,30,200,n,discreta_global,"(mu,lambda)",1.0
EE,ackley,1,228,3.0380142845842784e-12,45830,30,200,n,discreta_global,"(mu,lambda)",1.0
EE,ackley,1,229,3.631317468943962e-12,46030,30,200,n,discreta_global,"(mu,lambda)",1.0
EE,ackley,1,230,4.000799691539214e-12,46230,30,200,n,discreta_global,"(mu,lambda)",1.0
EE,ackley,1,231,3.411049220858331e-12,46430,30,200,n,discreta_global,"(mu,lambda)",1.0
EE,ackley,1,232,3.084199562408685e-12,46630,30,200,n,discreta_global,"(mu,lambda)",1.0
EE,ackley,1,233,2.8888003100746573e-12,46830,30,200,n,discreta_global,"(mu,lambda)",1.0
EE,ackley,1,234,3.887112853817598e-12,47030,30,200,n,discreta_global,"(mu,lambda)",1.0
EE,ackley,1,235,3.6135539005499595e-12,47230,30,200,n,discreta_global,"(mu,lambda)",1.0
EE,ackley,1,236,3.8196112939203886e-12,47430,30,200,n,discreta_global,"(mu,lambda)",1.0
EE,ackley,1,237,3.4288127892523335e-12,47630,30,200,n,discreta_global,"(mu,lambda)",1.0
EE,ackley,1,238,3.880007426459997e-12,47830,30,200,n,discreta_global,"(mu,lambda)",1.0
EE,ackley,1,239,2.97761815204467e-12,48030,30,200,n,discreta_global,"(mu,lambda)",1.0
EE,ackley,1,240,3.6064484731923585e-12,48230,30,200,n,discreta_global,"(mu,lambda)",1.0
EE,ackley,1,241,4.341860204704062e-12,48430,30,200,n,discreta_global,"(mu,lambda)",1.0
EE,ackley,1,242,2.97761815204467e-12,48630,30,200,n,discreta_global,"(mu,lambda)",1.0
EE,ackley,1,243,3.7343461656291765e-12,48830,30,200,n,discreta_global,"(mu,lambda)",1.0
EE,ackley,1,244,3.0451197119418794e-12,49030,30,200,n,discreta_global,"(mu,lambda)",1.0
EE,ackley,1,245,3.240518964275907e-12,49230,30,200,n,discreta_global,"(mu,lambda)",1.0
EE,ackley,1,246,3.958167127393608e-12,49430,30,200,n,discreta_global,"(mu,lambda)",1.0
EE,ackley,1,247,4.178435375479239e-12,49630,30,200,n,discreta_global,"(mu,lambda)",1.0
EE,ackley,1,248,3.041566998263079e-12,49830,30,200,n,discreta_global,"(mu,lambda)",1.0
EE,ackley,1,249,3.5353941996163485e-12,50030,30,200,n,discreta_global,"(mu,lambda)",1.0
EE,ackley,1,250,4.626077299008102e-12,50230,30,200,n,discreta_global,"(mu,lambda)",1.0
EE,ackley,1,251,3.6419756099803635e-12,50430,30,200,n,discreta_global,"(mu,lambda)",1.0
EE,ackley,1,252,2.6081359294494177e-12,50630,30,200,n,discreta_global,"(mu,lambda)",1.0
EE,ackley,1,253,3.5851321911195555e-12,50830,30,200,n,discreta_global,"(mu,lambda)",1.0
EE,ackley,1,254,4.018563259933217e-12,51030,30,200,n,discreta_global,"(mu,lambda)",1.0
EE,ackley,1,255,3.9048764222116006e-12,51230,30,200,n,discreta_global,"(mu,lambda)",1.0
EE,ackley,1,256,3.318678665209518e-12,51430,30,200,n,discreta_global,"(mu,lambda)",1.0
EE,ackley,1,257,3.3932856524643285e-12,51630,30,200,n,discreta_global,"(mu,lambda)",1.0
EE,ackley,1,258,3.6561864646955655e-12,51830,30,200,n,discreta_global,"(mu,lambda)",1.0
EE,ackley,1,259,2.9953817204386723e-12,52030,30,200,n,discreta_global,"(mu,lambda)",1.0
EE,ackley,1,260,3.47499806707674e-12,52230,30,200,n,discreta_global,"(mu,lambda)",1.0
EE,ackley,1,261,3.83026943495679e-12,52430,30,200,n,discreta_global,"(mu,lambda)",1.0
EE,ackley,1,262,3.9048764222116006e-12,52630,30,200,n,discreta_global,"(mu,lambda)",1.0
EE,ackley,1,263,3.6277647552651615e-12,52830,30,200,n,discreta_global,"(mu,lambda)",1.0
EE,ackley,1,264,3.5851321911195555e-12,53030,30,200,n,discreta_global,"(mu,lambda)",1.0
EE,ackley,1,265,4.579892021183696e-12,53230,30,200,n,discreta_global,"(mu,lambda)",1.0
EE,ackley,1,266,3.176570118057498e-12,53430,30,200,n,discreta_global,"(mu,lambda)",1.0
EE,ackley,1,267,3.510525203864745e-12,53630,30,200,n,discreta_global,"(mu,lambda)",1.0
EE,ackley,1,268,4.000799691539214e-12,53830,30,200,n,discreta_global,"(mu,lambda)",1.0
EE,ackley,1,269,4.078959392472825e-12,54030,30,200,n,discreta_global,"(mu,lambda)",1.0
EE,ackley,1,270,4.189093516515641e-12,54230,30,200,n,discreta_global,"(mu,lambda)",1.0
EE,ackley,1,271,4.331202063667661e-12,54430,30,200,n,discreta_global,"(mu,lambda)",1.0
EE,ackley,1,272,3.0166980025114754e-12,54630,30,200,n,discreta_global,"(mu,lambda)",1.0
EE,ackley,1,273,4.164224520764037e-12,54830,30,200,n,discreta_global,"(mu,lambda)",1.0
EE,ackley,1,274,3.0735414213722834e-12,55030,30,200,n,discreta_global,"(mu,lambda)",1.0
EE,ackley,1,275,3.0948577034450864e-12,55230,30,200,n,discreta_global,"(mu,lambda)",1.0
EE,ackley,1,276,3.723688024592775e-12,55430,30,200,n,discreta_global,"(mu,lambda)",1.0
EE,ackley,1,277,3.489208921791942e-12,55630,30,200,n,discreta_global,"(mu,lambda)",1.0
EE,ackley,1,278,3.091304989766286e-12,55830,30,200,n,discreta_global,"(mu,lambda)",1.0
EE,ackley,1,279,2.9598545836506673e-12,56030,30,200,n,discreta_global,"(mu,lambda)",1.0
EE,ackley,1,280,3.325784092567119e-12,56230,30,200,n,discreta_global,"(mu,lambda)",1.0
EE,ackley,1,281,4.153566379727636e-12,56430,30,200,n,discreta_global,"(mu,lambda)",1.0
EE,ackley,1,282,3.8409275759931916e-12,56630,30,200,n,discreta_global,"(mu,lambda)",1.0
EE,ackley,1,283,4.53725945703809e-12,56830,30,200,n,discreta_global,"(mu,lambda)",1.0
EE,ackley,1,284,3.4643399260403385e-12,57030,30,200,n,discreta_global,"(mu,lambda)",1.0
EE,ackley,1,285,2.9527491562930663e-12,57230,30,200,n,discreta_global,"(mu,lambda)",1.0
EE,ackley,1,286,3.432365502931134e-12,57430,30,200,n,discreta_global,"(mu,lambda)",1.0
EE,ackley,1,287,2.6045832157706172e-12,57630,30,200,n,discreta_global,"(mu,lambda)",1.0
EE,ackley,1,288,3.851585717029593e-12,57830,30,200,n,discreta_global,"(mu,lambda)",1.0
EE,ackley,1,289,3.4146019345371315e-12,58030,30,200,n,discreta_global,"(mu,lambda)",1.0
EE,ackley,1,290,3.872901999102396e-12,58230,30,200,n,discreta_global,"(mu,lambda)",1.0
EE,ackley,1,291,4.444888901389277e-12,58430,30,200,n,discreta_global,"(mu,lambda)",1.0
EE,ackley,1,292,3.9119818495692016e-12,58630,30,200,n,discreta_global,"(mu,lambda)",1.0
EE,ackley,1,293,3.588684904798356e-12,58830,30,200,n,discreta_global,"(mu,lambda)",1.0
EE,ackley,1,294,4.082512106151626e-12,59030,30,200,n,discreta_global,"(mu,lambda)",1.0
EE,ackley,1,295,3.6703973194107675e-12,59230,30,200,n,discreta_global,"(mu,lambda)",1.0
EE,ackley,1,296,2.934985587899064e-12,59430,30,200,n,discreta_global,"(mu,lambda)",1.0
EE,ackley,1,297,3.5140779175435455e-12,59630,30,200,n,discreta_global,"(mu,lambda)",1.0
EE,ackley,1,298,3.6277647552651615e-12,59830,30,200,n,discreta_global,"(mu,lambda)",1.0
EE,ackley,1,299,2.5193180874794052e-12,60030,30,200,n,discreta_global,"(mu,lambda)",1.0
EE,ackley,1,300,3.8622438580659946e-12,60230,30,200,n,discreta_global,"(mu,lambda)",1.0
EE,ackley,1,301,3.4003910798219295e-12,60430,30,200,n,discreta_global,"(mu,lambda)",1.0
EE,ackley,1,302,2.391420395042587e-12,60630,30,200,n,discreta_global,"(mu,lambda)",1.0
EE,ackley,1,303,2.7644553313166398e-12,60830,30,200,n,discreta_global,"(mu,lambda)",1.0
EE,ackley,1,304,4.118039242939631e-12,61030,30,200,n,discreta_global,"(mu,lambda)",1.0
EE,ackley,1,305,2.7147173398134328e-12,61230,30,200,n,discreta_global,"(mu,lambda)",1.0
EE,ackley,1,306,3.1019631308026874e-12,61430,30,200,n,discreta_global,"(mu,lambda)",1.0
EE,ackley,1,307,4.249489649055249e-12,61630,30,200,n,discreta_global,"(mu,lambda)",1.0
EE,ackley,1,308,3.9119818495692016e-12,61830,30,200,n,discreta_global,"(mu,lambda)",1.0
EE,ackley,1,309,4.213962512267244e-12,62030,30,200,n,discreta_global,"(mu,lambda)",1.0
EE,ackley,1,310,4.224620653303646e-12,62230,30,200,n,discreta_global,"(mu,lambda)",1.0
EE,ackley,1,311,4.011457832575616e-12,62430,30,200,n,discreta_global,"(mu,lambda)",1.0
EE,ackley,1,312,3.3719693703915254e-12,62630,30,200,n,discreta_global,"(mu,lambda)",1.0
EE,ackley,1,313,3.453681785003937e-12,62830,30,200,n,discreta_global,"(mu,lambda)",1.0
EE,ackley,1,314,2.5299762285158067e-12,63030,30,200,n,discreta_global,"(mu,lambda)",1.0
EE,ackley,1,315,3.3222313788883184e-12,63230,30,200,n,discreta_global,"(mu,lambda)",1.0
EE,ackley,1,316,4.650946294759706e-12,63430,30,200,n,discreta_global,"(mu,lambda)",1.0
EE,ackley,1,317,3.055777852978281e-12,63630,30,200,n,discreta_global,"(mu,lambda)",1.0
EE,ackley,1,318,2.7537971902802383e-12,63830,30,200,n,discreta_global,"(mu,lambda)",1.0
EE,ackley,1,319,2.7680080449954403e-12,64030,30,200,n,discreta_global,"(mu,lambda)",1.0
EE,ackley,1,320,3.7272407382715755e-12,64230,30,200,n,discreta_global,"(mu,lambda)",1.0
EE,ackley,1,321,3.588684904798356e-12,64430,30,200,n,discreta_global,"(mu,lambda)",1.0
EE,ackley,1,322,3.6561864646955655e-12,64630,30,200,n,discreta_global,"(mu,lambda)",1.0
EE,ackley,1,323,3.247624391633508e-12,64830,30,200,n,discreta_global,"(mu,lambda)",1.0
EE,ackley,1,324,3.318678665209518e-12,65030,30,200,n,discreta_global,"(mu,lambda)",1.0
EE,ackley,1,325,4.235278794340047e-12,65230,30,200,n,discreta_global,"(mu,lambda)",1.0
EE,ackley,1,326,3.5211833449011465e-12,65430,30,200,n,discreta_global,"(mu,lambda)",1.0
EE,ackley,1,327,4.054090396721222e-12,65630,30,200,n,discreta_global,"(mu,lambda)",1.0
EE,ackley,1,328,4.03987954200602e-12,65830,30,200,n,discreta_global,"(mu,lambda)",1.0
EE,ackley,1,329,3.7698733024171815e-12,66030,30,200,n,discreta_global,"(mu,lambda)",1.0
EE,ackley,1,330,2.970512724687069e-12,66230,30,200,n,discreta_global,"(mu,lambda)",1.0
EE,ackley,1,331,3.773426016095982e-12,66430,30,200,n,discreta_global,"(mu,lambda)",1.0
EE,ackley,1,332,3.5922376184771565e-12,66630,30,200,n,discreta_global,"(mu,lambda)",1.0
EE,ackley,1,333,3.997246977860414e-12,66830,30,200,n,discreta_global,"(mu,lambda)",1.0
EE,ackley,1,334,2.7999824681046448e-12,67030,30,200,n,discreta_global,"(mu,lambda)",1.0
EE,ackley,1,335,3.4288127892523335e-12,67230,30,200,n,discreta_global,"(mu,lambda)",1.0
EE,ackley,1,336,3.197886400130301e-12,67430,30,200,n,discreta_global,"(mu,lambda)",1.0
EE,ackley,1,337,2.291944412036173e-12,67630,30,200,n,discreta_global,"(mu,lambda)",1.0
EE,ackley,1,338,3.659739178374366e-12,67830,30,200,n,discreta_global,"(mu,lambda)",1.0
EE,ackley,1,339,4.107381101903229e-12,68030,30,200,n,discreta_global,"(mu,lambda)",1.0
EE,ackley,1,340,3.297362383136715e-12,68230,30,200,n,discreta_global,"(mu,lambda)",1.0
EE,ackley,1,341,3.6064484731923585e-12,68430,30,200,n,discreta_global,"(mu,lambda)",1.0
EE,ackley,1,342,4.533706743359289e-12,68630,30,200,n,discreta_global,"(mu,lambda)",1.0
EE,ackley,1,343,3.9048764222116006e-12,68830,30,200,n,discreta_global,"(mu,lambda)",1.0
EE,ackley,1,344,4.221067939624845e-12,69030,30,200,n,discreta_global,"(mu,lambda)",1.0
EE,ackley,1,345,4.281464072164454e-12,69230,30,200,n,discreta_global,"(mu,lambda)",1.0
EE,ackley,1,346,3.7698733024171815e-12,69430,30,200,n,discreta_global,"(mu,lambda)",1.0
EE,ackley,1,347,4.210409798588444e-12,69630,30,200,n,discreta_global,"(mu,lambda)",1.0
EE,ackley,1,348,3.297362383136715e-12,69830,30,200,n,discreta_global,"(mu,lambda)",1.0
EE,ackley,1,349,4.046984969363621e-12,70030,30,200,n,discreta_global,"(mu,lambda)",1.0
EE,ackley,1,350,3.723688024592775e-12,70230,30,200,n,discreta_global,"(mu,lambda)",1.0
EE,ackley,1,351,3.4856562081131415e-12,70430,30,200,n,discreta_global,"(mu,lambda)",1.0
EE,ackley,1,352,3.47499806707674e-12,70630,30,200,n,discreta_global,"(mu,lambda)",1.0
EE,ackley,1,353,4.078959392472825e-12,70830,30,200,n,discreta_global,"(mu,lambda)",1.0
EE,ackley,1,354,3.212097254845503e-12,71030,30,200,n,discreta_global,"(mu,lambda)",1.0
EE,ackley,1,355,3.851585717029593e-12,71230,30,200,n,discreta_global,"(mu,lambda)",1.0
EE,ackley,1,356,4.25659507641285e-12,71430,30,200,n,discreta_global,"(mu,lambda)",1.0
EE,ackley,1,357,2.878142169038256e-12,71630,30,200,n,discreta_global,"(mu,lambda)",1.0
EE,ackley,1,358,2.5903723610554152e-12,71830,30,200,n,discreta_global,"(mu,lambda)",1.0
EE,ackley,1,359,3.858691144387194e-12,72030,30,200,n,discreta_global,"(mu,lambda)",1.0
EE,ackley,1,360,3.233413536918306e-12,72230,30,200,n,discreta_global,"(mu,lambda)",1.0
EE,ackley,1,361,3.3790747977491264e-12,72430,30,200,n,discreta_global,"(mu,lambda)",1.0
EE,ackley,1,362,3.5567104816891515e-12,72630,30,200,n,discreta_global,"(mu,lambda)",1.0
EE,ackley,1,363,3.6917136014835705e-12,72830,30,200,n,discreta_global,"(mu,lambda)",1.0
EE,ackley,1,364,2.9456437289354653e-12,73030,30,200,n,discreta_global,"(mu,lambda)",1.0
EE,ackley,1,365,3.368416656712725e-12,73230,30,200,n,discreta_global,"(mu,lambda)",1.0
EE,ackley,1,366,3.5567104816891515e-12,73430,30,200,n,discreta_global,"(mu,lambda)",1.0
EE,ackley,1,367,3.1943336864515004e-12,73630,30,200,n,discreta_global,"(mu,lambda)",1.0
EE,ackley,1,368,3.204991827487902e-12,73830,30,200,n,discreta_global,"(mu,lambda)",1.0
EE,ackley,1,369,3.169464690699897e-12,74030,30,200,n,discreta_global,"(mu,lambda)",1.0
EE,ackley,1,370,4.000799691539214e-12,74230,30,200,n,discreta_global,"(mu,lambda)",1.0
EE,ackley,1,371,3.034461570905478e-12,74430,30,200,n,discreta_global,"(mu,lambda)",1.0
EE,ackley,1,372,4.135802811333633e-12,74630,30,200,n,discreta_global,"(mu,lambda)",1.0
EE,ackley,1,373,3.0238034298690764e-12,74830,30,200,n,discreta_global,"(mu,lambda)",1.0
EE,ackley,1,374,3.865796571744795e-12,75030,30,200,n,discreta_global,"(mu,lambda)",1.0
EE,ackley,1,375,3.47499806707674e-12,75230,30,200,n,discreta_global,"(mu,lambda)",1.0
EE,ackley,1,376,3.141042981269493e-12,75430,30,200,n,discreta_global,"(mu,lambda)",1.0
EE,ackley,1,377,3.4359182166099345e-12,75630,30,200,n,discreta_global,"(mu,lambda)",1.0
EE,ackley,1,378,3.4785507807555405e-12,75830,30,200,n,discreta_global,"(mu,lambda)",1.0
EE,ackley,1,379,3.581579477440755e-12,76030,30,200,n,discreta_global,"(mu,lambda)",1.0
EE,ackley,1,380,3.844480289671992e-12,76230,30,200,n,discreta_global,"(mu,lambda)",1.0
EE,ackley,1,381,4.352518345740464e-12,76430,30,200,n,discreta_global,"(mu,lambda)",1.0
EE,ackley,1,382,3.1907809727727e-12,76630,30,200,n,discreta_global,"(mu,lambda)",1.0
EE,ackley,1,383,3.062883280335882e-12,76830,30,200,n,discreta_global,"(mu,lambda)",1.0
EE,ackley,1,384,4.451994328746878e-12,77030,30,200,n,discreta_global,"(mu,lambda)",1.0
EE,ackley,1,385,2.7715607586742408e-12,77230,30,200,n,discreta_global,"(mu,lambda)",1.0
EE,ackley,1,386,3.3435476609611214e-12,77430,30,200,n,discreta_global,"(mu,lambda)",1.0
EE,ackley,1,387,3.574474050083154e-12,77630,30,200,n,discreta_global,"(mu,lambda)",1.0
EE,ackley,1,388,3.631317468943962e-12,77830,30,200,n,discreta_global,"(mu,lambda)",1.0
EE,ackley,1,389,4.164224520764037e-12,78030,30,200,n,discreta_global,"(mu,lambda)",1.0
EE,ackley,1,390,4.213962512267244e-12,78230,30,200,n,discreta_global,"(mu,lambda)",1.0
EE,ackley,1,391,3.3790747977491264e-12,78430,30,200,n,discreta_global,"(mu,lambda)",1.0
EE,ackley,1,392,2.8745894553594553e-12,78630,30,200,n,discreta_global,"(mu,lambda)",1.0
EE,ackley,1,393,4.260147790091651e-12,78830,30,200,n,discreta_global,"(mu,lambda)",1.0
EE,ackley,1,394,3.155253835984695e-12,79030,30,200,n,discreta_global,"(mu,lambda)",1.0
EE,ackley,1,395,3.418154648215932e-12,79230,30,200,n,discreta_global,"(mu,lambda)",1.0
EE,ackley,1,396,4.224620653303646e-12,79430,30,200,n,discreta_global,"(mu,lambda)",1.0
EE,ackley,1,397,3.9048764222116006e-12,79630,30,200,n,discreta_global,"(mu,lambda)",1.0
EE,ackley,1,398,4.377387341492067e-12,79830,30,200,n,discreta_global,"(mu,lambda)",1.0
EE,ackley,1,399,3.3506530883187224e-12,80030,30,200,n,discreta_global,"(mu,lambda)",1.0
EE,ackley,1,400,3.602895759513558e-12,80230,30,200,n,discreta_global,"(mu,lambda)",1.0
EE,ackley,1,401,3.780531443453583e-12,80430,30,200,n,discreta_global,"(mu,lambda)",1.0
EE,ackley,1,402,3.26183524634871e-12,80630,30,200,n,discreta_global,"(mu,lambda)",1.0
EE,ackley,1,403,3.226308109560705e-12,80830,30,200,n,discreta_global,"(mu,lambda)",1.0
EE,ackley,1,404,3.7272407382715755e-12,81030,30,200,n,discreta_global,"(mu,lambda)",1.0
EE,ackley,1,405,3.858691144387194e-12,81230,30,200,n,discreta_global,"(mu,lambda)",1.0
EE,ackley,1,406,3.432365502931134e-12,81430,30,200,n,discreta_global,"(mu,lambda)",1.0
EE,ackley,1,407,3.865796571744795e-12,81630,30,200,n,discreta_global,"(mu,lambda)",1.0
EE,ackley,1,408,4.086064819830426e-12,81830,30,200,n,discreta_global,"(mu,lambda)",1.0
EE,ackley,1,409,3.531841485937548e-12,82030,30,200,n,discreta_global,"(mu,lambda)",1.0
EE,ackley,1,410,3.432365502931134e-12,82230,30,200,n,discreta_global,"(mu,lambda)",1.0
EE,ackley,1,411,4.331202063667661e-12,82430,30,200,n,discreta_global,"(mu,lambda)",1.0
EE,ackley,1,412,3.389732938785528e-12,82630,30,200,n,discreta_global,"(mu,lambda)",1.0
EE,ackley,1,413,4.427125332995274e-12,82830,30,200,n,discreta_global,"(mu,lambda)",1.0
EE,ackley,1,414,3.887112853817598e-12,83030,30,200,n,discreta_global,"(mu,lambda)",1.0
EE,ackley,1,415,3.226308109560705e-12,83230,30,200,n,discreta_global,"(mu,lambda)",1.0
EE,ackley,1,416,2.6685320619890263e-12,83430,30,200,n,discreta_global,"(mu,lambda)",1.0
EE,ackley,1,417,2.5690560789826122e-12,83630,30,200,n,discreta_global,"(mu,lambda)",1.0
EE,ackley,1,418,3.297362383136715e-12,83830,30,200,n,discreta_global,"(mu,lambda)",1.0
EE,ackley,1,419,3.631317468943962e-12,84030,30,200,n,discreta_global,"(mu,lambda)",1.0
EE,ackley,1,420,3.368416656712725e-12,84230,30,200,n,discreta_global,"(mu,lambda)",1.0
EE,ackley,1,421,4.292122213200855e-12,84430,30,200,n,discreta_global,"(mu,lambda)",1.0
EE,ackley,1,422,3.6632918920531665e-12,84630,30,200,n,discreta_global,"(mu,lambda)",1.0
EE,ackley,1,423,3.084199562408685e-12,84830,30,200,n,discreta_global,"(mu,lambda)",1.0
EE,ackley,1,424,3.5851321911195555e-12,85030,30,200,n,discreta_global,"(mu,lambda)",1.0
EE,ackley,1,425,3.666844605731967e-12,85230,30,200,n,discreta_global,"(mu,lambda)",1.0
EE,ackley,1,426,3.702371742519972e-12,85430,30,200,n,discreta_global,"(mu,lambda)",1.0
EE,ackley,1,427,4.022115973612017e-12,85630,30,200,n,discreta_global,"(mu,lambda)",1.0
EE,ackley,1,428,3.7840841571323836e-12,85830,30,200,n,discreta_global,"(mu,lambda)",1.0
EE,ackley,1,429,3.4074965071795305e-12,86030,30,200,n,discreta_global,"(mu,lambda)",1.0
EE,ackley,1,430,3.0877522760874854e-12,86230,30,200,n,discreta_global,"(mu,lambda)",1.0
EE,ackley,1,431,2.7786661860318418e-12,86430,30,200,n,discreta_global,"(mu,lambda)",1.0
EE,ackley,1,432,3.7698733024171815e-12,86630,30,200,n,discreta_global,"(mu,lambda)",1.0
EE,ackley,1,433,3.3719693703915254e-12,86830,30,200,n,discreta_global,"(mu,lambda)",1.0
EE,ackley,1,434,3.780531443453583e-12,87030,30,200,n,discreta_global,"(mu,lambda)",1.0
EE,ackley,1,435,2.8461677459290513e-12,87230,30,200,n,discreta_global,"(mu,lambda)",1.0
EE,ackley,1,436,3.297362383136715e-12,87430,30,200,n,discreta_global,"(mu,lambda)",1.0
EE,ackley,1,437,3.61710661422876e-12,87630,30,200,n,discreta_global,"(mu,lambda)",1.0
EE,ackley,1,438,3.915534563248002e-12,87830,30,200,n,discreta_global,"(mu,lambda)",1.0
EE,ackley,1,439,3.61710661422876e-12,88030,30,200,n,discreta_global,"(mu,lambda)",1.0
EE,ackley,1,440,3.2298608232395054e-12,88230,30,200,n,discreta_global,"(mu,lambda)",1.0
EE,ackley,1,441,3.965272554751209e-12,88430,30,200,n,discreta_global,"(mu,lambda)",1.0
EE,ackley,1,442,3.6206593279075605e-12,88630,30,200,n,discreta_global,"(mu,lambda)",1.0
EE,ackley,1,443,3.6703973194107675e-12,88830,30,200,n,discreta_global,"(mu,lambda)",1.0
EE,ackley,1,444,3.8693492854235956e-12,89030,30,200,n,discreta_global,"(mu,lambda)",1.0
EE,ackley,1,445,3.3790747977491264e-12,89230,30,200,n,discreta_global,"(mu,lambda)",1.0
EE,ackley,1,446,3.375522084070326e-12,89430,30,200,n,discreta_global,"(mu,lambda)",1.0
EE,ackley,1,447,3.418154648215932e-12,89630,30,200,n,discreta_global,"(mu,lambda)",1.0
EE,ackley,1,448,2.828404177535049e-12,89830,30,200,n,discreta_global,"(mu,lambda)",1.0
EE,ackley,1,449,3.816058580241588e-12,90030,30,200,n,discreta_global,"(mu,lambda)",1.0
EE,ackley,1,450,2.7715607586742408e-12,90230,30,200,n,discreta_global,"(mu,lambda)",1.0
EE,ackley,1,451,3.8835601401387976e-12,90430,30,200,n,discreta_global,"(mu,lambda)",1.0
EE,ackley,1,452,3.8125058665627876e-12,90630,30,200,n,discreta_global,"(mu,lambda)",1.0
EE,ackley,1,453,4.093170247188027e-12,90830,30,200,n,discreta_global,"(mu,lambda)",1.0
EE,ackley,1,454,3.887112853817598e-12,91030,30,200,n,discreta_global,"(mu,lambda)",1.0
EE,ackley,1,455,3.9013237085328e-12,91230,30,200,n,discreta_global,"(mu,lambda)",1.0
EE,ackley,1,456,4.054090396721222e-12,91430,30,200,n,discreta_global,"(mu,lambda)",1.0
EE,ackley,1,457,3.2369662505971064e-12,91630,30,200,n,discreta_global,"(mu,lambda)",1.0
EE,ackley,1,458,3.382627511427927e-12,91830,30,200,n,discreta_global,"(mu,lambda)",1.0
EE,ackley,1,459,3.212097254845503e-12,92030,30,200,n,discreta_global,"(mu,lambda)",1.0
EE,ackley,1,460,3.347100374639922e-12,92230,30,200,n,discreta_global,"(mu,lambda)",1.0
EE,ackley,1,461,3.197886400130301e-12,92430,30,200,n,discreta_global,"(mu,lambda)",1.0
EE,ackley,1,462,4.189093516515641e-12,92630,30,200,n,discreta_global,"(mu,lambda)",1.0
EE,ackley,1,463,3.418154648215932e-12,92830,30,200,n,discreta_global,"(mu,lambda)",1.0
EE,ackley,1,464,3.467892639719139e-12,93030,30,200,n,discreta_global,"(mu,lambda)",1.0
EE,ackley,1,465,3.276046101063912e-12,93230,30,200,n,discreta_global,"(mu,lambda)",1.0
EE,ackley,1,466,2.7928770407470438e-12,93430,30,200,n,discreta_global,"(mu,lambda)",1.0
EE,ackley,1,467,3.631317468943962e-12,93630,30,200,n,discreta_global,"(mu,lambda)",1.0
EE,ackley,1,468,3.610001186871159e-12,93830,30,200,n,discreta_global,"(mu,lambda)",1.0
EE,ackley,1,469,3.1872282590938994e-12,94030,30,200,n,discreta_global,"(mu,lambda)",1.0
EE,ackley,1,470,3.467892639719139e-12,94230,30,200,n,discreta_global,"(mu,lambda)",1.0
EE,ackley,1,471,3.290256955779114e-12,94430,30,200,n,discreta_global,"(mu,lambda)",1.0
EE,ackley,1,472,3.531841485937548e-12,94630,30,200,n,discreta_global,"(mu,lambda)",1.0
EE,ackley,1,473,3.61710661422876e-12,94830,30,200,n,discreta_global,"(mu,lambda)",1.0
EE,ackley,1,474,3.5780267637619545e-12,95030,30,200,n,discreta_global,"(mu,lambda)",1.0
EE,ackley,1,475,3.943956272678406e-12,95230,30,200,n,discreta_global,"(mu,lambda)",1.0
EE,ackley,1,476,3.681055460447169e-12,95430,30,200,n,discreta_global,"(mu,lambda)",1.0
EE,ackley,1,477,1.6417978088156815e-12,95630,30,200,n,discreta_global,"(mu,lambda)",1.0
EE,ackley,1,478,3.6348701826227625e-12,95830,30,200,n,discreta_global,"(mu,lambda)",1.0
EE,ackley,1,479,2.7040591987770313e-12,96030,30,200,n,discreta_global,"(mu,lambda)",1.0
EE,ackley,1,480,4.515943174965287e-12,96230,30,200,n,discreta_global,"(mu,lambda)",1.0
EE,ackley,1,481,2.949196442614266e-12,96430,30,200,n,discreta_global,"(mu,lambda)",1.0
EE,ackley,1,482,3.695266315162371e-12,96630,30,200,n,discreta_global,"(mu,lambda)",1.0
EE,ackley,1,483,4.356071059419264e-12,96830,30,200,n,discreta_global,"(mu,lambda)",1.0
EE,ackley,1,484,3.865796571744795e-12,97030,30,200,n,discreta_global,"(mu,lambda)",1.0
EE,ackley,1,485,3.96882526843001e-12,97230,30,200,n,discreta_global,"(mu,lambda)",1.0
EE,ackley,1,486,3.3009150968155154e-12,97430,30,200,n,discreta_global,"(mu,lambda)",1.0
EE,ackley,1,487,3.61710661422876e-12,97630,30,200,n,discreta_global,"(mu,lambda)",1.0
EE,ackley,1,488,3.794742298168785e-12,97830,30,200,n,discreta_global,"(mu,lambda)",1.0
EE,ackley,1,489,3.1303848402330914e-12,98030,30,200,n,discreta_global,"(mu,lambda)",1.0
EE,ackley,1,490,3.176570118057498e-12,98230,30,200,n,discreta_global,"(mu,lambda)",1.0
EE,ackley,1,491,3.2795988147427124e-12,98430,30,200,n,discreta_global,"(mu,lambda)",1.0
EE,ackley,1,492,3.1445956949482934e-12,98630,30,200,n,discreta_global,"(mu,lambda)",1.0
EE,ackley,1,493,4.089617533509227e-12,98830,30,200,n,discreta_global,"(mu,lambda)",1.0
EE,ackley,1,494,2.3026025530725747e-12,99030,30,200,n,discreta_global,"(mu,lambda)",1.0
EE,ackley,1,495,4.313438495273658e-12,99230,30,200,n,discreta_global,"(mu,lambda)",1.0
EE,ackley,1,496,2.6898483440618293e-12,99430,30,200,n,discreta_global,"(mu,lambda)",1.0
EE,ackley,1,497,3.961719841072409e-12,99630,30,200,n,discreta_global,"(mu,lambda)",1.0
EE,ackley,1,498,3.4430236439675355e-12,99830,30,200,n,discreta_global,"(mu,lambda)",1.0
EE,ackley,1,499,3.68816088780477e-12,100030,30,200,n,discreta_global,"(mu,lambda)",1.0
EE,ackley,1,500,3.126832126554291e-12,100230,30,200,n,discreta_global,"(mu,lambda)",1.0
EE,ackley,1,501,4.004352405218015e-12,100430,30,200,n,discreta_global,"(mu,lambda)",1.0
EE,ackley,1,502,4.018563259933217e-12,100630,30,200,n,discreta_global,"(mu,lambda)",1.0
EE,ackley,1,503,3.2085445411667024e-12,100830,30,200,n,discreta_global,"(mu,lambda)",1.0
EE,ackley,1,504,3.041566998263079e-12,101030,30,200,n,discreta_global,"(mu,lambda)",1.0
EE,ackley,1,505,3.283151528421513e-12,101230,30,200,n,discreta_global,"(mu,lambda)",1.0
EE,ackley,1,506,3.666844605731967e-12,101430,30,200,n,discreta_global,"(mu,lambda)",1.0
EE,ackley,1,507,3.7485570203443785e-12,101630,30,200,n,discreta_global,"(mu,lambda)",1.0
EE,ackley,1,508,4.515943174965287e-12,101830,30,200,n,discreta_global,"(mu,lambda)",1.0
EE,ackley,1,509,4.498179606571284e-12,102030,30,200,n,discreta_global,"(mu,lambda)",1.0
EE,ackley,1,510,3.9475089863572066e-12,102230,30,200,n,discreta_global,"(mu,lambda)",1.0
EE,ackley,1,511,3.68816088780477e-12,102430,30,200,n,discreta_global,"(mu,lambda)",1.0
EE,ackley,1,512,3.2298608232395054e-12,102630,30,200,n,discreta_global,"(mu,lambda)",1.0
EE,ackley,1,513,3.752109734023179e-12,102830,30,200,n,discreta_global,"(mu,lambda)",1.0
EE,ackley,1,514,4.096722960866828e-12,103030,30,200,n,discreta_global,"(mu,lambda)",1.0
EE,ackley,1,515,3.8125058665627876e-12,103230,30,200,n,discreta_global,"(mu,lambda)",1.0
EE,ackley,1,516,3.5638159090467525e-12,103430,30,200,n,discreta_global,"(mu,lambda)",1.0
EE,ackley,1,517,2.6934010577406298e-12,103630,30,200,n,discreta_global,"(mu,lambda)",1.0
EE,ackley,1,518,4.174882661800439e-12,103830,30,200,n,discreta_global,"(mu,lambda)",1.0
EE,ackley,1,519,3.702371742519972e-12,104030,30,200,n,discreta_global,"(mu,lambda)",1.0
EE,ackley,1,520,3.439470930288735e-12,104230,30,200,n,discreta_global,"(mu,lambda)",1.0
EE,ackley,1,521,2.5974777884130162e-12,104430,30,200,n,discreta_global,"(mu,lambda)",1.0
EE,ackley,1,522,1.6560086635308835e-12,104630,30,200,n,discreta_global,"(mu,lambda)",1.0
EE,ackley,1,523,2.8603786006442533e-12,104830,30,200,n,discreta_global,"(mu,lambda)",1.0
EE,ackley,1,524,2.8106406091410463e-12,105030,30,200,n,discreta_global,"(mu,lambda)",1.0
EE,ackley,1,525,3.6419756099803635e-12,105230,30,200,n,discreta_global,"(mu,lambda)",1.0
EE,ackley,1,526,4.018563259933217e-12,105430,30,200,n,discreta_global,"(mu,lambda)",1.0
EE,ackley,1,527,3.2298608232395054e-12,105630,30,200,n,discreta_global,"(mu,lambda)",1.0
EE,ackley,1,528,3.6632918920531665e-12,105830,30,200,n,discreta_global,"(mu,lambda)",1.0
EE,ackley,1,529,3.11972669919669e-12,106030,30,200,n,discreta_global,"(mu,lambda)",1.0
EE,ackley,1,530,3.425260075573533e-12,106230,30,200,n,discreta_global,"(mu,lambda)",1.0
EE,ackley,1,531,4.107381101903229e-12,106430,30,200,n,discreta_global,"(mu,lambda)",1.0
EE,ackley,1,532,2.8248514638562483e-12,106630,30,200,n,discreta_global,"(mu,lambda)",1.0
EE,ackley,1,533,2.6152413568070187e-12,106830,30,200,n,discreta_global,"(mu,lambda)",1.0
EE,ackley,1,534,3.0877522760874854e-12,107030,30,200,n,discreta_global,"(mu,lambda)",1.0
EE,ackley,1,535,2.6720847756678268e-12,107230,30,200,n,discreta_global,"(mu,lambda)",1.0
EE,ackley,1,536,3.2653879600275104e-12,107430,30,200,n,discreta_global,"(mu,lambda)",1.0
EE,ackley,1,537,4.150013666048835e-12,107630,30,200,n,discreta_global,"(mu,lambda)",1.0
EE,ackley,1,538,4.078959392472825e-12,107830,30,200,n,discreta_global,"(mu,lambda)",1.0
EE,ackley,1,539,3.4643399260403385e-12,108030,30,200,n,discreta_global,"(mu,lambda)",1.0
EE,ackley,1,540,3.9332981316420046e-12,108230,30,200,n,discreta_global,"(mu,lambda)",1.0
EE,ackley,1,541,3.020250716190276e-12,108430,30,200,n,discreta_global,"(mu,lambda)",1.0
EE,ackley,1,542,3.4643399260403385e-12,108630,30,200,n,discreta_global,"(mu,lambda)",1.0
EE,ackley,1,543,3.510525203864745e-12,108830,30,200,n,discreta_global,"(mu,lambda)",1.0
EE,ackley,1,544,3.610001186871159e-12,109030,30,200,n,discreta_global,"(mu,lambda)",1.0
EE,ackley,1,545,3.069988707693483e-12,109230,30,200,n,discreta_global,"(mu,lambda)",1.0
EE,ackley,1,546,4.270805931128052e-12,109430,30,200,n,discreta_global,"(mu,lambda)",1.0
EE,ackley,1,547,4.000799691539214e-12,109630,30,200,n,discreta_global,"(mu,lambda)",1.0
EE,ackley,1,548,3.8764547127811966e-12,109830,30,200,n,discreta_global,"(mu,lambda)",1.0
EE,ackley,1,549,2.6507684935950238e-12,110030,30,200,n,discreta_global,"(mu,lambda)",1.0
EE,ackley,1,550,3.268940673706311e-12,110230,30,200,n,discreta_global,"(mu,lambda)",1.0
EE,ackley,1,551,3.1943336864515004e-12,110430,30,200,n,discreta_global,"(mu,lambda)",1.0
EE,ackley,1,552,3.1730174043786974e-12,110630,30,200,n,discreta_global,"(mu,lambda)",1.0
EE,ackley,1,553,3.460787212361538e-12,110830,30,200,n,discreta_global,"(mu,lambda)",1.0
EE,ackley,1,554,3.062883280335882e-12,111030,30,200,n,discreta_global,"(mu,lambda)",1.0
EE,ackley,1,555,2.3097079804301757e-12,111230,30,200,n,discreta_global,"(mu,lambda)",1.0
EE,ackley,1,556,3.503419776507144e-12,111430,30,200,n,discreta_global,"(mu,lambda)",1.0
EE,ackley,1,557,2.142730437526552e-12,111630,30,200,n,discreta_global,"(mu,lambda)",1.0
EE,ackley,1,558,3.929745417963204e-12,111830,30,200,n,discreta_global,"(mu,lambda)",1.0
EE,ackley,1,559,3.084199562408685e-12,112030,30,200,n,discreta_global,"(mu,lambda)",1.0
EE,ackley,1,560,2.97761815204467e-12,112230,30,200,n,discreta_global,"(mu,lambda)",1.0
EE,ackley,1,561,3.339994947282321e-12,112430,30,200,n,discreta_global,"(mu,lambda)",1.0
EE,ackley,1,562,3.943956272678406e-12,112630,30,200,n,discreta_global,"(mu,lambda)",1.0
EE,ackley,1,563,3.396838366143129e-12,112830,30,200,n,discreta_global,"(mu,lambda)",1.0
EE,ackley,1,564,3.453681785003937e-12,113030,30,200,n,discreta_global,"(mu,lambda)",1.0
EE,ackley,1,565,3.6917136014835705e-12,113230,30,200,n,discreta_global,"(mu,lambda)",1.0
EE,ackley,1,566,3.418154648215932e-12,113430,30,200,n,discreta_global,"(mu,lambda)",1.0
EE,ackley,1,567,3.865796571744795e-12,113630,30,200,n,discreta_global,"(mu,lambda)",1.0
EE,ackley,1,568,3.4288127892523335e-12,113830,30,200,n,discreta_global,"(mu,lambda)",1.0
EE,ackley,1,569,3.6917136014835705e-12,114030,30,200,n,discreta_global,"(mu,lambda)",1.0
EE,ackley,1,570,4.242384221697648e-12,114230,30,200,n,discreta_global,"(mu,lambda)",1.0
EE,ackley,1,571,3.3506530883187224e-12,114430,30,200,n,discreta_global,"(mu,lambda)",1.0
EE,ackley,1,572,4.615419157971701e-12,114630,30,200,n,discreta_global,"(mu,lambda)",1.0
EE,ackley,1,573,4.242384221697648e-12,114830,30,200,n,discreta_global,"(mu,lambda)",1.0
EE,ackley,1,574,2.9882762930810713e-12,115030,30,200,n,discreta_global,"(mu,lambda)",1.0
EE,ackley,1,575,3.489208921791942e-12,115230,30,200,n,discreta_global,"(mu,lambda)",1.0
EE,ackley,1,576,3.297362383136715e-12,115430,30,200,n,discreta_global,"(mu,lambda)",1.0
EE,ackley,1,577,3.8196112939203886e-12,115630,30,200,n,discreta_global,"(mu,lambda)",1.0
EE,ackley,1,578,2.0183854587685346e-12,115830,30,200,n,discreta_global,"(mu,lambda)",1.0
EE,ackley,1,579,3.3506530883187224e-12,116030,30,200,n,discreta_global,"(mu,lambda)",1.0
EE,ackley,1,580,2.5299762285158067e-12,116230,30,200,n,discreta_global,"(mu,lambda)",1.0
EE,ackley,1,581,2.5832669336978142e-12,116430,30,200,n,discreta_global,"(mu,lambda)",1.0
EE,ackley,1,582,2.9385383015778643e-12,116630,30,200,n,discreta_global,"(mu,lambda)",1.0
EE,ackley,1,583,3.666844605731967e-12,116830,30,200,n,discreta_global,"(mu,lambda)",1.0
EE,ackley,1,584,2.7751134723530413e-12,117030,30,200,n,discreta_global,"(mu,lambda)",1.0
EE,ackley,1,585,2.6756374893466273e-12,117230,30,200,n,discreta_global,"(mu,lambda)",1.0
EE,ackley,1,586,3.126832126554291e-12,117430,30,200,n,discreta_global,"(mu,lambda)",1.0
EE,ackley,1,587,3.8338221486355906e-12,117630,30,200,n,discreta_global,"(mu,lambda)",1.0
EE,ackley,1,588,2.9243274468626623e-12,117830,30,200,n,discreta_global,"(mu,lambda)",1.0
EE,ackley,1,589,3.204991827487902e-12,118030,30,200,n,discreta_global,"(mu,lambda)",1.0
EE,ackley,1,590,3.368416656712725e-12,118230,30,200,n,discreta_global,"(mu,lambda)",1.0
EE,ackley,1,591,3.077094135051084e-12,118430,30,200,n,discreta_global,"(mu,lambda)",1.0
EE,ackley,1,592,4.451994328746878e-12,118630,30,200,n,discreta_global,"(mu,lambda)",1.0
EE,ackley,1,593,4.171329948121638e-12,118830,30,200,n,discreta_global,"(mu,lambda)",1.0
EE,ackley,1,594,3.453681785003937e-12,119030,30,200,n,discreta_global,"(mu,lambda)",1.0
EE,ackley,1,595,3.382627511427927e-12,119230,30,200,n,discreta_global,"(mu,lambda)",1.0
EE,ackley,1,596,3.97237798210881e-12,119430,30,200,n,discreta_global,"(mu,lambda)",1.0
EE,ackley,1,597,3.7698733024171815e-12,119630,30,200,n,discreta_global,"(mu,lambda)",1.0
EE,ackley,1,598,4.000799691539214e-12,119830,30,200,n,discreta_global,"(mu,lambda)",1.0
EE,ackley,1,599,3.2511771053123084e-12,120030,30,200,n,discreta_global,"(mu,lambda)",1.0
EE,ackley,1,600,3.503419776507144e-12,120230,30,200,n,discreta_global,"(mu,lambda)",1.0
EE,ackley,1,601,3.247624391633508e-12,120430,30,200,n,discreta_global,"(mu,lambda)",1.0
EE,ackley,1,602,3.553157768010351e-12,120630,30,200,n,discreta_global,"(mu,lambda)",1.0
EE,ackley,1,603,3.638422896301563e-12,120830,30,200,n,discreta_global,"(mu,lambda)",1.0
EE,ackley,1,604,3.5211833449011465e-12,121030,30,200,n,discreta_global,"(mu,lambda)",1.0
EE,ackley,1,605,3.347100374639922e-12,121230,30,200,n,discreta_global,"(mu,lambda)",1.0
EE,ackley,1,606,3.204991827487902e-12,121430,30,200,n,discreta_global,"(mu,lambda)",1.0
EE,ackley,1,607,3.1374902675906924e-12,121630,30,200,n,discreta_global,"(mu,lambda)",1.0
EE,ackley,1,608,3.077094135051084e-12,121830,30,200,n,discreta_global,"(mu,lambda)",1.0
EE,ackley,1,609,3.027356143547877e-12,122030,30,200,n,discreta_global,"(mu,lambda)",1.0
EE,ackley,1,610,3.2440716779547074e-12,122230,30,200,n,discreta_global,"(mu,lambda)",1.0
EE,ackley,1,611,2.899458451111059e-12,122430,30,200,n,discreta_global,"(mu,lambda)",1.0
EE,ackley,1,612,3.496314349149543e-12,122630,30,200,n,discreta_global,"(mu,lambda)",1.0
EE,ackley,1,613,3.808953152883987e-12,122830,30,200,n,discreta_global,"(mu,lambda)",1.0
EE,ackley,1,614,3.6135539005499595e-12,123030,30,200,n,discreta_global,"(mu,lambda)",1.0
EE,ackley,1,615,3.354205801997523e-12,123230,30,200,n,discreta_global,"(mu,lambda)",1.0
EE,ackley,1,616,3.9048764222116006e-12,123430,30,200,n,discreta_global,"(mu,lambda)",1.0
EE,ackley,1,617,4.448441615068077e-12,123630,30,200,n,discreta_global,"(mu,lambda)",1.0
EE,ackley,1,618,4.096722960866828e-12,123830,30,200,n,discreta_global,"(mu,lambda)",1.0
EE,ackley,1,619,3.595790332155957e-12,124030,30,200,n,discreta_global,"(mu,lambda)",1.0
EE,ackley,1,620,3.5638159090467525e-12,124230,30,200,n,discreta_global,"(mu,lambda)",1.0
EE,ackley,1,621,3.702371742519972e-12,124430,30,200,n,discreta_global,"(mu,lambda)",1.0
EE,ackley,1,622,3.5638159090467525e-12,124630,30,200,n,discreta_global,"(mu,lambda)",1.0
EE,ackley,1,623,3.7343461656291765e-12,124830,30,200,n,discreta_global,"(mu,lambda)",1.0
EE,ackley,1,624,4.196198943873242e-12,125030,30,200,n,discreta_global,"(mu,lambda)",1.0
EE,ackley,1,625,3.709477169877573e-12,125230,30,200,n,discreta_global,"(mu,lambda)",1.0
EE,ackley,1,626,3.311573237851917e-12,125430,30,200,n,discreta_global,"(mu,lambda)",1.0
EE,ackley,1,627,3.83026943495679e-12,125630,30,200,n,discreta_global,"(mu,lambda)",1.0
EE,ackley,1,628,3.2724933873851114e-12,125830,30,200,n,discreta_global,"(mu,lambda)",1.0
EE,ackley,1,629,3.3790747977491264e-12,126030,30,200,n,discreta_global,"(mu,lambda)",1.0
EE,ackley,1,630,4.018563259933217e-12,126230,30,200,n,discreta_global,"(mu,lambda)",1.0
EE,ackley,1,631,3.794742298168785e-12,126430,30,200,n,discreta_global,"(mu,lambda)",1.0
EE,ackley,1,632,3.538946913295149e-12,126630,30,200,n,discreta_global,"(mu,lambda)",1.0
EE,ackley,1,633,3.460787212361538e-12,126830,30,200,n,discreta_global,"(mu,lambda)",1.0
EE,ackley,1,634,3.226308109560705e-12,127030,30,200,n,discreta_global,"(mu,lambda)",1.0
EE,ackley,1,635,3.4074965071795305e-12,127230,30,200,n,discreta_global,"(mu,lambda)",1.0
EE,ackley,1,636,3.68816088780477e-12,127430,30,200,n,discreta_global,"(mu,lambda)",1.0
EE,ackley,1,637,3.801847725526386e-12,127630,30,200,n,discreta_global,"(mu,lambda)",1.0
EE,ackley,1,638,2.5548452242674102e-12,127830,30,200,n,discreta_global,"(mu,lambda)",1.0
EE,ackley,1,639,3.0806468487298844e-12,128030,30,200,n,discreta_global,"(mu,lambda)",1.0
EE,ackley,1,640,3.83026943495679e-12,128230,30,200,n,discreta_global,"(mu,lambda)",1.0
EE,ackley,1,641,4.036326828327219e-12,128430,30,200,n,discreta_global,"(mu,lambda)",1.0
EE,ackley,1,642,3.4785507807555405e-12,128630,30,200,n,discreta_global,"(mu,lambda)",1.0
EE,ackley,1,643,4.455547042425678e-12,128830,30,200,n,discreta_global,"(mu,lambda)",1.0
EE,ackley,1,644,3.880007426459997e-12,129030,30,200,n,discreta_global,"(mu,lambda)",1.0
EE,ackley,1,645,4.533706743359289e-12,129230,30,200,n,discreta_global,"(mu,lambda)",1.0
EE,ackley,1,646,3.084199562408685e-12,129430,30,200,n,discreta_global,"(mu,lambda)",1.0
EE,ackley,1,647,4.231726080661247e-12,129630,30,200,n,discreta_global,"(mu,lambda)",1.0
EE,ackley,1,648,2.3949731087213877e-12,129830,30,200,n,discreta_global,"(mu,lambda)",1.0
EE,ackley,1,649,2.871036741680655e-12,130030,30,200,n,discreta_global,"(mu,lambda)",1.0
EE,ackley,1,650,3.716582597235174e-12,130230,30,200,n,discreta_global,"(mu,lambda)",1.0
EE,ackley,1,651,3.8054004392051866e-12,130430,30,200,n,discreta_global,"(mu,lambda)",1.0
EE,ackley,1,652,3.880007426459997e-12,130630,30,200,n,discreta_global,"(mu,lambda)",1.0
EE,ackley,1,653,3.3861802251067274e-12,130830,30,200,n,discreta_global,"(mu,lambda)",1.0
EE,ackley,1,654,2.7076119124558318e-12,131030,30,200,n,discreta_global,"(mu,lambda)",1.0
EE,ackley,1,655,3.510525203864745e-12,131230,30,200,n,discreta_global,"(mu,lambda)",1.0
EE,ackley,1,656,3.922639990605603e-12,131430,30,200,n,discreta_global,"(mu,lambda)",1.0
EE,ackley,1,657,2.7715607586742408e-12,131630,30,200,n,discreta_global,"(mu,lambda)",1.0
EE,ackley,1,658,3.276046101063912e-12,131830,30,200,n,discreta_global,"(mu,lambda)",1.0
EE,ackley,1,659,4.270805931128052e-12,132030,30,200,n,discreta_global,"(mu,lambda)",1.0
EE,ackley,1,660,3.47499806707674e-12,132230,30,200,n,discreta_global,"(mu,lambda)",1.0
EE,ackley,1,661,4.142908238691234e-12,132430,30,200,n,discreta_global,"(mu,lambda)",1.0
EE,ackley,1,662,3.68816088780477e-12,132630,30,200,n,discreta_global,"(mu,lambda)",1.0
EE,ackley,1,663,3.983036123145212e-12,132830,30,200,n,discreta_global,"(mu,lambda)",1.0
EE,ackley,1,664,3.4714453533979395e-12,133030,30,200,n,discreta_global,"(mu,lambda)",1.0
EE,ackley,1,665,3.247624391633508e-12,133230,30,200,n,discreta_global,"(mu,lambda)",1.0
EE,ackley,1,666,3.4856562081131415e-12,133430,30,200,n,discreta_global,"(mu,lambda)",1.0
EE,ackley,1,667,4.089617533509227e-12,133630,30,200,n,discreta_global,"(mu,lambda)",1.0
EE,ackley,1,668,3.446576357646336e-12,133830,30,200,n,discreta_global,"(mu,lambda)",1.0
EE,ackley,1,669,2.6791902030254278e-12,134030,30,200,n,discreta_global,"(mu,lambda)",1.0
EE,ackley,1,670,2.9669600110082683e-12,134230,30,200,n,discreta_global,"(mu,lambda)",1.0
EE,ackley,1,671,3.958167127393608e-12,134430,30,200,n,discreta_global,"(mu,lambda)",1.0
EE,ackley,1,672,3.460787212361538e-12,134630,30,200,n,discreta_global,"(mu,lambda)",1.0
EE,ackley,1,673,3.04867242562068e-12,134830,30,200,n,discreta_global,"(mu,lambda)",1.0
EE,ackley,1,674,3.958167127393608e-12,135030,30,200,n,discreta_global,"(mu,lambda)",1.0
EE,ackley,1,675,2.9172220195050613e-12,135230,30,200,n,discreta_global,"(mu,lambda)",1.0
EE,ackley,1,676,3.183675545415099e-12,135430,30,200,n,discreta_global,"(mu,lambda)",1.0
EE,ackley,1,677,2.828404177535049e-12,135630,30,200,n,discreta_global,"(mu,lambda)",1.0
EE,ackley,1,678,3.631317468943962e-12,135830,30,200,n,discreta_global,"(mu,lambda)",1.0
EE,ackley,1,679,3.595790332155957e-12,136030,30,200,n,discreta_global,"(mu,lambda)",1.0
EE,ackley,1,680,1.787459069646502e-12,136230,30,200,n,discreta_global,"(mu,lambda)",1.0
EE,ackley,1,681,3.8267167212779896e-12,136430,30,200,n,discreta_global,"(mu,lambda)",1.0
EE,ackley,1,682,3.9048764222116006e-12,136630,30,200,n,discreta_global,"(mu,lambda)",1.0
EE,ackley,1,683,3.1090685581602884e-12,136830,30,200,n,discreta_global,"(mu,lambda)",1.0
EE,ackley,1,684,2.892353023753458e-12,137030,30,200,n,discreta_global,"(mu,lambda)",1.0
EE,ackley,1,685,4.526601316001688e-12,137230,30,200,n,discreta_global,"(mu,lambda)",1.0
EE,ackley,1,686,3.368416656712725e-12,137430,30,200,n,discreta_global,"(mu,lambda)",1.0
EE,ackley,1,687,2.7218227671710338e-12,137630,30,200,n,discreta_global,"(mu,lambda)",1.0
EE,ackley,1,688,3.062883280335882e-12,137830,30,200,n,discreta_global,"(mu,lambda)",1.0
EE,ackley,1,689,3.8764547127811966e-12,138030,30,200,n,discreta_global,"(mu,lambda)",1.0
EE,ackley,1,690,3.1801228317362984e-12,138230,30,200,n,discreta_global,"(mu,lambda)",1.0
EE,ackley,1,691,2.8070878954622458e-12,138430,30,200,n,discreta_global,"(mu,lambda)",1.0
EE,ackley,1,692,3.141042981269493e-12,138630,30,200,n,discreta_global,"(mu,lambda)",1.0
EE,ackley,1,693,3.602895759513558e-12,138830,30,200,n,discreta_global,"(mu,lambda)",1.0
EE,ackley,1,694,3.283151528421513e-12,139030,30,200,n,discreta_global,"(mu,lambda)",1.0
EE,ackley,1,695,3.560263195367952e-12,139230,30,200,n,discreta_global,"(mu,lambda)",1.0
EE,ackley,1,696,3.602895759513558e-12,139430,30,200,n,discreta_global,"(mu,lambda)",1.0
EE,ackley,1,697,3.283151528421513e-12,139630,30,200,n,discreta_global,"(mu,lambda)",1.0
EE,ackley,1,698,3.162359263342296e-12,139830,30,200,n,discreta_global,"(mu,lambda)",1.0
EE,ackley,1,699,3.4074965071795305e-12,140030,30,200,n,discreta_global,"(mu,lambda)",1.0
EE,ackley,1,700,3.2867042421003134e-12,140230,30,200,n,discreta_global,"(mu,lambda)",1.0
EE,ackley,1,701,3.084199562408685e-12,140430,30,200,n,discreta_global,"(mu,lambda)",1.0
EE,ackley,1,702,3.460787212361538e-12,140630,30,200,n,discreta_global,"(mu,lambda)",1.0
EE,ackley,1,703,2.1036505870597466e-12,140830,30,200,n,discreta_global,"(mu,lambda)",1.0
EE,ackley,1,704,3.531841485937548e-12,141030,30,200,n,discreta_global,"(mu,lambda)",1.0
EE,ackley,1,705,3.9404035589996056e-12,141230,30,200,n,discreta_global,"(mu,lambda)",1.0
EE,ackley,1,706,3.7343461656291765e-12,141430,30,200,n,discreta_global,"(mu,lambda)",1.0
EE,ackley,1,707,4.036326828327219e-12,141630,30,200,n,discreta_global,"(mu,lambda)",1.0
EE,ackley,1,708,4.054090396721222e-12,141830,30,200,n,discreta_global,"(mu,lambda)",1.0
EE,ackley,1,709,3.9190872769268026e-12,142030,30,200,n,discreta_global,"(mu,lambda)",1.0
EE,ackley,1,710,3.0664359940146824e-12,142230,30,200,n,discreta_global,"(mu,lambda)",1.0
EE,ackley,1,711,3.375522084070326e-12,142430,30,200,n,discreta_global,"(mu,lambda)",1.0
EE,ackley,1,712,3.47499806707674e-12,142630,30,200,n,discreta_global,"(mu,lambda)",1.0
EE,ackley,1,713,3.4927616354707425e-12,142830,30,200,n,discreta_global,"(mu,lambda)",1.0
EE,ackley,1,714,3.6206593279075605e-12,143030,30,200,n,discreta_global,"(mu,lambda)",1.0
EE,ackley,1,715,2.6543212072738243e-12,143230,30,200,n,discreta_global,"(mu,lambda)",1.0
EE,ackley,1,716,3.2014391138091014e-12,143430,30,200,n,discreta_global,"(mu,lambda)",1.0
EE,ackley,1,717,3.418154648215932e-12,143630,30,200,n,discreta_global,"(mu,lambda)",1.0
EE,ackley,1,718,2.9172220195050613e-12,143830,30,200,n,discreta_global,"(mu,lambda)",1.0
EE,ackley,1,719,2.8745894553594553e-12,144030,30,200,n,discreta_global,"(mu,lambda)",1.0
EE,ackley,1,720,3.8338221486355906e-12,144230,30,200,n,discreta_global,"(mu,lambda)",1.0
EE,ackley,1,721,3.8125058665627876e-12,144430,30,200,n,discreta_global,"(mu,lambda)",1.0
EE,ackley,1,722,3.382627511427927e-12,144630,30,200,n,discreta_global,"(mu,lambda)",1.0
EE,ackley,1,723,3.503419776507144e-12,144830,30,200,n,discreta_global,"(mu,lambda)",1.0
EE,ackley,1,724,4.405809050922471e-12,145030,30,200,n,discreta_global,"(mu,lambda)",1.0
EE,ackley,1,725,4.029221400969618e-12,145230,30,200,n,discreta_global,"(mu,lambda)",1.0
EE,ackley,1,726,3.823164007599189e-12,145430,30,200,n,discreta_global,"(mu,lambda)",1.0
EE,ackley,1,727,3.61710661422876e-12,145630,30,200,n,discreta_global,"(mu,lambda)",1.0
EE,ackley,1,728,3.247624391633508e-12,145830,30,200,n,discreta_global,"(mu,lambda)",1.0
EE,ackley,1,729,3.4359182166099345e-12,146030,30,200,n,discreta_global,"(mu,lambda)",1.0
EE,ackley,1,730,3.283151528421513e-12,146230,30,200,n,discreta_global,"(mu,lambda)",1.0
EE,ackley,1,731,3.3222313788883184e-12,146430,30,200,n,discreta_global,"(mu,lambda)",1.0
EE,ackley,1,732,4.46620518346208e-12,146630,30,200,n,discreta_global,"(mu,lambda)",1.0
EE,ackley,1,733,3.304467810494316e-12,146830,30,200,n,discreta_global,"(mu,lambda)",1.0
EE,ackley,1,734,3.6277647552651615e-12,147030,30,200,n,discreta_global,"(mu,lambda)",1.0
EE,ackley,1,735,3.816058580241588e-12,147230,30,200,n,discreta_global,"(mu,lambda)",1.0
EE,ackley,1,736,4.000799691539214e-12,147430,30,200,n,discreta_global,"(mu,lambda)",1.0
EE,ackley,1,737,4.082512106151626e-12,147630,30,200,n,discreta_global,"(mu,lambda)",1.0
EE,ackley,1,738,3.567368622725553e-12,147830,30,200,n,discreta_global,"(mu,lambda)",1.0
EE,ackley,1,739,2.4837909506914002e-12,148030,30,200,n,discreta_global,"(mu,lambda)",1.0
EE,ackley,1,740,3.47499806707674e-12,148230,30,200,n,discreta_global,"(mu,lambda)",1.0
EE,ackley,1,741,3.204991827487902e-12,148430,30,200,n,discreta_global,"(mu,lambda)",1.0
EE,ackley,1,742,3.496314349149543e-12,148630,30,200,n,discreta_global,"(mu,lambda)",1.0
EE,ackley,1,743,2.8959057374322583e-12,148830,30,200,n,discreta_global,"(mu,lambda)",1.0
EE,ackley,1,744,3.11972669919669e-12,149030,30,200,n,discreta_global,"(mu,lambda)",1.0
EE,ackley,1,745,3.702371742519972e-12,149230,30,200,n,discreta_global,"(mu,lambda)",1.0
EE,ackley,1,746,3.979483409466411e-12,149430,30,200,n,discreta_global,"(mu,lambda)",1.0
EE,ackley,1,747,3.5922376184771565e-12,149630,30,200,n,discreta_global,"(mu,lambda)",1.0
EE,ackley,1,748,3.7769787297747826e-12,149830,30,200,n,discreta_global,"(mu,lambda)",1.0
EE,ackley,1,749,3.97237798210881e-12,150030,30,200,n,discreta_global,"(mu,lambda)",1.0
EE,ackley,1,750,3.709477169877573e-12,150230,30,200,n,discreta_global,"(mu,lambda)",1.0
EE,ackley,1,751,2.6720847756678268e-12,150430,30,200,n,discreta_global,"(mu,lambda)",1.0
EE,ackley,1,752,3.887112853817598e-12,150630,30,200,n,discreta_global,"(mu,lambda)",1.0
EE,ackley,1,753,4.444888901389277e-12,150830,30,200,n,discreta_global,"(mu,lambda)",1.0
EE,ackley,1,754,3.531841485937548e-12,151030,30,200,n,discreta_global,"(mu,lambda)",1.0
EE,ackley,1,755,3.8977709948539996e-12,151230,30,200,n,discreta_global,"(mu,lambda)",1.0
EE,ackley,1,756,3.96882526843001e-12,151430,30,200,n,discreta_global,"(mu,lambda)",1.0
EE,ackley,1,757,4.288569499522055e-12,151630,30,200,n,discreta_global,"(mu,lambda)",1.0
EE,ackley,1,758,3.8835601401387976e-12,151830,30,200,n,discreta_global,"(mu,lambda)",1.0
EE,ackley,1,759,3.894218281175199e-12,152030,30,200,n,discreta_global,"(mu,lambda)",1.0
EE,ackley,1,760,3.4359182166099345e-12,152230,30,200,n,discreta_global,"(mu,lambda)",1.0
EE,ackley,1,761,3.6917136014835705e-12,152430,30,200,n,discreta_global,"(mu,lambda)",1.0
EE,ackley,1,762,3.4856562081131415e-12,152630,30,200,n,discreta_global,"(mu,lambda)",1.0
EE,ackley,1,763,3.787636870811184e-12,152830,30,200,n,discreta_global,"(mu,lambda)",1.0
EE,ackley,1,764,3.6419756099803635e-12,153030,30,200,n,discreta_global,"(mu,lambda)",1.0
EE,ackley,1,765,3.7627678750595805e-12,153230,30,200,n,discreta_global,"(mu,lambda)",1.0
EE,ackley,1,766,3.837374862314391e-12,153430,30,200,n,discreta_global,"(mu,lambda)",1.0
EE,ackley,1,767,3.8835601401387976e-12,153630,30,200,n,discreta_global,"(mu,lambda)",1.0
EE,ackley,1,768,4.480416038177282e-12,153830,30,200,n,discreta_global,"(mu,lambda)",1.0
EE,ackley,1,769,3.0877522760874854e-12,154030,30,200,n,discreta_global,"(mu,lambda)",1.0
EE,ackley,1,770,2.6969537714194303e-12,154230,30,200,n,discreta_global,"(mu,lambda)",1.0
EE,ackley,1,771,3.4146019345371315e-12,154430,30,200,n,discreta_global,"(mu,lambda)",1.0
EE,ackley,1,772,3.077094135051084e-12,154630,30,200,n,discreta_global,"(mu,lambda)",1.0
EE,ackley,1,773,3.865796571744795e-12,154830,30,200,n,discreta_global,"(mu,lambda)",1.0
EE,ackley,1,774,3.084199562408685e-12,155030,30,200,n,discreta_global,"(mu,lambda)",1.0
EE,ackley,1,775,3.3364422336035204e-12,155230,30,200,n,discreta_global,"(mu,lambda)",1.0
EE,ackley,1,776,3.2298608232395054e-12,155430,30,200,n,discreta_global,"(mu,lambda)",1.0
EE,ackley,1,777,2.998934434117473e-12,155630,30,200,n,discreta_global,"(mu,lambda)",1.0
EE,ackley,1,778,2.8959057374322583e-12,155830,30,200,n,discreta_global,"(mu,lambda)",1.0
EE,ackley,1,779,2.7644553313166398e-12,156030,30,200,n,discreta_global,"(mu,lambda)",1.0
EE,ackley,1,780,3.1517011223058944e-12,156230,30,200,n,discreta_global,"(mu,lambda)",1.0
EE,ackley,1,781,3.990141550502813e-12,156430,30,200,n,discreta_global,"(mu,lambda)",1.0
EE,ackley,1,782,3.681055460447169e-12,156630,30,200,n,discreta_global,"(mu,lambda)",1.0
EE,ackley,1,783,3.773426016095982e-12,156830,30,200,n,discreta_global,"(mu,lambda)",1.0
EE,ackley,1,784,3.0309088572266774e-12,157030,30,200,n,discreta_global,"(mu,lambda)",1.0
EE,ackley,1,785,3.4074965071795305e-12,157230,30,200,n,discreta_global,"(mu,lambda)",1.0
EE,ackley,1,786,3.8267167212779896e-12,157430,30,200,n,discreta_global,"(mu,lambda)",1.0
EE,ackley,1,787,3.11972669919669e-12,157630,30,200,n,discreta_global,"(mu,lambda)",1.0
EE,ackley,1,788,3.723688024592775e-12,157830,30,200,n,discreta_global,"(mu,lambda)",1.0
EE,ackley,1,789,3.5069724901859445e-12,158030,30,200,n,discreta_global,"(mu,lambda)",1.0
EE,ackley,1,790,3.929745417963204e-12,158230,30,200,n,discreta_global,"(mu,lambda)",1.0
EE,ackley,1,791,3.3364422336035204e-12,158430,30,200,n,discreta_global,"(mu,lambda)",1.0
EE,ackley,1,792,4.011457832575616e-12,158630,30,200,n,discreta_global,"(mu,lambda)",1.0
EE,ackley,1,793,3.773426016095982e-12,158830,30,200,n,discreta_global,"(mu,lambda)",1.0
EE,ackley,1,794,4.299227640558456e-12,159030,30,200,n,discreta_global,"(mu,lambda)",1.0
EE,ackley,1,795,4.004352405218015e-12,159230,30,200,n,discreta_global,"(mu,lambda)",1.0
EE,ackley,1,796,3.602895759513558e-12,159430,30,200,n,discreta_global,"(mu,lambda)",1.0
EE,ackley,1,797,3.5567104816891515e-12,159630,30,200,n,discreta_global,"(mu,lambda)",1.0
EE,ackley,1,798,3.574474050083154e-12,159830,30,200,n,discreta_global,"(mu,lambda)",1.0
EE,ackley,1,799,3.581579477440755e-12,160030,30,200,n,discreta_global,"(mu,lambda)",1.0
EE,ackley,1,800,3.581579477440755e-12,160230,30,200,n,discreta_global,"(mu,lambda)",1.0
EE,ackley,1,801,3.7059244561987725e-12,160430,30,200,n,discreta_global,"(mu,lambda)",1.0
EE,ackley,1,802,3.531841485937548e-12,160630,30,200,n,discreta_global,"(mu,lambda)",1.0
EE,ackley,1,803,3.531841485937548e-12,160830,30,200,n,discreta_global,"(mu,lambda)",1.0
EE,ackley,1,804,3.098410417123887e-12,161030,30,200,n,discreta_global,"(mu,lambda)",1.0
EE,ackley,1,805,2.3168134077877767e-12,161230,30,200,n,discreta_global,"(mu,lambda)",1.0
EE,ackley,1,806,2.828404177535049e-12,161430,30,200,n,discreta_global,"(mu,lambda)",1.0
EE,ackley,1,807,2.927880160541463e-12,161630,30,200,n,discreta_global,"(mu,lambda)",1.0
EE,ackley,1,808,2.963407297329468e-12,161830,30,200,n,discreta_global,"(mu,lambda)",1.0
EE,ackley,1,809,3.6632918920531665e-12,162030,30,200,n,discreta_global,"(mu,lambda)",1.0
EE,ackley,1,810,3.105515844481488e-12,162230,30,200,n,discreta_global,"(mu,lambda)",1.0
EE,ackley,1,811,3.524736058579947e-12,162430,30,200,n,discreta_global,"(mu,lambda)",1.0
EE,ackley,1,812,3.8409275759931916e-12,162630,30,200,n,discreta_global,"(mu,lambda)",1.0
EE,ackley,1,813,3.7485570203443785e-12,162830,30,200,n,discreta_global,"(mu,lambda)",1.0
EE,ackley,1,814,2.856825886965453e-12,163030,30,200,n,discreta_global,"(mu,lambda)",1.0
EE,ackley,1,815,3.773426016095982e-12,163230,30,200,n,discreta_global,"(mu,lambda)",1.0
EE,ackley,1,816,3.4146019345371315e-12,163430,30,200,n,discreta_global,"(mu,lambda)",1.0
EE,ackley,1,817,2.90656387846866e-12,163630,30,200,n,discreta_global,"(mu,lambda)",1.0
EE,ackley,1,818,2.263522702605769e-12,163830,30,200,n,discreta_global,"(mu,lambda)",1.0
EE,ackley,1,819,3.8480330033507926e-12,164030,30,200,n,discreta_global,"(mu,lambda)",1.0
EE,ackley,1,820,3.3790747977491264e-12,164230,30,200,n,discreta_global,"(mu,lambda)",1.0
EE,ackley,1,821,2.9527491562930663e-12,164430,30,200,n,discreta_global,"(mu,lambda)",1.0
EE,ackley,1,822,4.647393581080905e-12,164630,30,200,n,discreta_global,"(mu,lambda)",1.0
EE,ackley,1,823,3.1445956949482934e-12,164830,30,200,n,discreta_global,"(mu,lambda)",1.0
EE,ackley,1,824,4.313438495273658e-12,165030,30,200,n,discreta_global,"(mu,lambda)",1.0
EE,ackley,1,825,3.8054004392051866e-12,165230,30,200,n,discreta_global,"(mu,lambda)",1.0
EE,ackley,1,826,3.531841485937548e-12,165430,30,200,n,discreta_global,"(mu,lambda)",1.0
EE,ackley,1,827,4.245936935376449e-12,165630,30,200,n,discreta_global,"(mu,lambda)",1.0
EE,ackley,1,828,3.4927616354707425e-12,165830,30,200,n,discreta_global,"(mu,lambda)",1.0
EE,ackley,1,829,3.2938096694579144e-12,166030,30,200,n,discreta_global,"(mu,lambda)",1.0
EE,ackley,1,830,3.610001186871159e-12,166230,30,200,n,discreta_global,"(mu,lambda)",1.0
EE,ackley,1,831,3.396838366143129e-12,166430,30,200,n,discreta_global,"(mu,lambda)",1.0
EE,ackley,1,832,3.254729818991109e-12,166630,30,200,n,discreta_global,"(mu,lambda)",1.0
EE,ackley,1,833,3.411049220858331e-12,166830,30,200,n,discreta_global,"(mu,lambda)",1.0
EE,ackley,1,834,3.538946913295149e-12,167030,30,200,n,discreta_global,"(mu,lambda)",1.0
EE,ackley,1,835,3.5069724901859445e-12,167230,30,200,n,discreta_global,"(mu,lambda)",1.0
EE,ackley,1,836,2.9456437289354653e-12,167430,30,200,n,discreta_global,"(mu,lambda)",1.0
EE,ackley,1,837,3.894218281175199e-12,167630,30,200,n,discreta_global,"(mu,lambda)",1.0
EE,ackley,1,838,3.361311229355124e-12,167830,30,200,n,discreta_global,"(mu,lambda)",1.0
EE,ackley,1,839,3.297362383136715e-12,168030,30,200,n,discreta_global,"(mu,lambda)",1.0
EE,ackley,1,840,3.7982950118475856e-12,168230,30,200,n,discreta_global,"(mu,lambda)",1.0
EE,ackley,1,841,3.709477169877573e-12,168430,30,200,n,discreta_global,"(mu,lambda)",1.0
EE,ackley,1,842,3.808953152883987e-12,168630,30,200,n,discreta_global,"(mu,lambda)",1.0
EE,ackley,1,843,2.4482638139033952e-12,168830,30,200,n,discreta_global,"(mu,lambda)",1.0
EE,ackley,1,844,3.5851321911195555e-12,169030,30,200,n,discreta_global,"(mu,lambda)",1.0
EE,ackley,1,845,2.7324809082074353e-12,169230,30,200,n,discreta_global,"(mu,lambda)",1.0
EE,ackley,1,846,3.9119818495692016e-12,169430,30,200,n,discreta_global,"(mu,lambda)",1.0
EE,ackley,1,847,2.8888003100746573e-12,169630,30,200,n,discreta_global,"(mu,lambda)",1.0
EE,ackley,1,848,1.950883898871325e-12,169830,30,200,n,discreta_global,"(mu,lambda)",1.0
EE,ackley,1,849,3.439470930288735e-12,170030,30,200,n,discreta_global,"(mu,lambda)",1.0
EE,ackley,1,850,3.9190872769268026e-12,170230,30,200,n,discreta_global,"(mu,lambda)",1.0
EE,ackley,1,851,2.9811708657234703e-12,170430,30,200,n,discreta_global,"(mu,lambda)",1.0
EE,ackley,1,852,4.174882661800439e-12,170630,30,200,n,discreta_global,"(mu,lambda)",1.0
EE,ackley,1,853,3.1907809727727e-12,170830,30,200,n,discreta_global,"(mu,lambda)",1.0
EE,ackley,1,854,4.356071059419264e-12,171030,30,200,n,discreta_global,"(mu,lambda)",1.0
EE,ackley,1,855,2.3239188351453777e-12,171230,30,200,n,discreta_global,"(mu,lambda)",1.0
EE,ackley,1,856,3.929745417963204e-12,171430,30,200,n,discreta_global,"(mu,lambda)",1.0
EE,ackley,1,857,3.297362383136715e-12,171630,30,200,n,discreta_global,"(mu,lambda)",1.0
EE,ackley,1,858,3.496314349149543e-12,171830,30,200,n,discreta_global,"(mu,lambda)",1.0
EE,ackley,1,859,3.8054004392051866e-12,172030,30,200,n,discreta_global,"(mu,lambda)",1.0
EE,ackley,1,860,3.773426016095982e-12,172230,30,200,n,discreta_global,"(mu,lambda)",1.0
EE,ackley,1,861,3.9013237085328e-12,172430,30,200,n,discreta_global,"(mu,lambda)",1.0
EE,ackley,1,862,4.029221400969618e-12,172630,30,200,n,discreta_global,"(mu,lambda)",1.0
EE,ackley,1,863,4.210409798588444e-12,172830,30,200,n,discreta_global,"(mu,lambda)",1.0
EE,ackley,1,864,3.411049220858331e-12,173030,30,200,n,discreta_global,"(mu,lambda)",1.0
EE,ackley,1,865,2.8461677459290513e-12,173230,30,200,n,discreta_global,"(mu,lambda)",1.0
EE,ackley,1,866,4.18554080283684e-12,173430,30,200,n,discreta_global,"(mu,lambda)",1.0
EE,ackley,1,867,4.025668687290818e-12,173630,30,200,n,discreta_global,"(mu,lambda)",1.0
EE,ackley,1,868,3.7698733024171815e-12,173830,30,200,n,discreta_global,"(mu,lambda)",1.0
EE,ackley,1,869,4.164224520764037e-12,174030,30,200,n,discreta_global,"(mu,lambda)",1.0
EE,ackley,1,870,3.7982950118475856e-12,174230,30,200,n,discreta_global,"(mu,lambda)",1.0
EE,ackley,1,871,2.949196442614266e-12,174430,30,200,n,discreta_global,"(mu,lambda)",1.0
EE,ackley,1,872,2.6010305020918167e-12,174630,30,200,n,discreta_global,"(mu,lambda)",1.0
EE,ackley,1,873,3.851585717029593e-12,174830,30,200,n,discreta_global,"(mu,lambda)",1.0
EE,ackley,1,874,3.8409275759931916e-12,175030,30,200,n,discreta_global,"(mu,lambda)",1.0
EE,ackley,1,875,2.97761815204467e-12,175230,30,200,n,discreta_global,"(mu,lambda)",1.0
EE,ackley,1,876,3.8054004392051866e-12,175430,30,200,n,discreta_global,"(mu,lambda)",1.0
EE,ackley,1,877,3.851585717029593e-12,175630,30,200,n,discreta_global,"(mu,lambda)",1.0
EE,ackley,1,878,2.821298750177448e-12,175830,30,200,n,discreta_global,"(mu,lambda)",1.0
EE,ackley,1,879,3.133937553911892e-12,176030,30,200,n,discreta_global,"(mu,lambda)",1.0
EE,ackley,1,880,4.338307491025262e-12,176230,30,200,n,discreta_global,"(mu,lambda)",1.0
EE,ackley,1,881,2.9811708657234703e-12,176430,30,200,n,discreta_global,"(mu,lambda)",1.0
EE,ackley,1,882,3.2156499685243034e-12,176630,30,200,n,discreta_global,"(mu,lambda)",1.0
EE,ackley,1,883,2.97761815204467e-12,176830,30,200,n,discreta_global,"(mu,lambda)",1.0
EE,ackley,1,884,3.8551384307083936e-12,177030,30,200,n,discreta_global,"(mu,lambda)",1.0
EE,ackley,1,885,3.368416656712725e-12,177230,30,200,n,discreta_global,"(mu,lambda)",1.0
EE,ackley,1,886,2.6152413568070187e-12,177430,30,200,n,discreta_global,"(mu,lambda)",1.0
EE,ackley,1,887,3.4359182166099345e-12,177630,30,200,n,discreta_global,"(mu,lambda)",1.0
EE,ackley,1,888,4.189093516515641e-12,177830,30,200,n,discreta_global,"(mu,lambda)",1.0
EE,ackley,1,889,3.997246977860414e-12,178030,30,200,n,discreta_global,"(mu,lambda)",1.0
EE,ackley,1,890,4.260147790091651e-12,178230,30,200,n,discreta_global,"(mu,lambda)",1.0
EE,ackley,1,891,4.146460952370035e-12,178430,30,200,n,discreta_global,"(mu,lambda)",1.0
EE,ackley,1,892,4.100275674545628e-12,178630,30,200,n,discreta_global,"(mu,lambda)",1.0
EE,ackley,1,893,3.226308109560705e-12,178830,30,200,n,discreta_global,"(mu,lambda)",1.0
EE,ackley,1,894,4.494626892892484e-12,179030,30,200,n,discreta_global,"(mu,lambda)",1.0
EE,ackley,1,895,3.652633751016765e-12,179230,30,200,n,discreta_global,"(mu,lambda)",1.0
EE,ackley,1,896,3.6561864646955655e-12,179430,30,200,n,discreta_global,"(mu,lambda)",1.0
EE,ackley,1,897,2.5903723610554152e-12,179630,30,200,n,discreta_global,"(mu,lambda)",1.0
EE,ackley,1,898,3.133937553911892e-12,179830,30,200,n,discreta_global,"(mu,lambda)",1.0
EE,ackley,1,899,3.467892639719139e-12,180030,30,200,n,discreta_global,"(mu,lambda)",1.0
EE,ackley,1,900,3.588684904798356e-12,180230,30,200,n,discreta_global,"(mu,lambda)",1.0
EE,ackley,1,901,3.524736058579947e-12,180430,30,200,n,discreta_global,"(mu,lambda)",1.0
EE,ackley,1,902,4.150013666048835e-12,180630,30,200,n,discreta_global,"(mu,lambda)",1.0
EE,ackley,1,903,4.036326828327219e-12,180830,30,200,n,discreta_global,"(mu,lambda)",1.0
EE,ackley,1,904,4.050537683042421e-12,181030,30,200,n,discreta_global,"(mu,lambda)",1.0
EE,ackley,1,905,3.8480330033507926e-12,181230,30,200,n,discreta_global,"(mu,lambda)",1.0
EE,ackley,1,906,3.8693492854235956e-12,181430,30,200,n,discreta_global,"(mu,lambda)",1.0
EE,ackley,1,907,3.361311229355124e-12,181630,30,200,n,discreta_global,"(mu,lambda)",1.0
EE,ackley,1,908,3.4856562081131415e-12,181830,30,200,n,discreta_global,"(mu,lambda)",1.0
EE,ackley,1,909,4.512390461286486e-12,182030,30,200,n,discreta_global,"(mu,lambda)",1.0
EE,ackley,1,910,3.4856562081131415e-12,182230,30,200,n,discreta_global,"(mu,lambda)",1.0
EE,ackley,1,911,3.0522251392994804e-12,182430,30,200,n,discreta_global,"(mu,lambda)",1.0
EE,ackley,1,912,3.1907809727727e-12,182630,30,200,n,discreta_global,"(mu,lambda)",1.0
EE,ackley,1,913,3.7130298835563735e-12,182830,30,200,n,discreta_global,"(mu,lambda)",1.0
EE,ackley,1,914,3.652633751016765e-12,183030,30,200,n,discreta_global,"(mu,lambda)",1.0
EE,ackley,1,915,4.082512106151626e-12,183230,30,200,n,discreta_global,"(mu,lambda)",1.0
EE,ackley,1,916,3.496314349149543e-12,183430,30,200,n,discreta_global,"(mu,lambda)",1.0
EE,ackley,1,917,3.361311229355124e-12,183630,30,200,n,discreta_global,"(mu,lambda)",1.0
EE,ackley,1,918,3.5140779175435455e-12,183830,30,200,n,discreta_global,"(mu,lambda)",1.0
EE,ackley,1,919,2.5157653738006047e-12,184030,30,200,n,discreta_global,"(mu,lambda)",1.0
EE,ackley,1,920,3.4074965071795305e-12,184230,30,200,n,discreta_global,"(mu,lambda)",1.0
EE,ackley,1,921,2.41273667711539e-12,184430,30,200,n,discreta_global,"(mu,lambda)",1.0
EE,ackley,1,922,3.40394379350073e-12,184630,30,200,n,discreta_global,"(mu,lambda)",1.0
EE,ackley,1,923,4.206857084909643e-12,184830,30,200,n,discreta_global,"(mu,lambda)",1.0
EE,ackley,1,924,3.908429135890401e-12,185030,30,200,n,discreta_global,"(mu,lambda)",1.0
EE,ackley,1,925,3.645528323659164e-12,185230,30,200,n,discreta_global,"(mu,lambda)",1.0
EE,ackley,1,926,3.418154648215932e-12,185430,30,200,n,discreta_global,"(mu,lambda)",1.0
EE,ackley,1,927,4.604761016935299e-12,185630,30,200,n,discreta_global,"(mu,lambda)",1.0
EE,ackley,1,928,4.022115973612017e-12,185830,30,200,n,discreta_global,"(mu,lambda)",1.0
EE,ackley,1,929,3.1303848402330914e-12,186030,30,200,n,discreta_global,"(mu,lambda)",1.0
EE,ackley,1,930,3.4146019345371315e-12,186230,30,200,n,discreta_global,"(mu,lambda)",1.0
EE,ackley,1,931,3.219202682203104e-12,186430,30,200,n,discreta_global,"(mu,lambda)",1.0
EE,ackley,1,932,3.467892639719139e-12,186630,30,200,n,discreta_global,"(mu,lambda)",1.0
EE,ackley,1,933,3.5069724901859445e-12,186830,30,200,n,discreta_global,"(mu,lambda)",1.0
EE,ackley,1,934,4.210409798588444e-12,187030,30,200,n,discreta_global,"(mu,lambda)",1.0
EE,ackley,1,935,3.5282887722587475e-12,187230,30,200,n,discreta_global,"(mu,lambda)",1.0
EE,ackley,1,936,3.588684904798356e-12,187430,30,200,n,discreta_global,"(mu,lambda)",1.0
EE,ackley,1,937,3.990141550502813e-12,187630,30,200,n,discreta_global,"(mu,lambda)",1.0
EE,ackley,1,938,3.6561864646955655e-12,187830,30,200,n,discreta_global,"(mu,lambda)",1.0
EE,ackley,1,939,3.6703973194107675e-12,188030,30,200,n,discreta_global,"(mu,lambda)",1.0
EE,ackley,1,940,3.411049220858331e-12,188230,30,200,n,discreta_global,"(mu,lambda)",1.0
EE,ackley,1,941,4.089617533509227e-12,188430,30,200,n,discreta_global,"(mu,lambda)",1.0
EE,ackley,1,942,3.389732938785528e-12,188630,30,200,n,discreta_global,"(mu,lambda)",1.0
EE,ackley,1,943,2.828404177535049e-12,188830,30,200,n,discreta_global,"(mu,lambda)",1.0
EE,ackley,1,944,3.3364422336035204e-12,189030,30,200,n,discreta_global,"(mu,lambda)",1.0
EE,ackley,1,945,3.6206593279075605e-12,189230,30,200,n,discreta_global,"(mu,lambda)",1.0
EE,ackley,1,946,3.6561864646955655e-12,189430,30,200,n,discreta_global,"(mu,lambda)",1.0
EE,ackley,1,947,3.8977709948539996e-12,189630,30,200,n,discreta_global,"(mu,lambda)",1.0
EE,ackley,1,948,3.4501290713251365e-12,189830,30,200,n,discreta_global,"(mu,lambda)",1.0
EE,ackley,1,949,3.411049220858331e-12,190030,30,200,n,discreta_global,"(mu,lambda)",1.0
EE,ackley,1,950,3.3506530883187224e-12,190230,30,200,n,discreta_global,"(mu,lambda)",1.0
EE,ackley,1,951,3.560263195367952e-12,190430,30,200,n,discreta_global,"(mu,lambda)",1.0
EE,ackley,1,952,2.927880160541463e-12,190630,30,200,n,discreta_global,"(mu,lambda)",1.0
EE,ackley,1,953,2.963407297329468e-12,190830,30,200,n,discreta_global,"(mu,lambda)",1.0
EE,ackley,1,954,4.018563259933217e-12,191030,30,200,n,discreta_global,"(mu,lambda)",1.0
EE,ackley,1,955,4.071853965115224e-12,191230,30,200,n,discreta_global,"(mu,lambda)",1.0
EE,ackley,1,956,4.384492768849668e-12,191430,30,200,n,discreta_global,"(mu,lambda)",1.0
EE,ackley,1,957,3.737898879307977e-12,191630,30,200,n,discreta_global,"(mu,lambda)",1.0
EE,ackley,1,958,3.183675545415099e-12,191830,30,200,n,discreta_global,"(mu,lambda)",1.0
EE,ackley,1,959,4.11093381558203e-12,192030,30,200,n,discreta_global,"(mu,lambda)",1.0
EE,ackley,1,960,3.1659119770210964e-12,192230,30,200,n,discreta_global,"(mu,lambda)",1.0
EE,ackley,1,961,3.652633751016765e-12,192430,30,200,n,discreta_global,"(mu,lambda)",1.0
EE,ackley,1,962,2.3949731087213877e-12,192630,30,200,n,discreta_global,"(mu,lambda)",1.0
EE,ackley,1,963,2.949196442614266e-12,192830,30,200,n,discreta_global,"(mu,lambda)",1.0
EE,ackley,1,964,3.865796571744795e-12,193030,30,200,n,discreta_global,"(mu,lambda)",1.0
EE,ackley,1,965,3.986588836824012e-12,193230,30,200,n,discreta_global,"(mu,lambda)",1.0
EE,ackley,1,966,4.011457832575616e-12,193430,30,200,n,discreta_global,"(mu,lambda)",1.0
EE,ackley,1,967,4.057643110400022e-12,193630,30,200,n,discreta_global,"(mu,lambda)",1.0
EE,ackley,1,968,4.238831508018848e-12,193830,30,200,n,discreta_global,"(mu,lambda)",1.0
EE,ackley,1,969,2.327471548824178e-12,194030,30,200,n,discreta_global,"(mu,lambda)",1.0
EE,ackley,1,970,3.0593305666570814e-12,194230,30,200,n,discreta_global,"(mu,lambda)",1.0
EE,ackley,1,971,3.5709213364043535e-12,194430,30,200,n,discreta_global,"(mu,lambda)",1.0
EE,ackley,1,972,3.816058580241588e-12,194630,30,200,n,discreta_global,"(mu,lambda)",1.0
EE,ackley,1,973,2.828404177535049e-12,194830,30,200,n,discreta_global,"(mu,lambda)",1.0
EE,ackley,1,974,3.54605234065275e-12,195030,30,200,n,discreta_global,"(mu,lambda)",1.0
EE,ackley,1,975,3.510525203864745e-12,195230,30,200,n,discreta_global,"(mu,lambda)",1.0
EE,ackley,1,976,4.39515090988607e-12,195430,30,200,n,discreta_global,"(mu,lambda)",1.0
EE,ackley,1,977,3.233413536918306e-12,195630,30,200,n,discreta_global,"(mu,lambda)",1.0
EE,ackley,1,978,3.574474050083154e-12,195830,30,200,n,discreta_global,"(mu,lambda)",1.0
EE,ackley,1,979,3.0522251392994804e-12,196030,30,200,n,discreta_global,"(mu,lambda)",1.0
EE,ackley,1,980,3.47499806707674e-12,196230,30,200,n,discreta_global,"(mu,lambda)",1.0
EE,ackley,1,981,3.54605234065275e-12,196430,30,200,n,discreta_global,"(mu,lambda)",1.0
EE,ackley,1,982,3.7556624477019795e-12,196630,30,200,n,discreta_global,"(mu,lambda)",1.0
EE,ackley,1,983,2.9101165921474603e-12,196830,30,200,n,discreta_global,"(mu,lambda)",1.0
EE,ackley,1,984,3.6135539005499595e-12,197030,30,200,n,discreta_global,"(mu,lambda)",1.0
EE,ackley,1,985,1.8407497748285095e-12,197230,30,200,n,discreta_global,"(mu,lambda)",1.0
EE,ackley,1,986,3.1445956949482934e-12,197430,30,200,n,discreta_global,"(mu,lambda)",1.0
EE,ackley,1,987,3.3080205241731164e-12,197630,30,200,n,discreta_global,"(mu,lambda)",1.0
EE,ackley,1,988,2.4020785360789887e-12,197830,30,200,n,discreta_global,"(mu,lambda)",1.0
EE,ackley,1,989,3.54605234065275e-12,198030,30,200,n,discreta_global,"(mu,lambda)",1.0
EE,ackley,1,990,3.9119818495692016e-12,198230,30,200,n,discreta_global,"(mu,lambda)",1.0
EE,ackley,1,991,3.894218281175199e-12,198430,30,200,n,discreta_global,"(mu,lambda)",1.0
EE,ackley,1,992,3.922639990605603e-12,198630,30,200,n,discreta_global,"(mu,lambda)",1.0
EE,ackley,1,993,3.602895759513558e-12,198830,30,200,n,discreta_global,"(mu,lambda)",1.0
EE,ackley,1,994,3.489208921791942e-12,199030,30,200,n,discreta_global,"(mu,lambda)",1.0
EE,ackley,1,995,3.8054004392051866e-12,199230,30,200,n,discreta_global,"(mu,lambda)",1.0
EE,ackley,1,996,3.0238034298690764e-12,199430,30,200,n,discreta_global,"(mu,lambda)",1.0
EE,ackley,1,997,3.1872282590938994e-12,199630,30,200,n,discreta_global,"(mu,lambda)",1.0
EE,ackley,1,998,3.7272407382715755e-12,199830,30,200,n,discreta_global,"(mu,lambda)",1.0
EE,ackley,1,999,3.983036123145212e-12,200030,30,200,n,discreta_global,"(mu,lambda)",1.0
EE,ackley,1,1000,3.8764547127811966e-12,200230,30,200,n,discreta_global,"(mu,lambda)",1.0
EE,ackley,1,1001,2.927880160541463e-12,200430,30,200,n,discreta_global,"(mu,lambda)",1.0
EE,ackley,1,1002,2.6010305020918167e-12,200630,30,200,n,discreta_global,"(mu,lambda)",1.0
EE,ackley,1,1003,4.189093516515641e-12,200830,30,200,n,discreta_global,"(mu,lambda)",1.0
EE,ackley,1,1004,3.2724933873851114e-12,201030,30,200,n,discreta_global,"(mu,lambda)",1.0
EE,ackley,1,1005,3.9013237085328e-12,201230,30,200,n,discreta_global,"(mu,lambda)",1.0
EE,ackley,1,1006,3.411049220858331e-12,201430,30,200,n,discreta_global,"(mu,lambda)",1.0
EE,ackley,1,1007,3.936850845320805e-12,201630,30,200,n,discreta_global,"(mu,lambda)",1.0
EE,ackley,1,1008,3.418154648215932e-12,201830,30,200,n,discreta_global,"(mu,lambda)",1.0
EE,ackley,1,1009,3.3932856524643285e-12,202030,30,200,n,discreta_global,"(mu,lambda)",1.0
EE,ackley,1,1010,3.5922376184771565e-12,202230,30,200,n,discreta_global,"(mu,lambda)",1.0
EE,ackley,1,1011,4.562128452789693e-12,202430,30,200,n,discreta_global,"(mu,lambda)",1.0
EE,ackley,1,1012,3.9048764222116006e-12,202630,30,200,n,discreta_global,"(mu,lambda)",1.0
EE,ackley,1,1013,2.7857716133894428e-12,202830,30,200,n,discreta_global,"(mu,lambda)",1.0
EE,ackley,1,1014,3.283151528421513e-12,203030,30,200,n,discreta_global,"(mu,lambda)",1.0
EE,ackley,1,1015,2.434052959188193e-12,203230,30,200,n,discreta_global,"(mu,lambda)",1.0
EE,ackley,1,1016,3.5496050543315505e-12,203430,30,200,n,discreta_global,"(mu,lambda)",1.0
EE,ackley,1,1017,3.091304989766286e-12,203630,30,200,n,discreta_global,"(mu,lambda)",1.0
EE,ackley,1,1018,3.2653879600275104e-12,203830,30,200,n,discreta_global,"(mu,lambda)",1.0
EE,ackley,1,1019,3.1907809727727e-12,204030,30,200,n,discreta_global,"(mu,lambda)",1.0
EE,ackley,1,1020,3.4074965071795305e-12,204230,30,200,n,discreta_global,"(mu,lambda)",1.0
EE,ackley,1,1021,4.160671807085237e-12,204430,30,200,n,discreta_global,"(mu,lambda)",1.0
EE,ackley,1,1022,4.25659507641285e-12,204630,30,200,n,discreta_global,"(mu,lambda)",1.0
EE,ackley,1,1023,3.624212041586361e-12,204830,30,200,n,discreta_global,"(mu,lambda)",1.0
EE,ackley,1,1024,3.880007426459997e-12,205030,30,200,n,discreta_global,"(mu,lambda)",1.0
EE,ackley,1,1025,3.1517011223058944e-12,205230,30,200,n,discreta_global,"(mu,lambda)",1.0
EE,ackley,1,1026,3.453681785003937e-12,205430,30,200,n,discreta_global,"(mu,lambda)",1.0
EE,ackley,1,1027,3.432365502931134e-12,205630,30,200,n,discreta_global,"(mu,lambda)",1.0
EE,ackley,1,1028,3.1588065496634954e-12,205830,30,200,n,discreta_global,"(mu,lambda)",1.0
EE,ackley,1,1029,3.0522251392994804e-12,206030,30,200,n,discreta_global,"(mu,lambda)",1.0
EE,ackley,1,1030,3.453681785003937e-12,206230,30,200,n,discreta_global,"(mu,lambda)",1.0
EE,ackley,1,1031,3.1659119770210964e-12,206430,30,200,n,discreta_global,"(mu,lambda)",1.0
EE,ackley,1,1032,3.4998670628283435e-12,206630,30,200,n,discreta_global,"(mu,lambda)",1.0
EE,ackley,1,1033,2.7751134723530413e-12,206830,30,200,n,discreta_global,"(mu,lambda)",1.0
EE,ackley,1,1034,2.5726087926614127e-12,207030,30,200,n,discreta_global,"(mu,lambda)",1.0
EE,ackley,1,1035,4.267253217449252e-12,207230,30,200,n,discreta_global,"(mu,lambda)",1.0
EE,ackley,1,1036,3.844480289671992e-12,207430,30,200,n,discreta_global,"(mu,lambda)",1.0
EE,ackley,1,1037,4.004352405218015e-12,207630,30,200,n,discreta_global,"(mu,lambda)",1.0
EE,ackley,1,1038,3.4288127892523335e-12,207830,30,200,n,discreta_global,"(mu,lambda)",1.0
EE,ackley,1,1039,3.5567104816891515e-12,208030,30,200,n,discreta_global,"(mu,lambda)",1.0
EE,ackley,1,1040,3.766320588738381e-12,208230,30,200,n,discreta_global,"(mu,lambda)",1.0
EE,ackley,1,1041,2.4233948181517917e-12,208430,30,200,n,discreta_global,"(mu,lambda)",1.0
EE,ackley,1,1042,3.318678665209518e-12,208630,30,200,n,discreta_global,"(mu,lambda)",1.0
EE,ackley,1,1043,4.302780354237257e-12,208830,30,200,n,discreta_global,"(mu,lambda)",1.0
EE,ackley,1,1044,3.5567104816891515e-12,209030,30,200,n,discreta_global,"(mu,lambda)",1.0
EE,ackley,1,1045,3.5496050543315505e-12,209230,30,200,n,discreta_global,"(mu,lambda)",1.0
EE,ackley,1,1046,3.4217073618947325e-12,209430,30,200,n,discreta_global,"(mu,lambda)",1.0
EE,ackley,1,1047,2.0041746040533326e-12,209630,30,200,n,discreta_global,"(mu,lambda)",1.0
EE,ackley,1,1048,2.991829006759872e-12,209830,30,200,n,discreta_global,"(mu,lambda)",1.0
EE,ackley,1,1049,2.8745894553594553e-12,210030,30,200,n,discreta_global,"(mu,lambda)",1.0
EE,ackley,1,1050,3.8835601401387976e-12,210230,30,200,n,discreta_global,"(mu,lambda)",1.0
EE,ackley,1,1051,2.6578739209526248e-12,210430,30,200,n,discreta_global,"(mu,lambda)",1.0
EE,ackley,1,1052,3.54605234065275e-12,210630,30,200,n,discreta_global,"(mu,lambda)",1.0
EE,ackley,1,1053,3.624212041586361e-12,210830,30,200,n,discreta_global,"(mu,lambda)",1.0
EE,ackley,1,1054,3.4927616354707425e-12,211030,30,200,n,discreta_global,"(mu,lambda)",1.0
EE,ackley,1,1055,3.354205801997523e-12,211230,30,200,n,discreta_global,"(mu,lambda)",1.0
EE,ackley,1,1056,3.588684904798356e-12,211430,30,200,n,discreta_global,"(mu,lambda)",1.0
EE,ackley,1,1057,3.8622438580659946e-12,211630,30,200,n,discreta_global,"(mu,lambda)",1.0
EE,ackley,1,1058,3.851585717029593e-12,211830,30,200,n,discreta_global,"(mu,lambda)",1.0
EE,ackley,1,1059,3.97237798210881e-12,212030,30,200,n,discreta_global,"(mu,lambda)",1.0
EE,ackley,1,1060,4.050537683042421e-12,212230,30,200,n,discreta_global,"(mu,lambda)",1.0
EE,ackley,1,1061,4.057643110400022e-12,212430,30,200,n,discreta_global,"(mu,lambda)",1.0
EE,ackley,1,1062,3.6277647552651615e-12,212630,30,200,n,discreta_global,"(mu,lambda)",1.0
EE,ackley,1,1063,3.851585717029593e-12,212830,30,200,n,discreta_global,"(mu,lambda)",1.0
EE,ackley,1,1064,3.1907809727727e-12,213030,30,200,n,discreta_global,"(mu,lambda)",1.0
EE,ackley,1,1065,3.1303848402330914e-12,213230,30,200,n,discreta_global,"(mu,lambda)",1.0
EE,ackley,1,1066,3.297362383136715e-12,213430,30,200,n,discreta_global,"(mu,lambda)",1.0
EE,ackley,1,1067,1.9828583219805296e-12,213630,30,200,n,discreta_global,"(mu,lambda)",1.0
EE,ackley,1,1068,3.098410417123887e-12,213830,30,200,n,discreta_global,"(mu,lambda)",1.0
EE,ackley,1,1069,4.171329948121638e-12,214030,30,200,n,discreta_global,"(mu,lambda)",1.0
EE,ackley,1,1070,3.6775027467683685e-12,214230,30,200,n,discreta_global,"(mu,lambda)",1.0
EE,ackley,1,1071,3.943956272678406e-12,214430,30,200,n,discreta_global,"(mu,lambda)",1.0
EE,ackley,1,1072,3.631317468943962e-12,214630,30,200,n,discreta_global,"(mu,lambda)",1.0
EE,ackley,1,1073,4.071853965115224e-12,214830,30,200,n,discreta_global,"(mu,lambda)",1.0
EE,ackley,1,1074,3.61710661422876e-12,215030,30,200,n,discreta_global,"(mu,lambda)",1.0
EE,ackley,1,1075,3.983036123145212e-12,215230,30,200,n,discreta_global,"(mu,lambda)",1.0
EE,ackley,1,1076,3.4074965071795305e-12,215430,30,200,n,discreta_global,"(mu,lambda)",1.0
EE,ackley,1,1077,4.285016785843254e-12,215630,30,200,n,discreta_global,"(mu,lambda)",1.0
EE,ackley,1,1078,3.347100374639922e-12,215830,30,200,n,discreta_global,"(mu,lambda)",1.0
EE,ackley,1,1079,3.33288951992472e-12,216030,30,200,n,discreta_global,"(mu,lambda)",1.0
EE,ackley,1,1080,3.681055460447169e-12,216230,30,200,n,discreta_global,"(mu,lambda)",1.0
EE,ackley,1,1081,3.1907809727727e-12,216430,30,200,n,discreta_global,"(mu,lambda)",1.0
EE,ackley,1,1082,3.602895759513558e-12,216630,30,200,n,discreta_global,"(mu,lambda)",1.0
EE,ackley,1,1083,3.325784092567119e-12,216830,30,200,n,discreta_global,"(mu,lambda)",1.0
EE,ackley,1,1084,3.929745417963204e-12,217030,30,200,n,discreta_global,"(mu,lambda)",1.0
EE,ackley,1,1085,3.880007426459997e-12,217230,30,200,n,discreta_global,"(mu,lambda)",1.0
EE,ackley,1,1086,4.224620653303646e-12,217430,30,200,n,discreta_global,"(mu,lambda)",1.0
EE,ackley,1,1087,2.8248514638562483e-12,217630,30,200,n,discreta_global,"(mu,lambda)",1.0
EE,ackley,1,1088,3.5780267637619545e-12,217830,30,200,n,discreta_global,"(mu,lambda)",1.0
EE,ackley,1,1089,3.1659119770210964e-12,218030,30,200,n,discreta_global,"(mu,lambda)",1.0
EE,ackley,1,1090,3.098410417123887e-12,218230,30,200,n,discreta_global,"(mu,lambda)",1.0
EE,ackley,1,1091,3.4927616354707425e-12,218430,30,200,n,discreta_global,"(mu,lambda)",1.0
EE,ackley,1,1092,3.283151528421513e-12,218630,30,200,n,discreta_global,"(mu,lambda)",1.0
EE,ackley,1,1093,3.1659119770210964e-12,218830,30,200,n,discreta_global,"(mu,lambda)",1.0
EE,ackley,1,1094,3.26183524634871e-12,219030,30,200,n,discreta_global,"(mu,lambda)",1.0
EE,ackley,1,1095,3.1019631308026874e-12,219230,30,200,n,discreta_global,"(mu,lambda)",1.0
EE,ackley,1,1096,3.268940673706311e-12,219430,30,200,n,discreta_global,"(mu,lambda)",1.0
EE,ackley,1,1097,3.226308109560705e-12,219630,30,200,n,discreta_global,"(mu,lambda)",1.0
EE,ackley,1,1098,3.730793451950376e-12,219830,30,200,n,discreta_global,"(mu,lambda)",1.0
EE,ackley,1,1099,2.9598545836506673e-12,220030,30,200,n,discreta_global,"(mu,lambda)",1.0
EE,ackley,1,1100,3.922639990605603e-12,220230,30,200,n,discreta_global,"(mu,lambda)",1.0
EE,ackley,1,1101,3.5851321911195555e-12,220430,30,200,n,discreta_global,"(mu,lambda)",1.0
EE,ackley,1,1102,4.235278794340047e-12,220630,30,200,n,discreta_global,"(mu,lambda)",1.0
EE,ackley,1,1103,4.125144670297232e-12,220830,30,200,n,discreta_global,"(mu,lambda)",1.0
EE,ackley,1,1104,3.283151528421513e-12,221030,30,200,n,discreta_global,"(mu,lambda)",1.0
EE,ackley,1,1105,3.936850845320805e-12,221230,30,200,n,discreta_global,"(mu,lambda)",1.0
EE,ackley,1,1106,3.6561864646955655e-12,221430,30,200,n,discreta_global,"(mu,lambda)",1.0
EE,ackley,1,1107,2.7395863355650363e-12,221630,30,200,n,discreta_global,"(mu,lambda)",1.0
EE,ackley,1,1108,2.991829006759872e-12,221830,30,200,n,discreta_global,"(mu,lambda)",1.0
EE,ackley,1,1109,2.5441870832310087e-12,222030,30,200,n,discreta_global,"(mu,lambda)",1.0
EE,ackley,1,1110,3.4288127892523335e-12,222230,30,200,n,discreta_global,"(mu,lambda)",1.0
EE,ackley,1,1111,4.04343225568482e-12,222430,30,200,n,discreta_global,"(mu,lambda)",1.0
EE,ackley,1,1112,3.4785507807555405e-12,222630,30,200,n,discreta_global,"(mu,lambda)",1.0
EE,ackley,1,1113,3.752109734023179e-12,222830,30,200,n,discreta_global,"(mu,lambda)",1.0
EE,ackley,1,1114,3.382627511427927e-12,223030,30,200,n,discreta_global,"(mu,lambda)",1.0
EE,ackley,1,1115,3.020250716190276e-12,223230,30,200,n,discreta_global,"(mu,lambda)",1.0
EE,ackley,1,1116,2.6791902030254278e-12,223430,30,200,n,discreta_global,"(mu,lambda)",1.0
EE,ackley,1,1117,3.47499806707674e-12,223630,30,200,n,discreta_global,"(mu,lambda)",1.0
EE,ackley,1,1118,3.4359182166099345e-12,223830,30,200,n,discreta_global,"(mu,lambda)",1.0
EE,ackley,1,1119,3.5993430458347575e-12,224030,30,200,n,discreta_global,"(mu,lambda)",1.0
EE,ackley,1,1120,3.5993430458347575e-12,224230,30,200,n,discreta_global,"(mu,lambda)",1.0
EE,ackley,1,1121,2.970512724687069e-12,224430,30,200,n,discreta_global,"(mu,lambda)",1.0
EE,ackley,1,1122,2.8959057374322583e-12,224630,30,200,n,discreta_global,"(mu,lambda)",1.0
EE,ackley,1,1123,3.8764547127811966e-12,224830,30,200,n,discreta_global,"(mu,lambda)",1.0
EE,ackley,1,1124,3.006039861475074e-12,225030,30,200,n,discreta_global,"(mu,lambda)",1.0
EE,ackley,1,1125,4.011457832575616e-12,225230,30,200,n,discreta_global,"(mu,lambda)",1.0
EE,ackley,1,1126,3.816058580241588e-12,225430,30,200,n,discreta_global,"(mu,lambda)",1.0
EE,ackley,1,1127,4.210409798588444e-12,225630,30,200,n,discreta_global,"(mu,lambda)",1.0
EE,ackley,1,1128,3.2227553958819044e-12,225830,30,200,n,discreta_global,"(mu,lambda)",1.0
EE,ackley,1,1129,3.8338221486355906e-12,226030,30,200,n,discreta_global,"(mu,lambda)",1.0
EE,ackley,1,1130,3.297362383136715e-12,226230,30,200,n,discreta_global,"(mu,lambda)",1.0
EE,ackley,1,1131,3.0166980025114754e-12,226430,30,200,n,discreta_global,"(mu,lambda)",1.0
EE,ackley,1,1132,2.9882762930810713e-12,226630,30,200,n,discreta_global,"(mu,lambda)",1.0
EE,ackley,1,1133,3.47499806707674e-12,226830,30,200,n,discreta_global,"(mu,lambda)",1.0
EE,ackley,1,1134,3.7698733024171815e-12,227030,30,200,n,discreta_global,"(mu,lambda)",1.0
EE,ackley,1,1135,3.276046101063912e-12,227230,30,200,n,discreta_global,"(mu,lambda)",1.0
EE,ackley,1,1136,3.1374902675906924e-12,227430,30,200,n,discreta_global,"(mu,lambda)",1.0
EE,ackley,1,1137,3.983036123145212e-12,227630,30,200,n,discreta_global,"(mu,lambda)",1.0
EE,ackley,1,1138,3.773426016095982e-12,227830,30,200,n,discreta_global,"(mu,lambda)",1.0
EE,ackley,1,1139,3.3719693703915254e-12,228030,30,200,n,discreta_global,"(mu,lambda)",1.0
EE,ackley,1,1140,3.9332981316420046e-12,228230,30,200,n,discreta_global,"(mu,lambda)",1.0
EE,ackley,1,1141,3.9475089863572066e-12,228430,30,200,n,discreta_global,"(mu,lambda)",1.0
EE,ackley,1,1142,3.965272554751209e-12,228630,30,200,n,discreta_global,"(mu,lambda)",1.0
EE,ackley,1,1143,3.013145288832675e-12,228830,30,200,n,discreta_global,"(mu,lambda)",1.0
EE,ackley,1,1144,3.773426016095982e-12,229030,30,200,n,discreta_global,"(mu,lambda)",1.0
EE,ackley,1,1145,4.036326828327219e-12,229230,30,200,n,discreta_global,"(mu,lambda)",1.0
EE,ackley,1,1146,4.384492768849668e-12,229430,30,200,n,discreta_global,"(mu,lambda)",1.0
EE,ackley,1,1147,3.8764547127811966e-12,229630,30,200,n,discreta_global,"(mu,lambda)",1.0
EE,ackley,1,1148,4.029221400969618e-12,229830,30,200,n,discreta_global,"(mu,lambda)",1.0
EE,ackley,1,1149,4.292122213200855e-12,230030,30,200,n,discreta_global,"(mu,lambda)",1.0
EE,ackley,1,1150,2.4589219549397967e-12,230230,30,200,n,discreta_global,"(mu,lambda)",1.0
EE,ackley,1,1151,3.922639990605603e-12,230430,30,200,n,discreta_global,"(mu,lambda)",1.0
EE,ackley,1,1152,3.6775027467683685e-12,230630,30,200,n,discreta_global,"(mu,lambda)",1.0
EE,ackley,1,1153,3.0166980025114754e-12,230830,30,200,n,discreta_global,"(mu,lambda)",1.0
EE,ackley,1,1154,3.975930695787611e-12,231030,30,200,n,discreta_global,"(mu,lambda)",1.0
EE,ackley,1,1155,3.4288127892523335e-12,231230,30,200,n,discreta_global,"(mu,lambda)",1.0
EE,ackley,1,1156,3.7272407382715755e-12,231430,30,200,n,discreta_global,"(mu,lambda)",1.0
EE,ackley,1,1157,3.837374862314391e-12,231630,30,200,n,discreta_global,"(mu,lambda)",1.0
EE,ackley,1,1158,2.41273667711539e-12,231830,30,200,n,discreta_global,"(mu,lambda)",1.0
EE,ackley,1,1159,2.4802382370125997e-12,232030,30,200,n,discreta_global,"(mu,lambda)",1.0
EE,ackley,1,1160,3.745004306665578e-12,232230,30,200,n,discreta_global,"(mu,lambda)",1.0
EE,ackley,1,1161,3.5140779175435455e-12,232430,30,200,n,discreta_global,"(mu,lambda)",1.0
EE,ackley,1,1162,3.816058580241588e-12,232630,30,200,n,discreta_global,"(mu,lambda)",1.0
EE,ackley,1,1163,3.581579477440755e-12,232830,30,200,n,discreta_global,"(mu,lambda)",1.0
EE,ackley,1,1164,3.389732938785528e-12,233030,30,200,n,discreta_global,"(mu,lambda)",1.0
EE,ackley,1,1165,4.224620653303646e-12,233230,30,200,n,discreta_global,"(mu,lambda)",1.0
EE,ackley,1,1166,2.1604940059205546e-12,233430,30,200,n,discreta_global,"(mu,lambda)",1.0
EE,ackley,1,1167,4.04343225568482e-12,233630,30,200,n,discreta_global,"(mu,lambda)",1.0
EE,ackley,1,1168,3.7627678750595805e-12,233830,30,200,n,discreta_global,"(mu,lambda)",1.0
EE,ackley,1,1169,3.961719841072409e-12,234030,30,200,n,discreta_global,"(mu,lambda)",1.0
EE,ackley,1,1170,3.1659119770210964e-12,234230,30,200,n,discreta_global,"(mu,lambda)",1.0
EE,ackley,1,1171,3.439470930288735e-12,234430,30,200,n,discreta_global,"(mu,lambda)",1.0
EE,ackley,1,1172,3.83026943495679e-12,234630,30,200,n,discreta_global,"(mu,lambda)",1.0
EE,ackley,1,1173,2.956301869971867e-12,234830,30,200,n,discreta_global,"(mu,lambda)",1.0
EE,ackley,1,1174,3.0451197119418794e-12,235030,30,200,n,discreta_global,"(mu,lambda)",1.0
EE,ackley,1,1175,3.0451197119418794e-12,235230,30,200,n,discreta_global,"(mu,lambda)",1.0
EE,ackley,1,1176,3.318678665209518e-12,235430,30,200,n,discreta_global,"(mu,lambda)",1.0
EE,ackley,1,1177,3.268940673706311e-12,235630,30,200,n,discreta_global,"(mu,lambda)",1.0
EE,ackley,1,1178,2.441158386545794e-12,235830,30,200,n,discreta_global,"(mu,lambda)",1.0
EE,ackley,1,1179,3.7840841571323836e-12,236030,30,200,n,discreta_global,"(mu,lambda)",1.0
EE,ackley,1,1180,2.2457591342117666e-12,236230,30,200,n,discreta_global,"(mu,lambda)",1.0
EE,ackley,1,1181,3.7343461656291765e-12,236430,30,200,n,discreta_global,"(mu,lambda)",1.0
EE,ackley,1,1182,3.9332981316420046e-12,236630,30,200,n,discreta_global,"(mu,lambda)",1.0
EE,ackley,1,1183,3.361311229355124e-12,236830,30,200,n,discreta_global,"(mu,lambda)",1.0
EE,ackley,1,1184,3.290256955779114e-12,237030,30,200,n,discreta_global,"(mu,lambda)",1.0
EE,ackley,1,1185,3.975930695787611e-12,237230,30,200,n,discreta_global,"(mu,lambda)",1.0
EE,ackley,1,1186,2.9598545836506673e-12,237430,30,200,n,discreta_global,"(mu,lambda)",1.0
EE,ackley,1,1187,3.951061700036007e-12,237630,30,200,n,discreta_global,"(mu,lambda)",1.0
EE,ackley,1,1188,3.595790332155957e-12,237830,30,200,n,discreta_global,"(mu,lambda)",1.0
EE,ackley,1,1189,3.4856562081131415e-12,238030,30,200,n,discreta_global,"(mu,lambda)",1.0
EE,ackley,1,1190,3.702371742519972e-12,238230,30,200,n,discreta_global,"(mu,lambda)",1.0
EE,ackley,1,1191,3.7982950118475856e-12,238430,30,200,n,discreta_global,"(mu,lambda)",1.0
EE,ackley,1,1192,3.8054004392051866e-12,238630,30,200,n,discreta_global,"(mu,lambda)",1.0
EE,ackley,1,1193,2.6187940704858192e-12,238830,30,200,n,discreta_global,"(mu,lambda)",1.0
EE,ackley,1,1194,2.8070878954622458e-12,239030,30,200,n,discreta_global,"(mu,lambda)",1.0
EE,ackley,1,1195,2.9172220195050613e-12,239230,30,200,n,discreta_global,"(mu,lambda)",1.0
EE,ackley,1,1196,3.7982950118475856e-12,239430,30,200,n,discreta_global,"(mu,lambda)",1.0
EE,ackley,1,1197,3.0735414213722834e-12,239630,30,200,n,discreta_global,"(mu,lambda)",1.0
EE,ackley,1,1198,2.885247596395857e-12,239830,30,200,n,discreta_global,"(mu,lambda)",1.0
EE,ackley,1,1199,3.389732938785528e-12,240030,30,200,n,discreta_global,"(mu,lambda)",1.0
EE,ackley,2,0,18.553642233657225,230,30,200,n,discreta_global,"(mu,lambda)",1.0
EE,ackley,2,1,16.983887904459237,430,30,200,n,discreta_global,"(mu,lambda)",1.0
EE,ackley,2,2,12.803511712435112,630,30,200,n,discreta_global,"(mu,lambda)",1.0
EE,ackley,2,3,12.001649522531546,830,30,200,n,discreta_global,"(mu,lambda)",1.0
EE,ackley,2,4,10.158867613711015,1030,30,200,n,discreta_global,"(mu,lambda)",1.0
EE,ackley,2,5,6.471613375767337,1230,30,200,n,discreta_global,"(mu,lambda)",1.0
EE,ackley,2,6,6.170983740776446,1430,30,200,n,discreta_global,"(mu,lambda)",1.0
EE,ackley,2,7,4.247899891803179,1630,30,200,n,discreta_global,"(mu,lambda)",1.0
EE,ackley,2,8,4.468967981223017,1830,30,200,n,discreta_global,"(mu,lambda)",1.0
EE,ackley,2,9,3.146344937046216,2030,30,200,n,discreta_global,"(mu,lambda)",1.0
EE,ackley,2,10,3.037890704748197,2230,30,200,n,discreta_global,"(mu,lambda)",1.0
EE,ackley,2,11,2.904575027191591,2430,30,200,n,discreta_global,"(mu,lambda)",1.0
EE,ackley,2,12,2.5596682539928577,2630,30,200,n,discreta_global,"(mu,lambda)",1.0
EE,ackley,2,13,2.5899660441845858,2830,30,200,n,discreta_global,"(mu,lambda)",1.0
EE,ackley,2,14,1.9367192810919573,3030,30,200,n,discreta_global,"(mu,lambda)",1.0
EE,ackley,2,15,1.9791993437210427,3230,30,200,n,discreta_global,"(mu,lambda)",1.0
EE,ackley,2,16,1.74271253071564,3430,30,200,n,discreta_global,"(mu,lambda)",1.0
EE,ackley,2,17,0.9140823163792935,3630,30,200,n,discreta_global,"(mu,lambda)",1.0
EE,ackley,2,18,0.856866700186242,3830,30,200,n,discreta_global,"(mu,lambda)",1.0
EE,ackley,2,19,0.47143746435362077,4030,30,200,n,discreta_global,"(mu,lambda)",1.0
EE,ackley,2,20,0.506753246815546,4230,30,200,n,discreta_global,"(mu,lambda)",1.0
EE,ackley,2,21,0.4692657076263278,4430,30,200,n,discreta_global,"(mu,lambda)",1.0
EE,ackley,2,22,0.3813935933311865,4630,30,200,n,discreta_global,"(mu,lambda)",1.0
EE,ackley,2,23,0.2525679683028952,4830,30,200,n,discreta_global,"(mu,lambda)",1.0
EE,ackley,2,24,0.2229804641158286,5030,30,200,n,discreta_global,"(mu,lambda)",1.0
EE,ackley,2,25,0.155774136270328,5230,30,200,n,discreta_global,"(mu,lambda)",1.0
EE,ackley,2,26,0.16402490033580053,5430,30,200,n,discreta_global,"(mu,lambda)",1.0
EE,ackley,2,27,0.11476203851566469,5630,30,200,n,discreta_global,"(mu,lambda)",1.0
EE,ackley,2,28,0.08019911541319447,5830,30,200,n,discreta_global,"(mu,lambda)",1.0
EE,ackley,2,29,0.06812383995124494,6030,30,200,n,discreta_global,"(mu,lambda)",1.0
EE,ackley,2,30,0.06648914337216683,6230,30,200,n,discreta_global,"(mu,lambda)",1.0
EE,ackley,2,31,0.04799759068216192,6430,30,200,n,discreta_global,"(mu,lambda)",1.0
EE,ackley,2,32,0.03293833347964936,6630,30,200,n,discreta_global,"(mu,lambda)",1.0
EE,ackley,2,33,0.028077929999565487,6830,30,200,n,discreta_global,"(mu,lambda)",1.0
EE,ackley,2,34,0.02352739158424244,7030,30,200,n,discreta_global,"(mu,lambda)",1.0
EE,ackley,2,35,0.02259035701202139,7230,30,200,n,discreta_global,"(mu,lambda)",1.0
EE,ackley,2,36,0.021797953145892723,7430,30,200,n,discreta_global,"(mu,lambda)",1.0
EE,ackley,2,37,0.01650328682115232,7630,30,200,n,discreta_global,"(mu,lambda)",1.0
EE,ackley,2,38,0.010094014742016544,7830,30,200,n,discreta_global,"(mu,lambda)",1.0
EE,ackley,2,39,0.008610123644381407,8030,30,200,n,discreta_global,"(mu,lambda)",1.0
EE,ackley,2,40,0.00854931075474541,8230,30,200,n,discreta_global,"(mu,lambda)",1.0
EE,ackley,2,41,0.004694227975428067,8430,30,200,n,discreta_global,"(mu,lambda)",1.0
EE,ackley,2,42,0.004993439994966042,8630,30,200,n,discreta_global,"(mu,lambda)",1.0
EE,ackley,2,43,0.004584228808170554,8830,30,200,n,discreta_global,"(mu,lambda)",1.0
EE,ackley,2,44,0.0036748996319890814,9030,30,200,n,discreta_global,"(mu,lambda)",1.0
EE,ackley,2,45,0.0033479588669789173,9230,30,200,n,discreta_global,"(mu,lambda)",1.0
EE,ackley,2,46,0.002748891647290197,9430,30,200,n,discreta_global,"(mu,lambda)",1.0
EE,ackley,2,47,0.002282398338778524,9630,30,200,n,discreta_global,"(mu,lambda)",1.0
EE,ackley,2,48,0.0018333502245231337,9830,30,200,n,discreta_global,"(mu,lambda)",1.0
EE,ackley,2,49,0.0016072570779681605,10030,30,200,n,discreta_global,"(mu,lambda)",1.0
EE,ackley,2,50,0.0013642172579726441,10230,30,200,n,discreta_global,"(mu,lambda)",1.0
EE,ackley,2,51,0.0009710265531563955,10430,30,200,n,discreta_global,"(mu,lambda)",1.0
EE,ackley,2,52,0.0008222948149847475,10630,30,200,n,discreta_global,"(mu,lambda)",1.0
EE,ackley,2,53,0.0006378209626380915,10830,30,200,n,discreta_global,"(mu,lambda)",1.0
EE,ackley,2,54,0.0003205674924626756,11030,30,200,n,discreta_global,"(mu,lambda)",1.0
EE,ackley,2,55,0.0004115386727723269,11230,30,200,n,discreta_global,"(mu,lambda)",1.0
EE,ackley,2,56,0.00038806840986582714,11430,30,200,n,discreta_global,"(mu,lambda)",1.0
EE,ackley,2,57,0.0002852726316970866,11630,30,200,n,discreta_global,"(mu,lambda)",1.0
EE,ackley,2,58,0.00019651316566937638,11830,30,200,n,discreta_global,"(mu,lambda)",1.0
EE,ackley,2,59,0.00011554561425031196,12030,30,200,n,discreta_global,"(mu,lambda)",1.0
EE,ackley,2,60,0.0001108040848127878,12230,30,200,n,discreta_global,"(mu,lambda)",1.0
EE,ackley,2,61,8.82202735650317e-05,12430,30,200,n,discreta_global,"(mu,lambda)",1.0
EE,ackley,2,62,8.824289344433467e-05,12630,30,200,n,discreta_global,"(mu,lambda)",1.0
EE,ackley,2,63,6.181354609724465e-05,12830,30,200,n,discreta_global,"(mu,lambda)",1.0
EE,ackley,2,64,4.9722239449767613e-05,13030,30,200,n,discreta_global,"(mu,lambda)",1.0
EE,ackley,2,65,4.5785928414421306e-05,13230,30,200,n,discreta_global,"(mu,lambda)",1.0
EE,ackley,2,66,3.803105335764556e-05,13430,30,200,n,discreta_global,"(mu,lambda)",1.0
EE,ackley,2,67,2.855874804597036e-05,13630,30,200,n,discreta_global,"(mu,lambda)",1.0
EE,ackley,2,68,2.7307235999973756e-05,13830,30,200,n,discreta_global,"(mu,lambda)",1.0
EE,ackley,2,69,1.794009128319729e-05,14030,30,200,n,discreta_global,"(mu,lambda)",1.0
EE,ackley,2,70,1.9771345880048585e-05,14230,30,200,n,discreta_global,"(mu,lambda)",1.0
EE,ackley,2,71,1.2156863846701782e-05,14430,30,200,n,discreta_global,"(mu,lambda)",1.0
EE,ackley,2,72,1.2882443169548452e-05,14630,30,200,n,discreta_global,"(mu,lambda)",1.0
EE,ackley,2,73,9.21399026809766e-06,14830,30,200,n,discreta_global,"(mu,lambda)",1.0
EE,ackley,2,74,7.653752824854365e-06,15030,30,200,n,discreta_global,"(mu,lambda)",1.0
EE,ackley,2,75,4.567736227034658e-06,15230,30,200,n,discreta_global,"(mu,lambda)",1.0
EE,ackley,2,76,6.067153006217296e-06,15430,30,200,n,discreta_global,"(mu,lambda)",1.0
EE,ackley,2,77,3.6011223305543183e-06,15630,30,200,n,discreta_global,"(mu,lambda)",1.0
EE,ackley,2,78,4.233410113574365e-06,15830,30,200,n,discreta_global,"(mu,lambda)",1.0
EE,ackley,2,79,3.7196214752732715e-06,16030,30,200,n,discreta_global,"(mu,lambda)",1.0
EE,ackley,2,80,2.378214869924733e-06,16230,30,200,n,discreta_global,"(mu,lambda)",1.0
EE,ackley,2,81,2.1513989278965084e-06,16430,30,200,n,discreta_global,"(mu,lambda)",1.0
EE,ackley,2,82,1.7657136734960943e-06,16630,30,200,n,discreta_global,"(mu,lambda)",1.0
EE,ackley,2,83,1.5399922159708979e-06,16830,30,200,n,discreta_global,"(mu,lambda)",1.0
EE,ackley,2,84,1.1005989759560464e-06,17030,30,200,n,discreta_global,"(mu,lambda)",1.0
EE,ackley,2,85,9.792009660891665e-07,17230,30,200,n,discreta_global,"(mu,lambda)",1.0
EE,ackley,2,86,6.827808651799216e-07,17430,30,200,n,discreta_global,"(mu,lambda)",1.0
EE,ackley,2,87,7.290772683354874e-07,17630,30,200,n,discreta_global,"(mu,lambda)",1.0
EE,ackley,2,88,5.509522407187717e-07,17830,30,200,n,discreta_global,"(mu,lambda)",1.0
EE,ackley,2,89,3.5252752939030074e-07,18030,30,200,n,discreta_global,"(mu,lambda)",1.0
EE,ackley,2,90,4.0855127325656326e-07,18230,30,200,n,discreta_global,"(mu,lambda)",1.0
EE,ackley,2,91,2.535167102912794e-07,18430,30,200,n,discreta_global,"(mu,lambda)",1.0
EE,ackley,2,92,2.1817509621158138e-07,18630,30,200,n,discreta_global,"(mu,lambda)",1.0
EE,ackley,2,93,1.9151456998045546e-07,18830,30,200,n,discreta_global,"(mu,lambda)",1.0
EE,ackley,2,94,1.5577063239291533e-07,19030,30,200,n,discreta_global,"(mu,lambda)",1.0
EE,ackley,2,95,1.0199437427971247e-07,19230,30,200,n,discreta_global,"(mu,lambda)",1.0
EE,ackley,2,96,1.0884893386631234e-07,19430,30,200,n,discreta_global,"(mu,lambda)",1.0
EE,ackley,2,97,8.804006101925665e-08,19630,30,200,n,discreta_global,"(mu,lambda)",1.0
EE,ackley,2,98,6.465457547122355e-08,19830,30,200,n,discreta_global,"(mu,lambda)",1.0
EE,ackley,2,99,3.855746699699125e-08,20030,30,200,n,discreta_global,"(mu,lambda)",1.0
EE,ackley,2,100,4.685184906705331e-08,20230,30,200,n,discreta_global,"(mu,lambda)",1.0
EE,ackley,2,101,3.158129446845237e-08,20430,30,200,n,discreta_global,"(mu,lambda)",1.0
EE,ackley,2,102,3.081063271181961e-08,20630,30,200,n,discreta_global,"(mu,lambda)",1.0
EE,ackley,2,103,2.1955852691490918e-08,20830,30,200,n,discreta_global,"(mu,lambda)",1.0
EE,ackley,2,104,1.9846151833036174e-08,21030,30,200,n,discreta_global,"(mu,lambda)",1.0
EE,ackley,2,105,1.4074789778106833e-08,21230,30,200,n,discreta_global,"(mu,lambda)",1.0
EE,ackley,2,106,1.208163569188514e-08,21430,30,200,n,discreta_global,"(mu,lambda)",1.0
EE,ackley,2,107,1.1877404393345614e-08,21630,30,200,n,discreta_global,"(mu,lambda)",1.0
EE,ackley,2,108,8.607095924872965e-09,21830,30,200,n,discreta_global,"(mu,lambda)",1.0
EE,ackley,2,109,7.306021121422646e-09,22030,30,200,n,discreta_global,"(mu,lambda)",1.0
EE,ackley,2,110,6.360100446300976e-09,22230,30,200,n,discreta_global,"(mu,lambda)",1.0
EE,ackley,2,111,4.734939995643117e-09,22430,30,200,n,discreta_global,"(mu,lambda)",1.0
EE,ackley,2,112,3.746585708341854e-09,22630,30,200,n,discreta_global,"(mu,lambda)",1.0
EE,ackley,2,113,3.0793469996126532e-09,22830,30,200,n,discreta_global,"(mu,lambda)",1.0
EE,ackley,2,114,2.512571928292573e-09,23030,30,200,n,discreta_global,"(mu,lambda)",1.0
EE,ackley,2,115,1.8310726268566668e-09,23230,30,200,n,discreta_global,"(mu,lambda)",1.0
EE,ackley,2,116,1.533852600488217e-09,23430,30,200,n,discreta_global,"(mu,lambda)",1.0
EE,ackley,2,117,1.250754610992999e-09,23630,30,200,n,discreta_global,"(mu,lambda)",1.0
EE,ackley,2,118,1.5790324603415229e-09,23830,30,200,n,discreta_global,"(mu,lambda)",1.0
EE,ackley,2,119,1.2029706120131323e-09,24030,30,200,n,discreta_global,"(mu,lambda)",1.0
EE,ackley,2,120,9.650986676490447e-10,24230,30,200,n,discreta_global,"(mu,lambda)",1.0
EE,ackley,2,121,6.469922375629267e-10,24430,30,200,n,discreta_global,"(mu,lambda)",1.0
EE,ackley,2,122,6.115041806253885e-10,24630,30,200,n,discreta_global,"(mu,lambda)",1.0
EE,ackley,2,123,3.1119684607006093e-10,24830,30,200,n,discreta_global,"(mu,lambda)",1.0
EE,ackley,2,124,4.22318624515583e-10,25030,30,200,n,discreta_global,"(mu,lambda)",1.0
EE,ackley,2,125,2.7460389517841577e-10,25230,30,200,n,discreta_global,"(mu,lambda)",1.0
EE,ackley,2,126,2.395315057412972e-10,25430,30,200,n,discreta_global,"(mu,lambda)",1.0
EE,ackley,2,127,2.3484192368528056e-10,25630,30,200,n,discreta_global,"(mu,lambda)",1.0
EE,ackley,2,128,1.9447243815307047e-10,25830,30,200,n,discreta_global,"(mu,lambda)",1.0
EE,ackley,2,129,1.1199263738603804e-10,26030,30,200,n,discreta_global,"(mu,lambda)",1.0
EE,ackley,2,130,1.2619993938756124e-10,26230,30,200,n,discreta_global,"(mu,lambda)",1.0
EE,ackley,2,131,9.813350132503729e-11,26430,30,200,n,discreta_global,"(mu,lambda)",1.0
EE,ackley,2,132,8.239853244162987e-11,26630,30,200,n,discreta_global,"(mu,lambda)",1.0
EE,ackley,2,133,6.440048494482653e-11,26830,30,200,n,discreta_global,"(mu,lambda)",1.0
EE,ackley,2,134,4.8974602151474755e-11,27030,30,200,n,discreta_global,"(mu,lambda)",1.0
EE,ackley,2,135,4.036282419406234e-11,27230,30,200,n,discreta_global,"(mu,lambda)",1.0
EE,ackley,2,136,2.80029333055154e-11,27430,30,200,n,discreta_global,"(mu,lambda)",1.0
EE,ackley,2,137,2.3888890865464418e-11,27630,30,200,n,discreta_global,"(mu,lambda)",1.0
EE,ackley,2,138,2.2030821611451756e-11,27830,30,200,n,discreta_global,"(mu,lambda)",1.0
EE,ackley,2,139,1.8197443552026016e-11,28030,30,200,n,discreta_global,"(mu,lambda)",1.0
EE,ackley,2,140,1.7319923273362292e-11,28230,30,200,n,discreta_global,"(mu,lambda)",1.0
EE,ackley,2,141,1.3255618824814519e-11,28430,30,200,n,discreta_global,"(mu,lambda)",1.0
EE,ackley,2,142,1.1681766665105897e-11,28630,30,200,n,discreta_global,"(mu,lambda)",1.0
EE,ackley,2,143,1.0935696792557792e-11,28830,30,200,n,discreta_global,"(mu,lambda)",1.0
EE,ackley,2,144,8.843148435744297e-12,29030,30,200,n,discreta_global,"(mu,lambda)",1.0
EE,ackley,2,145,6.480593839341964e-12,29230,30,200,n,discreta_global,"(mu,lambda)",1.0
EE,ackley,2,146,6.626255100172784e-12,29430,30,200,n,discreta_global,"(mu,lambda)",1.0
EE,ackley,2,147,6.775469074682405e-12,29630,30,200,n,discreta_global,"(mu,lambda)",1.0
EE,ackley,2,148,5.933475932806687e-12,29830,30,200,n,discreta_global,"(mu,lambda)",1.0
EE,ackley,2,149,4.711342427299314e-12,30030,30,200,n,discreta_global,"(mu,lambda)",1.0
EE,ackley,2,150,4.306333067916057e-12,30230,30,200,n,discreta_global,"(mu,lambda)",1.0
EE,ackley,2,151,4.32764934998886e-12,30430,30,200,n,discreta_global,"(mu,lambda)",1.0
EE,ackley,2,152,4.89253082491814e-12,30630,30,200,n,discreta_global,"(mu,lambda)",1.0
EE,ackley,2,153,2.7715607586742408e-12,30830,30,200,n,discreta_global,"(mu,lambda)",1.0
EE,ackley,2,154,3.283151528421513e-12,31030,30,200,n,discreta_global,"(mu,lambda)",1.0
EE,ackley,2,155,3.155253835984695e-12,31230,30,200,n,discreta_global,"(mu,lambda)",1.0
EE,ackley,2,156,2.4837909506914002e-12,31430,30,200,n,discreta_global,"(mu,lambda)",1.0
EE,ackley,2,157,3.3577585156763234e-12,31630,30,200,n,discreta_global,"(mu,lambda)",1.0
EE,ackley,2,158,4.142908238691234e-12,31830,30,200,n,discreta_global,"(mu,lambda)",1.0
EE,ackley,2,159,3.396838366143129e-12,32030,30,200,n,discreta_global,"(mu,lambda)",1.0
EE,ackley,2,160,3.47499806707674e-12,32230,30,200,n,discreta_global,"(mu,lambda)",1.0
EE,ackley,2,161,3.027356143547877e-12,32430,30,200,n,discreta_global,"(mu,lambda)",1.0
EE,ackley,2,162,3.887112853817598e-12,32630,30,200,n,discreta_global,"(mu,lambda)",1.0
EE,ackley,2,163,4.231726080661247e-12,32830,30,200,n,discreta_global,"(mu,lambda)",1.0
EE,ackley,2,164,2.934985587899064e-12,33030,30,200,n,discreta_global,"(mu,lambda)",1.0
EE,ackley,2,165,3.2938096694579144e-12,33230,30,200,n,discreta_global,"(mu,lambda)",1.0
EE,ackley,2,166,3.0238034298690764e-12,33430,30,200,n,discreta_global,"(mu,lambda)",1.0
EE,ackley,2,167,3.162359263342296e-12,33630,30,200,n,discreta_global,"(mu,lambda)",1.0
EE,ackley,2,168,3.212097254845503e-12,33830,30,200,n,discreta_global,"(mu,lambda)",1.0
EE,ackley,2,169,3.368416656712725e-12,34030,30,200,n,discreta_global,"(mu,lambda)",1.0
EE,ackley,2,170,3.958167127393608e-12,34230,30,200,n,discreta_global,"(mu,lambda)",1.0
EE,ackley,2,171,3.5851321911195555e-12,34430,30,200,n,discreta_global,"(mu,lambda)",1.0
EE,ackley,2,172,2.920774733183862e-12,34630,30,200,n,discreta_global,"(mu,lambda)",1.0
EE,ackley,2,173,2.821298750177448e-12,34830,30,200,n,discreta_global,"(mu,lambda)",1.0
EE,ackley,2,174,3.4643399260403385e-12,35030,30,200,n,discreta_global,"(mu,lambda)",1.0
EE,ackley,2,175,3.574474050083154e-12,35230,30,200,n,discreta_global,"(mu,lambda)",1.0
EE,ackley,2,176,4.32764934998886e-12,35430,30,200,n,discreta_global,"(mu,lambda)",1.0
EE,ackley,2,177,4.022115973612017e-12,35630,30,200,n,discreta_global,"(mu,lambda)",1.0
EE,ackley,2,178,2.19957385638736e-12,35830,30,200,n,discreta_global,"(mu,lambda)",1.0
EE,ackley,2,179,3.8693492854235956e-12,36030,30,200,n,discreta_global,"(mu,lambda)",1.0
EE,ackley,2,180,3.560263195367952e-12,36230,30,200,n,discreta_global,"(mu,lambda)",1.0
EE,ackley,2,181,3.382627511427927e-12,36430,30,200,n,discreta_global,"(mu,lambda)",1.0
EE,ackley,2,182,3.2369662505971064e-12,36630,30,200,n,discreta_global,"(mu,lambda)",1.0
EE,ackley,2,183,4.075406678794025e-12,36830,30,200,n,discreta_global,"(mu,lambda)",1.0
EE,ackley,2,184,2.828404177535049e-12,37030,30,200,n,discreta_global,"(mu,lambda)",1.0
EE,ackley,2,185,3.0877522760874854e-12,37230,30,200,n,discreta_global,"(mu,lambda)",1.0
EE,ackley,2,186,3.2724933873851114e-12,37430,30,200,n,discreta_global,"(mu,lambda)",1.0
EE,ackley,2,187,4.647393581080905e-12,37630,30,200,n,discreta_global,"(mu,lambda)",1.0
EE,ackley,2,188,4.341860204704062e-12,37830,30,200,n,discreta_global,"(mu,lambda)",1.0
EE,ackley,2,189,3.3293368062459194e-12,38030,30,200,n,discreta_global,"(mu,lambda)",1.0
EE,ackley,2,190,3.176570118057498e-12,38230,30,200,n,discreta_global,"(mu,lambda)",1.0
EE,ackley,2,191,4.508837747607686e-12,38430,30,200,n,discreta_global,"(mu,lambda)",1.0
EE,ackley,2,192,3.5353941996163485e-12,38630,30,200,n,discreta_global,"(mu,lambda)",1.0
EE,ackley,2,193,4.057643110400022e-12,38830,30,200,n,discreta_global,"(mu,lambda)",1.0
EE,ackley,2,194,4.221067939624845e-12,39030,30,200,n,discreta_global,"(mu,lambda)",1.0
EE,ackley,2,195,3.3648639430339244e-12,39230,30,200,n,discreta_global,"(mu,lambda)",1.0
EE,ackley,2,196,3.97237798210881e-12,39430,30,200,n,discreta_global,"(mu,lambda)",1.0
EE,ackley,2,197,3.645528323659164e-12,39630,30,200,n,discreta_global,"(mu,lambda)",1.0
EE,ackley,2,198,3.0451197119418794e-12,39830,30,200,n,discreta_global,"(mu,lambda)",1.0
EE,ackley,2,199,3.7840841571323836e-12,40030,30,200,n,discreta_global,"(mu,lambda)",1.0
EE,ackley,2,200,3.496314349149543e-12,40230,30,200,n,discreta_global,"(mu,lambda)",1.0
EE,ackley,2,201,3.453681785003937e-12,40430,30,200,n,discreta_global,"(mu,lambda)",1.0
EE,ackley,2,202,2.8745894553594553e-12,40630,30,200,n,discreta_global,"(mu,lambda)",1.0
EE,ackley,2,203,4.150013666048835e-12,40830,30,200,n,discreta_global,"(mu,lambda)",1.0
EE,ackley,2,204,3.204991827487902e-12,41030,30,200,n,discreta_global,"(mu,lambda)",1.0
EE,ackley,2,205,3.4430236439675355e-12,41230,30,200,n,discreta_global,"(mu,lambda)",1.0
EE,ackley,2,206,2.6436630662374228e-12,41430,30,200,n,discreta_global,"(mu,lambda)",1.0
EE,ackley,2,207,4.022115973612017e-12,41630,30,200,n,discreta_global,"(mu,lambda)",1.0
EE,ackley,2,208,4.231726080661247e-12,41830,30,200,n,discreta_global,"(mu,lambda)",1.0
EE,ackley,2,209,3.4430236439675355e-12,42030,30,200,n,discreta_global,"(mu,lambda)",1.0
EE,ackley,2,210,3.1303848402330914e-12,42230,30,200,n,discreta_global,"(mu,lambda)",1.0
EE,ackley,2,211,4.285016785843254e-12,42430,30,200,n,discreta_global,"(mu,lambda)",1.0
EE,ackley,2,212,3.2298608232395054e-12,42630,30,200,n,discreta_global,"(mu,lambda)",1.0
EE,ackley,2,213,3.2014391138091014e-12,42830,30,200,n,discreta_global,"(mu,lambda)",1.0
EE,ackley,2,214,3.33288951992472e-12,43030,30,200,n,discreta_global,"(mu,lambda)",1.0
EE,ackley,2,215,3.681055460447169e-12,43230,30,200,n,discreta_global,"(mu,lambda)",1.0
EE,ackley,2,216,3.368416656712725e-12,43430,30,200,n,discreta_global,"(mu,lambda)",1.0
EE,ackley,2,217,3.6135539005499595e-12,43630,30,200,n,discreta_global,"(mu,lambda)",1.0
EE,ackley,2,218,3.666844605731967e-12,43830,30,200,n,discreta_global,"(mu,lambda)",1.0
EE,ackley,2,219,3.126832126554291e-12,44030,30,200,n,discreta_global,"(mu,lambda)",1.0
EE,ackley,2,220,4.292122213200855e-12,44230,30,200,n,discreta_global,"(mu,lambda)",1.0
EE,ackley,2,221,4.054090396721222e-12,44430,30,200,n,discreta_global,"(mu,lambda)",1.0
EE,ackley,2,222,4.107381101903229e-12,44630,30,200,n,discreta_global,"(mu,lambda)",1.0
EE,ackley,2,223,3.766320588738381e-12,44830,30,200,n,discreta_global,"(mu,lambda)",1.0
EE,ackley,2,224,4.341860204704062e-12,45030,30,200,n,discreta_global,"(mu,lambda)",1.0
EE,ackley,2,225,4.235278794340047e-12,45230,30,200,n,discreta_global,"(mu,lambda)",1.0
EE,ackley,2,226,3.844480289671992e-12,45430,30,200,n,discreta_global,"(mu,lambda)",1.0
EE,ackley,2,227,3.1232794128754904e-12,45630,30,200,n,discreta_global,"(mu,lambda)",1.0
EE,ackley,2,228,3.2298608232395054e-12,45830,30,200,n,discreta_global,"(mu,lambda)",1.0
EE,ackley,2,229,4.057643110400022e-12,46030,30,200,n,discreta_global,"(mu,lambda)",1.0
EE,ackley,2,230,4.135802811333633e-12,46230,30,200,n,discreta_global,"(mu,lambda)",1.0
EE,ackley,2,231,3.204991827487902e-12,46430,30,200,n,discreta_global,"(mu,lambda)",1.0
EE,ackley,2,232,3.4785507807555405e-12,46630,30,200,n,discreta_global,"(mu,lambda)",1.0
EE,ackley,2,233,3.503419776507144e-12,46830,30,200,n,discreta_global,"(mu,lambda)",1.0
EE,ackley,2,234,3.6917136014835705e-12,47030,30,200,n,discreta_global,"(mu,lambda)",1.0
EE,ackley,2,235,3.681055460447169e-12,47230,30,200,n,discreta_global,"(mu,lambda)",1.0
EE,ackley,2,236,3.361311229355124e-12,47430,30,200,n,discreta_global,"(mu,lambda)",1.0
EE,ackley,2,237,3.2298608232395054e-12,47630,30,200,n,discreta_global,"(mu,lambda)",1.0
EE,ackley,2,238,2.7964297544258443e-12,47830,30,200,n,discreta_global,"(mu,lambda)",1.0
EE,ackley,2,239,2.6330049252010213e-12,48030,30,200,n,discreta_global,"(mu,lambda)",1.0
EE,ackley,2,240,4.11448652926083e-12,48230,30,200,n,discreta_global,"(mu,lambda)",1.0
EE,ackley,2,241,3.68816088780477e-12,48430,30,200,n,discreta_global,"(mu,lambda)",1.0
EE,ackley,2,242,3.204991827487902e-12,48630,30,200,n,discreta_global,"(mu,lambda)",1.0
EE,ackley,2,243,4.103828388224429e-12,48830,30,200,n,discreta_global,"(mu,lambda)",1.0
EE,ackley,2,244,3.027356143547877e-12,49030,30,200,n,discreta_global,"(mu,lambda)",1.0
EE,ackley,2,245,2.90656387846866e-12,49230,30,200,n,discreta_global,"(mu,lambda)",1.0
EE,ackley,2,246,3.2724933873851114e-12,49430,30,200,n,discreta_global,"(mu,lambda)",1.0
EE,ackley,2,247,3.432365502931134e-12,49630,30,200,n,discreta_global,"(mu,lambda)",1.0
EE,ackley,2,248,3.808953152883987e-12,49830,30,200,n,discreta_global,"(mu,lambda)",1.0
EE,ackley,2,249,4.118039242939631e-12,50030,30,200,n,discreta_global,"(mu,lambda)",1.0
EE,ackley,2,250,2.284838984678572e-12,50230,30,200,n,discreta_global,"(mu,lambda)",1.0
EE,ackley,2,251,4.292122213200855e-12,50430,30,200,n,discreta_global,"(mu,lambda)",1.0
EE,ackley,2,252,3.290256955779114e-12,50630,30,200,n,discreta_global,"(mu,lambda)",1.0
EE,ackley,2,253,3.9013237085328e-12,50830,30,200,n,discreta_global,"(mu,lambda)",1.0
EE,ackley,2,254,2.6187940704858192e-12,51030,30,200,n,discreta_global,"(mu,lambda)",1.0
EE,ackley,2,255,3.26183524634871e-12,51230,30,200,n,discreta_global,"(mu,lambda)",1.0
EE,ackley,2,256,3.425260075573533e-12,51430,30,200,n,discreta_global,"(mu,lambda)",1.0
EE,ackley,2,257,3.418154648215932e-12,51630,30,200,n,discreta_global,"(mu,lambda)",1.0
EE,ackley,2,258,3.659739178374366e-12,51830,30,200,n,discreta_global,"(mu,lambda)",1.0
EE,ackley,2,259,3.709477169877573e-12,52030,30,200,n,discreta_global,"(mu,lambda)",1.0
EE,ackley,2,260,4.341860204704062e-12,52230,30,200,n,discreta_global,"(mu,lambda)",1.0
EE,ackley,2,261,3.801847725526386e-12,52430,30,200,n,discreta_global,"(mu,lambda)",1.0
EE,ackley,2,262,3.9048764222116006e-12,52630,30,200,n,discreta_global,"(mu,lambda)",1.0
EE,ackley,2,263,3.936850845320805e-12,52830,30,200,n,discreta_global,"(mu,lambda)",1.0
EE,ackley,2,264,3.247624391633508e-12,53030,30,200,n,discreta_global,"(mu,lambda)",1.0
EE,ackley,2,265,2.8390623185714503e-12,53230,30,200,n,discreta_global,"(mu,lambda)",1.0
EE,ackley,2,266,3.382627511427927e-12,53430,30,200,n,discreta_global,"(mu,lambda)",1.0
EE,ackley,2,267,3.176570118057498e-12,53630,30,200,n,discreta_global,"(mu,lambda)",1.0
EE,ackley,2,268,3.5496050543315505e-12,53830,30,200,n,discreta_global,"(mu,lambda)",1.0
EE,ackley,2,269,2.178257574314557e-12,54030,30,200,n,discreta_global,"(mu,lambda)",1.0
EE,ackley,2,270,2.8390623185714503e-12,54230,30,200,n,discreta_global,"(mu,lambda)",1.0
EE,ackley,2,271,2.2315482794965646e-12,54430,30,200,n,discreta_global,"(mu,lambda)",1.0
EE,ackley,2,272,3.2582825326699094e-12,54630,30,200,n,discreta_global,"(mu,lambda)",1.0
EE,ackley,2,273,3.5567104816891515e-12,54830,30,200,n,discreta_global,"(mu,lambda)",1.0
EE,ackley,2,274,2.998934434117473e-12,55030,30,200,n,discreta_global,"(mu,lambda)",1.0
EE,ackley,2,275,3.3719693703915254e-12,55230,30,200,n,discreta_global,"(mu,lambda)",1.0
EE,ackley,2,276,3.069988707693483e-12,55430,30,200,n,discreta_global,"(mu,lambda)",1.0
EE,ackley,2,277,2.1960211427085596e-12,55630,30,200,n,discreta_global,"(mu,lambda)",1.0
EE,ackley,2,278,3.5140779175435455e-12,55830,30,200,n,discreta_global,"(mu,lambda)",1.0
EE,ackley,2,279,3.602895759513558e-12,56030,30,200,n,discreta_global,"(mu,lambda)",1.0
EE,ackley,2,280,3.5993430458347575e-12,56230,30,200,n,discreta_global,"(mu,lambda)",1.0
EE,ackley,2,281,2.4020785360789887e-12,56430,30,200,n,discreta_global,"(mu,lambda)",1.0
EE,ackley,2,282,4.000799691539214e-12,56630,30,200,n,discreta_global,"(mu,lambda)",1.0
EE,ackley,2,283,3.254729818991109e-12,56830,30,200,n,discreta_global,"(mu,lambda)",1.0
EE,ackley,2,284,3.6135539005499595e-12,57030,30,200,n,discreta_global,"(mu,lambda)",1.0
EE,ackley,2,285,3.389732938785528e-12,57230,30,200,n,discreta_global,"(mu,lambda)",1.0
EE,ackley,2,286,3.375522084070326e-12,57430,30,200,n,discreta_global,"(mu,lambda)",1.0
EE,ackley,2,287,2.9598545836506673e-12,57630,30,200,n,discreta_global,"(mu,lambda)",1.0
EE,ackley,2,288,3.983036123145212e-12,57830,30,200,n,discreta_global,"(mu,lambda)",1.0
EE,ackley,2,289,3.2653879600275104e-12,58030,30,200,n,discreta_global,"(mu,lambda)",1.0
EE,ackley,2,290,3.97237798210881e-12,58230,30,200,n,discreta_global,"(mu,lambda)",1.0
EE,ackley,2,291,3.681055460447169e-12,58430,30,200,n,discreta_global,"(mu,lambda)",1.0
EE,ackley,2,292,3.816058580241588e-12,58630,30,200,n,discreta_global,"(mu,lambda)",1.0
EE,ackley,2,293,3.865796571744795e-12,58830,30,200,n,discreta_global,"(mu,lambda)",1.0
EE,ackley,2,294,2.7680080449954403e-12,59030,30,200,n,discreta_global,"(mu,lambda)",1.0
EE,ackley,2,295,3.887112853817598e-12,59230,30,200,n,discreta_global,"(mu,lambda)",1.0
EE,ackley,2,296,2.9243274468626623e-12,59430,30,200,n,discreta_global,"(mu,lambda)",1.0
EE,ackley,2,297,2.6934010577406298e-12,59630,30,200,n,discreta_global,"(mu,lambda)",1.0
EE,ackley,2,298,3.54605234065275e-12,59830,30,200,n,discreta_global,"(mu,lambda)",1.0
EE,ackley,2,299,3.141042981269493e-12,60030,30,200,n,discreta_global,"(mu,lambda)",1.0
EE,ackley,2,300,3.8338221486355906e-12,60230,30,200,n,discreta_global,"(mu,lambda)",1.0
EE,ackley,2,301,3.2156499685243034e-12,60430,30,200,n,discreta_global,"(mu,lambda)",1.0
EE,ackley,2,302,2.90656387846866e-12,60630,30,200,n,discreta_global,"(mu,lambda)",1.0
EE,ackley,2,303,3.595790332155957e-12,60830,30,200,n,discreta_global,"(mu,lambda)",1.0
EE,ackley,2,304,3.2724933873851114e-12,61030,30,200,n,discreta_global,"(mu,lambda)",1.0
EE,ackley,2,305,3.084199562408685e-12,61230,30,200,n,discreta_global,"(mu,lambda)",1.0
EE,ackley,2,306,3.254729818991109e-12,61430,30,200,n,discreta_global,"(mu,lambda)",1.0
EE,ackley,2,307,3.354205801997523e-12,61630,30,200,n,discreta_global,"(mu,lambda)",1.0
EE,ackley,2,308,2.7005064850982308e-12,61830,30,200,n,discreta_global,"(mu,lambda)",1.0
EE,ackley,2,309,3.7343461656291765e-12,62030,30,200,n,discreta_global,"(mu,lambda)",1.0
EE,ackley,2,310,3.0522251392994804e-12,62230,30,200,n,discreta_global,"(mu,lambda)",1.0
EE,ackley,2,311,3.6277647552651615e-12,62430,30,200,n,discreta_global,"(mu,lambda)",1.0
EE,ackley,2,312,3.396838366143129e-12,62630,30,200,n,discreta_global,"(mu,lambda)",1.0
EE,ackley,2,313,2.856825886965453e-12,62830,30,200,n,discreta_global,"(mu,lambda)",1.0
EE,ackley,2,314,4.224620653303646e-12,63030,30,200,n,discreta_global,"(mu,lambda)",1.0
EE,ackley,2,315,3.467892639719139e-12,63230,30,200,n,discreta_global,"(mu,lambda)",1.0
EE,ackley,2,316,3.368416656712725e-12,63430,30,200,n,discreta_global,"(mu,lambda)",1.0
EE,ackley,2,317,2.9456437289354653e-12,63630,30,200,n,discreta_global,"(mu,lambda)",1.0
EE,ackley,2,318,4.18554080283684e-12,63830,30,200,n,discreta_global,"(mu,lambda)",1.0
EE,ackley,2,319,3.745004306665578e-12,64030,30,200,n,discreta_global,"(mu,lambda)",1.0
EE,ackley,2,320,3.6348701826227625e-12,64230,30,200,n,discreta_global,"(mu,lambda)",1.0
EE,ackley,2,321,3.602895759513558e-12,64430,30,200,n,discreta_global,"(mu,lambda)",1.0
EE,ackley,2,322,4.910294393312142e-12,64630,30,200,n,discreta_global,"(mu,lambda)",1.0
EE,ackley,2,323,2.920774733183862e-12,64830,30,200,n,discreta_global,"(mu,lambda)",1.0
EE,ackley,2,324,4.011457832575616e-12,65030,30,200,n,discreta_global,"(mu,lambda)",1.0
EE,ackley,2,325,3.7911895844899846e-12,65230,30,200,n,discreta_global,"(mu,lambda)",1.0
EE,ackley,2,326,2.4091839634365897e-12,65430,30,200,n,discreta_global,"(mu,lambda)",1.0
EE,ackley,2,327,4.18554080283684e-12,65630,30,200,n,discreta_global,"(mu,lambda)",1.0
EE,ackley,2,328,3.8764547127811966e-12,65830,30,200,n,discreta_global,"(mu,lambda)",1.0
EE,ackley,2,329,3.865796571744795e-12,66030,30,200,n,discreta_global,"(mu,lambda)",1.0
EE,ackley,2,330,3.716582597235174e-12,66230,30,200,n,discreta_global,"(mu,lambda)",1.0
EE,ackley,2,331,3.745004306665578e-12,66430,30,200,n,discreta_global,"(mu,lambda)",1.0
EE,ackley,2,332,2.7751134723530413e-12,66630,30,200,n,discreta_global,"(mu,lambda)",1.0
EE,ackley,2,333,3.006039861475074e-12,66830,30,200,n,discreta_global,"(mu,lambda)",1.0
EE,ackley,2,334,3.5567104816891515e-12,67030,30,200,n,discreta_global,"(mu,lambda)",1.0
EE,ackley,2,335,4.316991208952459e-12,67230,30,200,n,discreta_global,"(mu,lambda)",1.0
EE,ackley,2,336,3.3080205241731164e-12,67430,30,200,n,discreta_global,"(mu,lambda)",1.0
EE,ackley,2,337,3.823164007599189e-12,67630,30,200,n,discreta_global,"(mu,lambda)",1.0
EE,ackley,2,338,3.574474050083154e-12,67830,30,200,n,discreta_global,"(mu,lambda)",1.0
EE,ackley,2,339,3.3435476609611214e-12,68030,30,200,n,discreta_global,"(mu,lambda)",1.0
EE,ackley,2,340,3.929745417963204e-12,68230,30,200,n,discreta_global,"(mu,lambda)",1.0
EE,ackley,2,341,3.1232794128754904e-12,68430,30,200,n,discreta_global,"(mu,lambda)",1.0
EE,ackley,2,342,2.4980018054066022e-12,68630,30,200,n,discreta_global,"(mu,lambda)",1.0
EE,ackley,2,343,3.069988707693483e-12,68830,30,200,n,discreta_global,"(mu,lambda)",1.0
EE,ackley,2,344,3.2653879600275104e-12,69030,30,200,n,discreta_global,"(mu,lambda)",1.0
EE,ackley,2,345,3.979483409466411e-12,69230,30,200,n,discreta_global,"(mu,lambda)",1.0
EE,ackley,2,346,4.071853965115224e-12,69430,30,200,n,discreta_global,"(mu,lambda)",1.0
EE,ackley,2,347,3.2298608232395054e-12,69630,30,200,n,discreta_global,"(mu,lambda)",1.0
EE,ackley,2,348,2.920774733183862e-12,69830,30,200,n,discreta_global,"(mu,lambda)",1.0
EE,ackley,2,349,3.197886400130301e-12,70030,30,200,n,discreta_global,"(mu,lambda)",1.0
EE,ackley,2,350,3.716582597235174e-12,70230,30,200,n,discreta_global,"(mu,lambda)",1.0
EE,ackley,2,351,2.863931314323054e-12,70430,30,200,n,discreta_global,"(mu,lambda)",1.0
EE,ackley,2,352,3.702371742519972e-12,70630,30,200,n,discreta_global,"(mu,lambda)",1.0
EE,ackley,2,353,3.7059244561987725e-12,70830,30,200,n,discreta_global,"(mu,lambda)",1.0
EE,ackley,2,354,3.4146019345371315e-12,71030,30,200,n,discreta_global,"(mu,lambda)",1.0
EE,ackley,2,355,3.034461570905478e-12,71230,30,200,n,discreta_global,"(mu,lambda)",1.0
EE,ackley,2,356,4.142908238691234e-12,71430,30,200,n,discreta_global,"(mu,lambda)",1.0
EE,ackley,2,357,4.6118664442929e-12,71630,30,200,n,discreta_global,"(mu,lambda)",1.0
EE,ackley,2,358,3.872901999102396e-12,71830,30,200,n,discreta_global,"(mu,lambda)",1.0
EE,ackley,2,359,3.97237798210881e-12,72030,30,200,n,discreta_global,"(mu,lambda)",1.0
EE,ackley,2,360,2.7289281945286348e-12,72230,30,200,n,discreta_global,"(mu,lambda)",1.0
EE,ackley,2,361,3.4998670628283435e-12,72430,30,200,n,discreta_global,"(mu,lambda)",1.0
EE,ackley,2,362,3.396838366143129e-12,72630,30,200,n,discreta_global,"(mu,lambda)",1.0
EE,ackley,2,363,4.071853965115224e-12,72830,30,200,n,discreta_global,"(mu,lambda)",1.0
EE,ackley,2,364,3.61710661422876e-12,73030,30,200,n,discreta_global,"(mu,lambda)",1.0
EE,ackley,2,365,3.7272407382715755e-12,73230,30,200,n,discreta_global,"(mu,lambda)",1.0
EE,ackley,2,366,3.141042981269493e-12,73430,30,200,n,discreta_global,"(mu,lambda)",1.0
EE,ackley,2,367,3.339994947282321e-12,73630,30,200,n,discreta_global,"(mu,lambda)",1.0
EE,ackley,2,368,3.055777852978281e-12,73830,30,200,n,discreta_global,"(mu,lambda)",1.0
EE,ackley,2,369,4.007905118896815e-12,74030,30,200,n,discreta_global,"(mu,lambda)",1.0
EE,ackley,2,370,2.920774733183862e-12,74230,30,200,n,discreta_global,"(mu,lambda)",1.0
EE,ackley,2,371,2.6116886431282182e-12,74430,30,200,n,discreta_global,"(mu,lambda)",1.0
EE,ackley,2,372,3.2156499685243034e-12,74630,30,200,n,discreta_global,"(mu,lambda)",1.0
EE,ackley,2,373,3.83026943495679e-12,74830,30,200,n,discreta_global,"(mu,lambda)",1.0
EE,ackley,2,374,3.1517011223058944e-12,75030,30,200,n,discreta_global,"(mu,lambda)",1.0
EE,ackley,2,375,3.7698733024171815e-12,75230,30,200,n,discreta_global,"(mu,lambda)",1.0
EE,ackley,2,376,3.936850845320805e-12,75430,30,200,n,discreta_global,"(mu,lambda)",1.0
EE,ackley,2,377,3.8977709948539996e-12,75630,30,200,n,discreta_global,"(mu,lambda)",1.0
EE,ackley,2,378,2.7786661860318418e-12,75830,30,200,n,discreta_global,"(mu,lambda)",1.0
EE,ackley,2,379,4.093170247188027e-12,76030,30,200,n,discreta_global,"(mu,lambda)",1.0
EE,ackley,2,380,3.666844605731967e-12,76230,30,200,n,discreta_global,"(mu,lambda)",1.0
EE,ackley,2,381,3.915534563248002e-12,76430,30,200,n,discreta_global,"(mu,lambda)",1.0
EE,ackley,2,382,3.7343461656291765e-12,76630,30,200,n,discreta_global,"(mu,lambda)",1.0
EE,ackley,2,383,3.2724933873851114e-12,76830,30,200,n,discreta_global,"(mu,lambda)",1.0
EE,ackley,2,384,3.538946913295149e-12,77030,30,200,n,discreta_global,"(mu,lambda)",1.0
EE,ackley,2,385,3.673950033089568e-12,77230,30,200,n,discreta_global,"(mu,lambda)",1.0
EE,ackley,2,386,3.2298608232395054e-12,77430,30,200,n,discreta_global,"(mu,lambda)",1.0
EE,ackley,2,387,2.7999824681046448e-12,77630,30,200,n,discreta_global,"(mu,lambda)",1.0
EE,ackley,2,388,2.863931314323054e-12,77830,30,200,n,discreta_global,"(mu,lambda)",1.0
EE,ackley,2,389,3.6988190288411715e-12,78030,30,200,n,discreta_global,"(mu,lambda)",1.0
EE,ackley,2,390,2.4908963780490012e-12,78230,30,200,n,discreta_global,"(mu,lambda)",1.0
EE,ackley,2,391,3.894218281175199e-12,78430,30,200,n,discreta_global,"(mu,lambda)",1.0
EE,ackley,2,392,3.645528323659164e-12,78630,30,200,n,discreta_global,"(mu,lambda)",1.0
EE,ackley,2,393,2.7822188997106423e-12,78830,30,200,n,discreta_global,"(mu,lambda)",1.0
EE,ackley,2,394,3.958167127393608e-12,79030,30,200,n,discreta_global,"(mu,lambda)",1.0
EE,ackley,2,395,3.872901999102396e-12,79230,30,200,n,discreta_global,"(mu,lambda)",1.0
EE,ackley,2,396,3.6561864646955655e-12,79430,30,200,n,discreta_global,"(mu,lambda)",1.0
EE,ackley,2,397,3.2369662505971064e-12,79630,30,200,n,discreta_global,"(mu,lambda)",1.0
EE,ackley,2,398,3.8764547127811966e-12,79830,30,200,n,discreta_global,"(mu,lambda)",1.0
EE,ackley,2,399,4.572786593826095e-12,80030,30,200,n,discreta_global,"(mu,lambda)",1.0
EE,ackley,2,400,2.8106406091410463e-12,80230,30,200,n,discreta_global,"(mu,lambda)",1.0
EE,ackley,2,401,3.8196112939203886e-12,80430,30,200,n,discreta_global,"(mu,lambda)",1.0
EE,ackley,2,402,3.961719841072409e-12,80630,30,200,n,discreta_global,"(mu,lambda)",1.0
EE,ackley,2,403,3.794742298168785e-12,80830,30,200,n,discreta_global,"(mu,lambda)",1.0
EE,ackley,2,404,3.4785507807555405e-12,81030,30,200,n,discreta_global,"(mu,lambda)",1.0
EE,ackley,2,405,3.389732938785528e-12,81230,30,200,n,discreta_global,"(mu,lambda)",1.0
EE,ackley,2,406,3.0238034298690764e-12,81430,30,200,n,discreta_global,"(mu,lambda)",1.0
EE,ackley,2,407,3.425260075573533e-12,81630,30,200,n,discreta_global,"(mu,lambda)",1.0
EE,ackley,2,408,3.8409275759931916e-12,81830,30,200,n,discreta_global,"(mu,lambda)",1.0
EE,ackley,2,409,3.7982950118475856e-12,82030,30,200,n,discreta_global,"(mu,lambda)",1.0
EE,ackley,2,410,3.567368622725553e-12,82230,30,200,n,discreta_global,"(mu,lambda)",1.0
EE,ackley,2,411,3.645528323659164e-12,82430,30,200,n,discreta_global,"(mu,lambda)",1.0
EE,ackley,2,412,3.9048764222116006e-12,82630,30,200,n,discreta_global,"(mu,lambda)",1.0
EE,ackley,2,413,3.5638159090467525e-12,82830,30,200,n,discreta_global,"(mu,lambda)",1.0
EE,ackley,2,414,2.7786661860318418e-12,83030,30,200,n,discreta_global,"(mu,lambda)",1.0
EE,ackley,2,415,3.006039861475074e-12,83230,30,200,n,discreta_global,"(mu,lambda)",1.0
EE,ackley,2,416,2.4802382370125997e-12,83430,30,200,n,discreta_global,"(mu,lambda)",1.0
EE,ackley,2,417,3.098410417123887e-12,83630,30,200,n,discreta_global,"(mu,lambda)",1.0
EE,ackley,2,418,2.5797142200190137e-12,83830,30,200,n,discreta_global,"(mu,lambda)",1.0
EE,ackley,2,419,3.2014391138091014e-12,84030,30,200,n,discreta_global,"(mu,lambda)",1.0
EE,ackley,2,420,3.2440716779547074e-12,84230,30,200,n,discreta_global,"(mu,lambda)",1.0
EE,ackley,2,421,3.723688024592775e-12,84430,30,200,n,discreta_global,"(mu,lambda)",1.0
EE,ackley,2,422,4.647393581080905e-12,84630,30,200,n,discreta_global,"(mu,lambda)",1.0
EE,ackley,2,423,3.773426016095982e-12,84830,30,200,n,discreta_global,"(mu,lambda)",1.0
EE,ackley,2,424,3.3790747977491264e-12,85030,30,200,n,discreta_global,"(mu,lambda)",1.0
EE,ackley,2,425,3.2156499685243034e-12,85230,30,200,n,discreta_global,"(mu,lambda)",1.0
EE,ackley,2,426,4.157119093406436e-12,85430,30,200,n,discreta_global,"(mu,lambda)",1.0
EE,ackley,2,427,3.787636870811184e-12,85630,30,200,n,discreta_global,"(mu,lambda)",1.0
EE,ackley,2,428,3.858691144387194e-12,85830,30,200,n,discreta_global,"(mu,lambda)",1.0
EE,ackley,2,429,3.951061700036007e-12,86030,30,200,n,discreta_global,"(mu,lambda)",1.0
EE,ackley,2,430,3.389732938785528e-12,86230,30,200,n,discreta_global,"(mu,lambda)",1.0
EE,ackley,2,431,3.4146019345371315e-12,86430,30,200,n,discreta_global,"(mu,lambda)",1.0
EE,ackley,2,432,3.7911895844899846e-12,86630,30,200,n,discreta_global,"(mu,lambda)",1.0
EE,ackley,2,433,3.26183524634871e-12,86830,30,200,n,discreta_global,"(mu,lambda)",1.0
EE,ackley,2,434,3.368416656712725e-12,87030,30,200,n,discreta_global,"(mu,lambda)",1.0
EE,ackley,2,435,3.4785507807555405e-12,87230,30,200,n,discreta_global,"(mu,lambda)",1.0
EE,ackley,2,436,2.6187940704858192e-12,87430,30,200,n,discreta_global,"(mu,lambda)",1.0
EE,ackley,2,437,3.752109734023179e-12,87630,30,200,n,discreta_global,"(mu,lambda)",1.0
EE,ackley,2,438,3.212097254845503e-12,87830,30,200,n,discreta_global,"(mu,lambda)",1.0
EE,ackley,2,439,3.2156499685243034e-12,88030,30,200,n,discreta_global,"(mu,lambda)",1.0
EE,ackley,2,440,2.83550960489265e-12,88230,30,200,n,discreta_global,"(mu,lambda)",1.0
EE,ackley,2,441,3.006039861475074e-12,88430,30,200,n,discreta_global,"(mu,lambda)",1.0
EE,ackley,2,442,3.1019631308026874e-12,88630,30,200,n,discreta_global,"(mu,lambda)",1.0
EE,ackley,2,443,2.5157653738006047e-12,88830,30,200,n,discreta_global,"(mu,lambda)",1.0
EE,ackley,2,444,3.54605234065275e-12,89030,30,200,n,discreta_global,"(mu,lambda)",1.0
EE,ackley,2,445,3.6348701826227625e-12,89230,30,200,n,discreta_global,"(mu,lambda)",1.0
EE,ackley,2,446,4.11448652926083e-12,89430,30,200,n,discreta_global,"(mu,lambda)",1.0
EE,ackley,2,447,4.242384221697648e-12,89630,30,200,n,discreta_global,"(mu,lambda)",1.0
EE,ackley,2,448,3.943956272678406e-12,89830,30,200,n,discreta_global,"(mu,lambda)",1.0
EE,ackley,2,449,3.3151259515307174e-12,90030,30,200,n,discreta_global,"(mu,lambda)",1.0
EE,ackley,2,450,4.022115973612017e-12,90230,30,200,n,discreta_global,"(mu,lambda)",1.0
EE,ackley,2,451,4.267253217449252e-12,90430,30,200,n,discreta_global,"(mu,lambda)",1.0
EE,ackley,2,452,3.283151528421513e-12,90630,30,200,n,discreta_global,"(mu,lambda)",1.0
EE,ackley,2,453,3.666844605731967e-12,90830,30,200,n,discreta_global,"(mu,lambda)",1.0
EE,ackley,2,454,3.418154648215932e-12,91030,30,200,n,discreta_global,"(mu,lambda)",1.0
EE,ackley,2,455,3.26183524634871e-12,91230,30,200,n,discreta_global,"(mu,lambda)",1.0
EE,ackley,2,456,3.880007426459997e-12,91430,30,200,n,discreta_global,"(mu,lambda)",1.0
EE,ackley,2,457,4.412914478280072e-12,91630,30,200,n,discreta_global,"(mu,lambda)",1.0
EE,ackley,2,458,2.9527491562930663e-12,91830,30,200,n,discreta_global,"(mu,lambda)",1.0
EE,ackley,2,459,3.75921516138078e-12,92030,30,200,n,discreta_global,"(mu,lambda)",1.0
EE,ackley,2,460,3.990141550502813e-12,92230,30,200,n,discreta_global,"(mu,lambda)",1.0
EE,ackley,2,461,4.082512106151626e-12,92430,30,200,n,discreta_global,"(mu,lambda)",1.0
EE,ackley,2,462,3.460787212361538e-12,92630,30,200,n,discreta_global,"(mu,lambda)",1.0
EE,ackley,2,463,3.183675545415099e-12,92830,30,200,n,discreta_global,"(mu,lambda)",1.0
EE,ackley,2,464,4.263700503770451e-12,93030,30,200,n,discreta_global,"(mu,lambda)",1.0
EE,ackley,2,465,3.4430236439675355e-12,93230,30,200,n,discreta_global,"(mu,lambda)",1.0
EE,ackley,2,466,2.7218227671710338e-12,93430,30,200,n,discreta_global,"(mu,lambda)",1.0
EE,ackley,2,467,3.26183524634871e-12,93630,30,200,n,discreta_global,"(mu,lambda)",1.0
EE,ackley,2,468,3.3364422336035204e-12,93830,30,200,n,discreta_global,"(mu,lambda)",1.0
EE,ackley,2,469,3.1232794128754904e-12,94030,30,200,n,discreta_global,"(mu,lambda)",1.0
EE,ackley,2,470,2.5583979379462107e-12,94230,30,200,n,discreta_global,"(mu,lambda)",1.0
EE,ackley,2,471,3.8977709948539996e-12,94430,30,200,n,discreta_global,"(mu,lambda)",1.0
EE,ackley,2,472,3.368416656712725e-12,94630,30,200,n,discreta_global,"(mu,lambda)",1.0
EE,ackley,2,473,3.1517011223058944e-12,94830,30,200,n,discreta_global,"(mu,lambda)",1.0
EE,ackley,2,474,4.132250097654833e-12,95030,30,200,n,discreta_global,"(mu,lambda)",1.0
EE,ackley,2,475,3.730793451950376e-12,95230,30,200,n,discreta_global,"(mu,lambda)",1.0
EE,ackley,2,476,4.288569499522055e-12,95430,30,200,n,discreta_global,"(mu,lambda)",1.0
EE,ackley,2,477,3.4643399260403385e-12,95630,30,200,n,discreta_global,"(mu,lambda)",1.0
EE,ackley,2,478,3.808953152883987e-12,95830,30,200,n,discreta_global,"(mu,lambda)",1.0
EE,ackley,2,479,3.983036123145212e-12,96030,30,200,n,discreta_global,"(mu,lambda)",1.0
EE,ackley,2,480,3.084199562408685e-12,96230,30,200,n,discreta_global,"(mu,lambda)",1.0
EE,ackley,2,481,3.6561864646955655e-12,96430,30,200,n,discreta_global,"(mu,lambda)",1.0
EE,ackley,2,482,4.078959392472825e-12,96630,30,200,n,discreta_global,"(mu,lambda)",1.0
EE,ackley,2,483,3.2227553958819044e-12,96830,30,200,n,discreta_global,"(mu,lambda)",1.0
EE,ackley,2,484,3.148148408627094e-12,97030,30,200,n,discreta_global,"(mu,lambda)",1.0
EE,ackley,2,485,3.482103494434341e-12,97230,30,200,n,discreta_global,"(mu,lambda)",1.0
EE,ackley,2,486,3.3719693703915254e-12,97430,30,200,n,discreta_global,"(mu,lambda)",1.0
EE,ackley,2,487,3.581579477440755e-12,97630,30,200,n,discreta_global,"(mu,lambda)",1.0
EE,ackley,2,488,3.2653879600275104e-12,97830,30,200,n,discreta_global,"(mu,lambda)",1.0
EE,ackley,2,489,3.872901999102396e-12,98030,30,200,n,discreta_global,"(mu,lambda)",1.0
EE,ackley,2,490,4.25659507641285e-12,98230,30,200,n,discreta_global,"(mu,lambda)",1.0
EE,ackley,2,491,3.304467810494316e-12,98430,30,200,n,discreta_global,"(mu,lambda)",1.0
EE,ackley,2,492,3.9119818495692016e-12,98630,30,200,n,discreta_global,"(mu,lambda)",1.0
EE,ackley,2,493,3.6988190288411715e-12,98830,30,200,n,discreta_global,"(mu,lambda)",1.0
EE,ackley,2,494,3.226308109560705e-12,99030,30,200,n,discreta_global,"(mu,lambda)",1.0
EE,ackley,2,495,3.482103494434341e-12,99230,30,200,n,discreta_global,"(mu,lambda)",1.0
EE,ackley,2,496,2.856825886965453e-12,99430,30,200,n,discreta_global,"(mu,lambda)",1.0
EE,ackley,2,497,2.6010305020918167e-12,99630,30,200,n,discreta_global,"(mu,lambda)",1.0
EE,ackley,2,498,3.368416656712725e-12,99830,30,200,n,discreta_global,"(mu,lambda)",1.0
EE,ackley,2,499,3.276046101063912e-12,100030,30,200,n,discreta_global,"(mu,lambda)",1.0
EE,ackley,2,500,3.382627511427927e-12,100230,30,200,n,discreta_global,"(mu,lambda)",1.0
EE,ackley,2,501,3.936850845320805e-12,100430,30,200,n,discreta_global,"(mu,lambda)",1.0
EE,ackley,2,502,3.96882526843001e-12,100630,30,200,n,discreta_global,"(mu,lambda)",1.0
EE,ackley,2,503,4.011457832575616e-12,100830,30,200,n,discreta_global,"(mu,lambda)",1.0
EE,ackley,2,504,3.4074965071795305e-12,101030,30,200,n,discreta_global,"(mu,lambda)",1.0
EE,ackley,2,505,3.0593305666570814e-12,101230,30,200,n,discreta_global,"(mu,lambda)",1.0
EE,ackley,2,506,3.5211833449011465e-12,101430,30,200,n,discreta_global,"(mu,lambda)",1.0
EE,ackley,2,507,2.8177460364986473e-12,101630,30,200,n,discreta_global,"(mu,lambda)",1.0
EE,ackley,2,508,2.2883916983573727e-12,101830,30,200,n,discreta_global,"(mu,lambda)",1.0
EE,ackley,2,509,3.339994947282321e-12,102030,30,200,n,discreta_global,"(mu,lambda)",1.0
EE,ackley,2,510,3.4074965071795305e-12,102230,30,200,n,discreta_global,"(mu,lambda)",1.0
EE,ackley,2,511,2.3807622540061857e-12,102430,30,200,n,discreta_global,"(mu,lambda)",1.0
EE,ackley,2,512,3.460787212361538e-12,102630,30,200,n,discreta_global,"(mu,lambda)",1.0
EE,ackley,2,513,3.8267167212779896e-12,102830,30,200,n,discreta_global,"(mu,lambda)",1.0
EE,ackley,2,514,3.816058580241588e-12,103030,30,200,n,discreta_global,"(mu,lambda)",1.0
EE,ackley,2,515,3.510525203864745e-12,103230,30,200,n,discreta_global,"(mu,lambda)",1.0
EE,ackley,2,516,3.11972669919669e-12,103430,30,200,n,discreta_global,"(mu,lambda)",1.0
EE,ackley,2,517,3.4430236439675355e-12,103630,30,200,n,discreta_global,"(mu,lambda)",1.0
EE,ackley,2,518,3.6703973194107675e-12,103830,30,200,n,discreta_global,"(mu,lambda)",1.0
EE,ackley,2,519,3.204991827487902e-12,104030,30,200,n,discreta_global,"(mu,lambda)",1.0
EE,ackley,2,520,4.420019905637673e-12,104230,30,200,n,discreta_global,"(mu,lambda)",1.0
EE,ackley,2,521,3.4643399260403385e-12,104430,30,200,n,discreta_global,"(mu,lambda)",1.0
EE,ackley,2,522,3.2795988147427124e-12,104630,30,200,n,discreta_global,"(mu,lambda)",1.0
EE,ackley,2,523,3.1090685581602884e-12,104830,30,200,n,discreta_global,"(mu,lambda)",1.0
EE,ackley,2,524,3.773426016095982e-12,105030,30,200,n,discreta_global,"(mu,lambda)",1.0
EE,ackley,2,525,3.922639990605603e-12,105230,30,200,n,discreta_global,"(mu,lambda)",1.0
EE,ackley,2,526,4.007905118896815e-12,105430,30,200,n,discreta_global,"(mu,lambda)",1.0
EE,ackley,2,527,3.141042981269493e-12,105630,30,200,n,discreta_global,"(mu,lambda)",1.0
EE,ackley,2,528,4.263700503770451e-12,105830,30,200,n,discreta_global,"(mu,lambda)",1.0
EE,ackley,2,529,3.5140779175435455e-12,106030,30,200,n,discreta_global,"(mu,lambda)",1.0
EE,ackley,2,530,3.7982950118475856e-12,106230,30,200,n,discreta_global,"(mu,lambda)",1.0
EE,ackley,2,531,4.6083137306141e-12,106430,30,200,n,discreta_global,"(mu,lambda)",1.0
EE,ackley,2,532,4.11448652926083e-12,106630,30,200,n,discreta_global,"(mu,lambda)",1.0
EE,ackley,2,533,3.3222313788883184e-12,106830,30,200,n,discreta_global,"(mu,lambda)",1.0
EE,ackley,2,534,4.025668687290818e-12,107030,30,200,n,discreta_global,"(mu,lambda)",1.0
EE,ackley,2,535,3.8622438580659946e-12,107230,30,200,n,discreta_global,"(mu,lambda)",1.0
EE,ackley,2,536,2.263522702605769e-12,107430,30,200,n,discreta_global,"(mu,lambda)",1.0
EE,ackley,2,537,3.7698733024171815e-12,107630,30,200,n,discreta_global,"(mu,lambda)",1.0
EE,ackley,2,538,3.6277647552651615e-12,107830,30,200,n,discreta_global,"(mu,lambda)",1.0
EE,ackley,2,539,2.4837909506914002e-12,108030,30,200,n,discreta_global,"(mu,lambda)",1.0
EE,ackley,2,540,3.6775027467683685e-12,108230,30,200,n,discreta_global,"(mu,lambda)",1.0
EE,ackley,2,541,3.538946913295149e-12,108430,30,200,n,discreta_global,"(mu,lambda)",1.0
EE,ackley,2,542,3.4856562081131415e-12,108630,30,200,n,discreta_global,"(mu,lambda)",1.0
EE,ackley,2,543,2.5512925105886097e-12,108830,30,200,n,discreta_global,"(mu,lambda)",1.0
EE,ackley,2,544,4.316991208952459e-12,109030,30,200,n,discreta_global,"(mu,lambda)",1.0
EE,ackley,2,545,3.808953152883987e-12,109230,30,200,n,discreta_global,"(mu,lambda)",1.0
EE,ackley,2,546,2.398525822400188e-12,109430,30,200,n,discreta_global,"(mu,lambda)",1.0
EE,ackley,2,547,2.426947531830592e-12,109630,30,200,n,discreta_global,"(mu,lambda)",1.0
EE,ackley,2,548,4.054090396721222e-12,109830,30,200,n,discreta_global,"(mu,lambda)",1.0
EE,ackley,2,549,3.4856562081131415e-12,110030,30,200,n,discreta_global,"(mu,lambda)",1.0
EE,ackley,2,550,3.7698733024171815e-12,110230,30,200,n,discreta_global,"(mu,lambda)",1.0
EE,ackley,2,551,3.517630631222346e-12,110430,30,200,n,discreta_global,"(mu,lambda)",1.0
EE,ackley,2,552,4.025668687290818e-12,110630,30,200,n,discreta_global,"(mu,lambda)",1.0
EE,ackley,2,553,2.8035351817834453e-12,110830,30,200,n,discreta_global,"(mu,lambda)",1.0
EE,ackley,2,554,2.871036741680655e-12,111030,30,200,n,discreta_global,"(mu,lambda)",1.0
EE,ackley,2,555,3.503419776507144e-12,111230,30,200,n,discreta_global,"(mu,lambda)",1.0
EE,ackley,2,556,3.4146019345371315e-12,111430,30,200,n,discreta_global,"(mu,lambda)",1.0
EE,ackley,2,557,3.510525203864745e-12,111630,30,200,n,discreta_global,"(mu,lambda)",1.0
EE,ackley,2,558,4.04343225568482e-12,111830,30,200,n,discreta_global,"(mu,lambda)",1.0
EE,ackley,2,559,2.7928770407470438e-12,112030,30,200,n,discreta_global,"(mu,lambda)",1.0
EE,ackley,2,560,3.997246977860414e-12,112230,30,200,n,discreta_global,"(mu,lambda)",1.0
EE,ackley,2,561,3.041566998263079e-12,112430,30,200,n,discreta_global,"(mu,lambda)",1.0
EE,ackley,2,562,4.050537683042421e-12,112630,30,200,n,discreta_global,"(mu,lambda)",1.0
EE,ackley,2,563,3.8125058665627876e-12,112830,30,200,n,discreta_global,"(mu,lambda)",1.0
EE,ackley,2,564,4.597655589577698e-12,113030,30,200,n,discreta_global,"(mu,lambda)",1.0
EE,ackley,2,565,3.7627678750595805e-12,113230,30,200,n,discreta_global,"(mu,lambda)",1.0
EE,ackley,2,566,4.142908238691234e-12,113430,30,200,n,discreta_global,"(mu,lambda)",1.0
EE,ackley,2,567,3.155253835984695e-12,113630,30,200,n,discreta_global,"(mu,lambda)",1.0
EE,ackley,2,568,3.844480289671992e-12,113830,30,200,n,discreta_global,"(mu,lambda)",1.0
EE,ackley,2,569,3.425260075573533e-12,114030,30,200,n,discreta_global,"(mu,lambda)",1.0
EE,ackley,2,570,4.025668687290818e-12,114230,30,200,n,discreta_global,"(mu,lambda)",1.0
EE,ackley,2,571,2.871036741680655e-12,114430,30,200,n,discreta_global,"(mu,lambda)",1.0
EE,ackley,2,572,4.007905118896815e-12,114630,30,200,n,discreta_global,"(mu,lambda)",1.0
EE,ackley,2,573,2.885247596395857e-12,114830,30,200,n,discreta_global,"(mu,lambda)",1.0
EE,ackley,2,574,3.4856562081131415e-12,115030,30,200,n,discreta_global,"(mu,lambda)",1.0
EE,ackley,2,575,4.160671807085237e-12,115230,30,200,n,discreta_global,"(mu,lambda)",1.0
EE,ackley,2,576,3.148148408627094e-12,115430,30,200,n,discreta_global,"(mu,lambda)",1.0
EE,ackley,2,577,3.240518964275907e-12,115630,30,200,n,discreta_global,"(mu,lambda)",1.0
EE,ackley,2,578,3.7627678750595805e-12,115830,30,200,n,discreta_global,"(mu,lambda)",1.0
EE,ackley,2,579,3.7130298835563735e-12,116030,30,200,n,discreta_global,"(mu,lambda)",1.0
EE,ackley,2,580,2.1889157153509586e-12,116230,30,200,n,discreta_global,"(mu,lambda)",1.0
EE,ackley,2,581,3.880007426459997e-12,116430,30,200,n,discreta_global,"(mu,lambda)",1.0
EE,ackley,2,582,3.887112853817598e-12,116630,30,200,n,discreta_global,"(mu,lambda)",1.0
EE,ackley,2,583,2.4873436643702007e-12,116830,30,200,n,discreta_global,"(mu,lambda)",1.0
EE,ackley,2,584,3.553157768010351e-12,117030,30,200,n,discreta_global,"(mu,lambda)",1.0
EE,ackley,2,585,3.75921516138078e-12,117230,30,200,n,discreta_global,"(mu,lambda)",1.0
EE,ackley,2,586,2.927880160541463e-12,117430,30,200,n,discreta_global,"(mu,lambda)",1.0
EE,ackley,2,587,3.169464690699897e-12,117630,30,200,n,discreta_global,"(mu,lambda)",1.0
EE,ackley,2,588,4.242384221697648e-12,117830,30,200,n,discreta_global,"(mu,lambda)",1.0
EE,ackley,2,589,3.9190872769268026e-12,118030,30,200,n,discreta_global,"(mu,lambda)",1.0
EE,ackley,2,590,3.396838366143129e-12,118230,30,200,n,discreta_global,"(mu,lambda)",1.0
EE,ackley,2,591,3.5567104816891515e-12,118430,30,200,n,discreta_global,"(mu,lambda)",1.0
EE,ackley,2,592,3.990141550502813e-12,118630,30,200,n,discreta_global,"(mu,lambda)",1.0
EE,ackley,2,593,4.022115973612017e-12,118830,30,200,n,discreta_global,"(mu,lambda)",1.0
EE,ackley,2,594,2.6365576388798218e-12,119030,30,200,n,discreta_global,"(mu,lambda)",1.0
EE,ackley,2,595,3.311573237851917e-12,119230,30,200,n,discreta_global,"(mu,lambda)",1.0
EE,ackley,2,596,3.304467810494316e-12,119430,30,200,n,discreta_global,"(mu,lambda)",1.0
EE,ackley,2,597,3.6277647552651615e-12,119630,30,200,n,discreta_global,"(mu,lambda)",1.0
EE,ackley,2,598,4.121591956618431e-12,119830,30,200,n,discreta_global,"(mu,lambda)",1.0
EE,ackley,2,599,3.2867042421003134e-12,120030,30,200,n,discreta_global,"(mu,lambda)",1.0
EE,ackley,2,600,3.4856562081131415e-12,120230,30,200,n,discreta_global,"(mu,lambda)",1.0
EE,ackley,2,601,3.368416656712725e-12,120430,30,200,n,discreta_global,"(mu,lambda)",1.0
EE,ackley,2,602,4.178435375479239e-12,120630,30,200,n,discreta_global,"(mu,lambda)",1.0
EE,ackley,2,603,3.975930695787611e-12,120830,30,200,n,discreta_global,"(mu,lambda)",1.0
EE,ackley,2,604,3.83026943495679e-12,121030,30,200,n,discreta_global,"(mu,lambda)",1.0
EE,ackley,2,605,3.958167127393608e-12,121230,30,200,n,discreta_global,"(mu,lambda)",1.0
EE,ackley,2,606,3.965272554751209e-12,121430,30,200,n,discreta_global,"(mu,lambda)",1.0
EE,ackley,2,607,4.196198943873242e-12,121630,30,200,n,discreta_global,"(mu,lambda)",1.0
EE,ackley,2,608,4.416467191958873e-12,121830,30,200,n,discreta_global,"(mu,lambda)",1.0
EE,ackley,2,609,4.125144670297232e-12,122030,30,200,n,discreta_global,"(mu,lambda)",1.0
EE,ackley,2,610,3.915534563248002e-12,122230,30,200,n,discreta_global,"(mu,lambda)",1.0
EE,ackley,2,611,3.581579477440755e-12,122430,30,200,n,discreta_global,"(mu,lambda)",1.0
EE,ackley,2,612,3.439470930288735e-12,122630,30,200,n,discreta_global,"(mu,lambda)",1.0
EE,ackley,2,613,3.997246977860414e-12,122830,30,200,n,discreta_global,"(mu,lambda)",1.0
EE,ackley,2,614,3.681055460447169e-12,123030,30,200,n,discreta_global,"(mu,lambda)",1.0
EE,ackley,2,615,3.7130298835563735e-12,123230,30,200,n,discreta_global,"(mu,lambda)",1.0
EE,ackley,2,616,3.4856562081131415e-12,123430,30,200,n,discreta_global,"(mu,lambda)",1.0
EE,ackley,2,617,3.176570118057498e-12,123630,30,200,n,discreta_global,"(mu,lambda)",1.0
EE,ackley,2,618,3.3222313788883184e-12,123830,30,200,n,discreta_global,"(mu,lambda)",1.0
EE,ackley,2,619,3.2653879600275104e-12,124030,30,200,n,discreta_global,"(mu,lambda)",1.0
EE,ackley,2,620,3.794742298168785e-12,124230,30,200,n,discreta_global,"(mu,lambda)",1.0
EE,ackley,2,621,2.3239188351453777e-12,124430,30,200,n,discreta_global,"(mu,lambda)",1.0
EE,ackley,2,622,3.602895759513558e-12,124630,30,200,n,discreta_global,"(mu,lambda)",1.0
EE,ackley,2,623,3.4572344986827375e-12,124830,30,200,n,discreta_global,"(mu,lambda)",1.0
EE,ackley,2,624,3.7556624477019795e-12,125030,30,200,n,discreta_global,"(mu,lambda)",1.0
EE,ackley,2,625,2.3949731087213877e-12,125230,30,200,n,discreta_global,"(mu,lambda)",1.0
EE,ackley,2,626,3.389732938785528e-12,125430,30,200,n,discreta_global,"(mu,lambda)",1.0
EE,ackley,2,627,3.631317468943962e-12,125630,30,200,n,discreta_global,"(mu,lambda)",1.0
EE,ackley,2,628,4.178435375479239e-12,125830,30,200,n,discreta_global,"(mu,lambda)",1.0
EE,ackley,2,629,3.453681785003937e-12,126030,30,200,n,discreta_global,"(mu,lambda)",1.0
EE,ackley,2,630,3.432365502931134e-12,126230,30,200,n,discreta_global,"(mu,lambda)",1.0
EE,ackley,2,631,3.020250716190276e-12,126430,30,200,n,discreta_global,"(mu,lambda)",1.0
EE,ackley,2,632,3.47499806707674e-12,126630,30,200,n,discreta_global,"(mu,lambda)",1.0
EE,ackley,2,633,4.171329948121638e-12,126830,30,200,n,discreta_global,"(mu,lambda)",1.0
EE,ackley,2,634,3.112621271839089e-12,127030,30,200,n,discreta_global,"(mu,lambda)",1.0
EE,ackley,2,635,3.3293368062459194e-12,127230,30,200,n,discreta_global,"(mu,lambda)",1.0
EE,ackley,2,636,3.5069724901859445e-12,127430,30,200,n,discreta_global,"(mu,lambda)",1.0
EE,ackley,2,637,3.2938096694579144e-12,127630,30,200,n,discreta_global,"(mu,lambda)",1.0
EE,ackley,2,638,4.178435375479239e-12,127830,30,200,n,discreta_global,"(mu,lambda)",1.0
EE,ackley,2,639,2.821298750177448e-12,128030,30,200,n,discreta_global,"(mu,lambda)",1.0
EE,ackley,2,640,3.4856562081131415e-12,128230,30,200,n,discreta_global,"(mu,lambda)",1.0
EE,ackley,2,641,3.3435476609611214e-12,128430,30,200,n,discreta_global,"(mu,lambda)",1.0
EE,ackley,2,642,2.7289281945286348e-12,128630,30,200,n,discreta_global,"(mu,lambda)",1.0
EE,ackley,2,643,3.169464690699897e-12,128830,30,200,n,discreta_global,"(mu,lambda)",1.0
EE,ackley,2,644,3.7201353109139745e-12,129030,30,200,n,discreta_global,"(mu,lambda)",1.0
EE,ackley,2,645,3.773426016095982e-12,129230,30,200,n,discreta_global,"(mu,lambda)",1.0
EE,ackley,2,646,3.467892639719139e-12,129430,30,200,n,discreta_global,"(mu,lambda)",1.0
EE,ackley,2,647,2.2812862709997717e-12,129630,30,200,n,discreta_global,"(mu,lambda)",1.0
EE,ackley,2,648,3.673950033089568e-12,129830,30,200,n,discreta_global,"(mu,lambda)",1.0
EE,ackley,2,649,3.5922376184771565e-12,130030,30,200,n,discreta_global,"(mu,lambda)",1.0
EE,ackley,2,650,3.425260075573533e-12,130230,30,200,n,discreta_global,"(mu,lambda)",1.0
EE,ackley,2,651,3.1303848402330914e-12,130430,30,200,n,discreta_global,"(mu,lambda)",1.0
EE,ackley,2,652,3.1907809727727e-12,130630,30,200,n,discreta_global,"(mu,lambda)",1.0
EE,ackley,2,653,3.2014391138091014e-12,130830,30,200,n,discreta_global,"(mu,lambda)",1.0
EE,ackley,2,654,3.894218281175199e-12,131030,30,200,n,discreta_global,"(mu,lambda)",1.0
EE,ackley,2,655,3.318678665209518e-12,131230,30,200,n,discreta_global,"(mu,lambda)",1.0
EE,ackley,2,656,3.460787212361538e-12,131430,30,200,n,discreta_global,"(mu,lambda)",1.0
EE,ackley,2,657,3.4785507807555405e-12,131630,30,200,n,discreta_global,"(mu,lambda)",1.0
EE,ackley,2,658,2.4589219549397967e-12,131830,30,200,n,discreta_global,"(mu,lambda)",1.0
EE,ackley,2,659,3.794742298168785e-12,132030,30,200,n,discreta_global,"(mu,lambda)",1.0
EE,ackley,2,660,4.199751657552042e-12,132230,30,200,n,discreta_global,"(mu,lambda)",1.0
EE,ackley,2,661,3.7627678750595805e-12,132430,30,200,n,discreta_global,"(mu,lambda)",1.0
EE,ackley,2,662,3.4074965071795305e-12,132630,30,200,n,discreta_global,"(mu,lambda)",1.0
EE,ackley,2,663,4.356071059419264e-12,132830,30,200,n,discreta_global,"(mu,lambda)",1.0
EE,ackley,2,664,4.164224520764037e-12,133030,30,200,n,discreta_global,"(mu,lambda)",1.0
EE,ackley,2,665,2.7786661860318418e-12,133230,30,200,n,discreta_global,"(mu,lambda)",1.0
EE,ackley,2,666,3.567368622725553e-12,133430,30,200,n,discreta_global,"(mu,lambda)",1.0
EE,ackley,2,667,5.023981231033758e-12,133630,30,200,n,discreta_global,"(mu,lambda)",1.0
EE,ackley,2,668,4.356071059419264e-12,133830,30,200,n,discreta_global,"(mu,lambda)",1.0
EE,ackley,2,669,4.054090396721222e-12,134030,30,200,n,discreta_global,"(mu,lambda)",1.0
EE,ackley,2,670,3.496314349149543e-12,134230,30,200,n,discreta_global,"(mu,lambda)",1.0
EE,ackley,2,671,3.844480289671992e-12,134430,30,200,n,discreta_global,"(mu,lambda)",1.0
EE,ackley,2,672,2.5086599464430037e-12,134630,30,200,n,discreta_global,"(mu,lambda)",1.0
EE,ackley,2,673,3.0664359940146824e-12,134830,30,200,n,discreta_global,"(mu,lambda)",1.0
EE,ackley,2,674,2.97761815204467e-12,135030,30,200,n,discreta_global,"(mu,lambda)",1.0
EE,ackley,2,675,4.25659507641285e-12,135230,30,200,n,discreta_global,"(mu,lambda)",1.0
EE,ackley,2,676,3.8693492854235956e-12,135430,30,200,n,discreta_global,"(mu,lambda)",1.0
EE,ackley,2,677,2.9456437289354653e-12,135630,30,200,n,discreta_global,"(mu,lambda)",1.0
EE,ackley,2,678,3.745004306665578e-12,135830,30,200,n,discreta_global,"(mu,lambda)",1.0
EE,ackley,2,679,3.411049220858331e-12,136030,30,200,n,discreta_global,"(mu,lambda)",1.0
EE,ackley,2,680,2.8959057374322583e-12,136230,30,200,n,discreta_global,"(mu,lambda)",1.0
EE,ackley,2,681,3.6561864646955655e-12,136430,30,200,n,discreta_global,"(mu,lambda)",1.0
EE,ackley,2,682,3.716582597235174e-12,136630,30,200,n,discreta_global,"(mu,lambda)",1.0
EE,ackley,2,683,3.823164007599189e-12,136830,30,200,n,discreta_global,"(mu,lambda)",1.0
EE,ackley,2,684,2.6045832157706172e-12,137030,30,200,n,discreta_global,"(mu,lambda)",1.0
EE,ackley,2,685,2.9456437289354653e-12,137230,30,200,n,discreta_global,"(mu,lambda)",1.0
EE,ackley,2,686,3.006039861475074e-12,137430,30,200,n,discreta_global,"(mu,lambda)",1.0
EE,ackley,2,687,3.787636870811184e-12,137630,30,200,n,discreta_global,"(mu,lambda)",1.0
EE,ackley,2,688,3.3435476609611214e-12,137830,30,200,n,discreta_global,"(mu,lambda)",1.0
EE,ackley,2,689,4.018563259933217e-12,138030,30,200,n,discreta_global,"(mu,lambda)",1.0
EE,ackley,2,690,2.9527491562930663e-12,138230,30,200,n,discreta_global,"(mu,lambda)",1.0
EE,ackley,2,691,3.311573237851917e-12,138430,30,200,n,discreta_global,"(mu,lambda)",1.0
EE,ackley,2,692,3.0309088572266774e-12,138630,30,200,n,discreta_global,"(mu,lambda)",1.0
EE,ackley,2,693,4.018563259933217e-12,138830,30,200,n,discreta_global,"(mu,lambda)",1.0
EE,ackley,2,694,2.4482638139033952e-12,139030,30,200,n,discreta_global,"(mu,lambda)",1.0
EE,ackley,2,695,4.320543922631259e-12,139230,30,200,n,discreta_global,"(mu,lambda)",1.0
EE,ackley,2,696,4.391598196207269e-12,139430,30,200,n,discreta_global,"(mu,lambda)",1.0
EE,ackley,2,697,3.9404035589996056e-12,139630,30,200,n,discreta_global,"(mu,lambda)",1.0
EE,ackley,2,698,2.913669305826261e-12,139830,30,200,n,discreta_global,"(mu,lambda)",1.0
EE,ackley,2,699,4.000799691539214e-12,140030,30,200,n,discreta_global,"(mu,lambda)",1.0
EE,ackley,2,700,3.986588836824012e-12,140230,30,200,n,discreta_global,"(mu,lambda)",1.0
EE,ackley,2,701,3.588684904798356e-12,140430,30,200,n,discreta_global,"(mu,lambda)",1.0
EE,ackley,2,702,3.7272407382715755e-12,140630,30,200,n,discreta_global,"(mu,lambda)",1.0
EE,ackley,2,703,4.11093381558203e-12,140830,30,200,n,discreta_global,"(mu,lambda)",1.0
EE,ackley,2,704,3.2724933873851114e-12,141030,30,200,n,discreta_global,"(mu,lambda)",1.0
EE,ackley,2,705,3.510525203864745e-12,141230,30,200,n,discreta_global,"(mu,lambda)",1.0
EE,ackley,2,706,3.418154648215932e-12,141430,30,200,n,discreta_global,"(mu,lambda)",1.0
EE,ackley,2,707,3.148148408627094e-12,141630,30,200,n,discreta_global,"(mu,lambda)",1.0
EE,ackley,2,708,4.125144670297232e-12,141830,30,200,n,discreta_global,"(mu,lambda)",1.0
EE,ackley,2,709,3.773426016095982e-12,142030,30,200,n,discreta_global,"(mu,lambda)",1.0
EE,ackley,2,710,2.6294522115222208e-12,142230,30,200,n,discreta_global,"(mu,lambda)",1.0
EE,ackley,2,711,3.581579477440755e-12,142430,30,200,n,discreta_global,"(mu,lambda)",1.0
EE,ackley,2,712,3.439470930288735e-12,142630,30,200,n,discreta_global,"(mu,lambda)",1.0
EE,ackley,2,713,3.496314349149543e-12,142830,30,200,n,discreta_global,"(mu,lambda)",1.0
EE,ackley,2,714,3.503419776507144e-12,143030,30,200,n,discreta_global,"(mu,lambda)",1.0
EE,ackley,2,715,2.6827429167042283e-12,143230,30,200,n,discreta_global,"(mu,lambda)",1.0
EE,ackley,2,716,3.6917136014835705e-12,143430,30,200,n,discreta_global,"(mu,lambda)",1.0
EE,ackley,2,717,4.089617533509227e-12,143630,30,200,n,discreta_global,"(mu,lambda)",1.0
EE,ackley,2,718,2.934985587899064e-12,143830,30,200,n,discreta_global,"(mu,lambda)",1.0
EE,ackley,2,719,3.97237798210881e-12,144030,30,200,n,discreta_global,"(mu,lambda)",1.0
EE,ackley,2,720,2.4376056728669937e-12,144230,30,200,n,discreta_global,"(mu,lambda)",1.0
EE,ackley,2,721,3.1161739855178894e-12,144430,30,200,n,discreta_global,"(mu,lambda)",1.0
EE,ackley,2,722,3.069988707693483e-12,144630,30,200,n,discreta_global,"(mu,lambda)",1.0
EE,ackley,2,723,2.7715607586742408e-12,144830,30,200,n,discreta_global,"(mu,lambda)",1.0
EE,ackley,2,724,3.8338221486355906e-12,145030,30,200,n,discreta_global,"(mu,lambda)",1.0
EE,ackley,2,725,3.5211833449011465e-12,145230,30,200,n,discreta_global,"(mu,lambda)",1.0
EE,ackley,2,726,3.361311229355124e-12,145430,30,200,n,discreta_global,"(mu,lambda)",1.0
EE,ackley,2,727,3.9119818495692016e-12,145630,30,200,n,discreta_global,"(mu,lambda)",1.0
EE,ackley,2,728,3.5496050543315505e-12,145830,30,200,n,discreta_global,"(mu,lambda)",1.0
EE,ackley,2,729,3.162359263342296e-12,146030,30,200,n,discreta_global,"(mu,lambda)",1.0
EE,ackley,2,730,4.121591956618431e-12,146230,30,200,n,discreta_global,"(mu,lambda)",1.0
EE,ackley,2,731,3.808953152883987e-12,146430,30,200,n,discreta_global,"(mu,lambda)",1.0
EE,ackley,2,732,3.1303848402330914e-12,146630,30,200,n,discreta_global,"(mu,lambda)",1.0
EE,ackley,2,733,4.057643110400022e-12,146830,30,200,n,discreta_global,"(mu,lambda)",1.0
EE,ackley,2,734,3.631317468943962e-12,147030,30,200,n,discreta_global,"(mu,lambda)",1.0
EE,ackley,2,735,3.8480330033507926e-12,147230,30,200,n,discreta_global,"(mu,lambda)",1.0
EE,ackley,2,736,3.375522084070326e-12,147430,30,200,n,discreta_global,"(mu,lambda)",1.0
EE,ackley,2,737,3.1659119770210964e-12,147630,30,200,n,discreta_global,"(mu,lambda)",1.0
EE,ackley,2,738,2.892353023753458e-12,147830,30,200,n,discreta_global,"(mu,lambda)",1.0
EE,ackley,2,739,3.7485570203443785e-12,148030,30,200,n,discreta_global,"(mu,lambda)",1.0
EE,ackley,2,740,3.6775027467683685e-12,148230,30,200,n,discreta_global,"(mu,lambda)",1.0
EE,ackley,2,741,4.064748537757623e-12,148430,30,200,n,discreta_global,"(mu,lambda)",1.0
EE,ackley,2,742,3.531841485937548e-12,148630,30,200,n,discreta_global,"(mu,lambda)",1.0
EE,ackley,2,743,3.709477169877573e-12,148830,30,200,n,discreta_global,"(mu,lambda)",1.0
EE,ackley,2,744,2.3878676813637867e-12,149030,30,200,n,discreta_global,"(mu,lambda)",1.0
EE,ackley,2,745,3.808953152883987e-12,149230,30,200,n,discreta_global,"(mu,lambda)",1.0
EE,ackley,2,746,3.368416656712725e-12,149430,30,200,n,discreta_global,"(mu,lambda)",1.0
EE,ackley,2,747,3.794742298168785e-12,149630,30,200,n,discreta_global,"(mu,lambda)",1.0
EE,ackley,2,748,3.354205801997523e-12,149830,30,200,n,discreta_global,"(mu,lambda)",1.0
EE,ackley,2,749,3.6988190288411715e-12,150030,30,200,n,discreta_global,"(mu,lambda)",1.0
EE,ackley,2,750,3.1907809727727e-12,150230,30,200,n,discreta_global,"(mu,lambda)",1.0
EE,ackley,2,751,3.496314349149543e-12,150430,30,200,n,discreta_global,"(mu,lambda)",1.0
EE,ackley,2,752,3.652633751016765e-12,150630,30,200,n,discreta_global,"(mu,lambda)",1.0
EE,ackley,2,753,4.125144670297232e-12,150830,30,200,n,discreta_global,"(mu,lambda)",1.0
EE,ackley,2,754,3.4146019345371315e-12,151030,30,200,n,discreta_global,"(mu,lambda)",1.0
EE,ackley,2,755,3.3861802251067274e-12,151230,30,200,n,discreta_global,"(mu,lambda)",1.0
EE,ackley,2,756,2.5903723610554152e-12,151430,30,200,n,discreta_global,"(mu,lambda)",1.0
EE,ackley,2,757,2.949196442614266e-12,151630,30,200,n,discreta_global,"(mu,lambda)",1.0
EE,ackley,2,758,3.610001186871159e-12,151830,30,200,n,discreta_global,"(mu,lambda)",1.0
EE,ackley,2,759,2.9456437289354653e-12,152030,30,200,n,discreta_global,"(mu,lambda)",1.0
EE,ackley,2,760,4.046984969363621e-12,152230,30,200,n,discreta_global,"(mu,lambda)",1.0
EE,ackley,2,761,2.899458451111059e-12,152430,30,200,n,discreta_global,"(mu,lambda)",1.0
EE,ackley,2,762,2.942091015256665e-12,152630,30,200,n,discreta_global,"(mu,lambda)",1.0
EE,ackley,2,763,3.041566998263079e-12,152830,30,200,n,discreta_global,"(mu,lambda)",1.0
EE,ackley,2,764,3.439470930288735e-12,153030,30,200,n,discreta_global,"(mu,lambda)",1.0
EE,ackley,2,765,3.0522251392994804e-12,153230,30,200,n,discreta_global,"(mu,lambda)",1.0
EE,ackley,2,766,3.3293368062459194e-12,153430,30,200,n,discreta_global,"(mu,lambda)",1.0
EE,ackley,2,767,3.631317468943962e-12,153630,30,200,n,discreta_global,"(mu,lambda)",1.0
EE,ackley,2,768,3.7556624477019795e-12,153830,30,200,n,discreta_global,"(mu,lambda)",1.0
EE,ackley,2,769,4.473310610819681e-12,154030,30,200,n,discreta_global,"(mu,lambda)",1.0
EE,ackley,2,770,4.789502128232925e-12,154230,30,200,n,discreta_global,"(mu,lambda)",1.0
EE,ackley,2,771,4.306333067916057e-12,154430,30,200,n,discreta_global,"(mu,lambda)",1.0
EE,ackley,2,772,4.199751657552042e-12,154630,30,200,n,discreta_global,"(mu,lambda)",1.0
EE,ackley,2,773,4.444888901389277e-12,154830,30,200,n,discreta_global,"(mu,lambda)",1.0
EE,ackley,2,774,3.2724933873851114e-12,155030,30,200,n,discreta_global,"(mu,lambda)",1.0
EE,ackley,2,775,3.283151528421513e-12,155230,30,200,n,discreta_global,"(mu,lambda)",1.0
EE,ackley,2,776,3.04867242562068e-12,155430,30,200,n,discreta_global,"(mu,lambda)",1.0
EE,ackley,2,777,3.297362383136715e-12,155630,30,200,n,discreta_global,"(mu,lambda)",1.0
EE,ackley,2,778,4.004352405218015e-12,155830,30,200,n,discreta_global,"(mu,lambda)",1.0
EE,ackley,2,779,3.382627511427927e-12,156030,30,200,n,discreta_global,"(mu,lambda)",1.0
EE,ackley,2,780,4.558575739110893e-12,156230,30,200,n,discreta_global,"(mu,lambda)",1.0
EE,ackley,2,781,4.391598196207269e-12,156430,30,200,n,discreta_global,"(mu,lambda)",1.0
EE,ackley,2,782,4.270805931128052e-12,156630,30,200,n,discreta_global,"(mu,lambda)",1.0
EE,ackley,2,783,4.18198808915804e-12,156830,30,200,n,discreta_global,"(mu,lambda)",1.0
EE,ackley,2,784,4.178435375479239e-12,157030,30,200,n,discreta_global,"(mu,lambda)",1.0
EE,ackley,2,785,4.210409798588444e-12,157230,30,200,n,discreta_global,"(mu,lambda)",1.0
EE,ackley,2,786,4.068301251436424e-12,157430,30,200,n,discreta_global,"(mu,lambda)",1.0
EE,ackley,2,787,4.46620518346208e-12,157630,30,200,n,discreta_global,"(mu,lambda)",1.0
EE,ackley,2,788,2.4695800959761982e-12,157830,30,200,n,discreta_global,"(mu,lambda)",1.0
EE,ackley,2,789,3.389732938785528e-12,158030,30,200,n,discreta_global,"(mu,lambda)",1.0
EE,ackley,2,790,3.908429135890401e-12,158230,30,200,n,discreta_global,"(mu,lambda)",1.0
EE,ackley,2,791,3.439470930288735e-12,158430,30,200,n,discreta_global,"(mu,lambda)",1.0
EE,ackley,2,792,4.128697383976032e-12,158630,30,200,n,discreta_global,"(mu,lambda)",1.0
EE,ackley,2,793,2.842615032250251e-12,158830,30,200,n,discreta_global,"(mu,lambda)",1.0
EE,ackley,2,794,2.991829006759872e-12,159030,30,200,n,discreta_global,"(mu,lambda)",1.0
EE,ackley,2,795,3.105515844481488e-12,159230,30,200,n,discreta_global,"(mu,lambda)",1.0
EE,ackley,2,796,3.517630631222346e-12,159430,30,200,n,discreta_global,"(mu,lambda)",1.0
EE,ackley,2,797,3.04867242562068e-12,159630,30,200,n,discreta_global,"(mu,lambda)",1.0
EE,ackley,2,798,3.7982950118475856e-12,159830,30,200,n,discreta_global,"(mu,lambda)",1.0
EE,ackley,2,799,4.178435375479239e-12,160030,30,200,n,discreta_global,"(mu,lambda)",1.0
EE,ackley,2,800,3.3861802251067274e-12,160230,30,200,n,discreta_global,"(mu,lambda)",1.0
EE,ackley,2,801,3.40394379350073e-12,160430,30,200,n,discreta_global,"(mu,lambda)",1.0
EE,ackley,2,802,3.5851321911195555e-12,160630,30,200,n,discreta_global,"(mu,lambda)",1.0
EE,ackley,2,803,2.863931314323054e-12,160830,30,200,n,discreta_global,"(mu,lambda)",1.0
EE,ackley,2,804,3.141042981269493e-12,161030,30,200,n,discreta_global,"(mu,lambda)",1.0
EE,ackley,2,805,3.290256955779114e-12,161230,30,200,n,discreta_global,"(mu,lambda)",1.0
EE,ackley,2,806,3.737898879307977e-12,161430,30,200,n,discreta_global,"(mu,lambda)",1.0
EE,ackley,2,807,2.856825886965453e-12,161630,30,200,n,discreta_global,"(mu,lambda)",1.0
EE,ackley,2,808,4.018563259933217e-12,161830,30,200,n,discreta_global,"(mu,lambda)",1.0
EE,ackley,2,809,3.553157768010351e-12,162030,30,200,n,discreta_global,"(mu,lambda)",1.0
EE,ackley,2,810,3.098410417123887e-12,162230,30,200,n,discreta_global,"(mu,lambda)",1.0
EE,ackley,2,811,3.975930695787611e-12,162430,30,200,n,discreta_global,"(mu,lambda)",1.0
EE,ackley,2,812,3.975930695787611e-12,162630,30,200,n,discreta_global,"(mu,lambda)",1.0
EE,ackley,2,813,3.560263195367952e-12,162830,30,200,n,discreta_global,"(mu,lambda)",1.0
EE,ackley,2,814,4.011457832575616e-12,163030,30,200,n,discreta_global,"(mu,lambda)",1.0
EE,ackley,2,815,4.171329948121638e-12,163230,30,200,n,discreta_global,"(mu,lambda)",1.0
EE,ackley,2,816,3.112621271839089e-12,163430,30,200,n,discreta_global,"(mu,lambda)",1.0
EE,ackley,2,817,3.794742298168785e-12,163630,30,200,n,discreta_global,"(mu,lambda)",1.0
EE,ackley,2,818,2.4589219549397967e-12,163830,30,200,n,discreta_global,"(mu,lambda)",1.0
EE,ackley,2,819,4.128697383976032e-12,164030,30,200,n,discreta_global,"(mu,lambda)",1.0
EE,ackley,2,820,4.036326828327219e-12,164230,30,200,n,discreta_global,"(mu,lambda)",1.0
EE,ackley,2,821,3.8054004392051866e-12,164430,30,200,n,discreta_global,"(mu,lambda)",1.0
EE,ackley,2,822,3.1090685581602884e-12,164630,30,200,n,discreta_global,"(mu,lambda)",1.0
EE,ackley,2,823,4.018563259933217e-12,164830,30,200,n,discreta_global,"(mu,lambda)",1.0
EE,ackley,2,824,3.0238034298690764e-12,165030,30,200,n,discreta_global,"(mu,lambda)",1.0
EE,ackley,2,825,3.7982950118475856e-12,165230,30,200,n,discreta_global,"(mu,lambda)",1.0
EE,ackley,2,826,3.3364422336035204e-12,165430,30,200,n,discreta_global,"(mu,lambda)",1.0
EE,ackley,2,827,3.602895759513558e-12,165630,30,200,n,discreta_global,"(mu,lambda)",1.0
EE,ackley,2,828,3.7130298835563735e-12,165830,30,200,n,discreta_global,"(mu,lambda)",1.0
EE,ackley,2,829,2.8888003100746573e-12,166030,30,200,n,discreta_global,"(mu,lambda)",1.0
EE,ackley,2,830,2.029043599804936e-12,166230,30,200,n,discreta_global,"(mu,lambda)",1.0
EE,ackley,2,831,3.4785507807555405e-12,166430,30,200,n,discreta_global,"(mu,lambda)",1.0
EE,ackley,2,832,3.091304989766286e-12,166630,30,200,n,discreta_global,"(mu,lambda)",1.0
EE,ackley,2,833,3.8338221486355906e-12,166830,30,200,n,discreta_global,"(mu,lambda)",1.0
EE,ackley,2,834,3.2440716779547074e-12,167030,30,200,n,discreta_global,"(mu,lambda)",1.0
EE,ackley,2,835,2.9456437289354653e-12,167230,30,200,n,discreta_global,"(mu,lambda)",1.0
EE,ackley,2,836,2.4376056728669937e-12,167430,30,200,n,discreta_global,"(mu,lambda)",1.0
EE,ackley,2,837,2.8532731732866523e-12,167630,30,200,n,discreta_global,"(mu,lambda)",1.0
EE,ackley,2,838,4.352518345740464e-12,167830,30,200,n,discreta_global,"(mu,lambda)",1.0
EE,ackley,2,839,3.794742298168785e-12,168030,30,200,n,discreta_global,"(mu,lambda)",1.0
EE,ackley,2,840,2.6436630662374228e-12,168230,30,200,n,discreta_global,"(mu,lambda)",1.0
EE,ackley,2,841,2.6401103525586223e-12,168430,30,200,n,discreta_global,"(mu,lambda)",1.0
EE,ackley,2,842,3.240518964275907e-12,168630,30,200,n,discreta_global,"(mu,lambda)",1.0
EE,ackley,2,843,3.2085445411667024e-12,168830,30,200,n,discreta_global,"(mu,lambda)",1.0
EE,ackley,2,844,3.8906655674963986e-12,169030,30,200,n,discreta_global,"(mu,lambda)",1.0
EE,ackley,2,845,3.716582597235174e-12,169230,30,200,n,discreta_global,"(mu,lambda)",1.0
EE,ackley,2,846,3.560263195367952e-12,169430,30,200,n,discreta_global,"(mu,lambda)",1.0
EE,ackley,2,847,3.240518964275907e-12,169630,30,200,n,discreta_global,"(mu,lambda)",1.0
EE,ackley,2,848,2.7644553313166398e-12,169830,30,200,n,discreta_global,"(mu,lambda)",1.0
EE,ackley,2,849,3.212097254845503e-12,170030,30,200,n,discreta_global,"(mu,lambda)",1.0
EE,ackley,2,850,4.061195824078823e-12,170230,30,200,n,discreta_global,"(mu,lambda)",1.0
EE,ackley,2,851,3.226308109560705e-12,170430,30,200,n,discreta_global,"(mu,lambda)",1.0
EE,ackley,2,852,3.7982950118475856e-12,170630,30,200,n,discreta_global,"(mu,lambda)",1.0
EE,ackley,2,853,3.6561864646955655e-12,170830,30,200,n,discreta_global,"(mu,lambda)",1.0
EE,ackley,2,854,3.204991827487902e-12,171030,30,200,n,discreta_global,"(mu,lambda)",1.0
EE,ackley,2,855,3.602895759513558e-12,171230,30,200,n,discreta_global,"(mu,lambda)",1.0
EE,ackley,2,856,2.7147173398134328e-12,171430,30,200,n,discreta_global,"(mu,lambda)",1.0
EE,ackley,2,857,3.368416656712725e-12,171630,30,200,n,discreta_global,"(mu,lambda)",1.0
EE,ackley,2,858,3.8196112939203886e-12,171830,30,200,n,discreta_global,"(mu,lambda)",1.0
EE,ackley,2,859,4.18554080283684e-12,172030,30,200,n,discreta_global,"(mu,lambda)",1.0
EE,ackley,2,860,3.8622438580659946e-12,172230,30,200,n,discreta_global,"(mu,lambda)",1.0
EE,ackley,2,861,3.8409275759931916e-12,172430,30,200,n,discreta_global,"(mu,lambda)",1.0
EE,ackley,2,862,2.6116886431282182e-12,172630,30,200,n,discreta_global,"(mu,lambda)",1.0
EE,ackley,2,863,3.773426016095982e-12,172830,30,200,n,discreta_global,"(mu,lambda)",1.0
EE,ackley,2,864,3.297362383136715e-12,173030,30,200,n,discreta_global,"(mu,lambda)",1.0
EE,ackley,2,865,4.064748537757623e-12,173230,30,200,n,discreta_global,"(mu,lambda)",1.0
EE,ackley,2,866,3.425260075573533e-12,173430,30,200,n,discreta_global,"(mu,lambda)",1.0
EE,ackley,2,867,2.4447111002245947e-12,173630,30,200,n,discreta_global,"(mu,lambda)",1.0
EE,ackley,2,868,4.18554080283684e-12,173830,30,200,n,discreta_global,"(mu,lambda)",1.0
EE,ackley,2,869,2.377209540327385e-12,174030,30,200,n,discreta_global,"(mu,lambda)",1.0
EE,ackley,2,870,4.594102875898898e-12,174230,30,200,n,discreta_global,"(mu,lambda)",1.0
EE,ackley,2,871,3.673950033089568e-12,174430,30,200,n,discreta_global,"(mu,lambda)",1.0
EE,ackley,2,872,3.141042981269493e-12,174630,30,200,n,discreta_global,"(mu,lambda)",1.0
EE,ackley,2,873,3.4785507807555405e-12,174830,30,200,n,discreta_global,"(mu,lambda)",1.0
EE,ackley,2,874,3.865796571744795e-12,175030,30,200,n,discreta_global,"(mu,lambda)",1.0
EE,ackley,2,875,4.199751657552042e-12,175230,30,200,n,discreta_global,"(mu,lambda)",1.0
EE,ackley,2,876,4.206857084909643e-12,175430,30,200,n,discreta_global,"(mu,lambda)",1.0
EE,ackley,2,877,3.411049220858331e-12,175630,30,200,n,discreta_global,"(mu,lambda)",1.0
EE,ackley,2,878,3.2653879600275104e-12,175830,30,200,n,discreta_global,"(mu,lambda)",1.0
EE,ackley,2,879,3.26183524634871e-12,176030,30,200,n,discreta_global,"(mu,lambda)",1.0
EE,ackley,2,880,3.908429135890401e-12,176230,30,200,n,discreta_global,"(mu,lambda)",1.0
EE,ackley,2,881,2.885247596395857e-12,176430,30,200,n,discreta_global,"(mu,lambda)",1.0
EE,ackley,2,882,3.6632918920531665e-12,176630,30,200,n,discreta_global,"(mu,lambda)",1.0
EE,ackley,2,883,2.6934010577406298e-12,176830,30,200,n,discreta_global,"(mu,lambda)",1.0
EE,ackley,2,884,4.057643110400022e-12,177030,30,200,n,discreta_global,"(mu,lambda)",1.0
EE,ackley,2,885,4.04343225568482e-12,177230,30,200,n,discreta_global,"(mu,lambda)",1.0
EE,ackley,2,886,3.865796571744795e-12,177430,30,200,n,discreta_global,"(mu,lambda)",1.0
EE,ackley,2,887,3.9048764222116006e-12,177630,30,200,n,discreta_global,"(mu,lambda)",1.0
EE,ackley,2,888,4.150013666048835e-12,177830,30,200,n,discreta_global,"(mu,lambda)",1.0
EE,ackley,2,889,3.276046101063912e-12,178030,30,200,n,discreta_global,"(mu,lambda)",1.0
EE,ackley,2,890,3.6277647552651615e-12,178230,30,200,n,discreta_global,"(mu,lambda)",1.0
EE,ackley,2,891,4.334754777346461e-12,178430,30,200,n,discreta_global,"(mu,lambda)",1.0
EE,ackley,2,892,3.823164007599189e-12,178630,30,200,n,discreta_global,"(mu,lambda)",1.0
EE,ackley,2,893,4.171329948121638e-12,178830,30,200,n,discreta_global,"(mu,lambda)",1.0
EE,ackley,2,894,3.8622438580659946e-12,179030,30,200,n,discreta_global,"(mu,lambda)",1.0
EE,ackley,2,895,3.318678665209518e-12,179230,30,200,n,discreta_global,"(mu,lambda)",1.0
EE,ackley,2,896,4.260147790091651e-12,179430,30,200,n,discreta_global,"(mu,lambda)",1.0
EE,ackley,2,897,2.4482638139033952e-12,179630,30,200,n,discreta_global,"(mu,lambda)",1.0
EE,ackley,2,898,3.858691144387194e-12,179830,30,200,n,discreta_global,"(mu,lambda)",1.0
EE,ackley,2,899,3.297362383136715e-12,180030,30,200,n,discreta_global,"(mu,lambda)",1.0
EE,ackley,2,900,4.285016785843254e-12,180230,30,200,n,discreta_global,"(mu,lambda)",1.0
EE,ackley,2,901,3.098410417123887e-12,180430,30,200,n,discreta_global,"(mu,lambda)",1.0
EE,ackley,2,902,3.510525203864745e-12,180630,30,200,n,discreta_global,"(mu,lambda)",1.0
EE,ackley,2,903,4.128697383976032e-12,180830,30,200,n,discreta_global,"(mu,lambda)",1.0
EE,ackley,2,904,2.856825886965453e-12,181030,30,200,n,discreta_global,"(mu,lambda)",1.0
EE,ackley,2,905,3.681055460447169e-12,181230,30,200,n,discreta_global,"(mu,lambda)",1.0
EE,ackley,2,906,2.892353023753458e-12,181430,30,200,n,discreta_global,"(mu,lambda)",1.0
EE,ackley,2,907,3.112621271839089e-12,181630,30,200,n,discreta_global,"(mu,lambda)",1.0
EE,ackley,2,908,3.9190872769268026e-12,181830,30,200,n,discreta_global,"(mu,lambda)",1.0
EE,ackley,2,909,2.863931314323054e-12,182030,30,200,n,discreta_global,"(mu,lambda)",1.0
EE,ackley,2,910,3.745004306665578e-12,182230,30,200,n,discreta_global,"(mu,lambda)",1.0
EE,ackley,2,911,3.7627678750595805e-12,182430,30,200,n,discreta_global,"(mu,lambda)",1.0
EE,ackley,2,912,3.7627678750595805e-12,182630,30,200,n,discreta_global,"(mu,lambda)",1.0
EE,ackley,2,913,3.6277647552651615e-12,182830,30,200,n,discreta_global,"(mu,lambda)",1.0
EE,ackley,2,914,3.4643399260403385e-12,183030,30,200,n,discreta_global,"(mu,lambda)",1.0
EE,ackley,2,915,2.885247596395857e-12,183230,30,200,n,discreta_global,"(mu,lambda)",1.0
EE,ackley,2,916,3.6064484731923585e-12,183430,30,200,n,discreta_global,"(mu,lambda)",1.0
EE,ackley,2,917,3.68816088780477e-12,183630,30,200,n,discreta_global,"(mu,lambda)",1.0
EE,ackley,2,918,3.8338221486355906e-12,183830,30,200,n,discreta_global,"(mu,lambda)",1.0
EE,ackley,2,919,4.015010546254416e-12,184030,30,200,n,discreta_global,"(mu,lambda)",1.0
EE,ackley,2,920,3.880007426459997e-12,184230,30,200,n,discreta_global,"(mu,lambda)",1.0
EE,ackley,2,921,4.015010546254416e-12,184430,30,200,n,discreta_global,"(mu,lambda)",1.0
EE,ackley,2,922,4.142908238691234e-12,184630,30,200,n,discreta_global,"(mu,lambda)",1.0
EE,ackley,2,923,3.7343461656291765e-12,184830,30,200,n,discreta_global,"(mu,lambda)",1.0
EE,ackley,2,924,2.7857716133894428e-12,185030,30,200,n,discreta_global,"(mu,lambda)",1.0
EE,ackley,2,925,3.1019631308026874e-12,185230,30,200,n,discreta_global,"(mu,lambda)",1.0
EE,ackley,2,926,3.8551384307083936e-12,185430,30,200,n,discreta_global,"(mu,lambda)",1.0
EE,ackley,2,927,3.396838366143129e-12,185630,30,200,n,discreta_global,"(mu,lambda)",1.0
EE,ackley,2,928,3.33288951992472e-12,185830,30,200,n,discreta_global,"(mu,lambda)",1.0
EE,ackley,2,929,2.821298750177448e-12,186030,30,200,n,discreta_global,"(mu,lambda)",1.0
EE,ackley,2,930,3.61710661422876e-12,186230,30,200,n,discreta_global,"(mu,lambda)",1.0
EE,ackley,2,931,3.2156499685243034e-12,186430,30,200,n,discreta_global,"(mu,lambda)",1.0
EE,ackley,2,932,2.4589219549397967e-12,186630,30,200,n,discreta_global,"(mu,lambda)",1.0
EE,ackley,2,933,3.2724933873851114e-12,186830,30,200,n,discreta_global,"(mu,lambda)",1.0
EE,ackley,2,934,3.730793451950376e-12,187030,30,200,n,discreta_global,"(mu,lambda)",1.0
EE,ackley,2,935,3.4003910798219295e-12,187230,30,200,n,discreta_global,"(mu,lambda)",1.0
EE,ackley,2,936,4.018563259933217e-12,187430,30,200,n,discreta_global,"(mu,lambda)",1.0
EE,ackley,2,937,3.0664359940146824e-12,187630,30,200,n,discreta_global,"(mu,lambda)",1.0
EE,ackley,2,938,3.354205801997523e-12,187830,30,200,n,discreta_global,"(mu,lambda)",1.0
EE,ackley,2,939,2.927880160541463e-12,188030,30,200,n,discreta_global,"(mu,lambda)",1.0
EE,ackley,2,940,4.004352405218015e-12,188230,30,200,n,discreta_global,"(mu,lambda)",1.0
EE,ackley,2,941,3.844480289671992e-12,188430,30,200,n,discreta_global,"(mu,lambda)",1.0
EE,ackley,2,942,3.226308109560705e-12,188630,30,200,n,discreta_global,"(mu,lambda)",1.0
EE,ackley,2,943,3.8764547127811966e-12,188830,30,200,n,discreta_global,"(mu,lambda)",1.0
EE,ackley,2,944,2.97761815204467e-12,189030,30,200,n,discreta_global,"(mu,lambda)",1.0
EE,ackley,2,945,3.432365502931134e-12,189230,30,200,n,discreta_global,"(mu,lambda)",1.0
EE,ackley,2,946,3.709477169877573e-12,189430,30,200,n,discreta_global,"(mu,lambda)",1.0
EE,ackley,2,947,3.47499806707674e-12,189630,30,200,n,discreta_global,"(mu,lambda)",1.0
EE,ackley,2,948,4.054090396721222e-12,189830,30,200,n,discreta_global,"(mu,lambda)",1.0
EE,ackley,2,949,3.5424996269739495e-12,190030,30,200,n,discreta_global,"(mu,lambda)",1.0
EE,ackley,2,950,3.574474050083154e-12,190230,30,200,n,discreta_global,"(mu,lambda)",1.0
EE,ackley,2,951,2.934985587899064e-12,190430,30,200,n,discreta_global,"(mu,lambda)",1.0
EE,ackley,2,952,3.1907809727727e-12,190630,30,200,n,discreta_global,"(mu,lambda)",1.0
EE,ackley,2,953,4.341860204704062e-12,190830,30,200,n,discreta_global,"(mu,lambda)",1.0
EE,ackley,2,954,4.11448652926083e-12,191030,30,200,n,discreta_global,"(mu,lambda)",1.0
EE,ackley,2,955,3.354205801997523e-12,191230,30,200,n,discreta_global,"(mu,lambda)",1.0
EE,ackley,2,956,3.567368622725553e-12,191430,30,200,n,discreta_global,"(mu,lambda)",1.0
EE,ackley,2,957,3.354205801997523e-12,191630,30,200,n,discreta_global,"(mu,lambda)",1.0
EE,ackley,2,958,3.773426016095982e-12,191830,30,200,n,discreta_global,"(mu,lambda)",1.0
EE,ackley,2,959,3.6064484731923585e-12,192030,30,200,n,discreta_global,"(mu,lambda)",1.0
EE,ackley,2,960,2.5264235148370062e-12,192230,30,200,n,discreta_global,"(mu,lambda)",1.0
EE,ackley,2,961,3.47499806707674e-12,192430,30,200,n,discreta_global,"(mu,lambda)",1.0
EE,ackley,2,962,3.915534563248002e-12,192630,30,200,n,discreta_global,"(mu,lambda)",1.0
EE,ackley,2,963,3.68816088780477e-12,192830,30,200,n,discreta_global,"(mu,lambda)",1.0
EE,ackley,2,964,3.638422896301563e-12,193030,30,200,n,discreta_global,"(mu,lambda)",1.0
EE,ackley,2,965,4.221067939624845e-12,193230,30,200,n,discreta_global,"(mu,lambda)",1.0
EE,ackley,2,966,4.221067939624845e-12,193430,30,200,n,discreta_global,"(mu,lambda)",1.0
EE,ackley,2,967,4.238831508018848e-12,193630,30,200,n,discreta_global,"(mu,lambda)",1.0
EE,ackley,2,968,3.304467810494316e-12,193830,30,200,n,discreta_global,"(mu,lambda)",1.0
EE,ackley,2,969,3.027356143547877e-12,194030,30,200,n,discreta_global,"(mu,lambda)",1.0
EE,ackley,2,970,3.9332981316420046e-12,194230,30,200,n,discreta_global,"(mu,lambda)",1.0
EE,ackley,2,971,3.673950033089568e-12,194430,30,200,n,discreta_global,"(mu,lambda)",1.0
EE,ackley,2,972,3.631317468943962e-12,194630,30,200,n,discreta_global,"(mu,lambda)",1.0
EE,ackley,2,973,3.0877522760874854e-12,194830,30,200,n,discreta_global,"(mu,lambda)",1.0
EE,ackley,2,974,2.984723579402271e-12,195030,30,200,n,discreta_global,"(mu,lambda)",1.0
EE,ackley,2,975,3.467892639719139e-12,195230,30,200,n,discreta_global,"(mu,lambda)",1.0
EE,ackley,2,976,3.1659119770210964e-12,195430,30,200,n,discreta_global,"(mu,lambda)",1.0
EE,ackley,2,977,4.132250097654833e-12,195630,30,200,n,discreta_global,"(mu,lambda)",1.0
EE,ackley,2,978,4.302780354237257e-12,195830,30,200,n,discreta_global,"(mu,lambda)",1.0
EE,ackley,2,979,4.46975789714088e-12,196030,30,200,n,discreta_global,"(mu,lambda)",1.0
EE,ackley,2,980,3.595790332155957e-12,196230,30,200,n,discreta_global,"(mu,lambda)",1.0
EE,ackley,2,981,3.5638159090467525e-12,196430,30,200,n,discreta_global,"(mu,lambda)",1.0
EE,ackley,2,982,3.389732938785528e-12,196630,30,200,n,discreta_global,"(mu,lambda)",1.0
EE,ackley,2,983,3.077094135051084e-12,196830,30,200,n,discreta_global,"(mu,lambda)",1.0
EE,ackley,2,984,2.7928770407470438e-12,197030,30,200,n,discreta_global,"(mu,lambda)",1.0
EE,ackley,2,985,3.6917136014835705e-12,197230,30,200,n,discreta_global,"(mu,lambda)",1.0
EE,ackley,2,986,4.000799691539214e-12,197430,30,200,n,discreta_global,"(mu,lambda)",1.0
EE,ackley,2,987,4.046984969363621e-12,197630,30,200,n,discreta_global,"(mu,lambda)",1.0
EE,ackley,2,988,4.206857084909643e-12,197830,30,200,n,discreta_global,"(mu,lambda)",1.0
EE,ackley,2,989,3.062883280335882e-12,198030,30,200,n,discreta_global,"(mu,lambda)",1.0
EE,ackley,2,990,3.624212041586361e-12,198230,30,200,n,discreta_global,"(mu,lambda)",1.0
EE,ackley,2,991,2.934985587899064e-12,198430,30,200,n,discreta_global,"(mu,lambda)",1.0
EE,ackley,2,992,2.8035351817834453e-12,198630,30,200,n,discreta_global,"(mu,lambda)",1.0
EE,ackley,2,993,2.5619506516250112e-12,198830,30,200,n,discreta_global,"(mu,lambda)",1.0
EE,ackley,2,994,3.773426016095982e-12,199030,30,200,n,discreta_global,"(mu,lambda)",1.0
EE,ackley,2,995,3.993694264181613e-12,199230,30,200,n,discreta_global,"(mu,lambda)",1.0
EE,ackley,2,996,3.4927616354707425e-12,199430,30,200,n,discreta_global,"(mu,lambda)",1.0
EE,ackley,2,997,3.851585717029593e-12,199630,30,200,n,discreta_global,"(mu,lambda)",1.0
EE,ackley,2,998,3.0095925751538743e-12,199830,30,200,n,discreta_global,"(mu,lambda)",1.0
EE,ackley,2,999,4.295674926879656e-12,200030,30,200,n,discreta_global,"(mu,lambda)",1.0
EE,ackley,2,1000,3.816058580241588e-12,200230,30,200,n,discreta_global,"(mu,lambda)",1.0
EE,ackley,2,1001,3.2156499685243034e-12,200430,30,200,n,discreta_global,"(mu,lambda)",1.0
EE,ackley,2,1002,2.6330049252010213e-12,200630,30,200,n,discreta_global,"(mu,lambda)",1.0
EE,ackley,2,1003,3.2298608232395054e-12,200830,30,200,n,discreta_global,"(mu,lambda)",1.0
EE,ackley,2,1004,3.240518964275907e-12,201030,30,200,n,discreta_global,"(mu,lambda)",1.0
EE,ackley,2,1005,3.9048764222116006e-12,201230,30,200,n,discreta_global,"(mu,lambda)",1.0
EE,ackley,2,1006,2.878142169038256e-12,201430,30,200,n,discreta_global,"(mu,lambda)",1.0
EE,ackley,2,1007,3.254729818991109e-12,201630,30,200,n,discreta_global,"(mu,lambda)",1.0
EE,ackley,2,1008,4.082512106151626e-12,201830,30,200,n,discreta_global,"(mu,lambda)",1.0
EE,ackley,2,1009,2.4731328096549987e-12,202030,30,200,n,discreta_global,"(mu,lambda)",1.0
EE,ackley,2,1010,2.97761815204467e-12,202230,30,200,n,discreta_global,"(mu,lambda)",1.0
EE,ackley,2,1011,3.347100374639922e-12,202430,30,200,n,discreta_global,"(mu,lambda)",1.0
EE,ackley,2,1012,3.745004306665578e-12,202630,30,200,n,discreta_global,"(mu,lambda)",1.0
EE,ackley,2,1013,3.8409275759931916e-12,202830,30,200,n,discreta_global,"(mu,lambda)",1.0
EE,ackley,2,1014,3.3364422336035204e-12,203030,30,200,n,discreta_global,"(mu,lambda)",1.0
EE,ackley,2,1015,4.054090396721222e-12,203230,30,200,n,discreta_global,"(mu,lambda)",1.0
EE,ackley,2,1016,3.702371742519972e-12,203430,30,200,n,discreta_global,"(mu,lambda)",1.0
EE,ackley,2,1017,2.2670754162845697e-12,203630,30,200,n,discreta_global,"(mu,lambda)",1.0
EE,ackley,2,1018,3.4074965071795305e-12,203830,30,200,n,discreta_global,"(mu,lambda)",1.0
EE,ackley,2,1019,4.263700503770451e-12,204030,30,200,n,discreta_global,"(mu,lambda)",1.0
EE,ackley,2,1020,3.2227553958819044e-12,204230,30,200,n,discreta_global,"(mu,lambda)",1.0
EE,ackley,2,1021,3.8196112939203886e-12,204430,30,200,n,discreta_global,"(mu,lambda)",1.0
EE,ackley,2,1022,3.6561864646955655e-12,204630,30,200,n,discreta_global,"(mu,lambda)",1.0
EE,ackley,2,1023,3.4714453533979395e-12,204830,30,200,n,discreta_global,"(mu,lambda)",1.0
EE,ackley,2,1024,4.093170247188027e-12,205030,30,200,n,discreta_global,"(mu,lambda)",1.0
EE,ackley,2,1025,3.6917136014835705e-12,205230,30,200,n,discreta_global,"(mu,lambda)",1.0
EE,ackley,2,1026,2.5264235148370062e-12,205430,30,200,n,discreta_global,"(mu,lambda)",1.0
EE,ackley,2,1027,3.382627511427927e-12,205630,30,200,n,discreta_global,"(mu,lambda)",1.0
EE,ackley,2,1028,3.3577585156763234e-12,205830,30,200,n,discreta_global,"(mu,lambda)",1.0
EE,ackley,2,1029,2.6010305020918167e-12,206030,30,200,n,discreta_global,"(mu,lambda)",1.0
EE,ackley,2,1030,3.460787212361538e-12,206230,30,200,n,discreta_global,"(mu,lambda)",1.0
EE,ackley,2,1031,4.022115973612017e-12,206430,30,200,n,discreta_global,"(mu,lambda)",1.0
EE,ackley,2,1032,4.199751657552042e-12,206630,30,200,n,discreta_global,"(mu,lambda)",1.0
EE,ackley,2,1033,3.4074965071795305e-12,206830,30,200,n,discreta_global,"(mu,lambda)",1.0
EE,ackley,2,1034,3.2298608232395054e-12,207030,30,200,n,discreta_global,"(mu,lambda)",1.0
EE,ackley,2,1035,3.439470930288735e-12,207230,30,200,n,discreta_global,"(mu,lambda)",1.0
EE,ackley,2,1036,2.9669600110082683e-12,207430,30,200,n,discreta_global,"(mu,lambda)",1.0
EE,ackley,2,1037,3.318678665209518e-12,207630,30,200,n,discreta_global,"(mu,lambda)",1.0
EE,ackley,2,1038,3.6632918920531665e-12,207830,30,200,n,discreta_global,"(mu,lambda)",1.0
EE,ackley,2,1039,2.9740654383658693e-12,208030,30,200,n,discreta_global,"(mu,lambda)",1.0
EE,ackley,2,1040,3.745004306665578e-12,208230,30,200,n,discreta_global,"(mu,lambda)",1.0
EE,ackley,2,1041,3.567368622725553e-12,208430,30,200,n,discreta_global,"(mu,lambda)",1.0
EE,ackley,2,1042,2.4305002455093927e-12,208630,30,200,n,discreta_global,"(mu,lambda)",1.0
EE,ackley,2,1043,3.638422896301563e-12,208830,30,200,n,discreta_global,"(mu,lambda)",1.0
EE,ackley,2,1044,3.396838366143129e-12,209030,30,200,n,discreta_global,"(mu,lambda)",1.0
EE,ackley,2,1045,3.3932856524643285e-12,209230,30,200,n,discreta_global,"(mu,lambda)",1.0
EE,ackley,2,1046,2.2812862709997717e-12,209430,30,200,n,discreta_global,"(mu,lambda)",1.0
EE,ackley,2,1047,2.9172220195050613e-12,209630,30,200,n,discreta_global,"(mu,lambda)",1.0
EE,ackley,2,1048,2.7537971902802383e-12,209830,30,200,n,discreta_global,"(mu,lambda)",1.0
EE,ackley,2,1049,2.4305002455093927e-12,210030,30,200,n,discreta_global,"(mu,lambda)",1.0
EE,ackley,2,1050,3.9404035589996056e-12,210230,30,200,n,discreta_global,"(mu,lambda)",1.0
EE,ackley,2,1051,2.956301869971867e-12,210430,30,200,n,discreta_global,"(mu,lambda)",1.0
EE,ackley,2,1052,3.631317468943962e-12,210630,30,200,n,discreta_global,"(mu,lambda)",1.0
EE,ackley,2,1053,2.956301869971867e-12,210830,30,200,n,discreta_global,"(mu,lambda)",1.0
EE,ackley,2,1054,3.40394379350073e-12,211030,30,200,n,discreta_global,"(mu,lambda)",1.0
EE,ackley,2,1055,1.8336443474709085e-12,211230,30,200,n,discreta_global,"(mu,lambda)",1.0
EE,ackley,2,1056,3.6988190288411715e-12,211430,30,200,n,discreta_global,"(mu,lambda)",1.0
EE,ackley,2,1057,3.1943336864515004e-12,211630,30,200,n,discreta_global,"(mu,lambda)",1.0
EE,ackley,2,1058,3.951061700036007e-12,211830,30,200,n,discreta_global,"(mu,lambda)",1.0
EE,ackley,2,1059,4.050537683042421e-12,212030,30,200,n,discreta_global,"(mu,lambda)",1.0
EE,ackley,2,1060,3.7272407382715755e-12,212230,30,200,n,discreta_global,"(mu,lambda)",1.0
EE,ackley,2,1061,4.064748537757623e-12,212430,30,200,n,discreta_global,"(mu,lambda)",1.0
EE,ackley,2,1062,3.2724933873851114e-12,212630,30,200,n,discreta_global,"(mu,lambda)",1.0
EE,ackley,2,1063,3.276046101063912e-12,212830,30,200,n,discreta_global,"(mu,lambda)",1.0
EE,ackley,2,1064,3.4430236439675355e-12,213030,30,200,n,discreta_global,"(mu,lambda)",1.0
EE,ackley,2,1065,3.8764547127811966e-12,213230,30,200,n,discreta_global,"(mu,lambda)",1.0
EE,ackley,2,1066,4.118039242939631e-12,213430,30,200,n,discreta_global,"(mu,lambda)",1.0
EE,ackley,2,1067,3.602895759513558e-12,213630,30,200,n,discreta_global,"(mu,lambda)",1.0
EE,ackley,2,1068,3.1907809727727e-12,213830,30,200,n,discreta_global,"(mu,lambda)",1.0
EE,ackley,2,1069,3.702371742519972e-12,214030,30,200,n,discreta_global,"(mu,lambda)",1.0
EE,ackley,2,1070,3.6561864646955655e-12,214230,30,200,n,discreta_global,"(mu,lambda)",1.0
EE,ackley,2,1071,3.141042981269493e-12,214430,30,200,n,discreta_global,"(mu,lambda)",1.0
EE,ackley,2,1072,3.773426016095982e-12,214630,30,200,n,discreta_global,"(mu,lambda)",1.0
EE,ackley,2,1073,3.6632918920531665e-12,214830,30,200,n,discreta_global,"(mu,lambda)",1.0
EE,ackley,2,1074,3.510525203864745e-12,215030,30,200,n,discreta_global,"(mu,lambda)",1.0
EE,ackley,2,1075,4.093170247188027e-12,215230,30,200,n,discreta_global,"(mu,lambda)",1.0
EE,ackley,2,1076,3.240518964275907e-12,215430,30,200,n,discreta_global,"(mu,lambda)",1.0
EE,ackley,2,1077,4.341860204704062e-12,215630,30,200,n,discreta_global,"(mu,lambda)",1.0
EE,ackley,2,1078,2.920774733183862e-12,215830,30,200,n,discreta_global,"(mu,lambda)",1.0
EE,ackley,2,1079,3.361311229355124e-12,216030,30,200,n,discreta_global,"(mu,lambda)",1.0
EE,ackley,2,1080,3.4430236439675355e-12,216230,30,200,n,discreta_global,"(mu,lambda)",1.0
EE,ackley,2,1081,3.5567104816891515e-12,216430,30,200,n,discreta_global,"(mu,lambda)",1.0
EE,ackley,2,1082,3.851585717029593e-12,216630,30,200,n,discreta_global,"(mu,lambda)",1.0
EE,ackley,2,1083,4.228173366982446e-12,216830,30,200,n,discreta_global,"(mu,lambda)",1.0
EE,ackley,2,1084,3.077094135051084e-12,217030,30,200,n,discreta_global,"(mu,lambda)",1.0
EE,ackley,2,1085,3.162359263342296e-12,217230,30,200,n,discreta_global,"(mu,lambda)",1.0
EE,ackley,2,1086,4.011457832575616e-12,217430,30,200,n,discreta_global,"(mu,lambda)",1.0
EE,ackley,2,1087,2.6543212072738243e-12,217630,30,200,n,discreta_global,"(mu,lambda)",1.0
EE,ackley,2,1088,4.420019905637673e-12,217830,30,200,n,discreta_global,"(mu,lambda)",1.0
EE,ackley,2,1089,2.5655033653038117e-12,218030,30,200,n,discreta_global,"(mu,lambda)",1.0
EE,ackley,2,1090,3.8480330033507926e-12,218230,30,200,n,discreta_global,"(mu,lambda)",1.0
EE,ackley,2,1091,3.54605234065275e-12,218430,30,200,n,discreta_global,"(mu,lambda)",1.0
EE,ackley,2,1092,3.133937553911892e-12,218630,30,200,n,discreta_global,"(mu,lambda)",1.0
EE,ackley,2,1093,3.40394379350073e-12,218830,30,200,n,discreta_global,"(mu,lambda)",1.0
EE,ackley,2,1094,3.709477169877573e-12,219030,30,200,n,discreta_global,"(mu,lambda)",1.0
EE,ackley,2,1095,4.118039242939631e-12,219230,30,200,n,discreta_global,"(mu,lambda)",1.0
EE,ackley,2,1096,3.460787212361538e-12,219430,30,200,n,discreta_global,"(mu,lambda)",1.0
EE,ackley,2,1097,3.631317468943962e-12,219630,30,200,n,discreta_global,"(mu,lambda)",1.0
EE,ackley,2,1098,3.7840841571323836e-12,219830,30,200,n,discreta_global,"(mu,lambda)",1.0
EE,ackley,2,1099,3.745004306665578e-12,220030,30,200,n,discreta_global,"(mu,lambda)",1.0
EE,ackley,2,1100,3.1659119770210964e-12,220230,30,200,n,discreta_global,"(mu,lambda)",1.0
EE,ackley,2,1101,2.849720459607852e-12,220430,30,200,n,discreta_global,"(mu,lambda)",1.0
EE,ackley,2,1102,3.7201353109139745e-12,220630,30,200,n,discreta_global,"(mu,lambda)",1.0
EE,ackley,2,1103,3.3151259515307174e-12,220830,30,200,n,discreta_global,"(mu,lambda)",1.0
EE,ackley,2,1104,2.9172220195050613e-12,221030,30,200,n,discreta_global,"(mu,lambda)",1.0
EE,ackley,2,1105,2.5512925105886097e-12,221230,30,200,n,discreta_global,"(mu,lambda)",1.0
EE,ackley,2,1106,3.673950033089568e-12,221430,30,200,n,discreta_global,"(mu,lambda)",1.0
EE,ackley,2,1107,3.04867242562068e-12,221630,30,200,n,discreta_global,"(mu,lambda)",1.0
EE,ackley,2,1108,4.082512106151626e-12,221830,30,200,n,discreta_global,"(mu,lambda)",1.0
EE,ackley,2,1109,4.167777234442838e-12,222030,30,200,n,discreta_global,"(mu,lambda)",1.0
EE,ackley,2,1110,3.5567104816891515e-12,222230,30,200,n,discreta_global,"(mu,lambda)",1.0
EE,ackley,2,1111,1.901145907368118e-12,222430,30,200,n,discreta_global,"(mu,lambda)",1.0
EE,ackley,2,1112,3.382627511427927e-12,222630,30,200,n,discreta_global,"(mu,lambda)",1.0
EE,ackley,2,1113,3.666844605731967e-12,222830,30,200,n,discreta_global,"(mu,lambda)",1.0
EE,ackley,2,1114,2.814193322819847e-12,223030,30,200,n,discreta_global,"(mu,lambda)",1.0
EE,ackley,2,1115,3.2298608232395054e-12,223230,30,200,n,discreta_global,"(mu,lambda)",1.0
EE,ackley,2,1116,2.991829006759872e-12,223430,30,200,n,discreta_global,"(mu,lambda)",1.0
EE,ackley,2,1117,3.283151528421513e-12,223630,30,200,n,discreta_global,"(mu,lambda)",1.0
EE,ackley,2,1118,2.6578739209526248e-12,223830,30,200,n,discreta_global,"(mu,lambda)",1.0
EE,ackley,2,1119,2.4802382370125997e-12,224030,30,200,n,discreta_global,"(mu,lambda)",1.0
EE,ackley,2,1120,2.821298750177448e-12,224230,30,200,n,discreta_global,"(mu,lambda)",1.0
EE,ackley,2,1121,3.460787212361538e-12,224430,30,200,n,discreta_global,"(mu,lambda)",1.0
EE,ackley,2,1122,3.226308109560705e-12,224630,30,200,n,discreta_global,"(mu,lambda)",1.0
EE,ackley,2,1123,3.382627511427927e-12,224830,30,200,n,discreta_global,"(mu,lambda)",1.0
EE,ackley,2,1124,3.695266315162371e-12,225030,30,200,n,discreta_global,"(mu,lambda)",1.0
EE,ackley,2,1125,3.6917136014835705e-12,225230,30,200,n,discreta_global,"(mu,lambda)",1.0
EE,ackley,2,1126,3.0238034298690764e-12,225430,30,200,n,discreta_global,"(mu,lambda)",1.0
EE,ackley,2,1127,3.823164007599189e-12,225630,30,200,n,discreta_global,"(mu,lambda)",1.0
EE,ackley,2,1128,3.858691144387194e-12,225830,30,200,n,discreta_global,"(mu,lambda)",1.0
EE,ackley,2,1129,3.375522084070326e-12,226030,30,200,n,discreta_global,"(mu,lambda)",1.0
EE,ackley,2,1130,3.503419776507144e-12,226230,30,200,n,discreta_global,"(mu,lambda)",1.0
EE,ackley,2,1131,3.9119818495692016e-12,226430,30,200,n,discreta_global,"(mu,lambda)",1.0
EE,ackley,2,1132,3.624212041586361e-12,226630,30,200,n,discreta_global,"(mu,lambda)",1.0
EE,ackley,2,1133,3.702371742519972e-12,226830,30,200,n,discreta_global,"(mu,lambda)",1.0
EE,ackley,2,1134,3.396838366143129e-12,227030,30,200,n,discreta_global,"(mu,lambda)",1.0
EE,ackley,2,1135,3.297362383136715e-12,227230,30,200,n,discreta_global,"(mu,lambda)",1.0
EE,ackley,2,1136,3.9013237085328e-12,227430,30,200,n,discreta_global,"(mu,lambda)",1.0
EE,ackley,2,1137,3.801847725526386e-12,227630,30,200,n,discreta_global,"(mu,lambda)",1.0
EE,ackley,2,1138,3.915534563248002e-12,227830,30,200,n,discreta_global,"(mu,lambda)",1.0
EE,ackley,2,1139,3.453681785003937e-12,228030,30,200,n,discreta_global,"(mu,lambda)",1.0
EE,ackley,2,1140,3.986588836824012e-12,228230,30,200,n,discreta_global,"(mu,lambda)",1.0
EE,ackley,2,1141,4.100275674545628e-12,228430,30,200,n,discreta_global,"(mu,lambda)",1.0
EE,ackley,2,1142,3.645528323659164e-12,228630,30,200,n,discreta_global,"(mu,lambda)",1.0
EE,ackley,2,1143,3.325784092567119e-12,228830,30,200,n,discreta_global,"(mu,lambda)",1.0
EE,ackley,2,1144,3.133937553911892e-12,229030,30,200,n,discreta_global,"(mu,lambda)",1.0
EE,ackley,2,1145,4.199751657552042e-12,229230,30,200,n,discreta_global,"(mu,lambda)",1.0
EE,ackley,2,1146,3.943956272678406e-12,229430,30,200,n,discreta_global,"(mu,lambda)",1.0
EE,ackley,2,1147,3.3009150968155154e-12,229630,30,200,n,discreta_global,"(mu,lambda)",1.0
EE,ackley,2,1148,3.823164007599189e-12,229830,30,200,n,discreta_global,"(mu,lambda)",1.0
EE,ackley,2,1149,3.737898879307977e-12,230030,30,200,n,discreta_global,"(mu,lambda)",1.0
EE,ackley,2,1150,3.943956272678406e-12,230230,30,200,n,discreta_global,"(mu,lambda)",1.0
EE,ackley,2,1151,4.139355525012434e-12,230430,30,200,n,discreta_global,"(mu,lambda)",1.0
EE,ackley,2,1152,3.4430236439675355e-12,230630,30,200,n,discreta_global,"(mu,lambda)",1.0
EE,ackley,2,1153,3.2938096694579144e-12,230830,30,200,n,discreta_global,"(mu,lambda)",1.0
EE,ackley,2,1154,3.9013237085328e-12,231030,30,200,n,discreta_global,"(mu,lambda)",1.0
EE,ackley,2,1155,3.865796571744795e-12,231230,30,200,n,discreta_global,"(mu,lambda)",1.0
EE,ackley,2,1156,3.844480289671992e-12,231430,30,200,n,discreta_global,"(mu,lambda)",1.0
EE,ackley,2,1157,4.171329948121638e-12,231630,30,200,n,discreta_global,"(mu,lambda)",1.0
EE,ackley,2,1158,3.638422896301563e-12,231830,30,200,n,discreta_global,"(mu,lambda)",1.0
EE,ackley,2,1159,3.997246977860414e-12,232030,30,200,n,discreta_global,"(mu,lambda)",1.0
EE,ackley,2,1160,2.7395863355650363e-12,232230,30,200,n,discreta_global,"(mu,lambda)",1.0
EE,ackley,2,1161,3.141042981269493e-12,232430,30,200,n,discreta_global,"(mu,lambda)",1.0
EE,ackley,2,1162,3.9013237085328e-12,232630,30,200,n,discreta_global,"(mu,lambda)",1.0
EE,ackley,2,1163,2.90656387846866e-12,232830,30,200,n,discreta_global,"(mu,lambda)",1.0
EE,ackley,2,1164,3.801847725526386e-12,233030,30,200,n,discreta_global,"(mu,lambda)",1.0
EE,ackley,2,1165,3.602895759513558e-12,233230,30,200,n,discreta_global,"(mu,lambda)",1.0
EE,ackley,2,1166,2.256417275248168e-12,233430,30,200,n,discreta_global,"(mu,lambda)",1.0
EE,ackley,2,1167,3.538946913295149e-12,233630,30,200,n,discreta_global,"(mu,lambda)",1.0
EE,ackley,2,1168,3.432365502931134e-12,233830,30,200,n,discreta_global,"(mu,lambda)",1.0
EE,ackley,2,1169,3.0451197119418794e-12,234030,30,200,n,discreta_global,"(mu,lambda)",1.0
EE,ackley,2,1170,3.176570118057498e-12,234230,30,200,n,discreta_global,"(mu,lambda)",1.0
EE,ackley,2,1171,3.61710661422876e-12,234430,30,200,n,discreta_global,"(mu,lambda)",1.0
EE,ackley,2,1172,2.5477397969098092e-12,234630,30,200,n,discreta_global,"(mu,lambda)",1.0
EE,ackley,2,1173,2.920774733183862e-12,234830,30,200,n,discreta_global,"(mu,lambda)",1.0
EE,ackley,2,1174,3.5567104816891515e-12,235030,30,200,n,discreta_global,"(mu,lambda)",1.0
EE,ackley,2,1175,2.426947531830592e-12,235230,30,200,n,discreta_global,"(mu,lambda)",1.0
EE,ackley,2,1176,3.0735414213722834e-12,235430,30,200,n,discreta_global,"(mu,lambda)",1.0
EE,ackley,2,1177,2.5619506516250112e-12,235630,30,200,n,discreta_global,"(mu,lambda)",1.0
EE,ackley,2,1178,3.574474050083154e-12,235830,30,200,n,discreta_global,"(mu,lambda)",1.0
EE,ackley,2,1179,3.3080205241731164e-12,236030,30,200,n,discreta_global,"(mu,lambda)",1.0
EE,ackley,2,1180,4.757527705123721e-12,236230,30,200,n,discreta_global,"(mu,lambda)",1.0
EE,ackley,2,1181,3.9013237085328e-12,236430,30,200,n,discreta_global,"(mu,lambda)",1.0
EE,ackley,2,1182,3.197886400130301e-12,236630,30,200,n,discreta_global,"(mu,lambda)",1.0
EE,ackley,2,1183,3.5353941996163485e-12,236830,30,200,n,discreta_global,"(mu,lambda)",1.0
EE,ackley,2,1184,4.011457832575616e-12,237030,30,200,n,discreta_global,"(mu,lambda)",1.0
EE,ackley,2,1185,4.057643110400022e-12,237230,30,200,n,discreta_global,"(mu,lambda)",1.0
EE,ackley,2,1186,4.018563259933217e-12,237430,30,200,n,discreta_global,"(mu,lambda)",1.0
EE,ackley,2,1187,3.8622438580659946e-12,237630,30,200,n,discreta_global,"(mu,lambda)",1.0
EE,ackley,2,1188,3.47499806707674e-12,237830,30,200,n,discreta_global,"(mu,lambda)",1.0
EE,ackley,2,1189,3.0806468487298844e-12,238030,30,200,n,discreta_global,"(mu,lambda)",1.0
EE,ackley,2,1190,3.382627511427927e-12,238230,30,200,n,discreta_global,"(mu,lambda)",1.0
EE,ackley,2,1191,2.920774733183862e-12,238430,30,200,n,discreta_global,"(mu,lambda)",1.0
EE,ackley,2,1192,3.503419776507144e-12,238630,30,200,n,discreta_global,"(mu,lambda)",1.0
EE,ackley,2,1193,2.83550960489265e-12,238830,30,200,n,discreta_global,"(mu,lambda)",1.0
EE,ackley,2,1194,3.75921516138078e-12,239030,30,200,n,discreta_global,"(mu,lambda)",1.0
EE,ackley,2,1195,3.5211833449011465e-12,239230,30,200,n,discreta_global,"(mu,lambda)",1.0
EE,ackley,2,1196,3.169464690699897e-12,239430,30,200,n,discreta_global,"(mu,lambda)",1.0
EE,ackley,2,1197,3.6632918920531665e-12,239630,30,200,n,discreta_global,"(mu,lambda)",1.0
EE,ackley,2,1198,3.1943336864515004e-12,239830,30,200,n,discreta_global,"(mu,lambda)",1.0
EE,ackley,2,1199,3.212097254845503e-12,240030,30,200,n,discreta_global,"(mu,lambda)",1.0
EE,ackley,3,0,18.728502969059104,230,30,200,n,discreta_global,"(mu,lambda)",1.0
EE,ackley,3,1,16.125507944352425,430,30,200,n,discreta_global,"(mu,lambda)",1.0
EE,ackley,3,2,15.427315905440043,630,30,200,n,discreta_global,"(mu,lambda)",1.0
EE,ackley,3,3,12.600566445263985,830,30,200,n,discreta_global,"(mu,lambda)",1.0
EE,ackley,3,4,10.528040392945448,1030,30,200,n,discreta_global,"(mu,lambda)",1.0
EE,ackley,3,5,8.646484860808703,1230,30,200,n,discreta_global,"(mu,lambda)",1.0
EE,ackley,3,6,6.857982529033414,1430,30,200,n,discreta_global,"(mu,lambda)",1.0
EE,ackley,3,7,5.483475051774015,1630,30,200,n,discreta_global,"(mu,lambda)",1.0
EE,ackley,3,8,5.089801839299113,1830,30,200,n,discreta_global,"(mu,lambda)",1.0
EE,ackley,3,9,5.023001954286343,2030,30,200,n,discreta_global,"(mu,lambda)",1.0
EE,ackley,3,10,4.46930354038162,2230,30,200,n,discreta_global,"(mu,lambda)",1.0
EE,ackley,3,11,4.109712125309642,2430,30,200,n,discreta_global,"(mu,lambda)",1.0
EE,ackley,3,12,3.2976708358321862,2630,30,200,n,discreta_global,"(mu,lambda)",1.0
EE,ackley,3,13,3.2735191160549566,2830,30,200,n,discreta_global,"(mu,lambda)",1.0
EE,ackley,3,14,2.8628417788306604,3030,30,200,n,discreta_global,"(mu,lambda)",1.0
EE,ackley,3,15,2.4467205305770183,3230,30,200,n,discreta_global,"(mu,lambda)",1.0
EE,ackley,3,16,1.9035246758134545,3430,30,200,n,discreta_global,"(mu,lambda)",1.0
EE,ackley,3,17,1.8689357517435394,3630,30,200,n,discreta_global,"(mu,lambda)",1.0
EE,ackley,3,18,1.5515320611991332,3830,30,200,n,discreta_global,"(mu,lambda)",1.0
EE,ackley,3,19,0.8948340209465404,4030,30,200,n,discreta_global,"(mu,lambda)",1.0
EE,ackley,3,20,0.6755838423901506,4230,30,200,n,discreta_global,"(mu,lambda)",1.0
EE,ackley,3,21,0.5467295364825842,4430,30,200,n,discreta_global,"(mu,lambda)",1.0
EE,ackley,3,22,0.36078203944091003,4630,30,200,n,discreta_global,"(mu,lambda)",1.0
EE,ackley,3,23,0.29475711919710124,4830,30,200,n,discreta_global,"(mu,lambda)",1.0
EE,ackley,3,24,0.2625436320258996,5030,30,200,n,discreta_global,"(mu,lambda)",1.0
EE,ackley,3,25,0.1119101978627346,5230,30,200,n,discreta_global,"(mu,lambda)",1.0
EE,ackley,3,26,0.1138204377556069,5430,30,200,n,discreta_global,"(mu,lambda)",1.0
EE,ackley,3,27,0.10935779176556482,5630,30,200,n,discreta_global,"(mu,lambda)",1.0
EE,ackley,3,28,0.10022886586743995,5830,30,200,n,discreta_global,"(mu,lambda)",1.0
EE,ackley,3,29,0.0978554319294358,6030,30,200,n,discreta_global,"(mu,lambda)",1.0
EE,ackley,3,30,0.050598980639680935,6230,30,200,n,discreta_global,"(mu,lambda)",1.0
EE,ackley,3,31,0.035238881130084554,6430,30,200,n,discreta_global,"(mu,lambda)",1.0
EE,ackley,3,32,0.024813927567909122,6630,30,200,n,discreta_global,"(mu,lambda)",1.0
EE,ackley,3,33,0.024850460894981996,6830,30,200,n,discreta_global,"(mu,lambda)",1.0
EE,ackley,3,34,0.0227847704301678,7030,30,200,n,discreta_global,"(mu,lambda)",1.0
EE,ackley,3,35,0.019265283560568225,7230,30,200,n,discreta_global,"(mu,lambda)",1.0
EE,ackley,3,36,0.016582036811592094,7430,30,200,n,discreta_global,"(mu,lambda)",1.0
EE,ackley,3,37,0.013927389062708517,7630,30,200,n,discreta_global,"(mu,lambda)",1.0
EE,ackley,3,38,0.011078477398438924,7830,30,200,n,discreta_global,"(mu,lambda)",1.0
EE,ackley,3,39,0.007815388475233664,8030,30,200,n,discreta_global,"(mu,lambda)",1.0
EE,ackley,3,40,0.0057633703038146855,8230,30,200,n,discreta_global,"(mu,lambda)",1.0
EE,ackley,3,41,0.004737551540227702,8430,30,200,n,discreta_global,"(mu,lambda)",1.0
EE,ackley,3,42,0.0032819912353692082,8630,30,200,n,discreta_global,"(mu,lambda)",1.0
EE,ackley,3,43,0.00351324655148888,8830,30,200,n,discreta_global,"(mu,lambda)",1.0
EE,ackley,3,44,0.0026155486647998494,9030,30,200,n,discreta_global,"(mu,lambda)",1.0
EE,ackley,3,45,0.002399105622800324,9230,30,200,n,discreta_global,"(mu,lambda)",1.0
EE,ackley,3,46,0.002093751385686904,9430,30,200,n,discreta_global,"(mu,lambda)",1.0
EE,ackley,3,47,0.0017383279688023556,9630,30,200,n,discreta_global,"(mu,lambda)",1.0
EE,ackley,3,48,0.0011386171162581782,9830,30,200,n,discreta_global,"(mu,lambda)",1.0
EE,ackley,3,49,0.0006223580277553431,10030,30,200,n,discreta_global,"(mu,lambda)",1.0
EE,ackley,3,50,0.0007601833352102183,10230,30,200,n,discreta_global,"(mu,lambda)",1.0
EE,ackley,3,51,0.0006263037160185725,10430,30,200,n,discreta_global,"(mu,lambda)",1.0
EE,ackley,3,52,0.00045955616535353627,10630,30,200,n,discreta_global,"(mu,lambda)",1.0
EE,ackley,3,53,0.0004605932258745504,10830,30,200,n,discreta_global,"(mu,lambda)",1.0
EE,ackley,3,54,0.0003089848814359364,11030,30,200,n,discreta_global,"(mu,lambda)",1.0
EE,ackley,3,55,0.0002900272860171249,11230,30,200,n,discreta_global,"(mu,lambda)",1.0
EE,ackley,3,56,0.0002466687896220954,11430,30,200,n,discreta_global,"(mu,lambda)",1.0
EE,ackley,3,57,0.00021239614419998887,11630,30,200,n,discreta_global,"(mu,lambda)",1.0
EE,ackley,3,58,0.0001798469704969996,11830,30,200,n,discreta_global,"(mu,lambda)",1.0
EE,ackley,3,59,0.00013246216242324138,12030,30,200,n,discreta_global,"(mu,lambda)",1.0
EE,ackley,3,60,0.0001473880442763864,12230,30,200,n,discreta_global,"(mu,lambda)",1.0
EE,ackley,3,61,9.569877430282148e-05,12430,30,200,n,discreta_global,"(mu,lambda)",1.0
EE,ackley,3,62,8.225918079718397e-05,12630,30,200,n,discreta_global,"(mu,lambda)",1.0
EE,ackley,3,63,5.661431346526413e-05,12830,30,200,n,discreta_global,"(mu,lambda)",1.0
EE,ackley,3,64,5.0360047290087806e-05,13030,30,200,n,discreta_global,"(mu,lambda)",1.0
EE,ackley,3,65,3.829923293752202e-05,13230,30,200,n,discreta_global,"(mu,lambda)",1.0
EE,ackley,3,66,3.585263819916307e-05,13430,30,200,n,discreta_global,"(mu,lambda)",1.0
EE,ackley,3,67,2.7971295076145708e-05,13630,30,200,n,discreta_global,"(mu,lambda)",1.0
EE,ackley,3,68,1.94385888652171e-05,13830,30,200,n,discreta_global,"(mu,lambda)",1.0
EE,ackley,3,69,1.286901652308714e-05,14030,30,200,n,discreta_global,"(mu,lambda)",1.0
EE,ackley,3,70,1.467818352951511e-05,14230,30,200,n,discreta_global,"(mu,lambda)",1.0
EE,ackley,3,71,1.0229913478543295e-05,14430,30,200,n,discreta_global,"(mu,lambda)",1.0
EE,ackley,3,72,8.34336578892092e-06,14630,30,200,n,discreta_global,"(mu,lambda)",1.0
EE,ackley,3,73,6.797241667744203e-06,14830,30,200,n,discreta_global,"(mu,lambda)",1.0
EE,ackley,3,74,3.7974288997766337e-06,15030,30,200,n,discreta_global,"(mu,lambda)",1.0
EE,ackley,3,75,4.743141684304675e-06,15230,30,200,n,discreta_global,"(mu,lambda)",1.0
EE,ackley,3,76,3.2001993273134133e-06,15430,30,200,n,discreta_global,"(mu,lambda)",1.0
EE,ackley,3,77,2.8370965883262045e-06,15630,30,200,n,discreta_global,"(mu,lambda)",1.0
EE,ackley,3,78,1.2736227081866502e-06,15830,30,200,n,discreta_global,"(mu,lambda)",1.0
EE,ackley,3,79,2.1323999210842715e-06,16030,30,200,n,discreta_global,"(mu,lambda)",1.0
EE,ackley,3,80,1.702667223657528e-06,16230,30,200,n,discreta_global,"(mu,lambda)",1.0
EE,ackley,3,81,1.4217023864837586e-06,16430,30,200,n,discreta_global,"(mu,lambda)",1.0
EE,ackley,3,82,1.1681972797994433e-06,16630,30,200,n,discreta_global,"(mu,lambda)",1.0
EE,ackley,3,83,1.1918526685583686e-06,16830,30,200,n,discreta_global,"(mu,lambda)",1.0
EE,ackley,3,84,7.378758337672764e-07,17030,30,200,n,discreta_global,"(mu,lambda)",1.0
EE,ackley,3,85,7.303678200010211e-07,17230,30,200,n,discreta_global,"(mu,lambda)",1.0
EE,ackley,3,86,5.829039335658592e-07,17430,30,200,n,discreta_global,"(mu,lambda)",1.0
EE,ackley,3,87,4.88121380204376e-07,17630,30,200,n,discreta_global,"(mu,lambda)",1.0
EE,ackley,3,88,3.857456900568934e-07,17830,30,200,n,discreta_global,"(mu,lambda)",1.0
EE,ackley,3,89,2.998687382849141e-07,18030,30,200,n,discreta_global,"(mu,lambda)",1.0
EE,ackley,3,90,2.2791147857859073e-07,18230,30,200,n,discreta_global,"(mu,lambda)",1.0
EE,ackley,3,91,1.898737420624741e-07,18430,30,200,n,discreta_global,"(mu,lambda)",1.0
EE,ackley,3,92,1.225785912772892e-07,18630,30,200,n,discreta_global,"(mu,lambda)",1.0
EE,ackley,3,93,1.0724559063035599e-07,18830,30,200,n,discreta_global,"(mu,lambda)",1.0
EE,ackley,3,94,7.538418644870148e-08,19030,30,200,n,discreta_global,"(mu,lambda)",1.0
EE,ackley,3,95,1.0147350382183618e-07,19230,30,200,n,discreta_global,"(mu,lambda)",1.0
EE,ackley,3,96,7.125374468230916e-08,19430,30,200,n,discreta_global,"(mu,lambda)",1.0
EE,ackley,3,97,5.034645100820967e-08,19630,30,200,n,discreta_global,"(mu,lambda)",1.0
EE,ackley,3,98,5.0446129495895775e-08,19830,30,200,n,discreta_global,"(mu,lambda)",1.0
EE,ackley,3,99,4.387476382206046e-08,20030,30,200,n,discreta_global,"(mu,lambda)",1.0
EE,ackley,3,100,3.7256026264032016e-08,20230,30,200,n,discreta_global,"(mu,lambda)",1.0
EE,ackley,3,101,2.5326813091197664e-08,20430,30,200,n,discreta_global,"(mu,lambda)",1.0
EE,ackley,3,102,1.961973383757254e-08,20630,30,200,n,discreta_global,"(mu,lambda)",1.0
EE,ackley,3,103,1.1011380696146489e-08,20830,30,200,n,discreta_global,"(mu,lambda)",1.0
EE,ackley,3,104,1.516747305529975e-08,21030,30,200,n,discreta_global,"(mu,lambda)",1.0
EE,ackley,3,105,1.2379701264109144e-08,21230,30,200,n,discreta_global,"(mu,lambda)",1.0
EE,ackley,3,106,1.1317024206647375e-08,21430,30,200,n,discreta_global,"(mu,lambda)",1.0
EE,ackley,3,107,8.530865347466943e-09,21630,30,200,n,discreta_global,"(mu,lambda)",1.0
EE,ackley,3,108,7.73659936115223e-09,21830,30,200,n,discreta_global,"(mu,lambda)",1.0
EE,ackley,3,109,5.414886761201387e-09,22030,30,200,n,discreta_global,"(mu,lambda)",1.0
EE,ackley,3,110,4.3711101405108366e-09,22230,30,200,n,discreta_global,"(mu,lambda)",1.0
EE,ackley,3,111,3.069289267187969e-09,22430,30,200,n,discreta_global,"(mu,lambda)",1.0
EE,ackley,3,112,2.4253385966233054e-09,22630,30,200,n,discreta_global,"(mu,lambda)",1.0
EE,ackley,3,113,2.1858217458259332e-09,22830,30,200,n,discreta_global,"(mu,lambda)",1.0
EE,ackley,3,114,2.007582100560512e-09,23030,30,200,n,discreta_global,"(mu,lambda)",1.0
EE,ackley,3,115,1.442938657447712e-09,23230,30,200,n,discreta_global,"(mu,lambda)",1.0
EE,ackley,3,116,1.0783627324428835e-09,23430,30,200,n,discreta_global,"(mu,lambda)",1.0
EE,ackley,3,117,1.04250519328275e-09,23630,30,200,n,discreta_global,"(mu,lambda)",1.0
EE,ackley,3,118,8.732645717657306e-10,23830,30,200,n,discreta_global,"(mu,lambda)",1.0
EE,ackley,3,119,5.836260363878409e-10,24030,30,200,n,discreta_global,"(mu,lambda)",1.0
EE,ackley,3,120,4.4049430769632636e-10,24230,30,200,n,discreta_global,"(mu,lambda)",1.0
EE,ackley,3,121,4.2261349975092344e-10,24430,30,200,n,discreta_global,"(mu,lambda)",1.0
EE,ackley,3,122,3.621782873608481e-10,24630,30,200,n,discreta_global,"(mu,lambda)",1.0
EE,ackley,3,123,2.1474422240430613e-10,24830,30,200,n,discreta_global,"(mu,lambda)",1.0
EE,ackley,3,124,2.244751051705407e-10,25030,30,200,n,discreta_global,"(mu,lambda)",1.0
EE,ackley,3,125,1.478359656914563e-10,25230,30,200,n,discreta_global,"(mu,lambda)",1.0
EE,ackley,3,126,1.4046053209426645e-10,25430,30,200,n,discreta_global,"(mu,lambda)",1.0
EE,ackley,3,127,1.0058132104973083e-10,25630,30,200,n,discreta_global,"(mu,lambda)",1.0
EE,ackley,3,128,7.738920615452116e-11,25830,30,200,n,discreta_global,"(mu,lambda)",1.0
EE,ackley,3,129,7.899858545101779e-11,26030,30,200,n,discreta_global,"(mu,lambda)",1.0
EE,ackley,3,130,5.00048891183269e-11,26230,30,200,n,discreta_global,"(mu,lambda)",1.0
EE,ackley,3,131,4.4789505437847765e-11,26430,30,200,n,discreta_global,"(mu,lambda)",1.0
EE,ackley,3,132,2.3867574583391615e-11,26630,30,200,n,discreta_global,"(mu,lambda)",1.0
EE,ackley,3,133,2.44750886224665e-11,26830,30,200,n,discreta_global,"(mu,lambda)",1.0
EE,ackley,3,134,2.2528201526483826e-11,27030,30,200,n,discreta_global,"(mu,lambda)",1.0
EE,ackley,3,135,1.5923706797593695e-11,27230,30,200,n,discreta_global,"(mu,lambda)",1.0
EE,ackley,3,136,1.3912870855392612e-11,27430,30,200,n,discreta_global,"(mu,lambda)",1.0
EE,ackley,3,137,9.50750589367999e-12,27630,30,200,n,discreta_global,"(mu,lambda)",1.0
EE,ackley,3,138,9.440004333782781e-12,27830,30,200,n,discreta_global,"(mu,lambda)",1.0
EE,ackley,3,139,7.830625037286154e-12,28030,30,200,n,discreta_global,"(mu,lambda)",1.0
EE,ackley,3,140,6.054268197885904e-12,28230,30,200,n,discreta_global,"(mu,lambda)",1.0
EE,ackley,3,141,6.299405441723138e-12,28430,30,200,n,discreta_global,"(mu,lambda)",1.0
EE,ackley,3,142,3.880007426459997e-12,28630,30,200,n,discreta_global,"(mu,lambda)",1.0
EE,ackley,3,143,4.03987954200602e-12,28830,30,200,n,discreta_global,"(mu,lambda)",1.0
EE,ackley,3,144,3.510525203864745e-12,29030,30,200,n,discreta_global,"(mu,lambda)",1.0
EE,ackley,3,145,2.7857716133894428e-12,29230,30,200,n,discreta_global,"(mu,lambda)",1.0
EE,ackley,3,146,4.412914478280072e-12,29430,30,200,n,discreta_global,"(mu,lambda)",1.0
EE,ackley,3,147,3.887112853817598e-12,29630,30,200,n,discreta_global,"(mu,lambda)",1.0
EE,ackley,3,148,3.5638159090467525e-12,29830,30,200,n,discreta_global,"(mu,lambda)",1.0
EE,ackley,3,149,3.7627678750595805e-12,30030,30,200,n,discreta_global,"(mu,lambda)",1.0
EE,ackley,3,150,2.7537971902802383e-12,30230,30,200,n,discreta_global,"(mu,lambda)",1.0
EE,ackley,3,151,3.560263195367952e-12,30430,30,200,n,discreta_global,"(mu,lambda)",1.0
EE,ackley,3,152,3.915534563248002e-12,30630,30,200,n,discreta_global,"(mu,lambda)",1.0
EE,ackley,3,153,4.231726080661247e-12,30830,30,200,n,discreta_global,"(mu,lambda)",1.0
EE,ackley,3,154,4.018563259933217e-12,31030,30,200,n,discreta_global,"(mu,lambda)",1.0
EE,ackley,3,155,3.858691144387194e-12,31230,30,200,n,discreta_global,"(mu,lambda)",1.0
EE,ackley,3,156,3.47499806707674e-12,31430,30,200,n,discreta_global,"(mu,lambda)",1.0
EE,ackley,3,157,3.04867242562068e-12,31630,30,200,n,discreta_global,"(mu,lambda)",1.0
EE,ackley,3,158,3.773426016095982e-12,31830,30,200,n,discreta_global,"(mu,lambda)",1.0
EE,ackley,3,159,3.4856562081131415e-12,32030,30,200,n,discreta_global,"(mu,lambda)",1.0
EE,ackley,3,160,4.402256337243671e-12,32230,30,200,n,discreta_global,"(mu,lambda)",1.0
EE,ackley,3,161,3.6277647552651615e-12,32430,30,200,n,discreta_global,"(mu,lambda)",1.0
EE,ackley,3,162,4.11448652926083e-12,32630,30,200,n,discreta_global,"(mu,lambda)",1.0
EE,ackley,3,163,3.3222313788883184e-12,32830,30,200,n,discreta_global,"(mu,lambda)",1.0
EE,ackley,3,164,2.7928770407470438e-12,33030,30,200,n,discreta_global,"(mu,lambda)",1.0
EE,ackley,3,165,3.3364422336035204e-12,33230,30,200,n,discreta_global,"(mu,lambda)",1.0
EE,ackley,3,166,2.920774733183862e-12,33430,30,200,n,discreta_global,"(mu,lambda)",1.0
EE,ackley,3,167,3.5993430458347575e-12,33630,30,200,n,discreta_global,"(mu,lambda)",1.0
EE,ackley,3,168,3.631317468943962e-12,33830,30,200,n,discreta_global,"(mu,lambda)",1.0
EE,ackley,3,169,3.6988190288411715e-12,34030,30,200,n,discreta_global,"(mu,lambda)",1.0
EE,ackley,3,170,3.7982950118475856e-12,34230,30,200,n,discreta_global,"(mu,lambda)",1.0
EE,ackley,3,171,4.018563259933217e-12,34430,30,200,n,discreta_global,"(mu,lambda)",1.0
EE,ackley,3,172,3.894218281175199e-12,34630,30,200,n,discreta_global,"(mu,lambda)",1.0
EE,ackley,3,173,3.5922376184771565e-12,34830,30,200,n,discreta_global,"(mu,lambda)",1.0
EE,ackley,3,174,3.6632918920531665e-12,35030,30,200,n,discreta_global,"(mu,lambda)",1.0
EE,ackley,3,175,3.531841485937548e-12,35230,30,200,n,discreta_global,"(mu,lambda)",1.0
EE,ackley,3,176,4.071853965115224e-12,35430,30,200,n,discreta_global,"(mu,lambda)",1.0
EE,ackley,3,177,3.4856562081131415e-12,35630,30,200,n,discreta_global,"(mu,lambda)",1.0
EE,ackley,3,178,3.418154648215932e-12,35830,30,200,n,discreta_global,"(mu,lambda)",1.0
EE,ackley,3,179,4.384492768849668e-12,36030,30,200,n,discreta_global,"(mu,lambda)",1.0
EE,ackley,3,180,3.5922376184771565e-12,36230,30,200,n,discreta_global,"(mu,lambda)",1.0
EE,ackley,3,181,3.5567104816891515e-12,36430,30,200,n,discreta_global,"(mu,lambda)",1.0
EE,ackley,3,182,4.100275674545628e-12,36630,30,200,n,discreta_global,"(mu,lambda)",1.0
EE,ackley,3,183,3.787636870811184e-12,36830,30,200,n,discreta_global,"(mu,lambda)",1.0
EE,ackley,3,184,4.277911358485653e-12,37030,30,200,n,discreta_global,"(mu,lambda)",1.0
EE,ackley,3,185,3.737898879307977e-12,37230,30,200,n,discreta_global,"(mu,lambda)",1.0
EE,ackley,3,186,4.597655589577698e-12,37430,30,200,n,discreta_global,"(mu,lambda)",1.0
EE,ackley,3,187,3.531841485937548e-12,37630,30,200,n,discreta_global,"(mu,lambda)",1.0
EE,ackley,3,188,3.453681785003937e-12,37830,30,200,n,discreta_global,"(mu,lambda)",1.0
EE,ackley,3,189,4.206857084909643e-12,38030,30,200,n,discreta_global,"(mu,lambda)",1.0
EE,ackley,3,190,3.773426016095982e-12,38230,30,200,n,discreta_global,"(mu,lambda)",1.0
EE,ackley,3,191,3.0380142845842784e-12,38430,30,200,n,discreta_global,"(mu,lambda)",1.0
EE,ackley,3,192,3.432365502931134e-12,38630,30,200,n,discreta_global,"(mu,lambda)",1.0
EE,ackley,3,193,3.311573237851917e-12,38830,30,200,n,discreta_global,"(mu,lambda)",1.0
EE,ackley,3,194,4.206857084909643e-12,39030,30,200,n,discreta_global,"(mu,lambda)",1.0
EE,ackley,3,195,3.702371742519972e-12,39230,30,200,n,discreta_global,"(mu,lambda)",1.0
EE,ackley,3,196,3.5567104816891515e-12,39430,30,200,n,discreta_global,"(mu,lambda)",1.0
EE,ackley,3,197,3.8480330033507926e-12,39630,30,200,n,discreta_global,"(mu,lambda)",1.0
EE,ackley,3,198,3.6846081741259695e-12,39830,30,200,n,discreta_global,"(mu,lambda)",1.0
EE,ackley,3,199,4.04343225568482e-12,40030,30,200,n,discreta_global,"(mu,lambda)",1.0
EE,ackley,3,200,3.709477169877573e-12,40230,30,200,n,discreta_global,"(mu,lambda)",1.0
EE,ackley,3,201,3.339994947282321e-12,40430,30,200,n,discreta_global,"(mu,lambda)",1.0
EE,ackley,3,202,2.8816948827170563e-12,40630,30,200,n,discreta_global,"(mu,lambda)",1.0
EE,ackley,3,203,3.418154648215932e-12,40830,30,200,n,discreta_global,"(mu,lambda)",1.0
EE,ackley,3,204,3.595790332155957e-12,41030,30,200,n,discreta_global,"(mu,lambda)",1.0
EE,ackley,3,205,4.171329948121638e-12,41230,30,200,n,discreta_global,"(mu,lambda)",1.0
EE,ackley,3,206,3.7627678750595805e-12,41430,30,200,n,discreta_global,"(mu,lambda)",1.0
EE,ackley,3,207,4.135802811333633e-12,41630,30,200,n,discreta_global,"(mu,lambda)",1.0
EE,ackley,3,208,3.5780267637619545e-12,41830,30,200,n,discreta_global,"(mu,lambda)",1.0
EE,ackley,3,209,2.8248514638562483e-12,42030,30,200,n,discreta_global,"(mu,lambda)",1.0
EE,ackley,3,210,3.2298608232395054e-12,42230,30,200,n,discreta_global,"(mu,lambda)",1.0
EE,ackley,3,211,3.034461570905478e-12,42430,30,200,n,discreta_global,"(mu,lambda)",1.0
EE,ackley,3,212,3.645528323659164e-12,42630,30,200,n,discreta_global,"(mu,lambda)",1.0
EE,ackley,3,213,3.33288951992472e-12,42830,30,200,n,discreta_global,"(mu,lambda)",1.0
EE,ackley,3,214,4.071853965115224e-12,43030,30,200,n,discreta_global,"(mu,lambda)",1.0
EE,ackley,3,215,3.5851321911195555e-12,43230,30,200,n,discreta_global,"(mu,lambda)",1.0
EE,ackley,3,216,3.4856562081131415e-12,43430,30,200,n,discreta_global,"(mu,lambda)",1.0
EE,ackley,3,217,4.309885781594858e-12,43630,30,200,n,discreta_global,"(mu,lambda)",1.0
EE,ackley,3,218,4.150013666048835e-12,43830,30,200,n,discreta_global,"(mu,lambda)",1.0
EE,ackley,3,219,4.022115973612017e-12,44030,30,200,n,discreta_global,"(mu,lambda)",1.0
EE,ackley,3,220,4.263700503770451e-12,44230,30,200,n,discreta_global,"(mu,lambda)",1.0
EE,ackley,3,221,3.4003910798219295e-12,44430,30,200,n,discreta_global,"(mu,lambda)",1.0
EE,ackley,3,222,3.0238034298690764e-12,44630,30,200,n,discreta_global,"(mu,lambda)",1.0
EE,ackley,3,223,3.9332981316420046e-12,44830,30,200,n,discreta_global,"(mu,lambda)",1.0
EE,ackley,3,224,3.7201353109139745e-12,45030,30,200,n,discreta_global,"(mu,lambda)",1.0
EE,ackley,3,225,3.538946913295149e-12,45230,30,200,n,discreta_global,"(mu,lambda)",1.0
EE,ackley,3,226,3.1517011223058944e-12,45430,30,200,n,discreta_global,"(mu,lambda)",1.0
EE,ackley,3,227,4.032774114648419e-12,45630,30,200,n,discreta_global,"(mu,lambda)",1.0
EE,ackley,3,228,3.7556624477019795e-12,45830,30,200,n,discreta_global,"(mu,lambda)",1.0
EE,ackley,3,229,3.2653879600275104e-12,46030,30,200,n,discreta_global,"(mu,lambda)",1.0
EE,ackley,3,230,3.5496050543315505e-12,46230,30,200,n,discreta_global,"(mu,lambda)",1.0
EE,ackley,3,231,3.922639990605603e-12,46430,30,200,n,discreta_global,"(mu,lambda)",1.0
EE,ackley,3,232,3.723688024592775e-12,46630,30,200,n,discreta_global,"(mu,lambda)",1.0
EE,ackley,3,233,3.915534563248002e-12,46830,30,200,n,discreta_global,"(mu,lambda)",1.0
EE,ackley,3,234,3.5282887722587475e-12,47030,30,200,n,discreta_global,"(mu,lambda)",1.0
EE,ackley,3,235,3.666844605731967e-12,47230,30,200,n,discreta_global,"(mu,lambda)",1.0
EE,ackley,3,236,3.0593305666570814e-12,47430,30,200,n,discreta_global,"(mu,lambda)",1.0
EE,ackley,3,237,3.936850845320805e-12,47630,30,200,n,discreta_global,"(mu,lambda)",1.0
EE,ackley,3,238,3.766320588738381e-12,47830,30,200,n,discreta_global,"(mu,lambda)",1.0
EE,ackley,3,239,3.7769787297747826e-12,48030,30,200,n,discreta_global,"(mu,lambda)",1.0
EE,ackley,3,240,4.011457832575616e-12,48230,30,200,n,discreta_global,"(mu,lambda)",1.0
EE,ackley,3,241,4.100275674545628e-12,48430,30,200,n,discreta_global,"(mu,lambda)",1.0
EE,ackley,3,242,4.231726080661247e-12,48630,30,200,n,discreta_global,"(mu,lambda)",1.0
EE,ackley,3,243,3.5567104816891515e-12,48830,30,200,n,discreta_global,"(mu,lambda)",1.0
EE,ackley,3,244,3.276046101063912e-12,49030,30,200,n,discreta_global,"(mu,lambda)",1.0
EE,ackley,3,245,4.061195824078823e-12,49230,30,200,n,discreta_global,"(mu,lambda)",1.0
EE,ackley,3,246,3.276046101063912e-12,49430,30,200,n,discreta_global,"(mu,lambda)",1.0
EE,ackley,3,247,4.245936935376449e-12,49630,30,200,n,discreta_global,"(mu,lambda)",1.0
EE,ackley,3,248,3.034461570905478e-12,49830,30,200,n,discreta_global,"(mu,lambda)",1.0
EE,ackley,3,249,2.6330049252010213e-12,50030,30,200,n,discreta_global,"(mu,lambda)",1.0
EE,ackley,3,250,2.4624746686185972e-12,50230,30,200,n,discreta_global,"(mu,lambda)",1.0
EE,ackley,3,251,3.5496050543315505e-12,50430,30,200,n,discreta_global,"(mu,lambda)",1.0
EE,ackley,3,252,4.455547042425678e-12,50630,30,200,n,discreta_global,"(mu,lambda)",1.0
EE,ackley,3,253,3.7059244561987725e-12,50830,30,200,n,discreta_global,"(mu,lambda)",1.0
EE,ackley,3,254,3.915534563248002e-12,51030,30,200,n,discreta_global,"(mu,lambda)",1.0
EE,ackley,3,255,4.331202063667661e-12,51230,30,200,n,discreta_global,"(mu,lambda)",1.0
EE,ackley,3,256,4.046984969363621e-12,51430,30,200,n,discreta_global,"(mu,lambda)",1.0
EE,ackley,3,257,3.3364422336035204e-12,51630,30,200,n,discreta_global,"(mu,lambda)",1.0
EE,ackley,3,258,3.1943336864515004e-12,51830,30,200,n,discreta_global,"(mu,lambda)",1.0
EE,ackley,3,259,3.034461570905478e-12,52030,30,200,n,discreta_global,"(mu,lambda)",1.0
EE,ackley,3,260,3.588684904798356e-12,52230,30,200,n,discreta_global,"(mu,lambda)",1.0
EE,ackley,3,261,4.313438495273658e-12,52430,30,200,n,discreta_global,"(mu,lambda)",1.0
EE,ackley,3,262,3.254729818991109e-12,52630,30,200,n,discreta_global,"(mu,lambda)",1.0
EE,ackley,3,263,4.356071059419264e-12,52830,30,200,n,discreta_global,"(mu,lambda)",1.0
EE,ackley,3,264,2.7999824681046448e-12,53030,30,200,n,discreta_global,"(mu,lambda)",1.0
EE,ackley,3,265,4.093170247188027e-12,53230,30,200,n,discreta_global,"(mu,lambda)",1.0
EE,ackley,3,266,3.247624391633508e-12,53430,30,200,n,discreta_global,"(mu,lambda)",1.0
EE,ackley,3,267,2.7005064850982308e-12,53630,30,200,n,discreta_global,"(mu,lambda)",1.0
EE,ackley,3,268,2.7324809082074353e-12,53830,30,200,n,discreta_global,"(mu,lambda)",1.0
EE,ackley,3,269,4.505285033928885e-12,54030,30,200,n,discreta_global,"(mu,lambda)",1.0
EE,ackley,3,270,3.745004306665578e-12,54230,30,200,n,discreta_global,"(mu,lambda)",1.0
EE,ackley,3,271,3.915534563248002e-12,54430,30,200,n,discreta_global,"(mu,lambda)",1.0
EE,ackley,3,272,3.8906655674963986e-12,54630,30,200,n,discreta_global,"(mu,lambda)",1.0
EE,ackley,3,273,3.354205801997523e-12,54830,30,200,n,discreta_global,"(mu,lambda)",1.0
EE,ackley,3,274,3.794742298168785e-12,55030,30,200,n,discreta_global,"(mu,lambda)",1.0
EE,ackley,3,275,3.7272407382715755e-12,55230,30,200,n,discreta_global,"(mu,lambda)",1.0
EE,ackley,3,276,3.389732938785528e-12,55430,30,200,n,discreta_global,"(mu,lambda)",1.0
EE,ackley,3,277,2.6791902030254278e-12,55630,30,200,n,discreta_global,"(mu,lambda)",1.0
EE,ackley,3,278,3.723688024592775e-12,55830,30,200,n,discreta_global,"(mu,lambda)",1.0
EE,ackley,3,279,3.610001186871159e-12,56030,30,200,n,discreta_global,"(mu,lambda)",1.0
EE,ackley,3,280,3.4430236439675355e-12,56230,30,200,n,discreta_global,"(mu,lambda)",1.0
EE,ackley,3,281,3.496314349149543e-12,56430,30,200,n,discreta_global,"(mu,lambda)",1.0
EE,ackley,3,282,3.8835601401387976e-12,56630,30,200,n,discreta_global,"(mu,lambda)",1.0
EE,ackley,3,283,3.588684904798356e-12,56830,30,200,n,discreta_global,"(mu,lambda)",1.0
EE,ackley,3,284,3.5851321911195555e-12,57030,30,200,n,discreta_global,"(mu,lambda)",1.0
EE,ackley,3,285,4.093170247188027e-12,57230,30,200,n,discreta_global,"(mu,lambda)",1.0
EE,ackley,3,286,2.8106406091410463e-12,57430,30,200,n,discreta_global,"(mu,lambda)",1.0
EE,ackley,3,287,3.283151528421513e-12,57630,30,200,n,discreta_global,"(mu,lambda)",1.0
EE,ackley,3,288,4.11448652926083e-12,57830,30,200,n,discreta_global,"(mu,lambda)",1.0
EE,ackley,3,289,3.105515844481488e-12,58030,30,200,n,discreta_global,"(mu,lambda)",1.0
EE,ackley,3,290,3.872901999102396e-12,58230,30,200,n,discreta_global,"(mu,lambda)",1.0
EE,ackley,3,291,3.645528323659164e-12,58430,30,200,n,discreta_global,"(mu,lambda)",1.0
EE,ackley,3,292,3.3719693703915254e-12,58630,30,200,n,discreta_global,"(mu,lambda)",1.0
EE,ackley,3,293,3.581579477440755e-12,58830,30,200,n,discreta_global,"(mu,lambda)",1.0
EE,ackley,3,294,3.638422896301563e-12,59030,30,200,n,discreta_global,"(mu,lambda)",1.0
EE,ackley,3,295,2.9882762930810713e-12,59230,30,200,n,discreta_global,"(mu,lambda)",1.0
EE,ackley,3,296,3.1232794128754904e-12,59430,30,200,n,discreta_global,"(mu,lambda)",1.0
EE,ackley,3,297,3.2227553958819044e-12,59630,30,200,n,discreta_global,"(mu,lambda)",1.0
EE,ackley,3,298,3.2440716779547074e-12,59830,30,200,n,discreta_global,"(mu,lambda)",1.0
EE,ackley,3,299,3.538946913295149e-12,60030,30,200,n,discreta_global,"(mu,lambda)",1.0
EE,ackley,3,300,3.5922376184771565e-12,60230,30,200,n,discreta_global,"(mu,lambda)",1.0
EE,ackley,3,301,4.320543922631259e-12,60430,30,200,n,discreta_global,"(mu,lambda)",1.0
EE,ackley,3,302,4.018563259933217e-12,60630,30,200,n,discreta_global,"(mu,lambda)",1.0
EE,ackley,3,303,2.927880160541463e-12,60830,30,200,n,discreta_global,"(mu,lambda)",1.0
EE,ackley,3,304,4.25304236273405e-12,61030,30,200,n,discreta_global,"(mu,lambda)",1.0
EE,ackley,3,305,3.5567104816891515e-12,61230,30,200,n,discreta_global,"(mu,lambda)",1.0
EE,ackley,3,306,4.274358644806853e-12,61430,30,200,n,discreta_global,"(mu,lambda)",1.0
EE,ackley,3,307,3.773426016095982e-12,61630,30,200,n,discreta_global,"(mu,lambda)",1.0
EE,ackley,3,308,3.745004306665578e-12,61830,30,200,n,discreta_global,"(mu,lambda)",1.0
EE,ackley,3,309,4.242384221697648e-12,62030,30,200,n,discreta_global,"(mu,lambda)",1.0
EE,ackley,3,310,3.11972669919669e-12,62230,30,200,n,discreta_global,"(mu,lambda)",1.0
EE,ackley,3,311,3.33288951992472e-12,62430,30,200,n,discreta_global,"(mu,lambda)",1.0
EE,ackley,3,312,3.297362383136715e-12,62630,30,200,n,discreta_global,"(mu,lambda)",1.0
EE,ackley,3,313,3.560263195367952e-12,62830,30,200,n,discreta_global,"(mu,lambda)",1.0
EE,ackley,3,314,3.595790332155957e-12,63030,30,200,n,discreta_global,"(mu,lambda)",1.0
EE,ackley,3,315,3.4074965071795305e-12,63230,30,200,n,discreta_global,"(mu,lambda)",1.0
EE,ackley,3,316,3.936850845320805e-12,63430,30,200,n,discreta_global,"(mu,lambda)",1.0
EE,ackley,3,317,4.206857084909643e-12,63630,30,200,n,discreta_global,"(mu,lambda)",1.0
EE,ackley,3,318,3.5851321911195555e-12,63830,30,200,n,discreta_global,"(mu,lambda)",1.0
EE,ackley,3,319,3.4288127892523335e-12,64030,30,200,n,discreta_global,"(mu,lambda)",1.0
EE,ackley,3,320,3.6064484731923585e-12,64230,30,200,n,discreta_global,"(mu,lambda)",1.0
EE,ackley,3,321,3.5567104816891515e-12,64430,30,200,n,discreta_global,"(mu,lambda)",1.0
EE,ackley,3,322,3.0735414213722834e-12,64630,30,200,n,discreta_global,"(mu,lambda)",1.0
EE,ackley,3,323,3.673950033089568e-12,64830,30,200,n,discreta_global,"(mu,lambda)",1.0
EE,ackley,3,324,4.11093381558203e-12,65030,30,200,n,discreta_global,"(mu,lambda)",1.0
EE,ackley,3,325,4.142908238691234e-12,65230,30,200,n,discreta_global,"(mu,lambda)",1.0
EE,ackley,3,326,3.148148408627094e-12,65430,30,200,n,discreta_global,"(mu,lambda)",1.0
EE,ackley,3,327,3.4714453533979395e-12,65630,30,200,n,discreta_global,"(mu,lambda)",1.0
EE,ackley,3,328,4.523048602322888e-12,65830,30,200,n,discreta_global,"(mu,lambda)",1.0
EE,ackley,3,329,3.9048764222116006e-12,66030,30,200,n,discreta_global,"(mu,lambda)",1.0
EE,ackley,3,330,3.8409275759931916e-12,66230,30,200,n,discreta_global,"(mu,lambda)",1.0
EE,ackley,3,331,4.096722960866828e-12,66430,30,200,n,discreta_global,"(mu,lambda)",1.0
EE,ackley,3,332,4.107381101903229e-12,66630,30,200,n,discreta_global,"(mu,lambda)",1.0
EE,ackley,3,333,3.6988190288411715e-12,66830,30,200,n,discreta_global,"(mu,lambda)",1.0
EE,ackley,3,334,3.0451197119418794e-12,67030,30,200,n,discreta_global,"(mu,lambda)",1.0
EE,ackley,3,335,4.306333067916057e-12,67230,30,200,n,discreta_global,"(mu,lambda)",1.0
EE,ackley,3,336,3.823164007599189e-12,67430,30,200,n,discreta_global,"(mu,lambda)",1.0
EE,ackley,3,337,3.787636870811184e-12,67630,30,200,n,discreta_global,"(mu,lambda)",1.0
EE,ackley,3,338,4.451994328746878e-12,67830,30,200,n,discreta_global,"(mu,lambda)",1.0
EE,ackley,3,339,3.929745417963204e-12,68030,30,200,n,discreta_global,"(mu,lambda)",1.0
EE,ackley,3,340,3.3435476609611214e-12,68230,30,200,n,discreta_global,"(mu,lambda)",1.0
EE,ackley,3,341,3.702371742519972e-12,68430,30,200,n,discreta_global,"(mu,lambda)",1.0
EE,ackley,3,342,3.752109734023179e-12,68630,30,200,n,discreta_global,"(mu,lambda)",1.0
EE,ackley,3,343,3.4074965071795305e-12,68830,30,200,n,discreta_global,"(mu,lambda)",1.0
EE,ackley,3,344,2.856825886965453e-12,69030,30,200,n,discreta_global,"(mu,lambda)",1.0
EE,ackley,3,345,3.524736058579947e-12,69230,30,200,n,discreta_global,"(mu,lambda)",1.0
EE,ackley,3,346,3.503419776507144e-12,69430,30,200,n,discreta_global,"(mu,lambda)",1.0
EE,ackley,3,347,3.382627511427927e-12,69630,30,200,n,discreta_global,"(mu,lambda)",1.0
EE,ackley,3,348,3.3364422336035204e-12,69830,30,200,n,discreta_global,"(mu,lambda)",1.0
EE,ackley,3,349,4.007905118896815e-12,70030,30,200,n,discreta_global,"(mu,lambda)",1.0
EE,ackley,3,350,3.141042981269493e-12,70230,30,200,n,discreta_global,"(mu,lambda)",1.0
EE,ackley,3,351,3.8409275759931916e-12,70430,30,200,n,discreta_global,"(mu,lambda)",1.0
EE,ackley,3,352,3.460787212361538e-12,70630,30,200,n,discreta_global,"(mu,lambda)",1.0
EE,ackley,3,353,4.18554080283684e-12,70830,30,200,n,discreta_global,"(mu,lambda)",1.0
EE,ackley,3,354,3.325784092567119e-12,71030,30,200,n,discreta_global,"(mu,lambda)",1.0
EE,ackley,3,355,3.986588836824012e-12,71230,30,200,n,discreta_global,"(mu,lambda)",1.0
EE,ackley,3,356,4.555023025432092e-12,71430,30,200,n,discreta_global,"(mu,lambda)",1.0
EE,ackley,3,357,3.645528323659164e-12,71630,30,200,n,discreta_global,"(mu,lambda)",1.0
EE,ackley,3,358,4.270805931128052e-12,71830,30,200,n,discreta_global,"(mu,lambda)",1.0
EE,ackley,3,359,3.787636870811184e-12,72030,30,200,n,discreta_global,"(mu,lambda)",1.0
EE,ackley,3,360,3.652633751016765e-12,72230,30,200,n,discreta_global,"(mu,lambda)",1.0
EE,ackley,3,361,3.439470930288735e-12,72430,30,200,n,discreta_global,"(mu,lambda)",1.0
EE,ackley,3,362,3.4856562081131415e-12,72630,30,200,n,discreta_global,"(mu,lambda)",1.0
EE,ackley,3,363,3.2795988147427124e-12,72830,30,200,n,discreta_global,"(mu,lambda)",1.0
EE,ackley,3,364,2.8959057374322583e-12,73030,30,200,n,discreta_global,"(mu,lambda)",1.0
EE,ackley,3,365,3.958167127393608e-12,73230,30,200,n,discreta_global,"(mu,lambda)",1.0
EE,ackley,3,366,2.5370816558734077e-12,73430,30,200,n,discreta_global,"(mu,lambda)",1.0
EE,ackley,3,367,2.4837909506914002e-12,73630,30,200,n,discreta_global,"(mu,lambda)",1.0
EE,ackley,3,368,3.4998670628283435e-12,73830,30,200,n,discreta_global,"(mu,lambda)",1.0
EE,ackley,3,369,3.659739178374366e-12,74030,30,200,n,discreta_global,"(mu,lambda)",1.0
EE,ackley,3,370,3.709477169877573e-12,74230,30,200,n,discreta_global,"(mu,lambda)",1.0
EE,ackley,3,371,4.46975789714088e-12,74430,30,200,n,discreta_global,"(mu,lambda)",1.0
EE,ackley,3,372,3.183675545415099e-12,74630,30,200,n,discreta_global,"(mu,lambda)",1.0
EE,ackley,3,373,3.6917136014835705e-12,74830,30,200,n,discreta_global,"(mu,lambda)",1.0
EE,ackley,3,374,3.1943336864515004e-12,75030,30,200,n,discreta_global,"(mu,lambda)",1.0
EE,ackley,3,375,2.927880160541463e-12,75230,30,200,n,discreta_global,"(mu,lambda)",1.0
EE,ackley,3,376,3.581579477440755e-12,75430,30,200,n,discreta_global,"(mu,lambda)",1.0
EE,ackley,3,377,3.4856562081131415e-12,75630,30,200,n,discreta_global,"(mu,lambda)",1.0
EE,ackley,3,378,3.6561864646955655e-12,75830,30,200,n,discreta_global,"(mu,lambda)",1.0
EE,ackley,3,379,4.277911358485653e-12,76030,30,200,n,discreta_global,"(mu,lambda)",1.0
EE,ackley,3,380,2.7786661860318418e-12,76230,30,200,n,discreta_global,"(mu,lambda)",1.0
EE,ackley,3,381,3.681055460447169e-12,76430,30,200,n,discreta_global,"(mu,lambda)",1.0
EE,ackley,3,382,3.574474050083154e-12,76630,30,200,n,discreta_global,"(mu,lambda)",1.0
EE,ackley,3,383,3.7343461656291765e-12,76830,30,200,n,discreta_global,"(mu,lambda)",1.0
EE,ackley,3,384,4.448441615068077e-12,77030,30,200,n,discreta_global,"(mu,lambda)",1.0
EE,ackley,3,385,3.069988707693483e-12,77230,30,200,n,discreta_global,"(mu,lambda)",1.0
EE,ackley,3,386,3.531841485937548e-12,77430,30,200,n,discreta_global,"(mu,lambda)",1.0
EE,ackley,3,387,4.061195824078823e-12,77630,30,200,n,discreta_global,"(mu,lambda)",1.0
EE,ackley,3,388,3.1659119770210964e-12,77830,30,200,n,discreta_global,"(mu,lambda)",1.0
EE,ackley,3,389,4.125144670297232e-12,78030,30,200,n,discreta_global,"(mu,lambda)",1.0
EE,ackley,3,390,3.112621271839089e-12,78230,30,200,n,discreta_global,"(mu,lambda)",1.0
EE,ackley,3,391,4.125144670297232e-12,78430,30,200,n,discreta_global,"(mu,lambda)",1.0
EE,ackley,3,392,4.192646230194441e-12,78630,30,200,n,discreta_global,"(mu,lambda)",1.0
EE,ackley,3,393,4.32764934998886e-12,78830,30,200,n,discreta_global,"(mu,lambda)",1.0
EE,ackley,3,394,3.894218281175199e-12,79030,30,200,n,discreta_global,"(mu,lambda)",1.0
EE,ackley,3,395,3.1659119770210964e-12,79230,30,200,n,discreta_global,"(mu,lambda)",1.0
EE,ackley,3,396,4.416467191958873e-12,79430,30,200,n,discreta_global,"(mu,lambda)",1.0
EE,ackley,3,397,4.281464072164454e-12,79630,30,200,n,discreta_global,"(mu,lambda)",1.0
EE,ackley,3,398,3.709477169877573e-12,79830,30,200,n,discreta_global,"(mu,lambda)",1.0
EE,ackley,3,399,3.382627511427927e-12,80030,30,200,n,discreta_global,"(mu,lambda)",1.0
EE,ackley,3,400,3.418154648215932e-12,80230,30,200,n,discreta_global,"(mu,lambda)",1.0
EE,ackley,3,401,3.97237798210881e-12,80430,30,200,n,discreta_global,"(mu,lambda)",1.0
EE,ackley,3,402,3.47499806707674e-12,80630,30,200,n,discreta_global,"(mu,lambda)",1.0
EE,ackley,3,403,3.0735414213722834e-12,80830,30,200,n,discreta_global,"(mu,lambda)",1.0
EE,ackley,3,404,3.133937553911892e-12,81030,30,200,n,discreta_global,"(mu,lambda)",1.0
EE,ackley,3,405,3.787636870811184e-12,81230,30,200,n,discreta_global,"(mu,lambda)",1.0
EE,ackley,3,406,3.1374902675906924e-12,81430,30,200,n,discreta_global,"(mu,lambda)",1.0
EE,ackley,3,407,3.766320588738381e-12,81630,30,200,n,discreta_global,"(mu,lambda)",1.0
EE,ackley,3,408,4.164224520764037e-12,81830,30,200,n,discreta_global,"(mu,lambda)",1.0
EE,ackley,3,409,3.062883280335882e-12,82030,30,200,n,discreta_global,"(mu,lambda)",1.0
EE,ackley,3,410,3.5851321911195555e-12,82230,30,200,n,discreta_global,"(mu,lambda)",1.0
EE,ackley,3,411,3.3009150968155154e-12,82430,30,200,n,discreta_global,"(mu,lambda)",1.0
EE,ackley,3,412,3.5140779175435455e-12,82630,30,200,n,discreta_global,"(mu,lambda)",1.0
EE,ackley,3,413,3.247624391633508e-12,82830,30,200,n,discreta_global,"(mu,lambda)",1.0
EE,ackley,3,414,3.247624391633508e-12,83030,30,200,n,discreta_global,"(mu,lambda)",1.0
EE,ackley,3,415,3.851585717029593e-12,83230,30,200,n,discreta_global,"(mu,lambda)",1.0
EE,ackley,3,416,4.302780354237257e-12,83430,30,200,n,discreta_global,"(mu,lambda)",1.0
EE,ackley,3,417,3.0593305666570814e-12,83630,30,200,n,discreta_global,"(mu,lambda)",1.0
EE,ackley,3,418,3.212097254845503e-12,83830,30,200,n,discreta_global,"(mu,lambda)",1.0
EE,ackley,3,419,4.501732320250085e-12,84030,30,200,n,discreta_global,"(mu,lambda)",1.0
EE,ackley,3,420,4.221067939624845e-12,84230,30,200,n,discreta_global,"(mu,lambda)",1.0
EE,ackley,3,421,4.061195824078823e-12,84430,30,200,n,discreta_global,"(mu,lambda)",1.0
EE,ackley,3,422,3.602895759513558e-12,84630,30,200,n,discreta_global,"(mu,lambda)",1.0
EE,ackley,3,423,3.062883280335882e-12,84830,30,200,n,discreta_global,"(mu,lambda)",1.0
EE,ackley,3,424,3.2369662505971064e-12,85030,30,200,n,discreta_global,"(mu,lambda)",1.0
EE,ackley,3,425,4.384492768849668e-12,85230,30,200,n,discreta_global,"(mu,lambda)",1.0
EE,ackley,3,426,3.1588065496634954e-12,85430,30,200,n,discreta_global,"(mu,lambda)",1.0
EE,ackley,3,427,3.212097254845503e-12,85630,30,200,n,discreta_global,"(mu,lambda)",1.0
EE,ackley,3,428,4.100275674545628e-12,85830,30,200,n,discreta_global,"(mu,lambda)",1.0
EE,ackley,3,429,3.6135539005499595e-12,86030,30,200,n,discreta_global,"(mu,lambda)",1.0
EE,ackley,3,430,2.956301869971867e-12,86230,30,200,n,discreta_global,"(mu,lambda)",1.0
EE,ackley,3,431,3.069988707693483e-12,86430,30,200,n,discreta_global,"(mu,lambda)",1.0
EE,ackley,3,432,3.027356143547877e-12,86630,30,200,n,discreta_global,"(mu,lambda)",1.0
EE,ackley,3,433,3.887112853817598e-12,86830,30,200,n,discreta_global,"(mu,lambda)",1.0
EE,ackley,3,434,4.139355525012434e-12,87030,30,200,n,discreta_global,"(mu,lambda)",1.0
EE,ackley,3,435,2.7076119124558318e-12,87230,30,200,n,discreta_global,"(mu,lambda)",1.0
EE,ackley,3,436,3.5496050543315505e-12,87430,30,200,n,discreta_global,"(mu,lambda)",1.0
EE,ackley,3,437,3.0948577034450864e-12,87630,30,200,n,discreta_global,"(mu,lambda)",1.0
EE,ackley,3,438,2.9243274468626623e-12,87830,30,200,n,discreta_global,"(mu,lambda)",1.0
EE,ackley,3,439,3.5353941996163485e-12,88030,30,200,n,discreta_global,"(mu,lambda)",1.0
EE,ackley,3,440,3.7059244561987725e-12,88230,30,200,n,discreta_global,"(mu,lambda)",1.0
EE,ackley,3,441,3.531841485937548e-12,88430,30,200,n,discreta_global,"(mu,lambda)",1.0
EE,ackley,3,442,3.47499806707674e-12,88630,30,200,n,discreta_global,"(mu,lambda)",1.0
EE,ackley,3,443,3.3506530883187224e-12,88830,30,200,n,discreta_global,"(mu,lambda)",1.0
EE,ackley,3,444,3.446576357646336e-12,89030,30,200,n,discreta_global,"(mu,lambda)",1.0
EE,ackley,3,445,3.7698733024171815e-12,89230,30,200,n,discreta_global,"(mu,lambda)",1.0
EE,ackley,3,446,4.18554080283684e-12,89430,30,200,n,discreta_global,"(mu,lambda)",1.0
EE,ackley,3,447,3.2653879600275104e-12,89630,30,200,n,discreta_global,"(mu,lambda)",1.0
EE,ackley,3,448,3.176570118057498e-12,89830,30,200,n,discreta_global,"(mu,lambda)",1.0
EE,ackley,3,449,3.7840841571323836e-12,90030,30,200,n,discreta_global,"(mu,lambda)",1.0
EE,ackley,3,450,4.601208303256499e-12,90230,30,200,n,discreta_global,"(mu,lambda)",1.0
EE,ackley,3,451,3.5140779175435455e-12,90430,30,200,n,discreta_global,"(mu,lambda)",1.0
EE,ackley,3,452,3.3364422336035204e-12,90630,30,200,n,discreta_global,"(mu,lambda)",1.0
EE,ackley,3,453,3.389732938785528e-12,90830,30,200,n,discreta_global,"(mu,lambda)",1.0
EE,ackley,3,454,3.5211833449011465e-12,91030,30,200,n,discreta_global,"(mu,lambda)",1.0
EE,ackley,3,455,3.83026943495679e-12,91230,30,200,n,discreta_global,"(mu,lambda)",1.0
EE,ackley,3,456,4.118039242939631e-12,91430,30,200,n,discreta_global,"(mu,lambda)",1.0
EE,ackley,3,457,3.4430236439675355e-12,91630,30,200,n,discreta_global,"(mu,lambda)",1.0
EE,ackley,3,458,3.382627511427927e-12,91830,30,200,n,discreta_global,"(mu,lambda)",1.0
EE,ackley,3,459,3.801847725526386e-12,92030,30,200,n,discreta_global,"(mu,lambda)",1.0
EE,ackley,3,460,4.103828388224429e-12,92230,30,200,n,discreta_global,"(mu,lambda)",1.0
EE,ackley,3,461,2.306155266751375e-12,92430,30,200,n,discreta_global,"(mu,lambda)",1.0
EE,ackley,3,462,4.714895140978115e-12,92630,30,200,n,discreta_global,"(mu,lambda)",1.0
EE,ackley,3,463,3.709477169877573e-12,92830,30,200,n,discreta_global,"(mu,lambda)",1.0
EE,ackley,3,464,2.856825886965453e-12,93030,30,200,n,discreta_global,"(mu,lambda)",1.0
EE,ackley,3,465,3.204991827487902e-12,93230,30,200,n,discreta_global,"(mu,lambda)",1.0
EE,ackley,3,466,2.7147173398134328e-12,93430,30,200,n,discreta_global,"(mu,lambda)",1.0
EE,ackley,3,467,3.141042981269493e-12,93630,30,200,n,discreta_global,"(mu,lambda)",1.0
EE,ackley,3,468,3.816058580241588e-12,93830,30,200,n,discreta_global,"(mu,lambda)",1.0
EE,ackley,3,469,2.4482638139033952e-12,94030,30,200,n,discreta_global,"(mu,lambda)",1.0
EE,ackley,3,470,3.83026943495679e-12,94230,30,200,n,discreta_global,"(mu,lambda)",1.0
EE,ackley,3,471,3.4074965071795305e-12,94430,30,200,n,discreta_global,"(mu,lambda)",1.0
EE,ackley,3,472,3.6988190288411715e-12,94630,30,200,n,discreta_global,"(mu,lambda)",1.0
EE,ackley,3,473,4.036326828327219e-12,94830,30,200,n,discreta_global,"(mu,lambda)",1.0
EE,ackley,3,474,3.54605234065275e-12,95030,30,200,n,discreta_global,"(mu,lambda)",1.0
EE,ackley,3,475,4.107381101903229e-12,95230,30,200,n,discreta_global,"(mu,lambda)",1.0
EE,ackley,3,476,3.581579477440755e-12,95430,30,200,n,discreta_global,"(mu,lambda)",1.0
EE,ackley,3,477,4.146460952370035e-12,95630,30,200,n,discreta_global,"(mu,lambda)",1.0
EE,ackley,3,478,4.18554080283684e-12,95830,30,200,n,discreta_global,"(mu,lambda)",1.0
EE,ackley,3,479,2.5583979379462107e-12,96030,30,200,n,discreta_global,"(mu,lambda)",1.0
EE,ackley,3,480,4.402256337243671e-12,96230,30,200,n,discreta_global,"(mu,lambda)",1.0
EE,ackley,3,481,3.709477169877573e-12,96430,30,200,n,discreta_global,"(mu,lambda)",1.0
EE,ackley,3,482,3.446576357646336e-12,96630,30,200,n,discreta_global,"(mu,lambda)",1.0
EE,ackley,3,483,3.1588065496634954e-12,96830,30,200,n,discreta_global,"(mu,lambda)",1.0
EE,ackley,3,484,3.666844605731967e-12,97030,30,200,n,discreta_global,"(mu,lambda)",1.0
EE,ackley,3,485,3.510525203864745e-12,97230,30,200,n,discreta_global,"(mu,lambda)",1.0
EE,ackley,3,486,2.814193322819847e-12,97430,30,200,n,discreta_global,"(mu,lambda)",1.0
EE,ackley,3,487,4.295674926879656e-12,97630,30,200,n,discreta_global,"(mu,lambda)",1.0
EE,ackley,3,488,4.238831508018848e-12,97830,30,200,n,discreta_global,"(mu,lambda)",1.0
EE,ackley,3,489,4.373834627813267e-12,98030,30,200,n,discreta_global,"(mu,lambda)",1.0
EE,ackley,3,490,4.341860204704062e-12,98230,30,200,n,discreta_global,"(mu,lambda)",1.0
EE,ackley,3,491,3.169464690699897e-12,98430,30,200,n,discreta_global,"(mu,lambda)",1.0
EE,ackley,3,492,3.5922376184771565e-12,98630,30,200,n,discreta_global,"(mu,lambda)",1.0
EE,ackley,3,493,3.6277647552651615e-12,98830,30,200,n,discreta_global,"(mu,lambda)",1.0
EE,ackley,3,494,3.006039861475074e-12,99030,30,200,n,discreta_global,"(mu,lambda)",1.0
EE,ackley,3,495,3.8338221486355906e-12,99230,30,200,n,discreta_global,"(mu,lambda)",1.0
EE,ackley,3,496,3.0948577034450864e-12,99430,30,200,n,discreta_global,"(mu,lambda)",1.0
EE,ackley,3,497,3.1659119770210964e-12,99630,30,200,n,discreta_global,"(mu,lambda)",1.0
EE,ackley,3,498,3.1907809727727e-12,99830,30,200,n,discreta_global,"(mu,lambda)",1.0
EE,ackley,3,499,3.75921516138078e-12,100030,30,200,n,discreta_global,"(mu,lambda)",1.0
EE,ackley,3,500,2.5548452242674102e-12,100230,30,200,n,discreta_global,"(mu,lambda)",1.0
EE,ackley,3,501,3.2867042421003134e-12,100430,30,200,n,discreta_global,"(mu,lambda)",1.0
EE,ackley,3,502,2.927880160541463e-12,100630,30,200,n,discreta_global,"(mu,lambda)",1.0
EE,ackley,3,503,3.368416656712725e-12,100830,30,200,n,discreta_global,"(mu,lambda)",1.0
EE,ackley,3,504,3.432365502931134e-12,101030,30,200,n,discreta_global,"(mu,lambda)",1.0
EE,ackley,3,505,3.816058580241588e-12,101230,30,200,n,discreta_global,"(mu,lambda)",1.0
EE,ackley,3,506,3.631317468943962e-12,101430,30,200,n,discreta_global,"(mu,lambda)",1.0
EE,ackley,3,507,3.7343461656291765e-12,101630,30,200,n,discreta_global,"(mu,lambda)",1.0
EE,ackley,3,508,3.602895759513558e-12,101830,30,200,n,discreta_global,"(mu,lambda)",1.0
EE,ackley,3,509,3.97237798210881e-12,102030,30,200,n,discreta_global,"(mu,lambda)",1.0
EE,ackley,3,510,3.6348701826227625e-12,102230,30,200,n,discreta_global,"(mu,lambda)",1.0
EE,ackley,3,511,3.97237798210881e-12,102430,30,200,n,discreta_global,"(mu,lambda)",1.0
EE,ackley,3,512,2.814193322819847e-12,102630,30,200,n,discreta_global,"(mu,lambda)",1.0
EE,ackley,3,513,3.7698733024171815e-12,102830,30,200,n,discreta_global,"(mu,lambda)",1.0
EE,ackley,3,514,3.1232794128754904e-12,103030,30,200,n,discreta_global,"(mu,lambda)",1.0
EE,ackley,3,515,3.041566998263079e-12,103230,30,200,n,discreta_global,"(mu,lambda)",1.0
EE,ackley,3,516,3.226308109560705e-12,103430,30,200,n,discreta_global,"(mu,lambda)",1.0
EE,ackley,3,517,2.6862956303830288e-12,103630,30,200,n,discreta_global,"(mu,lambda)",1.0
EE,ackley,3,518,4.437783474031676e-12,103830,30,200,n,discreta_global,"(mu,lambda)",1.0
EE,ackley,3,519,3.8196112939203886e-12,104030,30,200,n,discreta_global,"(mu,lambda)",1.0
EE,ackley,3,520,3.7059244561987725e-12,104230,30,200,n,discreta_global,"(mu,lambda)",1.0
EE,ackley,3,521,3.460787212361538e-12,104430,30,200,n,discreta_global,"(mu,lambda)",1.0
EE,ackley,3,522,3.197886400130301e-12,104630,30,200,n,discreta_global,"(mu,lambda)",1.0
EE,ackley,3,523,3.560263195367952e-12,104830,30,200,n,discreta_global,"(mu,lambda)",1.0
EE,ackley,3,524,3.773426016095982e-12,105030,30,200,n,discreta_global,"(mu,lambda)",1.0
EE,ackley,3,525,3.716582597235174e-12,105230,30,200,n,discreta_global,"(mu,lambda)",1.0
EE,ackley,3,526,3.567368622725553e-12,105430,30,200,n,discreta_global,"(mu,lambda)",1.0
EE,ackley,3,527,3.922639990605603e-12,105630,30,200,n,discreta_global,"(mu,lambda)",1.0
EE,ackley,3,528,3.3648639430339244e-12,105830,30,200,n,discreta_global,"(mu,lambda)",1.0
EE,ackley,3,529,3.7911895844899846e-12,106030,30,200,n,discreta_global,"(mu,lambda)",1.0
EE,ackley,3,530,4.100275674545628e-12,106230,30,200,n,discreta_global,"(mu,lambda)",1.0
EE,ackley,3,531,3.5069724901859445e-12,106430,30,200,n,discreta_global,"(mu,lambda)",1.0
EE,ackley,3,532,3.752109734023179e-12,106630,30,200,n,discreta_global,"(mu,lambda)",1.0
EE,ackley,3,533,2.6010305020918167e-12,106830,30,200,n,discreta_global,"(mu,lambda)",1.0
EE,ackley,3,534,2.3168134077877767e-12,107030,30,200,n,discreta_global,"(mu,lambda)",1.0
EE,ackley,3,535,3.4430236439675355e-12,107230,30,200,n,discreta_global,"(mu,lambda)",1.0
EE,ackley,3,536,3.055777852978281e-12,107430,30,200,n,discreta_global,"(mu,lambda)",1.0
EE,ackley,3,537,4.249489649055249e-12,107630,30,200,n,discreta_global,"(mu,lambda)",1.0
EE,ackley,3,538,4.086064819830426e-12,107830,30,200,n,discreta_global,"(mu,lambda)",1.0
EE,ackley,3,539,3.709477169877573e-12,108030,30,200,n,discreta_global,"(mu,lambda)",1.0
EE,ackley,3,540,4.228173366982446e-12,108230,30,200,n,discreta_global,"(mu,lambda)",1.0
EE,ackley,3,541,4.405809050922471e-12,108430,30,200,n,discreta_global,"(mu,lambda)",1.0
EE,ackley,3,542,4.146460952370035e-12,108630,30,200,n,discreta_global,"(mu,lambda)",1.0
EE,ackley,3,543,3.3364422336035204e-12,108830,30,200,n,discreta_global,"(mu,lambda)",1.0
EE,ackley,3,544,2.6685320619890263e-12,109030,30,200,n,discreta_global,"(mu,lambda)",1.0
EE,ackley,3,545,3.7201353109139745e-12,109230,30,200,n,discreta_global,"(mu,lambda)",1.0
EE,ackley,3,546,3.638422896301563e-12,109430,30,200,n,discreta_global,"(mu,lambda)",1.0
EE,ackley,3,547,4.011457832575616e-12,109630,30,200,n,discreta_global,"(mu,lambda)",1.0
EE,ackley,3,548,3.396838366143129e-12,109830,30,200,n,discreta_global,"(mu,lambda)",1.0
EE,ackley,3,549,3.47499806707674e-12,110030,30,200,n,discreta_global,"(mu,lambda)",1.0
EE,ackley,3,550,3.240518964275907e-12,110230,30,200,n,discreta_global,"(mu,lambda)",1.0
EE,ackley,3,551,2.6401103525586223e-12,110430,30,200,n,discreta_global,"(mu,lambda)",1.0
EE,ackley,3,552,3.7982950118475856e-12,110630,30,200,n,discreta_global,"(mu,lambda)",1.0
EE,ackley,3,553,3.0806468487298844e-12,110830,30,200,n,discreta_global,"(mu,lambda)",1.0
EE,ackley,3,554,3.382627511427927e-12,111030,30,200,n,discreta_global,"(mu,lambda)",1.0
EE,ackley,3,555,3.1730174043786974e-12,111230,30,200,n,discreta_global,"(mu,lambda)",1.0
EE,ackley,3,556,3.1232794128754904e-12,111430,30,200,n,discreta_global,"(mu,lambda)",1.0
EE,ackley,3,557,3.325784092567119e-12,111630,30,200,n,discreta_global,"(mu,lambda)",1.0
EE,ackley,3,558,3.2014391138091014e-12,111830,30,200,n,discreta_global,"(mu,lambda)",1.0
EE,ackley,3,559,2.9243274468626623e-12,112030,30,200,n,discreta_global,"(mu,lambda)",1.0
EE,ackley,3,560,3.375522084070326e-12,112230,30,200,n,discreta_global,"(mu,lambda)",1.0
EE,ackley,3,561,3.9404035589996056e-12,112430,30,200,n,discreta_global,"(mu,lambda)",1.0
EE,ackley,3,562,3.2227553958819044e-12,112630,30,200,n,discreta_global,"(mu,lambda)",1.0
EE,ackley,3,563,4.004352405218015e-12,112830,30,200,n,discreta_global,"(mu,lambda)",1.0
EE,ackley,3,564,4.036326828327219e-12,113030,30,200,n,discreta_global,"(mu,lambda)",1.0
EE,ackley,3,565,3.432365502931134e-12,113230,30,200,n,discreta_global,"(mu,lambda)",1.0
EE,ackley,3,566,3.681055460447169e-12,113430,30,200,n,discreta_global,"(mu,lambda)",1.0
EE,ackley,3,567,4.036326828327219e-12,113630,30,200,n,discreta_global,"(mu,lambda)",1.0
EE,ackley,3,568,3.5567104816891515e-12,113830,30,200,n,discreta_global,"(mu,lambda)",1.0
EE,ackley,3,569,3.2582825326699094e-12,114030,30,200,n,discreta_global,"(mu,lambda)",1.0
EE,ackley,3,570,3.8551384307083936e-12,114230,30,200,n,discreta_global,"(mu,lambda)",1.0
EE,ackley,3,571,3.041566998263079e-12,114430,30,200,n,discreta_global,"(mu,lambda)",1.0
EE,ackley,3,572,3.460787212361538e-12,114630,30,200,n,discreta_global,"(mu,lambda)",1.0
EE,ackley,3,573,3.858691144387194e-12,114830,30,200,n,discreta_global,"(mu,lambda)",1.0
EE,ackley,3,574,3.354205801997523e-12,115030,30,200,n,discreta_global,"(mu,lambda)",1.0
EE,ackley,3,575,4.004352405218015e-12,115230,30,200,n,discreta_global,"(mu,lambda)",1.0
EE,ackley,3,576,3.851585717029593e-12,115430,30,200,n,discreta_global,"(mu,lambda)",1.0
EE,ackley,3,577,3.659739178374366e-12,115630,30,200,n,discreta_global,"(mu,lambda)",1.0
EE,ackley,3,578,4.341860204704062e-12,115830,30,200,n,discreta_global,"(mu,lambda)",1.0
EE,ackley,3,579,4.405809050922471e-12,116030,30,200,n,discreta_global,"(mu,lambda)",1.0
EE,ackley,3,580,4.178435375479239e-12,116230,30,200,n,discreta_global,"(mu,lambda)",1.0
EE,ackley,3,581,4.320543922631259e-12,116430,30,200,n,discreta_global,"(mu,lambda)",1.0
EE,ackley,3,582,3.6206593279075605e-12,116630,30,200,n,discreta_global,"(mu,lambda)",1.0
EE,ackley,3,583,4.508837747607686e-12,116830,30,200,n,discreta_global,"(mu,lambda)",1.0
EE,ackley,3,584,3.958167127393608e-12,117030,30,200,n,discreta_global,"(mu,lambda)",1.0
EE,ackley,3,585,3.3577585156763234e-12,117230,30,200,n,discreta_global,"(mu,lambda)",1.0
EE,ackley,3,586,3.951061700036007e-12,117430,30,200,n,discreta_global,"(mu,lambda)",1.0
EE,ackley,3,587,3.723688024592775e-12,117630,30,200,n,discreta_global,"(mu,lambda)",1.0
EE,ackley,3,588,3.2298608232395054e-12,117830,30,200,n,discreta_global,"(mu,lambda)",1.0
EE,ackley,3,589,4.107381101903229e-12,118030,30,200,n,discreta_global,"(mu,lambda)",1.0
EE,ackley,3,590,4.686473431547711e-12,118230,30,200,n,discreta_global,"(mu,lambda)",1.0
EE,ackley,3,591,2.299049839393774e-12,118430,30,200,n,discreta_global,"(mu,lambda)",1.0
EE,ackley,3,592,3.588684904798356e-12,118630,30,200,n,discreta_global,"(mu,lambda)",1.0
EE,ackley,3,593,3.1659119770210964e-12,118830,30,200,n,discreta_global,"(mu,lambda)",1.0
EE,ackley,3,594,2.6862956303830288e-12,119030,30,200,n,discreta_global,"(mu,lambda)",1.0
EE,ackley,3,595,2.9953817204386723e-12,119230,30,200,n,discreta_global,"(mu,lambda)",1.0
EE,ackley,3,596,3.638422896301563e-12,119430,30,200,n,discreta_global,"(mu,lambda)",1.0
EE,ackley,3,597,3.069988707693483e-12,119630,30,200,n,discreta_global,"(mu,lambda)",1.0
EE,ackley,3,598,3.858691144387194e-12,119830,30,200,n,discreta_global,"(mu,lambda)",1.0
EE,ackley,3,599,3.3577585156763234e-12,120030,30,200,n,discreta_global,"(mu,lambda)",1.0
EE,ackley,3,600,2.7964297544258443e-12,120230,30,200,n,discreta_global,"(mu,lambda)",1.0
EE,ackley,3,601,3.787636870811184e-12,120430,30,200,n,discreta_global,"(mu,lambda)",1.0
EE,ackley,3,602,3.2369662505971064e-12,120630,30,200,n,discreta_global,"(mu,lambda)",1.0
EE,ackley,3,603,3.7485570203443785e-12,120830,30,200,n,discreta_global,"(mu,lambda)",1.0
EE,ackley,3,604,3.11972669919669e-12,121030,30,200,n,discreta_global,"(mu,lambda)",1.0
EE,ackley,3,605,3.290256955779114e-12,121230,30,200,n,discreta_global,"(mu,lambda)",1.0
EE,ackley,3,606,2.8603786006442533e-12,121430,30,200,n,discreta_global,"(mu,lambda)",1.0
EE,ackley,3,607,3.11972669919669e-12,121630,30,200,n,discreta_global,"(mu,lambda)",1.0
EE,ackley,3,608,3.1303848402330914e-12,121830,30,200,n,discreta_global,"(mu,lambda)",1.0
EE,ackley,3,609,2.029043599804936e-12,122030,30,200,n,discreta_global,"(mu,lambda)",1.0
EE,ackley,3,610,2.849720459607852e-12,122230,30,200,n,discreta_global,"(mu,lambda)",1.0
EE,ackley,3,611,3.6206593279075605e-12,122430,30,200,n,discreta_global,"(mu,lambda)",1.0
EE,ackley,3,612,2.4589219549397967e-12,122630,30,200,n,discreta_global,"(mu,lambda)",1.0
EE,ackley,3,613,3.3790747977491264e-12,122830,30,200,n,discreta_global,"(mu,lambda)",1.0
EE,ackley,3,614,4.18554080283684e-12,123030,30,200,n,discreta_global,"(mu,lambda)",1.0
EE,ackley,3,615,4.334754777346461e-12,123230,30,200,n,discreta_global,"(mu,lambda)",1.0
EE,ackley,3,616,3.6561864646955655e-12,123430,30,200,n,discreta_global,"(mu,lambda)",1.0
EE,ackley,3,617,2.998934434117473e-12,123630,30,200,n,discreta_global,"(mu,lambda)",1.0
EE,ackley,3,618,3.858691144387194e-12,123830,30,200,n,discreta_global,"(mu,lambda)",1.0
EE,ackley,3,619,3.4288127892523335e-12,124030,30,200,n,discreta_global,"(mu,lambda)",1.0
EE,ackley,3,620,4.277911358485653e-12,124230,30,200,n,discreta_global,"(mu,lambda)",1.0
EE,ackley,3,621,3.4856562081131415e-12,124430,30,200,n,discreta_global,"(mu,lambda)",1.0
EE,ackley,3,622,2.05746530923534e-12,124630,30,200,n,discreta_global,"(mu,lambda)",1.0
EE,ackley,3,623,3.290256955779114e-12,124830,30,200,n,discreta_global,"(mu,lambda)",1.0
EE,ackley,3,624,4.341860204704062e-12,125030,30,200,n,discreta_global,"(mu,lambda)",1.0
EE,ackley,3,625,3.97237798210881e-12,125230,30,200,n,discreta_global,"(mu,lambda)",1.0
EE,ackley,3,626,4.377387341492067e-12,125430,30,200,n,discreta_global,"(mu,lambda)",1.0
EE,ackley,3,627,3.673950033089568e-12,125630,30,200,n,discreta_global,"(mu,lambda)",1.0
EE,ackley,3,628,4.388045482528469e-12,125830,30,200,n,discreta_global,"(mu,lambda)",1.0
EE,ackley,3,629,3.9048764222116006e-12,126030,30,200,n,discreta_global,"(mu,lambda)",1.0
EE,ackley,3,630,3.5709213364043535e-12,126230,30,200,n,discreta_global,"(mu,lambda)",1.0
EE,ackley,3,631,3.276046101063912e-12,126430,30,200,n,discreta_global,"(mu,lambda)",1.0
EE,ackley,3,632,3.983036123145212e-12,126630,30,200,n,discreta_global,"(mu,lambda)",1.0
EE,ackley,3,633,2.6258994978434202e-12,126830,30,200,n,discreta_global,"(mu,lambda)",1.0
EE,ackley,3,634,2.5903723610554152e-12,127030,30,200,n,discreta_global,"(mu,lambda)",1.0
EE,ackley,3,635,3.6775027467683685e-12,127230,30,200,n,discreta_global,"(mu,lambda)",1.0
EE,ackley,3,636,3.2085445411667024e-12,127430,30,200,n,discreta_global,"(mu,lambda)",1.0
EE,ackley,3,637,3.4856562081131415e-12,127630,30,200,n,discreta_global,"(mu,lambda)",1.0
EE,ackley,3,638,3.2369662505971064e-12,127830,30,200,n,discreta_global,"(mu,lambda)",1.0
EE,ackley,3,639,3.652633751016765e-12,128030,30,200,n,discreta_global,"(mu,lambda)",1.0
EE,ackley,3,640,3.983036123145212e-12,128230,30,200,n,discreta_global,"(mu,lambda)",1.0
EE,ackley,3,641,3.2724933873851114e-12,128430,30,200,n,discreta_global,"(mu,lambda)",1.0
EE,ackley,3,642,3.176570118057498e-12,128630,30,200,n,discreta_global,"(mu,lambda)",1.0
EE,ackley,3,643,2.856825886965453e-12,128830,30,200,n,discreta_global,"(mu,lambda)",1.0
EE,ackley,3,644,4.46975789714088e-12,129030,30,200,n,discreta_global,"(mu,lambda)",1.0
EE,ackley,3,645,3.96882526843001e-12,129230,30,200,n,discreta_global,"(mu,lambda)",1.0
EE,ackley,3,646,3.638422896301563e-12,129430,30,200,n,discreta_global,"(mu,lambda)",1.0
EE,ackley,3,647,3.0948577034450864e-12,129630,30,200,n,discreta_global,"(mu,lambda)",1.0
EE,ackley,3,648,4.267253217449252e-12,129830,30,200,n,discreta_global,"(mu,lambda)",1.0
EE,ackley,3,649,4.025668687290818e-12,130030,30,200,n,discreta_global,"(mu,lambda)",1.0
EE,ackley,3,650,2.4837909506914002e-12,130230,30,200,n,discreta_global,"(mu,lambda)",1.0
EE,ackley,3,651,3.4074965071795305e-12,130430,30,200,n,discreta_global,"(mu,lambda)",1.0
EE,ackley,3,652,4.18554080283684e-12,130630,30,200,n,discreta_global,"(mu,lambda)",1.0
EE,ackley,3,653,3.5069724901859445e-12,130830,30,200,n,discreta_global,"(mu,lambda)",1.0
EE,ackley,3,654,3.425260075573533e-12,131030,30,200,n,discreta_global,"(mu,lambda)",1.0
EE,ackley,3,655,3.240518964275907e-12,131230,30,200,n,discreta_global,"(mu,lambda)",1.0
EE,ackley,3,656,2.899458451111059e-12,131430,30,200,n,discreta_global,"(mu,lambda)",1.0
EE,ackley,3,657,3.4785507807555405e-12,131630,30,200,n,discreta_global,"(mu,lambda)",1.0
EE,ackley,3,658,3.510525203864745e-12,131830,30,200,n,discreta_global,"(mu,lambda)",1.0
EE,ackley,3,659,3.325784092567119e-12,132030,30,200,n,discreta_global,"(mu,lambda)",1.0
EE,ackley,3,660,4.093170247188027e-12,132230,30,200,n,discreta_global,"(mu,lambda)",1.0
EE,ackley,3,661,3.254729818991109e-12,132430,30,200,n,discreta_global,"(mu,lambda)",1.0
EE,ackley,3,662,3.5851321911195555e-12,132630,30,200,n,discreta_global,"(mu,lambda)",1.0
EE,ackley,3,663,3.7982950118475856e-12,132830,30,200,n,discreta_global,"(mu,lambda)",1.0
EE,ackley,3,664,3.297362383136715e-12,133030,30,200,n,discreta_global,"(mu,lambda)",1.0
EE,ackley,3,665,2.2315482794965646e-12,133230,30,200,n,discreta_global,"(mu,lambda)",1.0
EE,ackley,3,666,3.524736058579947e-12,133430,30,200,n,discreta_global,"(mu,lambda)",1.0
EE,ackley,3,667,3.581579477440755e-12,133630,30,200,n,discreta_global,"(mu,lambda)",1.0
EE,ackley,3,668,3.631317468943962e-12,133830,30,200,n,discreta_global,"(mu,lambda)",1.0
EE,ackley,3,669,3.8977709948539996e-12,134030,30,200,n,discreta_global,"(mu,lambda)",1.0
EE,ackley,3,670,3.5993430458347575e-12,134230,30,200,n,discreta_global,"(mu,lambda)",1.0
EE,ackley,3,671,3.40394379350073e-12,134430,30,200,n,discreta_global,"(mu,lambda)",1.0
EE,ackley,3,672,3.503419776507144e-12,134630,30,200,n,discreta_global,"(mu,lambda)",1.0
EE,ackley,3,673,3.041566998263079e-12,134830,30,200,n,discreta_global,"(mu,lambda)",1.0
EE,ackley,3,674,3.5140779175435455e-12,135030,30,200,n,discreta_global,"(mu,lambda)",1.0
EE,ackley,3,675,4.118039242939631e-12,135230,30,200,n,discreta_global,"(mu,lambda)",1.0
EE,ackley,3,676,4.064748537757623e-12,135430,30,200,n,discreta_global,"(mu,lambda)",1.0
EE,ackley,3,677,2.5726087926614127e-12,135630,30,200,n,discreta_global,"(mu,lambda)",1.0
EE,ackley,3,678,4.11093381558203e-12,135830,30,200,n,discreta_global,"(mu,lambda)",1.0
EE,ackley,3,679,3.83026943495679e-12,136030,30,200,n,discreta_global,"(mu,lambda)",1.0
EE,ackley,3,680,4.356071059419264e-12,136230,30,200,n,discreta_global,"(mu,lambda)",1.0
EE,ackley,3,681,2.6649793483102258e-12,136430,30,200,n,discreta_global,"(mu,lambda)",1.0
EE,ackley,3,682,3.652633751016765e-12,136630,30,200,n,discreta_global,"(mu,lambda)",1.0
EE,ackley,3,683,3.673950033089568e-12,136830,30,200,n,discreta_global,"(mu,lambda)",1.0
EE,ackley,3,684,3.162359263342296e-12,137030,30,200,n,discreta_global,"(mu,lambda)",1.0
EE,ackley,3,685,3.382627511427927e-12,137230,30,200,n,discreta_global,"(mu,lambda)",1.0
EE,ackley,3,686,3.7272407382715755e-12,137430,30,200,n,discreta_global,"(mu,lambda)",1.0
EE,ackley,3,687,3.2938096694579144e-12,137630,30,200,n,discreta_global,"(mu,lambda)",1.0
EE,ackley,3,688,3.361311229355124e-12,137830,30,200,n,discreta_global,"(mu,lambda)",1.0
EE,ackley,3,689,2.9172220195050613e-12,138030,30,200,n,discreta_global,"(mu,lambda)",1.0
EE,ackley,3,690,3.47499806707674e-12,138230,30,200,n,discreta_global,"(mu,lambda)",1.0
EE,ackley,3,691,2.949196442614266e-12,138430,30,200,n,discreta_global,"(mu,lambda)",1.0
EE,ackley,3,692,3.581579477440755e-12,138630,30,200,n,discreta_global,"(mu,lambda)",1.0
EE,ackley,3,693,3.8054004392051866e-12,138830,30,200,n,discreta_global,"(mu,lambda)",1.0
EE,ackley,3,694,4.302780354237257e-12,139030,30,200,n,discreta_global,"(mu,lambda)",1.0
EE,ackley,3,695,4.551470311753292e-12,139230,30,200,n,discreta_global,"(mu,lambda)",1.0
EE,ackley,3,696,3.510525203864745e-12,139430,30,200,n,discreta_global,"(mu,lambda)",1.0
EE,ackley,3,697,3.659739178374366e-12,139630,30,200,n,discreta_global,"(mu,lambda)",1.0
EE,ackley,3,698,3.382627511427927e-12,139830,30,200,n,discreta_global,"(mu,lambda)",1.0
EE,ackley,3,699,3.3719693703915254e-12,140030,30,200,n,discreta_global,"(mu,lambda)",1.0
EE,ackley,3,700,4.249489649055249e-12,140230,30,200,n,discreta_global,"(mu,lambda)",1.0
EE,ackley,3,701,4.338307491025262e-12,140430,30,200,n,discreta_global,"(mu,lambda)",1.0
EE,ackley,3,702,3.958167127393608e-12,140630,30,200,n,discreta_global,"(mu,lambda)",1.0
EE,ackley,3,703,3.276046101063912e-12,140830,30,200,n,discreta_global,"(mu,lambda)",1.0
EE,ackley,3,704,2.6543212072738243e-12,141030,30,200,n,discreta_global,"(mu,lambda)",1.0
EE,ackley,3,705,3.5567104816891515e-12,141230,30,200,n,discreta_global,"(mu,lambda)",1.0
EE,ackley,3,706,4.555023025432092e-12,141430,30,200,n,discreta_global,"(mu,lambda)",1.0
EE,ackley,3,707,2.7076119124558318e-12,141630,30,200,n,discreta_global,"(mu,lambda)",1.0
EE,ackley,3,708,3.887112853817598e-12,141830,30,200,n,discreta_global,"(mu,lambda)",1.0
EE,ackley,3,709,3.503419776507144e-12,142030,30,200,n,discreta_global,"(mu,lambda)",1.0
EE,ackley,3,710,3.524736058579947e-12,142230,30,200,n,discreta_global,"(mu,lambda)",1.0
EE,ackley,3,711,3.5282887722587475e-12,142430,30,200,n,discreta_global,"(mu,lambda)",1.0
EE,ackley,3,712,3.510525203864745e-12,142630,30,200,n,discreta_global,"(mu,lambda)",1.0
EE,ackley,3,713,3.3080205241731164e-12,142830,30,200,n,discreta_global,"(mu,lambda)",1.0
EE,ackley,3,714,2.814193322819847e-12,143030,30,200,n,discreta_global,"(mu,lambda)",1.0
EE,ackley,3,715,3.844480289671992e-12,143230,30,200,n,discreta_global,"(mu,lambda)",1.0
EE,ackley,3,716,1.936673044156123e-12,143430,30,200,n,discreta_global,"(mu,lambda)",1.0
EE,ackley,3,717,3.6988190288411715e-12,143630,30,200,n,discreta_global,"(mu,lambda)",1.0
EE,ackley,3,718,4.558575739110893e-12,143830,30,200,n,discreta_global,"(mu,lambda)",1.0
EE,ackley,3,719,3.489208921791942e-12,144030,30,200,n,discreta_global,"(mu,lambda)",1.0
EE,ackley,3,720,2.970512724687069e-12,144230,30,200,n,discreta_global,"(mu,lambda)",1.0
EE,ackley,3,721,3.709477169877573e-12,144430,30,200,n,discreta_global,"(mu,lambda)",1.0
EE,ackley,3,722,3.6632918920531665e-12,144630,30,200,n,discreta_global,"(mu,lambda)",1.0
EE,ackley,3,723,3.8906655674963986e-12,144830,30,200,n,discreta_global,"(mu,lambda)",1.0
EE,ackley,3,724,3.098410417123887e-12,145030,30,200,n,discreta_global,"(mu,lambda)",1.0
EE,ackley,3,725,4.082512106151626e-12,145230,30,200,n,discreta_global,"(mu,lambda)",1.0
EE,ackley,3,726,3.311573237851917e-12,145430,30,200,n,discreta_global,"(mu,lambda)",1.0
EE,ackley,3,727,3.4501290713251365e-12,145630,30,200,n,discreta_global,"(mu,lambda)",1.0
EE,ackley,3,728,3.673950033089568e-12,145830,30,200,n,discreta_global,"(mu,lambda)",1.0
EE,ackley,3,729,3.709477169877573e-12,146030,30,200,n,discreta_global,"(mu,lambda)",1.0
EE,ackley,3,730,4.11448652926083e-12,146230,30,200,n,discreta_global,"(mu,lambda)",1.0
EE,ackley,3,731,4.260147790091651e-12,146430,30,200,n,discreta_global,"(mu,lambda)",1.0
EE,ackley,3,732,3.6490810373379645e-12,146630,30,200,n,discreta_global,"(mu,lambda)",1.0
EE,ackley,3,733,3.858691144387194e-12,146830,30,200,n,discreta_global,"(mu,lambda)",1.0
EE,ackley,3,734,3.858691144387194e-12,147030,30,200,n,discreta_global,"(mu,lambda)",1.0
EE,ackley,3,735,3.865796571744795e-12,147230,30,200,n,discreta_global,"(mu,lambda)",1.0
EE,ackley,3,736,3.75921516138078e-12,147430,30,200,n,discreta_global,"(mu,lambda)",1.0
EE,ackley,3,737,3.453681785003937e-12,147630,30,200,n,discreta_global,"(mu,lambda)",1.0
EE,ackley,3,738,3.368416656712725e-12,147830,30,200,n,discreta_global,"(mu,lambda)",1.0
EE,ackley,3,739,3.6064484731923585e-12,148030,30,200,n,discreta_global,"(mu,lambda)",1.0
EE,ackley,3,740,4.622524585329302e-12,148230,30,200,n,discreta_global,"(mu,lambda)",1.0
EE,ackley,3,741,3.709477169877573e-12,148430,30,200,n,discreta_global,"(mu,lambda)",1.0
EE,ackley,3,742,3.5496050543315505e-12,148630,30,200,n,discreta_global,"(mu,lambda)",1.0
EE,ackley,3,743,3.581579477440755e-12,148830,30,200,n,discreta_global,"(mu,lambda)",1.0
EE,ackley,3,744,1.98641103565933e-12,149030,30,200,n,discreta_global,"(mu,lambda)",1.0
EE,ackley,3,745,4.206857084909643e-12,149230,30,200,n,discreta_global,"(mu,lambda)",1.0
EE,ackley,3,746,3.5709213364043535e-12,149430,30,200,n,discreta_global,"(mu,lambda)",1.0
EE,ackley,3,747,3.3648639430339244e-12,149630,30,200,n,discreta_global,"(mu,lambda)",1.0
EE,ackley,3,748,4.032774114648419e-12,149830,30,200,n,discreta_global,"(mu,lambda)",1.0
EE,ackley,3,749,2.9101165921474603e-12,150030,30,200,n,discreta_global,"(mu,lambda)",1.0
EE,ackley,3,750,3.0948577034450864e-12,150230,30,200,n,discreta_global,"(mu,lambda)",1.0
EE,ackley,3,751,3.965272554751209e-12,150430,30,200,n,discreta_global,"(mu,lambda)",1.0
EE,ackley,3,752,2.9669600110082683e-12,150630,30,200,n,discreta_global,"(mu,lambda)",1.0
EE,ackley,3,753,3.716582597235174e-12,150830,30,200,n,discreta_global,"(mu,lambda)",1.0
EE,ackley,3,754,3.68816088780477e-12,151030,30,200,n,discreta_global,"(mu,lambda)",1.0
EE,ackley,3,755,3.5140779175435455e-12,151230,30,200,n,discreta_global,"(mu,lambda)",1.0
EE,ackley,3,756,2.942091015256665e-12,151430,30,200,n,discreta_global,"(mu,lambda)",1.0
EE,ackley,3,757,4.416467191958873e-12,151630,30,200,n,discreta_global,"(mu,lambda)",1.0
EE,ackley,3,758,3.951061700036007e-12,151830,30,200,n,discreta_global,"(mu,lambda)",1.0
EE,ackley,3,759,3.5851321911195555e-12,152030,30,200,n,discreta_global,"(mu,lambda)",1.0
EE,ackley,3,760,3.794742298168785e-12,152230,30,200,n,discreta_global,"(mu,lambda)",1.0
EE,ackley,3,761,3.574474050083154e-12,152430,30,200,n,discreta_global,"(mu,lambda)",1.0
EE,ackley,3,762,2.9527491562930663e-12,152630,30,200,n,discreta_global,"(mu,lambda)",1.0
EE,ackley,3,763,3.7698733024171815e-12,152830,30,200,n,discreta_global,"(mu,lambda)",1.0
EE,ackley,3,764,4.022115973612017e-12,153030,30,200,n,discreta_global,"(mu,lambda)",1.0
EE,ackley,3,765,3.787636870811184e-12,153230,30,200,n,discreta_global,"(mu,lambda)",1.0
EE,ackley,3,766,3.645528323659164e-12,153430,30,200,n,discreta_global,"(mu,lambda)",1.0
EE,ackley,3,767,3.5567104816891515e-12,153630,30,200,n,discreta_global,"(mu,lambda)",1.0
EE,ackley,3,768,3.062883280335882e-12,153830,30,200,n,discreta_global,"(mu,lambda)",1.0
EE,ackley,3,769,3.4856562081131415e-12,154030,30,200,n,discreta_global,"(mu,lambda)",1.0
EE,ackley,3,770,3.8764547127811966e-12,154230,30,200,n,discreta_global,"(mu,lambda)",1.0
EE,ackley,3,771,3.240518964275907e-12,154430,30,200,n,discreta_global,"(mu,lambda)",1.0
EE,ackley,3,772,3.4501290713251365e-12,154630,30,200,n,discreta_global,"(mu,lambda)",1.0
EE,ackley,3,773,3.560263195367952e-12,154830,30,200,n,discreta_global,"(mu,lambda)",1.0
EE,ackley,3,774,3.652633751016765e-12,155030,30,200,n,discreta_global,"(mu,lambda)",1.0
EE,ackley,3,775,3.6277647552651615e-12,155230,30,200,n,discreta_global,"(mu,lambda)",1.0
EE,ackley,3,776,3.183675545415099e-12,155430,30,200,n,discreta_global,"(mu,lambda)",1.0
EE,ackley,3,777,3.098410417123887e-12,155630,30,200,n,discreta_global,"(mu,lambda)",1.0
EE,ackley,3,778,3.4643399260403385e-12,155830,30,200,n,discreta_global,"(mu,lambda)",1.0
EE,ackley,3,779,3.4430236439675355e-12,156030,30,200,n,discreta_global,"(mu,lambda)",1.0
EE,ackley,3,780,3.176570118057498e-12,156230,30,200,n,discreta_global,"(mu,lambda)",1.0
EE,ackley,3,781,2.092992446023345e-12,156430,30,200,n,discreta_global,"(mu,lambda)",1.0
EE,ackley,3,782,3.7414515929867775e-12,156630,30,200,n,discreta_global,"(mu,lambda)",1.0
EE,ackley,3,783,3.4074965071795305e-12,156830,30,200,n,discreta_global,"(mu,lambda)",1.0
EE,ackley,3,784,3.361311229355124e-12,157030,30,200,n,discreta_global,"(mu,lambda)",1.0
EE,ackley,3,785,2.963407297329468e-12,157230,30,200,n,discreta_global,"(mu,lambda)",1.0
EE,ackley,3,786,3.8764547127811966e-12,157430,30,200,n,discreta_global,"(mu,lambda)",1.0
EE,ackley,3,787,3.347100374639922e-12,157630,30,200,n,discreta_global,"(mu,lambda)",1.0
EE,ackley,3,788,2.6614266346314253e-12,157830,30,200,n,discreta_global,"(mu,lambda)",1.0
EE,ackley,3,789,3.936850845320805e-12,158030,30,200,n,discreta_global,"(mu,lambda)",1.0
EE,ackley,3,790,3.318678665209518e-12,158230,30,200,n,discreta_global,"(mu,lambda)",1.0
EE,ackley,3,791,3.538946913295149e-12,158430,30,200,n,discreta_global,"(mu,lambda)",1.0
EE,ackley,3,792,4.196198943873242e-12,158630,30,200,n,discreta_global,"(mu,lambda)",1.0
EE,ackley,3,793,4.604761016935299e-12,158830,30,200,n,discreta_global,"(mu,lambda)",1.0
EE,ackley,3,794,3.7556624477019795e-12,159030,30,200,n,discreta_global,"(mu,lambda)",1.0
EE,ackley,3,795,2.9385383015778643e-12,159230,30,200,n,discreta_global,"(mu,lambda)",1.0
EE,ackley,3,796,3.2938096694579144e-12,159430,30,200,n,discreta_global,"(mu,lambda)",1.0
EE,ackley,3,797,4.04343225568482e-12,159630,30,200,n,discreta_global,"(mu,lambda)",1.0
EE,ackley,3,798,3.83026943495679e-12,159830,30,200,n,discreta_global,"(mu,lambda)",1.0
EE,ackley,3,799,3.567368622725553e-12,160030,30,200,n,discreta_global,"(mu,lambda)",1.0
EE,ackley,3,800,3.595790332155957e-12,160230,30,200,n,discreta_global,"(mu,lambda)",1.0
EE,ackley,3,801,3.610001186871159e-12,160430,30,200,n,discreta_global,"(mu,lambda)",1.0
EE,ackley,3,802,2.7964297544258443e-12,160630,30,200,n,discreta_global,"(mu,lambda)",1.0
EE,ackley,3,803,2.8319568912138493e-12,160830,30,200,n,discreta_global,"(mu,lambda)",1.0
EE,ackley,3,804,3.7982950118475856e-12,161030,30,200,n,discreta_global,"(mu,lambda)",1.0
EE,ackley,3,805,2.135625010168951e-12,161230,30,200,n,discreta_global,"(mu,lambda)",1.0
EE,ackley,3,806,2.299049839393774e-12,161430,30,200,n,discreta_global,"(mu,lambda)",1.0
EE,ackley,3,807,3.0877522760874854e-12,161630,30,200,n,discreta_global,"(mu,lambda)",1.0
EE,ackley,3,808,3.6917136014835705e-12,161830,30,200,n,discreta_global,"(mu,lambda)",1.0
EE,ackley,3,809,3.8338221486355906e-12,162030,30,200,n,discreta_global,"(mu,lambda)",1.0
EE,ackley,3,810,3.4074965071795305e-12,162230,30,200,n,discreta_global,"(mu,lambda)",1.0
EE,ackley,3,811,3.133937553911892e-12,162430,30,200,n,discreta_global,"(mu,lambda)",1.0
EE,ackley,3,812,3.5851321911195555e-12,162630,30,200,n,discreta_global,"(mu,lambda)",1.0
EE,ackley,3,813,3.503419776507144e-12,162830,30,200,n,discreta_global,"(mu,lambda)",1.0
EE,ackley,3,814,2.6791902030254278e-12,163030,30,200,n,discreta_global,"(mu,lambda)",1.0
EE,ackley,3,815,2.6223467841646197e-12,163230,30,200,n,discreta_global,"(mu,lambda)",1.0
EE,ackley,3,816,3.425260075573533e-12,163430,30,200,n,discreta_global,"(mu,lambda)",1.0
EE,ackley,3,817,2.9456437289354653e-12,163630,30,200,n,discreta_global,"(mu,lambda)",1.0
EE,ackley,3,818,2.5655033653038117e-12,163830,30,200,n,discreta_global,"(mu,lambda)",1.0
EE,ackley,3,819,3.2156499685243034e-12,164030,30,200,n,discreta_global,"(mu,lambda)",1.0
EE,ackley,3,820,3.54605234065275e-12,164230,30,200,n,discreta_global,"(mu,lambda)",1.0
EE,ackley,3,821,2.6685320619890263e-12,164430,30,200,n,discreta_global,"(mu,lambda)",1.0
EE,ackley,3,822,2.8070878954622458e-12,164630,30,200,n,discreta_global,"(mu,lambda)",1.0
EE,ackley,3,823,3.375522084070326e-12,164830,30,200,n,discreta_global,"(mu,lambda)",1.0
EE,ackley,3,824,3.3790747977491264e-12,165030,30,200,n,discreta_global,"(mu,lambda)",1.0
EE,ackley,3,825,3.347100374639922e-12,165230,30,200,n,discreta_global,"(mu,lambda)",1.0
EE,ackley,3,826,3.2014391138091014e-12,165430,30,200,n,discreta_global,"(mu,lambda)",1.0
EE,ackley,3,827,2.5761615063402132e-12,165630,30,200,n,discreta_global,"(mu,lambda)",1.0
EE,ackley,3,828,3.2440716779547074e-12,165830,30,200,n,discreta_global,"(mu,lambda)",1.0
EE,ackley,3,829,3.3293368062459194e-12,166030,30,200,n,discreta_global,"(mu,lambda)",1.0
EE,ackley,3,830,2.8106406091410463e-12,166230,30,200,n,discreta_global,"(mu,lambda)",1.0
EE,ackley,3,831,4.11448652926083e-12,166430,30,200,n,discreta_global,"(mu,lambda)",1.0
EE,ackley,3,832,3.83026943495679e-12,166630,30,200,n,discreta_global,"(mu,lambda)",1.0
EE,ackley,3,833,3.247624391633508e-12,166830,30,200,n,discreta_global,"(mu,lambda)",1.0
EE,ackley,3,834,3.9404035589996056e-12,167030,30,200,n,discreta_global,"(mu,lambda)",1.0
EE,ackley,3,835,3.6419756099803635e-12,167230,30,200,n,discreta_global,"(mu,lambda)",1.0
EE,ackley,3,836,3.908429135890401e-12,167430,30,200,n,discreta_global,"(mu,lambda)",1.0
EE,ackley,3,837,2.4020785360789887e-12,167630,30,200,n,discreta_global,"(mu,lambda)",1.0
EE,ackley,3,838,3.6632918920531665e-12,167830,30,200,n,discreta_global,"(mu,lambda)",1.0
EE,ackley,3,839,3.581579477440755e-12,168030,30,200,n,discreta_global,"(mu,lambda)",1.0
EE,ackley,3,840,3.4572344986827375e-12,168230,30,200,n,discreta_global,"(mu,lambda)",1.0
EE,ackley,3,841,1.8194334927557065e-12,168430,30,200,n,discreta_global,"(mu,lambda)",1.0
EE,ackley,3,842,3.276046101063912e-12,168630,30,200,n,discreta_global,"(mu,lambda)",1.0
EE,ackley,3,843,4.174882661800439e-12,168830,30,200,n,discreta_global,"(mu,lambda)",1.0
EE,ackley,3,844,3.3151259515307174e-12,169030,30,200,n,discreta_global,"(mu,lambda)",1.0
EE,ackley,3,845,3.0877522760874854e-12,169230,30,200,n,discreta_global,"(mu,lambda)",1.0
EE,ackley,3,846,3.595790332155957e-12,169430,30,200,n,discreta_global,"(mu,lambda)",1.0
EE,ackley,3,847,4.160671807085237e-12,169630,30,200,n,discreta_global,"(mu,lambda)",1.0
EE,ackley,3,848,3.844480289671992e-12,169830,30,200,n,discreta_global,"(mu,lambda)",1.0
EE,ackley,3,849,2.7431390492438368e-12,170030,30,200,n,discreta_global,"(mu,lambda)",1.0
EE,ackley,3,850,3.9404035589996056e-12,170230,30,200,n,discreta_global,"(mu,lambda)",1.0
EE,ackley,3,851,3.8693492854235956e-12,170430,30,200,n,discreta_global,"(mu,lambda)",1.0
EE,ackley,3,852,4.249489649055249e-12,170630,30,200,n,discreta_global,"(mu,lambda)",1.0
EE,ackley,3,853,3.787636870811184e-12,170830,30,200,n,discreta_global,"(mu,lambda)",1.0
EE,ackley,3,854,3.297362383136715e-12,171030,30,200,n,discreta_global,"(mu,lambda)",1.0
EE,ackley,3,855,4.320543922631259e-12,171230,30,200,n,discreta_global,"(mu,lambda)",1.0
EE,ackley,3,856,3.4998670628283435e-12,171430,30,200,n,discreta_global,"(mu,lambda)",1.0
EE,ackley,3,857,3.865796571744795e-12,171630,30,200,n,discreta_global,"(mu,lambda)",1.0
EE,ackley,3,858,4.348965632061663e-12,171830,30,200,n,discreta_global,"(mu,lambda)",1.0
EE,ackley,3,859,4.285016785843254e-12,172030,30,200,n,discreta_global,"(mu,lambda)",1.0
EE,ackley,3,860,3.659739178374366e-12,172230,30,200,n,discreta_global,"(mu,lambda)",1.0
EE,ackley,3,861,3.766320588738381e-12,172430,30,200,n,discreta_global,"(mu,lambda)",1.0
EE,ackley,3,862,3.531841485937548e-12,172630,30,200,n,discreta_global,"(mu,lambda)",1.0
EE,ackley,3,863,4.007905118896815e-12,172830,30,200,n,discreta_global,"(mu,lambda)",1.0
EE,ackley,3,864,3.8906655674963986e-12,173030,30,200,n,discreta_global,"(mu,lambda)",1.0
EE,ackley,3,865,2.3310242625029787e-12,173230,30,200,n,discreta_global,"(mu,lambda)",1.0
EE,ackley,3,866,3.7698733024171815e-12,173430,30,200,n,discreta_global,"(mu,lambda)",1.0
EE,ackley,3,867,3.524736058579947e-12,173630,30,200,n,discreta_global,"(mu,lambda)",1.0
EE,ackley,3,868,3.723688024592775e-12,173830,30,200,n,discreta_global,"(mu,lambda)",1.0
EE,ackley,3,869,2.6969537714194303e-12,174030,30,200,n,discreta_global,"(mu,lambda)",1.0
EE,ackley,3,870,3.97237798210881e-12,174230,30,200,n,discreta_global,"(mu,lambda)",1.0
EE,ackley,3,871,3.4074965071795305e-12,174430,30,200,n,discreta_global,"(mu,lambda)",1.0
EE,ackley,3,872,3.709477169877573e-12,174630,30,200,n,discreta_global,"(mu,lambda)",1.0
EE,ackley,3,873,4.153566379727636e-12,174830,30,200,n,discreta_global,"(mu,lambda)",1.0
EE,ackley,3,874,3.2298608232395054e-12,175030,30,200,n,discreta_global,"(mu,lambda)",1.0
EE,ackley,3,875,3.1588065496634954e-12,175230,30,200,n,discreta_global,"(mu,lambda)",1.0
EE,ackley,3,876,3.418154648215932e-12,175430,30,200,n,discreta_global,"(mu,lambda)",1.0
EE,ackley,3,877,3.7698733024171815e-12,175630,30,200,n,discreta_global,"(mu,lambda)",1.0
EE,ackley,3,878,3.7769787297747826e-12,175830,30,200,n,discreta_global,"(mu,lambda)",1.0
EE,ackley,3,879,3.6988190288411715e-12,176030,30,200,n,discreta_global,"(mu,lambda)",1.0
EE,ackley,3,880,3.7201353109139745e-12,176230,30,200,n,discreta_global,"(mu,lambda)",1.0
EE,ackley,3,881,3.5780267637619545e-12,176430,30,200,n,discreta_global,"(mu,lambda)",1.0
EE,ackley,3,882,2.0681234502717416e-12,176630,30,200,n,discreta_global,"(mu,lambda)",1.0
EE,ackley,3,883,2.90656387846866e-12,176830,30,200,n,discreta_global,"(mu,lambda)",1.0
EE,ackley,3,884,2.4091839634365897e-12,177030,30,200,n,discreta_global,"(mu,lambda)",1.0
EE,ackley,3,885,3.460787212361538e-12,177230,30,200,n,discreta_global,"(mu,lambda)",1.0
EE,ackley,3,886,3.560263195367952e-12,177430,30,200,n,discreta_global,"(mu,lambda)",1.0
EE,ackley,3,887,2.9598545836506673e-12,177630,30,200,n,discreta_global,"(mu,lambda)",1.0
EE,ackley,3,888,3.5069724901859445e-12,177830,30,200,n,discreta_global,"(mu,lambda)",1.0
EE,ackley,3,889,3.567368622725553e-12,178030,30,200,n,discreta_global,"(mu,lambda)",1.0
EE,ackley,3,890,4.061195824078823e-12,178230,30,200,n,discreta_global,"(mu,lambda)",1.0
EE,ackley,3,891,3.865796571744795e-12,178430,30,200,n,discreta_global,"(mu,lambda)",1.0
EE,ackley,3,892,3.574474050083154e-12,178630,30,200,n,discreta_global,"(mu,lambda)",1.0
EE,ackley,3,893,3.4146019345371315e-12,178830,30,200,n,discreta_global,"(mu,lambda)",1.0
EE,ackley,3,894,2.5726087926614127e-12,179030,30,200,n,discreta_global,"(mu,lambda)",1.0
EE,ackley,3,895,2.5726087926614127e-12,179230,30,200,n,discreta_global,"(mu,lambda)",1.0
EE,ackley,3,896,4.412914478280072e-12,179430,30,200,n,discreta_global,"(mu,lambda)",1.0
EE,ackley,3,897,3.6206593279075605e-12,179630,30,200,n,discreta_global,"(mu,lambda)",1.0
EE,ackley,3,898,4.363176486776865e-12,179830,30,200,n,discreta_global,"(mu,lambda)",1.0
EE,ackley,3,899,3.5851321911195555e-12,180030,30,200,n,discreta_global,"(mu,lambda)",1.0
EE,ackley,3,900,4.078959392472825e-12,180230,30,200,n,discreta_global,"(mu,lambda)",1.0
EE,ackley,3,901,4.547917598074491e-12,180430,30,200,n,discreta_global,"(mu,lambda)",1.0
EE,ackley,3,902,4.444888901389277e-12,180630,30,200,n,discreta_global,"(mu,lambda)",1.0
EE,ackley,3,903,3.411049220858331e-12,180830,30,200,n,discreta_global,"(mu,lambda)",1.0
EE,ackley,3,904,3.766320588738381e-12,181030,30,200,n,discreta_global,"(mu,lambda)",1.0
EE,ackley,3,905,4.086064819830426e-12,181230,30,200,n,discreta_global,"(mu,lambda)",1.0
EE,ackley,3,906,3.013145288832675e-12,181430,30,200,n,discreta_global,"(mu,lambda)",1.0
EE,ackley,3,907,3.986588836824012e-12,181630,30,200,n,discreta_global,"(mu,lambda)",1.0
EE,ackley,3,908,2.8461677459290513e-12,181830,30,200,n,discreta_global,"(mu,lambda)",1.0
EE,ackley,3,909,4.057643110400022e-12,182030,30,200,n,discreta_global,"(mu,lambda)",1.0
EE,ackley,3,910,4.306333067916057e-12,182230,30,200,n,discreta_global,"(mu,lambda)",1.0
EE,ackley,3,911,3.0095925751538743e-12,182430,30,200,n,discreta_global,"(mu,lambda)",1.0
EE,ackley,3,912,4.071853965115224e-12,182630,30,200,n,discreta_global,"(mu,lambda)",1.0
EE,ackley,3,913,3.681055460447169e-12,182830,30,200,n,discreta_global,"(mu,lambda)",1.0
EE,ackley,3,914,3.2369662505971064e-12,183030,30,200,n,discreta_global,"(mu,lambda)",1.0
EE,ackley,3,915,3.240518964275907e-12,183230,30,200,n,discreta_global,"(mu,lambda)",1.0
EE,ackley,3,916,4.093170247188027e-12,183430,30,200,n,discreta_global,"(mu,lambda)",1.0
EE,ackley,3,917,3.808953152883987e-12,183630,30,200,n,discreta_global,"(mu,lambda)",1.0
EE,ackley,3,918,4.206857084909643e-12,183830,30,200,n,discreta_global,"(mu,lambda)",1.0
EE,ackley,3,919,1.7128520823916915e-12,184030,30,200,n,discreta_global,"(mu,lambda)",1.0
EE,ackley,3,920,4.313438495273658e-12,184230,30,200,n,discreta_global,"(mu,lambda)",1.0
EE,ackley,3,921,3.098410417123887e-12,184430,30,200,n,discreta_global,"(mu,lambda)",1.0
EE,ackley,3,922,4.04343225568482e-12,184630,30,200,n,discreta_global,"(mu,lambda)",1.0
EE,ackley,3,923,4.025668687290818e-12,184830,30,200,n,discreta_global,"(mu,lambda)",1.0
EE,ackley,3,924,4.409361764601272e-12,185030,30,200,n,discreta_global,"(mu,lambda)",1.0
EE,ackley,3,925,3.034461570905478e-12,185230,30,200,n,discreta_global,"(mu,lambda)",1.0
EE,ackley,3,926,3.233413536918306e-12,185430,30,200,n,discreta_global,"(mu,lambda)",1.0
EE,ackley,3,927,3.482103494434341e-12,185630,30,200,n,discreta_global,"(mu,lambda)",1.0
EE,ackley,3,928,3.4430236439675355e-12,185830,30,200,n,discreta_global,"(mu,lambda)",1.0
EE,ackley,3,929,3.6775027467683685e-12,186030,30,200,n,discreta_global,"(mu,lambda)",1.0
EE,ackley,3,930,3.1943336864515004e-12,186230,30,200,n,discreta_global,"(mu,lambda)",1.0
EE,ackley,3,931,4.32409663631006e-12,186430,30,200,n,discreta_global,"(mu,lambda)",1.0
EE,ackley,3,932,2.4731328096549987e-12,186630,30,200,n,discreta_global,"(mu,lambda)",1.0
EE,ackley,3,933,3.567368622725553e-12,186830,30,200,n,discreta_global,"(mu,lambda)",1.0
EE,ackley,3,934,3.283151528421513e-12,187030,30,200,n,discreta_global,"(mu,lambda)",1.0
EE,ackley,3,935,3.027356143547877e-12,187230,30,200,n,discreta_global,"(mu,lambda)",1.0
EE,ackley,3,936,2.8959057374322583e-12,187430,30,200,n,discreta_global,"(mu,lambda)",1.0
EE,ackley,3,937,4.196198943873242e-12,187630,30,200,n,discreta_global,"(mu,lambda)",1.0
EE,ackley,3,938,3.887112853817598e-12,187830,30,200,n,discreta_global,"(mu,lambda)",1.0
EE,ackley,3,939,2.8390623185714503e-12,188030,30,200,n,discreta_global,"(mu,lambda)",1.0
EE,ackley,3,940,3.4003910798219295e-12,188230,30,200,n,discreta_global,"(mu,lambda)",1.0
EE,ackley,3,941,2.8177460364986473e-12,188430,30,200,n,discreta_global,"(mu,lambda)",1.0
EE,ackley,3,942,3.602895759513558e-12,188630,30,200,n,discreta_global,"(mu,lambda)",1.0
EE,ackley,3,943,3.446576357646336e-12,188830,30,200,n,discreta_global,"(mu,lambda)",1.0
EE,ackley,3,944,4.562128452789693e-12,189030,30,200,n,discreta_global,"(mu,lambda)",1.0
EE,ackley,3,945,3.929745417963204e-12,189230,30,200,n,discreta_global,"(mu,lambda)",1.0
EE,ackley,3,946,2.9456437289354653e-12,189430,30,200,n,discreta_global,"(mu,lambda)",1.0
EE,ackley,3,947,3.624212041586361e-12,189630,30,200,n,discreta_global,"(mu,lambda)",1.0
EE,ackley,3,948,3.538946913295149e-12,189830,30,200,n,discreta_global,"(mu,lambda)",1.0
EE,ackley,3,949,3.652633751016765e-12,190030,30,200,n,discreta_global,"(mu,lambda)",1.0
EE,ackley,3,950,4.11093381558203e-12,190230,30,200,n,discreta_global,"(mu,lambda)",1.0
EE,ackley,3,951,3.993694264181613e-12,190430,30,200,n,discreta_global,"(mu,lambda)",1.0
EE,ackley,3,952,4.270805931128052e-12,190630,30,200,n,discreta_global,"(mu,lambda)",1.0
EE,ackley,3,953,3.26183524634871e-12,190830,30,200,n,discreta_global,"(mu,lambda)",1.0
EE,ackley,3,954,4.420019905637673e-12,191030,30,200,n,discreta_global,"(mu,lambda)",1.0
EE,ackley,3,955,3.858691144387194e-12,191230,30,200,n,discreta_global,"(mu,lambda)",1.0
EE,ackley,3,956,3.652633751016765e-12,191430,30,200,n,discreta_global,"(mu,lambda)",1.0
EE,ackley,3,957,3.709477169877573e-12,191630,30,200,n,discreta_global,"(mu,lambda)",1.0
EE,ackley,3,958,3.0735414213722834e-12,191830,30,200,n,discreta_global,"(mu,lambda)",1.0
EE,ackley,3,959,3.4501290713251365e-12,192030,30,200,n,discreta_global,"(mu,lambda)",1.0
EE,ackley,3,960,3.8196112939203886e-12,192230,30,200,n,discreta_global,"(mu,lambda)",1.0
EE,ackley,3,961,3.943956272678406e-12,192430,30,200,n,discreta_global,"(mu,lambda)",1.0
EE,ackley,3,962,3.1872282590938994e-12,192630,30,200,n,discreta_global,"(mu,lambda)",1.0
EE,ackley,3,963,3.062883280335882e-12,192830,30,200,n,discreta_global,"(mu,lambda)",1.0
EE,ackley,3,964,2.6507684935950238e-12,193030,30,200,n,discreta_global,"(mu,lambda)",1.0
EE,ackley,3,965,4.643840867402105e-12,193230,30,200,n,discreta_global,"(mu,lambda)",1.0
EE,ackley,3,966,3.4501290713251365e-12,193430,30,200,n,discreta_global,"(mu,lambda)",1.0
EE,ackley,3,967,4.089617533509227e-12,193630,30,200,n,discreta_global,"(mu,lambda)",1.0
EE,ackley,3,968,3.823164007599189e-12,193830,30,200,n,discreta_global,"(mu,lambda)",1.0
EE,ackley,3,969,3.3364422336035204e-12,194030,30,200,n,discreta_global,"(mu,lambda)",1.0
EE,ackley,3,970,4.320543922631259e-12,194230,30,200,n,discreta_global,"(mu,lambda)",1.0
EE,ackley,3,971,3.75921516138078e-12,194430,30,200,n,discreta_global,"(mu,lambda)",1.0
EE,ackley,3,972,3.1943336864515004e-12,194630,30,200,n,discreta_global,"(mu,lambda)",1.0
EE,ackley,3,973,4.04343225568482e-12,194830,30,200,n,discreta_global,"(mu,lambda)",1.0
EE,ackley,3,974,3.5638159090467525e-12,195030,30,200,n,discreta_global,"(mu,lambda)",1.0
EE,ackley,3,975,3.75921516138078e-12,195230,30,200,n,discreta_global,"(mu,lambda)",1.0
EE,ackley,3,976,3.7201353109139745e-12,195430,30,200,n,discreta_global,"(mu,lambda)",1.0
EE,ackley,3,977,3.467892639719139e-12,195630,30,200,n,discreta_global,"(mu,lambda)",1.0
EE,ackley,3,978,3.993694264181613e-12,195830,30,200,n,discreta_global,"(mu,lambda)",1.0
EE,ackley,3,979,4.224620653303646e-12,196030,30,200,n,discreta_global,"(mu,lambda)",1.0
EE,ackley,3,980,3.908429135890401e-12,196230,30,200,n,discreta_global,"(mu,lambda)",1.0
EE,ackley,3,981,3.6277647552651615e-12,196430,30,200,n,discreta_global,"(mu,lambda)",1.0
EE,ackley,3,982,4.071853965115224e-12,196630,30,200,n,discreta_global,"(mu,lambda)",1.0
EE,ackley,3,983,3.745004306665578e-12,196830,30,200,n,discreta_global,"(mu,lambda)",1.0
EE,ackley,3,984,3.681055460447169e-12,197030,30,200,n,discreta_global,"(mu,lambda)",1.0
EE,ackley,3,985,3.311573237851917e-12,197230,30,200,n,discreta_global,"(mu,lambda)",1.0
EE,ackley,3,986,3.3932856524643285e-12,197430,30,200,n,discreta_global,"(mu,lambda)",1.0
EE,ackley,3,987,4.391598196207269e-12,197630,30,200,n,discreta_global,"(mu,lambda)",1.0
EE,ackley,3,988,3.318678665209518e-12,197830,30,200,n,discreta_global,"(mu,lambda)",1.0
EE,ackley,3,989,3.652633751016765e-12,198030,30,200,n,discreta_global,"(mu,lambda)",1.0
EE,ackley,3,990,4.075406678794025e-12,198230,30,200,n,discreta_global,"(mu,lambda)",1.0
EE,ackley,3,991,3.510525203864745e-12,198430,30,200,n,discreta_global,"(mu,lambda)",1.0
EE,ackley,3,992,2.9101165921474603e-12,198630,30,200,n,discreta_global,"(mu,lambda)",1.0
EE,ackley,3,993,3.077094135051084e-12,198830,30,200,n,discreta_global,"(mu,lambda)",1.0
EE,ackley,3,994,3.6917136014835705e-12,199030,30,200,n,discreta_global,"(mu,lambda)",1.0
EE,ackley,3,995,3.2511771053123084e-12,199230,30,200,n,discreta_global,"(mu,lambda)",1.0
EE,ackley,3,996,4.377387341492067e-12,199430,30,200,n,discreta_global,"(mu,lambda)",1.0
EE,ackley,3,997,3.993694264181613e-12,199630,30,200,n,discreta_global,"(mu,lambda)",1.0
EE,ackley,3,998,3.745004306665578e-12,199830,30,200,n,discreta_global,"(mu,lambda)",1.0
EE,ackley,3,999,3.26183524634871e-12,200030,30,200,n,discreta_global,"(mu,lambda)",1.0
EE,ackley,3,1000,3.197886400130301e-12,200230,30,200,n,discreta_global,"(mu,lambda)",1.0
EE,ackley,3,1001,4.462652469783279e-12,200430,30,200,n,discreta_global,"(mu,lambda)",1.0
EE,ackley,3,1002,4.498179606571284e-12,200630,30,200,n,discreta_global,"(mu,lambda)",1.0
EE,ackley,3,1003,3.0948577034450864e-12,200830,30,200,n,discreta_global,"(mu,lambda)",1.0
EE,ackley,3,1004,4.157119093406436e-12,201030,30,200,n,discreta_global,"(mu,lambda)",1.0
EE,ackley,3,1005,4.050537683042421e-12,201230,30,200,n,discreta_global,"(mu,lambda)",1.0
EE,ackley,3,1006,3.418154648215932e-12,201430,30,200,n,discreta_global,"(mu,lambda)",1.0
EE,ackley,3,1007,3.9404035589996056e-12,201630,30,200,n,discreta_global,"(mu,lambda)",1.0
EE,ackley,3,1008,3.8409275759931916e-12,201830,30,200,n,discreta_global,"(mu,lambda)",1.0
EE,ackley,3,1009,2.391420395042587e-12,202030,30,200,n,discreta_global,"(mu,lambda)",1.0
EE,ackley,3,1010,3.5567104816891515e-12,202230,30,200,n,discreta_global,"(mu,lambda)",1.0
EE,ackley,3,1011,3.3719693703915254e-12,202430,30,200,n,discreta_global,"(mu,lambda)",1.0
EE,ackley,3,1012,3.1303848402330914e-12,202630,30,200,n,discreta_global,"(mu,lambda)",1.0
EE,ackley,3,1013,3.8835601401387976e-12,202830,30,200,n,discreta_global,"(mu,lambda)",1.0
EE,ackley,3,1014,2.5051072327642032e-12,203030,30,200,n,discreta_global,"(mu,lambda)",1.0
EE,ackley,3,1015,3.681055460447169e-12,203230,30,200,n,discreta_global,"(mu,lambda)",1.0
EE,ackley,3,1016,3.5567104816891515e-12,203430,30,200,n,discreta_global,"(mu,lambda)",1.0
EE,ackley,3,1017,3.6490810373379645e-12,203630,30,200,n,discreta_global,"(mu,lambda)",1.0
EE,ackley,3,1018,3.624212041586361e-12,203830,30,200,n,discreta_global,"(mu,lambda)",1.0
EE,ackley,3,1019,3.105515844481488e-12,204030,30,200,n,discreta_global,"(mu,lambda)",1.0
EE,ackley,3,1020,3.2227553958819044e-12,204230,30,200,n,discreta_global,"(mu,lambda)",1.0
EE,ackley,3,1021,3.418154648215932e-12,204430,30,200,n,discreta_global,"(mu,lambda)",1.0
EE,ackley,3,1022,2.4020785360789887e-12,204630,30,200,n,discreta_global,"(mu,lambda)",1.0
EE,ackley,3,1023,3.453681785003937e-12,204830,30,200,n,discreta_global,"(mu,lambda)",1.0
EE,ackley,3,1024,3.5922376184771565e-12,205030,30,200,n,discreta_global,"(mu,lambda)",1.0
EE,ackley,3,1025,3.9048764222116006e-12,205230,30,200,n,discreta_global,"(mu,lambda)",1.0
EE,ackley,3,1026,3.7627678750595805e-12,205430,30,200,n,discreta_global,"(mu,lambda)",1.0
EE,ackley,3,1027,4.018563259933217e-12,205630,30,200,n,discreta_global,"(mu,lambda)",1.0
EE,ackley,3,1028,3.4998670628283435e-12,205830,30,200,n,discreta_global,"(mu,lambda)",1.0
EE,ackley,3,1029,3.432365502931134e-12,206030,30,200,n,discreta_global,"(mu,lambda)",1.0
EE,ackley,3,1030,3.1730174043786974e-12,206230,30,200,n,discreta_global,"(mu,lambda)",1.0
EE,ackley,3,1031,3.0309088572266774e-12,206430,30,200,n,discreta_global,"(mu,lambda)",1.0
EE,ackley,3,1032,3.2653879600275104e-12,206630,30,200,n,discreta_global,"(mu,lambda)",1.0
EE,ackley,3,1033,3.915534563248002e-12,206830,30,200,n,discreta_global,"(mu,lambda)",1.0
EE,ackley,3,1034,3.439470930288735e-12,207030,30,200,n,discreta_global,"(mu,lambda)",1.0
EE,ackley,3,1035,3.965272554751209e-12,207230,30,200,n,discreta_global,"(mu,lambda)",1.0
EE,ackley,3,1036,3.4359182166099345e-12,207430,30,200,n,discreta_global,"(mu,lambda)",1.0
EE,ackley,3,1037,2.7822188997106423e-12,207630,30,200,n,discreta_global,"(mu,lambda)",1.0
EE,ackley,3,1038,3.979483409466411e-12,207830,30,200,n,discreta_global,"(mu,lambda)",1.0
EE,ackley,3,1039,4.295674926879656e-12,208030,30,200,n,discreta_global,"(mu,lambda)",1.0
EE,ackley,3,1040,3.702371742519972e-12,208230,30,200,n,discreta_global,"(mu,lambda)",1.0
EE,ackley,3,1041,3.4003910798219295e-12,208430,30,200,n,discreta_global,"(mu,lambda)",1.0
EE,ackley,3,1042,3.33288951992472e-12,208630,30,200,n,discreta_global,"(mu,lambda)",1.0
EE,ackley,3,1043,3.411049220858331e-12,208830,30,200,n,discreta_global,"(mu,lambda)",1.0
EE,ackley,3,1044,3.4501290713251365e-12,209030,30,200,n,discreta_global,"(mu,lambda)",1.0
EE,ackley,3,1045,3.6490810373379645e-12,209230,30,200,n,discreta_global,"(mu,lambda)",1.0
EE,ackley,3,1046,4.000799691539214e-12,209430,30,200,n,discreta_global,"(mu,lambda)",1.0
EE,ackley,3,1047,3.709477169877573e-12,209630,30,200,n,discreta_global,"(mu,lambda)",1.0
EE,ackley,3,1048,2.277733557320971e-12,209830,30,200,n,discreta_global,"(mu,lambda)",1.0
EE,ackley,3,1049,4.078959392472825e-12,210030,30,200,n,discreta_global,"(mu,lambda)",1.0
EE,ackley,3,1050,4.061195824078823e-12,210230,30,200,n,discreta_global,"(mu,lambda)",1.0
EE,ackley,3,1051,3.0166980025114754e-12,210430,30,200,n,discreta_global,"(mu,lambda)",1.0
EE,ackley,3,1052,3.233413536918306e-12,210630,30,200,n,discreta_global,"(mu,lambda)",1.0
EE,ackley,3,1053,4.082512106151626e-12,210830,30,200,n,discreta_global,"(mu,lambda)",1.0
EE,ackley,3,1054,3.9475089863572066e-12,211030,30,200,n,discreta_global,"(mu,lambda)",1.0
EE,ackley,3,1055,3.6561864646955655e-12,211230,30,200,n,discreta_global,"(mu,lambda)",1.0
EE,ackley,3,1056,3.97237798210881e-12,211430,30,200,n,discreta_global,"(mu,lambda)",1.0
EE,ackley,3,1057,4.029221400969618e-12,211630,30,200,n,discreta_global,"(mu,lambda)",1.0
EE,ackley,3,1058,3.26183524634871e-12,211830,30,200,n,discreta_global,"(mu,lambda)",1.0
EE,ackley,3,1059,4.018563259933217e-12,212030,30,200,n,discreta_global,"(mu,lambda)",1.0
EE,ackley,3,1060,2.8461677459290513e-12,212230,30,200,n,discreta_global,"(mu,lambda)",1.0
EE,ackley,3,1061,3.631317468943962e-12,212430,30,200,n,discreta_global,"(mu,lambda)",1.0
EE,ackley,3,1062,3.460787212361538e-12,212630,30,200,n,discreta_global,"(mu,lambda)",1.0
EE,ackley,3,1063,3.26183524634871e-12,212830,30,200,n,discreta_global,"(mu,lambda)",1.0
EE,ackley,3,1064,4.022115973612017e-12,213030,30,200,n,discreta_global,"(mu,lambda)",1.0
EE,ackley,3,1065,3.8125058665627876e-12,213230,30,200,n,discreta_global,"(mu,lambda)",1.0
EE,ackley,3,1066,3.766320588738381e-12,213430,30,200,n,discreta_global,"(mu,lambda)",1.0
EE,ackley,3,1067,4.366729200455666e-12,213630,30,200,n,discreta_global,"(mu,lambda)",1.0
EE,ackley,3,1068,3.1907809727727e-12,213830,30,200,n,discreta_global,"(mu,lambda)",1.0
EE,ackley,3,1069,2.97761815204467e-12,214030,30,200,n,discreta_global,"(mu,lambda)",1.0
EE,ackley,3,1070,3.176570118057498e-12,214230,30,200,n,discreta_global,"(mu,lambda)",1.0
EE,ackley,3,1071,3.4146019345371315e-12,214430,30,200,n,discreta_global,"(mu,lambda)",1.0
EE,ackley,3,1072,3.97237798210881e-12,214630,30,200,n,discreta_global,"(mu,lambda)",1.0
EE,ackley,3,1073,2.856825886965453e-12,214830,30,200,n,discreta_global,"(mu,lambda)",1.0
EE,ackley,3,1074,4.455547042425678e-12,215030,30,200,n,discreta_global,"(mu,lambda)",1.0
EE,ackley,3,1075,3.83026943495679e-12,215230,30,200,n,discreta_global,"(mu,lambda)",1.0
EE,ackley,3,1076,4.331202063667661e-12,215430,30,200,n,discreta_global,"(mu,lambda)",1.0
EE,ackley,3,1077,3.8338221486355906e-12,215630,30,200,n,discreta_global,"(mu,lambda)",1.0
EE,ackley,3,1078,2.9669600110082683e-12,215830,30,200,n,discreta_global,"(mu,lambda)",1.0
EE,ackley,3,1079,3.538946913295149e-12,216030,30,200,n,discreta_global,"(mu,lambda)",1.0
EE,ackley,3,1080,3.75921516138078e-12,216230,30,200,n,discreta_global,"(mu,lambda)",1.0
EE,ackley,3,1081,2.426947531830592e-12,216430,30,200,n,discreta_global,"(mu,lambda)",1.0
EE,ackley,3,1082,3.5851321911195555e-12,216630,30,200,n,discreta_global,"(mu,lambda)",1.0
EE,ackley,3,1083,3.8125058665627876e-12,216830,30,200,n,discreta_global,"(mu,lambda)",1.0
EE,ackley,3,1084,4.338307491025262e-12,217030,30,200,n,discreta_global,"(mu,lambda)",1.0
EE,ackley,3,1085,4.11448652926083e-12,217230,30,200,n,discreta_global,"(mu,lambda)",1.0
EE,ackley,3,1086,3.8267167212779896e-12,217430,30,200,n,discreta_global,"(mu,lambda)",1.0
EE,ackley,3,1087,4.206857084909643e-12,217630,30,200,n,discreta_global,"(mu,lambda)",1.0
EE,ackley,3,1088,3.602895759513558e-12,217830,30,200,n,discreta_global,"(mu,lambda)",1.0
EE,ackley,3,1089,3.4359182166099345e-12,218030,30,200,n,discreta_global,"(mu,lambda)",1.0
EE,ackley,3,1090,4.238831508018848e-12,218230,30,200,n,discreta_global,"(mu,lambda)",1.0
EE,ackley,3,1091,4.160671807085237e-12,218430,30,200,n,discreta_global,"(mu,lambda)",1.0
EE,ackley,3,1092,4.25304236273405e-12,218630,30,200,n,discreta_global,"(mu,lambda)",1.0
EE,ackley,3,1093,3.7911895844899846e-12,218830,30,200,n,discreta_global,"(mu,lambda)",1.0
EE,ackley,3,1094,3.581579477440755e-12,219030,30,200,n,discreta_global,"(mu,lambda)",1.0
EE,ackley,3,1095,3.5069724901859445e-12,219230,30,200,n,discreta_global,"(mu,lambda)",1.0
EE,ackley,3,1096,3.538946913295149e-12,219430,30,200,n,discreta_global,"(mu,lambda)",1.0
EE,ackley,3,1097,3.084199562408685e-12,219630,30,200,n,discreta_global,"(mu,lambda)",1.0
EE,ackley,3,1098,3.1588065496634954e-12,219830,30,200,n,discreta_global,"(mu,lambda)",1.0
EE,ackley,3,1099,3.887112853817598e-12,220030,30,200,n,discreta_global,"(mu,lambda)",1.0
EE,ackley,3,1100,3.9332981316420046e-12,220230,30,200,n,discreta_global,"(mu,lambda)",1.0
EE,ackley,3,1101,3.7272407382715755e-12,220430,30,200,n,discreta_global,"(mu,lambda)",1.0
EE,ackley,3,1102,3.411049220858331e-12,220630,30,200,n,discreta_global,"(mu,lambda)",1.0
EE,ackley,3,1103,3.33288951992472e-12,220830,30,200,n,discreta_global,"(mu,lambda)",1.0
EE,ackley,3,1104,2.4020785360789887e-12,221030,30,200,n,discreta_global,"(mu,lambda)",1.0
EE,ackley,3,1105,2.821298750177448e-12,221230,30,200,n,discreta_global,"(mu,lambda)",1.0
EE,ackley,3,1106,3.1090685581602884e-12,221430,30,200,n,discreta_global,"(mu,lambda)",1.0
EE,ackley,3,1107,3.3151259515307174e-12,221630,30,200,n,discreta_global,"(mu,lambda)",1.0
EE,ackley,3,1108,4.018563259933217e-12,221830,30,200,n,discreta_global,"(mu,lambda)",1.0
EE,ackley,3,1109,3.0522251392994804e-12,222030,30,200,n,discreta_global,"(mu,lambda)",1.0
EE,ackley,3,1110,3.602895759513558e-12,222230,30,200,n,discreta_global,"(mu,lambda)",1.0
EE,ackley,3,1111,3.4146019345371315e-12,222430,30,200,n,discreta_global,"(mu,lambda)",1.0
EE,ackley,3,1112,2.9882762930810713e-12,222630,30,200,n,discreta_global,"(mu,lambda)",1.0
EE,ackley,3,1113,4.295674926879656e-12,222830,30,200,n,discreta_global,"(mu,lambda)",1.0
EE,ackley,3,1114,3.631317468943962e-12,223030,30,200,n,discreta_global,"(mu,lambda)",1.0
EE,ackley,3,1115,3.6419756099803635e-12,223230,30,200,n,discreta_global,"(mu,lambda)",1.0
EE,ackley,3,1116,3.47499806707674e-12,223430,30,200,n,discreta_global,"(mu,lambda)",1.0
EE,ackley,3,1117,4.036326828327219e-12,223630,30,200,n,discreta_global,"(mu,lambda)",1.0
EE,ackley,3,1118,4.480416038177282e-12,223830,30,200,n,discreta_global,"(mu,lambda)",1.0
EE,ackley,3,1119,3.1801228317362984e-12,224030,30,200,n,discreta_global,"(mu,lambda)",1.0
EE,ackley,3,1120,3.737898879307977e-12,224230,30,200,n,discreta_global,"(mu,lambda)",1.0
EE,ackley,3,1121,3.983036123145212e-12,224430,30,200,n,discreta_global,"(mu,lambda)",1.0
EE,ackley,3,1122,3.7556624477019795e-12,224630,30,200,n,discreta_global,"(mu,lambda)",1.0
EE,ackley,3,1123,4.050537683042421e-12,224830,30,200,n,discreta_global,"(mu,lambda)",1.0
EE,ackley,3,1124,4.064748537757623e-12,225030,30,200,n,discreta_global,"(mu,lambda)",1.0
EE,ackley,3,1125,3.40394379350073e-12,225230,30,200,n,discreta_global,"(mu,lambda)",1.0
EE,ackley,3,1126,2.991829006759872e-12,225430,30,200,n,discreta_global,"(mu,lambda)",1.0
EE,ackley,3,1127,3.467892639719139e-12,225630,30,200,n,discreta_global,"(mu,lambda)",1.0
EE,ackley,3,1128,3.5851321911195555e-12,225830,30,200,n,discreta_global,"(mu,lambda)",1.0
EE,ackley,3,1129,3.730793451950376e-12,226030,30,200,n,discreta_global,"(mu,lambda)",1.0
EE,ackley,3,1130,3.7130298835563735e-12,226230,30,200,n,discreta_global,"(mu,lambda)",1.0
EE,ackley,3,1131,4.160671807085237e-12,226430,30,200,n,discreta_global,"(mu,lambda)",1.0
EE,ackley,3,1132,4.388045482528469e-12,226630,30,200,n,discreta_global,"(mu,lambda)",1.0
EE,ackley,3,1133,3.0238034298690764e-12,226830,30,200,n,discreta_global,"(mu,lambda)",1.0
EE,ackley,3,1134,3.8551384307083936e-12,227030,30,200,n,discreta_global,"(mu,lambda)",1.0
EE,ackley,3,1135,4.633182726365703e-12,227230,30,200,n,discreta_global,"(mu,lambda)",1.0
EE,ackley,3,1136,4.260147790091651e-12,227430,30,200,n,discreta_global,"(mu,lambda)",1.0
EE,ackley,3,1137,4.39870362356487e-12,227630,30,200,n,discreta_global,"(mu,lambda)",1.0
EE,ackley,3,1138,3.148148408627094e-12,227830,30,200,n,discreta_global,"(mu,lambda)",1.0
EE,ackley,3,1139,3.6206593279075605e-12,228030,30,200,n,discreta_global,"(mu,lambda)",1.0
EE,ackley,3,1140,3.247624391633508e-12,228230,30,200,n,discreta_global,"(mu,lambda)",1.0
EE,ackley,3,1141,3.411049220858331e-12,228430,30,200,n,discreta_global,"(mu,lambda)",1.0
EE,ackley,3,1142,3.808953152883987e-12,228630,30,200,n,discreta_global,"(mu,lambda)",1.0
EE,ackley,3,1143,3.5496050543315505e-12,228830,30,200,n,discreta_global,"(mu,lambda)",1.0
EE,ackley,3,1144,2.4802382370125997e-12,229030,30,200,n,discreta_global,"(mu,lambda)",1.0
EE,ackley,3,1145,3.169464690699897e-12,229230,30,200,n,discreta_global,"(mu,lambda)",1.0
EE,ackley,3,1146,3.0593305666570814e-12,229430,30,200,n,discreta_global,"(mu,lambda)",1.0
EE,ackley,3,1147,3.6775027467683685e-12,229630,30,200,n,discreta_global,"(mu,lambda)",1.0
EE,ackley,3,1148,3.212097254845503e-12,229830,30,200,n,discreta_global,"(mu,lambda)",1.0
EE,ackley,3,1149,2.842615032250251e-12,230030,30,200,n,discreta_global,"(mu,lambda)",1.0
EE,ackley,3,1150,2.7040591987770313e-12,230230,30,200,n,discreta_global,"(mu,lambda)",1.0
EE,ackley,3,1151,2.821298750177448e-12,230430,30,200,n,discreta_global,"(mu,lambda)",1.0
EE,ackley,3,1152,3.531841485937548e-12,230630,30,200,n,discreta_global,"(mu,lambda)",1.0
EE,ackley,3,1153,3.503419776507144e-12,230830,30,200,n,discreta_global,"(mu,lambda)",1.0
EE,ackley,3,1154,4.221067939624845e-12,231030,30,200,n,discreta_global,"(mu,lambda)",1.0
EE,ackley,3,1155,3.33288951992472e-12,231230,30,200,n,discreta_global,"(mu,lambda)",1.0
EE,ackley,3,1156,2.6898483440618293e-12,231430,30,200,n,discreta_global,"(mu,lambda)",1.0
EE,ackley,3,1157,3.034461570905478e-12,231630,30,200,n,discreta_global,"(mu,lambda)",1.0
EE,ackley,3,1158,2.7573499039590388e-12,231830,30,200,n,discreta_global,"(mu,lambda)",1.0
EE,ackley,3,1159,2.885247596395857e-12,232030,30,200,n,discreta_global,"(mu,lambda)",1.0
EE,ackley,3,1160,2.963407297329468e-12,232230,30,200,n,discreta_global,"(mu,lambda)",1.0
EE,ackley,3,1161,3.517630631222346e-12,232430,30,200,n,discreta_global,"(mu,lambda)",1.0
EE,ackley,3,1162,4.011457832575616e-12,232630,30,200,n,discreta_global,"(mu,lambda)",1.0
EE,ackley,3,1163,3.361311229355124e-12,232830,30,200,n,discreta_global,"(mu,lambda)",1.0
EE,ackley,3,1164,4.217515225946045e-12,233030,30,200,n,discreta_global,"(mu,lambda)",1.0
EE,ackley,3,1165,3.26183524634871e-12,233230,30,200,n,discreta_global,"(mu,lambda)",1.0
EE,ackley,3,1166,3.7130298835563735e-12,233430,30,200,n,discreta_global,"(mu,lambda)",1.0
EE,ackley,3,1167,3.929745417963204e-12,233630,30,200,n,discreta_global,"(mu,lambda)",1.0
EE,ackley,3,1168,3.47499806707674e-12,233830,30,200,n,discreta_global,"(mu,lambda)",1.0
EE,ackley,3,1169,3.197886400130301e-12,234030,30,200,n,discreta_global,"(mu,lambda)",1.0
EE,ackley,3,1170,3.4785507807555405e-12,234230,30,200,n,discreta_global,"(mu,lambda)",1.0
EE,ackley,3,1171,3.3790747977491264e-12,234430,30,200,n,discreta_global,"(mu,lambda)",1.0
EE,ackley,3,1172,3.006039861475074e-12,234630,30,200,n,discreta_global,"(mu,lambda)",1.0
EE,ackley,3,1173,3.347100374639922e-12,234830,30,200,n,discreta_global,"(mu,lambda)",1.0
EE,ackley,3,1174,2.9527491562930663e-12,235030,30,200,n,discreta_global,"(mu,lambda)",1.0
EE,ackley,3,1175,2.7537971902802383e-12,235230,30,200,n,discreta_global,"(mu,lambda)",1.0
EE,ackley,3,1176,3.652633751016765e-12,235430,30,200,n,discreta_global,"(mu,lambda)",1.0
EE,ackley,3,1177,3.6988190288411715e-12,235630,30,200,n,discreta_global,"(mu,lambda)",1.0
EE,ackley,3,1178,3.6917136014835705e-12,235830,30,200,n,discreta_global,"(mu,lambda)",1.0
EE,ackley,3,1179,2.942091015256665e-12,236030,30,200,n,discreta_global,"(mu,lambda)",1.0
EE,ackley,3,1180,2.956301869971867e-12,236230,30,200,n,discreta_global,"(mu,lambda)",1.0
EE,ackley,3,1181,3.489208921791942e-12,236430,30,200,n,discreta_global,"(mu,lambda)",1.0
EE,ackley,3,1182,2.892353023753458e-12,236630,30,200,n,discreta_global,"(mu,lambda)",1.0
EE,ackley,3,1183,3.5069724901859445e-12,236830,30,200,n,discreta_global,"(mu,lambda)",1.0
EE,ackley,3,1184,2.849720459607852e-12,237030,30,200,n,discreta_global,"(mu,lambda)",1.0
EE,ackley,3,1185,2.8461677459290513e-12,237230,30,200,n,discreta_global,"(mu,lambda)",1.0
EE,ackley,3,1186,2.9172220195050613e-12,237430,30,200,n,discreta_global,"(mu,lambda)",1.0
EE,ackley,3,1187,3.6277647552651615e-12,237630,30,200,n,discreta_global,"(mu,lambda)",1.0
EE,ackley,3,1188,2.828404177535049e-12,237830,30,200,n,discreta_global,"(mu,lambda)",1.0
EE,ackley,3,1189,2.3026025530725747e-12,238030,30,200,n,discreta_global,"(mu,lambda)",1.0
EE,ackley,3,1190,3.5496050543315505e-12,238230,30,200,n,discreta_global,"(mu,lambda)",1.0
EE,ackley,3,1191,3.794742298168785e-12,238430,30,200,n,discreta_global,"(mu,lambda)",1.0
EE,ackley,3,1192,4.462652469783279e-12,238630,30,200,n,discreta_global,"(mu,lambda)",1.0
EE,ackley,3,1193,3.33288951992472e-12,238830,30,200,n,discreta_global,"(mu,lambda)",1.0
EE,ackley,3,1194,2.2102319974237616e-12,239030,30,200,n,discreta_global,"(mu,lambda)",1.0
EE,ackley,3,1195,2.384314967684986e-12,239230,30,200,n,discreta_global,"(mu,lambda)",1.0
EE,ackley,3,1196,4.03987954200602e-12,239430,30,200,n,discreta_global,"(mu,lambda)",1.0
EE,ackley,3,1197,3.83026943495679e-12,239630,30,200,n,discreta_global,"(mu,lambda)",1.0
EE,ackley,3,1198,3.1659119770210964e-12,239830,30,200,n,discreta_global,"(mu,lambda)",1.0
EE,ackley,3,1199,3.027356143547877e-12,240030,30,200,n,discreta_global,"(mu,lambda)",1.0
EE,ackley,4,0,19.123742484361163,230,30,200,n,discreta_global,"(mu,lambda)",1.0
EE,ackley,4,1,17.805980067993595,430,30,200,n,discreta_global,"(mu,lambda)",1.0
EE,ackley,4,2,14.844878201578183,630,30,200,n,discreta_global,"(mu,lambda)",1.0
EE,ackley,4,3,13.575969702926987,830,30,200,n,discreta_global,"(mu,lambda)",1.0
EE,ackley,4,4,11.39660286833069,1030,30,200,n,discreta_global,"(mu,lambda)",1.0
EE,ackley,4,5,9.777843039141075,1230,30,200,n,discreta_global,"(mu,lambda)",1.0
EE,ackley,4,6,6.58043873099869,1430,30,200,n,discreta_global,"(mu,lambda)",1.0
EE,ackley,4,7,6.685574102438316,1630,30,200,n,discreta_global,"(mu,lambda)",1.0
EE,ackley,4,8,5.647376707811894,1830,30,200,n,discreta_global,"(mu,lambda)",1.0
EE,ackley,4,9,4.460176836378988,2030,30,200,n,discreta_global,"(mu,lambda)",1.0
EE,ackley,4,10,3.729534352458146,2230,30,200,n,discreta_global,"(mu,lambda)",1.0
EE,ackley,4,11,3.017698026243654,2430,30,200,n,discreta_global,"(mu,lambda)",1.0
EE,ackley,4,12,2.949690756801456,2630,30,200,n,discreta_global,"(mu,lambda)",1.0
EE,ackley,4,13,2.709366176671342,2830,30,200,n,discreta_global,"(mu,lambda)",1.0
EE,ackley,4,14,2.6454711253790255,3030,30,200,n,discreta_global,"(mu,lambda)",1.0
EE,ackley,4,15,1.8075467995920786,3230,30,200,n,discreta_global,"(mu,lambda)",1.0
EE,ackley,4,16,1.454093976164796,3430,30,200,n,discreta_global,"(mu,lambda)",1.0
EE,ackley,4,17,0.9836886189889715,3630,30,200,n,discreta_global,"(mu,lambda)",1.0
EE,ackley,4,18,0.6373736730833177,3830,30,200,n,discreta_global,"(mu,lambda)",1.0
EE,ackley,4,19,0.4224149446426684,4030,30,200,n,discreta_global,"(mu,lambda)",1.0
EE,ackley,4,20,0.5597969413222725,4230,30,200,n,discreta_global,"(mu,lambda)",1.0
EE,ackley,4,21,0.5252722983516347,4430,30,200,n,discreta_global,"(mu,lambda)",1.0
EE,ackley,4,22,0.2927123592245988,4630,30,200,n,discreta_global,"(mu,lambda)",1.0
EE,ackley,4,23,0.22267166790484838,4830,30,200,n,discreta_global,"(mu,lambda)",1.0
EE,ackley,4,24,0.16940907869154076,5030,30,200,n,discreta_global,"(mu,lambda)",1.0
EE,ackley,4,25,0.10747670812622134,5230,30,200,n,discreta_global,"(mu,lambda)",1.0
EE,ackley,4,26,0.08981018653450024,5430,30,200,n,discreta_global,"(mu,lambda)",1.0
EE,ackley,4,27,0.07314970642976393,5630,30,200,n,discreta_global,"(mu,lambda)",1.0
EE,ackley,4,28,0.058627112202341625,5830,30,200,n,discreta_global,"(mu,lambda)",1.0
EE,ackley,4,29,0.048730544422543876,6030,30,200,n,discreta_global,"(mu,lambda)",1.0
EE,ackley,4,30,0.04079418924906664,6230,30,200,n,discreta_global,"(mu,lambda)",1.0
EE,ackley,4,31,0.03707459266953039,6430,30,200,n,discreta_global,"(mu,lambda)",1.0
EE,ackley,4,32,0.031775078903557574,6630,30,200,n,discreta_global,"(mu,lambda)",1.0
EE,ackley,4,33,0.03224589385939014,6830,30,200,n,discreta_global,"(mu,lambda)",1.0
EE,ackley,4,34,0.02721459221701794,7030,30,200,n,discreta_global,"(mu,lambda)",1.0
EE,ackley,4,35,0.0161487022029978,7230,30,200,n,discreta_global,"(mu,lambda)",1.0
EE,ackley,4,36,0.01762456080829411,7430,30,200,n,discreta_global,"(mu,lambda)",1.0
EE,ackley,4,37,0.009995660195475597,7630,30,200,n,discreta_global,"(mu,lambda)",1.0
EE,ackley,4,38,0.01042018886645879,7830,30,200,n,discreta_global,"(mu,lambda)",1.0
EE,ackley,4,39,0.008620368879391993,8030,30,200,n,discreta_global,"(mu,lambda)",1.0
EE,ackley,4,40,0.00653326229518969,8230,30,200,n,discreta_global,"(mu,lambda)",1.0
EE,ackley,4,41,0.006568548127337426,8430,30,200,n,discreta_global,"(mu,lambda)",1.0
EE,ackley,4,42,0.0052733917034371025,8630,30,200,n,discreta_global,"(mu,lambda)",1.0
EE,ackley,4,43,0.003876932689014456,8830,30,200,n,discreta_global,"(mu,lambda)",1.0
EE,ackley,4,44,0.003192398592684942,9030,30,200,n,discreta_global,"(mu,lambda)",1.0
EE,ackley,4,45,0.002516243353970271,9230,30,200,n,discreta_global,"(mu,lambda)",1.0
EE,ackley,4,46,0.00211007691250531,9430,30,200,n,discreta_global,"(mu,lambda)",1.0
EE,ackley,4,47,0.0015221975936765553,9630,30,200,n,discreta_global,"(mu,lambda)",1.0
EE,ackley,4,48,0.001266192413254874,9830,30,200,n,discreta_global,"(mu,lambda)",1.0
EE,ackley,4,49,0.001180440374480174,10030,30,200,n,discreta_global,"(mu,lambda)",1.0
EE,ackley,4,50,0.001186291314013932,10230,30,200,n,discreta_global,"(mu,lambda)",1.0
EE,ackley,4,51,0.0009147389943930939,10430,30,200,n,discreta_global,"(mu,lambda)",1.0
EE,ackley,4,52,0.000689206403400977,10630,30,200,n,discreta_global,"(mu,lambda)",1.0
EE,ackley,4,53,0.0005850366652926375,10830,30,200,n,discreta_global,"(mu,lambda)",1.0
EE,ackley,4,54,0.0004640963422777311,11030,30,200,n,discreta_global,"(mu,lambda)",1.0
EE,ackley,4,55,0.00039124462834694285,11230,30,200,n,discreta_global,"(mu,lambda)",1.0
EE,ackley,4,56,0.00024672521015434157,11430,30,200,n,discreta_global,"(mu,lambda)",1.0
EE,ackley,4,57,0.00022735571012022504,11630,30,200,n,discreta_global,"(mu,lambda)",1.0
EE,ackley,4,58,0.00014728787464024506,11830,30,200,n,discreta_global,"(mu,lambda)",1.0
EE,ackley,4,59,0.00014548997185359624,12030,30,200,n,discreta_global,"(mu,lambda)",1.0
EE,ackley,4,60,0.00011672249302607796,12230,30,200,n,discreta_global,"(mu,lambda)",1.0
EE,ackley,4,61,8.614893739578022e-05,12430,30,200,n,discreta_global,"(mu,lambda)",1.0
EE,ackley,4,62,6.534292260029773e-05,12630,30,200,n,discreta_global,"(mu,lambda)",1.0
EE,ackley,4,63,5.495500007812737e-05,12830,30,200,n,discreta_global,"(mu,lambda)",1.0
EE,ackley,4,64,5.06933570254553e-05,13030,30,200,n,discreta_global,"(mu,lambda)",1.0
EE,ackley,4,65,3.200762305555216e-05,13230,30,200,n,discreta_global,"(mu,lambda)",1.0
EE,ackley,4,66,2.4640784883178668e-05,13430,30,200,n,discreta_global,"(mu,lambda)",1.0
EE,ackley,4,67,2.3987270911352e-05,13630,30,200,n,discreta_global,"(mu,lambda)",1.0
EE,ackley,4,68,1.7352596295427958e-05,13830,30,200,n,discreta_global,"(mu,lambda)",1.0
EE,ackley,4,69,1.4976295745317003e-05,14030,30,200,n,discreta_global,"(mu,lambda)",1.0
EE,ackley,4,70,1.0673291651830397e-05,14230,30,200,n,discreta_global,"(mu,lambda)",1.0
EE,ackley,4,71,7.398157351179435e-06,14430,30,200,n,discreta_global,"(mu,lambda)",1.0
EE,ackley,4,72,4.5626213531768656e-06,14630,30,200,n,discreta_global,"(mu,lambda)",1.0
EE,ackley,4,73,7.722021518663524e-06,14830,30,200,n,discreta_global,"(mu,lambda)",1.0
EE,ackley,4,74,6.249992296591955e-06,15030,30,200,n,discreta_global,"(mu,lambda)",1.0
EE,ackley,4,75,4.817196771700338e-06,15230,30,200,n,discreta_global,"(mu,lambda)",1.0
EE,ackley,4,76,3.3764727125351612e-06,15430,30,200,n,discreta_global,"(mu,lambda)",1.0
EE,ackley,4,77,3.0323205746363158e-06,15630,30,200,n,discreta_global,"(mu,lambda)",1.0
EE,ackley,4,78,2.495408879088501e-06,15830,30,200,n,discreta_global,"(mu,lambda)",1.0
EE,ackley,4,79,1.9475320773842952e-06,16030,30,200,n,discreta_global,"(mu,lambda)",1.0
EE,ackley,4,80,1.997496870576043e-06,16230,30,200,n,discreta_global,"(mu,lambda)",1.0
EE,ackley,4,81,1.0516870436738657e-06,16430,30,200,n,discreta_global,"(mu,lambda)",1.0
EE,ackley,4,82,1.0809642572162659e-06,16630,30,200,n,discreta_global,"(mu,lambda)",1.0
EE,ackley,4,83,9.67575229271489e-07,16830,30,200,n,discreta_global,"(mu,lambda)",1.0
EE,ackley,4,84,7.769582812677811e-07,17030,30,200,n,discreta_global,"(mu,lambda)",1.0
EE,ackley,4,85,7.743239582858052e-07,17230,30,200,n,discreta_global,"(mu,lambda)",1.0
EE,ackley,4,86,6.568489898661767e-07,17430,30,200,n,discreta_global,"(mu,lambda)",1.0
EE,ackley,4,87,5.564568188454189e-07,17630,30,200,n,discreta_global,"(mu,lambda)",1.0
EE,ackley,4,88,3.7815442555100276e-07,17830,30,200,n,discreta_global,"(mu,lambda)",1.0
EE,ackley,4,89,2.563188847837239e-07,18030,30,200,n,discreta_global,"(mu,lambda)",1.0
EE,ackley,4,90,2.01649303921414e-07,18230,30,200,n,discreta_global,"(mu,lambda)",1.0
EE,ackley,4,91,2.3547124472500514e-07,18430,30,200,n,discreta_global,"(mu,lambda)",1.0
EE,ackley,4,92,1.882065068237182e-07,18630,30,200,n,discreta_global,"(mu,lambda)",1.0
EE,ackley,4,93,1.6362361465738218e-07,18830,30,200,n,discreta_global,"(mu,lambda)",1.0
EE,ackley,4,94,1.022353903756823e-07,19030,30,200,n,discreta_global,"(mu,lambda)",1.0
EE,ackley,4,95,9.1393826284758e-08,19230,30,200,n,discreta_global,"(mu,lambda)",1.0
EE,ackley,4,96,6.421046139237774e-08,19430,30,200,n,discreta_global,"(mu,lambda)",1.0
EE,ackley,4,97,6.133450769496562e-08,19630,30,200,n,discreta_global,"(mu,lambda)",1.0
EE,ackley,4,98,3.514597368692307e-08,19830,30,200,n,discreta_global,"(mu,lambda)",1.0
EE,ackley,4,99,3.7015287279729137e-08,20030,30,200,n,discreta_global,"(mu,lambda)",1.0
EE,ackley,4,100,3.834671646885113e-08,20230,30,200,n,discreta_global,"(mu,lambda)",1.0
EE,ackley,4,101,2.8240340288476773e-08,20430,30,200,n,discreta_global,"(mu,lambda)",1.0
EE,ackley,4,102,3.0521477345502035e-08,20630,30,200,n,discreta_global,"(mu,lambda)",1.0
EE,ackley,4,103,2.9985863125858714e-08,20830,30,200,n,discreta_global,"(mu,lambda)",1.0
EE,ackley,4,104,1.30102297823953e-08,21030,30,200,n,discreta_global,"(mu,lambda)",1.0
EE,ackley,4,105,1.531104176777376e-08,21230,30,200,n,discreta_global,"(mu,lambda)",1.0
EE,ackley,4,106,1.3151592259674771e-08,21430,30,200,n,discreta_global,"(mu,lambda)",1.0
EE,ackley,4,107,7.813700353409558e-09,21630,30,200,n,discreta_global,"(mu,lambda)",1.0
EE,ackley,4,108,9.27633481140333e-09,21830,30,200,n,discreta_global,"(mu,lambda)",1.0
EE,ackley,4,109,4.570019473959519e-09,22030,30,200,n,discreta_global,"(mu,lambda)",1.0
EE,ackley,4,110,4.315915180796992e-09,22230,30,200,n,discreta_global,"(mu,lambda)",1.0
EE,ackley,4,111,4.720405843983144e-09,22430,30,200,n,discreta_global,"(mu,lambda)",1.0
EE,ackley,4,112,3.5236387141424075e-09,22630,30,200,n,discreta_global,"(mu,lambda)",1.0
EE,ackley,4,113,3.254566838251094e-09,22830,30,200,n,discreta_global,"(mu,lambda)",1.0
EE,ackley,4,114,2.6228126337457525e-09,23030,30,200,n,discreta_global,"(mu,lambda)",1.0
EE,ackley,4,115,2.3175137364717102e-09,23230,30,200,n,discreta_global,"(mu,lambda)",1.0
EE,ackley,4,116,1.615199085591712e-09,23430,30,200,n,discreta_global,"(mu,lambda)",1.0
EE,ackley,4,117,1.4812973070377211e-09,23630,30,200,n,discreta_global,"(mu,lambda)",1.0
EE,ackley,4,118,1.0494436430974474e-09,23830,30,200,n,discreta_global,"(mu,lambda)",1.0
EE,ackley,4,119,9.340515028100072e-10,24030,30,200,n,discreta_global,"(mu,lambda)",1.0
EE,ackley,4,120,7.681930647152058e-10,24230,30,200,n,discreta_global,"(mu,lambda)",1.0
EE,ackley,4,121,6.878662084375264e-10,24430,30,200,n,discreta_global,"(mu,lambda)",1.0
EE,ackley,4,122,6.371476679589705e-10,24630,30,200,n,discreta_global,"(mu,lambda)",1.0
EE,ackley,4,123,4.77435424528494e-10,24830,30,200,n,discreta_global,"(mu,lambda)",1.0
EE,ackley,4,124,4.2911851849680716e-10,25030,30,200,n,discreta_global,"(mu,lambda)",1.0
EE,ackley,4,125,3.4111069524556115e-10,25230,30,200,n,discreta_global,"(mu,lambda)",1.0
EE,ackley,4,126,3.40240280394255e-10,25430,30,200,n,discreta_global,"(mu,lambda)",1.0
EE,ackley,4,127,1.9003154605456984e-10,25630,30,200,n,discreta_global,"(mu,lambda)",1.0
EE,ackley,4,128,1.8516077560093436e-10,25830,30,200,n,discreta_global,"(mu,lambda)",1.0
EE,ackley,4,129,1.5022338928361023e-10,26030,30,200,n,discreta_global,"(mu,lambda)",1.0
EE,ackley,4,130,1.4451773111545663e-10,26230,30,200,n,discreta_global,"(mu,lambda)",1.0
EE,ackley,4,131,1.3035661439175783e-10,26430,30,200,n,discreta_global,"(mu,lambda)",1.0
EE,ackley,4,132,9.759348884585961e-11,26630,30,200,n,discreta_global,"(mu,lambda)",1.0
EE,ackley,4,133,7.652234401689384e-11,26830,30,200,n,discreta_global,"(mu,lambda)",1.0
EE,ackley,4,134,6.078026970612882e-11,27030,30,200,n,discreta_global,"(mu,lambda)",1.0
EE,ackley,4,135,4.8406167962866675e-11,27230,30,200,n,discreta_global,"(mu,lambda)",1.0
EE,ackley,4,136,4.6409542875380794e-11,27430,30,200,n,discreta_global,"(mu,lambda)",1.0
EE,ackley,4,137,3.114353219757504e-11,27630,30,200,n,discreta_global,"(mu,lambda)",1.0
EE,ackley,4,138,2.6688429244359213e-11,27830,30,200,n,discreta_global,"(mu,lambda)",1.0
EE,ackley,4,139,1.8613111052445674e-11,28030,30,200,n,discreta_global,"(mu,lambda)",1.0
EE,ackley,4,140,1.5017764809499567e-11,28230,30,200,n,discreta_global,"(mu,lambda)",1.0
EE,ackley,4,141,1.2289280704180783e-11,28430,30,200,n,discreta_global,"(mu,lambda)",1.0
EE,ackley,4,142,1.0225154056797692e-11,28630,30,200,n,discreta_global,"(mu,lambda)",1.0
EE,ackley,4,143,1.0054623800215268e-11,28830,30,200,n,discreta_global,"(mu,lambda)",1.0
EE,ackley,4,144,6.942446617586029e-12,29030,30,200,n,discreta_global,"(mu,lambda)",1.0
EE,ackley,4,145,9.635403586116809e-12,29230,30,200,n,discreta_global,"(mu,lambda)",1.0
EE,ackley,4,146,6.803890784112809e-12,29430,30,200,n,discreta_global,"(mu,lambda)",1.0
EE,ackley,4,147,6.274536445971535e-12,29630,30,200,n,discreta_global,"(mu,lambda)",1.0
EE,ackley,4,148,5.2016169149737834e-12,29830,30,200,n,discreta_global,"(mu,lambda)",1.0
EE,ackley,4,149,5.617284415393442e-12,30030,30,200,n,discreta_global,"(mu,lambda)",1.0
EE,ackley,4,150,3.7343461656291765e-12,30230,30,200,n,discreta_global,"(mu,lambda)",1.0
EE,ackley,4,151,3.887112853817598e-12,30430,30,200,n,discreta_global,"(mu,lambda)",1.0
EE,ackley,4,152,4.54081217071689e-12,30630,30,200,n,discreta_global,"(mu,lambda)",1.0
EE,ackley,4,153,2.913669305826261e-12,30830,30,200,n,discreta_global,"(mu,lambda)",1.0
EE,ackley,4,154,3.737898879307977e-12,31030,30,200,n,discreta_global,"(mu,lambda)",1.0
EE,ackley,4,155,3.8622438580659946e-12,31230,30,200,n,discreta_global,"(mu,lambda)",1.0
EE,ackley,4,156,3.816058580241588e-12,31430,30,200,n,discreta_global,"(mu,lambda)",1.0
EE,ackley,4,157,3.6846081741259695e-12,31630,30,200,n,discreta_global,"(mu,lambda)",1.0
EE,ackley,4,158,3.787636870811184e-12,31830,30,200,n,discreta_global,"(mu,lambda)",1.0
EE,ackley,4,159,3.61710661422876e-12,32030,30,200,n,discreta_global,"(mu,lambda)",1.0
EE,ackley,4,160,2.8816948827170563e-12,32230,30,200,n,discreta_global,"(mu,lambda)",1.0
EE,ackley,4,161,3.212097254845503e-12,32430,30,200,n,discreta_global,"(mu,lambda)",1.0
EE,ackley,4,162,3.375522084070326e-12,32630,30,200,n,discreta_global,"(mu,lambda)",1.0
EE,ackley,4,163,3.418154648215932e-12,32830,30,200,n,discreta_global,"(mu,lambda)",1.0
EE,ackley,4,164,2.6365576388798218e-12,33030,30,200,n,discreta_global,"(mu,lambda)",1.0
EE,ackley,4,165,2.8959057374322583e-12,33230,30,200,n,discreta_global,"(mu,lambda)",1.0
EE,ackley,4,166,3.965272554751209e-12,33430,30,200,n,discreta_global,"(mu,lambda)",1.0
EE,ackley,4,167,3.126832126554291e-12,33630,30,200,n,discreta_global,"(mu,lambda)",1.0
EE,ackley,4,168,4.11448652926083e-12,33830,30,200,n,discreta_global,"(mu,lambda)",1.0
EE,ackley,4,169,3.4003910798219295e-12,34030,30,200,n,discreta_global,"(mu,lambda)",1.0
EE,ackley,4,170,3.7272407382715755e-12,34230,30,200,n,discreta_global,"(mu,lambda)",1.0
EE,ackley,4,171,4.068301251436424e-12,34430,30,200,n,discreta_global,"(mu,lambda)",1.0
EE,ackley,4,172,4.320543922631259e-12,34630,30,200,n,discreta_global,"(mu,lambda)",1.0
EE,ackley,4,173,2.9953817204386723e-12,34830,30,200,n,discreta_global,"(mu,lambda)",1.0
EE,ackley,4,174,3.304467810494316e-12,35030,30,200,n,discreta_global,"(mu,lambda)",1.0
EE,ackley,4,175,3.4856562081131415e-12,35230,30,200,n,discreta_global,"(mu,lambda)",1.0
EE,ackley,4,176,3.8267167212779896e-12,35430,30,200,n,discreta_global,"(mu,lambda)",1.0
EE,ackley,4,177,3.354205801997523e-12,35630,30,200,n,discreta_global,"(mu,lambda)",1.0
EE,ackley,4,178,4.103828388224429e-12,35830,30,200,n,discreta_global,"(mu,lambda)",1.0
EE,ackley,4,179,3.5211833449011465e-12,36030,30,200,n,discreta_global,"(mu,lambda)",1.0
EE,ackley,4,180,3.4074965071795305e-12,36230,30,200,n,discreta_global,"(mu,lambda)",1.0
EE,ackley,4,181,2.90656387846866e-12,36430,30,200,n,discreta_global,"(mu,lambda)",1.0
EE,ackley,4,182,3.745004306665578e-12,36630,30,200,n,discreta_global,"(mu,lambda)",1.0
EE,ackley,4,183,3.3435476609611214e-12,36830,30,200,n,discreta_global,"(mu,lambda)",1.0
EE,ackley,4,184,3.958167127393608e-12,37030,30,200,n,discreta_global,"(mu,lambda)",1.0
EE,ackley,4,185,3.8480330033507926e-12,37230,30,200,n,discreta_global,"(mu,lambda)",1.0
EE,ackley,4,186,3.858691144387194e-12,37430,30,200,n,discreta_global,"(mu,lambda)",1.0
EE,ackley,4,187,3.652633751016765e-12,37630,30,200,n,discreta_global,"(mu,lambda)",1.0
EE,ackley,4,188,2.7502444766014378e-12,37830,30,200,n,discreta_global,"(mu,lambda)",1.0
EE,ackley,4,189,4.142908238691234e-12,38030,30,200,n,discreta_global,"(mu,lambda)",1.0
EE,ackley,4,190,4.732658709372117e-12,38230,30,200,n,discreta_global,"(mu,lambda)",1.0
EE,ackley,4,191,3.915534563248002e-12,38430,30,200,n,discreta_global,"(mu,lambda)",1.0
EE,ackley,4,192,4.54081217071689e-12,38630,30,200,n,discreta_global,"(mu,lambda)",1.0
EE,ackley,4,193,4.007905118896815e-12,38830,30,200,n,discreta_global,"(mu,lambda)",1.0
EE,ackley,4,194,3.9332981316420046e-12,39030,30,200,n,discreta_global,"(mu,lambda)",1.0
EE,ackley,4,195,3.496314349149543e-12,39230,30,200,n,discreta_global,"(mu,lambda)",1.0
EE,ackley,4,196,3.432365502931134e-12,39430,30,200,n,discreta_global,"(mu,lambda)",1.0
EE,ackley,4,197,4.498179606571284e-12,39630,30,200,n,discreta_global,"(mu,lambda)",1.0
EE,ackley,4,198,4.04343225568482e-12,39830,30,200,n,discreta_global,"(mu,lambda)",1.0
EE,ackley,4,199,3.8977709948539996e-12,40030,30,200,n,discreta_global,"(mu,lambda)",1.0
EE,ackley,4,200,3.567368622725553e-12,40230,30,200,n,discreta_global,"(mu,lambda)",1.0
EE,ackley,4,201,4.078959392472825e-12,40430,30,200,n,discreta_global,"(mu,lambda)",1.0
EE,ackley,4,202,3.96882526843001e-12,40630,30,200,n,discreta_global,"(mu,lambda)",1.0
EE,ackley,4,203,4.586997448541297e-12,40830,30,200,n,discreta_global,"(mu,lambda)",1.0
EE,ackley,4,204,4.093170247188027e-12,41030,30,200,n,discreta_global,"(mu,lambda)",1.0
EE,ackley,4,205,4.157119093406436e-12,41230,30,200,n,discreta_global,"(mu,lambda)",1.0
EE,ackley,4,206,3.311573237851917e-12,41430,30,200,n,discreta_global,"(mu,lambda)",1.0
EE,ackley,4,207,3.0593305666570814e-12,41630,30,200,n,discreta_global,"(mu,lambda)",1.0
EE,ackley,4,208,4.018563259933217e-12,41830,30,200,n,discreta_global,"(mu,lambda)",1.0
EE,ackley,4,209,3.268940673706311e-12,42030,30,200,n,discreta_global,"(mu,lambda)",1.0
EE,ackley,4,210,3.681055460447169e-12,42230,30,200,n,discreta_global,"(mu,lambda)",1.0
EE,ackley,4,211,2.899458451111059e-12,42430,30,200,n,discreta_global,"(mu,lambda)",1.0
EE,ackley,4,212,3.5780267637619545e-12,42630,30,200,n,discreta_global,"(mu,lambda)",1.0
EE,ackley,4,213,4.402256337243671e-12,42830,30,200,n,discreta_global,"(mu,lambda)",1.0
EE,ackley,4,214,2.6791902030254278e-12,43030,30,200,n,discreta_global,"(mu,lambda)",1.0
EE,ackley,4,215,3.887112853817598e-12,43230,30,200,n,discreta_global,"(mu,lambda)",1.0
EE,ackley,4,216,4.174882661800439e-12,43430,30,200,n,discreta_global,"(mu,lambda)",1.0
EE,ackley,4,217,3.752109734023179e-12,43630,30,200,n,discreta_global,"(mu,lambda)",1.0
EE,ackley,4,218,2.7964297544258443e-12,43830,30,200,n,discreta_global,"(mu,lambda)",1.0
EE,ackley,4,219,2.849720459607852e-12,44030,30,200,n,discreta_global,"(mu,lambda)",1.0
EE,ackley,4,220,3.418154648215932e-12,44230,30,200,n,discreta_global,"(mu,lambda)",1.0
EE,ackley,4,221,3.3151259515307174e-12,44430,30,200,n,discreta_global,"(mu,lambda)",1.0
EE,ackley,4,222,4.171329948121638e-12,44630,30,200,n,discreta_global,"(mu,lambda)",1.0
EE,ackley,4,223,2.6010305020918167e-12,44830,30,200,n,discreta_global,"(mu,lambda)",1.0
EE,ackley,4,224,3.226308109560705e-12,45030,30,200,n,discreta_global,"(mu,lambda)",1.0
EE,ackley,4,225,2.9456437289354653e-12,45230,30,200,n,discreta_global,"(mu,lambda)",1.0
EE,ackley,4,226,2.863931314323054e-12,45430,30,200,n,discreta_global,"(mu,lambda)",1.0
EE,ackley,4,227,4.135802811333633e-12,45630,30,200,n,discreta_global,"(mu,lambda)",1.0
EE,ackley,4,228,3.851585717029593e-12,45830,30,200,n,discreta_global,"(mu,lambda)",1.0
EE,ackley,4,229,4.448441615068077e-12,46030,30,200,n,discreta_global,"(mu,lambda)",1.0
EE,ackley,4,230,4.160671807085237e-12,46230,30,200,n,discreta_global,"(mu,lambda)",1.0
EE,ackley,4,231,3.0877522760874854e-12,46430,30,200,n,discreta_global,"(mu,lambda)",1.0
EE,ackley,4,232,3.1659119770210964e-12,46630,30,200,n,discreta_global,"(mu,lambda)",1.0
EE,ackley,4,233,4.018563259933217e-12,46830,30,200,n,discreta_global,"(mu,lambda)",1.0
EE,ackley,4,234,3.0806468487298844e-12,47030,30,200,n,discreta_global,"(mu,lambda)",1.0
EE,ackley,4,235,3.183675545415099e-12,47230,30,200,n,discreta_global,"(mu,lambda)",1.0
EE,ackley,4,236,3.9048764222116006e-12,47430,30,200,n,discreta_global,"(mu,lambda)",1.0
EE,ackley,4,237,2.7502444766014378e-12,47630,30,200,n,discreta_global,"(mu,lambda)",1.0
EE,ackley,4,238,2.849720459607852e-12,47830,30,200,n,discreta_global,"(mu,lambda)",1.0
EE,ackley,4,239,3.4003910798219295e-12,48030,30,200,n,discreta_global,"(mu,lambda)",1.0
EE,ackley,4,240,3.6419756099803635e-12,48230,30,200,n,discreta_global,"(mu,lambda)",1.0
EE,ackley,4,241,4.238831508018848e-12,48430,30,200,n,discreta_global,"(mu,lambda)",1.0
EE,ackley,4,242,4.437783474031676e-12,48630,30,200,n,discreta_global,"(mu,lambda)",1.0
EE,ackley,4,243,4.391598196207269e-12,48830,30,200,n,discreta_global,"(mu,lambda)",1.0
EE,ackley,4,244,2.6187940704858192e-12,49030,30,200,n,discreta_global,"(mu,lambda)",1.0
EE,ackley,4,245,3.737898879307977e-12,49230,30,200,n,discreta_global,"(mu,lambda)",1.0
EE,ackley,4,246,4.231726080661247e-12,49430,30,200,n,discreta_global,"(mu,lambda)",1.0
EE,ackley,4,247,3.823164007599189e-12,49630,30,200,n,discreta_global,"(mu,lambda)",1.0
EE,ackley,4,248,3.983036123145212e-12,49830,30,200,n,discreta_global,"(mu,lambda)",1.0
EE,ackley,4,249,3.446576357646336e-12,50030,30,200,n,discreta_global,"(mu,lambda)",1.0
EE,ackley,4,250,2.6330049252010213e-12,50230,30,200,n,discreta_global,"(mu,lambda)",1.0
EE,ackley,4,251,3.9404035589996056e-12,50430,30,200,n,discreta_global,"(mu,lambda)",1.0
EE,ackley,4,252,3.2938096694579144e-12,50630,30,200,n,discreta_global,"(mu,lambda)",1.0
EE,ackley,4,253,3.5282887722587475e-12,50830,30,200,n,discreta_global,"(mu,lambda)",1.0
EE,ackley,4,254,3.5780267637619545e-12,51030,30,200,n,discreta_global,"(mu,lambda)",1.0
EE,ackley,4,255,3.290256955779114e-12,51230,30,200,n,discreta_global,"(mu,lambda)",1.0
EE,ackley,4,256,4.402256337243671e-12,51430,30,200,n,discreta_global,"(mu,lambda)",1.0
EE,ackley,4,257,3.460787212361538e-12,51630,30,200,n,discreta_global,"(mu,lambda)",1.0
EE,ackley,4,258,4.306333067916057e-12,51830,30,200,n,discreta_global,"(mu,lambda)",1.0
EE,ackley,4,259,3.929745417963204e-12,52030,30,200,n,discreta_global,"(mu,lambda)",1.0
EE,ackley,4,260,3.176570118057498e-12,52230,30,200,n,discreta_global,"(mu,lambda)",1.0
EE,ackley,4,261,3.780531443453583e-12,52430,30,200,n,discreta_global,"(mu,lambda)",1.0
EE,ackley,4,262,3.816058580241588e-12,52630,30,200,n,discreta_global,"(mu,lambda)",1.0
EE,ackley,4,263,2.7857716133894428e-12,52830,30,200,n,discreta_global,"(mu,lambda)",1.0
EE,ackley,4,264,3.2369662505971064e-12,53030,30,200,n,discreta_global,"(mu,lambda)",1.0
EE,ackley,4,265,3.105515844481488e-12,53230,30,200,n,discreta_global,"(mu,lambda)",1.0
EE,ackley,4,266,2.9527491562930663e-12,53430,30,200,n,discreta_global,"(mu,lambda)",1.0
EE,ackley,4,267,3.077094135051084e-12,53630,30,200,n,discreta_global,"(mu,lambda)",1.0
EE,ackley,4,268,3.069988707693483e-12,53830,30,200,n,discreta_global,"(mu,lambda)",1.0
EE,ackley,4,269,4.018563259933217e-12,54030,30,200,n,discreta_global,"(mu,lambda)",1.0
EE,ackley,4,270,3.254729818991109e-12,54230,30,200,n,discreta_global,"(mu,lambda)",1.0
EE,ackley,4,271,4.828581978699731e-12,54430,30,200,n,discreta_global,"(mu,lambda)",1.0
EE,ackley,4,272,3.8338221486355906e-12,54630,30,200,n,discreta_global,"(mu,lambda)",1.0
EE,ackley,4,273,3.97237798210881e-12,54830,30,200,n,discreta_global,"(mu,lambda)",1.0
EE,ackley,4,274,3.8267167212779896e-12,55030,30,200,n,discreta_global,"(mu,lambda)",1.0
EE,ackley,4,275,3.126832126554291e-12,55230,30,200,n,discreta_global,"(mu,lambda)",1.0
EE,ackley,4,276,3.808953152883987e-12,55430,30,200,n,discreta_global,"(mu,lambda)",1.0
EE,ackley,4,277,3.162359263342296e-12,55630,30,200,n,discreta_global,"(mu,lambda)",1.0
EE,ackley,4,278,4.082512106151626e-12,55830,30,200,n,discreta_global,"(mu,lambda)",1.0
EE,ackley,4,279,3.8906655674963986e-12,56030,30,200,n,discreta_global,"(mu,lambda)",1.0
EE,ackley,4,280,2.5015545190854027e-12,56230,30,200,n,discreta_global,"(mu,lambda)",1.0
EE,ackley,4,281,3.6917136014835705e-12,56430,30,200,n,discreta_global,"(mu,lambda)",1.0
EE,ackley,4,282,4.448441615068077e-12,56630,30,200,n,discreta_global,"(mu,lambda)",1.0
EE,ackley,4,283,3.595790332155957e-12,56830,30,200,n,discreta_global,"(mu,lambda)",1.0
EE,ackley,4,284,4.263700503770451e-12,57030,30,200,n,discreta_global,"(mu,lambda)",1.0
EE,ackley,4,285,3.54605234065275e-12,57230,30,200,n,discreta_global,"(mu,lambda)",1.0
EE,ackley,4,286,3.595790332155957e-12,57430,30,200,n,discreta_global,"(mu,lambda)",1.0
EE,ackley,4,287,3.1303848402330914e-12,57630,30,200,n,discreta_global,"(mu,lambda)",1.0
EE,ackley,4,288,3.602895759513558e-12,57830,30,200,n,discreta_global,"(mu,lambda)",1.0
EE,ackley,4,289,3.084199562408685e-12,58030,30,200,n,discreta_global,"(mu,lambda)",1.0
EE,ackley,4,290,2.5583979379462107e-12,58230,30,200,n,discreta_global,"(mu,lambda)",1.0
EE,ackley,4,291,2.164046719599355e-12,58430,30,200,n,discreta_global,"(mu,lambda)",1.0
EE,ackley,4,292,3.4074965071795305e-12,58630,30,200,n,discreta_global,"(mu,lambda)",1.0
EE,ackley,4,293,3.6917136014835705e-12,58830,30,200,n,discreta_global,"(mu,lambda)",1.0
EE,ackley,4,294,3.219202682203104e-12,59030,30,200,n,discreta_global,"(mu,lambda)",1.0
EE,ackley,4,295,4.071853965115224e-12,59230,30,200,n,discreta_global,"(mu,lambda)",1.0
EE,ackley,4,296,3.4146019345371315e-12,59430,30,200,n,discreta_global,"(mu,lambda)",1.0
EE,ackley,4,297,2.6187940704858192e-12,59630,30,200,n,discreta_global,"(mu,lambda)",1.0
EE,ackley,4,298,3.467892639719139e-12,59830,30,200,n,discreta_global,"(mu,lambda)",1.0
EE,ackley,4,299,3.645528323659164e-12,60030,30,200,n,discreta_global,"(mu,lambda)",1.0
EE,ackley,4,300,3.4217073618947325e-12,60230,30,200,n,discreta_global,"(mu,lambda)",1.0
EE,ackley,4,301,3.645528323659164e-12,60430,30,200,n,discreta_global,"(mu,lambda)",1.0
EE,ackley,4,302,4.320543922631259e-12,60630,30,200,n,discreta_global,"(mu,lambda)",1.0
EE,ackley,4,303,3.375522084070326e-12,60830,30,200,n,discreta_global,"(mu,lambda)",1.0
EE,ackley,4,304,3.709477169877573e-12,61030,30,200,n,discreta_global,"(mu,lambda)",1.0
EE,ackley,4,305,4.007905118896815e-12,61230,30,200,n,discreta_global,"(mu,lambda)",1.0
EE,ackley,4,306,3.581579477440755e-12,61430,30,200,n,discreta_global,"(mu,lambda)",1.0
EE,ackley,4,307,3.5424996269739495e-12,61630,30,200,n,discreta_global,"(mu,lambda)",1.0
EE,ackley,4,308,3.062883280335882e-12,61830,30,200,n,discreta_global,"(mu,lambda)",1.0
EE,ackley,4,309,3.5140779175435455e-12,62030,30,200,n,discreta_global,"(mu,lambda)",1.0
EE,ackley,4,310,3.6206593279075605e-12,62230,30,200,n,discreta_global,"(mu,lambda)",1.0
EE,ackley,4,311,3.0948577034450864e-12,62430,30,200,n,discreta_global,"(mu,lambda)",1.0
EE,ackley,4,312,2.8248514638562483e-12,62630,30,200,n,discreta_global,"(mu,lambda)",1.0
EE,ackley,4,313,3.1517011223058944e-12,62830,30,200,n,discreta_global,"(mu,lambda)",1.0
EE,ackley,4,314,3.4146019345371315e-12,63030,30,200,n,discreta_global,"(mu,lambda)",1.0
EE,ackley,4,315,2.7751134723530413e-12,63230,30,200,n,discreta_global,"(mu,lambda)",1.0
EE,ackley,4,316,3.290256955779114e-12,63430,30,200,n,discreta_global,"(mu,lambda)",1.0
EE,ackley,4,317,3.531841485937548e-12,63630,30,200,n,discreta_global,"(mu,lambda)",1.0
EE,ackley,4,318,3.610001186871159e-12,63830,30,200,n,discreta_global,"(mu,lambda)",1.0
EE,ackley,4,319,2.7182700534922333e-12,64030,30,200,n,discreta_global,"(mu,lambda)",1.0
EE,ackley,4,320,3.5638159090467525e-12,64230,30,200,n,discreta_global,"(mu,lambda)",1.0
EE,ackley,4,321,2.5512925105886097e-12,64430,30,200,n,discreta_global,"(mu,lambda)",1.0
EE,ackley,4,322,2.9882762930810713e-12,64630,30,200,n,discreta_global,"(mu,lambda)",1.0
EE,ackley,4,323,2.9101165921474603e-12,64830,30,200,n,discreta_global,"(mu,lambda)",1.0
EE,ackley,4,324,4.096722960866828e-12,65030,30,200,n,discreta_global,"(mu,lambda)",1.0
EE,ackley,4,325,4.416467191958873e-12,65230,30,200,n,discreta_global,"(mu,lambda)",1.0
EE,ackley,4,326,3.155253835984695e-12,65430,30,200,n,discreta_global,"(mu,lambda)",1.0
EE,ackley,4,327,3.9048764222116006e-12,65630,30,200,n,discreta_global,"(mu,lambda)",1.0
EE,ackley,4,328,4.242384221697648e-12,65830,30,200,n,discreta_global,"(mu,lambda)",1.0
EE,ackley,4,329,3.3506530883187224e-12,66030,30,200,n,discreta_global,"(mu,lambda)",1.0
EE,ackley,4,330,4.356071059419264e-12,66230,30,200,n,discreta_global,"(mu,lambda)",1.0
EE,ackley,4,331,4.348965632061663e-12,66430,30,200,n,discreta_global,"(mu,lambda)",1.0
EE,ackley,4,332,2.8745894553594553e-12,66630,30,200,n,discreta_global,"(mu,lambda)",1.0
EE,ackley,4,333,3.297362383136715e-12,66830,30,200,n,discreta_global,"(mu,lambda)",1.0
EE,ackley,4,334,4.057643110400022e-12,67030,30,200,n,discreta_global,"(mu,lambda)",1.0
EE,ackley,4,335,4.015010546254416e-12,67230,30,200,n,discreta_global,"(mu,lambda)",1.0
EE,ackley,4,336,2.956301869971867e-12,67430,30,200,n,discreta_global,"(mu,lambda)",1.0
EE,ackley,4,337,2.7573499039590388e-12,67630,30,200,n,discreta_global,"(mu,lambda)",1.0
EE,ackley,4,338,3.588684904798356e-12,67830,30,200,n,discreta_global,"(mu,lambda)",1.0
EE,ackley,4,339,2.5264235148370062e-12,68030,30,200,n,discreta_global,"(mu,lambda)",1.0
EE,ackley,4,340,3.6632918920531665e-12,68230,30,200,n,discreta_global,"(mu,lambda)",1.0
EE,ackley,4,341,3.4927616354707425e-12,68430,30,200,n,discreta_global,"(mu,lambda)",1.0
EE,ackley,4,342,3.709477169877573e-12,68630,30,200,n,discreta_global,"(mu,lambda)",1.0
EE,ackley,4,343,2.6862956303830288e-12,68830,30,200,n,discreta_global,"(mu,lambda)",1.0
EE,ackley,4,344,4.11448652926083e-12,69030,30,200,n,discreta_global,"(mu,lambda)",1.0
EE,ackley,4,345,4.25659507641285e-12,69230,30,200,n,discreta_global,"(mu,lambda)",1.0
EE,ackley,4,346,4.096722960866828e-12,69430,30,200,n,discreta_global,"(mu,lambda)",1.0
EE,ackley,4,347,3.290256955779114e-12,69630,30,200,n,discreta_global,"(mu,lambda)",1.0
EE,ackley,4,348,3.787636870811184e-12,69830,30,200,n,discreta_global,"(mu,lambda)",1.0
EE,ackley,4,349,3.4998670628283435e-12,70030,30,200,n,discreta_global,"(mu,lambda)",1.0
EE,ackley,4,350,2.956301869971867e-12,70230,30,200,n,discreta_global,"(mu,lambda)",1.0
EE,ackley,4,351,4.000799691539214e-12,70430,30,200,n,discreta_global,"(mu,lambda)",1.0
EE,ackley,4,352,3.5709213364043535e-12,70630,30,200,n,discreta_global,"(mu,lambda)",1.0
EE,ackley,4,353,3.8125058665627876e-12,70830,30,200,n,discreta_global,"(mu,lambda)",1.0
EE,ackley,4,354,3.6135539005499595e-12,71030,30,200,n,discreta_global,"(mu,lambda)",1.0
EE,ackley,4,355,3.9119818495692016e-12,71230,30,200,n,discreta_global,"(mu,lambda)",1.0
EE,ackley,4,356,3.496314349149543e-12,71430,30,200,n,discreta_global,"(mu,lambda)",1.0
EE,ackley,4,357,3.382627511427927e-12,71630,30,200,n,discreta_global,"(mu,lambda)",1.0
EE,ackley,4,358,4.292122213200855e-12,71830,30,200,n,discreta_global,"(mu,lambda)",1.0
EE,ackley,4,359,3.7272407382715755e-12,72030,30,200,n,discreta_global,"(mu,lambda)",1.0
EE,ackley,4,360,4.089617533509227e-12,72230,30,200,n,discreta_global,"(mu,lambda)",1.0
EE,ackley,4,361,4.267253217449252e-12,72430,30,200,n,discreta_global,"(mu,lambda)",1.0
EE,ackley,4,362,3.2724933873851114e-12,72630,30,200,n,discreta_global,"(mu,lambda)",1.0
EE,ackley,4,363,3.1161739855178894e-12,72830,30,200,n,discreta_global,"(mu,lambda)",1.0
EE,ackley,4,364,4.455547042425678e-12,73030,30,200,n,discreta_global,"(mu,lambda)",1.0
EE,ackley,4,365,4.292122213200855e-12,73230,30,200,n,discreta_global,"(mu,lambda)",1.0
EE,ackley,4,366,3.006039861475074e-12,73430,30,200,n,discreta_global,"(mu,lambda)",1.0
EE,ackley,4,367,3.5211833449011465e-12,73630,30,200,n,discreta_global,"(mu,lambda)",1.0
EE,ackley,4,368,3.97237798210881e-12,73830,30,200,n,discreta_global,"(mu,lambda)",1.0
EE,ackley,4,369,2.7395863355650363e-12,74030,30,200,n,discreta_global,"(mu,lambda)",1.0
EE,ackley,4,370,3.6775027467683685e-12,74230,30,200,n,discreta_global,"(mu,lambda)",1.0
EE,ackley,4,371,2.6827429167042283e-12,74430,30,200,n,discreta_global,"(mu,lambda)",1.0
EE,ackley,4,372,3.574474050083154e-12,74630,30,200,n,discreta_global,"(mu,lambda)",1.0
EE,ackley,4,373,3.7485570203443785e-12,74830,30,200,n,discreta_global,"(mu,lambda)",1.0
EE,ackley,4,374,3.588684904798356e-12,75030,30,200,n,discreta_global,"(mu,lambda)",1.0
EE,ackley,4,375,2.7289281945286348e-12,75230,30,200,n,discreta_global,"(mu,lambda)",1.0
EE,ackley,4,376,3.8054004392051866e-12,75430,30,200,n,discreta_global,"(mu,lambda)",1.0
EE,ackley,4,377,3.880007426459997e-12,75630,30,200,n,discreta_global,"(mu,lambda)",1.0
EE,ackley,4,378,3.965272554751209e-12,75830,30,200,n,discreta_global,"(mu,lambda)",1.0
EE,ackley,4,379,4.235278794340047e-12,76030,30,200,n,discreta_global,"(mu,lambda)",1.0
EE,ackley,4,380,3.936850845320805e-12,76230,30,200,n,discreta_global,"(mu,lambda)",1.0
EE,ackley,4,381,4.828581978699731e-12,76430,30,200,n,discreta_global,"(mu,lambda)",1.0
EE,ackley,4,382,2.7786661860318418e-12,76630,30,200,n,discreta_global,"(mu,lambda)",1.0
EE,ackley,4,383,4.192646230194441e-12,76830,30,200,n,discreta_global,"(mu,lambda)",1.0
EE,ackley,4,384,3.6490810373379645e-12,77030,30,200,n,discreta_global,"(mu,lambda)",1.0
EE,ackley,4,385,3.975930695787611e-12,77230,30,200,n,discreta_global,"(mu,lambda)",1.0
EE,ackley,4,386,3.816058580241588e-12,77430,30,200,n,discreta_global,"(mu,lambda)",1.0
EE,ackley,4,387,3.766320588738381e-12,77630,30,200,n,discreta_global,"(mu,lambda)",1.0
EE,ackley,4,388,2.9172220195050613e-12,77830,30,200,n,discreta_global,"(mu,lambda)",1.0
EE,ackley,4,389,3.8835601401387976e-12,78030,30,200,n,discreta_global,"(mu,lambda)",1.0
EE,ackley,4,390,3.5211833449011465e-12,78230,30,200,n,discreta_global,"(mu,lambda)",1.0
EE,ackley,4,391,3.7627678750595805e-12,78430,30,200,n,discreta_global,"(mu,lambda)",1.0
EE,ackley,4,392,3.7343461656291765e-12,78630,30,200,n,discreta_global,"(mu,lambda)",1.0
EE,ackley,4,393,3.922639990605603e-12,78830,30,200,n,discreta_global,"(mu,lambda)",1.0
EE,ackley,4,394,3.2440716779547074e-12,79030,30,200,n,discreta_global,"(mu,lambda)",1.0
EE,ackley,4,395,3.0948577034450864e-12,79230,30,200,n,discreta_global,"(mu,lambda)",1.0
EE,ackley,4,396,3.0948577034450864e-12,79430,30,200,n,discreta_global,"(mu,lambda)",1.0
EE,ackley,4,397,2.34168240353938e-12,79630,30,200,n,discreta_global,"(mu,lambda)",1.0
EE,ackley,4,398,3.638422896301563e-12,79830,30,200,n,discreta_global,"(mu,lambda)",1.0
EE,ackley,4,399,3.83026943495679e-12,80030,30,200,n,discreta_global,"(mu,lambda)",1.0
EE,ackley,4,400,3.9048764222116006e-12,80230,30,200,n,discreta_global,"(mu,lambda)",1.0
EE,ackley,4,401,3.6135539005499595e-12,80430,30,200,n,discreta_global,"(mu,lambda)",1.0
EE,ackley,4,402,3.673950033089568e-12,80630,30,200,n,discreta_global,"(mu,lambda)",1.0
EE,ackley,4,403,3.745004306665578e-12,80830,30,200,n,discreta_global,"(mu,lambda)",1.0
EE,ackley,4,404,3.695266315162371e-12,81030,30,200,n,discreta_global,"(mu,lambda)",1.0
EE,ackley,4,405,3.33288951992472e-12,81230,30,200,n,discreta_global,"(mu,lambda)",1.0
EE,ackley,4,406,3.0380142845842784e-12,81430,30,200,n,discreta_global,"(mu,lambda)",1.0
EE,ackley,4,407,2.8816948827170563e-12,81630,30,200,n,discreta_global,"(mu,lambda)",1.0
EE,ackley,4,408,4.11448652926083e-12,81830,30,200,n,discreta_global,"(mu,lambda)",1.0
EE,ackley,4,409,4.668709863153708e-12,82030,30,200,n,discreta_global,"(mu,lambda)",1.0
EE,ackley,4,410,3.8764547127811966e-12,82230,30,200,n,discreta_global,"(mu,lambda)",1.0
EE,ackley,4,411,4.412914478280072e-12,82430,30,200,n,discreta_global,"(mu,lambda)",1.0
EE,ackley,4,412,3.9475089863572066e-12,82630,30,200,n,discreta_global,"(mu,lambda)",1.0
EE,ackley,4,413,4.015010546254416e-12,82830,30,200,n,discreta_global,"(mu,lambda)",1.0
EE,ackley,4,414,3.745004306665578e-12,83030,30,200,n,discreta_global,"(mu,lambda)",1.0
EE,ackley,4,415,2.97761815204467e-12,83230,30,200,n,discreta_global,"(mu,lambda)",1.0
EE,ackley,4,416,3.226308109560705e-12,83430,30,200,n,discreta_global,"(mu,lambda)",1.0
EE,ackley,4,417,3.8338221486355906e-12,83630,30,200,n,discreta_global,"(mu,lambda)",1.0
EE,ackley,4,418,4.199751657552042e-12,83830,30,200,n,discreta_global,"(mu,lambda)",1.0
EE,ackley,4,419,2.7999824681046448e-12,84030,30,200,n,discreta_global,"(mu,lambda)",1.0
EE,ackley,4,420,3.1943336864515004e-12,84230,30,200,n,discreta_global,"(mu,lambda)",1.0
EE,ackley,4,421,3.9013237085328e-12,84430,30,200,n,discreta_global,"(mu,lambda)",1.0
EE,ackley,4,422,3.11972669919669e-12,84630,30,200,n,discreta_global,"(mu,lambda)",1.0
EE,ackley,4,423,4.277911358485653e-12,84830,30,200,n,discreta_global,"(mu,lambda)",1.0
EE,ackley,4,424,4.036326828327219e-12,85030,30,200,n,discreta_global,"(mu,lambda)",1.0
EE,ackley,4,425,2.7289281945286348e-12,85230,30,200,n,discreta_global,"(mu,lambda)",1.0
EE,ackley,4,426,3.4003910798219295e-12,85430,30,200,n,discreta_global,"(mu,lambda)",1.0
EE,ackley,4,427,2.920774733183862e-12,85630,30,200,n,discreta_global,"(mu,lambda)",1.0
EE,ackley,4,428,2.8603786006442533e-12,85830,30,200,n,discreta_global,"(mu,lambda)",1.0
EE,ackley,4,429,3.524736058579947e-12,86030,30,200,n,discreta_global,"(mu,lambda)",1.0
EE,ackley,4,430,2.8816948827170563e-12,86230,30,200,n,discreta_global,"(mu,lambda)",1.0
EE,ackley,4,431,2.863931314323054e-12,86430,30,200,n,discreta_global,"(mu,lambda)",1.0
EE,ackley,4,432,2.7182700534922333e-12,86630,30,200,n,discreta_global,"(mu,lambda)",1.0
EE,ackley,4,433,2.970512724687069e-12,86830,30,200,n,discreta_global,"(mu,lambda)",1.0
EE,ackley,4,434,4.015010546254416e-12,87030,30,200,n,discreta_global,"(mu,lambda)",1.0
EE,ackley,4,435,3.4643399260403385e-12,87230,30,200,n,discreta_global,"(mu,lambda)",1.0
EE,ackley,4,436,4.505285033928885e-12,87430,30,200,n,discreta_global,"(mu,lambda)",1.0
EE,ackley,4,437,2.5797142200190137e-12,87630,30,200,n,discreta_global,"(mu,lambda)",1.0
EE,ackley,4,438,2.6152413568070187e-12,87830,30,200,n,discreta_global,"(mu,lambda)",1.0
EE,ackley,4,439,3.283151528421513e-12,88030,30,200,n,discreta_global,"(mu,lambda)",1.0
EE,ackley,4,440,3.3009150968155154e-12,88230,30,200,n,discreta_global,"(mu,lambda)",1.0
EE,ackley,4,441,3.6561864646955655e-12,88430,30,200,n,discreta_global,"(mu,lambda)",1.0
EE,ackley,4,442,2.9101165921474603e-12,88630,30,200,n,discreta_global,"(mu,lambda)",1.0
EE,ackley,4,443,3.0095925751538743e-12,88830,30,200,n,discreta_global,"(mu,lambda)",1.0
EE,ackley,4,444,2.828404177535049e-12,89030,30,200,n,discreta_global,"(mu,lambda)",1.0
EE,ackley,4,445,2.6614266346314253e-12,89230,30,200,n,discreta_global,"(mu,lambda)",1.0
EE,ackley,4,446,3.247624391633508e-12,89430,30,200,n,discreta_global,"(mu,lambda)",1.0
EE,ackley,4,447,3.432365502931134e-12,89630,30,200,n,discreta_global,"(mu,lambda)",1.0
EE,ackley,4,448,2.9030111647898593e-12,89830,30,200,n,discreta_global,"(mu,lambda)",1.0
EE,ackley,4,449,4.295674926879656e-12,90030,30,200,n,discreta_global,"(mu,lambda)",1.0
EE,ackley,4,450,2.1320722964901506e-12,90230,30,200,n,discreta_global,"(mu,lambda)",1.0
EE,ackley,4,451,3.887112853817598e-12,90430,30,200,n,discreta_global,"(mu,lambda)",1.0
EE,ackley,4,452,2.5655033653038117e-12,90630,30,200,n,discreta_global,"(mu,lambda)",1.0
EE,ackley,4,453,2.6862956303830288e-12,90830,30,200,n,discreta_global,"(mu,lambda)",1.0
EE,ackley,4,454,3.276046101063912e-12,91030,30,200,n,discreta_global,"(mu,lambda)",1.0
EE,ackley,4,455,3.1659119770210964e-12,91230,30,200,n,discreta_global,"(mu,lambda)",1.0
EE,ackley,4,456,3.75921516138078e-12,91430,30,200,n,discreta_global,"(mu,lambda)",1.0
EE,ackley,4,457,2.6436630662374228e-12,91630,30,200,n,discreta_global,"(mu,lambda)",1.0
EE,ackley,4,458,2.8816948827170563e-12,91830,30,200,n,discreta_global,"(mu,lambda)",1.0
EE,ackley,4,459,3.176570118057498e-12,92030,30,200,n,discreta_global,"(mu,lambda)",1.0
EE,ackley,4,460,4.189093516515641e-12,92230,30,200,n,discreta_global,"(mu,lambda)",1.0
EE,ackley,4,461,4.331202063667661e-12,92430,30,200,n,discreta_global,"(mu,lambda)",1.0
EE,ackley,4,462,4.448441615068077e-12,92630,30,200,n,discreta_global,"(mu,lambda)",1.0
EE,ackley,4,463,3.1303848402330914e-12,92830,30,200,n,discreta_global,"(mu,lambda)",1.0
EE,ackley,4,464,3.96882526843001e-12,93030,30,200,n,discreta_global,"(mu,lambda)",1.0
EE,ackley,4,465,2.821298750177448e-12,93230,30,200,n,discreta_global,"(mu,lambda)",1.0
EE,ackley,4,466,2.9314328742202633e-12,93430,30,200,n,discreta_global,"(mu,lambda)",1.0
EE,ackley,4,467,4.071853965115224e-12,93630,30,200,n,discreta_global,"(mu,lambda)",1.0
EE,ackley,4,468,2.7431390492438368e-12,93830,30,200,n,discreta_global,"(mu,lambda)",1.0
EE,ackley,4,469,3.1232794128754904e-12,94030,30,200,n,discreta_global,"(mu,lambda)",1.0
EE,ackley,4,470,3.7556624477019795e-12,94230,30,200,n,discreta_global,"(mu,lambda)",1.0
EE,ackley,4,471,2.871036741680655e-12,94430,30,200,n,discreta_global,"(mu,lambda)",1.0
EE,ackley,4,472,3.75921516138078e-12,94630,30,200,n,discreta_global,"(mu,lambda)",1.0
EE,ackley,4,473,4.029221400969618e-12,94830,30,200,n,discreta_global,"(mu,lambda)",1.0
EE,ackley,4,474,3.5922376184771565e-12,95030,30,200,n,discreta_global,"(mu,lambda)",1.0
EE,ackley,4,475,2.6649793483102258e-12,95230,30,200,n,discreta_global,"(mu,lambda)",1.0
EE,ackley,4,476,3.6206593279075605e-12,95430,30,200,n,discreta_global,"(mu,lambda)",1.0
EE,ackley,4,477,3.3648639430339244e-12,95630,30,200,n,discreta_global,"(mu,lambda)",1.0
EE,ackley,4,478,3.7698733024171815e-12,95830,30,200,n,discreta_global,"(mu,lambda)",1.0
EE,ackley,4,479,3.425260075573533e-12,96030,30,200,n,discreta_global,"(mu,lambda)",1.0
EE,ackley,4,480,3.3080205241731164e-12,96230,30,200,n,discreta_global,"(mu,lambda)",1.0
EE,ackley,4,481,2.4802382370125997e-12,96430,30,200,n,discreta_global,"(mu,lambda)",1.0
EE,ackley,4,482,3.5211833449011465e-12,96630,30,200,n,discreta_global,"(mu,lambda)",1.0
EE,ackley,4,483,3.276046101063912e-12,96830,30,200,n,discreta_global,"(mu,lambda)",1.0
EE,ackley,4,484,3.5922376184771565e-12,97030,30,200,n,discreta_global,"(mu,lambda)",1.0
EE,ackley,4,485,2.863931314323054e-12,97230,30,200,n,discreta_global,"(mu,lambda)",1.0
EE,ackley,4,486,2.90656387846866e-12,97430,30,200,n,discreta_global,"(mu,lambda)",1.0
EE,ackley,4,487,2.7289281945286348e-12,97630,30,200,n,discreta_global,"(mu,lambda)",1.0
EE,ackley,4,488,3.0024871477962733e-12,97830,30,200,n,discreta_global,"(mu,lambda)",1.0
EE,ackley,4,489,3.8338221486355906e-12,98030,30,200,n,discreta_global,"(mu,lambda)",1.0
EE,ackley,4,490,4.32764934998886e-12,98230,30,200,n,discreta_global,"(mu,lambda)",1.0
EE,ackley,4,491,3.6419756099803635e-12,98430,30,200,n,discreta_global,"(mu,lambda)",1.0
EE,ackley,4,492,3.5709213364043535e-12,98630,30,200,n,discreta_global,"(mu,lambda)",1.0
EE,ackley,4,493,3.47499806707674e-12,98830,30,200,n,discreta_global,"(mu,lambda)",1.0
EE,ackley,4,494,3.68816088780477e-12,99030,30,200,n,discreta_global,"(mu,lambda)",1.0
EE,ackley,4,495,3.83026943495679e-12,99230,30,200,n,discreta_global,"(mu,lambda)",1.0
EE,ackley,4,496,3.3364422336035204e-12,99430,30,200,n,discreta_global,"(mu,lambda)",1.0
EE,ackley,4,497,3.5282887722587475e-12,99630,30,200,n,discreta_global,"(mu,lambda)",1.0
EE,ackley,4,498,3.5282887722587475e-12,99830,30,200,n,discreta_global,"(mu,lambda)",1.0
EE,ackley,4,499,4.089617533509227e-12,100030,30,200,n,discreta_global,"(mu,lambda)",1.0
EE,ackley,4,500,3.936850845320805e-12,100230,30,200,n,discreta_global,"(mu,lambda)",1.0
EE,ackley,4,501,3.8906655674963986e-12,100430,30,200,n,discreta_global,"(mu,lambda)",1.0
EE,ackley,4,502,3.2724933873851114e-12,100630,30,200,n,discreta_global,"(mu,lambda)",1.0
EE,ackley,4,503,3.112621271839089e-12,100830,30,200,n,discreta_global,"(mu,lambda)",1.0
EE,ackley,4,504,3.6917136014835705e-12,101030,30,200,n,discreta_global,"(mu,lambda)",1.0
EE,ackley,4,505,3.283151528421513e-12,101230,30,200,n,discreta_global,"(mu,lambda)",1.0
EE,ackley,4,506,3.7840841571323836e-12,101430,30,200,n,discreta_global,"(mu,lambda)",1.0
EE,ackley,4,507,3.9475089863572066e-12,101630,30,200,n,discreta_global,"(mu,lambda)",1.0
EE,ackley,4,508,3.965272554751209e-12,101830,30,200,n,discreta_global,"(mu,lambda)",1.0
EE,ackley,4,509,4.18198808915804e-12,102030,30,200,n,discreta_global,"(mu,lambda)",1.0
EE,ackley,4,510,3.986588836824012e-12,102230,30,200,n,discreta_global,"(mu,lambda)",1.0
EE,ackley,4,511,3.297362383136715e-12,102430,30,200,n,discreta_global,"(mu,lambda)",1.0
EE,ackley,4,512,3.943956272678406e-12,102630,30,200,n,discreta_global,"(mu,lambda)",1.0
EE,ackley,4,513,3.1232794128754904e-12,102830,30,200,n,discreta_global,"(mu,lambda)",1.0
EE,ackley,4,514,3.666844605731967e-12,103030,30,200,n,discreta_global,"(mu,lambda)",1.0
EE,ackley,4,515,3.6135539005499595e-12,103230,30,200,n,discreta_global,"(mu,lambda)",1.0
EE,ackley,4,516,3.524736058579947e-12,103430,30,200,n,discreta_global,"(mu,lambda)",1.0
EE,ackley,4,517,3.247624391633508e-12,103630,30,200,n,discreta_global,"(mu,lambda)",1.0
EE,ackley,4,518,3.496314349149543e-12,103830,30,200,n,discreta_global,"(mu,lambda)",1.0
EE,ackley,4,519,4.078959392472825e-12,104030,30,200,n,discreta_global,"(mu,lambda)",1.0
EE,ackley,4,520,3.1801228317362984e-12,104230,30,200,n,discreta_global,"(mu,lambda)",1.0
EE,ackley,4,521,2.5974777884130162e-12,104430,30,200,n,discreta_global,"(mu,lambda)",1.0
EE,ackley,4,522,3.844480289671992e-12,104630,30,200,n,discreta_global,"(mu,lambda)",1.0
EE,ackley,4,523,3.553157768010351e-12,104830,30,200,n,discreta_global,"(mu,lambda)",1.0
EE,ackley,4,524,2.9740654383658693e-12,105030,30,200,n,discreta_global,"(mu,lambda)",1.0
EE,ackley,4,525,3.837374862314391e-12,105230,30,200,n,discreta_global,"(mu,lambda)",1.0
EE,ackley,4,526,2.9030111647898593e-12,105430,30,200,n,discreta_global,"(mu,lambda)",1.0
EE,ackley,4,527,3.219202682203104e-12,105630,30,200,n,discreta_global,"(mu,lambda)",1.0
EE,ackley,4,528,4.235278794340047e-12,105830,30,200,n,discreta_global,"(mu,lambda)",1.0
EE,ackley,4,529,4.363176486776865e-12,106030,30,200,n,discreta_global,"(mu,lambda)",1.0
EE,ackley,4,530,3.997246977860414e-12,106230,30,200,n,discreta_global,"(mu,lambda)",1.0
EE,ackley,4,531,3.396838366143129e-12,106430,30,200,n,discreta_global,"(mu,lambda)",1.0
EE,ackley,4,532,3.737898879307977e-12,106630,30,200,n,discreta_global,"(mu,lambda)",1.0
EE,ackley,4,533,2.956301869971867e-12,106830,30,200,n,discreta_global,"(mu,lambda)",1.0
EE,ackley,4,534,2.9243274468626623e-12,107030,30,200,n,discreta_global,"(mu,lambda)",1.0
EE,ackley,4,535,3.6917136014835705e-12,107230,30,200,n,discreta_global,"(mu,lambda)",1.0
EE,ackley,4,536,3.396838366143129e-12,107430,30,200,n,discreta_global,"(mu,lambda)",1.0
EE,ackley,4,537,2.7751134723530413e-12,107630,30,200,n,discreta_global,"(mu,lambda)",1.0
EE,ackley,4,538,4.082512106151626e-12,107830,30,200,n,discreta_global,"(mu,lambda)",1.0
EE,ackley,4,539,4.366729200455666e-12,108030,30,200,n,discreta_global,"(mu,lambda)",1.0
EE,ackley,4,540,2.3381296898605797e-12,108230,30,200,n,discreta_global,"(mu,lambda)",1.0
EE,ackley,4,541,3.3577585156763234e-12,108430,30,200,n,discreta_global,"(mu,lambda)",1.0
EE,ackley,4,542,3.0309088572266774e-12,108630,30,200,n,discreta_global,"(mu,lambda)",1.0
EE,ackley,4,543,3.1019631308026874e-12,108830,30,200,n,discreta_global,"(mu,lambda)",1.0
EE,ackley,4,544,3.368416656712725e-12,109030,30,200,n,discreta_global,"(mu,lambda)",1.0
EE,ackley,4,545,3.439470930288735e-12,109230,30,200,n,discreta_global,"(mu,lambda)",1.0
EE,ackley,4,546,2.2315482794965646e-12,109430,30,200,n,discreta_global,"(mu,lambda)",1.0
EE,ackley,4,547,4.046984969363621e-12,109630,30,200,n,discreta_global,"(mu,lambda)",1.0
EE,ackley,4,548,3.595790332155957e-12,109830,30,200,n,discreta_global,"(mu,lambda)",1.0
EE,ackley,4,549,3.2582825326699094e-12,110030,30,200,n,discreta_global,"(mu,lambda)",1.0
EE,ackley,4,550,2.9172220195050613e-12,110230,30,200,n,discreta_global,"(mu,lambda)",1.0
EE,ackley,4,551,3.0877522760874854e-12,110430,30,200,n,discreta_global,"(mu,lambda)",1.0
EE,ackley,4,552,4.015010546254416e-12,110630,30,200,n,discreta_global,"(mu,lambda)",1.0
EE,ackley,4,553,4.121591956618431e-12,110830,30,200,n,discreta_global,"(mu,lambda)",1.0
EE,ackley,4,554,4.270805931128052e-12,111030,30,200,n,discreta_global,"(mu,lambda)",1.0
EE,ackley,4,555,3.8764547127811966e-12,111230,30,200,n,discreta_global,"(mu,lambda)",1.0
EE,ackley,4,556,4.096722960866828e-12,111430,30,200,n,discreta_global,"(mu,lambda)",1.0
EE,ackley,4,557,2.871036741680655e-12,111630,30,200,n,discreta_global,"(mu,lambda)",1.0
EE,ackley,4,558,3.8054004392051866e-12,111830,30,200,n,discreta_global,"(mu,lambda)",1.0
EE,ackley,4,559,3.4785507807555405e-12,112030,30,200,n,discreta_global,"(mu,lambda)",1.0
EE,ackley,4,560,3.8835601401387976e-12,112230,30,200,n,discreta_global,"(mu,lambda)",1.0
EE,ackley,4,561,3.681055460447169e-12,112430,30,200,n,discreta_global,"(mu,lambda)",1.0
EE,ackley,4,562,3.936850845320805e-12,112630,30,200,n,discreta_global,"(mu,lambda)",1.0
EE,ackley,4,563,3.4501290713251365e-12,112830,30,200,n,discreta_global,"(mu,lambda)",1.0
EE,ackley,4,564,3.091304989766286e-12,113030,30,200,n,discreta_global,"(mu,lambda)",1.0
EE,ackley,4,565,2.8745894553594553e-12,113230,30,200,n,discreta_global,"(mu,lambda)",1.0
EE,ackley,4,566,3.6703973194107675e-12,113430,30,200,n,discreta_global,"(mu,lambda)",1.0
EE,ackley,4,567,4.000799691539214e-12,113630,30,200,n,discreta_global,"(mu,lambda)",1.0
EE,ackley,4,568,2.97761815204467e-12,113830,30,200,n,discreta_global,"(mu,lambda)",1.0
EE,ackley,4,569,4.015010546254416e-12,114030,30,200,n,discreta_global,"(mu,lambda)",1.0
EE,ackley,4,570,3.961719841072409e-12,114230,30,200,n,discreta_global,"(mu,lambda)",1.0
EE,ackley,4,571,4.142908238691234e-12,114430,30,200,n,discreta_global,"(mu,lambda)",1.0
EE,ackley,4,572,3.773426016095982e-12,114630,30,200,n,discreta_global,"(mu,lambda)",1.0
EE,ackley,4,573,4.057643110400022e-12,114830,30,200,n,discreta_global,"(mu,lambda)",1.0
EE,ackley,4,574,3.808953152883987e-12,115030,30,200,n,discreta_global,"(mu,lambda)",1.0
EE,ackley,4,575,3.453681785003937e-12,115230,30,200,n,discreta_global,"(mu,lambda)",1.0
EE,ackley,4,576,3.034461570905478e-12,115430,30,200,n,discreta_global,"(mu,lambda)",1.0
EE,ackley,4,577,3.8054004392051866e-12,115630,30,200,n,discreta_global,"(mu,lambda)",1.0
EE,ackley,4,578,2.6649793483102258e-12,115830,30,200,n,discreta_global,"(mu,lambda)",1.0
EE,ackley,4,579,2.814193322819847e-12,116030,30,200,n,discreta_global,"(mu,lambda)",1.0
EE,ackley,4,580,4.373834627813267e-12,116230,30,200,n,discreta_global,"(mu,lambda)",1.0
EE,ackley,4,581,4.448441615068077e-12,116430,30,200,n,discreta_global,"(mu,lambda)",1.0
EE,ackley,4,582,3.482103494434341e-12,116630,30,200,n,discreta_global,"(mu,lambda)",1.0
EE,ackley,4,583,3.418154648215932e-12,116830,30,200,n,discreta_global,"(mu,lambda)",1.0
EE,ackley,4,584,3.6917136014835705e-12,117030,30,200,n,discreta_global,"(mu,lambda)",1.0
EE,ackley,4,585,3.5496050543315505e-12,117230,30,200,n,discreta_global,"(mu,lambda)",1.0
EE,ackley,4,586,4.270805931128052e-12,117430,30,200,n,discreta_global,"(mu,lambda)",1.0
EE,ackley,4,587,3.3435476609611214e-12,117630,30,200,n,discreta_global,"(mu,lambda)",1.0
EE,ackley,4,588,3.610001186871159e-12,117830,30,200,n,discreta_global,"(mu,lambda)",1.0
EE,ackley,4,589,3.5567104816891515e-12,118030,30,200,n,discreta_global,"(mu,lambda)",1.0
EE,ackley,4,590,4.046984969363621e-12,118230,30,200,n,discreta_global,"(mu,lambda)",1.0
EE,ackley,4,591,3.9119818495692016e-12,118430,30,200,n,discreta_global,"(mu,lambda)",1.0
EE,ackley,4,592,3.943956272678406e-12,118630,30,200,n,discreta_global,"(mu,lambda)",1.0
EE,ackley,4,593,3.531841485937548e-12,118830,30,200,n,discreta_global,"(mu,lambda)",1.0
EE,ackley,4,594,3.4501290713251365e-12,119030,30,200,n,discreta_global,"(mu,lambda)",1.0
EE,ackley,4,595,3.4572344986827375e-12,119230,30,200,n,discreta_global,"(mu,lambda)",1.0
EE,ackley,4,596,3.7201353109139745e-12,119430,30,200,n,discreta_global,"(mu,lambda)",1.0
EE,ackley,4,597,3.865796571744795e-12,119630,30,200,n,discreta_global,"(mu,lambda)",1.0
EE,ackley,4,598,3.141042981269493e-12,119830,30,200,n,discreta_global,"(mu,lambda)",1.0
EE,ackley,4,599,3.0664359940146824e-12,120030,30,200,n,discreta_global,"(mu,lambda)",1.0
EE,ackley,4,600,3.787636870811184e-12,120230,30,200,n,discreta_global,"(mu,lambda)",1.0
EE,ackley,4,601,2.899458451111059e-12,120430,30,200,n,discreta_global,"(mu,lambda)",1.0
EE,ackley,4,602,2.6862956303830288e-12,120630,30,200,n,discreta_global,"(mu,lambda)",1.0
EE,ackley,4,603,3.990141550502813e-12,120830,30,200,n,discreta_global,"(mu,lambda)",1.0
EE,ackley,4,604,3.4643399260403385e-12,121030,30,200,n,discreta_global,"(mu,lambda)",1.0
EE,ackley,4,605,3.3293368062459194e-12,121230,30,200,n,discreta_global,"(mu,lambda)",1.0
EE,ackley,4,606,2.920774733183862e-12,121430,30,200,n,discreta_global,"(mu,lambda)",1.0
EE,ackley,4,607,4.029221400969618e-12,121630,30,200,n,discreta_global,"(mu,lambda)",1.0
EE,ackley,4,608,3.6632918920531665e-12,121830,30,200,n,discreta_global,"(mu,lambda)",1.0
EE,ackley,4,609,3.3222313788883184e-12,122030,30,200,n,discreta_global,"(mu,lambda)",1.0
EE,ackley,4,610,3.219202682203104e-12,122230,30,200,n,discreta_global,"(mu,lambda)",1.0
EE,ackley,4,611,2.949196442614266e-12,122430,30,200,n,discreta_global,"(mu,lambda)",1.0
EE,ackley,4,612,2.920774733183862e-12,122630,30,200,n,discreta_global,"(mu,lambda)",1.0
EE,ackley,4,613,3.865796571744795e-12,122830,30,200,n,discreta_global,"(mu,lambda)",1.0
EE,ackley,4,614,2.4553692412609962e-12,123030,30,200,n,discreta_global,"(mu,lambda)",1.0
EE,ackley,4,615,3.098410417123887e-12,123230,30,200,n,discreta_global,"(mu,lambda)",1.0
EE,ackley,4,616,3.5567104816891515e-12,123430,30,200,n,discreta_global,"(mu,lambda)",1.0
EE,ackley,4,617,3.7698733024171815e-12,123630,30,200,n,discreta_global,"(mu,lambda)",1.0
EE,ackley,4,618,2.1249668691325496e-12,123830,30,200,n,discreta_global,"(mu,lambda)",1.0
EE,ackley,4,619,1.8975931936893176e-12,124030,30,200,n,discreta_global,"(mu,lambda)",1.0
EE,ackley,4,620,3.695266315162371e-12,124230,30,200,n,discreta_global,"(mu,lambda)",1.0
EE,ackley,4,621,3.7982950118475856e-12,124430,30,200,n,discreta_global,"(mu,lambda)",1.0
EE,ackley,4,622,3.055777852978281e-12,124630,30,200,n,discreta_global,"(mu,lambda)",1.0
EE,ackley,4,623,3.276046101063912e-12,124830,30,200,n,discreta_global,"(mu,lambda)",1.0
EE,ackley,4,624,3.808953152883987e-12,125030,30,200,n,discreta_global,"(mu,lambda)",1.0
EE,ackley,4,625,3.75921516138078e-12,125230,30,200,n,discreta_global,"(mu,lambda)",1.0
EE,ackley,4,626,4.100275674545628e-12,125430,30,200,n,discreta_global,"(mu,lambda)",1.0
EE,ackley,4,627,4.167777234442838e-12,125630,30,200,n,discreta_global,"(mu,lambda)",1.0
EE,ackley,4,628,3.780531443453583e-12,125830,30,200,n,discreta_global,"(mu,lambda)",1.0
EE,ackley,4,629,3.212097254845503e-12,126030,30,200,n,discreta_global,"(mu,lambda)",1.0
EE,ackley,4,630,3.5851321911195555e-12,126230,30,200,n,discreta_global,"(mu,lambda)",1.0
EE,ackley,4,631,3.581579477440755e-12,126430,30,200,n,discreta_global,"(mu,lambda)",1.0
EE,ackley,4,632,3.041566998263079e-12,126630,30,200,n,discreta_global,"(mu,lambda)",1.0
EE,ackley,4,633,4.036326828327219e-12,126830,30,200,n,discreta_global,"(mu,lambda)",1.0
EE,ackley,4,634,3.4643399260403385e-12,127030,30,200,n,discreta_global,"(mu,lambda)",1.0
EE,ackley,4,635,4.089617533509227e-12,127230,30,200,n,discreta_global,"(mu,lambda)",1.0
EE,ackley,4,636,3.247624391633508e-12,127430,30,200,n,discreta_global,"(mu,lambda)",1.0
EE,ackley,4,637,3.4785507807555405e-12,127630,30,200,n,discreta_global,"(mu,lambda)",1.0
EE,ackley,4,638,3.361311229355124e-12,127830,30,200,n,discreta_global,"(mu,lambda)",1.0
EE,ackley,4,639,3.339994947282321e-12,128030,30,200,n,discreta_global,"(mu,lambda)",1.0
EE,ackley,4,640,3.276046101063912e-12,128230,30,200,n,discreta_global,"(mu,lambda)",1.0
EE,ackley,4,641,3.4217073618947325e-12,128430,30,200,n,discreta_global,"(mu,lambda)",1.0
EE,ackley,4,642,2.2173374247813626e-12,128630,30,200,n,discreta_global,"(mu,lambda)",1.0
EE,ackley,4,643,2.5157653738006047e-12,128830,30,200,n,discreta_global,"(mu,lambda)",1.0
EE,ackley,4,644,2.8888003100746573e-12,129030,30,200,n,discreta_global,"(mu,lambda)",1.0
EE,ackley,4,645,3.6988190288411715e-12,129230,30,200,n,discreta_global,"(mu,lambda)",1.0
EE,ackley,4,646,3.3719693703915254e-12,129430,30,200,n,discreta_global,"(mu,lambda)",1.0
EE,ackley,4,647,4.089617533509227e-12,129630,30,200,n,discreta_global,"(mu,lambda)",1.0
EE,ackley,4,648,3.716582597235174e-12,129830,30,200,n,discreta_global,"(mu,lambda)",1.0
EE,ackley,4,649,3.610001186871159e-12,130030,30,200,n,discreta_global,"(mu,lambda)",1.0
EE,ackley,4,650,3.347100374639922e-12,130230,30,200,n,discreta_global,"(mu,lambda)",1.0
EE,ackley,4,651,3.148148408627094e-12,130430,30,200,n,discreta_global,"(mu,lambda)",1.0
EE,ackley,4,652,3.418154648215932e-12,130630,30,200,n,discreta_global,"(mu,lambda)",1.0
EE,ackley,4,653,1.98641103565933e-12,130830,30,200,n,discreta_global,"(mu,lambda)",1.0
EE,ackley,4,654,3.780531443453583e-12,131030,30,200,n,discreta_global,"(mu,lambda)",1.0
EE,ackley,4,655,3.6206593279075605e-12,131230,30,200,n,discreta_global,"(mu,lambda)",1.0
EE,ackley,4,656,3.787636870811184e-12,131430,30,200,n,discreta_global,"(mu,lambda)",1.0
EE,ackley,4,657,3.439470930288735e-12,131630,30,200,n,discreta_global,"(mu,lambda)",1.0
EE,ackley,4,658,3.745004306665578e-12,131830,30,200,n,discreta_global,"(mu,lambda)",1.0
EE,ackley,4,659,2.5903723610554152e-12,132030,30,200,n,discreta_global,"(mu,lambda)",1.0
EE,ackley,4,660,2.8603786006442533e-12,132230,30,200,n,discreta_global,"(mu,lambda)",1.0
EE,ackley,4,661,4.089617533509227e-12,132430,30,200,n,discreta_global,"(mu,lambda)",1.0
EE,ackley,4,662,3.432365502931134e-12,132630,30,200,n,discreta_global,"(mu,lambda)",1.0
EE,ackley,4,663,3.936850845320805e-12,132830,30,200,n,discreta_global,"(mu,lambda)",1.0
EE,ackley,4,664,3.716582597235174e-12,133030,30,200,n,discreta_global,"(mu,lambda)",1.0
EE,ackley,4,665,3.4430236439675355e-12,133230,30,200,n,discreta_global,"(mu,lambda)",1.0
EE,ackley,4,666,3.737898879307977e-12,133430,30,200,n,discreta_global,"(mu,lambda)",1.0
EE,ackley,4,667,3.645528323659164e-12,133630,30,200,n,discreta_global,"(mu,lambda)",1.0
EE,ackley,4,668,3.297362383136715e-12,133830,30,200,n,discreta_global,"(mu,lambda)",1.0
EE,ackley,4,669,3.3080205241731164e-12,134030,30,200,n,discreta_global,"(mu,lambda)",1.0
EE,ackley,4,670,4.25304236273405e-12,134230,30,200,n,discreta_global,"(mu,lambda)",1.0
EE,ackley,4,671,3.204991827487902e-12,134430,30,200,n,discreta_global,"(mu,lambda)",1.0
EE,ackley,4,672,3.702371742519972e-12,134630,30,200,n,discreta_global,"(mu,lambda)",1.0
EE,ackley,4,673,3.318678665209518e-12,134830,30,200,n,discreta_global,"(mu,lambda)",1.0
EE,ackley,4,674,3.865796571744795e-12,135030,30,200,n,discreta_global,"(mu,lambda)",1.0
EE,ackley,4,675,3.517630631222346e-12,135230,30,200,n,discreta_global,"(mu,lambda)",1.0
EE,ackley,4,676,3.204991827487902e-12,135430,30,200,n,discreta_global,"(mu,lambda)",1.0
EE,ackley,4,677,3.2298608232395054e-12,135630,30,200,n,discreta_global,"(mu,lambda)",1.0
EE,ackley,4,678,3.411049220858331e-12,135830,30,200,n,discreta_global,"(mu,lambda)",1.0
EE,ackley,4,679,3.716582597235174e-12,136030,30,200,n,discreta_global,"(mu,lambda)",1.0
EE,ackley,4,680,4.39870362356487e-12,136230,30,200,n,discreta_global,"(mu,lambda)",1.0
EE,ackley,4,681,3.6348701826227625e-12,136430,30,200,n,discreta_global,"(mu,lambda)",1.0
EE,ackley,4,682,4.100275674545628e-12,136630,30,200,n,discreta_global,"(mu,lambda)",1.0
EE,ackley,4,683,4.015010546254416e-12,136830,30,200,n,discreta_global,"(mu,lambda)",1.0
EE,ackley,4,684,3.5922376184771565e-12,137030,30,200,n,discreta_global,"(mu,lambda)",1.0
EE,ackley,4,685,3.816058580241588e-12,137230,30,200,n,discreta_global,"(mu,lambda)",1.0
EE,ackley,4,686,2.12851958281135e-12,137430,30,200,n,discreta_global,"(mu,lambda)",1.0
EE,ackley,4,687,3.2938096694579144e-12,137630,30,200,n,discreta_global,"(mu,lambda)",1.0
EE,ackley,4,688,2.277733557320971e-12,137830,30,200,n,discreta_global,"(mu,lambda)",1.0
EE,ackley,4,689,3.730793451950376e-12,138030,30,200,n,discreta_global,"(mu,lambda)",1.0
EE,ackley,4,690,4.803712982948127e-12,138230,30,200,n,discreta_global,"(mu,lambda)",1.0
EE,ackley,4,691,3.6632918920531665e-12,138430,30,200,n,discreta_global,"(mu,lambda)",1.0
EE,ackley,4,692,4.221067939624845e-12,138630,30,200,n,discreta_global,"(mu,lambda)",1.0
EE,ackley,4,693,4.160671807085237e-12,138830,30,200,n,discreta_global,"(mu,lambda)",1.0
EE,ackley,4,694,3.7698733024171815e-12,139030,30,200,n,discreta_global,"(mu,lambda)",1.0
EE,ackley,4,695,4.270805931128052e-12,139230,30,200,n,discreta_global,"(mu,lambda)",1.0
EE,ackley,4,696,3.6988190288411715e-12,139430,30,200,n,discreta_global,"(mu,lambda)",1.0
EE,ackley,4,697,3.1374902675906924e-12,139630,30,200,n,discreta_global,"(mu,lambda)",1.0
EE,ackley,4,698,3.68816088780477e-12,139830,30,200,n,discreta_global,"(mu,lambda)",1.0
EE,ackley,4,699,3.4288127892523335e-12,140030,30,200,n,discreta_global,"(mu,lambda)",1.0
EE,ackley,4,700,4.167777234442838e-12,140230,30,200,n,discreta_global,"(mu,lambda)",1.0
EE,ackley,4,701,4.107381101903229e-12,140430,30,200,n,discreta_global,"(mu,lambda)",1.0
EE,ackley,4,702,3.240518964275907e-12,140630,30,200,n,discreta_global,"(mu,lambda)",1.0
EE,ackley,4,703,3.97237798210881e-12,140830,30,200,n,discreta_global,"(mu,lambda)",1.0
EE,ackley,4,704,3.212097254845503e-12,141030,30,200,n,discreta_global,"(mu,lambda)",1.0
EE,ackley,4,705,2.9811708657234703e-12,141230,30,200,n,discreta_global,"(mu,lambda)",1.0
EE,ackley,4,706,3.8977709948539996e-12,141430,30,200,n,discreta_global,"(mu,lambda)",1.0
EE,ackley,4,707,3.716582597235174e-12,141630,30,200,n,discreta_global,"(mu,lambda)",1.0
EE,ackley,4,708,4.416467191958873e-12,141830,30,200,n,discreta_global,"(mu,lambda)",1.0
EE,ackley,4,709,3.5140779175435455e-12,142030,30,200,n,discreta_global,"(mu,lambda)",1.0
EE,ackley,4,710,3.133937553911892e-12,142230,30,200,n,discreta_global,"(mu,lambda)",1.0
EE,ackley,4,711,3.9119818495692016e-12,142430,30,200,n,discreta_global,"(mu,lambda)",1.0
EE,ackley,4,712,4.146460952370035e-12,142630,30,200,n,discreta_global,"(mu,lambda)",1.0
EE,ackley,4,713,3.2369662505971064e-12,142830,30,200,n,discreta_global,"(mu,lambda)",1.0
EE,ackley,4,714,3.894218281175199e-12,143030,30,200,n,discreta_global,"(mu,lambda)",1.0
EE,ackley,4,715,3.7130298835563735e-12,143230,30,200,n,discreta_global,"(mu,lambda)",1.0
EE,ackley,4,716,3.975930695787611e-12,143430,30,200,n,discreta_global,"(mu,lambda)",1.0
EE,ackley,4,717,3.389732938785528e-12,143630,30,200,n,discreta_global,"(mu,lambda)",1.0
EE,ackley,4,718,3.0166980025114754e-12,143830,30,200,n,discreta_global,"(mu,lambda)",1.0
EE,ackley,4,719,1.780353642288901e-12,144030,30,200,n,discreta_global,"(mu,lambda)",1.0
EE,ackley,4,720,3.6277647552651615e-12,144230,30,200,n,discreta_global,"(mu,lambda)",1.0
EE,ackley,4,721,3.8267167212779896e-12,144430,30,200,n,discreta_global,"(mu,lambda)",1.0
EE,ackley,4,722,3.954614413714808e-12,144630,30,200,n,discreta_global,"(mu,lambda)",1.0
EE,ackley,4,723,3.361311229355124e-12,144830,30,200,n,discreta_global,"(mu,lambda)",1.0
EE,ackley,4,724,3.737898879307977e-12,145030,30,200,n,discreta_global,"(mu,lambda)",1.0
EE,ackley,4,725,3.610001186871159e-12,145230,30,200,n,discreta_global,"(mu,lambda)",1.0
EE,ackley,4,726,3.837374862314391e-12,145430,30,200,n,discreta_global,"(mu,lambda)",1.0
EE,ackley,4,727,3.297362383136715e-12,145630,30,200,n,discreta_global,"(mu,lambda)",1.0
EE,ackley,4,728,3.041566998263079e-12,145830,30,200,n,discreta_global,"(mu,lambda)",1.0
EE,ackley,4,729,3.496314349149543e-12,146030,30,200,n,discreta_global,"(mu,lambda)",1.0
EE,ackley,4,730,3.7343461656291765e-12,146230,30,200,n,discreta_global,"(mu,lambda)",1.0
EE,ackley,4,731,4.025668687290818e-12,146430,30,200,n,discreta_global,"(mu,lambda)",1.0
EE,ackley,4,732,4.011457832575616e-12,146630,30,200,n,discreta_global,"(mu,lambda)",1.0
EE,ackley,4,733,2.4162893907941907e-12,146830,30,200,n,discreta_global,"(mu,lambda)",1.0
EE,ackley,4,734,4.196198943873242e-12,147030,30,200,n,discreta_global,"(mu,lambda)",1.0
EE,ackley,4,735,4.100275674545628e-12,147230,30,200,n,discreta_global,"(mu,lambda)",1.0
EE,ackley,4,736,3.155253835984695e-12,147430,30,200,n,discreta_global,"(mu,lambda)",1.0
EE,ackley,4,737,3.105515844481488e-12,147630,30,200,n,discreta_global,"(mu,lambda)",1.0
EE,ackley,4,738,3.240518964275907e-12,147830,30,200,n,discreta_global,"(mu,lambda)",1.0
EE,ackley,4,739,3.9332981316420046e-12,148030,30,200,n,discreta_global,"(mu,lambda)",1.0
EE,ackley,4,740,3.8835601401387976e-12,148230,30,200,n,discreta_global,"(mu,lambda)",1.0
EE,ackley,4,741,3.077094135051084e-12,148430,30,200,n,discreta_global,"(mu,lambda)",1.0
EE,ackley,4,742,3.5282887722587475e-12,148630,30,200,n,discreta_global,"(mu,lambda)",1.0
EE,ackley,4,743,3.247624391633508e-12,148830,30,200,n,discreta_global,"(mu,lambda)",1.0
EE,ackley,4,744,3.077094135051084e-12,149030,30,200,n,discreta_global,"(mu,lambda)",1.0
EE,ackley,4,745,3.6988190288411715e-12,149230,30,200,n,discreta_global,"(mu,lambda)",1.0
EE,ackley,4,746,3.2369662505971064e-12,149430,30,200,n,discreta_global,"(mu,lambda)",1.0
EE,ackley,4,747,3.929745417963204e-12,149630,30,200,n,discreta_global,"(mu,lambda)",1.0
EE,ackley,4,748,2.885247596395857e-12,149830,30,200,n,discreta_global,"(mu,lambda)",1.0
EE,ackley,4,749,3.347100374639922e-12,150030,30,200,n,discreta_global,"(mu,lambda)",1.0
EE,ackley,4,750,3.659739178374366e-12,150230,30,200,n,discreta_global,"(mu,lambda)",1.0
EE,ackley,4,751,3.709477169877573e-12,150430,30,200,n,discreta_global,"(mu,lambda)",1.0
EE,ackley,4,752,3.872901999102396e-12,150630,30,200,n,discreta_global,"(mu,lambda)",1.0
EE,ackley,4,753,2.7147173398134328e-12,150830,30,200,n,discreta_global,"(mu,lambda)",1.0
EE,ackley,4,754,4.135802811333633e-12,151030,30,200,n,discreta_global,"(mu,lambda)",1.0
EE,ackley,4,755,3.425260075573533e-12,151230,30,200,n,discreta_global,"(mu,lambda)",1.0
EE,ackley,4,756,3.6561864646955655e-12,151430,30,200,n,discreta_global,"(mu,lambda)",1.0
EE,ackley,4,757,3.7840841571323836e-12,151630,30,200,n,discreta_global,"(mu,lambda)",1.0
EE,ackley,4,758,4.082512106151626e-12,151830,30,200,n,discreta_global,"(mu,lambda)",1.0
EE,ackley,4,759,3.439470930288735e-12,152030,30,200,n,discreta_global,"(mu,lambda)",1.0
EE,ackley,4,760,4.409361764601272e-12,152230,30,200,n,discreta_global,"(mu,lambda)",1.0
EE,ackley,4,761,3.33288951992472e-12,152430,30,200,n,discreta_global,"(mu,lambda)",1.0
EE,ackley,4,762,3.2156499685243034e-12,152630,30,200,n,discreta_global,"(mu,lambda)",1.0
EE,ackley,4,763,2.927880160541463e-12,152830,30,200,n,discreta_global,"(mu,lambda)",1.0
EE,ackley,4,764,3.453681785003937e-12,153030,30,200,n,discreta_global,"(mu,lambda)",1.0
EE,ackley,4,765,3.4856562081131415e-12,153230,30,200,n,discreta_global,"(mu,lambda)",1.0
EE,ackley,4,766,3.524736058579947e-12,153430,30,200,n,discreta_global,"(mu,lambda)",1.0
EE,ackley,4,767,3.6277647552651615e-12,153630,30,200,n,discreta_global,"(mu,lambda)",1.0
EE,ackley,4,768,3.2014391138091014e-12,153830,30,200,n,discreta_global,"(mu,lambda)",1.0
EE,ackley,4,769,3.254729818991109e-12,154030,30,200,n,discreta_global,"(mu,lambda)",1.0
EE,ackley,4,770,2.19957385638736e-12,154230,30,200,n,discreta_global,"(mu,lambda)",1.0
EE,ackley,4,771,3.7414515929867775e-12,154430,30,200,n,discreta_global,"(mu,lambda)",1.0
EE,ackley,4,772,3.496314349149543e-12,154630,30,200,n,discreta_global,"(mu,lambda)",1.0
EE,ackley,4,773,2.97761815204467e-12,154830,30,200,n,discreta_global,"(mu,lambda)",1.0
EE,ackley,4,774,1.936673044156123e-12,155030,30,200,n,discreta_global,"(mu,lambda)",1.0
EE,ackley,4,775,3.4785507807555405e-12,155230,30,200,n,discreta_global,"(mu,lambda)",1.0
EE,ackley,4,776,2.6969537714194303e-12,155430,30,200,n,discreta_global,"(mu,lambda)",1.0
EE,ackley,4,777,2.7537971902802383e-12,155630,30,200,n,discreta_global,"(mu,lambda)",1.0
EE,ackley,4,778,3.872901999102396e-12,155830,30,200,n,discreta_global,"(mu,lambda)",1.0
EE,ackley,4,779,2.9740654383658693e-12,156030,30,200,n,discreta_global,"(mu,lambda)",1.0
EE,ackley,4,780,3.6632918920531665e-12,156230,30,200,n,discreta_global,"(mu,lambda)",1.0
EE,ackley,4,781,2.8603786006442533e-12,156430,30,200,n,discreta_global,"(mu,lambda)",1.0
EE,ackley,4,782,3.297362383136715e-12,156630,30,200,n,discreta_global,"(mu,lambda)",1.0
EE,ackley,4,783,3.8977709948539996e-12,156830,30,200,n,discreta_global,"(mu,lambda)",1.0
EE,ackley,4,784,4.6083137306141e-12,157030,30,200,n,discreta_global,"(mu,lambda)",1.0
EE,ackley,4,785,3.752109734023179e-12,157230,30,200,n,discreta_global,"(mu,lambda)",1.0
EE,ackley,4,786,2.3949731087213877e-12,157430,30,200,n,discreta_global,"(mu,lambda)",1.0
EE,ackley,4,787,3.808953152883987e-12,157630,30,200,n,discreta_global,"(mu,lambda)",1.0
EE,ackley,4,788,4.199751657552042e-12,157830,30,200,n,discreta_global,"(mu,lambda)",1.0
EE,ackley,4,789,3.318678665209518e-12,158030,30,200,n,discreta_global,"(mu,lambda)",1.0
EE,ackley,4,790,4.089617533509227e-12,158230,30,200,n,discreta_global,"(mu,lambda)",1.0
EE,ackley,4,791,3.5993430458347575e-12,158430,30,200,n,discreta_global,"(mu,lambda)",1.0
EE,ackley,4,792,3.709477169877573e-12,158630,30,200,n,discreta_global,"(mu,lambda)",1.0
EE,ackley,4,793,4.057643110400022e-12,158830,30,200,n,discreta_global,"(mu,lambda)",1.0
EE,ackley,4,794,3.368416656712725e-12,159030,30,200,n,discreta_global,"(mu,lambda)",1.0
EE,ackley,4,795,3.432365502931134e-12,159230,30,200,n,discreta_global,"(mu,lambda)",1.0
EE,ackley,4,796,3.8196112939203886e-12,159430,30,200,n,discreta_global,"(mu,lambda)",1.0
EE,ackley,4,797,3.68816088780477e-12,159630,30,200,n,discreta_global,"(mu,lambda)",1.0
EE,ackley,4,798,3.40394379350073e-12,159830,30,200,n,discreta_global,"(mu,lambda)",1.0
EE,ackley,4,799,3.5496050543315505e-12,160030,30,200,n,discreta_global,"(mu,lambda)",1.0
EE,ackley,4,800,3.5709213364043535e-12,160230,30,200,n,discreta_global,"(mu,lambda)",1.0
EE,ackley,4,801,2.5086599464430037e-12,160430,30,200,n,discreta_global,"(mu,lambda)",1.0
EE,ackley,4,802,2.6614266346314253e-12,160630,30,200,n,discreta_global,"(mu,lambda)",1.0
EE,ackley,4,803,3.339994947282321e-12,160830,30,200,n,discreta_global,"(mu,lambda)",1.0
EE,ackley,4,804,3.1588065496634954e-12,161030,30,200,n,discreta_global,"(mu,lambda)",1.0
EE,ackley,4,805,3.0166980025114754e-12,161230,30,200,n,discreta_global,"(mu,lambda)",1.0
EE,ackley,4,806,3.6277647552651615e-12,161430,30,200,n,discreta_global,"(mu,lambda)",1.0
EE,ackley,4,807,2.4908963780490012e-12,161630,30,200,n,discreta_global,"(mu,lambda)",1.0
EE,ackley,4,808,3.40394379350073e-12,161830,30,200,n,discreta_global,"(mu,lambda)",1.0
EE,ackley,4,809,4.04343225568482e-12,162030,30,200,n,discreta_global,"(mu,lambda)",1.0
EE,ackley,4,810,2.885247596395857e-12,162230,30,200,n,discreta_global,"(mu,lambda)",1.0
EE,ackley,4,811,3.4430236439675355e-12,162430,30,200,n,discreta_global,"(mu,lambda)",1.0
EE,ackley,4,812,3.602895759513558e-12,162630,30,200,n,discreta_global,"(mu,lambda)",1.0
EE,ackley,4,813,3.929745417963204e-12,162830,30,200,n,discreta_global,"(mu,lambda)",1.0
EE,ackley,4,814,3.851585717029593e-12,163030,30,200,n,discreta_global,"(mu,lambda)",1.0
EE,ackley,4,815,3.4785507807555405e-12,163230,30,200,n,discreta_global,"(mu,lambda)",1.0
EE,ackley,4,816,3.226308109560705e-12,163430,30,200,n,discreta_global,"(mu,lambda)",1.0
EE,ackley,4,817,3.7201353109139745e-12,163630,30,200,n,discreta_global,"(mu,lambda)",1.0
EE,ackley,4,818,3.6775027467683685e-12,163830,30,200,n,discreta_global,"(mu,lambda)",1.0
EE,ackley,4,819,4.199751657552042e-12,164030,30,200,n,discreta_global,"(mu,lambda)",1.0
EE,ackley,4,820,3.610001186871159e-12,164230,30,200,n,discreta_global,"(mu,lambda)",1.0
EE,ackley,4,821,3.737898879307977e-12,164430,30,200,n,discreta_global,"(mu,lambda)",1.0
EE,ackley,4,822,3.510525203864745e-12,164630,30,200,n,discreta_global,"(mu,lambda)",1.0
EE,ackley,4,823,4.402256337243671e-12,164830,30,200,n,discreta_global,"(mu,lambda)",1.0
EE,ackley,4,824,4.004352405218015e-12,165030,30,200,n,discreta_global,"(mu,lambda)",1.0
EE,ackley,4,825,3.311573237851917e-12,165230,30,200,n,discreta_global,"(mu,lambda)",1.0
EE,ackley,4,826,3.702371742519972e-12,165430,30,200,n,discreta_global,"(mu,lambda)",1.0
EE,ackley,4,827,3.247624391633508e-12,165630,30,200,n,discreta_global,"(mu,lambda)",1.0
EE,ackley,4,828,3.4785507807555405e-12,165830,30,200,n,discreta_global,"(mu,lambda)",1.0
EE,ackley,4,829,3.1161739855178894e-12,166030,30,200,n,discreta_global,"(mu,lambda)",1.0
EE,ackley,4,830,3.695266315162371e-12,166230,30,200,n,discreta_global,"(mu,lambda)",1.0
EE,ackley,4,831,2.7999824681046448e-12,166430,30,200,n,discreta_global,"(mu,lambda)",1.0
EE,ackley,4,832,2.092992446023345e-12,166630,30,200,n,discreta_global,"(mu,lambda)",1.0
EE,ackley,4,833,3.709477169877573e-12,166830,30,200,n,discreta_global,"(mu,lambda)",1.0
EE,ackley,4,834,3.4003910798219295e-12,167030,30,200,n,discreta_global,"(mu,lambda)",1.0
EE,ackley,4,835,3.503419776507144e-12,167230,30,200,n,discreta_global,"(mu,lambda)",1.0
EE,ackley,4,836,3.339994947282321e-12,167430,30,200,n,discreta_global,"(mu,lambda)",1.0
EE,ackley,4,837,3.11972669919669e-12,167630,30,200,n,discreta_global,"(mu,lambda)",1.0
EE,ackley,4,838,3.40394379350073e-12,167830,30,200,n,discreta_global,"(mu,lambda)",1.0
EE,ackley,4,839,3.290256955779114e-12,168030,30,200,n,discreta_global,"(mu,lambda)",1.0
EE,ackley,4,840,3.61710661422876e-12,168230,30,200,n,discreta_global,"(mu,lambda)",1.0
EE,ackley,4,841,3.68816088780477e-12,168430,30,200,n,discreta_global,"(mu,lambda)",1.0
EE,ackley,4,842,3.737898879307977e-12,168630,30,200,n,discreta_global,"(mu,lambda)",1.0
EE,ackley,4,843,3.169464690699897e-12,168830,30,200,n,discreta_global,"(mu,lambda)",1.0
EE,ackley,4,844,3.922639990605603e-12,169030,30,200,n,discreta_global,"(mu,lambda)",1.0
EE,ackley,4,845,3.0309088572266774e-12,169230,30,200,n,discreta_global,"(mu,lambda)",1.0
EE,ackley,4,846,3.5211833449011465e-12,169430,30,200,n,discreta_global,"(mu,lambda)",1.0
EE,ackley,4,847,3.4572344986827375e-12,169630,30,200,n,discreta_global,"(mu,lambda)",1.0
EE,ackley,4,848,3.020250716190276e-12,169830,30,200,n,discreta_global,"(mu,lambda)",1.0
EE,ackley,4,849,3.2653879600275104e-12,170030,30,200,n,discreta_global,"(mu,lambda)",1.0
EE,ackley,4,850,3.460787212361538e-12,170230,30,200,n,discreta_global,"(mu,lambda)",1.0
EE,ackley,4,851,3.2653879600275104e-12,170430,30,200,n,discreta_global,"(mu,lambda)",1.0
EE,ackley,4,852,3.4217073618947325e-12,170630,30,200,n,discreta_global,"(mu,lambda)",1.0
EE,ackley,4,853,2.90656387846866e-12,170830,30,200,n,discreta_global,"(mu,lambda)",1.0
EE,ackley,4,854,3.3080205241731164e-12,171030,30,200,n,discreta_global,"(mu,lambda)",1.0
EE,ackley,4,855,3.1659119770210964e-12,171230,30,200,n,discreta_global,"(mu,lambda)",1.0
EE,ackley,4,856,4.036326828327219e-12,171430,30,200,n,discreta_global,"(mu,lambda)",1.0
EE,ackley,4,857,4.505285033928885e-12,171630,30,200,n,discreta_global,"(mu,lambda)",1.0
EE,ackley,4,858,3.986588836824012e-12,171830,30,200,n,discreta_global,"(mu,lambda)",1.0
EE,ackley,4,859,2.1889157153509586e-12,172030,30,200,n,discreta_global,"(mu,lambda)",1.0
EE,ackley,4,860,3.9475089863572066e-12,172230,30,200,n,discreta_global,"(mu,lambda)",1.0
EE,ackley,4,861,3.034461570905478e-12,172430,30,200,n,discreta_global,"(mu,lambda)",1.0
EE,ackley,4,862,4.118039242939631e-12,172630,30,200,n,discreta_global,"(mu,lambda)",1.0
EE,ackley,4,863,4.157119093406436e-12,172830,30,200,n,discreta_global,"(mu,lambda)",1.0
EE,ackley,4,864,4.029221400969618e-12,173030,30,200,n,discreta_global,"(mu,lambda)",1.0
EE,ackley,4,865,3.6703973194107675e-12,173230,30,200,n,discreta_global,"(mu,lambda)",1.0
EE,ackley,4,866,4.380940055170868e-12,173430,30,200,n,discreta_global,"(mu,lambda)",1.0
EE,ackley,4,867,2.6578739209526248e-12,173630,30,200,n,discreta_global,"(mu,lambda)",1.0
EE,ackley,4,868,3.0166980025114754e-12,173830,30,200,n,discreta_global,"(mu,lambda)",1.0
EE,ackley,4,869,3.5211833449011465e-12,174030,30,200,n,discreta_global,"(mu,lambda)",1.0
EE,ackley,4,870,3.4074965071795305e-12,174230,30,200,n,discreta_global,"(mu,lambda)",1.0
EE,ackley,4,871,3.467892639719139e-12,174430,30,200,n,discreta_global,"(mu,lambda)",1.0
EE,ackley,4,872,3.4572344986827375e-12,174630,30,200,n,discreta_global,"(mu,lambda)",1.0
EE,ackley,4,873,3.411049220858331e-12,174830,30,200,n,discreta_global,"(mu,lambda)",1.0
EE,ackley,4,874,3.986588836824012e-12,175030,30,200,n,discreta_global,"(mu,lambda)",1.0
EE,ackley,4,875,3.1801228317362984e-12,175230,30,200,n,discreta_global,"(mu,lambda)",1.0
EE,ackley,4,876,4.242384221697648e-12,175430,30,200,n,discreta_global,"(mu,lambda)",1.0
EE,ackley,4,877,4.235278794340047e-12,175630,30,200,n,discreta_global,"(mu,lambda)",1.0
EE,ackley,4,878,3.453681785003937e-12,175830,30,200,n,discreta_global,"(mu,lambda)",1.0
EE,ackley,4,879,2.7253754808498343e-12,176030,30,200,n,discreta_global,"(mu,lambda)",1.0
EE,ackley,4,880,3.695266315162371e-12,176230,30,200,n,discreta_global,"(mu,lambda)",1.0
EE,ackley,4,881,3.1303848402330914e-12,176430,30,200,n,discreta_global,"(mu,lambda)",1.0
EE,ackley,4,882,3.5140779175435455e-12,176630,30,200,n,discreta_global,"(mu,lambda)",1.0
EE,ackley,4,883,2.991829006759872e-12,176830,30,200,n,discreta_global,"(mu,lambda)",1.0
EE,ackley,4,884,3.2014391138091014e-12,177030,30,200,n,discreta_global,"(mu,lambda)",1.0
EE,ackley,4,885,3.574474050083154e-12,177230,30,200,n,discreta_global,"(mu,lambda)",1.0
EE,ackley,4,886,3.4501290713251365e-12,177430,30,200,n,discreta_global,"(mu,lambda)",1.0
EE,ackley,4,887,3.2014391138091014e-12,177630,30,200,n,discreta_global,"(mu,lambda)",1.0
EE,ackley,4,888,3.993694264181613e-12,177830,30,200,n,discreta_global,"(mu,lambda)",1.0
EE,ackley,4,889,4.100275674545628e-12,178030,30,200,n,discreta_global,"(mu,lambda)",1.0
EE,ackley,4,890,3.1303848402330914e-12,178230,30,200,n,discreta_global,"(mu,lambda)",1.0
EE,ackley,4,891,4.178435375479239e-12,178430,30,200,n,discreta_global,"(mu,lambda)",1.0
EE,ackley,4,892,4.359623773098065e-12,178630,30,200,n,discreta_global,"(mu,lambda)",1.0
EE,ackley,4,893,3.887112853817598e-12,178830,30,200,n,discreta_global,"(mu,lambda)",1.0
EE,ackley,4,894,3.5567104816891515e-12,179030,30,200,n,discreta_global,"(mu,lambda)",1.0
EE,ackley,4,895,3.951061700036007e-12,179230,30,200,n,discreta_global,"(mu,lambda)",1.0
EE,ackley,4,896,3.8409275759931916e-12,179430,30,200,n,discreta_global,"(mu,lambda)",1.0
EE,ackley,4,897,3.581579477440755e-12,179630,30,200,n,discreta_global,"(mu,lambda)",1.0
EE,ackley,4,898,3.268940673706311e-12,179830,30,200,n,discreta_global,"(mu,lambda)",1.0
EE,ackley,4,899,4.206857084909643e-12,180030,30,200,n,discreta_global,"(mu,lambda)",1.0
EE,ackley,4,900,3.588684904798356e-12,180230,30,200,n,discreta_global,"(mu,lambda)",1.0
EE,ackley,4,901,3.9119818495692016e-12,180430,30,200,n,discreta_global,"(mu,lambda)",1.0
EE,ackley,4,902,3.958167127393608e-12,180630,30,200,n,discreta_global,"(mu,lambda)",1.0
EE,ackley,4,903,2.4447111002245947e-12,180830,30,200,n,discreta_global,"(mu,lambda)",1.0
EE,ackley,4,904,3.6988190288411715e-12,181030,30,200,n,discreta_global,"(mu,lambda)",1.0
EE,ackley,4,905,3.595790332155957e-12,181230,30,200,n,discreta_global,"(mu,lambda)",1.0
EE,ackley,4,906,2.6258994978434202e-12,181430,30,200,n,discreta_global,"(mu,lambda)",1.0
EE,ackley,4,907,3.61710661422876e-12,181630,30,200,n,discreta_global,"(mu,lambda)",1.0
EE,ackley,4,908,3.8196112939203886e-12,181830,30,200,n,discreta_global,"(mu,lambda)",1.0
EE,ackley,4,909,4.057643110400022e-12,182030,30,200,n,discreta_global,"(mu,lambda)",1.0
EE,ackley,4,910,4.533706743359289e-12,182230,30,200,n,discreta_global,"(mu,lambda)",1.0
EE,ackley,4,911,3.610001186871159e-12,182430,30,200,n,discreta_global,"(mu,lambda)",1.0
EE,ackley,4,912,3.233413536918306e-12,182630,30,200,n,discreta_global,"(mu,lambda)",1.0
EE,ackley,4,913,3.0948577034450864e-12,182830,30,200,n,discreta_global,"(mu,lambda)",1.0
EE,ackley,4,914,3.3648639430339244e-12,183030,30,200,n,discreta_global,"(mu,lambda)",1.0
EE,ackley,4,915,3.020250716190276e-12,183230,30,200,n,discreta_global,"(mu,lambda)",1.0
EE,ackley,4,916,3.0664359940146824e-12,183430,30,200,n,discreta_global,"(mu,lambda)",1.0
EE,ackley,4,917,3.283151528421513e-12,183630,30,200,n,discreta_global,"(mu,lambda)",1.0
EE,ackley,4,918,3.2227553958819044e-12,183830,30,200,n,discreta_global,"(mu,lambda)",1.0
EE,ackley,4,919,3.197886400130301e-12,184030,30,200,n,discreta_global,"(mu,lambda)",1.0
EE,ackley,4,920,4.089617533509227e-12,184230,30,200,n,discreta_global,"(mu,lambda)",1.0
EE,ackley,4,921,3.4003910798219295e-12,184430,30,200,n,discreta_global,"(mu,lambda)",1.0
EE,ackley,4,922,3.4146019345371315e-12,184630,30,200,n,discreta_global,"(mu,lambda)",1.0
EE,ackley,4,923,3.894218281175199e-12,184830,30,200,n,discreta_global,"(mu,lambda)",1.0
EE,ackley,4,924,3.2511771053123084e-12,185030,30,200,n,discreta_global,"(mu,lambda)",1.0
EE,ackley,4,925,4.235278794340047e-12,185230,30,200,n,discreta_global,"(mu,lambda)",1.0
EE,ackley,4,926,3.354205801997523e-12,185430,30,200,n,discreta_global,"(mu,lambda)",1.0
EE,ackley,4,927,4.352518345740464e-12,185630,30,200,n,discreta_global,"(mu,lambda)",1.0
EE,ackley,4,928,3.1907809727727e-12,185830,30,200,n,discreta_global,"(mu,lambda)",1.0
EE,ackley,4,929,4.046984969363621e-12,186030,30,200,n,discreta_global,"(mu,lambda)",1.0
EE,ackley,4,930,3.993694264181613e-12,186230,30,200,n,discreta_global,"(mu,lambda)",1.0
EE,ackley,4,931,3.47499806707674e-12,186430,30,200,n,discreta_global,"(mu,lambda)",1.0
EE,ackley,4,932,3.4003910798219295e-12,186630,30,200,n,discreta_global,"(mu,lambda)",1.0
EE,ackley,4,933,3.553157768010351e-12,186830,30,200,n,discreta_global,"(mu,lambda)",1.0
EE,ackley,4,934,4.313438495273658e-12,187030,30,200,n,discreta_global,"(mu,lambda)",1.0
EE,ackley,4,935,4.064748537757623e-12,187230,30,200,n,discreta_global,"(mu,lambda)",1.0
EE,ackley,4,936,3.5211833449011465e-12,187430,30,200,n,discreta_global,"(mu,lambda)",1.0
EE,ackley,4,937,3.752109734023179e-12,187630,30,200,n,discreta_global,"(mu,lambda)",1.0
EE,ackley,4,938,3.6632918920531665e-12,187830,30,200,n,discreta_global,"(mu,lambda)",1.0
EE,ackley,4,939,3.240518964275907e-12,188030,30,200,n,discreta_global,"(mu,lambda)",1.0
EE,ackley,4,940,3.4146019345371315e-12,188230,30,200,n,discreta_global,"(mu,lambda)",1.0
EE,ackley,4,941,2.9385383015778643e-12,188430,30,200,n,discreta_global,"(mu,lambda)",1.0
EE,ackley,4,942,3.8764547127811966e-12,188630,30,200,n,discreta_global,"(mu,lambda)",1.0
EE,ackley,4,943,2.6898483440618293e-12,188830,30,200,n,discreta_global,"(mu,lambda)",1.0
EE,ackley,4,944,3.8338221486355906e-12,189030,30,200,n,discreta_global,"(mu,lambda)",1.0
EE,ackley,4,945,3.339994947282321e-12,189230,30,200,n,discreta_global,"(mu,lambda)",1.0
EE,ackley,4,946,3.375522084070326e-12,189430,30,200,n,discreta_global,"(mu,lambda)",1.0
EE,ackley,4,947,3.460787212361538e-12,189630,30,200,n,discreta_global,"(mu,lambda)",1.0
EE,ackley,4,948,3.354205801997523e-12,189830,30,200,n,discreta_global,"(mu,lambda)",1.0
EE,ackley,4,949,3.54605234065275e-12,190030,30,200,n,discreta_global,"(mu,lambda)",1.0
EE,ackley,4,950,3.26183524634871e-12,190230,30,200,n,discreta_global,"(mu,lambda)",1.0
EE,ackley,4,951,3.8480330033507926e-12,190430,30,200,n,discreta_global,"(mu,lambda)",1.0
EE,ackley,4,952,3.851585717029593e-12,190630,30,200,n,discreta_global,"(mu,lambda)",1.0
EE,ackley,4,953,3.8764547127811966e-12,190830,30,200,n,discreta_global,"(mu,lambda)",1.0
EE,ackley,4,954,3.961719841072409e-12,191030,30,200,n,discreta_global,"(mu,lambda)",1.0
EE,ackley,4,955,3.6064484731923585e-12,191230,30,200,n,discreta_global,"(mu,lambda)",1.0
EE,ackley,4,956,3.68816088780477e-12,191430,30,200,n,discreta_global,"(mu,lambda)",1.0
EE,ackley,4,957,3.361311229355124e-12,191630,30,200,n,discreta_global,"(mu,lambda)",1.0
EE,ackley,4,958,3.4714453533979395e-12,191830,30,200,n,discreta_global,"(mu,lambda)",1.0
EE,ackley,4,959,3.105515844481488e-12,192030,30,200,n,discreta_global,"(mu,lambda)",1.0
EE,ackley,4,960,2.5797142200190137e-12,192230,30,200,n,discreta_global,"(mu,lambda)",1.0
EE,ackley,4,961,3.4074965071795305e-12,192430,30,200,n,discreta_global,"(mu,lambda)",1.0
EE,ackley,4,962,3.2440716779547074e-12,192630,30,200,n,discreta_global,"(mu,lambda)",1.0
EE,ackley,4,963,3.283151528421513e-12,192830,30,200,n,discreta_global,"(mu,lambda)",1.0
EE,ackley,4,964,3.1374902675906924e-12,193030,30,200,n,discreta_global,"(mu,lambda)",1.0
EE,ackley,4,965,3.396838366143129e-12,193230,30,200,n,discreta_global,"(mu,lambda)",1.0
EE,ackley,4,966,3.8338221486355906e-12,193430,30,200,n,discreta_global,"(mu,lambda)",1.0
EE,ackley,4,967,3.808953152883987e-12,193630,30,200,n,discreta_global,"(mu,lambda)",1.0
EE,ackley,4,968,3.432365502931134e-12,193830,30,200,n,discreta_global,"(mu,lambda)",1.0
EE,ackley,4,969,3.723688024592775e-12,194030,30,200,n,discreta_global,"(mu,lambda)",1.0
EE,ackley,4,970,3.446576357646336e-12,194230,30,200,n,discreta_global,"(mu,lambda)",1.0
EE,ackley,4,971,3.943956272678406e-12,194430,30,200,n,discreta_global,"(mu,lambda)",1.0
EE,ackley,4,972,2.3878676813637867e-12,194630,30,200,n,discreta_global,"(mu,lambda)",1.0
EE,ackley,4,973,3.2653879600275104e-12,194830,30,200,n,discreta_global,"(mu,lambda)",1.0
EE,ackley,4,974,3.8906655674963986e-12,195030,30,200,n,discreta_global,"(mu,lambda)",1.0
EE,ackley,4,975,4.046984969363621e-12,195230,30,200,n,discreta_global,"(mu,lambda)",1.0
EE,ackley,4,976,4.157119093406436e-12,195430,30,200,n,discreta_global,"(mu,lambda)",1.0
EE,ackley,4,977,3.7343461656291765e-12,195630,30,200,n,discreta_global,"(mu,lambda)",1.0
EE,ackley,4,978,3.3009150968155154e-12,195830,30,200,n,discreta_global,"(mu,lambda)",1.0
EE,ackley,4,979,3.531841485937548e-12,196030,30,200,n,discreta_global,"(mu,lambda)",1.0
EE,ackley,4,980,3.787636870811184e-12,196230,30,200,n,discreta_global,"(mu,lambda)",1.0
EE,ackley,4,981,3.954614413714808e-12,196430,30,200,n,discreta_global,"(mu,lambda)",1.0
EE,ackley,4,982,2.7005064850982308e-12,196630,30,200,n,discreta_global,"(mu,lambda)",1.0
EE,ackley,4,983,3.993694264181613e-12,196830,30,200,n,discreta_global,"(mu,lambda)",1.0
EE,ackley,4,984,3.304467810494316e-12,197030,30,200,n,discreta_global,"(mu,lambda)",1.0
EE,ackley,4,985,3.7698733024171815e-12,197230,30,200,n,discreta_global,"(mu,lambda)",1.0
EE,ackley,4,986,3.290256955779114e-12,197430,30,200,n,discreta_global,"(mu,lambda)",1.0
EE,ackley,4,987,3.645528323659164e-12,197630,30,200,n,discreta_global,"(mu,lambda)",1.0
EE,ackley,4,988,3.4643399260403385e-12,197830,30,200,n,discreta_global,"(mu,lambda)",1.0
EE,ackley,4,989,3.3009150968155154e-12,198030,30,200,n,discreta_global,"(mu,lambda)",1.0
EE,ackley,4,990,4.416467191958873e-12,198230,30,200,n,discreta_global,"(mu,lambda)",1.0
EE,ackley,4,991,4.093170247188027e-12,198430,30,200,n,discreta_global,"(mu,lambda)",1.0
EE,ackley,4,992,3.961719841072409e-12,198630,30,200,n,discreta_global,"(mu,lambda)",1.0
EE,ackley,4,993,3.8693492854235956e-12,198830,30,200,n,discreta_global,"(mu,lambda)",1.0
EE,ackley,4,994,3.915534563248002e-12,199030,30,200,n,discreta_global,"(mu,lambda)",1.0
EE,ackley,4,995,3.6419756099803635e-12,199230,30,200,n,discreta_global,"(mu,lambda)",1.0
EE,ackley,4,996,3.96882526843001e-12,199430,30,200,n,discreta_global,"(mu,lambda)",1.0
EE,ackley,4,997,3.4217073618947325e-12,199630,30,200,n,discreta_global,"(mu,lambda)",1.0
EE,ackley,4,998,3.83026943495679e-12,199830,30,200,n,discreta_global,"(mu,lambda)",1.0
EE,ackley,4,999,3.808953152883987e-12,200030,30,200,n,discreta_global,"(mu,lambda)",1.0
EE,ackley,4,1000,3.9404035589996056e-12,200230,30,200,n,discreta_global,"(mu,lambda)",1.0
EE,ackley,4,1001,2.5655033653038117e-12,200430,30,200,n,discreta_global,"(mu,lambda)",1.0
EE,ackley,4,1002,3.396838366143129e-12,200630,30,200,n,discreta_global,"(mu,lambda)",1.0
EE,ackley,4,1003,4.096722960866828e-12,200830,30,200,n,discreta_global,"(mu,lambda)",1.0
EE,ackley,4,1004,3.7130298835563735e-12,201030,30,200,n,discreta_global,"(mu,lambda)",1.0
EE,ackley,4,1005,3.673950033089568e-12,201230,30,200,n,discreta_global,"(mu,lambda)",1.0
EE,ackley,4,1006,3.439470930288735e-12,201430,30,200,n,discreta_global,"(mu,lambda)",1.0
EE,ackley,4,1007,3.922639990605603e-12,201630,30,200,n,discreta_global,"(mu,lambda)",1.0
EE,ackley,4,1008,2.7076119124558318e-12,201830,30,200,n,discreta_global,"(mu,lambda)",1.0
EE,ackley,4,1009,3.915534563248002e-12,202030,30,200,n,discreta_global,"(mu,lambda)",1.0
EE,ackley,4,1010,3.560263195367952e-12,202230,30,200,n,discreta_global,"(mu,lambda)",1.0
EE,ackley,4,1011,4.000799691539214e-12,202430,30,200,n,discreta_global,"(mu,lambda)",1.0
EE,ackley,4,1012,3.467892639719139e-12,202630,30,200,n,discreta_global,"(mu,lambda)",1.0
EE,ackley,4,1013,3.9013237085328e-12,202830,30,200,n,discreta_global,"(mu,lambda)",1.0
EE,ackley,4,1014,4.32764934998886e-12,203030,30,200,n,discreta_global,"(mu,lambda)",1.0
EE,ackley,4,1015,3.4359182166099345e-12,203230,30,200,n,discreta_global,"(mu,lambda)",1.0
EE,ackley,4,1016,2.7253754808498343e-12,203430,30,200,n,discreta_global,"(mu,lambda)",1.0
EE,ackley,4,1017,3.47499806707674e-12,203630,30,200,n,discreta_global,"(mu,lambda)",1.0
EE,ackley,4,1018,4.000799691539214e-12,203830,30,200,n,discreta_global,"(mu,lambda)",1.0
EE,ackley,4,1019,2.970512724687069e-12,204030,30,200,n,discreta_global,"(mu,lambda)",1.0
EE,ackley,4,1020,2.3523405445757817e-12,204230,30,200,n,discreta_global,"(mu,lambda)",1.0
EE,ackley,4,1021,2.998934434117473e-12,204430,30,200,n,discreta_global,"(mu,lambda)",1.0
EE,ackley,4,1022,3.7272407382715755e-12,204630,30,200,n,discreta_global,"(mu,lambda)",1.0
EE,ackley,4,1023,3.219202682203104e-12,204830,30,200,n,discreta_global,"(mu,lambda)",1.0
EE,ackley,4,1024,3.6277647552651615e-12,205030,30,200,n,discreta_global,"(mu,lambda)",1.0
EE,ackley,4,1025,3.3151259515307174e-12,205230,30,200,n,discreta_global,"(mu,lambda)",1.0
EE,ackley,4,1026,3.958167127393608e-12,205430,30,200,n,discreta_global,"(mu,lambda)",1.0
EE,ackley,4,1027,2.991829006759872e-12,205630,30,200,n,discreta_global,"(mu,lambda)",1.0
EE,ackley,4,1028,3.389732938785528e-12,205830,30,200,n,discreta_global,"(mu,lambda)",1.0
EE,ackley,4,1029,2.7715607586742408e-12,206030,30,200,n,discreta_global,"(mu,lambda)",1.0
EE,ackley,4,1030,3.6277647552651615e-12,206230,30,200,n,discreta_global,"(mu,lambda)",1.0
EE,ackley,4,1031,2.9811708657234703e-12,206430,30,200,n,discreta_global,"(mu,lambda)",1.0
EE,ackley,4,1032,3.681055460447169e-12,206630,30,200,n,discreta_global,"(mu,lambda)",1.0
EE,ackley,4,1033,3.162359263342296e-12,206830,30,200,n,discreta_global,"(mu,lambda)",1.0
EE,ackley,4,1034,3.560263195367952e-12,207030,30,200,n,discreta_global,"(mu,lambda)",1.0
EE,ackley,4,1035,2.913669305826261e-12,207230,30,200,n,discreta_global,"(mu,lambda)",1.0
EE,ackley,4,1036,3.1517011223058944e-12,207430,30,200,n,discreta_global,"(mu,lambda)",1.0
EE,ackley,4,1037,3.581579477440755e-12,207630,30,200,n,discreta_global,"(mu,lambda)",1.0
EE,ackley,4,1038,3.027356143547877e-12,207830,30,200,n,discreta_global,"(mu,lambda)",1.0
EE,ackley,4,1039,4.029221400969618e-12,208030,30,200,n,discreta_global,"(mu,lambda)",1.0
EE,ackley,4,1040,4.224620653303646e-12,208230,30,200,n,discreta_global,"(mu,lambda)",1.0
EE,ackley,4,1041,3.5567104816891515e-12,208430,30,200,n,discreta_global,"(mu,lambda)",1.0
EE,ackley,4,1042,3.673950033089568e-12,208630,30,200,n,discreta_global,"(mu,lambda)",1.0
EE,ackley,4,1043,3.61710661422876e-12,208830,30,200,n,discreta_global,"(mu,lambda)",1.0
EE,ackley,4,1044,4.022115973612017e-12,209030,30,200,n,discreta_global,"(mu,lambda)",1.0
EE,ackley,4,1045,3.4856562081131415e-12,209230,30,200,n,discreta_global,"(mu,lambda)",1.0
EE,ackley,4,1046,4.107381101903229e-12,209430,30,200,n,discreta_global,"(mu,lambda)",1.0
EE,ackley,4,1047,3.197886400130301e-12,209630,30,200,n,discreta_global,"(mu,lambda)",1.0
EE,ackley,4,1048,4.206857084909643e-12,209830,30,200,n,discreta_global,"(mu,lambda)",1.0
EE,ackley,4,1049,3.983036123145212e-12,210030,30,200,n,discreta_global,"(mu,lambda)",1.0
EE,ackley,4,1050,3.5211833449011465e-12,210230,30,200,n,discreta_global,"(mu,lambda)",1.0
EE,ackley,4,1051,3.9013237085328e-12,210430,30,200,n,discreta_global,"(mu,lambda)",1.0
EE,ackley,4,1052,4.018563259933217e-12,210630,30,200,n,discreta_global,"(mu,lambda)",1.0
EE,ackley,4,1053,3.11972669919669e-12,210830,30,200,n,discreta_global,"(mu,lambda)",1.0
EE,ackley,4,1054,2.970512724687069e-12,211030,30,200,n,discreta_global,"(mu,lambda)",1.0
EE,ackley,4,1055,2.927880160541463e-12,211230,30,200,n,discreta_global,"(mu,lambda)",1.0
EE,ackley,4,1056,3.226308109560705e-12,211430,30,200,n,discreta_global,"(mu,lambda)",1.0
EE,ackley,4,1057,3.780531443453583e-12,211630,30,200,n,discreta_global,"(mu,lambda)",1.0
EE,ackley,4,1058,3.652633751016765e-12,211830,30,200,n,discreta_global,"(mu,lambda)",1.0
EE,ackley,4,1059,3.283151528421513e-12,212030,30,200,n,discreta_global,"(mu,lambda)",1.0
EE,ackley,4,1060,2.4731328096549987e-12,212230,30,200,n,discreta_global,"(mu,lambda)",1.0
EE,ackley,4,1061,3.8125058665627876e-12,212430,30,200,n,discreta_global,"(mu,lambda)",1.0
EE,ackley,4,1062,3.148148408627094e-12,212630,30,200,n,discreta_global,"(mu,lambda)",1.0
EE,ackley,4,1063,3.4927616354707425e-12,212830,30,200,n,discreta_global,"(mu,lambda)",1.0
EE,ackley,4,1064,3.8054004392051866e-12,213030,30,200,n,discreta_global,"(mu,lambda)",1.0
EE,ackley,4,1065,2.9740654383658693e-12,213230,30,200,n,discreta_global,"(mu,lambda)",1.0
EE,ackley,4,1066,2.7218227671710338e-12,213430,30,200,n,discreta_global,"(mu,lambda)",1.0
EE,ackley,4,1067,3.54605234065275e-12,213630,30,200,n,discreta_global,"(mu,lambda)",1.0
EE,ackley,4,1068,3.880007426459997e-12,213830,30,200,n,discreta_global,"(mu,lambda)",1.0
EE,ackley,4,1069,3.411049220858331e-12,214030,30,200,n,discreta_global,"(mu,lambda)",1.0
EE,ackley,4,1070,3.567368622725553e-12,214230,30,200,n,discreta_global,"(mu,lambda)",1.0
EE,ackley,4,1071,3.9332981316420046e-12,214430,30,200,n,discreta_global,"(mu,lambda)",1.0
EE,ackley,4,1072,4.18554080283684e-12,214630,30,200,n,discreta_global,"(mu,lambda)",1.0
EE,ackley,4,1073,3.382627511427927e-12,214830,30,200,n,discreta_global,"(mu,lambda)",1.0
EE,ackley,4,1074,3.460787212361538e-12,215030,30,200,n,discreta_global,"(mu,lambda)",1.0
EE,ackley,4,1075,2.863931314323054e-12,215230,30,200,n,discreta_global,"(mu,lambda)",1.0
EE,ackley,4,1076,3.961719841072409e-12,215430,30,200,n,discreta_global,"(mu,lambda)",1.0
EE,ackley,4,1077,3.6917136014835705e-12,215630,30,200,n,discreta_global,"(mu,lambda)",1.0
EE,ackley,4,1078,3.929745417963204e-12,215830,30,200,n,discreta_global,"(mu,lambda)",1.0
EE,ackley,4,1079,4.089617533509227e-12,216030,30,200,n,discreta_global,"(mu,lambda)",1.0
EE,ackley,4,1080,2.7680080449954403e-12,216230,30,200,n,discreta_global,"(mu,lambda)",1.0
EE,ackley,4,1081,3.723688024592775e-12,216430,30,200,n,discreta_global,"(mu,lambda)",1.0
EE,ackley,4,1082,2.878142169038256e-12,216630,30,200,n,discreta_global,"(mu,lambda)",1.0
EE,ackley,4,1083,3.83026943495679e-12,216830,30,200,n,discreta_global,"(mu,lambda)",1.0
EE,ackley,4,1084,3.425260075573533e-12,217030,30,200,n,discreta_global,"(mu,lambda)",1.0
EE,ackley,4,1085,4.562128452789693e-12,217230,30,200,n,discreta_global,"(mu,lambda)",1.0
EE,ackley,4,1086,4.295674926879656e-12,217430,30,200,n,discreta_global,"(mu,lambda)",1.0
EE,ackley,4,1087,3.787636870811184e-12,217630,30,200,n,discreta_global,"(mu,lambda)",1.0
EE,ackley,4,1088,3.2369662505971064e-12,217830,30,200,n,discreta_global,"(mu,lambda)",1.0
EE,ackley,4,1089,3.975930695787611e-12,218030,30,200,n,discreta_global,"(mu,lambda)",1.0
EE,ackley,4,1090,3.538946913295149e-12,218230,30,200,n,discreta_global,"(mu,lambda)",1.0
EE,ackley,4,1091,4.270805931128052e-12,218430,30,200,n,discreta_global,"(mu,lambda)",1.0
EE,ackley,4,1092,2.6436630662374228e-12,218630,30,200,n,discreta_global,"(mu,lambda)",1.0
EE,ackley,4,1093,3.467892639719139e-12,218830,30,200,n,discreta_global,"(mu,lambda)",1.0
EE,ackley,4,1094,2.7786661860318418e-12,219030,30,200,n,discreta_global,"(mu,lambda)",1.0
EE,ackley,4,1095,3.1872282590938994e-12,219230,30,200,n,discreta_global,"(mu,lambda)",1.0
EE,ackley,4,1096,3.716582597235174e-12,219430,30,200,n,discreta_global,"(mu,lambda)",1.0
EE,ackley,4,1097,3.6775027467683685e-12,219630,30,200,n,discreta_global,"(mu,lambda)",1.0
EE,ackley,4,1098,4.18554080283684e-12,219830,30,200,n,discreta_global,"(mu,lambda)",1.0
EE,ackley,4,1099,3.773426016095982e-12,220030,30,200,n,discreta_global,"(mu,lambda)",1.0
EE,ackley,4,1100,3.47499806707674e-12,220230,30,200,n,discreta_global,"(mu,lambda)",1.0
EE,ackley,4,1101,3.3151259515307174e-12,220430,30,200,n,discreta_global,"(mu,lambda)",1.0
EE,ackley,4,1102,3.2369662505971064e-12,220630,30,200,n,discreta_global,"(mu,lambda)",1.0
EE,ackley,4,1103,3.1659119770210964e-12,220830,30,200,n,discreta_global,"(mu,lambda)",1.0
EE,ackley,4,1104,3.808953152883987e-12,221030,30,200,n,discreta_global,"(mu,lambda)",1.0
EE,ackley,4,1105,3.5496050543315505e-12,221230,30,200,n,discreta_global,"(mu,lambda)",1.0
EE,ackley,4,1106,3.489208921791942e-12,221430,30,200,n,discreta_global,"(mu,lambda)",1.0
EE,ackley,4,1107,4.011457832575616e-12,221630,30,200,n,discreta_global,"(mu,lambda)",1.0
EE,ackley,4,1108,4.405809050922471e-12,221830,30,200,n,discreta_global,"(mu,lambda)",1.0
EE,ackley,4,1109,3.638422896301563e-12,222030,30,200,n,discreta_global,"(mu,lambda)",1.0
EE,ackley,4,1110,4.39870362356487e-12,222230,30,200,n,discreta_global,"(mu,lambda)",1.0
EE,ackley,4,1111,3.560263195367952e-12,222430,30,200,n,discreta_global,"(mu,lambda)",1.0
EE,ackley,4,1112,3.4430236439675355e-12,222630,30,200,n,discreta_global,"(mu,lambda)",1.0
EE,ackley,4,1113,3.3151259515307174e-12,222830,30,200,n,discreta_global,"(mu,lambda)",1.0
EE,ackley,4,1114,4.004352405218015e-12,223030,30,200,n,discreta_global,"(mu,lambda)",1.0
EE,ackley,4,1115,3.531841485937548e-12,223230,30,200,n,discreta_global,"(mu,lambda)",1.0
EE,ackley,4,1116,3.595790332155957e-12,223430,30,200,n,discreta_global,"(mu,lambda)",1.0
EE,ackley,4,1117,3.8409275759931916e-12,223630,30,200,n,discreta_global,"(mu,lambda)",1.0
EE,ackley,4,1118,2.7964297544258443e-12,223830,30,200,n,discreta_global,"(mu,lambda)",1.0
EE,ackley,4,1119,3.965272554751209e-12,224030,30,200,n,discreta_global,"(mu,lambda)",1.0
EE,ackley,4,1120,3.6348701826227625e-12,224230,30,200,n,discreta_global,"(mu,lambda)",1.0
EE,ackley,4,1121,3.47499806707674e-12,224430,30,200,n,discreta_global,"(mu,lambda)",1.0
EE,ackley,4,1122,4.402256337243671e-12,224630,30,200,n,discreta_global,"(mu,lambda)",1.0
EE,ackley,4,1123,3.0664359940146824e-12,224830,30,200,n,discreta_global,"(mu,lambda)",1.0
EE,ackley,4,1124,2.3807622540061857e-12,225030,30,200,n,discreta_global,"(mu,lambda)",1.0
EE,ackley,4,1125,3.8338221486355906e-12,225230,30,200,n,discreta_global,"(mu,lambda)",1.0
EE,ackley,4,1126,3.8125058665627876e-12,225430,30,200,n,discreta_global,"(mu,lambda)",1.0
EE,ackley,4,1127,3.247624391633508e-12,225630,30,200,n,discreta_global,"(mu,lambda)",1.0
EE,ackley,4,1128,3.8906655674963986e-12,225830,30,200,n,discreta_global,"(mu,lambda)",1.0
EE,ackley,4,1129,3.062883280335882e-12,226030,30,200,n,discreta_global,"(mu,lambda)",1.0
EE,ackley,4,1130,3.4430236439675355e-12,226230,30,200,n,discreta_global,"(mu,lambda)",1.0
EE,ackley,4,1131,3.1232794128754904e-12,226430,30,200,n,discreta_global,"(mu,lambda)",1.0
EE,ackley,4,1132,2.849720459607852e-12,226630,30,200,n,discreta_global,"(mu,lambda)",1.0
EE,ackley,4,1133,3.40394379350073e-12,226830,30,200,n,discreta_global,"(mu,lambda)",1.0
EE,ackley,4,1134,3.432365502931134e-12,227030,30,200,n,discreta_global,"(mu,lambda)",1.0
EE,ackley,4,1135,3.975930695787611e-12,227230,30,200,n,discreta_global,"(mu,lambda)",1.0
EE,ackley,4,1136,3.425260075573533e-12,227430,30,200,n,discreta_global,"(mu,lambda)",1.0
EE,ackley,4,1137,3.7272407382715755e-12,227630,30,200,n,discreta_global,"(mu,lambda)",1.0
EE,ackley,4,1138,4.242384221697648e-12,227830,30,200,n,discreta_global,"(mu,lambda)",1.0
EE,ackley,4,1139,4.650946294759706e-12,228030,30,200,n,discreta_global,"(mu,lambda)",1.0
EE,ackley,4,1140,3.993694264181613e-12,228230,30,200,n,discreta_global,"(mu,lambda)",1.0
EE,ackley,4,1141,2.4376056728669937e-12,228430,30,200,n,discreta_global,"(mu,lambda)",1.0
EE,ackley,4,1142,3.709477169877573e-12,228630,30,200,n,discreta_global,"(mu,lambda)",1.0
EE,ackley,4,1143,4.078959392472825e-12,228830,30,200,n,discreta_global,"(mu,lambda)",1.0
EE,ackley,4,1144,2.9740654383658693e-12,229030,30,200,n,discreta_global,"(mu,lambda)",1.0
EE,ackley,4,1145,4.022115973612017e-12,229230,30,200,n,discreta_global,"(mu,lambda)",1.0
EE,ackley,4,1146,4.029221400969618e-12,229430,30,200,n,discreta_global,"(mu,lambda)",1.0
EE,ackley,4,1147,3.4074965071795305e-12,229630,30,200,n,discreta_global,"(mu,lambda)",1.0
EE,ackley,4,1148,3.7911895844899846e-12,229830,30,200,n,discreta_global,"(mu,lambda)",1.0
EE,ackley,4,1149,4.128697383976032e-12,230030,30,200,n,discreta_global,"(mu,lambda)",1.0
EE,ackley,4,1150,3.3506530883187224e-12,230230,30,200,n,discreta_global,"(mu,lambda)",1.0
EE,ackley,4,1151,4.128697383976032e-12,230430,30,200,n,discreta_global,"(mu,lambda)",1.0
EE,ackley,4,1152,3.6277647552651615e-12,230630,30,200,n,discreta_global,"(mu,lambda)",1.0
EE,ackley,4,1153,4.029221400969618e-12,230830,30,200,n,discreta_global,"(mu,lambda)",1.0
EE,ackley,4,1154,3.3151259515307174e-12,231030,30,200,n,discreta_global,"(mu,lambda)",1.0
EE,ackley,4,1155,2.863931314323054e-12,231230,30,200,n,discreta_global,"(mu,lambda)",1.0
EE,ackley,4,1156,4.544364884395691e-12,231430,30,200,n,discreta_global,"(mu,lambda)",1.0
EE,ackley,4,1157,3.6419756099803635e-12,231630,30,200,n,discreta_global,"(mu,lambda)",1.0
EE,ackley,4,1158,3.6277647552651615e-12,231830,30,200,n,discreta_global,"(mu,lambda)",1.0
EE,ackley,4,1159,2.956301869971867e-12,232030,30,200,n,discreta_global,"(mu,lambda)",1.0
EE,ackley,4,1160,3.75921516138078e-12,232230,30,200,n,discreta_global,"(mu,lambda)",1.0
EE,ackley,4,1161,2.377209540327385e-12,232430,30,200,n,discreta_global,"(mu,lambda)",1.0
EE,ackley,4,1162,3.1730174043786974e-12,232630,30,200,n,discreta_global,"(mu,lambda)",1.0
EE,ackley,4,1163,3.8622438580659946e-12,232830,30,200,n,discreta_global,"(mu,lambda)",1.0
EE,ackley,4,1164,2.5655033653038117e-12,233030,30,200,n,discreta_global,"(mu,lambda)",1.0
EE,ackley,4,1165,3.908429135890401e-12,233230,30,200,n,discreta_global,"(mu,lambda)",1.0
EE,ackley,4,1166,2.956301869971867e-12,233430,30,200,n,discreta_global,"(mu,lambda)",1.0
EE,ackley,4,1167,3.5780267637619545e-12,233630,30,200,n,discreta_global,"(mu,lambda)",1.0
EE,ackley,4,1168,3.6419756099803635e-12,233830,30,200,n,discreta_global,"(mu,lambda)",1.0
EE,ackley,4,1169,3.766320588738381e-12,234030,30,200,n,discreta_global,"(mu,lambda)",1.0
EE,ackley,4,1170,3.290256955779114e-12,234230,30,200,n,discreta_global,"(mu,lambda)",1.0
EE,ackley,4,1171,3.510525203864745e-12,234430,30,200,n,discreta_global,"(mu,lambda)",1.0
EE,ackley,4,1172,3.460787212361538e-12,234630,30,200,n,discreta_global,"(mu,lambda)",1.0
EE,ackley,4,1173,3.6561864646955655e-12,234830,30,200,n,discreta_global,"(mu,lambda)",1.0
EE,ackley,4,1174,3.6490810373379645e-12,235030,30,200,n,discreta_global,"(mu,lambda)",1.0
EE,ackley,4,1175,4.054090396721222e-12,235230,30,200,n,discreta_global,"(mu,lambda)",1.0
EE,ackley,4,1176,3.510525203864745e-12,235430,30,200,n,discreta_global,"(mu,lambda)",1.0
EE,ackley,4,1177,3.361311229355124e-12,235630,30,200,n,discreta_global,"(mu,lambda)",1.0
EE,ackley,4,1178,3.983036123145212e-12,235830,30,200,n,discreta_global,"(mu,lambda)",1.0
EE,ackley,4,1179,3.1907809727727e-12,236030,30,200,n,discreta_global,"(mu,lambda)",1.0
EE,ackley,4,1180,2.6507684935950238e-12,236230,30,200,n,discreta_global,"(mu,lambda)",1.0
EE,ackley,4,1181,3.538946913295149e-12,236430,30,200,n,discreta_global,"(mu,lambda)",1.0
EE,ackley,4,1182,3.3719693703915254e-12,236630,30,200,n,discreta_global,"(mu,lambda)",1.0
EE,ackley,4,1183,3.574474050083154e-12,236830,30,200,n,discreta_global,"(mu,lambda)",1.0
EE,ackley,4,1184,2.1462831512053526e-12,237030,30,200,n,discreta_global,"(mu,lambda)",1.0
EE,ackley,4,1185,2.092992446023345e-12,237230,30,200,n,discreta_global,"(mu,lambda)",1.0
EE,ackley,4,1186,2.8248514638562483e-12,237430,30,200,n,discreta_global,"(mu,lambda)",1.0
EE,ackley,4,1187,2.892353023753458e-12,237630,30,200,n,discreta_global,"(mu,lambda)",1.0
EE,ackley,4,1188,3.013145288832675e-12,237830,30,200,n,discreta_global,"(mu,lambda)",1.0
EE,ackley,4,1189,3.4998670628283435e-12,238030,30,200,n,discreta_global,"(mu,lambda)",1.0
EE,ackley,4,1190,2.963407297329468e-12,238230,30,200,n,discreta_global,"(mu,lambda)",1.0
EE,ackley,4,1191,2.5619506516250112e-12,238430,30,200,n,discreta_global,"(mu,lambda)",1.0
EE,ackley,4,1192,3.268940673706311e-12,238630,30,200,n,discreta_global,"(mu,lambda)",1.0
EE,ackley,4,1193,2.6862956303830288e-12,238830,30,200,n,discreta_global,"(mu,lambda)",1.0
EE,ackley,4,1194,3.745004306665578e-12,239030,30,200,n,discreta_global,"(mu,lambda)",1.0
EE,ackley,4,1195,3.489208921791942e-12,239230,30,200,n,discreta_global,"(mu,lambda)",1.0
EE,ackley,4,1196,3.8125058665627876e-12,239430,30,200,n,discreta_global,"(mu,lambda)",1.0
EE,ackley,4,1197,3.04867242562068e-12,239630,30,200,n,discreta_global,"(mu,lambda)",1.0
EE,ackley,4,1198,3.0593305666570814e-12,239830,30,200,n,discreta_global,"(mu,lambda)",1.0
EE,ackley,4,1199,3.538946913295149e-12,240030,30,200,n,discreta_global,"(mu,lambda)",1.0
