algoritmo,funcion,ejecucion,generacion,mejor_fitness,evaluaciones,np,F,CR,variante
DE,ackley,0,0,20.242471503500482,60,30,0.5,0.2,rand
DE,ackley,0,1,20.197897448626644,90,30,0.5,0.2,rand
DE,ackley,0,2,19.837027319819455,120,30,0.5,0.2,rand
DE,ackley,0,3,19.41268521130904,150,30,0.5,0.2,rand
DE,ackley,0,4,18.74784022556371,180,30,0.5,0.2,rand
DE,ackley,0,5,18.74784022556371,210,30,0.5,0.2,rand
DE,ackley,0,6,18.74784022556371,240,30,0.5,0.2,rand
DE,ackley,0,7,18.643565671018106,270,30,0.5,0.2,rand
DE,ackley,0,8,18.100234440989997,300,30,0.5,0.2,rand
DE,ackley,0,9,18.100234440989997,330,30,0.5,0.2,rand
DE,ackley,0,10,17.136682933377013,360,30,0.5,0.2,rand
DE,ackley,0,11,17.136682933377013,390,30,0.5,0.2,rand
DE,ackley,0,12,17.136682933377013,420,30,0.5,0.2,rand
DE,ackley,0,13,15.234974377093895,450,30,0.5,0.2,rand
DE,ackley,0,14,15.234974377093895,480,30,0.5,0.2,rand
DE,ackley,0,15,14.87316127803783,510,30,0.5,0.2,rand
DE,ackley,0,16,14.87316127803783,540,30,0.5,0.2,rand
DE,ackley,0,17,14.87316127803783,570,30,0.5,0.2,rand
DE,ackley,0,18,14.87316127803783,600,30,0.5,0.2,rand
DE,ackley,0,19,13.666058318809032,630,30,0.5,0.2,rand
DE,ackley,0,20,13.666058318809032,660,30,0.5,0.2,rand
DE,ackley,0,21,13.666058318809032,690,30,0.5,0.2,rand
DE,ackley,0,22,13.666058318809032,720,30,0.5,0.2,rand
DE,ackley,0,23,13.666058318809032,750,30,0.5,0.2,rand
DE,ackley,0,24,13.666058318809032,780,30,0.5,0.2,rand
DE,ackley,0,25,13.666058318809032,810,30,0.5,0.2,rand
DE,ackley,0,26,12.28466267392377,840,30,0.5,0.2,rand
DE,ackley,0,27,12.262755083550065,870,30,0.5,0.2,rand
DE,ackley,0,28,12.262755083550065,900,30,0.5,0.2,rand
DE,ackley,0,29,11.481343707028294,930,30,0.5,0.2,rand
DE,ackley,0,30,11.166542400489924,960,30,0.5,0.2,rand
DE,ackley,0,31,11.166542400489924,990,30,0.5,0.2,rand
DE,ackley,0,32,10.181399847332074,1020,30,0.5,0.2,rand
DE,ackley,0,33,9.14520340356255,1050,30,0.5,0.2,rand
DE,ackley,0,34,9.14520340356255,1080,30,0.5,0.2,rand
DE,ackley,0,35,9.14520340356255,1110,30,0.5,0.2,rand
DE,ackley,0,36,8.128506423212894,1140,30,0.5,0.2,rand
DE,ackley,0,37,8.128506423212894,1170,30,0.5,0.2,rand
DE,ackley,0,38,7.332542372878175,1200,30,0.5,0.2,rand
DE,ackley,0,39,7.144525718993963,1230,30,0.5,0.2,rand
DE,ackley,0,40,7.144525718993963,1260,30,0.5,0.2,rand
DE,ackley,0,41,6.529092598499542,1290,30,0.5,0.2,rand
DE,ackley,0,42,6.128369358307783,1320,30,0.5,0.2,rand
DE,ackley,0,43,6.128369358307783,1350,30,0.5,0.2,rand
DE,ackley,0,44,6.101099978356675,1380,30,0.5,0.2,rand
DE,ackley,0,45,6.101099978356675,1410,30,0.5,0.2,rand
DE,ackley,0,46,5.000834164630515,1440,30,0.5,0.2,rand
DE,ackley,0,47,5.000834164630515,1470,30,0.5,0.2,rand
DE,ackley,0,48,5.000834164630515,1500,30,0.5,0.2,rand
DE,ackley,0,49,4.886897247016563,1530,30,0.5,0.2,rand
DE,ackley,0,50,4.638564832520874,1560,30,0.5,0.2,rand
DE,ackley,0,51,4.638564832520874,1590,30,0.5,0.2,rand
DE,ackley,0,52,4.638564832520874,1620,30,0.5,0.2,rand
DE,ackley,0,53,4.554916448406104,1650,30,0.5,0.2,rand
DE,ackley,0,54,4.554916448406104,1680,30,0.5,0.2,rand
DE,ackley,0,55,4.317523341027567,1710,30,0.5,0.2,rand
DE,ackley,0,56,4.317523341027567,1740,30,0.5,0.2,rand
DE,ackley,0,57,4.317523341027567,1770,30,0.5,0.2,rand
DE,ackley,0,58,3.722438033694339,1800,30,0.5,0.2,rand
DE,ackley,0,59,3.722438033694339,1830,30,0.5,0.2,rand
DE,ackley,0,60,3.464855185182785,1860,30,0.5,0.2,rand
DE,ackley,0,61,3.464855185182785,1890,30,0.5,0.2,rand
DE,ackley,0,62,3.2101444354967232,1920,30,0.5,0.2,rand
DE,ackley,0,63,3.2101444354967232,1950,30,0.5,0.2,rand
DE,ackley,0,64,3.2101444354967232,1980,30,0.5,0.2,rand
DE,ackley,0,65,3.2101444354967232,2010,30,0.5,0.2,rand
DE,ackley,0,66,3.1801413874405644,2040,30,0.5,0.2,rand
DE,ackley,0,67,3.1801413874405644,2070,30,0.5,0.2,rand
DE,ackley,0,68,3.1801413874405644,2100,30,0.5,0.2,rand
DE,ackley,0,69,2.8360233302826114,2130,30,0.5,0.2,rand
DE,ackley,0,70,2.8360233302826114,2160,30,0.5,0.2,rand
DE,ackley,0,71,2.360669966133415,2190,30,0.5,0.2,rand
DE,ackley,0,72,2.360669966133415,2220,30,0.5,0.2,rand
DE,ackley,0,73,2.360669966133415,2250,30,0.5,0.2,rand
DE,ackley,0,74,2.360669966133415,2280,30,0.5,0.2,rand
DE,ackley,0,75,2.360669966133415,2310,30,0.5,0.2,rand
DE,ackley,0,76,2.360669966133415,2340,30,0.5,0.2,rand
DE,ackley,0,77,2.3209203033759214,2370,30,0.5,0.2,rand
DE,ackley,0,78,2.2327147015204614,2400,30,0.5,0.2,rand
DE,ackley,0,79,1.9626453339879437,2430,30,0.5,0.2,rand
DE,ackley,0,80,1.9626453339879437,2460,30,0.5,0.2,rand
DE,ackley,0,81,1.8921682474374468,2490,30,0.5,0.2,rand
DE,ackley,0,82,1.3198384147191367,2520,30,0.5,0.2,rand
DE,ackley,0,83,1.3198384147191367,2550,30,0.5,0.2,rand
DE,ackley,0,84,1.3198384147191367,2580,30,0.5,0.2,rand
DE,ackley,0,85,1.2101417095590823,2610,30,0.5,0.2,rand
DE,ackley,0,86,1.1646391124695055,2640,30,0.5,0.2,rand
DE,ackley,0,87,1.1646391124695055,2670,30,0.5,0.2,rand
DE,ackley,0,88,1.1646391124695055,2700,30,0.5,0.2,rand
DE,ackley,0,89,1.0985791174150887,2730,30,0.5,0.2,rand
DE,ackley,0,90,0.9585974600604641,2760,30,0.5,0.2,rand
DE,ackley,0,91,0.9585974600604641,2790,30,0.5,0.2,rand
DE,ackley,0,92,0.9585974600604641,2820,30,0.5,0.2,rand
DE,ackley,0,93,0.5250830842444612,2850,30,0.5,0.2,rand
DE,ackley,0,94,0.5250830842444612,2880,30,0.5,0.2,rand
DE,ackley,0,95,0.5250830842444612,2910,30,0.5,0.2,rand
DE,ackley,0,96,0.5250830842444612,2940,30,0.5,0.2,rand
DE,ackley,0,97,0.44477023618580036,2970,30,0.5,0.2,rand
DE,ackley,0,98,0.36372484274815564,3000,30,0.5,0.2,rand
DE,ackley,0,99,0.36372484274815564,3030,30,0.5,0.2,rand
DE,ackley,0,100,0.36372484274815564,3060,30,0.5,0.2,rand
DE,ackley,0,101,0.36372484274815564,3090,30,0.5,0.2,rand
DE,ackley,0,102,0.36372484274815564,3120,30,0.5,0.2,rand
DE,ackley,0,103,0.346133757625243,3150,30,0.5,0.2,rand
DE,ackley,0,104,0.2933845644945703,3180,30,0.5,0.2,rand
DE,ackley,0,105,0.2667766398318787,3210,30,0.5,0.2,rand
DE,ackley,0,106,0.21252460097335346,3240,30,0.5,0.2,rand
DE,ackley,0,107,0.21252460097335346,3270,30,0.5,0.2,rand
DE,ackley,0,108,0.21252460097335346,3300,30,0.5,0.2,rand
DE,ackley,0,109,0.18700979432139464,3330,30,0.5,0.2,rand
DE,ackley,0,110,0.18700979432139464,3360,30,0.5,0.2,rand
DE,ackley,0,111,0.1739548883135993,3390,30,0.5,0.2,rand
DE,ackley,0,112,0.14358307695525285,3420,30,0.5,0.2,rand
DE,ackley,0,113,0.14358307695525285,3450,30,0.5,0.2,rand
DE,ackley,0,114,0.13050550721835608,3480,30,0.5,0.2,rand
DE,ackley,0,115,0.13050550721835608,3510,30,0.5,0.2,rand
DE,ackley,0,116,0.13050550721835608,3540,30,0.5,0.2,rand
DE,ackley,0,117,0.13050550721835608,3570,30,0.5,0.2,rand
DE,ackley,0,118,0.10207211773808611,3600,30,0.5,0.2,rand
DE,ackley,0,119,0.10207211773808611,3630,30,0.5,0.2,rand
DE,ackley,0,120,0.10207211773808611,3660,30,0.5,0.2,rand
DE,ackley,0,121,0.07721509073825006,3690,30,0.5,0.2,rand
DE,ackley,0,122,0.07721509073825006,3720,30,0.5,0.2,rand
DE,ackley,0,123,0.07721509073825006,3750,30,0.5,0.2,rand
DE,ackley,0,124,0.07721509073825006,3780,30,0.5,0.2,rand
DE,ackley,0,125,0.07095364320240494,3810,30,0.5,0.2,rand
DE,ackley,0,126,0.05462223766614871,3840,30,0.5,0.2,rand
DE,ackley,0,127,0.05462223766614871,3870,30,0.5,0.2,rand
DE,ackley,0,128,0.05462223766614871,3900,30,0.5,0.2,rand
DE,ackley,0,129,0.05462223766614871,3930,30,0.5,0.2,rand
DE,ackley,0,130,0.05462223766614871,3960,30,0.5,0.2,rand
DE,ackley,0,131,0.05119732644282182,3990,30,0.5,0.2,rand
DE,ackley,0,132,0.0496690627563372,4020,30,0.5,0.2,rand
DE,ackley,0,133,0.0496690627563372,4050,30,0.5,0.2,rand
DE,ackley,0,134,0.04525612854272554,4080,30,0.5,0.2,rand
DE,ackley,0,135,0.03808242352760205,4110,30,0.5,0.2,rand
DE,ackley,0,136,0.032564363648174055,4140,30,0.5,0.2,rand
DE,ackley,0,137,0.032564363648174055,4170,30,0.5,0.2,rand
DE,ackley,0,138,0.032564363648174055,4200,30,0.5,0.2,rand
DE,ackley,0,139,0.031058295853381157,4230,30,0.5,0.2,rand
DE,ackley,0,140,0.031058295853381157,4260,30,0.5,0.2,rand
DE,ackley,0,141,0.022335171442382507,4290,30,0.5,0.2,rand
DE,ackley,0,142,0.022335171442382507,4320,30,0.5,0.2,rand
DE,ackley,0,143,0.02102123218092844,4350,30,0.5,0.2,rand
DE,ackley,0,144,0.02102123218092844,4380,30,0.5,0.2,rand
DE,ackley,0,145,0.019606289585180736,4410,30,0.5,0.2,rand
DE,ackley,0,146,0.018807963758629587,4440,30,0.5,0.2,rand
DE,ackley,0,147,0.01872940934008982,4470,30,0.5,0.2,rand
DE,ackley,0,148,0.01872940934008982,4500,30,0.5,0.2,rand
DE,ackley,0,149,0.016765439311992925,4530,30,0.5,0.2,rand
DE,ackley,0,150,0.014136555115929372,4560,30,0.5,0.2,rand
DE,ackley,0,151,0.014136555115929372,4590,30,0.5,0.2,rand
DE,ackley,0,152,0.014136555115929372,4620,30,0.5,0.2,rand
DE,ackley,0,153,0.014136555115929372,4650,30,0.5,0.2,rand
DE,ackley,0,154,0.011081452811748438,4680,30,0.5,0.2,rand
DE,ackley,0,155,0.011081452811748438,4710,30,0.5,0.2,rand
DE,ackley,0,156,0.010259484782349393,4740,30,0.5,0.2,rand
DE,ackley,0,157,0.009796970611415379,4770,30,0.5,0.2,rand
DE,ackley,0,158,0.009796970611415379,4800,30,0.5,0.2,rand
DE,ackley,0,159,0.009796970611415379,4830,30,0.5,0.2,rand
DE,ackley,0,160,0.009796970611415379,4860,30,0.5,0.2,rand
DE,ackley,0,161,0.009796970611415379,4890,30,0.5,0.2,rand
DE,ackley,0,162,0.009114619792278678,4920,30,0.5,0.2,rand
DE,ackley,0,163,0.008424053038833978,4950,30,0.5,0.2,rand
DE,ackley,0,164,0.008424053038833978,4980,30,0.5,0.2,rand
DE,ackley,0,165,0.008424053038833978,5010,30,0.5,0.2,rand
DE,ackley,0,166,0.007118060188379349,5040,30,0.5,0.2,rand
DE,ackley,0,167,0.0057156737880110775,5070,30,0.5,0.2,rand
DE,ackley,0,168,0.0057156737880110775,5100,30,0.5,0.2,rand
DE,ackley,0,169,0.004784307088194328,5130,30,0.5,0.2,rand
DE,ackley,0,170,0.004645127411333494,5160,30,0.5,0.2,rand
DE,ackley,0,171,0.004645127411333494,5190,30,0.5,0.2,rand
DE,ackley,0,172,0.0033304541650847064,5220,30,0.5,0.2,rand
DE,ackley,0,173,0.0033304541650847064,5250,30,0.5,0.2,rand
DE,ackley,0,174,0.0033304541650847064,5280,30,0.5,0.2,rand
DE,ackley,0,175,0.00300013010776512,5310,30,0.5,0.2,rand
DE,ackley,0,176,0.00300013010776512,5340,30,0.5,0.2,rand
DE,ackley,0,177,0.00300013010776512,5370,30,0.5,0.2,rand
DE,ackley,0,178,0.00300013010776512,5400,30,0.5,0.2,rand
DE,ackley,0,179,0.00300013010776512,5430,30,0.5,0.2,rand
DE,ackley,0,180,0.00300013010776512,5460,30,0.5,0.2,rand
DE,ackley,0,181,0.00300013010776512,5490,30,0.5,0.2,rand
DE,ackley,0,182,0.00300013010776512,5520,30,0.5,0.2,rand
DE,ackley,0,183,0.002919615759815475,5550,30,0.5,0.2,rand
DE,ackley,0,184,0.0025428526747401925,5580,30,0.5,0.2,rand
DE,ackley,0,185,0.0025428526747401925,5610,30,0.5,0.2,rand
DE,ackley,0,186,0.0022022077051286892,5640,30,0.5,0.2,rand
DE,ackley,0,187,0.0022022077051286892,5670,30,0.5,0.2,rand
DE,ackley,0,188,0.0021770157356688635,5700,30,0.5,0.2,rand
DE,ackley,0,189,0.0021770157356688635,5730,30,0.5,0.2,rand
DE,ackley,0,190,0.0018230407693882178,5760,30,0.5,0.2,rand
DE,ackley,0,191,0.0018230407693882178,5790,30,0.5,0.2,rand
DE,ackley,0,192,0.0018230407693882178,5820,30,0.5,0.2,rand
DE,ackley,0,193,0.0018230407693882178,5850,30,0.5,0.2,rand
DE,ackley,0,194,0.0018230407693882178,5880,30,0.5,0.2,rand
DE,ackley,0,195,0.0018230407693882178,5910,30,0.5,0.2,rand
DE,ackley,0,196,0.0016869839684159338,5940,30,0.5,0.2,rand
DE,ackley,0,197,0.0016869839684159338,5970,30,0.5,0.2,rand
DE,ackley,0,198,0.0016015448881998573,6000,30,0.5,0.2,rand
DE,ackley,0,199,0.001332903338742586,6030,30,0.5,0.2,rand
DE,ackley,0,200,0.0013258741917110406,6060,30,0.5,0.2,rand
DE,ackley,0,201,0.0013258741917110406,6090,30,0.5,0.2,rand
DE,ackley,0,202,0.0012769713532638782,6120,30,0.5,0.2,rand
DE,ackley,0,203,0.0009479167002095501,6150,30,0.5,0.2,rand
DE,ackley,0,204,0.0009479167002095501,6180,30,0.5,0.2,rand
DE,ackley,0,205,0.0009479167002095501,6210,30,0.5,0.2,rand
DE,ackley,0,206,0.0009293583613936285,6240,30,0.5,0.2,rand
DE,ackley,0,207,0.0006894984939767035,6270,30,0.5,0.2,rand
DE,ackley,0,208,0.0006894984939767035,6300,30,0.5,0.2,rand
DE,ackley,0,209,0.0006894984939767035,6330,30,0.5,0.2,rand
DE,ackley,0,210,0.0006894984939767035,6360,30,0.5,0.2,rand
DE,ackley,0,211,0.0006894984939767035,6390,30,0.5,0.2,rand
DE,ackley,0,212,0.0006894984939767035,6420,30,0.5,0.2,rand
DE,ackley,0,213,0.0006894984939767035,6450,30,0.5,0.2,rand
DE,ackley,0,214,0.0006894984939767035,6480,30,0.5,0.2,rand
DE,ackley,0,215,0.0006894984939767035,6510,30,0.5,0.2,rand
DE,ackley,0,216,0.0006383556034212923,6540,30,0.5,0.2,rand
DE,ackley,0,217,0.0006383556034212923,6570,30,0.5,0.2,rand
DE,ackley,0,218,0.0005879984371408575,6600,30,0.5,0.2,rand
DE,ackley,0,219,0.0005879984371408575,6630,30,0.5,0.2,rand
DE,ackley,0,220,0.0005220285764058197,6660,30,0.5,0.2,rand
DE,ackley,0,221,0.0003053653000404388,6690,30,0.5,0.2,rand
DE,ackley,0,222,0.00021391417126581658,6720,30,0.5,0.2,rand
DE,ackley,0,223,0.00021391417126581658,6750,30,0.5,0.2,rand
DE,ackley,0,224,0.00021391417126581658,6780,30,0.5,0.2,rand
DE,ackley,0,225,0.00021391417126581658,6810,30,0.5,0.2,rand
DE,ackley,0,226,0.00021391417126581658,6840,30,0.5,0.2,rand
DE,ackley,0,227,0.00020489216668240218,6870,30,0.5,0.2,rand
DE,ackley,0,228,0.00020489216668240218,6900,30,0.5,0.2,rand
DE,ackley,0,229,0.00020489216668240218,6930,30,0.5,0.2,rand
DE,ackley,0,230,0.00018400309677391036,6960,30,0.5,0.2,rand
DE,ackley,0,231,0.00018400309677391036,6990,30,0.5,0.2,rand
DE,ackley,0,232,0.00014141125546673905,7020,30,0.5,0.2,rand
DE,ackley,0,233,0.00014141125546673905,7050,30,0.5,0.2,rand
DE,ackley,0,234,0.00014141125546673905,7080,30,0.5,0.2,rand
DE,ackley,0,235,0.00014141125546673905,7110,30,0.5,0.2,rand
DE,ackley,0,236,0.00014141125546673905,7140,30,0.5,0.2,rand
DE,ackley,0,237,0.00013781615598462693,7170,30,0.5,0.2,rand
DE,ackley,0,238,0.00013781615598462693,7200,30,0.5,0.2,rand
DE,ackley,0,239,0.00013781615598462693,7230,30,0.5,0.2,rand
DE,ackley,0,240,0.00012000964871861086,7260,30,0.5,0.2,rand
DE,ackley,0,241,0.00012000964871861086,7290,30,0.5,0.2,rand
DE,ackley,0,242,0.00012000964871861086,7320,30,0.5,0.2,rand
DE,ackley,0,243,0.00011697799828569444,7350,30,0.5,0.2,rand
DE,ackley,0,244,0.00011697799828569444,7380,30,0.5,0.2,rand
DE,ackley,0,245,0.0001169658104100968,7410,30,0.5,0.2,rand
DE,ackley,0,246,0.00011490819134296615,7440,30,0.5,0.2,rand
DE,ackley,0,247,0.00011490819134296615,7470,30,0.5,0.2,rand
DE,ackley,0,248,8.921516930415763e-05,7500,30,0.5,0.2,rand
DE,ackley,0,249,8.921516930415763e-05,7530,30,0.5,0.2,rand
DE,ackley,0,250,8.25866510862916e-05,7560,30,0.5,0.2,rand
DE,ackley,0,251,8.25866510862916e-05,7590,30,0.5,0.2,rand
DE,ackley,0,252,7.451324414420313e-05,7620,30,0.5,0.2,rand
DE,ackley,0,253,6.893278956399129e-05,7650,30,0.5,0.2,rand
DE,ackley,0,254,6.881239971834319e-05,7680,30,0.5,0.2,rand
DE,ackley,0,255,6.881239971834319e-05,7710,30,0.5,0.2,rand
DE,ackley,0,256,6.881239971834319e-05,7740,30,0.5,0.2,rand
DE,ackley,0,257,6.881239971834319e-05,7770,30,0.5,0.2,rand
DE,ackley,0,258,6.222571868308435e-05,7800,30,0.5,0.2,rand
DE,ackley,0,259,5.8954336165317756e-05,7830,30,0.5,0.2,rand
DE,ackley,0,260,5.113714499715982e-05,7860,30,0.5,0.2,rand
DE,ackley,0,261,5.0153246796913464e-05,7890,30,0.5,0.2,rand
DE,ackley,0,262,5.0153246796913464e-05,7920,30,0.5,0.2,rand
DE,ackley,0,263,3.882786649755943e-05,7950,30,0.5,0.2,rand
DE,ackley,0,264,3.882786649755943e-05,7980,30,0.5,0.2,rand
DE,ackley,0,265,3.882786649755943e-05,8010,30,0.5,0.2,rand
DE,ackley,0,266,3.882786649755943e-05,8040,30,0.5,0.2,rand
DE,ackley,0,267,3.390681608594903e-05,8070,30,0.5,0.2,rand
DE,ackley,0,268,3.390681608594903e-05,8100,30,0.5,0.2,rand
DE,ackley,0,269,3.053844120914917e-05,8130,30,0.5,0.2,rand
DE,ackley,0,270,3.053844120914917e-05,8160,30,0.5,0.2,rand
DE,ackley,0,271,1.7851362596577047e-05,8190,30,0.5,0.2,rand
DE,ackley,0,272,1.7851362596577047e-05,8220,30,0.5,0.2,rand
DE,ackley,0,273,1.7851362596577047e-05,8250,30,0.5,0.2,rand
DE,ackley,0,274,1.7851362596577047e-05,8280,30,0.5,0.2,rand
DE,ackley,0,275,1.7851362596577047e-05,8310,30,0.5,0.2,rand
DE,ackley,0,276,1.7851362596577047e-05,8340,30,0.5,0.2,rand
DE,ackley,0,277,1.7851362596577047e-05,8370,30,0.5,0.2,rand
DE,ackley,0,278,1.7851362596577047e-05,8400,30,0.5,0.2,rand
DE,ackley,0,279,1.7851362596577047e-05,8430,30,0.5,0.2,rand
DE,ackley,0,280,1.7851362596577047e-05,8460,30,0.5,0.2,rand
DE,ackley,0,281,1.7851362596577047e-05,8490,30,0.5,0.2,rand
DE,ackley,0,282,1.7851362596577047e-05,8520,30,0.5,0.2,rand
DE,ackley,0,283,1.6328826543787756e-05,8550,30,0.5,0.2,rand
DE,ackley,0,284,1.6061143885526263e-05,8580,30,0.5,0.2,rand
DE,ackley,0,285,1.6061143885526263e-05,8610,30,0.5,0.2,rand
DE,ackley,0,286,1.4388546344168418e-05,8640,30,0.5,0.2,rand
DE,ackley,0,287,1.3683593828250906e-05,8670,30,0.5,0.2,rand
DE,ackley,0,288,1.0889959203286281e-05,8700,30,0.5,0.2,rand
DE,ackley,0,289,1.0858608849861895e-05,8730,30,0.5,0.2,rand
DE,ackley,0,290,9.627446413862373e-06,8760,30,0.5,0.2,rand
DE,ackley,0,291,9.627446413862373e-06,8790,30,0.5,0.2,rand
DE,ackley,0,292,9.455858255069671e-06,8820,30,0.5,0.2,rand
DE,ackley,0,293,7.415921921438695e-06,8850,30,0.5,0.2,rand
DE,ackley,0,294,7.415921921438695e-06,8880,30,0.5,0.2,rand
DE,ackley,0,295,7.415921921438695e-06,8910,30,0.5,0.2,rand
DE,ackley,0,296,7.415921921438695e-06,8940,30,0.5,0.2,rand
DE,ackley,0,297,7.415921921438695e-06,8970,30,0.5,0.2,rand
DE,ackley,0,298,6.587766190779831e-06,9000,30,0.5,0.2,rand
DE,ackley,0,299,5.826477128767493e-06,9030,30,0.5,0.2,rand
DE,ackley,0,300,5.826477128767493e-06,9060,30,0.5,0.2,rand
DE,ackley,0,301,4.522450865795946e-06,9090,30,0.5,0.2,rand
DE,ackley,0,302,4.5058081963311736e-06,9120,30,0.5,0.2,rand
DE,ackley,0,303,4.5058081963311736e-06,9150,30,0.5,0.2,rand
DE,ackley,0,304,4.5058081963311736e-06,9180,30,0.5,0.2,rand
DE,ackley,0,305,4.5058081963311736e-06,9210,30,0.5,0.2,rand
DE,ackley,0,306,4.446263333068856e-06,9240,30,0.5,0.2,rand
DE,ackley,0,307,3.5820243486917036e-06,9270,30,0.5,0.2,rand
DE,ackley,0,308,3.4226387239932876e-06,9300,30,0.5,0.2,rand
DE,ackley,0,309,2.910413912093901e-06,9330,30,0.5,0.2,rand
DE,ackley,0,310,2.910413912093901e-06,9360,30,0.5,0.2,rand
DE,ackley,0,311,2.910413912093901e-06,9390,30,0.5,0.2,rand
DE,ackley,0,312,2.910413912093901e-06,9420,30,0.5,0.2,rand
DE,ackley,0,313,2.793633254061234e-06,9450,30,0.5,0.2,rand
DE,ackley,0,314,2.793633254061234e-06,9480,30,0.5,0.2,rand
DE,ackley,0,315,2.793633254061234e-06,9510,30,0.5,0.2,rand
DE,ackley,0,316,2.64826974261112e-06,9540,30,0.5,0.2,rand
DE,ackley,0,317,2.64826974261112e-06,9570,30,0.5,0.2,rand
DE,ackley,0,318,1.892097515554525e-06,9600,30,0.5,0.2,rand
DE,ackley,0,319,1.892097515554525e-06,9630,30,0.5,0.2,rand
DE,ackley,0,320,1.892097515554525e-06,9660,30,0.5,0.2,rand
DE,ackley,0,321,1.6422064530452474e-06,9690,30,0.5,0.2,rand
DE,ackley,0,322,1.6422064530452474e-06,9720,30,0.5,0.2,rand
DE,ackley,0,323,1.475287629393307e-06,9750,30,0.5,0.2,rand
DE,ackley,0,324,1.475287629393307e-06,9780,30,0.5,0.2,rand
DE,ackley,0,325,1.475287629393307e-06,9810,30,0.5,0.2,rand
DE,ackley,0,326,1.1676317837050476e-06,9840,30,0.5,0.2,rand
DE,ackley,0,327,1.1676317837050476e-06,9870,30,0.5,0.2,rand
DE,ackley,0,328,1.0429852470572598e-06,9900,30,0.5,0.2,rand
DE,ackley,0,329,1.0429852470572598e-06,9930,30,0.5,0.2,rand
DE,ackley,0,330,1.0429852470572598e-06,9960,30,0.5,0.2,rand
DE,ackley,0,331,1.0429852470572598e-06,9990,30,0.5,0.2,rand
DE,ackley,0,332,9.330386103734156e-07,10020,30,0.5,0.2,rand
DE,ackley,0,333,9.330386103734156e-07,10050,30,0.5,0.2,rand
DE,ackley,0,334,8.471915973196076e-07,10080,30,0.5,0.2,rand
DE,ackley,0,335,8.471915973196076e-07,10110,30,0.5,0.2,rand
DE,ackley,0,336,8.265097020121459e-07,10140,30,0.5,0.2,rand
DE,ackley,0,337,6.317681529033337e-07,10170,30,0.5,0.2,rand
DE,ackley,0,338,6.317681529033337e-07,10200,30,0.5,0.2,rand
DE,ackley,0,339,6.317681529033337e-07,10230,30,0.5,0.2,rand
DE,ackley,0,340,6.317681529033337e-07,10260,30,0.5,0.2,rand
DE,ackley,0,341,6.317681529033337e-07,10290,30,0.5,0.2,rand
DE,ackley,0,342,6.317681529033337e-07,10320,30,0.5,0.2,rand
DE,ackley,0,343,5.423673568039078e-07,10350,30,0.5,0.2,rand
DE,ackley,0,344,5.192686534094548e-07,10380,30,0.5,0.2,rand
DE,ackley,0,345,5.192686534094548e-07,10410,30,0.5,0.2,rand
DE,ackley,0,346,4.885351363448365e-07,10440,30,0.5,0.2,rand
DE,ackley,0,347,4.885351363448365e-07,10470,30,0.5,0.2,rand
DE,ackley,0,348,4.5979306095844663e-07,10500,30,0.5,0.2,rand
DE,ackley,0,349,4.5979306095844663e-07,10530,30,0.5,0.2,rand
DE,ackley,0,350,4.5979306095844663e-07,10560,30,0.5,0.2,rand
DE,ackley,0,351,4.048305481951786e-07,10590,30,0.5,0.2,rand
DE,ackley,0,352,4.048305481951786e-07,10620,30,0.5,0.2,rand
DE,ackley,0,353,4.048305481951786e-07,10650,30,0.5,0.2,rand
DE,ackley,0,354,4.048305481951786e-07,10680,30,0.5,0.2,rand
DE,ackley,0,355,3.17393113125064e-07,10710,30,0.5,0.2,rand
DE,ackley,0,356,3.17393113125064e-07,10740,30,0.5,0.2,rand
DE,ackley,0,357,2.978535360576018e-07,10770,30,0.5,0.2,rand
DE,ackley,0,358,2.7832422988538497e-07,10800,30,0.5,0.2,rand
DE,ackley,0,359,2.7832422988538497e-07,10830,30,0.5,0.2,rand
DE,ackley,0,360,2.720995060379039e-07,10860,30,0.5,0.2,rand
DE,ackley,0,361,2.720995060379039e-07,10890,30,0.5,0.2,rand
DE,ackley,0,362,2.720995060379039e-07,10920,30,0.5,0.2,rand
DE,ackley,0,363,2.253552975339801e-07,10950,30,0.5,0.2,rand
DE,ackley,0,364,1.9607304269086967e-07,10980,30,0.5,0.2,rand
DE,ackley,0,365,1.9607304269086967e-07,11010,30,0.5,0.2,rand
DE,ackley,0,366,1.9607304269086967e-07,11040,30,0.5,0.2,rand
DE,ackley,0,367,1.8900768283813818e-07,11070,30,0.5,0.2,rand
DE,ackley,0,368,1.8184161065804005e-07,11100,30,0.5,0.2,rand
DE,ackley,0,369,1.721561386780479e-07,11130,30,0.5,0.2,rand
DE,ackley,0,370,1.721561386780479e-07,11160,30,0.5,0.2,rand
DE,ackley,0,371,1.721561386780479e-07,11190,30,0.5,0.2,rand
DE,ackley,0,372,1.721561386780479e-07,11220,30,0.5,0.2,rand
DE,ackley,0,373,1.721561386780479e-07,11250,30,0.5,0.2,rand
DE,ackley,0,374,1.6596423835224527e-07,11280,30,0.5,0.2,rand
DE,ackley,0,375,1.5975988576499844e-07,11310,30,0.5,0.2,rand
DE,ackley,0,376,1.4249338464722427e-07,11340,30,0.5,0.2,rand
DE,ackley,0,377,1.2133901394761892e-07,11370,30,0.5,0.2,rand
DE,ackley,0,378,1.209733651030831e-07,11400,30,0.5,0.2,rand
DE,ackley,0,379,1.1618605855190367e-07,11430,30,0.5,0.2,rand
DE,ackley,0,380,1.0294377306152569e-07,11460,30,0.5,0.2,rand
DE,ackley,0,381,1.0294377306152569e-07,11490,30,0.5,0.2,rand
DE,ackley,0,382,8.2495326569898e-08,11520,30,0.5,0.2,rand
DE,ackley,0,383,8.2495326569898e-08,11550,30,0.5,0.2,rand
DE,ackley,0,384,8.2495326569898e-08,11580,30,0.5,0.2,rand
DE,ackley,0,385,7.810399127450296e-08,11610,30,0.5,0.2,rand
DE,ackley,0,386,7.810399127450296e-08,11640,30,0.5,0.2,rand
DE,ackley,0,387,7.810399127450296e-08,11670,30,0.5,0.2,rand
DE,ackley,0,388,7.810399127450296e-08,11700,30,0.5,0.2,rand
DE,ackley,0,389,7.810399127450296e-08,11730,30,0.5,0.2,rand
DE,ackley,0,390,5.97312603822786e-08,11760,30,0.5,0.2,rand
DE,ackley,0,391,5.97312603822786e-08,11790,30,0.5,0.2,rand
DE,ackley,0,392,5.97312603822786e-08,11820,30,0.5,0.2,rand
DE,ackley,0,393,5.97312603822786e-08,11850,30,0.5,0.2,rand
DE,ackley,0,394,5.97312603822786e-08,11880,30,0.5,0.2,rand
DE,ackley,0,395,5.97312603822786e-08,11910,30,0.5,0.2,rand
DE,ackley,0,396,5.1734911910017445e-08,11940,30,0.5,0.2,rand
DE,ackley,0,397,5.1734911910017445e-08,11970,30,0.5,0.2,rand
DE,ackley,0,398,4.724947233469834e-08,12000,30,0.5,0.2,rand
DE,ackley,0,399,4.5770939482991935e-08,12030,30,0.5,0.2,rand
DE,ackley,0,400,4.365673378359247e-08,12060,30,0.5,0.2,rand
DE,ackley,0,401,4.365673378359247e-08,12090,30,0.5,0.2,rand
DE,ackley,0,402,3.159027572863238e-08,12120,30,0.5,0.2,rand
DE,ackley,0,403,3.1570376979317416e-08,12150,30,0.5,0.2,rand
DE,ackley,0,404,3.1570376979317416e-08,12180,30,0.5,0.2,rand
DE,ackley,0,405,3.0840940912213455e-08,12210,30,0.5,0.2,rand
DE,ackley,0,406,3.0840940912213455e-08,12240,30,0.5,0.2,rand
DE,ackley,0,407,2.3867187781689836e-08,12270,30,0.5,0.2,rand
DE,ackley,0,408,2.3697506623676645e-08,12300,30,0.5,0.2,rand
DE,ackley,0,409,2.0254994570478857e-08,12330,30,0.5,0.2,rand
DE,ackley,0,410,2.0254994570478857e-08,12360,30,0.5,0.2,rand
DE,ackley,0,411,1.855317366405984e-08,12390,30,0.5,0.2,rand
DE,ackley,0,412,1.855317366405984e-08,12420,30,0.5,0.2,rand
DE,ackley,0,413,1.4698070760488235e-08,12450,30,0.5,0.2,rand
DE,ackley,0,414,1.4698070760488235e-08,12480,30,0.5,0.2,rand
DE,ackley,0,415,1.4698070760488235e-08,12510,30,0.5,0.2,rand
DE,ackley,0,416,1.4630256561787292e-08,12540,30,0.5,0.2,rand
DE,ackley,0,417,1.2059992560153887e-08,12570,30,0.5,0.2,rand
DE,ackley,0,418,1.2059992560153887e-08,12600,30,0.5,0.2,rand
DE,ackley,0,419,1.2059992560153887e-08,12630,30,0.5,0.2,rand
DE,ackley,0,420,1.2059992560153887e-08,12660,30,0.5,0.2,rand
DE,ackley,0,421,9.76960068399535e-09,12690,30,0.5,0.2,rand
DE,ackley,0,422,9.7605092896913e-09,12720,30,0.5,0.2,rand
DE,ackley,0,423,8.812400142943488e-09,12750,30,0.5,0.2,rand
DE,ackley,0,424,8.281727748027379e-09,12780,30,0.5,0.2,rand
DE,ackley,0,425,7.840448734697247e-09,12810,30,0.5,0.2,rand
DE,ackley,0,426,7.840448734697247e-09,12840,30,0.5,0.2,rand
DE,ackley,0,427,6.5037828456127045e-09,12870,30,0.5,0.2,rand
DE,ackley,0,428,6.5037828456127045e-09,12900,30,0.5,0.2,rand
DE,ackley,0,429,6.5037828456127045e-09,12930,30,0.5,0.2,rand
DE,ackley,0,430,6.5037828456127045e-09,12960,30,0.5,0.2,rand
DE,ackley,0,431,5.369852562608912e-09,12990,30,0.5,0.2,rand
DE,ackley,0,432,5.369852562608912e-09,13020,30,0.5,0.2,rand
DE,ackley,0,433,3.884924826280667e-09,13050,30,0.5,0.2,rand
DE,ackley,0,434,3.884924826280667e-09,13080,30,0.5,0.2,rand
DE,ackley,0,435,3.884924826280667e-09,13110,30,0.5,0.2,rand
DE,ackley,0,436,3.839922602111301e-09,13140,30,0.5,0.2,rand
DE,ackley,0,437,3.5872145254245424e-09,13170,30,0.5,0.2,rand
DE,ackley,0,438,3.5872145254245424e-09,13200,30,0.5,0.2,rand
DE,ackley,0,439,3.424049044298272e-09,13230,30,0.5,0.2,rand
DE,ackley,0,440,3.424049044298272e-09,13260,30,0.5,0.2,rand
DE,ackley,0,441,2.2828889889581205e-09,13290,30,0.5,0.2,rand
DE,ackley,0,442,2.2828889889581205e-09,13320,30,0.5,0.2,rand
DE,ackley,0,443,2.2828889889581205e-09,13350,30,0.5,0.2,rand
DE,ackley,0,444,2.2828889889581205e-09,13380,30,0.5,0.2,rand
DE,ackley,0,445,2.2828889889581205e-09,13410,30,0.5,0.2,rand
DE,ackley,0,446,2.2828889889581205e-09,13440,30,0.5,0.2,rand
DE,ackley,0,447,2.2670794130874583e-09,13470,30,0.5,0.2,rand
DE,ackley,0,448,2.2670794130874583e-09,13500,30,0.5,0.2,rand
DE,ackley,0,449,2.200124971096784e-09,13530,30,0.5,0.2,rand
DE,ackley,0,450,1.9340800072598086e-09,13560,30,0.5,0.2,rand
DE,ackley,0,451,1.9340800072598086e-09,13590,30,0.5,0.2,rand
DE,ackley,0,452,1.6149610537752324e-09,13620,30,0.5,0.2,rand
DE,ackley,0,453,1.6149610537752324e-09,13650,30,0.5,0.2,rand
DE,ackley,0,454,1.6149610537752324e-09,13680,30,0.5,0.2,rand
DE,ackley,0,455,1.3450187630326127e-09,13710,30,0.5,0.2,rand
DE,ackley,0,456,1.1126606302980235e-09,13740,30,0.5,0.2,rand
DE,ackley,0,457,1.1126606302980235e-09,13770,30,0.5,0.2,rand
DE,ackley,0,458,1.1126606302980235e-09,13800,30,0.5,0.2,rand
DE,ackley,0,459,1.1126606302980235e-09,13830,30,0.5,0.2,rand
DE,ackley,0,460,1.1126606302980235e-09,13860,30,0.5,0.2,rand
DE,ackley,0,461,1.1126606302980235e-09,13890,30,0.5,0.2,rand
DE,ackley,0,462,1.1126606302980235e-09,13920,30,0.5,0.2,rand
DE,ackley,0,463,1.1126606302980235e-09,13950,30,0.5,0.2,rand
DE,ackley,0,464,1.0438623299080518e-09,13980,30,0.5,0.2,rand
DE,ackley,0,465,1.0438623299080518e-09,14010,30,0.5,0.2,rand
DE,ackley,0,466,1.0046545817488095e-09,14040,30,0.5,0.2,rand
DE,ackley,0,467,7.990768047250185e-10,14070,30,0.5,0.2,rand
DE,ackley,0,468,7.836900017821335e-10,14100,30,0.5,0.2,rand
DE,ackley,0,469,7.836900017821335e-10,14130,30,0.5,0.2,rand
DE,ackley,0,470,7.836900017821335e-10,14160,30,0.5,0.2,rand
DE,ackley,0,471,7.836900017821335e-10,14190,30,0.5,0.2,rand
DE,ackley,0,472,7.479177277502913e-10,14220,30,0.5,0.2,rand
DE,ackley,0,473,7.054237194381585e-10,14250,30,0.5,0.2,rand
DE,ackley,0,474,6.314171407950653e-10,14280,30,0.5,0.2,rand
DE,ackley,0,475,3.7020031484757965e-10,14310,30,0.5,0.2,rand
DE,ackley,0,476,3.7020031484757965e-10,14340,30,0.5,0.2,rand
DE,ackley,0,477,3.7020031484757965e-10,14370,30,0.5,0.2,rand
DE,ackley,0,478,3.7020031484757965e-10,14400,30,0.5,0.2,rand
DE,ackley,0,479,3.7020031484757965e-10,14430,30,0.5,0.2,rand
DE,ackley,0,480,3.528595193813544e-10,14460,30,0.5,0.2,rand
DE,ackley,0,481,3.528595193813544e-10,14490,30,0.5,0.2,rand
DE,ackley,0,482,3.5242964102621954e-10,14520,30,0.5,0.2,rand
DE,ackley,0,483,3.5242964102621954e-10,14550,30,0.5,0.2,rand
DE,ackley,0,484,3.2962832463567793e-10,14580,30,0.5,0.2,rand
DE,ackley,0,485,3.2962832463567793e-10,14610,30,0.5,0.2,rand
DE,ackley,0,486,3.2962832463567793e-10,14640,30,0.5,0.2,rand
DE,ackley,0,487,3.2962832463567793e-10,14670,30,0.5,0.2,rand
DE,ackley,0,488,2.8359226078578104e-10,14700,30,0.5,0.2,rand
DE,ackley,0,489,2.6027935362549215e-10,14730,30,0.5,0.2,rand
DE,ackley,0,490,2.144635580236809e-10,14760,30,0.5,0.2,rand
DE,ackley,0,491,2.0514123733050837e-10,14790,30,0.5,0.2,rand
DE,ackley,0,492,2.0514123733050837e-10,14820,30,0.5,0.2,rand
DE,ackley,0,493,2.0514123733050837e-10,14850,30,0.5,0.2,rand
DE,ackley,0,494,2.0514123733050837e-10,14880,30,0.5,0.2,rand
DE,ackley,0,495,1.9624879499247072e-10,14910,30,0.5,0.2,rand
DE,ackley,0,496,1.8455326156185947e-10,14940,30,0.5,0.2,rand
DE,ackley,0,497,1.8455326156185947e-10,14970,30,0.5,0.2,rand
DE,ackley,0,498,1.8455326156185947e-10,15000,30,0.5,0.2,rand
DE,ackley,0,499,1.244093716934458e-10,15030,30,0.5,0.2,rand
DE,ackley,0,500,1.244093716934458e-10,15060,30,0.5,0.2,rand
DE,ackley,0,501,1.244093716934458e-10,15090,30,0.5,0.2,rand
DE,ackley,0,502,1.2043388508686803e-10,15120,30,0.5,0.2,rand
DE,ackley,0,503,1.0909007031045803e-10,15150,30,0.5,0.2,rand
DE,ackley,0,504,1.0424416885257415e-10,15180,30,0.5,0.2,rand
DE,ackley,0,505,1.0424416885257415e-10,15210,30,0.5,0.2,rand
DE,ackley,0,506,8.765299597257581e-11,15240,30,0.5,0.2,rand
DE,ackley,0,507,7.640510446549342e-11,15270,30,0.5,0.2,rand
DE,ackley,0,508,7.640510446549342e-11,15300,30,0.5,0.2,rand
DE,ackley,0,509,7.640510446549342e-11,15330,30,0.5,0.2,rand
DE,ackley,0,510,7.592193540517655e-11,15360,30,0.5,0.2,rand
DE,ackley,0,511,7.592193540517655e-11,15390,30,0.5,0.2,rand
DE,ackley,0,512,6.831557541886468e-11,15420,30,0.5,0.2,rand
DE,ackley,0,513,6.498312998814981e-11,15450,30,0.5,0.2,rand
DE,ackley,0,514,6.498312998814981e-11,15480,30,0.5,0.2,rand
DE,ackley,0,515,5.274403136468209e-11,15510,30,0.5,0.2,rand
DE,ackley,0,516,5.274403136468209e-11,15540,30,0.5,0.2,rand
DE,ackley,0,517,5.274403136468209e-11,15570,30,0.5,0.2,rand
DE,ackley,0,518,5.274403136468209e-11,15600,30,0.5,0.2,rand
DE,ackley,0,519,5.274403136468209e-11,15630,30,0.5,0.2,rand
DE,ackley,0,520,5.058042873429258e-11,15660,30,0.5,0.2,rand
DE,ackley,0,521,5.035305505884935e-11,15690,30,0.5,0.2,rand
DE,ackley,0,522,5.035305505884935e-11,15720,30,0.5,0.2,rand
DE,ackley,0,523,4.048716917282036e-11,15750,30,0.5,0.2,rand
DE,ackley,0,524,4.048716917282036e-11,15780,30,0.5,0.2,rand
DE,ackley,0,525,3.72222253020027e-11,15810,30,0.5,0.2,rand
DE,ackley,0,526,2.8823610165318314e-11,15840,30,0.5,0.2,rand
DE,ackley,0,527,2.8823610165318314e-11,15870,30,0.5,0.2,rand
DE,ackley,0,528,2.8113067429558214e-11,15900,30,0.5,0.2,rand
DE,ackley,0,529,2.723199443721569e-11,15930,30,0.5,0.2,rand
DE,ackley,0,530,2.425126766070207e-11,15960,30,0.5,0.2,rand
DE,ackley,0,531,1.9913404258886658e-11,15990,30,0.5,0.2,rand
DE,ackley,0,532,1.8812063018458502e-11,16020,30,0.5,0.2,rand
DE,ackley,0,533,1.8812063018458502e-11,16050,30,0.5,0.2,rand
DE,ackley,0,534,1.8812063018458502e-11,16080,30,0.5,0.2,rand
DE,ackley,0,535,1.8812063018458502e-11,16110,30,0.5,0.2,rand
DE,ackley,0,536,1.8812063018458502e-11,16140,30,0.5,0.2,rand
DE,ackley,0,537,1.8812063018458502e-11,16170,30,0.5,0.2,rand
DE,ackley,0,538,1.5515144724531638e-11,16200,30,0.5,0.2,rand
DE,ackley,0,539,1.5515144724531638e-11,16230,30,0.5,0.2,rand
DE,ackley,0,540,1.3561152201191362e-11,16260,30,0.5,0.2,rand
DE,ackley,0,541,1.3561152201191362e-11,16290,30,0.5,0.2,rand
DE,ackley,0,542,1.3561152201191362e-11,16320,30,0.5,0.2,rand
DE,ackley,0,543,1.3561152201191362e-11,16350,30,0.5,0.2,rand
DE,ackley,0,544,1.3316014957354128e-11,16380,30,0.5,0.2,rand
DE,ackley,0,545,1.3316014957354128e-11,16410,30,0.5,0.2,rand
DE,ackley,0,546,1.0154099783221682e-11,16440,30,0.5,0.2,rand
DE,ackley,0,547,1.0154099783221682e-11,16470,30,0.5,0.2,rand
DE,ackley,0,548,1.0154099783221682e-11,16500,30,0.5,0.2,rand
DE,ackley,0,549,1.0154099783221682e-11,16530,30,0.5,0.2,rand
DE,ackley,0,550,1.0154099783221682e-11,16560,30,0.5,0.2,rand
DE,ackley,0,551,1.0154099783221682e-11,16590,30,0.5,0.2,rand
DE,ackley,0,552,9.344081064455168e-12,16620,30,0.5,0.2,rand
DE,ackley,0,553,8.981704269217516e-12,16650,30,0.5,0.2,rand
DE,ackley,0,554,8.050893285371785e-12,16680,30,0.5,0.2,rand
DE,ackley,0,555,8.050893285371785e-12,16710,30,0.5,0.2,rand
DE,ackley,0,556,7.883915742468162e-12,16740,30,0.5,0.2,rand
DE,ackley,0,557,7.326139694896483e-12,16770,30,0.5,0.2,rand
DE,ackley,0,558,5.752287535187861e-12,16800,30,0.5,0.2,rand
DE,ackley,0,559,5.752287535187861e-12,16830,30,0.5,0.2,rand
DE,ackley,0,560,4.974243239530551e-12,16860,30,0.5,0.2,rand
DE,ackley,0,561,4.210409798588444e-12,16890,30,0.5,0.2,rand
DE,ackley,0,562,4.210409798588444e-12,16920,30,0.5,0.2,rand
DE,ackley,0,563,4.210409798588444e-12,16950,30,0.5,0.2,rand
DE,ackley,0,564,4.210409798588444e-12,16980,30,0.5,0.2,rand
DE,ackley,0,565,4.160671807085237e-12,17010,30,0.5,0.2,rand
DE,ackley,0,566,4.160671807085237e-12,17040,30,0.5,0.2,rand
DE,ackley,0,567,3.1445956949482934e-12,17070,30,0.5,0.2,rand
DE,ackley,0,568,3.1445956949482934e-12,17100,30,0.5,0.2,rand
DE,ackley,0,569,3.1445956949482934e-12,17130,30,0.5,0.2,rand
DE,ackley,0,570,3.1445956949482934e-12,17160,30,0.5,0.2,rand
DE,ackley,0,571,3.133937553911892e-12,17190,30,0.5,0.2,rand
DE,ackley,0,572,2.7218227671710338e-12,17220,30,0.5,0.2,rand
DE,ackley,0,573,2.7111646261346323e-12,17250,30,0.5,0.2,rand
DE,ackley,0,574,2.7111646261346323e-12,17280,30,0.5,0.2,rand
DE,ackley,0,575,2.1818102879933576e-12,17310,30,0.5,0.2,rand
DE,ackley,0,576,1.9544366125501256e-12,17340,30,0.5,0.2,rand
DE,ackley,0,577,1.9544366125501256e-12,17370,30,0.5,0.2,rand
DE,ackley,0,578,1.9544366125501256e-12,17400,30,0.5,0.2,rand
DE,ackley,0,579,1.815880779076906e-12,17430,30,0.5,0.2,rand
DE,ackley,0,580,1.815880779076906e-12,17460,30,0.5,0.2,rand
DE,ackley,0,581,1.4286349880876514e-12,17490,30,0.5,0.2,rand
DE,ackley,0,582,1.4286349880876514e-12,17520,30,0.5,0.2,rand
DE,ackley,0,583,1.4286349880876514e-12,17550,30,0.5,0.2,rand
DE,ackley,0,584,1.4286349880876514e-12,17580,30,0.5,0.2,rand
DE,ackley,0,585,1.4286349880876514e-12,17610,30,0.5,0.2,rand
DE,ackley,0,586,1.4286349880876514e-12,17640,30,0.5,0.2,rand
DE,ackley,0,587,1.3078427230084344e-12,17670,30,0.5,0.2,rand
DE,ackley,0,588,1.3078427230084344e-12,17700,30,0.5,0.2,rand
DE,ackley,0,589,1.3078427230084344e-12,17730,30,0.5,0.2,rand
DE,ackley,0,590,1.3078427230084344e-12,17760,30,0.5,0.2,rand
DE,ackley,0,591,1.2687628725416289e-12,17790,30,0.5,0.2,rand
DE,ackley,0,592,9.987566329527908e-13,17820,30,0.5,0.2,rand
DE,ackley,0,593,8.815170815523743e-13,17850,30,0.5,0.2,rand
DE,ackley,0,594,8.815170815523743e-13,17880,30,0.5,0.2,rand
DE,ackley,0,595,8.246736626915663e-13,17910,30,0.5,0.2,rand
DE,ackley,0,596,7.394085344003543e-13,17940,30,0.5,0.2,rand
DE,ackley,0,597,7.394085344003543e-13,17970,30,0.5,0.2,rand
DE,ackley,0,598,7.394085344003543e-13,18000,30,0.5,0.2,rand
DE,ackley,0,599,6.790124018607457e-13,18030,30,0.5,0.2,rand
DE,ackley,0,600,6.434852650727407e-13,18060,30,0.5,0.2,rand
DE,ackley,0,601,6.079581282847357e-13,18090,30,0.5,0.2,rand
DE,ackley,0,602,5.404565683875262e-13,18120,30,0.5,0.2,rand
DE,ackley,0,603,5.226929999935237e-13,18150,30,0.5,0.2,rand
DE,ackley,0,604,5.226929999935237e-13,18180,30,0.5,0.2,rand
DE,ackley,0,605,5.013767179207207e-13,18210,30,0.5,0.2,rand
DE,ackley,0,606,4.587441537751147e-13,18240,30,0.5,0.2,rand
DE,ackley,0,607,4.303224443447107e-13,18270,30,0.5,0.2,rand
DE,ackley,0,608,3.9479530755670567e-13,18300,30,0.5,0.2,rand
DE,ackley,0,609,3.9479530755670567e-13,18330,30,0.5,0.2,rand
DE,ackley,0,610,3.8413716652030416e-13,18360,30,0.5,0.2,rand
DE,ackley,0,611,3.5571545708990016e-13,18390,30,0.5,0.2,rand
DE,ackley,0,612,3.5571545708990016e-13,18420,30,0.5,0.2,rand
DE,ackley,0,613,1.851852005074761e-13,18450,30,0.5,0.2,rand
DE,ackley,0,614,1.851852005074761e-13,18480,30,0.5,0.2,rand
DE,ackley,0,615,1.851852005074761e-13,18510,30,0.5,0.2,rand
DE,ackley,0,616,1.851852005074761e-13,18540,30,0.5,0.2,rand
DE,ackley,0,617,1.851852005074761e-13,18570,30,0.5,0.2,rand
DE,ackley,0,618,1.709743457922741e-13,18600,30,0.5,0.2,rand
DE,ackley,0,619,1.709743457922741e-13,18630,30,0.5,0.2,rand
DE,ackley,0,620,1.709743457922741e-13,18660,30,0.5,0.2,rand
DE,ackley,0,621,1.709743457922741e-13,18690,30,0.5,0.2,rand
DE,ackley,0,622,1.709743457922741e-13,18720,30,0.5,0.2,rand
DE,ackley,0,623,1.638689184346731e-13,18750,30,0.5,0.2,rand
DE,ackley,0,624,1.212363542890671e-13,18780,30,0.5,0.2,rand
DE,ackley,0,625,1.212363542890671e-13,18810,30,0.5,0.2,rand
DE,ackley,0,626,1.212363542890671e-13,18840,30,0.5,0.2,rand
DE,ackley,0,627,1.212363542890671e-13,18870,30,0.5,0.2,rand
DE,ackley,0,628,1.212363542890671e-13,18900,30,0.5,0.2,rand
DE,ackley,0,629,1.212363542890671e-13,18930,30,0.5,0.2,rand
DE,ackley,0,630,7.505107646466058e-14,18960,30,0.5,0.2,rand
DE,ackley,0,631,7.505107646466058e-14,18990,30,0.5,0.2,rand
DE,ackley,0,632,7.505107646466058e-14,19020,30,0.5,0.2,rand
DE,ackley,0,633,7.505107646466058e-14,19050,30,0.5,0.2,rand
DE,ackley,0,634,7.505107646466058e-14,19080,30,0.5,0.2,rand
DE,ackley,0,635,7.149836278586008e-14,19110,30,0.5,0.2,rand
DE,ackley,0,636,7.149836278586008e-14,19140,30,0.5,0.2,rand
DE,ackley,0,637,7.149836278586008e-14,19170,30,0.5,0.2,rand
DE,ackley,0,638,7.149836278586008e-14,19200,30,0.5,0.2,rand
DE,ackley,0,639,7.149836278586008e-14,19230,30,0.5,0.2,rand
DE,ackley,0,640,5.728750807065808e-14,19260,30,0.5,0.2,rand
DE,ackley,0,641,5.728750807065808e-14,19290,30,0.5,0.2,rand
DE,ackley,0,642,5.728750807065808e-14,19320,30,0.5,0.2,rand
DE,ackley,0,643,5.728750807065808e-14,19350,30,0.5,0.2,rand
DE,ackley,0,644,5.728750807065808e-14,19380,30,0.5,0.2,rand
DE,ackley,0,645,5.728750807065808e-14,19410,30,0.5,0.2,rand
DE,ackley,0,646,5.728750807065808e-14,19440,30,0.5,0.2,rand
DE,ackley,0,647,5.0182080713057076e-14,19470,30,0.5,0.2,rand
DE,ackley,0,648,4.3076653355456074e-14,19500,30,0.5,0.2,rand
DE,ackley,0,649,4.3076653355456074e-14,19530,30,0.5,0.2,rand
DE,ackley,0,650,3.952393967665557e-14,19560,30,0.5,0.2,rand
DE,ackley,0,651,3.241851231905457e-14,19590,30,0.5,0.2,rand
DE,ackley,0,652,3.241851231905457e-14,19620,30,0.5,0.2,rand
DE,ackley,0,653,3.241851231905457e-14,19650,30,0.5,0.2,rand
DE,ackley,0,654,3.241851231905457e-14,19680,30,0.5,0.2,rand
DE,ackley,0,655,3.241851231905457e-14,19710,30,0.5,0.2,rand
DE,ackley,0,656,3.241851231905457e-14,19740,30,0.5,0.2,rand
DE,ackley,0,657,3.241851231905457e-14,19770,30,0.5,0.2,rand
DE,ackley,0,658,2.1760371282653068e-14,19800,30,0.5,0.2,rand
DE,ackley,0,659,1.8207657603852567e-14,19830,30,0.5,0.2,rand
DE,ackley,0,660,1.8207657603852567e-14,19860,30,0.5,0.2,rand
DE,ackley,0,661,1.8207657603852567e-14,19890,30,0.5,0.2,rand
DE,ackley,0,662,1.8207657603852567e-14,19920,30,0.5,0.2,rand
DE,ackley,0,663,1.8207657603852567e-14,19950,30,0.5,0.2,rand
DE,ackley,0,664,1.8207657603852567e-14,19980,30,0.5,0.2,rand
DE,ackley,0,665,1.8207657603852567e-14,20010,30,0.5,0.2,rand
DE,ackley,0,666,1.4654943925052066e-14,20040,30,0.5,0.2,rand
DE,ackley,0,667,1.4654943925052066e-14,20070,30,0.5,0.2,rand
DE,ackley,0,668,1.4654943925052066e-14,20100,30,0.5,0.2,rand
DE,ackley,0,669,1.4654943925052066e-14,20130,30,0.5,0.2,rand
DE,ackley,0,670,1.4654943925052066e-14,20160,30,0.5,0.2,rand
DE,ackley,0,671,1.4654943925052066e-14,20190,30,0.5,0.2,rand
DE,ackley,0,672,1.4654943925052066e-14,20220,30,0.5,0.2,rand
DE,ackley,0,673,1.1102230246251565e-14,20250,30,0.5,0.2,rand
DE,ackley,0,674,1.1102230246251565e-14,20280,30,0.5,0.2,rand
DE,ackley,0,675,1.1102230246251565e-14,20310,30,0.5,0.2,rand
DE,ackley,0,676,7.549516567451064e-15,20340,30,0.5,0.2,rand
DE,ackley,0,677,7.549516567451064e-15,20370,30,0.5,0.2,rand
DE,ackley,0,678,7.549516567451064e-15,20400,30,0.5,0.2,rand
DE,ackley,0,679,7.549516567451064e-15,20430,30,0.5,0.2,rand
DE,ackley,0,680,7.549516567451064e-15,20460,30,0.5,0.2,rand
DE,ackley,0,681,7.549516567451064e-15,20490,30,0.5,0.2,rand
DE,ackley,0,682,7.549516567451064e-15,20520,30,0.5,0.2,rand
DE,ackley,0,683,7.549516567451064e-15,20550,30,0.5,0.2,rand
DE,ackley,0,684,7.549516567451064e-15,20580,30,0.5,0.2,rand
DE,ackley,0,685,7.549516567451064e-15,20610,30,0.5,0.2,rand
DE,ackley,0,686,7.549516567451064e-15,20640,30,0.5,0.2,rand
DE,ackley,0,687,7.549516567451064e-15,20670,30,0.5,0.2,rand
DE,ackley,0,688,7.549516567451064e-15,20700,30,0.5,0.2,rand
DE,ackley,0,689,7.549516567451064e-15,20730,30,0.5,0.2,rand
DE,ackley,0,690,7.549516567451064e-15,20760,30,0.5,0.2,rand
DE,ackley,0,691,3.9968028886505635e-15,20790,30,0.5,0.2,rand
DE,ackley,0,692,3.9968028886505635e-15,20820,30,0.5,0.2,rand
DE,ackley,0,693,3.9968028886505635e-15,20850,30,0.5,0.2,rand
DE,ackley,0,694,3.9968028886505635e-15,20880,30,0.5,0.2,rand
DE,ackley,0,695,3.9968028886505635e-15,20910,30,0.5,0.2,rand
DE,ackley,0,696,3.9968028886505635e-15,20940,30,0.5,0.2,rand
DE,ackley,0,697,3.9968028886505635e-15,20970,30,0.5,0.2,rand
DE,ackley,0,698,3.9968028886505635e-15,21000,30,0.5,0.2,rand
DE,ackley,0,699,3.9968028886505635e-15,21030,30,0.5,0.2,rand
DE,ackley,0,700,3.9968028886505635e-15,21060,30,0.5,0.2,rand
DE,ackley,0,701,3.9968028886505635e-15,21090,30,0.5,0.2,rand
DE,ackley,0,702,3.9968028886505635e-15,21120,30,0.5,0.2,rand
DE,ackley,0,703,3.9968028886505635e-15,21150,30,0.5,0.2,rand
DE,ackley,0,704,3.9968028886505635e-15,21180,30,0.5,0.2,rand
DE,ackley,0,705,3.9968028886505635e-15,21210,30,0.5,0.2,rand
DE,ackley,0,706,3.9968028886505635e-15,21240,30,0.5,0.2,rand
DE,ackley,0,707,3.9968028886505635e-15,21270,30,0.5,0.2,rand
DE,ackley,0,708,3.9968028886505635e-15,21300,30,0.5,0.2,rand
DE,ackley,0,709,3.9968028886505635e-15,21330,30,0.5,0.2,rand
DE,ackley,0,710,3.9968028886505635e-15,21360,30,0.5,0.2,rand
DE,ackley,0,711,3.9968028886505635e-15,21390,30,0.5,0.2,rand
DE,ackley,0,712,3.9968028886505635e-15,21420,30,0.5,0.2,rand
DE,ackley,0,713,3.9968028886505635e-15,21450,30,0.5,0.2,rand
DE,ackley,0,714,3.9968028886505635e-15,21480,30,0.5,0.2,rand
DE,ackley,0,715,3.9968028886505635e-15,21510,30,0.5,0.2,rand
DE,ackley,0,716,3.9968028886505635e-15,21540,30,0.5,0.2,rand
DE,ackley,0,717,3.9968028886505635e-15,21570,30,0.5,0.2,rand
DE,ackley,0,718,3.9968028886505635e-15,21600,30,0.5,0.2,rand
DE,ackley,0,719,3.9968028886505635e-15,21630,30,0.5,0.2,rand
DE,ackley,0,720,3.9968028886505635e-15,21660,30,0.5,0.2,rand
DE,ackley,0,721,3.9968028886505635e-15,21690,30,0.5,0.2,rand
DE,ackley,0,722,3.9968028886505635e-15,21720,30,0.5,0.2,rand
DE,ackley,0,723,3.9968028886505635e-15,21750,30,0.5,0.2,rand
DE,ackley,0,724,3.9968028886505635e-15,21780,30,0.5,0.2,rand
DE,ackley,0,725,3.9968028886505635e-15,21810,30,0.5,0.2,rand
DE,ackley,0,726,3.9968028886505635e-15,21840,30,0.5,0.2,rand
DE,ackley,0,727,3.9968028886505635e-15,21870,30,0.5,0.2,rand
DE,ackley,0,728,3.9968028886505635e-15,21900,30,0.5,0.2,rand
DE,ackley,0,729,3.9968028886505635e-15,21930,30,0.5,0.2,rand
DE,ackley,0,730,3.9968028886505635e-15,21960,30,0.5,0.2,rand
DE,ackley,0,731,3.9968028886505635e-15,21990,30,0.5,0.2,rand
DE,ackley,0,732,3.9968028886505635e-15,22020,30,0.5,0.2,rand
DE,ackley,0,733,3.9968028886505635e-15,22050,30,0.5,0.2,rand
DE,ackley,0,734,3.9968028886505635e-15,22080,30,0.5,0.2,rand
DE,ackley,0,735,3.9968028886505635e-15,22110,30,0.5,0.2,rand
DE,ackley,0,736,3.9968028886505635e-15,22140,30,0.5,0.2,rand
DE,ackley,0,737,3.9968028886505635e-15,22170,30,0.5,0.2,rand
DE,ackley,0,738,3.9968028886505635e-15,22200,30,0.5,0.2,rand
DE,ackley,0,739,3.9968028886505635e-15,22230,30,0.5,0.2,rand
DE,ackley,0,740,3.9968028886505635e-15,22260,30,0.5,0.2,rand
DE,ackley,0,741,3.9968028886505635e-15,22290,30,0.5,0.2,rand
DE,ackley,0,742,3.9968028886505635e-15,22320,30,0.5,0.2,rand
DE,ackley,0,743,3.9968028886505635e-15,22350,30,0.5,0.2,rand
DE,ackley,0,744,3.9968028886505635e-15,22380,30,0.5,0.2,rand
DE,ackley,0,745,3.9968028886505635e-15,22410,30,0.5,0.2,rand
DE,ackley,0,746,3.9968028886505635e-15,22440,30,0.5,0.2,rand
DE,ackley,0,747,3.9968028886505635e-15,22470,30,0.5,0.2,rand
DE,ackley,0,748,3.9968028886505635e-15,22500,30,0.5,0.2,rand
DE,ackley,0,749,3.9968028886505635e-15,22530,30,0.5,0.2,rand
DE,ackley,0,750,3.9968028886505635e-15,22560,30,0.5,0.2,rand
DE,ackley,0,751,3.9968028886505635e-15,22590,30,0.5,0.2,rand
DE,ackley,0,752,3.9968028886505635e-15,22620,30,0.5,0.2,rand
DE,ackley,0,753,3.9968028886505635e-15,22650,30,0.5,0.2,rand
DE,ackley,0,754,3.9968028886505635e-15,22680,30,0.5,0.2,rand
DE,ackley,0,755,3.9968028886505635e-15,22710,30,0.5,0.2,rand
DE,ackley,0,756,3.9968028886505635e-15,22740,30,0.5,0.2,rand
DE,ackley,0,757,3.9968028886505635e-15,22770,30,0.5,0.2,rand
DE,ackley,0,758,3.9968028886505635e-15,22800,30,0.5,0.2,rand
DE,ackley,0,759,3.9968028886505635e-15,22830,30,0.5,0.2,rand
DE,ackley,0,760,3.9968028886505635e-15,22860,30,0.5,0.2,rand
DE,ackley,0,761,3.9968028886505635e-15,22890,30,0.5,0.2,rand
DE,ackley,0,762,3.9968028886505635e-15,22920,30,0.5,0.2,rand
DE,ackley,0,763,3.9968028886505635e-15,22950,30,0.5,0.2,rand
DE,ackley,0,764,3.9968028886505635e-15,22980,30,0.5,0.2,rand
DE,ackley,0,765,3.9968028886505635e-15,23010,30,0.5,0.2,rand
DE,ackley,0,766,3.9968028886505635e-15,23040,30,0.5,0.2,rand
DE,ackley,0,767,3.9968028886505635e-15,23070,30,0.5,0.2,rand
DE,ackley,0,768,3.9968028886505635e-15,23100,30,0.5,0.2,rand
DE,ackley,0,769,3.9968028886505635e-15,23130,30,0.5,0.2,rand
DE,ackley,0,770,3.9968028886505635e-15,23160,30,0.5,0.2,rand
DE,ackley,0,771,3.9968028886505635e-15,23190,30,0.5,0.2,rand
DE,ackley,0,772,3.9968028886505635e-15,23220,30,0.5,0.2,rand
DE,ackley,0,773,3.9968028886505635e-15,23250,30,0.5,0.2,rand
DE,ackley,0,774,3.9968028886505635e-15,23280,30,0.5,0.2,rand
DE,ackley,0,775,3.9968028886505635e-15,23310,30,0.5,0.2,rand
DE,ackley,0,776,3.9968028886505635e-15,23340,30,0.5,0.2,rand
DE,ackley,0,777,3.9968028886505635e-15,23370,30,0.5,0.2,rand
DE,ackley,0,778,3.9968028886505635e-15,23400,30,0.5,0.2,rand
DE,ackley,0,779,3.9968028886505635e-15,23430,30,0.5,0.2,rand
DE,ackley,0,780,3.9968028886505635e-15,23460,30,0.5,0.2,rand
DE,ackley,0,781,3.9968028886505635e-15,23490,30,0.5,0.2,rand
DE,ackley,0,782,3.9968028886505635e-15,23520,30,0.5,0.2,rand
DE,ackley,0,783,3.9968028886505635e-15,23550,30,0.5,0.2,rand
DE,ackley,0,784,3.9968028886505635e-15,23580,30,0.5,0.2,rand
DE,ackley,0,785,3.9968028886505635e-15,23610,30,0.5,0.2,rand
DE,ackley,0,786,3.9968028886505635e-15,23640,30,0.5,0.2,rand
DE,ackley,0,787,3.9968028886505635e-15,23670,30,0.5,0.2,rand
DE,ackley,0,788,3.9968028886505635e-15,23700,30,0.5,0.2,rand
DE,ackley,0,789,3.9968028886505635e-15,23730,30,0.5,0.2,rand
DE,ackley,0,790,3.9968028886505635e-15,23760,30,0.5,0.2,rand
DE,ackley,0,791,3.9968028886505635e-15,23790,30,0.5,0.2,rand
DE,ackley,0,792,3.9968028886505635e-15,23820,30,0.5,0.2,rand
DE,ackley,0,793,3.9968028886505635e-15,23850,30,0.5,0.2,rand
DE,ackley,0,794,3.9968028886505635e-15,23880,30,0.5,0.2,rand
DE,ackley,0,795,3.9968028886505635e-15,23910,30,0.5,0.2,rand
DE,ackley,0,796,3.9968028886505635e-15,23940,30,0.5,0.2,rand
DE,ackley,0,797,3.9968028886505635e-15,23970,30,0.5,0.2,rand
DE,ackley,0,798,3.9968028886505635e-15,24000,30,0.5,0.2,rand
DE,ackley,0,799,3.9968028886505635e-15,24030,30,0.5,0.2,rand
DE,ackley,0,800,3.9968028886505635e-15,24060,30,0.5,0.2,rand
DE,ackley,0,801,3.9968028886505635e-15,24090,30,0.5,0.2,rand
DE,ackley,0,802,3.9968028886505635e-15,24120,30,0.5,0.2,rand
DE,ackley,0,803,3.9968028886505635e-15,24150,30,0.5,0.2,rand
DE,ackley,0,804,3.9968028886505635e-15,24180,30,0.5,0.2,rand
DE,ackley,0,805,3.9968028886505635e-15,24210,30,0.5,0.2,rand
DE,ackley,0,806,3.9968028886505635e-15,24240,30,0.5,0.2,rand
DE,ackley,0,807,3.9968028886505635e-15,24270,30,0.5,0.2,rand
DE,ackley,0,808,3.9968028886505635e-15,24300,30,0.5,0.2,rand
DE,ackley,0,809,3.9968028886505635e-15,24330,30,0.5,0.2,rand
DE,ackley,0,810,3.9968028886505635e-15,24360,30,0.5,0.2,rand
DE,ackley,0,811,3.9968028886505635e-15,24390,30,0.5,0.2,rand
DE,ackley,0,812,3.9968028886505635e-15,24420,30,0.5,0.2,rand
DE,ackley,0,813,3.9968028886505635e-15,24450,30,0.5,0.2,rand
DE,ackley,0,814,3.9968028886505635e-15,24480,30,0.5,0.2,rand
DE,ackley,0,815,3.9968028886505635e-15,24510,30,0.5,0.2,rand
DE,ackley,0,816,3.9968028886505635e-15,24540,30,0.5,0.2,rand
DE,ackley,0,817,3.9968028886505635e-15,24570,30,0.5,0.2,rand
DE,ackley,0,818,3.9968028886505635e-15,24600,30,0.5,0.2,rand
DE,ackley,0,819,3.9968028886505635e-15,24630,30,0.5,0.2,rand
DE,ackley,0,820,3.9968028886505635e-15,24660,30,0.5,0.2,rand
DE,ackley,0,821,3.9968028886505635e-15,24690,30,0.5,0.2,rand
DE,ackley,0,822,3.9968028886505635e-15,24720,30,0.5,0.2,rand
DE,ackley,0,823,3.9968028886505635e-15,24750,30,0.5,0.2,rand
DE,ackley,0,824,3.9968028886505635e-15,24780,30,0.5,0.2,rand
DE,ackley,0,825,3.9968028886505635e-15,24810,30,0.5,0.2,rand
DE,ackley,0,826,3.9968028886505635e-15,24840,30,0.5,0.2,rand
DE,ackley,0,827,3.9968028886505635e-15,24870,30,0.5,0.2,rand
DE,ackley,0,828,3.9968028886505635e-15,24900,30,0.5,0.2,rand
DE,ackley,0,829,3.9968028886505635e-15,24930,30,0.5,0.2,rand
DE,ackley,0,830,3.9968028886505635e-15,24960,30,0.5,0.2,rand
DE,ackley,0,831,3.9968028886505635e-15,24990,30,0.5,0.2,rand
DE,ackley,0,832,3.9968028886505635e-15,25020,30,0.5,0.2,rand
DE,ackley,0,833,3.9968028886505635e-15,25050,30,0.5,0.2,rand
DE,ackley,0,834,3.9968028886505635e-15,25080,30,0.5,0.2,rand
DE,ackley,0,835,3.9968028886505635e-15,25110,30,0.5,0.2,rand
DE,ackley,0,836,3.9968028886505635e-15,25140,30,0.5,0.2,rand
DE,ackley,0,837,3.9968028886505635e-15,25170,30,0.5,0.2,rand
DE,ackley,0,838,3.9968028886505635e-15,25200,30,0.5,0.2,rand
DE,ackley,0,839,3.9968028886505635e-15,25230,30,0.5,0.2,rand
DE,ackley,0,840,3.9968028886505635e-15,25260,30,0.5,0.2,rand
DE,ackley,0,841,3.9968028886505635e-15,25290,30,0.5,0.2,rand
DE,ackley,0,842,3.9968028886505635e-15,25320,30,0.5,0.2,rand
DE,ackley,0,843,3.9968028886505635e-15,25350,30,0.5,0.2,rand
DE,ackley,0,844,3.9968028886505635e-15,25380,30,0.5,0.2,rand
DE,ackley,0,845,3.9968028886505635e-15,25410,30,0.5,0.2,rand
DE,ackley,0,846,3.9968028886505635e-15,25440,30,0.5,0.2,rand
DE,ackley,0,847,3.9968028886505635e-15,25470,30,0.5,0.2,rand
DE,ackley,0,848,3.9968028886505635e-15,25500,30,0.5,0.2,rand
DE,ackley,0,849,3.9968028886505635e-15,25530,30,0.5,0.2,rand
DE,ackley,0,850,3.9968028886505635e-15,25560,30,0.5,0.2,rand
DE,ackley,0,851,3.9968028886505635e-15,25590,30,0.5,0.2,rand
DE,ackley,0,852,3.9968028886505635e-15,25620,30,0.5,0.2,rand
DE,ackley,0,853,3.9968028886505635e-15,25650,30,0.5,0.2,rand
DE,ackley,0,854,3.9968028886505635e-15,25680,30,0.5,0.2,rand
DE,ackley,0,855,3.9968028886505635e-15,25710,30,0.5,0.2,rand
DE,ackley,0,856,3.9968028886505635e-15,25740,30,0.5,0.2,rand
DE,ackley,0,857,3.9968028886505635e-15,25770,30,0.5,0.2,rand
DE,ackley,0,858,3.9968028886505635e-15,25800,30,0.5,0.2,rand
DE,ackley,0,859,3.9968028886505635e-15,25830,30,0.5,0.2,rand
DE,ackley,0,860,3.9968028886505635e-15,25860,30,0.5,0.2,rand
DE,ackley,0,861,3.9968028886505635e-15,25890,30,0.5,0.2,rand
DE,ackley,0,862,3.9968028886505635e-15,25920,30,0.5,0.2,rand
DE,ackley,0,863,3.9968028886505635e-15,25950,30,0.5,0.2,rand
DE,ackley,0,864,3.9968028886505635e-15,25980,30,0.5,0.2,rand
DE,ackley,0,865,3.9968028886505635e-15,26010,30,0.5,0.2,rand
DE,ackley,0,866,3.9968028886505635e-15,26040,30,0.5,0.2,rand
DE,ackley,0,867,3.9968028886505635e-15,26070,30,0.5,0.2,rand
DE,ackley,0,868,3.9968028886505635e-15,26100,30,0.5,0.2,rand
DE,ackley,0,869,3.9968028886505635e-15,26130,30,0.5,0.2,rand
DE,ackley,0,870,3.9968028886505635e-15,26160,30,0.5,0.2,rand
DE,ackley,0,871,3.9968028886505635e-15,26190,30,0.5,0.2,rand
DE,ackley,0,872,3.9968028886505635e-15,26220,30,0.5,0.2,rand
DE,ackley,0,873,3.9968028886505635e-15,26250,30,0.5,0.2,rand
DE,ackley,0,874,3.9968028886505635e-15,26280,30,0.5,0.2,rand
DE,ackley,0,875,3.9968028886505635e-15,26310,30,0.5,0.2,rand
DE,ackley,0,876,3.9968028886505635e-15,26340,30,0.5,0.2,rand
DE,ackley,0,877,3.9968028886505635e-15,26370,30,0.5,0.2,rand
DE,ackley,0,878,3.9968028886505635e-15,26400,30,0.5,0.2,rand
DE,ackley,0,879,3.9968028886505635e-15,26430,30,0.5,0.2,rand
DE,ackley,0,880,3.9968028886505635e-15,26460,30,0.5,0.2,rand
DE,ackley,0,881,3.9968028886505635e-15,26490,30,0.5,0.2,rand
DE,ackley,0,882,3.9968028886505635e-15,26520,30,0.5,0.2,rand
DE,ackley,0,883,3.9968028886505635e-15,26550,30,0.5,0.2,rand
DE,ackley,0,884,3.9968028886505635e-15,26580,30,0.5,0.2,rand
DE,ackley,0,885,3.9968028886505635e-15,26610,30,0.5,0.2,rand
DE,ackley,0,886,3.9968028886505635e-15,26640,30,0.5,0.2,rand
DE,ackley,0,887,3.9968028886505635e-15,26670,30,0.5,0.2,rand
DE,ackley,0,888,3.9968028886505635e-15,26700,30,0.5,0.2,rand
DE,ackley,0,889,3.9968028886505635e-15,26730,30,0.5,0.2,rand
DE,ackley,0,890,3.9968028886505635e-15,26760,30,0.5,0.2,rand
DE,ackley,0,891,3.9968028886505635e-15,26790,30,0.5,0.2,rand
DE,ackley,0,892,3.9968028886505635e-15,26820,30,0.5,0.2,rand
DE,ackley,0,893,3.9968028886505635e-15,26850,30,0.5,0.2,rand
DE,ackley,0,894,3.9968028886505635e-15,26880,30,0.5,0.2,rand
DE,ackley,0,895,3.9968028886505635e-15,26910,30,0.5,0.2,rand
DE,ackley,0,896,3.9968028886505635e-15,26940,30,0.5,0.2,rand
DE,ackley,0,897,3.9968028886505635e-15,26970,30,0.5,0.2,rand
DE,ackley,0,898,3.9968028886505635e-15,27000,30,0.5,0.2,rand
DE,ackley,0,899,3.9968028886505635e-15,27030,30,0.5,0.2,rand
DE,ackley,0,900,3.9968028886505635e-15,27060,30,0.5,0.2,rand
DE,ackley,0,901,3.9968028886505635e-15,27090,30,0.5,0.2,rand
DE,ackley,0,902,3.9968028886505635e-15,27120,30,0.5,0.2,rand
DE,ackley,0,903,3.9968028886505635e-15,27150,30,0.5,0.2,rand
DE,ackley,0,904,3.9968028886505635e-15,27180,30,0.5,0.2,rand
DE,ackley,0,905,3.9968028886505635e-15,27210,30,0.5,0.2,rand
DE,ackley,0,906,3.9968028886505635e-15,27240,30,0.5,0.2,rand
DE,ackley,0,907,3.9968028886505635e-15,27270,30,0.5,0.2,rand
DE,ackley,0,908,3.9968028886505635e-15,27300,30,0.5,0.2,rand
DE,ackley,0,909,3.9968028886505635e-15,27330,30,0.5,0.2,rand
DE,ackley,0,910,3.9968028886505635e-15,27360,30,0.5,0.2,rand
DE,ackley,0,911,3.9968028886505635e-15,27390,30,0.5,0.2,rand
DE,ackley,0,912,3.9968028886505635e-15,27420,30,0.5,0.2,rand
DE,ackley,0,913,3.9968028886505635e-15,27450,30,0.5,0.2,rand
DE,ackley,0,914,3.9968028886505635e-15,27480,30,0.5,0.2,rand
DE,ackley,0,915,3.9968028886505635e-15,27510,30,0.5,0.2,rand
DE,ackley,0,916,3.9968028886505635e-15,27540,30,0.5,0.2,rand
DE,ackley,0,917,3.9968028886505635e-15,27570,30,0.5,0.2,rand
DE,ackley,0,918,3.9968028886505635e-15,27600,30,0.5,0.2,rand
DE,ackley,0,919,3.9968028886505635e-15,27630,30,0.5,0.2,rand
DE,ackley,0,920,3.9968028886505635e-15,27660,30,0.5,0.2,rand
DE,ackley,0,921,3.9968028886505635e-15,27690,30,0.5,0.2,rand
DE,ackley,0,922,3.9968028886505635e-15,27720,30,0.5,0.2,rand
DE,ackley,0,923,3.9968028886505635e-15,27750,30,0.5,0.2,rand
DE,ackley,0,924,3.9968028886505635e-15,27780,30,0.5,0.2,rand
DE,ackley,0,925,3.9968028886505635e-15,27810,30,0.5,0.2,rand
DE,ackley,0,926,3.9968028886505635e-15,27840,30,0.5,0.2,rand
DE,ackley,0,927,3.9968028886505635e-15,27870,30,0.5,0.2,rand
DE,ackley,0,928,3.9968028886505635e-15,27900,30,0.5,0.2,rand
DE,ackley,0,929,3.9968028886505635e-15,27930,30,0.5,0.2,rand
DE,ackley,0,930,3.9968028886505635e-15,27960,30,0.5,0.2,rand
DE,ackley,0,931,3.9968028886505635e-15,27990,30,0.5,0.2,rand
DE,ackley,0,932,3.9968028886505635e-15,28020,30,0.5,0.2,rand
DE,ackley,0,933,3.9968028886505635e-15,28050,30,0.5,0.2,rand
DE,ackley,0,934,3.9968028886505635e-15,28080,30,0.5,0.2,rand
DE,ackley,0,935,3.9968028886505635e-15,28110,30,0.5,0.2,rand
DE,ackley,0,936,3.9968028886505635e-15,28140,30,0.5,0.2,rand
DE,ackley,0,937,3.9968028886505635e-15,28170,30,0.5,0.2,rand
DE,ackley,0,938,3.9968028886505635e-15,28200,30,0.5,0.2,rand
DE,ackley,0,939,3.9968028886505635e-15,28230,30,0.5,0.2,rand
DE,ackley,0,940,3.9968028886505635e-15,28260,30,0.5,0.2,rand
DE,ackley,0,941,3.9968028886505635e-15,28290,30,0.5,0.2,rand
DE,ackley,0,942,3.9968028886505635e-15,28320,30,0.5,0.2,rand
DE,ackley,0,943,3.9968028886505635e-15,28350,30,0.5,0.2,rand
DE,ackley,0,944,3.9968028886505635e-15,28380,30,0.5,0.2,rand
DE,ackley,0,945,3.9968028886505635e-15,28410,30,0.5,0.2,rand
DE,ackley,0,946,3.9968028886505635e-15,28440,30,0.5,0.2,rand
DE,ackley,0,947,3.9968028886505635e-15,28470,30,0.5,0.2,rand
DE,ackley,0,948,3.9968028886505635e-15,28500,30,0.5,0.2,rand
DE,ackley,0,949,3.9968028886505635e-15,28530,30,0.5,0.2,rand
DE,ackley,0,950,3.9968028886505635e-15,28560,30,0.5,0.2,rand
DE,ackley,0,951,3.9968028886505635e-15,28590,30,0.5,0.2,rand
DE,ackley,0,952,3.9968028886505635e-15,28620,30,0.5,0.2,rand
DE,ackley,0,953,3.9968028886505635e-15,28650,30,0.5,0.2,rand
DE,ackley,0,954,3.9968028886505635e-15,28680,30,0.5,0.2,rand
DE,ackley,0,955,3.9968028886505635e-15,28710,30,0.5,0.2,rand
DE,ackley,0,956,3.9968028886505635e-15,28740,30,0.5,0.2,rand
DE,ackley,0,957,3.9968028886505635e-15,28770,30,0.5,0.2,rand
DE,ackley,0,958,3.9968028886505635e-15,28800,30,0.5,0.2,rand
DE,ackley,0,959,3.9968028886505635e-15,28830,30,0.5,0.2,rand
DE,ackley,0,960,3.9968028886505635e-15,28860,30,0.5,0.2,rand
DE,ackley,0,961,3.9968028886505635e-15,28890,30,0.5,0.2,rand
DE,ackley,0,962,3.9968028886505635e-15,28920,30,0.5,0.2,rand
DE,ackley,0,963,3.9968028886505635e-15,28950,30,0.5,0.2,rand
DE,ackley,0,964,3.9968028886505635e-15,28980,30,0.5,0.2,rand
DE,ackley,0,965,3.9968028886505635e-15,29010,30,0.5,0.2,rand
DE,ackley,0,966,3.9968028886505635e-15,29040,30,0.5,0.2,rand
DE,ackley,0,967,3.9968028886505635e-15,29070,30,0.5,0.2,rand
DE,ackley,0,968,3.9968028886505635e-15,29100,30,0.5,0.2,rand
DE,ackley,0,969,3.9968028886505635e-15,29130,30,0.5,0.2,rand
DE,ackley,0,970,3.9968028886505635e-15,29160,30,0.5,0.2,rand
DE,ackley,0,971,3.9968028886505635e-15,29190,30,0.5,0.2,rand
DE,ackley,0,972,3.9968028886505635e-15,29220,30,0.5,0.2,rand
DE,ackley,0,973,3.9968028886505635e-15,29250,30,0.5,0.2,rand
DE,ackley,0,974,3.9968028886505635e-15,29280,30,0.5,0.2,rand
DE,ackley,0,975,3.9968028886505635e-15,29310,30,0.5,0.2,rand
DE,ackley,0,976,3.9968028886505635e-15,29340,30,0.5,0.2,rand
DE,ackley,0,977,3.9968028886505635e-15,29370,30,0.5,0.2,rand
DE,ackley,0,978,3.9968028886505635e-15,29400,30,0.5,0.2,rand
DE,ackley,0,979,3.9968028886505635e-15,29430,30,0.5,0.2,rand
DE,ackley,0,980,3.9968028886505635e-15,29460,30,0.5,0.2,rand
DE,ackley,0,981,3.9968028886505635e-15,29490,30,0.5,0.2,rand
DE,ackley,0,982,3.9968028886505635e-15,29520,30,0.5,0.2,rand
DE,ackley,0,983,3.9968028886505635e-15,29550,30,0.5,0.2,rand
DE,ackley,0,984,3.9968028886505635e-15,29580,30,0.5,0.2,rand
DE,ackley,0,985,3.9968028886505635e-15,29610,30,0.5,0.2,rand
DE,ackley,0,986,3.9968028886505635e-15,29640,30,0.5,0.2,rand
DE,ackley,0,987,3.9968028886505635e-15,29670,30,0.5,0.2,rand
DE,ackley,0,988,3.9968028886505635e-15,29700,30,0.5,0.2,rand
DE,ackley,0,989,3.9968028886505635e-15,29730,30,0.5,0.2,rand
DE,ackley,0,990,3.9968028886505635e-15,29760,30,0.5,0.2,rand
DE,ackley,0,991,3.9968028886505635e-15,29790,30,0.5,0.2,rand
DE,ackley,0,992,3.9968028886505635e-15,29820,30,0.5,0.2,rand
DE,ackley,0,993,3.9968028886505635e-15,29850,30,0.5,0.2,rand
DE,ackley,0,994,3.9968028886505635e-15,29880,30,0.5,0.2,rand
DE,ackley,0,995,3.9968028886505635e-15,29910,30,0.5,0.2,rand
DE,ackley,0,996,3.9968028886505635e-15,29940,30,0.5,0.2,rand
DE,ackley,0,997,3.9968028886505635e-15,29970,30,0.5,0.2,rand
DE,ackley,0,998,3.9968028886505635e-15,30000,30,0.5,0.2,rand
DE,ackley,0,999,3.9968028886505635e-15,30030,30,0.5,0.2,rand
DE,ackley,0,1000,3.9968028886505635e-15,30060,30,0.5,0.2,rand
DE,ackley,0,1001,3.9968028886505635e-15,30090,30,0.5,0.2,rand
DE,ackley,0,1002,3.9968028886505635e-15,30120,30,0.5,0.2,rand
DE,ackley,0,1003,3.9968028886505635e-15,30150,30,0.5,0.2,rand
DE,ackley,0,1004,3.9968028886505635e-15,30180,30,0.5,0.2,rand
DE,ackley,0,1005,3.9968028886505635e-15,30210,30,0.5,0.2,rand
DE,ackley,0,1006,3.9968028886505635e-15,30240,30,0.5,0.2,rand
DE,ackley,0,1007,3.9968028886505635e-15,30270,30,0.5,0.2,rand
DE,ackley,0,1008,3.9968028886505635e-15,30300,30,0.5,0.2,rand
DE,ackley,0,1009,3.9968028886505635e-15,30330,30,0.5,0.2,rand
DE,ackley,0,1010,3.9968028886505635e-15,30360,30,0.5,0.2,rand
DE,ackley,0,1011,3.9968028886505635e-15,30390,30,0.5,0.2,rand
DE,ackley,0,1012,3.9968028886505635e-15,30420,30,0.5,0.2,rand
DE,ackley,0,1013,3.9968028886505635e-15,30450,30,0.5,0.2,rand
DE,ackley,0,1014,3.9968028886505635e-15,30480,30,0.5,0.2,rand
DE,ackley,0,1015,3.9968028886505635e-15,30510,30,0.5,0.2,rand
DE,ackley,0,1016,3.9968028886505635e-15,30540,30,0.5,0.2,rand
DE,ackley,0,1017,3.9968028886505635e-15,30570,30,0.5,0.2,rand
DE,ackley,0,1018,3.9968028886505635e-15,30600,30,0.5,0.2,rand
DE,ackley,0,1019,3.9968028886505635e-15,30630,30,0.5,0.2,rand
DE,ackley,0,1020,3.9968028886505635e-15,30660,30,0.5,0.2,rand
DE,ackley,0,1021,3.9968028886505635e-15,30690,30,0.5,0.2,rand
DE,ackley,0,1022,3.9968028886505635e-15,30720,30,0.5,0.2,rand
DE,ackley,0,1023,3.9968028886505635e-15,30750,30,0.5,0.2,rand
DE,ackley,0,1024,3.9968028886505635e-15,30780,30,0.5,0.2,rand
DE,ackley,0,1025,3.9968028886505635e-15,30810,30,0.5,0.2,rand
DE,ackley,0,1026,3.9968028886505635e-15,30840,30,0.5,0.2,rand
DE,ackley,0,1027,3.9968028886505635e-15,30870,30,0.5,0.2,rand
DE,ackley,0,1028,3.9968028886505635e-15,30900,30,0.5,0.2,rand
DE,ackley,0,1029,3.9968028886505635e-15,30930,30,0.5,0.2,rand
DE,ackley,0,1030,3.9968028886505635e-15,30960,30,0.5,0.2,rand
DE,ackley,0,1031,3.9968028886505635e-15,30990,30,0.5,0.2,rand
DE,ackley,0,1032,3.9968028886505635e-15,31020,30,0.5,0.2,rand
DE,ackley,0,1033,3.9968028886505635e-15,31050,30,0.5,0.2,rand
DE,ackley,0,1034,3.9968028886505635e-15,31080,30,0.5,0.2,rand
DE,ackley,0,1035,3.9968028886505635e-15,31110,30,0.5,0.2,rand
DE,ackley,0,1036,3.9968028886505635e-15,31140,30,0.5,0.2,rand
DE,ackley,0,1037,3.9968028886505635e-15,31170,30,0.5,0.2,rand
DE,ackley,0,1038,3.9968028886505635e-15,31200,30,0.5,0.2,rand
DE,ackley,0,1039,3.9968028886505635e-15,31230,30,0.5,0.2,rand
DE,ackley,0,1040,3.9968028886505635e-15,31260,30,0.5,0.2,rand
DE,ackley,0,1041,3.9968028886505635e-15,31290,30,0.5,0.2,rand
DE,ackley,0,1042,3.9968028886505635e-15,31320,30,0.5,0.2,rand
DE,ackley,0,1043,3.9968028886505635e-15,31350,30,0.5,0.2,rand
DE,ackley,0,1044,3.9968028886505635e-15,31380,30,0.5,0.2,rand
DE,ackley,0,1045,3.9968028886505635e-15,31410,30,0.5,0.2,rand
DE,ackley,0,1046,3.9968028886505635e-15,31440,30,0.5,0.2,rand
DE,ackley,0,1047,3.9968028886505635e-15,31470,30,0.5,0.2,rand
DE,ackley,0,1048,3.9968028886505635e-15,31500,30,0.5,0.2,rand
DE,ackley,0,1049,3.9968028886505635e-15,31530,30,0.5,0.2,rand
DE,ackley,0,1050,3.9968028886505635e-15,31560,30,0.5,0.2,rand
DE,ackley,0,1051,3.9968028886505635e-15,31590,30,0.5,0.2,rand
DE,ackley,0,1052,3.9968028886505635e-15,31620,30,0.5,0.2,rand
DE,ackley,0,1053,3.9968028886505635e-15,31650,30,0.5,0.2,rand
DE,ackley,0,1054,3.9968028886505635e-15,31680,30,0.5,0.2,rand
DE,ackley,0,1055,3.9968028886505635e-15,31710,30,0.5,0.2,rand
DE,ackley,0,1056,3.9968028886505635e-15,31740,30,0.5,0.2,rand
DE,ackley,0,1057,3.9968028886505635e-15,31770,30,0.5,0.2,rand
DE,ackley,0,1058,3.9968028886505635e-15,31800,30,0.5,0.2,rand
DE,ackley,0,1059,3.9968028886505635e-15,31830,30,0.5,0.2,rand
DE,ackley,0,1060,3.9968028886505635e-15,31860,30,0.5,0.2,rand
DE,ackley,0,1061,3.9968028886505635e-15,31890,30,0.5,0.2,rand
DE,ackley,0,1062,3.9968028886505635e-15,31920,30,0.5,0.2,rand
DE,ackley,0,1063,3.9968028886505635e-15,31950,30,0.5,0.2,rand
DE,ackley,0,1064,3.9968028886505635e-15,31980,30,0.5,0.2,rand
DE,ackley,0,1065,3.9968028886505635e-15,32010,30,0.5,0.2,rand
DE,ackley,0,1066,3.9968028886505635e-15,32040,30,0.5,0.2,rand
DE,ackley,0,1067,3.9968028886505635e-15,32070,30,0.5,0.2,rand
DE,ackley,0,1068,3.9968028886505635e-15,32100,30,0.5,0.2,rand
DE,ackley,0,1069,3.9968028886505635e-15,32130,30,0.5,0.2,rand
DE,ackley,0,1070,3.9968028886505635e-15,32160,30,0.5,0.2,rand
DE,ackley,0,1071,3.9968028886505635e-15,32190,30,0.5,0.2,rand
DE,ackley,0,1072,3.9968028886505635e-15,32220,30,0.5,0.2,rand
DE,ackley,0,1073,3.9968028886505635e-15,32250,30,0.5,0.2,rand
DE,ackley,0,1074,3.9968028886505635e-15,32280,30,0.5,0.2,rand
DE,ackley,0,1075,3.9968028886505635e-15,32310,30,0.5,0.2,rand
DE,ackley,0,1076,3.9968028886505635e-15,32340,30,0.5,0.2,rand
DE,ackley,0,1077,3.9968028886505635e-15,32370,30,0.5,0.2,rand
DE,ackley,0,1078,3.9968028886505635e-15,32400,30,0.5,0.2,rand
DE,ackley,0,1079,3.9968028886505635e-15,32430,30,0.5,0.2,rand
DE,ackley,0,1080,3.9968028886505635e-15,32460,30,0.5,0.2,rand
DE,ackley,0,1081,3.9968028886505635e-15,32490,30,0.5,0.2,rand
DE,ackley,0,1082,3.9968028886505635e-15,32520,30,0.5,0.2,rand
DE,ackley,0,1083,3.9968028886505635e-15,32550,30,0.5,0.2,rand
DE,ackley,0,1084,3.9968028886505635e-15,32580,30,0.5,0.2,rand
DE,ackley,0,1085,3.9968028886505635e-15,32610,30,0.5,0.2,rand
DE,ackley,0,1086,3.9968028886505635e-15,32640,30,0.5,0.2,rand
DE,ackley,0,1087,3.9968028886505635e-15,32670,30,0.5,0.2,rand
DE,ackley,0,1088,3.9968028886505635e-15,32700,30,0.5,0.2,rand
DE,ackley,0,1089,3.9968028886505635e-15,32730,30,0.5,0.2,rand
DE,ackley,0,1090,3.9968028886505635e-15,32760,30,0.5,0.2,rand
DE,ackley,0,1091,3.9968028886505635e-15,32790,30,0.5,0.2,rand
DE,ackley,0,1092,3.9968028886505635e-15,32820,30,0.5,0.2,rand
DE,ackley,0,1093,3.9968028886505635e-15,32850,30,0.5,0.2,rand
DE,ackley,0,1094,3.9968028886505635e-15,32880,30,0.5,0.2,rand
DE,ackley,0,1095,3.9968028886505635e-15,32910,30,0.5,0.2,rand
DE,ackley,0,1096,3.9968028886505635e-15,32940,30,0.5,0.2,rand
DE,ackley,0,1097,3.9968028886505635e-15,32970,30,0.5,0.2,rand
DE,ackley,0,1098,3.9968028886505635e-15,33000,30,0.5,0.2,rand
DE,ackley,0,1099,3.9968028886505635e-15,33030,30,0.5,0.2,rand
DE,ackley,0,1100,3.9968028886505635e-15,33060,30,0.5,0.2,rand
DE,ackley,0,1101,3.9968028886505635e-15,33090,30,0.5,0.2,rand
DE,ackley,0,1102,3.9968028886505635e-15,33120,30,0.5,0.2,rand
DE,ackley,0,1103,3.9968028886505635e-15,33150,30,0.5,0.2,rand
DE,ackley,0,1104,3.9968028886505635e-15,33180,30,0.5,0.2,rand
DE,ackley,0,1105,3.9968028886505635e-15,33210,30,0.5,0.2,rand
DE,ackley,0,1106,3.9968028886505635e-15,33240,30,0.5,0.2,rand
DE,ackley,0,1107,3.9968028886505635e-15,33270,30,0.5,0.2,rand
DE,ackley,0,1108,3.9968028886505635e-15,33300,30,0.5,0.2,rand
DE,ackley,0,1109,3.9968028886505635e-15,33330,30,0.5,0.2,rand
DE,ackley,0,1110,3.9968028886505635e-15,33360,30,0.5,0.2,rand
DE,ackley,0,1111,3.9968028886505635e-15,33390,30,0.5,0.2,rand
DE,ackley,0,1112,3.9968028886505635e-15,33420,30,0.5,0.2,rand
DE,ackley,0,1113,3.9968028886505635e-15,33450,30,0.5,0.2,rand
DE,ackley,0,1114,3.9968028886505635e-15,33480,30,0.5,0.2,rand
DE,ackley,0,1115,3.9968028886505635e-15,33510,30,0.5,0.2,rand
DE,ackley,0,1116,3.9968028886505635e-15,33540,30,0.5,0.2,rand
DE,ackley,0,1117,3.9968028886505635e-15,33570,30,0.5,0.2,rand
DE,ackley,0,1118,3.9968028886505635e-15,33600,30,0.5,0.2,rand
DE,ackley,0,1119,3.9968028886505635e-15,33630,30,0.5,0.2,rand
DE,ackley,0,1120,3.9968028886505635e-15,33660,30,0.5,0.2,rand
DE,ackley,0,1121,3.9968028886505635e-15,33690,30,0.5,0.2,rand
DE,ackley,0,1122,3.9968028886505635e-15,33720,30,0.5,0.2,rand
DE,ackley,0,1123,3.9968028886505635e-15,33750,30,0.5,0.2,rand
DE,ackley,0,1124,3.9968028886505635e-15,33780,30,0.5,0.2,rand
DE,ackley,0,1125,3.9968028886505635e-15,33810,30,0.5,0.2,rand
DE,ackley,0,1126,3.9968028886505635e-15,33840,30,0.5,0.2,rand
DE,ackley,0,1127,3.9968028886505635e-15,33870,30,0.5,0.2,rand
DE,ackley,0,1128,3.9968028886505635e-15,33900,30,0.5,0.2,rand
DE,ackley,0,1129,3.9968028886505635e-15,33930,30,0.5,0.2,rand
DE,ackley,0,1130,3.9968028886505635e-15,33960,30,0.5,0.2,rand
DE,ackley,0,1131,3.9968028886505635e-15,33990,30,0.5,0.2,rand
DE,ackley,0,1132,3.9968028886505635e-15,34020,30,0.5,0.2,rand
DE,ackley,0,1133,3.9968028886505635e-15,34050,30,0.5,0.2,rand
DE,ackley,0,1134,3.9968028886505635e-15,34080,30,0.5,0.2,rand
DE,ackley,0,1135,3.9968028886505635e-15,34110,30,0.5,0.2,rand
DE,ackley,0,1136,3.9968028886505635e-15,34140,30,0.5,0.2,rand
DE,ackley,0,1137,3.9968028886505635e-15,34170,30,0.5,0.2,rand
DE,ackley,0,1138,3.9968028886505635e-15,34200,30,0.5,0.2,rand
DE,ackley,0,1139,3.9968028886505635e-15,34230,30,0.5,0.2,rand
DE,ackley,0,1140,3.9968028886505635e-15,34260,30,0.5,0.2,rand
DE,ackley,0,1141,3.9968028886505635e-15,34290,30,0.5,0.2,rand
DE,ackley,0,1142,3.9968028886505635e-15,34320,30,0.5,0.2,rand
DE,ackley,0,1143,3.9968028886505635e-15,34350,30,0.5,0.2,rand
DE,ackley,0,1144,3.9968028886505635e-15,34380,30,0.5,0.2,rand
DE,ackley,0,1145,3.9968028886505635e-15,34410,30,0.5,0.2,rand
DE,ackley,0,1146,3.9968028886505635e-15,34440,30,0.5,0.2,rand
DE,ackley,0,1147,3.9968028886505635e-15,34470,30,0.5,0.2,rand
DE,ackley,0,1148,3.9968028886505635e-15,34500,30,0.5,0.2,rand
DE,ackley,0,1149,3.9968028886505635e-15,34530,30,0.5,0.2,rand
DE,ackley,0,1150,3.9968028886505635e-15,34560,30,0.5,0.2,rand
DE,ackley,0,1151,3.9968028886505635e-15,34590,30,0.5,0.2,rand
DE,ackley,0,1152,3.9968028886505635e-15,34620,30,0.5,0.2,rand
DE,ackley,0,1153,3.9968028886505635e-15,34650,30,0.5,0.2,rand
DE,ackley,0,1154,3.9968028886505635e-15,34680,30,0.5,0.2,rand
DE,ackley,0,1155,3.9968028886505635e-15,34710,30,0.5,0.2,rand
DE,ackley,0,1156,3.9968028886505635e-15,34740,30,0.5,0.2,rand
DE,ackley,0,1157,3.9968028886505635e-15,34770,30,0.5,0.2,rand
DE,ackley,0,1158,3.9968028886505635e-15,34800,30,0.5,0.2,rand
DE,ackley,0,1159,3.9968028886505635e-15,34830,30,0.5,0.2,rand
DE,ackley,0,1160,3.9968028886505635e-15,34860,30,0.5,0.2,rand
DE,ackley,0,1161,3.9968028886505635e-15,34890,30,0.5,0.2,rand
DE,ackley,0,1162,3.9968028886505635e-15,34920,30,0.5,0.2,rand
DE,ackley,0,1163,3.9968028886505635e-15,34950,30,0.5,0.2,rand
DE,ackley,0,1164,3.9968028886505635e-15,34980,30,0.5,0.2,rand
DE,ackley,0,1165,3.9968028886505635e-15,35010,30,0.5,0.2,rand
DE,ackley,0,1166,3.9968028886505635e-15,35040,30,0.5,0.2,rand
DE,ackley,0,1167,3.9968028886505635e-15,35070,30,0.5,0.2,rand
DE,ackley,0,1168,3.9968028886505635e-15,35100,30,0.5,0.2,rand
DE,ackley,0,1169,3.9968028886505635e-15,35130,30,0.5,0.2,rand
DE,ackley,0,1170,3.9968028886505635e-15,35160,30,0.5,0.2,rand
DE,ackley,0,1171,3.9968028886505635e-15,35190,30,0.5,0.2,rand
DE,ackley,0,1172,3.9968028886505635e-15,35220,30,0.5,0.2,rand
DE,ackley,0,1173,3.9968028886505635e-15,35250,30,0.5,0.2,rand
DE,ackley,0,1174,3.9968028886505635e-15,35280,30,0.5,0.2,rand
DE,ackley,0,1175,3.9968028886505635e-15,35310,30,0.5,0.2,rand
DE,ackley,0,1176,3.9968028886505635e-15,35340,30,0.5,0.2,rand
DE,ackley,0,1177,3.9968028886505635e-15,35370,30,0.5,0.2,rand
DE,ackley,0,1178,3.9968028886505635e-15,35400,30,0.5,0.2,rand
DE,ackley,0,1179,3.9968028886505635e-15,35430,30,0.5,0.2,rand
DE,ackley,0,1180,3.9968028886505635e-15,35460,30,0.5,0.2,rand
DE,ackley,0,1181,3.9968028886505635e-15,35490,30,0.5,0.2,rand
DE,ackley,0,1182,3.9968028886505635e-15,35520,30,0.5,0.2,rand
DE,ackley,0,1183,3.9968028886505635e-15,35550,30,0.5,0.2,rand
DE,ackley,0,1184,3.9968028886505635e-15,35580,30,0.5,0.2,rand
DE,ackley,0,1185,3.9968028886505635e-15,35610,30,0.5,0.2,rand
DE,ackley,0,1186,3.9968028886505635e-15,35640,30,0.5,0.2,rand
DE,ackley,0,1187,3.9968028886505635e-15,35670,30,0.5,0.2,rand
DE,ackley,0,1188,3.9968028886505635e-15,35700,30,0.5,0.2,rand
DE,ackley,0,1189,3.9968028886505635e-15,35730,30,0.5,0.2,rand
DE,ackley,0,1190,3.9968028886505635e-15,35760,30,0.5,0.2,rand
DE,ackley,0,1191,3.9968028886505635e-15,35790,30,0.5,0.2,rand
DE,ackley,0,1192,3.9968028886505635e-15,35820,30,0.5,0.2,rand
DE,ackley,0,1193,3.9968028886505635e-15,35850,30,0.5,0.2,rand
DE,ackley,0,1194,3.9968028886505635e-15,35880,30,0.5,0.2,rand
DE,ackley,0,1195,3.9968028886505635e-15,35910,30,0.5,0.2,rand
DE,ackley,0,1196,3.9968028886505635e-15,35940,30,0.5,0.2,rand
DE,ackley,0,1197,3.9968028886505635e-15,35970,30,0.5,0.2,rand
DE,ackley,0,1198,3.9968028886505635e-15,36000,30,0.5,0.2,rand
DE,ackley,0,1199,3.9968028886505635e-15,36030,30,0.5,0.2,rand
DE,ackley,1,0,19.30951977018105,60,30,0.5,0.2,rand
DE,ackley,1,1,19.30951977018105,90,30,0.5,0.2,rand
DE,ackley,1,2,18.633612323483504,120,30,0.5,0.2,rand
DE,ackley,1,3,18.633612323483504,150,30,0.5,0.2,rand
DE,ackley,1,4,18.633612323483504,180,30,0.5,0.2,rand
DE,ackley,1,5,18.633612323483504,210,30,0.5,0.2,rand
DE,ackley,1,6,18.204480939960064,240,30,0.5,0.2,rand
DE,ackley,1,7,18.204480939960064,270,30,0.5,0.2,rand
DE,ackley,1,8,18.204480939960064,300,30,0.5,0.2,rand
DE,ackley,1,9,18.204480939960064,330,30,0.5,0.2,rand
DE,ackley,1,10,18.204480939960064,360,30,0.5,0.2,rand
DE,ackley,1,11,17.434206855822318,390,30,0.5,0.2,rand
DE,ackley,1,12,16.954591129631346,420,30,0.5,0.2,rand
DE,ackley,1,13,16.954591129631346,450,30,0.5,0.2,rand
DE,ackley,1,14,16.954591129631346,480,30,0.5,0.2,rand
DE,ackley,1,15,16.954591129631346,510,30,0.5,0.2,rand
DE,ackley,1,16,16.35570617855861,540,30,0.5,0.2,rand
DE,ackley,1,17,15.777151592018527,570,30,0.5,0.2,rand
DE,ackley,1,18,15.777151592018527,600,30,0.5,0.2,rand
DE,ackley,1,19,14.106965400032578,630,30,0.5,0.2,rand
DE,ackley,1,20,14.106965400032578,660,30,0.5,0.2,rand
DE,ackley,1,21,14.106965400032578,690,30,0.5,0.2,rand
DE,ackley,1,22,13.958243938946286,720,30,0.5,0.2,rand
DE,ackley,1,23,13.916609446005733,750,30,0.5,0.2,rand
DE,ackley,1,24,12.859202824578361,780,30,0.5,0.2,rand
DE,ackley,1,25,12.859202824578361,810,30,0.5,0.2,rand
DE,ackley,1,26,12.859202824578361,840,30,0.5,0.2,rand
DE,ackley,1,27,12.859202824578361,870,30,0.5,0.2,rand
DE,ackley,1,28,12.859202824578361,900,30,0.5,0.2,rand
DE,ackley,1,29,12.859202824578361,930,30,0.5,0.2,rand
DE,ackley,1,30,10.799512749100986,960,30,0.5,0.2,rand
DE,ackley,1,31,10.799512749100986,990,30,0.5,0.2,rand
DE,ackley,1,32,10.799512749100986,1020,30,0.5,0.2,rand
DE,ackley,1,33,8.445946548359359,1050,30,0.5,0.2,rand
DE,ackley,1,34,8.445946548359359,1080,30,0.5,0.2,rand
DE,ackley,1,35,8.445946548359359,1110,30,0.5,0.2,rand
DE,ackley,1,36,8.445946548359359,1140,30,0.5,0.2,rand
DE,ackley,1,37,8.445946548359359,1170,30,0.5,0.2,rand
DE,ackley,1,38,8.445946548359359,1200,30,0.5,0.2,rand
DE,ackley,1,39,8.445946548359359,1230,30,0.5,0.2,rand
DE,ackley,1,40,8.445946548359359,1260,30,0.5,0.2,rand
DE,ackley,1,41,7.807522729253781,1290,30,0.5,0.2,rand
DE,ackley,1,42,7.807522729253781,1320,30,0.5,0.2,rand
DE,ackley,1,43,7.807522729253781,1350,30,0.5,0.2,rand
DE,ackley,1,44,6.490483863534369,1380,30,0.5,0.2,rand
DE,ackley,1,45,6.490483863534369,1410,30,0.5,0.2,rand
DE,ackley,1,46,6.490483863534369,1440,30,0.5,0.2,rand
DE,ackley,1,47,6.458034192265025,1470,30,0.5,0.2,rand
DE,ackley,1,48,6.078724030433584,1500,30,0.5,0.2,rand
DE,ackley,1,49,6.012602629363009,1530,30,0.5,0.2,rand
DE,ackley,1,50,5.776963135854196,1560,30,0.5,0.2,rand
DE,ackley,1,51,5.256592361857564,1590,30,0.5,0.2,rand
DE,ackley,1,52,5.256592361857564,1620,30,0.5,0.2,rand
DE,ackley,1,53,5.256592361857564,1650,30,0.5,0.2,rand
DE,ackley,1,54,5.256592361857564,1680,30,0.5,0.2,rand
DE,ackley,1,55,5.256592361857564,1710,30,0.5,0.2,rand
DE,ackley,1,56,4.023461815105573,1740,30,0.5,0.2,rand
DE,ackley,1,57,4.023461815105573,1770,30,0.5,0.2,rand
DE,ackley,1,58,4.023461815105573,1800,30,0.5,0.2,rand
DE,ackley,1,59,4.023461815105573,1830,30,0.5,0.2,rand
DE,ackley,1,60,4.023461815105573,1860,30,0.5,0.2,rand
DE,ackley,1,61,4.023461815105573,1890,30,0.5,0.2,rand
DE,ackley,1,62,4.023461815105573,1920,30,0.5,0.2,rand
DE,ackley,1,63,4.023461815105573,1950,30,0.5,0.2,rand
DE,ackley,1,64,3.446909194806541,1980,30,0.5,0.2,rand
DE,ackley,1,65,3.446909194806541,2010,30,0.5,0.2,rand
DE,ackley,1,66,3.446909194806541,2040,30,0.5,0.2,rand
DE,ackley,1,67,3.318506348645912,2070,30,0.5,0.2,rand
DE,ackley,1,68,3.318506348645912,2100,30,0.5,0.2,rand
DE,ackley,1,69,2.885237231043011,2130,30,0.5,0.2,rand
DE,ackley,1,70,2.8121145321540877,2160,30,0.5,0.2,rand
DE,ackley,1,71,2.678877199482731,2190,30,0.5,0.2,rand
DE,ackley,1,72,2.361368454634054,2220,30,0.5,0.2,rand
DE,ackley,1,73,2.361368454634054,2250,30,0.5,0.2,rand
DE,ackley,1,74,2.361368454634054,2280,30,0.5,0.2,rand
DE,ackley,1,75,2.361368454634054,2310,30,0.5,0.2,rand
DE,ackley,1,76,2.121239290487875,2340,30,0.5,0.2,rand
DE,ackley,1,77,2.121239290487875,2370,30,0.5,0.2,rand
DE,ackley,1,78,2.121239290487875,2400,30,0.5,0.2,rand
DE,ackley,1,79,2.121239290487875,2430,30,0.5,0.2,rand
DE,ackley,1,80,2.0766216978409813,2460,30,0.5,0.2,rand
DE,ackley,1,81,1.978101415592033,2490,30,0.5,0.2,rand
DE,ackley,1,82,1.809601727025687,2520,30,0.5,0.2,rand
DE,ackley,1,83,1.7457169469274523,2550,30,0.5,0.2,rand
DE,ackley,1,84,1.7457169469274523,2580,30,0.5,0.2,rand
DE,ackley,1,85,1.7457169469274523,2610,30,0.5,0.2,rand
DE,ackley,1,86,1.7457169469274523,2640,30,0.5,0.2,rand
DE,ackley,1,87,1.739541563636973,2670,30,0.5,0.2,rand
DE,ackley,1,88,1.739541563636973,2700,30,0.5,0.2,rand
DE,ackley,1,89,1.4491359175680611,2730,30,0.5,0.2,rand
DE,ackley,1,90,1.4491359175680611,2760,30,0.5,0.2,rand
DE,ackley,1,91,1.3972531272889346,2790,30,0.5,0.2,rand
DE,ackley,1,92,1.310506002627236,2820,30,0.5,0.2,rand
DE,ackley,1,93,0.9597807520681241,2850,30,0.5,0.2,rand
DE,ackley,1,94,0.9597807520681241,2880,30,0.5,0.2,rand
DE,ackley,1,95,0.9597807520681241,2910,30,0.5,0.2,rand
DE,ackley,1,96,0.9456540659486774,2940,30,0.5,0.2,rand
DE,ackley,1,97,0.8839760826523997,2970,30,0.5,0.2,rand
DE,ackley,1,98,0.8839760826523997,3000,30,0.5,0.2,rand
DE,ackley,1,99,0.8839760826523997,3030,30,0.5,0.2,rand
DE,ackley,1,100,0.7905649994032342,3060,30,0.5,0.2,rand
DE,ackley,1,101,0.7905649994032342,3090,30,0.5,0.2,rand
DE,ackley,1,102,0.5719006771022355,3120,30,0.5,0.2,rand
DE,ackley,1,103,0.5423070063441,3150,30,0.5,0.2,rand
DE,ackley,1,104,0.5020947079322835,3180,30,0.5,0.2,rand
DE,ackley,1,105,0.3072275957417969,3210,30,0.5,0.2,rand
DE,ackley,1,106,0.3072275957417969,3240,30,0.5,0.2,rand
DE,ackley,1,107,0.3072275957417969,3270,30,0.5,0.2,rand
DE,ackley,1,108,0.3072275957417969,3300,30,0.5,0.2,rand
DE,ackley,1,109,0.26866079759891237,3330,30,0.5,0.2,rand
DE,ackley,1,110,0.26866079759891237,3360,30,0.5,0.2,rand
DE,ackley,1,111,0.1975861515259152,3390,30,0.5,0.2,rand
DE,ackley,1,112,0.1975861515259152,3420,30,0.5,0.2,rand
DE,ackley,1,113,0.17402094828323245,3450,30,0.5,0.2,rand
DE,ackley,1,114,0.17402094828323245,3480,30,0.5,0.2,rand
DE,ackley,1,115,0.13496111255452492,3510,30,0.5,0.2,rand
DE,ackley,1,116,0.13496111255452492,3540,30,0.5,0.2,rand
DE,ackley,1,117,0.13496111255452492,3570,30,0.5,0.2,rand
DE,ackley,1,118,0.13496111255452492,3600,30,0.5,0.2,rand
DE,ackley,1,119,0.13496111255452492,3630,30,0.5,0.2,rand
DE,ackley,1,120,0.1308839170995495,3660,30,0.5,0.2,rand
DE,ackley,1,121,0.1308839170995495,3690,30,0.5,0.2,rand
DE,ackley,1,122,0.11456222760881873,3720,30,0.5,0.2,rand
DE,ackley,1,123,0.11456222760881873,3750,30,0.5,0.2,rand
DE,ackley,1,124,0.11456222760881873,3780,30,0.5,0.2,rand
DE,ackley,1,125,0.09379870064475115,3810,30,0.5,0.2,rand
DE,ackley,1,126,0.09379870064475115,3840,30,0.5,0.2,rand
DE,ackley,1,127,0.09379870064475115,3870,30,0.5,0.2,rand
DE,ackley,1,128,0.09379870064475115,3900,30,0.5,0.2,rand
DE,ackley,1,129,0.08411488479503548,3930,30,0.5,0.2,rand
DE,ackley,1,130,0.08411488479503548,3960,30,0.5,0.2,rand
DE,ackley,1,131,0.07318767306482998,3990,30,0.5,0.2,rand
DE,ackley,1,132,0.052067080341256844,4020,30,0.5,0.2,rand
DE,ackley,1,133,0.052067080341256844,4050,30,0.5,0.2,rand
DE,ackley,1,134,0.052067080341256844,4080,30,0.5,0.2,rand
DE,ackley,1,135,0.052067080341256844,4110,30,0.5,0.2,rand
DE,ackley,1,136,0.03524049449639266,4140,30,0.5,0.2,rand
DE,ackley,1,137,0.03524049449639266,4170,30,0.5,0.2,rand
DE,ackley,1,138,0.03414289482844568,4200,30,0.5,0.2,rand
DE,ackley,1,139,0.03336808223459942,4230,30,0.5,0.2,rand
DE,ackley,1,140,0.03336808223459942,4260,30,0.5,0.2,rand
DE,ackley,1,141,0.03336808223459942,4290,30,0.5,0.2,rand
DE,ackley,1,142,0.03336808223459942,4320,30,0.5,0.2,rand
DE,ackley,1,143,0.03336808223459942,4350,30,0.5,0.2,rand
DE,ackley,1,144,0.03336808223459942,4380,30,0.5,0.2,rand
DE,ackley,1,145,0.027445326344964105,4410,30,0.5,0.2,rand
DE,ackley,1,146,0.027445326344964105,4440,30,0.5,0.2,rand
DE,ackley,1,147,0.026015378324260485,4470,30,0.5,0.2,rand
DE,ackley,1,148,0.024906838108897933,4500,30,0.5,0.2,rand
DE,ackley,1,149,0.024906838108897933,4530,30,0.5,0.2,rand
DE,ackley,1,150,0.02342691996093338,4560,30,0.5,0.2,rand
DE,ackley,1,151,0.01980656880491738,4590,30,0.5,0.2,rand
DE,ackley,1,152,0.01980656880491738,4620,30,0.5,0.2,rand
DE,ackley,1,153,0.016702401169795156,4650,30,0.5,0.2,rand
DE,ackley,1,154,0.015819280148225534,4680,30,0.5,0.2,rand
DE,ackley,1,155,0.015819280148225534,4710,30,0.5,0.2,rand
DE,ackley,1,156,0.015819280148225534,4740,30,0.5,0.2,rand
DE,ackley,1,157,0.015819280148225534,4770,30,0.5,0.2,rand
DE,ackley,1,158,0.015819280148225534,4800,30,0.5,0.2,rand
DE,ackley,1,159,0.015819280148225534,4830,30,0.5,0.2,rand
DE,ackley,1,160,0.012642692772800945,4860,30,0.5,0.2,rand
DE,ackley,1,161,0.012642692772800945,4890,30,0.5,0.2,rand
DE,ackley,1,162,0.009547974452307262,4920,30,0.5,0.2,rand
DE,ackley,1,163,0.009547974452307262,4950,30,0.5,0.2,rand
DE,ackley,1,164,0.008558562148302418,4980,30,0.5,0.2,rand
DE,ackley,1,165,0.008456351222904335,5010,30,0.5,0.2,rand
DE,ackley,1,166,0.008456351222904335,5040,30,0.5,0.2,rand
DE,ackley,1,167,0.008388592958031627,5070,30,0.5,0.2,rand
DE,ackley,1,168,0.00814235953775766,5100,30,0.5,0.2,rand
DE,ackley,1,169,0.00814235953775766,5130,30,0.5,0.2,rand
DE,ackley,1,170,0.007467909618249724,5160,30,0.5,0.2,rand
DE,ackley,1,171,0.007467909618249724,5190,30,0.5,0.2,rand
DE,ackley,1,172,0.006164531349714952,5220,30,0.5,0.2,rand
DE,ackley,1,173,0.006164531349714952,5250,30,0.5,0.2,rand
DE,ackley,1,174,0.006164531349714952,5280,30,0.5,0.2,rand
DE,ackley,1,175,0.005005239272950934,5310,30,0.5,0.2,rand
DE,ackley,1,176,0.0036681005784982013,5340,30,0.5,0.2,rand
DE,ackley,1,177,0.0036681005784982013,5370,30,0.5,0.2,rand
DE,ackley,1,178,0.003501723905067866,5400,30,0.5,0.2,rand
DE,ackley,1,179,0.0030959864488093736,5430,30,0.5,0.2,rand
DE,ackley,1,180,0.003043182044315973,5460,30,0.5,0.2,rand
DE,ackley,1,181,0.003043182044315973,5490,30,0.5,0.2,rand
DE,ackley,1,182,0.0025789877219222213,5520,30,0.5,0.2,rand
DE,ackley,1,183,0.0021870417950649035,5550,30,0.5,0.2,rand
DE,ackley,1,184,0.0021870417950649035,5580,30,0.5,0.2,rand
DE,ackley,1,185,0.0021870417950649035,5610,30,0.5,0.2,rand
DE,ackley,1,186,0.0021870417950649035,5640,30,0.5,0.2,rand
DE,ackley,1,187,0.002079727707631651,5670,30,0.5,0.2,rand
DE,ackley,1,188,0.002079727707631651,5700,30,0.5,0.2,rand
DE,ackley,1,189,0.002079727707631651,5730,30,0.5,0.2,rand
DE,ackley,1,190,0.0018946801671515523,5760,30,0.5,0.2,rand
DE,ackley,1,191,0.0018330364088652296,5790,30,0.5,0.2,rand
DE,ackley,1,192,0.001728997565905832,5820,30,0.5,0.2,rand
DE,ackley,1,193,0.001716526512276051,5850,30,0.5,0.2,rand
DE,ackley,1,194,0.001716526512276051,5880,30,0.5,0.2,rand
DE,ackley,1,195,0.001704065972483182,5910,30,0.5,0.2,rand
DE,ackley,1,196,0.0014312923710098069,5940,30,0.5,0.2,rand
DE,ackley,1,197,0.0013571892908612604,5970,30,0.5,0.2,rand
DE,ackley,1,198,0.0011039735512992088,6000,30,0.5,0.2,rand
DE,ackley,1,199,0.0011039735512992088,6030,30,0.5,0.2,rand
DE,ackley,1,200,0.0010429370221776146,6060,30,0.5,0.2,rand
DE,ackley,1,201,0.0010429370221776146,6090,30,0.5,0.2,rand
DE,ackley,1,202,0.0010429370221776146,6120,30,0.5,0.2,rand
DE,ackley,1,203,0.0010429370221776146,6150,30,0.5,0.2,rand
DE,ackley,1,204,0.0010429370221776146,6180,30,0.5,0.2,rand
DE,ackley,1,205,0.0009663911060795449,6210,30,0.5,0.2,rand
DE,ackley,1,206,0.0009663911060795449,6240,30,0.5,0.2,rand
DE,ackley,1,207,0.0008515685435921405,6270,30,0.5,0.2,rand
DE,ackley,1,208,0.0008051497178844791,6300,30,0.5,0.2,rand
DE,ackley,1,209,0.0006480809409912247,6330,30,0.5,0.2,rand
DE,ackley,1,210,0.0006480809409912247,6360,30,0.5,0.2,rand
DE,ackley,1,211,0.0006480809409912247,6390,30,0.5,0.2,rand
DE,ackley,1,212,0.0006480809409912247,6420,30,0.5,0.2,rand
DE,ackley,1,213,0.000605979954287239,6450,30,0.5,0.2,rand
DE,ackley,1,214,0.00047541899903125184,6480,30,0.5,0.2,rand
DE,ackley,1,215,0.0004709766348942601,6510,30,0.5,0.2,rand
DE,ackley,1,216,0.0004709766348942601,6540,30,0.5,0.2,rand
DE,ackley,1,217,0.0004709766348942601,6570,30,0.5,0.2,rand
DE,ackley,1,218,0.00038914879068530084,6600,30,0.5,0.2,rand
DE,ackley,1,219,0.00038914879068530084,6630,30,0.5,0.2,rand
DE,ackley,1,220,0.00038914879068530084,6660,30,0.5,0.2,rand
DE,ackley,1,221,0.00033366769589848744,6690,30,0.5,0.2,rand
DE,ackley,1,222,0.00033366769589848744,6720,30,0.5,0.2,rand
DE,ackley,1,223,0.00033366769589848744,6750,30,0.5,0.2,rand
DE,ackley,1,224,0.00033366769589848744,6780,30,0.5,0.2,rand
DE,ackley,1,225,0.00033366769589848744,6810,30,0.5,0.2,rand
DE,ackley,1,226,0.00033366769589848744,6840,30,0.5,0.2,rand
DE,ackley,1,227,0.00026360312966433597,6870,30,0.5,0.2,rand
DE,ackley,1,228,0.0002098458337695952,6900,30,0.5,0.2,rand
DE,ackley,1,229,0.0002098458337695952,6930,30,0.5,0.2,rand
DE,ackley,1,230,0.00020888786070516474,6960,30,0.5,0.2,rand
DE,ackley,1,231,0.00017210467305206478,6990,30,0.5,0.2,rand
DE,ackley,1,232,0.00017210467305206478,7020,30,0.5,0.2,rand
DE,ackley,1,233,0.00012332982155927041,7050,30,0.5,0.2,rand
DE,ackley,1,234,0.00012332982155927041,7080,30,0.5,0.2,rand
DE,ackley,1,235,0.00012332982155927041,7110,30,0.5,0.2,rand
DE,ackley,1,236,0.00012332982155927041,7140,30,0.5,0.2,rand
DE,ackley,1,237,0.00012332982155927041,7170,30,0.5,0.2,rand
DE,ackley,1,238,0.00012332982155927041,7200,30,0.5,0.2,rand
DE,ackley,1,239,0.00010414533789715463,7230,30,0.5,0.2,rand
DE,ackley,1,240,0.00010414533789715463,7260,30,0.5,0.2,rand
DE,ackley,1,241,0.00010414533789715463,7290,30,0.5,0.2,rand
DE,ackley,1,242,0.00010414533789715463,7320,30,0.5,0.2,rand
DE,ackley,1,243,0.00010414533789715463,7350,30,0.5,0.2,rand
DE,ackley,1,244,9.847311728394814e-05,7380,30,0.5,0.2,rand
DE,ackley,1,245,9.847311728394814e-05,7410,30,0.5,0.2,rand
DE,ackley,1,246,9.847311728394814e-05,7440,30,0.5,0.2,rand
DE,ackley,1,247,9.847311728394814e-05,7470,30,0.5,0.2,rand
DE,ackley,1,248,8.768462696950863e-05,7500,30,0.5,0.2,rand
DE,ackley,1,249,8.768462696950863e-05,7530,30,0.5,0.2,rand
DE,ackley,1,250,8.157814314246892e-05,7560,30,0.5,0.2,rand
DE,ackley,1,251,7.755003845888453e-05,7590,30,0.5,0.2,rand
DE,ackley,1,252,7.755003845888453e-05,7620,30,0.5,0.2,rand
DE,ackley,1,253,7.688010750017682e-05,7650,30,0.5,0.2,rand
DE,ackley,1,254,6.684371112486431e-05,7680,30,0.5,0.2,rand
DE,ackley,1,255,6.684371112486431e-05,7710,30,0.5,0.2,rand
DE,ackley,1,256,6.684371112486431e-05,7740,30,0.5,0.2,rand
DE,ackley,1,257,6.144752128323105e-05,7770,30,0.5,0.2,rand
DE,ackley,1,258,6.144752128323105e-05,7800,30,0.5,0.2,rand
DE,ackley,1,259,3.7490293224085036e-05,7830,30,0.5,0.2,rand
DE,ackley,1,260,3.7490293224085036e-05,7860,30,0.5,0.2,rand
DE,ackley,1,261,3.7490293224085036e-05,7890,30,0.5,0.2,rand
DE,ackley,1,262,3.7490293224085036e-05,7920,30,0.5,0.2,rand
DE,ackley,1,263,3.7490293224085036e-05,7950,30,0.5,0.2,rand
DE,ackley,1,264,3.688752142894103e-05,7980,30,0.5,0.2,rand
DE,ackley,1,265,3.688752142894103e-05,8010,30,0.5,0.2,rand
DE,ackley,1,266,3.688752142894103e-05,8040,30,0.5,0.2,rand
DE,ackley,1,267,3.688752142894103e-05,8070,30,0.5,0.2,rand
DE,ackley,1,268,3.688752142894103e-05,8100,30,0.5,0.2,rand
DE,ackley,1,269,3.688752142894103e-05,8130,30,0.5,0.2,rand
DE,ackley,1,270,3.5538936672185883e-05,8160,30,0.5,0.2,rand
DE,ackley,1,271,3.4822334808115585e-05,8190,30,0.5,0.2,rand
DE,ackley,1,272,3.4822334808115585e-05,8220,30,0.5,0.2,rand
DE,ackley,1,273,3.377294588391422e-05,8250,30,0.5,0.2,rand
DE,ackley,1,274,3.210055965796599e-05,8280,30,0.5,0.2,rand
DE,ackley,1,275,2.5768853270324854e-05,8310,30,0.5,0.2,rand
DE,ackley,1,276,2.5768853270324854e-05,8340,30,0.5,0.2,rand
DE,ackley,1,277,2.5768853270324854e-05,8370,30,0.5,0.2,rand
DE,ackley,1,278,2.5768853270324854e-05,8400,30,0.5,0.2,rand
DE,ackley,1,279,1.7307591140269807e-05,8430,30,0.5,0.2,rand
DE,ackley,1,280,1.7307591140269807e-05,8460,30,0.5,0.2,rand
DE,ackley,1,281,1.7307591140269807e-05,8490,30,0.5,0.2,rand
DE,ackley,1,282,1.3422760855252847e-05,8520,30,0.5,0.2,rand
DE,ackley,1,283,1.3422760855252847e-05,8550,30,0.5,0.2,rand
DE,ackley,1,284,1.3422760855252847e-05,8580,30,0.5,0.2,rand
DE,ackley,1,285,1.3422760855252847e-05,8610,30,0.5,0.2,rand
DE,ackley,1,286,1.3340646177528726e-05,8640,30,0.5,0.2,rand
DE,ackley,1,287,1.325157584419756e-05,8670,30,0.5,0.2,rand
DE,ackley,1,288,1.325157584419756e-05,8700,30,0.5,0.2,rand
DE,ackley,1,289,1.2428233791883514e-05,8730,30,0.5,0.2,rand
DE,ackley,1,290,8.93548735492189e-06,8760,30,0.5,0.2,rand
DE,ackley,1,291,8.93548735492189e-06,8790,30,0.5,0.2,rand
DE,ackley,1,292,8.93548735492189e-06,8820,30,0.5,0.2,rand
DE,ackley,1,293,8.93548735492189e-06,8850,30,0.5,0.2,rand
DE,ackley,1,294,8.93548735492189e-06,8880,30,0.5,0.2,rand
DE,ackley,1,295,8.93548735492189e-06,8910,30,0.5,0.2,rand
DE,ackley,1,296,8.93548735492189e-06,8940,30,0.5,0.2,rand
DE,ackley,1,297,8.93548735492189e-06,8970,30,0.5,0.2,rand
DE,ackley,1,298,8.93548735492189e-06,9000,30,0.5,0.2,rand
DE,ackley,1,299,8.514851128627043e-06,9030,30,0.5,0.2,rand
DE,ackley,1,300,8.275093126730582e-06,9060,30,0.5,0.2,rand
DE,ackley,1,301,6.944988282686637e-06,9090,30,0.5,0.2,rand
DE,ackley,1,302,6.944988282686637e-06,9120,30,0.5,0.2,rand
DE,ackley,1,303,6.944988282686637e-06,9150,30,0.5,0.2,rand
DE,ackley,1,304,5.534896825754032e-06,9180,30,0.5,0.2,rand
DE,ackley,1,305,5.534896825754032e-06,9210,30,0.5,0.2,rand
DE,ackley,1,306,5.224311909746149e-06,9240,30,0.5,0.2,rand
DE,ackley,1,307,5.224311909746149e-06,9270,30,0.5,0.2,rand
DE,ackley,1,308,5.224311909746149e-06,9300,30,0.5,0.2,rand
DE,ackley,1,309,5.111318536865639e-06,9330,30,0.5,0.2,rand
DE,ackley,1,310,4.581864005093195e-06,9360,30,0.5,0.2,rand
DE,ackley,1,311,3.5343810478316584e-06,9390,30,0.5,0.2,rand
DE,ackley,1,312,3.5343810478316584e-06,9420,30,0.5,0.2,rand
DE,ackley,1,313,3.5343810478316584e-06,9450,30,0.5,0.2,rand
DE,ackley,1,314,3.5343810478316584e-06,9480,30,0.5,0.2,rand
DE,ackley,1,315,2.9264383951677075e-06,9510,30,0.5,0.2,rand
DE,ackley,1,316,2.5702240944447396e-06,9540,30,0.5,0.2,rand
DE,ackley,1,317,2.2232695866541974e-06,9570,30,0.5,0.2,rand
DE,ackley,1,318,2.2232695866541974e-06,9600,30,0.5,0.2,rand
DE,ackley,1,319,2.2232695866541974e-06,9630,30,0.5,0.2,rand
DE,ackley,1,320,2.2232695866541974e-06,9660,30,0.5,0.2,rand
DE,ackley,1,321,2.2232695866541974e-06,9690,30,0.5,0.2,rand
DE,ackley,1,322,2.2232695866541974e-06,9720,30,0.5,0.2,rand
DE,ackley,1,323,2.2232695866541974e-06,9750,30,0.5,0.2,rand
DE,ackley,1,324,2.2154728154255565e-06,9780,30,0.5,0.2,rand
DE,ackley,1,325,1.708643833087109e-06,9810,30,0.5,0.2,rand
DE,ackley,1,326,1.708643833087109e-06,9840,30,0.5,0.2,rand
DE,ackley,1,327,1.2096398553929077e-06,9870,30,0.5,0.2,rand
DE,ackley,1,328,1.2096398553929077e-06,9900,30,0.5,0.2,rand
DE,ackley,1,329,1.2096398553929077e-06,9930,30,0.5,0.2,rand
DE,ackley,1,330,1.2096398553929077e-06,9960,30,0.5,0.2,rand
DE,ackley,1,331,1.2096398553929077e-06,9990,30,0.5,0.2,rand
DE,ackley,1,332,1.2096398553929077e-06,10020,30,0.5,0.2,rand
DE,ackley,1,333,9.184152607311091e-07,10050,30,0.5,0.2,rand
DE,ackley,1,334,9.184152607311091e-07,10080,30,0.5,0.2,rand
DE,ackley,1,335,7.494353444492674e-07,10110,30,0.5,0.2,rand
DE,ackley,1,336,7.494353444492674e-07,10140,30,0.5,0.2,rand
DE,ackley,1,337,6.422099656511193e-07,10170,30,0.5,0.2,rand
DE,ackley,1,338,6.422099656511193e-07,10200,30,0.5,0.2,rand
DE,ackley,1,339,6.422099656511193e-07,10230,30,0.5,0.2,rand
DE,ackley,1,340,5.072904873948403e-07,10260,30,0.5,0.2,rand
DE,ackley,1,341,5.072904873948403e-07,10290,30,0.5,0.2,rand
DE,ackley,1,342,5.072904873948403e-07,10320,30,0.5,0.2,rand
DE,ackley,1,343,5.072904873948403e-07,10350,30,0.5,0.2,rand
DE,ackley,1,344,5.072904873948403e-07,10380,30,0.5,0.2,rand
DE,ackley,1,345,4.994561355609051e-07,10410,30,0.5,0.2,rand
DE,ackley,1,346,4.821143773092729e-07,10440,30,0.5,0.2,rand
DE,ackley,1,347,4.754747107149626e-07,10470,30,0.5,0.2,rand
DE,ackley,1,348,4.754747107149626e-07,10500,30,0.5,0.2,rand
DE,ackley,1,349,4.7256923396687966e-07,10530,30,0.5,0.2,rand
DE,ackley,1,350,3.693595229670166e-07,10560,30,0.5,0.2,rand
DE,ackley,1,351,2.893990296293225e-07,10590,30,0.5,0.2,rand
DE,ackley,1,352,2.893990296293225e-07,10620,30,0.5,0.2,rand
DE,ackley,1,353,2.893990296293225e-07,10650,30,0.5,0.2,rand
DE,ackley,1,354,2.893990296293225e-07,10680,30,0.5,0.2,rand
DE,ackley,1,355,2.5815481352609027e-07,10710,30,0.5,0.2,rand
DE,ackley,1,356,2.5815481352609027e-07,10740,30,0.5,0.2,rand
DE,ackley,1,357,2.492197066494839e-07,10770,30,0.5,0.2,rand
DE,ackley,1,358,2.492197066494839e-07,10800,30,0.5,0.2,rand
DE,ackley,1,359,2.492197066494839e-07,10830,30,0.5,0.2,rand
DE,ackley,1,360,2.257841811292849e-07,10860,30,0.5,0.2,rand
DE,ackley,1,361,2.257841811292849e-07,10890,30,0.5,0.2,rand
DE,ackley,1,362,2.1771504110645878e-07,10920,30,0.5,0.2,rand
DE,ackley,1,363,2.0837796244066453e-07,10950,30,0.5,0.2,rand
DE,ackley,1,364,2.0837796244066453e-07,10980,30,0.5,0.2,rand
DE,ackley,1,365,1.9457503741548976e-07,11010,30,0.5,0.2,rand
DE,ackley,1,366,1.7123238338356828e-07,11040,30,0.5,0.2,rand
DE,ackley,1,367,1.7089523796087747e-07,11070,30,0.5,0.2,rand
DE,ackley,1,368,1.5112864604205356e-07,11100,30,0.5,0.2,rand
DE,ackley,1,369,1.4559139360770246e-07,11130,30,0.5,0.2,rand
DE,ackley,1,370,1.4559139360770246e-07,11160,30,0.5,0.2,rand
DE,ackley,1,371,1.2529366388847052e-07,11190,30,0.5,0.2,rand
DE,ackley,1,372,1.2529366388847052e-07,11220,30,0.5,0.2,rand
DE,ackley,1,373,1.2529366388847052e-07,11250,30,0.5,0.2,rand
DE,ackley,1,374,1.2529366388847052e-07,11280,30,0.5,0.2,rand
DE,ackley,1,375,8.686079810971137e-08,11310,30,0.5,0.2,rand
DE,ackley,1,376,8.686079810971137e-08,11340,30,0.5,0.2,rand
DE,ackley,1,377,7.147412306451884e-08,11370,30,0.5,0.2,rand
DE,ackley,1,378,7.147412306451884e-08,11400,30,0.5,0.2,rand
DE,ackley,1,379,7.147412306451884e-08,11430,30,0.5,0.2,rand
DE,ackley,1,380,7.147412306451884e-08,11460,30,0.5,0.2,rand
DE,ackley,1,381,7.147412306451884e-08,11490,30,0.5,0.2,rand
DE,ackley,1,382,5.864081886741701e-08,11520,30,0.5,0.2,rand
DE,ackley,1,383,5.864081886741701e-08,11550,30,0.5,0.2,rand
DE,ackley,1,384,5.864081886741701e-08,11580,30,0.5,0.2,rand
DE,ackley,1,385,5.864081886741701e-08,11610,30,0.5,0.2,rand
DE,ackley,1,386,5.5436313761703104e-08,11640,30,0.5,0.2,rand
DE,ackley,1,387,3.690070515816046e-08,11670,30,0.5,0.2,rand
DE,ackley,1,388,3.690070515816046e-08,11700,30,0.5,0.2,rand
DE,ackley,1,389,3.690070515816046e-08,11730,30,0.5,0.2,rand
DE,ackley,1,390,3.690070515816046e-08,11760,30,0.5,0.2,rand
DE,ackley,1,391,3.690070515816046e-08,11790,30,0.5,0.2,rand
DE,ackley,1,392,3.690070515816046e-08,11820,30,0.5,0.2,rand
DE,ackley,1,393,3.690070515816046e-08,11850,30,0.5,0.2,rand
DE,ackley,1,394,3.690070515816046e-08,11880,30,0.5,0.2,rand
DE,ackley,1,395,3.6690878335576826e-08,11910,30,0.5,0.2,rand
DE,ackley,1,396,3.6690878335576826e-08,11940,30,0.5,0.2,rand
DE,ackley,1,397,3.6690878335576826e-08,11970,30,0.5,0.2,rand
DE,ackley,1,398,2.6937922559255867e-08,12000,30,0.5,0.2,rand
DE,ackley,1,399,1.523073978049183e-08,12030,30,0.5,0.2,rand
DE,ackley,1,400,1.523073978049183e-08,12060,30,0.5,0.2,rand
DE,ackley,1,401,1.523073978049183e-08,12090,30,0.5,0.2,rand
DE,ackley,1,402,1.523073978049183e-08,12120,30,0.5,0.2,rand
DE,ackley,1,403,1.523073978049183e-08,12150,30,0.5,0.2,rand
DE,ackley,1,404,1.523073978049183e-08,12180,30,0.5,0.2,rand
DE,ackley,1,405,1.5203515335571183e-08,12210,30,0.5,0.2,rand
DE,ackley,1,406,1.5203515335571183e-08,12240,30,0.5,0.2,rand
DE,ackley,1,407,1.5203515335571183e-08,12270,30,0.5,0.2,rand
DE,ackley,1,408,1.5203515335571183e-08,12300,30,0.5,0.2,rand
DE,ackley,1,409,1.5203515335571183e-08,12330,30,0.5,0.2,rand
DE,ackley,1,410,1.471585564516431e-08,12360,30,0.5,0.2,rand
DE,ackley,1,411,1.471585564516431e-08,12390,30,0.5,0.2,rand
DE,ackley,1,412,1.471585564516431e-08,12420,30,0.5,0.2,rand
DE,ackley,1,413,1.1774215824544854e-08,12450,30,0.5,0.2,rand
DE,ackley,1,414,1.0952867501856645e-08,12480,30,0.5,0.2,rand
DE,ackley,1,415,1.0952867501856645e-08,12510,30,0.5,0.2,rand
DE,ackley,1,416,1.0952867501856645e-08,12540,30,0.5,0.2,rand
DE,ackley,1,417,1.0382539716857764e-08,12570,30,0.5,0.2,rand
DE,ackley,1,418,1.0382539716857764e-08,12600,30,0.5,0.2,rand
DE,ackley,1,419,1.0018056162408584e-08,12630,30,0.5,0.2,rand
DE,ackley,1,420,9.214066398754994e-09,12660,30,0.5,0.2,rand
DE,ackley,1,421,9.214066398754994e-09,12690,30,0.5,0.2,rand
DE,ackley,1,422,8.175359500484092e-09,12720,30,0.5,0.2,rand
DE,ackley,1,423,7.416926184333761e-09,12750,30,0.5,0.2,rand
DE,ackley,1,424,7.416926184333761e-09,12780,30,0.5,0.2,rand
DE,ackley,1,425,7.416926184333761e-09,12810,30,0.5,0.2,rand
DE,ackley,1,426,7.416926184333761e-09,12840,30,0.5,0.2,rand
DE,ackley,1,427,7.416926184333761e-09,12870,30,0.5,0.2,rand
DE,ackley,1,428,7.004978375135806e-09,12900,30,0.5,0.2,rand
DE,ackley,1,429,6.7714585050282494e-09,12930,30,0.5,0.2,rand
DE,ackley,1,430,5.514803280703973e-09,12960,30,0.5,0.2,rand
DE,ackley,1,431,5.514803280703973e-09,12990,30,0.5,0.2,rand
DE,ackley,1,432,5.007447345661831e-09,13020,30,0.5,0.2,rand
DE,ackley,1,433,4.971472566950297e-09,13050,30,0.5,0.2,rand
DE,ackley,1,434,4.971472566950297e-09,13080,30,0.5,0.2,rand
DE,ackley,1,435,4.211344606375178e-09,13110,30,0.5,0.2,rand
DE,ackley,1,436,4.211344606375178e-09,13140,30,0.5,0.2,rand
DE,ackley,1,437,4.211344606375178e-09,13170,30,0.5,0.2,rand
DE,ackley,1,438,4.211344606375178e-09,13200,30,0.5,0.2,rand
DE,ackley,1,439,3.6637861633437296e-09,13230,30,0.5,0.2,rand
DE,ackley,1,440,3.6637861633437296e-09,13260,30,0.5,0.2,rand
DE,ackley,1,441,3.1555065227450996e-09,13290,30,0.5,0.2,rand
DE,ackley,1,442,2.0706356629318634e-09,13320,30,0.5,0.2,rand
DE,ackley,1,443,2.0706356629318634e-09,13350,30,0.5,0.2,rand
DE,ackley,1,444,2.0706356629318634e-09,13380,30,0.5,0.2,rand
DE,ackley,1,445,2.0706356629318634e-09,13410,30,0.5,0.2,rand
DE,ackley,1,446,2.0706356629318634e-09,13440,30,0.5,0.2,rand
DE,ackley,1,447,2.0706356629318634e-09,13470,30,0.5,0.2,rand
DE,ackley,1,448,2.0706356629318634e-09,13500,30,0.5,0.2,rand
DE,ackley,1,449,2.0547656909286616e-09,13530,30,0.5,0.2,rand
DE,ackley,1,450,1.9485075775094174e-09,13560,30,0.5,0.2,rand
DE,ackley,1,451,1.3004357590773452e-09,13590,30,0.5,0.2,rand
DE,ackley,1,452,1.3004357590773452e-09,13620,30,0.5,0.2,rand
DE,ackley,1,453,1.3004357590773452e-09,13650,30,0.5,0.2,rand
DE,ackley,1,454,1.3004357590773452e-09,13680,30,0.5,0.2,rand
DE,ackley,1,455,1.3004357590773452e-09,13710,30,0.5,0.2,rand
DE,ackley,1,456,1.3004357590773452e-09,13740,30,0.5,0.2,rand
DE,ackley,1,457,1.3004357590773452e-09,13770,30,0.5,0.2,rand
DE,ackley,1,458,1.3004357590773452e-09,13800,30,0.5,0.2,rand
DE,ackley,1,459,1.012339101436055e-09,13830,30,0.5,0.2,rand
DE,ackley,1,460,1.012339101436055e-09,13860,30,0.5,0.2,rand
DE,ackley,1,461,1.012339101436055e-09,13890,30,0.5,0.2,rand
DE,ackley,1,462,1.012339101436055e-09,13920,30,0.5,0.2,rand
DE,ackley,1,463,9.698593039786374e-10,13950,30,0.5,0.2,rand
DE,ackley,1,464,9.527316713331402e-10,13980,30,0.5,0.2,rand
DE,ackley,1,465,8.065161871684268e-10,14010,30,0.5,0.2,rand
DE,ackley,1,466,8.065161871684268e-10,14040,30,0.5,0.2,rand
DE,ackley,1,467,8.065161871684268e-10,14070,30,0.5,0.2,rand
DE,ackley,1,468,8.065161871684268e-10,14100,30,0.5,0.2,rand
DE,ackley,1,469,7.991798334217037e-10,14130,30,0.5,0.2,rand
DE,ackley,1,470,7.991798334217037e-10,14160,30,0.5,0.2,rand
DE,ackley,1,471,6.71989131006967e-10,14190,30,0.5,0.2,rand
DE,ackley,1,472,6.71989131006967e-10,14220,30,0.5,0.2,rand
DE,ackley,1,473,6.71989131006967e-10,14250,30,0.5,0.2,rand
DE,ackley,1,474,6.71989131006967e-10,14280,30,0.5,0.2,rand
DE,ackley,1,475,4.250719776166534e-10,14310,30,0.5,0.2,rand
DE,ackley,1,476,4.250719776166534e-10,14340,30,0.5,0.2,rand
DE,ackley,1,477,4.250719776166534e-10,14370,30,0.5,0.2,rand
DE,ackley,1,478,3.7245984074729677e-10,14400,30,0.5,0.2,rand
DE,ackley,1,479,3.7245984074729677e-10,14430,30,0.5,0.2,rand
DE,ackley,1,480,3.49893003459556e-10,14460,30,0.5,0.2,rand
DE,ackley,1,481,3.49893003459556e-10,14490,30,0.5,0.2,rand
DE,ackley,1,482,3.49893003459556e-10,14520,30,0.5,0.2,rand
DE,ackley,1,483,3.3900748874771125e-10,14550,30,0.5,0.2,rand
DE,ackley,1,484,3.111328972238425e-10,14580,30,0.5,0.2,rand
DE,ackley,1,485,2.983786551169487e-10,14610,30,0.5,0.2,rand
DE,ackley,1,486,2.784656949472719e-10,14640,30,0.5,0.2,rand
DE,ackley,1,487,2.784656949472719e-10,14670,30,0.5,0.2,rand
DE,ackley,1,488,2.784656949472719e-10,14700,30,0.5,0.2,rand
DE,ackley,1,489,2.784656949472719e-10,14730,30,0.5,0.2,rand
DE,ackley,1,490,2.387001707404579e-10,14760,30,0.5,0.2,rand
DE,ackley,1,491,2.387001707404579e-10,14790,30,0.5,0.2,rand
DE,ackley,1,492,2.387001707404579e-10,14820,30,0.5,0.2,rand
DE,ackley,1,493,1.9566259723546864e-10,14850,30,0.5,0.2,rand
DE,ackley,1,494,1.7231061022471295e-10,14880,30,0.5,0.2,rand
DE,ackley,1,495,1.7231061022471295e-10,14910,30,0.5,0.2,rand
DE,ackley,1,496,1.7231061022471295e-10,14940,30,0.5,0.2,rand
DE,ackley,1,497,1.7231061022471295e-10,14970,30,0.5,0.2,rand
DE,ackley,1,498,1.520885639649805e-10,15000,30,0.5,0.2,rand
DE,ackley,1,499,1.3890089078927303e-10,15030,30,0.5,0.2,rand
DE,ackley,1,500,1.1938938726530068e-10,15060,30,0.5,0.2,rand
DE,ackley,1,501,1.1938938726530068e-10,15090,30,0.5,0.2,rand
DE,ackley,1,502,1.1106537911587111e-10,15120,30,0.5,0.2,rand
DE,ackley,1,503,6.238254357526785e-11,15150,30,0.5,0.2,rand
DE,ackley,1,504,6.238254357526785e-11,15180,30,0.5,0.2,rand
DE,ackley,1,505,6.238254357526785e-11,15210,30,0.5,0.2,rand
DE,ackley,1,506,6.238254357526785e-11,15240,30,0.5,0.2,rand
DE,ackley,1,507,6.238254357526785e-11,15270,30,0.5,0.2,rand
DE,ackley,1,508,6.238254357526785e-11,15300,30,0.5,0.2,rand
DE,ackley,1,509,6.238254357526785e-11,15330,30,0.5,0.2,rand
DE,ackley,1,510,6.238254357526785e-11,15360,30,0.5,0.2,rand
DE,ackley,1,511,5.940892222611183e-11,15390,30,0.5,0.2,rand
DE,ackley,1,512,5.940892222611183e-11,15420,30,0.5,0.2,rand
DE,ackley,1,513,5.940892222611183e-11,15450,30,0.5,0.2,rand
DE,ackley,1,514,5.940892222611183e-11,15480,30,0.5,0.2,rand
DE,ackley,1,515,5.940892222611183e-11,15510,30,0.5,0.2,rand
DE,ackley,1,516,5.940892222611183e-11,15540,30,0.5,0.2,rand
DE,ackley,1,517,5.940892222611183e-11,15570,30,0.5,0.2,rand
DE,ackley,1,518,5.940892222611183e-11,15600,30,0.5,0.2,rand
DE,ackley,1,519,5.940892222611183e-11,15630,30,0.5,0.2,rand
DE,ackley,1,520,5.940892222611183e-11,15660,30,0.5,0.2,rand
DE,ackley,1,521,5.651346057788942e-11,15690,30,0.5,0.2,rand
DE,ackley,1,522,5.651346057788942e-11,15720,30,0.5,0.2,rand
DE,ackley,1,523,4.9759751874489666e-11,15750,30,0.5,0.2,rand
DE,ackley,1,524,4.9759751874489666e-11,15780,30,0.5,0.2,rand
DE,ackley,1,525,4.9386716938215613e-11,15810,30,0.5,0.2,rand
DE,ackley,1,526,4.6644021978181627e-11,15840,30,0.5,0.2,rand
DE,ackley,1,527,4.64699390079204e-11,15870,30,0.5,0.2,rand
DE,ackley,1,528,4.64699390079204e-11,15900,30,0.5,0.2,rand
DE,ackley,1,529,4.462963332230174e-11,15930,30,0.5,0.2,rand
DE,ackley,1,530,4.462963332230174e-11,15960,30,0.5,0.2,rand
DE,ackley,1,531,4.462963332230174e-11,15990,30,0.5,0.2,rand
DE,ackley,1,532,3.4372948931604697e-11,16020,30,0.5,0.2,rand
DE,ackley,1,533,3.2656988224744055e-11,16050,30,0.5,0.2,rand
DE,ackley,1,534,2.6429081145806776e-11,16080,30,0.5,0.2,rand
DE,ackley,1,535,2.6429081145806776e-11,16110,30,0.5,0.2,rand
DE,ackley,1,536,2.5789592683622686e-11,16140,30,0.5,0.2,rand
DE,ackley,1,537,2.028999190883951e-11,16170,30,0.5,0.2,rand
DE,ackley,1,538,2.028999190883951e-11,16200,30,0.5,0.2,rand
DE,ackley,1,539,2.000577481453547e-11,16230,30,0.5,0.2,rand
DE,ackley,1,540,2.000577481453547e-11,16260,30,0.5,0.2,rand
DE,ackley,1,541,2.000577481453547e-11,16290,30,0.5,0.2,rand
DE,ackley,1,542,2.000577481453547e-11,16320,30,0.5,0.2,rand
DE,ackley,1,543,2.000577481453547e-11,16350,30,0.5,0.2,rand
DE,ackley,1,544,1.3454570790827347e-11,16380,30,0.5,0.2,rand
DE,ackley,1,545,1.3454570790827347e-11,16410,30,0.5,0.2,rand
DE,ackley,1,546,1.3003376153619683e-11,16440,30,0.5,0.2,rand
DE,ackley,1,547,9.614087304044006e-12,16470,30,0.5,0.2,rand
DE,ackley,1,548,9.614087304044006e-12,16500,30,0.5,0.2,rand
DE,ackley,1,549,9.614087304044006e-12,16530,30,0.5,0.2,rand
DE,ackley,1,550,9.614087304044006e-12,16560,30,0.5,0.2,rand
DE,ackley,1,551,9.614087304044006e-12,16590,30,0.5,0.2,rand
DE,ackley,1,552,9.614087304044006e-12,16620,30,0.5,0.2,rand
DE,ackley,1,553,9.614087304044006e-12,16650,30,0.5,0.2,rand
DE,ackley,1,554,9.614087304044006e-12,16680,30,0.5,0.2,rand
DE,ackley,1,555,9.614087304044006e-12,16710,30,0.5,0.2,rand
DE,ackley,1,556,7.816414182570952e-12,16740,30,0.5,0.2,rand
DE,ackley,1,557,7.816414182570952e-12,16770,30,0.5,0.2,rand
DE,ackley,1,558,7.816414182570952e-12,16800,30,0.5,0.2,rand
DE,ackley,1,559,7.816414182570952e-12,16830,30,0.5,0.2,rand
DE,ackley,1,560,5.411227022023013e-12,16860,30,0.5,0.2,rand
DE,ackley,1,561,5.411227022023013e-12,16890,30,0.5,0.2,rand
DE,ackley,1,562,5.411227022023013e-12,16920,30,0.5,0.2,rand
DE,ackley,1,563,5.411227022023013e-12,16950,30,0.5,0.2,rand
DE,ackley,1,564,5.411227022023013e-12,16980,30,0.5,0.2,rand
DE,ackley,1,565,5.411227022023013e-12,17010,30,0.5,0.2,rand
DE,ackley,1,566,5.411227022023013e-12,17040,30,0.5,0.2,rand
DE,ackley,1,567,5.411227022023013e-12,17070,30,0.5,0.2,rand
DE,ackley,1,568,5.411227022023013e-12,17100,30,0.5,0.2,rand
DE,ackley,1,569,5.411227022023013e-12,17130,30,0.5,0.2,rand
DE,ackley,1,570,5.38991073995021e-12,17160,30,0.5,0.2,rand
DE,ackley,1,571,5.2726711885497934e-12,17190,30,0.5,0.2,rand
DE,ackley,1,572,4.391598196207269e-12,17220,30,0.5,0.2,rand
DE,ackley,1,573,4.18554080283684e-12,17250,30,0.5,0.2,rand
DE,ackley,1,574,4.18554080283684e-12,17280,30,0.5,0.2,rand
DE,ackley,1,575,3.531841485937548e-12,17310,30,0.5,0.2,rand
DE,ackley,1,576,3.531841485937548e-12,17340,30,0.5,0.2,rand
DE,ackley,1,577,3.531841485937548e-12,17370,30,0.5,0.2,rand
DE,ackley,1,578,3.5282887722587475e-12,17400,30,0.5,0.2,rand
DE,ackley,1,579,2.7893243270682433e-12,17430,30,0.5,0.2,rand
DE,ackley,1,580,2.7893243270682433e-12,17460,30,0.5,0.2,rand
DE,ackley,1,581,2.227995565817764e-12,17490,30,0.5,0.2,rand
DE,ackley,1,582,2.227995565817764e-12,17520,30,0.5,0.2,rand
DE,ackley,1,583,2.227995565817764e-12,17550,30,0.5,0.2,rand
DE,ackley,1,584,1.901145907368118e-12,17580,30,0.5,0.2,rand
DE,ackley,1,585,1.901145907368118e-12,17610,30,0.5,0.2,rand
DE,ackley,1,586,1.5352163984516665e-12,17640,30,0.5,0.2,rand
DE,ackley,1,587,1.5352163984516665e-12,17670,30,0.5,0.2,rand
DE,ackley,1,588,1.5352163984516665e-12,17700,30,0.5,0.2,rand
DE,ackley,1,589,1.5352163984516665e-12,17730,30,0.5,0.2,rand
DE,ackley,1,590,1.5352163984516665e-12,17760,30,0.5,0.2,rand
DE,ackley,1,591,1.5352163984516665e-12,17790,30,0.5,0.2,rand
DE,ackley,1,592,1.389555137620846e-12,17820,30,0.5,0.2,rand
DE,ackley,1,593,1.2261303083960229e-12,17850,30,0.5,0.2,rand
DE,ackley,1,594,9.490186414495838e-13,17880,30,0.5,0.2,rand
DE,ackley,1,595,9.490186414495838e-13,17910,30,0.5,0.2,rand
DE,ackley,1,596,9.490186414495838e-13,17940,30,0.5,0.2,rand
DE,ackley,1,597,9.490186414495838e-13,17970,30,0.5,0.2,rand
DE,ackley,1,598,9.490186414495838e-13,18000,30,0.5,0.2,rand
DE,ackley,1,599,9.490186414495838e-13,18030,30,0.5,0.2,rand
DE,ackley,1,600,8.530953721219703e-13,18060,30,0.5,0.2,rand
DE,ackley,1,601,8.530953721219703e-13,18090,30,0.5,0.2,rand
DE,ackley,1,602,8.530953721219703e-13,18120,30,0.5,0.2,rand
DE,ackley,1,603,7.180922523275513e-13,18150,30,0.5,0.2,rand
DE,ackley,1,604,5.546674231027282e-13,18180,30,0.5,0.2,rand
DE,ackley,1,605,5.546674231027282e-13,18210,30,0.5,0.2,rand
DE,ackley,1,606,5.546674231027282e-13,18240,30,0.5,0.2,rand
DE,ackley,1,607,5.546674231027282e-13,18270,30,0.5,0.2,rand
DE,ackley,1,608,5.546674231027282e-13,18300,30,0.5,0.2,rand
DE,ackley,1,609,5.546674231027282e-13,18330,30,0.5,0.2,rand
DE,ackley,1,610,5.546674231027282e-13,18360,30,0.5,0.2,rand
DE,ackley,1,611,5.546674231027282e-13,18390,30,0.5,0.2,rand
DE,ackley,1,612,5.546674231027282e-13,18420,30,0.5,0.2,rand
DE,ackley,1,613,4.1611158962950867e-13,18450,30,0.5,0.2,rand
DE,ackley,1,614,4.1611158962950867e-13,18480,30,0.5,0.2,rand
DE,ackley,1,615,4.1611158962950867e-13,18510,30,0.5,0.2,rand
DE,ackley,1,616,3.7703173916270316e-13,18540,30,0.5,0.2,rand
DE,ackley,1,617,3.7703173916270316e-13,18570,30,0.5,0.2,rand
DE,ackley,1,618,3.7703173916270316e-13,18600,30,0.5,0.2,rand
DE,ackley,1,619,3.7703173916270316e-13,18630,30,0.5,0.2,rand
DE,ackley,1,620,3.7703173916270316e-13,18660,30,0.5,0.2,rand
DE,ackley,1,621,3.5216274341109965e-13,18690,30,0.5,0.2,rand
DE,ackley,1,622,3.2729374765949615e-13,18720,30,0.5,0.2,rand
DE,ackley,1,623,3.1308289294429414e-13,18750,30,0.5,0.2,rand
DE,ackley,1,624,3.1308289294429414e-13,18780,30,0.5,0.2,rand
DE,ackley,1,625,2.6689761511988763e-13,18810,30,0.5,0.2,rand
DE,ackley,1,626,2.6334490144108713e-13,18840,30,0.5,0.2,rand
DE,ackley,1,627,2.6334490144108713e-13,18870,30,0.5,0.2,rand
DE,ackley,1,628,2.0650148258027912e-13,18900,30,0.5,0.2,rand
DE,ackley,1,629,2.0650148258027912e-13,18930,30,0.5,0.2,rand
DE,ackley,1,630,2.0650148258027912e-13,18960,30,0.5,0.2,rand
DE,ackley,1,631,2.0650148258027912e-13,18990,30,0.5,0.2,rand
DE,ackley,1,632,1.851852005074761e-13,19020,30,0.5,0.2,rand
DE,ackley,1,633,1.851852005074761e-13,19050,30,0.5,0.2,rand
DE,ackley,1,634,1.851852005074761e-13,19080,30,0.5,0.2,rand
DE,ackley,1,635,1.851852005074761e-13,19110,30,0.5,0.2,rand
DE,ackley,1,636,1.745270594710746e-13,19140,30,0.5,0.2,rand
DE,ackley,1,637,1.745270594710746e-13,19170,30,0.5,0.2,rand
DE,ackley,1,638,1.638689184346731e-13,19200,30,0.5,0.2,rand
DE,ackley,1,639,1.638689184346731e-13,19230,30,0.5,0.2,rand
DE,ackley,1,640,1.425526363618701e-13,19260,30,0.5,0.2,rand
DE,ackley,1,641,1.425526363618701e-13,19290,30,0.5,0.2,rand
DE,ackley,1,642,1.1057821325266559e-13,19320,30,0.5,0.2,rand
DE,ackley,1,643,1.1057821325266559e-13,19350,30,0.5,0.2,rand
DE,ackley,1,644,1.1057821325266559e-13,19380,30,0.5,0.2,rand
DE,ackley,1,645,1.1057821325266559e-13,19410,30,0.5,0.2,rand
DE,ackley,1,646,7.505107646466058e-14,19440,30,0.5,0.2,rand
DE,ackley,1,647,5.728750807065808e-14,19470,30,0.5,0.2,rand
DE,ackley,1,648,5.728750807065808e-14,19500,30,0.5,0.2,rand
DE,ackley,1,649,5.728750807065808e-14,19530,30,0.5,0.2,rand
DE,ackley,1,650,5.728750807065808e-14,19560,30,0.5,0.2,rand
DE,ackley,1,651,5.728750807065808e-14,19590,30,0.5,0.2,rand
DE,ackley,1,652,5.728750807065808e-14,19620,30,0.5,0.2,rand
DE,ackley,1,653,5.728750807065808e-14,19650,30,0.5,0.2,rand
DE,ackley,1,654,3.241851231905457e-14,19680,30,0.5,0.2,rand
DE,ackley,1,655,3.241851231905457e-14,19710,30,0.5,0.2,rand
DE,ackley,1,656,3.241851231905457e-14,19740,30,0.5,0.2,rand
DE,ackley,1,657,3.241851231905457e-14,19770,30,0.5,0.2,rand
DE,ackley,1,658,3.241851231905457e-14,19800,30,0.5,0.2,rand
DE,ackley,1,659,3.241851231905457e-14,19830,30,0.5,0.2,rand
DE,ackley,1,660,3.241851231905457e-14,19860,30,0.5,0.2,rand
DE,ackley,1,661,2.886579864025407e-14,19890,30,0.5,0.2,rand
DE,ackley,1,662,2.886579864025407e-14,19920,30,0.5,0.2,rand
DE,ackley,1,663,2.886579864025407e-14,19950,30,0.5,0.2,rand
DE,ackley,1,664,2.886579864025407e-14,19980,30,0.5,0.2,rand
DE,ackley,1,665,2.886579864025407e-14,20010,30,0.5,0.2,rand
DE,ackley,1,666,2.1760371282653068e-14,20040,30,0.5,0.2,rand
DE,ackley,1,667,2.1760371282653068e-14,20070,30,0.5,0.2,rand
DE,ackley,1,668,2.1760371282653068e-14,20100,30,0.5,0.2,rand
DE,ackley,1,669,2.1760371282653068e-14,20130,30,0.5,0.2,rand
DE,ackley,1,670,2.1760371282653068e-14,20160,30,0.5,0.2,rand
DE,ackley,1,671,1.8207657603852567e-14,20190,30,0.5,0.2,rand
DE,ackley,1,672,1.4654943925052066e-14,20220,30,0.5,0.2,rand
DE,ackley,1,673,1.4654943925052066e-14,20250,30,0.5,0.2,rand
DE,ackley,1,674,1.4654943925052066e-14,20280,30,0.5,0.2,rand
DE,ackley,1,675,1.4654943925052066e-14,20310,30,0.5,0.2,rand
DE,ackley,1,676,1.4654943925052066e-14,20340,30,0.5,0.2,rand
DE,ackley,1,677,1.4654943925052066e-14,20370,30,0.5,0.2,rand
DE,ackley,1,678,1.4654943925052066e-14,20400,30,0.5,0.2,rand
DE,ackley,1,679,1.1102230246251565e-14,20430,30,0.5,0.2,rand
DE,ackley,1,680,1.1102230246251565e-14,20460,30,0.5,0.2,rand
DE,ackley,1,681,1.1102230246251565e-14,20490,30,0.5,0.2,rand
DE,ackley,1,682,1.1102230246251565e-14,20520,30,0.5,0.2,rand
DE,ackley,1,683,7.549516567451064e-15,20550,30,0.5,0.2,rand
DE,ackley,1,684,7.549516567451064e-15,20580,30,0.5,0.2,rand
DE,ackley,1,685,7.549516567451064e-15,20610,30,0.5,0.2,rand
DE,ackley,1,686,7.549516567451064e-15,20640,30,0.5,0.2,rand
DE,ackley,1,687,7.549516567451064e-15,20670,30,0.5,0.2,rand
DE,ackley,1,688,7.549516567451064e-15,20700,30,0.5,0.2,rand
DE,ackley,1,689,7.549516567451064e-15,20730,30,0.5,0.2,rand
DE,ackley,1,690,7.549516567451064e-15,20760,30,0.5,0.2,rand
DE,ackley,1,691,7.549516567451064e-15,20790,30,0.5,0.2,rand
DE,ackley,1,692,7.549516567451064e-15,20820,30,0.5,0.2,rand
DE,ackley,1,693,7.549516567451064e-15,20850,30,0.5,0.2,rand
DE,ackley,1,694,7.549516567451064e-15,20880,30,0.5,0.2,rand
DE,ackley,1,695,7.549516567451064e-15,20910,30,0.5,0.2,rand
DE,ackley,1,696,7.549516567451064e-15,20940,30,0.5,0.2,rand
DE,ackley,1,697,7.549516567451064e-15,20970,30,0.5,0.2,rand
DE,ackley,1,698,7.549516567451064e-15,21000,30,0.5,0.2,rand
DE,ackley,1,699,7.549516567451064e-15,21030,30,0.5,0.2,rand
DE,ackley,1,700,7.549516567451064e-15,21060,30,0.5,0.2,rand
DE,ackley,1,701,7.549516567451064e-15,21090,30,0.5,0.2,rand
DE,ackley,1,702,3.9968028886505635e-15,21120,30,0.5,0.2,rand
DE,ackley,1,703,3.9968028886505635e-15,21150,30,0.5,0.2,rand
DE,ackley,1,704,3.9968028886505635e-15,21180,30,0.5,0.2,rand
DE,ackley,1,705,3.9968028886505635e-15,21210,30,0.5,0.2,rand
DE,ackley,1,706,3.9968028886505635e-15,21240,30,0.5,0.2,rand
DE,ackley,1,707,3.9968028886505635e-15,21270,30,0.5,0.2,rand
DE,ackley,1,708,3.9968028886505635e-15,21300,30,0.5,0.2,rand
DE,ackley,1,709,3.9968028886505635e-15,21330,30,0.5,0.2,rand
DE,ackley,1,710,3.9968028886505635e-15,21360,30,0.5,0.2,rand
DE,ackley,1,711,3.9968028886505635e-15,21390,30,0.5,0.2,rand
DE,ackley,1,712,3.9968028886505635e-15,21420,30,0.5,0.2,rand
DE,ackley,1,713,3.9968028886505635e-15,21450,30,0.5,0.2,rand
DE,ackley,1,714,3.9968028886505635e-15,21480,30,0.5,0.2,rand
DE,ackley,1,715,3.9968028886505635e-15,21510,30,0.5,0.2,rand
DE,ackley,1,716,3.9968028886505635e-15,21540,30,0.5,0.2,rand
DE,ackley,1,717,3.9968028886505635e-15,21570,30,0.5,0.2,rand
DE,ackley,1,718,3.9968028886505635e-15,21600,30,0.5,0.2,rand
DE,ackley,1,719,3.9968028886505635e-15,21630,30,0.5,0.2,rand
DE,ackley,1,720,3.9968028886505635e-15,21660,30,0.5,0.2,rand
DE,ackley,1,721,3.9968028886505635e-15,21690,30,0.5,0.2,rand
DE,ackley,1,722,3.9968028886505635e-15,21720,30,0.5,0.2,rand
DE,ackley,1,723,3.9968028886505635e-15,21750,30,0.5,0.2,rand
DE,ackley,1,724,3.9968028886505635e-15,21780,30,0.5,0.2,rand
DE,ackley,1,725,3.9968028886505635e-15,21810,30,0.5,0.2,rand
DE,ackley,1,726,3.9968028886505635e-15,21840,30,0.5,0.2,rand
DE,ackley,1,727,3.9968028886505635e-15,21870,30,0.5,0.2,rand
DE,ackley,1,728,3.9968028886505635e-15,21900,30,0.5,0.2,rand
DE,ackley,1,729,3.9968028886505635e-15,21930,30,0.5,0.2,rand
DE,ackley,1,730,3.9968028886505635e-15,21960,30,0.5,0.2,rand
DE,ackley,1,731,3.9968028886505635e-15,21990,30,0.5,0.2,rand
DE,ackley,1,732,3.9968028886505635e-15,22020,30,0.5,0.2,rand
DE,ackley,1,733,3.9968028886505635e-15,22050,30,0.5,0.2,rand
DE,ackley,1,734,3.9968028886505635e-15,22080,30,0.5,0.2,rand
DE,ackley,1,735,3.9968028886505635e-15,22110,30,0.5,0.2,rand
DE,ackley,1,736,3.9968028886505635e-15,22140,30,0.5,0.2,rand
DE,ackley,1,737,3.9968028886505635e-15,22170,30,0.5,0.2,rand
DE,ackley,1,738,3.9968028886505635e-15,22200,30,0.5,0.2,rand
DE,ackley,1,739,3.9968028886505635e-15,22230,30,0.5,0.2,rand
DE,ackley,1,740,3.9968028886505635e-15,22260,30,0.5,0.2,rand
DE,ackley,1,741,3.9968028886505635e-15,22290,30,0.5,0.2,rand
DE,ackley,1,742,3.9968028886505635e-15,22320,30,0.5,0.2,rand
DE,ackley,1,743,3.9968028886505635e-15,22350,30,0.5,0.2,rand
DE,ackley,1,744,3.9968028886505635e-15,22380,30,0.5,0.2,rand
DE,ackley,1,745,3.9968028886505635e-15,22410,30,0.5,0.2,rand
DE,ackley,1,746,3.9968028886505635e-15,22440,30,0.5,0.2,rand
DE,ackley,1,747,3.9968028886505635e-15,22470,30,0.5,0.2,rand
DE,ackley,1,748,3.9968028886505635e-15,22500,30,0.5,0.2,rand
DE,ackley,1,749,3.9968028886505635e-15,22530,30,0.5,0.2,rand
DE,ackley,1,750,3.9968028886505635e-15,22560,30,0.5,0.2,rand
DE,ackley,1,751,3.9968028886505635e-15,22590,30,0.5,0.2,rand
DE,ackley,1,752,3.9968028886505635e-15,22620,30,0.5,0.2,rand
DE,ackley,1,753,3.9968028886505635e-15,22650,30,0.5,0.2,rand
DE,ackley,1,754,3.9968028886505635e-15,22680,30,0.5,0.2,rand
DE,ackley,1,755,3.9968028886505635e-15,22710,30,0.5,0.2,rand
DE,ackley,1,756,3.9968028886505635e-15,22740,30,0.5,0.2,rand
DE,ackley,1,757,3.9968028886505635e-15,22770,30,0.5,0.2,rand
DE,ackley,1,758,3.9968028886505635e-15,22800,30,0.5,0.2,rand
DE,ackley,1,759,3.9968028886505635e-15,22830,30,0.5,0.2,rand
DE,ackley,1,760,3.9968028886505635e-15,22860,30,0.5,0.2,rand
DE,ackley,1,761,3.9968028886505635e-15,22890,30,0.5,0.2,rand
DE,ackley,1,762,3.9968028886505635e-15,22920,30,0.5,0.2,rand
DE,ackley,1,763,3.9968028886505635e-15,22950,30,0.5,0.2,rand
DE,ackley,1,764,3.9968028886505635e-15,22980,30,0.5,0.2,rand
DE,ackley,1,765,3.9968028886505635e-15,23010,30,0.5,0.2,rand
DE,ackley,1,766,3.9968028886505635e-15,23040,30,0.5,0.2,rand
DE,ackley,1,767,3.9968028886505635e-15,23070,30,0.5,0.2,rand
DE,ackley,1,768,3.9968028886505635e-15,23100,30,0.5,0.2,rand
DE,ackley,1,769,3.9968028886505635e-15,23130,30,0.5,0.2,rand
DE,ackley,1,770,3.9968028886505635e-15,23160,30,0.5,0.2,rand
DE,ackley,1,771,3.9968028886505635e-15,23190,30,0.5,0.2,rand
DE,ackley,1,772,3.9968028886505635e-15,23220,30,0.5,0.2,rand
DE,ackley,1,773,3.9968028886505635e-15,23250,30,0.5,0.2,rand
DE,ackley,1,774,3.9968028886505635e-15,23280,30,0.5,0.2,rand
DE,ackley,1,775,3.9968028886505635e-15,23310,30,0.5,0.2,rand
DE,ackley,1,776,3.9968028886505635e-15,23340,30,0.5,0.2,rand
DE,ackley,1,777,3.9968028886505635e-15,23370,30,0.5,0.2,rand
DE,ackley,1,778,3.9968028886505635e-15,23400,30,0.5,0.2,rand
DE,ackley,1,779,3.9968028886505635e-15,23430,30,0.5,0.2,rand
DE,ackley,1,780,3.9968028886505635e-15,23460,30,0.5,0.2,rand
DE,ackley,1,781,3.9968028886505635e-15,23490,30,0.5,0.2,rand
DE,ackley,1,782,3.9968028886505635e-15,23520,30,0.5,0.2,rand
DE,ackley,1,783,3.9968028886505635e-15,23550,30,0.5,0.2,rand
DE,ackley,1,784,3.9968028886505635e-15,23580,30,0.5,0.2,rand
DE,ackley,1,785,3.9968028886505635e-15,23610,30,0.5,0.2,rand
DE,ackley,1,786,3.9968028886505635e-15,23640,30,0.5,0.2,rand
DE,ackley,1,787,3.9968028886505635e-15,23670,30,0.5,0.2,rand
DE,ackley,1,788,3.9968028886505635e-15,23700,30,0.5,0.2,rand
DE,ackley,1,789,3.9968028886505635e-15,23730,30,0.5,0.2,rand
DE,ackley,1,790,3.9968028886505635e-15,23760,30,0.5,0.2,rand
DE,ackley,1,791,3.9968028886505635e-15,23790,30,0.5,0.2,rand
DE,ackley,1,792,3.9968028886505635e-15,23820,30,0.5,0.2,rand
DE,ackley,1,793,3.9968028886505635e-15,23850,30,0.5,0.2,rand
DE,ackley,1,794,3.9968028886505635e-15,23880,30,0.5,0.2,rand
DE,ackley,1,795,3.9968028886505635e-15,23910,30,0.5,0.2,rand
DE,ackley,1,796,3.9968028886505635e-15,23940,30,0.5,0.2,rand
DE,ackley,1,797,3.9968028886505635e-15,23970,30,0.5,0.2,rand
DE,ackley,1,798,3.9968028886505635e-15,24000,30,0.5,0.2,rand
DE,ackley,1,799,3.9968028886505635e-15,24030,30,0.5,0.2,rand
DE,ackley,1,800,3.9968028886505635e-15,24060,30,0.5,0.2,rand
DE,ackley,1,801,3.9968028886505635e-15,24090,30,0.5,0.2,rand
DE,ackley,1,802,3.9968028886505635e-15,24120,30,0.5,0.2,rand
DE,ackley,1,803,3.9968028886505635e-15,24150,30,0.5,0.2,rand
DE,ackley,1,804,3.9968028886505635e-15,24180,30,0.5,0.2,rand
DE,ackley,1,805,3.9968028886505635e-15,24210,30,0.5,0.2,rand
DE,ackley,1,806,3.9968028886505635e-15,24240,30,0.5,0.2,rand
DE,ackley,1,807,3.9968028886505635e-15,24270,30,0.5,0.2,rand
DE,ackley,1,808,3.9968028886505635e-15,24300,30,0.5,0.2,rand
DE,ackley,1,809,3.9968028886505635e-15,24330,30,0.5,0.2,rand
DE,ackley,1,810,3.9968028886505635e-15,24360,30,0.5,0.2,rand
DE,ackley,1,811,3.9968028886505635e-15,24390,30,0.5,0.2,rand
DE,ackley,1,812,3.9968028886505635e-15,24420,30,0.5,0.2,rand
DE,ackley,1,813,3.9968028886505635e-15,24450,30,0.5,0.2,rand
DE,ackley,1,814,3.9968028886505635e-15,24480,30,0.5,0.2,rand
DE,ackley,1,815,3.9968028886505635e-15,24510,30,0.5,0.2,rand
DE,ackley,1,816,3.9968028886505635e-15,24540,30,0.5,0.2,rand
DE,ackley,1,817,3.9968028886505635e-15,24570,30,0.5,0.2,rand
DE,ackley,1,818,3.9968028886505635e-15,24600,30,0.5,0.2,rand
DE,ackley,1,819,3.9968028886505635e-15,24630,30,0.5,0.2,rand
DE,ackley,1,820,3.9968028886505635e-15,24660,30,0.5,0.2,rand
DE,ackley,1,821,3.9968028886505635e-15,24690,30,0.5,0.2,rand
DE,ackley,1,822,3.9968028886505635e-15,24720,30,0.5,0.2,rand
DE,ackley,1,823,3.9968028886505635e-15,24750,30,0.5,0.2,rand
DE,ackley,1,824,3.9968028886505635e-15,24780,30,0.5,0.2,rand
DE,ackley,1,825,3.9968028886505635e-15,24810,30,0.5,0.2,rand
DE,ackley,1,826,3.9968028886505635e-15,24840,30,0.5,0.2,rand
DE,ackley,1,827,3.9968028886505635e-15,24870,30,0.5,0.2,rand
DE,ackley,1,828,3.9968028886505635e-15,24900,30,0.5,0.2,rand
DE,ackley,1,829,3.9968028886505635e-15,24930,30,0.5,0.2,rand
DE,ackley,1,830,3.9968028886505635e-15,24960,30,0.5,0.2,rand
DE,ackley,1,831,3.9968028886505635e-15,24990,30,0.5,0.2,rand
DE,ackley,1,832,3.9968028886505635e-15,25020,30,0.5,0.2,rand
DE,ackley,1,833,3.9968028886505635e-15,25050,30,0.5,0.2,rand
DE,ackley,1,834,3.9968028886505635e-15,25080,30,0.5,0.2,rand
DE,ackley,1,835,3.9968028886505635e-15,25110,30,0.5,0.2,rand
DE,ackley,1,836,3.9968028886505635e-15,25140,30,0.5,0.2,rand
DE,ackley,1,837,3.9968028886505635e-15,25170,30,0.5,0.2,rand
DE,ackley,1,838,3.9968028886505635e-15,25200,30,0.5,0.2,rand
DE,ackley,1,839,3.9968028886505635e-15,25230,30,0.5,0.2,rand
DE,ackley,1,840,3.9968028886505635e-15,25260,30,0.5,0.2,rand
DE,ackley,1,841,3.9968028886505635e-15,25290,30,0.5,0.2,rand
DE,ackley,1,842,3.9968028886505635e-15,25320,30,0.5,0.2,rand
DE,ackley,1,843,3.9968028886505635e-15,25350,30,0.5,0.2,rand
DE,ackley,1,844,3.9968028886505635e-15,25380,30,0.5,0.2,rand
DE,ackley,1,845,3.9968028886505635e-15,25410,30,0.5,0.2,rand
DE,ackley,1,846,3.9968028886505635e-15,25440,30,0.5,0.2,rand
DE,ackley,1,847,3.9968028886505635e-15,25470,30,0.5,0.2,rand
DE,ackley,1,848,3.9968028886505635e-15,25500,30,0.5,0.2,rand
DE,ackley,1,849,3.9968028886505635e-15,25530,30,0.5,0.2,rand
DE,ackley,1,850,3.9968028886505635e-15,25560,30,0.5,0.2,rand
DE,ackley,1,851,3.9968028886505635e-15,25590,30,0.5,0.2,rand
DE,ackley,1,852,3.9968028886505635e-15,25620,30,0.5,0.2,rand
DE,ackley,1,853,3.9968028886505635e-15,25650,30,0.5,0.2,rand
DE,ackley,1,854,3.9968028886505635e-15,25680,30,0.5,0.2,rand
DE,ackley,1,855,3.9968028886505635e-15,25710,30,0.5,0.2,rand
DE,ackley,1,856,3.9968028886505635e-15,25740,30,0.5,0.2,rand
DE,ackley,1,857,3.9968028886505635e-15,25770,30,0.5,0.2,rand
DE,ackley,1,858,3.9968028886505635e-15,25800,30,0.5,0.2,rand
DE,ackley,1,859,3.9968028886505635e-15,25830,30,0.5,0.2,rand
DE,ackley,1,860,3.9968028886505635e-15,25860,30,0.5,0.2,rand
DE,ackley,1,861,3.9968028886505635e-15,25890,30,0.5,0.2,rand
DE,ackley,1,862,3.9968028886505635e-15,25920,30,0.5,0.2,rand
DE,ackley,1,863,3.9968028886505635e-15,25950,30,0.5,0.2,rand
DE,ackley,1,864,3.9968028886505635e-15,25980,30,0.5,0.2,rand
DE,ackley,1,865,3.9968028886505635e-15,26010,30,0.5,0.2,rand
DE,ackley,1,866,3.9968028886505635e-15,26040,30,0.5,0.2,rand
DE,ackley,1,867,3.9968028886505635e-15,26070,30,0.5,0.2,rand
DE,ackley,1,868,3.9968028886505635e-15,26100,30,0.5,0.2,rand
DE,ackley,1,869,3.9968028886505635e-15,26130,30,0.5,0.2,rand
DE,ackley,1,870,3.9968028886505635e-15,26160,30,0.5,0.2,rand
DE,ackley,1,871,3.9968028886505635e-15,26190,30,0.5,0.2,rand
DE,ackley,1,872,3.9968028886505635e-15,26220,30,0.5,0.2,rand
DE,ackley,1,873,3.9968028886505635e-15,26250,30,0.5,0.2,rand
DE,ackley,1,874,3.9968028886505635e-15,26280,30,0.5,0.2,rand
DE,ackley,1,875,3.9968028886505635e-15,26310,30,0.5,0.2,rand
DE,ackley,1,876,3.9968028886505635e-15,26340,30,0.5,0.2,rand
DE,ackley,1,877,3.9968028886505635e-15,26370,30,0.5,0.2,rand
DE,ackley,1,878,3.9968028886505635e-15,26400,30,0.5,0.2,rand
DE,ackley,1,879,3.9968028886505635e-15,26430,30,0.5,0.2,rand
DE,ackley,1,880,3.9968028886505635e-15,26460,30,0.5,0.2,rand
DE,ackley,1,881,3.9968028886505635e-15,26490,30,0.5,0.2,rand
DE,ackley,1,882,3.9968028886505635e-15,26520,30,0.5,0.2,rand
DE,ackley,1,883,3.9968028886505635e-15,26550,30,0.5,0.2,rand
DE,ackley,1,884,3.9968028886505635e-15,26580,30,0.5,0.2,rand
DE,ackley,1,885,3.9968028886505635e-15,26610,30,0.5,0.2,rand
DE,ackley,1,886,3.9968028886505635e-15,26640,30,0.5,0.2,rand
DE,ackley,1,887,3.9968028886505635e-15,26670,30,0.5,0.2,rand
DE,ackley,1,888,3.9968028886505635e-15,26700,30,0.5,0.2,rand
DE,ackley,1,889,3.9968028886505635e-15,26730,30,0.5,0.2,rand
DE,ackley,1,890,3.9968028886505635e-15,26760,30,0.5,0.2,rand
DE,ackley,1,891,3.9968028886505635e-15,26790,30,0.5,0.2,rand
DE,ackley,1,892,3.9968028886505635e-15,26820,30,0.5,0.2,rand
DE,ackley,1,893,3.9968028886505635e-15,26850,30,0.5,0.2,rand
DE,ackley,1,894,3.9968028886505635e-15,26880,30,0.5,0.2,rand
DE,ackley,1,895,3.9968028886505635e-15,26910,30,0.5,0.2,rand
DE,ackley,1,896,3.9968028886505635e-15,26940,30,0.5,0.2,rand
DE,ackley,1,897,3.9968028886505635e-15,26970,30,0.5,0.2,rand
DE,ackley,1,898,3.9968028886505635e-15,27000,30,0.5,0.2,rand
DE,ackley,1,899,3.9968028886505635e-15,27030,30,0.5,0.2,rand
DE,ackley,1,900,3.9968028886505635e-15,27060,30,0.5,0.2,rand
DE,ackley,1,901,3.9968028886505635e-15,27090,30,0.5,0.2,rand
DE,ackley,1,902,3.9968028886505635e-15,27120,30,0.5,0.2,rand
DE,ackley,1,903,3.9968028886505635e-15,27150,30,0.5,0.2,rand
DE,ackley,1,904,3.9968028886505635e-15,27180,30,0.5,0.2,rand
DE,ackley,1,905,3.9968028886505635e-15,27210,30,0.5,0.2,rand
DE,ackley,1,906,3.9968028886505635e-15,27240,30,0.5,0.2,rand
DE,ackley,1,907,3.9968028886505635e-15,27270,30,0.5,0.2,rand
DE,ackley,1,908,3.9968028886505635e-15,27300,30,0.5,0.2,rand
DE,ackley,1,909,3.9968028886505635e-15,27330,30,0.5,0.2,rand
DE,ackley,1,910,3.9968028886505635e-15,27360,30,0.5,0.2,rand
DE,ackley,1,911,3.9968028886505635e-15,27390,30,0.5,0.2,rand
DE,ackley,1,912,3.9968028886505635e-15,27420,30,0.5,0.2,rand
DE,ackley,1,913,3.9968028886505635e-15,27450,30,0.5,0.2,rand
DE,ackley,1,914,3.9968028886505635e-15,27480,30,0.5,0.2,rand
DE,ackley,1,915,3.9968028886505635e-15,27510,30,0.5,0.2,rand
DE,ackley,1,916,3.9968028886505635e-15,27540,30,0.5,0.2,rand
DE,ackley,1,917,3.9968028886505635e-15,27570,30,0.5,0.2,rand
DE,ackley,1,918,3.9968028886505635e-15,27600,30,0.5,0.2,rand
DE,ackley,1,919,3.9968028886505635e-15,27630,30,0.5,0.2,rand
DE,ackley,1,920,3.9968028886505635e-15,27660,30,0.5,0.2,rand
DE,ackley,1,921,3.9968028886505635e-15,27690,30,0.5,0.2,rand
DE,ackley,1,922,3.9968028886505635e-15,27720,30,0.5,0.2,rand
DE,ackley,1,923,3.9968028886505635e-15,27750,30,0.5,0.2,rand
DE,ackley,1,924,3.9968028886505635e-15,27780,30,0.5,0.2,rand
DE,ackley,1,925,3.9968028886505635e-15,27810,30,0.5,0.2,rand
DE,ackley,1,926,3.9968028886505635e-15,27840,30,0.5,0.2,rand
DE,ackley,1,927,3.9968028886505635e-15,27870,30,0.5,0.2,rand
DE,ackley,1,928,3.9968028886505635e-15,27900,30,0.5,0.2,rand
DE,ackley,1,929,3.9968028886505635e-15,27930,30,0.5,0.2,rand
DE,ackley,1,930,3.9968028886505635e-15,27960,30,0.5,0.2,rand
DE,ackley,1,931,3.9968028886505635e-15,27990,30,0.5,0.2,rand
DE,ackley,1,932,3.9968028886505635e-15,28020,30,0.5,0.2,rand
DE,ackley,1,933,3.9968028886505635e-15,28050,30,0.5,0.2,rand
DE,ackley,1,934,3.9968028886505635e-15,28080,30,0.5,0.2,rand
DE,ackley,1,935,3.9968028886505635e-15,28110,30,0.5,0.2,rand
DE,ackley,1,936,3.9968028886505635e-15,28140,30,0.5,0.2,rand
DE,ackley,1,937,3.9968028886505635e-15,28170,30,0.5,0.2,rand
DE,ackley,1,938,3.9968028886505635e-15,28200,30,0.5,0.2,rand
DE,ackley,1,939,3.9968028886505635e-15,28230,30,0.5,0.2,rand
DE,ackley,1,940,3.9968028886505635e-15,28260,30,0.5,0.2,rand
DE,ackley,1,941,3.9968028886505635e-15,28290,30,0.5,0.2,rand
DE,ackley,1,942,3.9968028886505635e-15,28320,30,0.5,0.2,rand
DE,ackley,1,943,3.9968028886505635e-15,28350,30,0.5,0.2,rand
DE,ackley,1,944,3.9968028886505635e-15,28380,30,0.5,0.2,rand
DE,ackley,1,945,3.9968028886505635e-15,28410,30,0.5,0.2,rand
DE,ackley,1,946,3.9968028886505635e-15,28440,30,0.5,0.2,rand
DE,ackley,1,947,3.9968028886505635e-15,28470,30,0.5,0.2,rand
DE,ackley,1,948,3.9968028886505635e-15,28500,30,0.5,0.2,rand
DE,ackley,1,949,3.9968028886505635e-15,28530,30,0.5,0.2,rand
DE,ackley,1,950,3.9968028886505635e-15,28560,30,0.5,0.2,rand
DE,ackley,1,951,3.9968028886505635e-15,28590,30,0.5,0.2,rand
DE,ackley,1,952,3.9968028886505635e-15,28620,30,0.5,0.2,rand
DE,ackley,1,953,3.9968028886505635e-15,28650,30,0.5,0.2,rand
DE,ackley,1,954,3.9968028886505635e-15,28680,30,0.5,0.2,rand
DE,ackley,1,955,3.9968028886505635e-15,28710,30,0.5,0.2,rand
DE,ackley,1,956,3.9968028886505635e-15,28740,30,0.5,0.2,rand
DE,ackley,1,957,3.9968028886505635e-15,28770,30,0.5,0.2,rand
DE,ackley,1,958,3.9968028886505635e-15,28800,30,0.5,0.2,rand
DE,ackley,1,959,3.9968028886505635e-15,28830,30,0.5,0.2,rand
DE,ackley,1,960,3.9968028886505635e-15,28860,30,0.5,0.2,rand
DE,ackley,1,961,3.9968028886505635e-15,28890,30,0.5,0.2,rand
DE,ackley,1,962,3.9968028886505635e-15,28920,30,0.5,0.2,rand
DE,ackley,1,963,3.9968028886505635e-15,28950,30,0.5,0.2,rand
DE,ackley,1,964,3.9968028886505635e-15,28980,30,0.5,0.2,rand
DE,ackley,1,965,3.9968028886505635e-15,29010,30,0.5,0.2,rand
DE,ackley,1,966,3.9968028886505635e-15,29040,30,0.5,0.2,rand
DE,ackley,1,967,3.9968028886505635e-15,29070,30,0.5,0.2,rand
DE,ackley,1,968,3.9968028886505635e-15,29100,30,0.5,0.2,rand
DE,ackley,1,969,3.9968028886505635e-15,29130,30,0.5,0.2,rand
DE,ackley,1,970,3.9968028886505635e-15,29160,30,0.5,0.2,rand
DE,ackley,1,971,3.9968028886505635e-15,29190,30,0.5,0.2,rand
DE,ackley,1,972,3.9968028886505635e-15,29220,30,0.5,0.2,rand
DE,ackley,1,973,3.9968028886505635e-15,29250,30,0.5,0.2,rand
DE,ackley,1,974,3.9968028886505635e-15,29280,30,0.5,0.2,rand
DE,ackley,1,975,3.9968028886505635e-15,29310,30,0.5,0.2,rand
DE,ackley,1,976,3.9968028886505635e-15,29340,30,0.5,0.2,rand
DE,ackley,1,977,3.9968028886505635e-15,29370,30,0.5,0.2,rand
DE,ackley,1,978,3.9968028886505635e-15,29400,30,0.5,0.2,rand
DE,ackley,1,979,3.9968028886505635e-15,29430,30,0.5,0.2,rand
DE,ackley,1,980,3.9968028886505635e-15,29460,30,0.5,0.2,rand
DE,ackley,1,981,3.9968028886505635e-15,29490,30,0.5,0.2,rand
DE,ackley,1,982,3.9968028886505635e-15,29520,30,0.5,0.2,rand
DE,ackley,1,983,3.9968028886505635e-15,29550,30,0.5,0.2,rand
DE,ackley,1,984,3.9968028886505635e-15,29580,30,0.5,0.2,rand
DE,ackley,1,985,3.9968028886505635e-15,29610,30,0.5,0.2,rand
DE,ackley,1,986,3.9968028886505635e-15,29640,30,0.5,0.2,rand
DE,ackley,1,987,3.9968028886505635e-15,29670,30,0.5,0.2,rand
DE,ackley,1,988,3.9968028886505635e-15,29700,30,0.5,0.2,rand
DE,ackley,1,989,3.9968028886505635e-15,29730,30,0.5,0.2,rand
DE,ackley,1,990,3.9968028886505635e-15,29760,30,0.5,0.2,rand
DE,ackley,1,991,3.9968028886505635e-15,29790,30,0.5,0.2,rand
DE,ackley,1,992,3.9968028886505635e-15,29820,30,0.5,0.2,rand
DE,ackley,1,993,3.9968028886505635e-15,29850,30,0.5,0.2,rand
DE,ackley,1,994,3.9968028886505635e-15,29880,30,0.5,0.2,rand
DE,ackley,1,995,3.9968028886505635e-15,29910,30,0.5,0.2,rand
DE,ackley,1,996,3.9968028886505635e-15,29940,30,0.5,0.2,rand
DE,ackley,1,997,3.9968028886505635e-15,29970,30,0.5,0.2,rand
DE,ackley,1,998,3.9968028886505635e-15,30000,30,0.5,0.2,rand
DE,ackley,1,999,3.9968028886505635e-15,30030,30,0.5,0.2,rand
DE,ackley,1,1000,3.9968028886505635e-15,30060,30,0.5,0.2,rand
DE,ackley,1,1001,3.9968028886505635e-15,30090,30,0.5,0.2,rand
DE,ackley,1,1002,3.9968028886505635e-15,30120,30,0.5,0.2,rand
DE,ackley,1,1003,3.9968028886505635e-15,30150,30,0.5,0.2,rand
DE,ackley,1,1004,3.9968028886505635e-15,30180,30,0.5,0.2,rand
DE,ackley,1,1005,3.9968028886505635e-15,30210,30,0.5,0.2,rand
DE,ackley,1,1006,3.9968028886505635e-15,30240,30,0.5,0.2,rand
DE,ackley,1,1007,3.9968028886505635e-15,30270,30,0.5,0.2,rand
DE,ackley,1,1008,3.9968028886505635e-15,30300,30,0.5,0.2,rand
DE,ackley,1,1009,3.9968028886505635e-15,30330,30,0.5,0.2,rand
DE,ackley,1,1010,3.9968028886505635e-15,30360,30,0.5,0.2,rand
DE,ackley,1,1011,3.9968028886505635e-15,30390,30,0.5,0.2,rand
DE,ackley,1,1012,3.9968028886505635e-15,30420,30,0.5,0.2,rand
DE,ackley,1,1013,3.9968028886505635e-15,30450,30,0.5,0.2,rand
DE,ackley,1,1014,3.9968028886505635e-15,30480,30,0.5,0.2,rand
DE,ackley,1,1015,3.9968028886505635e-15,30510,30,0.5,0.2,rand
DE,ackley,1,1016,3.9968028886505635e-15,30540,30,0.5,0.2,rand
DE,ackley,1,1017,3.9968028886505635e-15,30570,30,0.5,0.2,rand
DE,ackley,1,1018,3.9968028886505635e-15,30600,30,0.5,0.2,rand
DE,ackley,1,1019,3.9968028886505635e-15,30630,30,0.5,0.2,rand
DE,ackley,1,1020,3.9968028886505635e-15,30660,30,0.5,0.2,rand
DE,ackley,1,1021,3.9968028886505635e-15,30690,30,0.5,0.2,rand
DE,ackley,1,1022,3.9968028886505635e-15,30720,30,0.5,0.2,rand
DE,ackley,1,1023,3.9968028886505635e-15,30750,30,0.5,0.2,rand
DE,ackley,1,1024,3.9968028886505635e-15,30780,30,0.5,0.2,rand
DE,ackley,1,1025,3.9968028886505635e-15,30810,30,0.5,0.2,rand
DE,ackley,1,1026,3.9968028886505635e-15,30840,30,0.5,0.2,rand
DE,ackley,1,1027,3.9968028886505635e-15,30870,30,0.5,0.2,rand
DE,ackley,1,1028,3.9968028886505635e-15,30900,30,0.5,0.2,rand
DE,ackley,1,1029,3.9968028886505635e-15,30930,30,0.5,0.2,rand
DE,ackley,1,1030,3.9968028886505635e-15,30960,30,0.5,0.2,rand
DE,ackley,1,1031,3.9968028886505635e-15,30990,30,0.5,0.2,rand
DE,ackley,1,1032,3.9968028886505635e-15,31020,30,0.5,0.2,rand
DE,ackley,1,1033,3.9968028886505635e-15,31050,30,0.5,0.2,rand
DE,ackley,1,1034,3.9968028886505635e-15,31080,30,0.5,0.2,rand
DE,ackley,1,1035,3.9968028886505635e-15,31110,30,0.5,0.2,rand
DE,ackley,1,1036,3.9968028886505635e-15,31140,30,0.5,0.2,rand
DE,ackley,1,1037,3.9968028886505635e-15,31170,30,0.5,0.2,rand
DE,ackley,1,1038,3.9968028886505635e-15,31200,30,0.5,0.2,rand
DE,ackley,1,1039,3.9968028886505635e-15,31230,30,0.5,0.2,rand
DE,ackley,1,1040,3.9968028886505635e-15,31260,30,0.5,0.2,rand
DE,ackley,1,1041,3.9968028886505635e-15,31290,30,0.5,0.2,rand
DE,ackley,1,1042,3.9968028886505635e-15,31320,30,0.5,0.2,rand
DE,ackley,1,1043,3.9968028886505635e-15,31350,30,0.5,0.2,rand
DE,ackley,1,1044,3.9968028886505635e-15,31380,30,0.5,0.2,rand
DE,ackley,1,1045,3.9968028886505635e-15,31410,30,0.5,0.2,rand
DE,ackley,1,1046,3.9968028886505635e-15,31440,30,0.5,0.2,rand
DE,ackley,1,1047,3.9968028886505635e-15,31470,30,0.5,0.2,rand
DE,ackley,1,1048,3.9968028886505635e-15,31500,30,0.5,0.2,rand
DE,ackley,1,1049,3.9968028886505635e-15,31530,30,0.5,0.2,rand
DE,ackley,1,1050,3.9968028886505635e-15,31560,30,0.5,0.2,rand
DE,ackley,1,1051,3.9968028886505635e-15,31590,30,0.5,0.2,rand
DE,ackley,1,1052,3.9968028886505635e-15,31620,30,0.5,0.2,rand
DE,ackley,1,1053,3.9968028886505635e-15,31650,30,0.5,0.2,rand
DE,ackley,1,1054,3.9968028886505635e-15,31680,30,0.5,0.2,rand
DE,ackley,1,1055,3.9968028886505635e-15,31710,30,0.5,0.2,rand
DE,ackley,1,1056,3.9968028886505635e-15,31740,30,0.5,0.2,rand
DE,ackley,1,1057,3.9968028886505635e-15,31770,30,0.5,0.2,rand
DE,ackley,1,1058,3.9968028886505635e-15,31800,30,0.5,0.2,rand
DE,ackley,1,1059,3.9968028886505635e-15,31830,30,0.5,0.2,rand
DE,ackley,1,1060,3.9968028886505635e-15,31860,30,0.5,0.2,rand
DE,ackley,1,1061,3.9968028886505635e-15,31890,30,0.5,0.2,rand
DE,ackley,1,1062,3.9968028886505635e-15,31920,30,0.5,0.2,rand
DE,ackley,1,1063,3.9968028886505635e-15,31950,30,0.5,0.2,rand
DE,ackley,1,1064,3.9968028886505635e-15,31980,30,0.5,0.2,rand
DE,ackley,1,1065,3.9968028886505635e-15,32010,30,0.5,0.2,rand
DE,ackley,1,1066,3.9968028886505635e-15,32040,30,0.5,0.2,rand
DE,ackley,1,1067,3.9968028886505635e-15,32070,30,0.5,0.2,rand
DE,ackley,1,1068,3.9968028886505635e-15,32100,30,0.5,0.2,rand
DE,ackley,1,1069,3.9968028886505635e-15,32130,30,0.5,0.2,rand
DE,ackley,1,1070,3.9968028886505635e-15,32160,30,0.5,0.2,rand
DE,ackley,1,1071,3.9968028886505635e-15,32190,30,0.5,0.2,rand
DE,ackley,1,1072,3.9968028886505635e-15,32220,30,0.5,0.2,rand
DE,ackley,1,1073,3.9968028886505635e-15,32250,30,0.5,0.2,rand
DE,ackley,1,1074,3.9968028886505635e-15,32280,30,0.5,0.2,rand
DE,ackley,1,1075,3.9968028886505635e-15,32310,30,0.5,0.2,rand
DE,ackley,1,1076,3.9968028886505635e-15,32340,30,0.5,0.2,rand
DE,ackley,1,1077,3.9968028886505635e-15,32370,30,0.5,0.2,rand
DE,ackley,1,1078,3.9968028886505635e-15,32400,30,0.5,0.2,rand
DE,ackley,1,1079,3.9968028886505635e-15,32430,30,0.5,0.2,rand
DE,ackley,1,1080,3.9968028886505635e-15,32460,30,0.5,0.2,rand
DE,ackley,1,1081,3.9968028886505635e-15,32490,30,0.5,0.2,rand
DE,ackley,1,1082,3.9968028886505635e-15,32520,30,0.5,0.2,rand
DE,ackley,1,1083,3.9968028886505635e-15,32550,30,0.5,0.2,rand
DE,ackley,1,1084,3.9968028886505635e-15,32580,30,0.5,0.2,rand
DE,ackley,1,1085,3.9968028886505635e-15,32610,30,0.5,0.2,rand
DE,ackley,1,1086,3.9968028886505635e-15,32640,30,0.5,0.2,rand
DE,ackley,1,1087,3.9968028886505635e-15,32670,30,0.5,0.2,rand
DE,ackley,1,1088,3.9968028886505635e-15,32700,30,0.5,0.2,rand
DE,ackley,1,1089,3.9968028886505635e-15,32730,30,0.5,0.2,rand
DE,ackley,1,1090,3.9968028886505635e-15,32760,30,0.5,0.2,rand
DE,ackley,1,1091,3.9968028886505635e-15,32790,30,0.5,0.2,rand
DE,ackley,1,1092,3.9968028886505635e-15,32820,30,0.5,0.2,rand
DE,ackley,1,1093,3.9968028886505635e-15,32850,30,0.5,0.2,rand
DE,ackley,1,1094,3.9968028886505635e-15,32880,30,0.5,0.2,rand
DE,ackley,1,1095,3.9968028886505635e-15,32910,30,0.5,0.2,rand
DE,ackley,1,1096,3.9968028886505635e-15,32940,30,0.5,0.2,rand
DE,ackley,1,1097,3.9968028886505635e-15,32970,30,0.5,0.2,rand
DE,ackley,1,1098,3.9968028886505635e-15,33000,30,0.5,0.2,rand
DE,ackley,1,1099,3.9968028886505635e-15,33030,30,0.5,0.2,rand
DE,ackley,1,1100,3.9968028886505635e-15,33060,30,0.5,0.2,rand
DE,ackley,1,1101,3.9968028886505635e-15,33090,30,0.5,0.2,rand
DE,ackley,1,1102,3.9968028886505635e-15,33120,30,0.5,0.2,rand
DE,ackley,1,1103,3.9968028886505635e-15,33150,30,0.5,0.2,rand
DE,ackley,1,1104,3.9968028886505635e-15,33180,30,0.5,0.2,rand
DE,ackley,1,1105,3.9968028886505635e-15,33210,30,0.5,0.2,rand
DE,ackley,1,1106,3.9968028886505635e-15,33240,30,0.5,0.2,rand
DE,ackley,1,1107,3.9968028886505635e-15,33270,30,0.5,0.2,rand
DE,ackley,1,1108,3.9968028886505635e-15,33300,30,0.5,0.2,rand
DE,ackley,1,1109,3.9968028886505635e-15,33330,30,0.5,0.2,rand
DE,ackley,1,1110,3.9968028886505635e-15,33360,30,0.5,0.2,rand
DE,ackley,1,1111,3.9968028886505635e-15,33390,30,0.5,0.2,rand
DE,ackley,1,1112,3.9968028886505635e-15,33420,30,0.5,0.2,rand
DE,ackley,1,1113,3.9968028886505635e-15,33450,30,0.5,0.2,rand
DE,ackley,1,1114,3.9968028886505635e-15,33480,30,0.5,0.2,rand
DE,ackley,1,1115,3.9968028886505635e-15,33510,30,0.5,0.2,rand
DE,ackley,1,1116,3.9968028886505635e-15,33540,30,0.5,0.2,rand
DE,ackley,1,1117,3.9968028886505635e-15,33570,30,0.5,0.2,rand
DE,ackley,1,1118,3.9968028886505635e-15,33600,30,0.5,0.2,rand
DE,ackley,1,1119,3.9968028886505635e-15,33630,30,0.5,0.2,rand
DE,ackley,1,1120,3.9968028886505635e-15,33660,30,0.5,0.2,rand
DE,ackley,1,1121,3.9968028886505635e-15,33690,30,0.5,0.2,rand
DE,ackley,1,1122,3.9968028886505635e-15,33720,30,0.5,0.2,rand
DE,ackley,1,1123,3.9968028886505635e-15,33750,30,0.5,0.2,rand
DE,ackley,1,1124,3.9968028886505635e-15,33780,30,0.5,0.2,rand
DE,ackley,1,1125,3.9968028886505635e-15,33810,30,0.5,0.2,rand
DE,ackley,1,1126,3.9968028886505635e-15,33840,30,0.5,0.2,rand
DE,ackley,1,1127,3.9968028886505635e-15,33870,30,0.5,0.2,rand
DE,ackley,1,1128,3.9968028886505635e-15,33900,30,0.5,0.2,rand
DE,ackley,1,1129,3.9968028886505635e-15,33930,30,0.5,0.2,rand
DE,ackley,1,1130,3.9968028886505635e-15,33960,30,0.5,0.2,rand
DE,ackley,1,1131,3.9968028886505635e-15,33990,30,0.5,0.2,rand
DE,ackley,1,1132,3.9968028886505635e-15,34020,30,0.5,0.2,rand
DE,ackley,1,1133,3.9968028886505635e-15,34050,30,0.5,0.2,rand
DE,ackley,1,1134,3.9968028886505635e-15,34080,30,0.5,0.2,rand
DE,ackley,1,1135,3.9968028886505635e-15,34110,30,0.5,0.2,rand
DE,ackley,1,1136,3.9968028886505635e-15,34140,30,0.5,0.2,rand
DE,ackley,1,1137,3.9968028886505635e-15,34170,30,0.5,0.2,rand
DE,ackley,1,1138,3.9968028886505635e-15,34200,30,0.5,0.2,rand
DE,ackley,1,1139,3.9968028886505635e-15,34230,30,0.5,0.2,rand
DE,ackley,1,1140,3.9968028886505635e-15,34260,30,0.5,0.2,rand
DE,ackley,1,1141,3.9968028886505635e-15,34290,30,0.5,0.2,rand
DE,ackley,1,1142,3.9968028886505635e-15,34320,30,0.5,0.2,rand
DE,ackley,1,1143,3.9968028886505635e-15,34350,30,0.5,0.2,rand
DE,ackley,1,1144,3.9968028886505635e-15,34380,30,0.5,0.2,rand
DE,ackley,1,1145,3.9968028886505635e-15,34410,30,0.5,0.2,rand
DE,ackley,1,1146,3.9968028886505635e-15,34440,30,0.5,0.2,rand
DE,ackley,1,1147,3.9968028886505635e-15,34470,30,0.5,0.2,rand
DE,ackley,1,1148,3.9968028886505635e-15,34500,30,0.5,0.2,rand
DE,ackley,1,1149,3.9968028886505635e-15,34530,30,0.5,0.2,rand
DE,ackley,1,1150,3.9968028886505635e-15,34560,30,0.5,0.2,rand
DE,ackley,1,1151,3.9968028886505635e-15,34590,30,0.5,0.2,rand
DE,ackley,1,1152,3.9968028886505635e-15,34620,30,0.5,0.2,rand
DE,ackley,1,1153,3.9968028886505635e-15,34650,30,0.5,0.2,rand
DE,ackley,1,1154,3.9968028886505635e-15,34680,30,0.5,0.2,rand
DE,ackley,1,1155,3.9968028886505635e-15,34710,30,0.5,0.2,rand
DE,ackley,1,1156,3.9968028886505635e-15,34740,30,0.5,0.2,rand
DE,ackley,1,1157,3.9968028886505635e-15,34770,30,0.5,0.2,rand
DE,ackley,1,1158,3.9968028886505635e-15,34800,30,0.5,0.2,rand
DE,ackley,1,1159,3.9968028886505635e-15,34830,30,0.5,0.2,rand
DE,ackley,1,1160,3.9968028886505635e-15,34860,30,0.5,0.2,rand
DE,ackley,1,1161,3.9968028886505635e-15,34890,30,0.5,0.2,rand
DE,ackley,1,1162,3.9968028886505635e-15,34920,30,0.5,0.2,rand
DE,ackley,1,1163,3.9968028886505635e-15,34950,30,0.5,0.2,rand
DE,ackley,1,1164,3.9968028886505635e-15,34980,30,0.5,0.2,rand
DE,ackley,1,1165,3.9968028886505635e-15,35010,30,0.5,0.2,rand
DE,ackley,1,1166,3.9968028886505635e-15,35040,30,0.5,0.2,rand
DE,ackley,1,1167,3.9968028886505635e-15,35070,30,0.5,0.2,rand
DE,ackley,1,1168,3.9968028886505635e-15,35100,30,0.5,0.2,rand
DE,ackley,1,1169,3.9968028886505635e-15,35130,30,0.5,0.2,rand
DE,ackley,1,1170,3.9968028886505635e-15,35160,30,0.5,0.2,rand
DE,ackley,1,1171,3.9968028886505635e-15,35190,30,0.5,0.2,rand
DE,ackley,1,1172,3.9968028886505635e-15,35220,30,0.5,0.2,rand
DE,ackley,1,1173,3.9968028886505635e-15,35250,30,0.5,0.2,rand
DE,ackley,1,1174,3.9968028886505635e-15,35280,30,0.5,0.2,rand
DE,ackley,1,1175,3.9968028886505635e-15,35310,30,0.5,0.2,rand
DE,ackley,1,1176,3.9968028886505635e-15,35340,30,0.5,0.2,rand
DE,ackley,1,1177,3.9968028886505635e-15,35370,30,0.5,0.2,rand
DE,ackley,1,1178,3.9968028886505635e-15,35400,30,0.5,0.2,rand
DE,ackley,1,1179,3.9968028886505635e-15,35430,30,0.5,0.2,rand
DE,ackley,1,1180,3.9968028886505635e-15,35460,30,0.5,0.2,rand
DE,ackley,1,1181,3.9968028886505635e-15,35490,30,0.5,0.2,rand
DE,ackley,1,1182,3.9968028886505635e-15,35520,30,0.5,0.2,rand
DE,ackley,1,1183,3.9968028886505635e-15,35550,30,0.5,0.2,rand
DE,ackley,1,1184,3.9968028886505635e-15,35580,30,0.5,0.2,rand
DE,ackley,1,1185,3.9968028886505635e-15,35610,30,0.5,0.2,rand
DE,ackley,1,1186,3.9968028886505635e-15,35640,30,0.5,0.2,rand
DE,ackley,1,1187,3.9968028886505635e-15,35670,30,0.5,0.2,rand
DE,ackley,1,1188,3.9968028886505635e-15,35700,30,0.5,0.2,rand
DE,ackley,1,1189,3.9968028886505635e-15,35730,30,0.5,0.2,rand
DE,ackley,1,1190,3.9968028886505635e-15,35760,30,0.5,0.2,rand
DE,ackley,1,1191,3.9968028886505635e-15,35790,30,0.5,0.2,rand
DE,ackley,1,1192,3.9968028886505635e-15,35820,30,0.5,0.2,rand
DE,ackley,1,1193,3.9968028886505635e-15,35850,30,0.5,0.2,rand
DE,ackley,1,1194,3.9968028886505635e-15,35880,30,0.5,0.2,rand
DE,ackley,1,1195,3.9968028886505635e-15,35910,30,0.5,0.2,rand
DE,ackley,1,1196,3.9968028886505635e-15,35940,30,0.5,0.2,rand
DE,ackley,1,1197,3.9968028886505635e-15,35970,30,0.5,0.2,rand
DE,ackley,1,1198,3.9968028886505635e-15,36000,30,0.5,0.2,rand
DE,ackley,1,1199,3.9968028886505635e-15,36030,30,0.5,0.2,rand
DE,ackley,2,0,19.597684124215704,60,30,0.5,0.2,rand
DE,ackley,2,1,19.597684124215704,90,30,0.5,0.2,rand
DE,ackley,2,2,18.92829204661844,120,30,0.5,0.2,rand
DE,ackley,2,3,18.92829204661844,150,30,0.5,0.2,rand
DE,ackley,2,4,18.92829204661844,180,30,0.5,0.2,rand
DE,ackley,2,5,18.92829204661844,210,30,0.5,0.2,rand
DE,ackley,2,6,18.92829204661844,240,30,0.5,0.2,rand
DE,ackley,2,7,18.233668782140033,270,30,0.5,0.2,rand
DE,ackley,2,8,17.976593317756876,300,30,0.5,0.2,rand
DE,ackley,2,9,17.033866712159764,330,30,0.5,0.2,rand
DE,ackley,2,10,17.033866712159764,360,30,0.5,0.2,rand
DE,ackley,2,11,17.033866712159764,390,30,0.5,0.2,rand
DE,ackley,2,12,16.100835942626784,420,30,0.5,0.2,rand
DE,ackley,2,13,16.100835942626784,450,30,0.5,0.2,rand
DE,ackley,2,14,16.100835942626784,480,30,0.5,0.2,rand
DE,ackley,2,15,15.917115368183918,510,30,0.5,0.2,rand
DE,ackley,2,16,15.917115368183918,540,30,0.5,0.2,rand
DE,ackley,2,17,15.079637277890528,570,30,0.5,0.2,rand
DE,ackley,2,18,15.079637277890528,600,30,0.5,0.2,rand
DE,ackley,2,19,14.444837702552132,630,30,0.5,0.2,rand
DE,ackley,2,20,13.894838671230175,660,30,0.5,0.2,rand
DE,ackley,2,21,13.55271745972416,690,30,0.5,0.2,rand
DE,ackley,2,22,13.55271745972416,720,30,0.5,0.2,rand
DE,ackley,2,23,13.55271745972416,750,30,0.5,0.2,rand
DE,ackley,2,24,13.55271745972416,780,30,0.5,0.2,rand
DE,ackley,2,25,10.84076624001025,810,30,0.5,0.2,rand
DE,ackley,2,26,10.84076624001025,840,30,0.5,0.2,rand
DE,ackley,2,27,10.57336998859986,870,30,0.5,0.2,rand
DE,ackley,2,28,10.57336998859986,900,30,0.5,0.2,rand
DE,ackley,2,29,10.57336998859986,930,30,0.5,0.2,rand
DE,ackley,2,30,10.444341068280679,960,30,0.5,0.2,rand
DE,ackley,2,31,10.230696642382531,990,30,0.5,0.2,rand
DE,ackley,2,32,10.230696642382531,1020,30,0.5,0.2,rand
DE,ackley,2,33,8.862645186618716,1050,30,0.5,0.2,rand
DE,ackley,2,34,8.862645186618716,1080,30,0.5,0.2,rand
DE,ackley,2,35,7.972033688087631,1110,30,0.5,0.2,rand
DE,ackley,2,36,7.972033688087631,1140,30,0.5,0.2,rand
DE,ackley,2,37,7.972033688087631,1170,30,0.5,0.2,rand
DE,ackley,2,38,7.972033688087631,1200,30,0.5,0.2,rand
DE,ackley,2,39,7.972033688087631,1230,30,0.5,0.2,rand
DE,ackley,2,40,7.285451135594592,1260,30,0.5,0.2,rand
DE,ackley,2,41,6.8186327814642755,1290,30,0.5,0.2,rand
DE,ackley,2,42,6.463795667798145,1320,30,0.5,0.2,rand
DE,ackley,2,43,6.463795667798145,1350,30,0.5,0.2,rand
DE,ackley,2,44,6.355292397739671,1380,30,0.5,0.2,rand
DE,ackley,2,45,6.355292397739671,1410,30,0.5,0.2,rand
DE,ackley,2,46,6.355292397739671,1440,30,0.5,0.2,rand
DE,ackley,2,47,5.660628282240847,1470,30,0.5,0.2,rand
DE,ackley,2,48,5.552284662860899,1500,30,0.5,0.2,rand
DE,ackley,2,49,5.552284662860899,1530,30,0.5,0.2,rand
DE,ackley,2,50,5.552284662860899,1560,30,0.5,0.2,rand
DE,ackley,2,51,5.552284662860899,1590,30,0.5,0.2,rand
DE,ackley,2,52,5.507320266243223,1620,30,0.5,0.2,rand
DE,ackley,2,53,5.434352383127191,1650,30,0.5,0.2,rand
DE,ackley,2,54,5.32673860706776,1680,30,0.5,0.2,rand
DE,ackley,2,55,5.023228665303876,1710,30,0.5,0.2,rand
DE,ackley,2,56,5.023228665303876,1740,30,0.5,0.2,rand
DE,ackley,2,57,5.023228665303876,1770,30,0.5,0.2,rand
DE,ackley,2,58,4.6336848220339135,1800,30,0.5,0.2,rand
DE,ackley,2,59,4.350254219885478,1830,30,0.5,0.2,rand
DE,ackley,2,60,4.350254219885478,1860,30,0.5,0.2,rand
DE,ackley,2,61,4.350254219885478,1890,30,0.5,0.2,rand
DE,ackley,2,62,4.0902727706691415,1920,30,0.5,0.2,rand
DE,ackley,2,63,3.9769641269861755,1950,30,0.5,0.2,rand
DE,ackley,2,64,3.9769641269861755,1980,30,0.5,0.2,rand
DE,ackley,2,65,3.6376895165207874,2010,30,0.5,0.2,rand
DE,ackley,2,66,3.6376895165207874,2040,30,0.5,0.2,rand
DE,ackley,2,67,3.510036570491604,2070,30,0.5,0.2,rand
DE,ackley,2,68,3.501743859647249,2100,30,0.5,0.2,rand
DE,ackley,2,69,3.501743859647249,2130,30,0.5,0.2,rand
DE,ackley,2,70,3.4023299432378953,2160,30,0.5,0.2,rand
DE,ackley,2,71,3.4023299432378953,2190,30,0.5,0.2,rand
DE,ackley,2,72,3.4023299432378953,2220,30,0.5,0.2,rand
DE,ackley,2,73,3.251872966174258,2250,30,0.5,0.2,rand
DE,ackley,2,74,3.251872966174258,2280,30,0.5,0.2,rand
DE,ackley,2,75,2.914224747913345,2310,30,0.5,0.2,rand
DE,ackley,2,76,2.864010314676371,2340,30,0.5,0.2,rand
DE,ackley,2,77,2.602344366112917,2370,30,0.5,0.2,rand
DE,ackley,2,78,2.602344366112917,2400,30,0.5,0.2,rand
DE,ackley,2,79,2.602344366112917,2430,30,0.5,0.2,rand
DE,ackley,2,80,2.479504981386612,2460,30,0.5,0.2,rand
DE,ackley,2,81,2.479504981386612,2490,30,0.5,0.2,rand
DE,ackley,2,82,2.458029576886084,2520,30,0.5,0.2,rand
DE,ackley,2,83,2.3629808321642973,2550,30,0.5,0.2,rand
DE,ackley,2,84,2.174991357863544,2580,30,0.5,0.2,rand
DE,ackley,2,85,2.174991357863544,2610,30,0.5,0.2,rand
DE,ackley,2,86,1.8256967783422522,2640,30,0.5,0.2,rand
DE,ackley,2,87,1.8256967783422522,2670,30,0.5,0.2,rand
DE,ackley,2,88,1.3271183466139473,2700,30,0.5,0.2,rand
DE,ackley,2,89,1.3271183466139473,2730,30,0.5,0.2,rand
DE,ackley,2,90,1.3271183466139473,2760,30,0.5,0.2,rand
DE,ackley,2,91,1.3271183466139473,2790,30,0.5,0.2,rand
DE,ackley,2,92,1.3271183466139473,2820,30,0.5,0.2,rand
DE,ackley,2,93,1.163959772049719,2850,30,0.5,0.2,rand
DE,ackley,2,94,0.8687251774054201,2880,30,0.5,0.2,rand
DE,ackley,2,95,0.8687251774054201,2910,30,0.5,0.2,rand
DE,ackley,2,96,0.8687251774054201,2940,30,0.5,0.2,rand
DE,ackley,2,97,0.8493558554223388,2970,30,0.5,0.2,rand
DE,ackley,2,98,0.8179850547998595,3000,30,0.5,0.2,rand
DE,ackley,2,99,0.8179850547998595,3030,30,0.5,0.2,rand
DE,ackley,2,100,0.551566509115585,3060,30,0.5,0.2,rand
DE,ackley,2,101,0.551566509115585,3090,30,0.5,0.2,rand
DE,ackley,2,102,0.5511983575575461,3120,30,0.5,0.2,rand
DE,ackley,2,103,0.5511983575575461,3150,30,0.5,0.2,rand
DE,ackley,2,104,0.5511983575575461,3180,30,0.5,0.2,rand
DE,ackley,2,105,0.5511983575575461,3210,30,0.5,0.2,rand
DE,ackley,2,106,0.5145650944781797,3240,30,0.5,0.2,rand
DE,ackley,2,107,0.5145650944781797,3270,30,0.5,0.2,rand
DE,ackley,2,108,0.47227391353360604,3300,30,0.5,0.2,rand
DE,ackley,2,109,0.2814308437212003,3330,30,0.5,0.2,rand
DE,ackley,2,110,0.2814308437212003,3360,30,0.5,0.2,rand
DE,ackley,2,111,0.2794374746032209,3390,30,0.5,0.2,rand
DE,ackley,2,112,0.2794374746032209,3420,30,0.5,0.2,rand
DE,ackley,2,113,0.2231028788329117,3450,30,0.5,0.2,rand
DE,ackley,2,114,0.2231028788329117,3480,30,0.5,0.2,rand
DE,ackley,2,115,0.2231028788329117,3510,30,0.5,0.2,rand
DE,ackley,2,116,0.2231028788329117,3540,30,0.5,0.2,rand
DE,ackley,2,117,0.2231028788329117,3570,30,0.5,0.2,rand
DE,ackley,2,118,0.2231028788329117,3600,30,0.5,0.2,rand
DE,ackley,2,119,0.18188807853594868,3630,30,0.5,0.2,rand
DE,ackley,2,120,0.18188807853594868,3660,30,0.5,0.2,rand
DE,ackley,2,121,0.16587213314104376,3690,30,0.5,0.2,rand
DE,ackley,2,122,0.16472130407682117,3720,30,0.5,0.2,rand
DE,ackley,2,123,0.14718560947715575,3750,30,0.5,0.2,rand
DE,ackley,2,124,0.12303728196165808,3780,30,0.5,0.2,rand
DE,ackley,2,125,0.12303728196165808,3810,30,0.5,0.2,rand
DE,ackley,2,126,0.1208778581947283,3840,30,0.5,0.2,rand
DE,ackley,2,127,0.0982052947902905,3870,30,0.5,0.2,rand
DE,ackley,2,128,0.0982052947902905,3900,30,0.5,0.2,rand
DE,ackley,2,129,0.08412183083970293,3930,30,0.5,0.2,rand
DE,ackley,2,130,0.07479075254619305,3960,30,0.5,0.2,rand
DE,ackley,2,131,0.07479075254619305,3990,30,0.5,0.2,rand
DE,ackley,2,132,0.07479075254619305,4020,30,0.5,0.2,rand
DE,ackley,2,133,0.0653773112110696,4050,30,0.5,0.2,rand
DE,ackley,2,134,0.0653773112110696,4080,30,0.5,0.2,rand
DE,ackley,2,135,0.04141848764397027,4110,30,0.5,0.2,rand
DE,ackley,2,136,0.04141848764397027,4140,30,0.5,0.2,rand
DE,ackley,2,137,0.04141848764397027,4170,30,0.5,0.2,rand
DE,ackley,2,138,0.039072257921511255,4200,30,0.5,0.2,rand
DE,ackley,2,139,0.039072257921511255,4230,30,0.5,0.2,rand
DE,ackley,2,140,0.039072257921511255,4260,30,0.5,0.2,rand
DE,ackley,2,141,0.039072257921511255,4290,30,0.5,0.2,rand
DE,ackley,2,142,0.039072257921511255,4320,30,0.5,0.2,rand
DE,ackley,2,143,0.039072257921511255,4350,30,0.5,0.2,rand
DE,ackley,2,144,0.039072257921511255,4380,30,0.5,0.2,rand
DE,ackley,2,145,0.034436740227093754,4410,30,0.5,0.2,rand
DE,ackley,2,146,0.0341664690992336,4440,30,0.5,0.2,rand
DE,ackley,2,147,0.028482624507987442,4470,30,0.5,0.2,rand
DE,ackley,2,148,0.028482624507987442,4500,30,0.5,0.2,rand
DE,ackley,2,149,0.02567003260796641,4530,30,0.5,0.2,rand
DE,ackley,2,150,0.02483464263393076,4560,30,0.5,0.2,rand
DE,ackley,2,151,0.02483464263393076,4590,30,0.5,0.2,rand
DE,ackley,2,152,0.02483464263393076,4620,30,0.5,0.2,rand
DE,ackley,2,153,0.02483464263393076,4650,30,0.5,0.2,rand
DE,ackley,2,154,0.02481118598213472,4680,30,0.5,0.2,rand
DE,ackley,2,155,0.02481118598213472,4710,30,0.5,0.2,rand
DE,ackley,2,156,0.024775266129261286,4740,30,0.5,0.2,rand
DE,ackley,2,157,0.0231102576850728,4770,30,0.5,0.2,rand
DE,ackley,2,158,0.02091569614006561,4800,30,0.5,0.2,rand
DE,ackley,2,159,0.014303926786482624,4830,30,0.5,0.2,rand
DE,ackley,2,160,0.014303926786482624,4860,30,0.5,0.2,rand
DE,ackley,2,161,0.009662498701896727,4890,30,0.5,0.2,rand
DE,ackley,2,162,0.009662498701896727,4920,30,0.5,0.2,rand
DE,ackley,2,163,0.009662498701896727,4950,30,0.5,0.2,rand
DE,ackley,2,164,0.009662498701896727,4980,30,0.5,0.2,rand
DE,ackley,2,165,0.008221435809364852,5010,30,0.5,0.2,rand
DE,ackley,2,166,0.008221435809364852,5040,30,0.5,0.2,rand
DE,ackley,2,167,0.007263778694547529,5070,30,0.5,0.2,rand
DE,ackley,2,168,0.007263778694547529,5100,30,0.5,0.2,rand
DE,ackley,2,169,0.007263778694547529,5130,30,0.5,0.2,rand
DE,ackley,2,170,0.007263778694547529,5160,30,0.5,0.2,rand
DE,ackley,2,171,0.006961656024337959,5190,30,0.5,0.2,rand
DE,ackley,2,172,0.0068686342607660045,5220,30,0.5,0.2,rand
DE,ackley,2,173,0.006236528695734211,5250,30,0.5,0.2,rand
DE,ackley,2,174,0.004979480108123102,5280,30,0.5,0.2,rand
DE,ackley,2,175,0.004979480108123102,5310,30,0.5,0.2,rand
DE,ackley,2,176,0.004979480108123102,5340,30,0.5,0.2,rand
DE,ackley,2,177,0.004979480108123102,5370,30,0.5,0.2,rand
DE,ackley,2,178,0.004979480108123102,5400,30,0.5,0.2,rand
DE,ackley,2,179,0.004979480108123102,5430,30,0.5,0.2,rand
DE,ackley,2,180,0.0046176540381464015,5460,30,0.5,0.2,rand
DE,ackley,2,181,0.0046176540381464015,5490,30,0.5,0.2,rand
DE,ackley,2,182,0.0031460722487044457,5520,30,0.5,0.2,rand
DE,ackley,2,183,0.0031460722487044457,5550,30,0.5,0.2,rand
DE,ackley,2,184,0.0024617600278671325,5580,30,0.5,0.2,rand
DE,ackley,2,185,0.0024617600278671325,5610,30,0.5,0.2,rand
DE,ackley,2,186,0.0024617600278671325,5640,30,0.5,0.2,rand
DE,ackley,2,187,0.0023146931933166748,5670,30,0.5,0.2,rand
DE,ackley,2,188,0.0022998686889299513,5700,30,0.5,0.2,rand
DE,ackley,2,189,0.0018914565344769763,5730,30,0.5,0.2,rand
DE,ackley,2,190,0.0018914565344769763,5760,30,0.5,0.2,rand
DE,ackley,2,191,0.0018914565344769763,5790,30,0.5,0.2,rand
DE,ackley,2,192,0.001607986698797692,5820,30,0.5,0.2,rand
DE,ackley,2,193,0.001607986698797692,5850,30,0.5,0.2,rand
DE,ackley,2,194,0.001607986698797692,5880,30,0.5,0.2,rand
DE,ackley,2,195,0.0012831202439227418,5910,30,0.5,0.2,rand
DE,ackley,2,196,0.0009466131248960785,5940,30,0.5,0.2,rand
DE,ackley,2,197,0.0009466131248960785,5970,30,0.5,0.2,rand
DE,ackley,2,198,0.0009466131248960785,6000,30,0.5,0.2,rand
DE,ackley,2,199,0.0009466131248960785,6030,30,0.5,0.2,rand
DE,ackley,2,200,0.0009466131248960785,6060,30,0.5,0.2,rand
DE,ackley,2,201,0.0009466131248960785,6090,30,0.5,0.2,rand
DE,ackley,2,202,0.0009466131248960785,6120,30,0.5,0.2,rand
DE,ackley,2,203,0.0009466131248960785,6150,30,0.5,0.2,rand
DE,ackley,2,204,0.0009466131248960785,6180,30,0.5,0.2,rand
DE,ackley,2,205,0.0009466131248960785,6210,30,0.5,0.2,rand
DE,ackley,2,206,0.0009466131248960785,6240,30,0.5,0.2,rand
DE,ackley,2,207,0.0007407023659173895,6270,30,0.5,0.2,rand
DE,ackley,2,208,0.0007407023659173895,6300,30,0.5,0.2,rand
DE,ackley,2,209,0.0007407023659173895,6330,30,0.5,0.2,rand
DE,ackley,2,210,0.0007407023659173895,6360,30,0.5,0.2,rand
DE,ackley,2,211,0.0007407023659173895,6390,30,0.5,0.2,rand
DE,ackley,2,212,0.0007407023659173895,6420,30,0.5,0.2,rand
DE,ackley,2,213,0.0007407023659173895,6450,30,0.5,0.2,rand
DE,ackley,2,214,0.0007407023659173895,6480,30,0.5,0.2,rand
DE,ackley,2,215,0.0006668983014006535,6510,30,0.5,0.2,rand
DE,ackley,2,216,0.00038587996800787394,6540,30,0.5,0.2,rand
DE,ackley,2,217,0.00038587996800787394,6570,30,0.5,0.2,rand
DE,ackley,2,218,0.00038587996800787394,6600,30,0.5,0.2,rand
DE,ackley,2,219,0.00038587996800787394,6630,30,0.5,0.2,rand
DE,ackley,2,220,0.00038587996800787394,6660,30,0.5,0.2,rand
DE,ackley,2,221,0.00038587996800787394,6690,30,0.5,0.2,rand
DE,ackley,2,222,0.00038587996800787394,6720,30,0.5,0.2,rand
DE,ackley,2,223,0.00038587996800787394,6750,30,0.5,0.2,rand
DE,ackley,2,224,0.00038587996800787394,6780,30,0.5,0.2,rand
DE,ackley,2,225,0.00038587996800787394,6810,30,0.5,0.2,rand
DE,ackley,2,226,0.0003196753397536334,6840,30,0.5,0.2,rand
DE,ackley,2,227,0.0003196753397536334,6870,30,0.5,0.2,rand
DE,ackley,2,228,0.0003196753397536334,6900,30,0.5,0.2,rand
DE,ackley,2,229,0.0003128325646213348,6930,30,0.5,0.2,rand
DE,ackley,2,230,0.0003128325646213348,6960,30,0.5,0.2,rand
DE,ackley,2,231,0.0003128325646213348,6990,30,0.5,0.2,rand
DE,ackley,2,232,0.0002569355995842848,7020,30,0.5,0.2,rand
DE,ackley,2,233,0.00024700129587573727,7050,30,0.5,0.2,rand
DE,ackley,2,234,0.00024700129587573727,7080,30,0.5,0.2,rand
DE,ackley,2,235,0.00024700129587573727,7110,30,0.5,0.2,rand
DE,ackley,2,236,0.00020230331847459482,7140,30,0.5,0.2,rand
DE,ackley,2,237,0.00020230331847459482,7170,30,0.5,0.2,rand
DE,ackley,2,238,0.00020175797139332374,7200,30,0.5,0.2,rand
DE,ackley,2,239,0.0001789995233072439,7230,30,0.5,0.2,rand
DE,ackley,2,240,0.0001789995233072439,7260,30,0.5,0.2,rand
DE,ackley,2,241,0.0001789995233072439,7290,30,0.5,0.2,rand
DE,ackley,2,242,0.00016672642243209523,7320,30,0.5,0.2,rand
DE,ackley,2,243,0.0001634403293917508,7350,30,0.5,0.2,rand
DE,ackley,2,244,0.0001429767190939124,7380,30,0.5,0.2,rand
DE,ackley,2,245,0.0001052145045759012,7410,30,0.5,0.2,rand
DE,ackley,2,246,0.0001052145045759012,7440,30,0.5,0.2,rand
DE,ackley,2,247,0.0001052145045759012,7470,30,0.5,0.2,rand
DE,ackley,2,248,9.920503992022489e-05,7500,30,0.5,0.2,rand
DE,ackley,2,249,9.920503992022489e-05,7530,30,0.5,0.2,rand
DE,ackley,2,250,9.920503992022489e-05,7560,30,0.5,0.2,rand
DE,ackley,2,251,9.920503992022489e-05,7590,30,0.5,0.2,rand
DE,ackley,2,252,9.920503992022489e-05,7620,30,0.5,0.2,rand
DE,ackley,2,253,9.146548341165683e-05,7650,30,0.5,0.2,rand
DE,ackley,2,254,9.130099742238329e-05,7680,30,0.5,0.2,rand
DE,ackley,2,255,7.912084328554059e-05,7710,30,0.5,0.2,rand
DE,ackley,2,256,6.925975903770976e-05,7740,30,0.5,0.2,rand
DE,ackley,2,257,6.925975903770976e-05,7770,30,0.5,0.2,rand
DE,ackley,2,258,6.925975903770976e-05,7800,30,0.5,0.2,rand
DE,ackley,2,259,6.544411573061737e-05,7830,30,0.5,0.2,rand
DE,ackley,2,260,4.9184027109294703e-05,7860,30,0.5,0.2,rand
DE,ackley,2,261,4.9184027109294703e-05,7890,30,0.5,0.2,rand
DE,ackley,2,262,4.9184027109294703e-05,7920,30,0.5,0.2,rand
DE,ackley,2,263,4.800957284034624e-05,7950,30,0.5,0.2,rand
DE,ackley,2,264,4.800957284034624e-05,7980,30,0.5,0.2,rand
DE,ackley,2,265,3.933632793762243e-05,8010,30,0.5,0.2,rand
DE,ackley,2,266,3.720266786588766e-05,8040,30,0.5,0.2,rand
DE,ackley,2,267,3.720266786588766e-05,8070,30,0.5,0.2,rand
DE,ackley,2,268,3.720266786588766e-05,8100,30,0.5,0.2,rand
DE,ackley,2,269,2.9086655640941927e-05,8130,30,0.5,0.2,rand
DE,ackley,2,270,2.9086655640941927e-05,8160,30,0.5,0.2,rand
DE,ackley,2,271,2.9086655640941927e-05,8190,30,0.5,0.2,rand
DE,ackley,2,272,2.8407854071321736e-05,8220,30,0.5,0.2,rand
DE,ackley,2,273,2.8407854071321736e-05,8250,30,0.5,0.2,rand
DE,ackley,2,274,2.8407854071321736e-05,8280,30,0.5,0.2,rand
DE,ackley,2,275,2.7179635740726127e-05,8310,30,0.5,0.2,rand
DE,ackley,2,276,2.7179635740726127e-05,8340,30,0.5,0.2,rand
DE,ackley,2,277,2.0919988920287125e-05,8370,30,0.5,0.2,rand
DE,ackley,2,278,2.0919988920287125e-05,8400,30,0.5,0.2,rand
DE,ackley,2,279,2.030991549561989e-05,8430,30,0.5,0.2,rand
DE,ackley,2,280,1.4636764959607973e-05,8460,30,0.5,0.2,rand
DE,ackley,2,281,1.4595564707509112e-05,8490,30,0.5,0.2,rand
DE,ackley,2,282,1.4377137255383587e-05,8520,30,0.5,0.2,rand
DE,ackley,2,283,1.3655767677978048e-05,8550,30,0.5,0.2,rand
DE,ackley,2,284,1.3655767677978048e-05,8580,30,0.5,0.2,rand
DE,ackley,2,285,1.3655767677978048e-05,8610,30,0.5,0.2,rand
DE,ackley,2,286,1.2564022523253726e-05,8640,30,0.5,0.2,rand
DE,ackley,2,287,9.830018730117018e-06,8670,30,0.5,0.2,rand
DE,ackley,2,288,9.830018730117018e-06,8700,30,0.5,0.2,rand
DE,ackley,2,289,9.830018730117018e-06,8730,30,0.5,0.2,rand
DE,ackley,2,290,9.830018730117018e-06,8760,30,0.5,0.2,rand
DE,ackley,2,291,9.830018730117018e-06,8790,30,0.5,0.2,rand
DE,ackley,2,292,9.53832598016291e-06,8820,30,0.5,0.2,rand
DE,ackley,2,293,9.419116687059415e-06,8850,30,0.5,0.2,rand
DE,ackley,2,294,8.072222151600528e-06,8880,30,0.5,0.2,rand
DE,ackley,2,295,8.072222151600528e-06,8910,30,0.5,0.2,rand
DE,ackley,2,296,6.672329221135698e-06,8940,30,0.5,0.2,rand
DE,ackley,2,297,6.672329221135698e-06,8970,30,0.5,0.2,rand
DE,ackley,2,298,6.672329221135698e-06,9000,30,0.5,0.2,rand
DE,ackley,2,299,6.672329221135698e-06,9030,30,0.5,0.2,rand
DE,ackley,2,300,6.503421435599677e-06,9060,30,0.5,0.2,rand
DE,ackley,2,301,6.503421435599677e-06,9090,30,0.5,0.2,rand
DE,ackley,2,302,6.503421435599677e-06,9120,30,0.5,0.2,rand
DE,ackley,2,303,4.787496334035524e-06,9150,30,0.5,0.2,rand
DE,ackley,2,304,4.787496334035524e-06,9180,30,0.5,0.2,rand
DE,ackley,2,305,4.787496334035524e-06,9210,30,0.5,0.2,rand
DE,ackley,2,306,4.787496334035524e-06,9240,30,0.5,0.2,rand
DE,ackley,2,307,4.182240847416807e-06,9270,30,0.5,0.2,rand
DE,ackley,2,308,4.182240847416807e-06,9300,30,0.5,0.2,rand
DE,ackley,2,309,3.127938523750373e-06,9330,30,0.5,0.2,rand
DE,ackley,2,310,3.127938523750373e-06,9360,30,0.5,0.2,rand
DE,ackley,2,311,3.127938523750373e-06,9390,30,0.5,0.2,rand
DE,ackley,2,312,3.127938523750373e-06,9420,30,0.5,0.2,rand
DE,ackley,2,313,3.127938523750373e-06,9450,30,0.5,0.2,rand
DE,ackley,2,314,3.127938523750373e-06,9480,30,0.5,0.2,rand
DE,ackley,2,315,3.127938523750373e-06,9510,30,0.5,0.2,rand
DE,ackley,2,316,3.127938523750373e-06,9540,30,0.5,0.2,rand
DE,ackley,2,317,2.4525819140031047e-06,9570,30,0.5,0.2,rand
DE,ackley,2,318,2.054528014827639e-06,9600,30,0.5,0.2,rand
DE,ackley,2,319,2.054528014827639e-06,9630,30,0.5,0.2,rand
DE,ackley,2,320,2.054528014827639e-06,9660,30,0.5,0.2,rand
DE,ackley,2,321,2.054528014827639e-06,9690,30,0.5,0.2,rand
DE,ackley,2,322,2.054528014827639e-06,9720,30,0.5,0.2,rand
DE,ackley,2,323,1.4079476646777778e-06,9750,30,0.5,0.2,rand
DE,ackley,2,324,1.4079476646777778e-06,9780,30,0.5,0.2,rand
DE,ackley,2,325,1.4079476646777778e-06,9810,30,0.5,0.2,rand
DE,ackley,2,326,1.3952746447110087e-06,9840,30,0.5,0.2,rand
DE,ackley,2,327,1.3952746447110087e-06,9870,30,0.5,0.2,rand
DE,ackley,2,328,1.3952746447110087e-06,9900,30,0.5,0.2,rand
DE,ackley,2,329,1.3952746447110087e-06,9930,30,0.5,0.2,rand
DE,ackley,2,330,1.3952746447110087e-06,9960,30,0.5,0.2,rand
DE,ackley,2,331,1.3952746447110087e-06,9990,30,0.5,0.2,rand
DE,ackley,2,332,1.2377870430846372e-06,10020,30,0.5,0.2,rand
DE,ackley,2,333,7.338515293220382e-07,10050,30,0.5,0.2,rand
DE,ackley,2,334,7.338515293220382e-07,10080,30,0.5,0.2,rand
DE,ackley,2,335,6.752266519249872e-07,10110,30,0.5,0.2,rand
DE,ackley,2,336,6.752266519249872e-07,10140,30,0.5,0.2,rand
DE,ackley,2,337,6.46242217516857e-07,10170,30,0.5,0.2,rand
DE,ackley,2,338,6.46242217516857e-07,10200,30,0.5,0.2,rand
DE,ackley,2,339,6.272369081905538e-07,10230,30,0.5,0.2,rand
DE,ackley,2,340,6.272369081905538e-07,10260,30,0.5,0.2,rand
DE,ackley,2,341,6.272369081905538e-07,10290,30,0.5,0.2,rand
DE,ackley,2,342,6.272369081905538e-07,10320,30,0.5,0.2,rand
DE,ackley,2,343,4.870234140419427e-07,10350,30,0.5,0.2,rand
DE,ackley,2,344,4.870234140419427e-07,10380,30,0.5,0.2,rand
DE,ackley,2,345,4.60700726012675e-07,10410,30,0.5,0.2,rand
DE,ackley,2,346,3.5621985761125075e-07,10440,30,0.5,0.2,rand
DE,ackley,2,347,3.5621985761125075e-07,10470,30,0.5,0.2,rand
DE,ackley,2,348,3.5621985761125075e-07,10500,30,0.5,0.2,rand
DE,ackley,2,349,2.912852470338123e-07,10530,30,0.5,0.2,rand
DE,ackley,2,350,2.912852470338123e-07,10560,30,0.5,0.2,rand
DE,ackley,2,351,2.912852470338123e-07,10590,30,0.5,0.2,rand
DE,ackley,2,352,2.912852470338123e-07,10620,30,0.5,0.2,rand
DE,ackley,2,353,2.912852470338123e-07,10650,30,0.5,0.2,rand
DE,ackley,2,354,2.912852470338123e-07,10680,30,0.5,0.2,rand
DE,ackley,2,355,2.912852470338123e-07,10710,30,0.5,0.2,rand
DE,ackley,2,356,2.912852470338123e-07,10740,30,0.5,0.2,rand
DE,ackley,2,357,2.8141664332181904e-07,10770,30,0.5,0.2,rand
DE,ackley,2,358,2.8141664332181904e-07,10800,30,0.5,0.2,rand
DE,ackley,2,359,2.5768864420072646e-07,10830,30,0.5,0.2,rand
DE,ackley,2,360,2.0623631558081001e-07,10860,30,0.5,0.2,rand
DE,ackley,2,361,1.9257646899362157e-07,10890,30,0.5,0.2,rand
DE,ackley,2,362,1.6624724752389852e-07,10920,30,0.5,0.2,rand
DE,ackley,2,363,1.6624724752389852e-07,10950,30,0.5,0.2,rand
DE,ackley,2,364,1.6124587221000297e-07,10980,30,0.5,0.2,rand
DE,ackley,2,365,1.6124587221000297e-07,11010,30,0.5,0.2,rand
DE,ackley,2,366,1.6124587221000297e-07,11040,30,0.5,0.2,rand
DE,ackley,2,367,1.5199242442420768e-07,11070,30,0.5,0.2,rand
DE,ackley,2,368,1.474840876092287e-07,11100,30,0.5,0.2,rand
DE,ackley,2,369,1.3923038055807524e-07,11130,30,0.5,0.2,rand
DE,ackley,2,370,1.3923038055807524e-07,11160,30,0.5,0.2,rand
DE,ackley,2,371,1.1663327414979108e-07,11190,30,0.5,0.2,rand
DE,ackley,2,372,1.1663327414979108e-07,11220,30,0.5,0.2,rand
DE,ackley,2,373,1.1663327414979108e-07,11250,30,0.5,0.2,rand
DE,ackley,2,374,1.1053796500348767e-07,11280,30,0.5,0.2,rand
DE,ackley,2,375,9.534263911703533e-08,11310,30,0.5,0.2,rand
DE,ackley,2,376,8.548436314370633e-08,11340,30,0.5,0.2,rand
DE,ackley,2,377,6.873415658859017e-08,11370,30,0.5,0.2,rand
DE,ackley,2,378,6.873415658859017e-08,11400,30,0.5,0.2,rand
DE,ackley,2,379,4.796444885712958e-08,11430,30,0.5,0.2,rand
DE,ackley,2,380,4.796444885712958e-08,11460,30,0.5,0.2,rand
DE,ackley,2,381,4.1822968643856484e-08,11490,30,0.5,0.2,rand
DE,ackley,2,382,4.1822968643856484e-08,11520,30,0.5,0.2,rand
DE,ackley,2,383,4.1822968643856484e-08,11550,30,0.5,0.2,rand
DE,ackley,2,384,4.1822968643856484e-08,11580,30,0.5,0.2,rand
DE,ackley,2,385,4.1822968643856484e-08,11610,30,0.5,0.2,rand
DE,ackley,2,386,4.1822968643856484e-08,11640,30,0.5,0.2,rand
DE,ackley,2,387,4.1822968643856484e-08,11670,30,0.5,0.2,rand
DE,ackley,2,388,3.67918358001873e-08,11700,30,0.5,0.2,rand
DE,ackley,2,389,3.67918358001873e-08,11730,30,0.5,0.2,rand
DE,ackley,2,390,3.65706402938315e-08,11760,30,0.5,0.2,rand
DE,ackley,2,391,3.65706402938315e-08,11790,30,0.5,0.2,rand
DE,ackley,2,392,3.65706402938315e-08,11820,30,0.5,0.2,rand
DE,ackley,2,393,3.091867073479193e-08,11850,30,0.5,0.2,rand
DE,ackley,2,394,3.091867073479193e-08,11880,30,0.5,0.2,rand
DE,ackley,2,395,3.0246621651741634e-08,11910,30,0.5,0.2,rand
DE,ackley,2,396,2.6620746940153595e-08,11940,30,0.5,0.2,rand
DE,ackley,2,397,2.6184939105888816e-08,11970,30,0.5,0.2,rand
DE,ackley,2,398,2.6184939105888816e-08,12000,30,0.5,0.2,rand
DE,ackley,2,399,2.6184939105888816e-08,12030,30,0.5,0.2,rand
DE,ackley,2,400,2.1054479493187728e-08,12060,30,0.5,0.2,rand
DE,ackley,2,401,2.0413992718459895e-08,12090,30,0.5,0.2,rand
DE,ackley,2,402,2.0413992718459895e-08,12120,30,0.5,0.2,rand
DE,ackley,2,403,1.803103133468653e-08,12150,30,0.5,0.2,rand
DE,ackley,2,404,1.6147421622036973e-08,12180,30,0.5,0.2,rand
DE,ackley,2,405,1.6147421622036973e-08,12210,30,0.5,0.2,rand
DE,ackley,2,406,1.6147421622036973e-08,12240,30,0.5,0.2,rand
DE,ackley,2,407,1.576985342310877e-08,12270,30,0.5,0.2,rand
DE,ackley,2,408,1.576985342310877e-08,12300,30,0.5,0.2,rand
DE,ackley,2,409,1.576985342310877e-08,12330,30,0.5,0.2,rand
DE,ackley,2,410,1.3194047188136437e-08,12360,30,0.5,0.2,rand
DE,ackley,2,411,1.3194047188136437e-08,12390,30,0.5,0.2,rand
DE,ackley,2,412,1.3194047188136437e-08,12420,30,0.5,0.2,rand
DE,ackley,2,413,1.2251814229813363e-08,12450,30,0.5,0.2,rand
DE,ackley,2,414,1.2231819557229073e-08,12480,30,0.5,0.2,rand
DE,ackley,2,415,1.2231819557229073e-08,12510,30,0.5,0.2,rand
DE,ackley,2,416,1.0019502116875856e-08,12540,30,0.5,0.2,rand
DE,ackley,2,417,7.89600607120633e-09,12570,30,0.5,0.2,rand
DE,ackley,2,418,7.89600607120633e-09,12600,30,0.5,0.2,rand
DE,ackley,2,419,7.89600607120633e-09,12630,30,0.5,0.2,rand
DE,ackley,2,420,7.89600607120633e-09,12660,30,0.5,0.2,rand
DE,ackley,2,421,7.89600607120633e-09,12690,30,0.5,0.2,rand
DE,ackley,2,422,7.89600607120633e-09,12720,30,0.5,0.2,rand
DE,ackley,2,423,7.536013146847154e-09,12750,30,0.5,0.2,rand
DE,ackley,2,424,7.536013146847154e-09,12780,30,0.5,0.2,rand
DE,ackley,2,425,6.76745814942592e-09,12810,30,0.5,0.2,rand
DE,ackley,2,426,6.76745814942592e-09,12840,30,0.5,0.2,rand
DE,ackley,2,427,5.283095294572604e-09,12870,30,0.5,0.2,rand
DE,ackley,2,428,5.035240224771087e-09,12900,30,0.5,0.2,rand
DE,ackley,2,429,5.035240224771087e-09,12930,30,0.5,0.2,rand
DE,ackley,2,430,4.6064276837398666e-09,12960,30,0.5,0.2,rand
DE,ackley,2,431,4.6064276837398666e-09,12990,30,0.5,0.2,rand
DE,ackley,2,432,4.599730818455328e-09,13020,30,0.5,0.2,rand
DE,ackley,2,433,4.563994071560273e-09,13050,30,0.5,0.2,rand
DE,ackley,2,434,4.326196734183441e-09,13080,30,0.5,0.2,rand
DE,ackley,2,435,3.89700050007491e-09,13110,30,0.5,0.2,rand
DE,ackley,2,436,3.89700050007491e-09,13140,30,0.5,0.2,rand
DE,ackley,2,437,3.813646731742892e-09,13170,30,0.5,0.2,rand
DE,ackley,2,438,2.8747924041283568e-09,13200,30,0.5,0.2,rand
DE,ackley,2,439,2.8747924041283568e-09,13230,30,0.5,0.2,rand
DE,ackley,2,440,2.8747924041283568e-09,13260,30,0.5,0.2,rand
DE,ackley,2,441,2.7417681458530296e-09,13290,30,0.5,0.2,rand
DE,ackley,2,442,2.7417681458530296e-09,13320,30,0.5,0.2,rand
DE,ackley,2,443,2.7417681458530296e-09,13350,30,0.5,0.2,rand
DE,ackley,2,444,2.6720887724707154e-09,13380,30,0.5,0.2,rand
DE,ackley,2,445,2.6720887724707154e-09,13410,30,0.5,0.2,rand
DE,ackley,2,446,2.3722468434073107e-09,13440,30,0.5,0.2,rand
DE,ackley,2,447,2.1871540134554834e-09,13470,30,0.5,0.2,rand
DE,ackley,2,448,2.0608799111698772e-09,13500,30,0.5,0.2,rand
DE,ackley,2,449,1.9120318661691726e-09,13530,30,0.5,0.2,rand
DE,ackley,2,450,1.7500636495526578e-09,13560,30,0.5,0.2,rand
DE,ackley,2,451,1.7500636495526578e-09,13590,30,0.5,0.2,rand
DE,ackley,2,452,1.6135648372994638e-09,13620,30,0.5,0.2,rand
DE,ackley,2,453,1.6135648372994638e-09,13650,30,0.5,0.2,rand
DE,ackley,2,454,1.4936856196356985e-09,13680,30,0.5,0.2,rand
DE,ackley,2,455,9.753020613345598e-10,13710,30,0.5,0.2,rand
DE,ackley,2,456,7.022937786871353e-10,13740,30,0.5,0.2,rand
DE,ackley,2,457,7.022937786871353e-10,13770,30,0.5,0.2,rand
DE,ackley,2,458,7.022937786871353e-10,13800,30,0.5,0.2,rand
DE,ackley,2,459,7.022937786871353e-10,13830,30,0.5,0.2,rand
DE,ackley,2,460,5.66832358828151e-10,13860,30,0.5,0.2,rand
DE,ackley,2,461,5.66832358828151e-10,13890,30,0.5,0.2,rand
DE,ackley,2,462,5.66832358828151e-10,13920,30,0.5,0.2,rand
DE,ackley,2,463,5.66832358828151e-10,13950,30,0.5,0.2,rand
DE,ackley,2,464,5.64320590257239e-10,13980,30,0.5,0.2,rand
DE,ackley,2,465,5.64320590257239e-10,14010,30,0.5,0.2,rand
DE,ackley,2,466,4.687525922975055e-10,14040,30,0.5,0.2,rand
DE,ackley,2,467,4.687525922975055e-10,14070,30,0.5,0.2,rand
DE,ackley,2,468,4.687525922975055e-10,14100,30,0.5,0.2,rand
DE,ackley,2,469,4.687525922975055e-10,14130,30,0.5,0.2,rand
DE,ackley,2,470,4.687525922975055e-10,14160,30,0.5,0.2,rand
DE,ackley,2,471,4.444449253071525e-10,14190,30,0.5,0.2,rand
DE,ackley,2,472,4.444449253071525e-10,14220,30,0.5,0.2,rand
DE,ackley,2,473,4.0986281035770844e-10,14250,30,0.5,0.2,rand
DE,ackley,2,474,4.090208172158327e-10,14280,30,0.5,0.2,rand
DE,ackley,2,475,3.7722758250424704e-10,14310,30,0.5,0.2,rand
DE,ackley,2,476,3.202349496689294e-10,14340,30,0.5,0.2,rand
DE,ackley,2,477,3.1202818107090025e-10,14370,30,0.5,0.2,rand
DE,ackley,2,478,3.1202818107090025e-10,14400,30,0.5,0.2,rand
DE,ackley,2,479,3.1202818107090025e-10,14430,30,0.5,0.2,rand
DE,ackley,2,480,3.0066305001241744e-10,14460,30,0.5,0.2,rand
DE,ackley,2,481,2.3391111270143483e-10,14490,30,0.5,0.2,rand
DE,ackley,2,482,2.2988944081703266e-10,14520,30,0.5,0.2,rand
DE,ackley,2,483,1.933107007801027e-10,14550,30,0.5,0.2,rand
DE,ackley,2,484,1.7018964015846905e-10,14580,30,0.5,0.2,rand
DE,ackley,2,485,1.7018964015846905e-10,14610,30,0.5,0.2,rand
DE,ackley,2,486,1.3329470860412584e-10,14640,30,0.5,0.2,rand
DE,ackley,2,487,1.3268364185137216e-10,14670,30,0.5,0.2,rand
DE,ackley,2,488,1.3268364185137216e-10,14700,30,0.5,0.2,rand
DE,ackley,2,489,1.3268364185137216e-10,14730,30,0.5,0.2,rand
DE,ackley,2,490,1.095625812297385e-10,14760,30,0.5,0.2,rand
DE,ackley,2,491,1.095625812297385e-10,14790,30,0.5,0.2,rand
DE,ackley,2,492,1.095625812297385e-10,14820,30,0.5,0.2,rand
DE,ackley,2,493,1.095625812297385e-10,14850,30,0.5,0.2,rand
DE,ackley,2,494,1.095625812297385e-10,14880,30,0.5,0.2,rand
DE,ackley,2,495,1.0717160492390576e-10,14910,30,0.5,0.2,rand
DE,ackley,2,496,9.161782443811717e-11,14940,30,0.5,0.2,rand
DE,ackley,2,497,8.079625857249084e-11,14970,30,0.5,0.2,rand
DE,ackley,2,498,8.079625857249084e-11,15000,30,0.5,0.2,rand
DE,ackley,2,499,8.079625857249084e-11,15030,30,0.5,0.2,rand
DE,ackley,2,500,7.221290232450883e-11,15060,30,0.5,0.2,rand
DE,ackley,2,501,7.221290232450883e-11,15090,30,0.5,0.2,rand
DE,ackley,2,502,7.221290232450883e-11,15120,30,0.5,0.2,rand
DE,ackley,2,503,7.042233463039338e-11,15150,30,0.5,0.2,rand
DE,ackley,2,504,6.078737513348642e-11,15180,30,0.5,0.2,rand
DE,ackley,2,505,6.078737513348642e-11,15210,30,0.5,0.2,rand
DE,ackley,2,506,6.078737513348642e-11,15240,30,0.5,0.2,rand
DE,ackley,2,507,4.8978154865153556e-11,15270,30,0.5,0.2,rand
DE,ackley,2,508,4.8978154865153556e-11,15300,30,0.5,0.2,rand
DE,ackley,2,509,4.8978154865153556e-11,15330,30,0.5,0.2,rand
DE,ackley,2,510,3.955280547529583e-11,15360,30,0.5,0.2,rand
DE,ackley,2,511,3.955280547529583e-11,15390,30,0.5,0.2,rand
DE,ackley,2,512,3.955280547529583e-11,15420,30,0.5,0.2,rand
DE,ackley,2,513,3.955280547529583e-11,15450,30,0.5,0.2,rand
DE,ackley,2,514,3.955280547529583e-11,15480,30,0.5,0.2,rand
DE,ackley,2,515,3.955280547529583e-11,15510,30,0.5,0.2,rand
DE,ackley,2,516,3.955280547529583e-11,15540,30,0.5,0.2,rand
DE,ackley,2,517,3.955280547529583e-11,15570,30,0.5,0.2,rand
DE,ackley,2,518,3.955280547529583e-11,15600,30,0.5,0.2,rand
DE,ackley,2,519,3.374767132413581e-11,15630,30,0.5,0.2,rand
DE,ackley,2,520,2.72994959971129e-11,15660,30,0.5,0.2,rand
DE,ackley,2,521,2.51714205035114e-11,15690,30,0.5,0.2,rand
DE,ackley,2,522,2.51714205035114e-11,15720,30,0.5,0.2,rand
DE,ackley,2,523,2.51714205035114e-11,15750,30,0.5,0.2,rand
DE,ackley,2,524,2.398126142111323e-11,15780,30,0.5,0.2,rand
DE,ackley,2,525,1.623989831500694e-11,15810,30,0.5,0.2,rand
DE,ackley,2,526,1.4783285706698734e-11,15840,30,0.5,0.2,rand
DE,ackley,2,527,1.4783285706698734e-11,15870,30,0.5,0.2,rand
DE,ackley,2,528,1.4495515898715894e-11,15900,30,0.5,0.2,rand
DE,ackley,2,529,1.4495515898715894e-11,15930,30,0.5,0.2,rand
DE,ackley,2,530,1.3799184017670996e-11,15960,30,0.5,0.2,rand
DE,ackley,2,531,1.3799184017670996e-11,15990,30,0.5,0.2,rand
DE,ackley,2,532,1.3799184017670996e-11,16020,30,0.5,0.2,rand
DE,ackley,2,533,1.3799184017670996e-11,16050,30,0.5,0.2,rand
DE,ackley,2,534,1.276534433714005e-11,16080,30,0.5,0.2,rand
DE,ackley,2,535,1.276534433714005e-11,16110,30,0.5,0.2,rand
DE,ackley,2,536,1.276534433714005e-11,16140,30,0.5,0.2,rand
DE,ackley,2,537,1.276534433714005e-11,16170,30,0.5,0.2,rand
DE,ackley,2,538,1.276534433714005e-11,16200,30,0.5,0.2,rand
DE,ackley,2,539,1.142241856655346e-11,16230,30,0.5,0.2,rand
DE,ackley,2,540,1.0335288180840507e-11,16260,30,0.5,0.2,rand
DE,ackley,2,541,1.0235812197834093e-11,16290,30,0.5,0.2,rand
DE,ackley,2,542,1.0235812197834093e-11,16320,30,0.5,0.2,rand
DE,ackley,2,543,8.01536614858378e-12,16350,30,0.5,0.2,rand
DE,ackley,2,544,7.528644374588112e-12,16380,30,0.5,0.2,rand
DE,ackley,2,545,7.528644374588112e-12,16410,30,0.5,0.2,rand
DE,ackley,2,546,6.931788476549627e-12,16440,30,0.5,0.2,rand
DE,ackley,2,547,6.931788476549627e-12,16470,30,0.5,0.2,rand
DE,ackley,2,548,6.931788476549627e-12,16500,30,0.5,0.2,rand
DE,ackley,2,549,6.800338070434009e-12,16530,30,0.5,0.2,rand
DE,ackley,2,550,6.800338070434009e-12,16560,30,0.5,0.2,rand
DE,ackley,2,551,5.411227022023013e-12,16590,30,0.5,0.2,rand
DE,ackley,2,552,5.411227022023013e-12,16620,30,0.5,0.2,rand
DE,ackley,2,553,5.411227022023013e-12,16650,30,0.5,0.2,rand
DE,ackley,2,554,5.2513549064769904e-12,16680,30,0.5,0.2,rand
DE,ackley,2,555,4.800160269269327e-12,16710,30,0.5,0.2,rand
DE,ackley,2,556,4.650946294759706e-12,16740,30,0.5,0.2,rand
DE,ackley,2,557,3.5069724901859445e-12,16770,30,0.5,0.2,rand
DE,ackley,2,558,3.5069724901859445e-12,16800,30,0.5,0.2,rand
DE,ackley,2,559,3.5069724901859445e-12,16830,30,0.5,0.2,rand
DE,ackley,2,560,3.247624391633508e-12,16860,30,0.5,0.2,rand
DE,ackley,2,561,3.247624391633508e-12,16890,30,0.5,0.2,rand
DE,ackley,2,562,3.247624391633508e-12,16920,30,0.5,0.2,rand
DE,ackley,2,563,2.9243274468626623e-12,16950,30,0.5,0.2,rand
DE,ackley,2,564,2.8461677459290513e-12,16980,30,0.5,0.2,rand
DE,ackley,2,565,2.8461677459290513e-12,17010,30,0.5,0.2,rand
DE,ackley,2,566,2.34168240353938e-12,17040,30,0.5,0.2,rand
DE,ackley,2,567,2.34168240353938e-12,17070,30,0.5,0.2,rand
DE,ackley,2,568,2.34168240353938e-12,17100,30,0.5,0.2,rand
DE,ackley,2,569,2.34168240353938e-12,17130,30,0.5,0.2,rand
DE,ackley,2,570,1.922462189440921e-12,17160,30,0.5,0.2,rand
DE,ackley,2,571,1.744826505500896e-12,17190,30,0.5,0.2,rand
DE,ackley,2,572,1.744826505500896e-12,17220,30,0.5,0.2,rand
DE,ackley,2,573,1.744826505500896e-12,17250,30,0.5,0.2,rand
DE,ackley,2,574,1.744826505500896e-12,17280,30,0.5,0.2,rand
DE,ackley,2,575,1.4712675522332574e-12,17310,30,0.5,0.2,rand
DE,ackley,2,576,1.4712675522332574e-12,17340,30,0.5,0.2,rand
DE,ackley,2,577,1.4712675522332574e-12,17370,30,0.5,0.2,rand
DE,ackley,2,578,1.4712675522332574e-12,17400,30,0.5,0.2,rand
DE,ackley,2,579,1.4712675522332574e-12,17430,30,0.5,0.2,rand
DE,ackley,2,580,1.453503983839255e-12,17460,30,0.5,0.2,rand
DE,ackley,2,581,1.2936318682932324e-12,17490,30,0.5,0.2,rand
DE,ackley,2,582,1.2936318682932324e-12,17520,30,0.5,0.2,rand
DE,ackley,2,583,1.2083667400020204e-12,17550,30,0.5,0.2,rand
DE,ackley,2,584,1.0520473381347983e-12,17580,30,0.5,0.2,rand
DE,ackley,2,585,7.784883848671598e-13,17610,30,0.5,0.2,rand
DE,ackley,2,586,7.784883848671598e-13,17640,30,0.5,0.2,rand
DE,ackley,2,587,7.784883848671598e-13,17670,30,0.5,0.2,rand
DE,ackley,2,588,7.784883848671598e-13,17700,30,0.5,0.2,rand
DE,ackley,2,589,7.784883848671598e-13,17730,30,0.5,0.2,rand
DE,ackley,2,590,6.434852650727407e-13,17760,30,0.5,0.2,rand
DE,ackley,2,591,6.434852650727407e-13,17790,30,0.5,0.2,rand
DE,ackley,2,592,6.292744103575387e-13,17820,30,0.5,0.2,rand
DE,ackley,2,593,5.866418462119327e-13,17850,30,0.5,0.2,rand
DE,ackley,2,594,5.866418462119327e-13,17880,30,0.5,0.2,rand
DE,ackley,2,595,5.866418462119327e-13,17910,30,0.5,0.2,rand
DE,ackley,2,596,5.049294315995212e-13,17940,30,0.5,0.2,rand
DE,ackley,2,597,4.2676973066591017e-13,17970,30,0.5,0.2,rand
DE,ackley,2,598,4.2676973066591017e-13,18000,30,0.5,0.2,rand
DE,ackley,2,599,4.0545344859310717e-13,18030,30,0.5,0.2,rand
DE,ackley,2,600,4.0545344859310717e-13,18060,30,0.5,0.2,rand
DE,ackley,2,601,4.0545344859310717e-13,18090,30,0.5,0.2,rand
DE,ackley,2,602,4.0545344859310717e-13,18120,30,0.5,0.2,rand
DE,ackley,2,603,4.0190073491430667e-13,18150,30,0.5,0.2,rand
DE,ackley,2,604,3.8768988019910466e-13,18180,30,0.5,0.2,rand
DE,ackley,2,605,3.5926817076870066e-13,18210,30,0.5,0.2,rand
DE,ackley,2,606,3.5216274341109965e-13,18240,30,0.5,0.2,rand
DE,ackley,2,607,3.4150460237469815e-13,18270,30,0.5,0.2,rand
DE,ackley,2,608,3.1308289294429414e-13,18300,30,0.5,0.2,rand
DE,ackley,2,609,3.1308289294429414e-13,18330,30,0.5,0.2,rand
DE,ackley,2,610,2.349231920106831e-13,18360,30,0.5,0.2,rand
DE,ackley,2,611,2.313704783318826e-13,18390,30,0.5,0.2,rand
DE,ackley,2,612,2.313704783318826e-13,18420,30,0.5,0.2,rand
DE,ackley,2,613,2.1005419625907962e-13,18450,30,0.5,0.2,rand
DE,ackley,2,614,2.1005419625907962e-13,18480,30,0.5,0.2,rand
DE,ackley,2,615,1.709743457922741e-13,18510,30,0.5,0.2,rand
DE,ackley,2,616,1.709743457922741e-13,18540,30,0.5,0.2,rand
DE,ackley,2,617,1.709743457922741e-13,18570,30,0.5,0.2,rand
DE,ackley,2,618,1.674216321134736e-13,18600,30,0.5,0.2,rand
DE,ackley,2,619,1.532107773982716e-13,18630,30,0.5,0.2,rand
DE,ackley,2,620,1.532107773982716e-13,18660,30,0.5,0.2,rand
DE,ackley,2,621,1.532107773982716e-13,18690,30,0.5,0.2,rand
DE,ackley,2,622,1.212363542890671e-13,18720,30,0.5,0.2,rand
DE,ackley,2,623,1.212363542890671e-13,18750,30,0.5,0.2,rand
DE,ackley,2,624,1.1057821325266559e-13,18780,30,0.5,0.2,rand
DE,ackley,2,625,1.1057821325266559e-13,18810,30,0.5,0.2,rand
DE,ackley,2,626,1.1057821325266559e-13,18840,30,0.5,0.2,rand
DE,ackley,2,627,1.1057821325266559e-13,18870,30,0.5,0.2,rand
DE,ackley,2,628,1.1057821325266559e-13,18900,30,0.5,0.2,rand
DE,ackley,2,629,9.281464485866309e-14,18930,30,0.5,0.2,rand
DE,ackley,2,630,7.505107646466058e-14,18960,30,0.5,0.2,rand
DE,ackley,2,631,7.505107646466058e-14,18990,30,0.5,0.2,rand
DE,ackley,2,632,7.505107646466058e-14,19020,30,0.5,0.2,rand
DE,ackley,2,633,7.505107646466058e-14,19050,30,0.5,0.2,rand
DE,ackley,2,634,7.505107646466058e-14,19080,30,0.5,0.2,rand
DE,ackley,2,635,7.505107646466058e-14,19110,30,0.5,0.2,rand
DE,ackley,2,636,7.149836278586008e-14,19140,30,0.5,0.2,rand
DE,ackley,2,637,7.149836278586008e-14,19170,30,0.5,0.2,rand
DE,ackley,2,638,7.149836278586008e-14,19200,30,0.5,0.2,rand
DE,ackley,2,639,6.439293542825908e-14,19230,30,0.5,0.2,rand
DE,ackley,2,640,6.084022174945858e-14,19260,30,0.5,0.2,rand
DE,ackley,2,641,6.084022174945858e-14,19290,30,0.5,0.2,rand
DE,ackley,2,642,5.3734794391857577e-14,19320,30,0.5,0.2,rand
DE,ackley,2,643,3.952393967665557e-14,19350,30,0.5,0.2,rand
DE,ackley,2,644,3.952393967665557e-14,19380,30,0.5,0.2,rand
DE,ackley,2,645,3.952393967665557e-14,19410,30,0.5,0.2,rand
DE,ackley,2,646,3.241851231905457e-14,19440,30,0.5,0.2,rand
DE,ackley,2,647,3.241851231905457e-14,19470,30,0.5,0.2,rand
DE,ackley,2,648,3.241851231905457e-14,19500,30,0.5,0.2,rand
DE,ackley,2,649,2.886579864025407e-14,19530,30,0.5,0.2,rand
DE,ackley,2,650,2.531308496145357e-14,19560,30,0.5,0.2,rand
DE,ackley,2,651,2.531308496145357e-14,19590,30,0.5,0.2,rand
DE,ackley,2,652,2.531308496145357e-14,19620,30,0.5,0.2,rand
DE,ackley,2,653,2.1760371282653068e-14,19650,30,0.5,0.2,rand
DE,ackley,2,654,2.1760371282653068e-14,19680,30,0.5,0.2,rand
DE,ackley,2,655,2.1760371282653068e-14,19710,30,0.5,0.2,rand
DE,ackley,2,656,2.1760371282653068e-14,19740,30,0.5,0.2,rand
DE,ackley,2,657,2.1760371282653068e-14,19770,30,0.5,0.2,rand
DE,ackley,2,658,1.8207657603852567e-14,19800,30,0.5,0.2,rand
DE,ackley,2,659,1.8207657603852567e-14,19830,30,0.5,0.2,rand
DE,ackley,2,660,1.8207657603852567e-14,19860,30,0.5,0.2,rand
DE,ackley,2,661,1.4654943925052066e-14,19890,30,0.5,0.2,rand
DE,ackley,2,662,1.4654943925052066e-14,19920,30,0.5,0.2,rand
DE,ackley,2,663,1.4654943925052066e-14,19950,30,0.5,0.2,rand
DE,ackley,2,664,1.4654943925052066e-14,19980,30,0.5,0.2,rand
DE,ackley,2,665,1.4654943925052066e-14,20010,30,0.5,0.2,rand
DE,ackley,2,666,1.4654943925052066e-14,20040,30,0.5,0.2,rand
DE,ackley,2,667,1.4654943925052066e-14,20070,30,0.5,0.2,rand
DE,ackley,2,668,1.4654943925052066e-14,20100,30,0.5,0.2,rand
DE,ackley,2,669,1.1102230246251565e-14,20130,30,0.5,0.2,rand
DE,ackley,2,670,1.1102230246251565e-14,20160,30,0.5,0.2,rand
DE,ackley,2,671,1.1102230246251565e-14,20190,30,0.5,0.2,rand
DE,ackley,2,672,1.1102230246251565e-14,20220,30,0.5,0.2,rand
DE,ackley,2,673,1.1102230246251565e-14,20250,30,0.5,0.2,rand
DE,ackley,2,674,1.1102230246251565e-14,20280,30,0.5,0.2,rand
DE,ackley,2,675,1.1102230246251565e-14,20310,30,0.5,0.2,rand
DE,ackley,2,676,7.549516567451064e-15,20340,30,0.5,0.2,rand
DE,ackley,2,677,7.549516567451064e-15,20370,30,0.5,0.2,rand
DE,ackley,2,678,7.549516567451064e-15,20400,30,0.5,0.2,rand
DE,ackley,2,679,7.549516567451064e-15,20430,30,0.5,0.2,rand
DE,ackley,2,680,7.549516567451064e-15,20460,30,0.5,0.2,rand
DE,ackley,2,681,7.549516567451064e-15,20490,30,0.5,0.2,rand
DE,ackley,2,682,7.549516567451064e-15,20520,30,0.5,0.2,rand
DE,ackley,2,683,7.549516567451064e-15,20550,30,0.5,0.2,rand
DE,ackley,2,684,7.549516567451064e-15,20580,30,0.5,0.2,rand
DE,ackley,2,685,7.549516567451064e-15,20610,30,0.5,0.2,rand
DE,ackley,2,686,7.549516567451064e-15,20640,30,0.5,0.2,rand
DE,ackley,2,687,7.549516567451064e-15,20670,30,0.5,0.2,rand
DE,ackley,2,688,7.549516567451064e-15,20700,30,0.5,0.2,rand
DE,ackley,2,689,7.549516567451064e-15,20730,30,0.5,0.2,rand
DE,ackley,2,690,7.549516567451064e-15,20760,30,0.5,0.2,rand
DE,ackley,2,691,7.549516567451064e-15,20790,30,0.5,0.2,rand
DE,ackley,2,692,7.549516567451064e-15,20820,30,0.5,0.2,rand
DE,ackley,2,693,7.549516567451064e-15,20850,30,0.5,0.2,rand
DE,ackley,2,694,7.549516567451064e-15,20880,30,0.5,0.2,rand
DE,ackley,2,695,7.549516567451064e-15,20910,30,0.5,0.2,rand
DE,ackley,2,696,7.549516567451064e-15,20940,30,0.5,0.2,rand
DE,ackley,2,697,7.549516567451064e-15,20970,30,0.5,0.2,rand
DE,ackley,2,698,7.549516567451064e-15,21000,30,0.5,0.2,rand
DE,ackley,2,699,7.549516567451064e-15,21030,30,0.5,0.2,rand
DE,ackley,2,700,7.549516567451064e-15,21060,30,0.5,0.2,rand
DE,ackley,2,701,7.549516567451064e-15,21090,30,0.5,0.2,rand
DE,ackley,2,702,7.549516567451064e-15,21120,30,0.5,0.2,rand
DE,ackley,2,703,3.9968028886505635e-15,21150,30,0.5,0.2,rand
DE,ackley,2,704,3.9968028886505635e-15,21180,30,0.5,0.2,rand
DE,ackley,2,705,3.9968028886505635e-15,21210,30,0.5,0.2,rand
DE,ackley,2,706,3.9968028886505635e-15,21240,30,0.5,0.2,rand
DE,ackley,2,707,3.9968028886505635e-15,21270,30,0.5,0.2,rand
DE,ackley,2,708,3.9968028886505635e-15,21300,30,0.5,0.2,rand
DE,ackley,2,709,3.9968028886505635e-15,21330,30,0.5,0.2,rand
DE,ackley,2,710,3.9968028886505635e-15,21360,30,0.5,0.2,rand
DE,ackley,2,711,3.9968028886505635e-15,21390,30,0.5,0.2,rand
DE,ackley,2,712,3.9968028886505635e-15,21420,30,0.5,0.2,rand
DE,ackley,2,713,3.9968028886505635e-15,21450,30,0.5,0.2,rand
DE,ackley,2,714,3.9968028886505635e-15,21480,30,0.5,0.2,rand
DE,ackley,2,715,3.9968028886505635e-15,21510,30,0.5,0.2,rand
DE,ackley,2,716,3.9968028886505635e-15,21540,30,0.5,0.2,rand
DE,ackley,2,717,3.9968028886505635e-15,21570,30,0.5,0.2,rand
DE,ackley,2,718,3.9968028886505635e-15,21600,30,0.5,0.2,rand
DE,ackley,2,719,3.9968028886505635e-15,21630,30,0.5,0.2,rand
DE,ackley,2,720,3.9968028886505635e-15,21660,30,0.5,0.2,rand
DE,ackley,2,721,3.9968028886505635e-15,21690,30,0.5,0.2,rand
DE,ackley,2,722,3.9968028886505635e-15,21720,30,0.5,0.2,rand
DE,ackley,2,723,3.9968028886505635e-15,21750,30,0.5,0.2,rand
DE,ackley,2,724,3.9968028886505635e-15,21780,30,0.5,0.2,rand
DE,ackley,2,725,3.9968028886505635e-15,21810,30,0.5,0.2,rand
DE,ackley,2,726,3.9968028886505635e-15,21840,30,0.5,0.2,rand
DE,ackley,2,727,3.9968028886505635e-15,21870,30,0.5,0.2,rand
DE,ackley,2,728,3.9968028886505635e-15,21900,30,0.5,0.2,rand
DE,ackley,2,729,3.9968028886505635e-15,21930,30,0.5,0.2,rand
DE,ackley,2,730,3.9968028886505635e-15,21960,30,0.5,0.2,rand
DE,ackley,2,731,3.9968028886505635e-15,21990,30,0.5,0.2,rand
DE,ackley,2,732,3.9968028886505635e-15,22020,30,0.5,0.2,rand
DE,ackley,2,733,3.9968028886505635e-15,22050,30,0.5,0.2,rand
DE,ackley,2,734,3.9968028886505635e-15,22080,30,0.5,0.2,rand
DE,ackley,2,735,3.9968028886505635e-15,22110,30,0.5,0.2,rand
DE,ackley,2,736,3.9968028886505635e-15,22140,30,0.5,0.2,rand
DE,ackley,2,737,3.9968028886505635e-15,22170,30,0.5,0.2,rand
DE,ackley,2,738,3.9968028886505635e-15,22200,30,0.5,0.2,rand
DE,ackley,2,739,3.9968028886505635e-15,22230,30,0.5,0.2,rand
DE,ackley,2,740,3.9968028886505635e-15,22260,30,0.5,0.2,rand
DE,ackley,2,741,3.9968028886505635e-15,22290,30,0.5,0.2,rand
DE,ackley,2,742,3.9968028886505635e-15,22320,30,0.5,0.2,rand
DE,ackley,2,743,3.9968028886505635e-15,22350,30,0.5,0.2,rand
DE,ackley,2,744,3.9968028886505635e-15,22380,30,0.5,0.2,rand
DE,ackley,2,745,3.9968028886505635e-15,22410,30,0.5,0.2,rand
DE,ackley,2,746,3.9968028886505635e-15,22440,30,0.5,0.2,rand
DE,ackley,2,747,3.9968028886505635e-15,22470,30,0.5,0.2,rand
DE,ackley,2,748,3.9968028886505635e-15,22500,30,0.5,0.2,rand
DE,ackley,2,749,3.9968028886505635e-15,22530,30,0.5,0.2,rand
DE,ackley,2,750,3.9968028886505635e-15,22560,30,0.5,0.2,rand
DE,ackley,2,751,3.9968028886505635e-15,22590,30,0.5,0.2,rand
DE,ackley,2,752,3.9968028886505635e-15,22620,30,0.5,0.2,rand
DE,ackley,2,753,3.9968028886505635e-15,22650,30,0.5,0.2,rand
DE,ackley,2,754,3.9968028886505635e-15,22680,30,0.5,0.2,rand
DE,ackley,2,755,3.9968028886505635e-15,22710,30,0.5,0.2,rand
DE,ackley,2,756,3.9968028886505635e-15,22740,30,0.5,0.2,rand
DE,ackley,2,757,3.9968028886505635e-15,22770,30,0.5,0.2,rand
DE,ackley,2,758,3.9968028886505635e-15,22800,30,0.5,0.2,rand
DE,ackley,2,759,3.9968028886505635e-15,22830,30,0.5,0.2,rand
DE,ackley,2,760,3.9968028886505635e-15,22860,30,0.5,0.2,rand
DE,ackley,2,761,3.9968028886505635e-15,22890,30,0.5,0.2,rand
DE,ackley,2,762,3.9968028886505635e-15,22920,30,0.5,0.2,rand
DE,ackley,2,763,3.9968028886505635e-15,22950,30,0.5,0.2,rand
DE,ackley,2,764,3.9968028886505635e-15,22980,30,0.5,0.2,rand
DE,ackley,2,765,3.9968028886505635e-15,23010,30,0.5,0.2,rand
DE,ackley,2,766,3.9968028886505635e-15,23040,30,0.5,0.2,rand
DE,ackley,2,767,3.9968028886505635e-15,23070,30,0.5,0.2,rand
DE,ackley,2,768,3.9968028886505635e-15,23100,30,0.5,0.2,rand
DE,ackley,2,769,3.9968028886505635e-15,23130,30,0.5,0.2,rand
DE,ackley,2,770,3.9968028886505635e-15,23160,30,0.5,0.2,rand
DE,ackley,2,771,3.9968028886505635e-15,23190,30,0.5,0.2,rand
DE,ackley,2,772,3.9968028886505635e-15,23220,30,0.5,0.2,rand
DE,ackley,2,773,3.9968028886505635e-15,23250,30,0.5,0.2,rand
DE,ackley,2,774,3.9968028886505635e-15,23280,30,0.5,0.2,rand
DE,ackley,2,775,3.9968028886505635e-15,23310,30,0.5,0.2,rand
DE,ackley,2,776,3.9968028886505635e-15,23340,30,0.5,0.2,rand
DE,ackley,2,777,3.9968028886505635e-15,23370,30,0.5,0.2,rand
DE,ackley,2,778,3.9968028886505635e-15,23400,30,0.5,0.2,rand
DE,ackley,2,779,3.9968028886505635e-15,23430,30,0.5,0.2,rand
DE,ackley,2,780,3.9968028886505635e-15,23460,30,0.5,0.2,rand
DE,ackley,2,781,3.9968028886505635e-15,23490,30,0.5,0.2,rand
DE,ackley,2,782,3.9968028886505635e-15,23520,30,0.5,0.2,rand
DE,ackley,2,783,3.9968028886505635e-15,23550,30,0.5,0.2,rand
DE,ackley,2,784,3.9968028886505635e-15,23580,30,0.5,0.2,rand
DE,ackley,2,785,3.9968028886505635e-15,23610,30,0.5,0.2,rand
DE,ackley,2,786,3.9968028886505635e-15,23640,30,0.5,0.2,rand
DE,ackley,2,787,3.9968028886505635e-15,23670,30,0.5,0.2,rand
DE,ackley,2,788,3.9968028886505635e-15,23700,30,0.5,0.2,rand
DE,ackley,2,789,3.9968028886505635e-15,23730,30,0.5,0.2,rand
DE,ackley,2,790,3.9968028886505635e-15,23760,30,0.5,0.2,rand
DE,ackley,2,791,3.9968028886505635e-15,23790,30,0.5,0.2,rand
DE,ackley,2,792,3.9968028886505635e-15,23820,30,0.5,0.2,rand
DE,ackley,2,793,3.9968028886505635e-15,23850,30,0.5,0.2,rand
DE,ackley,2,794,3.9968028886505635e-15,23880,30,0.5,0.2,rand
DE,ackley,2,795,3.9968028886505635e-15,23910,30,0.5,0.2,rand
DE,ackley,2,796,3.9968028886505635e-15,23940,30,0.5,0.2,rand
DE,ackley,2,797,3.9968028886505635e-15,23970,30,0.5,0.2,rand
DE,ackley,2,798,3.9968028886505635e-15,24000,30,0.5,0.2,rand
DE,ackley,2,799,3.9968028886505635e-15,24030,30,0.5,0.2,rand
DE,ackley,2,800,3.9968028886505635e-15,24060,30,0.5,0.2,rand
DE,ackley,2,801,3.9968028886505635e-15,24090,30,0.5,0.2,rand
DE,ackley,2,802,3.9968028886505635e-15,24120,30,0.5,0.2,rand
DE,ackley,2,803,3.9968028886505635e-15,24150,30,0.5,0.2,rand
DE,ackley,2,804,3.9968028886505635e-15,24180,30,0.5,0.2,rand
DE,ackley,2,805,3.9968028886505635e-15,24210,30,0.5,0.2,rand
DE,ackley,2,806,3.9968028886505635e-15,24240,30,0.5,0.2,rand
DE,ackley,2,807,3.9968028886505635e-15,24270,30,0.5,0.2,rand
DE,ackley,2,808,3.9968028886505635e-15,24300,30,0.5,0.2,rand
DE,ackley,2,809,3.9968028886505635e-15,24330,30,0.5,0.2,rand
DE,ackley,2,810,3.9968028886505635e-15,24360,30,0.5,0.2,rand
DE,ackley,2,811,3.9968028886505635e-15,24390,30,0.5,0.2,rand
DE,ackley,2,812,3.9968028886505635e-15,24420,30,0.5,0.2,rand
DE,ackley,2,813,3.9968028886505635e-15,24450,30,0.5,0.2,rand
DE,ackley,2,814,3.9968028886505635e-15,24480,30,0.5,0.2,rand
DE,ackley,2,815,3.9968028886505635e-15,24510,30,0.5,0.2,rand
DE,ackley,2,816,3.9968028886505635e-15,24540,30,0.5,0.2,rand
DE,ackley,2,817,3.9968028886505635e-15,24570,30,0.5,0.2,rand
DE,ackley,2,818,3.9968028886505635e-15,24600,30,0.5,0.2,rand
DE,ackley,2,819,3.9968028886505635e-15,24630,30,0.5,0.2,rand
DE,ackley,2,820,3.9968028886505635e-15,24660,30,0.5,0.2,rand
DE,ackley,2,821,3.9968028886505635e-15,24690,30,0.5,0.2,rand
DE,ackley,2,822,3.9968028886505635e-15,24720,30,0.5,0.2,rand
DE,ackley,2,823,3.9968028886505635e-15,24750,30,0.5,0.2,rand
DE,ackley,2,824,3.9968028886505635e-15,24780,30,0.5,0.2,rand
DE,ackley,2,825,3.9968028886505635e-15,24810,30,0.5,0.2,rand
DE,ackley,2,826,3.9968028886505635e-15,24840,30,0.5,0.2,rand
DE,ackley,2,827,3.9968028886505635e-15,24870,30,0.5,0.2,rand
DE,ackley,2,828,3.9968028886505635e-15,24900,30,0.5,0.2,rand
DE,ackley,2,829,3.9968028886505635e-15,24930,30,0.5,0.2,rand
DE,ackley,2,830,3.9968028886505635e-15,24960,30,0.5,0.2,rand
DE,ackley,2,831,3.9968028886505635e-15,24990,30,0.5,0.2,rand
DE,ackley,2,832,3.9968028886505635e-15,25020,30,0.5,0.2,rand
DE,ackley,2,833,3.9968028886505635e-15,25050,30,0.5,0.2,rand
DE,ackley,2,834,3.9968028886505635e-15,25080,30,0.5,0.2,rand
DE,ackley,2,835,3.9968028886505635e-15,25110,30,0.5,0.2,rand
DE,ackley,2,836,3.9968028886505635e-15,25140,30,0.5,0.2,rand
DE,ackley,2,837,3.9968028886505635e-15,25170,30,0.5,0.2,rand
DE,ackley,2,838,3.9968028886505635e-15,25200,30,0.5,0.2,rand
DE,ackley,2,839,3.9968028886505635e-15,25230,30,0.5,0.2,rand
DE,ackley,2,840,3.9968028886505635e-15,25260,30,0.5,0.2,rand
DE,ackley,2,841,3.9968028886505635e-15,25290,30,0.5,0.2,rand
DE,ackley,2,842,3.9968028886505635e-15,25320,30,0.5,0.2,rand
DE,ackley,2,843,3.9968028886505635e-15,25350,30,0.5,0.2,rand
DE,ackley,2,844,3.9968028886505635e-15,25380,30,0.5,0.2,rand
DE,ackley,2,845,3.9968028886505635e-15,25410,30,0.5,0.2,rand
DE,ackley,2,846,3.9968028886505635e-15,25440,30,0.5,0.2,rand
DE,ackley,2,847,3.9968028886505635e-15,25470,30,0.5,0.2,rand
DE,ackley,2,848,3.9968028886505635e-15,25500,30,0.5,0.2,rand
DE,ackley,2,849,3.9968028886505635e-15,25530,30,0.5,0.2,rand
DE,ackley,2,850,3.9968028886505635e-15,25560,30,0.5,0.2,rand
DE,ackley,2,851,3.9968028886505635e-15,25590,30,0.5,0.2,rand
DE,ackley,2,852,3.9968028886505635e-15,25620,30,0.5,0.2,rand
DE,ackley,2,853,3.9968028886505635e-15,25650,30,0.5,0.2,rand
DE,ackley,2,854,3.9968028886505635e-15,25680,30,0.5,0.2,rand
DE,ackley,2,855,3.9968028886505635e-15,25710,30,0.5,0.2,rand
DE,ackley,2,856,3.9968028886505635e-15,25740,30,0.5,0.2,rand
DE,ackley,2,857,3.9968028886505635e-15,25770,30,0.5,0.2,rand
DE,ackley,2,858,3.9968028886505635e-15,25800,30,0.5,0.2,rand
DE,ackley,2,859,3.9968028886505635e-15,25830,30,0.5,0.2,rand
DE,ackley,2,860,3.9968028886505635e-15,25860,30,0.5,0.2,rand
DE,ackley,2,861,3.9968028886505635e-15,25890,30,0.5,0.2,rand
DE,ackley,2,862,3.9968028886505635e-15,25920,30,0.5,0.2,rand
DE,ackley,2,863,3.9968028886505635e-15,25950,30,0.5,0.2,rand
DE,ackley,2,864,3.9968028886505635e-15,25980,30,0.5,0.2,rand
DE,ackley,2,865,3.9968028886505635e-15,26010,30,0.5,0.2,rand
DE,ackley,2,866,3.9968028886505635e-15,26040,30,0.5,0.2,rand
DE,ackley,2,867,3.9968028886505635e-15,26070,30,0.5,0.2,rand
DE,ackley,2,868,3.9968028886505635e-15,26100,30,0.5,0.2,rand
DE,ackley,2,869,3.9968028886505635e-15,26130,30,0.5,0.2,rand
DE,ackley,2,870,3.9968028886505635e-15,26160,30,0.5,0.2,rand
DE,ackley,2,871,3.9968028886505635e-15,26190,30,0.5,0.2,rand
DE,ackley,2,872,3.9968028886505635e-15,26220,30,0.5,0.2,rand
DE,ackley,2,873,3.9968028886505635e-15,26250,30,0.5,0.2,rand
DE,ackley,2,874,3.9968028886505635e-15,26280,30,0.5,0.2,rand
DE,ackley,2,875,3.9968028886505635e-15,26310,30,0.5,0.2,rand
DE,ackley,2,876,3.9968028886505635e-15,26340,30,0.5,0.2,rand
DE,ackley,2,877,3.9968028886505635e-15,26370,30,0.5,0.2,rand
DE,ackley,2,878,3.9968028886505635e-15,26400,30,0.5,0.2,rand
DE,ackley,2,879,3.9968028886505635e-15,26430,30,0.5,0.2,rand
DE,ackley,2,880,3.9968028886505635e-15,26460,30,0.5,0.2,rand
DE,ackley,2,881,3.9968028886505635e-15,26490,30,0.5,0.2,rand
DE,ackley,2,882,3.9968028886505635e-15,26520,30,0.5,0.2,rand
DE,ackley,2,883,3.9968028886505635e-15,26550,30,0.5,0.2,rand
DE,ackley,2,884,3.9968028886505635e-15,26580,30,0.5,0.2,rand
DE,ackley,2,885,3.9968028886505635e-15,26610,30,0.5,0.2,rand
DE,ackley,2,886,3.9968028886505635e-15,26640,30,0.5,0.2,rand
DE,ackley,2,887,3.9968028886505635e-15,26670,30,0.5,0.2,rand
DE,ackley,2,888,3.9968028886505635e-15,26700,30,0.5,0.2,rand
DE,ackley,2,889,3.9968028886505635e-15,26730,30,0.5,0.2,rand
DE,ackley,2,890,3.9968028886505635e-15,26760,30,0.5,0.2,rand
DE,ackley,2,891,3.9968028886505635e-15,26790,30,0.5,0.2,rand
DE,ackley,2,892,3.9968028886505635e-15,26820,30,0.5,0.2,rand
DE,ackley,2,893,3.9968028886505635e-15,26850,30,0.5,0.2,rand
DE,ackley,2,894,3.9968028886505635e-15,26880,30,0.5,0.2,rand
DE,ackley,2,895,3.9968028886505635e-15,26910,30,0.5,0.2,rand
DE,ackley,2,896,3.9968028886505635e-15,26940,30,0.5,0.2,rand
DE,ackley,2,897,3.9968028886505635e-15,26970,30,0.5,0.2,rand
DE,ackley,2,898,3.9968028886505635e-15,27000,30,0.5,0.2,rand
DE,ackley,2,899,3.9968028886505635e-15,27030,30,0.5,0.2,rand
DE,ackley,2,900,3.9968028886505635e-15,27060,30,0.5,0.2,rand
DE,ackley,2,901,3.9968028886505635e-15,27090,30,0.5,0.2,rand
DE,ackley,2,902,3.9968028886505635e-15,27120,30,0.5,0.2,rand
DE,ackley,2,903,3.9968028886505635e-15,27150,30,0.5,0.2,rand
DE,ackley,2,904,3.9968028886505635e-15,27180,30,0.5,0.2,rand
DE,ackley,2,905,3.9968028886505635e-15,27210,30,0.5,0.2,rand
DE,ackley,2,906,3.9968028886505635e-15,27240,30,0.5,0.2,rand
DE,ackley,2,907,3.9968028886505635e-15,27270,30,0.5,0.2,rand
DE,ackley,2,908,3.9968028886505635e-15,27300,30,0.5,0.2,rand
DE,ackley,2,909,3.9968028886505635e-15,27330,30,0.5,0.2,rand
DE,ackley,2,910,3.9968028886505635e-15,27360,30,0.5,0.2,rand
DE,ackley,2,911,3.9968028886505635e-15,27390,30,0.5,0.2,rand
DE,ackley,2,912,3.9968028886505635e-15,27420,30,0.5,0.2,rand
DE,ackley,2,913,3.9968028886505635e-15,27450,30,0.5,0.2,rand
DE,ackley,2,914,3.9968028886505635e-15,27480,30,0.5,0.2,rand
DE,ackley,2,915,3.9968028886505635e-15,27510,30,0.5,0.2,rand
DE,ackley,2,916,3.9968028886505635e-15,27540,30,0.5,0.2,rand
DE,ackley,2,917,3.9968028886505635e-15,27570,30,0.5,0.2,rand
DE,ackley,2,918,3.9968028886505635e-15,27600,30,0.5,0.2,rand
DE,ackley,2,919,3.9968028886505635e-15,27630,30,0.5,0.2,rand
DE,ackley,2,920,3.9968028886505635e-15,27660,30,0.5,0.2,rand
DE,ackley,2,921,3.9968028886505635e-15,27690,30,0.5,0.2,rand
DE,ackley,2,922,3.9968028886505635e-15,27720,30,0.5,0.2,rand
DE,ackley,2,923,3.9968028886505635e-15,27750,30,0.5,0.2,rand
DE,ackley,2,924,3.9968028886505635e-15,27780,30,0.5,0.2,rand
DE,ackley,2,925,3.9968028886505635e-15,27810,30,0.5,0.2,rand
DE,ackley,2,926,3.9968028886505635e-15,27840,30,0.5,0.2,rand
DE,ackley,2,927,3.9968028886505635e-15,27870,30,0.5,0.2,rand
DE,ackley,2,928,3.9968028886505635e-15,27900,30,0.5,0.2,rand
DE,ackley,2,929,3.9968028886505635e-15,27930,30,0.5,0.2,rand
DE,ackley,2,930,3.9968028886505635e-15,27960,30,0.5,0.2,rand
DE,ackley,2,931,3.9968028886505635e-15,27990,30,0.5,0.2,rand
DE,ackley,2,932,3.9968028886505635e-15,28020,30,0.5,0.2,rand
DE,ackley,2,933,3.9968028886505635e-15,28050,30,0.5,0.2,rand
DE,ackley,2,934,3.9968028886505635e-15,28080,30,0.5,0.2,rand
DE,ackley,2,935,3.9968028886505635e-15,28110,30,0.5,0.2,rand
DE,ackley,2,936,3.9968028886505635e-15,28140,30,0.5,0.2,rand
DE,ackley,2,937,3.9968028886505635e-15,28170,30,0.5,0.2,rand
DE,ackley,2,938,3.9968028886505635e-15,28200,30,0.5,0.2,rand
DE,ackley,2,939,3.9968028886505635e-15,28230,30,0.5,0.2,rand
DE,ackley,2,940,3.9968028886505635e-15,28260,30,0.5,0.2,rand
DE,ackley,2,941,3.9968028886505635e-15,28290,30,0.5,0.2,rand
DE,ackley,2,942,3.9968028886505635e-15,28320,30,0.5,0.2,rand
DE,ackley,2,943,3.9968028886505635e-15,28350,30,0.5,0.2,rand
DE,ackley,2,944,3.9968028886505635e-15,28380,30,0.5,0.2,rand
DE,ackley,2,945,3.9968028886505635e-15,28410,30,0.5,0.2,rand
DE,ackley,2,946,3.9968028886505635e-15,28440,30,0.5,0.2,rand
DE,ackley,2,947,3.9968028886505635e-15,28470,30,0.5,0.2,rand
DE,ackley,2,948,3.9968028886505635e-15,28500,30,0.5,0.2,rand
DE,ackley,2,949,3.9968028886505635e-15,28530,30,0.5,0.2,rand
DE,ackley,2,950,3.9968028886505635e-15,28560,30,0.5,0.2,rand
DE,ackley,2,951,3.9968028886505635e-15,28590,30,0.5,0.2,rand
DE,ackley,2,952,3.9968028886505635e-15,28620,30,0.5,0.2,rand
DE,ackley,2,953,3.9968028886505635e-15,28650,30,0.5,0.2,rand
DE,ackley,2,954,3.9968028886505635e-15,28680,30,0.5,0.2,rand
DE,ackley,2,955,3.9968028886505635e-15,28710,30,0.5,0.2,rand
DE,ackley,2,956,3.9968028886505635e-15,28740,30,0.5,0.2,rand
DE,ackley,2,957,3.9968028886505635e-15,28770,30,0.5,0.2,rand
DE,ackley,2,958,3.9968028886505635e-15,28800,30,0.5,0.2,rand
DE,ackley,2,959,3.9968028886505635e-15,28830,30,0.5,0.2,rand
DE,ackley,2,960,3.9968028886505635e-15,28860,30,0.5,0.2,rand
DE,ackley,2,961,3.9968028886505635e-15,28890,30,0.5,0.2,rand
DE,ackley,2,962,3.9968028886505635e-15,28920,30,0.5,0.2,rand
DE,ackley,2,963,3.9968028886505635e-15,28950,30,0.5,0.2,rand
DE,ackley,2,964,3.9968028886505635e-15,28980,30,0.5,0.2,rand
DE,ackley,2,965,3.9968028886505635e-15,29010,30,0.5,0.2,rand
DE,ackley,2,966,3.9968028886505635e-15,29040,30,0.5,0.2,rand
DE,ackley,2,967,3.9968028886505635e-15,29070,30,0.5,0.2,rand
DE,ackley,2,968,3.9968028886505635e-15,29100,30,0.5,0.2,rand
DE,ackley,2,969,3.9968028886505635e-15,29130,30,0.5,0.2,rand
DE,ackley,2,970,3.9968028886505635e-15,29160,30,0.5,0.2,rand
DE,ackley,2,971,3.9968028886505635e-15,29190,30,0.5,0.2,rand
DE,ackley,2,972,3.9968028886505635e-15,29220,30,0.5,0.2,rand
DE,ackley,2,973,3.9968028886505635e-15,29250,30,0.5,0.2,rand
DE,ackley,2,974,3.9968028886505635e-15,29280,30,0.5,0.2,rand
DE,ackley,2,975,3.9968028886505635e-15,29310,30,0.5,0.2,rand
DE,ackley,2,976,3.9968028886505635e-15,29340,30,0.5,0.2,rand
DE,ackley,2,977,3.9968028886505635e-15,29370,30,0.5,0.2,rand
DE,ackley,2,978,3.9968028886505635e-15,29400,30,0.5,0.2,rand
DE,ackley,2,979,3.9968028886505635e-15,29430,30,0.5,0.2,rand
DE,ackley,2,980,3.9968028886505635e-15,29460,30,0.5,0.2,rand
DE,ackley,2,981,3.9968028886505635e-15,29490,30,0.5,0.2,rand
DE,ackley,2,982,3.9968028886505635e-15,29520,30,0.5,0.2,rand
DE,ackley,2,983,3.9968028886505635e-15,29550,30,0.5,0.2,rand
DE,ackley,2,984,3.9968028886505635e-15,29580,30,0.5,0.2,rand
DE,ackley,2,985,3.9968028886505635e-15,29610,30,0.5,0.2,rand
DE,ackley,2,986,3.9968028886505635e-15,29640,30,0.5,0.2,rand
DE,ackley,2,987,3.9968028886505635e-15,29670,30,0.5,0.2,rand
DE,ackley,2,988,3.9968028886505635e-15,29700,30,0.5,0.2,rand
DE,ackley,2,989,3.9968028886505635e-15,29730,30,0.5,0.2,rand
DE,ackley,2,990,3.9968028886505635e-15,29760,30,0.5,0.2,rand
DE,ackley,2,991,3.9968028886505635e-15,29790,30,0.5,0.2,rand
DE,ackley,2,992,3.9968028886505635e-15,29820,30,0.5,0.2,rand
DE,ackley,2,993,3.9968028886505635e-15,29850,30,0.5,0.2,rand
DE,ackley,2,994,3.9968028886505635e-15,29880,30,0.5,0.2,rand
DE,ackley,2,995,3.9968028886505635e-15,29910,30,0.5,0.2,rand
DE,ackley,2,996,3.9968028886505635e-15,29940,30,0.5,0.2,rand
DE,ackley,2,997,3.9968028886505635e-15,29970,30,0.5,0.2,rand
DE,ackley,2,998,3.9968028886505635e-15,30000,30,0.5,0.2,rand
DE,ackley,2,999,3.9968028886505635e-15,30030,30,0.5,0.2,rand
DE,ackley,2,1000,3.9968028886505635e-15,30060,30,0.5,0.2,rand
DE,ackley,2,1001,3.9968028886505635e-15,30090,30,0.5,0.2,rand
DE,ackley,2,1002,3.9968028886505635e-15,30120,30,0.5,0.2,rand
DE,ackley,2,1003,3.9968028886505635e-15,30150,30,0.5,0.2,rand
DE,ackley,2,1004,3.9968028886505635e-15,30180,30,0.5,0.2,rand
DE,ackley,2,1005,3.9968028886505635e-15,30210,30,0.5,0.2,rand
DE,ackley,2,1006,3.9968028886505635e-15,30240,30,0.5,0.2,rand
DE,ackley,2,1007,3.9968028886505635e-15,30270,30,0.5,0.2,rand
DE,ackley,2,1008,3.9968028886505635e-15,30300,30,0.5,0.2,rand
DE,ackley,2,1009,3.9968028886505635e-15,30330,30,0.5,0.2,rand
DE,ackley,2,1010,3.9968028886505635e-15,30360,30,0.5,0.2,rand
DE,ackley,2,1011,3.9968028886505635e-15,30390,30,0.5,0.2,rand
DE,ackley,2,1012,3.9968028886505635e-15,30420,30,0.5,0.2,rand
DE,ackley,2,1013,3.9968028886505635e-15,30450,30,0.5,0.2,rand
DE,ackley,2,1014,3.9968028886505635e-15,30480,30,0.5,0.2,rand
DE,ackley,2,1015,3.9968028886505635e-15,30510,30,0.5,0.2,rand
DE,ackley,2,1016,3.9968028886505635e-15,30540,30,0.5,0.2,rand
DE,ackley,2,1017,3.9968028886505635e-15,30570,30,0.5,0.2,rand
DE,ackley,2,1018,3.9968028886505635e-15,30600,30,0.5,0.2,rand
DE,ackley,2,1019,3.9968028886505635e-15,30630,30,0.5,0.2,rand
DE,ackley,2,1020,3.9968028886505635e-15,30660,30,0.5,0.2,rand
DE,ackley,2,1021,3.9968028886505635e-15,30690,30,0.5,0.2,rand
DE,ackley,2,1022,3.9968028886505635e-15,30720,30,0.5,0.2,rand
DE,ackley,2,1023,3.9968028886505635e-15,30750,30,0.5,0.2,rand
DE,ackley,2,1024,3.9968028886505635e-15,30780,30,0.5,0.2,rand
DE,ackley,2,1025,3.9968028886505635e-15,30810,30,0.5,0.2,rand
DE,ackley,2,1026,3.9968028886505635e-15,30840,30,0.5,0.2,rand
DE,ackley,2,1027,3.9968028886505635e-15,30870,30,0.5,0.2,rand
DE,ackley,2,1028,3.9968028886505635e-15,30900,30,0.5,0.2,rand
DE,ackley,2,1029,3.9968028886505635e-15,30930,30,0.5,0.2,rand
DE,ackley,2,1030,3.9968028886505635e-15,30960,30,0.5,0.2,rand
DE,ackley,2,1031,3.9968028886505635e-15,30990,30,0.5,0.2,rand
DE,ackley,2,1032,3.9968028886505635e-15,31020,30,0.5,0.2,rand
DE,ackley,2,1033,3.9968028886505635e-15,31050,30,0.5,0.2,rand
DE,ackley,2,1034,3.9968028886505635e-15,31080,30,0.5,0.2,rand
DE,ackley,2,1035,3.9968028886505635e-15,31110,30,0.5,0.2,rand
DE,ackley,2,1036,3.9968028886505635e-15,31140,30,0.5,0.2,rand
DE,ackley,2,1037,3.9968028886505635e-15,31170,30,0.5,0.2,rand
DE,ackley,2,1038,3.9968028886505635e-15,31200,30,0.5,0.2,rand
DE,ackley,2,1039,3.9968028886505635e-15,31230,30,0.5,0.2,rand
DE,ackley,2,1040,3.9968028886505635e-15,31260,30,0.5,0.2,rand
DE,ackley,2,1041,3.9968028886505635e-15,31290,30,0.5,0.2,rand
DE,ackley,2,1042,3.9968028886505635e-15,31320,30,0.5,0.2,rand
DE,ackley,2,1043,3.9968028886505635e-15,31350,30,0.5,0.2,rand
DE,ackley,2,1044,3.9968028886505635e-15,31380,30,0.5,0.2,rand
DE,ackley,2,1045,3.9968028886505635e-15,31410,30,0.5,0.2,rand
DE,ackley,2,1046,3.9968028886505635e-15,31440,30,0.5,0.2,rand
DE,ackley,2,1047,3.9968028886505635e-15,31470,30,0.5,0.2,rand
DE,ackley,2,1048,3.9968028886505635e-15,31500,30,0.5,0.2,rand
DE,ackley,2,1049,3.9968028886505635e-15,31530,30,0.5,0.2,rand
DE,ackley,2,1050,3.9968028886505635e-15,31560,30,0.5,0.2,rand
DE,ackley,2,1051,3.9968028886505635e-15,31590,30,0.5,0.2,rand
DE,ackley,2,1052,3.9968028886505635e-15,31620,30,0.5,0.2,rand
DE,ackley,2,1053,3.9968028886505635e-15,31650,30,0.5,0.2,rand
DE,ackley,2,1054,3.9968028886505635e-15,31680,30,0.5,0.2,rand
DE,ackley,2,1055,3.9968028886505635e-15,31710,30,0.5,0.2,rand
DE,ackley,2,1056,3.9968028886505635e-15,31740,30,0.5,0.2,rand
DE,ackley,2,1057,3.9968028886505635e-15,31770,30,0.5,0.2,rand
DE,ackley,2,1058,3.9968028886505635e-15,31800,30,0.5,0.2,rand
DE,ackley,2,1059,3.9968028886505635e-15,31830,30,0.5,0.2,rand
DE,ackley,2,1060,3.9968028886505635e-15,31860,30,0.5,0.2,rand
DE,ackley,2,1061,3.9968028886505635e-15,31890,30,0.5,0.2,rand
DE,ackley,2,1062,3.9968028886505635e-15,31920,30,0.5,0.2,rand
DE,ackley,2,1063,3.9968028886505635e-15,31950,30,0.5,0.2,rand
DE,ackley,2,1064,3.9968028886505635e-15,31980,30,0.5,0.2,rand
DE,ackley,2,1065,3.9968028886505635e-15,32010,30,0.5,0.2,rand
DE,ackley,2,1066,3.9968028886505635e-15,32040,30,0.5,0.2,rand
DE,ackley,2,1067,3.9968028886505635e-15,32070,30,0.5,0.2,rand
DE,ackley,2,1068,3.9968028886505635e-15,32100,30,0.5,0.2,rand
DE,ackley,2,1069,3.9968028886505635e-15,32130,30,0.5,0.2,rand
DE,ackley,2,1070,3.9968028886505635e-15,32160,30,0.5,0.2,rand
DE,ackley,2,1071,3.9968028886505635e-15,32190,30,0.5,0.2,rand
DE,ackley,2,1072,3.9968028886505635e-15,32220,30,0.5,0.2,rand
DE,ackley,2,1073,3.9968028886505635e-15,32250,30,0.5,0.2,rand
DE,ackley,2,1074,3.9968028886505635e-15,32280,30,0.5,0.2,rand
DE,ackley,2,1075,3.9968028886505635e-15,32310,30,0.5,0.2,rand
DE,ackley,2,1076,3.9968028886505635e-15,32340,30,0.5,0.2,rand
DE,ackley,2,1077,3.9968028886505635e-15,32370,30,0.5,0.2,rand
DE,ackley,2,1078,3.9968028886505635e-15,32400,30,0.5,0.2,rand
DE,ackley,2,1079,3.9968028886505635e-15,32430,30,0.5,0.2,rand
DE,ackley,2,1080,3.9968028886505635e-15,32460,30,0.5,0.2,rand
DE,ackley,2,1081,3.9968028886505635e-15,32490,30,0.5,0.2,rand
DE,ackley,2,1082,3.9968028886505635e-15,32520,30,0.5,0.2,rand
DE,ackley,2,1083,3.9968028886505635e-15,32550,30,0.5,0.2,rand
DE,ackley,2,1084,3.9968028886505635e-15,32580,30,0.5,0.2,rand
DE,ackley,2,1085,3.9968028886505635e-15,32610,30,0.5,0.2,rand
DE,ackley,2,1086,3.9968028886505635e-15,32640,30,0.5,0.2,rand
DE,ackley,2,1087,3.9968028886505635e-15,32670,30,0.5,0.2,rand
DE,ackley,2,1088,3.9968028886505635e-15,32700,30,0.5,0.2,rand
DE,ackley,2,1089,3.9968028886505635e-15,32730,30,0.5,0.2,rand
DE,ackley,2,1090,3.9968028886505635e-15,32760,30,0.5,0.2,rand
DE,ackley,2,1091,3.9968028886505635e-15,32790,30,0.5,0.2,rand
DE,ackley,2,1092,3.9968028886505635e-15,32820,30,0.5,0.2,rand
DE,ackley,2,1093,3.9968028886505635e-15,32850,30,0.5,0.2,rand
DE,ackley,2,1094,3.9968028886505635e-15,32880,30,0.5,0.2,rand
DE,ackley,2,1095,3.9968028886505635e-15,32910,30,0.5,0.2,rand
DE,ackley,2,1096,3.9968028886505635e-15,32940,30,0.5,0.2,rand
DE,ackley,2,1097,3.9968028886505635e-15,32970,30,0.5,0.2,rand
DE,ackley,2,1098,3.9968028886505635e-15,33000,30,0.5,0.2,rand
DE,ackley,2,1099,3.9968028886505635e-15,33030,30,0.5,0.2,rand
DE,ackley,2,1100,3.9968028886505635e-15,33060,30,0.5,0.2,rand
DE,ackley,2,1101,3.9968028886505635e-15,33090,30,0.5,0.2,rand
DE,ackley,2,1102,3.9968028886505635e-15,33120,30,0.5,0.2,rand
DE,ackley,2,1103,3.9968028886505635e-15,33150,30,0.5,0.2,rand
DE,ackley,2,1104,3.9968028886505635e-15,33180,30,0.5,0.2,rand
DE,ackley,2,1105,3.9968028886505635e-15,33210,30,0.5,0.2,rand
DE,ackley,2,1106,3.9968028886505635e-15,33240,30,0.5,0.2,rand
DE,ackley,2,1107,3.9968028886505635e-15,33270,30,0.5,0.2,rand
DE,ackley,2,1108,3.9968028886505635e-15,33300,30,0.5,0.2,rand
DE,ackley,2,1109,3.9968028886505635e-15,33330,30,0.5,0.2,rand
DE,ackley,2,1110,3.9968028886505635e-15,33360,30,0.5,0.2,rand
DE,ackley,2,1111,3.9968028886505635e-15,33390,30,0.5,0.2,rand
DE,ackley,2,1112,3.9968028886505635e-15,33420,30,0.5,0.2,rand
DE,ackley,2,1113,3.9968028886505635e-15,33450,30,0.5,0.2,rand
DE,ackley,2,1114,3.9968028886505635e-15,33480,30,0.5,0.2,rand
DE,ackley,2,1115,3.9968028886505635e-15,33510,30,0.5,0.2,rand
DE,ackley,2,1116,3.9968028886505635e-15,33540,30,0.5,0.2,rand
DE,ackley,2,1117,3.9968028886505635e-15,33570,30,0.5,0.2,rand
DE,ackley,2,1118,3.9968028886505635e-15,33600,30,0.5,0.2,rand
DE,ackley,2,1119,3.9968028886505635e-15,33630,30,0.5,0.2,rand
DE,ackley,2,1120,3.9968028886505635e-15,33660,30,0.5,0.2,rand
DE,ackley,2,1121,3.9968028886505635e-15,33690,30,0.5,0.2,rand
DE,ackley,2,1122,3.9968028886505635e-15,33720,30,0.5,0.2,rand
DE,ackley,2,1123,3.9968028886505635e-15,33750,30,0.5,0.2,rand
DE,ackley,2,1124,3.9968028886505635e-15,33780,30,0.5,0.2,rand
DE,ackley,2,1125,3.9968028886505635e-15,33810,30,0.5,0.2,rand
DE,ackley,2,1126,3.9968028886505635e-15,33840,30,0.5,0.2,rand
DE,ackley,2,1127,3.9968028886505635e-15,33870,30,0.5,0.2,rand
DE,ackley,2,1128,3.9968028886505635e-15,33900,30,0.5,0.2,rand
DE,ackley,2,1129,3.9968028886505635e-15,33930,30,0.5,0.2,rand
DE,ackley,2,1130,3.9968028886505635e-15,33960,30,0.5,0.2,rand
DE,ackley,2,1131,3.9968028886505635e-15,33990,30,0.5,0.2,rand
DE,ackley,2,1132,3.9968028886505635e-15,34020,30,0.5,0.2,rand
DE,ackley,2,1133,3.9968028886505635e-15,34050,30,0.5,0.2,rand
DE,ackley,2,1134,3.9968028886505635e-15,34080,30,0.5,0.2,rand
DE,ackley,2,1135,3.9968028886505635e-15,34110,30,0.5,0.2,rand
DE,ackley,2,1136,3.9968028886505635e-15,34140,30,0.5,0.2,rand
DE,ackley,2,1137,3.9968028886505635e-15,34170,30,0.5,0.2,rand
DE,ackley,2,1138,3.9968028886505635e-15,34200,30,0.5,0.2,rand
DE,ackley,2,1139,3.9968028886505635e-15,34230,30,0.5,0.2,rand
DE,ackley,2,1140,3.9968028886505635e-15,34260,30,0.5,0.2,rand
DE,ackley,2,1141,3.9968028886505635e-15,34290,30,0.5,0.2,rand
DE,ackley,2,1142,3.9968028886505635e-15,34320,30,0.5,0.2,rand
DE,ackley,2,1143,3.9968028886505635e-15,34350,30,0.5,0.2,rand
DE,ackley,2,1144,3.9968028886505635e-15,34380,30,0.5,0.2,rand
DE,ackley,2,1145,3.9968028886505635e-15,34410,30,0.5,0.2,rand
DE,ackley,2,1146,3.9968028886505635e-15,34440,30,0.5,0.2,rand
DE,ackley,2,1147,3.9968028886505635e-15,34470,30,0.5,0.2,rand
DE,ackley,2,1148,3.9968028886505635e-15,34500,30,0.5,0.2,rand
DE,ackley,2,1149,3.9968028886505635e-15,34530,30,0.5,0.2,rand
DE,ackley,2,1150,3.9968028886505635e-15,34560,30,0.5,0.2,rand
DE,ackley,2,1151,3.9968028886505635e-15,34590,30,0.5,0.2,rand
DE,ackley,2,1152,3.9968028886505635e-15,34620,30,0.5,0.2,rand
DE,ackley,2,1153,3.9968028886505635e-15,34650,30,0.5,0.2,rand
DE,ackley,2,1154,3.9968028886505635e-15,34680,30,0.5,0.2,rand
DE,ackley,2,1155,3.9968028886505635e-15,34710,30,0.5,0.2,rand
DE,ackley,2,1156,3.9968028886505635e-15,34740,30,0.5,0.2,rand
DE,ackley,2,1157,3.9968028886505635e-15,34770,30,0.5,0.2,rand
DE,ackley,2,1158,3.9968028886505635e-15,34800,30,0.5,0.2,rand
DE,ackley,2,1159,3.9968028886505635e-15,34830,30,0.5,0.2,rand
DE,ackley,2,1160,3.9968028886505635e-15,34860,30,0.5,0.2,rand
DE,ackley,2,1161,3.9968028886505635e-15,34890,30,0.5,0.2,rand
DE,ackley,2,1162,3.9968028886505635e-15,34920,30,0.5,0.2,rand
DE,ackley,2,1163,3.9968028886505635e-15,34950,30,0.5,0.2,rand
DE,ackley,2,1164,3.9968028886505635e-15,34980,30,0.5,0.2,rand
DE,ackley,2,1165,3.9968028886505635e-15,35010,30,0.5,0.2,rand
DE,ackley,2,1166,3.9968028886505635e-15,35040,30,0.5,0.2,rand
DE,ackley,2,1167,3.9968028886505635e-15,35070,30,0.5,0.2,rand
DE,ackley,2,1168,3.9968028886505635e-15,35100,30,0.5,0.2,rand
DE,ackley,2,1169,3.9968028886505635e-15,35130,30,0.5,0.2,rand
DE,ackley,2,1170,3.9968028886505635e-15,35160,30,0.5,0.2,rand
DE,ackley,2,1171,3.9968028886505635e-15,35190,30,0.5,0.2,rand
DE,ackley,2,1172,3.9968028886505635e-15,35220,30,0.5,0.2,rand
DE,ackley,2,1173,3.9968028886505635e-15,35250,30,0.5,0.2,rand
DE,ackley,2,1174,3.9968028886505635e-15,35280,30,0.5,0.2,rand
DE,ackley,2,1175,3.9968028886505635e-15,35310,30,0.5,0.2,rand
DE,ackley,2,1176,3.9968028886505635e-15,35340,30,0.5,0.2,rand
DE,ackley,2,1177,3.9968028886505635e-15,35370,30,0.5,0.2,rand
DE,ackley,2,1178,3.9968028886505635e-15,35400,30,0.5,0.2,rand
DE,ackley,2,1179,3.9968028886505635e-15,35430,30,0.5,0.2,rand
DE,ackley,2,1180,3.9968028886505635e-15,35460,30,0.5,0.2,rand
DE,ackley,2,1181,3.9968028886505635e-15,35490,30,0.5,0.2,rand
DE,ackley,2,1182,3.9968028886505635e-15,35520,30,0.5,0.2,rand
DE,ackley,2,1183,3.9968028886505635e-15,35550,30,0.5,0.2,rand
DE,ackley,2,1184,3.9968028886505635e-15,35580,30,0.5,0.2,rand
DE,ackley,2,1185,3.9968028886505635e-15,35610,30,0.5,0.2,rand
DE,ackley,2,1186,3.9968028886505635e-15,35640,30,0.5,0.2,rand
DE,ackley,2,1187,3.9968028886505635e-15,35670,30,0.5,0.2,rand
DE,ackley,2,1188,3.9968028886505635e-15,35700,30,0.5,0.2,rand
DE,ackley,2,1189,3.9968028886505635e-15,35730,30,0.5,0.2,rand
DE,ackley,2,1190,3.9968028886505635e-15,35760,30,0.5,0.2,rand
DE,ackley,2,1191,3.9968028886505635e-15,35790,30,0.5,0.2,rand
DE,ackley,2,1192,3.9968028886505635e-15,35820,30,0.5,0.2,rand
DE,ackley,2,1193,3.9968028886505635e-15,35850,30,0.5,0.2,rand
DE,ackley,2,1194,3.9968028886505635e-15,35880,30,0.5,0.2,rand
DE,ackley,2,1195,3.9968028886505635e-15,35910,30,0.5,0.2,rand
DE,ackley,2,1196,3.9968028886505635e-15,35940,30,0.5,0.2,rand
DE,ackley,2,1197,3.9968028886505635e-15,35970,30,0.5,0.2,rand
DE,ackley,2,1198,3.9968028886505635e-15,36000,30,0.5,0.2,rand
DE,ackley,2,1199,3.9968028886505635e-15,36030,30,0.5,0.2,rand
DE,ackley,3,0,19.75939543895596,60,30,0.5,0.2,rand
DE,ackley,3,1,17.215935345913252,90,30,0.5,0.2,rand
DE,ackley,3,2,17.215935345913252,120,30,0.5,0.2,rand
DE,ackley,3,3,17.215935345913252,150,30,0.5,0.2,rand
DE,ackley,3,4,17.215935345913252,180,30,0.5,0.2,rand
DE,ackley,3,5,17.215935345913252,210,30,0.5,0.2,rand
DE,ackley,3,6,17.215935345913252,240,30,0.5,0.2,rand
DE,ackley,3,7,17.215935345913252,270,30,0.5,0.2,rand
DE,ackley,3,8,16.867855654786762,300,30,0.5,0.2,rand
DE,ackley,3,9,16.867855654786762,330,30,0.5,0.2,rand
DE,ackley,3,10,15.980043865174492,360,30,0.5,0.2,rand
DE,ackley,3,11,15.980043865174492,390,30,0.5,0.2,rand
DE,ackley,3,12,15.980043865174492,420,30,0.5,0.2,rand
DE,ackley,3,13,15.980043865174492,450,30,0.5,0.2,rand
DE,ackley,3,14,15.191483074841429,480,30,0.5,0.2,rand
DE,ackley,3,15,13.697138604975894,510,30,0.5,0.2,rand
DE,ackley,3,16,13.504796614447923,540,30,0.5,0.2,rand
DE,ackley,3,17,13.504796614447923,570,30,0.5,0.2,rand
DE,ackley,3,18,13.504796614447923,600,30,0.5,0.2,rand
DE,ackley,3,19,13.504796614447923,630,30,0.5,0.2,rand
DE,ackley,3,20,11.959181856626147,660,30,0.5,0.2,rand
DE,ackley,3,21,11.959181856626147,690,30,0.5,0.2,rand
DE,ackley,3,22,11.959181856626147,720,30,0.5,0.2,rand
DE,ackley,3,23,11.959181856626147,750,30,0.5,0.2,rand
DE,ackley,3,24,11.799353017864185,780,30,0.5,0.2,rand
DE,ackley,3,25,10.8707044914093,810,30,0.5,0.2,rand
DE,ackley,3,26,10.8707044914093,840,30,0.5,0.2,rand
DE,ackley,3,27,10.8707044914093,870,30,0.5,0.2,rand
DE,ackley,3,28,10.8707044914093,900,30,0.5,0.2,rand
DE,ackley,3,29,10.711854906283481,930,30,0.5,0.2,rand
DE,ackley,3,30,9.462392431891487,960,30,0.5,0.2,rand
DE,ackley,3,31,9.462392431891487,990,30,0.5,0.2,rand
DE,ackley,3,32,9.462392431891487,1020,30,0.5,0.2,rand
DE,ackley,3,33,9.462392431891487,1050,30,0.5,0.2,rand
DE,ackley,3,34,9.19460384483361,1080,30,0.5,0.2,rand
DE,ackley,3,35,8.238336858288605,1110,30,0.5,0.2,rand
DE,ackley,3,36,8.238336858288605,1140,30,0.5,0.2,rand
DE,ackley,3,37,8.238336858288605,1170,30,0.5,0.2,rand
DE,ackley,3,38,7.311417489421196,1200,30,0.5,0.2,rand
DE,ackley,3,39,7.308701953876254,1230,30,0.5,0.2,rand
DE,ackley,3,40,7.308701953876254,1260,30,0.5,0.2,rand
DE,ackley,3,41,7.308701953876254,1290,30,0.5,0.2,rand
DE,ackley,3,42,7.308701953876254,1320,30,0.5,0.2,rand
DE,ackley,3,43,7.308701953876254,1350,30,0.5,0.2,rand
DE,ackley,3,44,6.403153653765365,1380,30,0.5,0.2,rand
DE,ackley,3,45,5.882278382758862,1410,30,0.5,0.2,rand
DE,ackley,3,46,5.882278382758862,1440,30,0.5,0.2,rand
DE,ackley,3,47,5.882278382758862,1470,30,0.5,0.2,rand
DE,ackley,3,48,5.882278382758862,1500,30,0.5,0.2,rand
DE,ackley,3,49,5.822492847577248,1530,30,0.5,0.2,rand
DE,ackley,3,50,5.822492847577248,1560,30,0.5,0.2,rand
DE,ackley,3,51,5.822492847577248,1590,30,0.5,0.2,rand
DE,ackley,3,52,4.066972591252483,1620,30,0.5,0.2,rand
DE,ackley,3,53,4.066972591252483,1650,30,0.5,0.2,rand
DE,ackley,3,54,4.066972591252483,1680,30,0.5,0.2,rand
DE,ackley,3,55,4.066972591252483,1710,30,0.5,0.2,rand
DE,ackley,3,56,4.066972591252483,1740,30,0.5,0.2,rand
DE,ackley,3,57,4.066972591252483,1770,30,0.5,0.2,rand
DE,ackley,3,58,3.843520213636293,1800,30,0.5,0.2,rand
DE,ackley,3,59,3.843520213636293,1830,30,0.5,0.2,rand
DE,ackley,3,60,3.843520213636293,1860,30,0.5,0.2,rand
DE,ackley,3,61,3.843520213636293,1890,30,0.5,0.2,rand
DE,ackley,3,62,3.843520213636293,1920,30,0.5,0.2,rand
DE,ackley,3,63,3.47846240198669,1950,30,0.5,0.2,rand
DE,ackley,3,64,3.47846240198669,1980,30,0.5,0.2,rand
DE,ackley,3,65,3.47846240198669,2010,30,0.5,0.2,rand
DE,ackley,3,66,3.47846240198669,2040,30,0.5,0.2,rand
DE,ackley,3,67,3.287419477106749,2070,30,0.5,0.2,rand
DE,ackley,3,68,3.287419477106749,2100,30,0.5,0.2,rand
DE,ackley,3,69,3.287419477106749,2130,30,0.5,0.2,rand
DE,ackley,3,70,2.7296077097349642,2160,30,0.5,0.2,rand
DE,ackley,3,71,2.7296077097349642,2190,30,0.5,0.2,rand
DE,ackley,3,72,2.7296077097349642,2220,30,0.5,0.2,rand
DE,ackley,3,73,2.6012951236676014,2250,30,0.5,0.2,rand
DE,ackley,3,74,2.5385245966021945,2280,30,0.5,0.2,rand
DE,ackley,3,75,2.5385245966021945,2310,30,0.5,0.2,rand
DE,ackley,3,76,2.2813669925888616,2340,30,0.5,0.2,rand
DE,ackley,3,77,2.272638001643728,2370,30,0.5,0.2,rand
DE,ackley,3,78,1.5977176575861098,2400,30,0.5,0.2,rand
DE,ackley,3,79,1.4734141052520262,2430,30,0.5,0.2,rand
DE,ackley,3,80,1.4734141052520262,2460,30,0.5,0.2,rand
DE,ackley,3,81,1.4734141052520262,2490,30,0.5,0.2,rand
DE,ackley,3,82,1.4734141052520262,2520,30,0.5,0.2,rand
DE,ackley,3,83,1.4734141052520262,2550,30,0.5,0.2,rand
DE,ackley,3,84,1.4734141052520262,2580,30,0.5,0.2,rand
DE,ackley,3,85,1.4734141052520262,2610,30,0.5,0.2,rand
DE,ackley,3,86,1.4734141052520262,2640,30,0.5,0.2,rand
DE,ackley,3,87,1.4734141052520262,2670,30,0.5,0.2,rand
DE,ackley,3,88,1.4734141052520262,2700,30,0.5,0.2,rand
DE,ackley,3,89,0.9250433733663042,2730,30,0.5,0.2,rand
DE,ackley,3,90,0.9250433733663042,2760,30,0.5,0.2,rand
DE,ackley,3,91,0.5455332020329426,2790,30,0.5,0.2,rand
DE,ackley,3,92,0.5455332020329426,2820,30,0.5,0.2,rand
DE,ackley,3,93,0.5455332020329426,2850,30,0.5,0.2,rand
DE,ackley,3,94,0.5455332020329426,2880,30,0.5,0.2,rand
DE,ackley,3,95,0.5455332020329426,2910,30,0.5,0.2,rand
DE,ackley,3,96,0.47579535853674715,2940,30,0.5,0.2,rand
DE,ackley,3,97,0.47579535853674715,2970,30,0.5,0.2,rand
DE,ackley,3,98,0.47579535853674715,3000,30,0.5,0.2,rand
DE,ackley,3,99,0.36184223357528866,3030,30,0.5,0.2,rand
DE,ackley,3,100,0.36184223357528866,3060,30,0.5,0.2,rand
DE,ackley,3,101,0.36184223357528866,3090,30,0.5,0.2,rand
DE,ackley,3,102,0.22007771107975715,3120,30,0.5,0.2,rand
DE,ackley,3,103,0.22007771107975715,3150,30,0.5,0.2,rand
DE,ackley,3,104,0.22007771107975715,3180,30,0.5,0.2,rand
DE,ackley,3,105,0.22007771107975715,3210,30,0.5,0.2,rand
DE,ackley,3,106,0.22007771107975715,3240,30,0.5,0.2,rand
DE,ackley,3,107,0.22007771107975715,3270,30,0.5,0.2,rand
DE,ackley,3,108,0.22007771107975715,3300,30,0.5,0.2,rand
DE,ackley,3,109,0.22007771107975715,3330,30,0.5,0.2,rand
DE,ackley,3,110,0.22007771107975715,3360,30,0.5,0.2,rand
DE,ackley,3,111,0.1743770906335098,3390,30,0.5,0.2,rand
DE,ackley,3,112,0.1743770906335098,3420,30,0.5,0.2,rand
DE,ackley,3,113,0.1743770906335098,3450,30,0.5,0.2,rand
DE,ackley,3,114,0.15247560936405735,3480,30,0.5,0.2,rand
DE,ackley,3,115,0.15247560936405735,3510,30,0.5,0.2,rand
DE,ackley,3,116,0.12563666717826694,3540,30,0.5,0.2,rand
DE,ackley,3,117,0.11214555290142103,3570,30,0.5,0.2,rand
DE,ackley,3,118,0.0952897117451248,3600,30,0.5,0.2,rand
DE,ackley,3,119,0.0952897117451248,3630,30,0.5,0.2,rand
DE,ackley,3,120,0.0952897117451248,3660,30,0.5,0.2,rand
DE,ackley,3,121,0.055890435670680194,3690,30,0.5,0.2,rand
DE,ackley,3,122,0.055890435670680194,3720,30,0.5,0.2,rand
DE,ackley,3,123,0.04731795795201821,3750,30,0.5,0.2,rand
DE,ackley,3,124,0.04731795795201821,3780,30,0.5,0.2,rand
DE,ackley,3,125,0.04731795795201821,3810,30,0.5,0.2,rand
DE,ackley,3,126,0.04731795795201821,3840,30,0.5,0.2,rand
DE,ackley,3,127,0.04731795795201821,3870,30,0.5,0.2,rand
DE,ackley,3,128,0.04731795795201821,3900,30,0.5,0.2,rand
DE,ackley,3,129,0.04731795795201821,3930,30,0.5,0.2,rand
DE,ackley,3,130,0.04731795795201821,3960,30,0.5,0.2,rand
DE,ackley,3,131,0.04731795795201821,3990,30,0.5,0.2,rand
DE,ackley,3,132,0.044375725510726216,4020,30,0.5,0.2,rand
DE,ackley,3,133,0.044375725510726216,4050,30,0.5,0.2,rand
DE,ackley,3,134,0.044375725510726216,4080,30,0.5,0.2,rand
DE,ackley,3,135,0.044375725510726216,4110,30,0.5,0.2,rand
DE,ackley,3,136,0.03405573065604317,4140,30,0.5,0.2,rand
DE,ackley,3,137,0.03405573065604317,4170,30,0.5,0.2,rand
DE,ackley,3,138,0.02747757958316699,4200,30,0.5,0.2,rand
DE,ackley,3,139,0.02747757958316699,4230,30,0.5,0.2,rand
DE,ackley,3,140,0.02747757958316699,4260,30,0.5,0.2,rand
DE,ackley,3,141,0.02747757958316699,4290,30,0.5,0.2,rand
DE,ackley,3,142,0.02747757958316699,4320,30,0.5,0.2,rand
DE,ackley,3,143,0.02747757958316699,4350,30,0.5,0.2,rand
DE,ackley,3,144,0.02747757958316699,4380,30,0.5,0.2,rand
DE,ackley,3,145,0.02747757958316699,4410,30,0.5,0.2,rand
DE,ackley,3,146,0.02747757958316699,4440,30,0.5,0.2,rand
DE,ackley,3,147,0.02747757958316699,4470,30,0.5,0.2,rand
DE,ackley,3,148,0.024412042368425535,4500,30,0.5,0.2,rand
DE,ackley,3,149,0.021442742698714046,4530,30,0.5,0.2,rand
DE,ackley,3,150,0.021442742698714046,4560,30,0.5,0.2,rand
DE,ackley,3,151,0.015648212081420088,4590,30,0.5,0.2,rand
DE,ackley,3,152,0.015648212081420088,4620,30,0.5,0.2,rand
DE,ackley,3,153,0.011264307992857159,4650,30,0.5,0.2,rand
DE,ackley,3,154,0.011264307992857159,4680,30,0.5,0.2,rand
DE,ackley,3,155,0.011264307992857159,4710,30,0.5,0.2,rand
DE,ackley,3,156,0.011264307992857159,4740,30,0.5,0.2,rand
DE,ackley,3,157,0.011264307992857159,4770,30,0.5,0.2,rand
DE,ackley,3,158,0.011264307992857159,4800,30,0.5,0.2,rand
DE,ackley,3,159,0.011264307992857159,4830,30,0.5,0.2,rand
DE,ackley,3,160,0.011074605006765825,4860,30,0.5,0.2,rand
DE,ackley,3,161,0.011074605006765825,4890,30,0.5,0.2,rand
DE,ackley,3,162,0.011074605006765825,4920,30,0.5,0.2,rand
DE,ackley,3,163,0.011074605006765825,4950,30,0.5,0.2,rand
DE,ackley,3,164,0.01036144175311593,4980,30,0.5,0.2,rand
DE,ackley,3,165,0.009227718184764644,5010,30,0.5,0.2,rand
DE,ackley,3,166,0.009227718184764644,5040,30,0.5,0.2,rand
DE,ackley,3,167,0.008748581417397094,5070,30,0.5,0.2,rand
DE,ackley,3,168,0.008748581417397094,5100,30,0.5,0.2,rand
DE,ackley,3,169,0.008304323628039345,5130,30,0.5,0.2,rand
DE,ackley,3,170,0.007275197203519657,5160,30,0.5,0.2,rand
DE,ackley,3,171,0.004251396709098021,5190,30,0.5,0.2,rand
DE,ackley,3,172,0.004190464823974782,5220,30,0.5,0.2,rand
DE,ackley,3,173,0.004190464823974782,5250,30,0.5,0.2,rand
DE,ackley,3,174,0.004190464823974782,5280,30,0.5,0.2,rand
DE,ackley,3,175,0.004190464823974782,5310,30,0.5,0.2,rand
DE,ackley,3,176,0.003851205960764492,5340,30,0.5,0.2,rand
DE,ackley,3,177,0.003851205960764492,5370,30,0.5,0.2,rand
DE,ackley,3,178,0.0035015318553850427,5400,30,0.5,0.2,rand
DE,ackley,3,179,0.0033567929499551674,5430,30,0.5,0.2,rand
DE,ackley,3,180,0.0033567929499551674,5460,30,0.5,0.2,rand
DE,ackley,3,181,0.0030215317288022625,5490,30,0.5,0.2,rand
DE,ackley,3,182,0.0029150432092497347,5520,30,0.5,0.2,rand
DE,ackley,3,183,0.002792265802675775,5550,30,0.5,0.2,rand
DE,ackley,3,184,0.0024612586493266697,5580,30,0.5,0.2,rand
DE,ackley,3,185,0.0024612586493266697,5610,30,0.5,0.2,rand
DE,ackley,3,186,0.0024612586493266697,5640,30,0.5,0.2,rand
DE,ackley,3,187,0.001807992729017105,5670,30,0.5,0.2,rand
DE,ackley,3,188,0.001807992729017105,5700,30,0.5,0.2,rand
DE,ackley,3,189,0.001807992729017105,5730,30,0.5,0.2,rand
DE,ackley,3,190,0.0014367600868259167,5760,30,0.5,0.2,rand
DE,ackley,3,191,0.0014367600868259167,5790,30,0.5,0.2,rand
DE,ackley,3,192,0.0014367600868259167,5820,30,0.5,0.2,rand
DE,ackley,3,193,0.0014367600868259167,5850,30,0.5,0.2,rand
DE,ackley,3,194,0.0014367600868259167,5880,30,0.5,0.2,rand
DE,ackley,3,195,0.0014367600868259167,5910,30,0.5,0.2,rand
DE,ackley,3,196,0.0014281348652258608,5940,30,0.5,0.2,rand
DE,ackley,3,197,0.0013297592424845739,5970,30,0.5,0.2,rand
DE,ackley,3,198,0.0013297592424845739,6000,30,0.5,0.2,rand
DE,ackley,3,199,0.0013297592424845739,6030,30,0.5,0.2,rand
DE,ackley,3,200,0.0011319040828543514,6060,30,0.5,0.2,rand
DE,ackley,3,201,0.0009505840866954607,6090,30,0.5,0.2,rand
DE,ackley,3,202,0.00094685282907081,6120,30,0.5,0.2,rand
DE,ackley,3,203,0.00094685282907081,6150,30,0.5,0.2,rand
DE,ackley,3,204,0.0009136328053398479,6180,30,0.5,0.2,rand
DE,ackley,3,205,0.000888343679335879,6210,30,0.5,0.2,rand
DE,ackley,3,206,0.000888343679335879,6240,30,0.5,0.2,rand
DE,ackley,3,207,0.000888343679335879,6270,30,0.5,0.2,rand
DE,ackley,3,208,0.0008389598252880326,6300,30,0.5,0.2,rand
DE,ackley,3,209,0.0008389598252880326,6330,30,0.5,0.2,rand
DE,ackley,3,210,0.0007506761588520483,6360,30,0.5,0.2,rand
DE,ackley,3,211,0.0006092666572006245,6390,30,0.5,0.2,rand
DE,ackley,3,212,0.0006092666572006245,6420,30,0.5,0.2,rand
DE,ackley,3,213,0.0005629883495257282,6450,30,0.5,0.2,rand
DE,ackley,3,214,0.00047743110386422316,6480,30,0.5,0.2,rand
DE,ackley,3,215,0.00047743110386422316,6510,30,0.5,0.2,rand
DE,ackley,3,216,0.00047743110386422316,6540,30,0.5,0.2,rand
DE,ackley,3,217,0.00047743110386422316,6570,30,0.5,0.2,rand
DE,ackley,3,218,0.000376873135274014,6600,30,0.5,0.2,rand
DE,ackley,3,219,0.0003264201148494017,6630,30,0.5,0.2,rand
DE,ackley,3,220,0.0002845249283081053,6660,30,0.5,0.2,rand
DE,ackley,3,221,0.00026382212515274617,6690,30,0.5,0.2,rand
DE,ackley,3,222,0.00026382212515274617,6720,30,0.5,0.2,rand
DE,ackley,3,223,0.00026382212515274617,6750,30,0.5,0.2,rand
DE,ackley,3,224,0.0002444024183430038,6780,30,0.5,0.2,rand
DE,ackley,3,225,0.0002444024183430038,6810,30,0.5,0.2,rand
DE,ackley,3,226,0.0002444024183430038,6840,30,0.5,0.2,rand
DE,ackley,3,227,0.0002444024183430038,6870,30,0.5,0.2,rand
DE,ackley,3,228,0.0002377444390373462,6900,30,0.5,0.2,rand
DE,ackley,3,229,0.00019606773426206203,6930,30,0.5,0.2,rand
DE,ackley,3,230,0.00014690202198552882,6960,30,0.5,0.2,rand
DE,ackley,3,231,0.00014690202198552882,6990,30,0.5,0.2,rand
DE,ackley,3,232,0.00014690202198552882,7020,30,0.5,0.2,rand
DE,ackley,3,233,0.00014690202198552882,7050,30,0.5,0.2,rand
DE,ackley,3,234,0.00014690202198552882,7080,30,0.5,0.2,rand
DE,ackley,3,235,0.00014690202198552882,7110,30,0.5,0.2,rand
DE,ackley,3,236,0.00010562164787630834,7140,30,0.5,0.2,rand
DE,ackley,3,237,0.00010562164787630834,7170,30,0.5,0.2,rand
DE,ackley,3,238,0.00010562164787630834,7200,30,0.5,0.2,rand
DE,ackley,3,239,0.00010014957300841232,7230,30,0.5,0.2,rand
DE,ackley,3,240,9.697782843831604e-05,7260,30,0.5,0.2,rand
DE,ackley,3,241,9.697782843831604e-05,7290,30,0.5,0.2,rand
DE,ackley,3,242,8.832830653959789e-05,7320,30,0.5,0.2,rand
DE,ackley,3,243,8.832830653959789e-05,7350,30,0.5,0.2,rand
DE,ackley,3,244,6.787609468661415e-05,7380,30,0.5,0.2,rand
DE,ackley,3,245,6.787609468661415e-05,7410,30,0.5,0.2,rand
DE,ackley,3,246,6.787609468661415e-05,7440,30,0.5,0.2,rand
DE,ackley,3,247,6.787609468661415e-05,7470,30,0.5,0.2,rand
DE,ackley,3,248,6.787609468661415e-05,7500,30,0.5,0.2,rand
DE,ackley,3,249,6.778991720013394e-05,7530,30,0.5,0.2,rand
DE,ackley,3,250,6.024876824684e-05,7560,30,0.5,0.2,rand
DE,ackley,3,251,5.521695066024179e-05,7590,30,0.5,0.2,rand
DE,ackley,3,252,5.521695066024179e-05,7620,30,0.5,0.2,rand
DE,ackley,3,253,5.521695066024179e-05,7650,30,0.5,0.2,rand
DE,ackley,3,254,5.4708974897454965e-05,7680,30,0.5,0.2,rand
DE,ackley,3,255,5.4708974897454965e-05,7710,30,0.5,0.2,rand
DE,ackley,3,256,4.1845039949084395e-05,7740,30,0.5,0.2,rand
DE,ackley,3,257,3.750536984670205e-05,7770,30,0.5,0.2,rand
DE,ackley,3,258,3.531700813796945e-05,7800,30,0.5,0.2,rand
DE,ackley,3,259,3.531700813796945e-05,7830,30,0.5,0.2,rand
DE,ackley,3,260,3.531700813796945e-05,7860,30,0.5,0.2,rand
DE,ackley,3,261,2.6082048564024518e-05,7890,30,0.5,0.2,rand
DE,ackley,3,262,2.6082048564024518e-05,7920,30,0.5,0.2,rand
DE,ackley,3,263,2.6082048564024518e-05,7950,30,0.5,0.2,rand
DE,ackley,3,264,1.755019100402322e-05,7980,30,0.5,0.2,rand
DE,ackley,3,265,1.755019100402322e-05,8010,30,0.5,0.2,rand
DE,ackley,3,266,1.755019100402322e-05,8040,30,0.5,0.2,rand
DE,ackley,3,267,1.755019100402322e-05,8070,30,0.5,0.2,rand
DE,ackley,3,268,1.755019100402322e-05,8100,30,0.5,0.2,rand
DE,ackley,3,269,1.3336517956208382e-05,8130,30,0.5,0.2,rand
DE,ackley,3,270,1.3336517956208382e-05,8160,30,0.5,0.2,rand
DE,ackley,3,271,1.3336517956208382e-05,8190,30,0.5,0.2,rand
DE,ackley,3,272,1.3336517956208382e-05,8220,30,0.5,0.2,rand
DE,ackley,3,273,1.3336517956208382e-05,8250,30,0.5,0.2,rand
DE,ackley,3,274,1.3336517956208382e-05,8280,30,0.5,0.2,rand
DE,ackley,3,275,1.319332204774426e-05,8310,30,0.5,0.2,rand
DE,ackley,3,276,1.319332204774426e-05,8340,30,0.5,0.2,rand
DE,ackley,3,277,1.319332204774426e-05,8370,30,0.5,0.2,rand
DE,ackley,3,278,1.319332204774426e-05,8400,30,0.5,0.2,rand
DE,ackley,3,279,1.202059281313339e-05,8430,30,0.5,0.2,rand
DE,ackley,3,280,8.169094769971963e-06,8460,30,0.5,0.2,rand
DE,ackley,3,281,8.169094769971963e-06,8490,30,0.5,0.2,rand
DE,ackley,3,282,8.169094769971963e-06,8520,30,0.5,0.2,rand
DE,ackley,3,283,8.169094769971963e-06,8550,30,0.5,0.2,rand
DE,ackley,3,284,8.169094769971963e-06,8580,30,0.5,0.2,rand
DE,ackley,3,285,8.169094769971963e-06,8610,30,0.5,0.2,rand
DE,ackley,3,286,8.169094769971963e-06,8640,30,0.5,0.2,rand
DE,ackley,3,287,8.169094769971963e-06,8670,30,0.5,0.2,rand
DE,ackley,3,288,8.169094769971963e-06,8700,30,0.5,0.2,rand
DE,ackley,3,289,6.0894486506590795e-06,8730,30,0.5,0.2,rand
DE,ackley,3,290,6.0894486506590795e-06,8760,30,0.5,0.2,rand
DE,ackley,3,291,6.0894486506590795e-06,8790,30,0.5,0.2,rand
DE,ackley,3,292,6.0894486506590795e-06,8820,30,0.5,0.2,rand
DE,ackley,3,293,6.0894486506590795e-06,8850,30,0.5,0.2,rand
DE,ackley,3,294,4.647956306502721e-06,8880,30,0.5,0.2,rand
DE,ackley,3,295,4.647956306502721e-06,8910,30,0.5,0.2,rand
DE,ackley,3,296,4.647956306502721e-06,8940,30,0.5,0.2,rand
DE,ackley,3,297,4.647956306502721e-06,8970,30,0.5,0.2,rand
DE,ackley,3,298,4.345363390445556e-06,9000,30,0.5,0.2,rand
DE,ackley,3,299,4.345363390445556e-06,9030,30,0.5,0.2,rand
DE,ackley,3,300,3.900361097652905e-06,9060,30,0.5,0.2,rand
DE,ackley,3,301,3.457399764261737e-06,9090,30,0.5,0.2,rand
DE,ackley,3,302,3.077332771272978e-06,9120,30,0.5,0.2,rand
DE,ackley,3,303,2.6093772409474525e-06,9150,30,0.5,0.2,rand
DE,ackley,3,304,2.3735692384896367e-06,9180,30,0.5,0.2,rand
DE,ackley,3,305,2.3735692384896367e-06,9210,30,0.5,0.2,rand
DE,ackley,3,306,2.3735692384896367e-06,9240,30,0.5,0.2,rand
DE,ackley,3,307,2.3735692384896367e-06,9270,30,0.5,0.2,rand
DE,ackley,3,308,1.7898033388696888e-06,9300,30,0.5,0.2,rand
DE,ackley,3,309,1.631833058457488e-06,9330,30,0.5,0.2,rand
DE,ackley,3,310,1.631833058457488e-06,9360,30,0.5,0.2,rand
DE,ackley,3,311,1.631833058457488e-06,9390,30,0.5,0.2,rand
DE,ackley,3,312,1.631833058457488e-06,9420,30,0.5,0.2,rand
DE,ackley,3,313,1.631833058457488e-06,9450,30,0.5,0.2,rand
DE,ackley,3,314,1.631833058457488e-06,9480,30,0.5,0.2,rand
DE,ackley,3,315,1.4525634601803006e-06,9510,30,0.5,0.2,rand
DE,ackley,3,316,1.4525634601803006e-06,9540,30,0.5,0.2,rand
DE,ackley,3,317,1.4525634601803006e-06,9570,30,0.5,0.2,rand
DE,ackley,3,318,1.4525634601803006e-06,9600,30,0.5,0.2,rand
DE,ackley,3,319,1.4525634601803006e-06,9630,30,0.5,0.2,rand
DE,ackley,3,320,1.3917637571303487e-06,9660,30,0.5,0.2,rand
DE,ackley,3,321,1.3917637571303487e-06,9690,30,0.5,0.2,rand
DE,ackley,3,322,1.0800995444704142e-06,9720,30,0.5,0.2,rand
DE,ackley,3,323,9.101225839636129e-07,9750,30,0.5,0.2,rand
DE,ackley,3,324,9.101225839636129e-07,9780,30,0.5,0.2,rand
DE,ackley,3,325,8.677972052062444e-07,9810,30,0.5,0.2,rand
DE,ackley,3,326,8.677972052062444e-07,9840,30,0.5,0.2,rand
DE,ackley,3,327,8.677972052062444e-07,9870,30,0.5,0.2,rand
DE,ackley,3,328,8.677972052062444e-07,9900,30,0.5,0.2,rand
DE,ackley,3,329,8.677972052062444e-07,9930,30,0.5,0.2,rand
DE,ackley,3,330,8.481256057457642e-07,9960,30,0.5,0.2,rand
DE,ackley,3,331,7.857524946253136e-07,9990,30,0.5,0.2,rand
DE,ackley,3,332,7.321639867718943e-07,10020,30,0.5,0.2,rand
DE,ackley,3,333,6.952640316804093e-07,10050,30,0.5,0.2,rand
DE,ackley,3,334,6.952640316804093e-07,10080,30,0.5,0.2,rand
DE,ackley,3,335,4.474950725530391e-07,10110,30,0.5,0.2,rand
DE,ackley,3,336,4.474950725530391e-07,10140,30,0.5,0.2,rand
DE,ackley,3,337,4.474950725530391e-07,10170,30,0.5,0.2,rand
DE,ackley,3,338,3.188005277543482e-07,10200,30,0.5,0.2,rand
DE,ackley,3,339,3.188005277543482e-07,10230,30,0.5,0.2,rand
DE,ackley,3,340,3.188005277543482e-07,10260,30,0.5,0.2,rand
DE,ackley,3,341,3.188005277543482e-07,10290,30,0.5,0.2,rand
DE,ackley,3,342,3.188005277543482e-07,10320,30,0.5,0.2,rand
DE,ackley,3,343,3.188005277543482e-07,10350,30,0.5,0.2,rand
DE,ackley,3,344,3.188005277543482e-07,10380,30,0.5,0.2,rand
DE,ackley,3,345,3.188005277543482e-07,10410,30,0.5,0.2,rand
DE,ackley,3,346,3.188005277543482e-07,10440,30,0.5,0.2,rand
DE,ackley,3,347,3.188005277543482e-07,10470,30,0.5,0.2,rand
DE,ackley,3,348,3.188005277543482e-07,10500,30,0.5,0.2,rand
DE,ackley,3,349,3.188005277543482e-07,10530,30,0.5,0.2,rand
DE,ackley,3,350,3.188005277543482e-07,10560,30,0.5,0.2,rand
DE,ackley,3,351,2.342893101747734e-07,10590,30,0.5,0.2,rand
DE,ackley,3,352,2.342893101747734e-07,10620,30,0.5,0.2,rand
DE,ackley,3,353,2.3298083151601645e-07,10650,30,0.5,0.2,rand
DE,ackley,3,354,1.285503761216944e-07,10680,30,0.5,0.2,rand
DE,ackley,3,355,1.285503761216944e-07,10710,30,0.5,0.2,rand
DE,ackley,3,356,1.285503761216944e-07,10740,30,0.5,0.2,rand
DE,ackley,3,357,1.285503761216944e-07,10770,30,0.5,0.2,rand
DE,ackley,3,358,1.285503761216944e-07,10800,30,0.5,0.2,rand
DE,ackley,3,359,1.285503761216944e-07,10830,30,0.5,0.2,rand
DE,ackley,3,360,1.285503761216944e-07,10860,30,0.5,0.2,rand
DE,ackley,3,361,1.285503761216944e-07,10890,30,0.5,0.2,rand
DE,ackley,3,362,1.208792004270265e-07,10920,30,0.5,0.2,rand
DE,ackley,3,363,1.208792004270265e-07,10950,30,0.5,0.2,rand
DE,ackley,3,364,1.208792004270265e-07,10980,30,0.5,0.2,rand
DE,ackley,3,365,1.208792004270265e-07,11010,30,0.5,0.2,rand
DE,ackley,3,366,1.0813687056909771e-07,11040,30,0.5,0.2,rand
DE,ackley,3,367,9.528717770379558e-08,11070,30,0.5,0.2,rand
DE,ackley,3,368,9.528717770379558e-08,11100,30,0.5,0.2,rand
DE,ackley,3,369,9.528717770379558e-08,11130,30,0.5,0.2,rand
DE,ackley,3,370,9.528717770379558e-08,11160,30,0.5,0.2,rand
DE,ackley,3,371,9.070103645925087e-08,11190,30,0.5,0.2,rand
DE,ackley,3,372,8.514828708783284e-08,11220,30,0.5,0.2,rand
DE,ackley,3,373,8.514828708783284e-08,11250,30,0.5,0.2,rand
DE,ackley,3,374,8.226728498428315e-08,11280,30,0.5,0.2,rand
DE,ackley,3,375,7.296464277217751e-08,11310,30,0.5,0.2,rand
DE,ackley,3,376,7.296464277217751e-08,11340,30,0.5,0.2,rand
DE,ackley,3,377,7.201017071523097e-08,11370,30,0.5,0.2,rand
DE,ackley,3,378,6.576026168048088e-08,11400,30,0.5,0.2,rand
DE,ackley,3,379,6.547382769284127e-08,11430,30,0.5,0.2,rand
DE,ackley,3,380,5.828637172911044e-08,11460,30,0.5,0.2,rand
DE,ackley,3,381,5.675722336562217e-08,11490,30,0.5,0.2,rand
DE,ackley,3,382,5.0031446097165144e-08,11520,30,0.5,0.2,rand
DE,ackley,3,383,4.925209085016036e-08,11550,30,0.5,0.2,rand
DE,ackley,3,384,4.425174582323166e-08,11580,30,0.5,0.2,rand
DE,ackley,3,385,4.2107594300233586e-08,11610,30,0.5,0.2,rand
DE,ackley,3,386,3.457372388382396e-08,11640,30,0.5,0.2,rand
DE,ackley,3,387,3.457372388382396e-08,11670,30,0.5,0.2,rand
DE,ackley,3,388,3.2744037259391234e-08,11700,30,0.5,0.2,rand
DE,ackley,3,389,3.043771146238328e-08,11730,30,0.5,0.2,rand
DE,ackley,3,390,3.043771146238328e-08,11760,30,0.5,0.2,rand
DE,ackley,3,391,3.014935900935711e-08,11790,30,0.5,0.2,rand
DE,ackley,3,392,2.5054113894640295e-08,11820,30,0.5,0.2,rand
DE,ackley,3,393,2.1283608209188287e-08,11850,30,0.5,0.2,rand
DE,ackley,3,394,2.029790069357773e-08,11880,30,0.5,0.2,rand
DE,ackley,3,395,2.029790069357773e-08,11910,30,0.5,0.2,rand
DE,ackley,3,396,2.029790069357773e-08,11940,30,0.5,0.2,rand
DE,ackley,3,397,2.029790069357773e-08,11970,30,0.5,0.2,rand
DE,ackley,3,398,1.6442833317142913e-08,12000,30,0.5,0.2,rand
DE,ackley,3,399,1.6442833317142913e-08,12030,30,0.5,0.2,rand
DE,ackley,3,400,1.4125259628627873e-08,12060,30,0.5,0.2,rand
DE,ackley,3,401,1.4125259628627873e-08,12090,30,0.5,0.2,rand
DE,ackley,3,402,1.3712867730220069e-08,12120,30,0.5,0.2,rand
DE,ackley,3,403,1.3601294757137339e-08,12150,30,0.5,0.2,rand
DE,ackley,3,404,1.2593993847787033e-08,12180,30,0.5,0.2,rand
DE,ackley,3,405,1.2308529750981734e-08,12210,30,0.5,0.2,rand
DE,ackley,3,406,1.206475319648348e-08,12240,30,0.5,0.2,rand
DE,ackley,3,407,1.206475319648348e-08,12270,30,0.5,0.2,rand
DE,ackley,3,408,7.61318164066438e-09,12300,30,0.5,0.2,rand
DE,ackley,3,409,7.61318164066438e-09,12330,30,0.5,0.2,rand
DE,ackley,3,410,6.7352705634959875e-09,12360,30,0.5,0.2,rand
DE,ackley,3,411,6.7352705634959875e-09,12390,30,0.5,0.2,rand
DE,ackley,3,412,6.7352705634959875e-09,12420,30,0.5,0.2,rand
DE,ackley,3,413,6.333593649543445e-09,12450,30,0.5,0.2,rand
DE,ackley,3,414,6.333593649543445e-09,12480,30,0.5,0.2,rand
DE,ackley,3,415,6.333593649543445e-09,12510,30,0.5,0.2,rand
DE,ackley,3,416,5.258389723650225e-09,12540,30,0.5,0.2,rand
DE,ackley,3,417,4.768506034480424e-09,12570,30,0.5,0.2,rand
DE,ackley,3,418,4.259430586017743e-09,12600,30,0.5,0.2,rand
DE,ackley,3,419,4.259430586017743e-09,12630,30,0.5,0.2,rand
DE,ackley,3,420,4.259430586017743e-09,12660,30,0.5,0.2,rand
DE,ackley,3,421,4.055437319294697e-09,12690,30,0.5,0.2,rand
DE,ackley,3,422,4.055437319294697e-09,12720,30,0.5,0.2,rand
DE,ackley,3,423,4.055437319294697e-09,12750,30,0.5,0.2,rand
DE,ackley,3,424,3.642302903728023e-09,12780,30,0.5,0.2,rand
DE,ackley,3,425,3.642302903728023e-09,12810,30,0.5,0.2,rand
DE,ackley,3,426,3.642302903728023e-09,12840,30,0.5,0.2,rand
DE,ackley,3,427,3.642302903728023e-09,12870,30,0.5,0.2,rand
DE,ackley,3,428,2.9788727040624963e-09,12900,30,0.5,0.2,rand
DE,ackley,3,429,2.9788727040624963e-09,12930,30,0.5,0.2,rand
DE,ackley,3,430,2.59545318570531e-09,12960,30,0.5,0.2,rand
DE,ackley,3,431,2.59545318570531e-09,12990,30,0.5,0.2,rand
DE,ackley,3,432,2.59545318570531e-09,13020,30,0.5,0.2,rand
DE,ackley,3,433,2.5262534286696336e-09,13050,30,0.5,0.2,rand
DE,ackley,3,434,2.2426651646867413e-09,13080,30,0.5,0.2,rand
DE,ackley,3,435,2.197581228102763e-09,13110,30,0.5,0.2,rand
DE,ackley,3,436,2.197581228102763e-09,13140,30,0.5,0.2,rand
DE,ackley,3,437,2.068752724682099e-09,13170,30,0.5,0.2,rand
DE,ackley,3,438,1.971077967510837e-09,13200,30,0.5,0.2,rand
DE,ackley,3,439,1.8617147823363212e-09,13230,30,0.5,0.2,rand
DE,ackley,3,440,1.8617147823363212e-09,13260,30,0.5,0.2,rand
DE,ackley,3,441,1.7068519930774073e-09,13290,30,0.5,0.2,rand
DE,ackley,3,442,1.417494122080143e-09,13320,30,0.5,0.2,rand
DE,ackley,3,443,1.417494122080143e-09,13350,30,0.5,0.2,rand
DE,ackley,3,444,1.2317582509524527e-09,13380,30,0.5,0.2,rand
DE,ackley,3,445,1.2317582509524527e-09,13410,30,0.5,0.2,rand
DE,ackley,3,446,1.0113443416059908e-09,13440,30,0.5,0.2,rand
DE,ackley,3,447,1.0113443416059908e-09,13470,30,0.5,0.2,rand
DE,ackley,3,448,9.18863651833135e-10,13500,30,0.5,0.2,rand
DE,ackley,3,449,9.18863651833135e-10,13530,30,0.5,0.2,rand
DE,ackley,3,450,8.02576227698637e-10,13560,30,0.5,0.2,rand
DE,ackley,3,451,8.02576227698637e-10,13590,30,0.5,0.2,rand
DE,ackley,3,452,7.388440970146348e-10,13620,30,0.5,0.2,rand
DE,ackley,3,453,7.388440970146348e-10,13650,30,0.5,0.2,rand
DE,ackley,3,454,7.388440970146348e-10,13680,30,0.5,0.2,rand
DE,ackley,3,455,7.388440970146348e-10,13710,30,0.5,0.2,rand
DE,ackley,3,456,6.408638064669958e-10,13740,30,0.5,0.2,rand
DE,ackley,3,457,4.5606940446418776e-10,13770,30,0.5,0.2,rand
DE,ackley,3,458,4.5606940446418776e-10,13800,30,0.5,0.2,rand
DE,ackley,3,459,3.9576919519390685e-10,13830,30,0.5,0.2,rand
DE,ackley,3,460,3.9576919519390685e-10,13860,30,0.5,0.2,rand
DE,ackley,3,461,3.9576919519390685e-10,13890,30,0.5,0.2,rand
DE,ackley,3,462,3.9576919519390685e-10,13920,30,0.5,0.2,rand
DE,ackley,3,463,3.9576919519390685e-10,13950,30,0.5,0.2,rand
DE,ackley,3,464,3.009401616793639e-10,13980,30,0.5,0.2,rand
DE,ackley,3,465,3.009401616793639e-10,14010,30,0.5,0.2,rand
DE,ackley,3,466,3.009401616793639e-10,14040,30,0.5,0.2,rand
DE,ackley,3,467,3.009401616793639e-10,14070,30,0.5,0.2,rand
DE,ackley,3,468,2.371156604397129e-10,14100,30,0.5,0.2,rand
DE,ackley,3,469,2.371156604397129e-10,14130,30,0.5,0.2,rand
DE,ackley,3,470,2.2995694237692987e-10,14160,30,0.5,0.2,rand
DE,ackley,3,471,2.2995694237692987e-10,14190,30,0.5,0.2,rand
DE,ackley,3,472,2.2995694237692987e-10,14220,30,0.5,0.2,rand
DE,ackley,3,473,2.2995694237692987e-10,14250,30,0.5,0.2,rand
DE,ackley,3,474,2.2501867036339718e-10,14280,30,0.5,0.2,rand
DE,ackley,3,475,2.0664403521664099e-10,14310,30,0.5,0.2,rand
DE,ackley,3,476,2.0664403521664099e-10,14340,30,0.5,0.2,rand
DE,ackley,3,477,2.0664403521664099e-10,14370,30,0.5,0.2,rand
DE,ackley,3,478,1.7349721659343231e-10,14400,30,0.5,0.2,rand
DE,ackley,3,479,1.7349721659343231e-10,14430,30,0.5,0.2,rand
DE,ackley,3,480,1.6690338000557858e-10,14460,30,0.5,0.2,rand
DE,ackley,3,481,1.6690338000557858e-10,14490,30,0.5,0.2,rand
DE,ackley,3,482,1.6690338000557858e-10,14520,30,0.5,0.2,rand
DE,ackley,3,483,1.5889911608724105e-10,14550,30,0.5,0.2,rand
DE,ackley,3,484,9.644951504128585e-11,14580,30,0.5,0.2,rand
DE,ackley,3,485,9.644951504128585e-11,14610,30,0.5,0.2,rand
DE,ackley,3,486,9.207967721636123e-11,14640,30,0.5,0.2,rand
DE,ackley,3,487,9.207967721636123e-11,14670,30,0.5,0.2,rand
DE,ackley,3,488,9.207967721636123e-11,14700,30,0.5,0.2,rand
DE,ackley,3,489,9.207967721636123e-11,14730,30,0.5,0.2,rand
DE,ackley,3,490,9.207967721636123e-11,14760,30,0.5,0.2,rand
DE,ackley,3,491,9.207967721636123e-11,14790,30,0.5,0.2,rand
DE,ackley,3,492,7.48170414510696e-11,14820,30,0.5,0.2,rand
DE,ackley,3,493,7.48170414510696e-11,14850,30,0.5,0.2,rand
DE,ackley,3,494,7.48170414510696e-11,14880,30,0.5,0.2,rand
DE,ackley,3,495,7.48170414510696e-11,14910,30,0.5,0.2,rand
DE,ackley,3,496,7.48170414510696e-11,14940,30,0.5,0.2,rand
DE,ackley,3,497,6.946310193711724e-11,14970,30,0.5,0.2,rand
DE,ackley,3,498,6.946310193711724e-11,15000,30,0.5,0.2,rand
DE,ackley,3,499,6.49049702872162e-11,15030,30,0.5,0.2,rand
DE,ackley,3,500,5.968958660673707e-11,15060,30,0.5,0.2,rand
DE,ackley,3,501,5.968958660673707e-11,15090,30,0.5,0.2,rand
DE,ackley,3,502,5.968958660673707e-11,15120,30,0.5,0.2,rand
DE,ackley,3,503,5.968958660673707e-11,15150,30,0.5,0.2,rand
DE,ackley,3,504,4.254063767916705e-11,15180,30,0.5,0.2,rand
DE,ackley,3,505,4.254063767916705e-11,15210,30,0.5,0.2,rand
DE,ackley,3,506,4.254063767916705e-11,15240,30,0.5,0.2,rand
DE,ackley,3,507,3.674260895536463e-11,15270,30,0.5,0.2,rand
DE,ackley,3,508,3.674260895536463e-11,15300,30,0.5,0.2,rand
DE,ackley,3,509,2.7892799181472583e-11,15330,30,0.5,0.2,rand
DE,ackley,3,510,2.7892799181472583e-11,15360,30,0.5,0.2,rand
DE,ackley,3,511,2.5302870909627018e-11,15390,30,0.5,0.2,rand
DE,ackley,3,512,2.5302870909627018e-11,15420,30,0.5,0.2,rand
DE,ackley,3,513,2.4517721186612107e-11,15450,30,0.5,0.2,rand
DE,ackley,3,514,2.318545355706192e-11,15480,30,0.5,0.2,rand
DE,ackley,3,515,2.318545355706192e-11,15510,30,0.5,0.2,rand
DE,ackley,3,516,1.9977353105105067e-11,15540,30,0.5,0.2,rand
DE,ackley,3,517,1.9977353105105067e-11,15570,30,0.5,0.2,rand
DE,ackley,3,518,1.9977353105105067e-11,15600,30,0.5,0.2,rand
DE,ackley,3,519,1.9977353105105067e-11,15630,30,0.5,0.2,rand
DE,ackley,3,520,1.9977353105105067e-11,15660,30,0.5,0.2,rand
DE,ackley,3,521,1.9977353105105067e-11,15690,30,0.5,0.2,rand
DE,ackley,3,522,1.495381596328116e-11,15720,30,0.5,0.2,rand
DE,ackley,3,523,1.495381596328116e-11,15750,30,0.5,0.2,rand
DE,ackley,3,524,1.495381596328116e-11,15780,30,0.5,0.2,rand
DE,ackley,3,525,1.3927081710107814e-11,15810,30,0.5,0.2,rand
DE,ackley,3,526,1.3927081710107814e-11,15840,30,0.5,0.2,rand
DE,ackley,3,527,1.3397727371966539e-11,15870,30,0.5,0.2,rand
DE,ackley,3,528,1.276534433714005e-11,15900,30,0.5,0.2,rand
DE,ackley,3,529,1.1045830916600607e-11,15930,30,0.5,0.2,rand
DE,ackley,3,530,1.0129230787470078e-11,15960,30,0.5,0.2,rand
DE,ackley,3,531,1.0129230787470078e-11,15990,30,0.5,0.2,rand
DE,ackley,3,532,1.0054623800215268e-11,16020,30,0.5,0.2,rand
DE,ackley,3,533,8.683276320198274e-12,16050,30,0.5,0.2,rand
DE,ackley,3,534,8.683276320198274e-12,16080,30,0.5,0.2,rand
DE,ackley,3,535,8.384848371179032e-12,16110,30,0.5,0.2,rand
DE,ackley,3,536,8.260503392421015e-12,16140,30,0.5,0.2,rand
DE,ackley,3,537,6.10045347571031e-12,16170,30,0.5,0.2,rand
DE,ackley,3,538,6.10045347571031e-12,16200,30,0.5,0.2,rand
DE,ackley,3,539,6.09690076203151e-12,16230,30,0.5,0.2,rand
DE,ackley,3,540,5.6066262743570405e-12,16260,30,0.5,0.2,rand
DE,ackley,3,541,5.354383603162205e-12,16290,30,0.5,0.2,rand
DE,ackley,3,542,5.354383603162205e-12,16320,30,0.5,0.2,rand
DE,ackley,3,543,5.354383603162205e-12,16350,30,0.5,0.2,rand
DE,ackley,3,544,5.354383603162205e-12,16380,30,0.5,0.2,rand
DE,ackley,3,545,4.515943174965287e-12,16410,30,0.5,0.2,rand
DE,ackley,3,546,4.515943174965287e-12,16440,30,0.5,0.2,rand
DE,ackley,3,547,4.235278794340047e-12,16470,30,0.5,0.2,rand
DE,ackley,3,548,4.235278794340047e-12,16500,30,0.5,0.2,rand
DE,ackley,3,549,3.9119818495692016e-12,16530,30,0.5,0.2,rand
DE,ackley,3,550,3.9119818495692016e-12,16560,30,0.5,0.2,rand
DE,ackley,3,551,3.9119818495692016e-12,16590,30,0.5,0.2,rand
DE,ackley,3,552,2.856825886965453e-12,16620,30,0.5,0.2,rand
DE,ackley,3,553,2.856825886965453e-12,16650,30,0.5,0.2,rand
DE,ackley,3,554,2.856825886965453e-12,16680,30,0.5,0.2,rand
DE,ackley,3,555,2.856825886965453e-12,16710,30,0.5,0.2,rand
DE,ackley,3,556,2.856825886965453e-12,16740,30,0.5,0.2,rand
DE,ackley,3,557,2.856825886965453e-12,16770,30,0.5,0.2,rand
DE,ackley,3,558,2.6685320619890263e-12,16800,30,0.5,0.2,rand
DE,ackley,3,559,2.6685320619890263e-12,16830,30,0.5,0.2,rand
DE,ackley,3,560,2.6685320619890263e-12,16860,30,0.5,0.2,rand
DE,ackley,3,561,1.9473311851925246e-12,16890,30,0.5,0.2,rand
DE,ackley,3,562,1.9473311851925246e-12,16920,30,0.5,0.2,rand
DE,ackley,3,563,1.9473311851925246e-12,16950,30,0.5,0.2,rand
DE,ackley,3,564,1.9473311851925246e-12,16980,30,0.5,0.2,rand
DE,ackley,3,565,1.8762769116165146e-12,17010,30,0.5,0.2,rand
DE,ackley,3,566,1.8762769116165146e-12,17040,30,0.5,0.2,rand
DE,ackley,3,567,1.425082274408851e-12,17070,30,0.5,0.2,rand
DE,ackley,3,568,9.383605004131823e-13,17100,30,0.5,0.2,rand
DE,ackley,3,569,9.383605004131823e-13,17130,30,0.5,0.2,rand
DE,ackley,3,570,9.383605004131823e-13,17160,30,0.5,0.2,rand
DE,ackley,3,571,9.383605004131823e-13,17190,30,0.5,0.2,rand
DE,ackley,3,572,9.383605004131823e-13,17220,30,0.5,0.2,rand
DE,ackley,3,573,9.383605004131823e-13,17250,30,0.5,0.2,rand
DE,ackley,3,574,9.383605004131823e-13,17280,30,0.5,0.2,rand
DE,ackley,3,575,9.383605004131823e-13,17310,30,0.5,0.2,rand
DE,ackley,3,576,9.383605004131823e-13,17340,30,0.5,0.2,rand
DE,ackley,3,577,9.383605004131823e-13,17370,30,0.5,0.2,rand
DE,ackley,3,578,8.388845174067683e-13,17400,30,0.5,0.2,rand
DE,ackley,3,579,8.388845174067683e-13,17430,30,0.5,0.2,rand
DE,ackley,3,580,8.388845174067683e-13,17460,30,0.5,0.2,rand
DE,ackley,3,581,5.262457136723242e-13,17490,30,0.5,0.2,rand
DE,ackley,3,582,5.262457136723242e-13,17520,30,0.5,0.2,rand
DE,ackley,3,583,5.262457136723242e-13,17550,30,0.5,0.2,rand
DE,ackley,3,584,5.262457136723242e-13,17580,30,0.5,0.2,rand
DE,ackley,3,585,5.262457136723242e-13,17610,30,0.5,0.2,rand
DE,ackley,3,586,5.262457136723242e-13,17640,30,0.5,0.2,rand
DE,ackley,3,587,5.262457136723242e-13,17670,30,0.5,0.2,rand
DE,ackley,3,588,5.262457136723242e-13,17700,30,0.5,0.2,rand
DE,ackley,3,589,5.262457136723242e-13,17730,30,0.5,0.2,rand
DE,ackley,3,590,4.587441537751147e-13,17760,30,0.5,0.2,rand
DE,ackley,3,591,4.587441537751147e-13,17790,30,0.5,0.2,rand
DE,ackley,3,592,4.587441537751147e-13,17820,30,0.5,0.2,rand
DE,ackley,3,593,4.587441537751147e-13,17850,30,0.5,0.2,rand
DE,ackley,3,594,4.2321701698710967e-13,17880,30,0.5,0.2,rand
DE,ackley,3,595,4.2321701698710967e-13,17910,30,0.5,0.2,rand
DE,ackley,3,596,3.3439917501709715e-13,17940,30,0.5,0.2,rand
DE,ackley,3,597,3.0597746558669314e-13,17970,30,0.5,0.2,rand
DE,ackley,3,598,3.0597746558669314e-13,18000,30,0.5,0.2,rand
DE,ackley,3,599,3.0597746558669314e-13,18030,30,0.5,0.2,rand
DE,ackley,3,600,2.4558133304708463e-13,18060,30,0.5,0.2,rand
DE,ackley,3,601,2.4558133304708463e-13,18090,30,0.5,0.2,rand
DE,ackley,3,602,2.4558133304708463e-13,18120,30,0.5,0.2,rand
DE,ackley,3,603,2.4558133304708463e-13,18150,30,0.5,0.2,rand
DE,ackley,3,604,2.0650148258027912e-13,18180,30,0.5,0.2,rand
DE,ackley,3,605,1.9584334154387761e-13,18210,30,0.5,0.2,rand
DE,ackley,3,606,1.9584334154387761e-13,18240,30,0.5,0.2,rand
DE,ackley,3,607,1.9584334154387761e-13,18270,30,0.5,0.2,rand
DE,ackley,3,608,1.9584334154387761e-13,18300,30,0.5,0.2,rand
DE,ackley,3,609,1.567634910770721e-13,18330,30,0.5,0.2,rand
DE,ackley,3,610,1.496580637194711e-13,18360,30,0.5,0.2,rand
DE,ackley,3,611,1.461053500406706e-13,18390,30,0.5,0.2,rand
DE,ackley,3,612,1.461053500406706e-13,18420,30,0.5,0.2,rand
DE,ackley,3,613,1.354472090042691e-13,18450,30,0.5,0.2,rand
DE,ackley,3,614,1.354472090042691e-13,18480,30,0.5,0.2,rand
DE,ackley,3,615,1.1057821325266559e-13,18510,30,0.5,0.2,rand
DE,ackley,3,616,1.1057821325266559e-13,18540,30,0.5,0.2,rand
DE,ackley,3,617,1.1057821325266559e-13,18570,30,0.5,0.2,rand
DE,ackley,3,618,1.1057821325266559e-13,18600,30,0.5,0.2,rand
DE,ackley,3,619,1.1057821325266559e-13,18630,30,0.5,0.2,rand
DE,ackley,3,620,9.281464485866309e-14,18660,30,0.5,0.2,rand
DE,ackley,3,621,9.281464485866309e-14,18690,30,0.5,0.2,rand
DE,ackley,3,622,9.281464485866309e-14,18720,30,0.5,0.2,rand
DE,ackley,3,623,9.281464485866309e-14,18750,30,0.5,0.2,rand
DE,ackley,3,624,8.215650382226158e-14,18780,30,0.5,0.2,rand
DE,ackley,3,625,6.794564910705958e-14,18810,30,0.5,0.2,rand
DE,ackley,3,626,6.794564910705958e-14,18840,30,0.5,0.2,rand
DE,ackley,3,627,6.794564910705958e-14,18870,30,0.5,0.2,rand
DE,ackley,3,628,6.794564910705958e-14,18900,30,0.5,0.2,rand
DE,ackley,3,629,3.952393967665557e-14,18930,30,0.5,0.2,rand
DE,ackley,3,630,3.952393967665557e-14,18960,30,0.5,0.2,rand
DE,ackley,3,631,3.952393967665557e-14,18990,30,0.5,0.2,rand
DE,ackley,3,632,3.952393967665557e-14,19020,30,0.5,0.2,rand
DE,ackley,3,633,3.952393967665557e-14,19050,30,0.5,0.2,rand
DE,ackley,3,634,3.952393967665557e-14,19080,30,0.5,0.2,rand
DE,ackley,3,635,3.952393967665557e-14,19110,30,0.5,0.2,rand
DE,ackley,3,636,3.241851231905457e-14,19140,30,0.5,0.2,rand
DE,ackley,3,637,2.531308496145357e-14,19170,30,0.5,0.2,rand
DE,ackley,3,638,2.531308496145357e-14,19200,30,0.5,0.2,rand
DE,ackley,3,639,2.531308496145357e-14,19230,30,0.5,0.2,rand
DE,ackley,3,640,2.531308496145357e-14,19260,30,0.5,0.2,rand
DE,ackley,3,641,2.531308496145357e-14,19290,30,0.5,0.2,rand
DE,ackley,3,642,2.531308496145357e-14,19320,30,0.5,0.2,rand
DE,ackley,3,643,2.531308496145357e-14,19350,30,0.5,0.2,rand
DE,ackley,3,644,2.531308496145357e-14,19380,30,0.5,0.2,rand
DE,ackley,3,645,2.531308496145357e-14,19410,30,0.5,0.2,rand
DE,ackley,3,646,2.531308496145357e-14,19440,30,0.5,0.2,rand
DE,ackley,3,647,2.531308496145357e-14,19470,30,0.5,0.2,rand
DE,ackley,3,648,2.531308496145357e-14,19500,30,0.5,0.2,rand
DE,ackley,3,649,2.531308496145357e-14,19530,30,0.5,0.2,rand
DE,ackley,3,650,2.1760371282653068e-14,19560,30,0.5,0.2,rand
DE,ackley,3,651,2.1760371282653068e-14,19590,30,0.5,0.2,rand
DE,ackley,3,652,2.1760371282653068e-14,19620,30,0.5,0.2,rand
DE,ackley,3,653,1.4654943925052066e-14,19650,30,0.5,0.2,rand
DE,ackley,3,654,1.4654943925052066e-14,19680,30,0.5,0.2,rand
DE,ackley,3,655,1.4654943925052066e-14,19710,30,0.5,0.2,rand
DE,ackley,3,656,1.1102230246251565e-14,19740,30,0.5,0.2,rand
DE,ackley,3,657,1.1102230246251565e-14,19770,30,0.5,0.2,rand
DE,ackley,3,658,7.549516567451064e-15,19800,30,0.5,0.2,rand
DE,ackley,3,659,7.549516567451064e-15,19830,30,0.5,0.2,rand
DE,ackley,3,660,7.549516567451064e-15,19860,30,0.5,0.2,rand
DE,ackley,3,661,7.549516567451064e-15,19890,30,0.5,0.2,rand
DE,ackley,3,662,7.549516567451064e-15,19920,30,0.5,0.2,rand
DE,ackley,3,663,7.549516567451064e-15,19950,30,0.5,0.2,rand
DE,ackley,3,664,7.549516567451064e-15,19980,30,0.5,0.2,rand
DE,ackley,3,665,7.549516567451064e-15,20010,30,0.5,0.2,rand
DE,ackley,3,666,7.549516567451064e-15,20040,30,0.5,0.2,rand
DE,ackley,3,667,7.549516567451064e-15,20070,30,0.5,0.2,rand
DE,ackley,3,668,7.549516567451064e-15,20100,30,0.5,0.2,rand
DE,ackley,3,669,7.549516567451064e-15,20130,30,0.5,0.2,rand
DE,ackley,3,670,7.549516567451064e-15,20160,30,0.5,0.2,rand
DE,ackley,3,671,7.549516567451064e-15,20190,30,0.5,0.2,rand
DE,ackley,3,672,7.549516567451064e-15,20220,30,0.5,0.2,rand
DE,ackley,3,673,3.9968028886505635e-15,20250,30,0.5,0.2,rand
DE,ackley,3,674,3.9968028886505635e-15,20280,30,0.5,0.2,rand
DE,ackley,3,675,3.9968028886505635e-15,20310,30,0.5,0.2,rand
DE,ackley,3,676,3.9968028886505635e-15,20340,30,0.5,0.2,rand
DE,ackley,3,677,3.9968028886505635e-15,20370,30,0.5,0.2,rand
DE,ackley,3,678,3.9968028886505635e-15,20400,30,0.5,0.2,rand
DE,ackley,3,679,3.9968028886505635e-15,20430,30,0.5,0.2,rand
DE,ackley,3,680,3.9968028886505635e-15,20460,30,0.5,0.2,rand
DE,ackley,3,681,3.9968028886505635e-15,20490,30,0.5,0.2,rand
DE,ackley,3,682,3.9968028886505635e-15,20520,30,0.5,0.2,rand
DE,ackley,3,683,3.9968028886505635e-15,20550,30,0.5,0.2,rand
DE,ackley,3,684,3.9968028886505635e-15,20580,30,0.5,0.2,rand
DE,ackley,3,685,3.9968028886505635e-15,20610,30,0.5,0.2,rand
DE,ackley,3,686,3.9968028886505635e-15,20640,30,0.5,0.2,rand
DE,ackley,3,687,3.9968028886505635e-15,20670,30,0.5,0.2,rand
DE,ackley,3,688,3.9968028886505635e-15,20700,30,0.5,0.2,rand
DE,ackley,3,689,3.9968028886505635e-15,20730,30,0.5,0.2,rand
DE,ackley,3,690,3.9968028886505635e-15,20760,30,0.5,0.2,rand
DE,ackley,3,691,3.9968028886505635e-15,20790,30,0.5,0.2,rand
DE,ackley,3,692,3.9968028886505635e-15,20820,30,0.5,0.2,rand
DE,ackley,3,693,3.9968028886505635e-15,20850,30,0.5,0.2,rand
DE,ackley,3,694,3.9968028886505635e-15,20880,30,0.5,0.2,rand
DE,ackley,3,695,3.9968028886505635e-15,20910,30,0.5,0.2,rand
DE,ackley,3,696,3.9968028886505635e-15,20940,30,0.5,0.2,rand
DE,ackley,3,697,3.9968028886505635e-15,20970,30,0.5,0.2,rand
DE,ackley,3,698,3.9968028886505635e-15,21000,30,0.5,0.2,rand
DE,ackley,3,699,3.9968028886505635e-15,21030,30,0.5,0.2,rand
DE,ackley,3,700,3.9968028886505635e-15,21060,30,0.5,0.2,rand
DE,ackley,3,701,3.9968028886505635e-15,21090,30,0.5,0.2,rand
DE,ackley,3,702,3.9968028886505635e-15,21120,30,0.5,0.2,rand
DE,ackley,3,703,3.9968028886505635e-15,21150,30,0.5,0.2,rand
DE,ackley,3,704,3.9968028886505635e-15,21180,30,0.5,0.2,rand
DE,ackley,3,705,3.9968028886505635e-15,21210,30,0.5,0.2,rand
DE,ackley,3,706,3.9968028886505635e-15,21240,30,0.5,0.2,rand
DE,ackley,3,707,3.9968028886505635e-15,21270,30,0.5,0.2,rand
DE,ackley,3,708,3.9968028886505635e-15,21300,30,0.5,0.2,rand
DE,ackley,3,709,3.9968028886505635e-15,21330,30,0.5,0.2,rand
DE,ackley,3,710,3.9968028886505635e-15,21360,30,0.5,0.2,rand
DE,ackley,3,711,3.9968028886505635e-15,21390,30,0.5,0.2,rand
DE,ackley,3,712,3.9968028886505635e-15,21420,30,0.5,0.2,rand
DE,ackley,3,713,3.9968028886505635e-15,21450,30,0.5,0.2,rand
DE,ackley,3,714,3.9968028886505635e-15,21480,30,0.5,0.2,rand
DE,ackley,3,715,3.9968028886505635e-15,21510,30,0.5,0.2,rand
DE,ackley,3,716,3.9968028886505635e-15,21540,30,0.5,0.2,rand
DE,ackley,3,717,3.9968028886505635e-15,21570,30,0.5,0.2,rand
DE,ackley,3,718,3.9968028886505635e-15,21600,30,0.5,0.2,rand
DE,ackley,3,719,3.9968028886505635e-15,21630,30,0.5,0.2,rand
DE,ackley,3,720,3.9968028886505635e-15,21660,30,0.5,0.2,rand
DE,ackley,3,721,3.9968028886505635e-15,21690,30,0.5,0.2,rand
DE,ackley,3,722,3.9968028886505635e-15,21720,30,0.5,0.2,rand
DE,ackley,3,723,3.9968028886505635e-15,21750,30,0.5,0.2,rand
DE,ackley,3,724,3.9968028886505635e-15,21780,30,0.5,0.2,rand
DE,ackley,3,725,3.9968028886505635e-15,21810,30,0.5,0.2,rand
DE,ackley,3,726,3.9968028886505635e-15,21840,30,0.5,0.2,rand
DE,ackley,3,727,3.9968028886505635e-15,21870,30,0.5,0.2,rand
DE,ackley,3,728,3.9968028886505635e-15,21900,30,0.5,0.2,rand
DE,ackley,3,729,3.9968028886505635e-15,21930,30,0.5,0.2,rand
DE,ackley,3,730,3.9968028886505635e-15,21960,30,0.5,0.2,rand
DE,ackley,3,731,3.9968028886505635e-15,21990,30,0.5,0.2,rand
DE,ackley,3,732,3.9968028886505635e-15,22020,30,0.5,0.2,rand
DE,ackley,3,733,3.9968028886505635e-15,22050,30,0.5,0.2,rand
DE,ackley,3,734,3.9968028886505635e-15,22080,30,0.5,0.2,rand
DE,ackley,3,735,3.9968028886505635e-15,22110,30,0.5,0.2,rand
DE,ackley,3,736,3.9968028886505635e-15,22140,30,0.5,0.2,rand
DE,ackley,3,737,3.9968028886505635e-15,22170,30,0.5,0.2,rand
DE,ackley,3,738,3.9968028886505635e-15,22200,30,0.5,0.2,rand
DE,ackley,3,739,3.9968028886505635e-15,22230,30,0.5,0.2,rand
DE,ackley,3,740,3.9968028886505635e-15,22260,30,0.5,0.2,rand
DE,ackley,3,741,3.9968028886505635e-15,22290,30,0.5,0.2,rand
DE,ackley,3,742,3.9968028886505635e-15,22320,30,0.5,0.2,rand
DE,ackley,3,743,3.9968028886505635e-15,22350,30,0.5,0.2,rand
DE,ackley,3,744,3.9968028886505635e-15,22380,30,0.5,0.2,rand
DE,ackley,3,745,3.9968028886505635e-15,22410,30,0.5,0.2,rand
DE,ackley,3,746,3.9968028886505635e-15,22440,30,0.5,0.2,rand
DE,ackley,3,747,3.9968028886505635e-15,22470,30,0.5,0.2,rand
DE,ackley,3,748,3.9968028886505635e-15,22500,30,0.5,0.2,rand
DE,ackley,3,749,3.9968028886505635e-15,22530,30,0.5,0.2,rand
DE,ackley,3,750,3.9968028886505635e-15,22560,30,0.5,0.2,rand
DE,ackley,3,751,3.9968028886505635e-15,22590,30,0.5,0.2,rand
DE,ackley,3,752,3.9968028886505635e-15,22620,30,0.5,0.2,rand
DE,ackley,3,753,3.9968028886505635e-15,22650,30,0.5,0.2,rand
DE,ackley,3,754,3.9968028886505635e-15,22680,30,0.5,0.2,rand
DE,ackley,3,755,3.9968028886505635e-15,22710,30,0.5,0.2,rand
DE,ackley,3,756,3.9968028886505635e-15,22740,30,0.5,0.2,rand
DE,ackley,3,757,3.9968028886505635e-15,22770,30,0.5,0.2,rand
DE,ackley,3,758,3.9968028886505635e-15,22800,30,0.5,0.2,rand
DE,ackley,3,759,3.9968028886505635e-15,22830,30,0.5,0.2,rand
DE,ackley,3,760,3.9968028886505635e-15,22860,30,0.5,0.2,rand
DE,ackley,3,761,3.9968028886505635e-15,22890,30,0.5,0.2,rand
DE,ackley,3,762,3.9968028886505635e-15,22920,30,0.5,0.2,rand
DE,ackley,3,763,3.9968028886505635e-15,22950,30,0.5,0.2,rand
DE,ackley,3,764,3.9968028886505635e-15,22980,30,0.5,0.2,rand
DE,ackley,3,765,3.9968028886505635e-15,23010,30,0.5,0.2,rand
DE,ackley,3,766,3.9968028886505635e-15,23040,30,0.5,0.2,rand
DE,ackley,3,767,3.9968028886505635e-15,23070,30,0.5,0.2,rand
DE,ackley,3,768,3.9968028886505635e-15,23100,30,0.5,0.2,rand
DE,ackley,3,769,3.9968028886505635e-15,23130,30,0.5,0.2,rand
DE,ackley,3,770,3.9968028886505635e-15,23160,30,0.5,0.2,rand
DE,ackley,3,771,3.9968028886505635e-15,23190,30,0.5,0.2,rand
DE,ackley,3,772,3.9968028886505635e-15,23220,30,0.5,0.2,rand
DE,ackley,3,773,3.9968028886505635e-15,23250,30,0.5,0.2,rand
DE,ackley,3,774,3.9968028886505635e-15,23280,30,0.5,0.2,rand
DE,ackley,3,775,3.9968028886505635e-15,23310,30,0.5,0.2,rand
DE,ackley,3,776,3.9968028886505635e-15,23340,30,0.5,0.2,rand
DE,ackley,3,777,3.9968028886505635e-15,23370,30,0.5,0.2,rand
DE,ackley,3,778,3.9968028886505635e-15,23400,30,0.5,0.2,rand
DE,ackley,3,779,3.9968028886505635e-15,23430,30,0.5,0.2,rand
DE,ackley,3,780,3.9968028886505635e-15,23460,30,0.5,0.2,rand
DE,ackley,3,781,3.9968028886505635e-15,23490,30,0.5,0.2,rand
DE,ackley,3,782,3.9968028886505635e-15,23520,30,0.5,0.2,rand
DE,ackley,3,783,3.9968028886505635e-15,23550,30,0.5,0.2,rand
DE,ackley,3,784,3.9968028886505635e-15,23580,30,0.5,0.2,rand
DE,ackley,3,785,3.9968028886505635e-15,23610,30,0.5,0.2,rand
DE,ackley,3,786,3.9968028886505635e-15,23640,30,0.5,0.2,rand
DE,ackley,3,787,3.9968028886505635e-15,23670,30,0.5,0.2,rand
DE,ackley,3,788,3.9968028886505635e-15,23700,30,0.5,0.2,rand
DE,ackley,3,789,3.9968028886505635e-15,23730,30,0.5,0.2,rand
DE,ackley,3,790,3.9968028886505635e-15,23760,30,0.5,0.2,rand
DE,ackley,3,791,3.9968028886505635e-15,23790,30,0.5,0.2,rand
DE,ackley,3,792,3.9968028886505635e-15,23820,30,0.5,0.2,rand
DE,ackley,3,793,3.9968028886505635e-15,23850,30,0.5,0.2,rand
DE,ackley,3,794,3.9968028886505635e-15,23880,30,0.5,0.2,rand
DE,ackley,3,795,3.9968028886505635e-15,23910,30,0.5,0.2,rand
DE,ackley,3,796,3.9968028886505635e-15,23940,30,0.5,0.2,rand
DE,ackley,3,797,3.9968028886505635e-15,23970,30,0.5,0.2,rand
DE,ackley,3,798,3.9968028886505635e-15,24000,30,0.5,0.2,rand
DE,ackley,3,799,3.9968028886505635e-15,24030,30,0.5,0.2,rand
DE,ackley,3,800,3.9968028886505635e-15,24060,30,0.5,0.2,rand
DE,ackley,3,801,3.9968028886505635e-15,24090,30,0.5,0.2,rand
DE,ackley,3,802,3.9968028886505635e-15,24120,30,0.5,0.2,rand
DE,ackley,3,803,3.9968028886505635e-15,24150,30,0.5,0.2,rand
DE,ackley,3,804,3.9968028886505635e-15,24180,30,0.5,0.2,rand
DE,ackley,3,805,3.9968028886505635e-15,24210,30,0.5,0.2,rand
DE,ackley,3,806,3.9968028886505635e-15,24240,30,0.5,0.2,rand
DE,ackley,3,807,3.9968028886505635e-15,24270,30,0.5,0.2,rand
DE,ackley,3,808,3.9968028886505635e-15,24300,30,0.5,0.2,rand
DE,ackley,3,809,3.9968028886505635e-15,24330,30,0.5,0.2,rand
DE,ackley,3,810,3.9968028886505635e-15,24360,30,0.5,0.2,rand
DE,ackley,3,811,3.9968028886505635e-15,24390,30,0.5,0.2,rand
DE,ackley,3,812,3.9968028886505635e-15,24420,30,0.5,0.2,rand
DE,ackley,3,813,3.9968028886505635e-15,24450,30,0.5,0.2,rand
DE,ackley,3,814,3.9968028886505635e-15,24480,30,0.5,0.2,rand
DE,ackley,3,815,3.9968028886505635e-15,24510,30,0.5,0.2,rand
DE,ackley,3,816,3.9968028886505635e-15,24540,30,0.5,0.2,rand
DE,ackley,3,817,3.9968028886505635e-15,24570,30,0.5,0.2,rand
DE,ackley,3,818,3.9968028886505635e-15,24600,30,0.5,0.2,rand
DE,ackley,3,819,3.9968028886505635e-15,24630,30,0.5,0.2,rand
DE,ackley,3,820,3.9968028886505635e-15,24660,30,0.5,0.2,rand
DE,ackley,3,821,3.9968028886505635e-15,24690,30,0.5,0.2,rand
DE,ackley,3,822,3.9968028886505635e-15,24720,30,0.5,0.2,rand
DE,ackley,3,823,3.9968028886505635e-15,24750,30,0.5,0.2,rand
DE,ackley,3,824,3.9968028886505635e-15,24780,30,0.5,0.2,rand
DE,ackley,3,825,3.9968028886505635e-15,24810,30,0.5,0.2,rand
DE,ackley,3,826,3.9968028886505635e-15,24840,30,0.5,0.2,rand
DE,ackley,3,827,3.9968028886505635e-15,24870,30,0.5,0.2,rand
DE,ackley,3,828,3.9968028886505635e-15,24900,30,0.5,0.2,rand
DE,ackley,3,829,3.9968028886505635e-15,24930,30,0.5,0.2,rand
DE,ackley,3,830,3.9968028886505635e-15,24960,30,0.5,0.2,rand
DE,ackley,3,831,3.9968028886505635e-15,24990,30,0.5,0.2,rand
DE,ackley,3,832,3.9968028886505635e-15,25020,30,0.5,0.2,rand
DE,ackley,3,833,3.9968028886505635e-15,25050,30,0.5,0.2,rand
DE,ackley,3,834,3.9968028886505635e-15,25080,30,0.5,0.2,rand
DE,ackley,3,835,3.9968028886505635e-15,25110,30,0.5,0.2,rand
DE,ackley,3,836,3.9968028886505635e-15,25140,30,0.5,0.2,rand
DE,ackley,3,837,3.9968028886505635e-15,25170,30,0.5,0.2,rand
DE,ackley,3,838,3.9968028886505635e-15,25200,30,0.5,0.2,rand
DE,ackley,3,839,3.9968028886505635e-15,25230,30,0.5,0.2,rand
DE,ackley,3,840,3.9968028886505635e-15,25260,30,0.5,0.2,rand
DE,ackley,3,841,3.9968028886505635e-15,25290,30,0.5,0.2,rand
DE,ackley,3,842,3.9968028886505635e-15,25320,30,0.5,0.2,rand
DE,ackley,3,843,3.9968028886505635e-15,25350,30,0.5,0.2,rand
DE,ackley,3,844,3.9968028886505635e-15,25380,30,0.5,0.2,rand
DE,ackley,3,845,3.9968028886505635e-15,25410,30,0.5,0.2,rand
DE,ackley,3,846,3.9968028886505635e-15,25440,30,0.5,0.2,rand
DE,ackley,3,847,3.9968028886505635e-15,25470,30,0.5,0.2,rand
DE,ackley,3,848,3.9968028886505635e-15,25500,30,0.5,0.2,rand
DE,ackley,3,849,3.9968028886505635e-15,25530,30,0.5,0.2,rand
DE,ackley,3,850,3.9968028886505635e-15,25560,30,0.5,0.2,rand
DE,ackley,3,851,3.9968028886505635e-15,25590,30,0.5,0.2,rand
DE,ackley,3,852,3.9968028886505635e-15,25620,30,0.5,0.2,rand
DE,ackley,3,853,3.9968028886505635e-15,25650,30,0.5,0.2,rand
DE,ackley,3,854,3.9968028886505635e-15,25680,30,0.5,0.2,rand
DE,ackley,3,855,3.9968028886505635e-15,25710,30,0.5,0.2,rand
DE,ackley,3,856,3.9968028886505635e-15,25740,30,0.5,0.2,rand
DE,ackley,3,857,3.9968028886505635e-15,25770,30,0.5,0.2,rand
DE,ackley,3,858,3.9968028886505635e-15,25800,30,0.5,0.2,rand
DE,ackley,3,859,3.9968028886505635e-15,25830,30,0.5,0.2,rand
DE,ackley,3,860,3.9968028886505635e-15,25860,30,0.5,0.2,rand
DE,ackley,3,861,3.9968028886505635e-15,25890,30,0.5,0.2,rand
DE,ackley,3,862,3.9968028886505635e-15,25920,30,0.5,0.2,rand
DE,ackley,3,863,3.9968028886505635e-15,25950,30,0.5,0.2,rand
DE,ackley,3,864,3.9968028886505635e-15,25980,30,0.5,0.2,rand
DE,ackley,3,865,3.9968028886505635e-15,26010,30,0.5,0.2,rand
DE,ackley,3,866,3.9968028886505635e-15,26040,30,0.5,0.2,rand
DE,ackley,3,867,3.9968028886505635e-15,26070,30,0.5,0.2,rand
DE,ackley,3,868,3.9968028886505635e-15,26100,30,0.5,0.2,rand
DE,ackley,3,869,3.9968028886505635e-15,26130,30,0.5,0.2,rand
DE,ackley,3,870,3.9968028886505635e-15,26160,30,0.5,0.2,rand
DE,ackley,3,871,3.9968028886505635e-15,26190,30,0.5,0.2,rand
DE,ackley,3,872,3.9968028886505635e-15,26220,30,0.5,0.2,rand
DE,ackley,3,873,3.9968028886505635e-15,26250,30,0.5,0.2,rand
DE,ackley,3,874,3.9968028886505635e-15,26280,30,0.5,0.2,rand
DE,ackley,3,875,3.9968028886505635e-15,26310,30,0.5,0.2,rand
DE,ackley,3,876,3.9968028886505635e-15,26340,30,0.5,0.2,rand
DE,ackley,3,877,3.9968028886505635e-15,26370,30,0.5,0.2,rand
DE,ackley,3,878,3.9968028886505635e-15,26400,30,0.5,0.2,rand
DE,ackley,3,879,3.9968028886505635e-15,26430,30,0.5,0.2,rand
DE,ackley,3,880,3.9968028886505635e-15,26460,30,0.5,0.2,rand
DE,ackley,3,881,3.9968028886505635e-15,26490,30,0.5,0.2,rand
DE,ackley,3,882,3.9968028886505635e-15,26520,30,0.5,0.2,rand
DE,ackley,3,883,3.9968028886505635e-15,26550,30,0.5,0.2,rand
DE,ackley,3,884,3.9968028886505635e-15,26580,30,0.5,0.2,rand
DE,ackley,3,885,3.9968028886505635e-15,26610,30,0.5,0.2,rand
DE,ackley,3,886,3.9968028886505635e-15,26640,30,0.5,0.2,rand
DE,ackley,3,887,3.9968028886505635e-15,26670,30,0.5,0.2,rand
DE,ackley,3,888,3.9968028886505635e-15,26700,30,0.5,0.2,rand
DE,ackley,3,889,3.9968028886505635e-15,26730,30,0.5,0.2,rand
DE,ackley,3,890,3.9968028886505635e-15,26760,30,0.5,0.2,rand
DE,ackley,3,891,3.9968028886505635e-15,26790,30,0.5,0.2,rand
DE,ackley,3,892,3.9968028886505635e-15,26820,30,0.5,0.2,rand
DE,ackley,3,893,3.9968028886505635e-15,26850,30,0.5,0.2,rand
DE,ackley,3,894,3.9968028886505635e-15,26880,30,0.5,0.2,rand
DE,ackley,3,895,3.9968028886505635e-15,26910,30,0.5,0.2,rand
DE,ackley,3,896,3.9968028886505635e-15,26940,30,0.5,0.2,rand
DE,ackley,3,897,3.9968028886505635e-15,26970,30,0.5,0.2,rand
DE,ackley,3,898,3.9968028886505635e-15,27000,30,0.5,0.2,rand
DE,ackley,3,899,3.9968028886505635e-15,27030,30,0.5,0.2,rand
DE,ackley,3,900,3.9968028886505635e-15,27060,30,0.5,0.2,rand
DE,ackley,3,901,3.9968028886505635e-15,27090,30,0.5,0.2,rand
DE,ackley,3,902,3.9968028886505635e-15,27120,30,0.5,0.2,rand
DE,ackley,3,903,3.9968028886505635e-15,27150,30,0.5,0.2,rand
DE,ackley,3,904,3.9968028886505635e-15,27180,30,0.5,0.2,rand
DE,ackley,3,905,3.9968028886505635e-15,27210,30,0.5,0.2,rand
DE,ackley,3,906,3.9968028886505635e-15,27240,30,0.5,0.2,rand
DE,ackley,3,907,3.9968028886505635e-15,27270,30,0.5,0.2,rand
DE,ackley,3,908,3.9968028886505635e-15,27300,30,0.5,0.2,rand
DE,ackley,3,909,3.9968028886505635e-15,27330,30,0.5,0.2,rand
DE,ackley,3,910,3.9968028886505635e-15,27360,30,0.5,0.2,rand
DE,ackley,3,911,3.9968028886505635e-15,27390,30,0.5,0.2,rand
DE,ackley,3,912,3.9968028886505635e-15,27420,30,0.5,0.2,rand
DE,ackley,3,913,3.9968028886505635e-15,27450,30,0.5,0.2,rand
DE,ackley,3,914,3.9968028886505635e-15,27480,30,0.5,0.2,rand
DE,ackley,3,915,3.9968028886505635e-15,27510,30,0.5,0.2,rand
DE,ackley,3,916,3.9968028886505635e-15,27540,30,0.5,0.2,rand
DE,ackley,3,917,3.9968028886505635e-15,27570,30,0.5,0.2,rand
DE,ackley,3,918,3.9968028886505635e-15,27600,30,0.5,0.2,rand
DE,ackley,3,919,3.9968028886505635e-15,27630,30,0.5,0.2,rand
DE,ackley,3,920,3.9968028886505635e-15,27660,30,0.5,0.2,rand
DE,ackley,3,921,3.9968028886505635e-15,27690,30,0.5,0.2,rand
DE,ackley,3,922,3.9968028886505635e-15,27720,30,0.5,0.2,rand
DE,ackley,3,923,3.9968028886505635e-15,27750,30,0.5,0.2,rand
DE,ackley,3,924,3.9968028886505635e-15,27780,30,0.5,0.2,rand
DE,ackley,3,925,3.9968028886505635e-15,27810,30,0.5,0.2,rand
DE,ackley,3,926,3.9968028886505635e-15,27840,30,0.5,0.2,rand
DE,ackley,3,927,3.9968028886505635e-15,27870,30,0.5,0.2,rand
DE,ackley,3,928,3.9968028886505635e-15,27900,30,0.5,0.2,rand
DE,ackley,3,929,3.9968028886505635e-15,27930,30,0.5,0.2,rand
DE,ackley,3,930,3.9968028886505635e-15,27960,30,0.5,0.2,rand
DE,ackley,3,931,3.9968028886505635e-15,27990,30,0.5,0.2,rand
DE,ackley,3,932,3.9968028886505635e-15,28020,30,0.5,0.2,rand
DE,ackley,3,933,3.9968028886505635e-15,28050,30,0.5,0.2,rand
DE,ackley,3,934,3.9968028886505635e-15,28080,30,0.5,0.2,rand
DE,ackley,3,935,3.9968028886505635e-15,28110,30,0.5,0.2,rand
DE,ackley,3,936,3.9968028886505635e-15,28140,30,0.5,0.2,rand
DE,ackley,3,937,3.9968028886505635e-15,28170,30,0.5,0.2,rand
DE,ackley,3,938,3.9968028886505635e-15,28200,30,0.5,0.2,rand
DE,ackley,3,939,3.9968028886505635e-15,28230,30,0.5,0.2,rand
DE,ackley,3,940,3.9968028886505635e-15,28260,30,0.5,0.2,rand
DE,ackley,3,941,3.9968028886505635e-15,28290,30,0.5,0.2,rand
DE,ackley,3,942,3.9968028886505635e-15,28320,30,0.5,0.2,rand
DE,ackley,3,943,3.9968028886505635e-15,28350,30,0.5,0.2,rand
DE,ackley,3,944,3.9968028886505635e-15,28380,30,0.5,0.2,rand
DE,ackley,3,945,3.9968028886505635e-15,28410,30,0.5,0.2,rand
DE,ackley,3,946,3.9968028886505635e-15,28440,30,0.5,0.2,rand
DE,ackley,3,947,3.9968028886505635e-15,28470,30,0.5,0.2,rand
DE,ackley,3,948,3.9968028886505635e-15,28500,30,0.5,0.2,rand
DE,ackley,3,949,3.9968028886505635e-15,28530,30,0.5,0.2,rand
DE,ackley,3,950,3.9968028886505635e-15,28560,30,0.5,0.2,rand
DE,ackley,3,951,3.9968028886505635e-15,28590,30,0.5,0.2,rand
DE,ackley,3,952,3.9968028886505635e-15,28620,30,0.5,0.2,rand
DE,ackley,3,953,3.9968028886505635e-15,28650,30,0.5,0.2,rand
DE,ackley,3,954,3.9968028886505635e-15,28680,30,0.5,0.2,rand
DE,ackley,3,955,3.9968028886505635e-15,28710,30,0.5,0.2,rand
DE,ackley,3,956,3.9968028886505635e-15,28740,30,0.5,0.2,rand
DE,ackley,3,957,3.9968028886505635e-15,28770,30,0.5,0.2,rand
DE,ackley,3,958,3.9968028886505635e-15,28800,30,0.5,0.2,rand
DE,ackley,3,959,3.9968028886505635e-15,28830,30,0.5,0.2,rand
DE,ackley,3,960,3.9968028886505635e-15,28860,30,0.5,0.2,rand
DE,ackley,3,961,3.9968028886505635e-15,28890,30,0.5,0.2,rand
DE,ackley,3,962,3.9968028886505635e-15,28920,30,0.5,0.2,rand
DE,ackley,3,963,3.9968028886505635e-15,28950,30,0.5,0.2,rand
DE,ackley,3,964,3.9968028886505635e-15,28980,30,0.5,0.2,rand
DE,ackley,3,965,3.9968028886505635e-15,29010,30,0.5,0.2,rand
DE,ackley,3,966,3.9968028886505635e-15,29040,30,0.5,0.2,rand
DE,ackley,3,967,3.9968028886505635e-15,29070,30,0.5,0.2,rand
DE,ackley,3,968,3.9968028886505635e-15,29100,30,0.5,0.2,rand
DE,ackley,3,969,3.9968028886505635e-15,29130,30,0.5,0.2,rand
DE,ackley,3,970,3.9968028886505635e-15,29160,30,0.5,0.2,rand
DE,ackley,3,971,3.9968028886505635e-15,29190,30,0.5,0.2,rand
DE,ackley,3,972,3.9968028886505635e-15,29220,30,0.5,0.2,rand
DE,ackley,3,973,3.9968028886505635e-15,29250,30,0.5,0.2,rand
DE,ackley,3,974,3.9968028886505635e-15,29280,30,0.5,0.2,rand
DE,ackley,3,975,3.9968028886505635e-15,29310,30,0.5,0.2,rand
DE,ackley,3,976,3.9968028886505635e-15,29340,30,0.5,0.2,rand
DE,ackley,3,977,3.9968028886505635e-15,29370,30,0.5,0.2,rand
DE,ackley,3,978,3.9968028886505635e-15,29400,30,0.5,0.2,rand
DE,ackley,3,979,3.9968028886505635e-15,29430,30,0.5,0.2,rand
DE,ackley,3,980,3.9968028886505635e-15,29460,30,0.5,0.2,rand
DE,ackley,3,981,3.9968028886505635e-15,29490,30,0.5,0.2,rand
DE,ackley,3,982,3.9968028886505635e-15,29520,30,0.5,0.2,rand
DE,ackley,3,983,3.9968028886505635e-15,29550,30,0.5,0.2,rand
DE,ackley,3,984,3.9968028886505635e-15,29580,30,0.5,0.2,rand
DE,ackley,3,985,3.9968028886505635e-15,29610,30,0.5,0.2,rand
DE,ackley,3,986,3.9968028886505635e-15,29640,30,0.5,0.2,rand
DE,ackley,3,987,3.9968028886505635e-15,29670,30,0.5,0.2,rand
DE,ackley,3,988,3.9968028886505635e-15,29700,30,0.5,0.2,rand
DE,ackley,3,989,3.9968028886505635e-15,29730,30,0.5,0.2,rand
DE,ackley,3,990,3.9968028886505635e-15,29760,30,0.5,0.2,rand
DE,ackley,3,991,3.9968028886505635e-15,29790,30,0.5,0.2,rand
DE,ackley,3,992,3.9968028886505635e-15,29820,30,0.5,0.2,rand
DE,ackley,3,993,3.9968028886505635e-15,29850,30,0.5,0.2,rand
DE,ackley,3,994,3.9968028886505635e-15,29880,30,0.5,0.2,rand
DE,ackley,3,995,3.9968028886505635e-15,29910,30,0.5,0.2,rand
DE,ackley,3,996,3.9968028886505635e-15,29940,30,0.5,0.2,rand
DE,ackley,3,997,3.9968028886505635e-15,29970,30,0.5,0.2,rand
DE,ackley,3,998,3.9968028886505635e-15,30000,30,0.5,0.2,rand
DE,ackley,3,999,3.9968028886505635e-15,30030,30,0.5,0.2,rand
DE,ackley,3,1000,3.9968028886505635e-15,30060,30,0.5,0.2,rand
DE,ackley,3,1001,3.9968028886505635e-15,30090,30,0.5,0.2,rand
DE,ackley,3,1002,3.9968028886505635e-15,30120,30,0.5,0.2,rand
DE,ackley,3,1003,3.9968028886505635e-15,30150,30,0.5,0.2,rand
DE,ackley,3,1004,3.9968028886505635e-15,30180,30,0.5,0.2,rand
DE,ackley,3,1005,3.9968028886505635e-15,30210,30,0.5,0.2,rand
DE,ackley,3,1006,3.9968028886505635e-15,30240,30,0.5,0.2,rand
DE,ackley,3,1007,3.9968028886505635e-15,30270,30,0.5,0.2,rand
DE,ackley,3,1008,3.9968028886505635e-15,30300,30,0.5,0.2,rand
DE,ackley,3,1009,3.9968028886505635e-15,30330,30,0.5,0.2,rand
DE,ackley,3,1010,3.9968028886505635e-15,30360,30,0.5,0.2,rand
DE,ackley,3,1011,3.9968028886505635e-15,30390,30,0.5,0.2,rand
DE,ackley,3,1012,3.9968028886505635e-15,30420,30,0.5,0.2,rand
DE,ackley,3,1013,3.9968028886505635e-15,30450,30,0.5,0.2,rand
DE,ackley,3,1014,3.9968028886505635e-15,30480,30,0.5,0.2,rand
DE,ackley,3,1015,3.9968028886505635e-15,30510,30,0.5,0.2,rand
DE,ackley,3,1016,3.9968028886505635e-15,30540,30,0.5,0.2,rand
DE,ackley,3,1017,3.9968028886505635e-15,30570,30,0.5,0.2,rand
DE,ackley,3,1018,3.9968028886505635e-15,30600,30,0.5,0.2,rand
DE,ackley,3,1019,3.9968028886505635e-15,30630,30,0.5,0.2,rand
DE,ackley,3,1020,3.9968028886505635e-15,30660,30,0.5,0.2,rand
DE,ackley,3,1021,3.9968028886505635e-15,30690,30,0.5,0.2,rand
DE,ackley,3,1022,3.9968028886505635e-15,30720,30,0.5,0.2,rand
DE,ackley,3,1023,3.9968028886505635e-15,30750,30,0.5,0.2,rand
DE,ackley,3,1024,3.9968028886505635e-15,30780,30,0.5,0.2,rand
DE,ackley,3,1025,3.9968028886505635e-15,30810,30,0.5,0.2,rand
DE,ackley,3,1026,3.9968028886505635e-15,30840,30,0.5,0.2,rand
DE,ackley,3,1027,3.9968028886505635e-15,30870,30,0.5,0.2,rand
DE,ackley,3,1028,3.9968028886505635e-15,30900,30,0.5,0.2,rand
DE,ackley,3,1029,3.9968028886505635e-15,30930,30,0.5,0.2,rand
DE,ackley,3,1030,3.9968028886505635e-15,30960,30,0.5,0.2,rand
DE,ackley,3,1031,3.9968028886505635e-15,30990,30,0.5,0.2,rand
DE,ackley,3,1032,3.9968028886505635e-15,31020,30,0.5,0.2,rand
DE,ackley,3,1033,3.9968028886505635e-15,31050,30,0.5,0.2,rand
DE,ackley,3,1034,3.9968028886505635e-15,31080,30,0.5,0.2,rand
DE,ackley,3,1035,3.9968028886505635e-15,31110,30,0.5,0.2,rand
DE,ackley,3,1036,3.9968028886505635e-15,31140,30,0.5,0.2,rand
DE,ackley,3,1037,3.9968028886505635e-15,31170,30,0.5,0.2,rand
DE,ackley,3,1038,3.9968028886505635e-15,31200,30,0.5,0.2,rand
DE,ackley,3,1039,3.9968028886505635e-15,31230,30,0.5,0.2,rand
DE,ackley,3,1040,3.9968028886505635e-15,31260,30,0.5,0.2,rand
DE,ackley,3,1041,3.9968028886505635e-15,31290,30,0.5,0.2,rand
DE,ackley,3,1042,3.9968028886505635e-15,31320,30,0.5,0.2,rand
DE,ackley,3,1043,3.9968028886505635e-15,31350,30,0.5,0.2,rand
DE,ackley,3,1044,3.9968028886505635e-15,31380,30,0.5,0.2,rand
DE,ackley,3,1045,3.9968028886505635e-15,31410,30,0.5,0.2,rand
DE,ackley,3,1046,3.9968028886505635e-15,31440,30,0.5,0.2,rand
DE,ackley,3,1047,3.9968028886505635e-15,31470,30,0.5,0.2,rand
DE,ackley,3,1048,3.9968028886505635e-15,31500,30,0.5,0.2,rand
DE,ackley,3,1049,3.9968028886505635e-15,31530,30,0.5,0.2,rand
DE,ackley,3,1050,3.9968028886505635e-15,31560,30,0.5,0.2,rand
DE,ackley,3,1051,3.9968028886505635e-15,31590,30,0.5,0.2,rand
DE,ackley,3,1052,3.9968028886505635e-15,31620,30,0.5,0.2,rand
DE,ackley,3,1053,3.9968028886505635e-15,31650,30,0.5,0.2,rand
DE,ackley,3,1054,3.9968028886505635e-15,31680,30,0.5,0.2,rand
DE,ackley,3,1055,3.9968028886505635e-15,31710,30,0.5,0.2,rand
DE,ackley,3,1056,3.9968028886505635e-15,31740,30,0.5,0.2,rand
DE,ackley,3,1057,3.9968028886505635e-15,31770,30,0.5,0.2,rand
DE,ackley,3,1058,3.9968028886505635e-15,31800,30,0.5,0.2,rand
DE,ackley,3,1059,3.9968028886505635e-15,31830,30,0.5,0.2,rand
DE,ackley,3,1060,3.9968028886505635e-15,31860,30,0.5,0.2,rand
DE,ackley,3,1061,3.9968028886505635e-15,31890,30,0.5,0.2,rand
DE,ackley,3,1062,3.9968028886505635e-15,31920,30,0.5,0.2,rand
DE,ackley,3,1063,3.9968028886505635e-15,31950,30,0.5,0.2,rand
DE,ackley,3,1064,3.9968028886505635e-15,31980,30,0.5,0.2,rand
DE,ackley,3,1065,3.9968028886505635e-15,32010,30,0.5,0.2,rand
DE,ackley,3,1066,3.9968028886505635e-15,32040,30,0.5,0.2,rand
DE,ackley,3,1067,3.9968028886505635e-15,32070,30,0.5,0.2,rand
DE,ackley,3,1068,3.9968028886505635e-15,32100,30,0.5,0.2,rand
DE,ackley,3,1069,3.9968028886505635e-15,32130,30,0.5,0.2,rand
DE,ackley,3,1070,3.9968028886505635e-15,32160,30,0.5,0.2,rand
DE,ackley,3,1071,3.9968028886505635e-15,32190,30,0.5,0.2,rand
DE,ackley,3,1072,3.9968028886505635e-15,32220,30,0.5,0.2,rand
DE,ackley,3,1073,3.9968028886505635e-15,32250,30,0.5,0.2,rand
DE,ackley,3,1074,3.9968028886505635e-15,32280,30,0.5,0.2,rand
DE,ackley,3,1075,3.9968028886505635e-15,32310,30,0.5,0.2,rand
DE,ackley,3,1076,3.9968028886505635e-15,32340,30,0.5,0.2,rand
DE,ackley,3,1077,3.9968028886505635e-15,32370,30,0.5,0.2,rand
DE,ackley,3,1078,3.9968028886505635e-15,32400,30,0.5,0.2,rand
DE,ackley,3,1079,3.9968028886505635e-15,32430,30,0.5,0.2,rand
DE,ackley,3,1080,3.9968028886505635e-15,32460,30,0.5,0.2,rand
DE,ackley,3,1081,3.9968028886505635e-15,32490,30,0.5,0.2,rand
DE,ackley,3,1082,3.9968028886505635e-15,32520,30,0.5,0.2,rand
DE,ackley,3,1083,3.9968028886505635e-15,32550,30,0.5,0.2,rand
DE,ackley,3,1084,3.9968028886505635e-15,32580,30,0.5,0.2,rand
DE,ackley,3,1085,3.9968028886505635e-15,32610,30,0.5,0.2,rand
DE,ackley,3,1086,3.9968028886505635e-15,32640,30,0.5,0.2,rand
DE,ackley,3,1087,3.9968028886505635e-15,32670,30,0.5,0.2,rand
DE,ackley,3,1088,3.9968028886505635e-15,32700,30,0.5,0.2,rand
DE,ackley,3,1089,3.9968028886505635e-15,32730,30,0.5,0.2,rand
DE,ackley,3,1090,3.9968028886505635e-15,32760,30,0.5,0.2,rand
DE,ackley,3,1091,3.9968028886505635e-15,32790,30,0.5,0.2,rand
DE,ackley,3,1092,3.9968028886505635e-15,32820,30,0.5,0.2,rand
DE,ackley,3,1093,3.9968028886505635e-15,32850,30,0.5,0.2,rand
DE,ackley,3,1094,3.9968028886505635e-15,32880,30,0.5,0.2,rand
DE,ackley,3,1095,3.9968028886505635e-15,32910,30,0.5,0.2,rand
DE,ackley,3,1096,3.9968028886505635e-15,32940,30,0.5,0.2,rand
DE,ackley,3,1097,3.9968028886505635e-15,32970,30,0.5,0.2,rand
DE,ackley,3,1098,3.9968028886505635e-15,33000,30,0.5,0.2,rand
DE,ackley,3,1099,3.9968028886505635e-15,33030,30,0.5,0.2,rand
DE,ackley,3,1100,3.9968028886505635e-15,33060,30,0.5,0.2,rand
DE,ackley,3,1101,3.9968028886505635e-15,33090,30,0.5,0.2,rand
DE,ackley,3,1102,3.9968028886505635e-15,33120,30,0.5,0.2,rand
DE,ackley,3,1103,3.9968028886505635e-15,33150,30,0.5,0.2,rand
DE,ackley,3,1104,3.9968028886505635e-15,33180,30,0.5,0.2,rand
DE,ackley,3,1105,3.9968028886505635e-15,33210,30,0.5,0.2,rand
DE,ackley,3,1106,3.9968028886505635e-15,33240,30,0.5,0.2,rand
DE,ackley,3,1107,3.9968028886505635e-15,33270,30,0.5,0.2,rand
DE,ackley,3,1108,3.9968028886505635e-15,33300,30,0.5,0.2,rand
DE,ackley,3,1109,3.9968028886505635e-15,33330,30,0.5,0.2,rand
DE,ackley,3,1110,3.9968028886505635e-15,33360,30,0.5,0.2,rand
DE,ackley,3,1111,3.9968028886505635e-15,33390,30,0.5,0.2,rand
DE,ackley,3,1112,3.9968028886505635e-15,33420,30,0.5,0.2,rand
DE,ackley,3,1113,3.9968028886505635e-15,33450,30,0.5,0.2,rand
DE,ackley,3,1114,3.9968028886505635e-15,33480,30,0.5,0.2,rand
DE,ackley,3,1115,3.9968028886505635e-15,33510,30,0.5,0.2,rand
DE,ackley,3,1116,3.9968028886505635e-15,33540,30,0.5,0.2,rand
DE,ackley,3,1117,3.9968028886505635e-15,33570,30,0.5,0.2,rand
DE,ackley,3,1118,3.9968028886505635e-15,33600,30,0.5,0.2,rand
DE,ackley,3,1119,3.9968028886505635e-15,33630,30,0.5,0.2,rand
DE,ackley,3,1120,3.9968028886505635e-15,33660,30,0.5,0.2,rand
DE,ackley,3,1121,3.9968028886505635e-15,33690,30,0.5,0.2,rand
DE,ackley,3,1122,3.9968028886505635e-15,33720,30,0.5,0.2,rand
DE,ackley,3,1123,3.9968028886505635e-15,33750,30,0.5,0.2,rand
DE,ackley,3,1124,3.9968028886505635e-15,33780,30,0.5,0.2,rand
DE,ackley,3,1125,3.9968028886505635e-15,33810,30,0.5,0.2,rand
DE,ackley,3,1126,3.9968028886505635e-15,33840,30,0.5,0.2,rand
DE,ackley,3,1127,3.9968028886505635e-15,33870,30,0.5,0.2,rand
DE,ackley,3,1128,3.9968028886505635e-15,33900,30,0.5,0.2,rand
DE,ackley,3,1129,3.9968028886505635e-15,33930,30,0.5,0.2,rand
DE,ackley,3,1130,3.9968028886505635e-15,33960,30,0.5,0.2,rand
DE,ackley,3,1131,3.9968028886505635e-15,33990,30,0.5,0.2,rand
DE,ackley,3,1132,3.9968028886505635e-15,34020,30,0.5,0.2,rand
DE,ackley,3,1133,3.9968028886505635e-15,34050,30,0.5,0.2,rand
DE,ackley,3,1134,3.9968028886505635e-15,34080,30,0.5,0.2,rand
DE,ackley,3,1135,3.9968028886505635e-15,34110,30,0.5,0.2,rand
DE,ackley,3,1136,3.9968028886505635e-15,34140,30,0.5,0.2,rand
DE,ackley,3,1137,3.9968028886505635e-15,34170,30,0.5,0.2,rand
DE,ackley,3,1138,3.9968028886505635e-15,34200,30,0.5,0.2,rand
DE,ackley,3,1139,3.9968028886505635e-15,34230,30,0.5,0.2,rand
DE,ackley,3,1140,3.9968028886505635e-15,34260,30,0.5,0.2,rand
DE,ackley,3,1141,3.9968028886505635e-15,34290,30,0.5,0.2,rand
DE,ackley,3,1142,3.9968028886505635e-15,34320,30,0.5,0.2,rand
DE,ackley,3,1143,3.9968028886505635e-15,34350,30,0.5,0.2,rand
DE,ackley,3,1144,3.9968028886505635e-15,34380,30,0.5,0.2,rand
DE,ackley,3,1145,3.9968028886505635e-15,34410,30,0.5,0.2,rand
DE,ackley,3,1146,3.9968028886505635e-15,34440,30,0.5,0.2,rand
DE,ackley,3,1147,3.9968028886505635e-15,34470,30,0.5,0.2,rand
DE,ackley,3,1148,3.9968028886505635e-15,34500,30,0.5,0.2,rand
DE,ackley,3,1149,3.9968028886505635e-15,34530,30,0.5,0.2,rand
DE,ackley,3,1150,3.9968028886505635e-15,34560,30,0.5,0.2,rand
DE,ackley,3,1151,3.9968028886505635e-15,34590,30,0.5,0.2,rand
DE,ackley,3,1152,3.9968028886505635e-15,34620,30,0.5,0.2,rand
DE,ackley,3,1153,3.9968028886505635e-15,34650,30,0.5,0.2,rand
DE,ackley,3,1154,3.9968028886505635e-15,34680,30,0.5,0.2,rand
DE,ackley,3,1155,3.9968028886505635e-15,34710,30,0.5,0.2,rand
DE,ackley,3,1156,3.9968028886505635e-15,34740,30,0.5,0.2,rand
DE,ackley,3,1157,3.9968028886505635e-15,34770,30,0.5,0.2,rand
DE,ackley,3,1158,3.9968028886505635e-15,34800,30,0.5,0.2,rand
DE,ackley,3,1159,3.9968028886505635e-15,34830,30,0.5,0.2,rand
DE,ackley,3,1160,3.9968028886505635e-15,34860,30,0.5,0.2,rand
DE,ackley,3,1161,3.9968028886505635e-15,34890,30,0.5,0.2,rand
DE,ackley,3,1162,3.9968028886505635e-15,34920,30,0.5,0.2,rand
DE,ackley,3,1163,3.9968028886505635e-15,34950,30,0.5,0.2,rand
DE,ackley,3,1164,3.9968028886505635e-15,34980,30,0.5,0.2,rand
DE,ackley,3,1165,3.9968028886505635e-15,35010,30,0.5,0.2,rand
DE,ackley,3,1166,3.9968028886505635e-15,35040,30,0.5,0.2,rand
DE,ackley,3,1167,3.9968028886505635e-15,35070,30,0.5,0.2,rand
DE,ackley,3,1168,3.9968028886505635e-15,35100,30,0.5,0.2,rand
DE,ackley,3,1169,3.9968028886505635e-15,35130,30,0.5,0.2,rand
DE,ackley,3,1170,3.9968028886505635e-15,35160,30,0.5,0.2,rand
DE,ackley,3,1171,3.9968028886505635e-15,35190,30,0.5,0.2,rand
DE,ackley,3,1172,3.9968028886505635e-15,35220,30,0.5,0.2,rand
DE,ackley,3,1173,3.9968028886505635e-15,35250,30,0.5,0.2,rand
DE,ackley,3,1174,3.9968028886505635e-15,35280,30,0.5,0.2,rand
DE,ackley,3,1175,3.9968028886505635e-15,35310,30,0.5,0.2,rand
DE,ackley,3,1176,3.9968028886505635e-15,35340,30,0.5,0.2,rand
DE,ackley,3,1177,3.9968028886505635e-15,35370,30,0.5,0.2,rand
DE,ackley,3,1178,3.9968028886505635e-15,35400,30,0.5,0.2,rand
DE,ackley,3,1179,3.9968028886505635e-15,35430,30,0.5,0.2,rand
DE,ackley,3,1180,3.9968028886505635e-15,35460,30,0.5,0.2,rand
DE,ackley,3,1181,3.9968028886505635e-15,35490,30,0.5,0.2,rand
DE,ackley,3,1182,3.9968028886505635e-15,35520,30,0.5,0.2,rand
DE,ackley,3,1183,3.9968028886505635e-15,35550,30,0.5,0.2,rand
DE,ackley,3,1184,3.9968028886505635e-15,35580,30,0.5,0.2,rand
DE,ackley,3,1185,3.9968028886505635e-15,35610,30,0.5,0.2,rand
DE,ackley,3,1186,3.9968028886505635e-15,35640,30,0.5,0.2,rand
DE,ackley,3,1187,3.9968028886505635e-15,35670,30,0.5,0.2,rand
DE,ackley,3,1188,3.9968028886505635e-15,35700,30,0.5,0.2,rand
DE,ackley,3,1189,3.9968028886505635e-15,35730,30,0.5,0.2,rand
DE,ackley,3,1190,3.9968028886505635e-15,35760,30,0.5,0.2,rand
DE,ackley,3,1191,3.9968028886505635e-15,35790,30,0.5,0.2,rand
DE,ackley,3,1192,3.9968028886505635e-15,35820,30,0.5,0.2,rand
DE,ackley,3,1193,3.9968028886505635e-15,35850,30,0.5,0.2,rand
DE,ackley,3,1194,3.9968028886505635e-15,35880,30,0.5,0.2,rand
DE,ackley,3,1195,3.9968028886505635e-15,35910,30,0.5,0.2,rand
DE,ackley,3,1196,3.9968028886505635e-15,35940,30,0.5,0.2,rand
DE,ackley,3,1197,3.9968028886505635e-15,35970,30,0.5,0.2,rand
DE,ackley,3,1198,3.9968028886505635e-15,36000,30,0.5,0.2,rand
DE,ackley,3,1199,3.9968028886505635e-15,36030,30,0.5,0.2,rand
DE,ackley,4,0,20.102462106310117,60,30,0.5,0.2,rand
DE,ackley,4,1,20.102462106310117,90,30,0.5,0.2,rand
DE,ackley,4,2,19.40068052075979,120,30,0.5,0.2,rand
DE,ackley,4,3,19.40068052075979,150,30,0.5,0.2,rand
DE,ackley,4,4,19.40068052075979,180,30,0.5,0.2,rand
DE,ackley,4,5,18.447665684723784,210,30,0.5,0.2,rand
DE,ackley,4,6,18.447665684723784,240,30,0.5,0.2,rand
DE,ackley,4,7,16.73920061320592,270,30,0.5,0.2,rand
DE,ackley,4,8,16.73920061320592,300,30,0.5,0.2,rand
DE,ackley,4,9,16.118263824118664,330,30,0.5,0.2,rand
DE,ackley,4,10,16.118263824118664,360,30,0.5,0.2,rand
DE,ackley,4,11,16.118263824118664,390,30,0.5,0.2,rand
DE,ackley,4,12,16.118263824118664,420,30,0.5,0.2,rand
DE,ackley,4,13,16.118263824118664,450,30,0.5,0.2,rand
DE,ackley,4,14,16.118263824118664,480,30,0.5,0.2,rand
DE,ackley,4,15,14.836382937115868,510,30,0.5,0.2,rand
DE,ackley,4,16,14.836382937115868,540,30,0.5,0.2,rand
DE,ackley,4,17,14.836382937115868,570,30,0.5,0.2,rand
DE,ackley,4,18,14.836382937115868,600,30,0.5,0.2,rand
DE,ackley,4,19,14.01291849583155,630,30,0.5,0.2,rand
DE,ackley,4,20,14.01291849583155,660,30,0.5,0.2,rand
DE,ackley,4,21,14.01291849583155,690,30,0.5,0.2,rand
DE,ackley,4,22,12.782664823426687,720,30,0.5,0.2,rand
DE,ackley,4,23,11.825850435557722,750,30,0.5,0.2,rand
DE,ackley,4,24,11.825850435557722,780,30,0.5,0.2,rand
DE,ackley,4,25,11.825850435557722,810,30,0.5,0.2,rand
DE,ackley,4,26,11.825850435557722,840,30,0.5,0.2,rand
DE,ackley,4,27,11.076000194058114,870,30,0.5,0.2,rand
DE,ackley,4,28,10.724469567949045,900,30,0.5,0.2,rand
DE,ackley,4,29,10.724469567949045,930,30,0.5,0.2,rand
DE,ackley,4,30,9.985559286341502,960,30,0.5,0.2,rand
DE,ackley,4,31,9.985559286341502,990,30,0.5,0.2,rand
DE,ackley,4,32,9.985559286341502,1020,30,0.5,0.2,rand
DE,ackley,4,33,9.416040936665839,1050,30,0.5,0.2,rand
DE,ackley,4,34,9.416040936665839,1080,30,0.5,0.2,rand
DE,ackley,4,35,8.637167145304605,1110,30,0.5,0.2,rand
DE,ackley,4,36,8.637167145304605,1140,30,0.5,0.2,rand
DE,ackley,4,37,7.838691869311768,1170,30,0.5,0.2,rand
DE,ackley,4,38,6.934542032269052,1200,30,0.5,0.2,rand
DE,ackley,4,39,6.934542032269052,1230,30,0.5,0.2,rand
DE,ackley,4,40,6.934542032269052,1260,30,0.5,0.2,rand
DE,ackley,4,41,6.934542032269052,1290,30,0.5,0.2,rand
DE,ackley,4,42,6.934542032269052,1320,30,0.5,0.2,rand
DE,ackley,4,43,6.934542032269052,1350,30,0.5,0.2,rand
DE,ackley,4,44,6.176900142643863,1380,30,0.5,0.2,rand
DE,ackley,4,45,6.176900142643863,1410,30,0.5,0.2,rand
DE,ackley,4,46,5.754125779401022,1440,30,0.5,0.2,rand
DE,ackley,4,47,5.754125779401022,1470,30,0.5,0.2,rand
DE,ackley,4,48,5.754125779401022,1500,30,0.5,0.2,rand
DE,ackley,4,49,5.754125779401022,1530,30,0.5,0.2,rand
DE,ackley,4,50,5.754125779401022,1560,30,0.5,0.2,rand
DE,ackley,4,51,5.754125779401022,1590,30,0.5,0.2,rand
DE,ackley,4,52,5.754125779401022,1620,30,0.5,0.2,rand
DE,ackley,4,53,5.754125779401022,1650,30,0.5,0.2,rand
DE,ackley,4,54,5.754125779401022,1680,30,0.5,0.2,rand
DE,ackley,4,55,5.414333985472769,1710,30,0.5,0.2,rand
DE,ackley,4,56,5.117499996956369,1740,30,0.5,0.2,rand
DE,ackley,4,57,4.999118262546798,1770,30,0.5,0.2,rand
DE,ackley,4,58,4.999118262546798,1800,30,0.5,0.2,rand
DE,ackley,4,59,4.56977070099618,1830,30,0.5,0.2,rand
DE,ackley,4,60,4.56977070099618,1860,30,0.5,0.2,rand
DE,ackley,4,61,4.498390641534897,1890,30,0.5,0.2,rand
DE,ackley,4,62,4.199687736298106,1920,30,0.5,0.2,rand
DE,ackley,4,63,3.7397332945842767,1950,30,0.5,0.2,rand
DE,ackley,4,64,2.9293439498560727,1980,30,0.5,0.2,rand
DE,ackley,4,65,2.9293439498560727,2010,30,0.5,0.2,rand
DE,ackley,4,66,2.9293439498560727,2040,30,0.5,0.2,rand
DE,ackley,4,67,2.9293439498560727,2070,30,0.5,0.2,rand
DE,ackley,4,68,2.7520772179393025,2100,30,0.5,0.2,rand
DE,ackley,4,69,2.7520772179393025,2130,30,0.5,0.2,rand
DE,ackley,4,70,2.7520772179393025,2160,30,0.5,0.2,rand
DE,ackley,4,71,2.6139328249074727,2190,30,0.5,0.2,rand
DE,ackley,4,72,2.6139328249074727,2220,30,0.5,0.2,rand
DE,ackley,4,73,2.6139328249074727,2250,30,0.5,0.2,rand
DE,ackley,4,74,2.6139328249074727,2280,30,0.5,0.2,rand
DE,ackley,4,75,2.6139328249074727,2310,30,0.5,0.2,rand
DE,ackley,4,76,2.6139328249074727,2340,30,0.5,0.2,rand
DE,ackley,4,77,2.6139328249074727,2370,30,0.5,0.2,rand
DE,ackley,4,78,2.6139328249074727,2400,30,0.5,0.2,rand
DE,ackley,4,79,2.6139328249074727,2430,30,0.5,0.2,rand
DE,ackley,4,80,1.6828546273757223,2460,30,0.5,0.2,rand
DE,ackley,4,81,1.6828546273757223,2490,30,0.5,0.2,rand
DE,ackley,4,82,1.5696947187879862,2520,30,0.5,0.2,rand
DE,ackley,4,83,1.5696947187879862,2550,30,0.5,0.2,rand
DE,ackley,4,84,1.5696947187879862,2580,30,0.5,0.2,rand
DE,ackley,4,85,1.5696947187879862,2610,30,0.5,0.2,rand
DE,ackley,4,86,1.1760057166035947,2640,30,0.5,0.2,rand
DE,ackley,4,87,1.1760057166035947,2670,30,0.5,0.2,rand
DE,ackley,4,88,1.1760057166035947,2700,30,0.5,0.2,rand
DE,ackley,4,89,1.1760057166035947,2730,30,0.5,0.2,rand
DE,ackley,4,90,1.1760057166035947,2760,30,0.5,0.2,rand
DE,ackley,4,91,1.1760057166035947,2790,30,0.5,0.2,rand
DE,ackley,4,92,1.1760057166035947,2820,30,0.5,0.2,rand
DE,ackley,4,93,1.1760057166035947,2850,30,0.5,0.2,rand
DE,ackley,4,94,0.9039907066077721,2880,30,0.5,0.2,rand
DE,ackley,4,95,0.9039907066077721,2910,30,0.5,0.2,rand
DE,ackley,4,96,0.8412372782822684,2940,30,0.5,0.2,rand
DE,ackley,4,97,0.8412372782822684,2970,30,0.5,0.2,rand
DE,ackley,4,98,0.8412372782822684,3000,30,0.5,0.2,rand
DE,ackley,4,99,0.8412372782822684,3030,30,0.5,0.2,rand
DE,ackley,4,100,0.8412372782822684,3060,30,0.5,0.2,rand
DE,ackley,4,101,0.8412372782822684,3090,30,0.5,0.2,rand
DE,ackley,4,102,0.8412372782822684,3120,30,0.5,0.2,rand
DE,ackley,4,103,0.8412372782822684,3150,30,0.5,0.2,rand
DE,ackley,4,104,0.5432593117864717,3180,30,0.5,0.2,rand
DE,ackley,4,105,0.5432593117864717,3210,30,0.5,0.2,rand
DE,ackley,4,106,0.5432593117864717,3240,30,0.5,0.2,rand
DE,ackley,4,107,0.5432593117864717,3270,30,0.5,0.2,rand
DE,ackley,4,108,0.5432593117864717,3300,30,0.5,0.2,rand
DE,ackley,4,109,0.5306424991025378,3330,30,0.5,0.2,rand
DE,ackley,4,110,0.5306424991025378,3360,30,0.5,0.2,rand
DE,ackley,4,111,0.4106488871146827,3390,30,0.5,0.2,rand
DE,ackley,4,112,0.3535683932161011,3420,30,0.5,0.2,rand
DE,ackley,4,113,0.3535683932161011,3450,30,0.5,0.2,rand
DE,ackley,4,114,0.324698271289972,3480,30,0.5,0.2,rand
DE,ackley,4,115,0.324698271289972,3510,30,0.5,0.2,rand
DE,ackley,4,116,0.324698271289972,3540,30,0.5,0.2,rand
DE,ackley,4,117,0.324698271289972,3570,30,0.5,0.2,rand
DE,ackley,4,118,0.30460440150568546,3600,30,0.5,0.2,rand
DE,ackley,4,119,0.2740938477004744,3630,30,0.5,0.2,rand
DE,ackley,4,120,0.2740938477004744,3660,30,0.5,0.2,rand
DE,ackley,4,121,0.27138248979121515,3690,30,0.5,0.2,rand
DE,ackley,4,122,0.24258975967859842,3720,30,0.5,0.2,rand
DE,ackley,4,123,0.227490508896516,3750,30,0.5,0.2,rand
DE,ackley,4,124,0.20768037880910528,3780,30,0.5,0.2,rand
DE,ackley,4,125,0.17638690670328971,3810,30,0.5,0.2,rand
DE,ackley,4,126,0.17638690670328971,3840,30,0.5,0.2,rand
DE,ackley,4,127,0.16085253206673444,3870,30,0.5,0.2,rand
DE,ackley,4,128,0.148413821965804,3900,30,0.5,0.2,rand
DE,ackley,4,129,0.12608396281670098,3930,30,0.5,0.2,rand
DE,ackley,4,130,0.12608396281670098,3960,30,0.5,0.2,rand
DE,ackley,4,131,0.09822984847997818,3990,30,0.5,0.2,rand
DE,ackley,4,132,0.09191420496180358,4020,30,0.5,0.2,rand
DE,ackley,4,133,0.08696919508060263,4050,30,0.5,0.2,rand
DE,ackley,4,134,0.08696919508060263,4080,30,0.5,0.2,rand
DE,ackley,4,135,0.08696919508060263,4110,30,0.5,0.2,rand
DE,ackley,4,136,0.08696919508060263,4140,30,0.5,0.2,rand
DE,ackley,4,137,0.08594586784864733,4170,30,0.5,0.2,rand
DE,ackley,4,138,0.08478827090585428,4200,30,0.5,0.2,rand
DE,ackley,4,139,0.05023055312202773,4230,30,0.5,0.2,rand
DE,ackley,4,140,0.05023055312202773,4260,30,0.5,0.2,rand
DE,ackley,4,141,0.05023055312202773,4290,30,0.5,0.2,rand
DE,ackley,4,142,0.05023055312202773,4320,30,0.5,0.2,rand
DE,ackley,4,143,0.04863735172394401,4350,30,0.5,0.2,rand
DE,ackley,4,144,0.028779089205170028,4380,30,0.5,0.2,rand
DE,ackley,4,145,0.028779089205170028,4410,30,0.5,0.2,rand
DE,ackley,4,146,0.028779089205170028,4440,30,0.5,0.2,rand
DE,ackley,4,147,0.028779089205170028,4470,30,0.5,0.2,rand
DE,ackley,4,148,0.028779089205170028,4500,30,0.5,0.2,rand
DE,ackley,4,149,0.028779089205170028,4530,30,0.5,0.2,rand
DE,ackley,4,150,0.028779089205170028,4560,30,0.5,0.2,rand
DE,ackley,4,151,0.028779089205170028,4590,30,0.5,0.2,rand
DE,ackley,4,152,0.028779089205170028,4620,30,0.5,0.2,rand
DE,ackley,4,153,0.028779089205170028,4650,30,0.5,0.2,rand
DE,ackley,4,154,0.028779089205170028,4680,30,0.5,0.2,rand
DE,ackley,4,155,0.028779089205170028,4710,30,0.5,0.2,rand
DE,ackley,4,156,0.028779089205170028,4740,30,0.5,0.2,rand
DE,ackley,4,157,0.028779089205170028,4770,30,0.5,0.2,rand
DE,ackley,4,158,0.028779089205170028,4800,30,0.5,0.2,rand
DE,ackley,4,159,0.023597238374098328,4830,30,0.5,0.2,rand
DE,ackley,4,160,0.023597238374098328,4860,30,0.5,0.2,rand
DE,ackley,4,161,0.023597238374098328,4890,30,0.5,0.2,rand
DE,ackley,4,162,0.023597238374098328,4920,30,0.5,0.2,rand
DE,ackley,4,163,0.023597238374098328,4950,30,0.5,0.2,rand
DE,ackley,4,164,0.023597238374098328,4980,30,0.5,0.2,rand
DE,ackley,4,165,0.019606978073607895,5010,30,0.5,0.2,rand
DE,ackley,4,166,0.018962805758928614,5040,30,0.5,0.2,rand
DE,ackley,4,167,0.018962805758928614,5070,30,0.5,0.2,rand
DE,ackley,4,168,0.016427745836907537,5100,30,0.5,0.2,rand
DE,ackley,4,169,0.01497487862904423,5130,30,0.5,0.2,rand
DE,ackley,4,170,0.0125847715364924,5160,30,0.5,0.2,rand
DE,ackley,4,171,0.0125847715364924,5190,30,0.5,0.2,rand
DE,ackley,4,172,0.0125847715364924,5220,30,0.5,0.2,rand
DE,ackley,4,173,0.011064127234949428,5250,30,0.5,0.2,rand
DE,ackley,4,174,0.010757529935482513,5280,30,0.5,0.2,rand
DE,ackley,4,175,0.008337572115746372,5310,30,0.5,0.2,rand
DE,ackley,4,176,0.008337572115746372,5340,30,0.5,0.2,rand
DE,ackley,4,177,0.008337572115746372,5370,30,0.5,0.2,rand
DE,ackley,4,178,0.007990430848491048,5400,30,0.5,0.2,rand
DE,ackley,4,179,0.0075305303670565316,5430,30,0.5,0.2,rand
DE,ackley,4,180,0.007376433789631154,5460,30,0.5,0.2,rand
DE,ackley,4,181,0.007376433789631154,5490,30,0.5,0.2,rand
DE,ackley,4,182,0.007376433789631154,5520,30,0.5,0.2,rand
DE,ackley,4,183,0.007376433789631154,5550,30,0.5,0.2,rand
DE,ackley,4,184,0.007376433789631154,5580,30,0.5,0.2,rand
DE,ackley,4,185,0.007341562148177605,5610,30,0.5,0.2,rand
DE,ackley,4,186,0.006245042139351842,5640,30,0.5,0.2,rand
DE,ackley,4,187,0.006245042139351842,5670,30,0.5,0.2,rand
DE,ackley,4,188,0.005807236750051903,5700,30,0.5,0.2,rand
DE,ackley,4,189,0.005807236750051903,5730,30,0.5,0.2,rand
DE,ackley,4,190,0.005634607146238313,5760,30,0.5,0.2,rand
DE,ackley,4,191,0.005634607146238313,5790,30,0.5,0.2,rand
DE,ackley,4,192,0.004661391446707075,5820,30,0.5,0.2,rand
DE,ackley,4,193,0.003436636540350424,5850,30,0.5,0.2,rand
DE,ackley,4,194,0.003436636540350424,5880,30,0.5,0.2,rand
DE,ackley,4,195,0.003105570330970142,5910,30,0.5,0.2,rand
DE,ackley,4,196,0.003105570330970142,5940,30,0.5,0.2,rand
DE,ackley,4,197,0.003105570330970142,5970,30,0.5,0.2,rand
DE,ackley,4,198,0.0028204929161259606,6000,30,0.5,0.2,rand
DE,ackley,4,199,0.0028204929161259606,6030,30,0.5,0.2,rand
DE,ackley,4,200,0.0028204929161259606,6060,30,0.5,0.2,rand
DE,ackley,4,201,0.0028204929161259606,6090,30,0.5,0.2,rand
DE,ackley,4,202,0.0028204929161259606,6120,30,0.5,0.2,rand
DE,ackley,4,203,0.0026404435952298577,6150,30,0.5,0.2,rand
DE,ackley,4,204,0.0023778471112696487,6180,30,0.5,0.2,rand
DE,ackley,4,205,0.0020893269358990274,6210,30,0.5,0.2,rand
DE,ackley,4,206,0.0020893269358990274,6240,30,0.5,0.2,rand
DE,ackley,4,207,0.0020273970745567915,6270,30,0.5,0.2,rand
DE,ackley,4,208,0.0014407680787411614,6300,30,0.5,0.2,rand
DE,ackley,4,209,0.0014407680787411614,6330,30,0.5,0.2,rand
DE,ackley,4,210,0.001319085401779052,6360,30,0.5,0.2,rand
DE,ackley,4,211,0.0012682340159462235,6390,30,0.5,0.2,rand
DE,ackley,4,212,0.0012682340159462235,6420,30,0.5,0.2,rand
DE,ackley,4,213,0.00126445078241888,6450,30,0.5,0.2,rand
DE,ackley,4,214,0.0012083244361744683,6480,30,0.5,0.2,rand
DE,ackley,4,215,0.0012083244361744683,6510,30,0.5,0.2,rand
DE,ackley,4,216,0.0008244078835208946,6540,30,0.5,0.2,rand
DE,ackley,4,217,0.0008244078835208946,6570,30,0.5,0.2,rand
DE,ackley,4,218,0.0008244078835208946,6600,30,0.5,0.2,rand
DE,ackley,4,219,0.0008244078835208946,6630,30,0.5,0.2,rand
DE,ackley,4,220,0.0008244078835208946,6660,30,0.5,0.2,rand
DE,ackley,4,221,0.0008244078835208946,6690,30,0.5,0.2,rand
DE,ackley,4,222,0.0006868938741786401,6720,30,0.5,0.2,rand
DE,ackley,4,223,0.0006868938741786401,6750,30,0.5,0.2,rand
DE,ackley,4,224,0.0006868938741786401,6780,30,0.5,0.2,rand
DE,ackley,4,225,0.0005755743468722763,6810,30,0.5,0.2,rand
DE,ackley,4,226,0.0005755743468722763,6840,30,0.5,0.2,rand
DE,ackley,4,227,0.0005755743468722763,6870,30,0.5,0.2,rand
DE,ackley,4,228,0.0005569622998220503,6900,30,0.5,0.2,rand
DE,ackley,4,229,0.0005210213658703999,6930,30,0.5,0.2,rand
DE,ackley,4,230,0.000495232793821021,6960,30,0.5,0.2,rand
DE,ackley,4,231,0.000495232793821021,6990,30,0.5,0.2,rand
DE,ackley,4,232,0.000495232793821021,7020,30,0.5,0.2,rand
DE,ackley,4,233,0.000495232793821021,7050,30,0.5,0.2,rand
DE,ackley,4,234,0.000495232793821021,7080,30,0.5,0.2,rand
DE,ackley,4,235,0.000495232793821021,7110,30,0.5,0.2,rand
DE,ackley,4,236,0.000495232793821021,7140,30,0.5,0.2,rand
DE,ackley,4,237,0.0004181798894369315,7170,30,0.5,0.2,rand
DE,ackley,4,238,0.00041231474605085694,7200,30,0.5,0.2,rand
DE,ackley,4,239,0.00033744216457920473,7230,30,0.5,0.2,rand
DE,ackley,4,240,0.00033744216457920473,7260,30,0.5,0.2,rand
DE,ackley,4,241,0.00033744216457920473,7290,30,0.5,0.2,rand
DE,ackley,4,242,0.00028414691782119306,7320,30,0.5,0.2,rand
DE,ackley,4,243,0.00027285858766079585,7350,30,0.5,0.2,rand
DE,ackley,4,244,0.00027285858766079585,7380,30,0.5,0.2,rand
DE,ackley,4,245,0.00021983487726418005,7410,30,0.5,0.2,rand
DE,ackley,4,246,0.00021983487726418005,7440,30,0.5,0.2,rand
DE,ackley,4,247,0.00021983487726418005,7470,30,0.5,0.2,rand
DE,ackley,4,248,0.00018370583374194283,7500,30,0.5,0.2,rand
DE,ackley,4,249,0.00018370583374194283,7530,30,0.5,0.2,rand
DE,ackley,4,250,0.00018370583374194283,7560,30,0.5,0.2,rand
DE,ackley,4,251,0.000179564200955884,7590,30,0.5,0.2,rand
DE,ackley,4,252,0.000158183941679102,7620,30,0.5,0.2,rand
DE,ackley,4,253,0.00014023088594372624,7650,30,0.5,0.2,rand
DE,ackley,4,254,0.00013748410905067843,7680,30,0.5,0.2,rand
DE,ackley,4,255,0.00012615064018151045,7710,30,0.5,0.2,rand
DE,ackley,4,256,0.00010218080518997752,7740,30,0.5,0.2,rand
DE,ackley,4,257,0.00010218080518997752,7770,30,0.5,0.2,rand
DE,ackley,4,258,0.00010027798901335316,7800,30,0.5,0.2,rand
DE,ackley,4,259,8.7378717673392e-05,7830,30,0.5,0.2,rand
DE,ackley,4,260,8.7378717673392e-05,7860,30,0.5,0.2,rand
DE,ackley,4,261,8.7378717673392e-05,7890,30,0.5,0.2,rand
DE,ackley,4,262,8.7378717673392e-05,7920,30,0.5,0.2,rand
DE,ackley,4,263,8.7378717673392e-05,7950,30,0.5,0.2,rand
DE,ackley,4,264,7.907808849383358e-05,7980,30,0.5,0.2,rand
DE,ackley,4,265,7.118764904179287e-05,8010,30,0.5,0.2,rand
DE,ackley,4,266,7.117620004537528e-05,8040,30,0.5,0.2,rand
DE,ackley,4,267,7.117620004537528e-05,8070,30,0.5,0.2,rand
DE,ackley,4,268,7.117620004537528e-05,8100,30,0.5,0.2,rand
DE,ackley,4,269,6.296578392595009e-05,8130,30,0.5,0.2,rand
DE,ackley,4,270,4.4229718121346906e-05,8160,30,0.5,0.2,rand
DE,ackley,4,271,4.4229718121346906e-05,8190,30,0.5,0.2,rand
DE,ackley,4,272,4.4229718121346906e-05,8220,30,0.5,0.2,rand
DE,ackley,4,273,4.4229718121346906e-05,8250,30,0.5,0.2,rand
DE,ackley,4,274,3.730556781222916e-05,8280,30,0.5,0.2,rand
DE,ackley,4,275,3.730556781222916e-05,8310,30,0.5,0.2,rand
DE,ackley,4,276,3.730556781222916e-05,8340,30,0.5,0.2,rand
DE,ackley,4,277,3.610857828251213e-05,8370,30,0.5,0.2,rand
DE,ackley,4,278,3.488225679548762e-05,8400,30,0.5,0.2,rand
DE,ackley,4,279,3.430437304219325e-05,8430,30,0.5,0.2,rand
DE,ackley,4,280,3.430437304219325e-05,8460,30,0.5,0.2,rand
DE,ackley,4,281,3.430437304219325e-05,8490,30,0.5,0.2,rand
DE,ackley,4,282,3.430437304219325e-05,8520,30,0.5,0.2,rand
DE,ackley,4,283,3.430437304219325e-05,8550,30,0.5,0.2,rand
DE,ackley,4,284,3.063687696824857e-05,8580,30,0.5,0.2,rand
DE,ackley,4,285,3.063687696824857e-05,8610,30,0.5,0.2,rand
DE,ackley,4,286,2.5931584481941883e-05,8640,30,0.5,0.2,rand
DE,ackley,4,287,2.5931584481941883e-05,8670,30,0.5,0.2,rand
DE,ackley,4,288,2.5931584481941883e-05,8700,30,0.5,0.2,rand
DE,ackley,4,289,2.549401061147094e-05,8730,30,0.5,0.2,rand
DE,ackley,4,290,1.3639628573702822e-05,8760,30,0.5,0.2,rand
DE,ackley,4,291,1.3639628573702822e-05,8790,30,0.5,0.2,rand
DE,ackley,4,292,1.3639628573702822e-05,8820,30,0.5,0.2,rand
DE,ackley,4,293,1.3639628573702822e-05,8850,30,0.5,0.2,rand
DE,ackley,4,294,1.3639628573702822e-05,8880,30,0.5,0.2,rand
DE,ackley,4,295,1.3639628573702822e-05,8910,30,0.5,0.2,rand
DE,ackley,4,296,1.3639628573702822e-05,8940,30,0.5,0.2,rand
DE,ackley,4,297,1.3639628573702822e-05,8970,30,0.5,0.2,rand
DE,ackley,4,298,1.0481597059186498e-05,9000,30,0.5,0.2,rand
DE,ackley,4,299,1.0481597059186498e-05,9030,30,0.5,0.2,rand
DE,ackley,4,300,1.0481597059186498e-05,9060,30,0.5,0.2,rand
DE,ackley,4,301,1.0291126060213429e-05,9090,30,0.5,0.2,rand
DE,ackley,4,302,1.0256312738210482e-05,9120,30,0.5,0.2,rand
DE,ackley,4,303,1.0256312738210482e-05,9150,30,0.5,0.2,rand
DE,ackley,4,304,1.0256312738210482e-05,9180,30,0.5,0.2,rand
DE,ackley,4,305,1.0256312738210482e-05,9210,30,0.5,0.2,rand
DE,ackley,4,306,9.641067859167407e-06,9240,30,0.5,0.2,rand
DE,ackley,4,307,9.47676205287351e-06,9270,30,0.5,0.2,rand
DE,ackley,4,308,9.331458454386876e-06,9300,30,0.5,0.2,rand
DE,ackley,4,309,8.911217957763284e-06,9330,30,0.5,0.2,rand
DE,ackley,4,310,8.408749554877915e-06,9360,30,0.5,0.2,rand
DE,ackley,4,311,8.408749554877915e-06,9390,30,0.5,0.2,rand
DE,ackley,4,312,5.052194329113746e-06,9420,30,0.5,0.2,rand
DE,ackley,4,313,5.052194329113746e-06,9450,30,0.5,0.2,rand
DE,ackley,4,314,5.052194329113746e-06,9480,30,0.5,0.2,rand
DE,ackley,4,315,5.052194329113746e-06,9510,30,0.5,0.2,rand
DE,ackley,4,316,5.052194329113746e-06,9540,30,0.5,0.2,rand
DE,ackley,4,317,5.052194329113746e-06,9570,30,0.5,0.2,rand
DE,ackley,4,318,4.9776912374177584e-06,9600,30,0.5,0.2,rand
DE,ackley,4,319,4.9776912374177584e-06,9630,30,0.5,0.2,rand
DE,ackley,4,320,4.952213832343233e-06,9660,30,0.5,0.2,rand
DE,ackley,4,321,4.136281937849873e-06,9690,30,0.5,0.2,rand
DE,ackley,4,322,4.108367996469298e-06,9720,30,0.5,0.2,rand
DE,ackley,4,323,3.265618442771512e-06,9750,30,0.5,0.2,rand
DE,ackley,4,324,3.265618442771512e-06,9780,30,0.5,0.2,rand
DE,ackley,4,325,3.265618442771512e-06,9810,30,0.5,0.2,rand
DE,ackley,4,326,3.265618442771512e-06,9840,30,0.5,0.2,rand
DE,ackley,4,327,2.3211940605172288e-06,9870,30,0.5,0.2,rand
DE,ackley,4,328,2.3211940605172288e-06,9900,30,0.5,0.2,rand
DE,ackley,4,329,2.1296528704972673e-06,9930,30,0.5,0.2,rand
DE,ackley,4,330,1.4543470858718877e-06,9960,30,0.5,0.2,rand
DE,ackley,4,331,1.3970367018778518e-06,9990,30,0.5,0.2,rand
DE,ackley,4,332,1.3970367018778518e-06,10020,30,0.5,0.2,rand
DE,ackley,4,333,1.3970367018778518e-06,10050,30,0.5,0.2,rand
DE,ackley,4,334,1.334278721731863e-06,10080,30,0.5,0.2,rand
DE,ackley,4,335,1.334278721731863e-06,10110,30,0.5,0.2,rand
DE,ackley,4,336,1.1382831606177035e-06,10140,30,0.5,0.2,rand
DE,ackley,4,337,1.1382831606177035e-06,10170,30,0.5,0.2,rand
DE,ackley,4,338,1.1382831606177035e-06,10200,30,0.5,0.2,rand
DE,ackley,4,339,1.1382831606177035e-06,10230,30,0.5,0.2,rand
DE,ackley,4,340,1.1382831606177035e-06,10260,30,0.5,0.2,rand
DE,ackley,4,341,8.984750548002296e-07,10290,30,0.5,0.2,rand
DE,ackley,4,342,8.984750548002296e-07,10320,30,0.5,0.2,rand
DE,ackley,4,343,8.067474799311469e-07,10350,30,0.5,0.2,rand
DE,ackley,4,344,8.067474799311469e-07,10380,30,0.5,0.2,rand
DE,ackley,4,345,8.067474799311469e-07,10410,30,0.5,0.2,rand
DE,ackley,4,346,8.067474799311469e-07,10440,30,0.5,0.2,rand
DE,ackley,4,347,8.067474799311469e-07,10470,30,0.5,0.2,rand
DE,ackley,4,348,8.067474799311469e-07,10500,30,0.5,0.2,rand
DE,ackley,4,349,7.833367132725755e-07,10530,30,0.5,0.2,rand
DE,ackley,4,350,7.833367132725755e-07,10560,30,0.5,0.2,rand
DE,ackley,4,351,7.209219927695187e-07,10590,30,0.5,0.2,rand
DE,ackley,4,352,7.060637945421888e-07,10620,30,0.5,0.2,rand
DE,ackley,4,353,6.571325035231723e-07,10650,30,0.5,0.2,rand
DE,ackley,4,354,6.571325035231723e-07,10680,30,0.5,0.2,rand
DE,ackley,4,355,6.475440632591756e-07,10710,30,0.5,0.2,rand
DE,ackley,4,356,6.0086980058216e-07,10740,30,0.5,0.2,rand
DE,ackley,4,357,5.386569807974695e-07,10770,30,0.5,0.2,rand
DE,ackley,4,358,5.386569807974695e-07,10800,30,0.5,0.2,rand
DE,ackley,4,359,4.790344303451377e-07,10830,30,0.5,0.2,rand
DE,ackley,4,360,4.275562912603448e-07,10860,30,0.5,0.2,rand
DE,ackley,4,361,4.275562912603448e-07,10890,30,0.5,0.2,rand
DE,ackley,4,362,4.275562912603448e-07,10920,30,0.5,0.2,rand
DE,ackley,4,363,2.1721829002174786e-07,10950,30,0.5,0.2,rand
DE,ackley,4,364,2.1721829002174786e-07,10980,30,0.5,0.2,rand
DE,ackley,4,365,2.1721829002174786e-07,11010,30,0.5,0.2,rand
DE,ackley,4,366,2.1721829002174786e-07,11040,30,0.5,0.2,rand
DE,ackley,4,367,2.1721829002174786e-07,11070,30,0.5,0.2,rand
DE,ackley,4,368,2.1721829002174786e-07,11100,30,0.5,0.2,rand
DE,ackley,4,369,2.1721829002174786e-07,11130,30,0.5,0.2,rand
DE,ackley,4,370,2.1721829002174786e-07,11160,30,0.5,0.2,rand
DE,ackley,4,371,2.1721829002174786e-07,11190,30,0.5,0.2,rand
DE,ackley,4,372,1.8889067776584056e-07,11220,30,0.5,0.2,rand
DE,ackley,4,373,1.8889067776584056e-07,11250,30,0.5,0.2,rand
DE,ackley,4,374,1.8889067776584056e-07,11280,30,0.5,0.2,rand
DE,ackley,4,375,1.832258047507196e-07,11310,30,0.5,0.2,rand
DE,ackley,4,376,1.684940440505045e-07,11340,30,0.5,0.2,rand
DE,ackley,4,377,1.684940440505045e-07,11370,30,0.5,0.2,rand
DE,ackley,4,378,1.3589185288154226e-07,11400,30,0.5,0.2,rand
DE,ackley,4,379,1.3589185288154226e-07,11430,30,0.5,0.2,rand
DE,ackley,4,380,1.3589185288154226e-07,11460,30,0.5,0.2,rand
DE,ackley,4,381,1.3589185288154226e-07,11490,30,0.5,0.2,rand
DE,ackley,4,382,1.3589185288154226e-07,11520,30,0.5,0.2,rand
DE,ackley,4,383,1.0582027387684434e-07,11550,30,0.5,0.2,rand
DE,ackley,4,384,7.598776408102026e-08,11580,30,0.5,0.2,rand
DE,ackley,4,385,7.598776408102026e-08,11610,30,0.5,0.2,rand
DE,ackley,4,386,7.598776408102026e-08,11640,30,0.5,0.2,rand
DE,ackley,4,387,7.598776408102026e-08,11670,30,0.5,0.2,rand
DE,ackley,4,388,7.598776408102026e-08,11700,30,0.5,0.2,rand
DE,ackley,4,389,7.598776408102026e-08,11730,30,0.5,0.2,rand
DE,ackley,4,390,7.598776408102026e-08,11760,30,0.5,0.2,rand
DE,ackley,4,391,7.598776408102026e-08,11790,30,0.5,0.2,rand
DE,ackley,4,392,7.598776408102026e-08,11820,30,0.5,0.2,rand
DE,ackley,4,393,6.584227607575599e-08,11850,30,0.5,0.2,rand
DE,ackley,4,394,6.480329561853182e-08,11880,30,0.5,0.2,rand
DE,ackley,4,395,4.676416809346051e-08,11910,30,0.5,0.2,rand
DE,ackley,4,396,4.676416809346051e-08,11940,30,0.5,0.2,rand
DE,ackley,4,397,4.676416809346051e-08,11970,30,0.5,0.2,rand
DE,ackley,4,398,4.676416809346051e-08,12000,30,0.5,0.2,rand
DE,ackley,4,399,4.676416809346051e-08,12030,30,0.5,0.2,rand
DE,ackley,4,400,4.676416809346051e-08,12060,30,0.5,0.2,rand
DE,ackley,4,401,4.676416809346051e-08,12090,30,0.5,0.2,rand
DE,ackley,4,402,4.4968544887780126e-08,12120,30,0.5,0.2,rand
DE,ackley,4,403,4.4968544887780126e-08,12150,30,0.5,0.2,rand
DE,ackley,4,404,4.430348754524971e-08,12180,30,0.5,0.2,rand
DE,ackley,4,405,3.599918985131012e-08,12210,30,0.5,0.2,rand
DE,ackley,4,406,3.2768710855890504e-08,12240,30,0.5,0.2,rand
DE,ackley,4,407,2.894247730367283e-08,12270,30,0.5,0.2,rand
DE,ackley,4,408,2.894247730367283e-08,12300,30,0.5,0.2,rand
DE,ackley,4,409,2.894247730367283e-08,12330,30,0.5,0.2,rand
DE,ackley,4,410,2.894247730367283e-08,12360,30,0.5,0.2,rand
DE,ackley,4,411,2.894247730367283e-08,12390,30,0.5,0.2,rand
DE,ackley,4,412,2.894247730367283e-08,12420,30,0.5,0.2,rand
DE,ackley,4,413,2.3165182216899893e-08,12450,30,0.5,0.2,rand
DE,ackley,4,414,2.1322055676620266e-08,12480,30,0.5,0.2,rand
DE,ackley,4,415,2.1219925816495788e-08,12510,30,0.5,0.2,rand
DE,ackley,4,416,2.091144368776554e-08,12540,30,0.5,0.2,rand
DE,ackley,4,417,2.091144368776554e-08,12570,30,0.5,0.2,rand
DE,ackley,4,418,1.8180291494473977e-08,12600,30,0.5,0.2,rand
DE,ackley,4,419,1.799443127836753e-08,12630,30,0.5,0.2,rand
DE,ackley,4,420,1.4896923250518057e-08,12660,30,0.5,0.2,rand
DE,ackley,4,421,1.4896923250518057e-08,12690,30,0.5,0.2,rand
DE,ackley,4,422,1.4896923250518057e-08,12720,30,0.5,0.2,rand
DE,ackley,4,423,1.4647622226249268e-08,12750,30,0.5,0.2,rand
DE,ackley,4,424,1.422567352804549e-08,12780,30,0.5,0.2,rand
DE,ackley,4,425,1.422567352804549e-08,12810,30,0.5,0.2,rand
DE,ackley,4,426,1.2805646765201573e-08,12840,30,0.5,0.2,rand
DE,ackley,4,427,1.265069160538701e-08,12870,30,0.5,0.2,rand
DE,ackley,4,428,1.1187982540405983e-08,12900,30,0.5,0.2,rand
DE,ackley,4,429,1.1144611011815186e-08,12930,30,0.5,0.2,rand
DE,ackley,4,430,9.611018203514732e-09,12960,30,0.5,0.2,rand
DE,ackley,4,431,9.611018203514732e-09,12990,30,0.5,0.2,rand
DE,ackley,4,432,9.611018203514732e-09,13020,30,0.5,0.2,rand
DE,ackley,4,433,9.216670537881555e-09,13050,30,0.5,0.2,rand
DE,ackley,4,434,6.7630883116009954e-09,13080,30,0.5,0.2,rand
DE,ackley,4,435,6.7630883116009954e-09,13110,30,0.5,0.2,rand
DE,ackley,4,436,5.715993456334445e-09,13140,30,0.5,0.2,rand
DE,ackley,4,437,5.715993456334445e-09,13170,30,0.5,0.2,rand
DE,ackley,4,438,5.715993456334445e-09,13200,30,0.5,0.2,rand
DE,ackley,4,439,5.715993456334445e-09,13230,30,0.5,0.2,rand
DE,ackley,4,440,5.715993456334445e-09,13260,30,0.5,0.2,rand
DE,ackley,4,441,5.715993456334445e-09,13290,30,0.5,0.2,rand
DE,ackley,4,442,5.715993456334445e-09,13320,30,0.5,0.2,rand
DE,ackley,4,443,5.333451458255922e-09,13350,30,0.5,0.2,rand
DE,ackley,4,444,4.930829522464819e-09,13380,30,0.5,0.2,rand
DE,ackley,4,445,4.330808156538524e-09,13410,30,0.5,0.2,rand
DE,ackley,4,446,4.330808156538524e-09,13440,30,0.5,0.2,rand
DE,ackley,4,447,4.330808156538524e-09,13470,30,0.5,0.2,rand
DE,ackley,4,448,4.330808156538524e-09,13500,30,0.5,0.2,rand
DE,ackley,4,449,3.529806225088805e-09,13530,30,0.5,0.2,rand
DE,ackley,4,450,3.3000380206260616e-09,13560,30,0.5,0.2,rand
DE,ackley,4,451,3.3000380206260616e-09,13590,30,0.5,0.2,rand
DE,ackley,4,452,2.5310105122855475e-09,13620,30,0.5,0.2,rand
DE,ackley,4,453,2.5310105122855475e-09,13650,30,0.5,0.2,rand
DE,ackley,4,454,2.5310105122855475e-09,13680,30,0.5,0.2,rand
DE,ackley,4,455,1.4805796588746034e-09,13710,30,0.5,0.2,rand
DE,ackley,4,456,1.4805796588746034e-09,13740,30,0.5,0.2,rand
DE,ackley,4,457,1.4805796588746034e-09,13770,30,0.5,0.2,rand
DE,ackley,4,458,1.4805796588746034e-09,13800,30,0.5,0.2,rand
DE,ackley,4,459,1.4805796588746034e-09,13830,30,0.5,0.2,rand
DE,ackley,4,460,1.4698966488424503e-09,13860,30,0.5,0.2,rand
DE,ackley,4,461,1.4698966488424503e-09,13890,30,0.5,0.2,rand
DE,ackley,4,462,1.4698966488424503e-09,13920,30,0.5,0.2,rand
DE,ackley,4,463,1.4698966488424503e-09,13950,30,0.5,0.2,rand
DE,ackley,4,464,1.439432129046736e-09,13980,30,0.5,0.2,rand
DE,ackley,4,465,1.439432129046736e-09,14010,30,0.5,0.2,rand
DE,ackley,4,466,1.4323018326933834e-09,14040,30,0.5,0.2,rand
DE,ackley,4,467,1.208335209668121e-09,14070,30,0.5,0.2,rand
DE,ackley,4,468,1.112813396986212e-09,14100,30,0.5,0.2,rand
DE,ackley,4,469,1.112813396986212e-09,14130,30,0.5,0.2,rand
DE,ackley,4,470,1.112813396986212e-09,14160,30,0.5,0.2,rand
DE,ackley,4,471,1.112813396986212e-09,14190,30,0.5,0.2,rand
DE,ackley,4,472,1.0031233621532465e-09,14220,30,0.5,0.2,rand
DE,ackley,4,473,9.097473885333329e-10,14250,30,0.5,0.2,rand
DE,ackley,4,474,8.45350900391395e-10,14280,30,0.5,0.2,rand
DE,ackley,4,475,8.45350900391395e-10,14310,30,0.5,0.2,rand
DE,ackley,4,476,7.270029023231928e-10,14340,30,0.5,0.2,rand
DE,ackley,4,477,7.270029023231928e-10,14370,30,0.5,0.2,rand
DE,ackley,4,478,7.270029023231928e-10,14400,30,0.5,0.2,rand
DE,ackley,4,479,7.270029023231928e-10,14430,30,0.5,0.2,rand
DE,ackley,4,480,7.270029023231928e-10,14460,30,0.5,0.2,rand
DE,ackley,4,481,6.920832795742626e-10,14490,30,0.5,0.2,rand
DE,ackley,4,482,6.920832795742626e-10,14520,30,0.5,0.2,rand
DE,ackley,4,483,5.288964821659192e-10,14550,30,0.5,0.2,rand
DE,ackley,4,484,5.288964821659192e-10,14580,30,0.5,0.2,rand
DE,ackley,4,485,5.288964821659192e-10,14610,30,0.5,0.2,rand
DE,ackley,4,486,5.288964821659192e-10,14640,30,0.5,0.2,rand
DE,ackley,4,487,5.288964821659192e-10,14670,30,0.5,0.2,rand
DE,ackley,4,488,4.723195168310212e-10,14700,30,0.5,0.2,rand
DE,ackley,4,489,4.723195168310212e-10,14730,30,0.5,0.2,rand
DE,ackley,4,490,2.897633244458575e-10,14760,30,0.5,0.2,rand
DE,ackley,4,491,2.897633244458575e-10,14790,30,0.5,0.2,rand
DE,ackley,4,492,2.897633244458575e-10,14820,30,0.5,0.2,rand
DE,ackley,4,493,2.897633244458575e-10,14850,30,0.5,0.2,rand
DE,ackley,4,494,2.897633244458575e-10,14880,30,0.5,0.2,rand
DE,ackley,4,495,2.897633244458575e-10,14910,30,0.5,0.2,rand
DE,ackley,4,496,2.2770452190457036e-10,14940,30,0.5,0.2,rand
DE,ackley,4,497,1.7539436569791178e-10,14970,30,0.5,0.2,rand
DE,ackley,4,498,1.7539436569791178e-10,15000,30,0.5,0.2,rand
DE,ackley,4,499,1.7539436569791178e-10,15030,30,0.5,0.2,rand
DE,ackley,4,500,1.7539436569791178e-10,15060,30,0.5,0.2,rand
DE,ackley,4,501,1.7539436569791178e-10,15090,30,0.5,0.2,rand
DE,ackley,4,502,1.7539436569791178e-10,15120,30,0.5,0.2,rand
DE,ackley,4,503,1.5680301501674876e-10,15150,30,0.5,0.2,rand
DE,ackley,4,504,1.5680301501674876e-10,15180,30,0.5,0.2,rand
DE,ackley,4,505,1.3804468679268211e-10,15210,30,0.5,0.2,rand
DE,ackley,4,506,1.3804468679268211e-10,15240,30,0.5,0.2,rand
DE,ackley,4,507,1.3675505172727753e-10,15270,30,0.5,0.2,rand
DE,ackley,4,508,1.1440137726026478e-10,15300,30,0.5,0.2,rand
DE,ackley,4,509,1.1440137726026478e-10,15330,30,0.5,0.2,rand
DE,ackley,4,510,1.1440137726026478e-10,15360,30,0.5,0.2,rand
DE,ackley,4,511,1.0125633664870293e-10,15390,30,0.5,0.2,rand
DE,ackley,4,512,9.146861046360755e-11,15420,30,0.5,0.2,rand
DE,ackley,4,513,9.146861046360755e-11,15450,30,0.5,0.2,rand
DE,ackley,4,514,9.146861046360755e-11,15480,30,0.5,0.2,rand
DE,ackley,4,515,8.482503588425061e-11,15510,30,0.5,0.2,rand
DE,ackley,4,516,6.764766524725019e-11,15540,30,0.5,0.2,rand
DE,ackley,4,517,6.764766524725019e-11,15570,30,0.5,0.2,rand
DE,ackley,4,518,6.764766524725019e-11,15600,30,0.5,0.2,rand
DE,ackley,4,519,6.764766524725019e-11,15630,30,0.5,0.2,rand
DE,ackley,4,520,6.764766524725019e-11,15660,30,0.5,0.2,rand
DE,ackley,4,521,6.764766524725019e-11,15690,30,0.5,0.2,rand
DE,ackley,4,522,5.4491966494651933e-11,15720,30,0.5,0.2,rand
DE,ackley,4,523,5.4491966494651933e-11,15750,30,0.5,0.2,rand
DE,ackley,4,524,5.4491966494651933e-11,15780,30,0.5,0.2,rand
DE,ackley,4,525,5.0733195422481003e-11,15810,30,0.5,0.2,rand
DE,ackley,4,526,5.0733195422481003e-11,15840,30,0.5,0.2,rand
DE,ackley,4,527,4.969935574195006e-11,15870,30,0.5,0.2,rand
DE,ackley,4,528,4.969935574195006e-11,15900,30,0.5,0.2,rand
DE,ackley,4,529,4.969935574195006e-11,15930,30,0.5,0.2,rand
DE,ackley,4,530,4.7066794905958886e-11,15960,30,0.5,0.2,rand
DE,ackley,4,531,3.306199758412731e-11,15990,30,0.5,0.2,rand
DE,ackley,4,532,3.306199758412731e-11,16020,30,0.5,0.2,rand
DE,ackley,4,533,3.306199758412731e-11,16050,30,0.5,0.2,rand
DE,ackley,4,534,3.306199758412731e-11,16080,30,0.5,0.2,rand
DE,ackley,4,535,3.306199758412731e-11,16110,30,0.5,0.2,rand
DE,ackley,4,536,2.993560954678287e-11,16140,30,0.5,0.2,rand
DE,ackley,4,537,2.6684876530680413e-11,16170,30,0.5,0.2,rand
DE,ackley,4,538,1.8041124150158794e-11,16200,30,0.5,0.2,rand
DE,ackley,4,539,1.8041124150158794e-11,16230,30,0.5,0.2,rand
DE,ackley,4,540,1.8041124150158794e-11,16260,30,0.5,0.2,rand
DE,ackley,4,541,1.8041124150158794e-11,16290,30,0.5,0.2,rand
DE,ackley,4,542,1.8041124150158794e-11,16320,30,0.5,0.2,rand
DE,ackley,4,543,1.8041124150158794e-11,16350,30,0.5,0.2,rand
DE,ackley,4,544,1.8041124150158794e-11,16380,30,0.5,0.2,rand
DE,ackley,4,545,1.7575718658235928e-11,16410,30,0.5,0.2,rand
DE,ackley,4,546,1.5067502801002775e-11,16440,30,0.5,0.2,rand
DE,ackley,4,547,1.5067502801002775e-11,16470,30,0.5,0.2,rand
DE,ackley,4,548,1.5067502801002775e-11,16500,30,0.5,0.2,rand
DE,ackley,4,549,1.5067502801002775e-11,16530,30,0.5,0.2,rand
DE,ackley,4,550,1.1447287562305064e-11,16560,30,0.5,0.2,rand
DE,ackley,4,551,9.901857112026846e-12,16590,30,0.5,0.2,rand
DE,ackley,4,552,9.901857112026846e-12,16620,30,0.5,0.2,rand
DE,ackley,4,553,9.901857112026846e-12,16650,30,0.5,0.2,rand
DE,ackley,4,554,9.901857112026846e-12,16680,30,0.5,0.2,rand
DE,ackley,4,555,9.901857112026846e-12,16710,30,0.5,0.2,rand
DE,ackley,4,556,9.901857112026846e-12,16740,30,0.5,0.2,rand
DE,ackley,4,557,9.901857112026846e-12,16770,30,0.5,0.2,rand
DE,ackley,4,558,9.901857112026846e-12,16800,30,0.5,0.2,rand
DE,ackley,4,559,9.901857112026846e-12,16830,30,0.5,0.2,rand
DE,ackley,4,560,7.848388605680157e-12,16860,30,0.5,0.2,rand
DE,ackley,4,561,7.716938199564538e-12,16890,30,0.5,0.2,rand
DE,ackley,4,562,7.716938199564538e-12,16920,30,0.5,0.2,rand
DE,ackley,4,563,5.983213924309894e-12,16950,30,0.5,0.2,rand
DE,ackley,4,564,5.7416293941514596e-12,16980,30,0.5,0.2,rand
DE,ackley,4,565,5.7416293941514596e-12,17010,30,0.5,0.2,rand
DE,ackley,4,566,5.7416293941514596e-12,17040,30,0.5,0.2,rand
DE,ackley,4,567,5.023981231033758e-12,17070,30,0.5,0.2,rand
DE,ackley,4,568,5.023981231033758e-12,17100,30,0.5,0.2,rand
DE,ackley,4,569,4.558575739110893e-12,17130,30,0.5,0.2,rand
DE,ackley,4,570,4.558575739110893e-12,17160,30,0.5,0.2,rand
DE,ackley,4,571,4.558575739110893e-12,17190,30,0.5,0.2,rand
DE,ackley,4,572,4.476863324498481e-12,17220,30,0.5,0.2,rand
DE,ackley,4,573,4.476863324498481e-12,17250,30,0.5,0.2,rand
DE,ackley,4,574,3.8409275759931916e-12,17280,30,0.5,0.2,rand
DE,ackley,4,575,2.185363001672158e-12,17310,30,0.5,0.2,rand
DE,ackley,4,576,2.185363001672158e-12,17340,30,0.5,0.2,rand
DE,ackley,4,577,2.185363001672158e-12,17370,30,0.5,0.2,rand
DE,ackley,4,578,2.100097873380946e-12,17400,30,0.5,0.2,rand
DE,ackley,4,579,2.100097873380946e-12,17430,30,0.5,0.2,rand
DE,ackley,4,580,2.100097873380946e-12,17460,30,0.5,0.2,rand
DE,ackley,4,581,2.100097873380946e-12,17490,30,0.5,0.2,rand
DE,ackley,4,582,2.100097873380946e-12,17520,30,0.5,0.2,rand
DE,ackley,4,583,2.100097873380946e-12,17550,30,0.5,0.2,rand
DE,ackley,4,584,2.100097873380946e-12,17580,30,0.5,0.2,rand
DE,ackley,4,585,1.822986206434507e-12,17610,30,0.5,0.2,rand
DE,ackley,4,586,1.687983086640088e-12,17640,30,0.5,0.2,rand
DE,ackley,4,587,1.687983086640088e-12,17670,30,0.5,0.2,rand
DE,ackley,4,588,1.687983086640088e-12,17700,30,0.5,0.2,rand
DE,ackley,4,589,1.687983086640088e-12,17730,30,0.5,0.2,rand
DE,ackley,4,590,1.687983086640088e-12,17760,30,0.5,0.2,rand
DE,ackley,4,591,1.687983086640088e-12,17790,30,0.5,0.2,rand
DE,ackley,4,592,1.4783729795908584e-12,17820,30,0.5,0.2,rand
DE,ackley,4,593,1.4783729795908584e-12,17850,30,0.5,0.2,rand
DE,ackley,4,594,1.4783729795908584e-12,17880,30,0.5,0.2,rand
DE,ackley,4,595,1.4357404154452524e-12,17910,30,0.5,0.2,rand
DE,ackley,4,596,1.4215295607300504e-12,17940,30,0.5,0.2,rand
DE,ackley,4,597,1.3433698597964394e-12,17970,30,0.5,0.2,rand
DE,ackley,4,598,1.0449419107771973e-12,18000,30,0.5,0.2,rand
DE,ackley,4,599,1.0236256287043943e-12,18030,30,0.5,0.2,rand
DE,ackley,4,600,1.0236256287043943e-12,18060,30,0.5,0.2,rand
DE,ackley,4,601,9.525713551283843e-13,18090,30,0.5,0.2,rand
DE,ackley,4,602,8.459899447643693e-13,18120,30,0.5,0.2,rand
DE,ackley,4,603,8.459899447643693e-13,18150,30,0.5,0.2,rand
DE,ackley,4,604,8.459899447643693e-13,18180,30,0.5,0.2,rand
DE,ackley,4,605,7.394085344003543e-13,18210,30,0.5,0.2,rand
DE,ackley,4,606,7.394085344003543e-13,18240,30,0.5,0.2,rand
DE,ackley,4,607,7.038813976123492e-13,18270,30,0.5,0.2,rand
DE,ackley,4,608,7.038813976123492e-13,18300,30,0.5,0.2,rand
DE,ackley,4,609,7.038813976123492e-13,18330,30,0.5,0.2,rand
DE,ackley,4,610,5.901945598907332e-13,18360,30,0.5,0.2,rand
DE,ackley,4,611,5.901945598907332e-13,18390,30,0.5,0.2,rand
DE,ackley,4,612,4.942712905631197e-13,18420,30,0.5,0.2,rand
DE,ackley,4,613,4.942712905631197e-13,18450,30,0.5,0.2,rand
DE,ackley,4,614,4.942712905631197e-13,18480,30,0.5,0.2,rand
DE,ackley,4,615,4.338751580235112e-13,18510,30,0.5,0.2,rand
DE,ackley,4,616,4.2676973066591017e-13,18540,30,0.5,0.2,rand
DE,ackley,4,617,4.2676973066591017e-13,18570,30,0.5,0.2,rand
DE,ackley,4,618,4.2676973066591017e-13,18600,30,0.5,0.2,rand
DE,ackley,4,619,3.4505731605349865e-13,18630,30,0.5,0.2,rand
DE,ackley,4,620,3.2729374765949615e-13,18660,30,0.5,0.2,rand
DE,ackley,4,621,3.2729374765949615e-13,18690,30,0.5,0.2,rand
DE,ackley,4,622,2.8821389719269064e-13,18720,30,0.5,0.2,rand
DE,ackley,4,623,2.8821389719269064e-13,18750,30,0.5,0.2,rand
DE,ackley,4,624,2.8821389719269064e-13,18780,30,0.5,0.2,rand
DE,ackley,4,625,2.5268676040468563e-13,18810,30,0.5,0.2,rand
DE,ackley,4,626,2.4913404672588513e-13,18840,30,0.5,0.2,rand
DE,ackley,4,627,2.4913404672588513e-13,18870,30,0.5,0.2,rand
DE,ackley,4,628,2.4558133304708463e-13,18900,30,0.5,0.2,rand
DE,ackley,4,629,2.4202861936828413e-13,18930,30,0.5,0.2,rand
DE,ackley,4,630,2.1005419625907962e-13,18960,30,0.5,0.2,rand
DE,ackley,4,631,1.9939605522267811e-13,18990,30,0.5,0.2,rand
DE,ackley,4,632,1.709743457922741e-13,19020,30,0.5,0.2,rand
DE,ackley,4,633,1.603162047558726e-13,19050,30,0.5,0.2,rand
DE,ackley,4,634,1.389999226830696e-13,19080,30,0.5,0.2,rand
DE,ackley,4,635,1.389999226830696e-13,19110,30,0.5,0.2,rand
DE,ackley,4,636,1.389999226830696e-13,19140,30,0.5,0.2,rand
DE,ackley,4,637,1.389999226830696e-13,19170,30,0.5,0.2,rand
DE,ackley,4,638,1.247890679678676e-13,19200,30,0.5,0.2,rand
DE,ackley,4,639,1.212363542890671e-13,19230,30,0.5,0.2,rand
DE,ackley,4,640,9.636735853746359e-14,19260,30,0.5,0.2,rand
DE,ackley,4,641,9.636735853746359e-14,19290,30,0.5,0.2,rand
DE,ackley,4,642,9.636735853746359e-14,19320,30,0.5,0.2,rand
DE,ackley,4,643,9.636735853746359e-14,19350,30,0.5,0.2,rand
DE,ackley,4,644,7.505107646466058e-14,19380,30,0.5,0.2,rand
DE,ackley,4,645,7.505107646466058e-14,19410,30,0.5,0.2,rand
DE,ackley,4,646,6.084022174945858e-14,19440,30,0.5,0.2,rand
DE,ackley,4,647,5.0182080713057076e-14,19470,30,0.5,0.2,rand
DE,ackley,4,648,3.241851231905457e-14,19500,30,0.5,0.2,rand
DE,ackley,4,649,3.241851231905457e-14,19530,30,0.5,0.2,rand
DE,ackley,4,650,3.241851231905457e-14,19560,30,0.5,0.2,rand
DE,ackley,4,651,3.241851231905457e-14,19590,30,0.5,0.2,rand
DE,ackley,4,652,3.241851231905457e-14,19620,30,0.5,0.2,rand
DE,ackley,4,653,3.241851231905457e-14,19650,30,0.5,0.2,rand
DE,ackley,4,654,3.241851231905457e-14,19680,30,0.5,0.2,rand
DE,ackley,4,655,3.241851231905457e-14,19710,30,0.5,0.2,rand
DE,ackley,4,656,3.241851231905457e-14,19740,30,0.5,0.2,rand
DE,ackley,4,657,3.241851231905457e-14,19770,30,0.5,0.2,rand
DE,ackley,4,658,3.241851231905457e-14,19800,30,0.5,0.2,rand
DE,ackley,4,659,3.241851231905457e-14,19830,30,0.5,0.2,rand
DE,ackley,4,660,3.241851231905457e-14,19860,30,0.5,0.2,rand
DE,ackley,4,661,3.241851231905457e-14,19890,30,0.5,0.2,rand
DE,ackley,4,662,3.241851231905457e-14,19920,30,0.5,0.2,rand
DE,ackley,4,663,2.886579864025407e-14,19950,30,0.5,0.2,rand
DE,ackley,4,664,2.886579864025407e-14,19980,30,0.5,0.2,rand
DE,ackley,4,665,2.531308496145357e-14,20010,30,0.5,0.2,rand
DE,ackley,4,666,2.531308496145357e-14,20040,30,0.5,0.2,rand
DE,ackley,4,667,2.531308496145357e-14,20070,30,0.5,0.2,rand
DE,ackley,4,668,2.531308496145357e-14,20100,30,0.5,0.2,rand
DE,ackley,4,669,2.1760371282653068e-14,20130,30,0.5,0.2,rand
DE,ackley,4,670,2.1760371282653068e-14,20160,30,0.5,0.2,rand
DE,ackley,4,671,2.1760371282653068e-14,20190,30,0.5,0.2,rand
DE,ackley,4,672,2.1760371282653068e-14,20220,30,0.5,0.2,rand
DE,ackley,4,673,1.8207657603852567e-14,20250,30,0.5,0.2,rand
DE,ackley,4,674,1.8207657603852567e-14,20280,30,0.5,0.2,rand
DE,ackley,4,675,1.4654943925052066e-14,20310,30,0.5,0.2,rand
DE,ackley,4,676,1.4654943925052066e-14,20340,30,0.5,0.2,rand
DE,ackley,4,677,1.4654943925052066e-14,20370,30,0.5,0.2,rand
DE,ackley,4,678,1.4654943925052066e-14,20400,30,0.5,0.2,rand
DE,ackley,4,679,1.4654943925052066e-14,20430,30,0.5,0.2,rand
DE,ackley,4,680,1.4654943925052066e-14,20460,30,0.5,0.2,rand
DE,ackley,4,681,1.4654943925052066e-14,20490,30,0.5,0.2,rand
DE,ackley,4,682,1.4654943925052066e-14,20520,30,0.5,0.2,rand
DE,ackley,4,683,1.4654943925052066e-14,20550,30,0.5,0.2,rand
DE,ackley,4,684,1.4654943925052066e-14,20580,30,0.5,0.2,rand
DE,ackley,4,685,1.4654943925052066e-14,20610,30,0.5,0.2,rand
DE,ackley,4,686,1.4654943925052066e-14,20640,30,0.5,0.2,rand
DE,ackley,4,687,1.1102230246251565e-14,20670,30,0.5,0.2,rand
DE,ackley,4,688,1.1102230246251565e-14,20700,30,0.5,0.2,rand
DE,ackley,4,689,1.1102230246251565e-14,20730,30,0.5,0.2,rand
DE,ackley,4,690,1.1102230246251565e-14,20760,30,0.5,0.2,rand
DE,ackley,4,691,1.1102230246251565e-14,20790,30,0.5,0.2,rand
DE,ackley,4,692,7.549516567451064e-15,20820,30,0.5,0.2,rand
DE,ackley,4,693,7.549516567451064e-15,20850,30,0.5,0.2,rand
DE,ackley,4,694,7.549516567451064e-15,20880,30,0.5,0.2,rand
DE,ackley,4,695,7.549516567451064e-15,20910,30,0.5,0.2,rand
DE,ackley,4,696,7.549516567451064e-15,20940,30,0.5,0.2,rand
DE,ackley,4,697,7.549516567451064e-15,20970,30,0.5,0.2,rand
DE,ackley,4,698,7.549516567451064e-15,21000,30,0.5,0.2,rand
DE,ackley,4,699,7.549516567451064e-15,21030,30,0.5,0.2,rand
DE,ackley,4,700,7.549516567451064e-15,21060,30,0.5,0.2,rand
DE,ackley,4,701,7.549516567451064e-15,21090,30,0.5,0.2,rand
DE,ackley,4,702,7.549516567451064e-15,21120,30,0.5,0.2,rand
DE,ackley,4,703,7.549516567451064e-15,21150,30,0.5,0.2,rand
DE,ackley,4,704,7.549516567451064e-15,21180,30,0.5,0.2,rand
DE,ackley,4,705,7.549516567451064e-15,21210,30,0.5,0.2,rand
DE,ackley,4,706,7.549516567451064e-15,21240,30,0.5,0.2,rand
DE,ackley,4,707,7.549516567451064e-15,21270,30,0.5,0.2,rand
DE,ackley,4,708,7.549516567451064e-15,21300,30,0.5,0.2,rand
DE,ackley,4,709,7.549516567451064e-15,21330,30,0.5,0.2,rand
DE,ackley,4,710,7.549516567451064e-15,21360,30,0.5,0.2,rand
DE,ackley,4,711,3.9968028886505635e-15,21390,30,0.5,0.2,rand
DE,ackley,4,712,3.9968028886505635e-15,21420,30,0.5,0.2,rand
DE,ackley,4,713,3.9968028886505635e-15,21450,30,0.5,0.2,rand
DE,ackley,4,714,3.9968028886505635e-15,21480,30,0.5,0.2,rand
DE,ackley,4,715,3.9968028886505635e-15,21510,30,0.5,0.2,rand
DE,ackley,4,716,3.9968028886505635e-15,21540,30,0.5,0.2,rand
DE,ackley,4,717,3.9968028886505635e-15,21570,30,0.5,0.2,rand
DE,ackley,4,718,3.9968028886505635e-15,21600,30,0.5,0.2,rand
DE,ackley,4,719,3.9968028886505635e-15,21630,30,0.5,0.2,rand
DE,ackley,4,720,3.9968028886505635e-15,21660,30,0.5,0.2,rand
DE,ackley,4,721,3.9968028886505635e-15,21690,30,0.5,0.2,rand
DE,ackley,4,722,3.9968028886505635e-15,21720,30,0.5,0.2,rand
DE,ackley,4,723,3.9968028886505635e-15,21750,30,0.5,0.2,rand
DE,ackley,4,724,3.9968028886505635e-15,21780,30,0.5,0.2,rand
DE,ackley,4,725,3.9968028886505635e-15,21810,30,0.5,0.2,rand
DE,ackley,4,726,3.9968028886505635e-15,21840,30,0.5,0.2,rand
DE,ackley,4,727,3.9968028886505635e-15,21870,30,0.5,0.2,rand
DE,ackley,4,728,3.9968028886505635e-15,21900,30,0.5,0.2,rand
DE,ackley,4,729,3.9968028886505635e-15,21930,30,0.5,0.2,rand
DE,ackley,4,730,3.9968028886505635e-15,21960,30,0.5,0.2,rand
DE,ackley,4,731,3.9968028886505635e-15,21990,30,0.5,0.2,rand
DE,ackley,4,732,3.9968028886505635e-15,22020,30,0.5,0.2,rand
DE,ackley,4,733,3.9968028886505635e-15,22050,30,0.5,0.2,rand
DE,ackley,4,734,3.9968028886505635e-15,22080,30,0.5,0.2,rand
DE,ackley,4,735,3.9968028886505635e-15,22110,30,0.5,0.2,rand
DE,ackley,4,736,3.9968028886505635e-15,22140,30,0.5,0.2,rand
DE,ackley,4,737,3.9968028886505635e-15,22170,30,0.5,0.2,rand
DE,ackley,4,738,3.9968028886505635e-15,22200,30,0.5,0.2,rand
DE,ackley,4,739,3.9968028886505635e-15,22230,30,0.5,0.2,rand
DE,ackley,4,740,3.9968028886505635e-15,22260,30,0.5,0.2,rand
DE,ackley,4,741,3.9968028886505635e-15,22290,30,0.5,0.2,rand
DE,ackley,4,742,3.9968028886505635e-15,22320,30,0.5,0.2,rand
DE,ackley,4,743,3.9968028886505635e-15,22350,30,0.5,0.2,rand
DE,ackley,4,744,3.9968028886505635e-15,22380,30,0.5,0.2,rand
DE,ackley,4,745,3.9968028886505635e-15,22410,30,0.5,0.2,rand
DE,ackley,4,746,3.9968028886505635e-15,22440,30,0.5,0.2,rand
DE,ackley,4,747,3.9968028886505635e-15,22470,30,0.5,0.2,rand
DE,ackley,4,748,3.9968028886505635e-15,22500,30,0.5,0.2,rand
DE,ackley,4,749,3.9968028886505635e-15,22530,30,0.5,0.2,rand
DE,ackley,4,750,3.9968028886505635e-15,22560,30,0.5,0.2,rand
DE,ackley,4,751,3.9968028886505635e-15,22590,30,0.5,0.2,rand
DE,ackley,4,752,3.9968028886505635e-15,22620,30,0.5,0.2,rand
DE,ackley,4,753,3.9968028886505635e-15,22650,30,0.5,0.2,rand
DE,ackley,4,754,3.9968028886505635e-15,22680,30,0.5,0.2,rand
DE,ackley,4,755,3.9968028886505635e-15,22710,30,0.5,0.2,rand
DE,ackley,4,756,3.9968028886505635e-15,22740,30,0.5,0.2,rand
DE,ackley,4,757,3.9968028886505635e-15,22770,30,0.5,0.2,rand
DE,ackley,4,758,3.9968028886505635e-15,22800,30,0.5,0.2,rand
DE,ackley,4,759,3.9968028886505635e-15,22830,30,0.5,0.2,rand
DE,ackley,4,760,3.9968028886505635e-15,22860,30,0.5,0.2,rand
DE,ackley,4,761,3.9968028886505635e-15,22890,30,0.5,0.2,rand
DE,ackley,4,762,3.9968028886505635e-15,22920,30,0.5,0.2,rand
DE,ackley,4,763,3.9968028886505635e-15,22950,30,0.5,0.2,rand
DE,ackley,4,764,3.9968028886505635e-15,22980,30,0.5,0.2,rand
DE,ackley,4,765,3.9968028886505635e-15,23010,30,0.5,0.2,rand
DE,ackley,4,766,3.9968028886505635e-15,23040,30,0.5,0.2,rand
DE,ackley,4,767,3.9968028886505635e-15,23070,30,0.5,0.2,rand
DE,ackley,4,768,3.9968028886505635e-15,23100,30,0.5,0.2,rand
DE,ackley,4,769,3.9968028886505635e-15,23130,30,0.5,0.2,rand
DE,ackley,4,770,3.9968028886505635e-15,23160,30,0.5,0.2,rand
DE,ackley,4,771,3.9968028886505635e-15,23190,30,0.5,0.2,rand
DE,ackley,4,772,3.9968028886505635e-15,23220,30,0.5,0.2,rand
DE,ackley,4,773,3.9968028886505635e-15,23250,30,0.5,0.2,rand
DE,ackley,4,774,3.9968028886505635e-15,23280,30,0.5,0.2,rand
DE,ackley,4,775,3.9968028886505635e-15,23310,30,0.5,0.2,rand
DE,ackley,4,776,3.9968028886505635e-15,23340,30,0.5,0.2,rand
DE,ackley,4,777,3.9968028886505635e-15,23370,30,0.5,0.2,rand
DE,ackley,4,778,3.9968028886505635e-15,23400,30,0.5,0.2,rand
DE,ackley,4,779,3.9968028886505635e-15,23430,30,0.5,0.2,rand
DE,ackley,4,780,3.9968028886505635e-15,23460,30,0.5,0.2,rand
DE,ackley,4,781,3.9968028886505635e-15,23490,30,0.5,0.2,rand
DE,ackley,4,782,3.9968028886505635e-15,23520,30,0.5,0.2,rand
DE,ackley,4,783,3.9968028886505635e-15,23550,30,0.5,0.2,rand
DE,ackley,4,784,3.9968028886505635e-15,23580,30,0.5,0.2,rand
DE,ackley,4,785,3.9968028886505635e-15,23610,30,0.5,0.2,rand
DE,ackley,4,786,3.9968028886505635e-15,23640,30,0.5,0.2,rand
DE,ackley,4,787,3.9968028886505635e-15,23670,30,0.5,0.2,rand
DE,ackley,4,788,3.9968028886505635e-15,23700,30,0.5,0.2,rand
DE,ackley,4,789,3.9968028886505635e-15,23730,30,0.5,0.2,rand
DE,ackley,4,790,3.9968028886505635e-15,23760,30,0.5,0.2,rand
DE,ackley,4,791,3.9968028886505635e-15,23790,30,0.5,0.2,rand
DE,ackley,4,792,3.9968028886505635e-15,23820,30,0.5,0.2,rand
DE,ackley,4,793,3.9968028886505635e-15,23850,30,0.5,0.2,rand
DE,ackley,4,794,3.9968028886505635e-15,23880,30,0.5,0.2,rand
DE,ackley,4,795,3.9968028886505635e-15,23910,30,0.5,0.2,rand
DE,ackley,4,796,3.9968028886505635e-15,23940,30,0.5,0.2,rand
DE,ackley,4,797,3.9968028886505635e-15,23970,30,0.5,0.2,rand
DE,ackley,4,798,3.9968028886505635e-15,24000,30,0.5,0.2,rand
DE,ackley,4,799,3.9968028886505635e-15,24030,30,0.5,0.2,rand
DE,ackley,4,800,3.9968028886505635e-15,24060,30,0.5,0.2,rand
DE,ackley,4,801,3.9968028886505635e-15,24090,30,0.5,0.2,rand
DE,ackley,4,802,3.9968028886505635e-15,24120,30,0.5,0.2,rand
DE,ackley,4,803,3.9968028886505635e-15,24150,30,0.5,0.2,rand
DE,ackley,4,804,3.9968028886505635e-15,24180,30,0.5,0.2,rand
DE,ackley,4,805,3.9968028886505635e-15,24210,30,0.5,0.2,rand
DE,ackley,4,806,3.9968028886505635e-15,24240,30,0.5,0.2,rand
DE,ackley,4,807,3.9968028886505635e-15,24270,30,0.5,0.2,rand
DE,ackley,4,808,3.9968028886505635e-15,24300,30,0.5,0.2,rand
DE,ackley,4,809,3.9968028886505635e-15,24330,30,0.5,0.2,rand
DE,ackley,4,810,3.9968028886505635e-15,24360,30,0.5,0.2,rand
DE,ackley,4,811,3.9968028886505635e-15,24390,30,0.5,0.2,rand
DE,ackley,4,812,3.9968028886505635e-15,24420,30,0.5,0.2,rand
DE,ackley,4,813,3.9968028886505635e-15,24450,30,0.5,0.2,rand
DE,ackley,4,814,3.9968028886505635e-15,24480,30,0.5,0.2,rand
DE,ackley,4,815,3.9968028886505635e-15,24510,30,0.5,0.2,rand
DE,ackley,4,816,3.9968028886505635e-15,24540,30,0.5,0.2,rand
DE,ackley,4,817,3.9968028886505635e-15,24570,30,0.5,0.2,rand
DE,ackley,4,818,3.9968028886505635e-15,24600,30,0.5,0.2,rand
DE,ackley,4,819,3.9968028886505635e-15,24630,30,0.5,0.2,rand
DE,ackley,4,820,3.9968028886505635e-15,24660,30,0.5,0.2,rand
DE,ackley,4,821,3.9968028886505635e-15,24690,30,0.5,0.2,rand
DE,ackley,4,822,3.9968028886505635e-15,24720,30,0.5,0.2,rand
DE,ackley,4,823,3.9968028886505635e-15,24750,30,0.5,0.2,rand
DE,ackley,4,824,3.9968028886505635e-15,24780,30,0.5,0.2,rand
DE,ackley,4,825,3.9968028886505635e-15,24810,30,0.5,0.2,rand
DE,ackley,4,826,3.9968028886505635e-15,24840,30,0.5,0.2,rand
DE,ackley,4,827,3.9968028886505635e-15,24870,30,0.5,0.2,rand
DE,ackley,4,828,3.9968028886505635e-15,24900,30,0.5,0.2,rand
DE,ackley,4,829,3.9968028886505635e-15,24930,30,0.5,0.2,rand
DE,ackley,4,830,3.9968028886505635e-15,24960,30,0.5,0.2,rand
DE,ackley,4,831,3.9968028886505635e-15,24990,30,0.5,0.2,rand
DE,ackley,4,832,3.9968028886505635e-15,25020,30,0.5,0.2,rand
DE,ackley,4,833,3.9968028886505635e-15,25050,30,0.5,0.2,rand
DE,ackley,4,834,3.9968028886505635e-15,25080,30,0.5,0.2,rand
DE,ackley,4,835,3.9968028886505635e-15,25110,30,0.5,0.2,rand
DE,ackley,4,836,3.9968028886505635e-15,25140,30,0.5,0.2,rand
DE,ackley,4,837,3.9968028886505635e-15,25170,30,0.5,0.2,rand
DE,ackley,4,838,3.9968028886505635e-15,25200,30,0.5,0.2,rand
DE,ackley,4,839,3.9968028886505635e-15,25230,30,0.5,0.2,rand
DE,ackley,4,840,3.9968028886505635e-15,25260,30,0.5,0.2,rand
DE,ackley,4,841,3.9968028886505635e-15,25290,30,0.5,0.2,rand
DE,ackley,4,842,3.9968028886505635e-15,25320,30,0.5,0.2,rand
DE,ackley,4,843,3.9968028886505635e-15,25350,30,0.5,0.2,rand
DE,ackley,4,844,3.9968028886505635e-15,25380,30,0.5,0.2,rand
DE,ackley,4,845,3.9968028886505635e-15,25410,30,0.5,0.2,rand
DE,ackley,4,846,3.9968028886505635e-15,25440,30,0.5,0.2,rand
DE,ackley,4,847,3.9968028886505635e-15,25470,30,0.5,0.2,rand
DE,ackley,4,848,3.9968028886505635e-15,25500,30,0.5,0.2,rand
DE,ackley,4,849,3.9968028886505635e-15,25530,30,0.5,0.2,rand
DE,ackley,4,850,3.9968028886505635e-15,25560,30,0.5,0.2,rand
DE,ackley,4,851,3.9968028886505635e-15,25590,30,0.5,0.2,rand
DE,ackley,4,852,3.9968028886505635e-15,25620,30,0.5,0.2,rand
DE,ackley,4,853,3.9968028886505635e-15,25650,30,0.5,0.2,rand
DE,ackley,4,854,3.9968028886505635e-15,25680,30,0.5,0.2,rand
DE,ackley,4,855,3.9968028886505635e-15,25710,30,0.5,0.2,rand
DE,ackley,4,856,3.9968028886505635e-15,25740,30,0.5,0.2,rand
DE,ackley,4,857,3.9968028886505635e-15,25770,30,0.5,0.2,rand
DE,ackley,4,858,3.9968028886505635e-15,25800,30,0.5,0.2,rand
DE,ackley,4,859,3.9968028886505635e-15,25830,30,0.5,0.2,rand
DE,ackley,4,860,3.9968028886505635e-15,25860,30,0.5,0.2,rand
DE,ackley,4,861,3.9968028886505635e-15,25890,30,0.5,0.2,rand
DE,ackley,4,862,3.9968028886505635e-15,25920,30,0.5,0.2,rand
DE,ackley,4,863,3.9968028886505635e-15,25950,30,0.5,0.2,rand
DE,ackley,4,864,3.9968028886505635e-15,25980,30,0.5,0.2,rand
DE,ackley,4,865,3.9968028886505635e-15,26010,30,0.5,0.2,rand
DE,ackley,4,866,3.9968028886505635e-15,26040,30,0.5,0.2,rand
DE,ackley,4,867,3.9968028886505635e-15,26070,30,0.5,0.2,rand
DE,ackley,4,868,3.9968028886505635e-15,26100,30,0.5,0.2,rand
DE,ackley,4,869,3.9968028886505635e-15,26130,30,0.5,0.2,rand
DE,ackley,4,870,3.9968028886505635e-15,26160,30,0.5,0.2,rand
DE,ackley,4,871,3.9968028886505635e-15,26190,30,0.5,0.2,rand
DE,ackley,4,872,3.9968028886505635e-15,26220,30,0.5,0.2,rand
DE,ackley,4,873,3.9968028886505635e-15,26250,30,0.5,0.2,rand
DE,ackley,4,874,3.9968028886505635e-15,26280,30,0.5,0.2,rand
DE,ackley,4,875,3.9968028886505635e-15,26310,30,0.5,0.2,rand
DE,ackley,4,876,3.9968028886505635e-15,26340,30,0.5,0.2,rand
DE,ackley,4,877,3.9968028886505635e-15,26370,30,0.5,0.2,rand
DE,ackley,4,878,3.9968028886505635e-15,26400,30,0.5,0.2,rand
DE,ackley,4,879,3.9968028886505635e-15,26430,30,0.5,0.2,rand
DE,ackley,4,880,3.9968028886505635e-15,26460,30,0.5,0.2,rand
DE,ackley,4,881,3.9968028886505635e-15,26490,30,0.5,0.2,rand
DE,ackley,4,882,3.9968028886505635e-15,26520,30,0.5,0.2,rand
DE,ackley,4,883,3.9968028886505635e-15,26550,30,0.5,0.2,rand
DE,ackley,4,884,3.9968028886505635e-15,26580,30,0.5,0.2,rand
DE,ackley,4,885,3.9968028886505635e-15,26610,30,0.5,0.2,rand
DE,ackley,4,886,3.9968028886505635e-15,26640,30,0.5,0.2,rand
DE,ackley,4,887,3.9968028886505635e-15,26670,30,0.5,0.2,rand
DE,ackley,4,888,3.9968028886505635e-15,26700,30,0.5,0.2,rand
DE,ackley,4,889,3.9968028886505635e-15,26730,30,0.5,0.2,rand
DE,ackley,4,890,3.9968028886505635e-15,26760,30,0.5,0.2,rand
DE,ackley,4,891,3.9968028886505635e-15,26790,30,0.5,0.2,rand
DE,ackley,4,892,3.9968028886505635e-15,26820,30,0.5,0.2,rand
DE,ackley,4,893,3.9968028886505635e-15,26850,30,0.5,0.2,rand
DE,ackley,4,894,3.9968028886505635e-15,26880,30,0.5,0.2,rand
DE,ackley,4,895,3.9968028886505635e-15,26910,30,0.5,0.2,rand
DE,ackley,4,896,3.9968028886505635e-15,26940,30,0.5,0.2,rand
DE,ackley,4,897,3.9968028886505635e-15,26970,30,0.5,0.2,rand
DE,ackley,4,898,3.9968028886505635e-15,27000,30,0.5,0.2,rand
DE,ackley,4,899,3.9968028886505635e-15,27030,30,0.5,0.2,rand
DE,ackley,4,900,3.9968028886505635e-15,27060,30,0.5,0.2,rand
DE,ackley,4,901,3.9968028886505635e-15,27090,30,0.5,0.2,rand
DE,ackley,4,902,3.9968028886505635e-15,27120,30,0.5,0.2,rand
DE,ackley,4,903,3.9968028886505635e-15,27150,30,0.5,0.2,rand
DE,ackley,4,904,3.9968028886505635e-15,27180,30,0.5,0.2,rand
DE,ackley,4,905,3.9968028886505635e-15,27210,30,0.5,0.2,rand
DE,ackley,4,906,3.9968028886505635e-15,27240,30,0.5,0.2,rand
DE,ackley,4,907,3.9968028886505635e-15,27270,30,0.5,0.2,rand
DE,ackley,4,908,3.9968028886505635e-15,27300,30,0.5,0.2,rand
DE,ackley,4,909,3.9968028886505635e-15,27330,30,0.5,0.2,rand
DE,ackley,4,910,3.9968028886505635e-15,27360,30,0.5,0.2,rand
DE,ackley,4,911,3.9968028886505635e-15,27390,30,0.5,0.2,rand
DE,ackley,4,912,3.9968028886505635e-15,27420,30,0.5,0.2,rand
DE,ackley,4,913,3.9968028886505635e-15,27450,30,0.5,0.2,rand
DE,ackley,4,914,3.9968028886505635e-15,27480,30,0.5,0.2,rand
DE,ackley,4,915,3.9968028886505635e-15,27510,30,0.5,0.2,rand
DE,ackley,4,916,3.9968028886505635e-15,27540,30,0.5,0.2,rand
DE,ackley,4,917,3.9968028886505635e-15,27570,30,0.5,0.2,rand
DE,ackley,4,918,3.9968028886505635e-15,27600,30,0.5,0.2,rand
DE,ackley,4,919,3.9968028886505635e-15,27630,30,0.5,0.2,rand
DE,ackley,4,920,3.9968028886505635e-15,27660,30,0.5,0.2,rand
DE,ackley,4,921,3.9968028886505635e-15,27690,30,0.5,0.2,rand
DE,ackley,4,922,3.9968028886505635e-15,27720,30,0.5,0.2,rand
DE,ackley,4,923,3.9968028886505635e-15,27750,30,0.5,0.2,rand
DE,ackley,4,924,3.9968028886505635e-15,27780,30,0.5,0.2,rand
DE,ackley,4,925,3.9968028886505635e-15,27810,30,0.5,0.2,rand
DE,ackley,4,926,3.9968028886505635e-15,27840,30,0.5,0.2,rand
DE,ackley,4,927,3.9968028886505635e-15,27870,30,0.5,0.2,rand
DE,ackley,4,928,3.9968028886505635e-15,27900,30,0.5,0.2,rand
DE,ackley,4,929,3.9968028886505635e-15,27930,30,0.5,0.2,rand
DE,ackley,4,930,3.9968028886505635e-15,27960,30,0.5,0.2,rand
DE,ackley,4,931,3.9968028886505635e-15,27990,30,0.5,0.2,rand
DE,ackley,4,932,3.9968028886505635e-15,28020,30,0.5,0.2,rand
DE,ackley,4,933,3.9968028886505635e-15,28050,30,0.5,0.2,rand
DE,ackley,4,934,3.9968028886505635e-15,28080,30,0.5,0.2,rand
DE,ackley,4,935,3.9968028886505635e-15,28110,30,0.5,0.2,rand
DE,ackley,4,936,3.9968028886505635e-15,28140,30,0.5,0.2,rand
DE,ackley,4,937,3.9968028886505635e-15,28170,30,0.5,0.2,rand
DE,ackley,4,938,3.9968028886505635e-15,28200,30,0.5,0.2,rand
DE,ackley,4,939,3.9968028886505635e-15,28230,30,0.5,0.2,rand
DE,ackley,4,940,3.9968028886505635e-15,28260,30,0.5,0.2,rand
DE,ackley,4,941,3.9968028886505635e-15,28290,30,0.5,0.2,rand
DE,ackley,4,942,3.9968028886505635e-15,28320,30,0.5,0.2,rand
DE,ackley,4,943,3.9968028886505635e-15,28350,30,0.5,0.2,rand
DE,ackley,4,944,3.9968028886505635e-15,28380,30,0.5,0.2,rand
DE,ackley,4,945,3.9968028886505635e-15,28410,30,0.5,0.2,rand
DE,ackley,4,946,3.9968028886505635e-15,28440,30,0.5,0.2,rand
DE,ackley,4,947,3.9968028886505635e-15,28470,30,0.5,0.2,rand
DE,ackley,4,948,3.9968028886505635e-15,28500,30,0.5,0.2,rand
DE,ackley,4,949,3.9968028886505635e-15,28530,30,0.5,0.2,rand
DE,ackley,4,950,3.9968028886505635e-15,28560,30,0.5,0.2,rand
DE,ackley,4,951,3.9968028886505635e-15,28590,30,0.5,0.2,rand
DE,ackley,4,952,3.9968028886505635e-15,28620,30,0.5,0.2,rand
DE,ackley,4,953,3.9968028886505635e-15,28650,30,0.5,0.2,rand
DE,ackley,4,954,3.9968028886505635e-15,28680,30,0.5,0.2,rand
DE,ackley,4,955,3.9968028886505635e-15,28710,30,0.5,0.2,rand
DE,ackley,4,956,3.9968028886505635e-15,28740,30,0.5,0.2,rand
DE,ackley,4,957,3.9968028886505635e-15,28770,30,0.5,0.2,rand
DE,ackley,4,958,3.9968028886505635e-15,28800,30,0.5,0.2,rand
DE,ackley,4,959,3.9968028886505635e-15,28830,30,0.5,0.2,rand
DE,ackley,4,960,3.9968028886505635e-15,28860,30,0.5,0.2,rand
DE,ackley,4,961,3.9968028886505635e-15,28890,30,0.5,0.2,rand
DE,ackley,4,962,3.9968028886505635e-15,28920,30,0.5,0.2,rand
DE,ackley,4,963,3.9968028886505635e-15,28950,30,0.5,0.2,rand
DE,ackley,4,964,3.9968028886505635e-15,28980,30,0.5,0.2,rand
DE,ackley,4,965,3.9968028886505635e-15,29010,30,0.5,0.2,rand
DE,ackley,4,966,3.9968028886505635e-15,29040,30,0.5,0.2,rand
DE,ackley,4,967,3.9968028886505635e-15,29070,30,0.5,0.2,rand
DE,ackley,4,968,3.9968028886505635e-15,29100,30,0.5,0.2,rand
DE,ackley,4,969,3.9968028886505635e-15,29130,30,0.5,0.2,rand
DE,ackley,4,970,3.9968028886505635e-15,29160,30,0.5,0.2,rand
DE,ackley,4,971,3.9968028886505635e-15,29190,30,0.5,0.2,rand
DE,ackley,4,972,3.9968028886505635e-15,29220,30,0.5,0.2,rand
DE,ackley,4,973,3.9968028886505635e-15,29250,30,0.5,0.2,rand
DE,ackley,4,974,3.9968028886505635e-15,29280,30,0.5,0.2,rand
DE,ackley,4,975,3.9968028886505635e-15,29310,30,0.5,0.2,rand
DE,ackley,4,976,3.9968028886505635e-15,29340,30,0.5,0.2,rand
DE,ackley,4,977,3.9968028886505635e-15,29370,30,0.5,0.2,rand
DE,ackley,4,978,3.9968028886505635e-15,29400,30,0.5,0.2,rand
DE,ackley,4,979,3.9968028886505635e-15,29430,30,0.5,0.2,rand
DE,ackley,4,980,3.9968028886505635e-15,29460,30,0.5,0.2,rand
DE,ackley,4,981,3.9968028886505635e-15,29490,30,0.5,0.2,rand
DE,ackley,4,982,3.9968028886505635e-15,29520,30,0.5,0.2,rand
DE,ackley,4,983,3.9968028886505635e-15,29550,30,0.5,0.2,rand
DE,ackley,4,984,3.9968028886505635e-15,29580,30,0.5,0.2,rand
DE,ackley,4,985,3.9968028886505635e-15,29610,30,0.5,0.2,rand
DE,ackley,4,986,3.9968028886505635e-15,29640,30,0.5,0.2,rand
DE,ackley,4,987,3.9968028886505635e-15,29670,30,0.5,0.2,rand
DE,ackley,4,988,3.9968028886505635e-15,29700,30,0.5,0.2,rand
DE,ackley,4,989,3.9968028886505635e-15,29730,30,0.5,0.2,rand
DE,ackley,4,990,3.9968028886505635e-15,29760,30,0.5,0.2,rand
DE,ackley,4,991,3.9968028886505635e-15,29790,30,0.5,0.2,rand
DE,ackley,4,992,3.9968028886505635e-15,29820,30,0.5,0.2,rand
DE,ackley,4,993,3.9968028886505635e-15,29850,30,0.5,0.2,rand
DE,ackley,4,994,3.9968028886505635e-15,29880,30,0.5,0.2,rand
DE,ackley,4,995,3.9968028886505635e-15,29910,30,0.5,0.2,rand
DE,ackley,4,996,3.9968028886505635e-15,29940,30,0.5,0.2,rand
DE,ackley,4,997,3.9968028886505635e-15,29970,30,0.5,0.2,rand
DE,ackley,4,998,3.9968028886505635e-15,30000,30,0.5,0.2,rand
DE,ackley,4,999,3.9968028886505635e-15,30030,30,0.5,0.2,rand
DE,ackley,4,1000,3.9968028886505635e-15,30060,30,0.5,0.2,rand
DE,ackley,4,1001,3.9968028886505635e-15,30090,30,0.5,0.2,rand
DE,ackley,4,1002,3.9968028886505635e-15,30120,30,0.5,0.2,rand
DE,ackley,4,1003,3.9968028886505635e-15,30150,30,0.5,0.2,rand
DE,ackley,4,1004,3.9968028886505635e-15,30180,30,0.5,0.2,rand
DE,ackley,4,1005,3.9968028886505635e-15,30210,30,0.5,0.2,rand
DE,ackley,4,1006,3.9968028886505635e-15,30240,30,0.5,0.2,rand
DE,ackley,4,1007,3.9968028886505635e-15,30270,30,0.5,0.2,rand
DE,ackley,4,1008,3.9968028886505635e-15,30300,30,0.5,0.2,rand
DE,ackley,4,1009,3.9968028886505635e-15,30330,30,0.5,0.2,rand
DE,ackley,4,1010,3.9968028886505635e-15,30360,30,0.5,0.2,rand
DE,ackley,4,1011,3.9968028886505635e-15,30390,30,0.5,0.2,rand
DE,ackley,4,1012,3.9968028886505635e-15,30420,30,0.5,0.2,rand
DE,ackley,4,1013,3.9968028886505635e-15,30450,30,0.5,0.2,rand
DE,ackley,4,1014,3.9968028886505635e-15,30480,30,0.5,0.2,rand
DE,ackley,4,1015,3.9968028886505635e-15,30510,30,0.5,0.2,rand
DE,ackley,4,1016,3.9968028886505635e-15,30540,30,0.5,0.2,rand
DE,ackley,4,1017,3.9968028886505635e-15,30570,30,0.5,0.2,rand
DE,ackley,4,1018,3.9968028886505635e-15,30600,30,0.5,0.2,rand
DE,ackley,4,1019,3.9968028886505635e-15,30630,30,0.5,0.2,rand
DE,ackley,4,1020,3.9968028886505635e-15,30660,30,0.5,0.2,rand
DE,ackley,4,1021,3.9968028886505635e-15,30690,30,0.5,0.2,rand
DE,ackley,4,1022,3.9968028886505635e-15,30720,30,0.5,0.2,rand
DE,ackley,4,1023,3.9968028886505635e-15,30750,30,0.5,0.2,rand
DE,ackley,4,1024,3.9968028886505635e-15,30780,30,0.5,0.2,rand
DE,ackley,4,1025,3.9968028886505635e-15,30810,30,0.5,0.2,rand
DE,ackley,4,1026,3.9968028886505635e-15,30840,30,0.5,0.2,rand
DE,ackley,4,1027,3.9968028886505635e-15,30870,30,0.5,0.2,rand
DE,ackley,4,1028,3.9968028886505635e-15,30900,30,0.5,0.2,rand
DE,ackley,4,1029,3.9968028886505635e-15,30930,30,0.5,0.2,rand
DE,ackley,4,1030,3.9968028886505635e-15,30960,30,0.5,0.2,rand
DE,ackley,4,1031,3.9968028886505635e-15,30990,30,0.5,0.2,rand
DE,ackley,4,1032,3.9968028886505635e-15,31020,30,0.5,0.2,rand
DE,ackley,4,1033,3.9968028886505635e-15,31050,30,0.5,0.2,rand
DE,ackley,4,1034,3.9968028886505635e-15,31080,30,0.5,0.2,rand
DE,ackley,4,1035,3.9968028886505635e-15,31110,30,0.5,0.2,rand
DE,ackley,4,1036,3.9968028886505635e-15,31140,30,0.5,0.2,rand
DE,ackley,4,1037,3.9968028886505635e-15,31170,30,0.5,0.2,rand
DE,ackley,4,1038,3.9968028886505635e-15,31200,30,0.5,0.2,rand
DE,ackley,4,1039,3.9968028886505635e-15,31230,30,0.5,0.2,rand
DE,ackley,4,1040,3.9968028886505635e-15,31260,30,0.5,0.2,rand
DE,ackley,4,1041,3.9968028886505635e-15,31290,30,0.5,0.2,rand
DE,ackley,4,1042,3.9968028886505635e-15,31320,30,0.5,0.2,rand
DE,ackley,4,1043,3.9968028886505635e-15,31350,30,0.5,0.2,rand
DE,ackley,4,1044,3.9968028886505635e-15,31380,30,0.5,0.2,rand
DE,ackley,4,1045,3.9968028886505635e-15,31410,30,0.5,0.2,rand
DE,ackley,4,1046,3.9968028886505635e-15,31440,30,0.5,0.2,rand
DE,ackley,4,1047,3.9968028886505635e-15,31470,30,0.5,0.2,rand
DE,ackley,4,1048,3.9968028886505635e-15,31500,30,0.5,0.2,rand
DE,ackley,4,1049,3.9968028886505635e-15,31530,30,0.5,0.2,rand
DE,ackley,4,1050,3.9968028886505635e-15,31560,30,0.5,0.2,rand
DE,ackley,4,1051,3.9968028886505635e-15,31590,30,0.5,0.2,rand
DE,ackley,4,1052,3.9968028886505635e-15,31620,30,0.5,0.2,rand
DE,ackley,4,1053,3.9968028886505635e-15,31650,30,0.5,0.2,rand
DE,ackley,4,1054,3.9968028886505635e-15,31680,30,0.5,0.2,rand
DE,ackley,4,1055,3.9968028886505635e-15,31710,30,0.5,0.2,rand
DE,ackley,4,1056,3.9968028886505635e-15,31740,30,0.5,0.2,rand
DE,ackley,4,1057,3.9968028886505635e-15,31770,30,0.5,0.2,rand
DE,ackley,4,1058,3.9968028886505635e-15,31800,30,0.5,0.2,rand
DE,ackley,4,1059,3.9968028886505635e-15,31830,30,0.5,0.2,rand
DE,ackley,4,1060,3.9968028886505635e-15,31860,30,0.5,0.2,rand
DE,ackley,4,1061,3.9968028886505635e-15,31890,30,0.5,0.2,rand
DE,ackley,4,1062,3.9968028886505635e-15,31920,30,0.5,0.2,rand
DE,ackley,4,1063,3.9968028886505635e-15,31950,30,0.5,0.2,rand
DE,ackley,4,1064,3.9968028886505635e-15,31980,30,0.5,0.2,rand
DE,ackley,4,1065,3.9968028886505635e-15,32010,30,0.5,0.2,rand
DE,ackley,4,1066,3.9968028886505635e-15,32040,30,0.5,0.2,rand
DE,ackley,4,1067,3.9968028886505635e-15,32070,30,0.5,0.2,rand
DE,ackley,4,1068,3.9968028886505635e-15,32100,30,0.5,0.2,rand
DE,ackley,4,1069,3.9968028886505635e-15,32130,30,0.5,0.2,rand
DE,ackley,4,1070,3.9968028886505635e-15,32160,30,0.5,0.2,rand
DE,ackley,4,1071,3.9968028886505635e-15,32190,30,0.5,0.2,rand
DE,ackley,4,1072,3.9968028886505635e-15,32220,30,0.5,0.2,rand
DE,ackley,4,1073,3.9968028886505635e-15,32250,30,0.5,0.2,rand
DE,ackley,4,1074,3.9968028886505635e-15,32280,30,0.5,0.2,rand
DE,ackley,4,1075,3.9968028886505635e-15,32310,30,0.5,0.2,rand
DE,ackley,4,1076,3.9968028886505635e-15,32340,30,0.5,0.2,rand
DE,ackley,4,1077,3.9968028886505635e-15,32370,30,0.5,0.2,rand
DE,ackley,4,1078,3.9968028886505635e-15,32400,30,0.5,0.2,rand
DE,ackley,4,1079,3.9968028886505635e-15,32430,30,0.5,0.2,rand
DE,ackley,4,1080,3.9968028886505635e-15,32460,30,0.5,0.2,rand
DE,ackley,4,1081,3.9968028886505635e-15,32490,30,0.5,0.2,rand
DE,ackley,4,1082,3.9968028886505635e-15,32520,30,0.5,0.2,rand
DE,ackley,4,1083,3.9968028886505635e-15,32550,30,0.5,0.2,rand
DE,ackley,4,1084,3.9968028886505635e-15,32580,30,0.5,0.2,rand
DE,ackley,4,1085,3.9968028886505635e-15,32610,30,0.5,0.2,rand
DE,ackley,4,1086,3.9968028886505635e-15,32640,30,0.5,0.2,rand
DE,ackley,4,1087,3.9968028886505635e-15,32670,30,0.5,0.2,rand
DE,ackley,4,1088,3.9968028886505635e-15,32700,30,0.5,0.2,rand
DE,ackley,4,1089,3.9968028886505635e-15,32730,30,0.5,0.2,rand
DE,ackley,4,1090,3.9968028886505635e-15,32760,30,0.5,0.2,rand
DE,ackley,4,1091,3.9968028886505635e-15,32790,30,0.5,0.2,rand
DE,ackley,4,1092,3.9968028886505635e-15,32820,30,0.5,0.2,rand
DE,ackley,4,1093,3.9968028886505635e-15,32850,30,0.5,0.2,rand
DE,ackley,4,1094,3.9968028886505635e-15,32880,30,0.5,0.2,rand
DE,ackley,4,1095,3.9968028886505635e-15,32910,30,0.5,0.2,rand
DE,ackley,4,1096,3.9968028886505635e-15,32940,30,0.5,0.2,rand
DE,ackley,4,1097,3.9968028886505635e-15,32970,30,0.5,0.2,rand
DE,ackley,4,1098,3.9968028886505635e-15,33000,30,0.5,0.2,rand
DE,ackley,4,1099,3.9968028886505635e-15,33030,30,0.5,0.2,rand
DE,ackley,4,1100,3.9968028886505635e-15,33060,30,0.5,0.2,rand
DE,ackley,4,1101,3.9968028886505635e-15,33090,30,0.5,0.2,rand
DE,ackley,4,1102,3.9968028886505635e-15,33120,30,0.5,0.2,rand
DE,ackley,4,1103,3.9968028886505635e-15,33150,30,0.5,0.2,rand
DE,ackley,4,1104,3.9968028886505635e-15,33180,30,0.5,0.2,rand
DE,ackley,4,1105,3.9968028886505635e-15,33210,30,0.5,0.2,rand
DE,ackley,4,1106,3.9968028886505635e-15,33240,30,0.5,0.2,rand
DE,ackley,4,1107,3.9968028886505635e-15,33270,30,0.5,0.2,rand
DE,ackley,4,1108,3.9968028886505635e-15,33300,30,0.5,0.2,rand
DE,ackley,4,1109,3.9968028886505635e-15,33330,30,0.5,0.2,rand
DE,ackley,4,1110,3.9968028886505635e-15,33360,30,0.5,0.2,rand
DE,ackley,4,1111,3.9968028886505635e-15,33390,30,0.5,0.2,rand
DE,ackley,4,1112,3.9968028886505635e-15,33420,30,0.5,0.2,rand
DE,ackley,4,1113,3.9968028886505635e-15,33450,30,0.5,0.2,rand
DE,ackley,4,1114,3.9968028886505635e-15,33480,30,0.5,0.2,rand
DE,ackley,4,1115,3.9968028886505635e-15,33510,30,0.5,0.2,rand
DE,ackley,4,1116,3.9968028886505635e-15,33540,30,0.5,0.2,rand
DE,ackley,4,1117,3.9968028886505635e-15,33570,30,0.5,0.2,rand
DE,ackley,4,1118,3.9968028886505635e-15,33600,30,0.5,0.2,rand
DE,ackley,4,1119,3.9968028886505635e-15,33630,30,0.5,0.2,rand
DE,ackley,4,1120,3.9968028886505635e-15,33660,30,0.5,0.2,rand
DE,ackley,4,1121,3.9968028886505635e-15,33690,30,0.5,0.2,rand
DE,ackley,4,1122,3.9968028886505635e-15,33720,30,0.5,0.2,rand
DE,ackley,4,1123,3.9968028886505635e-15,33750,30,0.5,0.2,rand
DE,ackley,4,1124,3.9968028886505635e-15,33780,30,0.5,0.2,rand
DE,ackley,4,1125,3.9968028886505635e-15,33810,30,0.5,0.2,rand
DE,ackley,4,1126,3.9968028886505635e-15,33840,30,0.5,0.2,rand
DE,ackley,4,1127,3.9968028886505635e-15,33870,30,0.5,0.2,rand
DE,ackley,4,1128,3.9968028886505635e-15,33900,30,0.5,0.2,rand
DE,ackley,4,1129,3.9968028886505635e-15,33930,30,0.5,0.2,rand
DE,ackley,4,1130,3.9968028886505635e-15,33960,30,0.5,0.2,rand
DE,ackley,4,1131,3.9968028886505635e-15,33990,30,0.5,0.2,rand
DE,ackley,4,1132,3.9968028886505635e-15,34020,30,0.5,0.2,rand
DE,ackley,4,1133,3.9968028886505635e-15,34050,30,0.5,0.2,rand
DE,ackley,4,1134,3.9968028886505635e-15,34080,30,0.5,0.2,rand
DE,ackley,4,1135,3.9968028886505635e-15,34110,30,0.5,0.2,rand
DE,ackley,4,1136,3.9968028886505635e-15,34140,30,0.5,0.2,rand
DE,ackley,4,1137,3.9968028886505635e-15,34170,30,0.5,0.2,rand
DE,ackley,4,1138,3.9968028886505635e-15,34200,30,0.5,0.2,rand
DE,ackley,4,1139,3.9968028886505635e-15,34230,30,0.5,0.2,rand
DE,ackley,4,1140,3.9968028886505635e-15,34260,30,0.5,0.2,rand
DE,ackley,4,1141,3.9968028886505635e-15,34290,30,0.5,0.2,rand
DE,ackley,4,1142,3.9968028886505635e-15,34320,30,0.5,0.2,rand
DE,ackley,4,1143,3.9968028886505635e-15,34350,30,0.5,0.2,rand
DE,ackley,4,1144,3.9968028886505635e-15,34380,30,0.5,0.2,rand
DE,ackley,4,1145,3.9968028886505635e-15,34410,30,0.5,0.2,rand
DE,ackley,4,1146,3.9968028886505635e-15,34440,30,0.5,0.2,rand
DE,ackley,4,1147,3.9968028886505635e-15,34470,30,0.5,0.2,rand
DE,ackley,4,1148,3.9968028886505635e-15,34500,30,0.5,0.2,rand
DE,ackley,4,1149,3.9968028886505635e-15,34530,30,0.5,0.2,rand
DE,ackley,4,1150,3.9968028886505635e-15,34560,30,0.5,0.2,rand
DE,ackley,4,1151,3.9968028886505635e-15,34590,30,0.5,0.2,rand
DE,ackley,4,1152,3.9968028886505635e-15,34620,30,0.5,0.2,rand
DE,ackley,4,1153,3.9968028886505635e-15,34650,30,0.5,0.2,rand
DE,ackley,4,1154,3.9968028886505635e-15,34680,30,0.5,0.2,rand
DE,ackley,4,1155,3.9968028886505635e-15,34710,30,0.5,0.2,rand
DE,ackley,4,1156,3.9968028886505635e-15,34740,30,0.5,0.2,rand
DE,ackley,4,1157,3.9968028886505635e-15,34770,30,0.5,0.2,rand
DE,ackley,4,1158,3.9968028886505635e-15,34800,30,0.5,0.2,rand
DE,ackley,4,1159,3.9968028886505635e-15,34830,30,0.5,0.2,rand
DE,ackley,4,1160,3.9968028886505635e-15,34860,30,0.5,0.2,rand
DE,ackley,4,1161,3.9968028886505635e-15,34890,30,0.5,0.2,rand
DE,ackley,4,1162,3.9968028886505635e-15,34920,30,0.5,0.2,rand
DE,ackley,4,1163,3.9968028886505635e-15,34950,30,0.5,0.2,rand
DE,ackley,4,1164,3.9968028886505635e-15,34980,30,0.5,0.2,rand
DE,ackley,4,1165,3.9968028886505635e-15,35010,30,0.5,0.2,rand
DE,ackley,4,1166,3.9968028886505635e-15,35040,30,0.5,0.2,rand
DE,ackley,4,1167,3.9968028886505635e-15,35070,30,0.5,0.2,rand
DE,ackley,4,1168,3.9968028886505635e-15,35100,30,0.5,0.2,rand
DE,ackley,4,1169,3.9968028886505635e-15,35130,30,0.5,0.2,rand
DE,ackley,4,1170,3.9968028886505635e-15,35160,30,0.5,0.2,rand
DE,ackley,4,1171,3.9968028886505635e-15,35190,30,0.5,0.2,rand
DE,ackley,4,1172,3.9968028886505635e-15,35220,30,0.5,0.2,rand
DE,ackley,4,1173,3.9968028886505635e-15,35250,30,0.5,0.2,rand
DE,ackley,4,1174,3.9968028886505635e-15,35280,30,0.5,0.2,rand
DE,ackley,4,1175,3.9968028886505635e-15,35310,30,0.5,0.2,rand
DE,ackley,4,1176,3.9968028886505635e-15,35340,30,0.5,0.2,rand
DE,ackley,4,1177,3.9968028886505635e-15,35370,30,0.5,0.2,rand
DE,ackley,4,1178,3.9968028886505635e-15,35400,30,0.5,0.2,rand
DE,ackley,4,1179,3.9968028886505635e-15,35430,30,0.5,0.2,rand
DE,ackley,4,1180,3.9968028886505635e-15,35460,30,0.5,0.2,rand
DE,ackley,4,1181,3.9968028886505635e-15,35490,30,0.5,0.2,rand
DE,ackley,4,1182,3.9968028886505635e-15,35520,30,0.5,0.2,rand
DE,ackley,4,1183,3.9968028886505635e-15,35550,30,0.5,0.2,rand
DE,ackley,4,1184,3.9968028886505635e-15,35580,30,0.5,0.2,rand
DE,ackley,4,1185,3.9968028886505635e-15,35610,30,0.5,0.2,rand
DE,ackley,4,1186,3.9968028886505635e-15,35640,30,0.5,0.2,rand
DE,ackley,4,1187,3.9968028886505635e-15,35670,30,0.5,0.2,rand
DE,ackley,4,1188,3.9968028886505635e-15,35700,30,0.5,0.2,rand
DE,ackley,4,1189,3.9968028886505635e-15,35730,30,0.5,0.2,rand
DE,ackley,4,1190,3.9968028886505635e-15,35760,30,0.5,0.2,rand
DE,ackley,4,1191,3.9968028886505635e-15,35790,30,0.5,0.2,rand
DE,ackley,4,1192,3.9968028886505635e-15,35820,30,0.5,0.2,rand
DE,ackley,4,1193,3.9968028886505635e-15,35850,30,0.5,0.2,rand
DE,ackley,4,1194,3.9968028886505635e-15,35880,30,0.5,0.2,rand
DE,ackley,4,1195,3.9968028886505635e-15,35910,30,0.5,0.2,rand
DE,ackley,4,1196,3.9968028886505635e-15,35940,30,0.5,0.2,rand
DE,ackley,4,1197,3.9968028886505635e-15,35970,30,0.5,0.2,rand
DE,ackley,4,1198,3.9968028886505635e-15,36000,30,0.5,0.2,rand
DE,ackley,4,1199,3.9968028886505635e-15,36030,30,0.5,0.2,rand
