algoritmo,funcion,ejecucion,generacion,mejor_fitness,evaluaciones,np,F,CR,variante
DE,potencias,0,0,990931.83584231,60,30,0.8,0.2,best
DE,potencias,0,1,67050.56136309548,90,30,0.8,0.2,best
DE,potencias,0,2,67050.56136309548,120,30,0.8,0.2,best
DE,potencias,0,3,67050.56136309548,150,30,0.8,0.2,best
DE,potencias,0,4,67050.56136309548,180,30,0.8,0.2,best
DE,potencias,0,5,67050.56136309548,210,30,0.8,0.2,best
DE,potencias,0,6,67050.56136309548,240,30,0.8,0.2,best
DE,potencias,0,7,67024.69055551011,270,30,0.8,0.2,best
DE,potencias,0,8,25209.433042505883,300,30,0.8,0.2,best
DE,potencias,0,9,25209.433042505883,330,30,0.8,0.2,best
DE,potencias,0,10,25209.433042505883,360,30,0.8,0.2,best
DE,potencias,0,11,25209.433042505883,390,30,0.8,0.2,best
DE,potencias,0,12,4707.823383865307,420,30,0.8,0.2,best
DE,potencias,0,13,1710.88091007309,450,30,0.8,0.2,best
DE,potencias,0,14,894.3871401831879,480,30,0.8,0.2,best
DE,potencias,0,15,893.8545964502437,510,30,0.8,0.2,best
DE,potencias,0,16,893.8545964502437,540,30,0.8,0.2,best
DE,potencias,0,17,893.8545964502437,570,30,0.8,0.2,best
DE,potencias,0,18,893.2634716861337,600,30,0.8,0.2,best
DE,potencias,0,19,893.2634716861337,630,30,0.8,0.2,best
DE,potencias,0,20,366.8369798039893,660,30,0.8,0.2,best
DE,potencias,0,21,366.8369798039893,690,30,0.8,0.2,best
DE,potencias,0,22,351.22642352321077,720,30,0.8,0.2,best
DE,potencias,0,23,263.8366994400191,750,30,0.8,0.2,best
DE,potencias,0,24,263.8366994400191,780,30,0.8,0.2,best
DE,potencias,0,25,208.73635904626587,810,30,0.8,0.2,best
DE,potencias,0,26,21.03855427814411,840,30,0.8,0.2,best
DE,potencias,0,27,21.03855427814411,870,30,0.8,0.2,best
DE,potencias,0,28,21.03855427814411,900,30,0.8,0.2,best
DE,potencias,0,29,21.03855427814411,930,30,0.8,0.2,best
DE,potencias,0,30,21.03855427814411,960,30,0.8,0.2,best
DE,potencias,0,31,21.03855427814411,990,30,0.8,0.2,best
DE,potencias,0,32,21.03855427814411,1020,30,0.8,0.2,best
DE,potencias,0,33,21.03855427814411,1050,30,0.8,0.2,best
DE,potencias,0,34,13.595451093359756,1080,30,0.8,0.2,best
DE,potencias,0,35,13.595451093359756,1110,30,0.8,0.2,best
DE,potencias,0,36,12.385775537463292,1140,30,0.8,0.2,best
DE,potencias,0,37,12.385775537463292,1170,30,0.8,0.2,best
DE,potencias,0,38,12.385775537463292,1200,30,0.8,0.2,best
DE,potencias,0,39,12.385775537463292,1230,30,0.8,0.2,best
DE,potencias,0,40,5.365203433281527,1260,30,0.8,0.2,best
DE,potencias,0,41,4.10333534940519,1290,30,0.8,0.2,best
DE,potencias,0,42,1.4421002335251654,1320,30,0.8,0.2,best
DE,potencias,0,43,1.4421002335251654,1350,30,0.8,0.2,best
DE,potencias,0,44,1.4421002335251654,1380,30,0.8,0.2,best
DE,potencias,0,45,0.9039611392910167,1410,30,0.8,0.2,best
DE,potencias,0,46,0.9039611392910167,1440,30,0.8,0.2,best
DE,potencias,0,47,0.9039611392910167,1470,30,0.8,0.2,best
DE,potencias,0,48,0.9039611392910167,1500,30,0.8,0.2,best
DE,potencias,0,49,0.8638444952413619,1530,30,0.8,0.2,best
DE,potencias,0,50,0.8638444952413619,1560,30,0.8,0.2,best
DE,potencias,0,51,0.8638444952413619,1590,30,0.8,0.2,best
DE,potencias,0,52,0.8638444952413619,1620,30,0.8,0.2,best
DE,potencias,0,53,0.8638444952413619,1650,30,0.8,0.2,best
DE,potencias,0,54,0.8638444952413619,1680,30,0.8,0.2,best
DE,potencias,0,55,0.8638444952413619,1710,30,0.8,0.2,best
DE,potencias,0,56,0.8638444952413619,1740,30,0.8,0.2,best
DE,potencias,0,57,0.36678273219557805,1770,30,0.8,0.2,best
DE,potencias,0,58,0.36678273219557805,1800,30,0.8,0.2,best
DE,potencias,0,59,0.36678273219557805,1830,30,0.8,0.2,best
DE,potencias,0,60,0.3329202729266838,1860,30,0.8,0.2,best
DE,potencias,0,61,0.17172277503732816,1890,30,0.8,0.2,best
DE,potencias,0,62,0.11406118114072192,1920,30,0.8,0.2,best
DE,potencias,0,63,0.11406118114072192,1950,30,0.8,0.2,best
DE,potencias,0,64,0.04275610917599619,1980,30,0.8,0.2,best
DE,potencias,0,65,0.032843476929285506,2010,30,0.8,0.2,best
DE,potencias,0,66,0.019653612559288637,2040,30,0.8,0.2,best
DE,potencias,0,67,0.019653612559288637,2070,30,0.8,0.2,best
DE,potencias,0,68,0.019653612559288637,2100,30,0.8,0.2,best
DE,potencias,0,69,0.01467748198010418,2130,30,0.8,0.2,best
DE,potencias,0,70,0.01467748198010418,2160,30,0.8,0.2,best
DE,potencias,0,71,0.01467748198010418,2190,30,0.8,0.2,best
DE,potencias,0,72,0.01467748198010418,2220,30,0.8,0.2,best
DE,potencias,0,73,0.01467748198010418,2250,30,0.8,0.2,best
DE,potencias,0,74,0.01467748198010418,2280,30,0.8,0.2,best
DE,potencias,0,75,0.013571169727288415,2310,30,0.8,0.2,best
DE,potencias,0,76,0.009616771788425578,2340,30,0.8,0.2,best
DE,potencias,0,77,0.009616771788425578,2370,30,0.8,0.2,best
DE,potencias,0,78,0.009466249818661935,2400,30,0.8,0.2,best
DE,potencias,0,79,0.008848061162438454,2430,30,0.8,0.2,best
DE,potencias,0,80,0.002176897702434075,2460,30,0.8,0.2,best
DE,potencias,0,81,0.0014895472482361902,2490,30,0.8,0.2,best
DE,potencias,0,82,0.0014895472482361902,2520,30,0.8,0.2,best
DE,potencias,0,83,0.0013330920574036336,2550,30,0.8,0.2,best
DE,potencias,0,84,0.001329127257396167,2580,30,0.8,0.2,best
DE,potencias,0,85,0.0013173235481402168,2610,30,0.8,0.2,best
DE,potencias,0,86,0.0004804208796984428,2640,30,0.8,0.2,best
DE,potencias,0,87,0.0004804208796984428,2670,30,0.8,0.2,best
DE,potencias,0,88,0.0004804208796984428,2700,30,0.8,0.2,best
DE,potencias,0,89,0.0004804208796984428,2730,30,0.8,0.2,best
DE,potencias,0,90,0.00027833060087665646,2760,30,0.8,0.2,best
DE,potencias,0,91,0.00027833060087665646,2790,30,0.8,0.2,best
DE,potencias,0,92,0.00023317636288795878,2820,30,0.8,0.2,best
DE,potencias,0,93,0.00012578051545489055,2850,30,0.8,0.2,best
DE,potencias,0,94,0.00012578051545489055,2880,30,0.8,0.2,best
DE,potencias,0,95,0.00012578051545489055,2910,30,0.8,0.2,best
DE,potencias,0,96,4.773065461130103e-05,2940,30,0.8,0.2,best
DE,potencias,0,97,4.7717289183348306e-05,2970,30,0.8,0.2,best
DE,potencias,0,98,4.7717289183348306e-05,3000,30,0.8,0.2,best
DE,potencias,0,99,4.7717289183348306e-05,3030,30,0.8,0.2,best
DE,potencias,0,100,4.7717289183348306e-05,3060,30,0.8,0.2,best
DE,potencias,0,101,4.7717289183348306e-05,3090,30,0.8,0.2,best
DE,potencias,0,102,1.5808165344547466e-05,3120,30,0.8,0.2,best
DE,potencias,0,103,1.5808165344547466e-05,3150,30,0.8,0.2,best
DE,potencias,0,104,1.5808165344547466e-05,3180,30,0.8,0.2,best
DE,potencias,0,105,6.522119136359295e-06,3210,30,0.8,0.2,best
DE,potencias,0,106,6.522119136359295e-06,3240,30,0.8,0.2,best
DE,potencias,0,107,6.522119136359295e-06,3270,30,0.8,0.2,best
DE,potencias,0,108,6.205139974201477e-06,3300,30,0.8,0.2,best
DE,potencias,0,109,6.205139974201477e-06,3330,30,0.8,0.2,best
DE,potencias,0,110,1.946849051725599e-06,3360,30,0.8,0.2,best
DE,potencias,0,111,1.946849051725599e-06,3390,30,0.8,0.2,best
DE,potencias,0,112,1.946849051725599e-06,3420,30,0.8,0.2,best
DE,potencias,0,113,1.946849051725599e-06,3450,30,0.8,0.2,best
DE,potencias,0,114,1.946849051725599e-06,3480,30,0.8,0.2,best
DE,potencias,0,115,1.946849051725599e-06,3510,30,0.8,0.2,best
DE,potencias,0,116,1.946849051725599e-06,3540,30,0.8,0.2,best
DE,potencias,0,117,1.946849051725599e-06,3570,30,0.8,0.2,best
DE,potencias,0,118,1.946849051725599e-06,3600,30,0.8,0.2,best
DE,potencias,0,119,1.55823632971758e-06,3630,30,0.8,0.2,best
DE,potencias,0,120,6.516954196100685e-07,3660,30,0.8,0.2,best
DE,potencias,0,121,6.516954196100685e-07,3690,30,0.8,0.2,best
DE,potencias,0,122,4.7421611817472455e-07,3720,30,0.8,0.2,best
DE,potencias,0,123,4.7421611817472455e-07,3750,30,0.8,0.2,best
DE,potencias,0,124,4.7421611817472455e-07,3780,30,0.8,0.2,best
DE,potencias,0,125,4.7421611817472455e-07,3810,30,0.8,0.2,best
DE,potencias,0,126,4.7421611817472455e-07,3840,30,0.8,0.2,best
DE,potencias,0,127,1.5635126406937967e-07,3870,30,0.8,0.2,best
DE,potencias,0,128,1.1054399340968126e-07,3900,30,0.8,0.2,best
DE,potencias,0,129,1.1054399340968126e-07,3930,30,0.8,0.2,best
DE,potencias,0,130,8.449913253995669e-08,3960,30,0.8,0.2,best
DE,potencias,0,131,6.738648154206509e-08,3990,30,0.8,0.2,best
DE,potencias,0,132,6.738648154206509e-08,4020,30,0.8,0.2,best
DE,potencias,0,133,6.738648154206509e-08,4050,30,0.8,0.2,best
DE,potencias,0,134,6.738648154206509e-08,4080,30,0.8,0.2,best
DE,potencias,0,135,6.738648154206509e-08,4110,30,0.8,0.2,best
DE,potencias,0,136,6.738648154206509e-08,4140,30,0.8,0.2,best
DE,potencias,0,137,6.107082276971941e-08,4170,30,0.8,0.2,best
DE,potencias,0,138,6.107082276971941e-08,4200,30,0.8,0.2,best
DE,potencias,0,139,6.107082276971941e-08,4230,30,0.8,0.2,best
DE,potencias,0,140,5.5289601464729466e-08,4260,30,0.8,0.2,best
DE,potencias,0,141,5.5289601464729466e-08,4290,30,0.8,0.2,best
DE,potencias,0,142,2.6544239189069268e-08,4320,30,0.8,0.2,best
DE,potencias,0,143,2.6544239189069268e-08,4350,30,0.8,0.2,best
DE,potencias,0,144,2.2235620761518264e-08,4380,30,0.8,0.2,best
DE,potencias,0,145,2.2235620761518264e-08,4410,30,0.8,0.2,best
DE,potencias,0,146,2.0440406648631527e-08,4440,30,0.8,0.2,best
DE,potencias,0,147,1.236418143153771e-08,4470,30,0.8,0.2,best
DE,potencias,0,148,8.618061175234311e-09,4500,30,0.8,0.2,best
DE,potencias,0,149,4.854354376200465e-09,4530,30,0.8,0.2,best
DE,potencias,0,150,4.854354376200465e-09,4560,30,0.8,0.2,best
DE,potencias,0,151,3.2944059179857623e-09,4590,30,0.8,0.2,best
DE,potencias,0,152,3.2944059179857623e-09,4620,30,0.8,0.2,best
DE,potencias,0,153,3.2944059179857623e-09,4650,30,0.8,0.2,best
DE,potencias,0,154,3.2944059179857623e-09,4680,30,0.8,0.2,best
DE,potencias,0,155,1.4217730176494676e-09,4710,30,0.8,0.2,best
DE,potencias,0,156,1.3743996467746696e-09,4740,30,0.8,0.2,best
DE,potencias,0,157,1.3743996467746696e-09,4770,30,0.8,0.2,best
DE,potencias,0,158,1.3743996467746696e-09,4800,30,0.8,0.2,best
DE,potencias,0,159,9.158493383232943e-10,4830,30,0.8,0.2,best
DE,potencias,0,160,6.065705345215956e-10,4860,30,0.8,0.2,best
DE,potencias,0,161,2.855520485653923e-10,4890,30,0.8,0.2,best
DE,potencias,0,162,2.855520485653923e-10,4920,30,0.8,0.2,best
DE,potencias,0,163,2.440641243580347e-10,4950,30,0.8,0.2,best
DE,potencias,0,164,2.4094565744405077e-10,4980,30,0.8,0.2,best
DE,potencias,0,165,1.5462025959766405e-10,5010,30,0.8,0.2,best
DE,potencias,0,166,1.5462025959766405e-10,5040,30,0.8,0.2,best
DE,potencias,0,167,6.845939918475446e-11,5070,30,0.8,0.2,best
DE,potencias,0,168,6.845939918475446e-11,5100,30,0.8,0.2,best
DE,potencias,0,169,2.8075880522567993e-11,5130,30,0.8,0.2,best
DE,potencias,0,170,2.8075880522567993e-11,5160,30,0.8,0.2,best
DE,potencias,0,171,2.8075880522567993e-11,5190,30,0.8,0.2,best
DE,potencias,0,172,2.8075880522567993e-11,5220,30,0.8,0.2,best
DE,potencias,0,173,2.2216219302507792e-11,5250,30,0.8,0.2,best
DE,potencias,0,174,2.1099355135634452e-11,5280,30,0.8,0.2,best
DE,potencias,0,175,1.3573584525864795e-11,5310,30,0.8,0.2,best
DE,potencias,0,176,1.3573584525864795e-11,5340,30,0.8,0.2,best
DE,potencias,0,177,1.3343811430545794e-11,5370,30,0.8,0.2,best
DE,potencias,0,178,1.0055848274073897e-11,5400,30,0.8,0.2,best
DE,potencias,0,179,1.0000651967544741e-11,5430,30,0.8,0.2,best
DE,potencias,0,180,1.0000651967544741e-11,5460,30,0.8,0.2,best
DE,potencias,0,181,2.0690708761362157e-12,5490,30,0.8,0.2,best
DE,potencias,0,182,2.0690708761362157e-12,5520,30,0.8,0.2,best
DE,potencias,0,183,2.0690708761362157e-12,5550,30,0.8,0.2,best
DE,potencias,0,184,2.0690708761362157e-12,5580,30,0.8,0.2,best
DE,potencias,0,185,2.0690708761362157e-12,5610,30,0.8,0.2,best
DE,potencias,0,186,1.8042814933880008e-12,5640,30,0.8,0.2,best
DE,potencias,0,187,1.8042814933880008e-12,5670,30,0.8,0.2,best
DE,potencias,0,188,1.8042814933880008e-12,5700,30,0.8,0.2,best
DE,potencias,0,189,1.8042814933880008e-12,5730,30,0.8,0.2,best
DE,potencias,0,190,1.8042814933880008e-12,5760,30,0.8,0.2,best
DE,potencias,0,191,1.8042814933880008e-12,5790,30,0.8,0.2,best
DE,potencias,0,192,7.842069667031662e-13,5820,30,0.8,0.2,best
DE,potencias,0,193,7.842069667031662e-13,5850,30,0.8,0.2,best
DE,potencias,0,194,6.393334173261286e-13,5880,30,0.8,0.2,best
DE,potencias,0,195,4.2775041842646687e-13,5910,30,0.8,0.2,best
DE,potencias,0,196,4.2775041842646687e-13,5940,30,0.8,0.2,best
DE,potencias,0,197,1.7618116353641828e-13,5970,30,0.8,0.2,best
DE,potencias,0,198,1.7618116353641828e-13,6000,30,0.8,0.2,best
DE,potencias,0,199,1.7618116353641828e-13,6030,30,0.8,0.2,best
DE,potencias,0,200,1.7618116353641828e-13,6060,30,0.8,0.2,best
DE,potencias,0,201,1.7618116353641828e-13,6090,30,0.8,0.2,best
DE,potencias,0,202,1.7618116353641828e-13,6120,30,0.8,0.2,best
DE,potencias,0,203,8.358254629915402e-14,6150,30,0.8,0.2,best
DE,potencias,0,204,8.358254629915402e-14,6180,30,0.8,0.2,best
DE,potencias,0,205,6.091229961856313e-14,6210,30,0.8,0.2,best
DE,potencias,0,206,6.091229961856313e-14,6240,30,0.8,0.2,best
DE,potencias,0,207,6.091229961856313e-14,6270,30,0.8,0.2,best
DE,potencias,0,208,6.091229961856313e-14,6300,30,0.8,0.2,best
DE,potencias,0,209,6.091229961856313e-14,6330,30,0.8,0.2,best
DE,potencias,0,210,4.235945705231302e-14,6360,30,0.8,0.2,best
DE,potencias,0,211,3.544566160947222e-14,6390,30,0.8,0.2,best
DE,potencias,0,212,3.544566160947222e-14,6420,30,0.8,0.2,best
DE,potencias,0,213,3.544566160947222e-14,6450,30,0.8,0.2,best
DE,potencias,0,214,3.5301427499959936e-14,6480,30,0.8,0.2,best
DE,potencias,0,215,2.013822910484985e-14,6510,30,0.8,0.2,best
DE,potencias,0,216,2.013822910484985e-14,6540,30,0.8,0.2,best
DE,potencias,0,217,1.7719196469910932e-14,6570,30,0.8,0.2,best
DE,potencias,0,218,1.7719196469910932e-14,6600,30,0.8,0.2,best
DE,potencias,0,219,1.488671267843225e-14,6630,30,0.8,0.2,best
DE,potencias,0,220,1.488671267843225e-14,6660,30,0.8,0.2,best
DE,potencias,0,221,5.45589820694283e-15,6690,30,0.8,0.2,best
DE,potencias,0,222,5.45589820694283e-15,6720,30,0.8,0.2,best
DE,potencias,0,223,5.45589820694283e-15,6750,30,0.8,0.2,best
DE,potencias,0,224,5.45589820694283e-15,6780,30,0.8,0.2,best
DE,potencias,0,225,5.382955159313265e-15,6810,30,0.8,0.2,best
DE,potencias,0,226,4.602761387711964e-16,6840,30,0.8,0.2,best
DE,potencias,0,227,3.628537738359044e-16,6870,30,0.8,0.2,best
DE,potencias,0,228,3.628537738359044e-16,6900,30,0.8,0.2,best
DE,potencias,0,229,3.612346711301828e-16,6930,30,0.8,0.2,best
DE,potencias,0,230,3.612346711301828e-16,6960,30,0.8,0.2,best
DE,potencias,0,231,3.612346711301828e-16,6990,30,0.8,0.2,best
DE,potencias,0,232,3.612346711301828e-16,7020,30,0.8,0.2,best
DE,potencias,0,233,3.480252822457101e-16,7050,30,0.8,0.2,best
DE,potencias,0,234,2.5822743922786603e-16,7080,30,0.8,0.2,best
DE,potencias,0,235,2.5822743922786603e-16,7110,30,0.8,0.2,best
DE,potencias,0,236,2.9871825550593145e-17,7140,30,0.8,0.2,best
DE,potencias,0,237,2.9871825550593145e-17,7170,30,0.8,0.2,best
DE,potencias,0,238,2.9871825550593145e-17,7200,30,0.8,0.2,best
DE,potencias,0,239,2.9871825550593145e-17,7230,30,0.8,0.2,best
DE,potencias,0,240,2.9871825550593145e-17,7260,30,0.8,0.2,best
DE,potencias,0,241,7.993133249694597e-18,7290,30,0.8,0.2,best
DE,potencias,0,242,7.993133249694597e-18,7320,30,0.8,0.2,best
DE,potencias,0,243,7.993133249694597e-18,7350,30,0.8,0.2,best
DE,potencias,0,244,7.993133249694597e-18,7380,30,0.8,0.2,best
DE,potencias,0,245,7.993133249694597e-18,7410,30,0.8,0.2,best
DE,potencias,0,246,7.993133249694597e-18,7440,30,0.8,0.2,best
DE,potencias,0,247,7.993133249694597e-18,7470,30,0.8,0.2,best
DE,potencias,0,248,7.993133249694597e-18,7500,30,0.8,0.2,best
DE,potencias,0,249,7.993133249694597e-18,7530,30,0.8,0.2,best
DE,potencias,0,250,3.590808905801912e-18,7560,30,0.8,0.2,best
DE,potencias,0,251,3.567545835841787e-18,7590,30,0.8,0.2,best
DE,potencias,0,252,1.4180829988053896e-18,7620,30,0.8,0.2,best
DE,potencias,0,253,1.4180829988053896e-18,7650,30,0.8,0.2,best
DE,potencias,0,254,1.4180829988053896e-18,7680,30,0.8,0.2,best
DE,potencias,0,255,1.0671559069360804e-18,7710,30,0.8,0.2,best
DE,potencias,0,256,9.786610795653593e-19,7740,30,0.8,0.2,best
DE,potencias,0,257,9.786610795653593e-19,7770,30,0.8,0.2,best
DE,potencias,0,258,6.112313215730024e-19,7800,30,0.8,0.2,best
DE,potencias,0,259,6.112313215730024e-19,7830,30,0.8,0.2,best
DE,potencias,0,260,6.112313215730024e-19,7860,30,0.8,0.2,best
DE,potencias,0,261,4.481488027342492e-19,7890,30,0.8,0.2,best
DE,potencias,0,262,1.3606295072286702e-19,7920,30,0.8,0.2,best
DE,potencias,0,263,1.3606295072286702e-19,7950,30,0.8,0.2,best
DE,potencias,0,264,1.3606295072286702e-19,7980,30,0.8,0.2,best
DE,potencias,0,265,1.3606295072286702e-19,8010,30,0.8,0.2,best
DE,potencias,0,266,1.3606295072286702e-19,8040,30,0.8,0.2,best
DE,potencias,0,267,1.2413514994622091e-19,8070,30,0.8,0.2,best
DE,potencias,0,268,1.2413514994622091e-19,8100,30,0.8,0.2,best
DE,potencias,0,269,7.77960692666593e-20,8130,30,0.8,0.2,best
DE,potencias,0,270,6.906004075426635e-20,8160,30,0.8,0.2,best
DE,potencias,0,271,6.906004075426635e-20,8190,30,0.8,0.2,best
DE,potencias,0,272,6.906004075426635e-20,8220,30,0.8,0.2,best
DE,potencias,0,273,6.266079780069145e-20,8250,30,0.8,0.2,best
DE,potencias,0,274,1.4471410537809367e-20,8280,30,0.8,0.2,best
DE,potencias,0,275,1.4471410537809367e-20,8310,30,0.8,0.2,best
DE,potencias,0,276,1.4471410537809367e-20,8340,30,0.8,0.2,best
DE,potencias,0,277,1.3313793209568783e-20,8370,30,0.8,0.2,best
DE,potencias,0,278,1.035917102880137e-20,8400,30,0.8,0.2,best
DE,potencias,0,279,1.035917102880137e-20,8430,30,0.8,0.2,best
DE,potencias,0,280,1.035917102880137e-20,8460,30,0.8,0.2,best
DE,potencias,0,281,1.035917102880137e-20,8490,30,0.8,0.2,best
DE,potencias,0,282,8.727982203684015e-21,8520,30,0.8,0.2,best
DE,potencias,0,283,8.727982203684015e-21,8550,30,0.8,0.2,best
DE,potencias,0,284,8.727982203684015e-21,8580,30,0.8,0.2,best
DE,potencias,0,285,8.727982203684015e-21,8610,30,0.8,0.2,best
DE,potencias,0,286,3.623884344739955e-21,8640,30,0.8,0.2,best
DE,potencias,0,287,2.9189015428442194e-21,8670,30,0.8,0.2,best
DE,potencias,0,288,2.9189015428442194e-21,8700,30,0.8,0.2,best
DE,potencias,0,289,2.662522389080962e-21,8730,30,0.8,0.2,best
DE,potencias,0,290,2.662522389080962e-21,8760,30,0.8,0.2,best
DE,potencias,0,291,2.662522389080962e-21,8790,30,0.8,0.2,best
DE,potencias,0,292,8.416438624478157e-22,8820,30,0.8,0.2,best
DE,potencias,0,293,8.209917431727049e-22,8850,30,0.8,0.2,best
DE,potencias,0,294,8.209917431727049e-22,8880,30,0.8,0.2,best
DE,potencias,0,295,8.209917431727049e-22,8910,30,0.8,0.2,best
DE,potencias,0,296,8.209917431727049e-22,8940,30,0.8,0.2,best
DE,potencias,0,297,8.209917431727049e-22,8970,30,0.8,0.2,best
DE,potencias,0,298,7.858748754537265e-22,9000,30,0.8,0.2,best
DE,potencias,0,299,1.9453868484880678e-22,9030,30,0.8,0.2,best
DE,potencias,0,300,1.9433986045893134e-22,9060,30,0.8,0.2,best
DE,potencias,0,301,1.9433986045893134e-22,9090,30,0.8,0.2,best
DE,potencias,0,302,1.9433986045893134e-22,9120,30,0.8,0.2,best
DE,potencias,0,303,1.3099076872605872e-22,9150,30,0.8,0.2,best
DE,potencias,0,304,6.037590242931623e-23,9180,30,0.8,0.2,best
DE,potencias,0,305,5.846591650502027e-23,9210,30,0.8,0.2,best
DE,potencias,0,306,2.956396964974655e-23,9240,30,0.8,0.2,best
DE,potencias,0,307,2.956396964974655e-23,9270,30,0.8,0.2,best
DE,potencias,0,308,2.956396964974655e-23,9300,30,0.8,0.2,best
DE,potencias,0,309,2.956396964974655e-23,9330,30,0.8,0.2,best
DE,potencias,0,310,4.534164199648045e-24,9360,30,0.8,0.2,best
DE,potencias,0,311,4.534164199648045e-24,9390,30,0.8,0.2,best
DE,potencias,0,312,4.534164199648045e-24,9420,30,0.8,0.2,best
DE,potencias,0,313,4.534164199648045e-24,9450,30,0.8,0.2,best
DE,potencias,0,314,4.534164199648045e-24,9480,30,0.8,0.2,best
DE,potencias,0,315,4.534164199648045e-24,9510,30,0.8,0.2,best
DE,potencias,0,316,4.534164199648045e-24,9540,30,0.8,0.2,best
DE,potencias,0,317,4.534164199648045e-24,9570,30,0.8,0.2,best
DE,potencias,0,318,4.534164199648045e-24,9600,30,0.8,0.2,best
DE,potencias,0,319,4.534164199648045e-24,9630,30,0.8,0.2,best
DE,potencias,0,320,4.534164199648045e-24,9660,30,0.8,0.2,best
DE,potencias,0,321,4.534164199648045e-24,9690,30,0.8,0.2,best
DE,potencias,0,322,2.1303527889179675e-24,9720,30,0.8,0.2,best
DE,potencias,0,323,2.1303527889179675e-24,9750,30,0.8,0.2,best
DE,potencias,0,324,1.914537940340948e-24,9780,30,0.8,0.2,best
DE,potencias,0,325,1.914537940340948e-24,9810,30,0.8,0.2,best
DE,potencias,0,326,1.914537940340948e-24,9840,30,0.8,0.2,best
DE,potencias,0,327,1.914537940340948e-24,9870,30,0.8,0.2,best
DE,potencias,0,328,8.376002177881644e-25,9900,30,0.8,0.2,best
DE,potencias,0,329,8.376002177881644e-25,9930,30,0.8,0.2,best
DE,potencias,0,330,8.376002177881644e-25,9960,30,0.8,0.2,best
DE,potencias,0,331,8.376002177881644e-25,9990,30,0.8,0.2,best
DE,potencias,0,332,4.421881369264122e-25,10020,30,0.8,0.2,best
DE,potencias,0,333,4.421881369264122e-25,10050,30,0.8,0.2,best
DE,potencias,0,334,4.421881369264122e-25,10080,30,0.8,0.2,best
DE,potencias,0,335,2.3126088440063265e-25,10110,30,0.8,0.2,best
DE,potencias,0,336,2.3126088440063265e-25,10140,30,0.8,0.2,best
DE,potencias,0,337,2.3126088440063265e-25,10170,30,0.8,0.2,best
DE,potencias,0,338,2.3126088440063265e-25,10200,30,0.8,0.2,best
DE,potencias,0,339,2.3126088440063265e-25,10230,30,0.8,0.2,best
DE,potencias,0,340,2.2394278251203455e-25,10260,30,0.8,0.2,best
DE,potencias,0,341,1.6504658534445027e-25,10290,30,0.8,0.2,best
DE,potencias,0,342,1.6504658534445027e-25,10320,30,0.8,0.2,best
DE,potencias,0,343,8.97447092658046e-26,10350,30,0.8,0.2,best
DE,potencias,0,344,8.97447092658046e-26,10380,30,0.8,0.2,best
DE,potencias,0,345,8.97447092658046e-26,10410,30,0.8,0.2,best
DE,potencias,0,346,8.97447092658046e-26,10440,30,0.8,0.2,best
DE,potencias,0,347,8.97447092658046e-26,10470,30,0.8,0.2,best
DE,potencias,0,348,1.5958102390209542e-26,10500,30,0.8,0.2,best
DE,potencias,0,349,1.5958102390209542e-26,10530,30,0.8,0.2,best
DE,potencias,0,350,1.5958102390209542e-26,10560,30,0.8,0.2,best
DE,potencias,0,351,7.423558326319156e-27,10590,30,0.8,0.2,best
DE,potencias,0,352,7.423558326319156e-27,10620,30,0.8,0.2,best
DE,potencias,0,353,7.423558326319156e-27,10650,30,0.8,0.2,best
DE,potencias,0,354,7.423558326319156e-27,10680,30,0.8,0.2,best
DE,potencias,0,355,7.423558326319156e-27,10710,30,0.8,0.2,best
DE,potencias,0,356,7.423558326319156e-27,10740,30,0.8,0.2,best
DE,potencias,0,357,7.423558326319156e-27,10770,30,0.8,0.2,best
DE,potencias,0,358,7.423558326319156e-27,10800,30,0.8,0.2,best
DE,potencias,0,359,7.423558326319156e-27,10830,30,0.8,0.2,best
DE,potencias,0,360,7.423558326319156e-27,10860,30,0.8,0.2,best
DE,potencias,0,361,3.392991962274607e-27,10890,30,0.8,0.2,best
DE,potencias,0,362,2.918204759905356e-27,10920,30,0.8,0.2,best
DE,potencias,0,363,2.918204759905356e-27,10950,30,0.8,0.2,best
DE,potencias,0,364,2.918204759905356e-27,10980,30,0.8,0.2,best
DE,potencias,0,365,2.918204759905356e-27,11010,30,0.8,0.2,best
DE,potencias,0,366,2.918204759905356e-27,11040,30,0.8,0.2,best
DE,potencias,0,367,2.226364879706083e-27,11070,30,0.8,0.2,best
DE,potencias,0,368,2.226364879706083e-27,11100,30,0.8,0.2,best
DE,potencias,0,369,9.54009271912677e-28,11130,30,0.8,0.2,best
DE,potencias,0,370,7.117920486663537e-28,11160,30,0.8,0.2,best
DE,potencias,0,371,2.962092870892992e-28,11190,30,0.8,0.2,best
DE,potencias,0,372,2.962092870892992e-28,11220,30,0.8,0.2,best
DE,potencias,0,373,2.962092870892992e-28,11250,30,0.8,0.2,best
DE,potencias,0,374,5.015155679281584e-29,11280,30,0.8,0.2,best
DE,potencias,0,375,5.015155679281584e-29,11310,30,0.8,0.2,best
DE,potencias,0,376,5.015155679281584e-29,11340,30,0.8,0.2,best
DE,potencias,0,377,5.015155679281584e-29,11370,30,0.8,0.2,best
DE,potencias,0,378,5.015155679281584e-29,11400,30,0.8,0.2,best
DE,potencias,0,379,5.015155679281584e-29,11430,30,0.8,0.2,best
DE,potencias,0,380,5.015155679281584e-29,11460,30,0.8,0.2,best
DE,potencias,0,381,5.015155679281584e-29,11490,30,0.8,0.2,best
DE,potencias,0,382,5.015155679281584e-29,11520,30,0.8,0.2,best
DE,potencias,0,383,5.015155679281584e-29,11550,30,0.8,0.2,best
DE,potencias,0,384,5.015155679281584e-29,11580,30,0.8,0.2,best
DE,potencias,0,385,2.4278266226809833e-29,11610,30,0.8,0.2,best
DE,potencias,0,386,1.3030408921464865e-29,11640,30,0.8,0.2,best
DE,potencias,0,387,1.3030408921464865e-29,11670,30,0.8,0.2,best
DE,potencias,0,388,6.184073108161975e-30,11700,30,0.8,0.2,best
DE,potencias,0,389,6.184073108161975e-30,11730,30,0.8,0.2,best
DE,potencias,0,390,6.184073108161975e-30,11760,30,0.8,0.2,best
DE,potencias,0,391,6.184073108161975e-30,11790,30,0.8,0.2,best
DE,potencias,0,392,6.184073108161975e-30,11820,30,0.8,0.2,best
DE,potencias,0,393,6.184073108161975e-30,11850,30,0.8,0.2,best
DE,potencias,0,394,5.2862219355288195e-30,11880,30,0.8,0.2,best
DE,potencias,0,395,5.2862219355288195e-30,11910,30,0.8,0.2,best
DE,potencias,0,396,5.194180021221926e-30,11940,30,0.8,0.2,best
DE,potencias,0,397,5.169857324514908e-30,11970,30,0.8,0.2,best
DE,potencias,0,398,3.581605570326e-30,12000,30,0.8,0.2,best
DE,potencias,0,399,3.581605570326e-30,12030,30,0.8,0.2,best
DE,potencias,0,400,1.5267762197657393e-30,12060,30,0.8,0.2,best
DE,potencias,0,401,1.4522968168857625e-30,12090,30,0.8,0.2,best
DE,potencias,0,402,1.4522968168857625e-30,12120,30,0.8,0.2,best
DE,potencias,0,403,6.575248893630595e-31,12150,30,0.8,0.2,best
DE,potencias,0,404,5.970215047141179e-31,12180,30,0.8,0.2,best
DE,potencias,0,405,5.970215047141179e-31,12210,30,0.8,0.2,best
DE,potencias,0,406,2.0132993008973084e-32,12240,30,0.8,0.2,best
DE,potencias,0,407,2.0132993008973084e-32,12270,30,0.8,0.2,best
DE,potencias,0,408,2.0132993008973084e-32,12300,30,0.8,0.2,best
DE,potencias,0,409,2.0132993008973084e-32,12330,30,0.8,0.2,best
DE,potencias,0,410,1.9000706573660358e-32,12360,30,0.8,0.2,best
DE,potencias,0,411,1.9000706573660358e-32,12390,30,0.8,0.2,best
DE,potencias,0,412,1.9000706573660358e-32,12420,30,0.8,0.2,best
DE,potencias,0,413,2.791407388348264e-33,12450,30,0.8,0.2,best
DE,potencias,0,414,2.791407388348264e-33,12480,30,0.8,0.2,best
DE,potencias,0,415,2.791407388348264e-33,12510,30,0.8,0.2,best
DE,potencias,0,416,2.791407388348264e-33,12540,30,0.8,0.2,best
DE,potencias,0,417,2.6140967618546915e-33,12570,30,0.8,0.2,best
DE,potencias,0,418,2.6140967618546915e-33,12600,30,0.8,0.2,best
DE,potencias,0,419,2.6140967618546915e-33,12630,30,0.8,0.2,best
DE,potencias,0,420,2.6140967618546915e-33,12660,30,0.8,0.2,best
DE,potencias,0,421,2.6140967618546915e-33,12690,30,0.8,0.2,best
DE,potencias,0,422,2.6140967618546915e-33,12720,30,0.8,0.2,best
DE,potencias,0,423,2.5829971930615978e-33,12750,30,0.8,0.2,best
DE,potencias,0,424,2.5829971930615978e-33,12780,30,0.8,0.2,best
DE,potencias,0,425,2.5829971930615978e-33,12810,30,0.8,0.2,best
DE,potencias,0,426,1.561964660035128e-33,12840,30,0.8,0.2,best
DE,potencias,0,427,1.561964660035128e-33,12870,30,0.8,0.2,best
DE,potencias,0,428,1.3124140517180492e-33,12900,30,0.8,0.2,best
DE,potencias,0,429,5.530949503313235e-34,12930,30,0.8,0.2,best
DE,potencias,0,430,5.530949503313235e-34,12960,30,0.8,0.2,best
DE,potencias,0,431,4.333256945476191e-34,12990,30,0.8,0.2,best
DE,potencias,0,432,4.333256945476191e-34,13020,30,0.8,0.2,best
DE,potencias,0,433,7.301163137214148e-35,13050,30,0.8,0.2,best
DE,potencias,0,434,3.2035155585343397e-35,13080,30,0.8,0.2,best
DE,potencias,0,435,3.2035155585343397e-35,13110,30,0.8,0.2,best
DE,potencias,0,436,2.9742317227189053e-35,13140,30,0.8,0.2,best
DE,potencias,0,437,8.854716317095058e-36,13170,30,0.8,0.2,best
DE,potencias,0,438,8.854716317095058e-36,13200,30,0.8,0.2,best
DE,potencias,0,439,8.854716317095058e-36,13230,30,0.8,0.2,best
DE,potencias,0,440,8.854716317095058e-36,13260,30,0.8,0.2,best
DE,potencias,0,441,8.673735505786065e-36,13290,30,0.8,0.2,best
DE,potencias,0,442,8.673735505786065e-36,13320,30,0.8,0.2,best
DE,potencias,0,443,3.678964506142423e-36,13350,30,0.8,0.2,best
DE,potencias,0,444,3.678964506142423e-36,13380,30,0.8,0.2,best
DE,potencias,0,445,3.678964506142423e-36,13410,30,0.8,0.2,best
DE,potencias,0,446,3.678964506142423e-36,13440,30,0.8,0.2,best
DE,potencias,0,447,2.677384018802344e-36,13470,30,0.8,0.2,best
DE,potencias,0,448,2.5578980290575285e-36,13500,30,0.8,0.2,best
DE,potencias,0,449,2.5179133270736678e-36,13530,30,0.8,0.2,best
DE,potencias,0,450,8.231782453707503e-37,13560,30,0.8,0.2,best
DE,potencias,0,451,8.231782453707503e-37,13590,30,0.8,0.2,best
DE,potencias,0,452,8.194196257631707e-37,13620,30,0.8,0.2,best
DE,potencias,0,453,7.953426028657622e-37,13650,30,0.8,0.2,best
DE,potencias,0,454,7.715854528978408e-37,13680,30,0.8,0.2,best
DE,potencias,0,455,7.69464223974738e-37,13710,30,0.8,0.2,best
DE,potencias,0,456,3.9402735556100186e-37,13740,30,0.8,0.2,best
DE,potencias,0,457,8.816260913626844e-38,13770,30,0.8,0.2,best
DE,potencias,0,458,8.816260913626844e-38,13800,30,0.8,0.2,best
DE,potencias,0,459,5.796479742027389e-38,13830,30,0.8,0.2,best
DE,potencias,0,460,5.796479742027389e-38,13860,30,0.8,0.2,best
DE,potencias,0,461,2.5314401837040104e-38,13890,30,0.8,0.2,best
DE,potencias,0,462,2.5314401837040104e-38,13920,30,0.8,0.2,best
DE,potencias,0,463,2.5314401837040104e-38,13950,30,0.8,0.2,best
DE,potencias,0,464,2.5314401837040104e-38,13980,30,0.8,0.2,best
DE,potencias,0,465,2.5314401837040104e-38,14010,30,0.8,0.2,best
DE,potencias,0,466,3.143457998948267e-39,14040,30,0.8,0.2,best
DE,potencias,0,467,3.143457998948267e-39,14070,30,0.8,0.2,best
DE,potencias,0,468,3.143457998948267e-39,14100,30,0.8,0.2,best
DE,potencias,0,469,3.143457998948267e-39,14130,30,0.8,0.2,best
DE,potencias,0,470,2.7445186028813013e-39,14160,30,0.8,0.2,best
DE,potencias,0,471,2.7445186028813013e-39,14190,30,0.8,0.2,best
DE,potencias,0,472,2.7445186028813013e-39,14220,30,0.8,0.2,best
DE,potencias,0,473,1.8734319888179506e-39,14250,30,0.8,0.2,best
DE,potencias,0,474,5.451843383837433e-40,14280,30,0.8,0.2,best
DE,potencias,0,475,5.451843383837433e-40,14310,30,0.8,0.2,best
DE,potencias,0,476,4.271067971982161e-40,14340,30,0.8,0.2,best
DE,potencias,0,477,2.256209945356077e-40,14370,30,0.8,0.2,best
DE,potencias,0,478,2.2068641843184787e-40,14400,30,0.8,0.2,best
DE,potencias,0,479,1.6942763067170407e-40,14430,30,0.8,0.2,best
DE,potencias,0,480,1.6942763067170407e-40,14460,30,0.8,0.2,best
DE,potencias,0,481,1.6942763067170407e-40,14490,30,0.8,0.2,best
DE,potencias,0,482,1.6942763067170407e-40,14520,30,0.8,0.2,best
DE,potencias,0,483,1.3085875318016504e-40,14550,30,0.8,0.2,best
DE,potencias,0,484,1.1274983438710757e-40,14580,30,0.8,0.2,best
DE,potencias,0,485,1.1274983438710757e-40,14610,30,0.8,0.2,best
DE,potencias,0,486,1.7137098164964667e-41,14640,30,0.8,0.2,best
DE,potencias,0,487,1.7137098164964667e-41,14670,30,0.8,0.2,best
DE,potencias,0,488,1.7137098164964667e-41,14700,30,0.8,0.2,best
DE,potencias,0,489,1.527575029961455e-41,14730,30,0.8,0.2,best
DE,potencias,0,490,4.1874788656896456e-42,14760,30,0.8,0.2,best
DE,potencias,0,491,4.1874788656896456e-42,14790,30,0.8,0.2,best
DE,potencias,0,492,4.1874788656896456e-42,14820,30,0.8,0.2,best
DE,potencias,0,493,4.1874788656896456e-42,14850,30,0.8,0.2,best
DE,potencias,0,494,4.1874788656896456e-42,14880,30,0.8,0.2,best
DE,potencias,0,495,4.1874788656896456e-42,14910,30,0.8,0.2,best
DE,potencias,0,496,4.1874788656896456e-42,14940,30,0.8,0.2,best
DE,potencias,0,497,4.1874788656896456e-42,14970,30,0.8,0.2,best
DE,potencias,0,498,1.615395230265419e-42,15000,30,0.8,0.2,best
DE,potencias,0,499,6.041946953368898e-43,15030,30,0.8,0.2,best
DE,potencias,0,500,6.041946953368898e-43,15060,30,0.8,0.2,best
DE,potencias,0,501,1.0795708557925148e-43,15090,30,0.8,0.2,best
DE,potencias,0,502,1.0795708557925148e-43,15120,30,0.8,0.2,best
DE,potencias,0,503,1.0795708557925148e-43,15150,30,0.8,0.2,best
DE,potencias,0,504,1.0795708557925148e-43,15180,30,0.8,0.2,best
DE,potencias,0,505,1.0795708557925148e-43,15210,30,0.8,0.2,best
DE,potencias,0,506,1.0795708557925148e-43,15240,30,0.8,0.2,best
DE,potencias,0,507,1.049379403958082e-43,15270,30,0.8,0.2,best
DE,potencias,0,508,1.049379403958082e-43,15300,30,0.8,0.2,best
DE,potencias,0,509,1.049379403958082e-43,15330,30,0.8,0.2,best
DE,potencias,0,510,1.049379403958082e-43,15360,30,0.8,0.2,best
DE,potencias,0,511,1.049379403958082e-43,15390,30,0.8,0.2,best
DE,potencias,0,512,5.488964853259258e-44,15420,30,0.8,0.2,best
DE,potencias,0,513,9.484448866950782e-45,15450,30,0.8,0.2,best
DE,potencias,0,514,9.484448866950782e-45,15480,30,0.8,0.2,best
DE,potencias,0,515,5.649689352707043e-45,15510,30,0.8,0.2,best
DE,potencias,0,516,5.649689352707043e-45,15540,30,0.8,0.2,best
DE,potencias,0,517,4.062466237580042e-45,15570,30,0.8,0.2,best
DE,potencias,0,518,3.4699148321378455e-45,15600,30,0.8,0.2,best
DE,potencias,0,519,2.037642488728627e-45,15630,30,0.8,0.2,best
DE,potencias,0,520,2.037642488728627e-45,15660,30,0.8,0.2,best
DE,potencias,0,521,7.631693769767499e-46,15690,30,0.8,0.2,best
DE,potencias,0,522,7.631693769767499e-46,15720,30,0.8,0.2,best
DE,potencias,0,523,7.631693769767499e-46,15750,30,0.8,0.2,best
DE,potencias,0,524,7.631693769767499e-46,15780,30,0.8,0.2,best
DE,potencias,0,525,6.170116138315338e-46,15810,30,0.8,0.2,best
DE,potencias,0,526,6.170116138315338e-46,15840,30,0.8,0.2,best
DE,potencias,0,527,6.170116138315338e-46,15870,30,0.8,0.2,best
DE,potencias,0,528,6.170116138315338e-46,15900,30,0.8,0.2,best
DE,potencias,0,529,6.170116138315338e-46,15930,30,0.8,0.2,best
DE,potencias,0,530,2.1402578414769014e-46,15960,30,0.8,0.2,best
DE,potencias,0,531,2.140225359539869e-46,15990,30,0.8,0.2,best
DE,potencias,0,532,1.686479436631953e-47,16020,30,0.8,0.2,best
DE,potencias,0,533,1.0183341827917157e-47,16050,30,0.8,0.2,best
DE,potencias,0,534,1.0183341827917157e-47,16080,30,0.8,0.2,best
DE,potencias,0,535,1.0183341827917157e-47,16110,30,0.8,0.2,best
DE,potencias,0,536,8.743626613424713e-48,16140,30,0.8,0.2,best
DE,potencias,0,537,8.743626613424713e-48,16170,30,0.8,0.2,best
DE,potencias,0,538,4.6238416916349215e-48,16200,30,0.8,0.2,best
DE,potencias,0,539,5.105642290795036e-49,16230,30,0.8,0.2,best
DE,potencias,0,540,2.521870269331978e-49,16260,30,0.8,0.2,best
DE,potencias,0,541,2.521870269331978e-49,16290,30,0.8,0.2,best
DE,potencias,0,542,2.521870269331978e-49,16320,30,0.8,0.2,best
DE,potencias,0,543,2.521870269331978e-49,16350,30,0.8,0.2,best
DE,potencias,0,544,2.4669628843972983e-49,16380,30,0.8,0.2,best
DE,potencias,0,545,2.4586348606996537e-49,16410,30,0.8,0.2,best
DE,potencias,0,546,1.5831715018410668e-50,16440,30,0.8,0.2,best
DE,potencias,0,547,1.5831715018410668e-50,16470,30,0.8,0.2,best
DE,potencias,0,548,1.5831715018410668e-50,16500,30,0.8,0.2,best
DE,potencias,0,549,1.2409943647257223e-50,16530,30,0.8,0.2,best
DE,potencias,0,550,1.214520181827711e-50,16560,30,0.8,0.2,best
DE,potencias,0,551,1.214520181827711e-50,16590,30,0.8,0.2,best
DE,potencias,0,552,1.214520181827711e-50,16620,30,0.8,0.2,best
DE,potencias,0,553,1.2699957028841723e-51,16650,30,0.8,0.2,best
DE,potencias,0,554,1.2699957028841723e-51,16680,30,0.8,0.2,best
DE,potencias,0,555,1.2699957028841723e-51,16710,30,0.8,0.2,best
DE,potencias,0,556,1.2699957028841723e-51,16740,30,0.8,0.2,best
DE,potencias,0,557,1.2699957028841723e-51,16770,30,0.8,0.2,best
DE,potencias,0,558,1.2699957028841723e-51,16800,30,0.8,0.2,best
DE,potencias,0,559,1.2699957028841723e-51,16830,30,0.8,0.2,best
DE,potencias,0,560,1.2699957028841723e-51,16860,30,0.8,0.2,best
DE,potencias,0,561,1.2699957028841723e-51,16890,30,0.8,0.2,best
DE,potencias,0,562,1.2699957028841723e-51,16920,30,0.8,0.2,best
DE,potencias,0,563,3.3635647366745265e-52,16950,30,0.8,0.2,best
DE,potencias,0,564,3.3635647366745265e-52,16980,30,0.8,0.2,best
DE,potencias,0,565,3.3635647366745265e-52,17010,30,0.8,0.2,best
DE,potencias,0,566,1.2210811609161935e-52,17040,30,0.8,0.2,best
DE,potencias,0,567,9.217271059364556e-53,17070,30,0.8,0.2,best
DE,potencias,0,568,9.217271059364556e-53,17100,30,0.8,0.2,best
DE,potencias,0,569,9.217271059364556e-53,17130,30,0.8,0.2,best
DE,potencias,0,570,2.8827707855277747e-53,17160,30,0.8,0.2,best
DE,potencias,0,571,1.2546034034235507e-53,17190,30,0.8,0.2,best
DE,potencias,0,572,1.2546034034235507e-53,17220,30,0.8,0.2,best
DE,potencias,0,573,1.2546034034235507e-53,17250,30,0.8,0.2,best
DE,potencias,0,574,2.1697136076941986e-55,17280,30,0.8,0.2,best
DE,potencias,0,575,2.1697136076941986e-55,17310,30,0.8,0.2,best
DE,potencias,0,576,2.1697136076941986e-55,17340,30,0.8,0.2,best
DE,potencias,0,577,2.1697136076941986e-55,17370,30,0.8,0.2,best
DE,potencias,0,578,1.2125234060402514e-55,17400,30,0.8,0.2,best
DE,potencias,0,579,1.2125234060402514e-55,17430,30,0.8,0.2,best
DE,potencias,0,580,1.2125234060402514e-55,17460,30,0.8,0.2,best
DE,potencias,0,581,1.2125234060402514e-55,17490,30,0.8,0.2,best
DE,potencias,0,582,1.2125234060402514e-55,17520,30,0.8,0.2,best
DE,potencias,0,583,1.2125234060402514e-55,17550,30,0.8,0.2,best
DE,potencias,0,584,1.2125234060402514e-55,17580,30,0.8,0.2,best
DE,potencias,0,585,1.7836279710432105e-56,17610,30,0.8,0.2,best
DE,potencias,0,586,1.7836279710432105e-56,17640,30,0.8,0.2,best
DE,potencias,0,587,1.7836279710432105e-56,17670,30,0.8,0.2,best
DE,potencias,0,588,1.7836279710432105e-56,17700,30,0.8,0.2,best
DE,potencias,0,589,8.513957637959232e-57,17730,30,0.8,0.2,best
DE,potencias,0,590,8.513957637959232e-57,17760,30,0.8,0.2,best
DE,potencias,0,591,8.513957637959232e-57,17790,30,0.8,0.2,best
DE,potencias,0,592,8.513957637959232e-57,17820,30,0.8,0.2,best
DE,potencias,0,593,8.163230020183538e-57,17850,30,0.8,0.2,best
DE,potencias,0,594,5.067713349883819e-57,17880,30,0.8,0.2,best
DE,potencias,0,595,5.067713349883819e-57,17910,30,0.8,0.2,best
DE,potencias,0,596,1.0809219017657363e-57,17940,30,0.8,0.2,best
DE,potencias,0,597,1.0809219017657363e-57,17970,30,0.8,0.2,best
DE,potencias,0,598,1.0809219017657363e-57,18000,30,0.8,0.2,best
DE,potencias,0,599,1.0809219017657363e-57,18030,30,0.8,0.2,best
DE,potencias,0,600,1.0809219017657363e-57,18060,30,0.8,0.2,best
DE,potencias,0,601,7.424336242339158e-58,18090,30,0.8,0.2,best
DE,potencias,0,602,1.9383368773863817e-58,18120,30,0.8,0.2,best
DE,potencias,0,603,1.9383368773863817e-58,18150,30,0.8,0.2,best
DE,potencias,0,604,5.7067699184682344e-59,18180,30,0.8,0.2,best
DE,potencias,0,605,2.288359379547001e-59,18210,30,0.8,0.2,best
DE,potencias,0,606,2.288359379547001e-59,18240,30,0.8,0.2,best
DE,potencias,0,607,2.160638732827381e-59,18270,30,0.8,0.2,best
DE,potencias,0,608,2.160638732827381e-59,18300,30,0.8,0.2,best
DE,potencias,0,609,3.370174183670338e-60,18330,30,0.8,0.2,best
DE,potencias,0,610,3.370174183670338e-60,18360,30,0.8,0.2,best
DE,potencias,0,611,3.370174183670338e-60,18390,30,0.8,0.2,best
DE,potencias,0,612,3.370174183670338e-60,18420,30,0.8,0.2,best
DE,potencias,0,613,3.370174183670338e-60,18450,30,0.8,0.2,best
DE,potencias,0,614,3.370174183670338e-60,18480,30,0.8,0.2,best
DE,potencias,0,615,2.496671927903205e-60,18510,30,0.8,0.2,best
DE,potencias,0,616,2.496671927903205e-60,18540,30,0.8,0.2,best
DE,potencias,0,617,2.1067647305290653e-60,18570,30,0.8,0.2,best
DE,potencias,0,618,1.877550634498009e-60,18600,30,0.8,0.2,best
DE,potencias,0,619,1.877550634498009e-60,18630,30,0.8,0.2,best
DE,potencias,0,620,7.188867362153025e-61,18660,30,0.8,0.2,best
DE,potencias,0,621,7.188867362153025e-61,18690,30,0.8,0.2,best
DE,potencias,0,622,7.188867362153025e-61,18720,30,0.8,0.2,best
DE,potencias,0,623,7.188867362153025e-61,18750,30,0.8,0.2,best
DE,potencias,0,624,7.188867362153025e-61,18780,30,0.8,0.2,best
DE,potencias,0,625,7.188867362153025e-61,18810,30,0.8,0.2,best
DE,potencias,0,626,7.188867362153025e-61,18840,30,0.8,0.2,best
DE,potencias,0,627,5.249862843821114e-63,18870,30,0.8,0.2,best
DE,potencias,0,628,5.249862843821114e-63,18900,30,0.8,0.2,best
DE,potencias,0,629,5.249862843821114e-63,18930,30,0.8,0.2,best
DE,potencias,0,630,5.249862843821114e-63,18960,30,0.8,0.2,best
DE,potencias,0,631,2.5206156795588125e-64,18990,30,0.8,0.2,best
DE,potencias,0,632,2.5206156795588125e-64,19020,30,0.8,0.2,best
DE,potencias,0,633,2.5206156795588125e-64,19050,30,0.8,0.2,best
DE,potencias,0,634,2.5206156795588125e-64,19080,30,0.8,0.2,best
DE,potencias,0,635,2.5206156795588125e-64,19110,30,0.8,0.2,best
DE,potencias,0,636,2.2580395365206137e-64,19140,30,0.8,0.2,best
DE,potencias,0,637,2.2580395365206137e-64,19170,30,0.8,0.2,best
DE,potencias,0,638,1.7275206227041752e-64,19200,30,0.8,0.2,best
DE,potencias,0,639,3.0068669659274967e-65,19230,30,0.8,0.2,best
DE,potencias,0,640,3.0049846909614243e-65,19260,30,0.8,0.2,best
DE,potencias,0,641,3.0049846909614243e-65,19290,30,0.8,0.2,best
DE,potencias,0,642,3.0049846909614243e-65,19320,30,0.8,0.2,best
DE,potencias,0,643,6.432632223197363e-66,19350,30,0.8,0.2,best
DE,potencias,0,644,6.432632223197363e-66,19380,30,0.8,0.2,best
DE,potencias,0,645,6.432632223197363e-66,19410,30,0.8,0.2,best
DE,potencias,0,646,6.432632223197363e-66,19440,30,0.8,0.2,best
DE,potencias,0,647,6.432632223197363e-66,19470,30,0.8,0.2,best
DE,potencias,0,648,3.700021688353006e-67,19500,30,0.8,0.2,best
DE,potencias,0,649,3.700021688353006e-67,19530,30,0.8,0.2,best
DE,potencias,0,650,1.1858803771191188e-68,19560,30,0.8,0.2,best
DE,potencias,0,651,1.1858803771191188e-68,19590,30,0.8,0.2,best
DE,potencias,0,652,9.514915530740183e-69,19620,30,0.8,0.2,best
DE,potencias,0,653,9.514915530740183e-69,19650,30,0.8,0.2,best
DE,potencias,0,654,9.514915530740183e-69,19680,30,0.8,0.2,best
DE,potencias,0,655,5.201379813507113e-69,19710,30,0.8,0.2,best
DE,potencias,0,656,5.201379813507113e-69,19740,30,0.8,0.2,best
DE,potencias,0,657,9.928201068587224e-70,19770,30,0.8,0.2,best
DE,potencias,0,658,9.928201068587224e-70,19800,30,0.8,0.2,best
DE,potencias,0,659,9.928201068587224e-70,19830,30,0.8,0.2,best
DE,potencias,0,660,9.928201068587224e-70,19860,30,0.8,0.2,best
DE,potencias,0,661,9.928201068587224e-70,19890,30,0.8,0.2,best
DE,potencias,0,662,2.8525823068045967e-70,19920,30,0.8,0.2,best
DE,potencias,0,663,8.15184106149106e-72,19950,30,0.8,0.2,best
DE,potencias,0,664,8.15184106149106e-72,19980,30,0.8,0.2,best
DE,potencias,0,665,8.15184106149106e-72,20010,30,0.8,0.2,best
DE,potencias,0,666,1.6407154627619943e-73,20040,30,0.8,0.2,best
DE,potencias,0,667,1.6407154627619943e-73,20070,30,0.8,0.2,best
DE,potencias,0,668,1.6407154627619943e-73,20100,30,0.8,0.2,best
DE,potencias,0,669,1.6407154627619943e-73,20130,30,0.8,0.2,best
DE,potencias,0,670,1.6407154627619943e-73,20160,30,0.8,0.2,best
DE,potencias,0,671,1.6407154627619943e-73,20190,30,0.8,0.2,best
DE,potencias,0,672,1.6407154627619943e-73,20220,30,0.8,0.2,best
DE,potencias,0,673,1.6407154627619943e-73,20250,30,0.8,0.2,best
DE,potencias,0,674,1.6407154627619943e-73,20280,30,0.8,0.2,best
DE,potencias,0,675,1.6407154627619943e-73,20310,30,0.8,0.2,best
DE,potencias,0,676,1.6407154627619943e-73,20340,30,0.8,0.2,best
DE,potencias,0,677,1.6407154627619943e-73,20370,30,0.8,0.2,best
DE,potencias,0,678,1.6407154627619943e-73,20400,30,0.8,0.2,best
DE,potencias,0,679,1.6407154627619943e-73,20430,30,0.8,0.2,best
DE,potencias,0,680,1.6407154627619943e-73,20460,30,0.8,0.2,best
DE,potencias,0,681,3.547663415142543e-74,20490,30,0.8,0.2,best
DE,potencias,0,682,3.547663415142543e-74,20520,30,0.8,0.2,best
DE,potencias,0,683,3.547663415142543e-74,20550,30,0.8,0.2,best
DE,potencias,0,684,3.547663415142543e-74,20580,30,0.8,0.2,best
DE,potencias,0,685,3.54766340214239e-74,20610,30,0.8,0.2,best
DE,potencias,0,686,3.54766340214239e-74,20640,30,0.8,0.2,best
DE,potencias,0,687,2.237451529210881e-75,20670,30,0.8,0.2,best
DE,potencias,0,688,1.9852075658648214e-75,20700,30,0.8,0.2,best
DE,potencias,0,689,8.814100233564079e-76,20730,30,0.8,0.2,best
DE,potencias,0,690,8.814100233564079e-76,20760,30,0.8,0.2,best
DE,potencias,0,691,9.653487958132174e-77,20790,30,0.8,0.2,best
DE,potencias,0,692,9.653487958132174e-77,20820,30,0.8,0.2,best
DE,potencias,0,693,9.653487958132174e-77,20850,30,0.8,0.2,best
DE,potencias,0,694,9.653487958132174e-77,20880,30,0.8,0.2,best
DE,potencias,0,695,9.653487958132174e-77,20910,30,0.8,0.2,best
DE,potencias,0,696,9.645200185180437e-77,20940,30,0.8,0.2,best
DE,potencias,0,697,1.7448108963033888e-78,20970,30,0.8,0.2,best
DE,potencias,0,698,1.7448108963033888e-78,21000,30,0.8,0.2,best
DE,potencias,0,699,1.7448108963033888e-78,21030,30,0.8,0.2,best
DE,potencias,0,700,1.7448108963033888e-78,21060,30,0.8,0.2,best
DE,potencias,0,701,1.7448108963033888e-78,21090,30,0.8,0.2,best
DE,potencias,0,702,1.7448108963033888e-78,21120,30,0.8,0.2,best
DE,potencias,0,703,1.4012151314925592e-78,21150,30,0.8,0.2,best
DE,potencias,0,704,3.6423011832081695e-80,21180,30,0.8,0.2,best
DE,potencias,0,705,3.6423011832081695e-80,21210,30,0.8,0.2,best
DE,potencias,0,706,3.6423011832081695e-80,21240,30,0.8,0.2,best
DE,potencias,0,707,3.6423011832081695e-80,21270,30,0.8,0.2,best
DE,potencias,0,708,3.6423011832081695e-80,21300,30,0.8,0.2,best
DE,potencias,0,709,3.6423011832081695e-80,21330,30,0.8,0.2,best
DE,potencias,0,710,8.3663503205301195e-81,21360,30,0.8,0.2,best
DE,potencias,0,711,8.3663503205301195e-81,21390,30,0.8,0.2,best
DE,potencias,0,712,1.849948641740541e-82,21420,30,0.8,0.2,best
DE,potencias,0,713,1.5731067287167725e-82,21450,30,0.8,0.2,best
DE,potencias,0,714,1.5731067287167725e-82,21480,30,0.8,0.2,best
DE,potencias,0,715,1.5171122076342797e-84,21510,30,0.8,0.2,best
DE,potencias,0,716,1.5171122076342797e-84,21540,30,0.8,0.2,best
DE,potencias,0,717,1.5171122076342797e-84,21570,30,0.8,0.2,best
DE,potencias,0,718,1.5171122076342797e-84,21600,30,0.8,0.2,best
DE,potencias,0,719,1.5171122076342797e-84,21630,30,0.8,0.2,best
DE,potencias,0,720,1.5171122076342797e-84,21660,30,0.8,0.2,best
DE,potencias,0,721,7.31652900552428e-85,21690,30,0.8,0.2,best
DE,potencias,0,722,7.31652900552428e-85,21720,30,0.8,0.2,best
DE,potencias,0,723,7.31652900552428e-85,21750,30,0.8,0.2,best
DE,potencias,0,724,4.276760756636846e-85,21780,30,0.8,0.2,best
DE,potencias,0,725,2.8583723599677754e-85,21810,30,0.8,0.2,best
DE,potencias,0,726,2.8583723599677754e-85,21840,30,0.8,0.2,best
DE,potencias,0,727,2.8583723599677754e-85,21870,30,0.8,0.2,best
DE,potencias,0,728,1.2536851338865321e-86,21900,30,0.8,0.2,best
DE,potencias,0,729,1.2536851338865321e-86,21930,30,0.8,0.2,best
DE,potencias,0,730,1.2536851338865321e-86,21960,30,0.8,0.2,best
DE,potencias,0,731,1.2536851338865321e-86,21990,30,0.8,0.2,best
DE,potencias,0,732,2.6471003181016435e-87,22020,30,0.8,0.2,best
DE,potencias,0,733,2.3094717374770344e-87,22050,30,0.8,0.2,best
DE,potencias,0,734,2.3094717374770344e-87,22080,30,0.8,0.2,best
DE,potencias,0,735,2.3094717374770344e-87,22110,30,0.8,0.2,best
DE,potencias,0,736,1.507286976698497e-88,22140,30,0.8,0.2,best
DE,potencias,0,737,1.507286976698497e-88,22170,30,0.8,0.2,best
DE,potencias,0,738,3.9859280218275424e-89,22200,30,0.8,0.2,best
DE,potencias,0,739,3.9859280218275424e-89,22230,30,0.8,0.2,best
DE,potencias,0,740,3.9859280218275424e-89,22260,30,0.8,0.2,best
DE,potencias,0,741,3.9859280218275424e-89,22290,30,0.8,0.2,best
DE,potencias,0,742,1.2996607479766664e-90,22320,30,0.8,0.2,best
DE,potencias,0,743,1.2996607479766664e-90,22350,30,0.8,0.2,best
DE,potencias,0,744,1.2996607479766664e-90,22380,30,0.8,0.2,best
DE,potencias,0,745,5.278582128347524e-91,22410,30,0.8,0.2,best
DE,potencias,0,746,4.547336867975124e-91,22440,30,0.8,0.2,best
DE,potencias,0,747,4.547336867975124e-91,22470,30,0.8,0.2,best
DE,potencias,0,748,4.547336867975124e-91,22500,30,0.8,0.2,best
DE,potencias,0,749,3.5791707933070896e-91,22530,30,0.8,0.2,best
DE,potencias,0,750,4.123740005290868e-92,22560,30,0.8,0.2,best
DE,potencias,0,751,4.123740005290868e-92,22590,30,0.8,0.2,best
DE,potencias,0,752,4.123740005290868e-92,22620,30,0.8,0.2,best
DE,potencias,0,753,3.636931383066719e-92,22650,30,0.8,0.2,best
DE,potencias,0,754,2.499747542632247e-93,22680,30,0.8,0.2,best
DE,potencias,0,755,2.499747542632247e-93,22710,30,0.8,0.2,best
DE,potencias,0,756,2.386410540579109e-93,22740,30,0.8,0.2,best
DE,potencias,0,757,2.386410540579109e-93,22770,30,0.8,0.2,best
DE,potencias,0,758,2.176482546324912e-93,22800,30,0.8,0.2,best
DE,potencias,0,759,1.8397837992791232e-93,22830,30,0.8,0.2,best
DE,potencias,0,760,3.4708154450029625e-94,22860,30,0.8,0.2,best
DE,potencias,0,761,2.329821474100753e-94,22890,30,0.8,0.2,best
DE,potencias,0,762,2.329821474100753e-94,22920,30,0.8,0.2,best
DE,potencias,0,763,1.7337421147153822e-95,22950,30,0.8,0.2,best
DE,potencias,0,764,1.7337421147153822e-95,22980,30,0.8,0.2,best
DE,potencias,0,765,1.7337421147153822e-95,23010,30,0.8,0.2,best
DE,potencias,0,766,1.277284458593838e-95,23040,30,0.8,0.2,best
DE,potencias,0,767,8.295182249810125e-96,23070,30,0.8,0.2,best
DE,potencias,0,768,8.295182249810125e-96,23100,30,0.8,0.2,best
DE,potencias,0,769,8.295182249810125e-96,23130,30,0.8,0.2,best
DE,potencias,0,770,4.0868872682711933e-97,23160,30,0.8,0.2,best
DE,potencias,0,771,4.0868872682711933e-97,23190,30,0.8,0.2,best
DE,potencias,0,772,4.5963598298024296e-98,23220,30,0.8,0.2,best
DE,potencias,0,773,4.5963598298024296e-98,23250,30,0.8,0.2,best
DE,potencias,0,774,4.5963598298024296e-98,23280,30,0.8,0.2,best
DE,potencias,0,775,3.9596392617150564e-98,23310,30,0.8,0.2,best
DE,potencias,0,776,3.9596392617150564e-98,23340,30,0.8,0.2,best
DE,potencias,0,777,3.0787658884911915e-98,23370,30,0.8,0.2,best
DE,potencias,0,778,3.7242897106417613e-100,23400,30,0.8,0.2,best
DE,potencias,0,779,1.3618151986110307e-100,23430,30,0.8,0.2,best
DE,potencias,0,780,9.5327828029278e-101,23460,30,0.8,0.2,best
DE,potencias,0,781,2.6732708669449884e-101,23490,30,0.8,0.2,best
DE,potencias,0,782,2.6732708669449884e-101,23520,30,0.8,0.2,best
DE,potencias,0,783,1.1293675746477743e-101,23550,30,0.8,0.2,best
DE,potencias,0,784,1.1293675746477743e-101,23580,30,0.8,0.2,best
DE,potencias,0,785,1.1293675746477743e-101,23610,30,0.8,0.2,best
DE,potencias,0,786,1.1293675746477743e-101,23640,30,0.8,0.2,best
DE,potencias,0,787,4.880473466673291e-102,23670,30,0.8,0.2,best
DE,potencias,0,788,4.880473466673291e-102,23700,30,0.8,0.2,best
DE,potencias,0,789,8.488644115453598e-103,23730,30,0.8,0.2,best
DE,potencias,0,790,8.488644115453598e-103,23760,30,0.8,0.2,best
DE,potencias,0,791,8.488644115453598e-103,23790,30,0.8,0.2,best
DE,potencias,0,792,3.019599623263936e-103,23820,30,0.8,0.2,best
DE,potencias,0,793,3.019599623263936e-103,23850,30,0.8,0.2,best
DE,potencias,0,794,3.019599623263936e-103,23880,30,0.8,0.2,best
DE,potencias,0,795,1.8427195732224275e-104,23910,30,0.8,0.2,best
DE,potencias,0,796,1.8427195732224275e-104,23940,30,0.8,0.2,best
DE,potencias,0,797,1.8427195732224275e-104,23970,30,0.8,0.2,best
DE,potencias,0,798,9.885921172373803e-105,24000,30,0.8,0.2,best
DE,potencias,0,799,9.626258767174838e-105,24030,30,0.8,0.2,best
DE,potencias,0,800,3.1107432450882046e-107,24060,30,0.8,0.2,best
DE,potencias,0,801,3.1107432450882046e-107,24090,30,0.8,0.2,best
DE,potencias,0,802,2.8883100739779876e-107,24120,30,0.8,0.2,best
DE,potencias,0,803,2.8883100739779876e-107,24150,30,0.8,0.2,best
DE,potencias,0,804,3.7564391788769594e-109,24180,30,0.8,0.2,best
DE,potencias,0,805,3.7564391788769594e-109,24210,30,0.8,0.2,best
DE,potencias,0,806,3.7564391788769594e-109,24240,30,0.8,0.2,best
DE,potencias,0,807,3.7564391788769594e-109,24270,30,0.8,0.2,best
DE,potencias,0,808,3.7564391788769594e-109,24300,30,0.8,0.2,best
DE,potencias,0,809,3.7564391788769594e-109,24330,30,0.8,0.2,best
DE,potencias,0,810,2.7026671452744525e-111,24360,30,0.8,0.2,best
DE,potencias,0,811,2.7026671452744525e-111,24390,30,0.8,0.2,best
DE,potencias,0,812,2.7026671452744525e-111,24420,30,0.8,0.2,best
DE,potencias,0,813,2.7026671452744525e-111,24450,30,0.8,0.2,best
DE,potencias,0,814,2.7026671452744525e-111,24480,30,0.8,0.2,best
DE,potencias,0,815,2.7026671452744525e-111,24510,30,0.8,0.2,best
DE,potencias,0,816,7.767887024196914e-116,24540,30,0.8,0.2,best
DE,potencias,0,817,7.767887024196914e-116,24570,30,0.8,0.2,best
DE,potencias,0,818,7.523720103965664e-116,24600,30,0.8,0.2,best
DE,potencias,0,819,7.523720103965664e-116,24630,30,0.8,0.2,best
DE,potencias,0,820,7.523720103965664e-116,24660,30,0.8,0.2,best
DE,potencias,0,821,7.523720103965664e-116,24690,30,0.8,0.2,best
DE,potencias,0,822,7.523720103965664e-116,24720,30,0.8,0.2,best
DE,potencias,0,823,7.523720103965664e-116,24750,30,0.8,0.2,best
DE,potencias,0,824,7.523720103965664e-116,24780,30,0.8,0.2,best
DE,potencias,0,825,7.523720103965664e-116,24810,30,0.8,0.2,best
DE,potencias,0,826,7.523720103965664e-116,24840,30,0.8,0.2,best
DE,potencias,0,827,7.523720103965664e-116,24870,30,0.8,0.2,best
DE,potencias,0,828,2.5570057778261753e-116,24900,30,0.8,0.2,best
DE,potencias,0,829,1.1266275891190396e-116,24930,30,0.8,0.2,best
DE,potencias,0,830,1.1266275891190396e-116,24960,30,0.8,0.2,best
DE,potencias,0,831,8.725855595049243e-117,24990,30,0.8,0.2,best
DE,potencias,0,832,5.593978899014839e-117,25020,30,0.8,0.2,best
DE,potencias,0,833,1.4597767680595247e-118,25050,30,0.8,0.2,best
DE,potencias,0,834,1.4597767680595247e-118,25080,30,0.8,0.2,best
DE,potencias,0,835,3.888284057979592e-121,25110,30,0.8,0.2,best
DE,potencias,0,836,3.888284057979592e-121,25140,30,0.8,0.2,best
DE,potencias,0,837,3.888284057979592e-121,25170,30,0.8,0.2,best
DE,potencias,0,838,3.888284057979592e-121,25200,30,0.8,0.2,best
DE,potencias,0,839,3.888284057979592e-121,25230,30,0.8,0.2,best
DE,potencias,0,840,3.888284057979592e-121,25260,30,0.8,0.2,best
DE,potencias,0,841,7.992363855999676e-122,25290,30,0.8,0.2,best
DE,potencias,0,842,7.992363855999676e-122,25320,30,0.8,0.2,best
DE,potencias,0,843,3.9893746834567054e-123,25350,30,0.8,0.2,best
DE,potencias,0,844,6.404472850053841e-125,25380,30,0.8,0.2,best
DE,potencias,0,845,6.404472850053841e-125,25410,30,0.8,0.2,best
DE,potencias,0,846,6.404472850053841e-125,25440,30,0.8,0.2,best
DE,potencias,0,847,6.404472850053841e-125,25470,30,0.8,0.2,best
DE,potencias,0,848,6.404472850053841e-125,25500,30,0.8,0.2,best
DE,potencias,0,849,6.404472850053841e-125,25530,30,0.8,0.2,best
DE,potencias,0,850,2.545737479101478e-126,25560,30,0.8,0.2,best
DE,potencias,0,851,2.545737479101478e-126,25590,30,0.8,0.2,best
DE,potencias,0,852,1.3442650856488605e-127,25620,30,0.8,0.2,best
DE,potencias,0,853,1.6666041685653581e-130,25650,30,0.8,0.2,best
DE,potencias,0,854,1.6666041685653581e-130,25680,30,0.8,0.2,best
DE,potencias,0,855,1.6666041685653581e-130,25710,30,0.8,0.2,best
DE,potencias,0,856,1.6666041685653581e-130,25740,30,0.8,0.2,best
DE,potencias,0,857,1.6666041685653581e-130,25770,30,0.8,0.2,best
DE,potencias,0,858,1.6666041685653581e-130,25800,30,0.8,0.2,best
DE,potencias,0,859,1.6666041685653581e-130,25830,30,0.8,0.2,best
DE,potencias,0,860,3.012339011790831e-133,25860,30,0.8,0.2,best
DE,potencias,0,861,3.012339011790831e-133,25890,30,0.8,0.2,best
DE,potencias,0,862,3.012339011790831e-133,25920,30,0.8,0.2,best
DE,potencias,0,863,1.6435406824370792e-134,25950,30,0.8,0.2,best
DE,potencias,0,864,1.6435406824370792e-134,25980,30,0.8,0.2,best
DE,potencias,0,865,1.6435406824370792e-134,26010,30,0.8,0.2,best
DE,potencias,0,866,3.439569482012e-136,26040,30,0.8,0.2,best
DE,potencias,0,867,3.439569482012e-136,26070,30,0.8,0.2,best
DE,potencias,0,868,3.439569482012e-136,26100,30,0.8,0.2,best
DE,potencias,0,869,3.439569482012e-136,26130,30,0.8,0.2,best
DE,potencias,0,870,3.439569482012e-136,26160,30,0.8,0.2,best
DE,potencias,0,871,3.439569482012e-136,26190,30,0.8,0.2,best
DE,potencias,0,872,3.439569482012e-136,26220,30,0.8,0.2,best
DE,potencias,0,873,2.9813830556281802e-140,26250,30,0.8,0.2,best
DE,potencias,0,874,2.9813830556281802e-140,26280,30,0.8,0.2,best
DE,potencias,0,875,2.9813830556281802e-140,26310,30,0.8,0.2,best
DE,potencias,0,876,7.692062907809625e-141,26340,30,0.8,0.2,best
DE,potencias,0,877,1.3917924750948664e-144,26370,30,0.8,0.2,best
DE,potencias,0,878,9.775796363198735e-150,26400,30,0.8,0.2,best
DE,potencias,0,879,9.775796363198735e-150,26430,30,0.8,0.2,best
DE,potencias,0,880,9.775796363198735e-150,26460,30,0.8,0.2,best
DE,potencias,0,881,9.775796363198735e-150,26490,30,0.8,0.2,best
DE,potencias,0,882,9.775796363198735e-150,26520,30,0.8,0.2,best
DE,potencias,0,883,9.775796363198735e-150,26550,30,0.8,0.2,best
DE,potencias,0,884,9.775796363198735e-150,26580,30,0.8,0.2,best
DE,potencias,0,885,9.775796363198735e-150,26610,30,0.8,0.2,best
DE,potencias,0,886,9.775796363198735e-150,26640,30,0.8,0.2,best
DE,potencias,0,887,9.775796363198735e-150,26670,30,0.8,0.2,best
DE,potencias,0,888,9.775796363198735e-150,26700,30,0.8,0.2,best
DE,potencias,0,889,9.775796363198735e-150,26730,30,0.8,0.2,best
DE,potencias,0,890,9.775796363198735e-150,26760,30,0.8,0.2,best
DE,potencias,0,891,9.775796363198735e-150,26790,30,0.8,0.2,best
DE,potencias,0,892,3.102669744179286e-151,26820,30,0.8,0.2,best
DE,potencias,0,893,3.102669744179286e-151,26850,30,0.8,0.2,best
DE,potencias,0,894,3.102669744179286e-151,26880,30,0.8,0.2,best
DE,potencias,0,895,3.0549363635051616e-151,26910,30,0.8,0.2,best
DE,potencias,0,896,1.1380524797363597e-159,26940,30,0.8,0.2,best
DE,potencias,0,897,1.1380524797363597e-159,26970,30,0.8,0.2,best
DE,potencias,0,898,1.1380524797363597e-159,27000,30,0.8,0.2,best
DE,potencias,0,899,1.1380524797363597e-159,27030,30,0.8,0.2,best
DE,potencias,0,900,1.1380524797363597e-159,27060,30,0.8,0.2,best
DE,potencias,0,901,5.556896873712694e-163,27090,30,0.8,0.2,best
DE,potencias,0,902,5.556896873712694e-163,27120,30,0.8,0.2,best
DE,potencias,0,903,5.556896873712694e-163,27150,30,0.8,0.2,best
DE,potencias,0,904,5.556896873712694e-163,27180,30,0.8,0.2,best
DE,potencias,0,905,5.556896873712694e-163,27210,30,0.8,0.2,best
DE,potencias,0,906,5.556896873712694e-163,27240,30,0.8,0.2,best
DE,potencias,0,907,5.556896873712694e-163,27270,30,0.8,0.2,best
DE,potencias,0,908,5.556896873712694e-163,27300,30,0.8,0.2,best
DE,potencias,0,909,5.556896873712694e-163,27330,30,0.8,0.2,best
DE,potencias,0,910,0.0,27360,30,0.8,0.2,best
DE,potencias,0,911,0.0,27390,30,0.8,0.2,best
DE,potencias,0,912,0.0,27420,30,0.8,0.2,best
DE,potencias,0,913,0.0,27450,30,0.8,0.2,best
DE,potencias,0,914,0.0,27480,30,0.8,0.2,best
DE,potencias,0,915,0.0,27510,30,0.8,0.2,best
DE,potencias,0,916,0.0,27540,30,0.8,0.2,best
DE,potencias,0,917,0.0,27570,30,0.8,0.2,best
DE,potencias,0,918,0.0,27600,30,0.8,0.2,best
DE,potencias,0,919,0.0,27630,30,0.8,0.2,best
DE,potencias,0,920,0.0,27660,30,0.8,0.2,best
DE,potencias,0,921,0.0,27690,30,0.8,0.2,best
DE,potencias,0,922,0.0,27720,30,0.8,0.2,best
DE,potencias,0,923,0.0,27750,30,0.8,0.2,best
DE,potencias,0,924,0.0,27780,30,0.8,0.2,best
DE,potencias,0,925,0.0,27810,30,0.8,0.2,best
DE,potencias,0,926,0.0,27840,30,0.8,0.2,best
DE,potencias,0,927,0.0,27870,30,0.8,0.2,best
DE,potencias,0,928,0.0,27900,30,0.8,0.2,best
DE,potencias,0,929,0.0,27930,30,0.8,0.2,best
DE,potencias,0,930,0.0,27960,30,0.8,0.2,best
DE,potencias,0,931,0.0,27990,30,0.8,0.2,best
DE,potencias,0,932,0.0,28020,30,0.8,0.2,best
DE,potencias,0,933,0.0,28050,30,0.8,0.2,best
DE,potencias,0,934,0.0,28080,30,0.8,0.2,best
DE,potencias,0,935,0.0,28110,30,0.8,0.2,best
DE,potencias,0,936,0.0,28140,30,0.8,0.2,best
DE,potencias,0,937,0.0,28170,30,0.8,0.2,best
DE,potencias,0,938,0.0,28200,30,0.8,0.2,best
DE,potencias,0,939,0.0,28230,30,0.8,0.2,best
DE,potencias,0,940,0.0,28260,30,0.8,0.2,best
DE,potencias,0,941,0.0,28290,30,0.8,0.2,best
DE,potencias,0,942,0.0,28320,30,0.8,0.2,best
DE,potencias,0,943,0.0,28350,30,0.8,0.2,best
DE,potencias,0,944,0.0,28380,30,0.8,0.2,best
DE,potencias,0,945,0.0,28410,30,0.8,0.2,best
DE,potencias,0,946,0.0,28440,30,0.8,0.2,best
DE,potencias,0,947,0.0,28470,30,0.8,0.2,best
DE,potencias,0,948,0.0,28500,30,0.8,0.2,best
DE,potencias,0,949,0.0,28530,30,0.8,0.2,best
DE,potencias,0,950,0.0,28560,30,0.8,0.2,best
DE,potencias,0,951,0.0,28590,30,0.8,0.2,best
DE,potencias,0,952,0.0,28620,30,0.8,0.2,best
DE,potencias,0,953,0.0,28650,30,0.8,0.2,best
DE,potencias,0,954,0.0,28680,30,0.8,0.2,best
DE,potencias,0,955,0.0,28710,30,0.8,0.2,best
DE,potencias,0,956,0.0,28740,30,0.8,0.2,best
DE,potencias,0,957,0.0,28770,30,0.8,0.2,best
DE,potencias,0,958,0.0,28800,30,0.8,0.2,best
DE,potencias,0,959,0.0,28830,30,0.8,0.2,best
DE,potencias,0,960,0.0,28860,30,0.8,0.2,best
DE,potencias,0,961,0.0,28890,30,0.8,0.2,best
DE,potencias,0,962,0.0,28920,30,0.8,0.2,best
DE,potencias,0,963,0.0,28950,30,0.8,0.2,best
DE,potencias,0,964,0.0,28980,30,0.8,0.2,best
DE,potencias,0,965,0.0,29010,30,0.8,0.2,best
DE,potencias,0,966,0.0,29040,30,0.8,0.2,best
DE,potencias,0,967,0.0,29070,30,0.8,0.2,best
DE,potencias,0,968,0.0,29100,30,0.8,0.2,best
DE,potencias,0,969,0.0,29130,30,0.8,0.2,best
DE,potencias,0,970,0.0,29160,30,0.8,0.2,best
DE,potencias,0,971,0.0,29190,30,0.8,0.2,best
DE,potencias,0,972,0.0,29220,30,0.8,0.2,best
DE,potencias,0,973,0.0,29250,30,0.8,0.2,best
DE,potencias,0,974,0.0,29280,30,0.8,0.2,best
DE,potencias,0,975,0.0,29310,30,0.8,0.2,best
DE,potencias,0,976,0.0,29340,30,0.8,0.2,best
DE,potencias,0,977,0.0,29370,30,0.8,0.2,best
DE,potencias,0,978,0.0,29400,30,0.8,0.2,best
DE,potencias,0,979,0.0,29430,30,0.8,0.2,best
DE,potencias,0,980,0.0,29460,30,0.8,0.2,best
DE,potencias,0,981,0.0,29490,30,0.8,0.2,best
DE,potencias,0,982,0.0,29520,30,0.8,0.2,best
DE,potencias,0,983,0.0,29550,30,0.8,0.2,best
DE,potencias,0,984,0.0,29580,30,0.8,0.2,best
DE,potencias,0,985,0.0,29610,30,0.8,0.2,best
DE,potencias,0,986,0.0,29640,30,0.8,0.2,best
DE,potencias,0,987,0.0,29670,30,0.8,0.2,best
DE,potencias,0,988,0.0,29700,30,0.8,0.2,best
DE,potencias,0,989,0.0,29730,30,0.8,0.2,best
DE,potencias,0,990,0.0,29760,30,0.8,0.2,best
DE,potencias,0,991,0.0,29790,30,0.8,0.2,best
DE,potencias,0,992,0.0,29820,30,0.8,0.2,best
DE,potencias,0,993,0.0,29850,30,0.8,0.2,best
DE,potencias,0,994,0.0,29880,30,0.8,0.2,best
DE,potencias,0,995,0.0,29910,30,0.8,0.2,best
DE,potencias,0,996,0.0,29940,30,0.8,0.2,best
DE,potencias,0,997,0.0,29970,30,0.8,0.2,best
DE,potencias,0,998,0.0,30000,30,0.8,0.2,best
DE,potencias,0,999,0.0,30030,30,0.8,0.2,best
DE,potencias,0,1000,0.0,30060,30,0.8,0.2,best
DE,potencias,0,1001,0.0,30090,30,0.8,0.2,best
DE,potencias,0,1002,0.0,30120,30,0.8,0.2,best
DE,potencias,0,1003,0.0,30150,30,0.8,0.2,best
DE,potencias,0,1004,0.0,30180,30,0.8,0.2,best
DE,potencias,0,1005,0.0,30210,30,0.8,0.2,best
DE,potencias,0,1006,0.0,30240,30,0.8,0.2,best
DE,potencias,0,1007,0.0,30270,30,0.8,0.2,best
DE,potencias,0,1008,0.0,30300,30,0.8,0.2,best
DE,potencias,0,1009,0.0,30330,30,0.8,0.2,best
DE,potencias,0,1010,0.0,30360,30,0.8,0.2,best
DE,potencias,0,1011,0.0,30390,30,0.8,0.2,best
DE,potencias,0,1012,0.0,30420,30,0.8,0.2,best
DE,potencias,0,1013,0.0,30450,30,0.8,0.2,best
DE,potencias,0,1014,0.0,30480,30,0.8,0.2,best
DE,potencias,0,1015,0.0,30510,30,0.8,0.2,best
DE,potencias,0,1016,0.0,30540,30,0.8,0.2,best
DE,potencias,0,1017,0.0,30570,30,0.8,0.2,best
DE,potencias,0,1018,0.0,30600,30,0.8,0.2,best
DE,potencias,0,1019,0.0,30630,30,0.8,0.2,best
DE,potencias,0,1020,0.0,30660,30,0.8,0.2,best
DE,potencias,0,1021,0.0,30690,30,0.8,0.2,best
DE,potencias,0,1022,0.0,30720,30,0.8,0.2,best
DE,potencias,0,1023,0.0,30750,30,0.8,0.2,best
DE,potencias,0,1024,0.0,30780,30,0.8,0.2,best
DE,potencias,0,1025,0.0,30810,30,0.8,0.2,best
DE,potencias,0,1026,0.0,30840,30,0.8,0.2,best
DE,potencias,0,1027,0.0,30870,30,0.8,0.2,best
DE,potencias,0,1028,0.0,30900,30,0.8,0.2,best
DE,potencias,0,1029,0.0,30930,30,0.8,0.2,best
DE,potencias,0,1030,0.0,30960,30,0.8,0.2,best
DE,potencias,0,1031,0.0,30990,30,0.8,0.2,best
DE,potencias,0,1032,0.0,31020,30,0.8,0.2,best
DE,potencias,0,1033,0.0,31050,30,0.8,0.2,best
DE,potencias,0,1034,0.0,31080,30,0.8,0.2,best
DE,potencias,0,1035,0.0,31110,30,0.8,0.2,best
DE,potencias,0,1036,0.0,31140,30,0.8,0.2,best
DE,potencias,0,1037,0.0,31170,30,0.8,0.2,best
DE,potencias,0,1038,0.0,31200,30,0.8,0.2,best
DE,potencias,0,1039,0.0,31230,30,0.8,0.2,best
DE,potencias,0,1040,0.0,31260,30,0.8,0.2,best
DE,potencias,0,1041,0.0,31290,30,0.8,0.2,best
DE,potencias,0,1042,0.0,31320,30,0.8,0.2,best
DE,potencias,0,1043,0.0,31350,30,0.8,0.2,best
DE,potencias,0,1044,0.0,31380,30,0.8,0.2,best
DE,potencias,0,1045,0.0,31410,30,0.8,0.2,best
DE,potencias,0,1046,0.0,31440,30,0.8,0.2,best
DE,potencias,0,1047,0.0,31470,30,0.8,0.2,best
DE,potencias,0,1048,0.0,31500,30,0.8,0.2,best
DE,potencias,0,1049,0.0,31530,30,0.8,0.2,best
DE,potencias,0,1050,0.0,31560,30,0.8,0.2,best
DE,potencias,0,1051,0.0,31590,30,0.8,0.2,best
DE,potencias,0,1052,0.0,31620,30,0.8,0.2,best
DE,potencias,0,1053,0.0,31650,30,0.8,0.2,best
DE,potencias,0,1054,0.0,31680,30,0.8,0.2,best
DE,potencias,0,1055,0.0,31710,30,0.8,0.2,best
DE,potencias,0,1056,0.0,31740,30,0.8,0.2,best
DE,potencias,0,1057,0.0,31770,30,0.8,0.2,best
DE,potencias,0,1058,0.0,31800,30,0.8,0.2,best
DE,potencias,0,1059,0.0,31830,30,0.8,0.2,best
DE,potencias,0,1060,0.0,31860,30,0.8,0.2,best
DE,potencias,0,1061,0.0,31890,30,0.8,0.2,best
DE,potencias,0,1062,0.0,31920,30,0.8,0.2,best
DE,potencias,0,1063,0.0,31950,30,0.8,0.2,best
DE,potencias,0,1064,0.0,31980,30,0.8,0.2,best
DE,potencias,0,1065,0.0,32010,30,0.8,0.2,best
DE,potencias,0,1066,0.0,32040,30,0.8,0.2,best
DE,potencias,0,1067,0.0,32070,30,0.8,0.2,best
DE,potencias,0,1068,0.0,32100,30,0.8,0.2,best
DE,potencias,0,1069,0.0,32130,30,0.8,0.2,best
DE,potencias,0,1070,0.0,32160,30,0.8,0.2,best
DE,potencias,0,1071,0.0,32190,30,0.8,0.2,best
DE,potencias,0,1072,0.0,32220,30,0.8,0.2,best
DE,potencias,0,1073,0.0,32250,30,0.8,0.2,best
DE,potencias,0,1074,0.0,32280,30,0.8,0.2,best
DE,potencias,0,1075,0.0,32310,30,0.8,0.2,best
DE,potencias,0,1076,0.0,32340,30,0.8,0.2,best
DE,potencias,0,1077,0.0,32370,30,0.8,0.2,best
DE,potencias,0,1078,0.0,32400,30,0.8,0.2,best
DE,potencias,0,1079,0.0,32430,30,0.8,0.2,best
DE,potencias,0,1080,0.0,32460,30,0.8,0.2,best
DE,potencias,0,1081,0.0,32490,30,0.8,0.2,best
DE,potencias,0,1082,0.0,32520,30,0.8,0.2,best
DE,potencias,0,1083,0.0,32550,30,0.8,0.2,best
DE,potencias,0,1084,0.0,32580,30,0.8,0.2,best
DE,potencias,0,1085,0.0,32610,30,0.8,0.2,best
DE,potencias,0,1086,0.0,32640,30,0.8,0.2,best
DE,potencias,0,1087,0.0,32670,30,0.8,0.2,best
DE,potencias,0,1088,0.0,32700,30,0.8,0.2,best
DE,potencias,0,1089,0.0,32730,30,0.8,0.2,best
DE,potencias,0,1090,0.0,32760,30,0.8,0.2,best
DE,potencias,0,1091,0.0,32790,30,0.8,0.2,best
DE,potencias,0,1092,0.0,32820,30,0.8,0.2,best
DE,potencias,0,1093,0.0,32850,30,0.8,0.2,best
DE,potencias,0,1094,0.0,32880,30,0.8,0.2,best
DE,potencias,0,1095,0.0,32910,30,0.8,0.2,best
DE,potencias,0,1096,0.0,32940,30,0.8,0.2,best
DE,potencias,0,1097,0.0,32970,30,0.8,0.2,best
DE,potencias,0,1098,0.0,33000,30,0.8,0.2,best
DE,potencias,0,1099,0.0,33030,30,0.8,0.2,best
DE,potencias,0,1100,0.0,33060,30,0.8,0.2,best
DE,potencias,0,1101,0.0,33090,30,0.8,0.2,best
DE,potencias,0,1102,0.0,33120,30,0.8,0.2,best
DE,potencias,0,1103,0.0,33150,30,0.8,0.2,best
DE,potencias,0,1104,0.0,33180,30,0.8,0.2,best
DE,potencias,0,1105,0.0,33210,30,0.8,0.2,best
DE,potencias,0,1106,0.0,33240,30,0.8,0.2,best
DE,potencias,0,1107,0.0,33270,30,0.8,0.2,best
DE,potencias,0,1108,0.0,33300,30,0.8,0.2,best
DE,potencias,0,1109,0.0,33330,30,0.8,0.2,best
DE,potencias,0,1110,0.0,33360,30,0.8,0.2,best
DE,potencias,0,1111,0.0,33390,30,0.8,0.2,best
DE,potencias,0,1112,0.0,33420,30,0.8,0.2,best
DE,potencias,0,1113,0.0,33450,30,0.8,0.2,best
DE,potencias,0,1114,0.0,33480,30,0.8,0.2,best
DE,potencias,0,1115,0.0,33510,30,0.8,0.2,best
DE,potencias,0,1116,0.0,33540,30,0.8,0.2,best
DE,potencias,0,1117,0.0,33570,30,0.8,0.2,best
DE,potencias,0,1118,0.0,33600,30,0.8,0.2,best
DE,potencias,0,1119,0.0,33630,30,0.8,0.2,best
DE,potencias,0,1120,0.0,33660,30,0.8,0.2,best
DE,potencias,0,1121,0.0,33690,30,0.8,0.2,best
DE,potencias,0,1122,0.0,33720,30,0.8,0.2,best
DE,potencias,0,1123,0.0,33750,30,0.8,0.2,best
DE,potencias,0,1124,0.0,33780,30,0.8,0.2,best
DE,potencias,0,1125,0.0,33810,30,0.8,0.2,best
DE,potencias,0,1126,0.0,33840,30,0.8,0.2,best
DE,potencias,0,1127,0.0,33870,30,0.8,0.2,best
DE,potencias,0,1128,0.0,33900,30,0.8,0.2,best
DE,potencias,0,1129,0.0,33930,30,0.8,0.2,best
DE,potencias,0,1130,0.0,33960,30,0.8,0.2,best
DE,potencias,0,1131,0.0,33990,30,0.8,0.2,best
DE,potencias,0,1132,0.0,34020,30,0.8,0.2,best
DE,potencias,0,1133,0.0,34050,30,0.8,0.2,best
DE,potencias,0,1134,0.0,34080,30,0.8,0.2,best
DE,potencias,0,1135,0.0,34110,30,0.8,0.2,best
DE,potencias,0,1136,0.0,34140,30,0.8,0.2,best
DE,potencias,0,1137,0.0,34170,30,0.8,0.2,best
DE,potencias,0,1138,0.0,34200,30,0.8,0.2,best
DE,potencias,0,1139,0.0,34230,30,0.8,0.2,best
DE,potencias,0,1140,0.0,34260,30,0.8,0.2,best
DE,potencias,0,1141,0.0,34290,30,0.8,0.2,best
DE,potencias,0,1142,0.0,34320,30,0.8,0.2,best
DE,potencias,0,1143,0.0,34350,30,0.8,0.2,best
DE,potencias,0,1144,0.0,34380,30,0.8,0.2,best
DE,potencias,0,1145,0.0,34410,30,0.8,0.2,best
DE,potencias,0,1146,0.0,34440,30,0.8,0.2,best
DE,potencias,0,1147,0.0,34470,30,0.8,0.2,best
DE,potencias,0,1148,0.0,34500,30,0.8,0.2,best
DE,potencias,0,1149,0.0,34530,30,0.8,0.2,best
DE,potencias,0,1150,0.0,34560,30,0.8,0.2,best
DE,potencias,0,1151,0.0,34590,30,0.8,0.2,best
DE,potencias,0,1152,0.0,34620,30,0.8,0.2,best
DE,potencias,0,1153,0.0,34650,30,0.8,0.2,best
DE,potencias,0,1154,0.0,34680,30,0.8,0.2,best
DE,potencias,0,1155,0.0,34710,30,0.8,0.2,best
DE,potencias,0,1156,0.0,34740,30,0.8,0.2,best
DE,potencias,0,1157,0.0,34770,30,0.8,0.2,best
DE,potencias,0,1158,0.0,34800,30,0.8,0.2,best
DE,potencias,0,1159,0.0,34830,30,0.8,0.2,best
DE,potencias,0,1160,0.0,34860,30,0.8,0.2,best
DE,potencias,0,1161,0.0,34890,30,0.8,0.2,best
DE,potencias,0,1162,0.0,34920,30,0.8,0.2,best
DE,potencias,0,1163,0.0,34950,30,0.8,0.2,best
DE,potencias,0,1164,0.0,34980,30,0.8,0.2,best
DE,potencias,0,1165,0.0,35010,30,0.8,0.2,best
DE,potencias,0,1166,0.0,35040,30,0.8,0.2,best
DE,potencias,0,1167,0.0,35070,30,0.8,0.2,best
DE,potencias,0,1168,0.0,35100,30,0.8,0.2,best
DE,potencias,0,1169,0.0,35130,30,0.8,0.2,best
DE,potencias,0,1170,0.0,35160,30,0.8,0.2,best
DE,potencias,0,1171,0.0,35190,30,0.8,0.2,best
DE,potencias,0,1172,0.0,35220,30,0.8,0.2,best
DE,potencias,0,1173,0.0,35250,30,0.8,0.2,best
DE,potencias,0,1174,0.0,35280,30,0.8,0.2,best
DE,potencias,0,1175,0.0,35310,30,0.8,0.2,best
DE,potencias,0,1176,0.0,35340,30,0.8,0.2,best
DE,potencias,0,1177,0.0,35370,30,0.8,0.2,best
DE,potencias,0,1178,0.0,35400,30,0.8,0.2,best
DE,potencias,0,1179,0.0,35430,30,0.8,0.2,best
DE,potencias,0,1180,0.0,35460,30,0.8,0.2,best
DE,potencias,0,1181,0.0,35490,30,0.8,0.2,best
DE,potencias,0,1182,0.0,35520,30,0.8,0.2,best
DE,potencias,0,1183,0.0,35550,30,0.8,0.2,best
DE,potencias,0,1184,0.0,35580,30,0.8,0.2,best
DE,potencias,0,1185,0.0,35610,30,0.8,0.2,best
DE,potencias,0,1186,0.0,35640,30,0.8,0.2,best
DE,potencias,0,1187,0.0,35670,30,0.8,0.2,best
DE,potencias,0,1188,0.0,35700,30,0.8,0.2,best
DE,potencias,0,1189,0.0,35730,30,0.8,0.2,best
DE,potencias,0,1190,0.0,35760,30,0.8,0.2,best
DE,potencias,0,1191,0.0,35790,30,0.8,0.2,best
DE,potencias,0,1192,0.0,35820,30,0.8,0.2,best
DE,potencias,0,1193,0.0,35850,30,0.8,0.2,best
DE,potencias,0,1194,0.0,35880,30,0.8,0.2,best
DE,potencias,0,1195,0.0,35910,30,0.8,0.2,best
DE,potencias,0,1196,0.0,35940,30,0.8,0.2,best
DE,potencias,0,1197,0.0,35970,30,0.8,0.2,best
DE,potencias,0,1198,0.0,36000,30,0.8,0.2,best
DE,potencias,0,1199,0.0,36030,30,0.8,0.2,best
DE,potencias,1,0,3469319.8202991514,60,30,0.8,0.2,best
DE,potencias,1,1,1374968.3813625327,90,30,0.8,0.2,best
DE,potencias,1,2,1374968.3813625327,120,30,0.8,0.2,best
DE,potencias,1,3,889376.5210115107,150,30,0.8,0.2,best
DE,potencias,1,4,785401.9561650861,180,30,0.8,0.2,best
DE,potencias,1,5,16578.213411509358,210,30,0.8,0.2,best
DE,potencias,1,6,12174.906532785953,240,30,0.8,0.2,best
DE,potencias,1,7,3326.952329428977,270,30,0.8,0.2,best
DE,potencias,1,8,3326.952329428977,300,30,0.8,0.2,best
DE,potencias,1,9,3326.952329428977,330,30,0.8,0.2,best
DE,potencias,1,10,3326.952329428977,360,30,0.8,0.2,best
DE,potencias,1,11,428.41079396045507,390,30,0.8,0.2,best
DE,potencias,1,12,428.41079396045507,420,30,0.8,0.2,best
DE,potencias,1,13,180.6481558115407,450,30,0.8,0.2,best
DE,potencias,1,14,61.6951541248621,480,30,0.8,0.2,best
DE,potencias,1,15,61.6951541248621,510,30,0.8,0.2,best
DE,potencias,1,16,61.6951541248621,540,30,0.8,0.2,best
DE,potencias,1,17,61.6951541248621,570,30,0.8,0.2,best
DE,potencias,1,18,61.6951541248621,600,30,0.8,0.2,best
DE,potencias,1,19,61.6951541248621,630,30,0.8,0.2,best
DE,potencias,1,20,61.6951541248621,660,30,0.8,0.2,best
DE,potencias,1,21,61.6951541248621,690,30,0.8,0.2,best
DE,potencias,1,22,28.969922796506744,720,30,0.8,0.2,best
DE,potencias,1,23,28.969922796506744,750,30,0.8,0.2,best
DE,potencias,1,24,18.104590284012758,780,30,0.8,0.2,best
DE,potencias,1,25,17.98177807233235,810,30,0.8,0.2,best
DE,potencias,1,26,17.98177807233235,840,30,0.8,0.2,best
DE,potencias,1,27,17.98177807233235,870,30,0.8,0.2,best
DE,potencias,1,28,17.98177807233235,900,30,0.8,0.2,best
DE,potencias,1,29,17.98177807233235,930,30,0.8,0.2,best
DE,potencias,1,30,17.98177807233235,960,30,0.8,0.2,best
DE,potencias,1,31,17.98177807233235,990,30,0.8,0.2,best
DE,potencias,1,32,17.98177807233235,1020,30,0.8,0.2,best
DE,potencias,1,33,17.34702874363617,1050,30,0.8,0.2,best
DE,potencias,1,34,1.2681124233619419,1080,30,0.8,0.2,best
DE,potencias,1,35,1.2681124233619419,1110,30,0.8,0.2,best
DE,potencias,1,36,1.2681124233619419,1140,30,0.8,0.2,best
DE,potencias,1,37,1.2681124233619419,1170,30,0.8,0.2,best
DE,potencias,1,38,1.2680651620900378,1200,30,0.8,0.2,best
DE,potencias,1,39,1.263018660345528,1230,30,0.8,0.2,best
DE,potencias,1,40,1.263018660345528,1260,30,0.8,0.2,best
DE,potencias,1,41,1.263018660345528,1290,30,0.8,0.2,best
DE,potencias,1,42,0.43981232927488945,1320,30,0.8,0.2,best
DE,potencias,1,43,0.43981232927488945,1350,30,0.8,0.2,best
DE,potencias,1,44,0.43203776221441487,1380,30,0.8,0.2,best
DE,potencias,1,45,0.43203776221441487,1410,30,0.8,0.2,best
DE,potencias,1,46,0.43203776221441487,1440,30,0.8,0.2,best
DE,potencias,1,47,0.4249320317641442,1470,30,0.8,0.2,best
DE,potencias,1,48,0.29400247458657885,1500,30,0.8,0.2,best
DE,potencias,1,49,0.09297614271847282,1530,30,0.8,0.2,best
DE,potencias,1,50,0.09297614271847282,1560,30,0.8,0.2,best
DE,potencias,1,51,0.09297614271847282,1590,30,0.8,0.2,best
DE,potencias,1,52,0.013299718801815944,1620,30,0.8,0.2,best
DE,potencias,1,53,0.012553466132881233,1650,30,0.8,0.2,best
DE,potencias,1,54,0.012553466132881233,1680,30,0.8,0.2,best
DE,potencias,1,55,0.012553466132881233,1710,30,0.8,0.2,best
DE,potencias,1,56,0.012553466132881233,1740,30,0.8,0.2,best
DE,potencias,1,57,0.012553466132881233,1770,30,0.8,0.2,best
DE,potencias,1,58,0.012553466132881233,1800,30,0.8,0.2,best
DE,potencias,1,59,0.012553466132881233,1830,30,0.8,0.2,best
DE,potencias,1,60,0.012553466132881233,1860,30,0.8,0.2,best
DE,potencias,1,61,0.012553466132881233,1890,30,0.8,0.2,best
DE,potencias,1,62,0.012553466132881233,1920,30,0.8,0.2,best
DE,potencias,1,63,0.007234470574621986,1950,30,0.8,0.2,best
DE,potencias,1,64,0.007234470574621986,1980,30,0.8,0.2,best
DE,potencias,1,65,0.007234470574621986,2010,30,0.8,0.2,best
DE,potencias,1,66,0.0028133052347802346,2040,30,0.8,0.2,best
DE,potencias,1,67,0.0028133052347802346,2070,30,0.8,0.2,best
DE,potencias,1,68,0.0027998731275327123,2100,30,0.8,0.2,best
DE,potencias,1,69,0.00240209059932953,2130,30,0.8,0.2,best
DE,potencias,1,70,0.00240209059932953,2160,30,0.8,0.2,best
DE,potencias,1,71,0.00240209059932953,2190,30,0.8,0.2,best
DE,potencias,1,72,0.00240209059932953,2220,30,0.8,0.2,best
DE,potencias,1,73,0.00240209059932953,2250,30,0.8,0.2,best
DE,potencias,1,74,0.00240209059932953,2280,30,0.8,0.2,best
DE,potencias,1,75,0.0020254123599409827,2310,30,0.8,0.2,best
DE,potencias,1,76,0.0008511296036865567,2340,30,0.8,0.2,best
DE,potencias,1,77,0.0008511296036865567,2370,30,0.8,0.2,best
DE,potencias,1,78,0.0003125556555623624,2400,30,0.8,0.2,best
DE,potencias,1,79,0.0003096129597397928,2430,30,0.8,0.2,best
DE,potencias,1,80,0.0003096129597397928,2460,30,0.8,0.2,best
DE,potencias,1,81,0.0002961790037021183,2490,30,0.8,0.2,best
DE,potencias,1,82,0.0002961790037021183,2520,30,0.8,0.2,best
DE,potencias,1,83,0.0002961790037021183,2550,30,0.8,0.2,best
DE,potencias,1,84,0.0002961790037021183,2580,30,0.8,0.2,best
DE,potencias,1,85,0.0002961790037021183,2610,30,0.8,0.2,best
DE,potencias,1,86,0.00021894054984801308,2640,30,0.8,0.2,best
DE,potencias,1,87,0.00012284241175383672,2670,30,0.8,0.2,best
DE,potencias,1,88,8.324996556363592e-05,2700,30,0.8,0.2,best
DE,potencias,1,89,8.324996556363592e-05,2730,30,0.8,0.2,best
DE,potencias,1,90,8.146157969845269e-05,2760,30,0.8,0.2,best
DE,potencias,1,91,6.162383299080286e-05,2790,30,0.8,0.2,best
DE,potencias,1,92,5.3387829174412646e-05,2820,30,0.8,0.2,best
DE,potencias,1,93,4.8603560687484616e-05,2850,30,0.8,0.2,best
DE,potencias,1,94,2.2057938904497853e-05,2880,30,0.8,0.2,best
DE,potencias,1,95,2.2057938904497853e-05,2910,30,0.8,0.2,best
DE,potencias,1,96,2.1467896027641843e-05,2940,30,0.8,0.2,best
DE,potencias,1,97,9.042630268565671e-06,2970,30,0.8,0.2,best
DE,potencias,1,98,9.042630268565671e-06,3000,30,0.8,0.2,best
DE,potencias,1,99,9.042630268565671e-06,3030,30,0.8,0.2,best
DE,potencias,1,100,4.299389806066297e-06,3060,30,0.8,0.2,best
DE,potencias,1,101,4.299389806066297e-06,3090,30,0.8,0.2,best
DE,potencias,1,102,2.5823371507055383e-06,3120,30,0.8,0.2,best
DE,potencias,1,103,2.5823371507055383e-06,3150,30,0.8,0.2,best
DE,potencias,1,104,2.5823371507055383e-06,3180,30,0.8,0.2,best
DE,potencias,1,105,2.254063872139001e-06,3210,30,0.8,0.2,best
DE,potencias,1,106,2.254063872139001e-06,3240,30,0.8,0.2,best
DE,potencias,1,107,2.0043335905774873e-06,3270,30,0.8,0.2,best
DE,potencias,1,108,2.0043335905774873e-06,3300,30,0.8,0.2,best
DE,potencias,1,109,1.851474893487186e-06,3330,30,0.8,0.2,best
DE,potencias,1,110,1.6888066797163269e-06,3360,30,0.8,0.2,best
DE,potencias,1,111,1.5452531268430475e-06,3390,30,0.8,0.2,best
DE,potencias,1,112,1.4842139734781724e-06,3420,30,0.8,0.2,best
DE,potencias,1,113,6.319018608450023e-07,3450,30,0.8,0.2,best
DE,potencias,1,114,2.1456525422609002e-07,3480,30,0.8,0.2,best
DE,potencias,1,115,2.1456525422609002e-07,3510,30,0.8,0.2,best
DE,potencias,1,116,1.980215936561607e-07,3540,30,0.8,0.2,best
DE,potencias,1,117,1.868121907749122e-07,3570,30,0.8,0.2,best
DE,potencias,1,118,1.868121907749122e-07,3600,30,0.8,0.2,best
DE,potencias,1,119,1.821742817909177e-07,3630,30,0.8,0.2,best
DE,potencias,1,120,1.2072584097373014e-07,3660,30,0.8,0.2,best
DE,potencias,1,121,3.7199216353771004e-08,3690,30,0.8,0.2,best
DE,potencias,1,122,3.7199216353771004e-08,3720,30,0.8,0.2,best
DE,potencias,1,123,3.7199216353771004e-08,3750,30,0.8,0.2,best
DE,potencias,1,124,3.7199216353771004e-08,3780,30,0.8,0.2,best
DE,potencias,1,125,2.5290307254372546e-08,3810,30,0.8,0.2,best
DE,potencias,1,126,2.5290307254372546e-08,3840,30,0.8,0.2,best
DE,potencias,1,127,1.6625726810200287e-08,3870,30,0.8,0.2,best
DE,potencias,1,128,1.6625726810200287e-08,3900,30,0.8,0.2,best
DE,potencias,1,129,4.403777738306045e-09,3930,30,0.8,0.2,best
DE,potencias,1,130,4.403777738306045e-09,3960,30,0.8,0.2,best
DE,potencias,1,131,4.403777738306045e-09,3990,30,0.8,0.2,best
DE,potencias,1,132,4.403777738306045e-09,4020,30,0.8,0.2,best
DE,potencias,1,133,4.403777738306045e-09,4050,30,0.8,0.2,best
DE,potencias,1,134,4.403777738306045e-09,4080,30,0.8,0.2,best
DE,potencias,1,135,2.517239290508066e-09,4110,30,0.8,0.2,best
DE,potencias,1,136,2.3897631883674724e-09,4140,30,0.8,0.2,best
DE,potencias,1,137,2.3897631883674724e-09,4170,30,0.8,0.2,best
DE,potencias,1,138,2.3897631883674724e-09,4200,30,0.8,0.2,best
DE,potencias,1,139,5.126276726035906e-10,4230,30,0.8,0.2,best
DE,potencias,1,140,5.126276726035906e-10,4260,30,0.8,0.2,best
DE,potencias,1,141,5.126276726035906e-10,4290,30,0.8,0.2,best
DE,potencias,1,142,5.126276726035906e-10,4320,30,0.8,0.2,best
DE,potencias,1,143,5.126276726035906e-10,4350,30,0.8,0.2,best
DE,potencias,1,144,5.126276726035906e-10,4380,30,0.8,0.2,best
DE,potencias,1,145,5.126276726035906e-10,4410,30,0.8,0.2,best
DE,potencias,1,146,2.4701210216971488e-11,4440,30,0.8,0.2,best
DE,potencias,1,147,2.4701210216971488e-11,4470,30,0.8,0.2,best
DE,potencias,1,148,2.4701210216971488e-11,4500,30,0.8,0.2,best
DE,potencias,1,149,2.4701210216971488e-11,4530,30,0.8,0.2,best
DE,potencias,1,150,2.4701210216971488e-11,4560,30,0.8,0.2,best
DE,potencias,1,151,2.4701210216971488e-11,4590,30,0.8,0.2,best
DE,potencias,1,152,2.4701210216971488e-11,4620,30,0.8,0.2,best
DE,potencias,1,153,2.4701210216971488e-11,4650,30,0.8,0.2,best
DE,potencias,1,154,2.4701210216971488e-11,4680,30,0.8,0.2,best
DE,potencias,1,155,2.030953284189783e-11,4710,30,0.8,0.2,best
DE,potencias,1,156,2.030953284189783e-11,4740,30,0.8,0.2,best
DE,potencias,1,157,2.030953284189783e-11,4770,30,0.8,0.2,best
DE,potencias,1,158,1.7646218848029247e-11,4800,30,0.8,0.2,best
DE,potencias,1,159,1.7646218848029247e-11,4830,30,0.8,0.2,best
DE,potencias,1,160,1.7646218848029247e-11,4860,30,0.8,0.2,best
DE,potencias,1,161,1.0335259962600784e-11,4890,30,0.8,0.2,best
DE,potencias,1,162,7.90871228965466e-12,4920,30,0.8,0.2,best
DE,potencias,1,163,7.90328604701604e-12,4950,30,0.8,0.2,best
DE,potencias,1,164,7.90328604701604e-12,4980,30,0.8,0.2,best
DE,potencias,1,165,7.90328604701604e-12,5010,30,0.8,0.2,best
DE,potencias,1,166,7.90328604701604e-12,5040,30,0.8,0.2,best
DE,potencias,1,167,7.90328604701604e-12,5070,30,0.8,0.2,best
DE,potencias,1,168,3.123548169216241e-12,5100,30,0.8,0.2,best
DE,potencias,1,169,3.123548169216241e-12,5130,30,0.8,0.2,best
DE,potencias,1,170,3.123548169216241e-12,5160,30,0.8,0.2,best
DE,potencias,1,171,3.123548169216241e-12,5190,30,0.8,0.2,best
DE,potencias,1,172,3.123548169216241e-12,5220,30,0.8,0.2,best
DE,potencias,1,173,3.123548169216241e-12,5250,30,0.8,0.2,best
DE,potencias,1,174,1.10692483612467e-12,5280,30,0.8,0.2,best
DE,potencias,1,175,1.10692483612467e-12,5310,30,0.8,0.2,best
DE,potencias,1,176,1.10692483612467e-12,5340,30,0.8,0.2,best
DE,potencias,1,177,1.10692483612467e-12,5370,30,0.8,0.2,best
DE,potencias,1,178,4.4441127974455845e-13,5400,30,0.8,0.2,best
DE,potencias,1,179,4.4441127974455845e-13,5430,30,0.8,0.2,best
DE,potencias,1,180,4.4441127974455845e-13,5460,30,0.8,0.2,best
DE,potencias,1,181,4.4441127974455845e-13,5490,30,0.8,0.2,best
DE,potencias,1,182,6.497770220895209e-14,5520,30,0.8,0.2,best
DE,potencias,1,183,6.497770220895209e-14,5550,30,0.8,0.2,best
DE,potencias,1,184,6.497770220895209e-14,5580,30,0.8,0.2,best
DE,potencias,1,185,5.735806819989739e-14,5610,30,0.8,0.2,best
DE,potencias,1,186,5.735806819989739e-14,5640,30,0.8,0.2,best
DE,potencias,1,187,5.735806819989739e-14,5670,30,0.8,0.2,best
DE,potencias,1,188,5.735806819989739e-14,5700,30,0.8,0.2,best
DE,potencias,1,189,5.724317088927573e-14,5730,30,0.8,0.2,best
DE,potencias,1,190,5.724317088927573e-14,5760,30,0.8,0.2,best
DE,potencias,1,191,2.1066900301163612e-14,5790,30,0.8,0.2,best
DE,potencias,1,192,2.1066900301163612e-14,5820,30,0.8,0.2,best
DE,potencias,1,193,4.172090906992417e-15,5850,30,0.8,0.2,best
DE,potencias,1,194,4.172090906992417e-15,5880,30,0.8,0.2,best
DE,potencias,1,195,4.172090906992417e-15,5910,30,0.8,0.2,best
DE,potencias,1,196,4.172090906992417e-15,5940,30,0.8,0.2,best
DE,potencias,1,197,4.172090906992417e-15,5970,30,0.8,0.2,best
DE,potencias,1,198,4.172090906992417e-15,6000,30,0.8,0.2,best
DE,potencias,1,199,4.172090906992417e-15,6030,30,0.8,0.2,best
DE,potencias,1,200,2.6158739093162e-15,6060,30,0.8,0.2,best
DE,potencias,1,201,2.601937179947423e-15,6090,30,0.8,0.2,best
DE,potencias,1,202,9.4520050278034e-16,6120,30,0.8,0.2,best
DE,potencias,1,203,9.4520050278034e-16,6150,30,0.8,0.2,best
DE,potencias,1,204,9.4520050278034e-16,6180,30,0.8,0.2,best
DE,potencias,1,205,9.4520050278034e-16,6210,30,0.8,0.2,best
DE,potencias,1,206,9.4520050278034e-16,6240,30,0.8,0.2,best
DE,potencias,1,207,9.4520050278034e-16,6270,30,0.8,0.2,best
DE,potencias,1,208,9.4520050278034e-16,6300,30,0.8,0.2,best
DE,potencias,1,209,6.784798334563708e-16,6330,30,0.8,0.2,best
DE,potencias,1,210,6.784798334563708e-16,6360,30,0.8,0.2,best
DE,potencias,1,211,1.9964365361807042e-16,6390,30,0.8,0.2,best
DE,potencias,1,212,1.9964365361807042e-16,6420,30,0.8,0.2,best
DE,potencias,1,213,1.9964365361807042e-16,6450,30,0.8,0.2,best
DE,potencias,1,214,1.9964365361807042e-16,6480,30,0.8,0.2,best
DE,potencias,1,215,1.9964365361807042e-16,6510,30,0.8,0.2,best
DE,potencias,1,216,9.590979742872411e-17,6540,30,0.8,0.2,best
DE,potencias,1,217,9.577742269716636e-17,6570,30,0.8,0.2,best
DE,potencias,1,218,9.577378509814311e-17,6600,30,0.8,0.2,best
DE,potencias,1,219,9.574469351275762e-17,6630,30,0.8,0.2,best
DE,potencias,1,220,1.1513421974993375e-17,6660,30,0.8,0.2,best
DE,potencias,1,221,8.402252311506162e-18,6690,30,0.8,0.2,best
DE,potencias,1,222,8.402252311506162e-18,6720,30,0.8,0.2,best
DE,potencias,1,223,1.6027483418794908e-18,6750,30,0.8,0.2,best
DE,potencias,1,224,1.6027483418794908e-18,6780,30,0.8,0.2,best
DE,potencias,1,225,1.6027483418794908e-18,6810,30,0.8,0.2,best
DE,potencias,1,226,1.6027483418794908e-18,6840,30,0.8,0.2,best
DE,potencias,1,227,1.6027483418794908e-18,6870,30,0.8,0.2,best
DE,potencias,1,228,1.6027483418794908e-18,6900,30,0.8,0.2,best
DE,potencias,1,229,8.308583375245034e-19,6930,30,0.8,0.2,best
DE,potencias,1,230,8.308583375245034e-19,6960,30,0.8,0.2,best
DE,potencias,1,231,8.308583375245034e-19,6990,30,0.8,0.2,best
DE,potencias,1,232,8.276925047354338e-19,7020,30,0.8,0.2,best
DE,potencias,1,233,8.276925047354338e-19,7050,30,0.8,0.2,best
DE,potencias,1,234,8.276925047354338e-19,7080,30,0.8,0.2,best
DE,potencias,1,235,8.276925047354338e-19,7110,30,0.8,0.2,best
DE,potencias,1,236,8.276925047354338e-19,7140,30,0.8,0.2,best
DE,potencias,1,237,8.276925047354338e-19,7170,30,0.8,0.2,best
DE,potencias,1,238,8.276925047354338e-19,7200,30,0.8,0.2,best
DE,potencias,1,239,8.276432632724051e-19,7230,30,0.8,0.2,best
DE,potencias,1,240,4.1272186048908853e-19,7260,30,0.8,0.2,best
DE,potencias,1,241,2.9265493998299207e-19,7290,30,0.8,0.2,best
DE,potencias,1,242,1.2361042564519307e-19,7320,30,0.8,0.2,best
DE,potencias,1,243,1.2361042564519307e-19,7350,30,0.8,0.2,best
DE,potencias,1,244,8.654083959259592e-20,7380,30,0.8,0.2,best
DE,potencias,1,245,5.669672460506186e-20,7410,30,0.8,0.2,best
DE,potencias,1,246,5.669672460506186e-20,7440,30,0.8,0.2,best
DE,potencias,1,247,5.669672460506186e-20,7470,30,0.8,0.2,best
DE,potencias,1,248,5.669672460506186e-20,7500,30,0.8,0.2,best
DE,potencias,1,249,3.61315845032697e-20,7530,30,0.8,0.2,best
DE,potencias,1,250,9.933319761474447e-21,7560,30,0.8,0.2,best
DE,potencias,1,251,2.0277335038935407e-21,7590,30,0.8,0.2,best
DE,potencias,1,252,2.0277335038935407e-21,7620,30,0.8,0.2,best
DE,potencias,1,253,2.0277335038935407e-21,7650,30,0.8,0.2,best
DE,potencias,1,254,2.0277335038935407e-21,7680,30,0.8,0.2,best
DE,potencias,1,255,2.0277335038935407e-21,7710,30,0.8,0.2,best
DE,potencias,1,256,2.0277335038935407e-21,7740,30,0.8,0.2,best
DE,potencias,1,257,1.999057994192271e-21,7770,30,0.8,0.2,best
DE,potencias,1,258,1.999057994192271e-21,7800,30,0.8,0.2,best
DE,potencias,1,259,1.999057994192271e-21,7830,30,0.8,0.2,best
DE,potencias,1,260,9.167384699884271e-22,7860,30,0.8,0.2,best
DE,potencias,1,261,5.406517534121866e-22,7890,30,0.8,0.2,best
DE,potencias,1,262,5.406517534121866e-22,7920,30,0.8,0.2,best
DE,potencias,1,263,5.406517534121866e-22,7950,30,0.8,0.2,best
DE,potencias,1,264,5.406517534121866e-22,7980,30,0.8,0.2,best
DE,potencias,1,265,5.406517534121866e-22,8010,30,0.8,0.2,best
DE,potencias,1,266,5.406517534121866e-22,8040,30,0.8,0.2,best
DE,potencias,1,267,5.3939238878089325e-22,8070,30,0.8,0.2,best
DE,potencias,1,268,2.1117349956546575e-22,8100,30,0.8,0.2,best
DE,potencias,1,269,2.1117349956546575e-22,8130,30,0.8,0.2,best
DE,potencias,1,270,2.1117349956546575e-22,8160,30,0.8,0.2,best
DE,potencias,1,271,2.110251125885583e-22,8190,30,0.8,0.2,best
DE,potencias,1,272,2.110251125885583e-22,8220,30,0.8,0.2,best
DE,potencias,1,273,1.8038390645440135e-22,8250,30,0.8,0.2,best
DE,potencias,1,274,1.8038390645440135e-22,8280,30,0.8,0.2,best
DE,potencias,1,275,1.7113122545345384e-22,8310,30,0.8,0.2,best
DE,potencias,1,276,1.4960521374720481e-22,8340,30,0.8,0.2,best
DE,potencias,1,277,4.559386046314002e-23,8370,30,0.8,0.2,best
DE,potencias,1,278,4.559386046314002e-23,8400,30,0.8,0.2,best
DE,potencias,1,279,3.601516779442063e-23,8430,30,0.8,0.2,best
DE,potencias,1,280,3.601516779442063e-23,8460,30,0.8,0.2,best
DE,potencias,1,281,1.1740955966197784e-23,8490,30,0.8,0.2,best
DE,potencias,1,282,1.1740955966197784e-23,8520,30,0.8,0.2,best
DE,potencias,1,283,1.1740955966197784e-23,8550,30,0.8,0.2,best
DE,potencias,1,284,4.9986504628753434e-24,8580,30,0.8,0.2,best
DE,potencias,1,285,4.9986504628753434e-24,8610,30,0.8,0.2,best
DE,potencias,1,286,4.9986504628753434e-24,8640,30,0.8,0.2,best
DE,potencias,1,287,4.9986504628753434e-24,8670,30,0.8,0.2,best
DE,potencias,1,288,4.9986504628753434e-24,8700,30,0.8,0.2,best
DE,potencias,1,289,4.9986504628753434e-24,8730,30,0.8,0.2,best
DE,potencias,1,290,4.998042379010369e-24,8760,30,0.8,0.2,best
DE,potencias,1,291,4.998042379010369e-24,8790,30,0.8,0.2,best
DE,potencias,1,292,4.156427659027943e-24,8820,30,0.8,0.2,best
DE,potencias,1,293,6.434260142282294e-25,8850,30,0.8,0.2,best
DE,potencias,1,294,6.434260142282294e-25,8880,30,0.8,0.2,best
DE,potencias,1,295,6.434260142282294e-25,8910,30,0.8,0.2,best
DE,potencias,1,296,6.434260142282294e-25,8940,30,0.8,0.2,best
DE,potencias,1,297,6.434260142282294e-25,8970,30,0.8,0.2,best
DE,potencias,1,298,6.434260142282294e-25,9000,30,0.8,0.2,best
DE,potencias,1,299,8.782235741329268e-26,9030,30,0.8,0.2,best
DE,potencias,1,300,7.506067013335795e-26,9060,30,0.8,0.2,best
DE,potencias,1,301,7.506067013335795e-26,9090,30,0.8,0.2,best
DE,potencias,1,302,7.506067013335795e-26,9120,30,0.8,0.2,best
DE,potencias,1,303,7.442469397630577e-26,9150,30,0.8,0.2,best
DE,potencias,1,304,7.442469397630577e-26,9180,30,0.8,0.2,best
DE,potencias,1,305,7.442469397630577e-26,9210,30,0.8,0.2,best
DE,potencias,1,306,6.894292946736888e-26,9240,30,0.8,0.2,best
DE,potencias,1,307,6.894292946736888e-26,9270,30,0.8,0.2,best
DE,potencias,1,308,6.803432774149117e-26,9300,30,0.8,0.2,best
DE,potencias,1,309,3.717597236658179e-26,9330,30,0.8,0.2,best
DE,potencias,1,310,3.717597236658179e-26,9360,30,0.8,0.2,best
DE,potencias,1,311,3.717597236658179e-26,9390,30,0.8,0.2,best
DE,potencias,1,312,3.276496653708964e-26,9420,30,0.8,0.2,best
DE,potencias,1,313,3.241200365400337e-26,9450,30,0.8,0.2,best
DE,potencias,1,314,1.300076267787769e-26,9480,30,0.8,0.2,best
DE,potencias,1,315,1.300076267787769e-26,9510,30,0.8,0.2,best
DE,potencias,1,316,1.300076267787769e-26,9540,30,0.8,0.2,best
DE,potencias,1,317,9.198238703458984e-27,9570,30,0.8,0.2,best
DE,potencias,1,318,9.198238703458984e-27,9600,30,0.8,0.2,best
DE,potencias,1,319,3.256616283112632e-27,9630,30,0.8,0.2,best
DE,potencias,1,320,3.256616283112632e-27,9660,30,0.8,0.2,best
DE,potencias,1,321,3.256616283112632e-27,9690,30,0.8,0.2,best
DE,potencias,1,322,3.254702651606936e-27,9720,30,0.8,0.2,best
DE,potencias,1,323,2.546649466708151e-27,9750,30,0.8,0.2,best
DE,potencias,1,324,2.546649466708151e-27,9780,30,0.8,0.2,best
DE,potencias,1,325,2.4313603818159444e-27,9810,30,0.8,0.2,best
DE,potencias,1,326,7.070927658649621e-28,9840,30,0.8,0.2,best
DE,potencias,1,327,7.070927658649621e-28,9870,30,0.8,0.2,best
DE,potencias,1,328,1.1084583993719965e-28,9900,30,0.8,0.2,best
DE,potencias,1,329,1.1084583993719965e-28,9930,30,0.8,0.2,best
DE,potencias,1,330,1.1084583993719965e-28,9960,30,0.8,0.2,best
DE,potencias,1,331,1.1084583993719965e-28,9990,30,0.8,0.2,best
DE,potencias,1,332,1.1084583993719965e-28,10020,30,0.8,0.2,best
DE,potencias,1,333,3.4286667383660846e-29,10050,30,0.8,0.2,best
DE,potencias,1,334,3.4286667383660846e-29,10080,30,0.8,0.2,best
DE,potencias,1,335,3.4286667383660846e-29,10110,30,0.8,0.2,best
DE,potencias,1,336,3.4286667383660846e-29,10140,30,0.8,0.2,best
DE,potencias,1,337,3.4286667383660846e-29,10170,30,0.8,0.2,best
DE,potencias,1,338,3.4286667383660846e-29,10200,30,0.8,0.2,best
DE,potencias,1,339,3.4286667383660846e-29,10230,30,0.8,0.2,best
DE,potencias,1,340,3.4286667383660846e-29,10260,30,0.8,0.2,best
DE,potencias,1,341,3.4286667383660846e-29,10290,30,0.8,0.2,best
DE,potencias,1,342,3.4020522815931795e-29,10320,30,0.8,0.2,best
DE,potencias,1,343,1.888707986575377e-29,10350,30,0.8,0.2,best
DE,potencias,1,344,1.888707986575377e-29,10380,30,0.8,0.2,best
DE,potencias,1,345,1.888707986575377e-29,10410,30,0.8,0.2,best
DE,potencias,1,346,1.888707986575377e-29,10440,30,0.8,0.2,best
DE,potencias,1,347,1.4220797733226347e-29,10470,30,0.8,0.2,best
DE,potencias,1,348,1.4207146385309053e-29,10500,30,0.8,0.2,best
DE,potencias,1,349,1.3061313627437335e-29,10530,30,0.8,0.2,best
DE,potencias,1,350,8.542045457132851e-30,10560,30,0.8,0.2,best
DE,potencias,1,351,7.506170703705548e-30,10590,30,0.8,0.2,best
DE,potencias,1,352,7.506170703705548e-30,10620,30,0.8,0.2,best
DE,potencias,1,353,1.3620360643268262e-30,10650,30,0.8,0.2,best
DE,potencias,1,354,1.3620360643268262e-30,10680,30,0.8,0.2,best
DE,potencias,1,355,1.3620360643268262e-30,10710,30,0.8,0.2,best
DE,potencias,1,356,1.3508286519133568e-30,10740,30,0.8,0.2,best
DE,potencias,1,357,1.0620247733474188e-30,10770,30,0.8,0.2,best
DE,potencias,1,358,8.85394087624325e-31,10800,30,0.8,0.2,best
DE,potencias,1,359,8.85394087624325e-31,10830,30,0.8,0.2,best
DE,potencias,1,360,8.85394087624325e-31,10860,30,0.8,0.2,best
DE,potencias,1,361,8.73137356376372e-31,10890,30,0.8,0.2,best
DE,potencias,1,362,8.73137356376372e-31,10920,30,0.8,0.2,best
DE,potencias,1,363,8.73137356376372e-31,10950,30,0.8,0.2,best
DE,potencias,1,364,2.0103919808167473e-31,10980,30,0.8,0.2,best
DE,potencias,1,365,2.0103919808167473e-31,11010,30,0.8,0.2,best
DE,potencias,1,366,7.459664362221231e-32,11040,30,0.8,0.2,best
DE,potencias,1,367,7.459664362221231e-32,11070,30,0.8,0.2,best
DE,potencias,1,368,7.459664362221231e-32,11100,30,0.8,0.2,best
DE,potencias,1,369,7.459664362221231e-32,11130,30,0.8,0.2,best
DE,potencias,1,370,6.807386590874296e-32,11160,30,0.8,0.2,best
DE,potencias,1,371,9.494867769967017e-33,11190,30,0.8,0.2,best
DE,potencias,1,372,9.494867769967017e-33,11220,30,0.8,0.2,best
DE,potencias,1,373,9.494867769967017e-33,11250,30,0.8,0.2,best
DE,potencias,1,374,9.494867769967017e-33,11280,30,0.8,0.2,best
DE,potencias,1,375,7.606278382053089e-33,11310,30,0.8,0.2,best
DE,potencias,1,376,7.606278382053089e-33,11340,30,0.8,0.2,best
DE,potencias,1,377,7.606217234770636e-33,11370,30,0.8,0.2,best
DE,potencias,1,378,7.606217234770636e-33,11400,30,0.8,0.2,best
DE,potencias,1,379,7.606217234770636e-33,11430,30,0.8,0.2,best
DE,potencias,1,380,7.606217234770636e-33,11460,30,0.8,0.2,best
DE,potencias,1,381,7.606217234770636e-33,11490,30,0.8,0.2,best
DE,potencias,1,382,4.957105521710245e-33,11520,30,0.8,0.2,best
DE,potencias,1,383,4.957105521710245e-33,11550,30,0.8,0.2,best
DE,potencias,1,384,4.957105521710245e-33,11580,30,0.8,0.2,best
DE,potencias,1,385,4.957105521710245e-33,11610,30,0.8,0.2,best
DE,potencias,1,386,6.996003360332723e-34,11640,30,0.8,0.2,best
DE,potencias,1,387,6.996003360332723e-34,11670,30,0.8,0.2,best
DE,potencias,1,388,6.996003360332723e-34,11700,30,0.8,0.2,best
DE,potencias,1,389,3.024008958528145e-34,11730,30,0.8,0.2,best
DE,potencias,1,390,3.024008958528145e-34,11760,30,0.8,0.2,best
DE,potencias,1,391,3.024008958528145e-34,11790,30,0.8,0.2,best
DE,potencias,1,392,1.3891947646264434e-34,11820,30,0.8,0.2,best
DE,potencias,1,393,1.3891947646264434e-34,11850,30,0.8,0.2,best
DE,potencias,1,394,1.102580724060563e-34,11880,30,0.8,0.2,best
DE,potencias,1,395,1.102580724060563e-34,11910,30,0.8,0.2,best
DE,potencias,1,396,1.102580724060563e-34,11940,30,0.8,0.2,best
DE,potencias,1,397,8.879268527868953e-35,11970,30,0.8,0.2,best
DE,potencias,1,398,8.879268527868953e-35,12000,30,0.8,0.2,best
DE,potencias,1,399,8.879268527868953e-35,12030,30,0.8,0.2,best
DE,potencias,1,400,7.220947696114674e-35,12060,30,0.8,0.2,best
DE,potencias,1,401,7.220947696114674e-35,12090,30,0.8,0.2,best
DE,potencias,1,402,4.547702120559223e-35,12120,30,0.8,0.2,best
DE,potencias,1,403,4.547702120559223e-35,12150,30,0.8,0.2,best
DE,potencias,1,404,6.825009669434946e-36,12180,30,0.8,0.2,best
DE,potencias,1,405,6.825009669434946e-36,12210,30,0.8,0.2,best
DE,potencias,1,406,6.825009669434946e-36,12240,30,0.8,0.2,best
DE,potencias,1,407,6.825009669434946e-36,12270,30,0.8,0.2,best
DE,potencias,1,408,2.8577803345441252e-36,12300,30,0.8,0.2,best
DE,potencias,1,409,2.8577803345441252e-36,12330,30,0.8,0.2,best
DE,potencias,1,410,1.0723944855977962e-36,12360,30,0.8,0.2,best
DE,potencias,1,411,1.0723944855977962e-36,12390,30,0.8,0.2,best
DE,potencias,1,412,1.0723944855977962e-36,12420,30,0.8,0.2,best
DE,potencias,1,413,1.065640828695839e-36,12450,30,0.8,0.2,best
DE,potencias,1,414,1.065640828695839e-36,12480,30,0.8,0.2,best
DE,potencias,1,415,7.94232734876969e-37,12510,30,0.8,0.2,best
DE,potencias,1,416,3.1857358268916228e-37,12540,30,0.8,0.2,best
DE,potencias,1,417,3.1857358268916228e-37,12570,30,0.8,0.2,best
DE,potencias,1,418,1.0571018178659909e-37,12600,30,0.8,0.2,best
DE,potencias,1,419,1.0571018178659909e-37,12630,30,0.8,0.2,best
DE,potencias,1,420,1.0571018178659909e-37,12660,30,0.8,0.2,best
DE,potencias,1,421,1.0571018178659909e-37,12690,30,0.8,0.2,best
DE,potencias,1,422,6.725556887911274e-38,12720,30,0.8,0.2,best
DE,potencias,1,423,5.765841006575562e-38,12750,30,0.8,0.2,best
DE,potencias,1,424,5.765841006575562e-38,12780,30,0.8,0.2,best
DE,potencias,1,425,5.437278296149822e-38,12810,30,0.8,0.2,best
DE,potencias,1,426,1.5274703196321511e-38,12840,30,0.8,0.2,best
DE,potencias,1,427,1.5274703196321511e-38,12870,30,0.8,0.2,best
DE,potencias,1,428,1.4691653237204204e-38,12900,30,0.8,0.2,best
DE,potencias,1,429,1.4691653237204204e-38,12930,30,0.8,0.2,best
DE,potencias,1,430,1.4691653237204204e-38,12960,30,0.8,0.2,best
DE,potencias,1,431,1.1184939614562219e-38,12990,30,0.8,0.2,best
DE,potencias,1,432,3.159779437444233e-39,13020,30,0.8,0.2,best
DE,potencias,1,433,2.0970578563948166e-39,13050,30,0.8,0.2,best
DE,potencias,1,434,5.715142457986841e-40,13080,30,0.8,0.2,best
DE,potencias,1,435,5.715142457986841e-40,13110,30,0.8,0.2,best
DE,potencias,1,436,5.715142457986841e-40,13140,30,0.8,0.2,best
DE,potencias,1,437,5.715142457986841e-40,13170,30,0.8,0.2,best
DE,potencias,1,438,5.715142457986841e-40,13200,30,0.8,0.2,best
DE,potencias,1,439,5.715142457986841e-40,13230,30,0.8,0.2,best
DE,potencias,1,440,4.3409693815827364e-40,13260,30,0.8,0.2,best
DE,potencias,1,441,4.3409693815827364e-40,13290,30,0.8,0.2,best
DE,potencias,1,442,4.3409693815827364e-40,13320,30,0.8,0.2,best
DE,potencias,1,443,4.3409693815827364e-40,13350,30,0.8,0.2,best
DE,potencias,1,444,2.3605847795796728e-40,13380,30,0.8,0.2,best
DE,potencias,1,445,2.3605847795796728e-40,13410,30,0.8,0.2,best
DE,potencias,1,446,9.387936804815523e-41,13440,30,0.8,0.2,best
DE,potencias,1,447,9.387936804815523e-41,13470,30,0.8,0.2,best
DE,potencias,1,448,8.174141104709674e-41,13500,30,0.8,0.2,best
DE,potencias,1,449,3.7775367535043454e-41,13530,30,0.8,0.2,best
DE,potencias,1,450,5.1963702965631924e-42,13560,30,0.8,0.2,best
DE,potencias,1,451,5.1963702965631924e-42,13590,30,0.8,0.2,best
DE,potencias,1,452,5.1963702965631924e-42,13620,30,0.8,0.2,best
DE,potencias,1,453,5.1963702965631924e-42,13650,30,0.8,0.2,best
DE,potencias,1,454,5.1963702965631924e-42,13680,30,0.8,0.2,best
DE,potencias,1,455,4.8866837243779146e-42,13710,30,0.8,0.2,best
DE,potencias,1,456,4.8866837243779146e-42,13740,30,0.8,0.2,best
DE,potencias,1,457,4.8866837243779146e-42,13770,30,0.8,0.2,best
DE,potencias,1,458,4.8866837243779146e-42,13800,30,0.8,0.2,best
DE,potencias,1,459,1.3003609226022911e-42,13830,30,0.8,0.2,best
DE,potencias,1,460,1.3003609226022911e-42,13860,30,0.8,0.2,best
DE,potencias,1,461,1.3003609226022911e-42,13890,30,0.8,0.2,best
DE,potencias,1,462,5.4152883488475645e-43,13920,30,0.8,0.2,best
DE,potencias,1,463,5.4152883488475645e-43,13950,30,0.8,0.2,best
DE,potencias,1,464,5.4152883488475645e-43,13980,30,0.8,0.2,best
DE,potencias,1,465,5.4152883488475645e-43,14010,30,0.8,0.2,best
DE,potencias,1,466,5.4152883488475645e-43,14040,30,0.8,0.2,best
DE,potencias,1,467,5.4152883488475645e-43,14070,30,0.8,0.2,best
DE,potencias,1,468,4.2430083297711695e-43,14100,30,0.8,0.2,best
DE,potencias,1,469,3.3487451797984448e-43,14130,30,0.8,0.2,best
DE,potencias,1,470,4.747507421324268e-44,14160,30,0.8,0.2,best
DE,potencias,1,471,3.6062386880411273e-44,14190,30,0.8,0.2,best
DE,potencias,1,472,3.6062386880411273e-44,14220,30,0.8,0.2,best
DE,potencias,1,473,3.6062386880411273e-44,14250,30,0.8,0.2,best
DE,potencias,1,474,3.6062386880411273e-44,14280,30,0.8,0.2,best
DE,potencias,1,475,3.6062386880411273e-44,14310,30,0.8,0.2,best
DE,potencias,1,476,3.6062386880411273e-44,14340,30,0.8,0.2,best
DE,potencias,1,477,3.6062386880411273e-44,14370,30,0.8,0.2,best
DE,potencias,1,478,3.6062386880411273e-44,14400,30,0.8,0.2,best
DE,potencias,1,479,3.1082879902420146e-44,14430,30,0.8,0.2,best
DE,potencias,1,480,3.0989706602254885e-44,14460,30,0.8,0.2,best
DE,potencias,1,481,3.0989706602254885e-44,14490,30,0.8,0.2,best
DE,potencias,1,482,9.187899348335194e-45,14520,30,0.8,0.2,best
DE,potencias,1,483,9.187899348335194e-45,14550,30,0.8,0.2,best
DE,potencias,1,484,9.187899348335194e-45,14580,30,0.8,0.2,best
DE,potencias,1,485,9.187899348335194e-45,14610,30,0.8,0.2,best
DE,potencias,1,486,4.954964066383236e-46,14640,30,0.8,0.2,best
DE,potencias,1,487,4.954964066383236e-46,14670,30,0.8,0.2,best
DE,potencias,1,488,4.954964066383236e-46,14700,30,0.8,0.2,best
DE,potencias,1,489,4.954964066383236e-46,14730,30,0.8,0.2,best
DE,potencias,1,490,4.954964066383236e-46,14760,30,0.8,0.2,best
DE,potencias,1,491,1.5234731653050218e-47,14790,30,0.8,0.2,best
DE,potencias,1,492,1.5234731653050218e-47,14820,30,0.8,0.2,best
DE,potencias,1,493,1.5234731653050218e-47,14850,30,0.8,0.2,best
DE,potencias,1,494,1.5234731653050218e-47,14880,30,0.8,0.2,best
DE,potencias,1,495,1.5234731653050218e-47,14910,30,0.8,0.2,best
DE,potencias,1,496,1.5234731653050218e-47,14940,30,0.8,0.2,best
DE,potencias,1,497,1.5234731653050218e-47,14970,30,0.8,0.2,best
DE,potencias,1,498,1.5234731653050218e-47,15000,30,0.8,0.2,best
DE,potencias,1,499,1.5234731653050218e-47,15030,30,0.8,0.2,best
DE,potencias,1,500,1.5234731653050218e-47,15060,30,0.8,0.2,best
DE,potencias,1,501,1.5234731653050218e-47,15090,30,0.8,0.2,best
DE,potencias,1,502,1.5234731653050218e-47,15120,30,0.8,0.2,best
DE,potencias,1,503,1.5234731653050218e-47,15150,30,0.8,0.2,best
DE,potencias,1,504,6.686065195623641e-48,15180,30,0.8,0.2,best
DE,potencias,1,505,2.669017356732682e-48,15210,30,0.8,0.2,best
DE,potencias,1,506,2.669017356732682e-48,15240,30,0.8,0.2,best
DE,potencias,1,507,2.386223633323314e-48,15270,30,0.8,0.2,best
DE,potencias,1,508,1.7244063087514465e-48,15300,30,0.8,0.2,best
DE,potencias,1,509,1.7244063087514465e-48,15330,30,0.8,0.2,best
DE,potencias,1,510,1.7244063087514465e-48,15360,30,0.8,0.2,best
DE,potencias,1,511,1.132987233778394e-49,15390,30,0.8,0.2,best
DE,potencias,1,512,1.132987233778394e-49,15420,30,0.8,0.2,best
DE,potencias,1,513,1.132987233778394e-49,15450,30,0.8,0.2,best
DE,potencias,1,514,1.132987233778394e-49,15480,30,0.8,0.2,best
DE,potencias,1,515,1.132987233778394e-49,15510,30,0.8,0.2,best
DE,potencias,1,516,1.132987233778394e-49,15540,30,0.8,0.2,best
DE,potencias,1,517,2.1990470711811594e-50,15570,30,0.8,0.2,best
DE,potencias,1,518,2.1990470711811594e-50,15600,30,0.8,0.2,best
DE,potencias,1,519,4.434820264721395e-51,15630,30,0.8,0.2,best
DE,potencias,1,520,9.90293404580284e-52,15660,30,0.8,0.2,best
DE,potencias,1,521,9.90293404580284e-52,15690,30,0.8,0.2,best
DE,potencias,1,522,9.90293404580284e-52,15720,30,0.8,0.2,best
DE,potencias,1,523,9.90293404580284e-52,15750,30,0.8,0.2,best
DE,potencias,1,524,9.90293404580284e-52,15780,30,0.8,0.2,best
DE,potencias,1,525,7.057642835430196e-53,15810,30,0.8,0.2,best
DE,potencias,1,526,7.0576367978392805e-53,15840,30,0.8,0.2,best
DE,potencias,1,527,7.0576367978392805e-53,15870,30,0.8,0.2,best
DE,potencias,1,528,7.0576367978392805e-53,15900,30,0.8,0.2,best
DE,potencias,1,529,7.0576367978392805e-53,15930,30,0.8,0.2,best
DE,potencias,1,530,7.0576367978392805e-53,15960,30,0.8,0.2,best
DE,potencias,1,531,4.197541583791691e-53,15990,30,0.8,0.2,best
DE,potencias,1,532,4.197541583791691e-53,16020,30,0.8,0.2,best
DE,potencias,1,533,4.197541583791691e-53,16050,30,0.8,0.2,best
DE,potencias,1,534,3.2314976645102452e-53,16080,30,0.8,0.2,best
DE,potencias,1,535,1.4079272448303974e-53,16110,30,0.8,0.2,best
DE,potencias,1,536,1.4079272448303974e-53,16140,30,0.8,0.2,best
DE,potencias,1,537,1.3343137239917319e-53,16170,30,0.8,0.2,best
DE,potencias,1,538,1.0488783699992377e-53,16200,30,0.8,0.2,best
DE,potencias,1,539,1.0488783699992377e-53,16230,30,0.8,0.2,best
DE,potencias,1,540,2.7276290304607464e-54,16260,30,0.8,0.2,best
DE,potencias,1,541,2.7276290304607464e-54,16290,30,0.8,0.2,best
DE,potencias,1,542,2.7276290304607464e-54,16320,30,0.8,0.2,best
DE,potencias,1,543,2.7276290304607464e-54,16350,30,0.8,0.2,best
DE,potencias,1,544,1.2930898875963527e-54,16380,30,0.8,0.2,best
DE,potencias,1,545,1.2607981209050782e-54,16410,30,0.8,0.2,best
DE,potencias,1,546,1.078205308650313e-54,16440,30,0.8,0.2,best
DE,potencias,1,547,1.7707809442096316e-55,16470,30,0.8,0.2,best
DE,potencias,1,548,1.7707809442096316e-55,16500,30,0.8,0.2,best
DE,potencias,1,549,1.7707809442096316e-55,16530,30,0.8,0.2,best
DE,potencias,1,550,1.7707809442096316e-55,16560,30,0.8,0.2,best
DE,potencias,1,551,1.7707809442096316e-55,16590,30,0.8,0.2,best
DE,potencias,1,552,1.7707809442096316e-55,16620,30,0.8,0.2,best
DE,potencias,1,553,1.7212761295201607e-56,16650,30,0.8,0.2,best
DE,potencias,1,554,1.7212761295201607e-56,16680,30,0.8,0.2,best
DE,potencias,1,555,1.7212761295201607e-56,16710,30,0.8,0.2,best
DE,potencias,1,556,1.7212761295201607e-56,16740,30,0.8,0.2,best
DE,potencias,1,557,1.7212761295201607e-56,16770,30,0.8,0.2,best
DE,potencias,1,558,1.7212761295201607e-56,16800,30,0.8,0.2,best
DE,potencias,1,559,1.4771225708446409e-56,16830,30,0.8,0.2,best
DE,potencias,1,560,7.514705276826059e-57,16860,30,0.8,0.2,best
DE,potencias,1,561,7.514705276826059e-57,16890,30,0.8,0.2,best
DE,potencias,1,562,2.1761363941943438e-57,16920,30,0.8,0.2,best
DE,potencias,1,563,2.1761363941943438e-57,16950,30,0.8,0.2,best
DE,potencias,1,564,1.6800518106232597e-57,16980,30,0.8,0.2,best
DE,potencias,1,565,1.6800518106232597e-57,17010,30,0.8,0.2,best
DE,potencias,1,566,1.6795983127026072e-57,17040,30,0.8,0.2,best
DE,potencias,1,567,2.625651167173057e-58,17070,30,0.8,0.2,best
DE,potencias,1,568,2.625651167173057e-58,17100,30,0.8,0.2,best
DE,potencias,1,569,2.5323059380051397e-58,17130,30,0.8,0.2,best
DE,potencias,1,570,2.2658671566298286e-58,17160,30,0.8,0.2,best
DE,potencias,1,571,2.2658671566298286e-58,17190,30,0.8,0.2,best
DE,potencias,1,572,3.6622576476013607e-59,17220,30,0.8,0.2,best
DE,potencias,1,573,3.6622576476013607e-59,17250,30,0.8,0.2,best
DE,potencias,1,574,3.6622576476013607e-59,17280,30,0.8,0.2,best
DE,potencias,1,575,3.6622576476013607e-59,17310,30,0.8,0.2,best
DE,potencias,1,576,3.651661870649373e-59,17340,30,0.8,0.2,best
DE,potencias,1,577,1.9887927630538782e-59,17370,30,0.8,0.2,best
DE,potencias,1,578,1.6418374078804707e-59,17400,30,0.8,0.2,best
DE,potencias,1,579,1.6418374078804707e-59,17430,30,0.8,0.2,best
DE,potencias,1,580,1.0342623823667267e-59,17460,30,0.8,0.2,best
DE,potencias,1,581,2.761586209428456e-60,17490,30,0.8,0.2,best
DE,potencias,1,582,3.8579992825732e-61,17520,30,0.8,0.2,best
DE,potencias,1,583,6.300961972749033e-62,17550,30,0.8,0.2,best
DE,potencias,1,584,6.300961972749033e-62,17580,30,0.8,0.2,best
DE,potencias,1,585,6.300961972749033e-62,17610,30,0.8,0.2,best
DE,potencias,1,586,6.300961972749033e-62,17640,30,0.8,0.2,best
DE,potencias,1,587,6.300961972749033e-62,17670,30,0.8,0.2,best
DE,potencias,1,588,6.300961972749033e-62,17700,30,0.8,0.2,best
DE,potencias,1,589,6.1802884526441634e-62,17730,30,0.8,0.2,best
DE,potencias,1,590,6.1802884526441634e-62,17760,30,0.8,0.2,best
DE,potencias,1,591,6.457282221719338e-63,17790,30,0.8,0.2,best
DE,potencias,1,592,6.457282221719338e-63,17820,30,0.8,0.2,best
DE,potencias,1,593,6.457282221719338e-63,17850,30,0.8,0.2,best
DE,potencias,1,594,2.0234030952340056e-63,17880,30,0.8,0.2,best
DE,potencias,1,595,2.0234030952340056e-63,17910,30,0.8,0.2,best
DE,potencias,1,596,2.0234030952340056e-63,17940,30,0.8,0.2,best
DE,potencias,1,597,2.0234030952340056e-63,17970,30,0.8,0.2,best
DE,potencias,1,598,2.0234030952340056e-63,18000,30,0.8,0.2,best
DE,potencias,1,599,2.0234030952340056e-63,18030,30,0.8,0.2,best
DE,potencias,1,600,7.462102746590549e-64,18060,30,0.8,0.2,best
DE,potencias,1,601,7.462102746590549e-64,18090,30,0.8,0.2,best
DE,potencias,1,602,2.0543266163194254e-64,18120,30,0.8,0.2,best
DE,potencias,1,603,2.0543266163194254e-64,18150,30,0.8,0.2,best
DE,potencias,1,604,2.0543266163194254e-64,18180,30,0.8,0.2,best
DE,potencias,1,605,2.0543266163194254e-64,18210,30,0.8,0.2,best
DE,potencias,1,606,1.0723551085638496e-64,18240,30,0.8,0.2,best
DE,potencias,1,607,1.0723551085638496e-64,18270,30,0.8,0.2,best
DE,potencias,1,608,5.021619889907272e-65,18300,30,0.8,0.2,best
DE,potencias,1,609,5.021619889907272e-65,18330,30,0.8,0.2,best
DE,potencias,1,610,5.021619889907272e-65,18360,30,0.8,0.2,best
DE,potencias,1,611,4.972115269045289e-65,18390,30,0.8,0.2,best
DE,potencias,1,612,4.972115269045289e-65,18420,30,0.8,0.2,best
DE,potencias,1,613,4.967721899536681e-65,18450,30,0.8,0.2,best
DE,potencias,1,614,6.829952193572541e-66,18480,30,0.8,0.2,best
DE,potencias,1,615,7.210040122366373e-67,18510,30,0.8,0.2,best
DE,potencias,1,616,7.210040122366373e-67,18540,30,0.8,0.2,best
DE,potencias,1,617,7.210040122366373e-67,18570,30,0.8,0.2,best
DE,potencias,1,618,7.104564863621095e-67,18600,30,0.8,0.2,best
DE,potencias,1,619,4.640810684127979e-67,18630,30,0.8,0.2,best
DE,potencias,1,620,4.640810684127979e-67,18660,30,0.8,0.2,best
DE,potencias,1,621,3.806990544635367e-67,18690,30,0.8,0.2,best
DE,potencias,1,622,3.806990544635367e-67,18720,30,0.8,0.2,best
DE,potencias,1,623,3.806990544635367e-67,18750,30,0.8,0.2,best
DE,potencias,1,624,2.431782802527245e-67,18780,30,0.8,0.2,best
DE,potencias,1,625,2.0584541955957403e-67,18810,30,0.8,0.2,best
DE,potencias,1,626,1.1231414531346216e-67,18840,30,0.8,0.2,best
DE,potencias,1,627,1.1791009177624292e-68,18870,30,0.8,0.2,best
DE,potencias,1,628,1.1078850958478691e-68,18900,30,0.8,0.2,best
DE,potencias,1,629,4.335606886732768e-70,18930,30,0.8,0.2,best
DE,potencias,1,630,4.285691214271291e-70,18960,30,0.8,0.2,best
DE,potencias,1,631,4.285691214271291e-70,18990,30,0.8,0.2,best
DE,potencias,1,632,4.285691214271291e-70,19020,30,0.8,0.2,best
DE,potencias,1,633,4.285691214271291e-70,19050,30,0.8,0.2,best
DE,potencias,1,634,4.285691214271291e-70,19080,30,0.8,0.2,best
DE,potencias,1,635,7.187017671616293e-71,19110,30,0.8,0.2,best
DE,potencias,1,636,1.9916019099905323e-72,19140,30,0.8,0.2,best
DE,potencias,1,637,1.9916019099905323e-72,19170,30,0.8,0.2,best
DE,potencias,1,638,1.9916019099905323e-72,19200,30,0.8,0.2,best
DE,potencias,1,639,1.9916019099905323e-72,19230,30,0.8,0.2,best
DE,potencias,1,640,1.9916019099905323e-72,19260,30,0.8,0.2,best
DE,potencias,1,641,1.9916019099905323e-72,19290,30,0.8,0.2,best
DE,potencias,1,642,1.9916019099905323e-72,19320,30,0.8,0.2,best
DE,potencias,1,643,1.9916019099905323e-72,19350,30,0.8,0.2,best
DE,potencias,1,644,1.9916019099905323e-72,19380,30,0.8,0.2,best
DE,potencias,1,645,1.9916019099905323e-72,19410,30,0.8,0.2,best
DE,potencias,1,646,5.780175127851708e-73,19440,30,0.8,0.2,best
DE,potencias,1,647,5.780175127851708e-73,19470,30,0.8,0.2,best
DE,potencias,1,648,6.138320687962387e-74,19500,30,0.8,0.2,best
DE,potencias,1,649,3.917763082819046e-74,19530,30,0.8,0.2,best
DE,potencias,1,650,3.917763082819046e-74,19560,30,0.8,0.2,best
DE,potencias,1,651,3.917763082819046e-74,19590,30,0.8,0.2,best
DE,potencias,1,652,3.917763082819046e-74,19620,30,0.8,0.2,best
DE,potencias,1,653,2.2043472414883087e-74,19650,30,0.8,0.2,best
DE,potencias,1,654,1.8027532955565266e-74,19680,30,0.8,0.2,best
DE,potencias,1,655,1.8027532955565266e-74,19710,30,0.8,0.2,best
DE,potencias,1,656,4.2593390245242843e-75,19740,30,0.8,0.2,best
DE,potencias,1,657,4.2593390245242843e-75,19770,30,0.8,0.2,best
DE,potencias,1,658,1.5148314237426877e-75,19800,30,0.8,0.2,best
DE,potencias,1,659,2.8062006032104824e-76,19830,30,0.8,0.2,best
DE,potencias,1,660,2.8062006032104824e-76,19860,30,0.8,0.2,best
DE,potencias,1,661,2.8062006032104824e-76,19890,30,0.8,0.2,best
DE,potencias,1,662,2.8062006032104824e-76,19920,30,0.8,0.2,best
DE,potencias,1,663,2.8062006032104824e-76,19950,30,0.8,0.2,best
DE,potencias,1,664,2.8062006032104824e-76,19980,30,0.8,0.2,best
DE,potencias,1,665,1.041386699816575e-76,20010,30,0.8,0.2,best
DE,potencias,1,666,1.041386699816575e-76,20040,30,0.8,0.2,best
DE,potencias,1,667,1.041386699816575e-76,20070,30,0.8,0.2,best
DE,potencias,1,668,1.041386699816575e-76,20100,30,0.8,0.2,best
DE,potencias,1,669,1.041386699816575e-76,20130,30,0.8,0.2,best
DE,potencias,1,670,1.6804648420835556e-78,20160,30,0.8,0.2,best
DE,potencias,1,671,1.6804648420835556e-78,20190,30,0.8,0.2,best
DE,potencias,1,672,1.6804648420835556e-78,20220,30,0.8,0.2,best
DE,potencias,1,673,3.0856413854267826e-79,20250,30,0.8,0.2,best
DE,potencias,1,674,3.0856413854267826e-79,20280,30,0.8,0.2,best
DE,potencias,1,675,3.0856413854267826e-79,20310,30,0.8,0.2,best
DE,potencias,1,676,3.0856413854267826e-79,20340,30,0.8,0.2,best
DE,potencias,1,677,3.0856413854267826e-79,20370,30,0.8,0.2,best
DE,potencias,1,678,4.330333032411349e-80,20400,30,0.8,0.2,best
DE,potencias,1,679,4.330333032411349e-80,20430,30,0.8,0.2,best
DE,potencias,1,680,4.330333032411349e-80,20460,30,0.8,0.2,best
DE,potencias,1,681,3.897286215811337e-80,20490,30,0.8,0.2,best
DE,potencias,1,682,2.9274511497572693e-81,20520,30,0.8,0.2,best
DE,potencias,1,683,2.9274511497572693e-81,20550,30,0.8,0.2,best
DE,potencias,1,684,2.9274511497572693e-81,20580,30,0.8,0.2,best
DE,potencias,1,685,2.762692282228507e-81,20610,30,0.8,0.2,best
DE,potencias,1,686,8.74568363574163e-84,20640,30,0.8,0.2,best
DE,potencias,1,687,8.74568363574163e-84,20670,30,0.8,0.2,best
DE,potencias,1,688,8.74568363574163e-84,20700,30,0.8,0.2,best
DE,potencias,1,689,8.74568363574163e-84,20730,30,0.8,0.2,best
DE,potencias,1,690,8.74568363574163e-84,20760,30,0.8,0.2,best
DE,potencias,1,691,8.74568363574163e-84,20790,30,0.8,0.2,best
DE,potencias,1,692,8.74568363574163e-84,20820,30,0.8,0.2,best
DE,potencias,1,693,8.74568363574163e-84,20850,30,0.8,0.2,best
DE,potencias,1,694,8.74568363574163e-84,20880,30,0.8,0.2,best
DE,potencias,1,695,1.0016849211942282e-84,20910,30,0.8,0.2,best
DE,potencias,1,696,1.0016849211942282e-84,20940,30,0.8,0.2,best
DE,potencias,1,697,1.0016849211942282e-84,20970,30,0.8,0.2,best
DE,potencias,1,698,1.0016849211942282e-84,21000,30,0.8,0.2,best
DE,potencias,1,699,1.0016849211942282e-84,21030,30,0.8,0.2,best
DE,potencias,1,700,5.674049505184584e-85,21060,30,0.8,0.2,best
DE,potencias,1,701,2.7154263801737373e-85,21090,30,0.8,0.2,best
DE,potencias,1,702,2.7154263801737373e-85,21120,30,0.8,0.2,best
DE,potencias,1,703,2.7154263801737373e-85,21150,30,0.8,0.2,best
DE,potencias,1,704,1.470296844026395e-85,21180,30,0.8,0.2,best
DE,potencias,1,705,4.947125372868277e-86,21210,30,0.8,0.2,best
DE,potencias,1,706,4.947125372868277e-86,21240,30,0.8,0.2,best
DE,potencias,1,707,4.947125372868277e-86,21270,30,0.8,0.2,best
DE,potencias,1,708,4.888678012501376e-86,21300,30,0.8,0.2,best
DE,potencias,1,709,4.888678012501376e-86,21330,30,0.8,0.2,best
DE,potencias,1,710,4.888678012501376e-86,21360,30,0.8,0.2,best
DE,potencias,1,711,3.8543092664033805e-88,21390,30,0.8,0.2,best
DE,potencias,1,712,3.8543092664033805e-88,21420,30,0.8,0.2,best
DE,potencias,1,713,3.8543092664033805e-88,21450,30,0.8,0.2,best
DE,potencias,1,714,3.8543092664033805e-88,21480,30,0.8,0.2,best
DE,potencias,1,715,3.8543092664033805e-88,21510,30,0.8,0.2,best
DE,potencias,1,716,3.8543092664033805e-88,21540,30,0.8,0.2,best
DE,potencias,1,717,3.854274773916456e-88,21570,30,0.8,0.2,best
DE,potencias,1,718,1.6976804095391633e-89,21600,30,0.8,0.2,best
DE,potencias,1,719,1.6976804095391633e-89,21630,30,0.8,0.2,best
DE,potencias,1,720,1.6976804095391633e-89,21660,30,0.8,0.2,best
DE,potencias,1,721,1.660718284266183e-89,21690,30,0.8,0.2,best
DE,potencias,1,722,1.660718284266183e-89,21720,30,0.8,0.2,best
DE,potencias,1,723,9.27845650392416e-90,21750,30,0.8,0.2,best
DE,potencias,1,724,4.387508636413155e-90,21780,30,0.8,0.2,best
DE,potencias,1,725,4.387508636413155e-90,21810,30,0.8,0.2,best
DE,potencias,1,726,5.020735267225261e-91,21840,30,0.8,0.2,best
DE,potencias,1,727,5.020735267225261e-91,21870,30,0.8,0.2,best
DE,potencias,1,728,5.020735267225261e-91,21900,30,0.8,0.2,best
DE,potencias,1,729,1.0663396634185228e-91,21930,30,0.8,0.2,best
DE,potencias,1,730,4.426494539175167e-92,21960,30,0.8,0.2,best
DE,potencias,1,731,2.506567067348376e-92,21990,30,0.8,0.2,best
DE,potencias,1,732,4.626084964346404e-94,22020,30,0.8,0.2,best
DE,potencias,1,733,4.626084964346404e-94,22050,30,0.8,0.2,best
DE,potencias,1,734,4.626084964346404e-94,22080,30,0.8,0.2,best
DE,potencias,1,735,4.626084964346404e-94,22110,30,0.8,0.2,best
DE,potencias,1,736,2.3123796222338407e-94,22140,30,0.8,0.2,best
DE,potencias,1,737,2.3123796222338407e-94,22170,30,0.8,0.2,best
DE,potencias,1,738,5.091140838512329e-95,22200,30,0.8,0.2,best
DE,potencias,1,739,5.091140838512329e-95,22230,30,0.8,0.2,best
DE,potencias,1,740,5.091140838512329e-95,22260,30,0.8,0.2,best
DE,potencias,1,741,3.4229937479735785e-95,22290,30,0.8,0.2,best
DE,potencias,1,742,3.4229937479735785e-95,22320,30,0.8,0.2,best
DE,potencias,1,743,3.4229937479735785e-95,22350,30,0.8,0.2,best
DE,potencias,1,744,3.4229937479735785e-95,22380,30,0.8,0.2,best
DE,potencias,1,745,4.02660863730087e-96,22410,30,0.8,0.2,best
DE,potencias,1,746,4.02660863730087e-96,22440,30,0.8,0.2,best
DE,potencias,1,747,4.02660863730087e-96,22470,30,0.8,0.2,best
DE,potencias,1,748,4.802576394475308e-97,22500,30,0.8,0.2,best
DE,potencias,1,749,4.802576394475308e-97,22530,30,0.8,0.2,best
DE,potencias,1,750,4.2275476798340313e-97,22560,30,0.8,0.2,best
DE,potencias,1,751,4.2275476798340313e-97,22590,30,0.8,0.2,best
DE,potencias,1,752,4.2275476798340313e-97,22620,30,0.8,0.2,best
DE,potencias,1,753,4.2275476798340313e-97,22650,30,0.8,0.2,best
DE,potencias,1,754,1.062563443605155e-98,22680,30,0.8,0.2,best
DE,potencias,1,755,1.062563443605155e-98,22710,30,0.8,0.2,best
DE,potencias,1,756,5.184731780144815e-99,22740,30,0.8,0.2,best
DE,potencias,1,757,5.184731780144815e-99,22770,30,0.8,0.2,best
DE,potencias,1,758,8.88723698990094e-102,22800,30,0.8,0.2,best
DE,potencias,1,759,8.88723698990094e-102,22830,30,0.8,0.2,best
DE,potencias,1,760,8.877963122645074e-102,22860,30,0.8,0.2,best
DE,potencias,1,761,2.8256763135175915e-102,22890,30,0.8,0.2,best
DE,potencias,1,762,2.8208124191657213e-102,22920,30,0.8,0.2,best
DE,potencias,1,763,2.8208124191657213e-102,22950,30,0.8,0.2,best
DE,potencias,1,764,1.9833879754670245e-102,22980,30,0.8,0.2,best
DE,potencias,1,765,1.044990133594657e-102,23010,30,0.8,0.2,best
DE,potencias,1,766,1.6006845725367483e-104,23040,30,0.8,0.2,best
DE,potencias,1,767,1.6006845725367483e-104,23070,30,0.8,0.2,best
DE,potencias,1,768,1.6006845725367483e-104,23100,30,0.8,0.2,best
DE,potencias,1,769,1.6006845725367483e-104,23130,30,0.8,0.2,best
DE,potencias,1,770,1.5949391852058443e-104,23160,30,0.8,0.2,best
DE,potencias,1,771,1.5949391852058443e-104,23190,30,0.8,0.2,best
DE,potencias,1,772,1.5949391852058443e-104,23220,30,0.8,0.2,best
DE,potencias,1,773,4.928227999187131e-106,23250,30,0.8,0.2,best
DE,potencias,1,774,2.0416927344829114e-106,23280,30,0.8,0.2,best
DE,potencias,1,775,2.0416927344829114e-106,23310,30,0.8,0.2,best
DE,potencias,1,776,2.0416927344829114e-106,23340,30,0.8,0.2,best
DE,potencias,1,777,2.0416927344829114e-106,23370,30,0.8,0.2,best
DE,potencias,1,778,2.0416927344829114e-106,23400,30,0.8,0.2,best
DE,potencias,1,779,2.0416927344829114e-106,23430,30,0.8,0.2,best
DE,potencias,1,780,6.143316072941931e-107,23460,30,0.8,0.2,best
DE,potencias,1,781,6.143316072941931e-107,23490,30,0.8,0.2,best
DE,potencias,1,782,6.143316072941931e-107,23520,30,0.8,0.2,best
DE,potencias,1,783,2.863422638635753e-107,23550,30,0.8,0.2,best
DE,potencias,1,784,7.94169162346366e-110,23580,30,0.8,0.2,best
DE,potencias,1,785,7.94169162346366e-110,23610,30,0.8,0.2,best
DE,potencias,1,786,7.94169162346366e-110,23640,30,0.8,0.2,best
DE,potencias,1,787,7.94169162346366e-110,23670,30,0.8,0.2,best
DE,potencias,1,788,2.9931135046096534e-111,23700,30,0.8,0.2,best
DE,potencias,1,789,2.9931135046096534e-111,23730,30,0.8,0.2,best
DE,potencias,1,790,2.9931135046096534e-111,23760,30,0.8,0.2,best
DE,potencias,1,791,2.9931135046096534e-111,23790,30,0.8,0.2,best
DE,potencias,1,792,2.9931043275585682e-111,23820,30,0.8,0.2,best
DE,potencias,1,793,2.9931043275585682e-111,23850,30,0.8,0.2,best
DE,potencias,1,794,2.9931043275585682e-111,23880,30,0.8,0.2,best
DE,potencias,1,795,2.9931043275585682e-111,23910,30,0.8,0.2,best
DE,potencias,1,796,2.9931043275585682e-111,23940,30,0.8,0.2,best
DE,potencias,1,797,2.9931043275585682e-111,23970,30,0.8,0.2,best
DE,potencias,1,798,2.8283729647114344e-114,24000,30,0.8,0.2,best
DE,potencias,1,799,2.8283729647114344e-114,24030,30,0.8,0.2,best
DE,potencias,1,800,2.8283729647114344e-114,24060,30,0.8,0.2,best
DE,potencias,1,801,2.8283729647114344e-114,24090,30,0.8,0.2,best
DE,potencias,1,802,2.2484597895418028e-114,24120,30,0.8,0.2,best
DE,potencias,1,803,2.2484597895418028e-114,24150,30,0.8,0.2,best
DE,potencias,1,804,2.2484597895418028e-114,24180,30,0.8,0.2,best
DE,potencias,1,805,9.325449025838236e-116,24210,30,0.8,0.2,best
DE,potencias,1,806,9.325449025838236e-116,24240,30,0.8,0.2,best
DE,potencias,1,807,9.325449025838236e-116,24270,30,0.8,0.2,best
DE,potencias,1,808,9.325449025838236e-116,24300,30,0.8,0.2,best
DE,potencias,1,809,2.7644565086488618e-117,24330,30,0.8,0.2,best
DE,potencias,1,810,2.7644565086488618e-117,24360,30,0.8,0.2,best
DE,potencias,1,811,2.5408236325481814e-117,24390,30,0.8,0.2,best
DE,potencias,1,812,2.5408236325481814e-117,24420,30,0.8,0.2,best
DE,potencias,1,813,2.5408236325481814e-117,24450,30,0.8,0.2,best
DE,potencias,1,814,2.5408236325481814e-117,24480,30,0.8,0.2,best
DE,potencias,1,815,3.006814720071674e-118,24510,30,0.8,0.2,best
DE,potencias,1,816,3.006814720071674e-118,24540,30,0.8,0.2,best
DE,potencias,1,817,1.1604215704411652e-120,24570,30,0.8,0.2,best
DE,potencias,1,818,1.1604215704411652e-120,24600,30,0.8,0.2,best
DE,potencias,1,819,3.3192691761253236e-124,24630,30,0.8,0.2,best
DE,potencias,1,820,3.3192691761253236e-124,24660,30,0.8,0.2,best
DE,potencias,1,821,3.3192691761253236e-124,24690,30,0.8,0.2,best
DE,potencias,1,822,3.3192691761253236e-124,24720,30,0.8,0.2,best
DE,potencias,1,823,3.3192691761253236e-124,24750,30,0.8,0.2,best
DE,potencias,1,824,4.277787014914301e-127,24780,30,0.8,0.2,best
DE,potencias,1,825,4.277787014914301e-127,24810,30,0.8,0.2,best
DE,potencias,1,826,4.277787014914301e-127,24840,30,0.8,0.2,best
DE,potencias,1,827,4.277787014914301e-127,24870,30,0.8,0.2,best
DE,potencias,1,828,4.277787014914301e-127,24900,30,0.8,0.2,best
DE,potencias,1,829,4.277787014914301e-127,24930,30,0.8,0.2,best
DE,potencias,1,830,4.277787014914301e-127,24960,30,0.8,0.2,best
DE,potencias,1,831,4.064234639455367e-127,24990,30,0.8,0.2,best
DE,potencias,1,832,4.064234639455367e-127,25020,30,0.8,0.2,best
DE,potencias,1,833,4.064234639455367e-127,25050,30,0.8,0.2,best
DE,potencias,1,834,5.741126436258417e-129,25080,30,0.8,0.2,best
DE,potencias,1,835,5.741126436258417e-129,25110,30,0.8,0.2,best
DE,potencias,1,836,5.741126436258417e-129,25140,30,0.8,0.2,best
DE,potencias,1,837,5.741126436258417e-129,25170,30,0.8,0.2,best
DE,potencias,1,838,5.741126436258417e-129,25200,30,0.8,0.2,best
DE,potencias,1,839,5.741126436258417e-129,25230,30,0.8,0.2,best
DE,potencias,1,840,3.3891477422853014e-131,25260,30,0.8,0.2,best
DE,potencias,1,841,3.3891477422853014e-131,25290,30,0.8,0.2,best
DE,potencias,1,842,3.3891477422853014e-131,25320,30,0.8,0.2,best
DE,potencias,1,843,3.3891477422853014e-131,25350,30,0.8,0.2,best
DE,potencias,1,844,3.3891477422853014e-131,25380,30,0.8,0.2,best
DE,potencias,1,845,6.770071455342578e-132,25410,30,0.8,0.2,best
DE,potencias,1,846,2.546870430997963e-132,25440,30,0.8,0.2,best
DE,potencias,1,847,2.546870430997963e-132,25470,30,0.8,0.2,best
DE,potencias,1,848,2.546870430997963e-132,25500,30,0.8,0.2,best
DE,potencias,1,849,9.30126220573453e-134,25530,30,0.8,0.2,best
DE,potencias,1,850,9.30126220573453e-134,25560,30,0.8,0.2,best
DE,potencias,1,851,3.439605155022412e-136,25590,30,0.8,0.2,best
DE,potencias,1,852,3.439605155022412e-136,25620,30,0.8,0.2,best
DE,potencias,1,853,3.439605155022412e-136,25650,30,0.8,0.2,best
DE,potencias,1,854,3.439605155022412e-136,25680,30,0.8,0.2,best
DE,potencias,1,855,3.439605155022412e-136,25710,30,0.8,0.2,best
DE,potencias,1,856,3.43955723467805e-136,25740,30,0.8,0.2,best
DE,potencias,1,857,3.4395558472872926e-136,25770,30,0.8,0.2,best
DE,potencias,1,858,3.4395558472872926e-136,25800,30,0.8,0.2,best
DE,potencias,1,859,3.439555702025279e-136,25830,30,0.8,0.2,best
DE,potencias,1,860,3.439555702025279e-136,25860,30,0.8,0.2,best
DE,potencias,1,861,3.439552567395933e-136,25890,30,0.8,0.2,best
DE,potencias,1,862,3.439552567395933e-136,25920,30,0.8,0.2,best
DE,potencias,1,863,3.439552567395933e-136,25950,30,0.8,0.2,best
DE,potencias,1,864,3.439552567077478e-136,25980,30,0.8,0.2,best
DE,potencias,1,865,2.6531396372807647e-141,26010,30,0.8,0.2,best
DE,potencias,1,866,2.9833364510248356e-144,26040,30,0.8,0.2,best
DE,potencias,1,867,2.9833364510248356e-144,26070,30,0.8,0.2,best
DE,potencias,1,868,4.6403838939516164e-151,26100,30,0.8,0.2,best
DE,potencias,1,869,4.6403838939516164e-151,26130,30,0.8,0.2,best
DE,potencias,1,870,4.6403838939516164e-151,26160,30,0.8,0.2,best
DE,potencias,1,871,4.6403838939516164e-151,26190,30,0.8,0.2,best
DE,potencias,1,872,4.6403838939516164e-151,26220,30,0.8,0.2,best
DE,potencias,1,873,4.6403838939516164e-151,26250,30,0.8,0.2,best
DE,potencias,1,874,4.6403838939516164e-151,26280,30,0.8,0.2,best
DE,potencias,1,875,4.6403838939516164e-151,26310,30,0.8,0.2,best
DE,potencias,1,876,3.056952389325883e-151,26340,30,0.8,0.2,best
DE,potencias,1,877,3.0549417286367123e-151,26370,30,0.8,0.2,best
DE,potencias,1,878,3.0549417286367123e-151,26400,30,0.8,0.2,best
DE,potencias,1,879,3.0549363635051616e-151,26430,30,0.8,0.2,best
DE,potencias,1,880,3.0549363635051616e-151,26460,30,0.8,0.2,best
DE,potencias,1,881,4.7733380679681323e-153,26490,30,0.8,0.2,best
DE,potencias,1,882,4.7733380679681323e-153,26520,30,0.8,0.2,best
DE,potencias,1,883,4.7733380679681323e-153,26550,30,0.8,0.2,best
DE,potencias,1,884,4.7733380679681323e-153,26580,30,0.8,0.2,best
DE,potencias,1,885,4.7733380679681323e-153,26610,30,0.8,0.2,best
DE,potencias,1,886,1.3248674568444952e-158,26640,30,0.8,0.2,best
DE,potencias,1,887,1.3248674568444952e-158,26670,30,0.8,0.2,best
DE,potencias,1,888,1.3248674568444952e-158,26700,30,0.8,0.2,best
DE,potencias,1,889,1.1380524797363597e-159,26730,30,0.8,0.2,best
DE,potencias,1,890,5.556896873712694e-163,26760,30,0.8,0.2,best
DE,potencias,1,891,0.0,26790,30,0.8,0.2,best
DE,potencias,1,892,0.0,26820,30,0.8,0.2,best
DE,potencias,1,893,0.0,26850,30,0.8,0.2,best
DE,potencias,1,894,0.0,26880,30,0.8,0.2,best
DE,potencias,1,895,0.0,26910,30,0.8,0.2,best
DE,potencias,1,896,0.0,26940,30,0.8,0.2,best
DE,potencias,1,897,0.0,26970,30,0.8,0.2,best
DE,potencias,1,898,0.0,27000,30,0.8,0.2,best
DE,potencias,1,899,0.0,27030,30,0.8,0.2,best
DE,potencias,1,900,0.0,27060,30,0.8,0.2,best
DE,potencias,1,901,0.0,27090,30,0.8,0.2,best
DE,potencias,1,902,0.0,27120,30,0.8,0.2,best
DE,potencias,1,903,0.0,27150,30,0.8,0.2,best
DE,potencias,1,904,0.0,27180,30,0.8,0.2,best
DE,potencias,1,905,0.0,27210,30,0.8,0.2,best
DE,potencias,1,906,0.0,27240,30,0.8,0.2,best
DE,potencias,1,907,0.0,27270,30,0.8,0.2,best
DE,potencias,1,908,0.0,27300,30,0.8,0.2,best
DE,potencias,1,909,0.0,27330,30,0.8,0.2,best
DE,potencias,1,910,0.0,27360,30,0.8,0.2,best
DE,potencias,1,911,0.0,27390,30,0.8,0.2,best
DE,potencias,1,912,0.0,27420,30,0.8,0.2,best
DE,potencias,1,913,0.0,27450,30,0.8,0.2,best
DE,potencias,1,914,0.0,27480,30,0.8,0.2,best
DE,potencias,1,915,0.0,27510,30,0.8,0.2,best
DE,potencias,1,916,0.0,27540,30,0.8,0.2,best
DE,potencias,1,917,0.0,27570,30,0.8,0.2,best
DE,potencias,1,918,0.0,27600,30,0.8,0.2,best
DE,potencias,1,919,0.0,27630,30,0.8,0.2,best
DE,potencias,1,920,0.0,27660,30,0.8,0.2,best
DE,potencias,1,921,0.0,27690,30,0.8,0.2,best
DE,potencias,1,922,0.0,27720,30,0.8,0.2,best
DE,potencias,1,923,0.0,27750,30,0.8,0.2,best
DE,potencias,1,924,0.0,27780,30,0.8,0.2,best
DE,potencias,1,925,0.0,27810,30,0.8,0.2,best
DE,potencias,1,926,0.0,27840,30,0.8,0.2,best
DE,potencias,1,927,0.0,27870,30,0.8,0.2,best
DE,potencias,1,928,0.0,27900,30,0.8,0.2,best
DE,potencias,1,929,0.0,27930,30,0.8,0.2,best
DE,potencias,1,930,0.0,27960,30,0.8,0.2,best
DE,potencias,1,931,0.0,27990,30,0.8,0.2,best
DE,potencias,1,932,0.0,28020,30,0.8,0.2,best
DE,potencias,1,933,0.0,28050,30,0.8,0.2,best
DE,potencias,1,934,0.0,28080,30,0.8,0.2,best
DE,potencias,1,935,0.0,28110,30,0.8,0.2,best
DE,potencias,1,936,0.0,28140,30,0.8,0.2,best
DE,potencias,1,937,0.0,28170,30,0.8,0.2,best
DE,potencias,1,938,0.0,28200,30,0.8,0.2,best
DE,potencias,1,939,0.0,28230,30,0.8,0.2,best
DE,potencias,1,940,0.0,28260,30,0.8,0.2,best
DE,potencias,1,941,0.0,28290,30,0.8,0.2,best
DE,potencias,1,942,0.0,28320,30,0.8,0.2,best
DE,potencias,1,943,0.0,28350,30,0.8,0.2,best
DE,potencias,1,944,0.0,28380,30,0.8,0.2,best
DE,potencias,1,945,0.0,28410,30,0.8,0.2,best
DE,potencias,1,946,0.0,28440,30,0.8,0.2,best
DE,potencias,1,947,0.0,28470,30,0.8,0.2,best
DE,potencias,1,948,0.0,28500,30,0.8,0.2,best
DE,potencias,1,949,0.0,28530,30,0.8,0.2,best
DE,potencias,1,950,0.0,28560,30,0.8,0.2,best
DE,potencias,1,951,0.0,28590,30,0.8,0.2,best
DE,potencias,1,952,0.0,28620,30,0.8,0.2,best
DE,potencias,1,953,0.0,28650,30,0.8,0.2,best
DE,potencias,1,954,0.0,28680,30,0.8,0.2,best
DE,potencias,1,955,0.0,28710,30,0.8,0.2,best
DE,potencias,1,956,0.0,28740,30,0.8,0.2,best
DE,potencias,1,957,0.0,28770,30,0.8,0.2,best
DE,potencias,1,958,0.0,28800,30,0.8,0.2,best
DE,potencias,1,959,0.0,28830,30,0.8,0.2,best
DE,potencias,1,960,0.0,28860,30,0.8,0.2,best
DE,potencias,1,961,0.0,28890,30,0.8,0.2,best
DE,potencias,1,962,0.0,28920,30,0.8,0.2,best
DE,potencias,1,963,0.0,28950,30,0.8,0.2,best
DE,potencias,1,964,0.0,28980,30,0.8,0.2,best
DE,potencias,1,965,0.0,29010,30,0.8,0.2,best
DE,potencias,1,966,0.0,29040,30,0.8,0.2,best
DE,potencias,1,967,0.0,29070,30,0.8,0.2,best
DE,potencias,1,968,0.0,29100,30,0.8,0.2,best
DE,potencias,1,969,0.0,29130,30,0.8,0.2,best
DE,potencias,1,970,0.0,29160,30,0.8,0.2,best
DE,potencias,1,971,0.0,29190,30,0.8,0.2,best
DE,potencias,1,972,0.0,29220,30,0.8,0.2,best
DE,potencias,1,973,0.0,29250,30,0.8,0.2,best
DE,potencias,1,974,0.0,29280,30,0.8,0.2,best
DE,potencias,1,975,0.0,29310,30,0.8,0.2,best
DE,potencias,1,976,0.0,29340,30,0.8,0.2,best
DE,potencias,1,977,0.0,29370,30,0.8,0.2,best
DE,potencias,1,978,0.0,29400,30,0.8,0.2,best
DE,potencias,1,979,0.0,29430,30,0.8,0.2,best
DE,potencias,1,980,0.0,29460,30,0.8,0.2,best
DE,potencias,1,981,0.0,29490,30,0.8,0.2,best
DE,potencias,1,982,0.0,29520,30,0.8,0.2,best
DE,potencias,1,983,0.0,29550,30,0.8,0.2,best
DE,potencias,1,984,0.0,29580,30,0.8,0.2,best
DE,potencias,1,985,0.0,29610,30,0.8,0.2,best
DE,potencias,1,986,0.0,29640,30,0.8,0.2,best
DE,potencias,1,987,0.0,29670,30,0.8,0.2,best
DE,potencias,1,988,0.0,29700,30,0.8,0.2,best
DE,potencias,1,989,0.0,29730,30,0.8,0.2,best
DE,potencias,1,990,0.0,29760,30,0.8,0.2,best
DE,potencias,1,991,0.0,29790,30,0.8,0.2,best
DE,potencias,1,992,0.0,29820,30,0.8,0.2,best
DE,potencias,1,993,0.0,29850,30,0.8,0.2,best
DE,potencias,1,994,0.0,29880,30,0.8,0.2,best
DE,potencias,1,995,0.0,29910,30,0.8,0.2,best
DE,potencias,1,996,0.0,29940,30,0.8,0.2,best
DE,potencias,1,997,0.0,29970,30,0.8,0.2,best
DE,potencias,1,998,0.0,30000,30,0.8,0.2,best
DE,potencias,1,999,0.0,30030,30,0.8,0.2,best
DE,potencias,1,1000,0.0,30060,30,0.8,0.2,best
DE,potencias,1,1001,0.0,30090,30,0.8,0.2,best
DE,potencias,1,1002,0.0,30120,30,0.8,0.2,best
DE,potencias,1,1003,0.0,30150,30,0.8,0.2,best
DE,potencias,1,1004,0.0,30180,30,0.8,0.2,best
DE,potencias,1,1005,0.0,30210,30,0.8,0.2,best
DE,potencias,1,1006,0.0,30240,30,0.8,0.2,best
DE,potencias,1,1007,0.0,30270,30,0.8,0.2,best
DE,potencias,1,1008,0.0,30300,30,0.8,0.2,best
DE,potencias,1,1009,0.0,30330,30,0.8,0.2,best
DE,potencias,1,1010,0.0,30360,30,0.8,0.2,best
DE,potencias,1,1011,0.0,30390,30,0.8,0.2,best
DE,potencias,1,1012,0.0,30420,30,0.8,0.2,best
DE,potencias,1,1013,0.0,30450,30,0.8,0.2,best
DE,potencias,1,1014,0.0,30480,30,0.8,0.2,best
DE,potencias,1,1015,0.0,30510,30,0.8,0.2,best
DE,potencias,1,1016,0.0,30540,30,0.8,0.2,best
DE,potencias,1,1017,0.0,30570,30,0.8,0.2,best
DE,potencias,1,1018,0.0,30600,30,0.8,0.2,best
DE,potencias,1,1019,0.0,30630,30,0.8,0.2,best
DE,potencias,1,1020,0.0,30660,30,0.8,0.2,best
DE,potencias,1,1021,0.0,30690,30,0.8,0.2,best
DE,potencias,1,1022,0.0,30720,30,0.8,0.2,best
DE,potencias,1,1023,0.0,30750,30,0.8,0.2,best
DE,potencias,1,1024,0.0,30780,30,0.8,0.2,best
DE,potencias,1,1025,0.0,30810,30,0.8,0.2,best
DE,potencias,1,1026,0.0,30840,30,0.8,0.2,best
DE,potencias,1,1027,0.0,30870,30,0.8,0.2,best
DE,potencias,1,1028,0.0,30900,30,0.8,0.2,best
DE,potencias,1,1029,0.0,30930,30,0.8,0.2,best
DE,potencias,1,1030,0.0,30960,30,0.8,0.2,best
DE,potencias,1,1031,0.0,30990,30,0.8,0.2,best
DE,potencias,1,1032,0.0,31020,30,0.8,0.2,best
DE,potencias,1,1033,0.0,31050,30,0.8,0.2,best
DE,potencias,1,1034,0.0,31080,30,0.8,0.2,best
DE,potencias,1,1035,0.0,31110,30,0.8,0.2,best
DE,potencias,1,1036,0.0,31140,30,0.8,0.2,best
DE,potencias,1,1037,0.0,31170,30,0.8,0.2,best
DE,potencias,1,1038,0.0,31200,30,0.8,0.2,best
DE,potencias,1,1039,0.0,31230,30,0.8,0.2,best
DE,potencias,1,1040,0.0,31260,30,0.8,0.2,best
DE,potencias,1,1041,0.0,31290,30,0.8,0.2,best
DE,potencias,1,1042,0.0,31320,30,0.8,0.2,best
DE,potencias,1,1043,0.0,31350,30,0.8,0.2,best
DE,potencias,1,1044,0.0,31380,30,0.8,0.2,best
DE,potencias,1,1045,0.0,31410,30,0.8,0.2,best
DE,potencias,1,1046,0.0,31440,30,0.8,0.2,best
DE,potencias,1,1047,0.0,31470,30,0.8,0.2,best
DE,potencias,1,1048,0.0,31500,30,0.8,0.2,best
DE,potencias,1,1049,0.0,31530,30,0.8,0.2,best
DE,potencias,1,1050,0.0,31560,30,0.8,0.2,best
DE,potencias,1,1051,0.0,31590,30,0.8,0.2,best
DE,potencias,1,1052,0.0,31620,30,0.8,0.2,best
DE,potencias,1,1053,0.0,31650,30,0.8,0.2,best
DE,potencias,1,1054,0.0,31680,30,0.8,0.2,best
DE,potencias,1,1055,0.0,31710,30,0.8,0.2,best
DE,potencias,1,1056,0.0,31740,30,0.8,0.2,best
DE,potencias,1,1057,0.0,31770,30,0.8,0.2,best
DE,potencias,1,1058,0.0,31800,30,0.8,0.2,best
DE,potencias,1,1059,0.0,31830,30,0.8,0.2,best
DE,potencias,1,1060,0.0,31860,30,0.8,0.2,best
DE,potencias,1,1061,0.0,31890,30,0.8,0.2,best
DE,potencias,1,1062,0.0,31920,30,0.8,0.2,best
DE,potencias,1,1063,0.0,31950,30,0.8,0.2,best
DE,potencias,1,1064,0.0,31980,30,0.8,0.2,best
DE,potencias,1,1065,0.0,32010,30,0.8,0.2,best
DE,potencias,1,1066,0.0,32040,30,0.8,0.2,best
DE,potencias,1,1067,0.0,32070,30,0.8,0.2,best
DE,potencias,1,1068,0.0,32100,30,0.8,0.2,best
DE,potencias,1,1069,0.0,32130,30,0.8,0.2,best
DE,potencias,1,1070,0.0,32160,30,0.8,0.2,best
DE,potencias,1,1071,0.0,32190,30,0.8,0.2,best
DE,potencias,1,1072,0.0,32220,30,0.8,0.2,best
DE,potencias,1,1073,0.0,32250,30,0.8,0.2,best
DE,potencias,1,1074,0.0,32280,30,0.8,0.2,best
DE,potencias,1,1075,0.0,32310,30,0.8,0.2,best
DE,potencias,1,1076,0.0,32340,30,0.8,0.2,best
DE,potencias,1,1077,0.0,32370,30,0.8,0.2,best
DE,potencias,1,1078,0.0,32400,30,0.8,0.2,best
DE,potencias,1,1079,0.0,32430,30,0.8,0.2,best
DE,potencias,1,1080,0.0,32460,30,0.8,0.2,best
DE,potencias,1,1081,0.0,32490,30,0.8,0.2,best
DE,potencias,1,1082,0.0,32520,30,0.8,0.2,best
DE,potencias,1,1083,0.0,32550,30,0.8,0.2,best
DE,potencias,1,1084,0.0,32580,30,0.8,0.2,best
DE,potencias,1,1085,0.0,32610,30,0.8,0.2,best
DE,potencias,1,1086,0.0,32640,30,0.8,0.2,best
DE,potencias,1,1087,0.0,32670,30,0.8,0.2,best
DE,potencias,1,1088,0.0,32700,30,0.8,0.2,best
DE,potencias,1,1089,0.0,32730,30,0.8,0.2,best
DE,potencias,1,1090,0.0,32760,30,0.8,0.2,best
DE,potencias,1,1091,0.0,32790,30,0.8,0.2,best
DE,potencias,1,1092,0.0,32820,30,0.8,0.2,best
DE,potencias,1,1093,0.0,32850,30,0.8,0.2,best
DE,potencias,1,1094,0.0,32880,30,0.8,0.2,best
DE,potencias,1,1095,0.0,32910,30,0.8,0.2,best
DE,potencias,1,1096,0.0,32940,30,0.8,0.2,best
DE,potencias,1,1097,0.0,32970,30,0.8,0.2,best
DE,potencias,1,1098,0.0,33000,30,0.8,0.2,best
DE,potencias,1,1099,0.0,33030,30,0.8,0.2,best
DE,potencias,1,1100,0.0,33060,30,0.8,0.2,best
DE,potencias,1,1101,0.0,33090,30,0.8,0.2,best
DE,potencias,1,1102,0.0,33120,30,0.8,0.2,best
DE,potencias,1,1103,0.0,33150,30,0.8,0.2,best
DE,potencias,1,1104,0.0,33180,30,0.8,0.2,best
DE,potencias,1,1105,0.0,33210,30,0.8,0.2,best
DE,potencias,1,1106,0.0,33240,30,0.8,0.2,best
DE,potencias,1,1107,0.0,33270,30,0.8,0.2,best
DE,potencias,1,1108,0.0,33300,30,0.8,0.2,best
DE,potencias,1,1109,0.0,33330,30,0.8,0.2,best
DE,potencias,1,1110,0.0,33360,30,0.8,0.2,best
DE,potencias,1,1111,0.0,33390,30,0.8,0.2,best
DE,potencias,1,1112,0.0,33420,30,0.8,0.2,best
DE,potencias,1,1113,0.0,33450,30,0.8,0.2,best
DE,potencias,1,1114,0.0,33480,30,0.8,0.2,best
DE,potencias,1,1115,0.0,33510,30,0.8,0.2,best
DE,potencias,1,1116,0.0,33540,30,0.8,0.2,best
DE,potencias,1,1117,0.0,33570,30,0.8,0.2,best
DE,potencias,1,1118,0.0,33600,30,0.8,0.2,best
DE,potencias,1,1119,0.0,33630,30,0.8,0.2,best
DE,potencias,1,1120,0.0,33660,30,0.8,0.2,best
DE,potencias,1,1121,0.0,33690,30,0.8,0.2,best
DE,potencias,1,1122,0.0,33720,30,0.8,0.2,best
DE,potencias,1,1123,0.0,33750,30,0.8,0.2,best
DE,potencias,1,1124,0.0,33780,30,0.8,0.2,best
DE,potencias,1,1125,0.0,33810,30,0.8,0.2,best
DE,potencias,1,1126,0.0,33840,30,0.8,0.2,best
DE,potencias,1,1127,0.0,33870,30,0.8,0.2,best
DE,potencias,1,1128,0.0,33900,30,0.8,0.2,best
DE,potencias,1,1129,0.0,33930,30,0.8,0.2,best
DE,potencias,1,1130,0.0,33960,30,0.8,0.2,best
DE,potencias,1,1131,0.0,33990,30,0.8,0.2,best
DE,potencias,1,1132,0.0,34020,30,0.8,0.2,best
DE,potencias,1,1133,0.0,34050,30,0.8,0.2,best
DE,potencias,1,1134,0.0,34080,30,0.8,0.2,best
DE,potencias,1,1135,0.0,34110,30,0.8,0.2,best
DE,potencias,1,1136,0.0,34140,30,0.8,0.2,best
DE,potencias,1,1137,0.0,34170,30,0.8,0.2,best
DE,potencias,1,1138,0.0,34200,30,0.8,0.2,best
DE,potencias,1,1139,0.0,34230,30,0.8,0.2,best
DE,potencias,1,1140,0.0,34260,30,0.8,0.2,best
DE,potencias,1,1141,0.0,34290,30,0.8,0.2,best
DE,potencias,1,1142,0.0,34320,30,0.8,0.2,best
DE,potencias,1,1143,0.0,34350,30,0.8,0.2,best
DE,potencias,1,1144,0.0,34380,30,0.8,0.2,best
DE,potencias,1,1145,0.0,34410,30,0.8,0.2,best
DE,potencias,1,1146,0.0,34440,30,0.8,0.2,best
DE,potencias,1,1147,0.0,34470,30,0.8,0.2,best
DE,potencias,1,1148,0.0,34500,30,0.8,0.2,best
DE,potencias,1,1149,0.0,34530,30,0.8,0.2,best
DE,potencias,1,1150,0.0,34560,30,0.8,0.2,best
DE,potencias,1,1151,0.0,34590,30,0.8,0.2,best
DE,potencias,1,1152,0.0,34620,30,0.8,0.2,best
DE,potencias,1,1153,0.0,34650,30,0.8,0.2,best
DE,potencias,1,1154,0.0,34680,30,0.8,0.2,best
DE,potencias,1,1155,0.0,34710,30,0.8,0.2,best
DE,potencias,1,1156,0.0,34740,30,0.8,0.2,best
DE,potencias,1,1157,0.0,34770,30,0.8,0.2,best
DE,potencias,1,1158,0.0,34800,30,0.8,0.2,best
DE,potencias,1,1159,0.0,34830,30,0.8,0.2,best
DE,potencias,1,1160,0.0,34860,30,0.8,0.2,best
DE,potencias,1,1161,0.0,34890,30,0.8,0.2,best
DE,potencias,1,1162,0.0,34920,30,0.8,0.2,best
DE,potencias,1,1163,0.0,34950,30,0.8,0.2,best
DE,potencias,1,1164,0.0,34980,30,0.8,0.2,best
DE,potencias,1,1165,0.0,35010,30,0.8,0.2,best
DE,potencias,1,1166,0.0,35040,30,0.8,0.2,best
DE,potencias,1,1167,0.0,35070,30,0.8,0.2,best
DE,potencias,1,1168,0.0,35100,30,0.8,0.2,best
DE,potencias,1,1169,0.0,35130,30,0.8,0.2,best
DE,potencias,1,1170,0.0,35160,30,0.8,0.2,best
DE,potencias,1,1171,0.0,35190,30,0.8,0.2,best
DE,potencias,1,1172,0.0,35220,30,0.8,0.2,best
DE,potencias,1,1173,0.0,35250,30,0.8,0.2,best
DE,potencias,1,1174,0.0,35280,30,0.8,0.2,best
DE,potencias,1,1175,0.0,35310,30,0.8,0.2,best
DE,potencias,1,1176,0.0,35340,30,0.8,0.2,best
DE,potencias,1,1177,0.0,35370,30,0.8,0.2,best
DE,potencias,1,1178,0.0,35400,30,0.8,0.2,best
DE,potencias,1,1179,0.0,35430,30,0.8,0.2,best
DE,potencias,1,1180,0.0,35460,30,0.8,0.2,best
DE,potencias,1,1181,0.0,35490,30,0.8,0.2,best
DE,potencias,1,1182,0.0,35520,30,0.8,0.2,best
DE,potencias,1,1183,0.0,35550,30,0.8,0.2,best
DE,potencias,1,1184,0.0,35580,30,0.8,0.2,best
DE,potencias,1,1185,0.0,35610,30,0.8,0.2,best
DE,potencias,1,1186,0.0,35640,30,0.8,0.2,best
DE,potencias,1,1187,0.0,35670,30,0.8,0.2,best
DE,potencias,1,1188,0.0,35700,30,0.8,0.2,best
DE,potencias,1,1189,0.0,35730,30,0.8,0.2,best
DE,potencias,1,1190,0.0,35760,30,0.8,0.2,best
DE,potencias,1,1191,0.0,35790,30,0.8,0.2,best
DE,potencias,1,1192,0.0,35820,30,0.8,0.2,best
DE,potencias,1,1193,0.0,35850,30,0.8,0.2,best
DE,potencias,1,1194,0.0,35880,30,0.8,0.2,best
DE,potencias,1,1195,0.0,35910,30,0.8,0.2,best
DE,potencias,1,1196,0.0,35940,30,0.8,0.2,best
DE,potencias,1,1197,0.0,35970,30,0.8,0.2,best
DE,potencias,1,1198,0.0,36000,30,0.8,0.2,best
DE,potencias,1,1199,0.0,36030,30,0.8,0.2,best
DE,potencias,2,0,269379.32315671426,60,30,0.8,0.2,best
DE,potencias,2,1,269379.32315671426,90,30,0.8,0.2,best
DE,potencias,2,2,269379.32315671426,120,30,0.8,0.2,best
DE,potencias,2,3,269379.32315671426,150,30,0.8,0.2,best
DE,potencias,2,4,97321.08985658464,180,30,0.8,0.2,best
DE,potencias,2,5,95908.50793918138,210,30,0.8,0.2,best
DE,potencias,2,6,95908.50793918138,240,30,0.8,0.2,best
DE,potencias,2,7,5560.299931432545,270,30,0.8,0.2,best
DE,potencias,2,8,1845.7163315900161,300,30,0.8,0.2,best
DE,potencias,2,9,1845.7163315900161,330,30,0.8,0.2,best
DE,potencias,2,10,1845.7163315900161,360,30,0.8,0.2,best
DE,potencias,2,11,1845.7163315900161,390,30,0.8,0.2,best
DE,potencias,2,12,1845.7163315900161,420,30,0.8,0.2,best
DE,potencias,2,13,1845.7163315900161,450,30,0.8,0.2,best
DE,potencias,2,14,1845.7163315900161,480,30,0.8,0.2,best
DE,potencias,2,15,1130.291237584177,510,30,0.8,0.2,best
DE,potencias,2,16,657.6582198023252,540,30,0.8,0.2,best
DE,potencias,2,17,657.6582198023252,570,30,0.8,0.2,best
DE,potencias,2,18,657.6582198023252,600,30,0.8,0.2,best
DE,potencias,2,19,657.599097215331,630,30,0.8,0.2,best
DE,potencias,2,20,324.3198173994426,660,30,0.8,0.2,best
DE,potencias,2,21,21.328968215038845,690,30,0.8,0.2,best
DE,potencias,2,22,21.328968215038845,720,30,0.8,0.2,best
DE,potencias,2,23,21.328968215038845,750,30,0.8,0.2,best
DE,potencias,2,24,21.328968215038845,780,30,0.8,0.2,best
DE,potencias,2,25,21.328968215038845,810,30,0.8,0.2,best
DE,potencias,2,26,21.21259968336792,840,30,0.8,0.2,best
DE,potencias,2,27,21.21259968336792,870,30,0.8,0.2,best
DE,potencias,2,28,21.21259968336792,900,30,0.8,0.2,best
DE,potencias,2,29,14.263899172101203,930,30,0.8,0.2,best
DE,potencias,2,30,14.263899172101203,960,30,0.8,0.2,best
DE,potencias,2,31,14.263899172101203,990,30,0.8,0.2,best
DE,potencias,2,32,5.756050012950263,1020,30,0.8,0.2,best
DE,potencias,2,33,5.756050012950263,1050,30,0.8,0.2,best
DE,potencias,2,34,5.756050012950263,1080,30,0.8,0.2,best
DE,potencias,2,35,5.756050012950263,1110,30,0.8,0.2,best
DE,potencias,2,36,5.756050012950263,1140,30,0.8,0.2,best
DE,potencias,2,37,5.756050012950263,1170,30,0.8,0.2,best
DE,potencias,2,38,3.1016418784930218,1200,30,0.8,0.2,best
DE,potencias,2,39,3.1016418784930218,1230,30,0.8,0.2,best
DE,potencias,2,40,1.4589385438347222,1260,30,0.8,0.2,best
DE,potencias,2,41,1.4589385438347222,1290,30,0.8,0.2,best
DE,potencias,2,42,0.8544737316119082,1320,30,0.8,0.2,best
DE,potencias,2,43,0.8544737316119082,1350,30,0.8,0.2,best
DE,potencias,2,44,0.8544737316119082,1380,30,0.8,0.2,best
DE,potencias,2,45,0.5444675637261398,1410,30,0.8,0.2,best
DE,potencias,2,46,0.5376549065088577,1440,30,0.8,0.2,best
DE,potencias,2,47,0.5375819622697879,1470,30,0.8,0.2,best
DE,potencias,2,48,0.5039827441617658,1500,30,0.8,0.2,best
DE,potencias,2,49,0.20454757512105645,1530,30,0.8,0.2,best
DE,potencias,2,50,0.20454757512105645,1560,30,0.8,0.2,best
DE,potencias,2,51,0.20454757512105645,1590,30,0.8,0.2,best
DE,potencias,2,52,0.20454757512105645,1620,30,0.8,0.2,best
DE,potencias,2,53,0.08283933432864574,1650,30,0.8,0.2,best
DE,potencias,2,54,0.08283560834439772,1680,30,0.8,0.2,best
DE,potencias,2,55,0.08283560834439772,1710,30,0.8,0.2,best
DE,potencias,2,56,0.036480854302855796,1740,30,0.8,0.2,best
DE,potencias,2,57,0.03346109447397821,1770,30,0.8,0.2,best
DE,potencias,2,58,0.03346109447397821,1800,30,0.8,0.2,best
DE,potencias,2,59,0.03346109447397821,1830,30,0.8,0.2,best
DE,potencias,2,60,0.03346109447397821,1860,30,0.8,0.2,best
DE,potencias,2,61,0.03346109447397821,1890,30,0.8,0.2,best
DE,potencias,2,62,0.03346109447397821,1920,30,0.8,0.2,best
DE,potencias,2,63,0.010317383047354096,1950,30,0.8,0.2,best
DE,potencias,2,64,0.007257379785831742,1980,30,0.8,0.2,best
DE,potencias,2,65,0.007257379785831742,2010,30,0.8,0.2,best
DE,potencias,2,66,0.007157020216628026,2040,30,0.8,0.2,best
DE,potencias,2,67,0.002203350864390355,2070,30,0.8,0.2,best
DE,potencias,2,68,0.002203350864390355,2100,30,0.8,0.2,best
DE,potencias,2,69,0.002203350864390355,2130,30,0.8,0.2,best
DE,potencias,2,70,0.0006086798158670692,2160,30,0.8,0.2,best
DE,potencias,2,71,0.0006086798158670692,2190,30,0.8,0.2,best
DE,potencias,2,72,0.0006086798158670692,2220,30,0.8,0.2,best
DE,potencias,2,73,0.0005961195888326203,2250,30,0.8,0.2,best
DE,potencias,2,74,0.0004266248528805583,2280,30,0.8,0.2,best
DE,potencias,2,75,0.000403978309065067,2310,30,0.8,0.2,best
DE,potencias,2,76,0.0001368053501039057,2340,30,0.8,0.2,best
DE,potencias,2,77,0.0001368053501039057,2370,30,0.8,0.2,best
DE,potencias,2,78,0.0001368053501039057,2400,30,0.8,0.2,best
DE,potencias,2,79,0.0001368053501039057,2430,30,0.8,0.2,best
DE,potencias,2,80,0.0001368053501039057,2460,30,0.8,0.2,best
DE,potencias,2,81,7.47594112843867e-05,2490,30,0.8,0.2,best
DE,potencias,2,82,7.475758651026096e-05,2520,30,0.8,0.2,best
DE,potencias,2,83,7.475758651026096e-05,2550,30,0.8,0.2,best
DE,potencias,2,84,2.0162047294869526e-05,2580,30,0.8,0.2,best
DE,potencias,2,85,2.0162047294869526e-05,2610,30,0.8,0.2,best
DE,potencias,2,86,2.0162047294869526e-05,2640,30,0.8,0.2,best
DE,potencias,2,87,2.0162047294869526e-05,2670,30,0.8,0.2,best
DE,potencias,2,88,2.0162047294869526e-05,2700,30,0.8,0.2,best
DE,potencias,2,89,2.0162047294869526e-05,2730,30,0.8,0.2,best
DE,potencias,2,90,2.0159943877607615e-05,2760,30,0.8,0.2,best
DE,potencias,2,91,2.0159943877607615e-05,2790,30,0.8,0.2,best
DE,potencias,2,92,2.0159943877607615e-05,2820,30,0.8,0.2,best
DE,potencias,2,93,2.0159943877607615e-05,2850,30,0.8,0.2,best
DE,potencias,2,94,2.0159943877607615e-05,2880,30,0.8,0.2,best
DE,potencias,2,95,2.0159943877607615e-05,2910,30,0.8,0.2,best
DE,potencias,2,96,1.8084405672598163e-05,2940,30,0.8,0.2,best
DE,potencias,2,97,1.7058548492499336e-05,2970,30,0.8,0.2,best
DE,potencias,2,98,1.702705509464569e-05,3000,30,0.8,0.2,best
DE,potencias,2,99,1.374925137176089e-05,3030,30,0.8,0.2,best
DE,potencias,2,100,1.374925137176089e-05,3060,30,0.8,0.2,best
DE,potencias,2,101,9.751476255528308e-06,3090,30,0.8,0.2,best
DE,potencias,2,102,5.70730352177382e-06,3120,30,0.8,0.2,best
DE,potencias,2,103,9.54620894488861e-07,3150,30,0.8,0.2,best
DE,potencias,2,104,3.1403013042979914e-07,3180,30,0.8,0.2,best
DE,potencias,2,105,3.1403013042979914e-07,3210,30,0.8,0.2,best
DE,potencias,2,106,3.1403013042979914e-07,3240,30,0.8,0.2,best
DE,potencias,2,107,3.1403013042979914e-07,3270,30,0.8,0.2,best
DE,potencias,2,108,3.1403013042979914e-07,3300,30,0.8,0.2,best
DE,potencias,2,109,3.1403013042979914e-07,3330,30,0.8,0.2,best
DE,potencias,2,110,3.1403013042979914e-07,3360,30,0.8,0.2,best
DE,potencias,2,111,3.126119216948852e-07,3390,30,0.8,0.2,best
DE,potencias,2,112,3.126119216948852e-07,3420,30,0.8,0.2,best
DE,potencias,2,113,2.9363985733880816e-08,3450,30,0.8,0.2,best
DE,potencias,2,114,2.9363985733880816e-08,3480,30,0.8,0.2,best
DE,potencias,2,115,2.9363985733880816e-08,3510,30,0.8,0.2,best
DE,potencias,2,116,2.9363985733880816e-08,3540,30,0.8,0.2,best
DE,potencias,2,117,2.9363985733880816e-08,3570,30,0.8,0.2,best
DE,potencias,2,118,2.9363985733880816e-08,3600,30,0.8,0.2,best
DE,potencias,2,119,2.9363985733880816e-08,3630,30,0.8,0.2,best
DE,potencias,2,120,2.9363985733880816e-08,3660,30,0.8,0.2,best
DE,potencias,2,121,2.8770338564053428e-08,3690,30,0.8,0.2,best
DE,potencias,2,122,2.8770338564053428e-08,3720,30,0.8,0.2,best
DE,potencias,2,123,2.6390534792990768e-08,3750,30,0.8,0.2,best
DE,potencias,2,124,2.6390534792990768e-08,3780,30,0.8,0.2,best
DE,potencias,2,125,2.6390534792990768e-08,3810,30,0.8,0.2,best
DE,potencias,2,126,2.495946645206558e-08,3840,30,0.8,0.2,best
DE,potencias,2,127,1.4934388412467016e-08,3870,30,0.8,0.2,best
DE,potencias,2,128,9.022202034138574e-09,3900,30,0.8,0.2,best
DE,potencias,2,129,8.926243695777835e-09,3930,30,0.8,0.2,best
DE,potencias,2,130,6.922941775408561e-09,3960,30,0.8,0.2,best
DE,potencias,2,131,6.922941775408561e-09,3990,30,0.8,0.2,best
DE,potencias,2,132,3.5503355705511557e-09,4020,30,0.8,0.2,best
DE,potencias,2,133,3.5503355705511557e-09,4050,30,0.8,0.2,best
DE,potencias,2,134,3.5503355705511557e-09,4080,30,0.8,0.2,best
DE,potencias,2,135,3.5503355705511557e-09,4110,30,0.8,0.2,best
DE,potencias,2,136,2.2419021185151333e-09,4140,30,0.8,0.2,best
DE,potencias,2,137,5.771242980799145e-10,4170,30,0.8,0.2,best
DE,potencias,2,138,5.771242980799145e-10,4200,30,0.8,0.2,best
DE,potencias,2,139,5.771242980799145e-10,4230,30,0.8,0.2,best
DE,potencias,2,140,5.771242980799145e-10,4260,30,0.8,0.2,best
DE,potencias,2,141,5.771242980799145e-10,4290,30,0.8,0.2,best
DE,potencias,2,142,4.508545286505311e-10,4320,30,0.8,0.2,best
DE,potencias,2,143,4.508545286505311e-10,4350,30,0.8,0.2,best
DE,potencias,2,144,1.2539369816830005e-10,4380,30,0.8,0.2,best
DE,potencias,2,145,1.1737405315201523e-10,4410,30,0.8,0.2,best
DE,potencias,2,146,1.1194036714769978e-10,4440,30,0.8,0.2,best
DE,potencias,2,147,1.1194036714769978e-10,4470,30,0.8,0.2,best
DE,potencias,2,148,1.1194036714769978e-10,4500,30,0.8,0.2,best
DE,potencias,2,149,1.1194036714769978e-10,4530,30,0.8,0.2,best
DE,potencias,2,150,1.1194036714769978e-10,4560,30,0.8,0.2,best
DE,potencias,2,151,1.1184287145067887e-10,4590,30,0.8,0.2,best
DE,potencias,2,152,2.6424106573317202e-11,4620,30,0.8,0.2,best
DE,potencias,2,153,2.6424106573317202e-11,4650,30,0.8,0.2,best
DE,potencias,2,154,2.6424106573317202e-11,4680,30,0.8,0.2,best
DE,potencias,2,155,2.6424106573317202e-11,4710,30,0.8,0.2,best
DE,potencias,2,156,2.6424106573317202e-11,4740,30,0.8,0.2,best
DE,potencias,2,157,2.6424106573317202e-11,4770,30,0.8,0.2,best
DE,potencias,2,158,2.6424106573317202e-11,4800,30,0.8,0.2,best
DE,potencias,2,159,2.6220234247401585e-11,4830,30,0.8,0.2,best
DE,potencias,2,160,2.0012450979303014e-11,4860,30,0.8,0.2,best
DE,potencias,2,161,2.0012450979303014e-11,4890,30,0.8,0.2,best
DE,potencias,2,162,1.832105111381465e-11,4920,30,0.8,0.2,best
DE,potencias,2,163,1.521098813392833e-11,4950,30,0.8,0.2,best
DE,potencias,2,164,1.521098813392833e-11,4980,30,0.8,0.2,best
DE,potencias,2,165,2.1863393198966173e-12,5010,30,0.8,0.2,best
DE,potencias,2,166,2.1863393198966173e-12,5040,30,0.8,0.2,best
DE,potencias,2,167,1.6360107874920593e-12,5070,30,0.8,0.2,best
DE,potencias,2,168,1.4476013193376538e-12,5100,30,0.8,0.2,best
DE,potencias,2,169,1.4476013193376538e-12,5130,30,0.8,0.2,best
DE,potencias,2,170,1.4476013193376538e-12,5160,30,0.8,0.2,best
DE,potencias,2,171,1.4476013193376538e-12,5190,30,0.8,0.2,best
DE,potencias,2,172,1.4473737593929275e-12,5220,30,0.8,0.2,best
DE,potencias,2,173,1.4473737593929275e-12,5250,30,0.8,0.2,best
DE,potencias,2,174,9.98019770890094e-13,5280,30,0.8,0.2,best
DE,potencias,2,175,9.98019770890094e-13,5310,30,0.8,0.2,best
DE,potencias,2,176,8.248556232186015e-13,5340,30,0.8,0.2,best
DE,potencias,2,177,8.248556232186015e-13,5370,30,0.8,0.2,best
DE,potencias,2,178,6.591758112248413e-13,5400,30,0.8,0.2,best
DE,potencias,2,179,3.397697205765988e-13,5430,30,0.8,0.2,best
DE,potencias,2,180,3.1436175074229386e-13,5460,30,0.8,0.2,best
DE,potencias,2,181,3.1436175074229386e-13,5490,30,0.8,0.2,best
DE,potencias,2,182,2.7646033843586723e-13,5520,30,0.8,0.2,best
DE,potencias,2,183,2.4404564858696137e-13,5550,30,0.8,0.2,best
DE,potencias,2,184,4.6203905261041065e-14,5580,30,0.8,0.2,best
DE,potencias,2,185,4.6203905261041065e-14,5610,30,0.8,0.2,best
DE,potencias,2,186,4.6203905261041065e-14,5640,30,0.8,0.2,best
DE,potencias,2,187,4.6203905261041065e-14,5670,30,0.8,0.2,best
DE,potencias,2,188,4.6203905261041065e-14,5700,30,0.8,0.2,best
DE,potencias,2,189,2.5114766068403057e-14,5730,30,0.8,0.2,best
DE,potencias,2,190,1.0728526566377772e-14,5760,30,0.8,0.2,best
DE,potencias,2,191,1.0728526566377772e-14,5790,30,0.8,0.2,best
DE,potencias,2,192,1.0728526566377772e-14,5820,30,0.8,0.2,best
DE,potencias,2,193,7.518718709135178e-15,5850,30,0.8,0.2,best
DE,potencias,2,194,7.518642023285062e-15,5880,30,0.8,0.2,best
DE,potencias,2,195,7.518642023285062e-15,5910,30,0.8,0.2,best
DE,potencias,2,196,7.518642023285062e-15,5940,30,0.8,0.2,best
DE,potencias,2,197,7.518642023285062e-15,5970,30,0.8,0.2,best
DE,potencias,2,198,7.518642023285062e-15,6000,30,0.8,0.2,best
DE,potencias,2,199,4.5146427662364896e-15,6030,30,0.8,0.2,best
DE,potencias,2,200,4.5146427662364896e-15,6060,30,0.8,0.2,best
DE,potencias,2,201,3.5746510381099354e-15,6090,30,0.8,0.2,best
DE,potencias,2,202,3.5746510381099354e-15,6120,30,0.8,0.2,best
DE,potencias,2,203,3.5746510381099354e-15,6150,30,0.8,0.2,best
DE,potencias,2,204,1.961513733271433e-15,6180,30,0.8,0.2,best
DE,potencias,2,205,1.961513733271433e-15,6210,30,0.8,0.2,best
DE,potencias,2,206,1.5965509490526849e-15,6240,30,0.8,0.2,best
DE,potencias,2,207,1.5965509490526849e-15,6270,30,0.8,0.2,best
DE,potencias,2,208,9.013669550507567e-16,6300,30,0.8,0.2,best
DE,potencias,2,209,9.013669550507567e-16,6330,30,0.8,0.2,best
DE,potencias,2,210,9.013669550507567e-16,6360,30,0.8,0.2,best
DE,potencias,2,211,3.7333638734849673e-16,6390,30,0.8,0.2,best
DE,potencias,2,212,3.4949087862125334e-16,6420,30,0.8,0.2,best
DE,potencias,2,213,3.3177696933955144e-16,6450,30,0.8,0.2,best
DE,potencias,2,214,2.5985974602544137e-16,6480,30,0.8,0.2,best
DE,potencias,2,215,2.5985974602544137e-16,6510,30,0.8,0.2,best
DE,potencias,2,216,2.5985974602544137e-16,6540,30,0.8,0.2,best
DE,potencias,2,217,2.5985974602544137e-16,6570,30,0.8,0.2,best
DE,potencias,2,218,1.6871286553361661e-16,6600,30,0.8,0.2,best
DE,potencias,2,219,1.6871286553361661e-16,6630,30,0.8,0.2,best
DE,potencias,2,220,1.6871286553361661e-16,6660,30,0.8,0.2,best
DE,potencias,2,221,1.6422932056735116e-16,6690,30,0.8,0.2,best
DE,potencias,2,222,1.4126264288602878e-16,6720,30,0.8,0.2,best
DE,potencias,2,223,1.4126264288602878e-16,6750,30,0.8,0.2,best
DE,potencias,2,224,1.300026005208093e-16,6780,30,0.8,0.2,best
DE,potencias,2,225,6.666530565387945e-17,6810,30,0.8,0.2,best
DE,potencias,2,226,6.666530565387945e-17,6840,30,0.8,0.2,best
DE,potencias,2,227,4.403627393458389e-17,6870,30,0.8,0.2,best
DE,potencias,2,228,3.8735041493331524e-17,6900,30,0.8,0.2,best
DE,potencias,2,229,3.8735041493331524e-17,6930,30,0.8,0.2,best
DE,potencias,2,230,2.7958793055660215e-17,6960,30,0.8,0.2,best
DE,potencias,2,231,2.7958792908409904e-17,6990,30,0.8,0.2,best
DE,potencias,2,232,2.9442161053975986e-18,7020,30,0.8,0.2,best
DE,potencias,2,233,2.9442161053975986e-18,7050,30,0.8,0.2,best
DE,potencias,2,234,2.9280824351134965e-18,7080,30,0.8,0.2,best
DE,potencias,2,235,1.9685825713923804e-18,7110,30,0.8,0.2,best
DE,potencias,2,236,1.9685825713923804e-18,7140,30,0.8,0.2,best
DE,potencias,2,237,1.9685825713923804e-18,7170,30,0.8,0.2,best
DE,potencias,2,238,1.9685825713923804e-18,7200,30,0.8,0.2,best
DE,potencias,2,239,1.7485544470197437e-18,7230,30,0.8,0.2,best
DE,potencias,2,240,1.7485544470197437e-18,7260,30,0.8,0.2,best
DE,potencias,2,241,1.7485544470197437e-18,7290,30,0.8,0.2,best
DE,potencias,2,242,1.2271916602693632e-18,7320,30,0.8,0.2,best
DE,potencias,2,243,1.2271916602693632e-18,7350,30,0.8,0.2,best
DE,potencias,2,244,1.2271916602693632e-18,7380,30,0.8,0.2,best
DE,potencias,2,245,1.2024042618905552e-18,7410,30,0.8,0.2,best
DE,potencias,2,246,1.2024042618905552e-18,7440,30,0.8,0.2,best
DE,potencias,2,247,1.2024042618905552e-18,7470,30,0.8,0.2,best
DE,potencias,2,248,1.2024042618905552e-18,7500,30,0.8,0.2,best
DE,potencias,2,249,1.1719849710158594e-18,7530,30,0.8,0.2,best
DE,potencias,2,250,4.1807133373773366e-19,7560,30,0.8,0.2,best
DE,potencias,2,251,4.1807133373773366e-19,7590,30,0.8,0.2,best
DE,potencias,2,252,3.978866121991643e-19,7620,30,0.8,0.2,best
DE,potencias,2,253,3.978866121991643e-19,7650,30,0.8,0.2,best
DE,potencias,2,254,1.2206860280526211e-19,7680,30,0.8,0.2,best
DE,potencias,2,255,1.2082931361839807e-19,7710,30,0.8,0.2,best
DE,potencias,2,256,1.2082931361839807e-19,7740,30,0.8,0.2,best
DE,potencias,2,257,1.2082931361839807e-19,7770,30,0.8,0.2,best
DE,potencias,2,258,7.228730876606037e-20,7800,30,0.8,0.2,best
DE,potencias,2,259,7.228730876606037e-20,7830,30,0.8,0.2,best
DE,potencias,2,260,7.228730876606037e-20,7860,30,0.8,0.2,best
DE,potencias,2,261,7.228730876606037e-20,7890,30,0.8,0.2,best
DE,potencias,2,262,5.2514231390348484e-20,7920,30,0.8,0.2,best
DE,potencias,2,263,5.2514231390348484e-20,7950,30,0.8,0.2,best
DE,potencias,2,264,5.2514231390348484e-20,7980,30,0.8,0.2,best
DE,potencias,2,265,5.2514231390348484e-20,8010,30,0.8,0.2,best
DE,potencias,2,266,3.1211842319106234e-20,8040,30,0.8,0.2,best
DE,potencias,2,267,3.1211842319106234e-20,8070,30,0.8,0.2,best
DE,potencias,2,268,3.1211842319106234e-20,8100,30,0.8,0.2,best
DE,potencias,2,269,3.1211842319106234e-20,8130,30,0.8,0.2,best
DE,potencias,2,270,2.282898168708104e-20,8160,30,0.8,0.2,best
DE,potencias,2,271,2.282898168708104e-20,8190,30,0.8,0.2,best
DE,potencias,2,272,3.2168621591124545e-21,8220,30,0.8,0.2,best
DE,potencias,2,273,3.2168621591124545e-21,8250,30,0.8,0.2,best
DE,potencias,2,274,3.1494812694470117e-21,8280,30,0.8,0.2,best
DE,potencias,2,275,2.4835450308116597e-21,8310,30,0.8,0.2,best
DE,potencias,2,276,2.4835450308116597e-21,8340,30,0.8,0.2,best
DE,potencias,2,277,2.4835450308116597e-21,8370,30,0.8,0.2,best
DE,potencias,2,278,1.4296150781230149e-21,8400,30,0.8,0.2,best
DE,potencias,2,279,1.4144656103989767e-21,8430,30,0.8,0.2,best
DE,potencias,2,280,1.4144656103989767e-21,8460,30,0.8,0.2,best
DE,potencias,2,281,2.6602828631572486e-23,8490,30,0.8,0.2,best
DE,potencias,2,282,2.6602828631572486e-23,8520,30,0.8,0.2,best
DE,potencias,2,283,2.6602828631572486e-23,8550,30,0.8,0.2,best
DE,potencias,2,284,2.6602828631572486e-23,8580,30,0.8,0.2,best
DE,potencias,2,285,2.6602828631572486e-23,8610,30,0.8,0.2,best
DE,potencias,2,286,5.469650564938277e-24,8640,30,0.8,0.2,best
DE,potencias,2,287,5.469650564938277e-24,8670,30,0.8,0.2,best
DE,potencias,2,288,5.469650564938277e-24,8700,30,0.8,0.2,best
DE,potencias,2,289,5.469650564938277e-24,8730,30,0.8,0.2,best
DE,potencias,2,290,5.469650564938277e-24,8760,30,0.8,0.2,best
DE,potencias,2,291,5.469650564938277e-24,8790,30,0.8,0.2,best
DE,potencias,2,292,5.469650564938277e-24,8820,30,0.8,0.2,best
DE,potencias,2,293,5.469650564938277e-24,8850,30,0.8,0.2,best
DE,potencias,2,294,5.469650564938277e-24,8880,30,0.8,0.2,best
DE,potencias,2,295,5.469650564938277e-24,8910,30,0.8,0.2,best
DE,potencias,2,296,5.469650564938277e-24,8940,30,0.8,0.2,best
DE,potencias,2,297,5.469650564938277e-24,8970,30,0.8,0.2,best
DE,potencias,2,298,5.469641437272847e-24,9000,30,0.8,0.2,best
DE,potencias,2,299,1.905030050243383e-24,9030,30,0.8,0.2,best
DE,potencias,2,300,1.905030050243383e-24,9060,30,0.8,0.2,best
DE,potencias,2,301,1.905030050243383e-24,9090,30,0.8,0.2,best
DE,potencias,2,302,1.905030050243383e-24,9120,30,0.8,0.2,best
DE,potencias,2,303,1.8400621306148153e-24,9150,30,0.8,0.2,best
DE,potencias,2,304,1.2591665176088599e-24,9180,30,0.8,0.2,best
DE,potencias,2,305,1.2591665176088599e-24,9210,30,0.8,0.2,best
DE,potencias,2,306,1.2591665176088599e-24,9240,30,0.8,0.2,best
DE,potencias,2,307,1.2591665176088599e-24,9270,30,0.8,0.2,best
DE,potencias,2,308,3.939349253458281e-25,9300,30,0.8,0.2,best
DE,potencias,2,309,3.939349253458281e-25,9330,30,0.8,0.2,best
DE,potencias,2,310,3.939349253458281e-25,9360,30,0.8,0.2,best
DE,potencias,2,311,3.939349253458281e-25,9390,30,0.8,0.2,best
DE,potencias,2,312,3.939349253458281e-25,9420,30,0.8,0.2,best
DE,potencias,2,313,3.939349253458281e-25,9450,30,0.8,0.2,best
DE,potencias,2,314,3.939349253458281e-25,9480,30,0.8,0.2,best
DE,potencias,2,315,3.939349253458281e-25,9510,30,0.8,0.2,best
DE,potencias,2,316,2.9434548507132814e-25,9540,30,0.8,0.2,best
DE,potencias,2,317,2.6977096187163657e-25,9570,30,0.8,0.2,best
DE,potencias,2,318,2.6977096187163657e-25,9600,30,0.8,0.2,best
DE,potencias,2,319,2.6977096187163657e-25,9630,30,0.8,0.2,best
DE,potencias,2,320,2.5345816057252584e-25,9660,30,0.8,0.2,best
DE,potencias,2,321,2.5345816057252584e-25,9690,30,0.8,0.2,best
DE,potencias,2,322,2.5345816057252584e-25,9720,30,0.8,0.2,best
DE,potencias,2,323,2.5345816057252584e-25,9750,30,0.8,0.2,best
DE,potencias,2,324,1.6006637218703047e-25,9780,30,0.8,0.2,best
DE,potencias,2,325,1.6006637218703047e-25,9810,30,0.8,0.2,best
DE,potencias,2,326,1.55901492191997e-25,9840,30,0.8,0.2,best
DE,potencias,2,327,1.0680497684580326e-25,9870,30,0.8,0.2,best
DE,potencias,2,328,1.4288949332094969e-26,9900,30,0.8,0.2,best
DE,potencias,2,329,1.4288949332094969e-26,9930,30,0.8,0.2,best
DE,potencias,2,330,1.4288949332094969e-26,9960,30,0.8,0.2,best
DE,potencias,2,331,1.4288949332094969e-26,9990,30,0.8,0.2,best
DE,potencias,2,332,1.4288949332094969e-26,10020,30,0.8,0.2,best
DE,potencias,2,333,1.4288949332094969e-26,10050,30,0.8,0.2,best
DE,potencias,2,334,1.4288949332094969e-26,10080,30,0.8,0.2,best
DE,potencias,2,335,1.307490209580377e-26,10110,30,0.8,0.2,best
DE,potencias,2,336,1.307490209580377e-26,10140,30,0.8,0.2,best
DE,potencias,2,337,1.0966424850442223e-26,10170,30,0.8,0.2,best
DE,potencias,2,338,1.0966424850442223e-26,10200,30,0.8,0.2,best
DE,potencias,2,339,1.0966424850442223e-26,10230,30,0.8,0.2,best
DE,potencias,2,340,6.0168460725748185e-27,10260,30,0.8,0.2,best
DE,potencias,2,341,5.890079047731889e-27,10290,30,0.8,0.2,best
DE,potencias,2,342,5.890079047731889e-27,10320,30,0.8,0.2,best
DE,potencias,2,343,1.2787719785579044e-27,10350,30,0.8,0.2,best
DE,potencias,2,344,1.2787719785579044e-27,10380,30,0.8,0.2,best
DE,potencias,2,345,1.2787719785579044e-27,10410,30,0.8,0.2,best
DE,potencias,2,346,1.2787719785579044e-27,10440,30,0.8,0.2,best
DE,potencias,2,347,1.2787719785579044e-27,10470,30,0.8,0.2,best
DE,potencias,2,348,1.2225352638798955e-27,10500,30,0.8,0.2,best
DE,potencias,2,349,1.2225352638798955e-27,10530,30,0.8,0.2,best
DE,potencias,2,350,1.2225352638798955e-27,10560,30,0.8,0.2,best
DE,potencias,2,351,1.21303481891891e-27,10590,30,0.8,0.2,best
DE,potencias,2,352,1.141368993396109e-27,10620,30,0.8,0.2,best
DE,potencias,2,353,9.20410647939914e-28,10650,30,0.8,0.2,best
DE,potencias,2,354,9.20410647939914e-28,10680,30,0.8,0.2,best
DE,potencias,2,355,6.359914118652271e-28,10710,30,0.8,0.2,best
DE,potencias,2,356,6.359914118652271e-28,10740,30,0.8,0.2,best
DE,potencias,2,357,6.377145803024923e-29,10770,30,0.8,0.2,best
DE,potencias,2,358,6.377145803024923e-29,10800,30,0.8,0.2,best
DE,potencias,2,359,6.377145803024923e-29,10830,30,0.8,0.2,best
DE,potencias,2,360,6.377145803024923e-29,10860,30,0.8,0.2,best
DE,potencias,2,361,6.377145803024923e-29,10890,30,0.8,0.2,best
DE,potencias,2,362,6.377145803024923e-29,10920,30,0.8,0.2,best
DE,potencias,2,363,6.377145803024923e-29,10950,30,0.8,0.2,best
DE,potencias,2,364,6.377145803024923e-29,10980,30,0.8,0.2,best
DE,potencias,2,365,6.377145803024923e-29,11010,30,0.8,0.2,best
DE,potencias,2,366,6.377145803024923e-29,11040,30,0.8,0.2,best
DE,potencias,2,367,6.372181312231292e-29,11070,30,0.8,0.2,best
DE,potencias,2,368,5.942724708215797e-29,11100,30,0.8,0.2,best
DE,potencias,2,369,4.111569502460135e-29,11130,30,0.8,0.2,best
DE,potencias,2,370,3.9929068910056976e-29,11160,30,0.8,0.2,best
DE,potencias,2,371,1.6650980145589244e-29,11190,30,0.8,0.2,best
DE,potencias,2,372,1.6650980145589244e-29,11220,30,0.8,0.2,best
DE,potencias,2,373,1.6650980145589244e-29,11250,30,0.8,0.2,best
DE,potencias,2,374,2.6447192086304753e-30,11280,30,0.8,0.2,best
DE,potencias,2,375,2.6447192086304753e-30,11310,30,0.8,0.2,best
DE,potencias,2,376,2.6447192086304753e-30,11340,30,0.8,0.2,best
DE,potencias,2,377,2.6447192086304753e-30,11370,30,0.8,0.2,best
DE,potencias,2,378,2.6427401411479287e-30,11400,30,0.8,0.2,best
DE,potencias,2,379,2.6427401411479287e-30,11430,30,0.8,0.2,best
DE,potencias,2,380,2.6427401411479287e-30,11460,30,0.8,0.2,best
DE,potencias,2,381,2.6427401411479287e-30,11490,30,0.8,0.2,best
DE,potencias,2,382,2.6427401411479287e-30,11520,30,0.8,0.2,best
DE,potencias,2,383,2.6427401411479287e-30,11550,30,0.8,0.2,best
DE,potencias,2,384,1.9791929429521468e-30,11580,30,0.8,0.2,best
DE,potencias,2,385,1.9791929429521468e-30,11610,30,0.8,0.2,best
DE,potencias,2,386,1.3661739681958922e-30,11640,30,0.8,0.2,best
DE,potencias,2,387,9.88917799723883e-31,11670,30,0.8,0.2,best
DE,potencias,2,388,9.88917799723883e-31,11700,30,0.8,0.2,best
DE,potencias,2,389,8.794017662653503e-31,11730,30,0.8,0.2,best
DE,potencias,2,390,8.650133537700366e-31,11760,30,0.8,0.2,best
DE,potencias,2,391,8.650133537700366e-31,11790,30,0.8,0.2,best
DE,potencias,2,392,8.650133537700366e-31,11820,30,0.8,0.2,best
DE,potencias,2,393,5.064574465770231e-31,11850,30,0.8,0.2,best
DE,potencias,2,394,5.064574465770231e-31,11880,30,0.8,0.2,best
DE,potencias,2,395,1.78385017422911e-31,11910,30,0.8,0.2,best
DE,potencias,2,396,8.771902463566443e-32,11940,30,0.8,0.2,best
DE,potencias,2,397,8.771902463566443e-32,11970,30,0.8,0.2,best
DE,potencias,2,398,8.771902463566443e-32,12000,30,0.8,0.2,best
DE,potencias,2,399,8.771902463566443e-32,12030,30,0.8,0.2,best
DE,potencias,2,400,8.771902463566443e-32,12060,30,0.8,0.2,best
DE,potencias,2,401,8.771902463566443e-32,12090,30,0.8,0.2,best
DE,potencias,2,402,8.771902463566443e-32,12120,30,0.8,0.2,best
DE,potencias,2,403,1.105773247696607e-32,12150,30,0.8,0.2,best
DE,potencias,2,404,1.105773247696607e-32,12180,30,0.8,0.2,best
DE,potencias,2,405,1.105773247696607e-32,12210,30,0.8,0.2,best
DE,potencias,2,406,6.237663165038662e-33,12240,30,0.8,0.2,best
DE,potencias,2,407,6.237663165038662e-33,12270,30,0.8,0.2,best
DE,potencias,2,408,6.088721088937836e-33,12300,30,0.8,0.2,best
DE,potencias,2,409,1.857625751513606e-33,12330,30,0.8,0.2,best
DE,potencias,2,410,1.857625751513606e-33,12360,30,0.8,0.2,best
DE,potencias,2,411,1.857625751513606e-33,12390,30,0.8,0.2,best
DE,potencias,2,412,1.9837326474186534e-34,12420,30,0.8,0.2,best
DE,potencias,2,413,1.9837326474186534e-34,12450,30,0.8,0.2,best
DE,potencias,2,414,7.054228399146992e-35,12480,30,0.8,0.2,best
DE,potencias,2,415,7.054228399146992e-35,12510,30,0.8,0.2,best
DE,potencias,2,416,7.054228399146992e-35,12540,30,0.8,0.2,best
DE,potencias,2,417,7.054228399146992e-35,12570,30,0.8,0.2,best
DE,potencias,2,418,7.054228399146992e-35,12600,30,0.8,0.2,best
DE,potencias,2,419,7.054228399146992e-35,12630,30,0.8,0.2,best
DE,potencias,2,420,6.931866692764754e-35,12660,30,0.8,0.2,best
DE,potencias,2,421,6.140122757018944e-35,12690,30,0.8,0.2,best
DE,potencias,2,422,6.033624145061249e-36,12720,30,0.8,0.2,best
DE,potencias,2,423,6.033624145061249e-36,12750,30,0.8,0.2,best
DE,potencias,2,424,6.033624145061249e-36,12780,30,0.8,0.2,best
DE,potencias,2,425,3.010262058428929e-36,12810,30,0.8,0.2,best
DE,potencias,2,426,3.010262058428929e-36,12840,30,0.8,0.2,best
DE,potencias,2,427,6.465991415228336e-37,12870,30,0.8,0.2,best
DE,potencias,2,428,6.465991415228336e-37,12900,30,0.8,0.2,best
DE,potencias,2,429,6.465991415228336e-37,12930,30,0.8,0.2,best
DE,potencias,2,430,6.465991415228336e-37,12960,30,0.8,0.2,best
DE,potencias,2,431,6.465991415228336e-37,12990,30,0.8,0.2,best
DE,potencias,2,432,6.465991415228336e-37,13020,30,0.8,0.2,best
DE,potencias,2,433,6.465991415228336e-37,13050,30,0.8,0.2,best
DE,potencias,2,434,6.465991415228336e-37,13080,30,0.8,0.2,best
DE,potencias,2,435,6.465991415228336e-37,13110,30,0.8,0.2,best
DE,potencias,2,436,6.465991415228336e-37,13140,30,0.8,0.2,best
DE,potencias,2,437,6.465991415228336e-37,13170,30,0.8,0.2,best
DE,potencias,2,438,6.465991415228336e-37,13200,30,0.8,0.2,best
DE,potencias,2,439,2.577815971605098e-37,13230,30,0.8,0.2,best
DE,potencias,2,440,2.577815971605098e-37,13260,30,0.8,0.2,best
DE,potencias,2,441,2.5329888627026794e-37,13290,30,0.8,0.2,best
DE,potencias,2,442,2.5329888627026794e-37,13320,30,0.8,0.2,best
DE,potencias,2,443,2.5237690228648895e-37,13350,30,0.8,0.2,best
DE,potencias,2,444,2.5237690228648895e-37,13380,30,0.8,0.2,best
DE,potencias,2,445,1.0353370482094203e-37,13410,30,0.8,0.2,best
DE,potencias,2,446,1.0353370482094203e-37,13440,30,0.8,0.2,best
DE,potencias,2,447,1.0353370482094203e-37,13470,30,0.8,0.2,best
DE,potencias,2,448,1.0353370482094203e-37,13500,30,0.8,0.2,best
DE,potencias,2,449,6.959921689261899e-38,13530,30,0.8,0.2,best
DE,potencias,2,450,6.959921689261899e-38,13560,30,0.8,0.2,best
DE,potencias,2,451,6.959921689261899e-38,13590,30,0.8,0.2,best
DE,potencias,2,452,6.959921689261899e-38,13620,30,0.8,0.2,best
DE,potencias,2,453,1.5411315696375036e-38,13650,30,0.8,0.2,best
DE,potencias,2,454,1.5411315696375036e-38,13680,30,0.8,0.2,best
DE,potencias,2,455,1.5411315696375036e-38,13710,30,0.8,0.2,best
DE,potencias,2,456,1.5411315696375036e-38,13740,30,0.8,0.2,best
DE,potencias,2,457,1.5411315696375036e-38,13770,30,0.8,0.2,best
DE,potencias,2,458,1.5411315696375036e-38,13800,30,0.8,0.2,best
DE,potencias,2,459,1.5411315696375036e-38,13830,30,0.8,0.2,best
DE,potencias,2,460,4.674044819414462e-39,13860,30,0.8,0.2,best
DE,potencias,2,461,4.674044819414462e-39,13890,30,0.8,0.2,best
DE,potencias,2,462,4.674044819414462e-39,13920,30,0.8,0.2,best
DE,potencias,2,463,4.674044819414462e-39,13950,30,0.8,0.2,best
DE,potencias,2,464,4.674044819414462e-39,13980,30,0.8,0.2,best
DE,potencias,2,465,4.674044819414462e-39,14010,30,0.8,0.2,best
DE,potencias,2,466,4.674044819414462e-39,14040,30,0.8,0.2,best
DE,potencias,2,467,3.543078259810911e-39,14070,30,0.8,0.2,best
DE,potencias,2,468,3.6486621170140953e-40,14100,30,0.8,0.2,best
DE,potencias,2,469,3.6486621170140953e-40,14130,30,0.8,0.2,best
DE,potencias,2,470,3.6486621170140953e-40,14160,30,0.8,0.2,best
DE,potencias,2,471,3.6486621170140953e-40,14190,30,0.8,0.2,best
DE,potencias,2,472,3.6486621170140953e-40,14220,30,0.8,0.2,best
DE,potencias,2,473,2.4996622902872965e-40,14250,30,0.8,0.2,best
DE,potencias,2,474,2.4010347703836826e-40,14280,30,0.8,0.2,best
DE,potencias,2,475,1.4774604184527968e-40,14310,30,0.8,0.2,best
DE,potencias,2,476,4.2387012726109765e-41,14340,30,0.8,0.2,best
DE,potencias,2,477,4.2387012726109765e-41,14370,30,0.8,0.2,best
DE,potencias,2,478,8.133399451401688e-42,14400,30,0.8,0.2,best
DE,potencias,2,479,8.133399451401688e-42,14430,30,0.8,0.2,best
DE,potencias,2,480,8.133399451401688e-42,14460,30,0.8,0.2,best
DE,potencias,2,481,8.133399451401688e-42,14490,30,0.8,0.2,best
DE,potencias,2,482,2.1257006116522716e-43,14520,30,0.8,0.2,best
DE,potencias,2,483,2.1257006116522716e-43,14550,30,0.8,0.2,best
DE,potencias,2,484,2.1257006116522716e-43,14580,30,0.8,0.2,best
DE,potencias,2,485,2.1257006116522716e-43,14610,30,0.8,0.2,best
DE,potencias,2,486,2.1257006116522716e-43,14640,30,0.8,0.2,best
DE,potencias,2,487,2.1257006116522716e-43,14670,30,0.8,0.2,best
DE,potencias,2,488,2.1257006116522716e-43,14700,30,0.8,0.2,best
DE,potencias,2,489,2.1257006116522716e-43,14730,30,0.8,0.2,best
DE,potencias,2,490,2.1257006116522716e-43,14760,30,0.8,0.2,best
DE,potencias,2,491,2.1257006116522716e-43,14790,30,0.8,0.2,best
DE,potencias,2,492,2.1257006116522716e-43,14820,30,0.8,0.2,best
DE,potencias,2,493,8.445964186010243e-44,14850,30,0.8,0.2,best
DE,potencias,2,494,8.445964186010243e-44,14880,30,0.8,0.2,best
DE,potencias,2,495,8.445964186010243e-44,14910,30,0.8,0.2,best
DE,potencias,2,496,8.445964186010243e-44,14940,30,0.8,0.2,best
DE,potencias,2,497,8.445964186010243e-44,14970,30,0.8,0.2,best
DE,potencias,2,498,5.380292088330532e-44,15000,30,0.8,0.2,best
DE,potencias,2,499,5.380292088330532e-44,15030,30,0.8,0.2,best
DE,potencias,2,500,3.2846408909889643e-44,15060,30,0.8,0.2,best
DE,potencias,2,501,3.2846408909889643e-44,15090,30,0.8,0.2,best
DE,potencias,2,502,2.069894580024422e-44,15120,30,0.8,0.2,best
DE,potencias,2,503,5.422749445781941e-45,15150,30,0.8,0.2,best
DE,potencias,2,504,5.422749445781941e-45,15180,30,0.8,0.2,best
DE,potencias,2,505,5.422749445781941e-45,15210,30,0.8,0.2,best
DE,potencias,2,506,5.422749445781941e-45,15240,30,0.8,0.2,best
DE,potencias,2,507,5.354121349357763e-45,15270,30,0.8,0.2,best
DE,potencias,2,508,5.354121349357763e-45,15300,30,0.8,0.2,best
DE,potencias,2,509,4.7380693846326194e-45,15330,30,0.8,0.2,best
DE,potencias,2,510,1.345278781503439e-45,15360,30,0.8,0.2,best
DE,potencias,2,511,1.345278781503439e-45,15390,30,0.8,0.2,best
DE,potencias,2,512,1.345278781503439e-45,15420,30,0.8,0.2,best
DE,potencias,2,513,1.345278253451971e-45,15450,30,0.8,0.2,best
DE,potencias,2,514,8.476937366847745e-46,15480,30,0.8,0.2,best
DE,potencias,2,515,7.202951172767141e-46,15510,30,0.8,0.2,best
DE,potencias,2,516,5.4542462306131135e-46,15540,30,0.8,0.2,best
DE,potencias,2,517,5.4542462306131135e-46,15570,30,0.8,0.2,best
DE,potencias,2,518,5.4542462306131135e-46,15600,30,0.8,0.2,best
DE,potencias,2,519,2.7955596137975263e-46,15630,30,0.8,0.2,best
DE,potencias,2,520,2.301816445872135e-46,15660,30,0.8,0.2,best
DE,potencias,2,521,1.5677729921607537e-46,15690,30,0.8,0.2,best
DE,potencias,2,522,1.5677729921607537e-46,15720,30,0.8,0.2,best
DE,potencias,2,523,1.5677729921607537e-46,15750,30,0.8,0.2,best
DE,potencias,2,524,9.916679302105606e-47,15780,30,0.8,0.2,best
DE,potencias,2,525,9.916679302105606e-47,15810,30,0.8,0.2,best
DE,potencias,2,526,1.0304489220118675e-47,15840,30,0.8,0.2,best
DE,potencias,2,527,7.821159627099584e-48,15870,30,0.8,0.2,best
DE,potencias,2,528,7.821159627099584e-48,15900,30,0.8,0.2,best
DE,potencias,2,529,1.1207162026106927e-48,15930,30,0.8,0.2,best
DE,potencias,2,530,1.1207162026106927e-48,15960,30,0.8,0.2,best
DE,potencias,2,531,3.683990587042313e-49,15990,30,0.8,0.2,best
DE,potencias,2,532,3.683990587042313e-49,16020,30,0.8,0.2,best
DE,potencias,2,533,3.683990587042313e-49,16050,30,0.8,0.2,best
DE,potencias,2,534,3.683990587042313e-49,16080,30,0.8,0.2,best
DE,potencias,2,535,3.683990587042313e-49,16110,30,0.8,0.2,best
DE,potencias,2,536,5.644476170414152e-51,16140,30,0.8,0.2,best
DE,potencias,2,537,5.644476170414152e-51,16170,30,0.8,0.2,best
DE,potencias,2,538,5.644476170414152e-51,16200,30,0.8,0.2,best
DE,potencias,2,539,5.644476170414152e-51,16230,30,0.8,0.2,best
DE,potencias,2,540,5.644476170414152e-51,16260,30,0.8,0.2,best
DE,potencias,2,541,5.644476170414152e-51,16290,30,0.8,0.2,best
DE,potencias,2,542,5.644476170414152e-51,16320,30,0.8,0.2,best
DE,potencias,2,543,5.644476170414152e-51,16350,30,0.8,0.2,best
DE,potencias,2,544,5.644476170414152e-51,16380,30,0.8,0.2,best
DE,potencias,2,545,5.644476170414152e-51,16410,30,0.8,0.2,best
DE,potencias,2,546,5.644476170414152e-51,16440,30,0.8,0.2,best
DE,potencias,2,547,5.644476170414152e-51,16470,30,0.8,0.2,best
DE,potencias,2,548,5.644476170414152e-51,16500,30,0.8,0.2,best
DE,potencias,2,549,5.644476170414152e-51,16530,30,0.8,0.2,best
DE,potencias,2,550,5.644476170414152e-51,16560,30,0.8,0.2,best
DE,potencias,2,551,5.644476170414152e-51,16590,30,0.8,0.2,best
DE,potencias,2,552,5.644476170414152e-51,16620,30,0.8,0.2,best
DE,potencias,2,553,4.1808709797044265e-51,16650,30,0.8,0.2,best
DE,potencias,2,554,4.1808709797044265e-51,16680,30,0.8,0.2,best
DE,potencias,2,555,4.1808709797044265e-51,16710,30,0.8,0.2,best
DE,potencias,2,556,1.2239280151495866e-51,16740,30,0.8,0.2,best
DE,potencias,2,557,7.898828585444243e-52,16770,30,0.8,0.2,best
DE,potencias,2,558,2.5287918676914913e-53,16800,30,0.8,0.2,best
DE,potencias,2,559,2.5287918676914913e-53,16830,30,0.8,0.2,best
DE,potencias,2,560,1.0705131774353152e-53,16860,30,0.8,0.2,best
DE,potencias,2,561,1.0705131774353152e-53,16890,30,0.8,0.2,best
DE,potencias,2,562,1.0705131774353152e-53,16920,30,0.8,0.2,best
DE,potencias,2,563,1.0705131774353152e-53,16950,30,0.8,0.2,best
DE,potencias,2,564,2.0840117579905646e-54,16980,30,0.8,0.2,best
DE,potencias,2,565,2.0840117579905646e-54,17010,30,0.8,0.2,best
DE,potencias,2,566,2.0840117579905646e-54,17040,30,0.8,0.2,best
DE,potencias,2,567,2.0820892919134718e-54,17070,30,0.8,0.2,best
DE,potencias,2,568,2.0820892919134718e-54,17100,30,0.8,0.2,best
DE,potencias,2,569,2.0820892919134718e-54,17130,30,0.8,0.2,best
DE,potencias,2,570,2.0820892919134718e-54,17160,30,0.8,0.2,best
DE,potencias,2,571,2.0820892919134718e-54,17190,30,0.8,0.2,best
DE,potencias,2,572,6.67401948845842e-55,17220,30,0.8,0.2,best
DE,potencias,2,573,6.595872531937006e-55,17250,30,0.8,0.2,best
DE,potencias,2,574,1.2857499821160202e-56,17280,30,0.8,0.2,best
DE,potencias,2,575,1.2857499821160202e-56,17310,30,0.8,0.2,best
DE,potencias,2,576,1.2857499821160202e-56,17340,30,0.8,0.2,best
DE,potencias,2,577,1.2857499821160202e-56,17370,30,0.8,0.2,best
DE,potencias,2,578,1.2857499821160202e-56,17400,30,0.8,0.2,best
DE,potencias,2,579,6.052775516577368e-57,17430,30,0.8,0.2,best
DE,potencias,2,580,6.052775516577368e-57,17460,30,0.8,0.2,best
DE,potencias,2,581,1.5704273599407348e-57,17490,30,0.8,0.2,best
DE,potencias,2,582,1.5704273599407348e-57,17520,30,0.8,0.2,best
DE,potencias,2,583,1.5704273599407348e-57,17550,30,0.8,0.2,best
DE,potencias,2,584,1.5704273599407348e-57,17580,30,0.8,0.2,best
DE,potencias,2,585,1.5704273599407348e-57,17610,30,0.8,0.2,best
DE,potencias,2,586,1.5704273599407348e-57,17640,30,0.8,0.2,best
DE,potencias,2,587,1.5704273599407348e-57,17670,30,0.8,0.2,best
DE,potencias,2,588,1.5704273599407348e-57,17700,30,0.8,0.2,best
DE,potencias,2,589,1.5704273599407348e-57,17730,30,0.8,0.2,best
DE,potencias,2,590,1.5704273599407348e-57,17760,30,0.8,0.2,best
DE,potencias,2,591,1.4267111812874398e-59,17790,30,0.8,0.2,best
DE,potencias,2,592,1.4267111812874398e-59,17820,30,0.8,0.2,best
DE,potencias,2,593,1.4267111812874398e-59,17850,30,0.8,0.2,best
DE,potencias,2,594,1.4267111812874398e-59,17880,30,0.8,0.2,best
DE,potencias,2,595,1.4267111812874398e-59,17910,30,0.8,0.2,best
DE,potencias,2,596,1.4267111812874398e-59,17940,30,0.8,0.2,best
DE,potencias,2,597,1.4267111812874398e-59,17970,30,0.8,0.2,best
DE,potencias,2,598,1.4267111812874398e-59,18000,30,0.8,0.2,best
DE,potencias,2,599,1.4267111812874398e-59,18030,30,0.8,0.2,best
DE,potencias,2,600,1.4267108019636746e-59,18060,30,0.8,0.2,best
DE,potencias,2,601,1.4267108019636746e-59,18090,30,0.8,0.2,best
DE,potencias,2,602,3.641567972317802e-60,18120,30,0.8,0.2,best
DE,potencias,2,603,3.641567972317802e-60,18150,30,0.8,0.2,best
DE,potencias,2,604,2.2613029709204488e-60,18180,30,0.8,0.2,best
DE,potencias,2,605,2.2613029709204488e-60,18210,30,0.8,0.2,best
DE,potencias,2,606,2.2613029709204488e-60,18240,30,0.8,0.2,best
DE,potencias,2,607,2.2613029709204488e-60,18270,30,0.8,0.2,best
DE,potencias,2,608,1.6623961504776534e-60,18300,30,0.8,0.2,best
DE,potencias,2,609,8.731715521609497e-61,18330,30,0.8,0.2,best
DE,potencias,2,610,8.731715521609497e-61,18360,30,0.8,0.2,best
DE,potencias,2,611,8.731715521609497e-61,18390,30,0.8,0.2,best
DE,potencias,2,612,7.6026468869328695e-62,18420,30,0.8,0.2,best
DE,potencias,2,613,7.554457368709354e-62,18450,30,0.8,0.2,best
DE,potencias,2,614,7.554457368709354e-62,18480,30,0.8,0.2,best
DE,potencias,2,615,7.554457368709354e-62,18510,30,0.8,0.2,best
DE,potencias,2,616,1.2464990497164126e-63,18540,30,0.8,0.2,best
DE,potencias,2,617,1.2464990497164126e-63,18570,30,0.8,0.2,best
DE,potencias,2,618,1.2464990497164126e-63,18600,30,0.8,0.2,best
DE,potencias,2,619,1.2464990497164126e-63,18630,30,0.8,0.2,best
DE,potencias,2,620,1.2464990497164126e-63,18660,30,0.8,0.2,best
DE,potencias,2,621,1.2392220809314203e-63,18690,30,0.8,0.2,best
DE,potencias,2,622,1.2392220809314203e-63,18720,30,0.8,0.2,best
DE,potencias,2,623,1.2392220809314203e-63,18750,30,0.8,0.2,best
DE,potencias,2,624,1.2392220809314203e-63,18780,30,0.8,0.2,best
DE,potencias,2,625,6.94543452323407e-64,18810,30,0.8,0.2,best
DE,potencias,2,626,6.94543452323407e-64,18840,30,0.8,0.2,best
DE,potencias,2,627,4.32903681719039e-64,18870,30,0.8,0.2,best
DE,potencias,2,628,2.2230280615987215e-66,18900,30,0.8,0.2,best
DE,potencias,2,629,2.2230280615987215e-66,18930,30,0.8,0.2,best
DE,potencias,2,630,2.2230280615987215e-66,18960,30,0.8,0.2,best
DE,potencias,2,631,2.2230280615987215e-66,18990,30,0.8,0.2,best
DE,potencias,2,632,2.2230280615987215e-66,19020,30,0.8,0.2,best
DE,potencias,2,633,2.2230280615987215e-66,19050,30,0.8,0.2,best
DE,potencias,2,634,2.2230280615987215e-66,19080,30,0.8,0.2,best
DE,potencias,2,635,2.2230280615987215e-66,19110,30,0.8,0.2,best
DE,potencias,2,636,2.2230280615987215e-66,19140,30,0.8,0.2,best
DE,potencias,2,637,1.9103077111657764e-66,19170,30,0.8,0.2,best
DE,potencias,2,638,1.3325388543323784e-67,19200,30,0.8,0.2,best
DE,potencias,2,639,1.3325388543323784e-67,19230,30,0.8,0.2,best
DE,potencias,2,640,1.3325388543323784e-67,19260,30,0.8,0.2,best
DE,potencias,2,641,1.3325388543323784e-67,19290,30,0.8,0.2,best
DE,potencias,2,642,1.3325388543323784e-67,19320,30,0.8,0.2,best
DE,potencias,2,643,1.3325388543323784e-67,19350,30,0.8,0.2,best
DE,potencias,2,644,1.332535889089587e-67,19380,30,0.8,0.2,best
DE,potencias,2,645,1.332535889089587e-67,19410,30,0.8,0.2,best
DE,potencias,2,646,1.332535889089587e-67,19440,30,0.8,0.2,best
DE,potencias,2,647,4.29834444427027e-68,19470,30,0.8,0.2,best
DE,potencias,2,648,3.580703908102614e-68,19500,30,0.8,0.2,best
DE,potencias,2,649,1.382519277856145e-69,19530,30,0.8,0.2,best
DE,potencias,2,650,1.382519277856145e-69,19560,30,0.8,0.2,best
DE,potencias,2,651,7.254664220041766e-70,19590,30,0.8,0.2,best
DE,potencias,2,652,1.3465657627126222e-70,19620,30,0.8,0.2,best
DE,potencias,2,653,1.3465657627126222e-70,19650,30,0.8,0.2,best
DE,potencias,2,654,1.3465657627126222e-70,19680,30,0.8,0.2,best
DE,potencias,2,655,1.3465657627126222e-70,19710,30,0.8,0.2,best
DE,potencias,2,656,1.3465657627126222e-70,19740,30,0.8,0.2,best
DE,potencias,2,657,1.3465657627126222e-70,19770,30,0.8,0.2,best
DE,potencias,2,658,6.0857067009147545e-71,19800,30,0.8,0.2,best
DE,potencias,2,659,6.0857067009147545e-71,19830,30,0.8,0.2,best
DE,potencias,2,660,6.0857067009147545e-71,19860,30,0.8,0.2,best
DE,potencias,2,661,4.931751303367137e-71,19890,30,0.8,0.2,best
DE,potencias,2,662,4.931751303367137e-71,19920,30,0.8,0.2,best
DE,potencias,2,663,2.7759663314284223e-71,19950,30,0.8,0.2,best
DE,potencias,2,664,2.7759663314284223e-71,19980,30,0.8,0.2,best
DE,potencias,2,665,1.182637065246349e-71,20010,30,0.8,0.2,best
DE,potencias,2,666,1.182637065246349e-71,20040,30,0.8,0.2,best
DE,potencias,2,667,9.570880401025463e-72,20070,30,0.8,0.2,best
DE,potencias,2,668,9.506673997765791e-72,20100,30,0.8,0.2,best
DE,potencias,2,669,9.506673997765791e-72,20130,30,0.8,0.2,best
DE,potencias,2,670,9.506673997765791e-72,20160,30,0.8,0.2,best
DE,potencias,2,671,9.506673997765791e-72,20190,30,0.8,0.2,best
DE,potencias,2,672,7.466403918790789e-73,20220,30,0.8,0.2,best
DE,potencias,2,673,7.466403918790789e-73,20250,30,0.8,0.2,best
DE,potencias,2,674,3.2176718726184925e-75,20280,30,0.8,0.2,best
DE,potencias,2,675,3.2176718726184925e-75,20310,30,0.8,0.2,best
DE,potencias,2,676,3.2176718726184925e-75,20340,30,0.8,0.2,best
DE,potencias,2,677,3.2176718726184925e-75,20370,30,0.8,0.2,best
DE,potencias,2,678,3.2176718726184925e-75,20400,30,0.8,0.2,best
DE,potencias,2,679,3.2176718726184925e-75,20430,30,0.8,0.2,best
DE,potencias,2,680,3.2176718726184925e-75,20460,30,0.8,0.2,best
DE,potencias,2,681,3.2176718726184925e-75,20490,30,0.8,0.2,best
DE,potencias,2,682,3.2173532276216707e-75,20520,30,0.8,0.2,best
DE,potencias,2,683,3.2173532276216707e-75,20550,30,0.8,0.2,best
DE,potencias,2,684,1.199308869861576e-75,20580,30,0.8,0.2,best
DE,potencias,2,685,1.1537981031721742e-75,20610,30,0.8,0.2,best
DE,potencias,2,686,1.1537981031721742e-75,20640,30,0.8,0.2,best
DE,potencias,2,687,1.9275927491491588e-77,20670,30,0.8,0.2,best
DE,potencias,2,688,1.9275927491491588e-77,20700,30,0.8,0.2,best
DE,potencias,2,689,1.9275927491491588e-77,20730,30,0.8,0.2,best
DE,potencias,2,690,1.9275927491491588e-77,20760,30,0.8,0.2,best
DE,potencias,2,691,1.9275927491491588e-77,20790,30,0.8,0.2,best
DE,potencias,2,692,1.9275927491491588e-77,20820,30,0.8,0.2,best
DE,potencias,2,693,2.9769027042663526e-78,20850,30,0.8,0.2,best
DE,potencias,2,694,1.453313196850356e-81,20880,30,0.8,0.2,best
DE,potencias,2,695,1.453313196850356e-81,20910,30,0.8,0.2,best
DE,potencias,2,696,1.453313196850356e-81,20940,30,0.8,0.2,best
DE,potencias,2,697,1.453313196850356e-81,20970,30,0.8,0.2,best
DE,potencias,2,698,1.453313196850356e-81,21000,30,0.8,0.2,best
DE,potencias,2,699,1.453313196850356e-81,21030,30,0.8,0.2,best
DE,potencias,2,700,1.453313196850356e-81,21060,30,0.8,0.2,best
DE,potencias,2,701,1.453313196850356e-81,21090,30,0.8,0.2,best
DE,potencias,2,702,1.4498627601930366e-81,21120,30,0.8,0.2,best
DE,potencias,2,703,1.4498627601930366e-81,21150,30,0.8,0.2,best
DE,potencias,2,704,1.355532994765583e-81,21180,30,0.8,0.2,best
DE,potencias,2,705,1.983409244350972e-83,21210,30,0.8,0.2,best
DE,potencias,2,706,1.983409244350972e-83,21240,30,0.8,0.2,best
DE,potencias,2,707,1.983409244350972e-83,21270,30,0.8,0.2,best
DE,potencias,2,708,1.983409244350972e-83,21300,30,0.8,0.2,best
DE,potencias,2,709,1.983409244350972e-83,21330,30,0.8,0.2,best
DE,potencias,2,710,1.983409244350972e-83,21360,30,0.8,0.2,best
DE,potencias,2,711,1.983409244350972e-83,21390,30,0.8,0.2,best
DE,potencias,2,712,1.983409244350972e-83,21420,30,0.8,0.2,best
DE,potencias,2,713,1.983409244350972e-83,21450,30,0.8,0.2,best
DE,potencias,2,714,1.983409244350972e-83,21480,30,0.8,0.2,best
DE,potencias,2,715,1.983409244350972e-83,21510,30,0.8,0.2,best
DE,potencias,2,716,5.499897565243708e-84,21540,30,0.8,0.2,best
DE,potencias,2,717,2.3638058755386325e-84,21570,30,0.8,0.2,best
DE,potencias,2,718,2.3981433093368587e-85,21600,30,0.8,0.2,best
DE,potencias,2,719,2.3981433093368587e-85,21630,30,0.8,0.2,best
DE,potencias,2,720,1.3093012732456676e-85,21660,30,0.8,0.2,best
DE,potencias,2,721,1.3093012732456676e-85,21690,30,0.8,0.2,best
DE,potencias,2,722,1.3093012732456676e-85,21720,30,0.8,0.2,best
DE,potencias,2,723,1.3093012732456676e-85,21750,30,0.8,0.2,best
DE,potencias,2,724,1.304241324084892e-85,21780,30,0.8,0.2,best
DE,potencias,2,725,5.845639404895746e-86,21810,30,0.8,0.2,best
DE,potencias,2,726,5.845639404895746e-86,21840,30,0.8,0.2,best
DE,potencias,2,727,1.5531117281130463e-86,21870,30,0.8,0.2,best
DE,potencias,2,728,1.452227098909488e-86,21900,30,0.8,0.2,best
DE,potencias,2,729,1.452227098909488e-86,21930,30,0.8,0.2,best
DE,potencias,2,730,1.452227098909488e-86,21960,30,0.8,0.2,best
DE,potencias,2,731,6.648929682056663e-87,21990,30,0.8,0.2,best
DE,potencias,2,732,6.648929682056663e-87,22020,30,0.8,0.2,best
DE,potencias,2,733,2.1184793335273107e-87,22050,30,0.8,0.2,best
DE,potencias,2,734,2.1184793335273107e-87,22080,30,0.8,0.2,best
DE,potencias,2,735,1.2073382036565327e-87,22110,30,0.8,0.2,best
DE,potencias,2,736,5.538948712347751e-88,22140,30,0.8,0.2,best
DE,potencias,2,737,5.538948712347751e-88,22170,30,0.8,0.2,best
DE,potencias,2,738,1.1403664855847869e-90,22200,30,0.8,0.2,best
DE,potencias,2,739,1.1403664855847869e-90,22230,30,0.8,0.2,best
DE,potencias,2,740,1.1403664855847869e-90,22260,30,0.8,0.2,best
DE,potencias,2,741,1.1403664855847869e-90,22290,30,0.8,0.2,best
DE,potencias,2,742,1.1403664855847869e-90,22320,30,0.8,0.2,best
DE,potencias,2,743,9.554060646083587e-91,22350,30,0.8,0.2,best
DE,potencias,2,744,8.482892566153411e-91,22380,30,0.8,0.2,best
DE,potencias,2,745,8.482892566153411e-91,22410,30,0.8,0.2,best
DE,potencias,2,746,9.207591232869058e-93,22440,30,0.8,0.2,best
DE,potencias,2,747,9.207591232869058e-93,22470,30,0.8,0.2,best
DE,potencias,2,748,9.207591232869058e-93,22500,30,0.8,0.2,best
DE,potencias,2,749,9.207591232869058e-93,22530,30,0.8,0.2,best
DE,potencias,2,750,9.207591232869058e-93,22560,30,0.8,0.2,best
DE,potencias,2,751,9.207591232869058e-93,22590,30,0.8,0.2,best
DE,potencias,2,752,9.207591232869058e-93,22620,30,0.8,0.2,best
DE,potencias,2,753,8.935479414612016e-93,22650,30,0.8,0.2,best
DE,potencias,2,754,8.574453443369264e-93,22680,30,0.8,0.2,best
DE,potencias,2,755,8.574453443369264e-93,22710,30,0.8,0.2,best
DE,potencias,2,756,8.574453443369264e-93,22740,30,0.8,0.2,best
DE,potencias,2,757,8.574453443369264e-93,22770,30,0.8,0.2,best
DE,potencias,2,758,5.577331874960398e-93,22800,30,0.8,0.2,best
DE,potencias,2,759,7.95288485036665e-96,22830,30,0.8,0.2,best
DE,potencias,2,760,7.95288485036665e-96,22860,30,0.8,0.2,best
DE,potencias,2,761,7.95288485036665e-96,22890,30,0.8,0.2,best
DE,potencias,2,762,9.500773156851053e-100,22920,30,0.8,0.2,best
DE,potencias,2,763,9.500773156851053e-100,22950,30,0.8,0.2,best
DE,potencias,2,764,9.500773156851053e-100,22980,30,0.8,0.2,best
DE,potencias,2,765,9.500773156851053e-100,23010,30,0.8,0.2,best
DE,potencias,2,766,9.500773156851053e-100,23040,30,0.8,0.2,best
DE,potencias,2,767,9.500773156851053e-100,23070,30,0.8,0.2,best
DE,potencias,2,768,9.500773156851053e-100,23100,30,0.8,0.2,best
DE,potencias,2,769,9.500773156851053e-100,23130,30,0.8,0.2,best
DE,potencias,2,770,9.500773156851053e-100,23160,30,0.8,0.2,best
DE,potencias,2,771,9.500773156851053e-100,23190,30,0.8,0.2,best
DE,potencias,2,772,9.500773156851053e-100,23220,30,0.8,0.2,best
DE,potencias,2,773,9.500773156851053e-100,23250,30,0.8,0.2,best
DE,potencias,2,774,6.771613640719473e-102,23280,30,0.8,0.2,best
DE,potencias,2,775,6.771613640719473e-102,23310,30,0.8,0.2,best
DE,potencias,2,776,6.771613640719473e-102,23340,30,0.8,0.2,best
DE,potencias,2,777,6.771613640719473e-102,23370,30,0.8,0.2,best
DE,potencias,2,778,6.771613640719473e-102,23400,30,0.8,0.2,best
DE,potencias,2,779,6.771613640719473e-102,23430,30,0.8,0.2,best
DE,potencias,2,780,6.771613640719473e-102,23460,30,0.8,0.2,best
DE,potencias,2,781,6.771613640719473e-102,23490,30,0.8,0.2,best
DE,potencias,2,782,3.1417166121753706e-102,23520,30,0.8,0.2,best
DE,potencias,2,783,3.009802654118568e-103,23550,30,0.8,0.2,best
DE,potencias,2,784,3.009802654118568e-103,23580,30,0.8,0.2,best
DE,potencias,2,785,3.009802654118568e-103,23610,30,0.8,0.2,best
DE,potencias,2,786,3.009802654118568e-103,23640,30,0.8,0.2,best
DE,potencias,2,787,3.009802654118568e-103,23670,30,0.8,0.2,best
DE,potencias,2,788,2.8340980697805357e-104,23700,30,0.8,0.2,best
DE,potencias,2,789,2.8340980697805357e-104,23730,30,0.8,0.2,best
DE,potencias,2,790,2.8340980697805357e-104,23760,30,0.8,0.2,best
DE,potencias,2,791,2.8340980697805357e-104,23790,30,0.8,0.2,best
DE,potencias,2,792,4.52690059369161e-106,23820,30,0.8,0.2,best
DE,potencias,2,793,1.492466292768459e-106,23850,30,0.8,0.2,best
DE,potencias,2,794,1.492466292768459e-106,23880,30,0.8,0.2,best
DE,potencias,2,795,1.492466292768459e-106,23910,30,0.8,0.2,best
DE,potencias,2,796,1.492466292768459e-106,23940,30,0.8,0.2,best
DE,potencias,2,797,1.492466292768459e-106,23970,30,0.8,0.2,best
DE,potencias,2,798,1.492466292768459e-106,24000,30,0.8,0.2,best
DE,potencias,2,799,1.492466292768459e-106,24030,30,0.8,0.2,best
DE,potencias,2,800,1.4924662921701436e-106,24060,30,0.8,0.2,best
DE,potencias,2,801,1.4924662921701436e-106,24090,30,0.8,0.2,best
DE,potencias,2,802,1.4924662921701436e-106,24120,30,0.8,0.2,best
DE,potencias,2,803,1.2969463932479463e-107,24150,30,0.8,0.2,best
DE,potencias,2,804,3.1935405165472057e-108,24180,30,0.8,0.2,best
DE,potencias,2,805,3.1935405165472057e-108,24210,30,0.8,0.2,best
DE,potencias,2,806,3.1935405165472057e-108,24240,30,0.8,0.2,best
DE,potencias,2,807,2.5793869135844052e-108,24270,30,0.8,0.2,best
DE,potencias,2,808,9.427303112456694e-110,24300,30,0.8,0.2,best
DE,potencias,2,809,9.427303112456694e-110,24330,30,0.8,0.2,best
DE,potencias,2,810,1.0695652390093303e-112,24360,30,0.8,0.2,best
DE,potencias,2,811,1.0695652390093303e-112,24390,30,0.8,0.2,best
DE,potencias,2,812,1.0695652390093303e-112,24420,30,0.8,0.2,best
DE,potencias,2,813,5.84429815334375e-113,24450,30,0.8,0.2,best
DE,potencias,2,814,5.84429815334375e-113,24480,30,0.8,0.2,best
DE,potencias,2,815,5.84429815334375e-113,24510,30,0.8,0.2,best
DE,potencias,2,816,5.84429815334375e-113,24540,30,0.8,0.2,best
DE,potencias,2,817,4.3322096210226855e-113,24570,30,0.8,0.2,best
DE,potencias,2,818,2.2368549852123066e-114,24600,30,0.8,0.2,best
DE,potencias,2,819,1.8748445519285614e-116,24630,30,0.8,0.2,best
DE,potencias,2,820,1.8748445519285614e-116,24660,30,0.8,0.2,best
DE,potencias,2,821,1.8748445519285614e-116,24690,30,0.8,0.2,best
DE,potencias,2,822,1.8747473866172035e-116,24720,30,0.8,0.2,best
DE,potencias,2,823,1.8747473866172035e-116,24750,30,0.8,0.2,best
DE,potencias,2,824,1.8747473866172035e-116,24780,30,0.8,0.2,best
DE,potencias,2,825,4.87287188181261e-117,24810,30,0.8,0.2,best
DE,potencias,2,826,3.1667585626981197e-117,24840,30,0.8,0.2,best
DE,potencias,2,827,2.175430942304509e-118,24870,30,0.8,0.2,best
DE,potencias,2,828,2.175430942304509e-118,24900,30,0.8,0.2,best
DE,potencias,2,829,2.175430942304509e-118,24930,30,0.8,0.2,best
DE,potencias,2,830,9.921015280117881e-119,24960,30,0.8,0.2,best
DE,potencias,2,831,9.921015280117881e-119,24990,30,0.8,0.2,best
DE,potencias,2,832,9.921015280117881e-119,25020,30,0.8,0.2,best
DE,potencias,2,833,2.2718582704435344e-119,25050,30,0.8,0.2,best
DE,potencias,2,834,2.2718582704435344e-119,25080,30,0.8,0.2,best
DE,potencias,2,835,3.230601899772209e-126,25110,30,0.8,0.2,best
DE,potencias,2,836,3.230601899772209e-126,25140,30,0.8,0.2,best
DE,potencias,2,837,3.230601899772209e-126,25170,30,0.8,0.2,best
DE,potencias,2,838,3.230601899772209e-126,25200,30,0.8,0.2,best
DE,potencias,2,839,3.230601899772209e-126,25230,30,0.8,0.2,best
DE,potencias,2,840,3.230601899772209e-126,25260,30,0.8,0.2,best
DE,potencias,2,841,3.230601899772209e-126,25290,30,0.8,0.2,best
DE,potencias,2,842,3.230601899772209e-126,25320,30,0.8,0.2,best
DE,potencias,2,843,3.230601899772209e-126,25350,30,0.8,0.2,best
DE,potencias,2,844,3.4402271022605646e-127,25380,30,0.8,0.2,best
DE,potencias,2,845,3.4402271022605646e-127,25410,30,0.8,0.2,best
DE,potencias,2,846,3.4402271022605646e-127,25440,30,0.8,0.2,best
DE,potencias,2,847,2.521605875465271e-127,25470,30,0.8,0.2,best
DE,potencias,2,848,4.3619481222110333e-128,25500,30,0.8,0.2,best
DE,potencias,2,849,4.3619481222110333e-128,25530,30,0.8,0.2,best
DE,potencias,2,850,7.330760044364937e-130,25560,30,0.8,0.2,best
DE,potencias,2,851,7.330760044364937e-130,25590,30,0.8,0.2,best
DE,potencias,2,852,7.330760044364937e-130,25620,30,0.8,0.2,best
DE,potencias,2,853,7.330760044364937e-130,25650,30,0.8,0.2,best
DE,potencias,2,854,7.330760044364937e-130,25680,30,0.8,0.2,best
DE,potencias,2,855,7.330760044364937e-130,25710,30,0.8,0.2,best
DE,potencias,2,856,1.7668380505743324e-133,25740,30,0.8,0.2,best
DE,potencias,2,857,1.7668380505743324e-133,25770,30,0.8,0.2,best
DE,potencias,2,858,1.7668380505743324e-133,25800,30,0.8,0.2,best
DE,potencias,2,859,1.7668380505743324e-133,25830,30,0.8,0.2,best
DE,potencias,2,860,1.7668380505743324e-133,25860,30,0.8,0.2,best
DE,potencias,2,861,1.7668380505743324e-133,25890,30,0.8,0.2,best
DE,potencias,2,862,1.7668380505743324e-133,25920,30,0.8,0.2,best
DE,potencias,2,863,1.7668380505743324e-133,25950,30,0.8,0.2,best
DE,potencias,2,864,1.641265918748109e-134,25980,30,0.8,0.2,best
DE,potencias,2,865,1.641265918748109e-134,26010,30,0.8,0.2,best
DE,potencias,2,866,1.641265918748109e-134,26040,30,0.8,0.2,best
DE,potencias,2,867,9.829250551462956e-137,26070,30,0.8,0.2,best
DE,potencias,2,868,9.829250551462956e-137,26100,30,0.8,0.2,best
DE,potencias,2,869,9.829250551462956e-137,26130,30,0.8,0.2,best
DE,potencias,2,870,9.829250551462956e-137,26160,30,0.8,0.2,best
DE,potencias,2,871,9.829250551462956e-137,26190,30,0.8,0.2,best
DE,potencias,2,872,9.829250551462956e-137,26220,30,0.8,0.2,best
DE,potencias,2,873,6.417537435900873e-137,26250,30,0.8,0.2,best
DE,potencias,2,874,4.728211214464458e-137,26280,30,0.8,0.2,best
DE,potencias,2,875,7.148937920536563e-138,26310,30,0.8,0.2,best
DE,potencias,2,876,1.6683935477512837e-140,26340,30,0.8,0.2,best
DE,potencias,2,877,1.6683935477512837e-140,26370,30,0.8,0.2,best
DE,potencias,2,878,1.6683935477512837e-140,26400,30,0.8,0.2,best
DE,potencias,2,879,1.0100336034496729e-140,26430,30,0.8,0.2,best
DE,potencias,2,880,3.027174779142924e-144,26460,30,0.8,0.2,best
DE,potencias,2,881,3.027174779142924e-144,26490,30,0.8,0.2,best
DE,potencias,2,882,3.30177171334172e-145,26520,30,0.8,0.2,best
DE,potencias,2,883,1.8039094831608896e-146,26550,30,0.8,0.2,best
DE,potencias,2,884,1.8039094831608896e-146,26580,30,0.8,0.2,best
DE,potencias,2,885,1.8039094831608896e-146,26610,30,0.8,0.2,best
DE,potencias,2,886,1.8039094831608896e-146,26640,30,0.8,0.2,best
DE,potencias,2,887,1.8039094831608896e-146,26670,30,0.8,0.2,best
DE,potencias,2,888,1.1380524797363597e-148,26700,30,0.8,0.2,best
DE,potencias,2,889,1.1380524797363597e-148,26730,30,0.8,0.2,best
DE,potencias,2,890,1.1380524797363597e-148,26760,30,0.8,0.2,best
DE,potencias,2,891,1.1380524797363597e-148,26790,30,0.8,0.2,best
DE,potencias,2,892,4.806580129333899e-150,26820,30,0.8,0.2,best
DE,potencias,2,893,4.806580129333899e-150,26850,30,0.8,0.2,best
DE,potencias,2,894,3.0597990834658234e-151,26880,30,0.8,0.2,best
DE,potencias,2,895,3.0597990834658234e-151,26910,30,0.8,0.2,best
DE,potencias,2,896,3.0597990834658234e-151,26940,30,0.8,0.2,best
DE,potencias,2,897,4.862719966218708e-154,26970,30,0.8,0.2,best
DE,potencias,2,898,7.741443019785214e-155,27000,30,0.8,0.2,best
DE,potencias,2,899,7.741443019785214e-155,27030,30,0.8,0.2,best
DE,potencias,2,900,7.741443019785214e-155,27060,30,0.8,0.2,best
DE,potencias,2,901,7.741443019785214e-155,27090,30,0.8,0.2,best
DE,potencias,2,902,1.3248674568444952e-158,27120,30,0.8,0.2,best
DE,potencias,2,903,0.0,27150,30,0.8,0.2,best
DE,potencias,2,904,0.0,27180,30,0.8,0.2,best
DE,potencias,2,905,0.0,27210,30,0.8,0.2,best
DE,potencias,2,906,0.0,27240,30,0.8,0.2,best
DE,potencias,2,907,0.0,27270,30,0.8,0.2,best
DE,potencias,2,908,0.0,27300,30,0.8,0.2,best
DE,potencias,2,909,0.0,27330,30,0.8,0.2,best
DE,potencias,2,910,0.0,27360,30,0.8,0.2,best
DE,potencias,2,911,0.0,27390,30,0.8,0.2,best
DE,potencias,2,912,0.0,27420,30,0.8,0.2,best
DE,potencias,2,913,0.0,27450,30,0.8,0.2,best
DE,potencias,2,914,0.0,27480,30,0.8,0.2,best
DE,potencias,2,915,0.0,27510,30,0.8,0.2,best
DE,potencias,2,916,0.0,27540,30,0.8,0.2,best
DE,potencias,2,917,0.0,27570,30,0.8,0.2,best
DE,potencias,2,918,0.0,27600,30,0.8,0.2,best
DE,potencias,2,919,0.0,27630,30,0.8,0.2,best
DE,potencias,2,920,0.0,27660,30,0.8,0.2,best
DE,potencias,2,921,0.0,27690,30,0.8,0.2,best
DE,potencias,2,922,0.0,27720,30,0.8,0.2,best
DE,potencias,2,923,0.0,27750,30,0.8,0.2,best
DE,potencias,2,924,0.0,27780,30,0.8,0.2,best
DE,potencias,2,925,0.0,27810,30,0.8,0.2,best
DE,potencias,2,926,0.0,27840,30,0.8,0.2,best
DE,potencias,2,927,0.0,27870,30,0.8,0.2,best
DE,potencias,2,928,0.0,27900,30,0.8,0.2,best
DE,potencias,2,929,0.0,27930,30,0.8,0.2,best
DE,potencias,2,930,0.0,27960,30,0.8,0.2,best
DE,potencias,2,931,0.0,27990,30,0.8,0.2,best
DE,potencias,2,932,0.0,28020,30,0.8,0.2,best
DE,potencias,2,933,0.0,28050,30,0.8,0.2,best
DE,potencias,2,934,0.0,28080,30,0.8,0.2,best
DE,potencias,2,935,0.0,28110,30,0.8,0.2,best
DE,potencias,2,936,0.0,28140,30,0.8,0.2,best
DE,potencias,2,937,0.0,28170,30,0.8,0.2,best
DE,potencias,2,938,0.0,28200,30,0.8,0.2,best
DE,potencias,2,939,0.0,28230,30,0.8,0.2,best
DE,potencias,2,940,0.0,28260,30,0.8,0.2,best
DE,potencias,2,941,0.0,28290,30,0.8,0.2,best
DE,potencias,2,942,0.0,28320,30,0.8,0.2,best
DE,potencias,2,943,0.0,28350,30,0.8,0.2,best
DE,potencias,2,944,0.0,28380,30,0.8,0.2,best
DE,potencias,2,945,0.0,28410,30,0.8,0.2,best
DE,potencias,2,946,0.0,28440,30,0.8,0.2,best
DE,potencias,2,947,0.0,28470,30,0.8,0.2,best
DE,potencias,2,948,0.0,28500,30,0.8,0.2,best
DE,potencias,2,949,0.0,28530,30,0.8,0.2,best
DE,potencias,2,950,0.0,28560,30,0.8,0.2,best
DE,potencias,2,951,0.0,28590,30,0.8,0.2,best
DE,potencias,2,952,0.0,28620,30,0.8,0.2,best
DE,potencias,2,953,0.0,28650,30,0.8,0.2,best
DE,potencias,2,954,0.0,28680,30,0.8,0.2,best
DE,potencias,2,955,0.0,28710,30,0.8,0.2,best
DE,potencias,2,956,0.0,28740,30,0.8,0.2,best
DE,potencias,2,957,0.0,28770,30,0.8,0.2,best
DE,potencias,2,958,0.0,28800,30,0.8,0.2,best
DE,potencias,2,959,0.0,28830,30,0.8,0.2,best
DE,potencias,2,960,0.0,28860,30,0.8,0.2,best
DE,potencias,2,961,0.0,28890,30,0.8,0.2,best
DE,potencias,2,962,0.0,28920,30,0.8,0.2,best
DE,potencias,2,963,0.0,28950,30,0.8,0.2,best
DE,potencias,2,964,0.0,28980,30,0.8,0.2,best
DE,potencias,2,965,0.0,29010,30,0.8,0.2,best
DE,potencias,2,966,0.0,29040,30,0.8,0.2,best
DE,potencias,2,967,0.0,29070,30,0.8,0.2,best
DE,potencias,2,968,0.0,29100,30,0.8,0.2,best
DE,potencias,2,969,0.0,29130,30,0.8,0.2,best
DE,potencias,2,970,0.0,29160,30,0.8,0.2,best
DE,potencias,2,971,0.0,29190,30,0.8,0.2,best
DE,potencias,2,972,0.0,29220,30,0.8,0.2,best
DE,potencias,2,973,0.0,29250,30,0.8,0.2,best
DE,potencias,2,974,0.0,29280,30,0.8,0.2,best
DE,potencias,2,975,0.0,29310,30,0.8,0.2,best
DE,potencias,2,976,0.0,29340,30,0.8,0.2,best
DE,potencias,2,977,0.0,29370,30,0.8,0.2,best
DE,potencias,2,978,0.0,29400,30,0.8,0.2,best
DE,potencias,2,979,0.0,29430,30,0.8,0.2,best
DE,potencias,2,980,0.0,29460,30,0.8,0.2,best
DE,potencias,2,981,0.0,29490,30,0.8,0.2,best
DE,potencias,2,982,0.0,29520,30,0.8,0.2,best
DE,potencias,2,983,0.0,29550,30,0.8,0.2,best
DE,potencias,2,984,0.0,29580,30,0.8,0.2,best
DE,potencias,2,985,0.0,29610,30,0.8,0.2,best
DE,potencias,2,986,0.0,29640,30,0.8,0.2,best
DE,potencias,2,987,0.0,29670,30,0.8,0.2,best
DE,potencias,2,988,0.0,29700,30,0.8,0.2,best
DE,potencias,2,989,0.0,29730,30,0.8,0.2,best
DE,potencias,2,990,0.0,29760,30,0.8,0.2,best
DE,potencias,2,991,0.0,29790,30,0.8,0.2,best
DE,potencias,2,992,0.0,29820,30,0.8,0.2,best
DE,potencias,2,993,0.0,29850,30,0.8,0.2,best
DE,potencias,2,994,0.0,29880,30,0.8,0.2,best
DE,potencias,2,995,0.0,29910,30,0.8,0.2,best
DE,potencias,2,996,0.0,29940,30,0.8,0.2,best
DE,potencias,2,997,0.0,29970,30,0.8,0.2,best
DE,potencias,2,998,0.0,30000,30,0.8,0.2,best
DE,potencias,2,999,0.0,30030,30,0.8,0.2,best
DE,potencias,2,1000,0.0,30060,30,0.8,0.2,best
DE,potencias,2,1001,0.0,30090,30,0.8,0.2,best
DE,potencias,2,1002,0.0,30120,30,0.8,0.2,best
DE,potencias,2,1003,0.0,30150,30,0.8,0.2,best
DE,potencias,2,1004,0.0,30180,30,0.8,0.2,best
DE,potencias,2,1005,0.0,30210,30,0.8,0.2,best
DE,potencias,2,1006,0.0,30240,30,0.8,0.2,best
DE,potencias,2,1007,0.0,30270,30,0.8,0.2,best
DE,potencias,2,1008,0.0,30300,30,0.8,0.2,best
DE,potencias,2,1009,0.0,30330,30,0.8,0.2,best
DE,potencias,2,1010,0.0,30360,30,0.8,0.2,best
DE,potencias,2,1011,0.0,30390,30,0.8,0.2,best
DE,potencias,2,1012,0.0,30420,30,0.8,0.2,best
DE,potencias,2,1013,0.0,30450,30,0.8,0.2,best
DE,potencias,2,1014,0.0,30480,30,0.8,0.2,best
DE,potencias,2,1015,0.0,30510,30,0.8,0.2,best
DE,potencias,2,1016,0.0,30540,30,0.8,0.2,best
DE,potencias,2,1017,0.0,30570,30,0.8,0.2,best
DE,potencias,2,1018,0.0,30600,30,0.8,0.2,best
DE,potencias,2,1019,0.0,30630,30,0.8,0.2,best
DE,potencias,2,1020,0.0,30660,30,0.8,0.2,best
DE,potencias,2,1021,0.0,30690,30,0.8,0.2,best
DE,potencias,2,1022,0.0,30720,30,0.8,0.2,best
DE,potencias,2,1023,0.0,30750,30,0.8,0.2,best
DE,potencias,2,1024,0.0,30780,30,0.8,0.2,best
DE,potencias,2,1025,0.0,30810,30,0.8,0.2,best
DE,potencias,2,1026,0.0,30840,30,0.8,0.2,best
DE,potencias,2,1027,0.0,30870,30,0.8,0.2,best
DE,potencias,2,1028,0.0,30900,30,0.8,0.2,best
DE,potencias,2,1029,0.0,30930,30,0.8,0.2,best
DE,potencias,2,1030,0.0,30960,30,0.8,0.2,best
DE,potencias,2,1031,0.0,30990,30,0.8,0.2,best
DE,potencias,2,1032,0.0,31020,30,0.8,0.2,best
DE,potencias,2,1033,0.0,31050,30,0.8,0.2,best
DE,potencias,2,1034,0.0,31080,30,0.8,0.2,best
DE,potencias,2,1035,0.0,31110,30,0.8,0.2,best
DE,potencias,2,1036,0.0,31140,30,0.8,0.2,best
DE,potencias,2,1037,0.0,31170,30,0.8,0.2,best
DE,potencias,2,1038,0.0,31200,30,0.8,0.2,best
DE,potencias,2,1039,0.0,31230,30,0.8,0.2,best
DE,potencias,2,1040,0.0,31260,30,0.8,0.2,best
DE,potencias,2,1041,0.0,31290,30,0.8,0.2,best
DE,potencias,2,1042,0.0,31320,30,0.8,0.2,best
DE,potencias,2,1043,0.0,31350,30,0.8,0.2,best
DE,potencias,2,1044,0.0,31380,30,0.8,0.2,best
DE,potencias,2,1045,0.0,31410,30,0.8,0.2,best
DE,potencias,2,1046,0.0,31440,30,0.8,0.2,best
DE,potencias,2,1047,0.0,31470,30,0.8,0.2,best
DE,potencias,2,1048,0.0,31500,30,0.8,0.2,best
DE,potencias,2,1049,0.0,31530,30,0.8,0.2,best
DE,potencias,2,1050,0.0,31560,30,0.8,0.2,best
DE,potencias,2,1051,0.0,31590,30,0.8,0.2,best
DE,potencias,2,1052,0.0,31620,30,0.8,0.2,best
DE,potencias,2,1053,0.0,31650,30,0.8,0.2,best
DE,potencias,2,1054,0.0,31680,30,0.8,0.2,best
DE,potencias,2,1055,0.0,31710,30,0.8,0.2,best
DE,potencias,2,1056,0.0,31740,30,0.8,0.2,best
DE,potencias,2,1057,0.0,31770,30,0.8,0.2,best
DE,potencias,2,1058,0.0,31800,30,0.8,0.2,best
DE,potencias,2,1059,0.0,31830,30,0.8,0.2,best
DE,potencias,2,1060,0.0,31860,30,0.8,0.2,best
DE,potencias,2,1061,0.0,31890,30,0.8,0.2,best
DE,potencias,2,1062,0.0,31920,30,0.8,0.2,best
DE,potencias,2,1063,0.0,31950,30,0.8,0.2,best
DE,potencias,2,1064,0.0,31980,30,0.8,0.2,best
DE,potencias,2,1065,0.0,32010,30,0.8,0.2,best
DE,potencias,2,1066,0.0,32040,30,0.8,0.2,best
DE,potencias,2,1067,0.0,32070,30,0.8,0.2,best
DE,potencias,2,1068,0.0,32100,30,0.8,0.2,best
DE,potencias,2,1069,0.0,32130,30,0.8,0.2,best
DE,potencias,2,1070,0.0,32160,30,0.8,0.2,best
DE,potencias,2,1071,0.0,32190,30,0.8,0.2,best
DE,potencias,2,1072,0.0,32220,30,0.8,0.2,best
DE,potencias,2,1073,0.0,32250,30,0.8,0.2,best
DE,potencias,2,1074,0.0,32280,30,0.8,0.2,best
DE,potencias,2,1075,0.0,32310,30,0.8,0.2,best
DE,potencias,2,1076,0.0,32340,30,0.8,0.2,best
DE,potencias,2,1077,0.0,32370,30,0.8,0.2,best
DE,potencias,2,1078,0.0,32400,30,0.8,0.2,best
DE,potencias,2,1079,0.0,32430,30,0.8,0.2,best
DE,potencias,2,1080,0.0,32460,30,0.8,0.2,best
DE,potencias,2,1081,0.0,32490,30,0.8,0.2,best
DE,potencias,2,1082,0.0,32520,30,0.8,0.2,best
DE,potencias,2,1083,0.0,32550,30,0.8,0.2,best
DE,potencias,2,1084,0.0,32580,30,0.8,0.2,best
DE,potencias,2,1085,0.0,32610,30,0.8,0.2,best
DE,potencias,2,1086,0.0,32640,30,0.8,0.2,best
DE,potencias,2,1087,0.0,32670,30,0.8,0.2,best
DE,potencias,2,1088,0.0,32700,30,0.8,0.2,best
DE,potencias,2,1089,0.0,32730,30,0.8,0.2,best
DE,potencias,2,1090,0.0,32760,30,0.8,0.2,best
DE,potencias,2,1091,0.0,32790,30,0.8,0.2,best
DE,potencias,2,1092,0.0,32820,30,0.8,0.2,best
DE,potencias,2,1093,0.0,32850,30,0.8,0.2,best
DE,potencias,2,1094,0.0,32880,30,0.8,0.2,best
DE,potencias,2,1095,0.0,32910,30,0.8,0.2,best
DE,potencias,2,1096,0.0,32940,30,0.8,0.2,best
DE,potencias,2,1097,0.0,32970,30,0.8,0.2,best
DE,potencias,2,1098,0.0,33000,30,0.8,0.2,best
DE,potencias,2,1099,0.0,33030,30,0.8,0.2,best
DE,potencias,2,1100,0.0,33060,30,0.8,0.2,best
DE,potencias,2,1101,0.0,33090,30,0.8,0.2,best
DE,potencias,2,1102,0.0,33120,30,0.8,0.2,best
DE,potencias,2,1103,0.0,33150,30,0.8,0.2,best
DE,potencias,2,1104,0.0,33180,30,0.8,0.2,best
DE,potencias,2,1105,0.0,33210,30,0.8,0.2,best
DE,potencias,2,1106,0.0,33240,30,0.8,0.2,best
DE,potencias,2,1107,0.0,33270,30,0.8,0.2,best
DE,potencias,2,1108,0.0,33300,30,0.8,0.2,best
DE,potencias,2,1109,0.0,33330,30,0.8,0.2,best
DE,potencias,2,1110,0.0,33360,30,0.8,0.2,best
DE,potencias,2,1111,0.0,33390,30,0.8,0.2,best
DE,potencias,2,1112,0.0,33420,30,0.8,0.2,best
DE,potencias,2,1113,0.0,33450,30,0.8,0.2,best
DE,potencias,2,1114,0.0,33480,30,0.8,0.2,best
DE,potencias,2,1115,0.0,33510,30,0.8,0.2,best
DE,potencias,2,1116,0.0,33540,30,0.8,0.2,best
DE,potencias,2,1117,0.0,33570,30,0.8,0.2,best
DE,potencias,2,1118,0.0,33600,30,0.8,0.2,best
DE,potencias,2,1119,0.0,33630,30,0.8,0.2,best
DE,potencias,2,1120,0.0,33660,30,0.8,0.2,best
DE,potencias,2,1121,0.0,33690,30,0.8,0.2,best
DE,potencias,2,1122,0.0,33720,30,0.8,0.2,best
DE,potencias,2,1123,0.0,33750,30,0.8,0.2,best
DE,potencias,2,1124,0.0,33780,30,0.8,0.2,best
DE,potencias,2,1125,0.0,33810,30,0.8,0.2,best
DE,potencias,2,1126,0.0,33840,30,0.8,0.2,best
DE,potencias,2,1127,0.0,33870,30,0.8,0.2,best
DE,potencias,2,1128,0.0,33900,30,0.8,0.2,best
DE,potencias,2,1129,0.0,33930,30,0.8,0.2,best
DE,potencias,2,1130,0.0,33960,30,0.8,0.2,best
DE,potencias,2,1131,0.0,33990,30,0.8,0.2,best
DE,potencias,2,1132,0.0,34020,30,0.8,0.2,best
DE,potencias,2,1133,0.0,34050,30,0.8,0.2,best
DE,potencias,2,1134,0.0,34080,30,0.8,0.2,best
DE,potencias,2,1135,0.0,34110,30,0.8,0.2,best
DE,potencias,2,1136,0.0,34140,30,0.8,0.2,best
DE,potencias,2,1137,0.0,34170,30,0.8,0.2,best
DE,potencias,2,1138,0.0,34200,30,0.8,0.2,best
DE,potencias,2,1139,0.0,34230,30,0.8,0.2,best
DE,potencias,2,1140,0.0,34260,30,0.8,0.2,best
DE,potencias,2,1141,0.0,34290,30,0.8,0.2,best
DE,potencias,2,1142,0.0,34320,30,0.8,0.2,best
DE,potencias,2,1143,0.0,34350,30,0.8,0.2,best
DE,potencias,2,1144,0.0,34380,30,0.8,0.2,best
DE,potencias,2,1145,0.0,34410,30,0.8,0.2,best
DE,potencias,2,1146,0.0,34440,30,0.8,0.2,best
DE,potencias,2,1147,0.0,34470,30,0.8,0.2,best
DE,potencias,2,1148,0.0,34500,30,0.8,0.2,best
DE,potencias,2,1149,0.0,34530,30,0.8,0.2,best
DE,potencias,2,1150,0.0,34560,30,0.8,0.2,best
DE,potencias,2,1151,0.0,34590,30,0.8,0.2,best
DE,potencias,2,1152,0.0,34620,30,0.8,0.2,best
DE,potencias,2,1153,0.0,34650,30,0.8,0.2,best
DE,potencias,2,1154,0.0,34680,30,0.8,0.2,best
DE,potencias,2,1155,0.0,34710,30,0.8,0.2,best
DE,potencias,2,1156,0.0,34740,30,0.8,0.2,best
DE,potencias,2,1157,0.0,34770,30,0.8,0.2,best
DE,potencias,2,1158,0.0,34800,30,0.8,0.2,best
DE,potencias,2,1159,0.0,34830,30,0.8,0.2,best
DE,potencias,2,1160,0.0,34860,30,0.8,0.2,best
DE,potencias,2,1161,0.0,34890,30,0.8,0.2,best
DE,potencias,2,1162,0.0,34920,30,0.8,0.2,best
DE,potencias,2,1163,0.0,34950,30,0.8,0.2,best
DE,potencias,2,1164,0.0,34980,30,0.8,0.2,best
DE,potencias,2,1165,0.0,35010,30,0.8,0.2,best
DE,potencias,2,1166,0.0,35040,30,0.8,0.2,best
DE,potencias,2,1167,0.0,35070,30,0.8,0.2,best
DE,potencias,2,1168,0.0,35100,30,0.8,0.2,best
DE,potencias,2,1169,0.0,35130,30,0.8,0.2,best
DE,potencias,2,1170,0.0,35160,30,0.8,0.2,best
DE,potencias,2,1171,0.0,35190,30,0.8,0.2,best
DE,potencias,2,1172,0.0,35220,30,0.8,0.2,best
DE,potencias,2,1173,0.0,35250,30,0.8,0.2,best
DE,potencias,2,1174,0.0,35280,30,0.8,0.2,best
DE,potencias,2,1175,0.0,35310,30,0.8,0.2,best
DE,potencias,2,1176,0.0,35340,30,0.8,0.2,best
DE,potencias,2,1177,0.0,35370,30,0.8,0.2,best
DE,potencias,2,1178,0.0,35400,30,0.8,0.2,best
DE,potencias,2,1179,0.0,35430,30,0.8,0.2,best
DE,potencias,2,1180,0.0,35460,30,0.8,0.2,best
DE,potencias,2,1181,0.0,35490,30,0.8,0.2,best
DE,potencias,2,1182,0.0,35520,30,0.8,0.2,best
DE,potencias,2,1183,0.0,35550,30,0.8,0.2,best
DE,potencias,2,1184,0.0,35580,30,0.8,0.2,best
DE,potencias,2,1185,0.0,35610,30,0.8,0.2,best
DE,potencias,2,1186,0.0,35640,30,0.8,0.2,best
DE,potencias,2,1187,0.0,35670,30,0.8,0.2,best
DE,potencias,2,1188,0.0,35700,30,0.8,0.2,best
DE,potencias,2,1189,0.0,35730,30,0.8,0.2,best
DE,potencias,2,1190,0.0,35760,30,0.8,0.2,best
DE,potencias,2,1191,0.0,35790,30,0.8,0.2,best
DE,potencias,2,1192,0.0,35820,30,0.8,0.2,best
DE,potencias,2,1193,0.0,35850,30,0.8,0.2,best
DE,potencias,2,1194,0.0,35880,30,0.8,0.2,best
DE,potencias,2,1195,0.0,35910,30,0.8,0.2,best
DE,potencias,2,1196,0.0,35940,30,0.8,0.2,best
DE,potencias,2,1197,0.0,35970,30,0.8,0.2,best
DE,potencias,2,1198,0.0,36000,30,0.8,0.2,best
DE,potencias,2,1199,0.0,36030,30,0.8,0.2,best
DE,potencias,3,0,5925869.117808646,60,30,0.8,0.2,best
DE,potencias,3,1,3186557.0554588344,90,30,0.8,0.2,best
DE,potencias,3,2,3186557.0554588344,120,30,0.8,0.2,best
DE,potencias,3,3,3186557.0554588344,150,30,0.8,0.2,best
DE,potencias,3,4,2110961.669736597,180,30,0.8,0.2,best
DE,potencias,3,5,497508.1033015307,210,30,0.8,0.2,best
DE,potencias,3,6,179227.927196119,240,30,0.8,0.2,best
DE,potencias,3,7,128852.29924776779,270,30,0.8,0.2,best
DE,potencias,3,8,52156.26274060071,300,30,0.8,0.2,best
DE,potencias,3,9,18078.01225965003,330,30,0.8,0.2,best
DE,potencias,3,10,18078.01225965003,360,30,0.8,0.2,best
DE,potencias,3,11,18078.01225965003,390,30,0.8,0.2,best
DE,potencias,3,12,1097.8209512718122,420,30,0.8,0.2,best
DE,potencias,3,13,1097.8209512718122,450,30,0.8,0.2,best
DE,potencias,3,14,584.3501282104908,480,30,0.8,0.2,best
DE,potencias,3,15,462.2666226260079,510,30,0.8,0.2,best
DE,potencias,3,16,462.2666226260079,540,30,0.8,0.2,best
DE,potencias,3,17,462.2666226260079,570,30,0.8,0.2,best
DE,potencias,3,18,462.2666226260079,600,30,0.8,0.2,best
DE,potencias,3,19,462.2666226260079,630,30,0.8,0.2,best
DE,potencias,3,20,462.2666226260079,660,30,0.8,0.2,best
DE,potencias,3,21,462.2666226260079,690,30,0.8,0.2,best
DE,potencias,3,22,273.269173302255,720,30,0.8,0.2,best
DE,potencias,3,23,215.85414452691344,750,30,0.8,0.2,best
DE,potencias,3,24,70.47021482890862,780,30,0.8,0.2,best
DE,potencias,3,25,70.47021482890862,810,30,0.8,0.2,best
DE,potencias,3,26,70.47021482890862,840,30,0.8,0.2,best
DE,potencias,3,27,70.47021482890862,870,30,0.8,0.2,best
DE,potencias,3,28,70.47021482890862,900,30,0.8,0.2,best
DE,potencias,3,29,70.47021482890862,930,30,0.8,0.2,best
DE,potencias,3,30,19.82076261149009,960,30,0.8,0.2,best
DE,potencias,3,31,19.82076261149009,990,30,0.8,0.2,best
DE,potencias,3,32,19.82076261149009,1020,30,0.8,0.2,best
DE,potencias,3,33,19.737553759390646,1050,30,0.8,0.2,best
DE,potencias,3,34,19.58361421065023,1080,30,0.8,0.2,best
DE,potencias,3,35,10.217223800246684,1110,30,0.8,0.2,best
DE,potencias,3,36,10.217223800246684,1140,30,0.8,0.2,best
DE,potencias,3,37,10.217223800246684,1170,30,0.8,0.2,best
DE,potencias,3,38,9.79456561207468,1200,30,0.8,0.2,best
DE,potencias,3,39,9.79456561207468,1230,30,0.8,0.2,best
DE,potencias,3,40,9.79456561207468,1260,30,0.8,0.2,best
DE,potencias,3,41,5.421096039252965,1290,30,0.8,0.2,best
DE,potencias,3,42,5.294010343013706,1320,30,0.8,0.2,best
DE,potencias,3,43,2.664456647064488,1350,30,0.8,0.2,best
DE,potencias,3,44,2.664456647064488,1380,30,0.8,0.2,best
DE,potencias,3,45,2.3201097558743626,1410,30,0.8,0.2,best
DE,potencias,3,46,2.3201097558743626,1440,30,0.8,0.2,best
DE,potencias,3,47,2.1851282939509744,1470,30,0.8,0.2,best
DE,potencias,3,48,1.3572518349534708,1500,30,0.8,0.2,best
DE,potencias,3,49,1.174747948207501,1530,30,0.8,0.2,best
DE,potencias,3,50,1.1475191347241782,1560,30,0.8,0.2,best
DE,potencias,3,51,1.1475191347241782,1590,30,0.8,0.2,best
DE,potencias,3,52,1.1475191347241782,1620,30,0.8,0.2,best
DE,potencias,3,53,1.1475191347241782,1650,30,0.8,0.2,best
DE,potencias,3,54,1.0810705090854509,1680,30,0.8,0.2,best
DE,potencias,3,55,1.0810705090854509,1710,30,0.8,0.2,best
DE,potencias,3,56,1.0810705090854509,1740,30,0.8,0.2,best
DE,potencias,3,57,0.8986734050117179,1770,30,0.8,0.2,best
DE,potencias,3,58,0.6360347570250311,1800,30,0.8,0.2,best
DE,potencias,3,59,0.034153000228972316,1830,30,0.8,0.2,best
DE,potencias,3,60,0.034153000228972316,1860,30,0.8,0.2,best
DE,potencias,3,61,0.034153000228972316,1890,30,0.8,0.2,best
DE,potencias,3,62,0.034153000228972316,1920,30,0.8,0.2,best
DE,potencias,3,63,0.034153000228972316,1950,30,0.8,0.2,best
DE,potencias,3,64,0.034153000228972316,1980,30,0.8,0.2,best
DE,potencias,3,65,0.034153000228972316,2010,30,0.8,0.2,best
DE,potencias,3,66,0.032848753211289314,2040,30,0.8,0.2,best
DE,potencias,3,67,0.032848753211289314,2070,30,0.8,0.2,best
DE,potencias,3,68,0.032848753211289314,2100,30,0.8,0.2,best
DE,potencias,3,69,0.032848753211289314,2130,30,0.8,0.2,best
DE,potencias,3,70,0.032848753211289314,2160,30,0.8,0.2,best
DE,potencias,3,71,0.01624154785489382,2190,30,0.8,0.2,best
DE,potencias,3,72,0.01624154785489382,2220,30,0.8,0.2,best
DE,potencias,3,73,0.009675888937312147,2250,30,0.8,0.2,best
DE,potencias,3,74,0.009675888937312147,2280,30,0.8,0.2,best
DE,potencias,3,75,0.009675888937312147,2310,30,0.8,0.2,best
DE,potencias,3,76,0.009643168756115489,2340,30,0.8,0.2,best
DE,potencias,3,77,0.0049156974924633385,2370,30,0.8,0.2,best
DE,potencias,3,78,0.0049156974924633385,2400,30,0.8,0.2,best
DE,potencias,3,79,0.0032066071816905816,2430,30,0.8,0.2,best
DE,potencias,3,80,0.0032066071816905816,2460,30,0.8,0.2,best
DE,potencias,3,81,0.0011676493627490246,2490,30,0.8,0.2,best
DE,potencias,3,82,0.0011676493627490246,2520,30,0.8,0.2,best
DE,potencias,3,83,0.0011676493627490246,2550,30,0.8,0.2,best
DE,potencias,3,84,0.0011676493627490246,2580,30,0.8,0.2,best
DE,potencias,3,85,0.0011676493627490246,2610,30,0.8,0.2,best
DE,potencias,3,86,0.0011676493627490246,2640,30,0.8,0.2,best
DE,potencias,3,87,0.0005935852360421934,2670,30,0.8,0.2,best
DE,potencias,3,88,0.0005935852360421934,2700,30,0.8,0.2,best
DE,potencias,3,89,0.0005318882048908628,2730,30,0.8,0.2,best
DE,potencias,3,90,0.0005318882048908628,2760,30,0.8,0.2,best
DE,potencias,3,91,0.0005318882048908628,2790,30,0.8,0.2,best
DE,potencias,3,92,0.0005318882048908628,2820,30,0.8,0.2,best
DE,potencias,3,93,0.00011720949517187805,2850,30,0.8,0.2,best
DE,potencias,3,94,0.00011720949517187805,2880,30,0.8,0.2,best
DE,potencias,3,95,0.0001162946349385456,2910,30,0.8,0.2,best
DE,potencias,3,96,0.0001162946349385456,2940,30,0.8,0.2,best
DE,potencias,3,97,0.0001162946349385456,2970,30,0.8,0.2,best
DE,potencias,3,98,0.0001162946349385456,3000,30,0.8,0.2,best
DE,potencias,3,99,0.0001162946349385456,3030,30,0.8,0.2,best
DE,potencias,3,100,3.6627356019030907e-05,3060,30,0.8,0.2,best
DE,potencias,3,101,3.6627356019030907e-05,3090,30,0.8,0.2,best
DE,potencias,3,102,3.6627356019030907e-05,3120,30,0.8,0.2,best
DE,potencias,3,103,3.6627356019030907e-05,3150,30,0.8,0.2,best
DE,potencias,3,104,3.078085866888308e-05,3180,30,0.8,0.2,best
DE,potencias,3,105,3.078085866888308e-05,3210,30,0.8,0.2,best
DE,potencias,3,106,2.8027311535871137e-05,3240,30,0.8,0.2,best
DE,potencias,3,107,9.168398305282891e-06,3270,30,0.8,0.2,best
DE,potencias,3,108,9.168398305282891e-06,3300,30,0.8,0.2,best
DE,potencias,3,109,9.168398305282891e-06,3330,30,0.8,0.2,best
DE,potencias,3,110,4.878311826826041e-06,3360,30,0.8,0.2,best
DE,potencias,3,111,4.878311826826041e-06,3390,30,0.8,0.2,best
DE,potencias,3,112,4.876533515925052e-06,3420,30,0.8,0.2,best
DE,potencias,3,113,4.876533515925052e-06,3450,30,0.8,0.2,best
DE,potencias,3,114,2.924019559440889e-06,3480,30,0.8,0.2,best
DE,potencias,3,115,2.924019559440889e-06,3510,30,0.8,0.2,best
DE,potencias,3,116,1.9516388976844522e-06,3540,30,0.8,0.2,best
DE,potencias,3,117,1.9516388976844522e-06,3570,30,0.8,0.2,best
DE,potencias,3,118,1.6644084830550398e-06,3600,30,0.8,0.2,best
DE,potencias,3,119,1.6644084830550398e-06,3630,30,0.8,0.2,best
DE,potencias,3,120,1.823006384711444e-07,3660,30,0.8,0.2,best
DE,potencias,3,121,1.823006384711444e-07,3690,30,0.8,0.2,best
DE,potencias,3,122,1.8229352770287412e-07,3720,30,0.8,0.2,best
DE,potencias,3,123,1.8229352770287412e-07,3750,30,0.8,0.2,best
DE,potencias,3,124,1.8229352770287412e-07,3780,30,0.8,0.2,best
DE,potencias,3,125,1.8229352770287412e-07,3810,30,0.8,0.2,best
DE,potencias,3,126,1.8229352770287412e-07,3840,30,0.8,0.2,best
DE,potencias,3,127,1.8229352770287412e-07,3870,30,0.8,0.2,best
DE,potencias,3,128,1.2909787284388897e-07,3900,30,0.8,0.2,best
DE,potencias,3,129,1.8572467645732208e-08,3930,30,0.8,0.2,best
DE,potencias,3,130,1.8572467645732208e-08,3960,30,0.8,0.2,best
DE,potencias,3,131,1.8572467645732208e-08,3990,30,0.8,0.2,best
DE,potencias,3,132,1.8572467645732208e-08,4020,30,0.8,0.2,best
DE,potencias,3,133,1.8572467645732208e-08,4050,30,0.8,0.2,best
DE,potencias,3,134,1.8572467645732208e-08,4080,30,0.8,0.2,best
DE,potencias,3,135,1.2583226042116116e-08,4110,30,0.8,0.2,best
DE,potencias,3,136,1.2583226042116116e-08,4140,30,0.8,0.2,best
DE,potencias,3,137,1.2583226042116116e-08,4170,30,0.8,0.2,best
DE,potencias,3,138,1.2583226042116116e-08,4200,30,0.8,0.2,best
DE,potencias,3,139,1.2583226042116116e-08,4230,30,0.8,0.2,best
DE,potencias,3,140,1.2583226042116116e-08,4260,30,0.8,0.2,best
DE,potencias,3,141,1.2583226042116116e-08,4290,30,0.8,0.2,best
DE,potencias,3,142,3.1765317132086637e-09,4320,30,0.8,0.2,best
DE,potencias,3,143,3.1765317132086637e-09,4350,30,0.8,0.2,best
DE,potencias,3,144,3.1765317132086637e-09,4380,30,0.8,0.2,best
DE,potencias,3,145,3.1765317132086637e-09,4410,30,0.8,0.2,best
DE,potencias,3,146,2.249537100460006e-09,4440,30,0.8,0.2,best
DE,potencias,3,147,1.6751471048632075e-09,4470,30,0.8,0.2,best
DE,potencias,3,148,1.6751471048632075e-09,4500,30,0.8,0.2,best
DE,potencias,3,149,2.819119177753642e-10,4530,30,0.8,0.2,best
DE,potencias,3,150,2.819119177753642e-10,4560,30,0.8,0.2,best
DE,potencias,3,151,2.819119177753642e-10,4590,30,0.8,0.2,best
DE,potencias,3,152,2.819119177753642e-10,4620,30,0.8,0.2,best
DE,potencias,3,153,2.819119177753642e-10,4650,30,0.8,0.2,best
DE,potencias,3,154,2.819119177753642e-10,4680,30,0.8,0.2,best
DE,potencias,3,155,2.7824085414963434e-10,4710,30,0.8,0.2,best
DE,potencias,3,156,2.7824085414963434e-10,4740,30,0.8,0.2,best
DE,potencias,3,157,2.7824085414963434e-10,4770,30,0.8,0.2,best
DE,potencias,3,158,2.7824085414963434e-10,4800,30,0.8,0.2,best
DE,potencias,3,159,2.7824085414963434e-10,4830,30,0.8,0.2,best
DE,potencias,3,160,2.2285455957942548e-10,4860,30,0.8,0.2,best
DE,potencias,3,161,2.2285455957942548e-10,4890,30,0.8,0.2,best
DE,potencias,3,162,1.299061659466519e-10,4920,30,0.8,0.2,best
DE,potencias,3,163,1.1443303788755215e-10,4950,30,0.8,0.2,best
DE,potencias,3,164,1.1443303788755215e-10,4980,30,0.8,0.2,best
DE,potencias,3,165,9.46209333352544e-11,5010,30,0.8,0.2,best
DE,potencias,3,166,8.746619356124833e-11,5040,30,0.8,0.2,best
DE,potencias,3,167,7.361668952786237e-11,5070,30,0.8,0.2,best
DE,potencias,3,168,1.2501763327711543e-11,5100,30,0.8,0.2,best
DE,potencias,3,169,1.2501763327711543e-11,5130,30,0.8,0.2,best
DE,potencias,3,170,1.2501763327711543e-11,5160,30,0.8,0.2,best
DE,potencias,3,171,1.2501763327711543e-11,5190,30,0.8,0.2,best
DE,potencias,3,172,1.2491813284457663e-11,5220,30,0.8,0.2,best
DE,potencias,3,173,1.0590632608768687e-11,5250,30,0.8,0.2,best
DE,potencias,3,174,4.801873487554263e-12,5280,30,0.8,0.2,best
DE,potencias,3,175,1.6638498771437025e-12,5310,30,0.8,0.2,best
DE,potencias,3,176,1.6638498771437025e-12,5340,30,0.8,0.2,best
DE,potencias,3,177,1.6638498727054668e-12,5370,30,0.8,0.2,best
DE,potencias,3,178,1.2859950806074105e-12,5400,30,0.8,0.2,best
DE,potencias,3,179,9.307577959648232e-13,5430,30,0.8,0.2,best
DE,potencias,3,180,9.307577959648232e-13,5460,30,0.8,0.2,best
DE,potencias,3,181,9.307577959648232e-13,5490,30,0.8,0.2,best
DE,potencias,3,182,9.307577959648232e-13,5520,30,0.8,0.2,best
DE,potencias,3,183,9.307577959648232e-13,5550,30,0.8,0.2,best
DE,potencias,3,184,9.307577959648232e-13,5580,30,0.8,0.2,best
DE,potencias,3,185,2.3079047571891784e-13,5610,30,0.8,0.2,best
DE,potencias,3,186,2.3079047571891784e-13,5640,30,0.8,0.2,best
DE,potencias,3,187,2.3079047571891784e-13,5670,30,0.8,0.2,best
DE,potencias,3,188,8.846488197022823e-14,5700,30,0.8,0.2,best
DE,potencias,3,189,8.846488197022823e-14,5730,30,0.8,0.2,best
DE,potencias,3,190,8.846488197022823e-14,5760,30,0.8,0.2,best
DE,potencias,3,191,8.846488197022823e-14,5790,30,0.8,0.2,best
DE,potencias,3,192,8.846488197022823e-14,5820,30,0.8,0.2,best
DE,potencias,3,193,7.135292112933572e-14,5850,30,0.8,0.2,best
DE,potencias,3,194,7.135292112933572e-14,5880,30,0.8,0.2,best
DE,potencias,3,195,1.6212181189203728e-14,5910,30,0.8,0.2,best
DE,potencias,3,196,1.6212181189203728e-14,5940,30,0.8,0.2,best
DE,potencias,3,197,5.202840521202163e-15,5970,30,0.8,0.2,best
DE,potencias,3,198,5.202840521202163e-15,6000,30,0.8,0.2,best
DE,potencias,3,199,5.202840521202163e-15,6030,30,0.8,0.2,best
DE,potencias,3,200,5.161444161821114e-15,6060,30,0.8,0.2,best
DE,potencias,3,201,5.161444161821114e-15,6090,30,0.8,0.2,best
DE,potencias,3,202,5.161444161821114e-15,6120,30,0.8,0.2,best
DE,potencias,3,203,5.161444161821114e-15,6150,30,0.8,0.2,best
DE,potencias,3,204,5.161444161821114e-15,6180,30,0.8,0.2,best
DE,potencias,3,205,5.161444161821114e-15,6210,30,0.8,0.2,best
DE,potencias,3,206,2.946951102439109e-15,6240,30,0.8,0.2,best
DE,potencias,3,207,2.946951102439109e-15,6270,30,0.8,0.2,best
DE,potencias,3,208,2.946951102439109e-15,6300,30,0.8,0.2,best
DE,potencias,3,209,2.946951102439109e-15,6330,30,0.8,0.2,best
DE,potencias,3,210,2.946951102439109e-15,6360,30,0.8,0.2,best
DE,potencias,3,211,2.946951102439109e-15,6390,30,0.8,0.2,best
DE,potencias,3,212,2.946951102439109e-15,6420,30,0.8,0.2,best
DE,potencias,3,213,8.470064274350114e-16,6450,30,0.8,0.2,best
DE,potencias,3,214,8.470064274350114e-16,6480,30,0.8,0.2,best
DE,potencias,3,215,8.470064274350114e-16,6510,30,0.8,0.2,best
DE,potencias,3,216,8.470064274350114e-16,6540,30,0.8,0.2,best
DE,potencias,3,217,8.470064274350114e-16,6570,30,0.8,0.2,best
DE,potencias,3,218,4.493675051275101e-16,6600,30,0.8,0.2,best
DE,potencias,3,219,4.493675051275101e-16,6630,30,0.8,0.2,best
DE,potencias,3,220,4.493675051275101e-16,6660,30,0.8,0.2,best
DE,potencias,3,221,4.493675051275101e-16,6690,30,0.8,0.2,best
DE,potencias,3,222,4.493675051275101e-16,6720,30,0.8,0.2,best
DE,potencias,3,223,4.493675051275101e-16,6750,30,0.8,0.2,best
DE,potencias,3,224,4.493675051275101e-16,6780,30,0.8,0.2,best
DE,potencias,3,225,4.108128785280177e-16,6810,30,0.8,0.2,best
DE,potencias,3,226,4.108128785280177e-16,6840,30,0.8,0.2,best
DE,potencias,3,227,4.108128785280177e-16,6870,30,0.8,0.2,best
DE,potencias,3,228,2.691059699759124e-16,6900,30,0.8,0.2,best
DE,potencias,3,229,2.895136765801431e-17,6930,30,0.8,0.2,best
DE,potencias,3,230,2.039459287244752e-17,6960,30,0.8,0.2,best
DE,potencias,3,231,2.039459287244752e-17,6990,30,0.8,0.2,best
DE,potencias,3,232,2.039459287244752e-17,7020,30,0.8,0.2,best
DE,potencias,3,233,2.039459287244752e-17,7050,30,0.8,0.2,best
DE,potencias,3,234,2.039459287244752e-17,7080,30,0.8,0.2,best
DE,potencias,3,235,2.039459287244752e-17,7110,30,0.8,0.2,best
DE,potencias,3,236,2.039459287244752e-17,7140,30,0.8,0.2,best
DE,potencias,3,237,1.994174489163346e-17,7170,30,0.8,0.2,best
DE,potencias,3,238,1.994174489163346e-17,7200,30,0.8,0.2,best
DE,potencias,3,239,1.981585930514007e-17,7230,30,0.8,0.2,best
DE,potencias,3,240,1.8249386637868058e-17,7260,30,0.8,0.2,best
DE,potencias,3,241,3.66705467204901e-18,7290,30,0.8,0.2,best
DE,potencias,3,242,3.66705467204901e-18,7320,30,0.8,0.2,best
DE,potencias,3,243,3.66705467204901e-18,7350,30,0.8,0.2,best
DE,potencias,3,244,3.66705467204901e-18,7380,30,0.8,0.2,best
DE,potencias,3,245,3.66705467204901e-18,7410,30,0.8,0.2,best
DE,potencias,3,246,3.66705467204901e-18,7440,30,0.8,0.2,best
DE,potencias,3,247,2.675201482693469e-18,7470,30,0.8,0.2,best
DE,potencias,3,248,3.3681769855524275e-19,7500,30,0.8,0.2,best
DE,potencias,3,249,3.3681769855524275e-19,7530,30,0.8,0.2,best
DE,potencias,3,250,3.3681769855524275e-19,7560,30,0.8,0.2,best
DE,potencias,3,251,3.3681769855524275e-19,7590,30,0.8,0.2,best
DE,potencias,3,252,3.3681769855524275e-19,7620,30,0.8,0.2,best
DE,potencias,3,253,3.3681769855524275e-19,7650,30,0.8,0.2,best
DE,potencias,3,254,3.3681769855524275e-19,7680,30,0.8,0.2,best
DE,potencias,3,255,3.3681769855524275e-19,7710,30,0.8,0.2,best
DE,potencias,3,256,3.3681769855524275e-19,7740,30,0.8,0.2,best
DE,potencias,3,257,3.3681769855524275e-19,7770,30,0.8,0.2,best
DE,potencias,3,258,1.0974653851118852e-19,7800,30,0.8,0.2,best
DE,potencias,3,259,8.207641297073409e-20,7830,30,0.8,0.2,best
DE,potencias,3,260,8.207641297073409e-20,7860,30,0.8,0.2,best
DE,potencias,3,261,8.207641297073409e-20,7890,30,0.8,0.2,best
DE,potencias,3,262,8.207641297073409e-20,7920,30,0.8,0.2,best
DE,potencias,3,263,8.207641297073409e-20,7950,30,0.8,0.2,best
DE,potencias,3,264,6.154175237894265e-20,7980,30,0.8,0.2,best
DE,potencias,3,265,6.154175237894265e-20,8010,30,0.8,0.2,best
DE,potencias,3,266,4.0605011110421136e-20,8040,30,0.8,0.2,best
DE,potencias,3,267,4.0605011110421136e-20,8070,30,0.8,0.2,best
DE,potencias,3,268,4.037925504956683e-20,8100,30,0.8,0.2,best
DE,potencias,3,269,1.4014894101672843e-20,8130,30,0.8,0.2,best
DE,potencias,3,270,1.4014894101672843e-20,8160,30,0.8,0.2,best
DE,potencias,3,271,1.4014894101672843e-20,8190,30,0.8,0.2,best
DE,potencias,3,272,1.4014894101672843e-20,8220,30,0.8,0.2,best
DE,potencias,3,273,1.4014894101672843e-20,8250,30,0.8,0.2,best
DE,potencias,3,274,1.4014894101672843e-20,8280,30,0.8,0.2,best
DE,potencias,3,275,9.188462708779294e-21,8310,30,0.8,0.2,best
DE,potencias,3,276,9.100161649539234e-21,8340,30,0.8,0.2,best
DE,potencias,3,277,9.100161649539234e-21,8370,30,0.8,0.2,best
DE,potencias,3,278,4.560239365697266e-21,8400,30,0.8,0.2,best
DE,potencias,3,279,3.131538304003e-21,8430,30,0.8,0.2,best
DE,potencias,3,280,3.131538304003e-21,8460,30,0.8,0.2,best
DE,potencias,3,281,3.131538304003e-21,8490,30,0.8,0.2,best
DE,potencias,3,282,8.70552835083158e-22,8520,30,0.8,0.2,best
DE,potencias,3,283,8.70552835083158e-22,8550,30,0.8,0.2,best
DE,potencias,3,284,8.70552835083158e-22,8580,30,0.8,0.2,best
DE,potencias,3,285,8.70552835083158e-22,8610,30,0.8,0.2,best
DE,potencias,3,286,8.70552835083158e-22,8640,30,0.8,0.2,best
DE,potencias,3,287,8.401408584141678e-22,8670,30,0.8,0.2,best
DE,potencias,3,288,8.401408584141678e-22,8700,30,0.8,0.2,best
DE,potencias,3,289,4.0363791484600823e-22,8730,30,0.8,0.2,best
DE,potencias,3,290,4.0363791484600823e-22,8760,30,0.8,0.2,best
DE,potencias,3,291,4.0363791484600823e-22,8790,30,0.8,0.2,best
DE,potencias,3,292,3.9228029331851e-22,8820,30,0.8,0.2,best
DE,potencias,3,293,1.5200506632710805e-22,8850,30,0.8,0.2,best
DE,potencias,3,294,1.5200506632710805e-22,8880,30,0.8,0.2,best
DE,potencias,3,295,1.5200506632710805e-22,8910,30,0.8,0.2,best
DE,potencias,3,296,1.5200506632710805e-22,8940,30,0.8,0.2,best
DE,potencias,3,297,1.5200506632710805e-22,8970,30,0.8,0.2,best
DE,potencias,3,298,4.168130851564149e-23,9000,30,0.8,0.2,best
DE,potencias,3,299,2.70772622314174e-23,9030,30,0.8,0.2,best
DE,potencias,3,300,2.70772622314174e-23,9060,30,0.8,0.2,best
DE,potencias,3,301,1.5108067513436898e-23,9090,30,0.8,0.2,best
DE,potencias,3,302,1.5108067513436898e-23,9120,30,0.8,0.2,best
DE,potencias,3,303,1.5108067513436898e-23,9150,30,0.8,0.2,best
DE,potencias,3,304,1.5108067513436898e-23,9180,30,0.8,0.2,best
DE,potencias,3,305,1.5108067513436898e-23,9210,30,0.8,0.2,best
DE,potencias,3,306,1.5108067513436898e-23,9240,30,0.8,0.2,best
DE,potencias,3,307,1.5108067513436898e-23,9270,30,0.8,0.2,best
DE,potencias,3,308,1.0429809737982173e-23,9300,30,0.8,0.2,best
DE,potencias,3,309,7.937875617045291e-24,9330,30,0.8,0.2,best
DE,potencias,3,310,1.6370442208794777e-24,9360,30,0.8,0.2,best
DE,potencias,3,311,1.6370442208794777e-24,9390,30,0.8,0.2,best
DE,potencias,3,312,1.6370442208794777e-24,9420,30,0.8,0.2,best
DE,potencias,3,313,1.6370442208794777e-24,9450,30,0.8,0.2,best
DE,potencias,3,314,1.6370442208794777e-24,9480,30,0.8,0.2,best
DE,potencias,3,315,1.6370442208794777e-24,9510,30,0.8,0.2,best
DE,potencias,3,316,1.6370442208794777e-24,9540,30,0.8,0.2,best
DE,potencias,3,317,1.6370442208794777e-24,9570,30,0.8,0.2,best
DE,potencias,3,318,1.6370442208794777e-24,9600,30,0.8,0.2,best
DE,potencias,3,319,1.6370442208794777e-24,9630,30,0.8,0.2,best
DE,potencias,3,320,4.993462748088331e-25,9660,30,0.8,0.2,best
DE,potencias,3,321,4.993462748088331e-25,9690,30,0.8,0.2,best
DE,potencias,3,322,2.269282181670835e-25,9720,30,0.8,0.2,best
DE,potencias,3,323,2.269282181670835e-25,9750,30,0.8,0.2,best
DE,potencias,3,324,2.269282181670835e-25,9780,30,0.8,0.2,best
DE,potencias,3,325,2.269282181670835e-25,9810,30,0.8,0.2,best
DE,potencias,3,326,1.1927025334360828e-25,9840,30,0.8,0.2,best
DE,potencias,3,327,1.125021274096279e-25,9870,30,0.8,0.2,best
DE,potencias,3,328,1.125021274096279e-25,9900,30,0.8,0.2,best
DE,potencias,3,329,1.125021274096279e-25,9930,30,0.8,0.2,best
DE,potencias,3,330,7.984214570818047e-26,9960,30,0.8,0.2,best
DE,potencias,3,331,7.984214570818047e-26,9990,30,0.8,0.2,best
DE,potencias,3,332,7.984214570818047e-26,10020,30,0.8,0.2,best
DE,potencias,3,333,7.984214570818047e-26,10050,30,0.8,0.2,best
DE,potencias,3,334,7.984214570818047e-26,10080,30,0.8,0.2,best
DE,potencias,3,335,7.984214570818047e-26,10110,30,0.8,0.2,best
DE,potencias,3,336,4.0745574760973945e-26,10140,30,0.8,0.2,best
DE,potencias,3,337,4.0745574760973945e-26,10170,30,0.8,0.2,best
DE,potencias,3,338,2.888253861068448e-26,10200,30,0.8,0.2,best
DE,potencias,3,339,2.888253861068448e-26,10230,30,0.8,0.2,best
DE,potencias,3,340,2.888253861068448e-26,10260,30,0.8,0.2,best
DE,potencias,3,341,1.6189605634695698e-26,10290,30,0.8,0.2,best
DE,potencias,3,342,7.716702678369085e-27,10320,30,0.8,0.2,best
DE,potencias,3,343,7.716702678369085e-27,10350,30,0.8,0.2,best
DE,potencias,3,344,7.716702678369085e-27,10380,30,0.8,0.2,best
DE,potencias,3,345,1.3368517536534958e-27,10410,30,0.8,0.2,best
DE,potencias,3,346,1.3368517536534958e-27,10440,30,0.8,0.2,best
DE,potencias,3,347,1.077969150050241e-27,10470,30,0.8,0.2,best
DE,potencias,3,348,2.6902117459619244e-28,10500,30,0.8,0.2,best
DE,potencias,3,349,2.6902117459619244e-28,10530,30,0.8,0.2,best
DE,potencias,3,350,2.6902117459619244e-28,10560,30,0.8,0.2,best
DE,potencias,3,351,2.6902117459619244e-28,10590,30,0.8,0.2,best
DE,potencias,3,352,2.6902117459619244e-28,10620,30,0.8,0.2,best
DE,potencias,3,353,2.6902117459619244e-28,10650,30,0.8,0.2,best
DE,potencias,3,354,2.6902117459619244e-28,10680,30,0.8,0.2,best
DE,potencias,3,355,2.6902117459619244e-28,10710,30,0.8,0.2,best
DE,potencias,3,356,2.6902117459619244e-28,10740,30,0.8,0.2,best
DE,potencias,3,357,2.6902117459619244e-28,10770,30,0.8,0.2,best
DE,potencias,3,358,2.6902117459619244e-28,10800,30,0.8,0.2,best
DE,potencias,3,359,2.6902117459619244e-28,10830,30,0.8,0.2,best
DE,potencias,3,360,2.6902117459619244e-28,10860,30,0.8,0.2,best
DE,potencias,3,361,2.6902117459619244e-28,10890,30,0.8,0.2,best
DE,potencias,3,362,2.6902117459619244e-28,10920,30,0.8,0.2,best
DE,potencias,3,363,1.7096279828487378e-28,10950,30,0.8,0.2,best
DE,potencias,3,364,1.0535407190516352e-28,10980,30,0.8,0.2,best
DE,potencias,3,365,3.8118777404969385e-29,11010,30,0.8,0.2,best
DE,potencias,3,366,2.795450935451602e-29,11040,30,0.8,0.2,best
DE,potencias,3,367,2.3687550965638239e-29,11070,30,0.8,0.2,best
DE,potencias,3,368,2.3687550965638239e-29,11100,30,0.8,0.2,best
DE,potencias,3,369,2.3687550965638239e-29,11130,30,0.8,0.2,best
DE,potencias,3,370,2.368337552716201e-29,11160,30,0.8,0.2,best
DE,potencias,3,371,2.368337552716201e-29,11190,30,0.8,0.2,best
DE,potencias,3,372,2.368337552716201e-29,11220,30,0.8,0.2,best
DE,potencias,3,373,2.368337552716201e-29,11250,30,0.8,0.2,best
DE,potencias,3,374,3.397081724699519e-30,11280,30,0.8,0.2,best
DE,potencias,3,375,3.397081724699519e-30,11310,30,0.8,0.2,best
DE,potencias,3,376,3.397081724699519e-30,11340,30,0.8,0.2,best
DE,potencias,3,377,3.123611665522557e-30,11370,30,0.8,0.2,best
DE,potencias,3,378,3.123611665522557e-30,11400,30,0.8,0.2,best
DE,potencias,3,379,3.123611665522557e-30,11430,30,0.8,0.2,best
DE,potencias,3,380,2.075727441976222e-30,11460,30,0.8,0.2,best
DE,potencias,3,381,2.075727441976222e-30,11490,30,0.8,0.2,best
DE,potencias,3,382,1.4969187639895268e-31,11520,30,0.8,0.2,best
DE,potencias,3,383,1.4969187639895268e-31,11550,30,0.8,0.2,best
DE,potencias,3,384,1.4969187639895268e-31,11580,30,0.8,0.2,best
DE,potencias,3,385,1.4969187639895268e-31,11610,30,0.8,0.2,best
DE,potencias,3,386,1.4969187639895268e-31,11640,30,0.8,0.2,best
DE,potencias,3,387,1.4969187639895268e-31,11670,30,0.8,0.2,best
DE,potencias,3,388,1.4969187639895268e-31,11700,30,0.8,0.2,best
DE,potencias,3,389,1.4969187639895268e-31,11730,30,0.8,0.2,best
DE,potencias,3,390,1.3820594742139903e-31,11760,30,0.8,0.2,best
DE,potencias,3,391,1.3820594742139903e-31,11790,30,0.8,0.2,best
DE,potencias,3,392,1.3820594742139903e-31,11820,30,0.8,0.2,best
DE,potencias,3,393,1.3191999717209323e-31,11850,30,0.8,0.2,best
DE,potencias,3,394,4.290594450051419e-33,11880,30,0.8,0.2,best
DE,potencias,3,395,4.290594450051419e-33,11910,30,0.8,0.2,best
DE,potencias,3,396,2.7118371363647653e-33,11940,30,0.8,0.2,best
DE,potencias,3,397,2.7118371363647653e-33,11970,30,0.8,0.2,best
DE,potencias,3,398,2.7118371363647653e-33,12000,30,0.8,0.2,best
DE,potencias,3,399,2.7118371363647653e-33,12030,30,0.8,0.2,best
DE,potencias,3,400,2.7118371363647653e-33,12060,30,0.8,0.2,best
DE,potencias,3,401,2.7118371363647653e-33,12090,30,0.8,0.2,best
DE,potencias,3,402,2.7118371363647653e-33,12120,30,0.8,0.2,best
DE,potencias,3,403,2.7118371363647653e-33,12150,30,0.8,0.2,best
DE,potencias,3,404,2.7118371363647653e-33,12180,30,0.8,0.2,best
DE,potencias,3,405,2.7118371363647653e-33,12210,30,0.8,0.2,best
DE,potencias,3,406,2.7118371363647653e-33,12240,30,0.8,0.2,best
DE,potencias,3,407,2.1323650735187033e-33,12270,30,0.8,0.2,best
DE,potencias,3,408,2.1323650735187033e-33,12300,30,0.8,0.2,best
DE,potencias,3,409,2.1323650735187033e-33,12330,30,0.8,0.2,best
DE,potencias,3,410,2.1323650735187033e-33,12360,30,0.8,0.2,best
DE,potencias,3,411,2.132002977362393e-33,12390,30,0.8,0.2,best
DE,potencias,3,412,2.132002977362393e-33,12420,30,0.8,0.2,best
DE,potencias,3,413,6.294939952190848e-34,12450,30,0.8,0.2,best
DE,potencias,3,414,6.294939952190848e-34,12480,30,0.8,0.2,best
DE,potencias,3,415,6.294939952190848e-34,12510,30,0.8,0.2,best
DE,potencias,3,416,5.467284407102888e-34,12540,30,0.8,0.2,best
DE,potencias,3,417,2.454421906481812e-34,12570,30,0.8,0.2,best
DE,potencias,3,418,2.454421906481812e-34,12600,30,0.8,0.2,best
DE,potencias,3,419,2.454421906481812e-34,12630,30,0.8,0.2,best
DE,potencias,3,420,1.5396601733256157e-34,12660,30,0.8,0.2,best
DE,potencias,3,421,1.953863546865074e-35,12690,30,0.8,0.2,best
DE,potencias,3,422,1.953863546865074e-35,12720,30,0.8,0.2,best
DE,potencias,3,423,1.953863546865074e-35,12750,30,0.8,0.2,best
DE,potencias,3,424,1.953863546865074e-35,12780,30,0.8,0.2,best
DE,potencias,3,425,1.953863546865074e-35,12810,30,0.8,0.2,best
DE,potencias,3,426,1.953863546865074e-35,12840,30,0.8,0.2,best
DE,potencias,3,427,4.023685076066941e-36,12870,30,0.8,0.2,best
DE,potencias,3,428,4.023685076066941e-36,12900,30,0.8,0.2,best
DE,potencias,3,429,4.023685076066941e-36,12930,30,0.8,0.2,best
DE,potencias,3,430,4.023685076066941e-36,12960,30,0.8,0.2,best
DE,potencias,3,431,4.023685076066941e-36,12990,30,0.8,0.2,best
DE,potencias,3,432,4.023685076066941e-36,13020,30,0.8,0.2,best
DE,potencias,3,433,4.023685076066941e-36,13050,30,0.8,0.2,best
DE,potencias,3,434,4.023685076066941e-36,13080,30,0.8,0.2,best
DE,potencias,3,435,1.8956840609145604e-36,13110,30,0.8,0.2,best
DE,potencias,3,436,1.8956840609145604e-36,13140,30,0.8,0.2,best
DE,potencias,3,437,1.8956840609145604e-36,13170,30,0.8,0.2,best
DE,potencias,3,438,7.319022298174511e-38,13200,30,0.8,0.2,best
DE,potencias,3,439,7.319022298174511e-38,13230,30,0.8,0.2,best
DE,potencias,3,440,7.319022298174511e-38,13260,30,0.8,0.2,best
DE,potencias,3,441,7.319022298174511e-38,13290,30,0.8,0.2,best
DE,potencias,3,442,6.791614919147753e-38,13320,30,0.8,0.2,best
DE,potencias,3,443,6.780805645945182e-38,13350,30,0.8,0.2,best
DE,potencias,3,444,6.780805645945182e-38,13380,30,0.8,0.2,best
DE,potencias,3,445,6.780805645945182e-38,13410,30,0.8,0.2,best
DE,potencias,3,446,6.780805645945182e-38,13440,30,0.8,0.2,best
DE,potencias,3,447,6.780805645945182e-38,13470,30,0.8,0.2,best
DE,potencias,3,448,5.778700075989318e-38,13500,30,0.8,0.2,best
DE,potencias,3,449,5.778700075989318e-38,13530,30,0.8,0.2,best
DE,potencias,3,450,5.778700075989318e-38,13560,30,0.8,0.2,best
DE,potencias,3,451,2.5683659346207124e-38,13590,30,0.8,0.2,best
DE,potencias,3,452,2.5683659346207124e-38,13620,30,0.8,0.2,best
DE,potencias,3,453,2.2529386184726264e-38,13650,30,0.8,0.2,best
DE,potencias,3,454,2.2529386184726264e-38,13680,30,0.8,0.2,best
DE,potencias,3,455,2.2529386184726264e-38,13710,30,0.8,0.2,best
DE,potencias,3,456,1.1166954663668366e-38,13740,30,0.8,0.2,best
DE,potencias,3,457,1.1166954663668366e-38,13770,30,0.8,0.2,best
DE,potencias,3,458,1.1166954663668366e-38,13800,30,0.8,0.2,best
DE,potencias,3,459,1.1166953694452625e-38,13830,30,0.8,0.2,best
DE,potencias,3,460,3.9310157203095386e-39,13860,30,0.8,0.2,best
DE,potencias,3,461,3.7737570217072115e-39,13890,30,0.8,0.2,best
DE,potencias,3,462,2.7218508658351183e-39,13920,30,0.8,0.2,best
DE,potencias,3,463,2.7218508658351183e-39,13950,30,0.8,0.2,best
DE,potencias,3,464,3.736755466185913e-40,13980,30,0.8,0.2,best
DE,potencias,3,465,3.736755466185913e-40,14010,30,0.8,0.2,best
DE,potencias,3,466,3.736755466185913e-40,14040,30,0.8,0.2,best
DE,potencias,3,467,3.736755466185913e-40,14070,30,0.8,0.2,best
DE,potencias,3,468,3.736755466185913e-40,14100,30,0.8,0.2,best
DE,potencias,3,469,3.736755466185913e-40,14130,30,0.8,0.2,best
DE,potencias,3,470,2.347213801246084e-40,14160,30,0.8,0.2,best
DE,potencias,3,471,2.347213801246084e-40,14190,30,0.8,0.2,best
DE,potencias,3,472,8.748546693892537e-41,14220,30,0.8,0.2,best
DE,potencias,3,473,1.001573209521919e-41,14250,30,0.8,0.2,best
DE,potencias,3,474,1.001573209521919e-41,14280,30,0.8,0.2,best
DE,potencias,3,475,1.001573209521919e-41,14310,30,0.8,0.2,best
DE,potencias,3,476,1.001573209521919e-41,14340,30,0.8,0.2,best
DE,potencias,3,477,1.001573209521919e-41,14370,30,0.8,0.2,best
DE,potencias,3,478,1.001573209521919e-41,14400,30,0.8,0.2,best
DE,potencias,3,479,1.001573209521919e-41,14430,30,0.8,0.2,best
DE,potencias,3,480,1.001573209521919e-41,14460,30,0.8,0.2,best
DE,potencias,3,481,8.73728390639948e-42,14490,30,0.8,0.2,best
DE,potencias,3,482,8.73728390639948e-42,14520,30,0.8,0.2,best
DE,potencias,3,483,8.73728390639948e-42,14550,30,0.8,0.2,best
DE,potencias,3,484,1.2566202100924651e-42,14580,30,0.8,0.2,best
DE,potencias,3,485,3.4041747607585483e-43,14610,30,0.8,0.2,best
DE,potencias,3,486,3.4041747607585483e-43,14640,30,0.8,0.2,best
DE,potencias,3,487,3.4041747607585483e-43,14670,30,0.8,0.2,best
DE,potencias,3,488,3.4041747607585483e-43,14700,30,0.8,0.2,best
DE,potencias,3,489,3.4041747607585483e-43,14730,30,0.8,0.2,best
DE,potencias,3,490,3.4041747607585483e-43,14760,30,0.8,0.2,best
DE,potencias,3,491,2.5439060389167164e-43,14790,30,0.8,0.2,best
DE,potencias,3,492,7.378395445372048e-44,14820,30,0.8,0.2,best
DE,potencias,3,493,7.378395445372048e-44,14850,30,0.8,0.2,best
DE,potencias,3,494,7.378395445372048e-44,14880,30,0.8,0.2,best
DE,potencias,3,495,7.378395445372048e-44,14910,30,0.8,0.2,best
DE,potencias,3,496,7.378395445372048e-44,14940,30,0.8,0.2,best
DE,potencias,3,497,7.378395445372048e-44,14970,30,0.8,0.2,best
DE,potencias,3,498,5.140115957718338e-44,15000,30,0.8,0.2,best
DE,potencias,3,499,2.544421843582034e-44,15030,30,0.8,0.2,best
DE,potencias,3,500,6.115672980096359e-45,15060,30,0.8,0.2,best
DE,potencias,3,501,6.115672980096359e-45,15090,30,0.8,0.2,best
DE,potencias,3,502,6.115672980096359e-45,15120,30,0.8,0.2,best
DE,potencias,3,503,6.115672980096359e-45,15150,30,0.8,0.2,best
DE,potencias,3,504,4.312054792423485e-45,15180,30,0.8,0.2,best
DE,potencias,3,505,4.312054792423485e-45,15210,30,0.8,0.2,best
DE,potencias,3,506,4.312054792423485e-45,15240,30,0.8,0.2,best
DE,potencias,3,507,1.7832562132582832e-45,15270,30,0.8,0.2,best
DE,potencias,3,508,1.2244889286310442e-45,15300,30,0.8,0.2,best
DE,potencias,3,509,1.2244889286310442e-45,15330,30,0.8,0.2,best
DE,potencias,3,510,1.2244889286310442e-45,15360,30,0.8,0.2,best
DE,potencias,3,511,4.4849719620873586e-46,15390,30,0.8,0.2,best
DE,potencias,3,512,4.4849719620873586e-46,15420,30,0.8,0.2,best
DE,potencias,3,513,4.4849719620873586e-46,15450,30,0.8,0.2,best
DE,potencias,3,514,3.4926680602048536e-46,15480,30,0.8,0.2,best
DE,potencias,3,515,2.9474795441348913e-46,15510,30,0.8,0.2,best
DE,potencias,3,516,2.4240128951018404e-46,15540,30,0.8,0.2,best
DE,potencias,3,517,2.4240128951018404e-46,15570,30,0.8,0.2,best
DE,potencias,3,518,9.858043689623822e-48,15600,30,0.8,0.2,best
DE,potencias,3,519,9.481734256654463e-48,15630,30,0.8,0.2,best
DE,potencias,3,520,9.481734256654463e-48,15660,30,0.8,0.2,best
DE,potencias,3,521,9.481734256654463e-48,15690,30,0.8,0.2,best
DE,potencias,3,522,9.481734256654463e-48,15720,30,0.8,0.2,best
DE,potencias,3,523,9.481734256654463e-48,15750,30,0.8,0.2,best
DE,potencias,3,524,9.481734256654463e-48,15780,30,0.8,0.2,best
DE,potencias,3,525,4.374448438954527e-48,15810,30,0.8,0.2,best
DE,potencias,3,526,4.374448438954527e-48,15840,30,0.8,0.2,best
DE,potencias,3,527,4.374448438954527e-48,15870,30,0.8,0.2,best
DE,potencias,3,528,4.2582558016183735e-48,15900,30,0.8,0.2,best
DE,potencias,3,529,4.209729416424195e-48,15930,30,0.8,0.2,best
DE,potencias,3,530,4.209729416424195e-48,15960,30,0.8,0.2,best
DE,potencias,3,531,1.6758957710210256e-48,15990,30,0.8,0.2,best
DE,potencias,3,532,1.6758957710210256e-48,16020,30,0.8,0.2,best
DE,potencias,3,533,5.206580578737278e-49,16050,30,0.8,0.2,best
DE,potencias,3,534,5.206580578737278e-49,16080,30,0.8,0.2,best
DE,potencias,3,535,5.206580578737278e-49,16110,30,0.8,0.2,best
DE,potencias,3,536,5.206580578737278e-49,16140,30,0.8,0.2,best
DE,potencias,3,537,5.206580578737278e-49,16170,30,0.8,0.2,best
DE,potencias,3,538,5.206580578737278e-49,16200,30,0.8,0.2,best
DE,potencias,3,539,5.206580578737278e-49,16230,30,0.8,0.2,best
DE,potencias,3,540,1.6617044352833346e-49,16260,30,0.8,0.2,best
DE,potencias,3,541,1.6617044352833346e-49,16290,30,0.8,0.2,best
DE,potencias,3,542,1.6617044352833346e-49,16320,30,0.8,0.2,best
DE,potencias,3,543,3.036040477371056e-50,16350,30,0.8,0.2,best
DE,potencias,3,544,3.036040477371056e-50,16380,30,0.8,0.2,best
DE,potencias,3,545,3.036040477371056e-50,16410,30,0.8,0.2,best
DE,potencias,3,546,2.5782075928187094e-50,16440,30,0.8,0.2,best
DE,potencias,3,547,2.5782075928187094e-50,16470,30,0.8,0.2,best
DE,potencias,3,548,2.5782075928187094e-50,16500,30,0.8,0.2,best
DE,potencias,3,549,2.5782075928187094e-50,16530,30,0.8,0.2,best
DE,potencias,3,550,1.3949379592825246e-50,16560,30,0.8,0.2,best
DE,potencias,3,551,8.614819361108836e-52,16590,30,0.8,0.2,best
DE,potencias,3,552,8.614819361108836e-52,16620,30,0.8,0.2,best
DE,potencias,3,553,8.051648927465173e-52,16650,30,0.8,0.2,best
DE,potencias,3,554,8.051648927465173e-52,16680,30,0.8,0.2,best
DE,potencias,3,555,2.8853953676569617e-52,16710,30,0.8,0.2,best
DE,potencias,3,556,1.6277316866076434e-52,16740,30,0.8,0.2,best
DE,potencias,3,557,1.6277316866076434e-52,16770,30,0.8,0.2,best
DE,potencias,3,558,1.6277316866076434e-52,16800,30,0.8,0.2,best
DE,potencias,3,559,1.6277316866076434e-52,16830,30,0.8,0.2,best
DE,potencias,3,560,1.6277316866076434e-52,16860,30,0.8,0.2,best
DE,potencias,3,561,1.6277316866076434e-52,16890,30,0.8,0.2,best
DE,potencias,3,562,4.325282238378097e-53,16920,30,0.8,0.2,best
DE,potencias,3,563,1.1081880392900243e-53,16950,30,0.8,0.2,best
DE,potencias,3,564,1.1081880392900243e-53,16980,30,0.8,0.2,best
DE,potencias,3,565,3.078129831577499e-54,17010,30,0.8,0.2,best
DE,potencias,3,566,3.078129831577499e-54,17040,30,0.8,0.2,best
DE,potencias,3,567,2.891647666931223e-54,17070,30,0.8,0.2,best
DE,potencias,3,568,2.891647666931223e-54,17100,30,0.8,0.2,best
DE,potencias,3,569,2.891647666931223e-54,17130,30,0.8,0.2,best
DE,potencias,3,570,2.891647666931223e-54,17160,30,0.8,0.2,best
DE,potencias,3,571,2.4634962913483189e-54,17190,30,0.8,0.2,best
DE,potencias,3,572,2.4477736717030227e-54,17220,30,0.8,0.2,best
DE,potencias,3,573,1.3020464445399707e-54,17250,30,0.8,0.2,best
DE,potencias,3,574,5.628556690229941e-55,17280,30,0.8,0.2,best
DE,potencias,3,575,3.2491559394136444e-55,17310,30,0.8,0.2,best
DE,potencias,3,576,3.2491559394136444e-55,17340,30,0.8,0.2,best
DE,potencias,3,577,3.2491559394136444e-55,17370,30,0.8,0.2,best
DE,potencias,3,578,3.2491559394136444e-55,17400,30,0.8,0.2,best
DE,potencias,3,579,3.2491559394136444e-55,17430,30,0.8,0.2,best
DE,potencias,3,580,3.2078358975150872e-55,17460,30,0.8,0.2,best
DE,potencias,3,581,2.8527440679442313e-56,17490,30,0.8,0.2,best
DE,potencias,3,582,2.8356363487868885e-56,17520,30,0.8,0.2,best
DE,potencias,3,583,8.98264871128019e-57,17550,30,0.8,0.2,best
DE,potencias,3,584,8.188338598849943e-58,17580,30,0.8,0.2,best
DE,potencias,3,585,8.188338598849943e-58,17610,30,0.8,0.2,best
DE,potencias,3,586,8.188338598849943e-58,17640,30,0.8,0.2,best
DE,potencias,3,587,8.188338598849943e-58,17670,30,0.8,0.2,best
DE,potencias,3,588,8.188338598849943e-58,17700,30,0.8,0.2,best
DE,potencias,3,589,8.188338598849943e-58,17730,30,0.8,0.2,best
DE,potencias,3,590,8.188338598849943e-58,17760,30,0.8,0.2,best
DE,potencias,3,591,8.188338598849943e-58,17790,30,0.8,0.2,best
DE,potencias,3,592,6.1745958148796284e-58,17820,30,0.8,0.2,best
DE,potencias,3,593,6.006305215680717e-58,17850,30,0.8,0.2,best
DE,potencias,3,594,6.006305215680717e-58,17880,30,0.8,0.2,best
DE,potencias,3,595,5.5123728435768665e-58,17910,30,0.8,0.2,best
DE,potencias,3,596,5.5123728435768665e-58,17940,30,0.8,0.2,best
DE,potencias,3,597,9.858648550681596e-59,17970,30,0.8,0.2,best
DE,potencias,3,598,6.645155533429149e-59,18000,30,0.8,0.2,best
DE,potencias,3,599,6.645155533429149e-59,18030,30,0.8,0.2,best
DE,potencias,3,600,6.645155533429149e-59,18060,30,0.8,0.2,best
DE,potencias,3,601,6.645155533429149e-59,18090,30,0.8,0.2,best
DE,potencias,3,602,6.645155533429149e-59,18120,30,0.8,0.2,best
DE,potencias,3,603,6.645155533429149e-59,18150,30,0.8,0.2,best
DE,potencias,3,604,7.047804574997433e-60,18180,30,0.8,0.2,best
DE,potencias,3,605,7.047804574997433e-60,18210,30,0.8,0.2,best
DE,potencias,3,606,7.047804574997433e-60,18240,30,0.8,0.2,best
DE,potencias,3,607,7.047804574997433e-60,18270,30,0.8,0.2,best
DE,potencias,3,608,7.047804574997433e-60,18300,30,0.8,0.2,best
DE,potencias,3,609,7.047804574997433e-60,18330,30,0.8,0.2,best
DE,potencias,3,610,2.7616911371527476e-60,18360,30,0.8,0.2,best
DE,potencias,3,611,2.7616911371527476e-60,18390,30,0.8,0.2,best
DE,potencias,3,612,2.2038440593938807e-60,18420,30,0.8,0.2,best
DE,potencias,3,613,2.2038440593938807e-60,18450,30,0.8,0.2,best
DE,potencias,3,614,1.3782883161906557e-60,18480,30,0.8,0.2,best
DE,potencias,3,615,1.3782883161906557e-60,18510,30,0.8,0.2,best
DE,potencias,3,616,1.3782883161906557e-60,18540,30,0.8,0.2,best
DE,potencias,3,617,5.24703980574246e-61,18570,30,0.8,0.2,best
DE,potencias,3,618,5.24703980574246e-61,18600,30,0.8,0.2,best
DE,potencias,3,619,5.24703980574246e-61,18630,30,0.8,0.2,best
DE,potencias,3,620,5.24703980574246e-61,18660,30,0.8,0.2,best
DE,potencias,3,621,5.24703980574246e-61,18690,30,0.8,0.2,best
DE,potencias,3,622,4.365820898015194e-61,18720,30,0.8,0.2,best
DE,potencias,3,623,2.5650686390816546e-61,18750,30,0.8,0.2,best
DE,potencias,3,624,2.4045910941926068e-61,18780,30,0.8,0.2,best
DE,potencias,3,625,5.840517079476799e-62,18810,30,0.8,0.2,best
DE,potencias,3,626,3.420886654596321e-62,18840,30,0.8,0.2,best
DE,potencias,3,627,3.420886654596321e-62,18870,30,0.8,0.2,best
DE,potencias,3,628,3.420886654596321e-62,18900,30,0.8,0.2,best
DE,potencias,3,629,3.420886654596321e-62,18930,30,0.8,0.2,best
DE,potencias,3,630,1.6752774450921168e-62,18960,30,0.8,0.2,best
DE,potencias,3,631,2.2547772613406174e-63,18990,30,0.8,0.2,best
DE,potencias,3,632,2.062384727598377e-63,19020,30,0.8,0.2,best
DE,potencias,3,633,2.062384727598377e-63,19050,30,0.8,0.2,best
DE,potencias,3,634,2.062384727598377e-63,19080,30,0.8,0.2,best
DE,potencias,3,635,2.062384727598377e-63,19110,30,0.8,0.2,best
DE,potencias,3,636,1.3667330300961896e-65,19140,30,0.8,0.2,best
DE,potencias,3,637,1.3667330300961896e-65,19170,30,0.8,0.2,best
DE,potencias,3,638,1.3667330300961896e-65,19200,30,0.8,0.2,best
DE,potencias,3,639,1.3667330300961896e-65,19230,30,0.8,0.2,best
DE,potencias,3,640,5.650628422909733e-66,19260,30,0.8,0.2,best
DE,potencias,3,641,5.650628422909733e-66,19290,30,0.8,0.2,best
DE,potencias,3,642,5.650628422909733e-66,19320,30,0.8,0.2,best
DE,potencias,3,643,5.650628422909733e-66,19350,30,0.8,0.2,best
DE,potencias,3,644,5.650628422909733e-66,19380,30,0.8,0.2,best
DE,potencias,3,645,5.650628422909733e-66,19410,30,0.8,0.2,best
DE,potencias,3,646,5.650628422909733e-66,19440,30,0.8,0.2,best
DE,potencias,3,647,5.110620968654537e-66,19470,30,0.8,0.2,best
DE,potencias,3,648,4.249885455254504e-66,19500,30,0.8,0.2,best
DE,potencias,3,649,4.1851803438978927e-66,19530,30,0.8,0.2,best
DE,potencias,3,650,1.573375058525578e-68,19560,30,0.8,0.2,best
DE,potencias,3,651,1.573375058525578e-68,19590,30,0.8,0.2,best
DE,potencias,3,652,1.573375058525578e-68,19620,30,0.8,0.2,best
DE,potencias,3,653,1.573375058525578e-68,19650,30,0.8,0.2,best
DE,potencias,3,654,1.573375058525578e-68,19680,30,0.8,0.2,best
DE,potencias,3,655,1.573375058525578e-68,19710,30,0.8,0.2,best
DE,potencias,3,656,1.573375058525578e-68,19740,30,0.8,0.2,best
DE,potencias,3,657,1.573375058525578e-68,19770,30,0.8,0.2,best
DE,potencias,3,658,1.573375058525578e-68,19800,30,0.8,0.2,best
DE,potencias,3,659,1.6606622521647324e-69,19830,30,0.8,0.2,best
DE,potencias,3,660,1.6606622521647324e-69,19860,30,0.8,0.2,best
DE,potencias,3,661,1.6606622521647324e-69,19890,30,0.8,0.2,best
DE,potencias,3,662,1.493276576833615e-69,19920,30,0.8,0.2,best
DE,potencias,3,663,1.493276576833615e-69,19950,30,0.8,0.2,best
DE,potencias,3,664,1.493276576833615e-69,19980,30,0.8,0.2,best
DE,potencias,3,665,1.493276576833615e-69,20010,30,0.8,0.2,best
DE,potencias,3,666,1.91479555187358e-70,20040,30,0.8,0.2,best
DE,potencias,3,667,1.91479555187358e-70,20070,30,0.8,0.2,best
DE,potencias,3,668,1.91479555187358e-70,20100,30,0.8,0.2,best
DE,potencias,3,669,1.91479555187358e-70,20130,30,0.8,0.2,best
DE,potencias,3,670,1.914795144450911e-70,20160,30,0.8,0.2,best
DE,potencias,3,671,1.914795144450911e-70,20190,30,0.8,0.2,best
DE,potencias,3,672,1.914795144450911e-70,20220,30,0.8,0.2,best
DE,potencias,3,673,7.882071133340097e-72,20250,30,0.8,0.2,best
DE,potencias,3,674,2.995531282521298e-72,20280,30,0.8,0.2,best
DE,potencias,3,675,2.995531282521298e-72,20310,30,0.8,0.2,best
DE,potencias,3,676,2.995531282521298e-72,20340,30,0.8,0.2,best
DE,potencias,3,677,5.307448613755044e-73,20370,30,0.8,0.2,best
DE,potencias,3,678,5.307448613755044e-73,20400,30,0.8,0.2,best
DE,potencias,3,679,5.307448613755044e-73,20430,30,0.8,0.2,best
DE,potencias,3,680,4.2317539033071925e-73,20460,30,0.8,0.2,best
DE,potencias,3,681,4.2317539033071925e-73,20490,30,0.8,0.2,best
DE,potencias,3,682,1.8798571457022263e-73,20520,30,0.8,0.2,best
DE,potencias,3,683,1.8798571457022263e-73,20550,30,0.8,0.2,best
DE,potencias,3,684,6.0272354751643605e-74,20580,30,0.8,0.2,best
DE,potencias,3,685,6.0272354751643605e-74,20610,30,0.8,0.2,best
DE,potencias,3,686,5.694508798678666e-74,20640,30,0.8,0.2,best
DE,potencias,3,687,2.7678151577794023e-74,20670,30,0.8,0.2,best
DE,potencias,3,688,1.157466366783694e-74,20700,30,0.8,0.2,best
DE,potencias,3,689,1.157466366783694e-74,20730,30,0.8,0.2,best
DE,potencias,3,690,1.157466366783694e-74,20760,30,0.8,0.2,best
DE,potencias,3,691,6.352075996081461e-75,20790,30,0.8,0.2,best
DE,potencias,3,692,6.352075996081461e-75,20820,30,0.8,0.2,best
DE,potencias,3,693,6.352075996081461e-75,20850,30,0.8,0.2,best
DE,potencias,3,694,6.352075996081461e-75,20880,30,0.8,0.2,best
DE,potencias,3,695,4.557614295291754e-75,20910,30,0.8,0.2,best
DE,potencias,3,696,3.6287116312077713e-75,20940,30,0.8,0.2,best
DE,potencias,3,697,3.6112947500613274e-75,20970,30,0.8,0.2,best
DE,potencias,3,698,1.240039338358764e-75,21000,30,0.8,0.2,best
DE,potencias,3,699,5.530369090399001e-76,21030,30,0.8,0.2,best
DE,potencias,3,700,5.530369090399001e-76,21060,30,0.8,0.2,best
DE,potencias,3,701,3.321101120523259e-79,21090,30,0.8,0.2,best
DE,potencias,3,702,3.321101120523259e-79,21120,30,0.8,0.2,best
DE,potencias,3,703,3.321101120523259e-79,21150,30,0.8,0.2,best
DE,potencias,3,704,3.321101120523259e-79,21180,30,0.8,0.2,best
DE,potencias,3,705,2.9227266568417526e-79,21210,30,0.8,0.2,best
DE,potencias,3,706,2.9227266568417526e-79,21240,30,0.8,0.2,best
DE,potencias,3,707,2.9227266568417526e-79,21270,30,0.8,0.2,best
DE,potencias,3,708,1.4948641267818563e-79,21300,30,0.8,0.2,best
DE,potencias,3,709,4.246318466656671e-80,21330,30,0.8,0.2,best
DE,potencias,3,710,1.2610150563910263e-81,21360,30,0.8,0.2,best
DE,potencias,3,711,1.2610150563910263e-81,21390,30,0.8,0.2,best
DE,potencias,3,712,1.2610150563910263e-81,21420,30,0.8,0.2,best
DE,potencias,3,713,1.2610150563910263e-81,21450,30,0.8,0.2,best
DE,potencias,3,714,1.2610150563910263e-81,21480,30,0.8,0.2,best
DE,potencias,3,715,8.424975653170018e-82,21510,30,0.8,0.2,best
DE,potencias,3,716,4.3274856803393664e-82,21540,30,0.8,0.2,best
DE,potencias,3,717,4.3274856803393664e-82,21570,30,0.8,0.2,best
DE,potencias,3,718,4.3274856803393664e-82,21600,30,0.8,0.2,best
DE,potencias,3,719,4.3274856803393664e-82,21630,30,0.8,0.2,best
DE,potencias,3,720,4.3274856803393664e-82,21660,30,0.8,0.2,best
DE,potencias,3,721,9.38812791967742e-84,21690,30,0.8,0.2,best
DE,potencias,3,722,9.38812791967742e-84,21720,30,0.8,0.2,best
DE,potencias,3,723,9.38812791967742e-84,21750,30,0.8,0.2,best
DE,potencias,3,724,9.38812791967742e-84,21780,30,0.8,0.2,best
DE,potencias,3,725,9.38812791967742e-84,21810,30,0.8,0.2,best
DE,potencias,3,726,8.902308610347948e-84,21840,30,0.8,0.2,best
DE,potencias,3,727,8.774477428185999e-84,21870,30,0.8,0.2,best
DE,potencias,3,728,4.6091432178886615e-85,21900,30,0.8,0.2,best
DE,potencias,3,729,2.610412065787516e-85,21930,30,0.8,0.2,best
DE,potencias,3,730,2.610412065787516e-85,21960,30,0.8,0.2,best
DE,potencias,3,731,2.610412065787516e-85,21990,30,0.8,0.2,best
DE,potencias,3,732,2.610412065787516e-85,22020,30,0.8,0.2,best
DE,potencias,3,733,2.610412065787516e-85,22050,30,0.8,0.2,best
DE,potencias,3,734,4.66878950253809e-87,22080,30,0.8,0.2,best
DE,potencias,3,735,4.66878950253809e-87,22110,30,0.8,0.2,best
DE,potencias,3,736,4.66878950253809e-87,22140,30,0.8,0.2,best
DE,potencias,3,737,4.66878950253809e-87,22170,30,0.8,0.2,best
DE,potencias,3,738,4.66878950253809e-87,22200,30,0.8,0.2,best
DE,potencias,3,739,4.66878950253809e-87,22230,30,0.8,0.2,best
DE,potencias,3,740,4.66878950253809e-87,22260,30,0.8,0.2,best
DE,potencias,3,741,4.66878950253809e-87,22290,30,0.8,0.2,best
DE,potencias,3,742,4.66878950253809e-87,22320,30,0.8,0.2,best
DE,potencias,3,743,1.2335829798618845e-87,22350,30,0.8,0.2,best
DE,potencias,3,744,1.1917069997079832e-87,22380,30,0.8,0.2,best
DE,potencias,3,745,1.1917069997079832e-87,22410,30,0.8,0.2,best
DE,potencias,3,746,6.051079342485063e-88,22440,30,0.8,0.2,best
DE,potencias,3,747,6.051079342485063e-88,22470,30,0.8,0.2,best
DE,potencias,3,748,5.010616558778183e-89,22500,30,0.8,0.2,best
DE,potencias,3,749,5.470561401969079e-91,22530,30,0.8,0.2,best
DE,potencias,3,750,5.470561401969079e-91,22560,30,0.8,0.2,best
DE,potencias,3,751,5.470561401969079e-91,22590,30,0.8,0.2,best
DE,potencias,3,752,5.470561401969079e-91,22620,30,0.8,0.2,best
DE,potencias,3,753,5.470561401969079e-91,22650,30,0.8,0.2,best
DE,potencias,3,754,5.470561401969079e-91,22680,30,0.8,0.2,best
DE,potencias,3,755,5.470561401969079e-91,22710,30,0.8,0.2,best
DE,potencias,3,756,5.470561401969079e-91,22740,30,0.8,0.2,best
DE,potencias,3,757,5.470561401969079e-91,22770,30,0.8,0.2,best
DE,potencias,3,758,4.91501195155642e-91,22800,30,0.8,0.2,best
DE,potencias,3,759,4.122044621748665e-91,22830,30,0.8,0.2,best
DE,potencias,3,760,4.122044621748665e-91,22860,30,0.8,0.2,best
DE,potencias,3,761,3.3001296565072496e-93,22890,30,0.8,0.2,best
DE,potencias,3,762,3.3001296565072496e-93,22920,30,0.8,0.2,best
DE,potencias,3,763,1.2307706632905363e-94,22950,30,0.8,0.2,best
DE,potencias,3,764,1.2307706632905363e-94,22980,30,0.8,0.2,best
DE,potencias,3,765,5.415771292295666e-95,23010,30,0.8,0.2,best
DE,potencias,3,766,5.415771292295666e-95,23040,30,0.8,0.2,best
DE,potencias,3,767,9.281458285729192e-96,23070,30,0.8,0.2,best
DE,potencias,3,768,4.6150912681337534e-96,23100,30,0.8,0.2,best
DE,potencias,3,769,4.6150912681337534e-96,23130,30,0.8,0.2,best
DE,potencias,3,770,2.948694890499814e-96,23160,30,0.8,0.2,best
DE,potencias,3,771,2.948694890499814e-96,23190,30,0.8,0.2,best
DE,potencias,3,772,1.7682638730031998e-97,23220,30,0.8,0.2,best
DE,potencias,3,773,1.7682638730031998e-97,23250,30,0.8,0.2,best
DE,potencias,3,774,1.7682638730031998e-97,23280,30,0.8,0.2,best
DE,potencias,3,775,1.7682638730031998e-97,23310,30,0.8,0.2,best
DE,potencias,3,776,1.7682638730031998e-97,23340,30,0.8,0.2,best
DE,potencias,3,777,1.7682638730031998e-97,23370,30,0.8,0.2,best
DE,potencias,3,778,1.7682638730031998e-97,23400,30,0.8,0.2,best
DE,potencias,3,779,3.469410014695155e-101,23430,30,0.8,0.2,best
DE,potencias,3,780,3.469410014695155e-101,23460,30,0.8,0.2,best
DE,potencias,3,781,3.469410014695155e-101,23490,30,0.8,0.2,best
DE,potencias,3,782,3.469410014695155e-101,23520,30,0.8,0.2,best
DE,potencias,3,783,3.469410014695155e-101,23550,30,0.8,0.2,best
DE,potencias,3,784,3.469410014695155e-101,23580,30,0.8,0.2,best
DE,potencias,3,785,3.469410014695155e-101,23610,30,0.8,0.2,best
DE,potencias,3,786,3.469410014695155e-101,23640,30,0.8,0.2,best
DE,potencias,3,787,3.469410014695155e-101,23670,30,0.8,0.2,best
DE,potencias,3,788,3.469410014695155e-101,23700,30,0.8,0.2,best
DE,potencias,3,789,3.469410014695155e-101,23730,30,0.8,0.2,best
DE,potencias,3,790,3.469410014695155e-101,23760,30,0.8,0.2,best
DE,potencias,3,791,7.147598130566466e-103,23790,30,0.8,0.2,best
DE,potencias,3,792,7.147598130566466e-103,23820,30,0.8,0.2,best
DE,potencias,3,793,7.147598130566466e-103,23850,30,0.8,0.2,best
DE,potencias,3,794,5.870073226735652e-103,23880,30,0.8,0.2,best
DE,potencias,3,795,3.731603248449722e-103,23910,30,0.8,0.2,best
DE,potencias,3,796,1.1473608627116402e-104,23940,30,0.8,0.2,best
DE,potencias,3,797,1.1473608627116402e-104,23970,30,0.8,0.2,best
DE,potencias,3,798,1.1473608627116402e-104,24000,30,0.8,0.2,best
DE,potencias,3,799,1.1473608627116402e-104,24030,30,0.8,0.2,best
DE,potencias,3,800,1.1473608627116402e-104,24060,30,0.8,0.2,best
DE,potencias,3,801,1.1473608627116402e-104,24090,30,0.8,0.2,best
DE,potencias,3,802,1.1473608627116402e-104,24120,30,0.8,0.2,best
DE,potencias,3,803,8.185523170029265e-105,24150,30,0.8,0.2,best
DE,potencias,3,804,8.166257642015738e-106,24180,30,0.8,0.2,best
DE,potencias,3,805,8.166257642015738e-106,24210,30,0.8,0.2,best
DE,potencias,3,806,8.166257642015738e-106,24240,30,0.8,0.2,best
DE,potencias,3,807,4.368863828918206e-106,24270,30,0.8,0.2,best
DE,potencias,3,808,4.368863828918206e-106,24300,30,0.8,0.2,best
DE,potencias,3,809,4.365662248237595e-106,24330,30,0.8,0.2,best
DE,potencias,3,810,4.365616629770526e-106,24360,30,0.8,0.2,best
DE,potencias,3,811,2.247125104796366e-106,24390,30,0.8,0.2,best
DE,potencias,3,812,7.770914717834954e-108,24420,30,0.8,0.2,best
DE,potencias,3,813,7.770914717834954e-108,24450,30,0.8,0.2,best
DE,potencias,3,814,1.8737893072169028e-109,24480,30,0.8,0.2,best
DE,potencias,3,815,1.6905291356166625e-111,24510,30,0.8,0.2,best
DE,potencias,3,816,1.6905291356166625e-111,24540,30,0.8,0.2,best
DE,potencias,3,817,1.6847831831800793e-111,24570,30,0.8,0.2,best
DE,potencias,3,818,1.6847831831800793e-111,24600,30,0.8,0.2,best
DE,potencias,3,819,1.6847831831800793e-111,24630,30,0.8,0.2,best
DE,potencias,3,820,1.6847831831800793e-111,24660,30,0.8,0.2,best
DE,potencias,3,821,3.6748884050411135e-112,24690,30,0.8,0.2,best
DE,potencias,3,822,8.307214199287897e-113,24720,30,0.8,0.2,best
DE,potencias,3,823,8.307214199287897e-113,24750,30,0.8,0.2,best
DE,potencias,3,824,8.307214199287897e-113,24780,30,0.8,0.2,best
DE,potencias,3,825,1.6656765205864685e-115,24810,30,0.8,0.2,best
DE,potencias,3,826,1.6656765205864685e-115,24840,30,0.8,0.2,best
DE,potencias,3,827,1.5265553196900746e-115,24870,30,0.8,0.2,best
DE,potencias,3,828,1.4974413797373868e-115,24900,30,0.8,0.2,best
DE,potencias,3,829,1.4974413797373868e-115,24930,30,0.8,0.2,best
DE,potencias,3,830,1.4974413797373868e-115,24960,30,0.8,0.2,best
DE,potencias,3,831,2.5022736650355028e-116,24990,30,0.8,0.2,best
DE,potencias,3,832,1.8485566491348642e-116,25020,30,0.8,0.2,best
DE,potencias,3,833,1.8485566491348642e-116,25050,30,0.8,0.2,best
DE,potencias,3,834,5.611355056549448e-118,25080,30,0.8,0.2,best
DE,potencias,3,835,3.874939941786091e-121,25110,30,0.8,0.2,best
DE,potencias,3,836,3.874939941786091e-121,25140,30,0.8,0.2,best
DE,potencias,3,837,3.874939941786091e-121,25170,30,0.8,0.2,best
DE,potencias,3,838,3.874939941786091e-121,25200,30,0.8,0.2,best
DE,potencias,3,839,3.874939941786091e-121,25230,30,0.8,0.2,best
DE,potencias,3,840,3.874931831568758e-121,25260,30,0.8,0.2,best
DE,potencias,3,841,3.874931831568758e-121,25290,30,0.8,0.2,best
DE,potencias,3,842,3.874931831568758e-121,25320,30,0.8,0.2,best
DE,potencias,3,843,3.874931831568758e-121,25350,30,0.8,0.2,best
DE,potencias,3,844,3.874931831568758e-121,25380,30,0.8,0.2,best
DE,potencias,3,845,3.874931831568758e-121,25410,30,0.8,0.2,best
DE,potencias,3,846,3.874931831568758e-121,25440,30,0.8,0.2,best
DE,potencias,3,847,3.874931831568758e-121,25470,30,0.8,0.2,best
DE,potencias,3,848,2.1260892324631847e-121,25500,30,0.8,0.2,best
DE,potencias,3,849,6.911861070047098e-123,25530,30,0.8,0.2,best
DE,potencias,3,850,6.911861070047098e-123,25560,30,0.8,0.2,best
DE,potencias,3,851,1.761078292095968e-124,25590,30,0.8,0.2,best
DE,potencias,3,852,1.761078292095968e-124,25620,30,0.8,0.2,best
DE,potencias,3,853,7.910942423480294e-132,25650,30,0.8,0.2,best
DE,potencias,3,854,7.910942423480294e-132,25680,30,0.8,0.2,best
DE,potencias,3,855,7.910942423480294e-132,25710,30,0.8,0.2,best
DE,potencias,3,856,7.910942423480294e-132,25740,30,0.8,0.2,best
DE,potencias,3,857,7.910942423480294e-132,25770,30,0.8,0.2,best
DE,potencias,3,858,7.910942423480294e-132,25800,30,0.8,0.2,best
DE,potencias,3,859,7.910942423480294e-132,25830,30,0.8,0.2,best
DE,potencias,3,860,3.3390247923969525e-133,25860,30,0.8,0.2,best
DE,potencias,3,861,3.3390247923969525e-133,25890,30,0.8,0.2,best
DE,potencias,3,862,3.3390247923969525e-133,25920,30,0.8,0.2,best
DE,potencias,3,863,3.3390247923969525e-133,25950,30,0.8,0.2,best
DE,potencias,3,864,3.3390247923969525e-133,25980,30,0.8,0.2,best
DE,potencias,3,865,3.3390247923969525e-133,26010,30,0.8,0.2,best
DE,potencias,3,866,1.8021090437254655e-133,26040,30,0.8,0.2,best
DE,potencias,3,867,7.47183966487638e-134,26070,30,0.8,0.2,best
DE,potencias,3,868,7.47183966487638e-134,26100,30,0.8,0.2,best
DE,potencias,3,869,7.47183966487638e-134,26130,30,0.8,0.2,best
DE,potencias,3,870,6.601609633232341e-134,26160,30,0.8,0.2,best
DE,potencias,3,871,2.088913724330265e-135,26190,30,0.8,0.2,best
DE,potencias,3,872,3.440830569322762e-136,26220,30,0.8,0.2,best
DE,potencias,3,873,5.318051086715064e-138,26250,30,0.8,0.2,best
DE,potencias,3,874,5.318051086715064e-138,26280,30,0.8,0.2,best
DE,potencias,3,875,5.318051086715064e-138,26310,30,0.8,0.2,best
DE,potencias,3,876,5.318051086715064e-138,26340,30,0.8,0.2,best
DE,potencias,3,877,5.318051086715064e-138,26370,30,0.8,0.2,best
DE,potencias,3,878,8.652746414372054e-143,26400,30,0.8,0.2,best
DE,potencias,3,879,8.652746414372054e-143,26430,30,0.8,0.2,best
DE,potencias,3,880,8.652746414372054e-143,26460,30,0.8,0.2,best
DE,potencias,3,881,8.652746414372054e-143,26490,30,0.8,0.2,best
DE,potencias,3,882,8.652746414372054e-143,26520,30,0.8,0.2,best
DE,potencias,3,883,8.652746414372054e-143,26550,30,0.8,0.2,best
DE,potencias,3,884,2.222791326596939e-143,26580,30,0.8,0.2,best
DE,potencias,3,885,2.222791326596939e-143,26610,30,0.8,0.2,best
DE,potencias,3,886,2.222791326596939e-143,26640,30,0.8,0.2,best
DE,potencias,3,887,3.203334537740492e-145,26670,30,0.8,0.2,best
DE,potencias,3,888,3.203332952316269e-145,26700,30,0.8,0.2,best
DE,potencias,3,889,3.102669744179286e-151,26730,30,0.8,0.2,best
DE,potencias,3,890,3.054936363499605e-151,26760,30,0.8,0.2,best
DE,potencias,3,891,3.054936363499605e-151,26790,30,0.8,0.2,best
DE,potencias,3,892,3.054936363499605e-151,26820,30,0.8,0.2,best
DE,potencias,3,893,3.054936363499605e-151,26850,30,0.8,0.2,best
DE,potencias,3,894,3.054936363499605e-151,26880,30,0.8,0.2,best
DE,potencias,3,895,0.0,26910,30,0.8,0.2,best
DE,potencias,3,896,0.0,26940,30,0.8,0.2,best
DE,potencias,3,897,0.0,26970,30,0.8,0.2,best
DE,potencias,3,898,0.0,27000,30,0.8,0.2,best
DE,potencias,3,899,0.0,27030,30,0.8,0.2,best
DE,potencias,3,900,0.0,27060,30,0.8,0.2,best
DE,potencias,3,901,0.0,27090,30,0.8,0.2,best
DE,potencias,3,902,0.0,27120,30,0.8,0.2,best
DE,potencias,3,903,0.0,27150,30,0.8,0.2,best
DE,potencias,3,904,0.0,27180,30,0.8,0.2,best
DE,potencias,3,905,0.0,27210,30,0.8,0.2,best
DE,potencias,3,906,0.0,27240,30,0.8,0.2,best
DE,potencias,3,907,0.0,27270,30,0.8,0.2,best
DE,potencias,3,908,0.0,27300,30,0.8,0.2,best
DE,potencias,3,909,0.0,27330,30,0.8,0.2,best
DE,potencias,3,910,0.0,27360,30,0.8,0.2,best
DE,potencias,3,911,0.0,27390,30,0.8,0.2,best
DE,potencias,3,912,0.0,27420,30,0.8,0.2,best
DE,potencias,3,913,0.0,27450,30,0.8,0.2,best
DE,potencias,3,914,0.0,27480,30,0.8,0.2,best
DE,potencias,3,915,0.0,27510,30,0.8,0.2,best
DE,potencias,3,916,0.0,27540,30,0.8,0.2,best
DE,potencias,3,917,0.0,27570,30,0.8,0.2,best
DE,potencias,3,918,0.0,27600,30,0.8,0.2,best
DE,potencias,3,919,0.0,27630,30,0.8,0.2,best
DE,potencias,3,920,0.0,27660,30,0.8,0.2,best
DE,potencias,3,921,0.0,27690,30,0.8,0.2,best
DE,potencias,3,922,0.0,27720,30,0.8,0.2,best
DE,potencias,3,923,0.0,27750,30,0.8,0.2,best
DE,potencias,3,924,0.0,27780,30,0.8,0.2,best
DE,potencias,3,925,0.0,27810,30,0.8,0.2,best
DE,potencias,3,926,0.0,27840,30,0.8,0.2,best
DE,potencias,3,927,0.0,27870,30,0.8,0.2,best
DE,potencias,3,928,0.0,27900,30,0.8,0.2,best
DE,potencias,3,929,0.0,27930,30,0.8,0.2,best
DE,potencias,3,930,0.0,27960,30,0.8,0.2,best
DE,potencias,3,931,0.0,27990,30,0.8,0.2,best
DE,potencias,3,932,0.0,28020,30,0.8,0.2,best
DE,potencias,3,933,0.0,28050,30,0.8,0.2,best
DE,potencias,3,934,0.0,28080,30,0.8,0.2,best
DE,potencias,3,935,0.0,28110,30,0.8,0.2,best
DE,potencias,3,936,0.0,28140,30,0.8,0.2,best
DE,potencias,3,937,0.0,28170,30,0.8,0.2,best
DE,potencias,3,938,0.0,28200,30,0.8,0.2,best
DE,potencias,3,939,0.0,28230,30,0.8,0.2,best
DE,potencias,3,940,0.0,28260,30,0.8,0.2,best
DE,potencias,3,941,0.0,28290,30,0.8,0.2,best
DE,potencias,3,942,0.0,28320,30,0.8,0.2,best
DE,potencias,3,943,0.0,28350,30,0.8,0.2,best
DE,potencias,3,944,0.0,28380,30,0.8,0.2,best
DE,potencias,3,945,0.0,28410,30,0.8,0.2,best
DE,potencias,3,946,0.0,28440,30,0.8,0.2,best
DE,potencias,3,947,0.0,28470,30,0.8,0.2,best
DE,potencias,3,948,0.0,28500,30,0.8,0.2,best
DE,potencias,3,949,0.0,28530,30,0.8,0.2,best
DE,potencias,3,950,0.0,28560,30,0.8,0.2,best
DE,potencias,3,951,0.0,28590,30,0.8,0.2,best
DE,potencias,3,952,0.0,28620,30,0.8,0.2,best
DE,potencias,3,953,0.0,28650,30,0.8,0.2,best
DE,potencias,3,954,0.0,28680,30,0.8,0.2,best
DE,potencias,3,955,0.0,28710,30,0.8,0.2,best
DE,potencias,3,956,0.0,28740,30,0.8,0.2,best
DE,potencias,3,957,0.0,28770,30,0.8,0.2,best
DE,potencias,3,958,0.0,28800,30,0.8,0.2,best
DE,potencias,3,959,0.0,28830,30,0.8,0.2,best
DE,potencias,3,960,0.0,28860,30,0.8,0.2,best
DE,potencias,3,961,0.0,28890,30,0.8,0.2,best
DE,potencias,3,962,0.0,28920,30,0.8,0.2,best
DE,potencias,3,963,0.0,28950,30,0.8,0.2,best
DE,potencias,3,964,0.0,28980,30,0.8,0.2,best
DE,potencias,3,965,0.0,29010,30,0.8,0.2,best
DE,potencias,3,966,0.0,29040,30,0.8,0.2,best
DE,potencias,3,967,0.0,29070,30,0.8,0.2,best
DE,potencias,3,968,0.0,29100,30,0.8,0.2,best
DE,potencias,3,969,0.0,29130,30,0.8,0.2,best
DE,potencias,3,970,0.0,29160,30,0.8,0.2,best
DE,potencias,3,971,0.0,29190,30,0.8,0.2,best
DE,potencias,3,972,0.0,29220,30,0.8,0.2,best
DE,potencias,3,973,0.0,29250,30,0.8,0.2,best
DE,potencias,3,974,0.0,29280,30,0.8,0.2,best
DE,potencias,3,975,0.0,29310,30,0.8,0.2,best
DE,potencias,3,976,0.0,29340,30,0.8,0.2,best
DE,potencias,3,977,0.0,29370,30,0.8,0.2,best
DE,potencias,3,978,0.0,29400,30,0.8,0.2,best
DE,potencias,3,979,0.0,29430,30,0.8,0.2,best
DE,potencias,3,980,0.0,29460,30,0.8,0.2,best
DE,potencias,3,981,0.0,29490,30,0.8,0.2,best
DE,potencias,3,982,0.0,29520,30,0.8,0.2,best
DE,potencias,3,983,0.0,29550,30,0.8,0.2,best
DE,potencias,3,984,0.0,29580,30,0.8,0.2,best
DE,potencias,3,985,0.0,29610,30,0.8,0.2,best
DE,potencias,3,986,0.0,29640,30,0.8,0.2,best
DE,potencias,3,987,0.0,29670,30,0.8,0.2,best
DE,potencias,3,988,0.0,29700,30,0.8,0.2,best
DE,potencias,3,989,0.0,29730,30,0.8,0.2,best
DE,potencias,3,990,0.0,29760,30,0.8,0.2,best
DE,potencias,3,991,0.0,29790,30,0.8,0.2,best
DE,potencias,3,992,0.0,29820,30,0.8,0.2,best
DE,potencias,3,993,0.0,29850,30,0.8,0.2,best
DE,potencias,3,994,0.0,29880,30,0.8,0.2,best
DE,potencias,3,995,0.0,29910,30,0.8,0.2,best
DE,potencias,3,996,0.0,29940,30,0.8,0.2,best
DE,potencias,3,997,0.0,29970,30,0.8,0.2,best
DE,potencias,3,998,0.0,30000,30,0.8,0.2,best
DE,potencias,3,999,0.0,30030,30,0.8,0.2,best
DE,potencias,3,1000,0.0,30060,30,0.8,0.2,best
DE,potencias,3,1001,0.0,30090,30,0.8,0.2,best
DE,potencias,3,1002,0.0,30120,30,0.8,0.2,best
DE,potencias,3,1003,0.0,30150,30,0.8,0.2,best
DE,potencias,3,1004,0.0,30180,30,0.8,0.2,best
DE,potencias,3,1005,0.0,30210,30,0.8,0.2,best
DE,potencias,3,1006,0.0,30240,30,0.8,0.2,best
DE,potencias,3,1007,0.0,30270,30,0.8,0.2,best
DE,potencias,3,1008,0.0,30300,30,0.8,0.2,best
DE,potencias,3,1009,0.0,30330,30,0.8,0.2,best
DE,potencias,3,1010,0.0,30360,30,0.8,0.2,best
DE,potencias,3,1011,0.0,30390,30,0.8,0.2,best
DE,potencias,3,1012,0.0,30420,30,0.8,0.2,best
DE,potencias,3,1013,0.0,30450,30,0.8,0.2,best
DE,potencias,3,1014,0.0,30480,30,0.8,0.2,best
DE,potencias,3,1015,0.0,30510,30,0.8,0.2,best
DE,potencias,3,1016,0.0,30540,30,0.8,0.2,best
DE,potencias,3,1017,0.0,30570,30,0.8,0.2,best
DE,potencias,3,1018,0.0,30600,30,0.8,0.2,best
DE,potencias,3,1019,0.0,30630,30,0.8,0.2,best
DE,potencias,3,1020,0.0,30660,30,0.8,0.2,best
DE,potencias,3,1021,0.0,30690,30,0.8,0.2,best
DE,potencias,3,1022,0.0,30720,30,0.8,0.2,best
DE,potencias,3,1023,0.0,30750,30,0.8,0.2,best
DE,potencias,3,1024,0.0,30780,30,0.8,0.2,best
DE,potencias,3,1025,0.0,30810,30,0.8,0.2,best
DE,potencias,3,1026,0.0,30840,30,0.8,0.2,best
DE,potencias,3,1027,0.0,30870,30,0.8,0.2,best
DE,potencias,3,1028,0.0,30900,30,0.8,0.2,best
DE,potencias,3,1029,0.0,30930,30,0.8,0.2,best
DE,potencias,3,1030,0.0,30960,30,0.8,0.2,best
DE,potencias,3,1031,0.0,30990,30,0.8,0.2,best
DE,potencias,3,1032,0.0,31020,30,0.8,0.2,best
DE,potencias,3,1033,0.0,31050,30,0.8,0.2,best
DE,potencias,3,1034,0.0,31080,30,0.8,0.2,best
DE,potencias,3,1035,0.0,31110,30,0.8,0.2,best
DE,potencias,3,1036,0.0,31140,30,0.8,0.2,best
DE,potencias,3,1037,0.0,31170,30,0.8,0.2,best
DE,potencias,3,1038,0.0,31200,30,0.8,0.2,best
DE,potencias,3,1039,0.0,31230,30,0.8,0.2,best
DE,potencias,3,1040,0.0,31260,30,0.8,0.2,best
DE,potencias,3,1041,0.0,31290,30,0.8,0.2,best
DE,potencias,3,1042,0.0,31320,30,0.8,0.2,best
DE,potencias,3,1043,0.0,31350,30,0.8,0.2,best
DE,potencias,3,1044,0.0,31380,30,0.8,0.2,best
DE,potencias,3,1045,0.0,31410,30,0.8,0.2,best
DE,potencias,3,1046,0.0,31440,30,0.8,0.2,best
DE,potencias,3,1047,0.0,31470,30,0.8,0.2,best
DE,potencias,3,1048,0.0,31500,30,0.8,0.2,best
DE,potencias,3,1049,0.0,31530,30,0.8,0.2,best
DE,potencias,3,1050,0.0,31560,30,0.8,0.2,best
DE,potencias,3,1051,0.0,31590,30,0.8,0.2,best
DE,potencias,3,1052,0.0,31620,30,0.8,0.2,best
DE,potencias,3,1053,0.0,31650,30,0.8,0.2,best
DE,potencias,3,1054,0.0,31680,30,0.8,0.2,best
DE,potencias,3,1055,0.0,31710,30,0.8,0.2,best
DE,potencias,3,1056,0.0,31740,30,0.8,0.2,best
DE,potencias,3,1057,0.0,31770,30,0.8,0.2,best
DE,potencias,3,1058,0.0,31800,30,0.8,0.2,best
DE,potencias,3,1059,0.0,31830,30,0.8,0.2,best
DE,potencias,3,1060,0.0,31860,30,0.8,0.2,best
DE,potencias,3,1061,0.0,31890,30,0.8,0.2,best
DE,potencias,3,1062,0.0,31920,30,0.8,0.2,best
DE,potencias,3,1063,0.0,31950,30,0.8,0.2,best
DE,potencias,3,1064,0.0,31980,30,0.8,0.2,best
DE,potencias,3,1065,0.0,32010,30,0.8,0.2,best
DE,potencias,3,1066,0.0,32040,30,0.8,0.2,best
DE,potencias,3,1067,0.0,32070,30,0.8,0.2,best
DE,potencias,3,1068,0.0,32100,30,0.8,0.2,best
DE,potencias,3,1069,0.0,32130,30,0.8,0.2,best
DE,potencias,3,1070,0.0,32160,30,0.8,0.2,best
DE,potencias,3,1071,0.0,32190,30,0.8,0.2,best
DE,potencias,3,1072,0.0,32220,30,0.8,0.2,best
DE,potencias,3,1073,0.0,32250,30,0.8,0.2,best
DE,potencias,3,1074,0.0,32280,30,0.8,0.2,best
DE,potencias,3,1075,0.0,32310,30,0.8,0.2,best
DE,potencias,3,1076,0.0,32340,30,0.8,0.2,best
DE,potencias,3,1077,0.0,32370,30,0.8,0.2,best
DE,potencias,3,1078,0.0,32400,30,0.8,0.2,best
DE,potencias,3,1079,0.0,32430,30,0.8,0.2,best
DE,potencias,3,1080,0.0,32460,30,0.8,0.2,best
DE,potencias,3,1081,0.0,32490,30,0.8,0.2,best
DE,potencias,3,1082,0.0,32520,30,0.8,0.2,best
DE,potencias,3,1083,0.0,32550,30,0.8,0.2,best
DE,potencias,3,1084,0.0,32580,30,0.8,0.2,best
DE,potencias,3,1085,0.0,32610,30,0.8,0.2,best
DE,potencias,3,1086,0.0,32640,30,0.8,0.2,best
DE,potencias,3,1087,0.0,32670,30,0.8,0.2,best
DE,potencias,3,1088,0.0,32700,30,0.8,0.2,best
DE,potencias,3,1089,0.0,32730,30,0.8,0.2,best
DE,potencias,3,1090,0.0,32760,30,0.8,0.2,best
DE,potencias,3,1091,0.0,32790,30,0.8,0.2,best
DE,potencias,3,1092,0.0,32820,30,0.8,0.2,best
DE,potencias,3,1093,0.0,32850,30,0.8,0.2,best
DE,potencias,3,1094,0.0,32880,30,0.8,0.2,best
DE,potencias,3,1095,0.0,32910,30,0.8,0.2,best
DE,potencias,3,1096,0.0,32940,30,0.8,0.2,best
DE,potencias,3,1097,0.0,32970,30,0.8,0.2,best
DE,potencias,3,1098,0.0,33000,30,0.8,0.2,best
DE,potencias,3,1099,0.0,33030,30,0.8,0.2,best
DE,potencias,3,1100,0.0,33060,30,0.8,0.2,best
DE,potencias,3,1101,0.0,33090,30,0.8,0.2,best
DE,potencias,3,1102,0.0,33120,30,0.8,0.2,best
DE,potencias,3,1103,0.0,33150,30,0.8,0.2,best
DE,potencias,3,1104,0.0,33180,30,0.8,0.2,best
DE,potencias,3,1105,0.0,33210,30,0.8,0.2,best
DE,potencias,3,1106,0.0,33240,30,0.8,0.2,best
DE,potencias,3,1107,0.0,33270,30,0.8,0.2,best
DE,potencias,3,1108,0.0,33300,30,0.8,0.2,best
DE,potencias,3,1109,0.0,33330,30,0.8,0.2,best
DE,potencias,3,1110,0.0,33360,30,0.8,0.2,best
DE,potencias,3,1111,0.0,33390,30,0.8,0.2,best
DE,potencias,3,1112,0.0,33420,30,0.8,0.2,best
DE,potencias,3,1113,0.0,33450,30,0.8,0.2,best
DE,potencias,3,1114,0.0,33480,30,0.8,0.2,best
DE,potencias,3,1115,0.0,33510,30,0.8,0.2,best
DE,potencias,3,1116,0.0,33540,30,0.8,0.2,best
DE,potencias,3,1117,0.0,33570,30,0.8,0.2,best
DE,potencias,3,1118,0.0,33600,30,0.8,0.2,best
DE,potencias,3,1119,0.0,33630,30,0.8,0.2,best
DE,potencias,3,1120,0.0,33660,30,0.8,0.2,best
DE,potencias,3,1121,0.0,33690,30,0.8,0.2,best
DE,potencias,3,1122,0.0,33720,30,0.8,0.2,best
DE,potencias,3,1123,0.0,33750,30,0.8,0.2,best
DE,potencias,3,1124,0.0,33780,30,0.8,0.2,best
DE,potencias,3,1125,0.0,33810,30,0.8,0.2,best
DE,potencias,3,1126,0.0,33840,30,0.8,0.2,best
DE,potencias,3,1127,0.0,33870,30,0.8,0.2,best
DE,potencias,3,1128,0.0,33900,30,0.8,0.2,best
DE,potencias,3,1129,0.0,33930,30,0.8,0.2,best
DE,potencias,3,1130,0.0,33960,30,0.8,0.2,best
DE,potencias,3,1131,0.0,33990,30,0.8,0.2,best
DE,potencias,3,1132,0.0,34020,30,0.8,0.2,best
DE,potencias,3,1133,0.0,34050,30,0.8,0.2,best
DE,potencias,3,1134,0.0,34080,30,0.8,0.2,best
DE,potencias,3,1135,0.0,34110,30,0.8,0.2,best
DE,potencias,3,1136,0.0,34140,30,0.8,0.2,best
DE,potencias,3,1137,0.0,34170,30,0.8,0.2,best
DE,potencias,3,1138,0.0,34200,30,0.8,0.2,best
DE,potencias,3,1139,0.0,34230,30,0.8,0.2,best
DE,potencias,3,1140,0.0,34260,30,0.8,0.2,best
DE,potencias,3,1141,0.0,34290,30,0.8,0.2,best
DE,potencias,3,1142,0.0,34320,30,0.8,0.2,best
DE,potencias,3,1143,0.0,34350,30,0.8,0.2,best
DE,potencias,3,1144,0.0,34380,30,0.8,0.2,best
DE,potencias,3,1145,0.0,34410,30,0.8,0.2,best
DE,potencias,3,1146,0.0,34440,30,0.8,0.2,best
DE,potencias,3,1147,0.0,34470,30,0.8,0.2,best
DE,potencias,3,1148,0.0,34500,30,0.8,0.2,best
DE,potencias,3,1149,0.0,34530,30,0.8,0.2,best
DE,potencias,3,1150,0.0,34560,30,0.8,0.2,best
DE,potencias,3,1151,0.0,34590,30,0.8,0.2,best
DE,potencias,3,1152,0.0,34620,30,0.8,0.2,best
DE,potencias,3,1153,0.0,34650,30,0.8,0.2,best
DE,potencias,3,1154,0.0,34680,30,0.8,0.2,best
DE,potencias,3,1155,0.0,34710,30,0.8,0.2,best
DE,potencias,3,1156,0.0,34740,30,0.8,0.2,best
DE,potencias,3,1157,0.0,34770,30,0.8,0.2,best
DE,potencias,3,1158,0.0,34800,30,0.8,0.2,best
DE,potencias,3,1159,0.0,34830,30,0.8,0.2,best
DE,potencias,3,1160,0.0,34860,30,0.8,0.2,best
DE,potencias,3,1161,0.0,34890,30,0.8,0.2,best
DE,potencias,3,1162,0.0,34920,30,0.8,0.2,best
DE,potencias,3,1163,0.0,34950,30,0.8,0.2,best
DE,potencias,3,1164,0.0,34980,30,0.8,0.2,best
DE,potencias,3,1165,0.0,35010,30,0.8,0.2,best
DE,potencias,3,1166,0.0,35040,30,0.8,0.2,best
DE,potencias,3,1167,0.0,35070,30,0.8,0.2,best
DE,potencias,3,1168,0.0,35100,30,0.8,0.2,best
DE,potencias,3,1169,0.0,35130,30,0.8,0.2,best
DE,potencias,3,1170,0.0,35160,30,0.8,0.2,best
DE,potencias,3,1171,0.0,35190,30,0.8,0.2,best
DE,potencias,3,1172,0.0,35220,30,0.8,0.2,best
DE,potencias,3,1173,0.0,35250,30,0.8,0.2,best
DE,potencias,3,1174,0.0,35280,30,0.8,0.2,best
DE,potencias,3,1175,0.0,35310,30,0.8,0.2,best
DE,potencias,3,1176,0.0,35340,30,0.8,0.2,best
DE,potencias,3,1177,0.0,35370,30,0.8,0.2,best
DE,potencias,3,1178,0.0,35400,30,0.8,0.2,best
DE,potencias,3,1179,0.0,35430,30,0.8,0.2,best
DE,potencias,3,1180,0.0,35460,30,0.8,0.2,best
DE,potencias,3,1181,0.0,35490,30,0.8,0.2,best
DE,potencias,3,1182,0.0,35520,30,0.8,0.2,best
DE,potencias,3,1183,0.0,35550,30,0.8,0.2,best
DE,potencias,3,1184,0.0,35580,30,0.8,0.2,best
DE,potencias,3,1185,0.0,35610,30,0.8,0.2,best
DE,potencias,3,1186,0.0,35640,30,0.8,0.2,best
DE,potencias,3,1187,0.0,35670,30,0.8,0.2,best
DE,potencias,3,1188,0.0,35700,30,0.8,0.2,best
DE,potencias,3,1189,0.0,35730,30,0.8,0.2,best
DE,potencias,3,1190,0.0,35760,30,0.8,0.2,best
DE,potencias,3,1191,0.0,35790,30,0.8,0.2,best
DE,potencias,3,1192,0.0,35820,30,0.8,0.2,best
DE,potencias,3,1193,0.0,35850,30,0.8,0.2,best
DE,potencias,3,1194,0.0,35880,30,0.8,0.2,best
DE,potencias,3,1195,0.0,35910,30,0.8,0.2,best
DE,potencias,3,1196,0.0,35940,30,0.8,0.2,best
DE,potencias,3,1197,0.0,35970,30,0.8,0.2,best
DE,potencias,3,1198,0.0,36000,30,0.8,0.2,best
DE,potencias,3,1199,0.0,36030,30,0.8,0.2,best
DE,potencias,4,0,3496305.429540848,60,30,0.8,0.2,best
DE,potencias,4,1,3496305.429540848,90,30,0.8,0.2,best
DE,potencias,4,2,581164.2100415023,120,30,0.8,0.2,best
DE,potencias,4,3,581164.2100415023,150,30,0.8,0.2,best
DE,potencias,4,4,327766.07375783916,180,30,0.8,0.2,best
DE,potencias,4,5,33218.26831121786,210,30,0.8,0.2,best
DE,potencias,4,6,33218.26831121786,240,30,0.8,0.2,best
DE,potencias,4,7,24841.154315088126,270,30,0.8,0.2,best
DE,potencias,4,8,24841.154315088126,300,30,0.8,0.2,best
DE,potencias,4,9,24841.154315088126,330,30,0.8,0.2,best
DE,potencias,4,10,24050.179853667385,360,30,0.8,0.2,best
DE,potencias,4,11,24050.179853667385,390,30,0.8,0.2,best
DE,potencias,4,12,24050.179853667385,420,30,0.8,0.2,best
DE,potencias,4,13,15492.32082670646,450,30,0.8,0.2,best
DE,potencias,4,14,4487.586580197975,480,30,0.8,0.2,best
DE,potencias,4,15,4487.586580197975,510,30,0.8,0.2,best
DE,potencias,4,16,3873.860847230627,540,30,0.8,0.2,best
DE,potencias,4,17,3873.860847230627,570,30,0.8,0.2,best
DE,potencias,4,18,3873.860847230627,600,30,0.8,0.2,best
DE,potencias,4,19,2551.89172346032,630,30,0.8,0.2,best
DE,potencias,4,20,911.4712991008049,660,30,0.8,0.2,best
DE,potencias,4,21,734.1192370494056,690,30,0.8,0.2,best
DE,potencias,4,22,579.0389486334349,720,30,0.8,0.2,best
DE,potencias,4,23,579.0389486334349,750,30,0.8,0.2,best
DE,potencias,4,24,579.0389486334349,780,30,0.8,0.2,best
DE,potencias,4,25,272.38714247697794,810,30,0.8,0.2,best
DE,potencias,4,26,272.38714247697794,840,30,0.8,0.2,best
DE,potencias,4,27,272.38714247697794,870,30,0.8,0.2,best
DE,potencias,4,28,272.38714247697794,900,30,0.8,0.2,best
DE,potencias,4,29,194.0502820046668,930,30,0.8,0.2,best
DE,potencias,4,30,143.66917738630758,960,30,0.8,0.2,best
DE,potencias,4,31,143.66917738630758,990,30,0.8,0.2,best
DE,potencias,4,32,76.17885811606881,1020,30,0.8,0.2,best
DE,potencias,4,33,66.46230963027985,1050,30,0.8,0.2,best
DE,potencias,4,34,38.841345720409166,1080,30,0.8,0.2,best
DE,potencias,4,35,38.841345720409166,1110,30,0.8,0.2,best
DE,potencias,4,36,29.43766298254046,1140,30,0.8,0.2,best
DE,potencias,4,37,29.43766298254046,1170,30,0.8,0.2,best
DE,potencias,4,38,22.78567334542374,1200,30,0.8,0.2,best
DE,potencias,4,39,22.78567334542374,1230,30,0.8,0.2,best
DE,potencias,4,40,20.633195641267612,1260,30,0.8,0.2,best
DE,potencias,4,41,6.6487069970635,1290,30,0.8,0.2,best
DE,potencias,4,42,6.6487069970635,1320,30,0.8,0.2,best
DE,potencias,4,43,6.6487069970635,1350,30,0.8,0.2,best
DE,potencias,4,44,6.6487069970635,1380,30,0.8,0.2,best
DE,potencias,4,45,4.224937267639488,1410,30,0.8,0.2,best
DE,potencias,4,46,3.902978217869691,1440,30,0.8,0.2,best
DE,potencias,4,47,3.902978217869691,1470,30,0.8,0.2,best
DE,potencias,4,48,2.5666966028776907,1500,30,0.8,0.2,best
DE,potencias,4,49,1.2214631489924128,1530,30,0.8,0.2,best
DE,potencias,4,50,0.28077704140963633,1560,30,0.8,0.2,best
DE,potencias,4,51,0.28077704140963633,1590,30,0.8,0.2,best
DE,potencias,4,52,0.28077704140963633,1620,30,0.8,0.2,best
DE,potencias,4,53,0.2630253645386986,1650,30,0.8,0.2,best
DE,potencias,4,54,0.2630253645386986,1680,30,0.8,0.2,best
DE,potencias,4,55,0.1469807130624443,1710,30,0.8,0.2,best
DE,potencias,4,56,0.1469807130624443,1740,30,0.8,0.2,best
DE,potencias,4,57,0.1469807130624443,1770,30,0.8,0.2,best
DE,potencias,4,58,0.1469807130624443,1800,30,0.8,0.2,best
DE,potencias,4,59,0.030171335512865525,1830,30,0.8,0.2,best
DE,potencias,4,60,0.030171335512865525,1860,30,0.8,0.2,best
DE,potencias,4,61,0.030171335512865525,1890,30,0.8,0.2,best
DE,potencias,4,62,0.030171335512865525,1920,30,0.8,0.2,best
DE,potencias,4,63,0.030171335512865525,1950,30,0.8,0.2,best
DE,potencias,4,64,0.030171335512865525,1980,30,0.8,0.2,best
DE,potencias,4,65,0.030171335512865525,2010,30,0.8,0.2,best
DE,potencias,4,66,0.019486375062745677,2040,30,0.8,0.2,best
DE,potencias,4,67,0.019486375062745677,2070,30,0.8,0.2,best
DE,potencias,4,68,0.016750227280310358,2100,30,0.8,0.2,best
DE,potencias,4,69,0.016750227280310358,2130,30,0.8,0.2,best
DE,potencias,4,70,0.016750227280310358,2160,30,0.8,0.2,best
DE,potencias,4,71,0.016750227280310358,2190,30,0.8,0.2,best
DE,potencias,4,72,0.01672243827411015,2220,30,0.8,0.2,best
DE,potencias,4,73,0.01672243827411015,2250,30,0.8,0.2,best
DE,potencias,4,74,0.011810650246112216,2280,30,0.8,0.2,best
DE,potencias,4,75,0.011810650246112216,2310,30,0.8,0.2,best
DE,potencias,4,76,0.011810650246112216,2340,30,0.8,0.2,best
DE,potencias,4,77,0.011216641387785019,2370,30,0.8,0.2,best
DE,potencias,4,78,0.011216641387785019,2400,30,0.8,0.2,best
DE,potencias,4,79,0.011216641387785019,2430,30,0.8,0.2,best
DE,potencias,4,80,0.0064677805670917046,2460,30,0.8,0.2,best
DE,potencias,4,81,0.0064677805670917046,2490,30,0.8,0.2,best
DE,potencias,4,82,0.0061556825246160945,2520,30,0.8,0.2,best
DE,potencias,4,83,0.0061556825246160945,2550,30,0.8,0.2,best
DE,potencias,4,84,0.0061556825246160945,2580,30,0.8,0.2,best
DE,potencias,4,85,0.0061556825246160945,2610,30,0.8,0.2,best
DE,potencias,4,86,0.0016839852957035101,2640,30,0.8,0.2,best
DE,potencias,4,87,0.0016758673955383067,2670,30,0.8,0.2,best
DE,potencias,4,88,0.0016758673955383067,2700,30,0.8,0.2,best
DE,potencias,4,89,0.0011575063014064063,2730,30,0.8,0.2,best
DE,potencias,4,90,0.0011575063014064063,2760,30,0.8,0.2,best
DE,potencias,4,91,0.0005892167367406167,2790,30,0.8,0.2,best
DE,potencias,4,92,0.0005892167367406167,2820,30,0.8,0.2,best
DE,potencias,4,93,0.00013054483372686398,2850,30,0.8,0.2,best
DE,potencias,4,94,0.00013054483372686398,2880,30,0.8,0.2,best
DE,potencias,4,95,0.00013054483372686398,2910,30,0.8,0.2,best
DE,potencias,4,96,0.00013054483372686398,2940,30,0.8,0.2,best
DE,potencias,4,97,0.00012631313475577232,2970,30,0.8,0.2,best
DE,potencias,4,98,0.00012631313475577232,3000,30,0.8,0.2,best
DE,potencias,4,99,0.00010046509662083486,3030,30,0.8,0.2,best
DE,potencias,4,100,8.676785767629106e-05,3060,30,0.8,0.2,best
DE,potencias,4,101,8.676785767629106e-05,3090,30,0.8,0.2,best
DE,potencias,4,102,6.0179933401468186e-05,3120,30,0.8,0.2,best
DE,potencias,4,103,6.0179933401468186e-05,3150,30,0.8,0.2,best
DE,potencias,4,104,1.3478093107024e-05,3180,30,0.8,0.2,best
DE,potencias,4,105,1.3478093107024e-05,3210,30,0.8,0.2,best
DE,potencias,4,106,1.3478093107024e-05,3240,30,0.8,0.2,best
DE,potencias,4,107,1.3478093107024e-05,3270,30,0.8,0.2,best
DE,potencias,4,108,5.937425877899492e-06,3300,30,0.8,0.2,best
DE,potencias,4,109,5.709841305192592e-06,3330,30,0.8,0.2,best
DE,potencias,4,110,5.709841305192592e-06,3360,30,0.8,0.2,best
DE,potencias,4,111,5.709841305192592e-06,3390,30,0.8,0.2,best
DE,potencias,4,112,5.709841305192592e-06,3420,30,0.8,0.2,best
DE,potencias,4,113,4.879701206944971e-06,3450,30,0.8,0.2,best
DE,potencias,4,114,4.782662167435621e-06,3480,30,0.8,0.2,best
DE,potencias,4,115,4.5473492687845135e-06,3510,30,0.8,0.2,best
DE,potencias,4,116,3.2449009892239366e-06,3540,30,0.8,0.2,best
DE,potencias,4,117,2.7168809731858544e-06,3570,30,0.8,0.2,best
DE,potencias,4,118,9.217182943962345e-07,3600,30,0.8,0.2,best
DE,potencias,4,119,9.217182943962345e-07,3630,30,0.8,0.2,best
DE,potencias,4,120,9.217182943962345e-07,3660,30,0.8,0.2,best
DE,potencias,4,121,3.664910193296064e-07,3690,30,0.8,0.2,best
DE,potencias,4,122,1.459298306569122e-07,3720,30,0.8,0.2,best
DE,potencias,4,123,1.459298306569122e-07,3750,30,0.8,0.2,best
DE,potencias,4,124,1.459298306569122e-07,3780,30,0.8,0.2,best
DE,potencias,4,125,1.459298306569122e-07,3810,30,0.8,0.2,best
DE,potencias,4,126,1.459298306569122e-07,3840,30,0.8,0.2,best
DE,potencias,4,127,9.259315009661393e-08,3870,30,0.8,0.2,best
DE,potencias,4,128,9.259315009661393e-08,3900,30,0.8,0.2,best
DE,potencias,4,129,9.259315009661393e-08,3930,30,0.8,0.2,best
DE,potencias,4,130,9.212103039670274e-08,3960,30,0.8,0.2,best
DE,potencias,4,131,9.16817517394351e-08,3990,30,0.8,0.2,best
DE,potencias,4,132,4.1147067018487966e-09,4020,30,0.8,0.2,best
DE,potencias,4,133,4.1147067018487966e-09,4050,30,0.8,0.2,best
DE,potencias,4,134,4.1147067018487966e-09,4080,30,0.8,0.2,best
DE,potencias,4,135,4.1147067018487966e-09,4110,30,0.8,0.2,best
DE,potencias,4,136,4.1147067018487966e-09,4140,30,0.8,0.2,best
DE,potencias,4,137,4.1147067018487966e-09,4170,30,0.8,0.2,best
DE,potencias,4,138,4.1147067018487966e-09,4200,30,0.8,0.2,best
DE,potencias,4,139,4.1147067018487966e-09,4230,30,0.8,0.2,best
DE,potencias,4,140,4.107702889715462e-09,4260,30,0.8,0.2,best
DE,potencias,4,141,3.7069441044491668e-09,4290,30,0.8,0.2,best
DE,potencias,4,142,3.7069441044491668e-09,4320,30,0.8,0.2,best
DE,potencias,4,143,3.7069441044491668e-09,4350,30,0.8,0.2,best
DE,potencias,4,144,1.939930981453521e-09,4380,30,0.8,0.2,best
DE,potencias,4,145,1.939930981453521e-09,4410,30,0.8,0.2,best
DE,potencias,4,146,1.939930981453521e-09,4440,30,0.8,0.2,best
DE,potencias,4,147,1.939930981453521e-09,4470,30,0.8,0.2,best
DE,potencias,4,148,1.939930981453521e-09,4500,30,0.8,0.2,best
DE,potencias,4,149,1.4883353173120854e-09,4530,30,0.8,0.2,best
DE,potencias,4,150,3.8415862398590203e-10,4560,30,0.8,0.2,best
DE,potencias,4,151,3.8088101154208514e-10,4590,30,0.8,0.2,best
DE,potencias,4,152,3.8088101154208514e-10,4620,30,0.8,0.2,best
DE,potencias,4,153,1.7691905090336335e-10,4650,30,0.8,0.2,best
DE,potencias,4,154,1.7691905090336335e-10,4680,30,0.8,0.2,best
DE,potencias,4,155,1.7691905090336335e-10,4710,30,0.8,0.2,best
DE,potencias,4,156,1.5318765368944444e-10,4740,30,0.8,0.2,best
DE,potencias,4,157,1.0229684574509373e-10,4770,30,0.8,0.2,best
DE,potencias,4,158,1.0229684574509373e-10,4800,30,0.8,0.2,best
DE,potencias,4,159,1.0229684574509373e-10,4830,30,0.8,0.2,best
DE,potencias,4,160,1.0229684574509373e-10,4860,30,0.8,0.2,best
DE,potencias,4,161,1.0229684574509373e-10,4890,30,0.8,0.2,best
DE,potencias,4,162,6.102364143384084e-11,4920,30,0.8,0.2,best
DE,potencias,4,163,4.788385380443385e-11,4950,30,0.8,0.2,best
DE,potencias,4,164,4.519595740777717e-11,4980,30,0.8,0.2,best
DE,potencias,4,165,4.519595740777717e-11,5010,30,0.8,0.2,best
DE,potencias,4,166,4.519595740777717e-11,5040,30,0.8,0.2,best
DE,potencias,4,167,1.869249557433979e-11,5070,30,0.8,0.2,best
DE,potencias,4,168,7.121762213017683e-12,5100,30,0.8,0.2,best
DE,potencias,4,169,7.121762213017683e-12,5130,30,0.8,0.2,best
DE,potencias,4,170,4.632179299550357e-12,5160,30,0.8,0.2,best
DE,potencias,4,171,4.632179299550357e-12,5190,30,0.8,0.2,best
DE,potencias,4,172,4.632179299550357e-12,5220,30,0.8,0.2,best
DE,potencias,4,173,4.632179299550357e-12,5250,30,0.8,0.2,best
DE,potencias,4,174,4.632179299550357e-12,5280,30,0.8,0.2,best
DE,potencias,4,175,2.2661164919754846e-12,5310,30,0.8,0.2,best
DE,potencias,4,176,2.2661164919754846e-12,5340,30,0.8,0.2,best
DE,potencias,4,177,2.2661164919754846e-12,5370,30,0.8,0.2,best
DE,potencias,4,178,2.2661164919754846e-12,5400,30,0.8,0.2,best
DE,potencias,4,179,1.9024249062427497e-12,5430,30,0.8,0.2,best
DE,potencias,4,180,1.2119076675696978e-12,5460,30,0.8,0.2,best
DE,potencias,4,181,1.2119076675696978e-12,5490,30,0.8,0.2,best
DE,potencias,4,182,1.2114602506614772e-12,5520,30,0.8,0.2,best
DE,potencias,4,183,1.2114602506614772e-12,5550,30,0.8,0.2,best
DE,potencias,4,184,8.458451032436399e-13,5580,30,0.8,0.2,best
DE,potencias,4,185,8.458451032436399e-13,5610,30,0.8,0.2,best
DE,potencias,4,186,8.458451032436399e-13,5640,30,0.8,0.2,best
DE,potencias,4,187,5.44175592824058e-13,5670,30,0.8,0.2,best
DE,potencias,4,188,5.44175592824058e-13,5700,30,0.8,0.2,best
DE,potencias,4,189,1.9898438375878627e-13,5730,30,0.8,0.2,best
DE,potencias,4,190,1.1247979622537265e-13,5760,30,0.8,0.2,best
DE,potencias,4,191,1.1247979622537265e-13,5790,30,0.8,0.2,best
DE,potencias,4,192,1.1247979622537265e-13,5820,30,0.8,0.2,best
DE,potencias,4,193,1.1242749519095229e-13,5850,30,0.8,0.2,best
DE,potencias,4,194,1.1242749519095229e-13,5880,30,0.8,0.2,best
DE,potencias,4,195,1.1242749519095229e-13,5910,30,0.8,0.2,best
DE,potencias,4,196,1.1242749519095229e-13,5940,30,0.8,0.2,best
DE,potencias,4,197,3.8361476725095694e-14,5970,30,0.8,0.2,best
DE,potencias,4,198,3.8361476725095694e-14,6000,30,0.8,0.2,best
DE,potencias,4,199,3.8361476725095694e-14,6030,30,0.8,0.2,best
DE,potencias,4,200,8.658649047081598e-15,6060,30,0.8,0.2,best
DE,potencias,4,201,8.658649047081598e-15,6090,30,0.8,0.2,best
DE,potencias,4,202,3.513989869858799e-15,6120,30,0.8,0.2,best
DE,potencias,4,203,3.513989869858799e-15,6150,30,0.8,0.2,best
DE,potencias,4,204,3.513989869858799e-15,6180,30,0.8,0.2,best
DE,potencias,4,205,3.513989869858799e-15,6210,30,0.8,0.2,best
DE,potencias,4,206,8.692534440573102e-16,6240,30,0.8,0.2,best
DE,potencias,4,207,8.692534440573102e-16,6270,30,0.8,0.2,best
DE,potencias,4,208,8.692534440573102e-16,6300,30,0.8,0.2,best
DE,potencias,4,209,8.692534440573102e-16,6330,30,0.8,0.2,best
DE,potencias,4,210,8.692534440573102e-16,6360,30,0.8,0.2,best
DE,potencias,4,211,8.692534440573102e-16,6390,30,0.8,0.2,best
DE,potencias,4,212,8.692534440573102e-16,6420,30,0.8,0.2,best
DE,potencias,4,213,8.692534440573102e-16,6450,30,0.8,0.2,best
DE,potencias,4,214,8.692534440573102e-16,6480,30,0.8,0.2,best
DE,potencias,4,215,8.605922567595458e-16,6510,30,0.8,0.2,best
DE,potencias,4,216,8.605922567595458e-16,6540,30,0.8,0.2,best
DE,potencias,4,217,1.110508511853854e-16,6570,30,0.8,0.2,best
DE,potencias,4,218,1.110508511853854e-16,6600,30,0.8,0.2,best
DE,potencias,4,219,1.0245781659988443e-16,6630,30,0.8,0.2,best
DE,potencias,4,220,1.0245781659988443e-16,6660,30,0.8,0.2,best
DE,potencias,4,221,1.0245781659988443e-16,6690,30,0.8,0.2,best
DE,potencias,4,222,1.3079666678322909e-17,6720,30,0.8,0.2,best
DE,potencias,4,223,1.3079666678322909e-17,6750,30,0.8,0.2,best
DE,potencias,4,224,1.3079666678322909e-17,6780,30,0.8,0.2,best
DE,potencias,4,225,1.3079666678322909e-17,6810,30,0.8,0.2,best
DE,potencias,4,226,1.3079666678322909e-17,6840,30,0.8,0.2,best
DE,potencias,4,227,1.3079666678322909e-17,6870,30,0.8,0.2,best
DE,potencias,4,228,1.3079666678322909e-17,6900,30,0.8,0.2,best
DE,potencias,4,229,1.2843912792324841e-17,6930,30,0.8,0.2,best
DE,potencias,4,230,1.2843912792324841e-17,6960,30,0.8,0.2,best
DE,potencias,4,231,1.2843912792324841e-17,6990,30,0.8,0.2,best
DE,potencias,4,232,1.2843912792324841e-17,7020,30,0.8,0.2,best
DE,potencias,4,233,1.1838963163024326e-17,7050,30,0.8,0.2,best
DE,potencias,4,234,6.505586476979588e-18,7080,30,0.8,0.2,best
DE,potencias,4,235,6.505586476979588e-18,7110,30,0.8,0.2,best
DE,potencias,4,236,6.505586476979588e-18,7140,30,0.8,0.2,best
DE,potencias,4,237,6.505586476979588e-18,7170,30,0.8,0.2,best
DE,potencias,4,238,6.505586476979588e-18,7200,30,0.8,0.2,best
DE,potencias,4,239,6.505586476979588e-18,7230,30,0.8,0.2,best
DE,potencias,4,240,6.505586476979588e-18,7260,30,0.8,0.2,best
DE,potencias,4,241,1.0291545171413429e-18,7290,30,0.8,0.2,best
DE,potencias,4,242,7.5493025780118665e-19,7320,30,0.8,0.2,best
DE,potencias,4,243,7.5493025780118665e-19,7350,30,0.8,0.2,best
DE,potencias,4,244,6.919306923380887e-19,7380,30,0.8,0.2,best
DE,potencias,4,245,6.919306923380887e-19,7410,30,0.8,0.2,best
DE,potencias,4,246,6.919306923380887e-19,7440,30,0.8,0.2,best
DE,potencias,4,247,6.919306923380887e-19,7470,30,0.8,0.2,best
DE,potencias,4,248,5.423618597845139e-19,7500,30,0.8,0.2,best
DE,potencias,4,249,2.352946478642175e-19,7530,30,0.8,0.2,best
DE,potencias,4,250,2.352946478642175e-19,7560,30,0.8,0.2,best
DE,potencias,4,251,2.352946478642175e-19,7590,30,0.8,0.2,best
DE,potencias,4,252,1.32605374491476e-19,7620,30,0.8,0.2,best
DE,potencias,4,253,1.3201104724971882e-19,7650,30,0.8,0.2,best
DE,potencias,4,254,1.3201104724971882e-19,7680,30,0.8,0.2,best
DE,potencias,4,255,1.3201104724971882e-19,7710,30,0.8,0.2,best
DE,potencias,4,256,1.3201104724971882e-19,7740,30,0.8,0.2,best
DE,potencias,4,257,1.3201104724971882e-19,7770,30,0.8,0.2,best
DE,potencias,4,258,1.3201104724971882e-19,7800,30,0.8,0.2,best
DE,potencias,4,259,1.3201104724971882e-19,7830,30,0.8,0.2,best
DE,potencias,4,260,2.239999780696489e-20,7860,30,0.8,0.2,best
DE,potencias,4,261,2.239999780696489e-20,7890,30,0.8,0.2,best
DE,potencias,4,262,2.239999780696489e-20,7920,30,0.8,0.2,best
DE,potencias,4,263,2.239999780696489e-20,7950,30,0.8,0.2,best
DE,potencias,4,264,2.239999780696489e-20,7980,30,0.8,0.2,best
DE,potencias,4,265,2.239999780696489e-20,8010,30,0.8,0.2,best
DE,potencias,4,266,9.834155278622448e-21,8040,30,0.8,0.2,best
DE,potencias,4,267,9.604612122855184e-21,8070,30,0.8,0.2,best
DE,potencias,4,268,9.604612122855184e-21,8100,30,0.8,0.2,best
DE,potencias,4,269,9.604612122855184e-21,8130,30,0.8,0.2,best
DE,potencias,4,270,9.604612122855184e-21,8160,30,0.8,0.2,best
DE,potencias,4,271,9.604612122855184e-21,8190,30,0.8,0.2,best
DE,potencias,4,272,9.604612122855184e-21,8220,30,0.8,0.2,best
DE,potencias,4,273,9.604612122855184e-21,8250,30,0.8,0.2,best
DE,potencias,4,274,9.604612122855184e-21,8280,30,0.8,0.2,best
DE,potencias,4,275,9.604612122855184e-21,8310,30,0.8,0.2,best
DE,potencias,4,276,7.949966533699964e-21,8340,30,0.8,0.2,best
DE,potencias,4,277,2.962643292963676e-21,8370,30,0.8,0.2,best
DE,potencias,4,278,2.962643292963676e-21,8400,30,0.8,0.2,best
DE,potencias,4,279,2.962643292963676e-21,8430,30,0.8,0.2,best
DE,potencias,4,280,2.4586446610577945e-21,8460,30,0.8,0.2,best
DE,potencias,4,281,2.4586446610577945e-21,8490,30,0.8,0.2,best
DE,potencias,4,282,2.4586446610577945e-21,8520,30,0.8,0.2,best
DE,potencias,4,283,8.735294772678218e-22,8550,30,0.8,0.2,best
DE,potencias,4,284,8.735294772678218e-22,8580,30,0.8,0.2,best
DE,potencias,4,285,8.228762334958784e-22,8610,30,0.8,0.2,best
DE,potencias,4,286,7.197779495938385e-22,8640,30,0.8,0.2,best
DE,potencias,4,287,6.077424763619789e-22,8670,30,0.8,0.2,best
DE,potencias,4,288,5.939234043367535e-22,8700,30,0.8,0.2,best
DE,potencias,4,289,1.3264607522410693e-22,8730,30,0.8,0.2,best
DE,potencias,4,290,1.3264607522410693e-22,8760,30,0.8,0.2,best
DE,potencias,4,291,1.3264607522410693e-22,8790,30,0.8,0.2,best
DE,potencias,4,292,1.326457530340095e-22,8820,30,0.8,0.2,best
DE,potencias,4,293,1.3248369073808258e-22,8850,30,0.8,0.2,best
DE,potencias,4,294,4.1997901462116333e-23,8880,30,0.8,0.2,best
DE,potencias,4,295,4.1997901462116333e-23,8910,30,0.8,0.2,best
DE,potencias,4,296,3.42075063480289e-23,8940,30,0.8,0.2,best
DE,potencias,4,297,3.42075063480289e-23,8970,30,0.8,0.2,best
DE,potencias,4,298,3.42075063480289e-23,9000,30,0.8,0.2,best
DE,potencias,4,299,2.7892953345718286e-23,9030,30,0.8,0.2,best
DE,potencias,4,300,2.7892953345718286e-23,9060,30,0.8,0.2,best
DE,potencias,4,301,2.7892953345718286e-23,9090,30,0.8,0.2,best
DE,potencias,4,302,2.7892953345718286e-23,9120,30,0.8,0.2,best
DE,potencias,4,303,2.7892953345718286e-23,9150,30,0.8,0.2,best
DE,potencias,4,304,2.083622028496858e-23,9180,30,0.8,0.2,best
DE,potencias,4,305,2.083622028496858e-23,9210,30,0.8,0.2,best
DE,potencias,4,306,2.0305993905687908e-23,9240,30,0.8,0.2,best
DE,potencias,4,307,2.0305993905687908e-23,9270,30,0.8,0.2,best
DE,potencias,4,308,2.0305993905687908e-23,9300,30,0.8,0.2,best
DE,potencias,4,309,1.4781984760563366e-23,9330,30,0.8,0.2,best
DE,potencias,4,310,1.4781984760563366e-23,9360,30,0.8,0.2,best
DE,potencias,4,311,1.4781984760563366e-23,9390,30,0.8,0.2,best
DE,potencias,4,312,1.410327137470516e-23,9420,30,0.8,0.2,best
DE,potencias,4,313,1.410327137470516e-23,9450,30,0.8,0.2,best
DE,potencias,4,314,1.3348518584154883e-23,9480,30,0.8,0.2,best
DE,potencias,4,315,1.3274345399701608e-23,9510,30,0.8,0.2,best
DE,potencias,4,316,1.2629395034193287e-24,9540,30,0.8,0.2,best
DE,potencias,4,317,1.157287887192145e-24,9570,30,0.8,0.2,best
DE,potencias,4,318,1.157287887192145e-24,9600,30,0.8,0.2,best
DE,potencias,4,319,9.858962301859931e-25,9630,30,0.8,0.2,best
DE,potencias,4,320,9.858962301859931e-25,9660,30,0.8,0.2,best
DE,potencias,4,321,5.999995744693691e-25,9690,30,0.8,0.2,best
DE,potencias,4,322,5.999995744693691e-25,9720,30,0.8,0.2,best
DE,potencias,4,323,5.999995744693691e-25,9750,30,0.8,0.2,best
DE,potencias,4,324,5.999679672937125e-25,9780,30,0.8,0.2,best
DE,potencias,4,325,1.1768834715918732e-25,9810,30,0.8,0.2,best
DE,potencias,4,326,1.1768834715918732e-25,9840,30,0.8,0.2,best
DE,potencias,4,327,1.1768834715918732e-25,9870,30,0.8,0.2,best
DE,potencias,4,328,5.566002948628665e-26,9900,30,0.8,0.2,best
DE,potencias,4,329,5.566002948628665e-26,9930,30,0.8,0.2,best
DE,potencias,4,330,5.566002948628665e-26,9960,30,0.8,0.2,best
DE,potencias,4,331,5.566002948628665e-26,9990,30,0.8,0.2,best
DE,potencias,4,332,5.566002948628665e-26,10020,30,0.8,0.2,best
DE,potencias,4,333,5.566002948628665e-26,10050,30,0.8,0.2,best
DE,potencias,4,334,5.566002948628665e-26,10080,30,0.8,0.2,best
DE,potencias,4,335,1.5034370063582153e-26,10110,30,0.8,0.2,best
DE,potencias,4,336,1.5034370063582153e-26,10140,30,0.8,0.2,best
DE,potencias,4,337,1.5034370063582153e-26,10170,30,0.8,0.2,best
DE,potencias,4,338,1.5034370063582153e-26,10200,30,0.8,0.2,best
DE,potencias,4,339,6.289106323440266e-27,10230,30,0.8,0.2,best
DE,potencias,4,340,6.289106323440266e-27,10260,30,0.8,0.2,best
DE,potencias,4,341,6.289106323440266e-27,10290,30,0.8,0.2,best
DE,potencias,4,342,6.289106323440266e-27,10320,30,0.8,0.2,best
DE,potencias,4,343,6.289106323440266e-27,10350,30,0.8,0.2,best
DE,potencias,4,344,2.461780568247595e-27,10380,30,0.8,0.2,best
DE,potencias,4,345,2.4616962734825274e-27,10410,30,0.8,0.2,best
DE,potencias,4,346,2.4616962734825274e-27,10440,30,0.8,0.2,best
DE,potencias,4,347,1.7403062909336758e-27,10470,30,0.8,0.2,best
DE,potencias,4,348,1.6517731470220644e-27,10500,30,0.8,0.2,best
DE,potencias,4,349,1.6517731470220644e-27,10530,30,0.8,0.2,best
DE,potencias,4,350,6.036003196324055e-28,10560,30,0.8,0.2,best
DE,potencias,4,351,8.710143740040941e-29,10590,30,0.8,0.2,best
DE,potencias,4,352,8.710143740040941e-29,10620,30,0.8,0.2,best
DE,potencias,4,353,8.710143740040941e-29,10650,30,0.8,0.2,best
DE,potencias,4,354,8.710143740040941e-29,10680,30,0.8,0.2,best
DE,potencias,4,355,8.710143740040941e-29,10710,30,0.8,0.2,best
DE,potencias,4,356,8.710143740040941e-29,10740,30,0.8,0.2,best
DE,potencias,4,357,8.710143740040941e-29,10770,30,0.8,0.2,best
DE,potencias,4,358,8.710143740040941e-29,10800,30,0.8,0.2,best
DE,potencias,4,359,8.710143740040941e-29,10830,30,0.8,0.2,best
DE,potencias,4,360,8.710143740040941e-29,10860,30,0.8,0.2,best
DE,potencias,4,361,8.710143740040941e-29,10890,30,0.8,0.2,best
DE,potencias,4,362,8.710143740040941e-29,10920,30,0.8,0.2,best
DE,potencias,4,363,8.710143740040941e-29,10950,30,0.8,0.2,best
DE,potencias,4,364,8.710143740040941e-29,10980,30,0.8,0.2,best
DE,potencias,4,365,8.710143740040941e-29,11010,30,0.8,0.2,best
DE,potencias,4,366,8.710143740040941e-29,11040,30,0.8,0.2,best
DE,potencias,4,367,8.710143740040941e-29,11070,30,0.8,0.2,best
DE,potencias,4,368,8.710143740040941e-29,11100,30,0.8,0.2,best
DE,potencias,4,369,8.710143740040941e-29,11130,30,0.8,0.2,best
DE,potencias,4,370,5.413024937975325e-29,11160,30,0.8,0.2,best
DE,potencias,4,371,5.413024937975325e-29,11190,30,0.8,0.2,best
DE,potencias,4,372,1.1606817638390007e-29,11220,30,0.8,0.2,best
DE,potencias,4,373,1.1606817638390007e-29,11250,30,0.8,0.2,best
DE,potencias,4,374,1.1606817638390007e-29,11280,30,0.8,0.2,best
DE,potencias,4,375,1.1606817638390007e-29,11310,30,0.8,0.2,best
DE,potencias,4,376,7.625970240485738e-30,11340,30,0.8,0.2,best
DE,potencias,4,377,7.625970240485738e-30,11370,30,0.8,0.2,best
DE,potencias,4,378,7.625970240485738e-30,11400,30,0.8,0.2,best
DE,potencias,4,379,6.496129052750231e-30,11430,30,0.8,0.2,best
DE,potencias,4,380,2.7429329550311127e-30,11460,30,0.8,0.2,best
DE,potencias,4,381,2.7429329550311127e-30,11490,30,0.8,0.2,best
DE,potencias,4,382,2.7429329550311127e-30,11520,30,0.8,0.2,best
DE,potencias,4,383,2.7429329550311127e-30,11550,30,0.8,0.2,best
DE,potencias,4,384,2.7429329550311127e-30,11580,30,0.8,0.2,best
DE,potencias,4,385,2.7429329550311127e-30,11610,30,0.8,0.2,best
DE,potencias,4,386,1.6457855672898544e-30,11640,30,0.8,0.2,best
DE,potencias,4,387,6.637483564327269e-31,11670,30,0.8,0.2,best
DE,potencias,4,388,6.637483564327269e-31,11700,30,0.8,0.2,best
DE,potencias,4,389,6.637483564327269e-31,11730,30,0.8,0.2,best
DE,potencias,4,390,6.053066210579791e-31,11760,30,0.8,0.2,best
DE,potencias,4,391,1.2389941283461925e-32,11790,30,0.8,0.2,best
DE,potencias,4,392,1.2389941283461925e-32,11820,30,0.8,0.2,best
DE,potencias,4,393,1.2389941283461925e-32,11850,30,0.8,0.2,best
DE,potencias,4,394,1.2389941283461925e-32,11880,30,0.8,0.2,best
DE,potencias,4,395,4.690738435544899e-33,11910,30,0.8,0.2,best
DE,potencias,4,396,4.690738435544899e-33,11940,30,0.8,0.2,best
DE,potencias,4,397,4.360681936573379e-33,11970,30,0.8,0.2,best
DE,potencias,4,398,9.338042094683155e-34,12000,30,0.8,0.2,best
DE,potencias,4,399,9.338042094683155e-34,12030,30,0.8,0.2,best
DE,potencias,4,400,9.338042094683155e-34,12060,30,0.8,0.2,best
DE,potencias,4,401,9.338042094683155e-34,12090,30,0.8,0.2,best
DE,potencias,4,402,5.853690803440418e-34,12120,30,0.8,0.2,best
DE,potencias,4,403,5.853690803440418e-34,12150,30,0.8,0.2,best
DE,potencias,4,404,5.853690803440418e-34,12180,30,0.8,0.2,best
DE,potencias,4,405,5.853690803440418e-34,12210,30,0.8,0.2,best
DE,potencias,4,406,5.853690803440418e-34,12240,30,0.8,0.2,best
DE,potencias,4,407,5.853690803440418e-34,12270,30,0.8,0.2,best
DE,potencias,4,408,5.853690803440418e-34,12300,30,0.8,0.2,best
DE,potencias,4,409,5.737689339601212e-34,12330,30,0.8,0.2,best
DE,potencias,4,410,5.737689339601212e-34,12360,30,0.8,0.2,best
DE,potencias,4,411,5.737689339601212e-34,12390,30,0.8,0.2,best
DE,potencias,4,412,5.737689339601212e-34,12420,30,0.8,0.2,best
DE,potencias,4,413,5.394387745958605e-34,12450,30,0.8,0.2,best
DE,potencias,4,414,1.942677772231634e-34,12480,30,0.8,0.2,best
DE,potencias,4,415,1.942677772231634e-34,12510,30,0.8,0.2,best
DE,potencias,4,416,1.942677772231634e-34,12540,30,0.8,0.2,best
DE,potencias,4,417,1.942677772231634e-34,12570,30,0.8,0.2,best
DE,potencias,4,418,1.942677772231634e-34,12600,30,0.8,0.2,best
DE,potencias,4,419,1.6494574980761202e-34,12630,30,0.8,0.2,best
DE,potencias,4,420,1.6494574980761202e-34,12660,30,0.8,0.2,best
DE,potencias,4,421,8.602616119464411e-35,12690,30,0.8,0.2,best
DE,potencias,4,422,5.460492788493295e-35,12720,30,0.8,0.2,best
DE,potencias,4,423,5.460492788493295e-35,12750,30,0.8,0.2,best
DE,potencias,4,424,1.4746643641239873e-35,12780,30,0.8,0.2,best
DE,potencias,4,425,5.100660963427838e-36,12810,30,0.8,0.2,best
DE,potencias,4,426,5.100660963427838e-36,12840,30,0.8,0.2,best
DE,potencias,4,427,5.100660963427838e-36,12870,30,0.8,0.2,best
DE,potencias,4,428,4.8164778651082484e-36,12900,30,0.8,0.2,best
DE,potencias,4,429,4.8164778651082484e-36,12930,30,0.8,0.2,best
DE,potencias,4,430,4.8164778651082484e-36,12960,30,0.8,0.2,best
DE,potencias,4,431,4.8164778651082484e-36,12990,30,0.8,0.2,best
DE,potencias,4,432,4.8164778651082484e-36,13020,30,0.8,0.2,best
DE,potencias,4,433,4.602014950147441e-36,13050,30,0.8,0.2,best
DE,potencias,4,434,4.602014950147441e-36,13080,30,0.8,0.2,best
DE,potencias,4,435,4.602014950147441e-36,13110,30,0.8,0.2,best
DE,potencias,4,436,1.8723340844811776e-36,13140,30,0.8,0.2,best
DE,potencias,4,437,1.71489484021712e-36,13170,30,0.8,0.2,best
DE,potencias,4,438,4.373399660465088e-38,13200,30,0.8,0.2,best
DE,potencias,4,439,4.373399660465088e-38,13230,30,0.8,0.2,best
DE,potencias,4,440,4.373399660465088e-38,13260,30,0.8,0.2,best
DE,potencias,4,441,4.3717243355698817e-38,13290,30,0.8,0.2,best
DE,potencias,4,442,3.350959814389515e-38,13320,30,0.8,0.2,best
DE,potencias,4,443,3.350959814389515e-38,13350,30,0.8,0.2,best
DE,potencias,4,444,2.118358337546181e-39,13380,30,0.8,0.2,best
DE,potencias,4,445,2.118272803358972e-39,13410,30,0.8,0.2,best
DE,potencias,4,446,2.118272803358972e-39,13440,30,0.8,0.2,best
DE,potencias,4,447,2.118272803358972e-39,13470,30,0.8,0.2,best
DE,potencias,4,448,2.118272803358972e-39,13500,30,0.8,0.2,best
DE,potencias,4,449,2.118272803358972e-39,13530,30,0.8,0.2,best
DE,potencias,4,450,2.118272803358972e-39,13560,30,0.8,0.2,best
DE,potencias,4,451,2.118272803358972e-39,13590,30,0.8,0.2,best
DE,potencias,4,452,2.118272803358972e-39,13620,30,0.8,0.2,best
DE,potencias,4,453,2.118272803358972e-39,13650,30,0.8,0.2,best
DE,potencias,4,454,1.57554071075817e-39,13680,30,0.8,0.2,best
DE,potencias,4,455,1.5752754512679407e-39,13710,30,0.8,0.2,best
DE,potencias,4,456,1.5293290838587432e-39,13740,30,0.8,0.2,best
DE,potencias,4,457,1.3511458213499146e-39,13770,30,0.8,0.2,best
DE,potencias,4,458,1.3511458213499146e-39,13800,30,0.8,0.2,best
DE,potencias,4,459,8.044414496549265e-41,13830,30,0.8,0.2,best
DE,potencias,4,460,8.044414496549265e-41,13860,30,0.8,0.2,best
DE,potencias,4,461,8.044414496549265e-41,13890,30,0.8,0.2,best
DE,potencias,4,462,3.2694428891484307e-41,13920,30,0.8,0.2,best
DE,potencias,4,463,3.2694428891484307e-41,13950,30,0.8,0.2,best
DE,potencias,4,464,3.2694428891484307e-41,13980,30,0.8,0.2,best
DE,potencias,4,465,3.2694428891484307e-41,14010,30,0.8,0.2,best
DE,potencias,4,466,3.2694428891484307e-41,14040,30,0.8,0.2,best
DE,potencias,4,467,3.2694428891484307e-41,14070,30,0.8,0.2,best
DE,potencias,4,468,3.2694428891484307e-41,14100,30,0.8,0.2,best
DE,potencias,4,469,3.175563046872398e-41,14130,30,0.8,0.2,best
DE,potencias,4,470,3.175563046872398e-41,14160,30,0.8,0.2,best
DE,potencias,4,471,1.4922314891037643e-41,14190,30,0.8,0.2,best
DE,potencias,4,472,4.751170875366925e-42,14220,30,0.8,0.2,best
DE,potencias,4,473,4.751170875366925e-42,14250,30,0.8,0.2,best
DE,potencias,4,474,2.783773220965027e-42,14280,30,0.8,0.2,best
DE,potencias,4,475,2.783773220965027e-42,14310,30,0.8,0.2,best
DE,potencias,4,476,6.097604644097805e-43,14340,30,0.8,0.2,best
DE,potencias,4,477,3.3791964078084605e-43,14370,30,0.8,0.2,best
DE,potencias,4,478,3.3791964078084605e-43,14400,30,0.8,0.2,best
DE,potencias,4,479,3.3791964078084605e-43,14430,30,0.8,0.2,best
DE,potencias,4,480,3.3791964078084605e-43,14460,30,0.8,0.2,best
DE,potencias,4,481,3.371252235968884e-43,14490,30,0.8,0.2,best
DE,potencias,4,482,3.371252235968884e-43,14520,30,0.8,0.2,best
DE,potencias,4,483,3.371252235968884e-43,14550,30,0.8,0.2,best
DE,potencias,4,484,3.371252235968884e-43,14580,30,0.8,0.2,best
DE,potencias,4,485,3.0508791495085126e-43,14610,30,0.8,0.2,best
DE,potencias,4,486,2.2184465794266595e-43,14640,30,0.8,0.2,best
DE,potencias,4,487,2.1823642139166865e-43,14670,30,0.8,0.2,best
DE,potencias,4,488,2.1823642139166865e-43,14700,30,0.8,0.2,best
DE,potencias,4,489,2.1823642139166865e-43,14730,30,0.8,0.2,best
DE,potencias,4,490,1.7866622678322031e-43,14760,30,0.8,0.2,best
DE,potencias,4,491,1.7866622678322031e-43,14790,30,0.8,0.2,best
DE,potencias,4,492,1.9065558007030781e-44,14820,30,0.8,0.2,best
DE,potencias,4,493,1.9065558007030781e-44,14850,30,0.8,0.2,best
DE,potencias,4,494,1.9065558007030781e-44,14880,30,0.8,0.2,best
DE,potencias,4,495,1.9065558007030781e-44,14910,30,0.8,0.2,best
DE,potencias,4,496,1.9065558007030781e-44,14940,30,0.8,0.2,best
DE,potencias,4,497,1.5116831148187672e-44,14970,30,0.8,0.2,best
DE,potencias,4,498,1.5116831148187672e-44,15000,30,0.8,0.2,best
DE,potencias,4,499,1.5116831148187672e-44,15030,30,0.8,0.2,best
DE,potencias,4,500,1.5116831148187672e-44,15060,30,0.8,0.2,best
DE,potencias,4,501,8.952979525310403e-45,15090,30,0.8,0.2,best
DE,potencias,4,502,4.8606160459107817e-45,15120,30,0.8,0.2,best
DE,potencias,4,503,4.3001602336734187e-45,15150,30,0.8,0.2,best
DE,potencias,4,504,4.3001602336734187e-45,15180,30,0.8,0.2,best
DE,potencias,4,505,4.3001602336734187e-45,15210,30,0.8,0.2,best
DE,potencias,4,506,4.3001602336734187e-45,15240,30,0.8,0.2,best
DE,potencias,4,507,4.3001602336734187e-45,15270,30,0.8,0.2,best
DE,potencias,4,508,3.7654696350238255e-45,15300,30,0.8,0.2,best
DE,potencias,4,509,2.946325737253993e-45,15330,30,0.8,0.2,best
DE,potencias,4,510,6.0827313431052405e-46,15360,30,0.8,0.2,best
DE,potencias,4,511,6.0827313431052405e-46,15390,30,0.8,0.2,best
DE,potencias,4,512,1.7494610528921277e-46,15420,30,0.8,0.2,best
DE,potencias,4,513,1.7494610528921277e-46,15450,30,0.8,0.2,best
DE,potencias,4,514,1.7494610528921277e-46,15480,30,0.8,0.2,best
DE,potencias,4,515,1.5905968566789523e-46,15510,30,0.8,0.2,best
DE,potencias,4,516,1.5905968566789523e-46,15540,30,0.8,0.2,best
DE,potencias,4,517,1.5905968566789523e-46,15570,30,0.8,0.2,best
DE,potencias,4,518,1.5905968566789523e-46,15600,30,0.8,0.2,best
DE,potencias,4,519,1.5905968566789523e-46,15630,30,0.8,0.2,best
DE,potencias,4,520,9.672635054430512e-47,15660,30,0.8,0.2,best
DE,potencias,4,521,2.3933879554929114e-47,15690,30,0.8,0.2,best
DE,potencias,4,522,8.578441914601437e-49,15720,30,0.8,0.2,best
DE,potencias,4,523,8.578441914601437e-49,15750,30,0.8,0.2,best
DE,potencias,4,524,8.578441914601437e-49,15780,30,0.8,0.2,best
DE,potencias,4,525,8.578441914601437e-49,15810,30,0.8,0.2,best
DE,potencias,4,526,8.578441914601437e-49,15840,30,0.8,0.2,best
DE,potencias,4,527,8.578441914601437e-49,15870,30,0.8,0.2,best
DE,potencias,4,528,8.578441914601437e-49,15900,30,0.8,0.2,best
DE,potencias,4,529,8.578441914601437e-49,15930,30,0.8,0.2,best
DE,potencias,4,530,1.5117941798807805e-49,15960,30,0.8,0.2,best
DE,potencias,4,531,1.5117941798807805e-49,15990,30,0.8,0.2,best
DE,potencias,4,532,1.5117941798807805e-49,16020,30,0.8,0.2,best
DE,potencias,4,533,1.5117941798807805e-49,16050,30,0.8,0.2,best
DE,potencias,4,534,1.5117941798807805e-49,16080,30,0.8,0.2,best
DE,potencias,4,535,1.5117941798807805e-49,16110,30,0.8,0.2,best
DE,potencias,4,536,1.4001664044173855e-49,16140,30,0.8,0.2,best
DE,potencias,4,537,3.4744268589352823e-50,16170,30,0.8,0.2,best
DE,potencias,4,538,3.4744268589352823e-50,16200,30,0.8,0.2,best
DE,potencias,4,539,1.4141215464563574e-50,16230,30,0.8,0.2,best
DE,potencias,4,540,1.385210926445542e-50,16260,30,0.8,0.2,best
DE,potencias,4,541,1.250903139986757e-50,16290,30,0.8,0.2,best
DE,potencias,4,542,1.250903139986757e-50,16320,30,0.8,0.2,best
DE,potencias,4,543,9.987818643053704e-52,16350,30,0.8,0.2,best
DE,potencias,4,544,9.987818643053704e-52,16380,30,0.8,0.2,best
DE,potencias,4,545,9.987818643053704e-52,16410,30,0.8,0.2,best
DE,potencias,4,546,9.987818643053704e-52,16440,30,0.8,0.2,best
DE,potencias,4,547,9.984743734171697e-52,16470,30,0.8,0.2,best
DE,potencias,4,548,8.097201924860017e-52,16500,30,0.8,0.2,best
DE,potencias,4,549,7.758522164879617e-52,16530,30,0.8,0.2,best
DE,potencias,4,550,7.758522164879617e-52,16560,30,0.8,0.2,best
DE,potencias,4,551,7.758522164879617e-52,16590,30,0.8,0.2,best
DE,potencias,4,552,7.758522164879617e-52,16620,30,0.8,0.2,best
DE,potencias,4,553,7.758522164879617e-52,16650,30,0.8,0.2,best
DE,potencias,4,554,9.245600460066719e-53,16680,30,0.8,0.2,best
DE,potencias,4,555,9.245600460066719e-53,16710,30,0.8,0.2,best
DE,potencias,4,556,5.376085769934334e-53,16740,30,0.8,0.2,best
DE,potencias,4,557,5.376085769934334e-53,16770,30,0.8,0.2,best
DE,potencias,4,558,5.376085769934334e-53,16800,30,0.8,0.2,best
DE,potencias,4,559,5.376085769934334e-53,16830,30,0.8,0.2,best
DE,potencias,4,560,1.4503764978560857e-53,16860,30,0.8,0.2,best
DE,potencias,4,561,1.4503764978560857e-53,16890,30,0.8,0.2,best
DE,potencias,4,562,4.552214843442458e-54,16920,30,0.8,0.2,best
DE,potencias,4,563,4.552214843442458e-54,16950,30,0.8,0.2,best
DE,potencias,4,564,4.552214843442458e-54,16980,30,0.8,0.2,best
DE,potencias,4,565,4.552214843442458e-54,17010,30,0.8,0.2,best
DE,potencias,4,566,4.006295055296075e-54,17040,30,0.8,0.2,best
DE,potencias,4,567,4.006295055296075e-54,17070,30,0.8,0.2,best
DE,potencias,4,568,2.5762253475130034e-54,17100,30,0.8,0.2,best
DE,potencias,4,569,2.5761937049073792e-54,17130,30,0.8,0.2,best
DE,potencias,4,570,1.9877177816935e-54,17160,30,0.8,0.2,best
DE,potencias,4,571,1.9877177816935e-54,17190,30,0.8,0.2,best
DE,potencias,4,572,1.9877177816935e-54,17220,30,0.8,0.2,best
DE,potencias,4,573,1.9877177816935e-54,17250,30,0.8,0.2,best
DE,potencias,4,574,1.1915042900763326e-54,17280,30,0.8,0.2,best
DE,potencias,4,575,3.860333254092557e-55,17310,30,0.8,0.2,best
DE,potencias,4,576,2.4769084353576025e-57,17340,30,0.8,0.2,best
DE,potencias,4,577,2.4632562593012903e-57,17370,30,0.8,0.2,best
DE,potencias,4,578,2.4632562593012903e-57,17400,30,0.8,0.2,best
DE,potencias,4,579,2.4632470822244124e-57,17430,30,0.8,0.2,best
DE,potencias,4,580,1.4969543881544776e-57,17460,30,0.8,0.2,best
DE,potencias,4,581,1.4969543881544776e-57,17490,30,0.8,0.2,best
DE,potencias,4,582,1.4969543881544776e-57,17520,30,0.8,0.2,best
DE,potencias,4,583,1.4969543881544776e-57,17550,30,0.8,0.2,best
DE,potencias,4,584,9.888410406365016e-58,17580,30,0.8,0.2,best
DE,potencias,4,585,9.888410406365016e-58,17610,30,0.8,0.2,best
DE,potencias,4,586,8.368091045194282e-58,17640,30,0.8,0.2,best
DE,potencias,4,587,2.3916737064967447e-58,17670,30,0.8,0.2,best
DE,potencias,4,588,1.3187486222802715e-58,17700,30,0.8,0.2,best
DE,potencias,4,589,1.3187486222802715e-58,17730,30,0.8,0.2,best
DE,potencias,4,590,7.205651355015344e-59,17760,30,0.8,0.2,best
DE,potencias,4,591,5.614816246856852e-59,17790,30,0.8,0.2,best
DE,potencias,4,592,5.614816246856852e-59,17820,30,0.8,0.2,best
DE,potencias,4,593,5.614816246856852e-59,17850,30,0.8,0.2,best
DE,potencias,4,594,1.0538391804087311e-60,17880,30,0.8,0.2,best
DE,potencias,4,595,1.0538391804087311e-60,17910,30,0.8,0.2,best
DE,potencias,4,596,1.0538391804087311e-60,17940,30,0.8,0.2,best
DE,potencias,4,597,1.9170168231227743e-61,17970,30,0.8,0.2,best
DE,potencias,4,598,1.9170168231227743e-61,18000,30,0.8,0.2,best
DE,potencias,4,599,1.9170168231227743e-61,18030,30,0.8,0.2,best
DE,potencias,4,600,3.753821941073463e-62,18060,30,0.8,0.2,best
DE,potencias,4,601,3.753821941073463e-62,18090,30,0.8,0.2,best
DE,potencias,4,602,3.753821941073463e-62,18120,30,0.8,0.2,best
DE,potencias,4,603,3.753821941073463e-62,18150,30,0.8,0.2,best
DE,potencias,4,604,3.753821941073463e-62,18180,30,0.8,0.2,best
DE,potencias,4,605,3.753821941073463e-62,18210,30,0.8,0.2,best
DE,potencias,4,606,3.753821941073463e-62,18240,30,0.8,0.2,best
DE,potencias,4,607,3.753821941073463e-62,18270,30,0.8,0.2,best
DE,potencias,4,608,3.753821941073463e-62,18300,30,0.8,0.2,best
DE,potencias,4,609,3.753821941073463e-62,18330,30,0.8,0.2,best
DE,potencias,4,610,3.753821941073463e-62,18360,30,0.8,0.2,best
DE,potencias,4,611,3.753821941073463e-62,18390,30,0.8,0.2,best
DE,potencias,4,612,3.7613322300935964e-63,18420,30,0.8,0.2,best
DE,potencias,4,613,1.1823910381971827e-63,18450,30,0.8,0.2,best
DE,potencias,4,614,1.1823910381971827e-63,18480,30,0.8,0.2,best
DE,potencias,4,615,1.1823910381971827e-63,18510,30,0.8,0.2,best
DE,potencias,4,616,1.1823910381971827e-63,18540,30,0.8,0.2,best
DE,potencias,4,617,1.1823910381971827e-63,18570,30,0.8,0.2,best
DE,potencias,4,618,1.1451023732578229e-63,18600,30,0.8,0.2,best
DE,potencias,4,619,2.6011683817865098e-64,18630,30,0.8,0.2,best
DE,potencias,4,620,2.6011683817865098e-64,18660,30,0.8,0.2,best
DE,potencias,4,621,2.2680149076542767e-64,18690,30,0.8,0.2,best
DE,potencias,4,622,6.637161267111125e-65,18720,30,0.8,0.2,best
DE,potencias,4,623,6.637161267111125e-65,18750,30,0.8,0.2,best
DE,potencias,4,624,6.637161267111125e-65,18780,30,0.8,0.2,best
DE,potencias,4,625,6.091700927020455e-65,18810,30,0.8,0.2,best
DE,potencias,4,626,3.903742881245156e-65,18840,30,0.8,0.2,best
DE,potencias,4,627,3.903742881245156e-65,18870,30,0.8,0.2,best
DE,potencias,4,628,2.2763817418231362e-66,18900,30,0.8,0.2,best
DE,potencias,4,629,2.2763817418231362e-66,18930,30,0.8,0.2,best
DE,potencias,4,630,2.2763817418231362e-66,18960,30,0.8,0.2,best
DE,potencias,4,631,2.2700454839482584e-66,18990,30,0.8,0.2,best
DE,potencias,4,632,2.2700454839482584e-66,19020,30,0.8,0.2,best
DE,potencias,4,633,1.5336936359066792e-66,19050,30,0.8,0.2,best
DE,potencias,4,634,1.5336936359066792e-66,19080,30,0.8,0.2,best
DE,potencias,4,635,1.5336936359066792e-66,19110,30,0.8,0.2,best
DE,potencias,4,636,1.5208940776418014e-66,19140,30,0.8,0.2,best
DE,potencias,4,637,1.5208940776418014e-66,19170,30,0.8,0.2,best
DE,potencias,4,638,2.334729701760312e-67,19200,30,0.8,0.2,best
DE,potencias,4,639,2.334729701760312e-67,19230,30,0.8,0.2,best
DE,potencias,4,640,2.334729701760312e-67,19260,30,0.8,0.2,best
DE,potencias,4,641,2.334729701760312e-67,19290,30,0.8,0.2,best
DE,potencias,4,642,2.334729701760312e-67,19320,30,0.8,0.2,best
DE,potencias,4,643,1.4229452546455294e-67,19350,30,0.8,0.2,best
DE,potencias,4,644,1.4205111636122206e-67,19380,30,0.8,0.2,best
DE,potencias,4,645,1.4205111636122206e-67,19410,30,0.8,0.2,best
DE,potencias,4,646,1.2018412665516573e-68,19440,30,0.8,0.2,best
DE,potencias,4,647,1.2018412665516573e-68,19470,30,0.8,0.2,best
DE,potencias,4,648,1.2018412665516573e-68,19500,30,0.8,0.2,best
DE,potencias,4,649,1.1530810357509393e-68,19530,30,0.8,0.2,best
DE,potencias,4,650,1.1530810357509393e-68,19560,30,0.8,0.2,best
DE,potencias,4,651,5.059494318346128e-69,19590,30,0.8,0.2,best
DE,potencias,4,652,1.650713345396329e-69,19620,30,0.8,0.2,best
DE,potencias,4,653,1.650713345396329e-69,19650,30,0.8,0.2,best
DE,potencias,4,654,1.650649643027158e-69,19680,30,0.8,0.2,best
DE,potencias,4,655,3.1621929848940927e-72,19710,30,0.8,0.2,best
DE,potencias,4,656,3.1621929848940927e-72,19740,30,0.8,0.2,best
DE,potencias,4,657,3.1621929848940927e-72,19770,30,0.8,0.2,best
DE,potencias,4,658,2.7051787071525096e-72,19800,30,0.8,0.2,best
DE,potencias,4,659,2.7051787071525096e-72,19830,30,0.8,0.2,best
DE,potencias,4,660,2.7051787071525096e-72,19860,30,0.8,0.2,best
DE,potencias,4,661,2.7051787071525096e-72,19890,30,0.8,0.2,best
DE,potencias,4,662,2.7051787071525096e-72,19920,30,0.8,0.2,best
DE,potencias,4,663,2.7051787071525096e-72,19950,30,0.8,0.2,best
DE,potencias,4,664,2.7051787071525096e-72,19980,30,0.8,0.2,best
DE,potencias,4,665,2.6546337646827164e-72,20010,30,0.8,0.2,best
DE,potencias,4,666,1.4465795411999044e-72,20040,30,0.8,0.2,best
DE,potencias,4,667,1.4465795411999044e-72,20070,30,0.8,0.2,best
DE,potencias,4,668,1.8628714888671394e-73,20100,30,0.8,0.2,best
DE,potencias,4,669,4.1886056504166894e-75,20130,30,0.8,0.2,best
DE,potencias,4,670,4.1886056504166894e-75,20160,30,0.8,0.2,best
DE,potencias,4,671,4.1886056504166894e-75,20190,30,0.8,0.2,best
DE,potencias,4,672,3.635890862890645e-75,20220,30,0.8,0.2,best
DE,potencias,4,673,3.635890862890645e-75,20250,30,0.8,0.2,best
DE,potencias,4,674,3.635890862890645e-75,20280,30,0.8,0.2,best
DE,potencias,4,675,3.635890862890645e-75,20310,30,0.8,0.2,best
DE,potencias,4,676,2.646697027176949e-75,20340,30,0.8,0.2,best
DE,potencias,4,677,2.646697027176949e-75,20370,30,0.8,0.2,best
DE,potencias,4,678,2.646697027176949e-75,20400,30,0.8,0.2,best
DE,potencias,4,679,2.646697027176949e-75,20430,30,0.8,0.2,best
DE,potencias,4,680,2.646697027176949e-75,20460,30,0.8,0.2,best
DE,potencias,4,681,2.646697027176949e-75,20490,30,0.8,0.2,best
DE,potencias,4,682,7.30937929930706e-76,20520,30,0.8,0.2,best
DE,potencias,4,683,7.30937929930706e-76,20550,30,0.8,0.2,best
DE,potencias,4,684,7.309018737671695e-76,20580,30,0.8,0.2,best
DE,potencias,4,685,5.996648446832898e-76,20610,30,0.8,0.2,best
DE,potencias,4,686,5.996648446832898e-76,20640,30,0.8,0.2,best
DE,potencias,4,687,5.537774164036724e-76,20670,30,0.8,0.2,best
DE,potencias,4,688,5.537774164036724e-76,20700,30,0.8,0.2,best
DE,potencias,4,689,2.5542452072926545e-77,20730,30,0.8,0.2,best
DE,potencias,4,690,1.804839276978961e-77,20760,30,0.8,0.2,best
DE,potencias,4,691,1.804839276978961e-77,20790,30,0.8,0.2,best
DE,potencias,4,692,1.804839276978961e-77,20820,30,0.8,0.2,best
DE,potencias,4,693,1.804839276978961e-77,20850,30,0.8,0.2,best
DE,potencias,4,694,1.8046603897509815e-77,20880,30,0.8,0.2,best
DE,potencias,4,695,3.330107473791685e-78,20910,30,0.8,0.2,best
DE,potencias,4,696,3.330107473791685e-78,20940,30,0.8,0.2,best
DE,potencias,4,697,3.330107473791685e-78,20970,30,0.8,0.2,best
DE,potencias,4,698,1.2972354974679517e-78,21000,30,0.8,0.2,best
DE,potencias,4,699,1.2972354974679517e-78,21030,30,0.8,0.2,best
DE,potencias,4,700,1.2972354974679517e-78,21060,30,0.8,0.2,best
DE,potencias,4,701,4.660645517758629e-79,21090,30,0.8,0.2,best
DE,potencias,4,702,3.239441580748018e-79,21120,30,0.8,0.2,best
DE,potencias,4,703,5.276323071276978e-80,21150,30,0.8,0.2,best
DE,potencias,4,704,5.2762502636607e-80,21180,30,0.8,0.2,best
DE,potencias,4,705,5.2762502636607e-80,21210,30,0.8,0.2,best
DE,potencias,4,706,3.3805274608749845e-80,21240,30,0.8,0.2,best
DE,potencias,4,707,7.133165759916474e-81,21270,30,0.8,0.2,best
DE,potencias,4,708,7.133165759916474e-81,21300,30,0.8,0.2,best
DE,potencias,4,709,7.133165759916474e-81,21330,30,0.8,0.2,best
DE,potencias,4,710,7.133165759916474e-81,21360,30,0.8,0.2,best
DE,potencias,4,711,5.273911113340463e-81,21390,30,0.8,0.2,best
DE,potencias,4,712,5.273911113340463e-81,21420,30,0.8,0.2,best
DE,potencias,4,713,1.111313714476777e-82,21450,30,0.8,0.2,best
DE,potencias,4,714,1.111313714476777e-82,21480,30,0.8,0.2,best
DE,potencias,4,715,1.111313714476777e-82,21510,30,0.8,0.2,best
DE,potencias,4,716,1.111313714476777e-82,21540,30,0.8,0.2,best
DE,potencias,4,717,1.111313714476777e-82,21570,30,0.8,0.2,best
DE,potencias,4,718,1.0370359752468411e-83,21600,30,0.8,0.2,best
DE,potencias,4,719,1.0370359752468411e-83,21630,30,0.8,0.2,best
DE,potencias,4,720,1.0370359752468411e-83,21660,30,0.8,0.2,best
DE,potencias,4,721,1.0370359752468411e-83,21690,30,0.8,0.2,best
DE,potencias,4,722,1.0370359752468411e-83,21720,30,0.8,0.2,best
DE,potencias,4,723,1.0370359752468411e-83,21750,30,0.8,0.2,best
DE,potencias,4,724,1.0370359752468411e-83,21780,30,0.8,0.2,best
DE,potencias,4,725,5.954137452603682e-84,21810,30,0.8,0.2,best
DE,potencias,4,726,5.838931341346231e-85,21840,30,0.8,0.2,best
DE,potencias,4,727,5.838931341346231e-85,21870,30,0.8,0.2,best
DE,potencias,4,728,5.838931341346231e-85,21900,30,0.8,0.2,best
DE,potencias,4,729,5.810001535527103e-86,21930,30,0.8,0.2,best
DE,potencias,4,730,5.810001535527103e-86,21960,30,0.8,0.2,best
DE,potencias,4,731,9.004640190430285e-88,21990,30,0.8,0.2,best
DE,potencias,4,732,9.004640190430285e-88,22020,30,0.8,0.2,best
DE,potencias,4,733,9.004640190430285e-88,22050,30,0.8,0.2,best
DE,potencias,4,734,3.9606272647892715e-88,22080,30,0.8,0.2,best
DE,potencias,4,735,3.6348729549827645e-89,22110,30,0.8,0.2,best
DE,potencias,4,736,3.6348729549827645e-89,22140,30,0.8,0.2,best
DE,potencias,4,737,3.6348729549827645e-89,22170,30,0.8,0.2,best
DE,potencias,4,738,3.6348729549827645e-89,22200,30,0.8,0.2,best
DE,potencias,4,739,3.6348729549827645e-89,22230,30,0.8,0.2,best
DE,potencias,4,740,1.0968736941174025e-89,22260,30,0.8,0.2,best
DE,potencias,4,741,9.30073505044815e-90,22290,30,0.8,0.2,best
DE,potencias,4,742,6.400471317741034e-91,22320,30,0.8,0.2,best
DE,potencias,4,743,6.089794198258381e-91,22350,30,0.8,0.2,best
DE,potencias,4,744,1.120390037390356e-92,22380,30,0.8,0.2,best
DE,potencias,4,745,1.120390037390356e-92,22410,30,0.8,0.2,best
DE,potencias,4,746,1.09036728264167e-93,22440,30,0.8,0.2,best
DE,potencias,4,747,1.09036728264167e-93,22470,30,0.8,0.2,best
DE,potencias,4,748,1.09036728264167e-93,22500,30,0.8,0.2,best
DE,potencias,4,749,1.09036728264167e-93,22530,30,0.8,0.2,best
DE,potencias,4,750,1.0903629642629009e-93,22560,30,0.8,0.2,best
DE,potencias,4,751,1.0903629642629009e-93,22590,30,0.8,0.2,best
DE,potencias,4,752,1.0903629642629009e-93,22620,30,0.8,0.2,best
DE,potencias,4,753,3.565793021146946e-97,22650,30,0.8,0.2,best
DE,potencias,4,754,3.565793021146946e-97,22680,30,0.8,0.2,best
DE,potencias,4,755,3.565793021146946e-97,22710,30,0.8,0.2,best
DE,potencias,4,756,3.565793021146946e-97,22740,30,0.8,0.2,best
DE,potencias,4,757,3.565793021146946e-97,22770,30,0.8,0.2,best
DE,potencias,4,758,3.565793021146946e-97,22800,30,0.8,0.2,best
DE,potencias,4,759,3.565793021146946e-97,22830,30,0.8,0.2,best
DE,potencias,4,760,3.565793021146946e-97,22860,30,0.8,0.2,best
DE,potencias,4,761,2.9959949770209903e-97,22890,30,0.8,0.2,best
DE,potencias,4,762,2.9959949770209903e-97,22920,30,0.8,0.2,best
DE,potencias,4,763,2.9959949770209903e-97,22950,30,0.8,0.2,best
DE,potencias,4,764,1.2159248675128867e-102,22980,30,0.8,0.2,best
DE,potencias,4,765,1.2159248675128867e-102,23010,30,0.8,0.2,best
DE,potencias,4,766,1.2159248675128867e-102,23040,30,0.8,0.2,best
DE,potencias,4,767,1.2159248675128867e-102,23070,30,0.8,0.2,best
DE,potencias,4,768,1.2159248675128867e-102,23100,30,0.8,0.2,best
DE,potencias,4,769,1.2159248675128867e-102,23130,30,0.8,0.2,best
DE,potencias,4,770,1.2159248675128867e-102,23160,30,0.8,0.2,best
DE,potencias,4,771,1.2159248675128867e-102,23190,30,0.8,0.2,best
DE,potencias,4,772,1.2159248675128867e-102,23220,30,0.8,0.2,best
DE,potencias,4,773,1.18300894873436e-102,23250,30,0.8,0.2,best
DE,potencias,4,774,1.18300894873436e-102,23280,30,0.8,0.2,best
DE,potencias,4,775,1.18300894873436e-102,23310,30,0.8,0.2,best
DE,potencias,4,776,1.18300894873436e-102,23340,30,0.8,0.2,best
DE,potencias,4,777,1.18300894873436e-102,23370,30,0.8,0.2,best
DE,potencias,4,778,1.18300894873436e-102,23400,30,0.8,0.2,best
DE,potencias,4,779,1.18300894873436e-102,23430,30,0.8,0.2,best
DE,potencias,4,780,1.18300894873436e-102,23460,30,0.8,0.2,best
DE,potencias,4,781,5.680872057698987e-104,23490,30,0.8,0.2,best
DE,potencias,4,782,4.631170173771431e-105,23520,30,0.8,0.2,best
DE,potencias,4,783,4.631170173771431e-105,23550,30,0.8,0.2,best
DE,potencias,4,784,4.631170173771431e-105,23580,30,0.8,0.2,best
DE,potencias,4,785,4.631170173771431e-105,23610,30,0.8,0.2,best
DE,potencias,4,786,4.6310534944800225e-105,23640,30,0.8,0.2,best
DE,potencias,4,787,4.6310534944800225e-105,23670,30,0.8,0.2,best
DE,potencias,4,788,5.026360447408675e-106,23700,30,0.8,0.2,best
DE,potencias,4,789,5.026360447408675e-106,23730,30,0.8,0.2,best
DE,potencias,4,790,6.662095712403283e-107,23760,30,0.8,0.2,best
DE,potencias,4,791,1.6968370854363374e-108,23790,30,0.8,0.2,best
DE,potencias,4,792,1.6968370854363374e-108,23820,30,0.8,0.2,best
DE,potencias,4,793,1.6968370854363374e-108,23850,30,0.8,0.2,best
DE,potencias,4,794,1.6968370854363374e-108,23880,30,0.8,0.2,best
DE,potencias,4,795,1.6968370854363374e-108,23910,30,0.8,0.2,best
DE,potencias,4,796,5.435957316249287e-109,23940,30,0.8,0.2,best
DE,potencias,4,797,5.435957316249287e-109,23970,30,0.8,0.2,best
DE,potencias,4,798,5.435957316249287e-109,24000,30,0.8,0.2,best
DE,potencias,4,799,5.435957316249287e-109,24030,30,0.8,0.2,best
DE,potencias,4,800,5.435957316249287e-109,24060,30,0.8,0.2,best
DE,potencias,4,801,1.6198466128408382e-112,24090,30,0.8,0.2,best
DE,potencias,4,802,1.6198466128408382e-112,24120,30,0.8,0.2,best
DE,potencias,4,803,1.6198466128408382e-112,24150,30,0.8,0.2,best
DE,potencias,4,804,1.6198466128408382e-112,24180,30,0.8,0.2,best
DE,potencias,4,805,8.301992264246441e-113,24210,30,0.8,0.2,best
DE,potencias,4,806,8.301992264246441e-113,24240,30,0.8,0.2,best
DE,potencias,4,807,8.301992264246441e-113,24270,30,0.8,0.2,best
DE,potencias,4,808,2.7563870843068e-116,24300,30,0.8,0.2,best
DE,potencias,4,809,2.7563870843068e-116,24330,30,0.8,0.2,best
DE,potencias,4,810,2.7563870843068e-116,24360,30,0.8,0.2,best
DE,potencias,4,811,2.7563870843068e-116,24390,30,0.8,0.2,best
DE,potencias,4,812,2.7563870843068e-116,24420,30,0.8,0.2,best
DE,potencias,4,813,2.7563870843068e-116,24450,30,0.8,0.2,best
DE,potencias,4,814,2.7563870843068e-116,24480,30,0.8,0.2,best
DE,potencias,4,815,2.185428976176044e-117,24510,30,0.8,0.2,best
DE,potencias,4,816,2.185428976176044e-117,24540,30,0.8,0.2,best
DE,potencias,4,817,2.185428976176044e-117,24570,30,0.8,0.2,best
DE,potencias,4,818,3.18357739423499e-119,24600,30,0.8,0.2,best
DE,potencias,4,819,3.131518024202006e-120,24630,30,0.8,0.2,best
DE,potencias,4,820,3.131518024202006e-120,24660,30,0.8,0.2,best
DE,potencias,4,821,1.7301843002771948e-120,24690,30,0.8,0.2,best
DE,potencias,4,822,6.550372825054128e-124,24720,30,0.8,0.2,best
DE,potencias,4,823,6.550372825054128e-124,24750,30,0.8,0.2,best
DE,potencias,4,824,6.550372825054128e-124,24780,30,0.8,0.2,best
DE,potencias,4,825,6.550372825054128e-124,24810,30,0.8,0.2,best
DE,potencias,4,826,6.550372825054128e-124,24840,30,0.8,0.2,best
DE,potencias,4,827,6.550372825054128e-124,24870,30,0.8,0.2,best
DE,potencias,4,828,6.550372825054128e-124,24900,30,0.8,0.2,best
DE,potencias,4,829,6.550372825054128e-124,24930,30,0.8,0.2,best
DE,potencias,4,830,6.550372825054128e-124,24960,30,0.8,0.2,best
DE,potencias,4,831,6.550372825054128e-124,24990,30,0.8,0.2,best
DE,potencias,4,832,6.550372825054128e-124,25020,30,0.8,0.2,best
DE,potencias,4,833,6.550372825054128e-124,25050,30,0.8,0.2,best
DE,potencias,4,834,6.550372825054128e-124,25080,30,0.8,0.2,best
DE,potencias,4,835,4.959818811515573e-128,25110,30,0.8,0.2,best
DE,potencias,4,836,4.959818811515573e-128,25140,30,0.8,0.2,best
DE,potencias,4,837,4.877566110059714e-128,25170,30,0.8,0.2,best
DE,potencias,4,838,4.877566110059714e-128,25200,30,0.8,0.2,best
DE,potencias,4,839,4.877566110059714e-128,25230,30,0.8,0.2,best
DE,potencias,4,840,1.5777226984155226e-129,25260,30,0.8,0.2,best
DE,potencias,4,841,1.5777226984155226e-129,25290,30,0.8,0.2,best
DE,potencias,4,842,1.8449083422960945e-133,25320,30,0.8,0.2,best
DE,potencias,4,843,1.8449083422960945e-133,25350,30,0.8,0.2,best
DE,potencias,4,844,1.8449083422960945e-133,25380,30,0.8,0.2,best
DE,potencias,4,845,1.8449083422960945e-133,25410,30,0.8,0.2,best
DE,potencias,4,846,1.8449083422960945e-133,25440,30,0.8,0.2,best
DE,potencias,4,847,1.8449083422960945e-133,25470,30,0.8,0.2,best
DE,potencias,4,848,1.844513986285655e-133,25500,30,0.8,0.2,best
DE,potencias,4,849,1.844513986285655e-133,25530,30,0.8,0.2,best
DE,potencias,4,850,3.599782464693619e-136,25560,30,0.8,0.2,best
DE,potencias,4,851,3.599782464693619e-136,25590,30,0.8,0.2,best
DE,potencias,4,852,3.599782464693619e-136,25620,30,0.8,0.2,best
DE,potencias,4,853,3.599782464693619e-136,25650,30,0.8,0.2,best
DE,potencias,4,854,5.305008849697099e-142,25680,30,0.8,0.2,best
DE,potencias,4,855,5.305008849697099e-142,25710,30,0.8,0.2,best
DE,potencias,4,856,5.305008849697099e-142,25740,30,0.8,0.2,best
DE,potencias,4,857,5.305008849697099e-142,25770,30,0.8,0.2,best
DE,potencias,4,858,5.305008849697099e-142,25800,30,0.8,0.2,best
DE,potencias,4,859,5.305008849697099e-142,25830,30,0.8,0.2,best
DE,potencias,4,860,5.305008849697099e-142,25860,30,0.8,0.2,best
DE,potencias,4,861,1.949510884058464e-148,25890,30,0.8,0.2,best
DE,potencias,4,862,1.949510884058464e-148,25920,30,0.8,0.2,best
DE,potencias,4,863,1.949510884058464e-148,25950,30,0.8,0.2,best
DE,potencias,4,864,1.949510884058464e-148,25980,30,0.8,0.2,best
DE,potencias,4,865,1.949510884058464e-148,26010,30,0.8,0.2,best
DE,potencias,4,866,1.949510884058464e-148,26040,30,0.8,0.2,best
DE,potencias,4,867,1.949510884058464e-148,26070,30,0.8,0.2,best
DE,potencias,4,868,1.949510884058464e-148,26100,30,0.8,0.2,best
DE,potencias,4,869,1.949510884058464e-148,26130,30,0.8,0.2,best
DE,potencias,4,870,1.949510884058464e-148,26160,30,0.8,0.2,best
DE,potencias,4,871,1.949510884058464e-148,26190,30,0.8,0.2,best
DE,potencias,4,872,1.949510884058464e-148,26220,30,0.8,0.2,best
DE,potencias,4,873,1.949510884058464e-148,26250,30,0.8,0.2,best
DE,potencias,4,874,3.6158927855077683e-150,26280,30,0.8,0.2,best
DE,potencias,4,875,3.6158927855077683e-150,26310,30,0.8,0.2,best
DE,potencias,4,876,3.0549363748801295e-151,26340,30,0.8,0.2,best
DE,potencias,4,877,3.0549363748801295e-151,26370,30,0.8,0.2,best
DE,potencias,4,878,3.0549363748801295e-151,26400,30,0.8,0.2,best
DE,potencias,4,879,3.0549363748801295e-151,26430,30,0.8,0.2,best
DE,potencias,4,880,3.0549363748801295e-151,26460,30,0.8,0.2,best
DE,potencias,4,881,1.5854475304520117e-151,26490,30,0.8,0.2,best
DE,potencias,4,882,1.5854475304520117e-151,26520,30,0.8,0.2,best
DE,potencias,4,883,0.0,26550,30,0.8,0.2,best
DE,potencias,4,884,0.0,26580,30,0.8,0.2,best
DE,potencias,4,885,0.0,26610,30,0.8,0.2,best
DE,potencias,4,886,0.0,26640,30,0.8,0.2,best
DE,potencias,4,887,0.0,26670,30,0.8,0.2,best
DE,potencias,4,888,0.0,26700,30,0.8,0.2,best
DE,potencias,4,889,0.0,26730,30,0.8,0.2,best
DE,potencias,4,890,0.0,26760,30,0.8,0.2,best
DE,potencias,4,891,0.0,26790,30,0.8,0.2,best
DE,potencias,4,892,0.0,26820,30,0.8,0.2,best
DE,potencias,4,893,0.0,26850,30,0.8,0.2,best
DE,potencias,4,894,0.0,26880,30,0.8,0.2,best
DE,potencias,4,895,0.0,26910,30,0.8,0.2,best
DE,potencias,4,896,0.0,26940,30,0.8,0.2,best
DE,potencias,4,897,0.0,26970,30,0.8,0.2,best
DE,potencias,4,898,0.0,27000,30,0.8,0.2,best
DE,potencias,4,899,0.0,27030,30,0.8,0.2,best
DE,potencias,4,900,0.0,27060,30,0.8,0.2,best
DE,potencias,4,901,0.0,27090,30,0.8,0.2,best
DE,potencias,4,902,0.0,27120,30,0.8,0.2,best
DE,potencias,4,903,0.0,27150,30,0.8,0.2,best
DE,potencias,4,904,0.0,27180,30,0.8,0.2,best
DE,potencias,4,905,0.0,27210,30,0.8,0.2,best
DE,potencias,4,906,0.0,27240,30,0.8,0.2,best
DE,potencias,4,907,0.0,27270,30,0.8,0.2,best
DE,potencias,4,908,0.0,27300,30,0.8,0.2,best
DE,potencias,4,909,0.0,27330,30,0.8,0.2,best
DE,potencias,4,910,0.0,27360,30,0.8,0.2,best
DE,potencias,4,911,0.0,27390,30,0.8,0.2,best
DE,potencias,4,912,0.0,27420,30,0.8,0.2,best
DE,potencias,4,913,0.0,27450,30,0.8,0.2,best
DE,potencias,4,914,0.0,27480,30,0.8,0.2,best
DE,potencias,4,915,0.0,27510,30,0.8,0.2,best
DE,potencias,4,916,0.0,27540,30,0.8,0.2,best
DE,potencias,4,917,0.0,27570,30,0.8,0.2,best
DE,potencias,4,918,0.0,27600,30,0.8,0.2,best
DE,potencias,4,919,0.0,27630,30,0.8,0.2,best
DE,potencias,4,920,0.0,27660,30,0.8,0.2,best
DE,potencias,4,921,0.0,27690,30,0.8,0.2,best
DE,potencias,4,922,0.0,27720,30,0.8,0.2,best
DE,potencias,4,923,0.0,27750,30,0.8,0.2,best
DE,potencias,4,924,0.0,27780,30,0.8,0.2,best
DE,potencias,4,925,0.0,27810,30,0.8,0.2,best
DE,potencias,4,926,0.0,27840,30,0.8,0.2,best
DE,potencias,4,927,0.0,27870,30,0.8,0.2,best
DE,potencias,4,928,0.0,27900,30,0.8,0.2,best
DE,potencias,4,929,0.0,27930,30,0.8,0.2,best
DE,potencias,4,930,0.0,27960,30,0.8,0.2,best
DE,potencias,4,931,0.0,27990,30,0.8,0.2,best
DE,potencias,4,932,0.0,28020,30,0.8,0.2,best
DE,potencias,4,933,0.0,28050,30,0.8,0.2,best
DE,potencias,4,934,0.0,28080,30,0.8,0.2,best
DE,potencias,4,935,0.0,28110,30,0.8,0.2,best
DE,potencias,4,936,0.0,28140,30,0.8,0.2,best
DE,potencias,4,937,0.0,28170,30,0.8,0.2,best
DE,potencias,4,938,0.0,28200,30,0.8,0.2,best
DE,potencias,4,939,0.0,28230,30,0.8,0.2,best
DE,potencias,4,940,0.0,28260,30,0.8,0.2,best
DE,potencias,4,941,0.0,28290,30,0.8,0.2,best
DE,potencias,4,942,0.0,28320,30,0.8,0.2,best
DE,potencias,4,943,0.0,28350,30,0.8,0.2,best
DE,potencias,4,944,0.0,28380,30,0.8,0.2,best
DE,potencias,4,945,0.0,28410,30,0.8,0.2,best
DE,potencias,4,946,0.0,28440,30,0.8,0.2,best
DE,potencias,4,947,0.0,28470,30,0.8,0.2,best
DE,potencias,4,948,0.0,28500,30,0.8,0.2,best
DE,potencias,4,949,0.0,28530,30,0.8,0.2,best
DE,potencias,4,950,0.0,28560,30,0.8,0.2,best
DE,potencias,4,951,0.0,28590,30,0.8,0.2,best
DE,potencias,4,952,0.0,28620,30,0.8,0.2,best
DE,potencias,4,953,0.0,28650,30,0.8,0.2,best
DE,potencias,4,954,0.0,28680,30,0.8,0.2,best
DE,potencias,4,955,0.0,28710,30,0.8,0.2,best
DE,potencias,4,956,0.0,28740,30,0.8,0.2,best
DE,potencias,4,957,0.0,28770,30,0.8,0.2,best
DE,potencias,4,958,0.0,28800,30,0.8,0.2,best
DE,potencias,4,959,0.0,28830,30,0.8,0.2,best
DE,potencias,4,960,0.0,28860,30,0.8,0.2,best
DE,potencias,4,961,0.0,28890,30,0.8,0.2,best
DE,potencias,4,962,0.0,28920,30,0.8,0.2,best
DE,potencias,4,963,0.0,28950,30,0.8,0.2,best
DE,potencias,4,964,0.0,28980,30,0.8,0.2,best
DE,potencias,4,965,0.0,29010,30,0.8,0.2,best
DE,potencias,4,966,0.0,29040,30,0.8,0.2,best
DE,potencias,4,967,0.0,29070,30,0.8,0.2,best
DE,potencias,4,968,0.0,29100,30,0.8,0.2,best
DE,potencias,4,969,0.0,29130,30,0.8,0.2,best
DE,potencias,4,970,0.0,29160,30,0.8,0.2,best
DE,potencias,4,971,0.0,29190,30,0.8,0.2,best
DE,potencias,4,972,0.0,29220,30,0.8,0.2,best
DE,potencias,4,973,0.0,29250,30,0.8,0.2,best
DE,potencias,4,974,0.0,29280,30,0.8,0.2,best
DE,potencias,4,975,0.0,29310,30,0.8,0.2,best
DE,potencias,4,976,0.0,29340,30,0.8,0.2,best
DE,potencias,4,977,0.0,29370,30,0.8,0.2,best
DE,potencias,4,978,0.0,29400,30,0.8,0.2,best
DE,potencias,4,979,0.0,29430,30,0.8,0.2,best
DE,potencias,4,980,0.0,29460,30,0.8,0.2,best
DE,potencias,4,981,0.0,29490,30,0.8,0.2,best
DE,potencias,4,982,0.0,29520,30,0.8,0.2,best
DE,potencias,4,983,0.0,29550,30,0.8,0.2,best
DE,potencias,4,984,0.0,29580,30,0.8,0.2,best
DE,potencias,4,985,0.0,29610,30,0.8,0.2,best
DE,potencias,4,986,0.0,29640,30,0.8,0.2,best
DE,potencias,4,987,0.0,29670,30,0.8,0.2,best
DE,potencias,4,988,0.0,29700,30,0.8,0.2,best
DE,potencias,4,989,0.0,29730,30,0.8,0.2,best
DE,potencias,4,990,0.0,29760,30,0.8,0.2,best
DE,potencias,4,991,0.0,29790,30,0.8,0.2,best
DE,potencias,4,992,0.0,29820,30,0.8,0.2,best
DE,potencias,4,993,0.0,29850,30,0.8,0.2,best
DE,potencias,4,994,0.0,29880,30,0.8,0.2,best
DE,potencias,4,995,0.0,29910,30,0.8,0.2,best
DE,potencias,4,996,0.0,29940,30,0.8,0.2,best
DE,potencias,4,997,0.0,29970,30,0.8,0.2,best
DE,potencias,4,998,0.0,30000,30,0.8,0.2,best
DE,potencias,4,999,0.0,30030,30,0.8,0.2,best
DE,potencias,4,1000,0.0,30060,30,0.8,0.2,best
DE,potencias,4,1001,0.0,30090,30,0.8,0.2,best
DE,potencias,4,1002,0.0,30120,30,0.8,0.2,best
DE,potencias,4,1003,0.0,30150,30,0.8,0.2,best
DE,potencias,4,1004,0.0,30180,30,0.8,0.2,best
DE,potencias,4,1005,0.0,30210,30,0.8,0.2,best
DE,potencias,4,1006,0.0,30240,30,0.8,0.2,best
DE,potencias,4,1007,0.0,30270,30,0.8,0.2,best
DE,potencias,4,1008,0.0,30300,30,0.8,0.2,best
DE,potencias,4,1009,0.0,30330,30,0.8,0.2,best
DE,potencias,4,1010,0.0,30360,30,0.8,0.2,best
DE,potencias,4,1011,0.0,30390,30,0.8,0.2,best
DE,potencias,4,1012,0.0,30420,30,0.8,0.2,best
DE,potencias,4,1013,0.0,30450,30,0.8,0.2,best
DE,potencias,4,1014,0.0,30480,30,0.8,0.2,best
DE,potencias,4,1015,0.0,30510,30,0.8,0.2,best
DE,potencias,4,1016,0.0,30540,30,0.8,0.2,best
DE,potencias,4,1017,0.0,30570,30,0.8,0.2,best
DE,potencias,4,1018,0.0,30600,30,0.8,0.2,best
DE,potencias,4,1019,0.0,30630,30,0.8,0.2,best
DE,potencias,4,1020,0.0,30660,30,0.8,0.2,best
DE,potencias,4,1021,0.0,30690,30,0.8,0.2,best
DE,potencias,4,1022,0.0,30720,30,0.8,0.2,best
DE,potencias,4,1023,0.0,30750,30,0.8,0.2,best
DE,potencias,4,1024,0.0,30780,30,0.8,0.2,best
DE,potencias,4,1025,0.0,30810,30,0.8,0.2,best
DE,potencias,4,1026,0.0,30840,30,0.8,0.2,best
DE,potencias,4,1027,0.0,30870,30,0.8,0.2,best
DE,potencias,4,1028,0.0,30900,30,0.8,0.2,best
DE,potencias,4,1029,0.0,30930,30,0.8,0.2,best
DE,potencias,4,1030,0.0,30960,30,0.8,0.2,best
DE,potencias,4,1031,0.0,30990,30,0.8,0.2,best
DE,potencias,4,1032,0.0,31020,30,0.8,0.2,best
DE,potencias,4,1033,0.0,31050,30,0.8,0.2,best
DE,potencias,4,1034,0.0,31080,30,0.8,0.2,best
DE,potencias,4,1035,0.0,31110,30,0.8,0.2,best
DE,potencias,4,1036,0.0,31140,30,0.8,0.2,best
DE,potencias,4,1037,0.0,31170,30,0.8,0.2,best
DE,potencias,4,1038,0.0,31200,30,0.8,0.2,best
DE,potencias,4,1039,0.0,31230,30,0.8,0.2,best
DE,potencias,4,1040,0.0,31260,30,0.8,0.2,best
DE,potencias,4,1041,0.0,31290,30,0.8,0.2,best
DE,potencias,4,1042,0.0,31320,30,0.8,0.2,best
DE,potencias,4,1043,0.0,31350,30,0.8,0.2,best
DE,potencias,4,1044,0.0,31380,30,0.8,0.2,best
DE,potencias,4,1045,0.0,31410,30,0.8,0.2,best
DE,potencias,4,1046,0.0,31440,30,0.8,0.2,best
DE,potencias,4,1047,0.0,31470,30,0.8,0.2,best
DE,potencias,4,1048,0.0,31500,30,0.8,0.2,best
DE,potencias,4,1049,0.0,31530,30,0.8,0.2,best
DE,potencias,4,1050,0.0,31560,30,0.8,0.2,best
DE,potencias,4,1051,0.0,31590,30,0.8,0.2,best
DE,potencias,4,1052,0.0,31620,30,0.8,0.2,best
DE,potencias,4,1053,0.0,31650,30,0.8,0.2,best
DE,potencias,4,1054,0.0,31680,30,0.8,0.2,best
DE,potencias,4,1055,0.0,31710,30,0.8,0.2,best
DE,potencias,4,1056,0.0,31740,30,0.8,0.2,best
DE,potencias,4,1057,0.0,31770,30,0.8,0.2,best
DE,potencias,4,1058,0.0,31800,30,0.8,0.2,best
DE,potencias,4,1059,0.0,31830,30,0.8,0.2,best
DE,potencias,4,1060,0.0,31860,30,0.8,0.2,best
DE,potencias,4,1061,0.0,31890,30,0.8,0.2,best
DE,potencias,4,1062,0.0,31920,30,0.8,0.2,best
DE,potencias,4,1063,0.0,31950,30,0.8,0.2,best
DE,potencias,4,1064,0.0,31980,30,0.8,0.2,best
DE,potencias,4,1065,0.0,32010,30,0.8,0.2,best
DE,potencias,4,1066,0.0,32040,30,0.8,0.2,best
DE,potencias,4,1067,0.0,32070,30,0.8,0.2,best
DE,potencias,4,1068,0.0,32100,30,0.8,0.2,best
DE,potencias,4,1069,0.0,32130,30,0.8,0.2,best
DE,potencias,4,1070,0.0,32160,30,0.8,0.2,best
DE,potencias,4,1071,0.0,32190,30,0.8,0.2,best
DE,potencias,4,1072,0.0,32220,30,0.8,0.2,best
DE,potencias,4,1073,0.0,32250,30,0.8,0.2,best
DE,potencias,4,1074,0.0,32280,30,0.8,0.2,best
DE,potencias,4,1075,0.0,32310,30,0.8,0.2,best
DE,potencias,4,1076,0.0,32340,30,0.8,0.2,best
DE,potencias,4,1077,0.0,32370,30,0.8,0.2,best
DE,potencias,4,1078,0.0,32400,30,0.8,0.2,best
DE,potencias,4,1079,0.0,32430,30,0.8,0.2,best
DE,potencias,4,1080,0.0,32460,30,0.8,0.2,best
DE,potencias,4,1081,0.0,32490,30,0.8,0.2,best
DE,potencias,4,1082,0.0,32520,30,0.8,0.2,best
DE,potencias,4,1083,0.0,32550,30,0.8,0.2,best
DE,potencias,4,1084,0.0,32580,30,0.8,0.2,best
DE,potencias,4,1085,0.0,32610,30,0.8,0.2,best
DE,potencias,4,1086,0.0,32640,30,0.8,0.2,best
DE,potencias,4,1087,0.0,32670,30,0.8,0.2,best
DE,potencias,4,1088,0.0,32700,30,0.8,0.2,best
DE,potencias,4,1089,0.0,32730,30,0.8,0.2,best
DE,potencias,4,1090,0.0,32760,30,0.8,0.2,best
DE,potencias,4,1091,0.0,32790,30,0.8,0.2,best
DE,potencias,4,1092,0.0,32820,30,0.8,0.2,best
DE,potencias,4,1093,0.0,32850,30,0.8,0.2,best
DE,potencias,4,1094,0.0,32880,30,0.8,0.2,best
DE,potencias,4,1095,0.0,32910,30,0.8,0.2,best
DE,potencias,4,1096,0.0,32940,30,0.8,0.2,best
DE,potencias,4,1097,0.0,32970,30,0.8,0.2,best
DE,potencias,4,1098,0.0,33000,30,0.8,0.2,best
DE,potencias,4,1099,0.0,33030,30,0.8,0.2,best
DE,potencias,4,1100,0.0,33060,30,0.8,0.2,best
DE,potencias,4,1101,0.0,33090,30,0.8,0.2,best
DE,potencias,4,1102,0.0,33120,30,0.8,0.2,best
DE,potencias,4,1103,0.0,33150,30,0.8,0.2,best
DE,potencias,4,1104,0.0,33180,30,0.8,0.2,best
DE,potencias,4,1105,0.0,33210,30,0.8,0.2,best
DE,potencias,4,1106,0.0,33240,30,0.8,0.2,best
DE,potencias,4,1107,0.0,33270,30,0.8,0.2,best
DE,potencias,4,1108,0.0,33300,30,0.8,0.2,best
DE,potencias,4,1109,0.0,33330,30,0.8,0.2,best
DE,potencias,4,1110,0.0,33360,30,0.8,0.2,best
DE,potencias,4,1111,0.0,33390,30,0.8,0.2,best
DE,potencias,4,1112,0.0,33420,30,0.8,0.2,best
DE,potencias,4,1113,0.0,33450,30,0.8,0.2,best
DE,potencias,4,1114,0.0,33480,30,0.8,0.2,best
DE,potencias,4,1115,0.0,33510,30,0.8,0.2,best
DE,potencias,4,1116,0.0,33540,30,0.8,0.2,best
DE,potencias,4,1117,0.0,33570,30,0.8,0.2,best
DE,potencias,4,1118,0.0,33600,30,0.8,0.2,best
DE,potencias,4,1119,0.0,33630,30,0.8,0.2,best
DE,potencias,4,1120,0.0,33660,30,0.8,0.2,best
DE,potencias,4,1121,0.0,33690,30,0.8,0.2,best
DE,potencias,4,1122,0.0,33720,30,0.8,0.2,best
DE,potencias,4,1123,0.0,33750,30,0.8,0.2,best
DE,potencias,4,1124,0.0,33780,30,0.8,0.2,best
DE,potencias,4,1125,0.0,33810,30,0.8,0.2,best
DE,potencias,4,1126,0.0,33840,30,0.8,0.2,best
DE,potencias,4,1127,0.0,33870,30,0.8,0.2,best
DE,potencias,4,1128,0.0,33900,30,0.8,0.2,best
DE,potencias,4,1129,0.0,33930,30,0.8,0.2,best
DE,potencias,4,1130,0.0,33960,30,0.8,0.2,best
DE,potencias,4,1131,0.0,33990,30,0.8,0.2,best
DE,potencias,4,1132,0.0,34020,30,0.8,0.2,best
DE,potencias,4,1133,0.0,34050,30,0.8,0.2,best
DE,potencias,4,1134,0.0,34080,30,0.8,0.2,best
DE,potencias,4,1135,0.0,34110,30,0.8,0.2,best
DE,potencias,4,1136,0.0,34140,30,0.8,0.2,best
DE,potencias,4,1137,0.0,34170,30,0.8,0.2,best
DE,potencias,4,1138,0.0,34200,30,0.8,0.2,best
DE,potencias,4,1139,0.0,34230,30,0.8,0.2,best
DE,potencias,4,1140,0.0,34260,30,0.8,0.2,best
DE,potencias,4,1141,0.0,34290,30,0.8,0.2,best
DE,potencias,4,1142,0.0,34320,30,0.8,0.2,best
DE,potencias,4,1143,0.0,34350,30,0.8,0.2,best
DE,potencias,4,1144,0.0,34380,30,0.8,0.2,best
DE,potencias,4,1145,0.0,34410,30,0.8,0.2,best
DE,potencias,4,1146,0.0,34440,30,0.8,0.2,best
DE,potencias,4,1147,0.0,34470,30,0.8,0.2,best
DE,potencias,4,1148,0.0,34500,30,0.8,0.2,best
DE,potencias,4,1149,0.0,34530,30,0.8,0.2,best
DE,potencias,4,1150,0.0,34560,30,0.8,0.2,best
DE,potencias,4,1151,0.0,34590,30,0.8,0.2,best
DE,potencias,4,1152,0.0,34620,30,0.8,0.2,best
DE,potencias,4,1153,0.0,34650,30,0.8,0.2,best
DE,potencias,4,1154,0.0,34680,30,0.8,0.2,best
DE,potencias,4,1155,0.0,34710,30,0.8,0.2,best
DE,potencias,4,1156,0.0,34740,30,0.8,0.2,best
DE,potencias,4,1157,0.0,34770,30,0.8,0.2,best
DE,potencias,4,1158,0.0,34800,30,0.8,0.2,best
DE,potencias,4,1159,0.0,34830,30,0.8,0.2,best
DE,potencias,4,1160,0.0,34860,30,0.8,0.2,best
DE,potencias,4,1161,0.0,34890,30,0.8,0.2,best
DE,potencias,4,1162,0.0,34920,30,0.8,0.2,best
DE,potencias,4,1163,0.0,34950,30,0.8,0.2,best
DE,potencias,4,1164,0.0,34980,30,0.8,0.2,best
DE,potencias,4,1165,0.0,35010,30,0.8,0.2,best
DE,potencias,4,1166,0.0,35040,30,0.8,0.2,best
DE,potencias,4,1167,0.0,35070,30,0.8,0.2,best
DE,potencias,4,1168,0.0,35100,30,0.8,0.2,best
DE,potencias,4,1169,0.0,35130,30,0.8,0.2,best
DE,potencias,4,1170,0.0,35160,30,0.8,0.2,best
DE,potencias,4,1171,0.0,35190,30,0.8,0.2,best
DE,potencias,4,1172,0.0,35220,30,0.8,0.2,best
DE,potencias,4,1173,0.0,35250,30,0.8,0.2,best
DE,potencias,4,1174,0.0,35280,30,0.8,0.2,best
DE,potencias,4,1175,0.0,35310,30,0.8,0.2,best
DE,potencias,4,1176,0.0,35340,30,0.8,0.2,best
DE,potencias,4,1177,0.0,35370,30,0.8,0.2,best
DE,potencias,4,1178,0.0,35400,30,0.8,0.2,best
DE,potencias,4,1179,0.0,35430,30,0.8,0.2,best
DE,potencias,4,1180,0.0,35460,30,0.8,0.2,best
DE,potencias,4,1181,0.0,35490,30,0.8,0.2,best
DE,potencias,4,1182,0.0,35520,30,0.8,0.2,best
DE,potencias,4,1183,0.0,35550,30,0.8,0.2,best
DE,potencias,4,1184,0.0,35580,30,0.8,0.2,best
DE,potencias,4,1185,0.0,35610,30,0.8,0.2,best
DE,potencias,4,1186,0.0,35640,30,0.8,0.2,best
DE,potencias,4,1187,0.0,35670,30,0.8,0.2,best
DE,potencias,4,1188,0.0,35700,30,0.8,0.2,best
DE,potencias,4,1189,0.0,35730,30,0.8,0.2,best
DE,potencias,4,1190,0.0,35760,30,0.8,0.2,best
DE,potencias,4,1191,0.0,35790,30,0.8,0.2,best
DE,potencias,4,1192,0.0,35820,30,0.8,0.2,best
DE,potencias,4,1193,0.0,35850,30,0.8,0.2,best
DE,potencias,4,1194,0.0,35880,30,0.8,0.2,best
DE,potencias,4,1195,0.0,35910,30,0.8,0.2,best
DE,potencias,4,1196,0.0,35940,30,0.8,0.2,best
DE,potencias,4,1197,0.0,35970,30,0.8,0.2,best
DE,potencias,4,1198,0.0,36000,30,0.8,0.2,best
DE,potencias,4,1199,0.0,36030,30,0.8,0.2,best
