algoritmo,funcion,ejecucion,generacion,mejor_fitness,evaluaciones,np,F,CR,variante
DE,ackley,0,0,19.07932806737931,60,30,0.5,0.2,best
DE,ackley,0,1,18.923220569121572,90,30,0.5,0.2,best
DE,ackley,0,2,18.923220569121572,120,30,0.5,0.2,best
DE,ackley,0,3,18.923220569121572,150,30,0.5,0.2,best
DE,ackley,0,4,18.304056648615546,180,30,0.5,0.2,best
DE,ackley,0,5,18.127298186576457,210,30,0.5,0.2,best
DE,ackley,0,6,16.946286935296683,240,30,0.5,0.2,best
DE,ackley,0,7,16.276191660006674,270,30,0.5,0.2,best
DE,ackley,0,8,16.276191660006674,300,30,0.5,0.2,best
DE,ackley,0,9,15.916447083130075,330,30,0.5,0.2,best
DE,ackley,0,10,15.684620241191366,360,30,0.5,0.2,best
DE,ackley,0,11,15.274232738434739,390,30,0.5,0.2,best
DE,ackley,0,12,13.75525678957145,420,30,0.5,0.2,best
DE,ackley,0,13,13.75525678957145,450,30,0.5,0.2,best
DE,ackley,0,14,13.75525678957145,480,30,0.5,0.2,best
DE,ackley,0,15,11.290520665286742,510,30,0.5,0.2,best
DE,ackley,0,16,10.978864609942256,540,30,0.5,0.2,best
DE,ackley,0,17,10.978864609942256,570,30,0.5,0.2,best
DE,ackley,0,18,9.736608339384874,600,30,0.5,0.2,best
DE,ackley,0,19,9.736608339384874,630,30,0.5,0.2,best
DE,ackley,0,20,9.736608339384874,660,30,0.5,0.2,best
DE,ackley,0,21,9.517170681926276,690,30,0.5,0.2,best
DE,ackley,0,22,8.794731293317803,720,30,0.5,0.2,best
DE,ackley,0,23,8.179498858306607,750,30,0.5,0.2,best
DE,ackley,0,24,8.174813121438179,780,30,0.5,0.2,best
DE,ackley,0,25,7.177978715891399,810,30,0.5,0.2,best
DE,ackley,0,26,5.102912198517338,840,30,0.5,0.2,best
DE,ackley,0,27,5.102912198517338,870,30,0.5,0.2,best
DE,ackley,0,28,4.217499677496658,900,30,0.5,0.2,best
DE,ackley,0,29,4.217499677496658,930,30,0.5,0.2,best
DE,ackley,0,30,4.217499677496658,960,30,0.5,0.2,best
DE,ackley,0,31,4.217499677496658,990,30,0.5,0.2,best
DE,ackley,0,32,4.217499677496658,1020,30,0.5,0.2,best
DE,ackley,0,33,4.217499677496658,1050,30,0.5,0.2,best
DE,ackley,0,34,3.56041053402576,1080,30,0.5,0.2,best
DE,ackley,0,35,3.56041053402576,1110,30,0.5,0.2,best
DE,ackley,0,36,3.4919393707056483,1140,30,0.5,0.2,best
DE,ackley,0,37,3.4919393707056483,1170,30,0.5,0.2,best
DE,ackley,0,38,3.3647234545872107,1200,30,0.5,0.2,best
DE,ackley,0,39,2.8357584509227753,1230,30,0.5,0.2,best
DE,ackley,0,40,2.8357584509227753,1260,30,0.5,0.2,best
DE,ackley,0,41,2.8357584509227753,1290,30,0.5,0.2,best
DE,ackley,0,42,2.455820458407818,1320,30,0.5,0.2,best
DE,ackley,0,43,2.455820458407818,1350,30,0.5,0.2,best
DE,ackley,0,44,2.1465485357785075,1380,30,0.5,0.2,best
DE,ackley,0,45,1.9314731806729282,1410,30,0.5,0.2,best
DE,ackley,0,46,1.9266707554917848,1440,30,0.5,0.2,best
DE,ackley,0,47,1.6456108604600108,1470,30,0.5,0.2,best
DE,ackley,0,48,1.6456108604600108,1500,30,0.5,0.2,best
DE,ackley,0,49,1.6456108604600108,1530,30,0.5,0.2,best
DE,ackley,0,50,1.478793188456049,1560,30,0.5,0.2,best
DE,ackley,0,51,1.4412989406527434,1590,30,0.5,0.2,best
DE,ackley,0,52,0.9200390107733338,1620,30,0.5,0.2,best
DE,ackley,0,53,0.9200390107733338,1650,30,0.5,0.2,best
DE,ackley,0,54,0.8647407798692304,1680,30,0.5,0.2,best
DE,ackley,0,55,0.6463698789145949,1710,30,0.5,0.2,best
DE,ackley,0,56,0.6463698789145949,1740,30,0.5,0.2,best
DE,ackley,0,57,0.5220196042881686,1770,30,0.5,0.2,best
DE,ackley,0,58,0.5220196042881686,1800,30,0.5,0.2,best
DE,ackley,0,59,0.4556213560403859,1830,30,0.5,0.2,best
DE,ackley,0,60,0.33109203124348285,1860,30,0.5,0.2,best
DE,ackley,0,61,0.2949469634833126,1890,30,0.5,0.2,best
DE,ackley,0,62,0.218985600167088,1920,30,0.5,0.2,best
DE,ackley,0,63,0.218985600167088,1950,30,0.5,0.2,best
DE,ackley,0,64,0.21769517651196368,1980,30,0.5,0.2,best
DE,ackley,0,65,0.18807270347587535,2010,30,0.5,0.2,best
DE,ackley,0,66,0.1549505357971417,2040,30,0.5,0.2,best
DE,ackley,0,67,0.1549505357971417,2070,30,0.5,0.2,best
DE,ackley,0,68,0.15349068613710104,2100,30,0.5,0.2,best
DE,ackley,0,69,0.15349068613710104,2130,30,0.5,0.2,best
DE,ackley,0,70,0.11239784490550564,2160,30,0.5,0.2,best
DE,ackley,0,71,0.11239784490550564,2190,30,0.5,0.2,best
DE,ackley,0,72,0.07735524926631188,2220,30,0.5,0.2,best
DE,ackley,0,73,0.07735524926631188,2250,30,0.5,0.2,best
DE,ackley,0,74,0.07165652070270356,2280,30,0.5,0.2,best
DE,ackley,0,75,0.06467528352444463,2310,30,0.5,0.2,best
DE,ackley,0,76,0.061791374239416275,2340,30,0.5,0.2,best
DE,ackley,0,77,0.0559722248081056,2370,30,0.5,0.2,best
DE,ackley,0,78,0.055252714064498054,2400,30,0.5,0.2,best
DE,ackley,0,79,0.041887403932787226,2430,30,0.5,0.2,best
DE,ackley,0,80,0.041887403932787226,2460,30,0.5,0.2,best
DE,ackley,0,81,0.03655780351825344,2490,30,0.5,0.2,best
DE,ackley,0,82,0.030273989025662917,2520,30,0.5,0.2,best
DE,ackley,0,83,0.030273989025662917,2550,30,0.5,0.2,best
DE,ackley,0,84,0.025042294005043875,2580,30,0.5,0.2,best
DE,ackley,0,85,0.022585731987867508,2610,30,0.5,0.2,best
DE,ackley,0,86,0.021609303597650342,2640,30,0.5,0.2,best
DE,ackley,0,87,0.01947378763240737,2670,30,0.5,0.2,best
DE,ackley,0,88,0.014441620111281583,2700,30,0.5,0.2,best
DE,ackley,0,89,0.014441620111281583,2730,30,0.5,0.2,best
DE,ackley,0,90,0.014441620111281583,2760,30,0.5,0.2,best
DE,ackley,0,91,0.01310315416030905,2790,30,0.5,0.2,best
DE,ackley,0,92,0.01310315416030905,2820,30,0.5,0.2,best
DE,ackley,0,93,0.006152951261093609,2850,30,0.5,0.2,best
DE,ackley,0,94,0.006152951261093609,2880,30,0.5,0.2,best
DE,ackley,0,95,0.006152951261093609,2910,30,0.5,0.2,best
DE,ackley,0,96,0.006152951261093609,2940,30,0.5,0.2,best
DE,ackley,0,97,0.005533260631207515,2970,30,0.5,0.2,best
DE,ackley,0,98,0.005533260631207515,3000,30,0.5,0.2,best
DE,ackley,0,99,0.004276682545012012,3030,30,0.5,0.2,best
DE,ackley,0,100,0.004276682545012012,3060,30,0.5,0.2,best
DE,ackley,0,101,0.0040500072763021144,3090,30,0.5,0.2,best
DE,ackley,0,102,0.0040500072763021144,3120,30,0.5,0.2,best
DE,ackley,0,103,0.0037640479567362384,3150,30,0.5,0.2,best
DE,ackley,0,104,0.0035873301252569156,3180,30,0.5,0.2,best
DE,ackley,0,105,0.0032632569200363726,3210,30,0.5,0.2,best
DE,ackley,0,106,0.0030891271055648595,3240,30,0.5,0.2,best
DE,ackley,0,107,0.0022265082282904025,3270,30,0.5,0.2,best
DE,ackley,0,108,0.0022265082282904025,3300,30,0.5,0.2,best
DE,ackley,0,109,0.0016518053272354116,3330,30,0.5,0.2,best
DE,ackley,0,110,0.0016518053272354116,3360,30,0.5,0.2,best
DE,ackley,0,111,0.0014772891516590114,3390,30,0.5,0.2,best
DE,ackley,0,112,0.0014772891516590114,3420,30,0.5,0.2,best
DE,ackley,0,113,0.0011542610047610147,3450,30,0.5,0.2,best
DE,ackley,0,114,0.0011520763949488533,3480,30,0.5,0.2,best
DE,ackley,0,115,0.0010135601324745558,3510,30,0.5,0.2,best
DE,ackley,0,116,0.0010135601324745558,3540,30,0.5,0.2,best
DE,ackley,0,117,0.0010135601324745558,3570,30,0.5,0.2,best
DE,ackley,0,118,0.0008062587038115687,3600,30,0.5,0.2,best
DE,ackley,0,119,0.0008062587038115687,3630,30,0.5,0.2,best
DE,ackley,0,120,0.0008062587038115687,3660,30,0.5,0.2,best
DE,ackley,0,121,0.0006263628129485888,3690,30,0.5,0.2,best
DE,ackley,0,122,0.0005845634599492833,3720,30,0.5,0.2,best
DE,ackley,0,123,0.0005756047211780135,3750,30,0.5,0.2,best
DE,ackley,0,124,0.00047509593151362495,3780,30,0.5,0.2,best
DE,ackley,0,125,0.00046550741114304017,3810,30,0.5,0.2,best
DE,ackley,0,126,0.00040101998632779967,3840,30,0.5,0.2,best
DE,ackley,0,127,0.00040101998632779967,3870,30,0.5,0.2,best
DE,ackley,0,128,0.00036891122754356687,3900,30,0.5,0.2,best
DE,ackley,0,129,0.0003166230047004781,3930,30,0.5,0.2,best
DE,ackley,0,130,0.00030386845996988043,3960,30,0.5,0.2,best
DE,ackley,0,131,0.00022446887647520342,3990,30,0.5,0.2,best
DE,ackley,0,132,0.00022446887647520342,4020,30,0.5,0.2,best
DE,ackley,0,133,0.00022446887647520342,4050,30,0.5,0.2,best
DE,ackley,0,134,0.00022446887647520342,4080,30,0.5,0.2,best
DE,ackley,0,135,0.00022322816202491325,4110,30,0.5,0.2,best
DE,ackley,0,136,0.0001346074810517628,4140,30,0.5,0.2,best
DE,ackley,0,137,0.0001346074810517628,4170,30,0.5,0.2,best
DE,ackley,0,138,0.0001346074810517628,4200,30,0.5,0.2,best
DE,ackley,0,139,0.00011948131689765162,4230,30,0.5,0.2,best
DE,ackley,0,140,0.00011948131689765162,4260,30,0.5,0.2,best
DE,ackley,0,141,0.00010786312788413355,4290,30,0.5,0.2,best
DE,ackley,0,142,0.00010786312788413355,4320,30,0.5,0.2,best
DE,ackley,0,143,9.860646216042213e-05,4350,30,0.5,0.2,best
DE,ackley,0,144,6.762935577997453e-05,4380,30,0.5,0.2,best
DE,ackley,0,145,6.762935577997453e-05,4410,30,0.5,0.2,best
DE,ackley,0,146,6.056140982524383e-05,4440,30,0.5,0.2,best
DE,ackley,0,147,5.9565058919464065e-05,4470,30,0.5,0.2,best
DE,ackley,0,148,5.081025146980167e-05,4500,30,0.5,0.2,best
DE,ackley,0,149,4.436800659535223e-05,4530,30,0.5,0.2,best
DE,ackley,0,150,4.436800659535223e-05,4560,30,0.5,0.2,best
DE,ackley,0,151,3.572729307466105e-05,4590,30,0.5,0.2,best
DE,ackley,0,152,3.572729307466105e-05,4620,30,0.5,0.2,best
DE,ackley,0,153,3.572729307466105e-05,4650,30,0.5,0.2,best
DE,ackley,0,154,3.572729307466105e-05,4680,30,0.5,0.2,best
DE,ackley,0,155,2.269122621756381e-05,4710,30,0.5,0.2,best
DE,ackley,0,156,2.269122621756381e-05,4740,30,0.5,0.2,best
DE,ackley,0,157,2.269122621756381e-05,4770,30,0.5,0.2,best
DE,ackley,0,158,2.269122621756381e-05,4800,30,0.5,0.2,best
DE,ackley,0,159,2.269122621756381e-05,4830,30,0.5,0.2,best
DE,ackley,0,160,1.570932801842062e-05,4860,30,0.5,0.2,best
DE,ackley,0,161,1.5489595260209654e-05,4890,30,0.5,0.2,best
DE,ackley,0,162,1.5489595260209654e-05,4920,30,0.5,0.2,best
DE,ackley,0,163,1.5489595260209654e-05,4950,30,0.5,0.2,best
DE,ackley,0,164,1.1589366924358302e-05,4980,30,0.5,0.2,best
DE,ackley,0,165,8.980602111297031e-06,5010,30,0.5,0.2,best
DE,ackley,0,166,6.787792799389791e-06,5040,30,0.5,0.2,best
DE,ackley,0,167,6.787792799389791e-06,5070,30,0.5,0.2,best
DE,ackley,0,168,6.787792799389791e-06,5100,30,0.5,0.2,best
DE,ackley,0,169,6.787792799389791e-06,5130,30,0.5,0.2,best
DE,ackley,0,170,6.787792799389791e-06,5160,30,0.5,0.2,best
DE,ackley,0,171,6.624356125417563e-06,5190,30,0.5,0.2,best
DE,ackley,0,172,6.624356125417563e-06,5220,30,0.5,0.2,best
DE,ackley,0,173,6.015521823332648e-06,5250,30,0.5,0.2,best
DE,ackley,0,174,5.796651841638578e-06,5280,30,0.5,0.2,best
DE,ackley,0,175,5.427496564625045e-06,5310,30,0.5,0.2,best
DE,ackley,0,176,5.004472566572105e-06,5340,30,0.5,0.2,best
DE,ackley,0,177,4.045007468977957e-06,5370,30,0.5,0.2,best
DE,ackley,0,178,4.045007468977957e-06,5400,30,0.5,0.2,best
DE,ackley,0,179,3.719647218236588e-06,5430,30,0.5,0.2,best
DE,ackley,0,180,3.302202224109152e-06,5460,30,0.5,0.2,best
DE,ackley,0,181,3.197254731635013e-06,5490,30,0.5,0.2,best
DE,ackley,0,182,2.9193071076072385e-06,5520,30,0.5,0.2,best
DE,ackley,0,183,2.9193071076072385e-06,5550,30,0.5,0.2,best
DE,ackley,0,184,2.365899586909137e-06,5580,30,0.5,0.2,best
DE,ackley,0,185,2.365899586909137e-06,5610,30,0.5,0.2,best
DE,ackley,0,186,2.178097450400429e-06,5640,30,0.5,0.2,best
DE,ackley,0,187,2.0523328676524955e-06,5670,30,0.5,0.2,best
DE,ackley,0,188,1.8944356487970992e-06,5700,30,0.5,0.2,best
DE,ackley,0,189,1.8442053186795704e-06,5730,30,0.5,0.2,best
DE,ackley,0,190,1.648772759654804e-06,5760,30,0.5,0.2,best
DE,ackley,0,191,1.648772759654804e-06,5790,30,0.5,0.2,best
DE,ackley,0,192,1.2355406053821127e-06,5820,30,0.5,0.2,best
DE,ackley,0,193,1.19763228001446e-06,5850,30,0.5,0.2,best
DE,ackley,0,194,1.1850777679178748e-06,5880,30,0.5,0.2,best
DE,ackley,0,195,8.65279169648403e-07,5910,30,0.5,0.2,best
DE,ackley,0,196,8.65279169648403e-07,5940,30,0.5,0.2,best
DE,ackley,0,197,6.244110726250085e-07,5970,30,0.5,0.2,best
DE,ackley,0,198,4.890331237739076e-07,6000,30,0.5,0.2,best
DE,ackley,0,199,4.890331237739076e-07,6030,30,0.5,0.2,best
DE,ackley,0,200,4.890331237739076e-07,6060,30,0.5,0.2,best
DE,ackley,0,201,4.890331237739076e-07,6090,30,0.5,0.2,best
DE,ackley,0,202,3.913054986703912e-07,6120,30,0.5,0.2,best
DE,ackley,0,203,3.913054986703912e-07,6150,30,0.5,0.2,best
DE,ackley,0,204,3.913054986703912e-07,6180,30,0.5,0.2,best
DE,ackley,0,205,2.6319861534673805e-07,6210,30,0.5,0.2,best
DE,ackley,0,206,2.6319861534673805e-07,6240,30,0.5,0.2,best
DE,ackley,0,207,2.5839861850229795e-07,6270,30,0.5,0.2,best
DE,ackley,0,208,2.5839861850229795e-07,6300,30,0.5,0.2,best
DE,ackley,0,209,1.938724136785197e-07,6330,30,0.5,0.2,best
DE,ackley,0,210,1.6902387445227873e-07,6360,30,0.5,0.2,best
DE,ackley,0,211,1.6902387445227873e-07,6390,30,0.5,0.2,best
DE,ackley,0,212,1.6386757240027805e-07,6420,30,0.5,0.2,best
DE,ackley,0,213,1.6386757240027805e-07,6450,30,0.5,0.2,best
DE,ackley,0,214,1.6386757240027805e-07,6480,30,0.5,0.2,best
DE,ackley,0,215,1.3761494743746994e-07,6510,30,0.5,0.2,best
DE,ackley,0,216,1.3188065794977888e-07,6540,30,0.5,0.2,best
DE,ackley,0,217,1.1478246664253788e-07,6570,30,0.5,0.2,best
DE,ackley,0,218,1.0951234274969579e-07,6600,30,0.5,0.2,best
DE,ackley,0,219,8.599577627776966e-08,6630,30,0.5,0.2,best
DE,ackley,0,220,8.599577627776966e-08,6660,30,0.5,0.2,best
DE,ackley,0,221,6.359975346370561e-08,6690,30,0.5,0.2,best
DE,ackley,0,222,6.359975346370561e-08,6720,30,0.5,0.2,best
DE,ackley,0,223,6.359975346370561e-08,6750,30,0.5,0.2,best
DE,ackley,0,224,5.210387188370191e-08,6780,30,0.5,0.2,best
DE,ackley,0,225,5.210387188370191e-08,6810,30,0.5,0.2,best
DE,ackley,0,226,5.189406993011403e-08,6840,30,0.5,0.2,best
DE,ackley,0,227,4.6678057419313745e-08,6870,30,0.5,0.2,best
DE,ackley,0,228,3.3991466086291666e-08,6900,30,0.5,0.2,best
DE,ackley,0,229,3.3991466086291666e-08,6930,30,0.5,0.2,best
DE,ackley,0,230,3.3991466086291666e-08,6960,30,0.5,0.2,best
DE,ackley,0,231,3.325117647889897e-08,6990,30,0.5,0.2,best
DE,ackley,0,232,2.5073433551625612e-08,7020,30,0.5,0.2,best
DE,ackley,0,233,2.5073433551625612e-08,7050,30,0.5,0.2,best
DE,ackley,0,234,2.3411363958558695e-08,7080,30,0.5,0.2,best
DE,ackley,0,235,2.3411363958558695e-08,7110,30,0.5,0.2,best
DE,ackley,0,236,2.2087804030235247e-08,7140,30,0.5,0.2,best
DE,ackley,0,237,1.4100831169372441e-08,7170,30,0.5,0.2,best
DE,ackley,0,238,1.3956040323392926e-08,7200,30,0.5,0.2,best
DE,ackley,0,239,1.3956040323392926e-08,7230,30,0.5,0.2,best
DE,ackley,0,240,1.0773412828513074e-08,7260,30,0.5,0.2,best
DE,ackley,0,241,1.0773412828513074e-08,7290,30,0.5,0.2,best
DE,ackley,0,242,1.0577462905558832e-08,7320,30,0.5,0.2,best
DE,ackley,0,243,1.0577462905558832e-08,7350,30,0.5,0.2,best
DE,ackley,0,244,1.0577462905558832e-08,7380,30,0.5,0.2,best
DE,ackley,0,245,7.595680973082608e-09,7410,30,0.5,0.2,best
DE,ackley,0,246,7.595680973082608e-09,7440,30,0.5,0.2,best
DE,ackley,0,247,7.517052313943395e-09,7470,30,0.5,0.2,best
DE,ackley,0,248,7.0581340771980194e-09,7500,30,0.5,0.2,best
DE,ackley,0,249,5.995854923668276e-09,7530,30,0.5,0.2,best
DE,ackley,0,250,4.880810866580987e-09,7560,30,0.5,0.2,best
DE,ackley,0,251,3.300581585818918e-09,7590,30,0.5,0.2,best
DE,ackley,0,252,3.300581585818918e-09,7620,30,0.5,0.2,best
DE,ackley,0,253,3.300581585818918e-09,7650,30,0.5,0.2,best
DE,ackley,0,254,3.300581585818918e-09,7680,30,0.5,0.2,best
DE,ackley,0,255,2.466447046600706e-09,7710,30,0.5,0.2,best
DE,ackley,0,256,2.466447046600706e-09,7740,30,0.5,0.2,best
DE,ackley,0,257,2.466447046600706e-09,7770,30,0.5,0.2,best
DE,ackley,0,258,2.38732456026014e-09,7800,30,0.5,0.2,best
DE,ackley,0,259,2.093813566972358e-09,7830,30,0.5,0.2,best
DE,ackley,0,260,2.093813566972358e-09,7860,30,0.5,0.2,best
DE,ackley,0,261,2.093795803403964e-09,7890,30,0.5,0.2,best
DE,ackley,0,262,1.8501755683075771e-09,7920,30,0.5,0.2,best
DE,ackley,0,263,1.8501755683075771e-09,7950,30,0.5,0.2,best
DE,ackley,0,264,1.4687349114694825e-09,7980,30,0.5,0.2,best
DE,ackley,0,265,1.4687349114694825e-09,8010,30,0.5,0.2,best
DE,ackley,0,266,1.4687349114694825e-09,8040,30,0.5,0.2,best
DE,ackley,0,267,1.0853402621080477e-09,8070,30,0.5,0.2,best
DE,ackley,0,268,8.195901735064126e-10,8100,30,0.5,0.2,best
DE,ackley,0,269,8.195901735064126e-10,8130,30,0.5,0.2,best
DE,ackley,0,270,8.195901735064126e-10,8160,30,0.5,0.2,best
DE,ackley,0,271,7.95275401088702e-10,8190,30,0.5,0.2,best
DE,ackley,0,272,7.95275401088702e-10,8220,30,0.5,0.2,best
DE,ackley,0,273,5.436331385055837e-10,8250,30,0.5,0.2,best
DE,ackley,0,274,5.436331385055837e-10,8280,30,0.5,0.2,best
DE,ackley,0,275,5.436331385055837e-10,8310,30,0.5,0.2,best
DE,ackley,0,276,3.9510128502229236e-10,8340,30,0.5,0.2,best
DE,ackley,0,277,3.9510128502229236e-10,8370,30,0.5,0.2,best
DE,ackley,0,278,3.9510128502229236e-10,8400,30,0.5,0.2,best
DE,ackley,0,279,3.329110320748896e-10,8430,30,0.5,0.2,best
DE,ackley,0,280,3.329110320748896e-10,8460,30,0.5,0.2,best
DE,ackley,0,281,3.0423352725961195e-10,8490,30,0.5,0.2,best
DE,ackley,0,282,2.8740076984945517e-10,8520,30,0.5,0.2,best
DE,ackley,0,283,2.762061690475548e-10,8550,30,0.5,0.2,best
DE,ackley,0,284,2.762061690475548e-10,8580,30,0.5,0.2,best
DE,ackley,0,285,2.762061690475548e-10,8610,30,0.5,0.2,best
DE,ackley,0,286,2.308415680829512e-10,8640,30,0.5,0.2,best
DE,ackley,0,287,2.151669953320834e-10,8670,30,0.5,0.2,best
DE,ackley,0,288,1.3946932497788112e-10,8700,30,0.5,0.2,best
DE,ackley,0,289,1.3946932497788112e-10,8730,30,0.5,0.2,best
DE,ackley,0,290,1.3946932497788112e-10,8760,30,0.5,0.2,best
DE,ackley,0,291,1.2785905667556108e-10,8790,30,0.5,0.2,best
DE,ackley,0,292,1.1924372600446986e-10,8820,30,0.5,0.2,best
DE,ackley,0,293,1.1724354820330518e-10,8850,30,0.5,0.2,best
DE,ackley,0,294,1.1343503913963104e-10,8880,30,0.5,0.2,best
DE,ackley,0,295,9.091083441603587e-11,8910,30,0.5,0.2,best
DE,ackley,0,296,9.091083441603587e-11,8940,30,0.5,0.2,best
DE,ackley,0,297,6.835110255565269e-11,8970,30,0.5,0.2,best
DE,ackley,0,298,6.835110255565269e-11,9000,30,0.5,0.2,best
DE,ackley,0,299,6.362599336284802e-11,9030,30,0.5,0.2,best
DE,ackley,0,300,6.362599336284802e-11,9060,30,0.5,0.2,best
DE,ackley,0,301,4.759970195777896e-11,9090,30,0.5,0.2,best
DE,ackley,0,302,4.063993586100878e-11,9120,30,0.5,0.2,best
DE,ackley,0,303,3.9112268979124565e-11,9150,30,0.5,0.2,best
DE,ackley,0,304,3.3513192221334975e-11,9180,30,0.5,0.2,best
DE,ackley,0,305,3.1449065573951884e-11,9210,30,0.5,0.2,best
DE,ackley,0,306,2.828715039981944e-11,9240,30,0.5,0.2,best
DE,ackley,0,307,2.674527266322002e-11,9270,30,0.5,0.2,best
DE,ackley,0,308,1.9906298831529057e-11,9300,30,0.5,0.2,best
DE,ackley,0,309,1.9906298831529057e-11,9330,30,0.5,0.2,best
DE,ackley,0,310,1.8048229577516395e-11,9360,30,0.5,0.2,best
DE,ackley,0,311,1.8048229577516395e-11,9390,30,0.5,0.2,best
DE,ackley,0,312,1.8048229577516395e-11,9420,30,0.5,0.2,best
DE,ackley,0,313,1.8048229577516395e-11,9450,30,0.5,0.2,best
DE,ackley,0,314,1.3294698675281325e-11,9480,30,0.5,0.2,best
DE,ackley,0,315,1.014344164218528e-11,9510,30,0.5,0.2,best
DE,ackley,0,316,1.0033307518142465e-11,9540,30,0.5,0.2,best
DE,ackley,0,317,1.0033307518142465e-11,9570,30,0.5,0.2,best
DE,ackley,0,318,8.676170892840673e-12,9600,30,0.5,0.2,best
DE,ackley,0,319,8.107736704232593e-12,9630,30,0.5,0.2,best
DE,ackley,0,320,8.107736704232593e-12,9660,30,0.5,0.2,best
DE,ackley,0,321,7.787992473140548e-12,9690,30,0.5,0.2,best
DE,ackley,0,322,6.260325591256333e-12,9720,30,0.5,0.2,best
DE,ackley,0,323,6.260325591256333e-12,9750,30,0.5,0.2,best
DE,ackley,0,324,5.6208371290722425e-12,9780,30,0.5,0.2,best
DE,ackley,0,325,4.306333067916057e-12,9810,30,0.5,0.2,best
DE,ackley,0,326,4.125144670297232e-12,9840,30,0.5,0.2,best
DE,ackley,0,327,3.659739178374366e-12,9870,30,0.5,0.2,best
DE,ackley,0,328,3.659739178374366e-12,9900,30,0.5,0.2,best
DE,ackley,0,329,3.5496050543315505e-12,9930,30,0.5,0.2,best
DE,ackley,0,330,3.5496050543315505e-12,9960,30,0.5,0.2,best
DE,ackley,0,331,3.3719693703915254e-12,9990,30,0.5,0.2,best
DE,ackley,0,332,2.0041746040533326e-12,10020,30,0.5,0.2,best
DE,ackley,0,333,2.0041746040533326e-12,10050,30,0.5,0.2,best
DE,ackley,0,334,2.0041746040533326e-12,10080,30,0.5,0.2,best
DE,ackley,0,335,1.5778489625972725e-12,10110,30,0.5,0.2,best
DE,ackley,0,336,1.4357404154452524e-12,10140,30,0.5,0.2,best
DE,ackley,0,337,1.4357404154452524e-12,10170,30,0.5,0.2,best
DE,ackley,0,338,1.4357404154452524e-12,10200,30,0.5,0.2,best
DE,ackley,0,339,1.4357404154452524e-12,10230,30,0.5,0.2,best
DE,ackley,0,340,1.425082274408851e-12,10260,30,0.5,0.2,best
DE,ackley,0,341,1.2048140263232199e-12,10290,30,0.5,0.2,best
DE,ackley,0,342,1.2012613126444194e-12,10320,30,0.5,0.2,best
DE,ackley,0,343,1.0058620603103918e-12,10350,30,0.5,0.2,best
DE,ackley,0,344,9.667822098435863e-13,10380,30,0.5,0.2,best
DE,ackley,0,345,8.388845174067683e-13,10410,30,0.5,0.2,best
DE,ackley,0,346,5.972999872483342e-13,10440,30,0.5,0.2,best
DE,ackley,0,347,5.972999872483342e-13,10470,30,0.5,0.2,best
DE,ackley,0,348,5.511147094239277e-13,10500,30,0.5,0.2,best
DE,ackley,0,349,5.084821452783217e-13,10530,30,0.5,0.2,best
DE,ackley,0,350,5.084821452783217e-13,10560,30,0.5,0.2,best
DE,ackley,0,351,4.765077221691172e-13,10590,30,0.5,0.2,best
DE,ackley,0,352,4.409805853811122e-13,10620,30,0.5,0.2,best
DE,ackley,0,353,4.409805853811122e-13,10650,30,0.5,0.2,best
DE,ackley,0,354,3.8413716652030416e-13,10680,30,0.5,0.2,best
DE,ackley,0,355,3.2374103398069565e-13,10710,30,0.5,0.2,best
DE,ackley,0,356,2.4202861936828413e-13,10740,30,0.5,0.2,best
DE,ackley,0,357,2.4202861936828413e-13,10770,30,0.5,0.2,best
DE,ackley,0,358,2.4202861936828413e-13,10800,30,0.5,0.2,best
DE,ackley,0,359,2.1715962361668062e-13,10830,30,0.5,0.2,best
DE,ackley,0,360,2.1715962361668062e-13,10860,30,0.5,0.2,best
DE,ackley,0,361,1.389999226830696e-13,10890,30,0.5,0.2,best
DE,ackley,0,362,1.389999226830696e-13,10920,30,0.5,0.2,best
DE,ackley,0,363,1.389999226830696e-13,10950,30,0.5,0.2,best
DE,ackley,0,364,1.389999226830696e-13,10980,30,0.5,0.2,best
DE,ackley,0,365,1.212363542890671e-13,11010,30,0.5,0.2,best
DE,ackley,0,366,1.212363542890671e-13,11040,30,0.5,0.2,best
DE,ackley,0,367,8.570921750106208e-14,11070,30,0.5,0.2,best
DE,ackley,0,368,7.860379014346108e-14,11100,30,0.5,0.2,best
DE,ackley,0,369,7.860379014346108e-14,11130,30,0.5,0.2,best
DE,ackley,0,370,7.860379014346108e-14,11160,30,0.5,0.2,best
DE,ackley,0,371,5.0182080713057076e-14,11190,30,0.5,0.2,best
DE,ackley,0,372,5.0182080713057076e-14,11220,30,0.5,0.2,best
DE,ackley,0,373,5.0182080713057076e-14,11250,30,0.5,0.2,best
DE,ackley,0,374,5.0182080713057076e-14,11280,30,0.5,0.2,best
DE,ackley,0,375,5.0182080713057076e-14,11310,30,0.5,0.2,best
DE,ackley,0,376,5.0182080713057076e-14,11340,30,0.5,0.2,best
DE,ackley,0,377,4.6629367034256575e-14,11370,30,0.5,0.2,best
DE,ackley,0,378,4.6629367034256575e-14,11400,30,0.5,0.2,best
DE,ackley,0,379,3.597122599785507e-14,11430,30,0.5,0.2,best
DE,ackley,0,380,3.597122599785507e-14,11460,30,0.5,0.2,best
DE,ackley,0,381,3.241851231905457e-14,11490,30,0.5,0.2,best
DE,ackley,0,382,3.241851231905457e-14,11520,30,0.5,0.2,best
DE,ackley,0,383,3.241851231905457e-14,11550,30,0.5,0.2,best
DE,ackley,0,384,3.241851231905457e-14,11580,30,0.5,0.2,best
DE,ackley,0,385,2.886579864025407e-14,11610,30,0.5,0.2,best
DE,ackley,0,386,2.531308496145357e-14,11640,30,0.5,0.2,best
DE,ackley,0,387,2.1760371282653068e-14,11670,30,0.5,0.2,best
DE,ackley,0,388,2.1760371282653068e-14,11700,30,0.5,0.2,best
DE,ackley,0,389,2.1760371282653068e-14,11730,30,0.5,0.2,best
DE,ackley,0,390,1.4654943925052066e-14,11760,30,0.5,0.2,best
DE,ackley,0,391,1.4654943925052066e-14,11790,30,0.5,0.2,best
DE,ackley,0,392,1.4654943925052066e-14,11820,30,0.5,0.2,best
DE,ackley,0,393,1.4654943925052066e-14,11850,30,0.5,0.2,best
DE,ackley,0,394,1.1102230246251565e-14,11880,30,0.5,0.2,best
DE,ackley,0,395,1.1102230246251565e-14,11910,30,0.5,0.2,best
DE,ackley,0,396,7.549516567451064e-15,11940,30,0.5,0.2,best
DE,ackley,0,397,7.549516567451064e-15,11970,30,0.5,0.2,best
DE,ackley,0,398,7.549516567451064e-15,12000,30,0.5,0.2,best
DE,ackley,0,399,7.549516567451064e-15,12030,30,0.5,0.2,best
DE,ackley,0,400,7.549516567451064e-15,12060,30,0.5,0.2,best
DE,ackley,0,401,7.549516567451064e-15,12090,30,0.5,0.2,best
DE,ackley,0,402,7.549516567451064e-15,12120,30,0.5,0.2,best
DE,ackley,0,403,7.549516567451064e-15,12150,30,0.5,0.2,best
DE,ackley,0,404,7.549516567451064e-15,12180,30,0.5,0.2,best
DE,ackley,0,405,7.549516567451064e-15,12210,30,0.5,0.2,best
DE,ackley,0,406,7.549516567451064e-15,12240,30,0.5,0.2,best
DE,ackley,0,407,7.549516567451064e-15,12270,30,0.5,0.2,best
DE,ackley,0,408,7.549516567451064e-15,12300,30,0.5,0.2,best
DE,ackley,0,409,7.549516567451064e-15,12330,30,0.5,0.2,best
DE,ackley,0,410,7.549516567451064e-15,12360,30,0.5,0.2,best
DE,ackley,0,411,7.549516567451064e-15,12390,30,0.5,0.2,best
DE,ackley,0,412,7.549516567451064e-15,12420,30,0.5,0.2,best
DE,ackley,0,413,7.549516567451064e-15,12450,30,0.5,0.2,best
DE,ackley,0,414,7.549516567451064e-15,12480,30,0.5,0.2,best
DE,ackley,0,415,7.549516567451064e-15,12510,30,0.5,0.2,best
DE,ackley,0,416,7.549516567451064e-15,12540,30,0.5,0.2,best
DE,ackley,0,417,7.549516567451064e-15,12570,30,0.5,0.2,best
DE,ackley,0,418,7.549516567451064e-15,12600,30,0.5,0.2,best
DE,ackley,0,419,7.549516567451064e-15,12630,30,0.5,0.2,best
DE,ackley,0,420,7.549516567451064e-15,12660,30,0.5,0.2,best
DE,ackley,0,421,7.549516567451064e-15,12690,30,0.5,0.2,best
DE,ackley,0,422,7.549516567451064e-15,12720,30,0.5,0.2,best
DE,ackley,0,423,7.549516567451064e-15,12750,30,0.5,0.2,best
DE,ackley,0,424,7.549516567451064e-15,12780,30,0.5,0.2,best
DE,ackley,0,425,7.549516567451064e-15,12810,30,0.5,0.2,best
DE,ackley,0,426,7.549516567451064e-15,12840,30,0.5,0.2,best
DE,ackley,0,427,7.549516567451064e-15,12870,30,0.5,0.2,best
DE,ackley,0,428,7.549516567451064e-15,12900,30,0.5,0.2,best
DE,ackley,0,429,7.549516567451064e-15,12930,30,0.5,0.2,best
DE,ackley,0,430,7.549516567451064e-15,12960,30,0.5,0.2,best
DE,ackley,0,431,7.549516567451064e-15,12990,30,0.5,0.2,best
DE,ackley,0,432,7.549516567451064e-15,13020,30,0.5,0.2,best
DE,ackley,0,433,7.549516567451064e-15,13050,30,0.5,0.2,best
DE,ackley,0,434,7.549516567451064e-15,13080,30,0.5,0.2,best
DE,ackley,0,435,7.549516567451064e-15,13110,30,0.5,0.2,best
DE,ackley,0,436,7.549516567451064e-15,13140,30,0.5,0.2,best
DE,ackley,0,437,7.549516567451064e-15,13170,30,0.5,0.2,best
DE,ackley,0,438,7.549516567451064e-15,13200,30,0.5,0.2,best
DE,ackley,0,439,7.549516567451064e-15,13230,30,0.5,0.2,best
DE,ackley,0,440,7.549516567451064e-15,13260,30,0.5,0.2,best
DE,ackley,0,441,7.549516567451064e-15,13290,30,0.5,0.2,best
DE,ackley,0,442,7.549516567451064e-15,13320,30,0.5,0.2,best
DE,ackley,0,443,7.549516567451064e-15,13350,30,0.5,0.2,best
DE,ackley,0,444,7.549516567451064e-15,13380,30,0.5,0.2,best
DE,ackley,0,445,7.549516567451064e-15,13410,30,0.5,0.2,best
DE,ackley,0,446,7.549516567451064e-15,13440,30,0.5,0.2,best
DE,ackley,0,447,7.549516567451064e-15,13470,30,0.5,0.2,best
DE,ackley,0,448,7.549516567451064e-15,13500,30,0.5,0.2,best
DE,ackley,0,449,7.549516567451064e-15,13530,30,0.5,0.2,best
DE,ackley,0,450,7.549516567451064e-15,13560,30,0.5,0.2,best
DE,ackley,0,451,7.549516567451064e-15,13590,30,0.5,0.2,best
DE,ackley,0,452,7.549516567451064e-15,13620,30,0.5,0.2,best
DE,ackley,0,453,7.549516567451064e-15,13650,30,0.5,0.2,best
DE,ackley,0,454,7.549516567451064e-15,13680,30,0.5,0.2,best
DE,ackley,0,455,7.549516567451064e-15,13710,30,0.5,0.2,best
DE,ackley,0,456,7.549516567451064e-15,13740,30,0.5,0.2,best
DE,ackley,0,457,7.549516567451064e-15,13770,30,0.5,0.2,best
DE,ackley,0,458,7.549516567451064e-15,13800,30,0.5,0.2,best
DE,ackley,0,459,7.549516567451064e-15,13830,30,0.5,0.2,best
DE,ackley,0,460,7.549516567451064e-15,13860,30,0.5,0.2,best
DE,ackley,0,461,7.549516567451064e-15,13890,30,0.5,0.2,best
DE,ackley,0,462,7.549516567451064e-15,13920,30,0.5,0.2,best
DE,ackley,0,463,7.549516567451064e-15,13950,30,0.5,0.2,best
DE,ackley,0,464,7.549516567451064e-15,13980,30,0.5,0.2,best
DE,ackley,0,465,7.549516567451064e-15,14010,30,0.5,0.2,best
DE,ackley,0,466,7.549516567451064e-15,14040,30,0.5,0.2,best
DE,ackley,0,467,7.549516567451064e-15,14070,30,0.5,0.2,best
DE,ackley,0,468,7.549516567451064e-15,14100,30,0.5,0.2,best
DE,ackley,0,469,7.549516567451064e-15,14130,30,0.5,0.2,best
DE,ackley,0,470,7.549516567451064e-15,14160,30,0.5,0.2,best
DE,ackley,0,471,7.549516567451064e-15,14190,30,0.5,0.2,best
DE,ackley,0,472,7.549516567451064e-15,14220,30,0.5,0.2,best
DE,ackley,0,473,7.549516567451064e-15,14250,30,0.5,0.2,best
DE,ackley,0,474,7.549516567451064e-15,14280,30,0.5,0.2,best
DE,ackley,0,475,7.549516567451064e-15,14310,30,0.5,0.2,best
DE,ackley,0,476,7.549516567451064e-15,14340,30,0.5,0.2,best
DE,ackley,0,477,7.549516567451064e-15,14370,30,0.5,0.2,best
DE,ackley,0,478,7.549516567451064e-15,14400,30,0.5,0.2,best
DE,ackley,0,479,7.549516567451064e-15,14430,30,0.5,0.2,best
DE,ackley,0,480,7.549516567451064e-15,14460,30,0.5,0.2,best
DE,ackley,0,481,7.549516567451064e-15,14490,30,0.5,0.2,best
DE,ackley,0,482,7.549516567451064e-15,14520,30,0.5,0.2,best
DE,ackley,0,483,7.549516567451064e-15,14550,30,0.5,0.2,best
DE,ackley,0,484,7.549516567451064e-15,14580,30,0.5,0.2,best
DE,ackley,0,485,7.549516567451064e-15,14610,30,0.5,0.2,best
DE,ackley,0,486,7.549516567451064e-15,14640,30,0.5,0.2,best
DE,ackley,0,487,7.549516567451064e-15,14670,30,0.5,0.2,best
DE,ackley,0,488,7.549516567451064e-15,14700,30,0.5,0.2,best
DE,ackley,0,489,7.549516567451064e-15,14730,30,0.5,0.2,best
DE,ackley,0,490,7.549516567451064e-15,14760,30,0.5,0.2,best
DE,ackley,0,491,7.549516567451064e-15,14790,30,0.5,0.2,best
DE,ackley,0,492,7.549516567451064e-15,14820,30,0.5,0.2,best
DE,ackley,0,493,7.549516567451064e-15,14850,30,0.5,0.2,best
DE,ackley,0,494,7.549516567451064e-15,14880,30,0.5,0.2,best
DE,ackley,0,495,7.549516567451064e-15,14910,30,0.5,0.2,best
DE,ackley,0,496,7.549516567451064e-15,14940,30,0.5,0.2,best
DE,ackley,0,497,7.549516567451064e-15,14970,30,0.5,0.2,best
DE,ackley,0,498,7.549516567451064e-15,15000,30,0.5,0.2,best
DE,ackley,0,499,7.549516567451064e-15,15030,30,0.5,0.2,best
DE,ackley,0,500,7.549516567451064e-15,15060,30,0.5,0.2,best
DE,ackley,0,501,7.549516567451064e-15,15090,30,0.5,0.2,best
DE,ackley,0,502,7.549516567451064e-15,15120,30,0.5,0.2,best
DE,ackley,0,503,7.549516567451064e-15,15150,30,0.5,0.2,best
DE,ackley,0,504,7.549516567451064e-15,15180,30,0.5,0.2,best
DE,ackley,0,505,7.549516567451064e-15,15210,30,0.5,0.2,best
DE,ackley,0,506,7.549516567451064e-15,15240,30,0.5,0.2,best
DE,ackley,0,507,7.549516567451064e-15,15270,30,0.5,0.2,best
DE,ackley,0,508,7.549516567451064e-15,15300,30,0.5,0.2,best
DE,ackley,0,509,7.549516567451064e-15,15330,30,0.5,0.2,best
DE,ackley,0,510,7.549516567451064e-15,15360,30,0.5,0.2,best
DE,ackley,0,511,7.549516567451064e-15,15390,30,0.5,0.2,best
DE,ackley,0,512,7.549516567451064e-15,15420,30,0.5,0.2,best
DE,ackley,0,513,7.549516567451064e-15,15450,30,0.5,0.2,best
DE,ackley,0,514,7.549516567451064e-15,15480,30,0.5,0.2,best
DE,ackley,0,515,7.549516567451064e-15,15510,30,0.5,0.2,best
DE,ackley,0,516,7.549516567451064e-15,15540,30,0.5,0.2,best
DE,ackley,0,517,7.549516567451064e-15,15570,30,0.5,0.2,best
DE,ackley,0,518,7.549516567451064e-15,15600,30,0.5,0.2,best
DE,ackley,0,519,7.549516567451064e-15,15630,30,0.5,0.2,best
DE,ackley,0,520,7.549516567451064e-15,15660,30,0.5,0.2,best
DE,ackley,0,521,7.549516567451064e-15,15690,30,0.5,0.2,best
DE,ackley,0,522,7.549516567451064e-15,15720,30,0.5,0.2,best
DE,ackley,0,523,7.549516567451064e-15,15750,30,0.5,0.2,best
DE,ackley,0,524,7.549516567451064e-15,15780,30,0.5,0.2,best
DE,ackley,0,525,7.549516567451064e-15,15810,30,0.5,0.2,best
DE,ackley,0,526,7.549516567451064e-15,15840,30,0.5,0.2,best
DE,ackley,0,527,7.549516567451064e-15,15870,30,0.5,0.2,best
DE,ackley,0,528,7.549516567451064e-15,15900,30,0.5,0.2,best
DE,ackley,0,529,7.549516567451064e-15,15930,30,0.5,0.2,best
DE,ackley,0,530,7.549516567451064e-15,15960,30,0.5,0.2,best
DE,ackley,0,531,7.549516567451064e-15,15990,30,0.5,0.2,best
DE,ackley,0,532,7.549516567451064e-15,16020,30,0.5,0.2,best
DE,ackley,0,533,7.549516567451064e-15,16050,30,0.5,0.2,best
DE,ackley,0,534,7.549516567451064e-15,16080,30,0.5,0.2,best
DE,ackley,0,535,7.549516567451064e-15,16110,30,0.5,0.2,best
DE,ackley,0,536,7.549516567451064e-15,16140,30,0.5,0.2,best
DE,ackley,0,537,7.549516567451064e-15,16170,30,0.5,0.2,best
DE,ackley,0,538,7.549516567451064e-15,16200,30,0.5,0.2,best
DE,ackley,0,539,7.549516567451064e-15,16230,30,0.5,0.2,best
DE,ackley,0,540,7.549516567451064e-15,16260,30,0.5,0.2,best
DE,ackley,0,541,7.549516567451064e-15,16290,30,0.5,0.2,best
DE,ackley,0,542,7.549516567451064e-15,16320,30,0.5,0.2,best
DE,ackley,0,543,7.549516567451064e-15,16350,30,0.5,0.2,best
DE,ackley,0,544,7.549516567451064e-15,16380,30,0.5,0.2,best
DE,ackley,0,545,7.549516567451064e-15,16410,30,0.5,0.2,best
DE,ackley,0,546,7.549516567451064e-15,16440,30,0.5,0.2,best
DE,ackley,0,547,7.549516567451064e-15,16470,30,0.5,0.2,best
DE,ackley,0,548,7.549516567451064e-15,16500,30,0.5,0.2,best
DE,ackley,0,549,7.549516567451064e-15,16530,30,0.5,0.2,best
DE,ackley,0,550,7.549516567451064e-15,16560,30,0.5,0.2,best
DE,ackley,0,551,7.549516567451064e-15,16590,30,0.5,0.2,best
DE,ackley,0,552,7.549516567451064e-15,16620,30,0.5,0.2,best
DE,ackley,0,553,7.549516567451064e-15,16650,30,0.5,0.2,best
DE,ackley,0,554,7.549516567451064e-15,16680,30,0.5,0.2,best
DE,ackley,0,555,7.549516567451064e-15,16710,30,0.5,0.2,best
DE,ackley,0,556,7.549516567451064e-15,16740,30,0.5,0.2,best
DE,ackley,0,557,7.549516567451064e-15,16770,30,0.5,0.2,best
DE,ackley,0,558,7.549516567451064e-15,16800,30,0.5,0.2,best
DE,ackley,0,559,7.549516567451064e-15,16830,30,0.5,0.2,best
DE,ackley,0,560,7.549516567451064e-15,16860,30,0.5,0.2,best
DE,ackley,0,561,7.549516567451064e-15,16890,30,0.5,0.2,best
DE,ackley,0,562,7.549516567451064e-15,16920,30,0.5,0.2,best
DE,ackley,0,563,7.549516567451064e-15,16950,30,0.5,0.2,best
DE,ackley,0,564,7.549516567451064e-15,16980,30,0.5,0.2,best
DE,ackley,0,565,7.549516567451064e-15,17010,30,0.5,0.2,best
DE,ackley,0,566,7.549516567451064e-15,17040,30,0.5,0.2,best
DE,ackley,0,567,7.549516567451064e-15,17070,30,0.5,0.2,best
DE,ackley,0,568,7.549516567451064e-15,17100,30,0.5,0.2,best
DE,ackley,0,569,7.549516567451064e-15,17130,30,0.5,0.2,best
DE,ackley,0,570,7.549516567451064e-15,17160,30,0.5,0.2,best
DE,ackley,0,571,7.549516567451064e-15,17190,30,0.5,0.2,best
DE,ackley,0,572,7.549516567451064e-15,17220,30,0.5,0.2,best
DE,ackley,0,573,7.549516567451064e-15,17250,30,0.5,0.2,best
DE,ackley,0,574,7.549516567451064e-15,17280,30,0.5,0.2,best
DE,ackley,0,575,7.549516567451064e-15,17310,30,0.5,0.2,best
DE,ackley,0,576,7.549516567451064e-15,17340,30,0.5,0.2,best
DE,ackley,0,577,7.549516567451064e-15,17370,30,0.5,0.2,best
DE,ackley,0,578,7.549516567451064e-15,17400,30,0.5,0.2,best
DE,ackley,0,579,7.549516567451064e-15,17430,30,0.5,0.2,best
DE,ackley,0,580,7.549516567451064e-15,17460,30,0.5,0.2,best
DE,ackley,0,581,7.549516567451064e-15,17490,30,0.5,0.2,best
DE,ackley,0,582,7.549516567451064e-15,17520,30,0.5,0.2,best
DE,ackley,0,583,7.549516567451064e-15,17550,30,0.5,0.2,best
DE,ackley,0,584,7.549516567451064e-15,17580,30,0.5,0.2,best
DE,ackley,0,585,7.549516567451064e-15,17610,30,0.5,0.2,best
DE,ackley,0,586,7.549516567451064e-15,17640,30,0.5,0.2,best
DE,ackley,0,587,7.549516567451064e-15,17670,30,0.5,0.2,best
DE,ackley,0,588,7.549516567451064e-15,17700,30,0.5,0.2,best
DE,ackley,0,589,7.549516567451064e-15,17730,30,0.5,0.2,best
DE,ackley,0,590,7.549516567451064e-15,17760,30,0.5,0.2,best
DE,ackley,0,591,7.549516567451064e-15,17790,30,0.5,0.2,best
DE,ackley,0,592,7.549516567451064e-15,17820,30,0.5,0.2,best
DE,ackley,0,593,7.549516567451064e-15,17850,30,0.5,0.2,best
DE,ackley,0,594,7.549516567451064e-15,17880,30,0.5,0.2,best
DE,ackley,0,595,7.549516567451064e-15,17910,30,0.5,0.2,best
DE,ackley,0,596,7.549516567451064e-15,17940,30,0.5,0.2,best
DE,ackley,0,597,7.549516567451064e-15,17970,30,0.5,0.2,best
DE,ackley,0,598,7.549516567451064e-15,18000,30,0.5,0.2,best
DE,ackley,0,599,7.549516567451064e-15,18030,30,0.5,0.2,best
DE,ackley,0,600,7.549516567451064e-15,18060,30,0.5,0.2,best
DE,ackley,0,601,7.549516567451064e-15,18090,30,0.5,0.2,best
DE,ackley,0,602,7.549516567451064e-15,18120,30,0.5,0.2,best
DE,ackley,0,603,7.549516567451064e-15,18150,30,0.5,0.2,best
DE,ackley,0,604,7.549516567451064e-15,18180,30,0.5,0.2,best
DE,ackley,0,605,7.549516567451064e-15,18210,30,0.5,0.2,best
DE,ackley,0,606,7.549516567451064e-15,18240,30,0.5,0.2,best
DE,ackley,0,607,7.549516567451064e-15,18270,30,0.5,0.2,best
DE,ackley,0,608,7.549516567451064e-15,18300,30,0.5,0.2,best
DE,ackley,0,609,7.549516567451064e-15,18330,30,0.5,0.2,best
DE,ackley,0,610,7.549516567451064e-15,18360,30,0.5,0.2,best
DE,ackley,0,611,7.549516567451064e-15,18390,30,0.5,0.2,best
DE,ackley,0,612,7.549516567451064e-15,18420,30,0.5,0.2,best
DE,ackley,0,613,7.549516567451064e-15,18450,30,0.5,0.2,best
DE,ackley,0,614,7.549516567451064e-15,18480,30,0.5,0.2,best
DE,ackley,0,615,7.549516567451064e-15,18510,30,0.5,0.2,best
DE,ackley,0,616,7.549516567451064e-15,18540,30,0.5,0.2,best
DE,ackley,0,617,7.549516567451064e-15,18570,30,0.5,0.2,best
DE,ackley,0,618,7.549516567451064e-15,18600,30,0.5,0.2,best
DE,ackley,0,619,7.549516567451064e-15,18630,30,0.5,0.2,best
DE,ackley,0,620,7.549516567451064e-15,18660,30,0.5,0.2,best
DE,ackley,0,621,7.549516567451064e-15,18690,30,0.5,0.2,best
DE,ackley,0,622,7.549516567451064e-15,18720,30,0.5,0.2,best
DE,ackley,0,623,7.549516567451064e-15,18750,30,0.5,0.2,best
DE,ackley,0,624,7.549516567451064e-15,18780,30,0.5,0.2,best
DE,ackley,0,625,7.549516567451064e-15,18810,30,0.5,0.2,best
DE,ackley,0,626,7.549516567451064e-15,18840,30,0.5,0.2,best
DE,ackley,0,627,7.549516567451064e-15,18870,30,0.5,0.2,best
DE,ackley,0,628,7.549516567451064e-15,18900,30,0.5,0.2,best
DE,ackley,0,629,7.549516567451064e-15,18930,30,0.5,0.2,best
DE,ackley,0,630,7.549516567451064e-15,18960,30,0.5,0.2,best
DE,ackley,0,631,7.549516567451064e-15,18990,30,0.5,0.2,best
DE,ackley,0,632,7.549516567451064e-15,19020,30,0.5,0.2,best
DE,ackley,0,633,7.549516567451064e-15,19050,30,0.5,0.2,best
DE,ackley,0,634,7.549516567451064e-15,19080,30,0.5,0.2,best
DE,ackley,0,635,7.549516567451064e-15,19110,30,0.5,0.2,best
DE,ackley,0,636,7.549516567451064e-15,19140,30,0.5,0.2,best
DE,ackley,0,637,7.549516567451064e-15,19170,30,0.5,0.2,best
DE,ackley,0,638,7.549516567451064e-15,19200,30,0.5,0.2,best
DE,ackley,0,639,7.549516567451064e-15,19230,30,0.5,0.2,best
DE,ackley,0,640,7.549516567451064e-15,19260,30,0.5,0.2,best
DE,ackley,0,641,7.549516567451064e-15,19290,30,0.5,0.2,best
DE,ackley,0,642,7.549516567451064e-15,19320,30,0.5,0.2,best
DE,ackley,0,643,7.549516567451064e-15,19350,30,0.5,0.2,best
DE,ackley,0,644,7.549516567451064e-15,19380,30,0.5,0.2,best
DE,ackley,0,645,7.549516567451064e-15,19410,30,0.5,0.2,best
DE,ackley,0,646,7.549516567451064e-15,19440,30,0.5,0.2,best
DE,ackley,0,647,7.549516567451064e-15,19470,30,0.5,0.2,best
DE,ackley,0,648,7.549516567451064e-15,19500,30,0.5,0.2,best
DE,ackley,0,649,7.549516567451064e-15,19530,30,0.5,0.2,best
DE,ackley,0,650,7.549516567451064e-15,19560,30,0.5,0.2,best
DE,ackley,0,651,7.549516567451064e-15,19590,30,0.5,0.2,best
DE,ackley,0,652,7.549516567451064e-15,19620,30,0.5,0.2,best
DE,ackley,0,653,7.549516567451064e-15,19650,30,0.5,0.2,best
DE,ackley,0,654,7.549516567451064e-15,19680,30,0.5,0.2,best
DE,ackley,0,655,7.549516567451064e-15,19710,30,0.5,0.2,best
DE,ackley,0,656,7.549516567451064e-15,19740,30,0.5,0.2,best
DE,ackley,0,657,7.549516567451064e-15,19770,30,0.5,0.2,best
DE,ackley,0,658,7.549516567451064e-15,19800,30,0.5,0.2,best
DE,ackley,0,659,7.549516567451064e-15,19830,30,0.5,0.2,best
DE,ackley,0,660,7.549516567451064e-15,19860,30,0.5,0.2,best
DE,ackley,0,661,7.549516567451064e-15,19890,30,0.5,0.2,best
DE,ackley,0,662,7.549516567451064e-15,19920,30,0.5,0.2,best
DE,ackley,0,663,7.549516567451064e-15,19950,30,0.5,0.2,best
DE,ackley,0,664,7.549516567451064e-15,19980,30,0.5,0.2,best
DE,ackley,0,665,7.549516567451064e-15,20010,30,0.5,0.2,best
DE,ackley,0,666,7.549516567451064e-15,20040,30,0.5,0.2,best
DE,ackley,0,667,7.549516567451064e-15,20070,30,0.5,0.2,best
DE,ackley,0,668,7.549516567451064e-15,20100,30,0.5,0.2,best
DE,ackley,0,669,7.549516567451064e-15,20130,30,0.5,0.2,best
DE,ackley,0,670,7.549516567451064e-15,20160,30,0.5,0.2,best
DE,ackley,0,671,7.549516567451064e-15,20190,30,0.5,0.2,best
DE,ackley,0,672,7.549516567451064e-15,20220,30,0.5,0.2,best
DE,ackley,0,673,7.549516567451064e-15,20250,30,0.5,0.2,best
DE,ackley,0,674,7.549516567451064e-15,20280,30,0.5,0.2,best
DE,ackley,0,675,7.549516567451064e-15,20310,30,0.5,0.2,best
DE,ackley,0,676,7.549516567451064e-15,20340,30,0.5,0.2,best
DE,ackley,0,677,7.549516567451064e-15,20370,30,0.5,0.2,best
DE,ackley,0,678,7.549516567451064e-15,20400,30,0.5,0.2,best
DE,ackley,0,679,7.549516567451064e-15,20430,30,0.5,0.2,best
DE,ackley,0,680,7.549516567451064e-15,20460,30,0.5,0.2,best
DE,ackley,0,681,7.549516567451064e-15,20490,30,0.5,0.2,best
DE,ackley,0,682,7.549516567451064e-15,20520,30,0.5,0.2,best
DE,ackley,0,683,7.549516567451064e-15,20550,30,0.5,0.2,best
DE,ackley,0,684,7.549516567451064e-15,20580,30,0.5,0.2,best
DE,ackley,0,685,7.549516567451064e-15,20610,30,0.5,0.2,best
DE,ackley,0,686,7.549516567451064e-15,20640,30,0.5,0.2,best
DE,ackley,0,687,7.549516567451064e-15,20670,30,0.5,0.2,best
DE,ackley,0,688,7.549516567451064e-15,20700,30,0.5,0.2,best
DE,ackley,0,689,7.549516567451064e-15,20730,30,0.5,0.2,best
DE,ackley,0,690,7.549516567451064e-15,20760,30,0.5,0.2,best
DE,ackley,0,691,7.549516567451064e-15,20790,30,0.5,0.2,best
DE,ackley,0,692,7.549516567451064e-15,20820,30,0.5,0.2,best
DE,ackley,0,693,7.549516567451064e-15,20850,30,0.5,0.2,best
DE,ackley,0,694,7.549516567451064e-15,20880,30,0.5,0.2,best
DE,ackley,0,695,7.549516567451064e-15,20910,30,0.5,0.2,best
DE,ackley,0,696,7.549516567451064e-15,20940,30,0.5,0.2,best
DE,ackley,0,697,7.549516567451064e-15,20970,30,0.5,0.2,best
DE,ackley,0,698,7.549516567451064e-15,21000,30,0.5,0.2,best
DE,ackley,0,699,7.549516567451064e-15,21030,30,0.5,0.2,best
DE,ackley,0,700,7.549516567451064e-15,21060,30,0.5,0.2,best
DE,ackley,0,701,7.549516567451064e-15,21090,30,0.5,0.2,best
DE,ackley,0,702,7.549516567451064e-15,21120,30,0.5,0.2,best
DE,ackley,0,703,7.549516567451064e-15,21150,30,0.5,0.2,best
DE,ackley,0,704,7.549516567451064e-15,21180,30,0.5,0.2,best
DE,ackley,0,705,7.549516567451064e-15,21210,30,0.5,0.2,best
DE,ackley,0,706,7.549516567451064e-15,21240,30,0.5,0.2,best
DE,ackley,0,707,7.549516567451064e-15,21270,30,0.5,0.2,best
DE,ackley,0,708,7.549516567451064e-15,21300,30,0.5,0.2,best
DE,ackley,0,709,7.549516567451064e-15,21330,30,0.5,0.2,best
DE,ackley,0,710,7.549516567451064e-15,21360,30,0.5,0.2,best
DE,ackley,0,711,7.549516567451064e-15,21390,30,0.5,0.2,best
DE,ackley,0,712,7.549516567451064e-15,21420,30,0.5,0.2,best
DE,ackley,0,713,7.549516567451064e-15,21450,30,0.5,0.2,best
DE,ackley,0,714,7.549516567451064e-15,21480,30,0.5,0.2,best
DE,ackley,0,715,7.549516567451064e-15,21510,30,0.5,0.2,best
DE,ackley,0,716,7.549516567451064e-15,21540,30,0.5,0.2,best
DE,ackley,0,717,7.549516567451064e-15,21570,30,0.5,0.2,best
DE,ackley,0,718,7.549516567451064e-15,21600,30,0.5,0.2,best
DE,ackley,0,719,7.549516567451064e-15,21630,30,0.5,0.2,best
DE,ackley,0,720,7.549516567451064e-15,21660,30,0.5,0.2,best
DE,ackley,0,721,7.549516567451064e-15,21690,30,0.5,0.2,best
DE,ackley,0,722,7.549516567451064e-15,21720,30,0.5,0.2,best
DE,ackley,0,723,7.549516567451064e-15,21750,30,0.5,0.2,best
DE,ackley,0,724,7.549516567451064e-15,21780,30,0.5,0.2,best
DE,ackley,0,725,7.549516567451064e-15,21810,30,0.5,0.2,best
DE,ackley,0,726,7.549516567451064e-15,21840,30,0.5,0.2,best
DE,ackley,0,727,7.549516567451064e-15,21870,30,0.5,0.2,best
DE,ackley,0,728,7.549516567451064e-15,21900,30,0.5,0.2,best
DE,ackley,0,729,7.549516567451064e-15,21930,30,0.5,0.2,best
DE,ackley,0,730,7.549516567451064e-15,21960,30,0.5,0.2,best
DE,ackley,0,731,7.549516567451064e-15,21990,30,0.5,0.2,best
DE,ackley,0,732,7.549516567451064e-15,22020,30,0.5,0.2,best
DE,ackley,0,733,7.549516567451064e-15,22050,30,0.5,0.2,best
DE,ackley,0,734,7.549516567451064e-15,22080,30,0.5,0.2,best
DE,ackley,0,735,7.549516567451064e-15,22110,30,0.5,0.2,best
DE,ackley,0,736,7.549516567451064e-15,22140,30,0.5,0.2,best
DE,ackley,0,737,7.549516567451064e-15,22170,30,0.5,0.2,best
DE,ackley,0,738,7.549516567451064e-15,22200,30,0.5,0.2,best
DE,ackley,0,739,7.549516567451064e-15,22230,30,0.5,0.2,best
DE,ackley,0,740,7.549516567451064e-15,22260,30,0.5,0.2,best
DE,ackley,0,741,7.549516567451064e-15,22290,30,0.5,0.2,best
DE,ackley,0,742,7.549516567451064e-15,22320,30,0.5,0.2,best
DE,ackley,0,743,7.549516567451064e-15,22350,30,0.5,0.2,best
DE,ackley,0,744,7.549516567451064e-15,22380,30,0.5,0.2,best
DE,ackley,0,745,7.549516567451064e-15,22410,30,0.5,0.2,best
DE,ackley,0,746,7.549516567451064e-15,22440,30,0.5,0.2,best
DE,ackley,0,747,7.549516567451064e-15,22470,30,0.5,0.2,best
DE,ackley,0,748,7.549516567451064e-15,22500,30,0.5,0.2,best
DE,ackley,0,749,7.549516567451064e-15,22530,30,0.5,0.2,best
DE,ackley,0,750,7.549516567451064e-15,22560,30,0.5,0.2,best
DE,ackley,0,751,7.549516567451064e-15,22590,30,0.5,0.2,best
DE,ackley,0,752,7.549516567451064e-15,22620,30,0.5,0.2,best
DE,ackley,0,753,7.549516567451064e-15,22650,30,0.5,0.2,best
DE,ackley,0,754,7.549516567451064e-15,22680,30,0.5,0.2,best
DE,ackley,0,755,7.549516567451064e-15,22710,30,0.5,0.2,best
DE,ackley,0,756,7.549516567451064e-15,22740,30,0.5,0.2,best
DE,ackley,0,757,7.549516567451064e-15,22770,30,0.5,0.2,best
DE,ackley,0,758,7.549516567451064e-15,22800,30,0.5,0.2,best
DE,ackley,0,759,7.549516567451064e-15,22830,30,0.5,0.2,best
DE,ackley,0,760,7.549516567451064e-15,22860,30,0.5,0.2,best
DE,ackley,0,761,7.549516567451064e-15,22890,30,0.5,0.2,best
DE,ackley,0,762,7.549516567451064e-15,22920,30,0.5,0.2,best
DE,ackley,0,763,7.549516567451064e-15,22950,30,0.5,0.2,best
DE,ackley,0,764,7.549516567451064e-15,22980,30,0.5,0.2,best
DE,ackley,0,765,7.549516567451064e-15,23010,30,0.5,0.2,best
DE,ackley,0,766,7.549516567451064e-15,23040,30,0.5,0.2,best
DE,ackley,0,767,7.549516567451064e-15,23070,30,0.5,0.2,best
DE,ackley,0,768,7.549516567451064e-15,23100,30,0.5,0.2,best
DE,ackley,0,769,7.549516567451064e-15,23130,30,0.5,0.2,best
DE,ackley,0,770,7.549516567451064e-15,23160,30,0.5,0.2,best
DE,ackley,0,771,7.549516567451064e-15,23190,30,0.5,0.2,best
DE,ackley,0,772,7.549516567451064e-15,23220,30,0.5,0.2,best
DE,ackley,0,773,7.549516567451064e-15,23250,30,0.5,0.2,best
DE,ackley,0,774,7.549516567451064e-15,23280,30,0.5,0.2,best
DE,ackley,0,775,7.549516567451064e-15,23310,30,0.5,0.2,best
DE,ackley,0,776,7.549516567451064e-15,23340,30,0.5,0.2,best
DE,ackley,0,777,7.549516567451064e-15,23370,30,0.5,0.2,best
DE,ackley,0,778,7.549516567451064e-15,23400,30,0.5,0.2,best
DE,ackley,0,779,7.549516567451064e-15,23430,30,0.5,0.2,best
DE,ackley,0,780,7.549516567451064e-15,23460,30,0.5,0.2,best
DE,ackley,0,781,7.549516567451064e-15,23490,30,0.5,0.2,best
DE,ackley,0,782,7.549516567451064e-15,23520,30,0.5,0.2,best
DE,ackley,0,783,7.549516567451064e-15,23550,30,0.5,0.2,best
DE,ackley,0,784,7.549516567451064e-15,23580,30,0.5,0.2,best
DE,ackley,0,785,7.549516567451064e-15,23610,30,0.5,0.2,best
DE,ackley,0,786,7.549516567451064e-15,23640,30,0.5,0.2,best
DE,ackley,0,787,7.549516567451064e-15,23670,30,0.5,0.2,best
DE,ackley,0,788,7.549516567451064e-15,23700,30,0.5,0.2,best
DE,ackley,0,789,7.549516567451064e-15,23730,30,0.5,0.2,best
DE,ackley,0,790,7.549516567451064e-15,23760,30,0.5,0.2,best
DE,ackley,0,791,7.549516567451064e-15,23790,30,0.5,0.2,best
DE,ackley,0,792,7.549516567451064e-15,23820,30,0.5,0.2,best
DE,ackley,0,793,7.549516567451064e-15,23850,30,0.5,0.2,best
DE,ackley,0,794,7.549516567451064e-15,23880,30,0.5,0.2,best
DE,ackley,0,795,7.549516567451064e-15,23910,30,0.5,0.2,best
DE,ackley,0,796,7.549516567451064e-15,23940,30,0.5,0.2,best
DE,ackley,0,797,7.549516567451064e-15,23970,30,0.5,0.2,best
DE,ackley,0,798,7.549516567451064e-15,24000,30,0.5,0.2,best
DE,ackley,0,799,7.549516567451064e-15,24030,30,0.5,0.2,best
DE,ackley,0,800,7.549516567451064e-15,24060,30,0.5,0.2,best
DE,ackley,0,801,7.549516567451064e-15,24090,30,0.5,0.2,best
DE,ackley,0,802,7.549516567451064e-15,24120,30,0.5,0.2,best
DE,ackley,0,803,7.549516567451064e-15,24150,30,0.5,0.2,best
DE,ackley,0,804,7.549516567451064e-15,24180,30,0.5,0.2,best
DE,ackley,0,805,7.549516567451064e-15,24210,30,0.5,0.2,best
DE,ackley,0,806,7.549516567451064e-15,24240,30,0.5,0.2,best
DE,ackley,0,807,7.549516567451064e-15,24270,30,0.5,0.2,best
DE,ackley,0,808,7.549516567451064e-15,24300,30,0.5,0.2,best
DE,ackley,0,809,7.549516567451064e-15,24330,30,0.5,0.2,best
DE,ackley,0,810,7.549516567451064e-15,24360,30,0.5,0.2,best
DE,ackley,0,811,7.549516567451064e-15,24390,30,0.5,0.2,best
DE,ackley,0,812,7.549516567451064e-15,24420,30,0.5,0.2,best
DE,ackley,0,813,7.549516567451064e-15,24450,30,0.5,0.2,best
DE,ackley,0,814,7.549516567451064e-15,24480,30,0.5,0.2,best
DE,ackley,0,815,7.549516567451064e-15,24510,30,0.5,0.2,best
DE,ackley,0,816,7.549516567451064e-15,24540,30,0.5,0.2,best
DE,ackley,0,817,7.549516567451064e-15,24570,30,0.5,0.2,best
DE,ackley,0,818,7.549516567451064e-15,24600,30,0.5,0.2,best
DE,ackley,0,819,7.549516567451064e-15,24630,30,0.5,0.2,best
DE,ackley,0,820,7.549516567451064e-15,24660,30,0.5,0.2,best
DE,ackley,0,821,7.549516567451064e-15,24690,30,0.5,0.2,best
DE,ackley,0,822,7.549516567451064e-15,24720,30,0.5,0.2,best
DE,ackley,0,823,7.549516567451064e-15,24750,30,0.5,0.2,best
DE,ackley,0,824,7.549516567451064e-15,24780,30,0.5,0.2,best
DE,ackley,0,825,7.549516567451064e-15,24810,30,0.5,0.2,best
DE,ackley,0,826,7.549516567451064e-15,24840,30,0.5,0.2,best
DE,ackley,0,827,7.549516567451064e-15,24870,30,0.5,0.2,best
DE,ackley,0,828,7.549516567451064e-15,24900,30,0.5,0.2,best
DE,ackley,0,829,7.549516567451064e-15,24930,30,0.5,0.2,best
DE,ackley,0,830,7.549516567451064e-15,24960,30,0.5,0.2,best
DE,ackley,0,831,7.549516567451064e-15,24990,30,0.5,0.2,best
DE,ackley,0,832,7.549516567451064e-15,25020,30,0.5,0.2,best
DE,ackley,0,833,7.549516567451064e-15,25050,30,0.5,0.2,best
DE,ackley,0,834,7.549516567451064e-15,25080,30,0.5,0.2,best
DE,ackley,0,835,7.549516567451064e-15,25110,30,0.5,0.2,best
DE,ackley,0,836,7.549516567451064e-15,25140,30,0.5,0.2,best
DE,ackley,0,837,7.549516567451064e-15,25170,30,0.5,0.2,best
DE,ackley,0,838,7.549516567451064e-15,25200,30,0.5,0.2,best
DE,ackley,0,839,7.549516567451064e-15,25230,30,0.5,0.2,best
DE,ackley,0,840,7.549516567451064e-15,25260,30,0.5,0.2,best
DE,ackley,0,841,7.549516567451064e-15,25290,30,0.5,0.2,best
DE,ackley,0,842,7.549516567451064e-15,25320,30,0.5,0.2,best
DE,ackley,0,843,7.549516567451064e-15,25350,30,0.5,0.2,best
DE,ackley,0,844,7.549516567451064e-15,25380,30,0.5,0.2,best
DE,ackley,0,845,7.549516567451064e-15,25410,30,0.5,0.2,best
DE,ackley,0,846,7.549516567451064e-15,25440,30,0.5,0.2,best
DE,ackley,0,847,7.549516567451064e-15,25470,30,0.5,0.2,best
DE,ackley,0,848,7.549516567451064e-15,25500,30,0.5,0.2,best
DE,ackley,0,849,7.549516567451064e-15,25530,30,0.5,0.2,best
DE,ackley,0,850,7.549516567451064e-15,25560,30,0.5,0.2,best
DE,ackley,0,851,7.549516567451064e-15,25590,30,0.5,0.2,best
DE,ackley,0,852,7.549516567451064e-15,25620,30,0.5,0.2,best
DE,ackley,0,853,7.549516567451064e-15,25650,30,0.5,0.2,best
DE,ackley,0,854,7.549516567451064e-15,25680,30,0.5,0.2,best
DE,ackley,0,855,7.549516567451064e-15,25710,30,0.5,0.2,best
DE,ackley,0,856,7.549516567451064e-15,25740,30,0.5,0.2,best
DE,ackley,0,857,7.549516567451064e-15,25770,30,0.5,0.2,best
DE,ackley,0,858,7.549516567451064e-15,25800,30,0.5,0.2,best
DE,ackley,0,859,7.549516567451064e-15,25830,30,0.5,0.2,best
DE,ackley,0,860,7.549516567451064e-15,25860,30,0.5,0.2,best
DE,ackley,0,861,7.549516567451064e-15,25890,30,0.5,0.2,best
DE,ackley,0,862,7.549516567451064e-15,25920,30,0.5,0.2,best
DE,ackley,0,863,7.549516567451064e-15,25950,30,0.5,0.2,best
DE,ackley,0,864,7.549516567451064e-15,25980,30,0.5,0.2,best
DE,ackley,0,865,7.549516567451064e-15,26010,30,0.5,0.2,best
DE,ackley,0,866,7.549516567451064e-15,26040,30,0.5,0.2,best
DE,ackley,0,867,7.549516567451064e-15,26070,30,0.5,0.2,best
DE,ackley,0,868,7.549516567451064e-15,26100,30,0.5,0.2,best
DE,ackley,0,869,7.549516567451064e-15,26130,30,0.5,0.2,best
DE,ackley,0,870,7.549516567451064e-15,26160,30,0.5,0.2,best
DE,ackley,0,871,7.549516567451064e-15,26190,30,0.5,0.2,best
DE,ackley,0,872,7.549516567451064e-15,26220,30,0.5,0.2,best
DE,ackley,0,873,7.549516567451064e-15,26250,30,0.5,0.2,best
DE,ackley,0,874,7.549516567451064e-15,26280,30,0.5,0.2,best
DE,ackley,0,875,7.549516567451064e-15,26310,30,0.5,0.2,best
DE,ackley,0,876,7.549516567451064e-15,26340,30,0.5,0.2,best
DE,ackley,0,877,7.549516567451064e-15,26370,30,0.5,0.2,best
DE,ackley,0,878,7.549516567451064e-15,26400,30,0.5,0.2,best
DE,ackley,0,879,7.549516567451064e-15,26430,30,0.5,0.2,best
DE,ackley,0,880,7.549516567451064e-15,26460,30,0.5,0.2,best
DE,ackley,0,881,7.549516567451064e-15,26490,30,0.5,0.2,best
DE,ackley,0,882,7.549516567451064e-15,26520,30,0.5,0.2,best
DE,ackley,0,883,7.549516567451064e-15,26550,30,0.5,0.2,best
DE,ackley,0,884,7.549516567451064e-15,26580,30,0.5,0.2,best
DE,ackley,0,885,7.549516567451064e-15,26610,30,0.5,0.2,best
DE,ackley,0,886,7.549516567451064e-15,26640,30,0.5,0.2,best
DE,ackley,0,887,7.549516567451064e-15,26670,30,0.5,0.2,best
DE,ackley,0,888,7.549516567451064e-15,26700,30,0.5,0.2,best
DE,ackley,0,889,7.549516567451064e-15,26730,30,0.5,0.2,best
DE,ackley,0,890,7.549516567451064e-15,26760,30,0.5,0.2,best
DE,ackley,0,891,7.549516567451064e-15,26790,30,0.5,0.2,best
DE,ackley,0,892,7.549516567451064e-15,26820,30,0.5,0.2,best
DE,ackley,0,893,7.549516567451064e-15,26850,30,0.5,0.2,best
DE,ackley,0,894,7.549516567451064e-15,26880,30,0.5,0.2,best
DE,ackley,0,895,7.549516567451064e-15,26910,30,0.5,0.2,best
DE,ackley,0,896,7.549516567451064e-15,26940,30,0.5,0.2,best
DE,ackley,0,897,7.549516567451064e-15,26970,30,0.5,0.2,best
DE,ackley,0,898,7.549516567451064e-15,27000,30,0.5,0.2,best
DE,ackley,0,899,7.549516567451064e-15,27030,30,0.5,0.2,best
DE,ackley,0,900,7.549516567451064e-15,27060,30,0.5,0.2,best
DE,ackley,0,901,7.549516567451064e-15,27090,30,0.5,0.2,best
DE,ackley,0,902,7.549516567451064e-15,27120,30,0.5,0.2,best
DE,ackley,0,903,7.549516567451064e-15,27150,30,0.5,0.2,best
DE,ackley,0,904,7.549516567451064e-15,27180,30,0.5,0.2,best
DE,ackley,0,905,7.549516567451064e-15,27210,30,0.5,0.2,best
DE,ackley,0,906,7.549516567451064e-15,27240,30,0.5,0.2,best
DE,ackley,0,907,7.549516567451064e-15,27270,30,0.5,0.2,best
DE,ackley,0,908,7.549516567451064e-15,27300,30,0.5,0.2,best
DE,ackley,0,909,7.549516567451064e-15,27330,30,0.5,0.2,best
DE,ackley,0,910,7.549516567451064e-15,27360,30,0.5,0.2,best
DE,ackley,0,911,7.549516567451064e-15,27390,30,0.5,0.2,best
DE,ackley,0,912,7.549516567451064e-15,27420,30,0.5,0.2,best
DE,ackley,0,913,7.549516567451064e-15,27450,30,0.5,0.2,best
DE,ackley,0,914,7.549516567451064e-15,27480,30,0.5,0.2,best
DE,ackley,0,915,7.549516567451064e-15,27510,30,0.5,0.2,best
DE,ackley,0,916,7.549516567451064e-15,27540,30,0.5,0.2,best
DE,ackley,0,917,7.549516567451064e-15,27570,30,0.5,0.2,best
DE,ackley,0,918,7.549516567451064e-15,27600,30,0.5,0.2,best
DE,ackley,0,919,7.549516567451064e-15,27630,30,0.5,0.2,best
DE,ackley,0,920,7.549516567451064e-15,27660,30,0.5,0.2,best
DE,ackley,0,921,7.549516567451064e-15,27690,30,0.5,0.2,best
DE,ackley,0,922,7.549516567451064e-15,27720,30,0.5,0.2,best
DE,ackley,0,923,7.549516567451064e-15,27750,30,0.5,0.2,best
DE,ackley,0,924,7.549516567451064e-15,27780,30,0.5,0.2,best
DE,ackley,0,925,7.549516567451064e-15,27810,30,0.5,0.2,best
DE,ackley,0,926,7.549516567451064e-15,27840,30,0.5,0.2,best
DE,ackley,0,927,7.549516567451064e-15,27870,30,0.5,0.2,best
DE,ackley,0,928,7.549516567451064e-15,27900,30,0.5,0.2,best
DE,ackley,0,929,7.549516567451064e-15,27930,30,0.5,0.2,best
DE,ackley,0,930,7.549516567451064e-15,27960,30,0.5,0.2,best
DE,ackley,0,931,7.549516567451064e-15,27990,30,0.5,0.2,best
DE,ackley,0,932,7.549516567451064e-15,28020,30,0.5,0.2,best
DE,ackley,0,933,7.549516567451064e-15,28050,30,0.5,0.2,best
DE,ackley,0,934,7.549516567451064e-15,28080,30,0.5,0.2,best
DE,ackley,0,935,7.549516567451064e-15,28110,30,0.5,0.2,best
DE,ackley,0,936,7.549516567451064e-15,28140,30,0.5,0.2,best
DE,ackley,0,937,7.549516567451064e-15,28170,30,0.5,0.2,best
DE,ackley,0,938,7.549516567451064e-15,28200,30,0.5,0.2,best
DE,ackley,0,939,7.549516567451064e-15,28230,30,0.5,0.2,best
DE,ackley,0,940,7.549516567451064e-15,28260,30,0.5,0.2,best
DE,ackley,0,941,7.549516567451064e-15,28290,30,0.5,0.2,best
DE,ackley,0,942,7.549516567451064e-15,28320,30,0.5,0.2,best
DE,ackley,0,943,7.549516567451064e-15,28350,30,0.5,0.2,best
DE,ackley,0,944,7.549516567451064e-15,28380,30,0.5,0.2,best
DE,ackley,0,945,7.549516567451064e-15,28410,30,0.5,0.2,best
DE,ackley,0,946,7.549516567451064e-15,28440,30,0.5,0.2,best
DE,ackley,0,947,7.549516567451064e-15,28470,30,0.5,0.2,best
DE,ackley,0,948,7.549516567451064e-15,28500,30,0.5,0.2,best
DE,ackley,0,949,7.549516567451064e-15,28530,30,0.5,0.2,best
DE,ackley,0,950,7.549516567451064e-15,28560,30,0.5,0.2,best
DE,ackley,0,951,7.549516567451064e-15,28590,30,0.5,0.2,best
DE,ackley,0,952,7.549516567451064e-15,28620,30,0.5,0.2,best
DE,ackley,0,953,7.549516567451064e-15,28650,30,0.5,0.2,best
DE,ackley,0,954,7.549516567451064e-15,28680,30,0.5,0.2,best
DE,ackley,0,955,7.549516567451064e-15,28710,30,0.5,0.2,best
DE,ackley,0,956,7.549516567451064e-15,28740,30,0.5,0.2,best
DE,ackley,0,957,7.549516567451064e-15,28770,30,0.5,0.2,best
DE,ackley,0,958,7.549516567451064e-15,28800,30,0.5,0.2,best
DE,ackley,0,959,7.549516567451064e-15,28830,30,0.5,0.2,best
DE,ackley,0,960,7.549516567451064e-15,28860,30,0.5,0.2,best
DE,ackley,0,961,7.549516567451064e-15,28890,30,0.5,0.2,best
DE,ackley,0,962,7.549516567451064e-15,28920,30,0.5,0.2,best
DE,ackley,0,963,7.549516567451064e-15,28950,30,0.5,0.2,best
DE,ackley,0,964,7.549516567451064e-15,28980,30,0.5,0.2,best
DE,ackley,0,965,7.549516567451064e-15,29010,30,0.5,0.2,best
DE,ackley,0,966,7.549516567451064e-15,29040,30,0.5,0.2,best
DE,ackley,0,967,7.549516567451064e-15,29070,30,0.5,0.2,best
DE,ackley,0,968,7.549516567451064e-15,29100,30,0.5,0.2,best
DE,ackley,0,969,7.549516567451064e-15,29130,30,0.5,0.2,best
DE,ackley,0,970,7.549516567451064e-15,29160,30,0.5,0.2,best
DE,ackley,0,971,7.549516567451064e-15,29190,30,0.5,0.2,best
DE,ackley,0,972,7.549516567451064e-15,29220,30,0.5,0.2,best
DE,ackley,0,973,7.549516567451064e-15,29250,30,0.5,0.2,best
DE,ackley,0,974,7.549516567451064e-15,29280,30,0.5,0.2,best
DE,ackley,0,975,7.549516567451064e-15,29310,30,0.5,0.2,best
DE,ackley,0,976,7.549516567451064e-15,29340,30,0.5,0.2,best
DE,ackley,0,977,7.549516567451064e-15,29370,30,0.5,0.2,best
DE,ackley,0,978,7.549516567451064e-15,29400,30,0.5,0.2,best
DE,ackley,0,979,7.549516567451064e-15,29430,30,0.5,0.2,best
DE,ackley,0,980,7.549516567451064e-15,29460,30,0.5,0.2,best
DE,ackley,0,981,7.549516567451064e-15,29490,30,0.5,0.2,best
DE,ackley,0,982,7.549516567451064e-15,29520,30,0.5,0.2,best
DE,ackley,0,983,7.549516567451064e-15,29550,30,0.5,0.2,best
DE,ackley,0,984,7.549516567451064e-15,29580,30,0.5,0.2,best
DE,ackley,0,985,7.549516567451064e-15,29610,30,0.5,0.2,best
DE,ackley,0,986,7.549516567451064e-15,29640,30,0.5,0.2,best
DE,ackley,0,987,7.549516567451064e-15,29670,30,0.5,0.2,best
DE,ackley,0,988,7.549516567451064e-15,29700,30,0.5,0.2,best
DE,ackley,0,989,7.549516567451064e-15,29730,30,0.5,0.2,best
DE,ackley,0,990,7.549516567451064e-15,29760,30,0.5,0.2,best
DE,ackley,0,991,7.549516567451064e-15,29790,30,0.5,0.2,best
DE,ackley,0,992,7.549516567451064e-15,29820,30,0.5,0.2,best
DE,ackley,0,993,7.549516567451064e-15,29850,30,0.5,0.2,best
DE,ackley,0,994,7.549516567451064e-15,29880,30,0.5,0.2,best
DE,ackley,0,995,7.549516567451064e-15,29910,30,0.5,0.2,best
DE,ackley,0,996,7.549516567451064e-15,29940,30,0.5,0.2,best
DE,ackley,0,997,7.549516567451064e-15,29970,30,0.5,0.2,best
DE,ackley,0,998,7.549516567451064e-15,30000,30,0.5,0.2,best
DE,ackley,0,999,7.549516567451064e-15,30030,30,0.5,0.2,best
DE,ackley,0,1000,7.549516567451064e-15,30060,30,0.5,0.2,best
DE,ackley,0,1001,7.549516567451064e-15,30090,30,0.5,0.2,best
DE,ackley,0,1002,7.549516567451064e-15,30120,30,0.5,0.2,best
DE,ackley,0,1003,7.549516567451064e-15,30150,30,0.5,0.2,best
DE,ackley,0,1004,7.549516567451064e-15,30180,30,0.5,0.2,best
DE,ackley,0,1005,7.549516567451064e-15,30210,30,0.5,0.2,best
DE,ackley,0,1006,7.549516567451064e-15,30240,30,0.5,0.2,best
DE,ackley,0,1007,7.549516567451064e-15,30270,30,0.5,0.2,best
DE,ackley,0,1008,7.549516567451064e-15,30300,30,0.5,0.2,best
DE,ackley,0,1009,7.549516567451064e-15,30330,30,0.5,0.2,best
DE,ackley,0,1010,7.549516567451064e-15,30360,30,0.5,0.2,best
DE,ackley,0,1011,7.549516567451064e-15,30390,30,0.5,0.2,best
DE,ackley,0,1012,7.549516567451064e-15,30420,30,0.5,0.2,best
DE,ackley,0,1013,7.549516567451064e-15,30450,30,0.5,0.2,best
DE,ackley,0,1014,7.549516567451064e-15,30480,30,0.5,0.2,best
DE,ackley,0,1015,7.549516567451064e-15,30510,30,0.5,0.2,best
DE,ackley,0,1016,7.549516567451064e-15,30540,30,0.5,0.2,best
DE,ackley,0,1017,7.549516567451064e-15,30570,30,0.5,0.2,best
DE,ackley,0,1018,7.549516567451064e-15,30600,30,0.5,0.2,best
DE,ackley,0,1019,7.549516567451064e-15,30630,30,0.5,0.2,best
DE,ackley,0,1020,7.549516567451064e-15,30660,30,0.5,0.2,best
DE,ackley,0,1021,7.549516567451064e-15,30690,30,0.5,0.2,best
DE,ackley,0,1022,7.549516567451064e-15,30720,30,0.5,0.2,best
DE,ackley,0,1023,7.549516567451064e-15,30750,30,0.5,0.2,best
DE,ackley,0,1024,7.549516567451064e-15,30780,30,0.5,0.2,best
DE,ackley,0,1025,7.549516567451064e-15,30810,30,0.5,0.2,best
DE,ackley,0,1026,7.549516567451064e-15,30840,30,0.5,0.2,best
DE,ackley,0,1027,7.549516567451064e-15,30870,30,0.5,0.2,best
DE,ackley,0,1028,7.549516567451064e-15,30900,30,0.5,0.2,best
DE,ackley,0,1029,7.549516567451064e-15,30930,30,0.5,0.2,best
DE,ackley,0,1030,7.549516567451064e-15,30960,30,0.5,0.2,best
DE,ackley,0,1031,7.549516567451064e-15,30990,30,0.5,0.2,best
DE,ackley,0,1032,7.549516567451064e-15,31020,30,0.5,0.2,best
DE,ackley,0,1033,7.549516567451064e-15,31050,30,0.5,0.2,best
DE,ackley,0,1034,7.549516567451064e-15,31080,30,0.5,0.2,best
DE,ackley,0,1035,7.549516567451064e-15,31110,30,0.5,0.2,best
DE,ackley,0,1036,7.549516567451064e-15,31140,30,0.5,0.2,best
DE,ackley,0,1037,7.549516567451064e-15,31170,30,0.5,0.2,best
DE,ackley,0,1038,7.549516567451064e-15,31200,30,0.5,0.2,best
DE,ackley,0,1039,7.549516567451064e-15,31230,30,0.5,0.2,best
DE,ackley,0,1040,7.549516567451064e-15,31260,30,0.5,0.2,best
DE,ackley,0,1041,7.549516567451064e-15,31290,30,0.5,0.2,best
DE,ackley,0,1042,7.549516567451064e-15,31320,30,0.5,0.2,best
DE,ackley,0,1043,7.549516567451064e-15,31350,30,0.5,0.2,best
DE,ackley,0,1044,7.549516567451064e-15,31380,30,0.5,0.2,best
DE,ackley,0,1045,7.549516567451064e-15,31410,30,0.5,0.2,best
DE,ackley,0,1046,7.549516567451064e-15,31440,30,0.5,0.2,best
DE,ackley,0,1047,7.549516567451064e-15,31470,30,0.5,0.2,best
DE,ackley,0,1048,7.549516567451064e-15,31500,30,0.5,0.2,best
DE,ackley,0,1049,7.549516567451064e-15,31530,30,0.5,0.2,best
DE,ackley,0,1050,7.549516567451064e-15,31560,30,0.5,0.2,best
DE,ackley,0,1051,7.549516567451064e-15,31590,30,0.5,0.2,best
DE,ackley,0,1052,7.549516567451064e-15,31620,30,0.5,0.2,best
DE,ackley,0,1053,7.549516567451064e-15,31650,30,0.5,0.2,best
DE,ackley,0,1054,7.549516567451064e-15,31680,30,0.5,0.2,best
DE,ackley,0,1055,7.549516567451064e-15,31710,30,0.5,0.2,best
DE,ackley,0,1056,7.549516567451064e-15,31740,30,0.5,0.2,best
DE,ackley,0,1057,7.549516567451064e-15,31770,30,0.5,0.2,best
DE,ackley,0,1058,7.549516567451064e-15,31800,30,0.5,0.2,best
DE,ackley,0,1059,7.549516567451064e-15,31830,30,0.5,0.2,best
DE,ackley,0,1060,7.549516567451064e-15,31860,30,0.5,0.2,best
DE,ackley,0,1061,7.549516567451064e-15,31890,30,0.5,0.2,best
DE,ackley,0,1062,7.549516567451064e-15,31920,30,0.5,0.2,best
DE,ackley,0,1063,7.549516567451064e-15,31950,30,0.5,0.2,best
DE,ackley,0,1064,7.549516567451064e-15,31980,30,0.5,0.2,best
DE,ackley,0,1065,7.549516567451064e-15,32010,30,0.5,0.2,best
DE,ackley,0,1066,7.549516567451064e-15,32040,30,0.5,0.2,best
DE,ackley,0,1067,7.549516567451064e-15,32070,30,0.5,0.2,best
DE,ackley,0,1068,7.549516567451064e-15,32100,30,0.5,0.2,best
DE,ackley,0,1069,7.549516567451064e-15,32130,30,0.5,0.2,best
DE,ackley,0,1070,7.549516567451064e-15,32160,30,0.5,0.2,best
DE,ackley,0,1071,7.549516567451064e-15,32190,30,0.5,0.2,best
DE,ackley,0,1072,7.549516567451064e-15,32220,30,0.5,0.2,best
DE,ackley,0,1073,7.549516567451064e-15,32250,30,0.5,0.2,best
DE,ackley,0,1074,7.549516567451064e-15,32280,30,0.5,0.2,best
DE,ackley,0,1075,7.549516567451064e-15,32310,30,0.5,0.2,best
DE,ackley,0,1076,7.549516567451064e-15,32340,30,0.5,0.2,best
DE,ackley,0,1077,7.549516567451064e-15,32370,30,0.5,0.2,best
DE,ackley,0,1078,7.549516567451064e-15,32400,30,0.5,0.2,best
DE,ackley,0,1079,7.549516567451064e-15,32430,30,0.5,0.2,best
DE,ackley,0,1080,7.549516567451064e-15,32460,30,0.5,0.2,best
DE,ackley,0,1081,7.549516567451064e-15,32490,30,0.5,0.2,best
DE,ackley,0,1082,7.549516567451064e-15,32520,30,0.5,0.2,best
DE,ackley,0,1083,7.549516567451064e-15,32550,30,0.5,0.2,best
DE,ackley,0,1084,7.549516567451064e-15,32580,30,0.5,0.2,best
DE,ackley,0,1085,7.549516567451064e-15,32610,30,0.5,0.2,best
DE,ackley,0,1086,7.549516567451064e-15,32640,30,0.5,0.2,best
DE,ackley,0,1087,7.549516567451064e-15,32670,30,0.5,0.2,best
DE,ackley,0,1088,7.549516567451064e-15,32700,30,0.5,0.2,best
DE,ackley,0,1089,7.549516567451064e-15,32730,30,0.5,0.2,best
DE,ackley,0,1090,7.549516567451064e-15,32760,30,0.5,0.2,best
DE,ackley,0,1091,7.549516567451064e-15,32790,30,0.5,0.2,best
DE,ackley,0,1092,7.549516567451064e-15,32820,30,0.5,0.2,best
DE,ackley,0,1093,7.549516567451064e-15,32850,30,0.5,0.2,best
DE,ackley,0,1094,7.549516567451064e-15,32880,30,0.5,0.2,best
DE,ackley,0,1095,7.549516567451064e-15,32910,30,0.5,0.2,best
DE,ackley,0,1096,7.549516567451064e-15,32940,30,0.5,0.2,best
DE,ackley,0,1097,7.549516567451064e-15,32970,30,0.5,0.2,best
DE,ackley,0,1098,7.549516567451064e-15,33000,30,0.5,0.2,best
DE,ackley,0,1099,7.549516567451064e-15,33030,30,0.5,0.2,best
DE,ackley,0,1100,7.549516567451064e-15,33060,30,0.5,0.2,best
DE,ackley,0,1101,7.549516567451064e-15,33090,30,0.5,0.2,best
DE,ackley,0,1102,7.549516567451064e-15,33120,30,0.5,0.2,best
DE,ackley,0,1103,7.549516567451064e-15,33150,30,0.5,0.2,best
DE,ackley,0,1104,7.549516567451064e-15,33180,30,0.5,0.2,best
DE,ackley,0,1105,7.549516567451064e-15,33210,30,0.5,0.2,best
DE,ackley,0,1106,7.549516567451064e-15,33240,30,0.5,0.2,best
DE,ackley,0,1107,7.549516567451064e-15,33270,30,0.5,0.2,best
DE,ackley,0,1108,7.549516567451064e-15,33300,30,0.5,0.2,best
DE,ackley,0,1109,7.549516567451064e-15,33330,30,0.5,0.2,best
DE,ackley,0,1110,7.549516567451064e-15,33360,30,0.5,0.2,best
DE,ackley,0,1111,7.549516567451064e-15,33390,30,0.5,0.2,best
DE,ackley,0,1112,7.549516567451064e-15,33420,30,0.5,0.2,best
DE,ackley,0,1113,7.549516567451064e-15,33450,30,0.5,0.2,best
DE,ackley,0,1114,7.549516567451064e-15,33480,30,0.5,0.2,best
DE,ackley,0,1115,7.549516567451064e-15,33510,30,0.5,0.2,best
DE,ackley,0,1116,7.549516567451064e-15,33540,30,0.5,0.2,best
DE,ackley,0,1117,7.549516567451064e-15,33570,30,0.5,0.2,best
DE,ackley,0,1118,7.549516567451064e-15,33600,30,0.5,0.2,best
DE,ackley,0,1119,7.549516567451064e-15,33630,30,0.5,0.2,best
DE,ackley,0,1120,7.549516567451064e-15,33660,30,0.5,0.2,best
DE,ackley,0,1121,7.549516567451064e-15,33690,30,0.5,0.2,best
DE,ackley,0,1122,7.549516567451064e-15,33720,30,0.5,0.2,best
DE,ackley,0,1123,7.549516567451064e-15,33750,30,0.5,0.2,best
DE,ackley,0,1124,7.549516567451064e-15,33780,30,0.5,0.2,best
DE,ackley,0,1125,7.549516567451064e-15,33810,30,0.5,0.2,best
DE,ackley,0,1126,7.549516567451064e-15,33840,30,0.5,0.2,best
DE,ackley,0,1127,7.549516567451064e-15,33870,30,0.5,0.2,best
DE,ackley,0,1128,7.549516567451064e-15,33900,30,0.5,0.2,best
DE,ackley,0,1129,7.549516567451064e-15,33930,30,0.5,0.2,best
DE,ackley,0,1130,7.549516567451064e-15,33960,30,0.5,0.2,best
DE,ackley,0,1131,7.549516567451064e-15,33990,30,0.5,0.2,best
DE,ackley,0,1132,7.549516567451064e-15,34020,30,0.5,0.2,best
DE,ackley,0,1133,7.549516567451064e-15,34050,30,0.5,0.2,best
DE,ackley,0,1134,7.549516567451064e-15,34080,30,0.5,0.2,best
DE,ackley,0,1135,7.549516567451064e-15,34110,30,0.5,0.2,best
DE,ackley,0,1136,7.549516567451064e-15,34140,30,0.5,0.2,best
DE,ackley,0,1137,7.549516567451064e-15,34170,30,0.5,0.2,best
DE,ackley,0,1138,7.549516567451064e-15,34200,30,0.5,0.2,best
DE,ackley,0,1139,7.549516567451064e-15,34230,30,0.5,0.2,best
DE,ackley,0,1140,7.549516567451064e-15,34260,30,0.5,0.2,best
DE,ackley,0,1141,7.549516567451064e-15,34290,30,0.5,0.2,best
DE,ackley,0,1142,7.549516567451064e-15,34320,30,0.5,0.2,best
DE,ackley,0,1143,7.549516567451064e-15,34350,30,0.5,0.2,best
DE,ackley,0,1144,7.549516567451064e-15,34380,30,0.5,0.2,best
DE,ackley,0,1145,7.549516567451064e-15,34410,30,0.5,0.2,best
DE,ackley,0,1146,7.549516567451064e-15,34440,30,0.5,0.2,best
DE,ackley,0,1147,7.549516567451064e-15,34470,30,0.5,0.2,best
DE,ackley,0,1148,7.549516567451064e-15,34500,30,0.5,0.2,best
DE,ackley,0,1149,7.549516567451064e-15,34530,30,0.5,0.2,best
DE,ackley,0,1150,7.549516567451064e-15,34560,30,0.5,0.2,best
DE,ackley,0,1151,7.549516567451064e-15,34590,30,0.5,0.2,best
DE,ackley,0,1152,7.549516567451064e-15,34620,30,0.5,0.2,best
DE,ackley,0,1153,7.549516567451064e-15,34650,30,0.5,0.2,best
DE,ackley,0,1154,7.549516567451064e-15,34680,30,0.5,0.2,best
DE,ackley,0,1155,7.549516567451064e-15,34710,30,0.5,0.2,best
DE,ackley,0,1156,7.549516567451064e-15,34740,30,0.5,0.2,best
DE,ackley,0,1157,7.549516567451064e-15,34770,30,0.5,0.2,best
DE,ackley,0,1158,7.549516567451064e-15,34800,30,0.5,0.2,best
DE,ackley,0,1159,7.549516567451064e-15,34830,30,0.5,0.2,best
DE,ackley,0,1160,7.549516567451064e-15,34860,30,0.5,0.2,best
DE,ackley,0,1161,7.549516567451064e-15,34890,30,0.5,0.2,best
DE,ackley,0,1162,7.549516567451064e-15,34920,30,0.5,0.2,best
DE,ackley,0,1163,7.549516567451064e-15,34950,30,0.5,0.2,best
DE,ackley,0,1164,7.549516567451064e-15,34980,30,0.5,0.2,best
DE,ackley,0,1165,7.549516567451064e-15,35010,30,0.5,0.2,best
DE,ackley,0,1166,7.549516567451064e-15,35040,30,0.5,0.2,best
DE,ackley,0,1167,7.549516567451064e-15,35070,30,0.5,0.2,best
DE,ackley,0,1168,7.549516567451064e-15,35100,30,0.5,0.2,best
DE,ackley,0,1169,7.549516567451064e-15,35130,30,0.5,0.2,best
DE,ackley,0,1170,7.549516567451064e-15,35160,30,0.5,0.2,best
DE,ackley,0,1171,7.549516567451064e-15,35190,30,0.5,0.2,best
DE,ackley,0,1172,7.549516567451064e-15,35220,30,0.5,0.2,best
DE,ackley,0,1173,7.549516567451064e-15,35250,30,0.5,0.2,best
DE,ackley,0,1174,7.549516567451064e-15,35280,30,0.5,0.2,best
DE,ackley,0,1175,7.549516567451064e-15,35310,30,0.5,0.2,best
DE,ackley,0,1176,7.549516567451064e-15,35340,30,0.5,0.2,best
DE,ackley,0,1177,7.549516567451064e-15,35370,30,0.5,0.2,best
DE,ackley,0,1178,7.549516567451064e-15,35400,30,0.5,0.2,best
DE,ackley,0,1179,7.549516567451064e-15,35430,30,0.5,0.2,best
DE,ackley,0,1180,7.549516567451064e-15,35460,30,0.5,0.2,best
DE,ackley,0,1181,7.549516567451064e-15,35490,30,0.5,0.2,best
DE,ackley,0,1182,7.549516567451064e-15,35520,30,0.5,0.2,best
DE,ackley,0,1183,7.549516567451064e-15,35550,30,0.5,0.2,best
DE,ackley,0,1184,7.549516567451064e-15,35580,30,0.5,0.2,best
DE,ackley,0,1185,7.549516567451064e-15,35610,30,0.5,0.2,best
DE,ackley,0,1186,7.549516567451064e-15,35640,30,0.5,0.2,best
DE,ackley,0,1187,7.549516567451064e-15,35670,30,0.5,0.2,best
DE,ackley,0,1188,7.549516567451064e-15,35700,30,0.5,0.2,best
DE,ackley,0,1189,7.549516567451064e-15,35730,30,0.5,0.2,best
DE,ackley,0,1190,7.549516567451064e-15,35760,30,0.5,0.2,best
DE,ackley,0,1191,7.549516567451064e-15,35790,30,0.5,0.2,best
DE,ackley,0,1192,7.549516567451064e-15,35820,30,0.5,0.2,best
DE,ackley,0,1193,7.549516567451064e-15,35850,30,0.5,0.2,best
DE,ackley,0,1194,7.549516567451064e-15,35880,30,0.5,0.2,best
DE,ackley,0,1195,7.549516567451064e-15,35910,30,0.5,0.2,best
DE,ackley,0,1196,7.549516567451064e-15,35940,30,0.5,0.2,best
DE,ackley,0,1197,7.549516567451064e-15,35970,30,0.5,0.2,best
DE,ackley,0,1198,7.549516567451064e-15,36000,30,0.5,0.2,best
DE,ackley,0,1199,7.549516567451064e-15,36030,30,0.5,0.2,best
DE,ackley,1,0,19.747928129044556,60,30,0.5,0.2,best
DE,ackley,1,1,19.077011394061017,90,30,0.5,0.2,best
DE,ackley,1,2,19.077011394061017,120,30,0.5,0.2,best
DE,ackley,1,3,18.8920003135222,150,30,0.5,0.2,best
DE,ackley,1,4,18.8920003135222,180,30,0.5,0.2,best
DE,ackley,1,5,17.729283209599178,210,30,0.5,0.2,best
DE,ackley,1,6,17.729283209599178,240,30,0.5,0.2,best
DE,ackley,1,7,15.761474751963457,270,30,0.5,0.2,best
DE,ackley,1,8,15.761474751963457,300,30,0.5,0.2,best
DE,ackley,1,9,15.716003986545767,330,30,0.5,0.2,best
DE,ackley,1,10,15.007014321230002,360,30,0.5,0.2,best
DE,ackley,1,11,13.820453259771261,390,30,0.5,0.2,best
DE,ackley,1,12,13.690177068184965,420,30,0.5,0.2,best
DE,ackley,1,13,11.768554796256602,450,30,0.5,0.2,best
DE,ackley,1,14,11.768554796256602,480,30,0.5,0.2,best
DE,ackley,1,15,11.59314006448741,510,30,0.5,0.2,best
DE,ackley,1,16,11.274872109634712,540,30,0.5,0.2,best
DE,ackley,1,17,9.903496154431531,570,30,0.5,0.2,best
DE,ackley,1,18,9.903496154431531,600,30,0.5,0.2,best
DE,ackley,1,19,9.903496154431531,630,30,0.5,0.2,best
DE,ackley,1,20,9.903496154431531,660,30,0.5,0.2,best
DE,ackley,1,21,9.421143094157635,690,30,0.5,0.2,best
DE,ackley,1,22,9.023644671061527,720,30,0.5,0.2,best
DE,ackley,1,23,6.75941467415141,750,30,0.5,0.2,best
DE,ackley,1,24,6.75941467415141,780,30,0.5,0.2,best
DE,ackley,1,25,6.662706465347917,810,30,0.5,0.2,best
DE,ackley,1,26,6.52334573276508,840,30,0.5,0.2,best
DE,ackley,1,27,6.52334573276508,870,30,0.5,0.2,best
DE,ackley,1,28,6.1692161784833885,900,30,0.5,0.2,best
DE,ackley,1,29,4.839105073967151,930,30,0.5,0.2,best
DE,ackley,1,30,4.839105073967151,960,30,0.5,0.2,best
DE,ackley,1,31,4.802451984781303,990,30,0.5,0.2,best
DE,ackley,1,32,4.802451984781303,1020,30,0.5,0.2,best
DE,ackley,1,33,4.731716098517477,1050,30,0.5,0.2,best
DE,ackley,1,34,4.498250762450919,1080,30,0.5,0.2,best
DE,ackley,1,35,4.268606685137094,1110,30,0.5,0.2,best
DE,ackley,1,36,3.6096042483490867,1140,30,0.5,0.2,best
DE,ackley,1,37,3.3002051005934168,1170,30,0.5,0.2,best
DE,ackley,1,38,3.3002051005934168,1200,30,0.5,0.2,best
DE,ackley,1,39,2.222114561453886,1230,30,0.5,0.2,best
DE,ackley,1,40,2.222114561453886,1260,30,0.5,0.2,best
DE,ackley,1,41,1.4267463424395612,1290,30,0.5,0.2,best
DE,ackley,1,42,1.424063863172322,1320,30,0.5,0.2,best
DE,ackley,1,43,1.424063863172322,1350,30,0.5,0.2,best
DE,ackley,1,44,1.3933719946852006,1380,30,0.5,0.2,best
DE,ackley,1,45,1.3933719946852006,1410,30,0.5,0.2,best
DE,ackley,1,46,1.3933719946852006,1440,30,0.5,0.2,best
DE,ackley,1,47,1.3933719946852006,1470,30,0.5,0.2,best
DE,ackley,1,48,1.3933719946852006,1500,30,0.5,0.2,best
DE,ackley,1,49,1.0938102169400357,1530,30,0.5,0.2,best
DE,ackley,1,50,1.0938102169400357,1560,30,0.5,0.2,best
DE,ackley,1,51,0.8975994938253185,1590,30,0.5,0.2,best
DE,ackley,1,52,0.708745260410311,1620,30,0.5,0.2,best
DE,ackley,1,53,0.5267439020592097,1650,30,0.5,0.2,best
DE,ackley,1,54,0.426098289315171,1680,30,0.5,0.2,best
DE,ackley,1,55,0.426098289315171,1710,30,0.5,0.2,best
DE,ackley,1,56,0.3035066102389945,1740,30,0.5,0.2,best
DE,ackley,1,57,0.2865303052505941,1770,30,0.5,0.2,best
DE,ackley,1,58,0.2404023179588255,1800,30,0.5,0.2,best
DE,ackley,1,59,0.2404023179588255,1830,30,0.5,0.2,best
DE,ackley,1,60,0.22267970840917828,1860,30,0.5,0.2,best
DE,ackley,1,61,0.22267970840917828,1890,30,0.5,0.2,best
DE,ackley,1,62,0.2135173308758458,1920,30,0.5,0.2,best
DE,ackley,1,63,0.19779862552975702,1950,30,0.5,0.2,best
DE,ackley,1,64,0.19779862552975702,1980,30,0.5,0.2,best
DE,ackley,1,65,0.19779862552975702,2010,30,0.5,0.2,best
DE,ackley,1,66,0.17120297123446848,2040,30,0.5,0.2,best
DE,ackley,1,67,0.15785202811699195,2070,30,0.5,0.2,best
DE,ackley,1,68,0.1494221445546029,2100,30,0.5,0.2,best
DE,ackley,1,69,0.09727640191394515,2130,30,0.5,0.2,best
DE,ackley,1,70,0.09727640191394515,2160,30,0.5,0.2,best
DE,ackley,1,71,0.09727640191394515,2190,30,0.5,0.2,best
DE,ackley,1,72,0.09727640191394515,2220,30,0.5,0.2,best
DE,ackley,1,73,0.09727640191394515,2250,30,0.5,0.2,best
DE,ackley,1,74,0.07023190358872045,2280,30,0.5,0.2,best
DE,ackley,1,75,0.059192109899715906,2310,30,0.5,0.2,best
DE,ackley,1,76,0.059192109899715906,2340,30,0.5,0.2,best
DE,ackley,1,77,0.05096768497001536,2370,30,0.5,0.2,best
DE,ackley,1,78,0.05096768497001536,2400,30,0.5,0.2,best
DE,ackley,1,79,0.04272199532687582,2430,30,0.5,0.2,best
DE,ackley,1,80,0.04272199532687582,2460,30,0.5,0.2,best
DE,ackley,1,81,0.04126703431790135,2490,30,0.5,0.2,best
DE,ackley,1,82,0.04126703431790135,2520,30,0.5,0.2,best
DE,ackley,1,83,0.024658771635895693,2550,30,0.5,0.2,best
DE,ackley,1,84,0.023962818359902105,2580,30,0.5,0.2,best
DE,ackley,1,85,0.01968547637993412,2610,30,0.5,0.2,best
DE,ackley,1,86,0.01773238717547132,2640,30,0.5,0.2,best
DE,ackley,1,87,0.01773238717547132,2670,30,0.5,0.2,best
DE,ackley,1,88,0.014395900642913961,2700,30,0.5,0.2,best
DE,ackley,1,89,0.012398015599228263,2730,30,0.5,0.2,best
DE,ackley,1,90,0.01050294636929694,2760,30,0.5,0.2,best
DE,ackley,1,91,0.01050294636929694,2790,30,0.5,0.2,best
DE,ackley,1,92,0.01003835432142397,2820,30,0.5,0.2,best
DE,ackley,1,93,0.009026494165742083,2850,30,0.5,0.2,best
DE,ackley,1,94,0.009026494165742083,2880,30,0.5,0.2,best
DE,ackley,1,95,0.006537039274143286,2910,30,0.5,0.2,best
DE,ackley,1,96,0.006537039274143286,2940,30,0.5,0.2,best
DE,ackley,1,97,0.00599106227349866,2970,30,0.5,0.2,best
DE,ackley,1,98,0.00599106227349866,3000,30,0.5,0.2,best
DE,ackley,1,99,0.005861865453230752,3030,30,0.5,0.2,best
DE,ackley,1,100,0.0051225390978406615,3060,30,0.5,0.2,best
DE,ackley,1,101,0.005115177051973507,3090,30,0.5,0.2,best
DE,ackley,1,102,0.0045899423162514275,3120,30,0.5,0.2,best
DE,ackley,1,103,0.003444541241851784,3150,30,0.5,0.2,best
DE,ackley,1,104,0.0033512489235794085,3180,30,0.5,0.2,best
DE,ackley,1,105,0.002519215069924474,3210,30,0.5,0.2,best
DE,ackley,1,106,0.00213468595527333,3240,30,0.5,0.2,best
DE,ackley,1,107,0.001966560545718199,3270,30,0.5,0.2,best
DE,ackley,1,108,0.001966560545718199,3300,30,0.5,0.2,best
DE,ackley,1,109,0.001966560545718199,3330,30,0.5,0.2,best
DE,ackley,1,110,0.0018273332068798886,3360,30,0.5,0.2,best
DE,ackley,1,111,0.0017518613913733994,3390,30,0.5,0.2,best
DE,ackley,1,112,0.0015602542086026183,3420,30,0.5,0.2,best
DE,ackley,1,113,0.0012990829726864384,3450,30,0.5,0.2,best
DE,ackley,1,114,0.0011741728273659824,3480,30,0.5,0.2,best
DE,ackley,1,115,0.0011605327930408471,3510,30,0.5,0.2,best
DE,ackley,1,116,0.0011605327930408471,3540,30,0.5,0.2,best
DE,ackley,1,117,0.0010170381563026076,3570,30,0.5,0.2,best
DE,ackley,1,118,0.0010170381563026076,3600,30,0.5,0.2,best
DE,ackley,1,119,0.0010170381563026076,3630,30,0.5,0.2,best
DE,ackley,1,120,0.000704457384021584,3660,30,0.5,0.2,best
DE,ackley,1,121,0.000704457384021584,3690,30,0.5,0.2,best
DE,ackley,1,122,0.0005624374875812244,3720,30,0.5,0.2,best
DE,ackley,1,123,0.0005624374875812244,3750,30,0.5,0.2,best
DE,ackley,1,124,0.00042159250529083536,3780,30,0.5,0.2,best
DE,ackley,1,125,0.00042159250529083536,3810,30,0.5,0.2,best
DE,ackley,1,126,0.00042159250529083536,3840,30,0.5,0.2,best
DE,ackley,1,127,0.00042159250529083536,3870,30,0.5,0.2,best
DE,ackley,1,128,0.0003410147305449307,3900,30,0.5,0.2,best
DE,ackley,1,129,0.0003379619722108096,3930,30,0.5,0.2,best
DE,ackley,1,130,0.0003379619722108096,3960,30,0.5,0.2,best
DE,ackley,1,131,0.00025906781794704514,3990,30,0.5,0.2,best
DE,ackley,1,132,0.0001995598085717809,4020,30,0.5,0.2,best
DE,ackley,1,133,0.00014972575285954193,4050,30,0.5,0.2,best
DE,ackley,1,134,0.00013729833832742955,4080,30,0.5,0.2,best
DE,ackley,1,135,0.0001371775264691344,4110,30,0.5,0.2,best
DE,ackley,1,136,0.0001302854962266231,4140,30,0.5,0.2,best
DE,ackley,1,137,8.987769730639528e-05,4170,30,0.5,0.2,best
DE,ackley,1,138,8.987769730639528e-05,4200,30,0.5,0.2,best
DE,ackley,1,139,8.987769730639528e-05,4230,30,0.5,0.2,best
DE,ackley,1,140,8.912292102936092e-05,4260,30,0.5,0.2,best
DE,ackley,1,141,7.635100759673108e-05,4290,30,0.5,0.2,best
DE,ackley,1,142,6.814516889308564e-05,4320,30,0.5,0.2,best
DE,ackley,1,143,6.253834248726164e-05,4350,30,0.5,0.2,best
DE,ackley,1,144,6.253834248726164e-05,4380,30,0.5,0.2,best
DE,ackley,1,145,5.432119488490983e-05,4410,30,0.5,0.2,best
DE,ackley,1,146,4.7964936474631514e-05,4440,30,0.5,0.2,best
DE,ackley,1,147,3.685474293790847e-05,4470,30,0.5,0.2,best
DE,ackley,1,148,3.685474293790847e-05,4500,30,0.5,0.2,best
DE,ackley,1,149,3.6026183881876506e-05,4530,30,0.5,0.2,best
DE,ackley,1,150,3.1411502007916425e-05,4560,30,0.5,0.2,best
DE,ackley,1,151,3.1411502007916425e-05,4590,30,0.5,0.2,best
DE,ackley,1,152,3.1411502007916425e-05,4620,30,0.5,0.2,best
DE,ackley,1,153,3.1275373352901426e-05,4650,30,0.5,0.2,best
DE,ackley,1,154,2.833623888820469e-05,4680,30,0.5,0.2,best
DE,ackley,1,155,2.4228697072192773e-05,4710,30,0.5,0.2,best
DE,ackley,1,156,2.4228697072192773e-05,4740,30,0.5,0.2,best
DE,ackley,1,157,1.5043539474124401e-05,4770,30,0.5,0.2,best
DE,ackley,1,158,1.5043539474124401e-05,4800,30,0.5,0.2,best
DE,ackley,1,159,1.496727915339946e-05,4830,30,0.5,0.2,best
DE,ackley,1,160,1.4705269574921687e-05,4860,30,0.5,0.2,best
DE,ackley,1,161,1.1873707741916206e-05,4890,30,0.5,0.2,best
DE,ackley,1,162,1.1873707741916206e-05,4920,30,0.5,0.2,best
DE,ackley,1,163,1.1236735592223823e-05,4950,30,0.5,0.2,best
DE,ackley,1,164,1.072215983954905e-05,4980,30,0.5,0.2,best
DE,ackley,1,165,7.921522322096308e-06,5010,30,0.5,0.2,best
DE,ackley,1,166,7.405069972765688e-06,5040,30,0.5,0.2,best
DE,ackley,1,167,6.844372695713474e-06,5070,30,0.5,0.2,best
DE,ackley,1,168,6.805696103118208e-06,5100,30,0.5,0.2,best
DE,ackley,1,169,6.805696103118208e-06,5130,30,0.5,0.2,best
DE,ackley,1,170,6.414309993818534e-06,5160,30,0.5,0.2,best
DE,ackley,1,171,5.072460727451045e-06,5190,30,0.5,0.2,best
DE,ackley,1,172,5.0560509277097765e-06,5220,30,0.5,0.2,best
DE,ackley,1,173,3.2450343323553454e-06,5250,30,0.5,0.2,best
DE,ackley,1,174,3.2116523844827327e-06,5280,30,0.5,0.2,best
DE,ackley,1,175,3.173593587479928e-06,5310,30,0.5,0.2,best
DE,ackley,1,176,2.5530451748245753e-06,5340,30,0.5,0.2,best
DE,ackley,1,177,2.5530451748245753e-06,5370,30,0.5,0.2,best
DE,ackley,1,178,2.47645254392026e-06,5400,30,0.5,0.2,best
DE,ackley,1,179,2.291099992834944e-06,5430,30,0.5,0.2,best
DE,ackley,1,180,2.231200860070004e-06,5460,30,0.5,0.2,best
DE,ackley,1,181,1.7428166150246227e-06,5490,30,0.5,0.2,best
DE,ackley,1,182,1.653194733552965e-06,5520,30,0.5,0.2,best
DE,ackley,1,183,1.653194733552965e-06,5550,30,0.5,0.2,best
DE,ackley,1,184,1.653194733552965e-06,5580,30,0.5,0.2,best
DE,ackley,1,185,1.653194733552965e-06,5610,30,0.5,0.2,best
DE,ackley,1,186,1.3253797779277932e-06,5640,30,0.5,0.2,best
DE,ackley,1,187,1.2283625889786265e-06,5670,30,0.5,0.2,best
DE,ackley,1,188,9.476361850779824e-07,5700,30,0.5,0.2,best
DE,ackley,1,189,9.476361850779824e-07,5730,30,0.5,0.2,best
DE,ackley,1,190,9.1877653973782e-07,5760,30,0.5,0.2,best
DE,ackley,1,191,9.1877653973782e-07,5790,30,0.5,0.2,best
DE,ackley,1,192,9.1877653973782e-07,5820,30,0.5,0.2,best
DE,ackley,1,193,7.349442232573722e-07,5850,30,0.5,0.2,best
DE,ackley,1,194,7.349442232573722e-07,5880,30,0.5,0.2,best
DE,ackley,1,195,6.379450820936938e-07,5910,30,0.5,0.2,best
DE,ackley,1,196,5.88773123144648e-07,5940,30,0.5,0.2,best
DE,ackley,1,197,5.610262800992416e-07,5970,30,0.5,0.2,best
DE,ackley,1,198,5.610262800992416e-07,6000,30,0.5,0.2,best
DE,ackley,1,199,3.2299721341999543e-07,6030,30,0.5,0.2,best
DE,ackley,1,200,3.2299721341999543e-07,6060,30,0.5,0.2,best
DE,ackley,1,201,3.2082563139468334e-07,6090,30,0.5,0.2,best
DE,ackley,1,202,3.2082563139468334e-07,6120,30,0.5,0.2,best
DE,ackley,1,203,3.2082563139468334e-07,6150,30,0.5,0.2,best
DE,ackley,1,204,2.928080253816745e-07,6180,30,0.5,0.2,best
DE,ackley,1,205,2.490930808285441e-07,6210,30,0.5,0.2,best
DE,ackley,1,206,2.243868739704169e-07,6240,30,0.5,0.2,best
DE,ackley,1,207,2.243868739704169e-07,6270,30,0.5,0.2,best
DE,ackley,1,208,2.17910792077447e-07,6300,30,0.5,0.2,best
DE,ackley,1,209,1.903721202900499e-07,6330,30,0.5,0.2,best
DE,ackley,1,210,1.8304639626265384e-07,6360,30,0.5,0.2,best
DE,ackley,1,211,1.8209988228434781e-07,6390,30,0.5,0.2,best
DE,ackley,1,212,1.7380751815565532e-07,6420,30,0.5,0.2,best
DE,ackley,1,213,1.6721768902883127e-07,6450,30,0.5,0.2,best
DE,ackley,1,214,1.6721768902883127e-07,6480,30,0.5,0.2,best
DE,ackley,1,215,1.4000155035276407e-07,6510,30,0.5,0.2,best
DE,ackley,1,216,1.3196988790653563e-07,6540,30,0.5,0.2,best
DE,ackley,1,217,1.0650285675595228e-07,6570,30,0.5,0.2,best
DE,ackley,1,218,9.766730402205326e-08,6600,30,0.5,0.2,best
DE,ackley,1,219,8.654216232528711e-08,6630,30,0.5,0.2,best
DE,ackley,1,220,7.930371070941078e-08,6660,30,0.5,0.2,best
DE,ackley,1,221,7.664910883775633e-08,6690,30,0.5,0.2,best
DE,ackley,1,222,7.664910883775633e-08,6720,30,0.5,0.2,best
DE,ackley,1,223,5.719192275321916e-08,6750,30,0.5,0.2,best
DE,ackley,1,224,5.719192275321916e-08,6780,30,0.5,0.2,best
DE,ackley,1,225,5.0986515010009725e-08,6810,30,0.5,0.2,best
DE,ackley,1,226,4.6060698810634904e-08,6840,30,0.5,0.2,best
DE,ackley,1,227,3.695318939733738e-08,6870,30,0.5,0.2,best
DE,ackley,1,228,3.695318939733738e-08,6900,30,0.5,0.2,best
DE,ackley,1,229,3.4740992749249244e-08,6930,30,0.5,0.2,best
DE,ackley,1,230,3.263946313225574e-08,6960,30,0.5,0.2,best
DE,ackley,1,231,3.263946313225574e-08,6990,30,0.5,0.2,best
DE,ackley,1,232,2.3884542788010776e-08,7020,30,0.5,0.2,best
DE,ackley,1,233,2.3884542788010776e-08,7050,30,0.5,0.2,best
DE,ackley,1,234,2.218180883417631e-08,7080,30,0.5,0.2,best
DE,ackley,1,235,2.218180883417631e-08,7110,30,0.5,0.2,best
DE,ackley,1,236,2.04008867576988e-08,7140,30,0.5,0.2,best
DE,ackley,1,237,1.617391065522611e-08,7170,30,0.5,0.2,best
DE,ackley,1,238,1.542690641898048e-08,7200,30,0.5,0.2,best
DE,ackley,1,239,1.0120647875311306e-08,7230,30,0.5,0.2,best
DE,ackley,1,240,9.892794583521436e-09,7260,30,0.5,0.2,best
DE,ackley,1,241,9.892794583521436e-09,7290,30,0.5,0.2,best
DE,ackley,1,242,9.892794583521436e-09,7320,30,0.5,0.2,best
DE,ackley,1,243,9.54565537725216e-09,7350,30,0.5,0.2,best
DE,ackley,1,244,9.54565537725216e-09,7380,30,0.5,0.2,best
DE,ackley,1,245,9.54565537725216e-09,7410,30,0.5,0.2,best
DE,ackley,1,246,7.407856106311783e-09,7440,30,0.5,0.2,best
DE,ackley,1,247,7.407856106311783e-09,7470,30,0.5,0.2,best
DE,ackley,1,248,6.651174278005101e-09,7500,30,0.5,0.2,best
DE,ackley,1,249,6.616055703290158e-09,7530,30,0.5,0.2,best
DE,ackley,1,250,5.747786691046031e-09,7560,30,0.5,0.2,best
DE,ackley,1,251,4.4970680512790295e-09,7590,30,0.5,0.2,best
DE,ackley,1,252,4.4970680512790295e-09,7620,30,0.5,0.2,best
DE,ackley,1,253,3.944550019951976e-09,7650,30,0.5,0.2,best
DE,ackley,1,254,3.746024379580604e-09,7680,30,0.5,0.2,best
DE,ackley,1,255,3.746024379580604e-09,7710,30,0.5,0.2,best
DE,ackley,1,256,3.2218641088377353e-09,7740,30,0.5,0.2,best
DE,ackley,1,257,3.2218641088377353e-09,7770,30,0.5,0.2,best
DE,ackley,1,258,3.0774889303586406e-09,7800,30,0.5,0.2,best
DE,ackley,1,259,3.0774889303586406e-09,7830,30,0.5,0.2,best
DE,ackley,1,260,2.1528205884635554e-09,7860,30,0.5,0.2,best
DE,ackley,1,261,2.1528205884635554e-09,7890,30,0.5,0.2,best
DE,ackley,1,262,2.1520354387405405e-09,7920,30,0.5,0.2,best
DE,ackley,1,263,2.140364774305681e-09,7950,30,0.5,0.2,best
DE,ackley,1,264,1.9118222560621234e-09,7980,30,0.5,0.2,best
DE,ackley,1,265,1.3266086007490685e-09,8010,30,0.5,0.2,best
DE,ackley,1,266,1.2294596452022688e-09,8040,30,0.5,0.2,best
DE,ackley,1,267,1.2294596452022688e-09,8070,30,0.5,0.2,best
DE,ackley,1,268,1.050449061068548e-09,8100,30,0.5,0.2,best
DE,ackley,1,269,1.050449061068548e-09,8130,30,0.5,0.2,best
DE,ackley,1,270,1.050449061068548e-09,8160,30,0.5,0.2,best
DE,ackley,1,271,8.09219802277994e-10,8190,30,0.5,0.2,best
DE,ackley,1,272,6.580909150954994e-10,8220,30,0.5,0.2,best
DE,ackley,1,273,6.172773403534393e-10,8250,30,0.5,0.2,best
DE,ackley,1,274,6.172773403534393e-10,8280,30,0.5,0.2,best
DE,ackley,1,275,4.293068123217836e-10,8310,30,0.5,0.2,best
DE,ackley,1,276,4.1993830635078666e-10,8340,30,0.5,0.2,best
DE,ackley,1,277,3.861448938380363e-10,8370,30,0.5,0.2,best
DE,ackley,1,278,3.3136915433829017e-10,8400,30,0.5,0.2,best
DE,ackley,1,279,3.3136915433829017e-10,8430,30,0.5,0.2,best
DE,ackley,1,280,2.7384006173747366e-10,8460,30,0.5,0.2,best
DE,ackley,1,281,2.7384006173747366e-10,8490,30,0.5,0.2,best
DE,ackley,1,282,1.9349188917772153e-10,8520,30,0.5,0.2,best
DE,ackley,1,283,1.9349188917772153e-10,8550,30,0.5,0.2,best
DE,ackley,1,284,1.9349188917772153e-10,8580,30,0.5,0.2,best
DE,ackley,1,285,1.450897180177435e-10,8610,30,0.5,0.2,best
DE,ackley,1,286,1.450897180177435e-10,8640,30,0.5,0.2,best
DE,ackley,1,287,9.96185356427759e-11,8670,30,0.5,0.2,best
DE,ackley,1,288,8.574874144073874e-11,8700,30,0.5,0.2,best
DE,ackley,1,289,8.574874144073874e-11,8730,30,0.5,0.2,best
DE,ackley,1,290,8.574874144073874e-11,8760,30,0.5,0.2,best
DE,ackley,1,291,8.371658921646485e-11,8790,30,0.5,0.2,best
DE,ackley,1,292,7.028022608324136e-11,8820,30,0.5,0.2,best
DE,ackley,1,293,6.979350430924569e-11,8850,30,0.5,0.2,best
DE,ackley,1,294,6.374323291424844e-11,8880,30,0.5,0.2,best
DE,ackley,1,295,6.270584052003869e-11,8910,30,0.5,0.2,best
DE,ackley,1,296,5.815126158381645e-11,8940,30,0.5,0.2,best
DE,ackley,1,297,4.667954911496963e-11,8970,30,0.5,0.2,best
DE,ackley,1,298,4.281774934611349e-11,9000,30,0.5,0.2,best
DE,ackley,1,299,4.281774934611349e-11,9030,30,0.5,0.2,best
DE,ackley,1,300,2.9953373115176873e-11,9060,30,0.5,0.2,best
DE,ackley,1,301,2.8493207793189868e-11,9090,30,0.5,0.2,best
DE,ackley,1,302,2.8493207793189868e-11,9120,30,0.5,0.2,best
DE,ackley,1,303,2.8493207793189868e-11,9150,30,0.5,0.2,best
DE,ackley,1,304,2.6780799800008026e-11,9180,30,0.5,0.2,best
DE,ackley,1,305,2.5800250824659088e-11,9210,30,0.5,0.2,best
DE,ackley,1,306,2.2815971334466667e-11,9240,30,0.5,0.2,best
DE,ackley,1,307,1.8815615732137303e-11,9270,30,0.5,0.2,best
DE,ackley,1,308,1.709965502527666e-11,9300,30,0.5,0.2,best
DE,ackley,1,309,1.709965502527666e-11,9330,30,0.5,0.2,best
DE,ackley,1,310,1.5376588891058418e-11,9360,30,0.5,0.2,best
DE,ackley,1,311,1.3109957563983698e-11,9390,30,0.5,0.2,best
DE,ackley,1,312,1.3109957563983698e-11,9420,30,0.5,0.2,best
DE,ackley,1,313,1.3109957563983698e-11,9450,30,0.5,0.2,best
DE,ackley,1,314,9.876988116275243e-12,9480,30,0.5,0.2,best
DE,ackley,1,315,9.876988116275243e-12,9510,30,0.5,0.2,best
DE,ackley,1,316,9.521716748395193e-12,9540,30,0.5,0.2,best
DE,ackley,1,317,8.772094162168287e-12,9570,30,0.5,0.2,best
DE,ackley,1,318,8.772094162168287e-12,9600,30,0.5,0.2,best
DE,ackley,1,319,5.5710991375690355e-12,9630,30,0.5,0.2,best
DE,ackley,1,320,4.757527705123721e-12,9660,30,0.5,0.2,best
DE,ackley,1,321,4.757527705123721e-12,9690,30,0.5,0.2,best
DE,ackley,1,322,4.643840867402105e-12,9720,30,0.5,0.2,best
DE,ackley,1,323,4.245936935376449e-12,9750,30,0.5,0.2,best
DE,ackley,1,324,3.2369662505971064e-12,9780,30,0.5,0.2,best
DE,ackley,1,325,3.162359263342296e-12,9810,30,0.5,0.2,best
DE,ackley,1,326,3.0593305666570814e-12,9840,30,0.5,0.2,best
DE,ackley,1,327,3.0593305666570814e-12,9870,30,0.5,0.2,best
DE,ackley,1,328,2.7502444766014378e-12,9900,30,0.5,0.2,best
DE,ackley,1,329,2.064570736592941e-12,9930,30,0.5,0.2,best
DE,ackley,1,330,2.064570736592941e-12,9960,30,0.5,0.2,best
DE,ackley,1,331,1.3078427230084344e-12,9990,30,0.5,0.2,best
DE,ackley,1,332,1.3078427230084344e-12,10020,30,0.5,0.2,best
DE,ackley,1,333,1.3078427230084344e-12,10050,30,0.5,0.2,best
DE,ackley,1,334,1.3078427230084344e-12,10080,30,0.5,0.2,best
DE,ackley,1,335,1.0982326159592048e-12,10110,30,0.5,0.2,best
DE,ackley,1,336,1.0733636202076013e-12,10140,30,0.5,0.2,best
DE,ackley,1,337,1.0271783423831948e-12,10170,30,0.5,0.2,best
DE,ackley,1,338,9.454659277707833e-13,10200,30,0.5,0.2,best
DE,ackley,1,339,9.454659277707833e-13,10230,30,0.5,0.2,best
DE,ackley,1,340,7.074341112911497e-13,10260,30,0.5,0.2,best
DE,ackley,1,341,5.653255641391297e-13,10290,30,0.5,0.2,best
DE,ackley,1,342,5.653255641391297e-13,10320,30,0.5,0.2,best
DE,ackley,1,343,5.617728504603292e-13,10350,30,0.5,0.2,best
DE,ackley,1,344,5.546674231027282e-13,10380,30,0.5,0.2,best
DE,ackley,1,345,3.5926817076870066e-13,10410,30,0.5,0.2,best
DE,ackley,1,346,3.5926817076870066e-13,10440,30,0.5,0.2,best
DE,ackley,1,347,3.2374103398069565e-13,10470,30,0.5,0.2,best
DE,ackley,1,348,2.278177646530821e-13,10500,30,0.5,0.2,best
DE,ackley,1,349,2.278177646530821e-13,10530,30,0.5,0.2,best
DE,ackley,1,350,2.278177646530821e-13,10560,30,0.5,0.2,best
DE,ackley,1,351,2.278177646530821e-13,10590,30,0.5,0.2,best
DE,ackley,1,352,1.9229062786507711e-13,10620,30,0.5,0.2,best
DE,ackley,1,353,1.9229062786507711e-13,10650,30,0.5,0.2,best
DE,ackley,1,354,1.389999226830696e-13,10680,30,0.5,0.2,best
DE,ackley,1,355,1.389999226830696e-13,10710,30,0.5,0.2,best
DE,ackley,1,356,6.794564910705958e-14,10740,30,0.5,0.2,best
DE,ackley,1,357,6.794564910705958e-14,10770,30,0.5,0.2,best
DE,ackley,1,358,6.794564910705958e-14,10800,30,0.5,0.2,best
DE,ackley,1,359,6.794564910705958e-14,10830,30,0.5,0.2,best
DE,ackley,1,360,6.794564910705958e-14,10860,30,0.5,0.2,best
DE,ackley,1,361,6.794564910705958e-14,10890,30,0.5,0.2,best
DE,ackley,1,362,6.794564910705958e-14,10920,30,0.5,0.2,best
DE,ackley,1,363,5.728750807065808e-14,10950,30,0.5,0.2,best
DE,ackley,1,364,5.3734794391857577e-14,10980,30,0.5,0.2,best
DE,ackley,1,365,5.3734794391857577e-14,11010,30,0.5,0.2,best
DE,ackley,1,366,5.3734794391857577e-14,11040,30,0.5,0.2,best
DE,ackley,1,367,4.3076653355456074e-14,11070,30,0.5,0.2,best
DE,ackley,1,368,4.3076653355456074e-14,11100,30,0.5,0.2,best
DE,ackley,1,369,3.952393967665557e-14,11130,30,0.5,0.2,best
DE,ackley,1,370,3.241851231905457e-14,11160,30,0.5,0.2,best
DE,ackley,1,371,3.241851231905457e-14,11190,30,0.5,0.2,best
DE,ackley,1,372,3.241851231905457e-14,11220,30,0.5,0.2,best
DE,ackley,1,373,2.531308496145357e-14,11250,30,0.5,0.2,best
DE,ackley,1,374,2.531308496145357e-14,11280,30,0.5,0.2,best
DE,ackley,1,375,2.531308496145357e-14,11310,30,0.5,0.2,best
DE,ackley,1,376,2.1760371282653068e-14,11340,30,0.5,0.2,best
DE,ackley,1,377,1.8207657603852567e-14,11370,30,0.5,0.2,best
DE,ackley,1,378,1.8207657603852567e-14,11400,30,0.5,0.2,best
DE,ackley,1,379,1.8207657603852567e-14,11430,30,0.5,0.2,best
DE,ackley,1,380,1.8207657603852567e-14,11460,30,0.5,0.2,best
DE,ackley,1,381,1.4654943925052066e-14,11490,30,0.5,0.2,best
DE,ackley,1,382,1.4654943925052066e-14,11520,30,0.5,0.2,best
DE,ackley,1,383,1.4654943925052066e-14,11550,30,0.5,0.2,best
DE,ackley,1,384,1.4654943925052066e-14,11580,30,0.5,0.2,best
DE,ackley,1,385,1.1102230246251565e-14,11610,30,0.5,0.2,best
DE,ackley,1,386,7.549516567451064e-15,11640,30,0.5,0.2,best
DE,ackley,1,387,7.549516567451064e-15,11670,30,0.5,0.2,best
DE,ackley,1,388,7.549516567451064e-15,11700,30,0.5,0.2,best
DE,ackley,1,389,7.549516567451064e-15,11730,30,0.5,0.2,best
DE,ackley,1,390,7.549516567451064e-15,11760,30,0.5,0.2,best
DE,ackley,1,391,7.549516567451064e-15,11790,30,0.5,0.2,best
DE,ackley,1,392,7.549516567451064e-15,11820,30,0.5,0.2,best
DE,ackley,1,393,7.549516567451064e-15,11850,30,0.5,0.2,best
DE,ackley,1,394,7.549516567451064e-15,11880,30,0.5,0.2,best
DE,ackley,1,395,7.549516567451064e-15,11910,30,0.5,0.2,best
DE,ackley,1,396,7.549516567451064e-15,11940,30,0.5,0.2,best
DE,ackley,1,397,7.549516567451064e-15,11970,30,0.5,0.2,best
DE,ackley,1,398,7.549516567451064e-15,12000,30,0.5,0.2,best
DE,ackley,1,399,7.549516567451064e-15,12030,30,0.5,0.2,best
DE,ackley,1,400,7.549516567451064e-15,12060,30,0.5,0.2,best
DE,ackley,1,401,7.549516567451064e-15,12090,30,0.5,0.2,best
DE,ackley,1,402,7.549516567451064e-15,12120,30,0.5,0.2,best
DE,ackley,1,403,7.549516567451064e-15,12150,30,0.5,0.2,best
DE,ackley,1,404,7.549516567451064e-15,12180,30,0.5,0.2,best
DE,ackley,1,405,7.549516567451064e-15,12210,30,0.5,0.2,best
DE,ackley,1,406,7.549516567451064e-15,12240,30,0.5,0.2,best
DE,ackley,1,407,7.549516567451064e-15,12270,30,0.5,0.2,best
DE,ackley,1,408,7.549516567451064e-15,12300,30,0.5,0.2,best
DE,ackley,1,409,7.549516567451064e-15,12330,30,0.5,0.2,best
DE,ackley,1,410,7.549516567451064e-15,12360,30,0.5,0.2,best
DE,ackley,1,411,7.549516567451064e-15,12390,30,0.5,0.2,best
DE,ackley,1,412,7.549516567451064e-15,12420,30,0.5,0.2,best
DE,ackley,1,413,7.549516567451064e-15,12450,30,0.5,0.2,best
DE,ackley,1,414,7.549516567451064e-15,12480,30,0.5,0.2,best
DE,ackley,1,415,7.549516567451064e-15,12510,30,0.5,0.2,best
DE,ackley,1,416,7.549516567451064e-15,12540,30,0.5,0.2,best
DE,ackley,1,417,7.549516567451064e-15,12570,30,0.5,0.2,best
DE,ackley,1,418,7.549516567451064e-15,12600,30,0.5,0.2,best
DE,ackley,1,419,7.549516567451064e-15,12630,30,0.5,0.2,best
DE,ackley,1,420,7.549516567451064e-15,12660,30,0.5,0.2,best
DE,ackley,1,421,7.549516567451064e-15,12690,30,0.5,0.2,best
DE,ackley,1,422,7.549516567451064e-15,12720,30,0.5,0.2,best
DE,ackley,1,423,7.549516567451064e-15,12750,30,0.5,0.2,best
DE,ackley,1,424,7.549516567451064e-15,12780,30,0.5,0.2,best
DE,ackley,1,425,7.549516567451064e-15,12810,30,0.5,0.2,best
DE,ackley,1,426,7.549516567451064e-15,12840,30,0.5,0.2,best
DE,ackley,1,427,7.549516567451064e-15,12870,30,0.5,0.2,best
DE,ackley,1,428,7.549516567451064e-15,12900,30,0.5,0.2,best
DE,ackley,1,429,7.549516567451064e-15,12930,30,0.5,0.2,best
DE,ackley,1,430,7.549516567451064e-15,12960,30,0.5,0.2,best
DE,ackley,1,431,7.549516567451064e-15,12990,30,0.5,0.2,best
DE,ackley,1,432,7.549516567451064e-15,13020,30,0.5,0.2,best
DE,ackley,1,433,7.549516567451064e-15,13050,30,0.5,0.2,best
DE,ackley,1,434,7.549516567451064e-15,13080,30,0.5,0.2,best
DE,ackley,1,435,7.549516567451064e-15,13110,30,0.5,0.2,best
DE,ackley,1,436,7.549516567451064e-15,13140,30,0.5,0.2,best
DE,ackley,1,437,7.549516567451064e-15,13170,30,0.5,0.2,best
DE,ackley,1,438,7.549516567451064e-15,13200,30,0.5,0.2,best
DE,ackley,1,439,7.549516567451064e-15,13230,30,0.5,0.2,best
DE,ackley,1,440,7.549516567451064e-15,13260,30,0.5,0.2,best
DE,ackley,1,441,7.549516567451064e-15,13290,30,0.5,0.2,best
DE,ackley,1,442,7.549516567451064e-15,13320,30,0.5,0.2,best
DE,ackley,1,443,7.549516567451064e-15,13350,30,0.5,0.2,best
DE,ackley,1,444,7.549516567451064e-15,13380,30,0.5,0.2,best
DE,ackley,1,445,7.549516567451064e-15,13410,30,0.5,0.2,best
DE,ackley,1,446,7.549516567451064e-15,13440,30,0.5,0.2,best
DE,ackley,1,447,7.549516567451064e-15,13470,30,0.5,0.2,best
DE,ackley,1,448,7.549516567451064e-15,13500,30,0.5,0.2,best
DE,ackley,1,449,7.549516567451064e-15,13530,30,0.5,0.2,best
DE,ackley,1,450,7.549516567451064e-15,13560,30,0.5,0.2,best
DE,ackley,1,451,7.549516567451064e-15,13590,30,0.5,0.2,best
DE,ackley,1,452,7.549516567451064e-15,13620,30,0.5,0.2,best
DE,ackley,1,453,7.549516567451064e-15,13650,30,0.5,0.2,best
DE,ackley,1,454,7.549516567451064e-15,13680,30,0.5,0.2,best
DE,ackley,1,455,7.549516567451064e-15,13710,30,0.5,0.2,best
DE,ackley,1,456,7.549516567451064e-15,13740,30,0.5,0.2,best
DE,ackley,1,457,7.549516567451064e-15,13770,30,0.5,0.2,best
DE,ackley,1,458,7.549516567451064e-15,13800,30,0.5,0.2,best
DE,ackley,1,459,7.549516567451064e-15,13830,30,0.5,0.2,best
DE,ackley,1,460,7.549516567451064e-15,13860,30,0.5,0.2,best
DE,ackley,1,461,7.549516567451064e-15,13890,30,0.5,0.2,best
DE,ackley,1,462,7.549516567451064e-15,13920,30,0.5,0.2,best
DE,ackley,1,463,7.549516567451064e-15,13950,30,0.5,0.2,best
DE,ackley,1,464,7.549516567451064e-15,13980,30,0.5,0.2,best
DE,ackley,1,465,7.549516567451064e-15,14010,30,0.5,0.2,best
DE,ackley,1,466,7.549516567451064e-15,14040,30,0.5,0.2,best
DE,ackley,1,467,7.549516567451064e-15,14070,30,0.5,0.2,best
DE,ackley,1,468,7.549516567451064e-15,14100,30,0.5,0.2,best
DE,ackley,1,469,7.549516567451064e-15,14130,30,0.5,0.2,best
DE,ackley,1,470,7.549516567451064e-15,14160,30,0.5,0.2,best
DE,ackley,1,471,7.549516567451064e-15,14190,30,0.5,0.2,best
DE,ackley,1,472,7.549516567451064e-15,14220,30,0.5,0.2,best
DE,ackley,1,473,7.549516567451064e-15,14250,30,0.5,0.2,best
DE,ackley,1,474,7.549516567451064e-15,14280,30,0.5,0.2,best
DE,ackley,1,475,7.549516567451064e-15,14310,30,0.5,0.2,best
DE,ackley,1,476,7.549516567451064e-15,14340,30,0.5,0.2,best
DE,ackley,1,477,7.549516567451064e-15,14370,30,0.5,0.2,best
DE,ackley,1,478,7.549516567451064e-15,14400,30,0.5,0.2,best
DE,ackley,1,479,7.549516567451064e-15,14430,30,0.5,0.2,best
DE,ackley,1,480,7.549516567451064e-15,14460,30,0.5,0.2,best
DE,ackley,1,481,7.549516567451064e-15,14490,30,0.5,0.2,best
DE,ackley,1,482,7.549516567451064e-15,14520,30,0.5,0.2,best
DE,ackley,1,483,7.549516567451064e-15,14550,30,0.5,0.2,best
DE,ackley,1,484,7.549516567451064e-15,14580,30,0.5,0.2,best
DE,ackley,1,485,7.549516567451064e-15,14610,30,0.5,0.2,best
DE,ackley,1,486,7.549516567451064e-15,14640,30,0.5,0.2,best
DE,ackley,1,487,7.549516567451064e-15,14670,30,0.5,0.2,best
DE,ackley,1,488,7.549516567451064e-15,14700,30,0.5,0.2,best
DE,ackley,1,489,7.549516567451064e-15,14730,30,0.5,0.2,best
DE,ackley,1,490,7.549516567451064e-15,14760,30,0.5,0.2,best
DE,ackley,1,491,7.549516567451064e-15,14790,30,0.5,0.2,best
DE,ackley,1,492,7.549516567451064e-15,14820,30,0.5,0.2,best
DE,ackley,1,493,7.549516567451064e-15,14850,30,0.5,0.2,best
DE,ackley,1,494,7.549516567451064e-15,14880,30,0.5,0.2,best
DE,ackley,1,495,7.549516567451064e-15,14910,30,0.5,0.2,best
DE,ackley,1,496,7.549516567451064e-15,14940,30,0.5,0.2,best
DE,ackley,1,497,7.549516567451064e-15,14970,30,0.5,0.2,best
DE,ackley,1,498,7.549516567451064e-15,15000,30,0.5,0.2,best
DE,ackley,1,499,7.549516567451064e-15,15030,30,0.5,0.2,best
DE,ackley,1,500,7.549516567451064e-15,15060,30,0.5,0.2,best
DE,ackley,1,501,7.549516567451064e-15,15090,30,0.5,0.2,best
DE,ackley,1,502,7.549516567451064e-15,15120,30,0.5,0.2,best
DE,ackley,1,503,7.549516567451064e-15,15150,30,0.5,0.2,best
DE,ackley,1,504,7.549516567451064e-15,15180,30,0.5,0.2,best
DE,ackley,1,505,7.549516567451064e-15,15210,30,0.5,0.2,best
DE,ackley,1,506,7.549516567451064e-15,15240,30,0.5,0.2,best
DE,ackley,1,507,7.549516567451064e-15,15270,30,0.5,0.2,best
DE,ackley,1,508,7.549516567451064e-15,15300,30,0.5,0.2,best
DE,ackley,1,509,7.549516567451064e-15,15330,30,0.5,0.2,best
DE,ackley,1,510,7.549516567451064e-15,15360,30,0.5,0.2,best
DE,ackley,1,511,7.549516567451064e-15,15390,30,0.5,0.2,best
DE,ackley,1,512,7.549516567451064e-15,15420,30,0.5,0.2,best
DE,ackley,1,513,7.549516567451064e-15,15450,30,0.5,0.2,best
DE,ackley,1,514,7.549516567451064e-15,15480,30,0.5,0.2,best
DE,ackley,1,515,7.549516567451064e-15,15510,30,0.5,0.2,best
DE,ackley,1,516,7.549516567451064e-15,15540,30,0.5,0.2,best
DE,ackley,1,517,7.549516567451064e-15,15570,30,0.5,0.2,best
DE,ackley,1,518,7.549516567451064e-15,15600,30,0.5,0.2,best
DE,ackley,1,519,7.549516567451064e-15,15630,30,0.5,0.2,best
DE,ackley,1,520,7.549516567451064e-15,15660,30,0.5,0.2,best
DE,ackley,1,521,7.549516567451064e-15,15690,30,0.5,0.2,best
DE,ackley,1,522,7.549516567451064e-15,15720,30,0.5,0.2,best
DE,ackley,1,523,7.549516567451064e-15,15750,30,0.5,0.2,best
DE,ackley,1,524,7.549516567451064e-15,15780,30,0.5,0.2,best
DE,ackley,1,525,7.549516567451064e-15,15810,30,0.5,0.2,best
DE,ackley,1,526,7.549516567451064e-15,15840,30,0.5,0.2,best
DE,ackley,1,527,7.549516567451064e-15,15870,30,0.5,0.2,best
DE,ackley,1,528,7.549516567451064e-15,15900,30,0.5,0.2,best
DE,ackley,1,529,7.549516567451064e-15,15930,30,0.5,0.2,best
DE,ackley,1,530,7.549516567451064e-15,15960,30,0.5,0.2,best
DE,ackley,1,531,7.549516567451064e-15,15990,30,0.5,0.2,best
DE,ackley,1,532,7.549516567451064e-15,16020,30,0.5,0.2,best
DE,ackley,1,533,7.549516567451064e-15,16050,30,0.5,0.2,best
DE,ackley,1,534,7.549516567451064e-15,16080,30,0.5,0.2,best
DE,ackley,1,535,7.549516567451064e-15,16110,30,0.5,0.2,best
DE,ackley,1,536,7.549516567451064e-15,16140,30,0.5,0.2,best
DE,ackley,1,537,7.549516567451064e-15,16170,30,0.5,0.2,best
DE,ackley,1,538,7.549516567451064e-15,16200,30,0.5,0.2,best
DE,ackley,1,539,7.549516567451064e-15,16230,30,0.5,0.2,best
DE,ackley,1,540,7.549516567451064e-15,16260,30,0.5,0.2,best
DE,ackley,1,541,7.549516567451064e-15,16290,30,0.5,0.2,best
DE,ackley,1,542,7.549516567451064e-15,16320,30,0.5,0.2,best
DE,ackley,1,543,7.549516567451064e-15,16350,30,0.5,0.2,best
DE,ackley,1,544,7.549516567451064e-15,16380,30,0.5,0.2,best
DE,ackley,1,545,7.549516567451064e-15,16410,30,0.5,0.2,best
DE,ackley,1,546,7.549516567451064e-15,16440,30,0.5,0.2,best
DE,ackley,1,547,7.549516567451064e-15,16470,30,0.5,0.2,best
DE,ackley,1,548,7.549516567451064e-15,16500,30,0.5,0.2,best
DE,ackley,1,549,7.549516567451064e-15,16530,30,0.5,0.2,best
DE,ackley,1,550,7.549516567451064e-15,16560,30,0.5,0.2,best
DE,ackley,1,551,7.549516567451064e-15,16590,30,0.5,0.2,best
DE,ackley,1,552,7.549516567451064e-15,16620,30,0.5,0.2,best
DE,ackley,1,553,7.549516567451064e-15,16650,30,0.5,0.2,best
DE,ackley,1,554,7.549516567451064e-15,16680,30,0.5,0.2,best
DE,ackley,1,555,7.549516567451064e-15,16710,30,0.5,0.2,best
DE,ackley,1,556,7.549516567451064e-15,16740,30,0.5,0.2,best
DE,ackley,1,557,7.549516567451064e-15,16770,30,0.5,0.2,best
DE,ackley,1,558,7.549516567451064e-15,16800,30,0.5,0.2,best
DE,ackley,1,559,7.549516567451064e-15,16830,30,0.5,0.2,best
DE,ackley,1,560,7.549516567451064e-15,16860,30,0.5,0.2,best
DE,ackley,1,561,7.549516567451064e-15,16890,30,0.5,0.2,best
DE,ackley,1,562,7.549516567451064e-15,16920,30,0.5,0.2,best
DE,ackley,1,563,7.549516567451064e-15,16950,30,0.5,0.2,best
DE,ackley,1,564,7.549516567451064e-15,16980,30,0.5,0.2,best
DE,ackley,1,565,7.549516567451064e-15,17010,30,0.5,0.2,best
DE,ackley,1,566,7.549516567451064e-15,17040,30,0.5,0.2,best
DE,ackley,1,567,7.549516567451064e-15,17070,30,0.5,0.2,best
DE,ackley,1,568,7.549516567451064e-15,17100,30,0.5,0.2,best
DE,ackley,1,569,7.549516567451064e-15,17130,30,0.5,0.2,best
DE,ackley,1,570,7.549516567451064e-15,17160,30,0.5,0.2,best
DE,ackley,1,571,7.549516567451064e-15,17190,30,0.5,0.2,best
DE,ackley,1,572,7.549516567451064e-15,17220,30,0.5,0.2,best
DE,ackley,1,573,7.549516567451064e-15,17250,30,0.5,0.2,best
DE,ackley,1,574,7.549516567451064e-15,17280,30,0.5,0.2,best
DE,ackley,1,575,7.549516567451064e-15,17310,30,0.5,0.2,best
DE,ackley,1,576,7.549516567451064e-15,17340,30,0.5,0.2,best
DE,ackley,1,577,7.549516567451064e-15,17370,30,0.5,0.2,best
DE,ackley,1,578,7.549516567451064e-15,17400,30,0.5,0.2,best
DE,ackley,1,579,7.549516567451064e-15,17430,30,0.5,0.2,best
DE,ackley,1,580,7.549516567451064e-15,17460,30,0.5,0.2,best
DE,ackley,1,581,7.549516567451064e-15,17490,30,0.5,0.2,best
DE,ackley,1,582,7.549516567451064e-15,17520,30,0.5,0.2,best
DE,ackley,1,583,7.549516567451064e-15,17550,30,0.5,0.2,best
DE,ackley,1,584,7.549516567451064e-15,17580,30,0.5,0.2,best
DE,ackley,1,585,7.549516567451064e-15,17610,30,0.5,0.2,best
DE,ackley,1,586,7.549516567451064e-15,17640,30,0.5,0.2,best
DE,ackley,1,587,7.549516567451064e-15,17670,30,0.5,0.2,best
DE,ackley,1,588,7.549516567451064e-15,17700,30,0.5,0.2,best
DE,ackley,1,589,7.549516567451064e-15,17730,30,0.5,0.2,best
DE,ackley,1,590,7.549516567451064e-15,17760,30,0.5,0.2,best
DE,ackley,1,591,7.549516567451064e-15,17790,30,0.5,0.2,best
DE,ackley,1,592,7.549516567451064e-15,17820,30,0.5,0.2,best
DE,ackley,1,593,7.549516567451064e-15,17850,30,0.5,0.2,best
DE,ackley,1,594,7.549516567451064e-15,17880,30,0.5,0.2,best
DE,ackley,1,595,7.549516567451064e-15,17910,30,0.5,0.2,best
DE,ackley,1,596,7.549516567451064e-15,17940,30,0.5,0.2,best
DE,ackley,1,597,7.549516567451064e-15,17970,30,0.5,0.2,best
DE,ackley,1,598,7.549516567451064e-15,18000,30,0.5,0.2,best
DE,ackley,1,599,7.549516567451064e-15,18030,30,0.5,0.2,best
DE,ackley,1,600,7.549516567451064e-15,18060,30,0.5,0.2,best
DE,ackley,1,601,7.549516567451064e-15,18090,30,0.5,0.2,best
DE,ackley,1,602,7.549516567451064e-15,18120,30,0.5,0.2,best
DE,ackley,1,603,7.549516567451064e-15,18150,30,0.5,0.2,best
DE,ackley,1,604,7.549516567451064e-15,18180,30,0.5,0.2,best
DE,ackley,1,605,7.549516567451064e-15,18210,30,0.5,0.2,best
DE,ackley,1,606,7.549516567451064e-15,18240,30,0.5,0.2,best
DE,ackley,1,607,7.549516567451064e-15,18270,30,0.5,0.2,best
DE,ackley,1,608,7.549516567451064e-15,18300,30,0.5,0.2,best
DE,ackley,1,609,7.549516567451064e-15,18330,30,0.5,0.2,best
DE,ackley,1,610,7.549516567451064e-15,18360,30,0.5,0.2,best
DE,ackley,1,611,7.549516567451064e-15,18390,30,0.5,0.2,best
DE,ackley,1,612,7.549516567451064e-15,18420,30,0.5,0.2,best
DE,ackley,1,613,7.549516567451064e-15,18450,30,0.5,0.2,best
DE,ackley,1,614,7.549516567451064e-15,18480,30,0.5,0.2,best
DE,ackley,1,615,7.549516567451064e-15,18510,30,0.5,0.2,best
DE,ackley,1,616,7.549516567451064e-15,18540,30,0.5,0.2,best
DE,ackley,1,617,7.549516567451064e-15,18570,30,0.5,0.2,best
DE,ackley,1,618,7.549516567451064e-15,18600,30,0.5,0.2,best
DE,ackley,1,619,7.549516567451064e-15,18630,30,0.5,0.2,best
DE,ackley,1,620,7.549516567451064e-15,18660,30,0.5,0.2,best
DE,ackley,1,621,7.549516567451064e-15,18690,30,0.5,0.2,best
DE,ackley,1,622,7.549516567451064e-15,18720,30,0.5,0.2,best
DE,ackley,1,623,7.549516567451064e-15,18750,30,0.5,0.2,best
DE,ackley,1,624,7.549516567451064e-15,18780,30,0.5,0.2,best
DE,ackley,1,625,7.549516567451064e-15,18810,30,0.5,0.2,best
DE,ackley,1,626,7.549516567451064e-15,18840,30,0.5,0.2,best
DE,ackley,1,627,7.549516567451064e-15,18870,30,0.5,0.2,best
DE,ackley,1,628,7.549516567451064e-15,18900,30,0.5,0.2,best
DE,ackley,1,629,7.549516567451064e-15,18930,30,0.5,0.2,best
DE,ackley,1,630,7.549516567451064e-15,18960,30,0.5,0.2,best
DE,ackley,1,631,7.549516567451064e-15,18990,30,0.5,0.2,best
DE,ackley,1,632,7.549516567451064e-15,19020,30,0.5,0.2,best
DE,ackley,1,633,7.549516567451064e-15,19050,30,0.5,0.2,best
DE,ackley,1,634,7.549516567451064e-15,19080,30,0.5,0.2,best
DE,ackley,1,635,7.549516567451064e-15,19110,30,0.5,0.2,best
DE,ackley,1,636,7.549516567451064e-15,19140,30,0.5,0.2,best
DE,ackley,1,637,7.549516567451064e-15,19170,30,0.5,0.2,best
DE,ackley,1,638,7.549516567451064e-15,19200,30,0.5,0.2,best
DE,ackley,1,639,7.549516567451064e-15,19230,30,0.5,0.2,best
DE,ackley,1,640,7.549516567451064e-15,19260,30,0.5,0.2,best
DE,ackley,1,641,7.549516567451064e-15,19290,30,0.5,0.2,best
DE,ackley,1,642,7.549516567451064e-15,19320,30,0.5,0.2,best
DE,ackley,1,643,7.549516567451064e-15,19350,30,0.5,0.2,best
DE,ackley,1,644,7.549516567451064e-15,19380,30,0.5,0.2,best
DE,ackley,1,645,7.549516567451064e-15,19410,30,0.5,0.2,best
DE,ackley,1,646,7.549516567451064e-15,19440,30,0.5,0.2,best
DE,ackley,1,647,7.549516567451064e-15,19470,30,0.5,0.2,best
DE,ackley,1,648,7.549516567451064e-15,19500,30,0.5,0.2,best
DE,ackley,1,649,7.549516567451064e-15,19530,30,0.5,0.2,best
DE,ackley,1,650,7.549516567451064e-15,19560,30,0.5,0.2,best
DE,ackley,1,651,7.549516567451064e-15,19590,30,0.5,0.2,best
DE,ackley,1,652,7.549516567451064e-15,19620,30,0.5,0.2,best
DE,ackley,1,653,7.549516567451064e-15,19650,30,0.5,0.2,best
DE,ackley,1,654,7.549516567451064e-15,19680,30,0.5,0.2,best
DE,ackley,1,655,7.549516567451064e-15,19710,30,0.5,0.2,best
DE,ackley,1,656,7.549516567451064e-15,19740,30,0.5,0.2,best
DE,ackley,1,657,7.549516567451064e-15,19770,30,0.5,0.2,best
DE,ackley,1,658,7.549516567451064e-15,19800,30,0.5,0.2,best
DE,ackley,1,659,7.549516567451064e-15,19830,30,0.5,0.2,best
DE,ackley,1,660,7.549516567451064e-15,19860,30,0.5,0.2,best
DE,ackley,1,661,7.549516567451064e-15,19890,30,0.5,0.2,best
DE,ackley,1,662,7.549516567451064e-15,19920,30,0.5,0.2,best
DE,ackley,1,663,7.549516567451064e-15,19950,30,0.5,0.2,best
DE,ackley,1,664,7.549516567451064e-15,19980,30,0.5,0.2,best
DE,ackley,1,665,7.549516567451064e-15,20010,30,0.5,0.2,best
DE,ackley,1,666,7.549516567451064e-15,20040,30,0.5,0.2,best
DE,ackley,1,667,7.549516567451064e-15,20070,30,0.5,0.2,best
DE,ackley,1,668,7.549516567451064e-15,20100,30,0.5,0.2,best
DE,ackley,1,669,7.549516567451064e-15,20130,30,0.5,0.2,best
DE,ackley,1,670,7.549516567451064e-15,20160,30,0.5,0.2,best
DE,ackley,1,671,7.549516567451064e-15,20190,30,0.5,0.2,best
DE,ackley,1,672,7.549516567451064e-15,20220,30,0.5,0.2,best
DE,ackley,1,673,7.549516567451064e-15,20250,30,0.5,0.2,best
DE,ackley,1,674,7.549516567451064e-15,20280,30,0.5,0.2,best
DE,ackley,1,675,7.549516567451064e-15,20310,30,0.5,0.2,best
DE,ackley,1,676,7.549516567451064e-15,20340,30,0.5,0.2,best
DE,ackley,1,677,7.549516567451064e-15,20370,30,0.5,0.2,best
DE,ackley,1,678,7.549516567451064e-15,20400,30,0.5,0.2,best
DE,ackley,1,679,7.549516567451064e-15,20430,30,0.5,0.2,best
DE,ackley,1,680,7.549516567451064e-15,20460,30,0.5,0.2,best
DE,ackley,1,681,7.549516567451064e-15,20490,30,0.5,0.2,best
DE,ackley,1,682,7.549516567451064e-15,20520,30,0.5,0.2,best
DE,ackley,1,683,7.549516567451064e-15,20550,30,0.5,0.2,best
DE,ackley,1,684,7.549516567451064e-15,20580,30,0.5,0.2,best
DE,ackley,1,685,7.549516567451064e-15,20610,30,0.5,0.2,best
DE,ackley,1,686,7.549516567451064e-15,20640,30,0.5,0.2,best
DE,ackley,1,687,7.549516567451064e-15,20670,30,0.5,0.2,best
DE,ackley,1,688,7.549516567451064e-15,20700,30,0.5,0.2,best
DE,ackley,1,689,7.549516567451064e-15,20730,30,0.5,0.2,best
DE,ackley,1,690,7.549516567451064e-15,20760,30,0.5,0.2,best
DE,ackley,1,691,7.549516567451064e-15,20790,30,0.5,0.2,best
DE,ackley,1,692,7.549516567451064e-15,20820,30,0.5,0.2,best
DE,ackley,1,693,7.549516567451064e-15,20850,30,0.5,0.2,best
DE,ackley,1,694,7.549516567451064e-15,20880,30,0.5,0.2,best
DE,ackley,1,695,7.549516567451064e-15,20910,30,0.5,0.2,best
DE,ackley,1,696,7.549516567451064e-15,20940,30,0.5,0.2,best
DE,ackley,1,697,7.549516567451064e-15,20970,30,0.5,0.2,best
DE,ackley,1,698,7.549516567451064e-15,21000,30,0.5,0.2,best
DE,ackley,1,699,7.549516567451064e-15,21030,30,0.5,0.2,best
DE,ackley,1,700,7.549516567451064e-15,21060,30,0.5,0.2,best
DE,ackley,1,701,7.549516567451064e-15,21090,30,0.5,0.2,best
DE,ackley,1,702,7.549516567451064e-15,21120,30,0.5,0.2,best
DE,ackley,1,703,7.549516567451064e-15,21150,30,0.5,0.2,best
DE,ackley,1,704,7.549516567451064e-15,21180,30,0.5,0.2,best
DE,ackley,1,705,7.549516567451064e-15,21210,30,0.5,0.2,best
DE,ackley,1,706,7.549516567451064e-15,21240,30,0.5,0.2,best
DE,ackley,1,707,7.549516567451064e-15,21270,30,0.5,0.2,best
DE,ackley,1,708,7.549516567451064e-15,21300,30,0.5,0.2,best
DE,ackley,1,709,7.549516567451064e-15,21330,30,0.5,0.2,best
DE,ackley,1,710,7.549516567451064e-15,21360,30,0.5,0.2,best
DE,ackley,1,711,7.549516567451064e-15,21390,30,0.5,0.2,best
DE,ackley,1,712,7.549516567451064e-15,21420,30,0.5,0.2,best
DE,ackley,1,713,7.549516567451064e-15,21450,30,0.5,0.2,best
DE,ackley,1,714,7.549516567451064e-15,21480,30,0.5,0.2,best
DE,ackley,1,715,7.549516567451064e-15,21510,30,0.5,0.2,best
DE,ackley,1,716,7.549516567451064e-15,21540,30,0.5,0.2,best
DE,ackley,1,717,7.549516567451064e-15,21570,30,0.5,0.2,best
DE,ackley,1,718,7.549516567451064e-15,21600,30,0.5,0.2,best
DE,ackley,1,719,7.549516567451064e-15,21630,30,0.5,0.2,best
DE,ackley,1,720,7.549516567451064e-15,21660,30,0.5,0.2,best
DE,ackley,1,721,7.549516567451064e-15,21690,30,0.5,0.2,best
DE,ackley,1,722,7.549516567451064e-15,21720,30,0.5,0.2,best
DE,ackley,1,723,7.549516567451064e-15,21750,30,0.5,0.2,best
DE,ackley,1,724,7.549516567451064e-15,21780,30,0.5,0.2,best
DE,ackley,1,725,7.549516567451064e-15,21810,30,0.5,0.2,best
DE,ackley,1,726,7.549516567451064e-15,21840,30,0.5,0.2,best
DE,ackley,1,727,7.549516567451064e-15,21870,30,0.5,0.2,best
DE,ackley,1,728,7.549516567451064e-15,21900,30,0.5,0.2,best
DE,ackley,1,729,7.549516567451064e-15,21930,30,0.5,0.2,best
DE,ackley,1,730,7.549516567451064e-15,21960,30,0.5,0.2,best
DE,ackley,1,731,7.549516567451064e-15,21990,30,0.5,0.2,best
DE,ackley,1,732,7.549516567451064e-15,22020,30,0.5,0.2,best
DE,ackley,1,733,7.549516567451064e-15,22050,30,0.5,0.2,best
DE,ackley,1,734,7.549516567451064e-15,22080,30,0.5,0.2,best
DE,ackley,1,735,7.549516567451064e-15,22110,30,0.5,0.2,best
DE,ackley,1,736,7.549516567451064e-15,22140,30,0.5,0.2,best
DE,ackley,1,737,7.549516567451064e-15,22170,30,0.5,0.2,best
DE,ackley,1,738,7.549516567451064e-15,22200,30,0.5,0.2,best
DE,ackley,1,739,7.549516567451064e-15,22230,30,0.5,0.2,best
DE,ackley,1,740,7.549516567451064e-15,22260,30,0.5,0.2,best
DE,ackley,1,741,7.549516567451064e-15,22290,30,0.5,0.2,best
DE,ackley,1,742,7.549516567451064e-15,22320,30,0.5,0.2,best
DE,ackley,1,743,7.549516567451064e-15,22350,30,0.5,0.2,best
DE,ackley,1,744,7.549516567451064e-15,22380,30,0.5,0.2,best
DE,ackley,1,745,7.549516567451064e-15,22410,30,0.5,0.2,best
DE,ackley,1,746,7.549516567451064e-15,22440,30,0.5,0.2,best
DE,ackley,1,747,7.549516567451064e-15,22470,30,0.5,0.2,best
DE,ackley,1,748,7.549516567451064e-15,22500,30,0.5,0.2,best
DE,ackley,1,749,7.549516567451064e-15,22530,30,0.5,0.2,best
DE,ackley,1,750,7.549516567451064e-15,22560,30,0.5,0.2,best
DE,ackley,1,751,7.549516567451064e-15,22590,30,0.5,0.2,best
DE,ackley,1,752,7.549516567451064e-15,22620,30,0.5,0.2,best
DE,ackley,1,753,7.549516567451064e-15,22650,30,0.5,0.2,best
DE,ackley,1,754,7.549516567451064e-15,22680,30,0.5,0.2,best
DE,ackley,1,755,7.549516567451064e-15,22710,30,0.5,0.2,best
DE,ackley,1,756,7.549516567451064e-15,22740,30,0.5,0.2,best
DE,ackley,1,757,7.549516567451064e-15,22770,30,0.5,0.2,best
DE,ackley,1,758,7.549516567451064e-15,22800,30,0.5,0.2,best
DE,ackley,1,759,7.549516567451064e-15,22830,30,0.5,0.2,best
DE,ackley,1,760,7.549516567451064e-15,22860,30,0.5,0.2,best
DE,ackley,1,761,7.549516567451064e-15,22890,30,0.5,0.2,best
DE,ackley,1,762,7.549516567451064e-15,22920,30,0.5,0.2,best
DE,ackley,1,763,7.549516567451064e-15,22950,30,0.5,0.2,best
DE,ackley,1,764,7.549516567451064e-15,22980,30,0.5,0.2,best
DE,ackley,1,765,7.549516567451064e-15,23010,30,0.5,0.2,best
DE,ackley,1,766,7.549516567451064e-15,23040,30,0.5,0.2,best
DE,ackley,1,767,7.549516567451064e-15,23070,30,0.5,0.2,best
DE,ackley,1,768,7.549516567451064e-15,23100,30,0.5,0.2,best
DE,ackley,1,769,7.549516567451064e-15,23130,30,0.5,0.2,best
DE,ackley,1,770,7.549516567451064e-15,23160,30,0.5,0.2,best
DE,ackley,1,771,7.549516567451064e-15,23190,30,0.5,0.2,best
DE,ackley,1,772,7.549516567451064e-15,23220,30,0.5,0.2,best
DE,ackley,1,773,7.549516567451064e-15,23250,30,0.5,0.2,best
DE,ackley,1,774,7.549516567451064e-15,23280,30,0.5,0.2,best
DE,ackley,1,775,7.549516567451064e-15,23310,30,0.5,0.2,best
DE,ackley,1,776,7.549516567451064e-15,23340,30,0.5,0.2,best
DE,ackley,1,777,7.549516567451064e-15,23370,30,0.5,0.2,best
DE,ackley,1,778,7.549516567451064e-15,23400,30,0.5,0.2,best
DE,ackley,1,779,7.549516567451064e-15,23430,30,0.5,0.2,best
DE,ackley,1,780,7.549516567451064e-15,23460,30,0.5,0.2,best
DE,ackley,1,781,7.549516567451064e-15,23490,30,0.5,0.2,best
DE,ackley,1,782,7.549516567451064e-15,23520,30,0.5,0.2,best
DE,ackley,1,783,7.549516567451064e-15,23550,30,0.5,0.2,best
DE,ackley,1,784,7.549516567451064e-15,23580,30,0.5,0.2,best
DE,ackley,1,785,7.549516567451064e-15,23610,30,0.5,0.2,best
DE,ackley,1,786,7.549516567451064e-15,23640,30,0.5,0.2,best
DE,ackley,1,787,7.549516567451064e-15,23670,30,0.5,0.2,best
DE,ackley,1,788,7.549516567451064e-15,23700,30,0.5,0.2,best
DE,ackley,1,789,7.549516567451064e-15,23730,30,0.5,0.2,best
DE,ackley,1,790,7.549516567451064e-15,23760,30,0.5,0.2,best
DE,ackley,1,791,7.549516567451064e-15,23790,30,0.5,0.2,best
DE,ackley,1,792,7.549516567451064e-15,23820,30,0.5,0.2,best
DE,ackley,1,793,7.549516567451064e-15,23850,30,0.5,0.2,best
DE,ackley,1,794,7.549516567451064e-15,23880,30,0.5,0.2,best
DE,ackley,1,795,7.549516567451064e-15,23910,30,0.5,0.2,best
DE,ackley,1,796,7.549516567451064e-15,23940,30,0.5,0.2,best
DE,ackley,1,797,7.549516567451064e-15,23970,30,0.5,0.2,best
DE,ackley,1,798,7.549516567451064e-15,24000,30,0.5,0.2,best
DE,ackley,1,799,7.549516567451064e-15,24030,30,0.5,0.2,best
DE,ackley,1,800,7.549516567451064e-15,24060,30,0.5,0.2,best
DE,ackley,1,801,7.549516567451064e-15,24090,30,0.5,0.2,best
DE,ackley,1,802,7.549516567451064e-15,24120,30,0.5,0.2,best
DE,ackley,1,803,7.549516567451064e-15,24150,30,0.5,0.2,best
DE,ackley,1,804,7.549516567451064e-15,24180,30,0.5,0.2,best
DE,ackley,1,805,7.549516567451064e-15,24210,30,0.5,0.2,best
DE,ackley,1,806,7.549516567451064e-15,24240,30,0.5,0.2,best
DE,ackley,1,807,7.549516567451064e-15,24270,30,0.5,0.2,best
DE,ackley,1,808,7.549516567451064e-15,24300,30,0.5,0.2,best
DE,ackley,1,809,7.549516567451064e-15,24330,30,0.5,0.2,best
DE,ackley,1,810,7.549516567451064e-15,24360,30,0.5,0.2,best
DE,ackley,1,811,7.549516567451064e-15,24390,30,0.5,0.2,best
DE,ackley,1,812,7.549516567451064e-15,24420,30,0.5,0.2,best
DE,ackley,1,813,7.549516567451064e-15,24450,30,0.5,0.2,best
DE,ackley,1,814,7.549516567451064e-15,24480,30,0.5,0.2,best
DE,ackley,1,815,7.549516567451064e-15,24510,30,0.5,0.2,best
DE,ackley,1,816,7.549516567451064e-15,24540,30,0.5,0.2,best
DE,ackley,1,817,7.549516567451064e-15,24570,30,0.5,0.2,best
DE,ackley,1,818,7.549516567451064e-15,24600,30,0.5,0.2,best
DE,ackley,1,819,7.549516567451064e-15,24630,30,0.5,0.2,best
DE,ackley,1,820,7.549516567451064e-15,24660,30,0.5,0.2,best
DE,ackley,1,821,7.549516567451064e-15,24690,30,0.5,0.2,best
DE,ackley,1,822,7.549516567451064e-15,24720,30,0.5,0.2,best
DE,ackley,1,823,7.549516567451064e-15,24750,30,0.5,0.2,best
DE,ackley,1,824,7.549516567451064e-15,24780,30,0.5,0.2,best
DE,ackley,1,825,7.549516567451064e-15,24810,30,0.5,0.2,best
DE,ackley,1,826,7.549516567451064e-15,24840,30,0.5,0.2,best
DE,ackley,1,827,7.549516567451064e-15,24870,30,0.5,0.2,best
DE,ackley,1,828,7.549516567451064e-15,24900,30,0.5,0.2,best
DE,ackley,1,829,7.549516567451064e-15,24930,30,0.5,0.2,best
DE,ackley,1,830,7.549516567451064e-15,24960,30,0.5,0.2,best
DE,ackley,1,831,7.549516567451064e-15,24990,30,0.5,0.2,best
DE,ackley,1,832,7.549516567451064e-15,25020,30,0.5,0.2,best
DE,ackley,1,833,7.549516567451064e-15,25050,30,0.5,0.2,best
DE,ackley,1,834,7.549516567451064e-15,25080,30,0.5,0.2,best
DE,ackley,1,835,7.549516567451064e-15,25110,30,0.5,0.2,best
DE,ackley,1,836,7.549516567451064e-15,25140,30,0.5,0.2,best
DE,ackley,1,837,7.549516567451064e-15,25170,30,0.5,0.2,best
DE,ackley,1,838,7.549516567451064e-15,25200,30,0.5,0.2,best
DE,ackley,1,839,7.549516567451064e-15,25230,30,0.5,0.2,best
DE,ackley,1,840,7.549516567451064e-15,25260,30,0.5,0.2,best
DE,ackley,1,841,7.549516567451064e-15,25290,30,0.5,0.2,best
DE,ackley,1,842,7.549516567451064e-15,25320,30,0.5,0.2,best
DE,ackley,1,843,7.549516567451064e-15,25350,30,0.5,0.2,best
DE,ackley,1,844,7.549516567451064e-15,25380,30,0.5,0.2,best
DE,ackley,1,845,7.549516567451064e-15,25410,30,0.5,0.2,best
DE,ackley,1,846,7.549516567451064e-15,25440,30,0.5,0.2,best
DE,ackley,1,847,7.549516567451064e-15,25470,30,0.5,0.2,best
DE,ackley,1,848,7.549516567451064e-15,25500,30,0.5,0.2,best
DE,ackley,1,849,7.549516567451064e-15,25530,30,0.5,0.2,best
DE,ackley,1,850,7.549516567451064e-15,25560,30,0.5,0.2,best
DE,ackley,1,851,7.549516567451064e-15,25590,30,0.5,0.2,best
DE,ackley,1,852,7.549516567451064e-15,25620,30,0.5,0.2,best
DE,ackley,1,853,7.549516567451064e-15,25650,30,0.5,0.2,best
DE,ackley,1,854,7.549516567451064e-15,25680,30,0.5,0.2,best
DE,ackley,1,855,7.549516567451064e-15,25710,30,0.5,0.2,best
DE,ackley,1,856,7.549516567451064e-15,25740,30,0.5,0.2,best
DE,ackley,1,857,7.549516567451064e-15,25770,30,0.5,0.2,best
DE,ackley,1,858,7.549516567451064e-15,25800,30,0.5,0.2,best
DE,ackley,1,859,7.549516567451064e-15,25830,30,0.5,0.2,best
DE,ackley,1,860,7.549516567451064e-15,25860,30,0.5,0.2,best
DE,ackley,1,861,7.549516567451064e-15,25890,30,0.5,0.2,best
DE,ackley,1,862,7.549516567451064e-15,25920,30,0.5,0.2,best
DE,ackley,1,863,7.549516567451064e-15,25950,30,0.5,0.2,best
DE,ackley,1,864,7.549516567451064e-15,25980,30,0.5,0.2,best
DE,ackley,1,865,7.549516567451064e-15,26010,30,0.5,0.2,best
DE,ackley,1,866,7.549516567451064e-15,26040,30,0.5,0.2,best
DE,ackley,1,867,7.549516567451064e-15,26070,30,0.5,0.2,best
DE,ackley,1,868,7.549516567451064e-15,26100,30,0.5,0.2,best
DE,ackley,1,869,7.549516567451064e-15,26130,30,0.5,0.2,best
DE,ackley,1,870,7.549516567451064e-15,26160,30,0.5,0.2,best
DE,ackley,1,871,7.549516567451064e-15,26190,30,0.5,0.2,best
DE,ackley,1,872,7.549516567451064e-15,26220,30,0.5,0.2,best
DE,ackley,1,873,7.549516567451064e-15,26250,30,0.5,0.2,best
DE,ackley,1,874,7.549516567451064e-15,26280,30,0.5,0.2,best
DE,ackley,1,875,7.549516567451064e-15,26310,30,0.5,0.2,best
DE,ackley,1,876,7.549516567451064e-15,26340,30,0.5,0.2,best
DE,ackley,1,877,7.549516567451064e-15,26370,30,0.5,0.2,best
DE,ackley,1,878,7.549516567451064e-15,26400,30,0.5,0.2,best
DE,ackley,1,879,7.549516567451064e-15,26430,30,0.5,0.2,best
DE,ackley,1,880,7.549516567451064e-15,26460,30,0.5,0.2,best
DE,ackley,1,881,7.549516567451064e-15,26490,30,0.5,0.2,best
DE,ackley,1,882,7.549516567451064e-15,26520,30,0.5,0.2,best
DE,ackley,1,883,7.549516567451064e-15,26550,30,0.5,0.2,best
DE,ackley,1,884,7.549516567451064e-15,26580,30,0.5,0.2,best
DE,ackley,1,885,7.549516567451064e-15,26610,30,0.5,0.2,best
DE,ackley,1,886,7.549516567451064e-15,26640,30,0.5,0.2,best
DE,ackley,1,887,7.549516567451064e-15,26670,30,0.5,0.2,best
DE,ackley,1,888,7.549516567451064e-15,26700,30,0.5,0.2,best
DE,ackley,1,889,7.549516567451064e-15,26730,30,0.5,0.2,best
DE,ackley,1,890,7.549516567451064e-15,26760,30,0.5,0.2,best
DE,ackley,1,891,7.549516567451064e-15,26790,30,0.5,0.2,best
DE,ackley,1,892,7.549516567451064e-15,26820,30,0.5,0.2,best
DE,ackley,1,893,7.549516567451064e-15,26850,30,0.5,0.2,best
DE,ackley,1,894,7.549516567451064e-15,26880,30,0.5,0.2,best
DE,ackley,1,895,7.549516567451064e-15,26910,30,0.5,0.2,best
DE,ackley,1,896,7.549516567451064e-15,26940,30,0.5,0.2,best
DE,ackley,1,897,7.549516567451064e-15,26970,30,0.5,0.2,best
DE,ackley,1,898,7.549516567451064e-15,27000,30,0.5,0.2,best
DE,ackley,1,899,7.549516567451064e-15,27030,30,0.5,0.2,best
DE,ackley,1,900,7.549516567451064e-15,27060,30,0.5,0.2,best
DE,ackley,1,901,7.549516567451064e-15,27090,30,0.5,0.2,best
DE,ackley,1,902,7.549516567451064e-15,27120,30,0.5,0.2,best
DE,ackley,1,903,7.549516567451064e-15,27150,30,0.5,0.2,best
DE,ackley,1,904,7.549516567451064e-15,27180,30,0.5,0.2,best
DE,ackley,1,905,7.549516567451064e-15,27210,30,0.5,0.2,best
DE,ackley,1,906,7.549516567451064e-15,27240,30,0.5,0.2,best
DE,ackley,1,907,7.549516567451064e-15,27270,30,0.5,0.2,best
DE,ackley,1,908,7.549516567451064e-15,27300,30,0.5,0.2,best
DE,ackley,1,909,7.549516567451064e-15,27330,30,0.5,0.2,best
DE,ackley,1,910,7.549516567451064e-15,27360,30,0.5,0.2,best
DE,ackley,1,911,7.549516567451064e-15,27390,30,0.5,0.2,best
DE,ackley,1,912,7.549516567451064e-15,27420,30,0.5,0.2,best
DE,ackley,1,913,7.549516567451064e-15,27450,30,0.5,0.2,best
DE,ackley,1,914,7.549516567451064e-15,27480,30,0.5,0.2,best
DE,ackley,1,915,7.549516567451064e-15,27510,30,0.5,0.2,best
DE,ackley,1,916,7.549516567451064e-15,27540,30,0.5,0.2,best
DE,ackley,1,917,7.549516567451064e-15,27570,30,0.5,0.2,best
DE,ackley,1,918,7.549516567451064e-15,27600,30,0.5,0.2,best
DE,ackley,1,919,7.549516567451064e-15,27630,30,0.5,0.2,best
DE,ackley,1,920,7.549516567451064e-15,27660,30,0.5,0.2,best
DE,ackley,1,921,7.549516567451064e-15,27690,30,0.5,0.2,best
DE,ackley,1,922,7.549516567451064e-15,27720,30,0.5,0.2,best
DE,ackley,1,923,7.549516567451064e-15,27750,30,0.5,0.2,best
DE,ackley,1,924,7.549516567451064e-15,27780,30,0.5,0.2,best
DE,ackley,1,925,7.549516567451064e-15,27810,30,0.5,0.2,best
DE,ackley,1,926,7.549516567451064e-15,27840,30,0.5,0.2,best
DE,ackley,1,927,7.549516567451064e-15,27870,30,0.5,0.2,best
DE,ackley,1,928,7.549516567451064e-15,27900,30,0.5,0.2,best
DE,ackley,1,929,7.549516567451064e-15,27930,30,0.5,0.2,best
DE,ackley,1,930,7.549516567451064e-15,27960,30,0.5,0.2,best
DE,ackley,1,931,7.549516567451064e-15,27990,30,0.5,0.2,best
DE,ackley,1,932,7.549516567451064e-15,28020,30,0.5,0.2,best
DE,ackley,1,933,7.549516567451064e-15,28050,30,0.5,0.2,best
DE,ackley,1,934,7.549516567451064e-15,28080,30,0.5,0.2,best
DE,ackley,1,935,7.549516567451064e-15,28110,30,0.5,0.2,best
DE,ackley,1,936,7.549516567451064e-15,28140,30,0.5,0.2,best
DE,ackley,1,937,7.549516567451064e-15,28170,30,0.5,0.2,best
DE,ackley,1,938,7.549516567451064e-15,28200,30,0.5,0.2,best
DE,ackley,1,939,7.549516567451064e-15,28230,30,0.5,0.2,best
DE,ackley,1,940,7.549516567451064e-15,28260,30,0.5,0.2,best
DE,ackley,1,941,7.549516567451064e-15,28290,30,0.5,0.2,best
DE,ackley,1,942,7.549516567451064e-15,28320,30,0.5,0.2,best
DE,ackley,1,943,7.549516567451064e-15,28350,30,0.5,0.2,best
DE,ackley,1,944,7.549516567451064e-15,28380,30,0.5,0.2,best
DE,ackley,1,945,7.549516567451064e-15,28410,30,0.5,0.2,best
DE,ackley,1,946,7.549516567451064e-15,28440,30,0.5,0.2,best
DE,ackley,1,947,7.549516567451064e-15,28470,30,0.5,0.2,best
DE,ackley,1,948,7.549516567451064e-15,28500,30,0.5,0.2,best
DE,ackley,1,949,7.549516567451064e-15,28530,30,0.5,0.2,best
DE,ackley,1,950,7.549516567451064e-15,28560,30,0.5,0.2,best
DE,ackley,1,951,7.549516567451064e-15,28590,30,0.5,0.2,best
DE,ackley,1,952,7.549516567451064e-15,28620,30,0.5,0.2,best
DE,ackley,1,953,7.549516567451064e-15,28650,30,0.5,0.2,best
DE,ackley,1,954,7.549516567451064e-15,28680,30,0.5,0.2,best
DE,ackley,1,955,7.549516567451064e-15,28710,30,0.5,0.2,best
DE,ackley,1,956,7.549516567451064e-15,28740,30,0.5,0.2,best
DE,ackley,1,957,7.549516567451064e-15,28770,30,0.5,0.2,best
DE,ackley,1,958,7.549516567451064e-15,28800,30,0.5,0.2,best
DE,ackley,1,959,7.549516567451064e-15,28830,30,0.5,0.2,best
DE,ackley,1,960,7.549516567451064e-15,28860,30,0.5,0.2,best
DE,ackley,1,961,7.549516567451064e-15,28890,30,0.5,0.2,best
DE,ackley,1,962,7.549516567451064e-15,28920,30,0.5,0.2,best
DE,ackley,1,963,7.549516567451064e-15,28950,30,0.5,0.2,best
DE,ackley,1,964,7.549516567451064e-15,28980,30,0.5,0.2,best
DE,ackley,1,965,7.549516567451064e-15,29010,30,0.5,0.2,best
DE,ackley,1,966,7.549516567451064e-15,29040,30,0.5,0.2,best
DE,ackley,1,967,7.549516567451064e-15,29070,30,0.5,0.2,best
DE,ackley,1,968,7.549516567451064e-15,29100,30,0.5,0.2,best
DE,ackley,1,969,7.549516567451064e-15,29130,30,0.5,0.2,best
DE,ackley,1,970,7.549516567451064e-15,29160,30,0.5,0.2,best
DE,ackley,1,971,7.549516567451064e-15,29190,30,0.5,0.2,best
DE,ackley,1,972,7.549516567451064e-15,29220,30,0.5,0.2,best
DE,ackley,1,973,7.549516567451064e-15,29250,30,0.5,0.2,best
DE,ackley,1,974,7.549516567451064e-15,29280,30,0.5,0.2,best
DE,ackley,1,975,7.549516567451064e-15,29310,30,0.5,0.2,best
DE,ackley,1,976,7.549516567451064e-15,29340,30,0.5,0.2,best
DE,ackley,1,977,7.549516567451064e-15,29370,30,0.5,0.2,best
DE,ackley,1,978,7.549516567451064e-15,29400,30,0.5,0.2,best
DE,ackley,1,979,7.549516567451064e-15,29430,30,0.5,0.2,best
DE,ackley,1,980,7.549516567451064e-15,29460,30,0.5,0.2,best
DE,ackley,1,981,7.549516567451064e-15,29490,30,0.5,0.2,best
DE,ackley,1,982,7.549516567451064e-15,29520,30,0.5,0.2,best
DE,ackley,1,983,7.549516567451064e-15,29550,30,0.5,0.2,best
DE,ackley,1,984,7.549516567451064e-15,29580,30,0.5,0.2,best
DE,ackley,1,985,7.549516567451064e-15,29610,30,0.5,0.2,best
DE,ackley,1,986,7.549516567451064e-15,29640,30,0.5,0.2,best
DE,ackley,1,987,7.549516567451064e-15,29670,30,0.5,0.2,best
DE,ackley,1,988,7.549516567451064e-15,29700,30,0.5,0.2,best
DE,ackley,1,989,7.549516567451064e-15,29730,30,0.5,0.2,best
DE,ackley,1,990,7.549516567451064e-15,29760,30,0.5,0.2,best
DE,ackley,1,991,7.549516567451064e-15,29790,30,0.5,0.2,best
DE,ackley,1,992,7.549516567451064e-15,29820,30,0.5,0.2,best
DE,ackley,1,993,7.549516567451064e-15,29850,30,0.5,0.2,best
DE,ackley,1,994,7.549516567451064e-15,29880,30,0.5,0.2,best
DE,ackley,1,995,7.549516567451064e-15,29910,30,0.5,0.2,best
DE,ackley,1,996,7.549516567451064e-15,29940,30,0.5,0.2,best
DE,ackley,1,997,7.549516567451064e-15,29970,30,0.5,0.2,best
DE,ackley,1,998,7.549516567451064e-15,30000,30,0.5,0.2,best
DE,ackley,1,999,7.549516567451064e-15,30030,30,0.5,0.2,best
DE,ackley,1,1000,7.549516567451064e-15,30060,30,0.5,0.2,best
DE,ackley,1,1001,7.549516567451064e-15,30090,30,0.5,0.2,best
DE,ackley,1,1002,7.549516567451064e-15,30120,30,0.5,0.2,best
DE,ackley,1,1003,7.549516567451064e-15,30150,30,0.5,0.2,best
DE,ackley,1,1004,7.549516567451064e-15,30180,30,0.5,0.2,best
DE,ackley,1,1005,7.549516567451064e-15,30210,30,0.5,0.2,best
DE,ackley,1,1006,7.549516567451064e-15,30240,30,0.5,0.2,best
DE,ackley,1,1007,7.549516567451064e-15,30270,30,0.5,0.2,best
DE,ackley,1,1008,7.549516567451064e-15,30300,30,0.5,0.2,best
DE,ackley,1,1009,7.549516567451064e-15,30330,30,0.5,0.2,best
DE,ackley,1,1010,7.549516567451064e-15,30360,30,0.5,0.2,best
DE,ackley,1,1011,7.549516567451064e-15,30390,30,0.5,0.2,best
DE,ackley,1,1012,7.549516567451064e-15,30420,30,0.5,0.2,best
DE,ackley,1,1013,7.549516567451064e-15,30450,30,0.5,0.2,best
DE,ackley,1,1014,7.549516567451064e-15,30480,30,0.5,0.2,best
DE,ackley,1,1015,7.549516567451064e-15,30510,30,0.5,0.2,best
DE,ackley,1,1016,7.549516567451064e-15,30540,30,0.5,0.2,best
DE,ackley,1,1017,7.549516567451064e-15,30570,30,0.5,0.2,best
DE,ackley,1,1018,7.549516567451064e-15,30600,30,0.5,0.2,best
DE,ackley,1,1019,7.549516567451064e-15,30630,30,0.5,0.2,best
DE,ackley,1,1020,7.549516567451064e-15,30660,30,0.5,0.2,best
DE,ackley,1,1021,7.549516567451064e-15,30690,30,0.5,0.2,best
DE,ackley,1,1022,7.549516567451064e-15,30720,30,0.5,0.2,best
DE,ackley,1,1023,7.549516567451064e-15,30750,30,0.5,0.2,best
DE,ackley,1,1024,7.549516567451064e-15,30780,30,0.5,0.2,best
DE,ackley,1,1025,7.549516567451064e-15,30810,30,0.5,0.2,best
DE,ackley,1,1026,7.549516567451064e-15,30840,30,0.5,0.2,best
DE,ackley,1,1027,7.549516567451064e-15,30870,30,0.5,0.2,best
DE,ackley,1,1028,7.549516567451064e-15,30900,30,0.5,0.2,best
DE,ackley,1,1029,7.549516567451064e-15,30930,30,0.5,0.2,best
DE,ackley,1,1030,7.549516567451064e-15,30960,30,0.5,0.2,best
DE,ackley,1,1031,7.549516567451064e-15,30990,30,0.5,0.2,best
DE,ackley,1,1032,7.549516567451064e-15,31020,30,0.5,0.2,best
DE,ackley,1,1033,7.549516567451064e-15,31050,30,0.5,0.2,best
DE,ackley,1,1034,7.549516567451064e-15,31080,30,0.5,0.2,best
DE,ackley,1,1035,7.549516567451064e-15,31110,30,0.5,0.2,best
DE,ackley,1,1036,7.549516567451064e-15,31140,30,0.5,0.2,best
DE,ackley,1,1037,7.549516567451064e-15,31170,30,0.5,0.2,best
DE,ackley,1,1038,7.549516567451064e-15,31200,30,0.5,0.2,best
DE,ackley,1,1039,7.549516567451064e-15,31230,30,0.5,0.2,best
DE,ackley,1,1040,7.549516567451064e-15,31260,30,0.5,0.2,best
DE,ackley,1,1041,7.549516567451064e-15,31290,30,0.5,0.2,best
DE,ackley,1,1042,7.549516567451064e-15,31320,30,0.5,0.2,best
DE,ackley,1,1043,7.549516567451064e-15,31350,30,0.5,0.2,best
DE,ackley,1,1044,7.549516567451064e-15,31380,30,0.5,0.2,best
DE,ackley,1,1045,7.549516567451064e-15,31410,30,0.5,0.2,best
DE,ackley,1,1046,7.549516567451064e-15,31440,30,0.5,0.2,best
DE,ackley,1,1047,7.549516567451064e-15,31470,30,0.5,0.2,best
DE,ackley,1,1048,7.549516567451064e-15,31500,30,0.5,0.2,best
DE,ackley,1,1049,7.549516567451064e-15,31530,30,0.5,0.2,best
DE,ackley,1,1050,7.549516567451064e-15,31560,30,0.5,0.2,best
DE,ackley,1,1051,7.549516567451064e-15,31590,30,0.5,0.2,best
DE,ackley,1,1052,7.549516567451064e-15,31620,30,0.5,0.2,best
DE,ackley,1,1053,7.549516567451064e-15,31650,30,0.5,0.2,best
DE,ackley,1,1054,7.549516567451064e-15,31680,30,0.5,0.2,best
DE,ackley,1,1055,7.549516567451064e-15,31710,30,0.5,0.2,best
DE,ackley,1,1056,7.549516567451064e-15,31740,30,0.5,0.2,best
DE,ackley,1,1057,7.549516567451064e-15,31770,30,0.5,0.2,best
DE,ackley,1,1058,7.549516567451064e-15,31800,30,0.5,0.2,best
DE,ackley,1,1059,7.549516567451064e-15,31830,30,0.5,0.2,best
DE,ackley,1,1060,7.549516567451064e-15,31860,30,0.5,0.2,best
DE,ackley,1,1061,7.549516567451064e-15,31890,30,0.5,0.2,best
DE,ackley,1,1062,7.549516567451064e-15,31920,30,0.5,0.2,best
DE,ackley,1,1063,7.549516567451064e-15,31950,30,0.5,0.2,best
DE,ackley,1,1064,7.549516567451064e-15,31980,30,0.5,0.2,best
DE,ackley,1,1065,7.549516567451064e-15,32010,30,0.5,0.2,best
DE,ackley,1,1066,7.549516567451064e-15,32040,30,0.5,0.2,best
DE,ackley,1,1067,7.549516567451064e-15,32070,30,0.5,0.2,best
DE,ackley,1,1068,7.549516567451064e-15,32100,30,0.5,0.2,best
DE,ackley,1,1069,7.549516567451064e-15,32130,30,0.5,0.2,best
DE,ackley,1,1070,7.549516567451064e-15,32160,30,0.5,0.2,best
DE,ackley,1,1071,7.549516567451064e-15,32190,30,0.5,0.2,best
DE,ackley,1,1072,7.549516567451064e-15,32220,30,0.5,0.2,best
DE,ackley,1,1073,7.549516567451064e-15,32250,30,0.5,0.2,best
DE,ackley,1,1074,7.549516567451064e-15,32280,30,0.5,0.2,best
DE,ackley,1,1075,7.549516567451064e-15,32310,30,0.5,0.2,best
DE,ackley,1,1076,7.549516567451064e-15,32340,30,0.5,0.2,best
DE,ackley,1,1077,7.549516567451064e-15,32370,30,0.5,0.2,best
DE,ackley,1,1078,7.549516567451064e-15,32400,30,0.5,0.2,best
DE,ackley,1,1079,7.549516567451064e-15,32430,30,0.5,0.2,best
DE,ackley,1,1080,7.549516567451064e-15,32460,30,0.5,0.2,best
DE,ackley,1,1081,7.549516567451064e-15,32490,30,0.5,0.2,best
DE,ackley,1,1082,7.549516567451064e-15,32520,30,0.5,0.2,best
DE,ackley,1,1083,7.549516567451064e-15,32550,30,0.5,0.2,best
DE,ackley,1,1084,7.549516567451064e-15,32580,30,0.5,0.2,best
DE,ackley,1,1085,7.549516567451064e-15,32610,30,0.5,0.2,best
DE,ackley,1,1086,7.549516567451064e-15,32640,30,0.5,0.2,best
DE,ackley,1,1087,7.549516567451064e-15,32670,30,0.5,0.2,best
DE,ackley,1,1088,7.549516567451064e-15,32700,30,0.5,0.2,best
DE,ackley,1,1089,7.549516567451064e-15,32730,30,0.5,0.2,best
DE,ackley,1,1090,7.549516567451064e-15,32760,30,0.5,0.2,best
DE,ackley,1,1091,7.549516567451064e-15,32790,30,0.5,0.2,best
DE,ackley,1,1092,7.549516567451064e-15,32820,30,0.5,0.2,best
DE,ackley,1,1093,7.549516567451064e-15,32850,30,0.5,0.2,best
DE,ackley,1,1094,7.549516567451064e-15,32880,30,0.5,0.2,best
DE,ackley,1,1095,7.549516567451064e-15,32910,30,0.5,0.2,best
DE,ackley,1,1096,7.549516567451064e-15,32940,30,0.5,0.2,best
DE,ackley,1,1097,7.549516567451064e-15,32970,30,0.5,0.2,best
DE,ackley,1,1098,7.549516567451064e-15,33000,30,0.5,0.2,best
DE,ackley,1,1099,7.549516567451064e-15,33030,30,0.5,0.2,best
DE,ackley,1,1100,7.549516567451064e-15,33060,30,0.5,0.2,best
DE,ackley,1,1101,7.549516567451064e-15,33090,30,0.5,0.2,best
DE,ackley,1,1102,7.549516567451064e-15,33120,30,0.5,0.2,best
DE,ackley,1,1103,7.549516567451064e-15,33150,30,0.5,0.2,best
DE,ackley,1,1104,7.549516567451064e-15,33180,30,0.5,0.2,best
DE,ackley,1,1105,7.549516567451064e-15,33210,30,0.5,0.2,best
DE,ackley,1,1106,7.549516567451064e-15,33240,30,0.5,0.2,best
DE,ackley,1,1107,7.549516567451064e-15,33270,30,0.5,0.2,best
DE,ackley,1,1108,7.549516567451064e-15,33300,30,0.5,0.2,best
DE,ackley,1,1109,7.549516567451064e-15,33330,30,0.5,0.2,best
DE,ackley,1,1110,7.549516567451064e-15,33360,30,0.5,0.2,best
DE,ackley,1,1111,7.549516567451064e-15,33390,30,0.5,0.2,best
DE,ackley,1,1112,7.549516567451064e-15,33420,30,0.5,0.2,best
DE,ackley,1,1113,7.549516567451064e-15,33450,30,0.5,0.2,best
DE,ackley,1,1114,7.549516567451064e-15,33480,30,0.5,0.2,best
DE,ackley,1,1115,7.549516567451064e-15,33510,30,0.5,0.2,best
DE,ackley,1,1116,7.549516567451064e-15,33540,30,0.5,0.2,best
DE,ackley,1,1117,7.549516567451064e-15,33570,30,0.5,0.2,best
DE,ackley,1,1118,7.549516567451064e-15,33600,30,0.5,0.2,best
DE,ackley,1,1119,7.549516567451064e-15,33630,30,0.5,0.2,best
DE,ackley,1,1120,7.549516567451064e-15,33660,30,0.5,0.2,best
DE,ackley,1,1121,7.549516567451064e-15,33690,30,0.5,0.2,best
DE,ackley,1,1122,7.549516567451064e-15,33720,30,0.5,0.2,best
DE,ackley,1,1123,7.549516567451064e-15,33750,30,0.5,0.2,best
DE,ackley,1,1124,7.549516567451064e-15,33780,30,0.5,0.2,best
DE,ackley,1,1125,7.549516567451064e-15,33810,30,0.5,0.2,best
DE,ackley,1,1126,7.549516567451064e-15,33840,30,0.5,0.2,best
DE,ackley,1,1127,7.549516567451064e-15,33870,30,0.5,0.2,best
DE,ackley,1,1128,7.549516567451064e-15,33900,30,0.5,0.2,best
DE,ackley,1,1129,7.549516567451064e-15,33930,30,0.5,0.2,best
DE,ackley,1,1130,7.549516567451064e-15,33960,30,0.5,0.2,best
DE,ackley,1,1131,7.549516567451064e-15,33990,30,0.5,0.2,best
DE,ackley,1,1132,7.549516567451064e-15,34020,30,0.5,0.2,best
DE,ackley,1,1133,7.549516567451064e-15,34050,30,0.5,0.2,best
DE,ackley,1,1134,7.549516567451064e-15,34080,30,0.5,0.2,best
DE,ackley,1,1135,7.549516567451064e-15,34110,30,0.5,0.2,best
DE,ackley,1,1136,7.549516567451064e-15,34140,30,0.5,0.2,best
DE,ackley,1,1137,7.549516567451064e-15,34170,30,0.5,0.2,best
DE,ackley,1,1138,7.549516567451064e-15,34200,30,0.5,0.2,best
DE,ackley,1,1139,7.549516567451064e-15,34230,30,0.5,0.2,best
DE,ackley,1,1140,7.549516567451064e-15,34260,30,0.5,0.2,best
DE,ackley,1,1141,7.549516567451064e-15,34290,30,0.5,0.2,best
DE,ackley,1,1142,7.549516567451064e-15,34320,30,0.5,0.2,best
DE,ackley,1,1143,7.549516567451064e-15,34350,30,0.5,0.2,best
DE,ackley,1,1144,7.549516567451064e-15,34380,30,0.5,0.2,best
DE,ackley,1,1145,7.549516567451064e-15,34410,30,0.5,0.2,best
DE,ackley,1,1146,7.549516567451064e-15,34440,30,0.5,0.2,best
DE,ackley,1,1147,7.549516567451064e-15,34470,30,0.5,0.2,best
DE,ackley,1,1148,7.549516567451064e-15,34500,30,0.5,0.2,best
DE,ackley,1,1149,7.549516567451064e-15,34530,30,0.5,0.2,best
DE,ackley,1,1150,7.549516567451064e-15,34560,30,0.5,0.2,best
DE,ackley,1,1151,7.549516567451064e-15,34590,30,0.5,0.2,best
DE,ackley,1,1152,7.549516567451064e-15,34620,30,0.5,0.2,best
DE,ackley,1,1153,7.549516567451064e-15,34650,30,0.5,0.2,best
DE,ackley,1,1154,7.549516567451064e-15,34680,30,0.5,0.2,best
DE,ackley,1,1155,7.549516567451064e-15,34710,30,0.5,0.2,best
DE,ackley,1,1156,7.549516567451064e-15,34740,30,0.5,0.2,best
DE,ackley,1,1157,7.549516567451064e-15,34770,30,0.5,0.2,best
DE,ackley,1,1158,7.549516567451064e-15,34800,30,0.5,0.2,best
DE,ackley,1,1159,7.549516567451064e-15,34830,30,0.5,0.2,best
DE,ackley,1,1160,7.549516567451064e-15,34860,30,0.5,0.2,best
DE,ackley,1,1161,7.549516567451064e-15,34890,30,0.5,0.2,best
DE,ackley,1,1162,7.549516567451064e-15,34920,30,0.5,0.2,best
DE,ackley,1,1163,7.549516567451064e-15,34950,30,0.5,0.2,best
DE,ackley,1,1164,7.549516567451064e-15,34980,30,0.5,0.2,best
DE,ackley,1,1165,7.549516567451064e-15,35010,30,0.5,0.2,best
DE,ackley,1,1166,7.549516567451064e-15,35040,30,0.5,0.2,best
DE,ackley,1,1167,7.549516567451064e-15,35070,30,0.5,0.2,best
DE,ackley,1,1168,7.549516567451064e-15,35100,30,0.5,0.2,best
DE,ackley,1,1169,7.549516567451064e-15,35130,30,0.5,0.2,best
DE,ackley,1,1170,7.549516567451064e-15,35160,30,0.5,0.2,best
DE,ackley,1,1171,7.549516567451064e-15,35190,30,0.5,0.2,best
DE,ackley,1,1172,7.549516567451064e-15,35220,30,0.5,0.2,best
DE,ackley,1,1173,7.549516567451064e-15,35250,30,0.5,0.2,best
DE,ackley,1,1174,7.549516567451064e-15,35280,30,0.5,0.2,best
DE,ackley,1,1175,7.549516567451064e-15,35310,30,0.5,0.2,best
DE,ackley,1,1176,7.549516567451064e-15,35340,30,0.5,0.2,best
DE,ackley,1,1177,7.549516567451064e-15,35370,30,0.5,0.2,best
DE,ackley,1,1178,7.549516567451064e-15,35400,30,0.5,0.2,best
DE,ackley,1,1179,7.549516567451064e-15,35430,30,0.5,0.2,best
DE,ackley,1,1180,7.549516567451064e-15,35460,30,0.5,0.2,best
DE,ackley,1,1181,7.549516567451064e-15,35490,30,0.5,0.2,best
DE,ackley,1,1182,7.549516567451064e-15,35520,30,0.5,0.2,best
DE,ackley,1,1183,7.549516567451064e-15,35550,30,0.5,0.2,best
DE,ackley,1,1184,7.549516567451064e-15,35580,30,0.5,0.2,best
DE,ackley,1,1185,7.549516567451064e-15,35610,30,0.5,0.2,best
DE,ackley,1,1186,7.549516567451064e-15,35640,30,0.5,0.2,best
DE,ackley,1,1187,7.549516567451064e-15,35670,30,0.5,0.2,best
DE,ackley,1,1188,7.549516567451064e-15,35700,30,0.5,0.2,best
DE,ackley,1,1189,7.549516567451064e-15,35730,30,0.5,0.2,best
DE,ackley,1,1190,7.549516567451064e-15,35760,30,0.5,0.2,best
DE,ackley,1,1191,7.549516567451064e-15,35790,30,0.5,0.2,best
DE,ackley,1,1192,7.549516567451064e-15,35820,30,0.5,0.2,best
DE,ackley,1,1193,7.549516567451064e-15,35850,30,0.5,0.2,best
DE,ackley,1,1194,7.549516567451064e-15,35880,30,0.5,0.2,best
DE,ackley,1,1195,7.549516567451064e-15,35910,30,0.5,0.2,best
DE,ackley,1,1196,7.549516567451064e-15,35940,30,0.5,0.2,best
DE,ackley,1,1197,7.549516567451064e-15,35970,30,0.5,0.2,best
DE,ackley,1,1198,7.549516567451064e-15,36000,30,0.5,0.2,best
DE,ackley,1,1199,7.549516567451064e-15,36030,30,0.5,0.2,best
DE,ackley,2,0,19.887621662316626,60,30,0.5,0.2,best
DE,ackley,2,1,18.800251577043685,90,30,0.5,0.2,best
DE,ackley,2,2,18.344900900609403,120,30,0.5,0.2,best
DE,ackley,2,3,16.788604758841934,150,30,0.5,0.2,best
DE,ackley,2,4,16.788604758841934,180,30,0.5,0.2,best
DE,ackley,2,5,16.46122884313477,210,30,0.5,0.2,best
DE,ackley,2,6,16.46122884313477,240,30,0.5,0.2,best
DE,ackley,2,7,15.273887935731791,270,30,0.5,0.2,best
DE,ackley,2,8,15.273887935731791,300,30,0.5,0.2,best
DE,ackley,2,9,15.273887935731791,330,30,0.5,0.2,best
DE,ackley,2,10,14.252704206678995,360,30,0.5,0.2,best
DE,ackley,2,11,14.252704206678995,390,30,0.5,0.2,best
DE,ackley,2,12,13.86729282103857,420,30,0.5,0.2,best
DE,ackley,2,13,13.509443906479644,450,30,0.5,0.2,best
DE,ackley,2,14,11.777623220269783,480,30,0.5,0.2,best
DE,ackley,2,15,10.972914142188818,510,30,0.5,0.2,best
DE,ackley,2,16,10.043209960310126,540,30,0.5,0.2,best
DE,ackley,2,17,10.043209960310126,570,30,0.5,0.2,best
DE,ackley,2,18,10.029874608030415,600,30,0.5,0.2,best
DE,ackley,2,19,10.029874608030415,630,30,0.5,0.2,best
DE,ackley,2,20,8.121003426783917,660,30,0.5,0.2,best
DE,ackley,2,21,8.121003426783917,690,30,0.5,0.2,best
DE,ackley,2,22,7.748831597651803,720,30,0.5,0.2,best
DE,ackley,2,23,7.748831597651803,750,30,0.5,0.2,best
DE,ackley,2,24,6.312490346051785,780,30,0.5,0.2,best
DE,ackley,2,25,6.312490346051785,810,30,0.5,0.2,best
DE,ackley,2,26,5.874807094263385,840,30,0.5,0.2,best
DE,ackley,2,27,4.69118947406961,870,30,0.5,0.2,best
DE,ackley,2,28,4.69118947406961,900,30,0.5,0.2,best
DE,ackley,2,29,4.69118947406961,930,30,0.5,0.2,best
DE,ackley,2,30,4.69118947406961,960,30,0.5,0.2,best
DE,ackley,2,31,4.556991877359277,990,30,0.5,0.2,best
DE,ackley,2,32,3.6845729688623483,1020,30,0.5,0.2,best
DE,ackley,2,33,3.662112042000477,1050,30,0.5,0.2,best
DE,ackley,2,34,3.6553000032385587,1080,30,0.5,0.2,best
DE,ackley,2,35,3.625244940081505,1110,30,0.5,0.2,best
DE,ackley,2,36,3.6193736774928067,1140,30,0.5,0.2,best
DE,ackley,2,37,3.1518546700255574,1170,30,0.5,0.2,best
DE,ackley,2,38,3.1518546700255574,1200,30,0.5,0.2,best
DE,ackley,2,39,2.997177650081142,1230,30,0.5,0.2,best
DE,ackley,2,40,2.997177650081142,1260,30,0.5,0.2,best
DE,ackley,2,41,2.997177650081142,1290,30,0.5,0.2,best
DE,ackley,2,42,2.163433290988284,1320,30,0.5,0.2,best
DE,ackley,2,43,1.9539305346781046,1350,30,0.5,0.2,best
DE,ackley,2,44,1.9539305346781046,1380,30,0.5,0.2,best
DE,ackley,2,45,1.9539305346781046,1410,30,0.5,0.2,best
DE,ackley,2,46,0.9561397207831743,1440,30,0.5,0.2,best
DE,ackley,2,47,0.9561397207831743,1470,30,0.5,0.2,best
DE,ackley,2,48,0.9561397207831743,1500,30,0.5,0.2,best
DE,ackley,2,49,0.8936714488871158,1530,30,0.5,0.2,best
DE,ackley,2,50,0.8470770325209611,1560,30,0.5,0.2,best
DE,ackley,2,51,0.8470770325209611,1590,30,0.5,0.2,best
DE,ackley,2,52,0.8193747112242709,1620,30,0.5,0.2,best
DE,ackley,2,53,0.7306872457491456,1650,30,0.5,0.2,best
DE,ackley,2,54,0.6288402088463418,1680,30,0.5,0.2,best
DE,ackley,2,55,0.48360737114563124,1710,30,0.5,0.2,best
DE,ackley,2,56,0.33387397224184356,1740,30,0.5,0.2,best
DE,ackley,2,57,0.32775605478595127,1770,30,0.5,0.2,best
DE,ackley,2,58,0.32775605478595127,1800,30,0.5,0.2,best
DE,ackley,2,59,0.32775605478595127,1830,30,0.5,0.2,best
DE,ackley,2,60,0.2207248580317196,1860,30,0.5,0.2,best
DE,ackley,2,61,0.18561842052922062,1890,30,0.5,0.2,best
DE,ackley,2,62,0.18561842052922062,1920,30,0.5,0.2,best
DE,ackley,2,63,0.13477163228481404,1950,30,0.5,0.2,best
DE,ackley,2,64,0.13477163228481404,1980,30,0.5,0.2,best
DE,ackley,2,65,0.13477163228481404,2010,30,0.5,0.2,best
DE,ackley,2,66,0.13477163228481404,2040,30,0.5,0.2,best
DE,ackley,2,67,0.13449088612699756,2070,30,0.5,0.2,best
DE,ackley,2,68,0.12845487288667146,2100,30,0.5,0.2,best
DE,ackley,2,69,0.1218972630564612,2130,30,0.5,0.2,best
DE,ackley,2,70,0.06652145084974892,2160,30,0.5,0.2,best
DE,ackley,2,71,0.06398667234581312,2190,30,0.5,0.2,best
DE,ackley,2,72,0.055633093122378074,2220,30,0.5,0.2,best
DE,ackley,2,73,0.04649471553344897,2250,30,0.5,0.2,best
DE,ackley,2,74,0.04649471553344897,2280,30,0.5,0.2,best
DE,ackley,2,75,0.04459940987435518,2310,30,0.5,0.2,best
DE,ackley,2,76,0.038567798612636484,2340,30,0.5,0.2,best
DE,ackley,2,77,0.03840552622622839,2370,30,0.5,0.2,best
DE,ackley,2,78,0.03840552622622839,2400,30,0.5,0.2,best
DE,ackley,2,79,0.03840552622622839,2430,30,0.5,0.2,best
DE,ackley,2,80,0.033865641107646116,2460,30,0.5,0.2,best
DE,ackley,2,81,0.02866309860552052,2490,30,0.5,0.2,best
DE,ackley,2,82,0.02853136119044608,2520,30,0.5,0.2,best
DE,ackley,2,83,0.022929647612596415,2550,30,0.5,0.2,best
DE,ackley,2,84,0.022929647612596415,2580,30,0.5,0.2,best
DE,ackley,2,85,0.022929647612596415,2610,30,0.5,0.2,best
DE,ackley,2,86,0.018107983536804984,2640,30,0.5,0.2,best
DE,ackley,2,87,0.016988297984067646,2670,30,0.5,0.2,best
DE,ackley,2,88,0.013741543292944858,2700,30,0.5,0.2,best
DE,ackley,2,89,0.01290215170189457,2730,30,0.5,0.2,best
DE,ackley,2,90,0.01290215170189457,2760,30,0.5,0.2,best
DE,ackley,2,91,0.00986030241125535,2790,30,0.5,0.2,best
DE,ackley,2,92,0.008733282587499946,2820,30,0.5,0.2,best
DE,ackley,2,93,0.008065045815538685,2850,30,0.5,0.2,best
DE,ackley,2,94,0.007185754625471663,2880,30,0.5,0.2,best
DE,ackley,2,95,0.006804209344256851,2910,30,0.5,0.2,best
DE,ackley,2,96,0.006804209344256851,2940,30,0.5,0.2,best
DE,ackley,2,97,0.0042740766408937425,2970,30,0.5,0.2,best
DE,ackley,2,98,0.004251875944664807,3000,30,0.5,0.2,best
DE,ackley,2,99,0.004251875944664807,3030,30,0.5,0.2,best
DE,ackley,2,100,0.004251875944664807,3060,30,0.5,0.2,best
DE,ackley,2,101,0.003986716379273947,3090,30,0.5,0.2,best
DE,ackley,2,102,0.003986716379273947,3120,30,0.5,0.2,best
DE,ackley,2,103,0.003986716379273947,3150,30,0.5,0.2,best
DE,ackley,2,104,0.0031605735961339754,3180,30,0.5,0.2,best
DE,ackley,2,105,0.0028844706108377416,3210,30,0.5,0.2,best
DE,ackley,2,106,0.002452248085476061,3240,30,0.5,0.2,best
DE,ackley,2,107,0.002319966538597118,3270,30,0.5,0.2,best
DE,ackley,2,108,0.0019668364809928285,3300,30,0.5,0.2,best
DE,ackley,2,109,0.0019668364809928285,3330,30,0.5,0.2,best
DE,ackley,2,110,0.0019668364809928285,3360,30,0.5,0.2,best
DE,ackley,2,111,0.0017018203585696945,3390,30,0.5,0.2,best
DE,ackley,2,112,0.0016507151757036986,3420,30,0.5,0.2,best
DE,ackley,2,113,0.0016507151757036986,3450,30,0.5,0.2,best
DE,ackley,2,114,0.0014934286405687835,3480,30,0.5,0.2,best
DE,ackley,2,115,0.0014625072513614334,3510,30,0.5,0.2,best
DE,ackley,2,116,0.0010561305293852463,3540,30,0.5,0.2,best
DE,ackley,2,117,0.0010561305293852463,3570,30,0.5,0.2,best
DE,ackley,2,118,0.0010561305293852463,3600,30,0.5,0.2,best
DE,ackley,2,119,0.0010561305293852463,3630,30,0.5,0.2,best
DE,ackley,2,120,0.0006876207469557194,3660,30,0.5,0.2,best
DE,ackley,2,121,0.0006746350982287375,3690,30,0.5,0.2,best
DE,ackley,2,122,0.0006746350982287375,3720,30,0.5,0.2,best
DE,ackley,2,123,0.0006746350982287375,3750,30,0.5,0.2,best
DE,ackley,2,124,0.0006746350982287375,3780,30,0.5,0.2,best
DE,ackley,2,125,0.0006746350982287375,3810,30,0.5,0.2,best
DE,ackley,2,126,0.0005624198908731337,3840,30,0.5,0.2,best
DE,ackley,2,127,0.0005037935973573049,3870,30,0.5,0.2,best
DE,ackley,2,128,0.0003879410222471513,3900,30,0.5,0.2,best
DE,ackley,2,129,0.000357488772774861,3930,30,0.5,0.2,best
DE,ackley,2,130,0.000357488772774861,3960,30,0.5,0.2,best
DE,ackley,2,131,0.0003200391982365325,3990,30,0.5,0.2,best
DE,ackley,2,132,0.00029155390629087563,4020,30,0.5,0.2,best
DE,ackley,2,133,0.00029155390629087563,4050,30,0.5,0.2,best
DE,ackley,2,134,0.0001864468590864199,4080,30,0.5,0.2,best
DE,ackley,2,135,0.0001591282842032804,4110,30,0.5,0.2,best
DE,ackley,2,136,0.0001591282842032804,4140,30,0.5,0.2,best
DE,ackley,2,137,0.0001591282842032804,4170,30,0.5,0.2,best
DE,ackley,2,138,0.0001591282842032804,4200,30,0.5,0.2,best
DE,ackley,2,139,0.0001591282842032804,4230,30,0.5,0.2,best
DE,ackley,2,140,0.00013108916189752406,4260,30,0.5,0.2,best
DE,ackley,2,141,0.0001281479317118972,4290,30,0.5,0.2,best
DE,ackley,2,142,0.00011490896111299165,4320,30,0.5,0.2,best
DE,ackley,2,143,0.00011490896111299165,4350,30,0.5,0.2,best
DE,ackley,2,144,0.00010894465870281422,4380,30,0.5,0.2,best
DE,ackley,2,145,0.00010894465870281422,4410,30,0.5,0.2,best
DE,ackley,2,146,6.638398265268464e-05,4440,30,0.5,0.2,best
DE,ackley,2,147,6.638398265268464e-05,4470,30,0.5,0.2,best
DE,ackley,2,148,6.638398265268464e-05,4500,30,0.5,0.2,best
DE,ackley,2,149,6.638398265268464e-05,4530,30,0.5,0.2,best
DE,ackley,2,150,5.5697504653284824e-05,4560,30,0.5,0.2,best
DE,ackley,2,151,5.397043872479301e-05,4590,30,0.5,0.2,best
DE,ackley,2,152,5.397043872479301e-05,4620,30,0.5,0.2,best
DE,ackley,2,153,5.397043872479301e-05,4650,30,0.5,0.2,best
DE,ackley,2,154,5.397043872479301e-05,4680,30,0.5,0.2,best
DE,ackley,2,155,3.190200920188957e-05,4710,30,0.5,0.2,best
DE,ackley,2,156,3.190200920188957e-05,4740,30,0.5,0.2,best
DE,ackley,2,157,2.259042270269518e-05,4770,30,0.5,0.2,best
DE,ackley,2,158,2.259042270269518e-05,4800,30,0.5,0.2,best
DE,ackley,2,159,2.0033897471183337e-05,4830,30,0.5,0.2,best
DE,ackley,2,160,1.691841845330444e-05,4860,30,0.5,0.2,best
DE,ackley,2,161,1.498396094179455e-05,4890,30,0.5,0.2,best
DE,ackley,2,162,1.3578490350329986e-05,4920,30,0.5,0.2,best
DE,ackley,2,163,1.3578490350329986e-05,4950,30,0.5,0.2,best
DE,ackley,2,164,1.3578490350329986e-05,4980,30,0.5,0.2,best
DE,ackley,2,165,1.3578490350329986e-05,5010,30,0.5,0.2,best
DE,ackley,2,166,1.1679537700093334e-05,5040,30,0.5,0.2,best
DE,ackley,2,167,1.1662993376848618e-05,5070,30,0.5,0.2,best
DE,ackley,2,168,1.1106327573617847e-05,5100,30,0.5,0.2,best
DE,ackley,2,169,8.701991224047134e-06,5130,30,0.5,0.2,best
DE,ackley,2,170,7.98949758307188e-06,5160,30,0.5,0.2,best
DE,ackley,2,171,7.98949758307188e-06,5190,30,0.5,0.2,best
DE,ackley,2,172,7.901223441297844e-06,5220,30,0.5,0.2,best
DE,ackley,2,173,5.6526793845712575e-06,5250,30,0.5,0.2,best
DE,ackley,2,174,5.2374458801018875e-06,5280,30,0.5,0.2,best
DE,ackley,2,175,3.893933151477569e-06,5310,30,0.5,0.2,best
DE,ackley,2,176,3.893933151477569e-06,5340,30,0.5,0.2,best
DE,ackley,2,177,3.785200509032194e-06,5370,30,0.5,0.2,best
DE,ackley,2,178,3.785200509032194e-06,5400,30,0.5,0.2,best
DE,ackley,2,179,3.510895180358631e-06,5430,30,0.5,0.2,best
DE,ackley,2,180,3.510895180358631e-06,5460,30,0.5,0.2,best
DE,ackley,2,181,3.3363348106441038e-06,5490,30,0.5,0.2,best
DE,ackley,2,182,3.068200545630617e-06,5520,30,0.5,0.2,best
DE,ackley,2,183,2.4206606110688256e-06,5550,30,0.5,0.2,best
DE,ackley,2,184,2.4206606110688256e-06,5580,30,0.5,0.2,best
DE,ackley,2,185,2.238160437872949e-06,5610,30,0.5,0.2,best
DE,ackley,2,186,2.1496175439672527e-06,5640,30,0.5,0.2,best
DE,ackley,2,187,1.8899895057877814e-06,5670,30,0.5,0.2,best
DE,ackley,2,188,1.8899895057877814e-06,5700,30,0.5,0.2,best
DE,ackley,2,189,1.3353396188797717e-06,5730,30,0.5,0.2,best
DE,ackley,2,190,1.3353396188797717e-06,5760,30,0.5,0.2,best
DE,ackley,2,191,1.2646285623141296e-06,5790,30,0.5,0.2,best
DE,ackley,2,192,1.1431657616078894e-06,5820,30,0.5,0.2,best
DE,ackley,2,193,1.102379176831647e-06,5850,30,0.5,0.2,best
DE,ackley,2,194,1.0091371724918474e-06,5880,30,0.5,0.2,best
DE,ackley,2,195,7.845811968998362e-07,5910,30,0.5,0.2,best
DE,ackley,2,196,6.937763044057021e-07,5940,30,0.5,0.2,best
DE,ackley,2,197,6.105017580360084e-07,5970,30,0.5,0.2,best
DE,ackley,2,198,6.105017580360084e-07,6000,30,0.5,0.2,best
DE,ackley,2,199,5.575116621692189e-07,6030,30,0.5,0.2,best
DE,ackley,2,200,5.575116621692189e-07,6060,30,0.5,0.2,best
DE,ackley,2,201,5.575116621692189e-07,6090,30,0.5,0.2,best
DE,ackley,2,202,4.4009736699379687e-07,6120,30,0.5,0.2,best
DE,ackley,2,203,4.278851091221725e-07,6150,30,0.5,0.2,best
DE,ackley,2,204,4.00264437150355e-07,6180,30,0.5,0.2,best
DE,ackley,2,205,3.4092269673990927e-07,6210,30,0.5,0.2,best
DE,ackley,2,206,3.4092269673990927e-07,6240,30,0.5,0.2,best
DE,ackley,2,207,2.222613777469462e-07,6270,30,0.5,0.2,best
DE,ackley,2,208,2.222613777469462e-07,6300,30,0.5,0.2,best
DE,ackley,2,209,1.7971874344269168e-07,6330,30,0.5,0.2,best
DE,ackley,2,210,1.7971874344269168e-07,6360,30,0.5,0.2,best
DE,ackley,2,211,1.5570129763275986e-07,6390,30,0.5,0.2,best
DE,ackley,2,212,1.5570129763275986e-07,6420,30,0.5,0.2,best
DE,ackley,2,213,1.3238710794283293e-07,6450,30,0.5,0.2,best
DE,ackley,2,214,1.3238710794283293e-07,6480,30,0.5,0.2,best
DE,ackley,2,215,1.2932408965937725e-07,6510,30,0.5,0.2,best
DE,ackley,2,216,1.046201387744361e-07,6540,30,0.5,0.2,best
DE,ackley,2,217,1.046201387744361e-07,6570,30,0.5,0.2,best
DE,ackley,2,218,8.157307052059082e-08,6600,30,0.5,0.2,best
DE,ackley,2,219,8.157307052059082e-08,6630,30,0.5,0.2,best
DE,ackley,2,220,5.4696681406340986e-08,6660,30,0.5,0.2,best
DE,ackley,2,221,5.4696681406340986e-08,6690,30,0.5,0.2,best
DE,ackley,2,222,5.4696681406340986e-08,6720,30,0.5,0.2,best
DE,ackley,2,223,5.4696681406340986e-08,6750,30,0.5,0.2,best
DE,ackley,2,224,4.7086075927182947e-08,6780,30,0.5,0.2,best
DE,ackley,2,225,4.7086075927182947e-08,6810,30,0.5,0.2,best
DE,ackley,2,226,4.239219153490126e-08,6840,30,0.5,0.2,best
DE,ackley,2,227,3.217245536646374e-08,6870,30,0.5,0.2,best
DE,ackley,2,228,3.217245536646374e-08,6900,30,0.5,0.2,best
DE,ackley,2,229,3.217245536646374e-08,6930,30,0.5,0.2,best
DE,ackley,2,230,3.161714134947147e-08,6960,30,0.5,0.2,best
DE,ackley,2,231,3.0763044112092075e-08,6990,30,0.5,0.2,best
DE,ackley,2,232,2.862011116988583e-08,7020,30,0.5,0.2,best
DE,ackley,2,233,2.4209036997291378e-08,7050,30,0.5,0.2,best
DE,ackley,2,234,2.0970518210816635e-08,7080,30,0.5,0.2,best
DE,ackley,2,235,1.8163504922341644e-08,7110,30,0.5,0.2,best
DE,ackley,2,236,1.8163504922341644e-08,7140,30,0.5,0.2,best
DE,ackley,2,237,1.8163504922341644e-08,7170,30,0.5,0.2,best
DE,ackley,2,238,1.3921635844127422e-08,7200,30,0.5,0.2,best
DE,ackley,2,239,1.3710132140687392e-08,7230,30,0.5,0.2,best
DE,ackley,2,240,7.307253913069189e-09,7260,30,0.5,0.2,best
DE,ackley,2,241,7.307253913069189e-09,7290,30,0.5,0.2,best
DE,ackley,2,242,7.307253913069189e-09,7320,30,0.5,0.2,best
DE,ackley,2,243,7.307253913069189e-09,7350,30,0.5,0.2,best
DE,ackley,2,244,7.307253913069189e-09,7380,30,0.5,0.2,best
DE,ackley,2,245,6.82287337738785e-09,7410,30,0.5,0.2,best
DE,ackley,2,246,4.88702101009153e-09,7440,30,0.5,0.2,best
DE,ackley,2,247,4.88702101009153e-09,7470,30,0.5,0.2,best
DE,ackley,2,248,4.635904549132874e-09,7500,30,0.5,0.2,best
DE,ackley,2,249,2.816428423813022e-09,7530,30,0.5,0.2,best
DE,ackley,2,250,2.816428423813022e-09,7560,30,0.5,0.2,best
DE,ackley,2,251,2.787758024425102e-09,7590,30,0.5,0.2,best
DE,ackley,2,252,2.787758024425102e-09,7620,30,0.5,0.2,best
DE,ackley,2,253,2.750003336160489e-09,7650,30,0.5,0.2,best
DE,ackley,2,254,2.750003336160489e-09,7680,30,0.5,0.2,best
DE,ackley,2,255,2.7456832363270678e-09,7710,30,0.5,0.2,best
DE,ackley,2,256,2.438366397683467e-09,7740,30,0.5,0.2,best
DE,ackley,2,257,2.1585333520590666e-09,7770,30,0.5,0.2,best
DE,ackley,2,258,2.1585333520590666e-09,7800,30,0.5,0.2,best
DE,ackley,2,259,2.1585333520590666e-09,7830,30,0.5,0.2,best
DE,ackley,2,260,1.9752559587971064e-09,7860,30,0.5,0.2,best
DE,ackley,2,261,1.699341556360423e-09,7890,30,0.5,0.2,best
DE,ackley,2,262,1.635072965910922e-09,7920,30,0.5,0.2,best
DE,ackley,2,263,1.635072965910922e-09,7950,30,0.5,0.2,best
DE,ackley,2,264,1.2285394923594595e-09,7980,30,0.5,0.2,best
DE,ackley,2,265,1.0460472488205141e-09,8010,30,0.5,0.2,best
DE,ackley,2,266,9.04652797117933e-10,8040,30,0.5,0.2,best
DE,ackley,2,267,9.04652797117933e-10,8070,30,0.5,0.2,best
DE,ackley,2,268,9.04652797117933e-10,8100,30,0.5,0.2,best
DE,ackley,2,269,8.4059736948916e-10,8130,30,0.5,0.2,best
DE,ackley,2,270,6.774105720808166e-10,8160,30,0.5,0.2,best
DE,ackley,2,271,6.774105720808166e-10,8190,30,0.5,0.2,best
DE,ackley,2,272,6.225495674527792e-10,8220,30,0.5,0.2,best
DE,ackley,2,273,4.738152092897963e-10,8250,30,0.5,0.2,best
DE,ackley,2,274,4.6156900523897093e-10,8280,30,0.5,0.2,best
DE,ackley,2,275,4.3836267948904606e-10,8310,30,0.5,0.2,best
DE,ackley,2,276,4.3836267948904606e-10,8340,30,0.5,0.2,best
DE,ackley,2,277,4.3836267948904606e-10,8370,30,0.5,0.2,best
DE,ackley,2,278,3.386095848156856e-10,8400,30,0.5,0.2,best
DE,ackley,2,279,3.386095848156856e-10,8430,30,0.5,0.2,best
DE,ackley,2,280,3.051607855297789e-10,8460,30,0.5,0.2,best
DE,ackley,2,281,2.6296520516666533e-10,8490,30,0.5,0.2,best
DE,ackley,2,282,2.6044988388207457e-10,8520,30,0.5,0.2,best
DE,ackley,2,283,1.947211281105865e-10,8550,30,0.5,0.2,best
DE,ackley,2,284,1.947211281105865e-10,8580,30,0.5,0.2,best
DE,ackley,2,285,1.393165582896927e-10,8610,30,0.5,0.2,best
DE,ackley,2,286,1.3607648341462664e-10,8640,30,0.5,0.2,best
DE,ackley,2,287,1.3607648341462664e-10,8670,30,0.5,0.2,best
DE,ackley,2,288,1.2776313340623346e-10,8700,30,0.5,0.2,best
DE,ackley,2,289,1.2776313340623346e-10,8730,30,0.5,0.2,best
DE,ackley,2,290,1.202882238260372e-10,8760,30,0.5,0.2,best
DE,ackley,2,291,7.808553803556606e-11,8790,30,0.5,0.2,best
DE,ackley,2,292,7.808553803556606e-11,8820,30,0.5,0.2,best
DE,ackley,2,293,7.62025997858018e-11,8850,30,0.5,0.2,best
DE,ackley,2,294,6.227951487858263e-11,8880,30,0.5,0.2,best
DE,ackley,2,295,5.8126392588064846e-11,8910,30,0.5,0.2,best
DE,ackley,2,296,5.055555973854098e-11,8940,30,0.5,0.2,best
DE,ackley,2,297,4.452305191193773e-11,8970,30,0.5,0.2,best
DE,ackley,2,298,4.452305191193773e-11,9000,30,0.5,0.2,best
DE,ackley,2,299,3.7545522246773544e-11,9030,30,0.5,0.2,best
DE,ackley,2,300,3.7545522246773544e-11,9060,30,0.5,0.2,best
DE,ackley,2,301,3.752420596470074e-11,9090,30,0.5,0.2,best
DE,ackley,2,302,2.1536994410098487e-11,9120,30,0.5,0.2,best
DE,ackley,2,303,2.1536994410098487e-11,9150,30,0.5,0.2,best
DE,ackley,2,304,1.850297692840286e-11,9180,30,0.5,0.2,best
DE,ackley,2,305,1.850297692840286e-11,9210,30,0.5,0.2,best
DE,ackley,2,306,1.8140600133165208e-11,9240,30,0.5,0.2,best
DE,ackley,2,307,1.503552837789357e-11,9270,30,0.5,0.2,best
DE,ackley,2,308,1.503552837789357e-11,9300,30,0.5,0.2,best
DE,ackley,2,309,1.4658940727940717e-11,9330,30,0.5,0.2,best
DE,ackley,2,310,1.3284040534244923e-11,9360,30,0.5,0.2,best
DE,ackley,2,311,8.786305016883489e-12,9390,30,0.5,0.2,best
DE,ackley,2,312,8.786305016883489e-12,9420,30,0.5,0.2,best
DE,ackley,2,313,8.786305016883489e-12,9450,30,0.5,0.2,best
DE,ackley,2,314,8.786305016883489e-12,9480,30,0.5,0.2,best
DE,ackley,2,315,8.22142354195421e-12,9510,30,0.5,0.2,best
DE,ackley,2,316,6.686651232712393e-12,9540,30,0.5,0.2,best
DE,ackley,2,317,6.498357407735966e-12,9570,30,0.5,0.2,best
DE,ackley,2,318,6.189271317680323e-12,9600,30,0.5,0.2,best
DE,ackley,2,319,5.873079800267078e-12,9630,30,0.5,0.2,best
DE,ackley,2,320,5.823341808763871e-12,9660,30,0.5,0.2,best
DE,ackley,2,321,5.3650417441986065e-12,9690,30,0.5,0.2,best
DE,ackley,2,322,5.3650417441986065e-12,9720,30,0.5,0.2,best
DE,ackley,2,323,4.697131572584112e-12,9750,30,0.5,0.2,best
DE,ackley,2,324,4.697131572584112e-12,9780,30,0.5,0.2,best
DE,ackley,2,325,3.489208921791942e-12,9810,30,0.5,0.2,best
DE,ackley,2,326,3.489208921791942e-12,9840,30,0.5,0.2,best
DE,ackley,2,327,3.112621271839089e-12,9870,30,0.5,0.2,best
DE,ackley,2,328,2.7431390492438368e-12,9900,30,0.5,0.2,best
DE,ackley,2,329,2.5228708011582057e-12,9930,30,0.5,0.2,best
DE,ackley,2,330,2.000621890374532e-12,9960,30,0.5,0.2,best
DE,ackley,2,331,1.4712675522332574e-12,9990,30,0.5,0.2,best
DE,ackley,2,332,1.4712675522332574e-12,10020,30,0.5,0.2,best
DE,ackley,2,333,1.4712675522332574e-12,10050,30,0.5,0.2,best
DE,ackley,2,334,1.1302070390684094e-12,10080,30,0.5,0.2,best
DE,ackley,2,335,1.1302070390684094e-12,10110,30,0.5,0.2,best
DE,ackley,2,336,1.1302070390684094e-12,10140,30,0.5,0.2,best
DE,ackley,2,337,1.0982326159592048e-12,10170,30,0.5,0.2,best
DE,ackley,2,338,9.348077867343818e-13,10200,30,0.5,0.2,best
DE,ackley,2,339,8.140155216551648e-13,10230,30,0.5,0.2,best
DE,ackley,2,340,7.038813976123492e-13,10260,30,0.5,0.2,best
DE,ackley,2,341,7.038813976123492e-13,10290,30,0.5,0.2,best
DE,ackley,2,342,6.292744103575387e-13,10320,30,0.5,0.2,best
DE,ackley,2,343,6.079581282847357e-13,10350,30,0.5,0.2,best
DE,ackley,2,344,5.759837051755312e-13,10380,30,0.5,0.2,best
DE,ackley,2,345,4.587441537751147e-13,10410,30,0.5,0.2,best
DE,ackley,2,346,4.2676973066591017e-13,10440,30,0.5,0.2,best
DE,ackley,2,347,4.2676973066591017e-13,10470,30,0.5,0.2,best
DE,ackley,2,348,4.2676973066591017e-13,10500,30,0.5,0.2,best
DE,ackley,2,349,3.6637359812630166e-13,10530,30,0.5,0.2,best
DE,ackley,2,350,3.3439917501709715e-13,10560,30,0.5,0.2,best
DE,ackley,2,351,3.3439917501709715e-13,10590,30,0.5,0.2,best
DE,ackley,2,352,3.1663560662309465e-13,10620,30,0.5,0.2,best
DE,ackley,2,353,2.9176661087149114e-13,10650,30,0.5,0.2,best
DE,ackley,2,354,2.4558133304708463e-13,10680,30,0.5,0.2,best
DE,ackley,2,355,1.389999226830696e-13,10710,30,0.5,0.2,best
DE,ackley,2,356,1.389999226830696e-13,10740,30,0.5,0.2,best
DE,ackley,2,357,1.389999226830696e-13,10770,30,0.5,0.2,best
DE,ackley,2,358,6.794564910705958e-14,10800,30,0.5,0.2,best
DE,ackley,2,359,6.794564910705958e-14,10830,30,0.5,0.2,best
DE,ackley,2,360,6.794564910705958e-14,10860,30,0.5,0.2,best
DE,ackley,2,361,6.794564910705958e-14,10890,30,0.5,0.2,best
DE,ackley,2,362,6.794564910705958e-14,10920,30,0.5,0.2,best
DE,ackley,2,363,6.439293542825908e-14,10950,30,0.5,0.2,best
DE,ackley,2,364,6.439293542825908e-14,10980,30,0.5,0.2,best
DE,ackley,2,365,6.084022174945858e-14,11010,30,0.5,0.2,best
DE,ackley,2,366,5.728750807065808e-14,11040,30,0.5,0.2,best
DE,ackley,2,367,5.3734794391857577e-14,11070,30,0.5,0.2,best
DE,ackley,2,368,5.3734794391857577e-14,11100,30,0.5,0.2,best
DE,ackley,2,369,5.3734794391857577e-14,11130,30,0.5,0.2,best
DE,ackley,2,370,4.6629367034256575e-14,11160,30,0.5,0.2,best
DE,ackley,2,371,4.3076653355456074e-14,11190,30,0.5,0.2,best
DE,ackley,2,372,4.3076653355456074e-14,11220,30,0.5,0.2,best
DE,ackley,2,373,3.952393967665557e-14,11250,30,0.5,0.2,best
DE,ackley,2,374,3.241851231905457e-14,11280,30,0.5,0.2,best
DE,ackley,2,375,3.241851231905457e-14,11310,30,0.5,0.2,best
DE,ackley,2,376,2.531308496145357e-14,11340,30,0.5,0.2,best
DE,ackley,2,377,1.8207657603852567e-14,11370,30,0.5,0.2,best
DE,ackley,2,378,1.4654943925052066e-14,11400,30,0.5,0.2,best
DE,ackley,2,379,1.4654943925052066e-14,11430,30,0.5,0.2,best
DE,ackley,2,380,1.1102230246251565e-14,11460,30,0.5,0.2,best
DE,ackley,2,381,1.1102230246251565e-14,11490,30,0.5,0.2,best
DE,ackley,2,382,1.1102230246251565e-14,11520,30,0.5,0.2,best
DE,ackley,2,383,1.1102230246251565e-14,11550,30,0.5,0.2,best
DE,ackley,2,384,7.549516567451064e-15,11580,30,0.5,0.2,best
DE,ackley,2,385,7.549516567451064e-15,11610,30,0.5,0.2,best
DE,ackley,2,386,7.549516567451064e-15,11640,30,0.5,0.2,best
DE,ackley,2,387,7.549516567451064e-15,11670,30,0.5,0.2,best
DE,ackley,2,388,7.549516567451064e-15,11700,30,0.5,0.2,best
DE,ackley,2,389,7.549516567451064e-15,11730,30,0.5,0.2,best
DE,ackley,2,390,7.549516567451064e-15,11760,30,0.5,0.2,best
DE,ackley,2,391,7.549516567451064e-15,11790,30,0.5,0.2,best
DE,ackley,2,392,7.549516567451064e-15,11820,30,0.5,0.2,best
DE,ackley,2,393,7.549516567451064e-15,11850,30,0.5,0.2,best
DE,ackley,2,394,3.9968028886505635e-15,11880,30,0.5,0.2,best
DE,ackley,2,395,3.9968028886505635e-15,11910,30,0.5,0.2,best
DE,ackley,2,396,3.9968028886505635e-15,11940,30,0.5,0.2,best
DE,ackley,2,397,3.9968028886505635e-15,11970,30,0.5,0.2,best
DE,ackley,2,398,3.9968028886505635e-15,12000,30,0.5,0.2,best
DE,ackley,2,399,3.9968028886505635e-15,12030,30,0.5,0.2,best
DE,ackley,2,400,3.9968028886505635e-15,12060,30,0.5,0.2,best
DE,ackley,2,401,3.9968028886505635e-15,12090,30,0.5,0.2,best
DE,ackley,2,402,3.9968028886505635e-15,12120,30,0.5,0.2,best
DE,ackley,2,403,3.9968028886505635e-15,12150,30,0.5,0.2,best
DE,ackley,2,404,3.9968028886505635e-15,12180,30,0.5,0.2,best
DE,ackley,2,405,3.9968028886505635e-15,12210,30,0.5,0.2,best
DE,ackley,2,406,3.9968028886505635e-15,12240,30,0.5,0.2,best
DE,ackley,2,407,3.9968028886505635e-15,12270,30,0.5,0.2,best
DE,ackley,2,408,3.9968028886505635e-15,12300,30,0.5,0.2,best
DE,ackley,2,409,3.9968028886505635e-15,12330,30,0.5,0.2,best
DE,ackley,2,410,3.9968028886505635e-15,12360,30,0.5,0.2,best
DE,ackley,2,411,3.9968028886505635e-15,12390,30,0.5,0.2,best
DE,ackley,2,412,3.9968028886505635e-15,12420,30,0.5,0.2,best
DE,ackley,2,413,3.9968028886505635e-15,12450,30,0.5,0.2,best
DE,ackley,2,414,3.9968028886505635e-15,12480,30,0.5,0.2,best
DE,ackley,2,415,3.9968028886505635e-15,12510,30,0.5,0.2,best
DE,ackley,2,416,3.9968028886505635e-15,12540,30,0.5,0.2,best
DE,ackley,2,417,3.9968028886505635e-15,12570,30,0.5,0.2,best
DE,ackley,2,418,3.9968028886505635e-15,12600,30,0.5,0.2,best
DE,ackley,2,419,3.9968028886505635e-15,12630,30,0.5,0.2,best
DE,ackley,2,420,3.9968028886505635e-15,12660,30,0.5,0.2,best
DE,ackley,2,421,3.9968028886505635e-15,12690,30,0.5,0.2,best
DE,ackley,2,422,3.9968028886505635e-15,12720,30,0.5,0.2,best
DE,ackley,2,423,3.9968028886505635e-15,12750,30,0.5,0.2,best
DE,ackley,2,424,3.9968028886505635e-15,12780,30,0.5,0.2,best
DE,ackley,2,425,3.9968028886505635e-15,12810,30,0.5,0.2,best
DE,ackley,2,426,3.9968028886505635e-15,12840,30,0.5,0.2,best
DE,ackley,2,427,3.9968028886505635e-15,12870,30,0.5,0.2,best
DE,ackley,2,428,3.9968028886505635e-15,12900,30,0.5,0.2,best
DE,ackley,2,429,3.9968028886505635e-15,12930,30,0.5,0.2,best
DE,ackley,2,430,3.9968028886505635e-15,12960,30,0.5,0.2,best
DE,ackley,2,431,3.9968028886505635e-15,12990,30,0.5,0.2,best
DE,ackley,2,432,3.9968028886505635e-15,13020,30,0.5,0.2,best
DE,ackley,2,433,3.9968028886505635e-15,13050,30,0.5,0.2,best
DE,ackley,2,434,3.9968028886505635e-15,13080,30,0.5,0.2,best
DE,ackley,2,435,3.9968028886505635e-15,13110,30,0.5,0.2,best
DE,ackley,2,436,3.9968028886505635e-15,13140,30,0.5,0.2,best
DE,ackley,2,437,3.9968028886505635e-15,13170,30,0.5,0.2,best
DE,ackley,2,438,3.9968028886505635e-15,13200,30,0.5,0.2,best
DE,ackley,2,439,3.9968028886505635e-15,13230,30,0.5,0.2,best
DE,ackley,2,440,3.9968028886505635e-15,13260,30,0.5,0.2,best
DE,ackley,2,441,3.9968028886505635e-15,13290,30,0.5,0.2,best
DE,ackley,2,442,3.9968028886505635e-15,13320,30,0.5,0.2,best
DE,ackley,2,443,3.9968028886505635e-15,13350,30,0.5,0.2,best
DE,ackley,2,444,3.9968028886505635e-15,13380,30,0.5,0.2,best
DE,ackley,2,445,3.9968028886505635e-15,13410,30,0.5,0.2,best
DE,ackley,2,446,3.9968028886505635e-15,13440,30,0.5,0.2,best
DE,ackley,2,447,3.9968028886505635e-15,13470,30,0.5,0.2,best
DE,ackley,2,448,3.9968028886505635e-15,13500,30,0.5,0.2,best
DE,ackley,2,449,3.9968028886505635e-15,13530,30,0.5,0.2,best
DE,ackley,2,450,3.9968028886505635e-15,13560,30,0.5,0.2,best
DE,ackley,2,451,3.9968028886505635e-15,13590,30,0.5,0.2,best
DE,ackley,2,452,3.9968028886505635e-15,13620,30,0.5,0.2,best
DE,ackley,2,453,3.9968028886505635e-15,13650,30,0.5,0.2,best
DE,ackley,2,454,3.9968028886505635e-15,13680,30,0.5,0.2,best
DE,ackley,2,455,3.9968028886505635e-15,13710,30,0.5,0.2,best
DE,ackley,2,456,3.9968028886505635e-15,13740,30,0.5,0.2,best
DE,ackley,2,457,3.9968028886505635e-15,13770,30,0.5,0.2,best
DE,ackley,2,458,3.9968028886505635e-15,13800,30,0.5,0.2,best
DE,ackley,2,459,3.9968028886505635e-15,13830,30,0.5,0.2,best
DE,ackley,2,460,3.9968028886505635e-15,13860,30,0.5,0.2,best
DE,ackley,2,461,3.9968028886505635e-15,13890,30,0.5,0.2,best
DE,ackley,2,462,3.9968028886505635e-15,13920,30,0.5,0.2,best
DE,ackley,2,463,3.9968028886505635e-15,13950,30,0.5,0.2,best
DE,ackley,2,464,3.9968028886505635e-15,13980,30,0.5,0.2,best
DE,ackley,2,465,3.9968028886505635e-15,14010,30,0.5,0.2,best
DE,ackley,2,466,3.9968028886505635e-15,14040,30,0.5,0.2,best
DE,ackley,2,467,3.9968028886505635e-15,14070,30,0.5,0.2,best
DE,ackley,2,468,3.9968028886505635e-15,14100,30,0.5,0.2,best
DE,ackley,2,469,3.9968028886505635e-15,14130,30,0.5,0.2,best
DE,ackley,2,470,3.9968028886505635e-15,14160,30,0.5,0.2,best
DE,ackley,2,471,3.9968028886505635e-15,14190,30,0.5,0.2,best
DE,ackley,2,472,3.9968028886505635e-15,14220,30,0.5,0.2,best
DE,ackley,2,473,3.9968028886505635e-15,14250,30,0.5,0.2,best
DE,ackley,2,474,3.9968028886505635e-15,14280,30,0.5,0.2,best
DE,ackley,2,475,3.9968028886505635e-15,14310,30,0.5,0.2,best
DE,ackley,2,476,3.9968028886505635e-15,14340,30,0.5,0.2,best
DE,ackley,2,477,3.9968028886505635e-15,14370,30,0.5,0.2,best
DE,ackley,2,478,3.9968028886505635e-15,14400,30,0.5,0.2,best
DE,ackley,2,479,3.9968028886505635e-15,14430,30,0.5,0.2,best
DE,ackley,2,480,3.9968028886505635e-15,14460,30,0.5,0.2,best
DE,ackley,2,481,3.9968028886505635e-15,14490,30,0.5,0.2,best
DE,ackley,2,482,3.9968028886505635e-15,14520,30,0.5,0.2,best
DE,ackley,2,483,3.9968028886505635e-15,14550,30,0.5,0.2,best
DE,ackley,2,484,3.9968028886505635e-15,14580,30,0.5,0.2,best
DE,ackley,2,485,3.9968028886505635e-15,14610,30,0.5,0.2,best
DE,ackley,2,486,3.9968028886505635e-15,14640,30,0.5,0.2,best
DE,ackley,2,487,3.9968028886505635e-15,14670,30,0.5,0.2,best
DE,ackley,2,488,3.9968028886505635e-15,14700,30,0.5,0.2,best
DE,ackley,2,489,3.9968028886505635e-15,14730,30,0.5,0.2,best
DE,ackley,2,490,3.9968028886505635e-15,14760,30,0.5,0.2,best
DE,ackley,2,491,3.9968028886505635e-15,14790,30,0.5,0.2,best
DE,ackley,2,492,3.9968028886505635e-15,14820,30,0.5,0.2,best
DE,ackley,2,493,3.9968028886505635e-15,14850,30,0.5,0.2,best
DE,ackley,2,494,3.9968028886505635e-15,14880,30,0.5,0.2,best
DE,ackley,2,495,3.9968028886505635e-15,14910,30,0.5,0.2,best
DE,ackley,2,496,3.9968028886505635e-15,14940,30,0.5,0.2,best
DE,ackley,2,497,3.9968028886505635e-15,14970,30,0.5,0.2,best
DE,ackley,2,498,3.9968028886505635e-15,15000,30,0.5,0.2,best
DE,ackley,2,499,3.9968028886505635e-15,15030,30,0.5,0.2,best
DE,ackley,2,500,3.9968028886505635e-15,15060,30,0.5,0.2,best
DE,ackley,2,501,3.9968028886505635e-15,15090,30,0.5,0.2,best
DE,ackley,2,502,3.9968028886505635e-15,15120,30,0.5,0.2,best
DE,ackley,2,503,3.9968028886505635e-15,15150,30,0.5,0.2,best
DE,ackley,2,504,3.9968028886505635e-15,15180,30,0.5,0.2,best
DE,ackley,2,505,3.9968028886505635e-15,15210,30,0.5,0.2,best
DE,ackley,2,506,3.9968028886505635e-15,15240,30,0.5,0.2,best
DE,ackley,2,507,3.9968028886505635e-15,15270,30,0.5,0.2,best
DE,ackley,2,508,3.9968028886505635e-15,15300,30,0.5,0.2,best
DE,ackley,2,509,3.9968028886505635e-15,15330,30,0.5,0.2,best
DE,ackley,2,510,3.9968028886505635e-15,15360,30,0.5,0.2,best
DE,ackley,2,511,3.9968028886505635e-15,15390,30,0.5,0.2,best
DE,ackley,2,512,3.9968028886505635e-15,15420,30,0.5,0.2,best
DE,ackley,2,513,3.9968028886505635e-15,15450,30,0.5,0.2,best
DE,ackley,2,514,3.9968028886505635e-15,15480,30,0.5,0.2,best
DE,ackley,2,515,3.9968028886505635e-15,15510,30,0.5,0.2,best
DE,ackley,2,516,3.9968028886505635e-15,15540,30,0.5,0.2,best
DE,ackley,2,517,3.9968028886505635e-15,15570,30,0.5,0.2,best
DE,ackley,2,518,3.9968028886505635e-15,15600,30,0.5,0.2,best
DE,ackley,2,519,3.9968028886505635e-15,15630,30,0.5,0.2,best
DE,ackley,2,520,3.9968028886505635e-15,15660,30,0.5,0.2,best
DE,ackley,2,521,3.9968028886505635e-15,15690,30,0.5,0.2,best
DE,ackley,2,522,3.9968028886505635e-15,15720,30,0.5,0.2,best
DE,ackley,2,523,3.9968028886505635e-15,15750,30,0.5,0.2,best
DE,ackley,2,524,3.9968028886505635e-15,15780,30,0.5,0.2,best
DE,ackley,2,525,3.9968028886505635e-15,15810,30,0.5,0.2,best
DE,ackley,2,526,3.9968028886505635e-15,15840,30,0.5,0.2,best
DE,ackley,2,527,3.9968028886505635e-15,15870,30,0.5,0.2,best
DE,ackley,2,528,3.9968028886505635e-15,15900,30,0.5,0.2,best
DE,ackley,2,529,3.9968028886505635e-15,15930,30,0.5,0.2,best
DE,ackley,2,530,3.9968028886505635e-15,15960,30,0.5,0.2,best
DE,ackley,2,531,3.9968028886505635e-15,15990,30,0.5,0.2,best
DE,ackley,2,532,3.9968028886505635e-15,16020,30,0.5,0.2,best
DE,ackley,2,533,3.9968028886505635e-15,16050,30,0.5,0.2,best
DE,ackley,2,534,3.9968028886505635e-15,16080,30,0.5,0.2,best
DE,ackley,2,535,3.9968028886505635e-15,16110,30,0.5,0.2,best
DE,ackley,2,536,3.9968028886505635e-15,16140,30,0.5,0.2,best
DE,ackley,2,537,3.9968028886505635e-15,16170,30,0.5,0.2,best
DE,ackley,2,538,3.9968028886505635e-15,16200,30,0.5,0.2,best
DE,ackley,2,539,3.9968028886505635e-15,16230,30,0.5,0.2,best
DE,ackley,2,540,3.9968028886505635e-15,16260,30,0.5,0.2,best
DE,ackley,2,541,3.9968028886505635e-15,16290,30,0.5,0.2,best
DE,ackley,2,542,3.9968028886505635e-15,16320,30,0.5,0.2,best
DE,ackley,2,543,3.9968028886505635e-15,16350,30,0.5,0.2,best
DE,ackley,2,544,3.9968028886505635e-15,16380,30,0.5,0.2,best
DE,ackley,2,545,3.9968028886505635e-15,16410,30,0.5,0.2,best
DE,ackley,2,546,3.9968028886505635e-15,16440,30,0.5,0.2,best
DE,ackley,2,547,3.9968028886505635e-15,16470,30,0.5,0.2,best
DE,ackley,2,548,3.9968028886505635e-15,16500,30,0.5,0.2,best
DE,ackley,2,549,3.9968028886505635e-15,16530,30,0.5,0.2,best
DE,ackley,2,550,3.9968028886505635e-15,16560,30,0.5,0.2,best
DE,ackley,2,551,3.9968028886505635e-15,16590,30,0.5,0.2,best
DE,ackley,2,552,3.9968028886505635e-15,16620,30,0.5,0.2,best
DE,ackley,2,553,3.9968028886505635e-15,16650,30,0.5,0.2,best
DE,ackley,2,554,3.9968028886505635e-15,16680,30,0.5,0.2,best
DE,ackley,2,555,3.9968028886505635e-15,16710,30,0.5,0.2,best
DE,ackley,2,556,3.9968028886505635e-15,16740,30,0.5,0.2,best
DE,ackley,2,557,3.9968028886505635e-15,16770,30,0.5,0.2,best
DE,ackley,2,558,3.9968028886505635e-15,16800,30,0.5,0.2,best
DE,ackley,2,559,3.9968028886505635e-15,16830,30,0.5,0.2,best
DE,ackley,2,560,3.9968028886505635e-15,16860,30,0.5,0.2,best
DE,ackley,2,561,3.9968028886505635e-15,16890,30,0.5,0.2,best
DE,ackley,2,562,3.9968028886505635e-15,16920,30,0.5,0.2,best
DE,ackley,2,563,3.9968028886505635e-15,16950,30,0.5,0.2,best
DE,ackley,2,564,3.9968028886505635e-15,16980,30,0.5,0.2,best
DE,ackley,2,565,3.9968028886505635e-15,17010,30,0.5,0.2,best
DE,ackley,2,566,3.9968028886505635e-15,17040,30,0.5,0.2,best
DE,ackley,2,567,3.9968028886505635e-15,17070,30,0.5,0.2,best
DE,ackley,2,568,3.9968028886505635e-15,17100,30,0.5,0.2,best
DE,ackley,2,569,3.9968028886505635e-15,17130,30,0.5,0.2,best
DE,ackley,2,570,3.9968028886505635e-15,17160,30,0.5,0.2,best
DE,ackley,2,571,3.9968028886505635e-15,17190,30,0.5,0.2,best
DE,ackley,2,572,3.9968028886505635e-15,17220,30,0.5,0.2,best
DE,ackley,2,573,3.9968028886505635e-15,17250,30,0.5,0.2,best
DE,ackley,2,574,3.9968028886505635e-15,17280,30,0.5,0.2,best
DE,ackley,2,575,3.9968028886505635e-15,17310,30,0.5,0.2,best
DE,ackley,2,576,3.9968028886505635e-15,17340,30,0.5,0.2,best
DE,ackley,2,577,3.9968028886505635e-15,17370,30,0.5,0.2,best
DE,ackley,2,578,3.9968028886505635e-15,17400,30,0.5,0.2,best
DE,ackley,2,579,3.9968028886505635e-15,17430,30,0.5,0.2,best
DE,ackley,2,580,3.9968028886505635e-15,17460,30,0.5,0.2,best
DE,ackley,2,581,3.9968028886505635e-15,17490,30,0.5,0.2,best
DE,ackley,2,582,3.9968028886505635e-15,17520,30,0.5,0.2,best
DE,ackley,2,583,3.9968028886505635e-15,17550,30,0.5,0.2,best
DE,ackley,2,584,3.9968028886505635e-15,17580,30,0.5,0.2,best
DE,ackley,2,585,3.9968028886505635e-15,17610,30,0.5,0.2,best
DE,ackley,2,586,3.9968028886505635e-15,17640,30,0.5,0.2,best
DE,ackley,2,587,3.9968028886505635e-15,17670,30,0.5,0.2,best
DE,ackley,2,588,3.9968028886505635e-15,17700,30,0.5,0.2,best
DE,ackley,2,589,3.9968028886505635e-15,17730,30,0.5,0.2,best
DE,ackley,2,590,3.9968028886505635e-15,17760,30,0.5,0.2,best
DE,ackley,2,591,3.9968028886505635e-15,17790,30,0.5,0.2,best
DE,ackley,2,592,3.9968028886505635e-15,17820,30,0.5,0.2,best
DE,ackley,2,593,3.9968028886505635e-15,17850,30,0.5,0.2,best
DE,ackley,2,594,3.9968028886505635e-15,17880,30,0.5,0.2,best
DE,ackley,2,595,3.9968028886505635e-15,17910,30,0.5,0.2,best
DE,ackley,2,596,3.9968028886505635e-15,17940,30,0.5,0.2,best
DE,ackley,2,597,3.9968028886505635e-15,17970,30,0.5,0.2,best
DE,ackley,2,598,3.9968028886505635e-15,18000,30,0.5,0.2,best
DE,ackley,2,599,3.9968028886505635e-15,18030,30,0.5,0.2,best
DE,ackley,2,600,3.9968028886505635e-15,18060,30,0.5,0.2,best
DE,ackley,2,601,3.9968028886505635e-15,18090,30,0.5,0.2,best
DE,ackley,2,602,3.9968028886505635e-15,18120,30,0.5,0.2,best
DE,ackley,2,603,3.9968028886505635e-15,18150,30,0.5,0.2,best
DE,ackley,2,604,3.9968028886505635e-15,18180,30,0.5,0.2,best
DE,ackley,2,605,3.9968028886505635e-15,18210,30,0.5,0.2,best
DE,ackley,2,606,3.9968028886505635e-15,18240,30,0.5,0.2,best
DE,ackley,2,607,3.9968028886505635e-15,18270,30,0.5,0.2,best
DE,ackley,2,608,3.9968028886505635e-15,18300,30,0.5,0.2,best
DE,ackley,2,609,3.9968028886505635e-15,18330,30,0.5,0.2,best
DE,ackley,2,610,3.9968028886505635e-15,18360,30,0.5,0.2,best
DE,ackley,2,611,3.9968028886505635e-15,18390,30,0.5,0.2,best
DE,ackley,2,612,3.9968028886505635e-15,18420,30,0.5,0.2,best
DE,ackley,2,613,3.9968028886505635e-15,18450,30,0.5,0.2,best
DE,ackley,2,614,3.9968028886505635e-15,18480,30,0.5,0.2,best
DE,ackley,2,615,3.9968028886505635e-15,18510,30,0.5,0.2,best
DE,ackley,2,616,3.9968028886505635e-15,18540,30,0.5,0.2,best
DE,ackley,2,617,3.9968028886505635e-15,18570,30,0.5,0.2,best
DE,ackley,2,618,3.9968028886505635e-15,18600,30,0.5,0.2,best
DE,ackley,2,619,3.9968028886505635e-15,18630,30,0.5,0.2,best
DE,ackley,2,620,3.9968028886505635e-15,18660,30,0.5,0.2,best
DE,ackley,2,621,3.9968028886505635e-15,18690,30,0.5,0.2,best
DE,ackley,2,622,3.9968028886505635e-15,18720,30,0.5,0.2,best
DE,ackley,2,623,3.9968028886505635e-15,18750,30,0.5,0.2,best
DE,ackley,2,624,3.9968028886505635e-15,18780,30,0.5,0.2,best
DE,ackley,2,625,3.9968028886505635e-15,18810,30,0.5,0.2,best
DE,ackley,2,626,3.9968028886505635e-15,18840,30,0.5,0.2,best
DE,ackley,2,627,3.9968028886505635e-15,18870,30,0.5,0.2,best
DE,ackley,2,628,3.9968028886505635e-15,18900,30,0.5,0.2,best
DE,ackley,2,629,3.9968028886505635e-15,18930,30,0.5,0.2,best
DE,ackley,2,630,3.9968028886505635e-15,18960,30,0.5,0.2,best
DE,ackley,2,631,3.9968028886505635e-15,18990,30,0.5,0.2,best
DE,ackley,2,632,3.9968028886505635e-15,19020,30,0.5,0.2,best
DE,ackley,2,633,3.9968028886505635e-15,19050,30,0.5,0.2,best
DE,ackley,2,634,3.9968028886505635e-15,19080,30,0.5,0.2,best
DE,ackley,2,635,3.9968028886505635e-15,19110,30,0.5,0.2,best
DE,ackley,2,636,3.9968028886505635e-15,19140,30,0.5,0.2,best
DE,ackley,2,637,3.9968028886505635e-15,19170,30,0.5,0.2,best
DE,ackley,2,638,3.9968028886505635e-15,19200,30,0.5,0.2,best
DE,ackley,2,639,3.9968028886505635e-15,19230,30,0.5,0.2,best
DE,ackley,2,640,3.9968028886505635e-15,19260,30,0.5,0.2,best
DE,ackley,2,641,3.9968028886505635e-15,19290,30,0.5,0.2,best
DE,ackley,2,642,3.9968028886505635e-15,19320,30,0.5,0.2,best
DE,ackley,2,643,3.9968028886505635e-15,19350,30,0.5,0.2,best
DE,ackley,2,644,3.9968028886505635e-15,19380,30,0.5,0.2,best
DE,ackley,2,645,3.9968028886505635e-15,19410,30,0.5,0.2,best
DE,ackley,2,646,3.9968028886505635e-15,19440,30,0.5,0.2,best
DE,ackley,2,647,3.9968028886505635e-15,19470,30,0.5,0.2,best
DE,ackley,2,648,3.9968028886505635e-15,19500,30,0.5,0.2,best
DE,ackley,2,649,3.9968028886505635e-15,19530,30,0.5,0.2,best
DE,ackley,2,650,3.9968028886505635e-15,19560,30,0.5,0.2,best
DE,ackley,2,651,3.9968028886505635e-15,19590,30,0.5,0.2,best
DE,ackley,2,652,3.9968028886505635e-15,19620,30,0.5,0.2,best
DE,ackley,2,653,3.9968028886505635e-15,19650,30,0.5,0.2,best
DE,ackley,2,654,3.9968028886505635e-15,19680,30,0.5,0.2,best
DE,ackley,2,655,3.9968028886505635e-15,19710,30,0.5,0.2,best
DE,ackley,2,656,3.9968028886505635e-15,19740,30,0.5,0.2,best
DE,ackley,2,657,3.9968028886505635e-15,19770,30,0.5,0.2,best
DE,ackley,2,658,3.9968028886505635e-15,19800,30,0.5,0.2,best
DE,ackley,2,659,3.9968028886505635e-15,19830,30,0.5,0.2,best
DE,ackley,2,660,3.9968028886505635e-15,19860,30,0.5,0.2,best
DE,ackley,2,661,3.9968028886505635e-15,19890,30,0.5,0.2,best
DE,ackley,2,662,3.9968028886505635e-15,19920,30,0.5,0.2,best
DE,ackley,2,663,3.9968028886505635e-15,19950,30,0.5,0.2,best
DE,ackley,2,664,3.9968028886505635e-15,19980,30,0.5,0.2,best
DE,ackley,2,665,3.9968028886505635e-15,20010,30,0.5,0.2,best
DE,ackley,2,666,3.9968028886505635e-15,20040,30,0.5,0.2,best
DE,ackley,2,667,3.9968028886505635e-15,20070,30,0.5,0.2,best
DE,ackley,2,668,3.9968028886505635e-15,20100,30,0.5,0.2,best
DE,ackley,2,669,3.9968028886505635e-15,20130,30,0.5,0.2,best
DE,ackley,2,670,3.9968028886505635e-15,20160,30,0.5,0.2,best
DE,ackley,2,671,3.9968028886505635e-15,20190,30,0.5,0.2,best
DE,ackley,2,672,3.9968028886505635e-15,20220,30,0.5,0.2,best
DE,ackley,2,673,3.9968028886505635e-15,20250,30,0.5,0.2,best
DE,ackley,2,674,3.9968028886505635e-15,20280,30,0.5,0.2,best
DE,ackley,2,675,3.9968028886505635e-15,20310,30,0.5,0.2,best
DE,ackley,2,676,3.9968028886505635e-15,20340,30,0.5,0.2,best
DE,ackley,2,677,3.9968028886505635e-15,20370,30,0.5,0.2,best
DE,ackley,2,678,3.9968028886505635e-15,20400,30,0.5,0.2,best
DE,ackley,2,679,3.9968028886505635e-15,20430,30,0.5,0.2,best
DE,ackley,2,680,3.9968028886505635e-15,20460,30,0.5,0.2,best
DE,ackley,2,681,3.9968028886505635e-15,20490,30,0.5,0.2,best
DE,ackley,2,682,3.9968028886505635e-15,20520,30,0.5,0.2,best
DE,ackley,2,683,3.9968028886505635e-15,20550,30,0.5,0.2,best
DE,ackley,2,684,3.9968028886505635e-15,20580,30,0.5,0.2,best
DE,ackley,2,685,3.9968028886505635e-15,20610,30,0.5,0.2,best
DE,ackley,2,686,3.9968028886505635e-15,20640,30,0.5,0.2,best
DE,ackley,2,687,3.9968028886505635e-15,20670,30,0.5,0.2,best
DE,ackley,2,688,3.9968028886505635e-15,20700,30,0.5,0.2,best
DE,ackley,2,689,3.9968028886505635e-15,20730,30,0.5,0.2,best
DE,ackley,2,690,3.9968028886505635e-15,20760,30,0.5,0.2,best
DE,ackley,2,691,3.9968028886505635e-15,20790,30,0.5,0.2,best
DE,ackley,2,692,3.9968028886505635e-15,20820,30,0.5,0.2,best
DE,ackley,2,693,3.9968028886505635e-15,20850,30,0.5,0.2,best
DE,ackley,2,694,3.9968028886505635e-15,20880,30,0.5,0.2,best
DE,ackley,2,695,3.9968028886505635e-15,20910,30,0.5,0.2,best
DE,ackley,2,696,3.9968028886505635e-15,20940,30,0.5,0.2,best
DE,ackley,2,697,3.9968028886505635e-15,20970,30,0.5,0.2,best
DE,ackley,2,698,3.9968028886505635e-15,21000,30,0.5,0.2,best
DE,ackley,2,699,3.9968028886505635e-15,21030,30,0.5,0.2,best
DE,ackley,2,700,3.9968028886505635e-15,21060,30,0.5,0.2,best
DE,ackley,2,701,3.9968028886505635e-15,21090,30,0.5,0.2,best
DE,ackley,2,702,3.9968028886505635e-15,21120,30,0.5,0.2,best
DE,ackley,2,703,3.9968028886505635e-15,21150,30,0.5,0.2,best
DE,ackley,2,704,3.9968028886505635e-15,21180,30,0.5,0.2,best
DE,ackley,2,705,3.9968028886505635e-15,21210,30,0.5,0.2,best
DE,ackley,2,706,3.9968028886505635e-15,21240,30,0.5,0.2,best
DE,ackley,2,707,3.9968028886505635e-15,21270,30,0.5,0.2,best
DE,ackley,2,708,3.9968028886505635e-15,21300,30,0.5,0.2,best
DE,ackley,2,709,3.9968028886505635e-15,21330,30,0.5,0.2,best
DE,ackley,2,710,3.9968028886505635e-15,21360,30,0.5,0.2,best
DE,ackley,2,711,3.9968028886505635e-15,21390,30,0.5,0.2,best
DE,ackley,2,712,3.9968028886505635e-15,21420,30,0.5,0.2,best
DE,ackley,2,713,3.9968028886505635e-15,21450,30,0.5,0.2,best
DE,ackley,2,714,3.9968028886505635e-15,21480,30,0.5,0.2,best
DE,ackley,2,715,3.9968028886505635e-15,21510,30,0.5,0.2,best
DE,ackley,2,716,3.9968028886505635e-15,21540,30,0.5,0.2,best
DE,ackley,2,717,3.9968028886505635e-15,21570,30,0.5,0.2,best
DE,ackley,2,718,3.9968028886505635e-15,21600,30,0.5,0.2,best
DE,ackley,2,719,3.9968028886505635e-15,21630,30,0.5,0.2,best
DE,ackley,2,720,3.9968028886505635e-15,21660,30,0.5,0.2,best
DE,ackley,2,721,3.9968028886505635e-15,21690,30,0.5,0.2,best
DE,ackley,2,722,3.9968028886505635e-15,21720,30,0.5,0.2,best
DE,ackley,2,723,3.9968028886505635e-15,21750,30,0.5,0.2,best
DE,ackley,2,724,3.9968028886505635e-15,21780,30,0.5,0.2,best
DE,ackley,2,725,3.9968028886505635e-15,21810,30,0.5,0.2,best
DE,ackley,2,726,3.9968028886505635e-15,21840,30,0.5,0.2,best
DE,ackley,2,727,3.9968028886505635e-15,21870,30,0.5,0.2,best
DE,ackley,2,728,3.9968028886505635e-15,21900,30,0.5,0.2,best
DE,ackley,2,729,3.9968028886505635e-15,21930,30,0.5,0.2,best
DE,ackley,2,730,3.9968028886505635e-15,21960,30,0.5,0.2,best
DE,ackley,2,731,3.9968028886505635e-15,21990,30,0.5,0.2,best
DE,ackley,2,732,3.9968028886505635e-15,22020,30,0.5,0.2,best
DE,ackley,2,733,3.9968028886505635e-15,22050,30,0.5,0.2,best
DE,ackley,2,734,3.9968028886505635e-15,22080,30,0.5,0.2,best
DE,ackley,2,735,3.9968028886505635e-15,22110,30,0.5,0.2,best
DE,ackley,2,736,3.9968028886505635e-15,22140,30,0.5,0.2,best
DE,ackley,2,737,3.9968028886505635e-15,22170,30,0.5,0.2,best
DE,ackley,2,738,3.9968028886505635e-15,22200,30,0.5,0.2,best
DE,ackley,2,739,3.9968028886505635e-15,22230,30,0.5,0.2,best
DE,ackley,2,740,3.9968028886505635e-15,22260,30,0.5,0.2,best
DE,ackley,2,741,3.9968028886505635e-15,22290,30,0.5,0.2,best
DE,ackley,2,742,3.9968028886505635e-15,22320,30,0.5,0.2,best
DE,ackley,2,743,3.9968028886505635e-15,22350,30,0.5,0.2,best
DE,ackley,2,744,3.9968028886505635e-15,22380,30,0.5,0.2,best
DE,ackley,2,745,3.9968028886505635e-15,22410,30,0.5,0.2,best
DE,ackley,2,746,3.9968028886505635e-15,22440,30,0.5,0.2,best
DE,ackley,2,747,3.9968028886505635e-15,22470,30,0.5,0.2,best
DE,ackley,2,748,3.9968028886505635e-15,22500,30,0.5,0.2,best
DE,ackley,2,749,3.9968028886505635e-15,22530,30,0.5,0.2,best
DE,ackley,2,750,3.9968028886505635e-15,22560,30,0.5,0.2,best
DE,ackley,2,751,3.9968028886505635e-15,22590,30,0.5,0.2,best
DE,ackley,2,752,3.9968028886505635e-15,22620,30,0.5,0.2,best
DE,ackley,2,753,3.9968028886505635e-15,22650,30,0.5,0.2,best
DE,ackley,2,754,3.9968028886505635e-15,22680,30,0.5,0.2,best
DE,ackley,2,755,3.9968028886505635e-15,22710,30,0.5,0.2,best
DE,ackley,2,756,3.9968028886505635e-15,22740,30,0.5,0.2,best
DE,ackley,2,757,3.9968028886505635e-15,22770,30,0.5,0.2,best
DE,ackley,2,758,3.9968028886505635e-15,22800,30,0.5,0.2,best
DE,ackley,2,759,3.9968028886505635e-15,22830,30,0.5,0.2,best
DE,ackley,2,760,3.9968028886505635e-15,22860,30,0.5,0.2,best
DE,ackley,2,761,3.9968028886505635e-15,22890,30,0.5,0.2,best
DE,ackley,2,762,3.9968028886505635e-15,22920,30,0.5,0.2,best
DE,ackley,2,763,3.9968028886505635e-15,22950,30,0.5,0.2,best
DE,ackley,2,764,3.9968028886505635e-15,22980,30,0.5,0.2,best
DE,ackley,2,765,3.9968028886505635e-15,23010,30,0.5,0.2,best
DE,ackley,2,766,3.9968028886505635e-15,23040,30,0.5,0.2,best
DE,ackley,2,767,3.9968028886505635e-15,23070,30,0.5,0.2,best
DE,ackley,2,768,3.9968028886505635e-15,23100,30,0.5,0.2,best
DE,ackley,2,769,3.9968028886505635e-15,23130,30,0.5,0.2,best
DE,ackley,2,770,3.9968028886505635e-15,23160,30,0.5,0.2,best
DE,ackley,2,771,3.9968028886505635e-15,23190,30,0.5,0.2,best
DE,ackley,2,772,3.9968028886505635e-15,23220,30,0.5,0.2,best
DE,ackley,2,773,3.9968028886505635e-15,23250,30,0.5,0.2,best
DE,ackley,2,774,3.9968028886505635e-15,23280,30,0.5,0.2,best
DE,ackley,2,775,3.9968028886505635e-15,23310,30,0.5,0.2,best
DE,ackley,2,776,3.9968028886505635e-15,23340,30,0.5,0.2,best
DE,ackley,2,777,3.9968028886505635e-15,23370,30,0.5,0.2,best
DE,ackley,2,778,3.9968028886505635e-15,23400,30,0.5,0.2,best
DE,ackley,2,779,3.9968028886505635e-15,23430,30,0.5,0.2,best
DE,ackley,2,780,3.9968028886505635e-15,23460,30,0.5,0.2,best
DE,ackley,2,781,3.9968028886505635e-15,23490,30,0.5,0.2,best
DE,ackley,2,782,3.9968028886505635e-15,23520,30,0.5,0.2,best
DE,ackley,2,783,3.9968028886505635e-15,23550,30,0.5,0.2,best
DE,ackley,2,784,3.9968028886505635e-15,23580,30,0.5,0.2,best
DE,ackley,2,785,3.9968028886505635e-15,23610,30,0.5,0.2,best
DE,ackley,2,786,3.9968028886505635e-15,23640,30,0.5,0.2,best
DE,ackley,2,787,3.9968028886505635e-15,23670,30,0.5,0.2,best
DE,ackley,2,788,3.9968028886505635e-15,23700,30,0.5,0.2,best
DE,ackley,2,789,3.9968028886505635e-15,23730,30,0.5,0.2,best
DE,ackley,2,790,3.9968028886505635e-15,23760,30,0.5,0.2,best
DE,ackley,2,791,3.9968028886505635e-15,23790,30,0.5,0.2,best
DE,ackley,2,792,3.9968028886505635e-15,23820,30,0.5,0.2,best
DE,ackley,2,793,3.9968028886505635e-15,23850,30,0.5,0.2,best
DE,ackley,2,794,3.9968028886505635e-15,23880,30,0.5,0.2,best
DE,ackley,2,795,3.9968028886505635e-15,23910,30,0.5,0.2,best
DE,ackley,2,796,3.9968028886505635e-15,23940,30,0.5,0.2,best
DE,ackley,2,797,3.9968028886505635e-15,23970,30,0.5,0.2,best
DE,ackley,2,798,3.9968028886505635e-15,24000,30,0.5,0.2,best
DE,ackley,2,799,3.9968028886505635e-15,24030,30,0.5,0.2,best
DE,ackley,2,800,3.9968028886505635e-15,24060,30,0.5,0.2,best
DE,ackley,2,801,3.9968028886505635e-15,24090,30,0.5,0.2,best
DE,ackley,2,802,3.9968028886505635e-15,24120,30,0.5,0.2,best
DE,ackley,2,803,3.9968028886505635e-15,24150,30,0.5,0.2,best
DE,ackley,2,804,3.9968028886505635e-15,24180,30,0.5,0.2,best
DE,ackley,2,805,3.9968028886505635e-15,24210,30,0.5,0.2,best
DE,ackley,2,806,3.9968028886505635e-15,24240,30,0.5,0.2,best
DE,ackley,2,807,3.9968028886505635e-15,24270,30,0.5,0.2,best
DE,ackley,2,808,3.9968028886505635e-15,24300,30,0.5,0.2,best
DE,ackley,2,809,3.9968028886505635e-15,24330,30,0.5,0.2,best
DE,ackley,2,810,3.9968028886505635e-15,24360,30,0.5,0.2,best
DE,ackley,2,811,3.9968028886505635e-15,24390,30,0.5,0.2,best
DE,ackley,2,812,3.9968028886505635e-15,24420,30,0.5,0.2,best
DE,ackley,2,813,3.9968028886505635e-15,24450,30,0.5,0.2,best
DE,ackley,2,814,3.9968028886505635e-15,24480,30,0.5,0.2,best
DE,ackley,2,815,3.9968028886505635e-15,24510,30,0.5,0.2,best
DE,ackley,2,816,3.9968028886505635e-15,24540,30,0.5,0.2,best
DE,ackley,2,817,3.9968028886505635e-15,24570,30,0.5,0.2,best
DE,ackley,2,818,3.9968028886505635e-15,24600,30,0.5,0.2,best
DE,ackley,2,819,3.9968028886505635e-15,24630,30,0.5,0.2,best
DE,ackley,2,820,3.9968028886505635e-15,24660,30,0.5,0.2,best
DE,ackley,2,821,3.9968028886505635e-15,24690,30,0.5,0.2,best
DE,ackley,2,822,3.9968028886505635e-15,24720,30,0.5,0.2,best
DE,ackley,2,823,3.9968028886505635e-15,24750,30,0.5,0.2,best
DE,ackley,2,824,3.9968028886505635e-15,24780,30,0.5,0.2,best
DE,ackley,2,825,3.9968028886505635e-15,24810,30,0.5,0.2,best
DE,ackley,2,826,3.9968028886505635e-15,24840,30,0.5,0.2,best
DE,ackley,2,827,3.9968028886505635e-15,24870,30,0.5,0.2,best
DE,ackley,2,828,3.9968028886505635e-15,24900,30,0.5,0.2,best
DE,ackley,2,829,3.9968028886505635e-15,24930,30,0.5,0.2,best
DE,ackley,2,830,3.9968028886505635e-15,24960,30,0.5,0.2,best
DE,ackley,2,831,3.9968028886505635e-15,24990,30,0.5,0.2,best
DE,ackley,2,832,3.9968028886505635e-15,25020,30,0.5,0.2,best
DE,ackley,2,833,3.9968028886505635e-15,25050,30,0.5,0.2,best
DE,ackley,2,834,3.9968028886505635e-15,25080,30,0.5,0.2,best
DE,ackley,2,835,3.9968028886505635e-15,25110,30,0.5,0.2,best
DE,ackley,2,836,3.9968028886505635e-15,25140,30,0.5,0.2,best
DE,ackley,2,837,3.9968028886505635e-15,25170,30,0.5,0.2,best
DE,ackley,2,838,3.9968028886505635e-15,25200,30,0.5,0.2,best
DE,ackley,2,839,3.9968028886505635e-15,25230,30,0.5,0.2,best
DE,ackley,2,840,3.9968028886505635e-15,25260,30,0.5,0.2,best
DE,ackley,2,841,3.9968028886505635e-15,25290,30,0.5,0.2,best
DE,ackley,2,842,3.9968028886505635e-15,25320,30,0.5,0.2,best
DE,ackley,2,843,3.9968028886505635e-15,25350,30,0.5,0.2,best
DE,ackley,2,844,3.9968028886505635e-15,25380,30,0.5,0.2,best
DE,ackley,2,845,3.9968028886505635e-15,25410,30,0.5,0.2,best
DE,ackley,2,846,3.9968028886505635e-15,25440,30,0.5,0.2,best
DE,ackley,2,847,3.9968028886505635e-15,25470,30,0.5,0.2,best
DE,ackley,2,848,3.9968028886505635e-15,25500,30,0.5,0.2,best
DE,ackley,2,849,3.9968028886505635e-15,25530,30,0.5,0.2,best
DE,ackley,2,850,3.9968028886505635e-15,25560,30,0.5,0.2,best
DE,ackley,2,851,3.9968028886505635e-15,25590,30,0.5,0.2,best
DE,ackley,2,852,3.9968028886505635e-15,25620,30,0.5,0.2,best
DE,ackley,2,853,3.9968028886505635e-15,25650,30,0.5,0.2,best
DE,ackley,2,854,3.9968028886505635e-15,25680,30,0.5,0.2,best
DE,ackley,2,855,3.9968028886505635e-15,25710,30,0.5,0.2,best
DE,ackley,2,856,3.9968028886505635e-15,25740,30,0.5,0.2,best
DE,ackley,2,857,3.9968028886505635e-15,25770,30,0.5,0.2,best
DE,ackley,2,858,3.9968028886505635e-15,25800,30,0.5,0.2,best
DE,ackley,2,859,3.9968028886505635e-15,25830,30,0.5,0.2,best
DE,ackley,2,860,3.9968028886505635e-15,25860,30,0.5,0.2,best
DE,ackley,2,861,3.9968028886505635e-15,25890,30,0.5,0.2,best
DE,ackley,2,862,3.9968028886505635e-15,25920,30,0.5,0.2,best
DE,ackley,2,863,3.9968028886505635e-15,25950,30,0.5,0.2,best
DE,ackley,2,864,3.9968028886505635e-15,25980,30,0.5,0.2,best
DE,ackley,2,865,3.9968028886505635e-15,26010,30,0.5,0.2,best
DE,ackley,2,866,3.9968028886505635e-15,26040,30,0.5,0.2,best
DE,ackley,2,867,3.9968028886505635e-15,26070,30,0.5,0.2,best
DE,ackley,2,868,3.9968028886505635e-15,26100,30,0.5,0.2,best
DE,ackley,2,869,3.9968028886505635e-15,26130,30,0.5,0.2,best
DE,ackley,2,870,3.9968028886505635e-15,26160,30,0.5,0.2,best
DE,ackley,2,871,3.9968028886505635e-15,26190,30,0.5,0.2,best
DE,ackley,2,872,3.9968028886505635e-15,26220,30,0.5,0.2,best
DE,ackley,2,873,3.9968028886505635e-15,26250,30,0.5,0.2,best
DE,ackley,2,874,3.9968028886505635e-15,26280,30,0.5,0.2,best
DE,ackley,2,875,3.9968028886505635e-15,26310,30,0.5,0.2,best
DE,ackley,2,876,3.9968028886505635e-15,26340,30,0.5,0.2,best
DE,ackley,2,877,3.9968028886505635e-15,26370,30,0.5,0.2,best
DE,ackley,2,878,3.9968028886505635e-15,26400,30,0.5,0.2,best
DE,ackley,2,879,3.9968028886505635e-15,26430,30,0.5,0.2,best
DE,ackley,2,880,3.9968028886505635e-15,26460,30,0.5,0.2,best
DE,ackley,2,881,3.9968028886505635e-15,26490,30,0.5,0.2,best
DE,ackley,2,882,3.9968028886505635e-15,26520,30,0.5,0.2,best
DE,ackley,2,883,3.9968028886505635e-15,26550,30,0.5,0.2,best
DE,ackley,2,884,3.9968028886505635e-15,26580,30,0.5,0.2,best
DE,ackley,2,885,3.9968028886505635e-15,26610,30,0.5,0.2,best
DE,ackley,2,886,3.9968028886505635e-15,26640,30,0.5,0.2,best
DE,ackley,2,887,3.9968028886505635e-15,26670,30,0.5,0.2,best
DE,ackley,2,888,3.9968028886505635e-15,26700,30,0.5,0.2,best
DE,ackley,2,889,3.9968028886505635e-15,26730,30,0.5,0.2,best
DE,ackley,2,890,3.9968028886505635e-15,26760,30,0.5,0.2,best
DE,ackley,2,891,3.9968028886505635e-15,26790,30,0.5,0.2,best
DE,ackley,2,892,3.9968028886505635e-15,26820,30,0.5,0.2,best
DE,ackley,2,893,3.9968028886505635e-15,26850,30,0.5,0.2,best
DE,ackley,2,894,3.9968028886505635e-15,26880,30,0.5,0.2,best
DE,ackley,2,895,3.9968028886505635e-15,26910,30,0.5,0.2,best
DE,ackley,2,896,3.9968028886505635e-15,26940,30,0.5,0.2,best
DE,ackley,2,897,3.9968028886505635e-15,26970,30,0.5,0.2,best
DE,ackley,2,898,3.9968028886505635e-15,27000,30,0.5,0.2,best
DE,ackley,2,899,3.9968028886505635e-15,27030,30,0.5,0.2,best
DE,ackley,2,900,3.9968028886505635e-15,27060,30,0.5,0.2,best
DE,ackley,2,901,3.9968028886505635e-15,27090,30,0.5,0.2,best
DE,ackley,2,902,3.9968028886505635e-15,27120,30,0.5,0.2,best
DE,ackley,2,903,3.9968028886505635e-15,27150,30,0.5,0.2,best
DE,ackley,2,904,3.9968028886505635e-15,27180,30,0.5,0.2,best
DE,ackley,2,905,3.9968028886505635e-15,27210,30,0.5,0.2,best
DE,ackley,2,906,3.9968028886505635e-15,27240,30,0.5,0.2,best
DE,ackley,2,907,3.9968028886505635e-15,27270,30,0.5,0.2,best
DE,ackley,2,908,3.9968028886505635e-15,27300,30,0.5,0.2,best
DE,ackley,2,909,3.9968028886505635e-15,27330,30,0.5,0.2,best
DE,ackley,2,910,3.9968028886505635e-15,27360,30,0.5,0.2,best
DE,ackley,2,911,3.9968028886505635e-15,27390,30,0.5,0.2,best
DE,ackley,2,912,3.9968028886505635e-15,27420,30,0.5,0.2,best
DE,ackley,2,913,3.9968028886505635e-15,27450,30,0.5,0.2,best
DE,ackley,2,914,3.9968028886505635e-15,27480,30,0.5,0.2,best
DE,ackley,2,915,3.9968028886505635e-15,27510,30,0.5,0.2,best
DE,ackley,2,916,3.9968028886505635e-15,27540,30,0.5,0.2,best
DE,ackley,2,917,3.9968028886505635e-15,27570,30,0.5,0.2,best
DE,ackley,2,918,3.9968028886505635e-15,27600,30,0.5,0.2,best
DE,ackley,2,919,3.9968028886505635e-15,27630,30,0.5,0.2,best
DE,ackley,2,920,3.9968028886505635e-15,27660,30,0.5,0.2,best
DE,ackley,2,921,3.9968028886505635e-15,27690,30,0.5,0.2,best
DE,ackley,2,922,3.9968028886505635e-15,27720,30,0.5,0.2,best
DE,ackley,2,923,3.9968028886505635e-15,27750,30,0.5,0.2,best
DE,ackley,2,924,3.9968028886505635e-15,27780,30,0.5,0.2,best
DE,ackley,2,925,3.9968028886505635e-15,27810,30,0.5,0.2,best
DE,ackley,2,926,3.9968028886505635e-15,27840,30,0.5,0.2,best
DE,ackley,2,927,3.9968028886505635e-15,27870,30,0.5,0.2,best
DE,ackley,2,928,3.9968028886505635e-15,27900,30,0.5,0.2,best
DE,ackley,2,929,3.9968028886505635e-15,27930,30,0.5,0.2,best
DE,ackley,2,930,3.9968028886505635e-15,27960,30,0.5,0.2,best
DE,ackley,2,931,3.9968028886505635e-15,27990,30,0.5,0.2,best
DE,ackley,2,932,3.9968028886505635e-15,28020,30,0.5,0.2,best
DE,ackley,2,933,3.9968028886505635e-15,28050,30,0.5,0.2,best
DE,ackley,2,934,3.9968028886505635e-15,28080,30,0.5,0.2,best
DE,ackley,2,935,3.9968028886505635e-15,28110,30,0.5,0.2,best
DE,ackley,2,936,3.9968028886505635e-15,28140,30,0.5,0.2,best
DE,ackley,2,937,3.9968028886505635e-15,28170,30,0.5,0.2,best
DE,ackley,2,938,3.9968028886505635e-15,28200,30,0.5,0.2,best
DE,ackley,2,939,3.9968028886505635e-15,28230,30,0.5,0.2,best
DE,ackley,2,940,3.9968028886505635e-15,28260,30,0.5,0.2,best
DE,ackley,2,941,3.9968028886505635e-15,28290,30,0.5,0.2,best
DE,ackley,2,942,3.9968028886505635e-15,28320,30,0.5,0.2,best
DE,ackley,2,943,3.9968028886505635e-15,28350,30,0.5,0.2,best
DE,ackley,2,944,3.9968028886505635e-15,28380,30,0.5,0.2,best
DE,ackley,2,945,3.9968028886505635e-15,28410,30,0.5,0.2,best
DE,ackley,2,946,3.9968028886505635e-15,28440,30,0.5,0.2,best
DE,ackley,2,947,3.9968028886505635e-15,28470,30,0.5,0.2,best
DE,ackley,2,948,3.9968028886505635e-15,28500,30,0.5,0.2,best
DE,ackley,2,949,3.9968028886505635e-15,28530,30,0.5,0.2,best
DE,ackley,2,950,3.9968028886505635e-15,28560,30,0.5,0.2,best
DE,ackley,2,951,3.9968028886505635e-15,28590,30,0.5,0.2,best
DE,ackley,2,952,3.9968028886505635e-15,28620,30,0.5,0.2,best
DE,ackley,2,953,3.9968028886505635e-15,28650,30,0.5,0.2,best
DE,ackley,2,954,3.9968028886505635e-15,28680,30,0.5,0.2,best
DE,ackley,2,955,3.9968028886505635e-15,28710,30,0.5,0.2,best
DE,ackley,2,956,3.9968028886505635e-15,28740,30,0.5,0.2,best
DE,ackley,2,957,3.9968028886505635e-15,28770,30,0.5,0.2,best
DE,ackley,2,958,3.9968028886505635e-15,28800,30,0.5,0.2,best
DE,ackley,2,959,3.9968028886505635e-15,28830,30,0.5,0.2,best
DE,ackley,2,960,3.9968028886505635e-15,28860,30,0.5,0.2,best
DE,ackley,2,961,3.9968028886505635e-15,28890,30,0.5,0.2,best
DE,ackley,2,962,3.9968028886505635e-15,28920,30,0.5,0.2,best
DE,ackley,2,963,3.9968028886505635e-15,28950,30,0.5,0.2,best
DE,ackley,2,964,3.9968028886505635e-15,28980,30,0.5,0.2,best
DE,ackley,2,965,3.9968028886505635e-15,29010,30,0.5,0.2,best
DE,ackley,2,966,3.9968028886505635e-15,29040,30,0.5,0.2,best
DE,ackley,2,967,3.9968028886505635e-15,29070,30,0.5,0.2,best
DE,ackley,2,968,3.9968028886505635e-15,29100,30,0.5,0.2,best
DE,ackley,2,969,3.9968028886505635e-15,29130,30,0.5,0.2,best
DE,ackley,2,970,3.9968028886505635e-15,29160,30,0.5,0.2,best
DE,ackley,2,971,3.9968028886505635e-15,29190,30,0.5,0.2,best
DE,ackley,2,972,3.9968028886505635e-15,29220,30,0.5,0.2,best
DE,ackley,2,973,3.9968028886505635e-15,29250,30,0.5,0.2,best
DE,ackley,2,974,3.9968028886505635e-15,29280,30,0.5,0.2,best
DE,ackley,2,975,3.9968028886505635e-15,29310,30,0.5,0.2,best
DE,ackley,2,976,3.9968028886505635e-15,29340,30,0.5,0.2,best
DE,ackley,2,977,3.9968028886505635e-15,29370,30,0.5,0.2,best
DE,ackley,2,978,3.9968028886505635e-15,29400,30,0.5,0.2,best
DE,ackley,2,979,3.9968028886505635e-15,29430,30,0.5,0.2,best
DE,ackley,2,980,3.9968028886505635e-15,29460,30,0.5,0.2,best
DE,ackley,2,981,3.9968028886505635e-15,29490,30,0.5,0.2,best
DE,ackley,2,982,3.9968028886505635e-15,29520,30,0.5,0.2,best
DE,ackley,2,983,3.9968028886505635e-15,29550,30,0.5,0.2,best
DE,ackley,2,984,3.9968028886505635e-15,29580,30,0.5,0.2,best
DE,ackley,2,985,3.9968028886505635e-15,29610,30,0.5,0.2,best
DE,ackley,2,986,3.9968028886505635e-15,29640,30,0.5,0.2,best
DE,ackley,2,987,3.9968028886505635e-15,29670,30,0.5,0.2,best
DE,ackley,2,988,3.9968028886505635e-15,29700,30,0.5,0.2,best
DE,ackley,2,989,3.9968028886505635e-15,29730,30,0.5,0.2,best
DE,ackley,2,990,3.9968028886505635e-15,29760,30,0.5,0.2,best
DE,ackley,2,991,3.9968028886505635e-15,29790,30,0.5,0.2,best
DE,ackley,2,992,3.9968028886505635e-15,29820,30,0.5,0.2,best
DE,ackley,2,993,3.9968028886505635e-15,29850,30,0.5,0.2,best
DE,ackley,2,994,3.9968028886505635e-15,29880,30,0.5,0.2,best
DE,ackley,2,995,3.9968028886505635e-15,29910,30,0.5,0.2,best
DE,ackley,2,996,3.9968028886505635e-15,29940,30,0.5,0.2,best
DE,ackley,2,997,3.9968028886505635e-15,29970,30,0.5,0.2,best
DE,ackley,2,998,3.9968028886505635e-15,30000,30,0.5,0.2,best
DE,ackley,2,999,3.9968028886505635e-15,30030,30,0.5,0.2,best
DE,ackley,2,1000,3.9968028886505635e-15,30060,30,0.5,0.2,best
DE,ackley,2,1001,3.9968028886505635e-15,30090,30,0.5,0.2,best
DE,ackley,2,1002,3.9968028886505635e-15,30120,30,0.5,0.2,best
DE,ackley,2,1003,3.9968028886505635e-15,30150,30,0.5,0.2,best
DE,ackley,2,1004,3.9968028886505635e-15,30180,30,0.5,0.2,best
DE,ackley,2,1005,3.9968028886505635e-15,30210,30,0.5,0.2,best
DE,ackley,2,1006,3.9968028886505635e-15,30240,30,0.5,0.2,best
DE,ackley,2,1007,3.9968028886505635e-15,30270,30,0.5,0.2,best
DE,ackley,2,1008,3.9968028886505635e-15,30300,30,0.5,0.2,best
DE,ackley,2,1009,3.9968028886505635e-15,30330,30,0.5,0.2,best
DE,ackley,2,1010,3.9968028886505635e-15,30360,30,0.5,0.2,best
DE,ackley,2,1011,3.9968028886505635e-15,30390,30,0.5,0.2,best
DE,ackley,2,1012,3.9968028886505635e-15,30420,30,0.5,0.2,best
DE,ackley,2,1013,3.9968028886505635e-15,30450,30,0.5,0.2,best
DE,ackley,2,1014,3.9968028886505635e-15,30480,30,0.5,0.2,best
DE,ackley,2,1015,3.9968028886505635e-15,30510,30,0.5,0.2,best
DE,ackley,2,1016,3.9968028886505635e-15,30540,30,0.5,0.2,best
DE,ackley,2,1017,3.9968028886505635e-15,30570,30,0.5,0.2,best
DE,ackley,2,1018,3.9968028886505635e-15,30600,30,0.5,0.2,best
DE,ackley,2,1019,3.9968028886505635e-15,30630,30,0.5,0.2,best
DE,ackley,2,1020,3.9968028886505635e-15,30660,30,0.5,0.2,best
DE,ackley,2,1021,3.9968028886505635e-15,30690,30,0.5,0.2,best
DE,ackley,2,1022,3.9968028886505635e-15,30720,30,0.5,0.2,best
DE,ackley,2,1023,3.9968028886505635e-15,30750,30,0.5,0.2,best
DE,ackley,2,1024,3.9968028886505635e-15,30780,30,0.5,0.2,best
DE,ackley,2,1025,3.9968028886505635e-15,30810,30,0.5,0.2,best
DE,ackley,2,1026,3.9968028886505635e-15,30840,30,0.5,0.2,best
DE,ackley,2,1027,3.9968028886505635e-15,30870,30,0.5,0.2,best
DE,ackley,2,1028,3.9968028886505635e-15,30900,30,0.5,0.2,best
DE,ackley,2,1029,3.9968028886505635e-15,30930,30,0.5,0.2,best
DE,ackley,2,1030,3.9968028886505635e-15,30960,30,0.5,0.2,best
DE,ackley,2,1031,3.9968028886505635e-15,30990,30,0.5,0.2,best
DE,ackley,2,1032,3.9968028886505635e-15,31020,30,0.5,0.2,best
DE,ackley,2,1033,3.9968028886505635e-15,31050,30,0.5,0.2,best
DE,ackley,2,1034,3.9968028886505635e-15,31080,30,0.5,0.2,best
DE,ackley,2,1035,3.9968028886505635e-15,31110,30,0.5,0.2,best
DE,ackley,2,1036,3.9968028886505635e-15,31140,30,0.5,0.2,best
DE,ackley,2,1037,3.9968028886505635e-15,31170,30,0.5,0.2,best
DE,ackley,2,1038,3.9968028886505635e-15,31200,30,0.5,0.2,best
DE,ackley,2,1039,3.9968028886505635e-15,31230,30,0.5,0.2,best
DE,ackley,2,1040,3.9968028886505635e-15,31260,30,0.5,0.2,best
DE,ackley,2,1041,3.9968028886505635e-15,31290,30,0.5,0.2,best
DE,ackley,2,1042,3.9968028886505635e-15,31320,30,0.5,0.2,best
DE,ackley,2,1043,3.9968028886505635e-15,31350,30,0.5,0.2,best
DE,ackley,2,1044,3.9968028886505635e-15,31380,30,0.5,0.2,best
DE,ackley,2,1045,3.9968028886505635e-15,31410,30,0.5,0.2,best
DE,ackley,2,1046,3.9968028886505635e-15,31440,30,0.5,0.2,best
DE,ackley,2,1047,3.9968028886505635e-15,31470,30,0.5,0.2,best
DE,ackley,2,1048,3.9968028886505635e-15,31500,30,0.5,0.2,best
DE,ackley,2,1049,3.9968028886505635e-15,31530,30,0.5,0.2,best
DE,ackley,2,1050,3.9968028886505635e-15,31560,30,0.5,0.2,best
DE,ackley,2,1051,3.9968028886505635e-15,31590,30,0.5,0.2,best
DE,ackley,2,1052,3.9968028886505635e-15,31620,30,0.5,0.2,best
DE,ackley,2,1053,3.9968028886505635e-15,31650,30,0.5,0.2,best
DE,ackley,2,1054,3.9968028886505635e-15,31680,30,0.5,0.2,best
DE,ackley,2,1055,3.9968028886505635e-15,31710,30,0.5,0.2,best
DE,ackley,2,1056,3.9968028886505635e-15,31740,30,0.5,0.2,best
DE,ackley,2,1057,3.9968028886505635e-15,31770,30,0.5,0.2,best
DE,ackley,2,1058,3.9968028886505635e-15,31800,30,0.5,0.2,best
DE,ackley,2,1059,3.9968028886505635e-15,31830,30,0.5,0.2,best
DE,ackley,2,1060,3.9968028886505635e-15,31860,30,0.5,0.2,best
DE,ackley,2,1061,3.9968028886505635e-15,31890,30,0.5,0.2,best
DE,ackley,2,1062,3.9968028886505635e-15,31920,30,0.5,0.2,best
DE,ackley,2,1063,3.9968028886505635e-15,31950,30,0.5,0.2,best
DE,ackley,2,1064,3.9968028886505635e-15,31980,30,0.5,0.2,best
DE,ackley,2,1065,3.9968028886505635e-15,32010,30,0.5,0.2,best
DE,ackley,2,1066,3.9968028886505635e-15,32040,30,0.5,0.2,best
DE,ackley,2,1067,3.9968028886505635e-15,32070,30,0.5,0.2,best
DE,ackley,2,1068,3.9968028886505635e-15,32100,30,0.5,0.2,best
DE,ackley,2,1069,3.9968028886505635e-15,32130,30,0.5,0.2,best
DE,ackley,2,1070,3.9968028886505635e-15,32160,30,0.5,0.2,best
DE,ackley,2,1071,3.9968028886505635e-15,32190,30,0.5,0.2,best
DE,ackley,2,1072,3.9968028886505635e-15,32220,30,0.5,0.2,best
DE,ackley,2,1073,3.9968028886505635e-15,32250,30,0.5,0.2,best
DE,ackley,2,1074,3.9968028886505635e-15,32280,30,0.5,0.2,best
DE,ackley,2,1075,3.9968028886505635e-15,32310,30,0.5,0.2,best
DE,ackley,2,1076,3.9968028886505635e-15,32340,30,0.5,0.2,best
DE,ackley,2,1077,3.9968028886505635e-15,32370,30,0.5,0.2,best
DE,ackley,2,1078,3.9968028886505635e-15,32400,30,0.5,0.2,best
DE,ackley,2,1079,3.9968028886505635e-15,32430,30,0.5,0.2,best
DE,ackley,2,1080,3.9968028886505635e-15,32460,30,0.5,0.2,best
DE,ackley,2,1081,3.9968028886505635e-15,32490,30,0.5,0.2,best
DE,ackley,2,1082,3.9968028886505635e-15,32520,30,0.5,0.2,best
DE,ackley,2,1083,3.9968028886505635e-15,32550,30,0.5,0.2,best
DE,ackley,2,1084,3.9968028886505635e-15,32580,30,0.5,0.2,best
DE,ackley,2,1085,3.9968028886505635e-15,32610,30,0.5,0.2,best
DE,ackley,2,1086,3.9968028886505635e-15,32640,30,0.5,0.2,best
DE,ackley,2,1087,3.9968028886505635e-15,32670,30,0.5,0.2,best
DE,ackley,2,1088,3.9968028886505635e-15,32700,30,0.5,0.2,best
DE,ackley,2,1089,3.9968028886505635e-15,32730,30,0.5,0.2,best
DE,ackley,2,1090,3.9968028886505635e-15,32760,30,0.5,0.2,best
DE,ackley,2,1091,3.9968028886505635e-15,32790,30,0.5,0.2,best
DE,ackley,2,1092,3.9968028886505635e-15,32820,30,0.5,0.2,best
DE,ackley,2,1093,3.9968028886505635e-15,32850,30,0.5,0.2,best
DE,ackley,2,1094,3.9968028886505635e-15,32880,30,0.5,0.2,best
DE,ackley,2,1095,3.9968028886505635e-15,32910,30,0.5,0.2,best
DE,ackley,2,1096,3.9968028886505635e-15,32940,30,0.5,0.2,best
DE,ackley,2,1097,3.9968028886505635e-15,32970,30,0.5,0.2,best
DE,ackley,2,1098,3.9968028886505635e-15,33000,30,0.5,0.2,best
DE,ackley,2,1099,3.9968028886505635e-15,33030,30,0.5,0.2,best
DE,ackley,2,1100,3.9968028886505635e-15,33060,30,0.5,0.2,best
DE,ackley,2,1101,3.9968028886505635e-15,33090,30,0.5,0.2,best
DE,ackley,2,1102,3.9968028886505635e-15,33120,30,0.5,0.2,best
DE,ackley,2,1103,3.9968028886505635e-15,33150,30,0.5,0.2,best
DE,ackley,2,1104,3.9968028886505635e-15,33180,30,0.5,0.2,best
DE,ackley,2,1105,3.9968028886505635e-15,33210,30,0.5,0.2,best
DE,ackley,2,1106,3.9968028886505635e-15,33240,30,0.5,0.2,best
DE,ackley,2,1107,3.9968028886505635e-15,33270,30,0.5,0.2,best
DE,ackley,2,1108,3.9968028886505635e-15,33300,30,0.5,0.2,best
DE,ackley,2,1109,3.9968028886505635e-15,33330,30,0.5,0.2,best
DE,ackley,2,1110,3.9968028886505635e-15,33360,30,0.5,0.2,best
DE,ackley,2,1111,3.9968028886505635e-15,33390,30,0.5,0.2,best
DE,ackley,2,1112,3.9968028886505635e-15,33420,30,0.5,0.2,best
DE,ackley,2,1113,3.9968028886505635e-15,33450,30,0.5,0.2,best
DE,ackley,2,1114,3.9968028886505635e-15,33480,30,0.5,0.2,best
DE,ackley,2,1115,3.9968028886505635e-15,33510,30,0.5,0.2,best
DE,ackley,2,1116,3.9968028886505635e-15,33540,30,0.5,0.2,best
DE,ackley,2,1117,3.9968028886505635e-15,33570,30,0.5,0.2,best
DE,ackley,2,1118,3.9968028886505635e-15,33600,30,0.5,0.2,best
DE,ackley,2,1119,3.9968028886505635e-15,33630,30,0.5,0.2,best
DE,ackley,2,1120,3.9968028886505635e-15,33660,30,0.5,0.2,best
DE,ackley,2,1121,3.9968028886505635e-15,33690,30,0.5,0.2,best
DE,ackley,2,1122,3.9968028886505635e-15,33720,30,0.5,0.2,best
DE,ackley,2,1123,3.9968028886505635e-15,33750,30,0.5,0.2,best
DE,ackley,2,1124,3.9968028886505635e-15,33780,30,0.5,0.2,best
DE,ackley,2,1125,3.9968028886505635e-15,33810,30,0.5,0.2,best
DE,ackley,2,1126,3.9968028886505635e-15,33840,30,0.5,0.2,best
DE,ackley,2,1127,3.9968028886505635e-15,33870,30,0.5,0.2,best
DE,ackley,2,1128,3.9968028886505635e-15,33900,30,0.5,0.2,best
DE,ackley,2,1129,3.9968028886505635e-15,33930,30,0.5,0.2,best
DE,ackley,2,1130,3.9968028886505635e-15,33960,30,0.5,0.2,best
DE,ackley,2,1131,3.9968028886505635e-15,33990,30,0.5,0.2,best
DE,ackley,2,1132,3.9968028886505635e-15,34020,30,0.5,0.2,best
DE,ackley,2,1133,3.9968028886505635e-15,34050,30,0.5,0.2,best
DE,ackley,2,1134,3.9968028886505635e-15,34080,30,0.5,0.2,best
DE,ackley,2,1135,3.9968028886505635e-15,34110,30,0.5,0.2,best
DE,ackley,2,1136,3.9968028886505635e-15,34140,30,0.5,0.2,best
DE,ackley,2,1137,3.9968028886505635e-15,34170,30,0.5,0.2,best
DE,ackley,2,1138,3.9968028886505635e-15,34200,30,0.5,0.2,best
DE,ackley,2,1139,3.9968028886505635e-15,34230,30,0.5,0.2,best
DE,ackley,2,1140,3.9968028886505635e-15,34260,30,0.5,0.2,best
DE,ackley,2,1141,3.9968028886505635e-15,34290,30,0.5,0.2,best
DE,ackley,2,1142,3.9968028886505635e-15,34320,30,0.5,0.2,best
DE,ackley,2,1143,3.9968028886505635e-15,34350,30,0.5,0.2,best
DE,ackley,2,1144,3.9968028886505635e-15,34380,30,0.5,0.2,best
DE,ackley,2,1145,3.9968028886505635e-15,34410,30,0.5,0.2,best
DE,ackley,2,1146,3.9968028886505635e-15,34440,30,0.5,0.2,best
DE,ackley,2,1147,3.9968028886505635e-15,34470,30,0.5,0.2,best
DE,ackley,2,1148,3.9968028886505635e-15,34500,30,0.5,0.2,best
DE,ackley,2,1149,3.9968028886505635e-15,34530,30,0.5,0.2,best
DE,ackley,2,1150,3.9968028886505635e-15,34560,30,0.5,0.2,best
DE,ackley,2,1151,3.9968028886505635e-15,34590,30,0.5,0.2,best
DE,ackley,2,1152,3.9968028886505635e-15,34620,30,0.5,0.2,best
DE,ackley,2,1153,3.9968028886505635e-15,34650,30,0.5,0.2,best
DE,ackley,2,1154,3.9968028886505635e-15,34680,30,0.5,0.2,best
DE,ackley,2,1155,3.9968028886505635e-15,34710,30,0.5,0.2,best
DE,ackley,2,1156,3.9968028886505635e-15,34740,30,0.5,0.2,best
DE,ackley,2,1157,3.9968028886505635e-15,34770,30,0.5,0.2,best
DE,ackley,2,1158,3.9968028886505635e-15,34800,30,0.5,0.2,best
DE,ackley,2,1159,3.9968028886505635e-15,34830,30,0.5,0.2,best
DE,ackley,2,1160,3.9968028886505635e-15,34860,30,0.5,0.2,best
DE,ackley,2,1161,3.9968028886505635e-15,34890,30,0.5,0.2,best
DE,ackley,2,1162,3.9968028886505635e-15,34920,30,0.5,0.2,best
DE,ackley,2,1163,3.9968028886505635e-15,34950,30,0.5,0.2,best
DE,ackley,2,1164,3.9968028886505635e-15,34980,30,0.5,0.2,best
DE,ackley,2,1165,3.9968028886505635e-15,35010,30,0.5,0.2,best
DE,ackley,2,1166,3.9968028886505635e-15,35040,30,0.5,0.2,best
DE,ackley,2,1167,3.9968028886505635e-15,35070,30,0.5,0.2,best
DE,ackley,2,1168,3.9968028886505635e-15,35100,30,0.5,0.2,best
DE,ackley,2,1169,3.9968028886505635e-15,35130,30,0.5,0.2,best
DE,ackley,2,1170,3.9968028886505635e-15,35160,30,0.5,0.2,best
DE,ackley,2,1171,3.9968028886505635e-15,35190,30,0.5,0.2,best
DE,ackley,2,1172,3.9968028886505635e-15,35220,30,0.5,0.2,best
DE,ackley,2,1173,3.9968028886505635e-15,35250,30,0.5,0.2,best
DE,ackley,2,1174,3.9968028886505635e-15,35280,30,0.5,0.2,best
DE,ackley,2,1175,3.9968028886505635e-15,35310,30,0.5,0.2,best
DE,ackley,2,1176,3.9968028886505635e-15,35340,30,0.5,0.2,best
DE,ackley,2,1177,3.9968028886505635e-15,35370,30,0.5,0.2,best
DE,ackley,2,1178,3.9968028886505635e-15,35400,30,0.5,0.2,best
DE,ackley,2,1179,3.9968028886505635e-15,35430,30,0.5,0.2,best
DE,ackley,2,1180,3.9968028886505635e-15,35460,30,0.5,0.2,best
DE,ackley,2,1181,3.9968028886505635e-15,35490,30,0.5,0.2,best
DE,ackley,2,1182,3.9968028886505635e-15,35520,30,0.5,0.2,best
DE,ackley,2,1183,3.9968028886505635e-15,35550,30,0.5,0.2,best
DE,ackley,2,1184,3.9968028886505635e-15,35580,30,0.5,0.2,best
DE,ackley,2,1185,3.9968028886505635e-15,35610,30,0.5,0.2,best
DE,ackley,2,1186,3.9968028886505635e-15,35640,30,0.5,0.2,best
DE,ackley,2,1187,3.9968028886505635e-15,35670,30,0.5,0.2,best
DE,ackley,2,1188,3.9968028886505635e-15,35700,30,0.5,0.2,best
DE,ackley,2,1189,3.9968028886505635e-15,35730,30,0.5,0.2,best
DE,ackley,2,1190,3.9968028886505635e-15,35760,30,0.5,0.2,best
DE,ackley,2,1191,3.9968028886505635e-15,35790,30,0.5,0.2,best
DE,ackley,2,1192,3.9968028886505635e-15,35820,30,0.5,0.2,best
DE,ackley,2,1193,3.9968028886505635e-15,35850,30,0.5,0.2,best
DE,ackley,2,1194,3.9968028886505635e-15,35880,30,0.5,0.2,best
DE,ackley,2,1195,3.9968028886505635e-15,35910,30,0.5,0.2,best
DE,ackley,2,1196,3.9968028886505635e-15,35940,30,0.5,0.2,best
DE,ackley,2,1197,3.9968028886505635e-15,35970,30,0.5,0.2,best
DE,ackley,2,1198,3.9968028886505635e-15,36000,30,0.5,0.2,best
DE,ackley,2,1199,3.9968028886505635e-15,36030,30,0.5,0.2,best
DE,ackley,3,0,20.097299415148743,60,30,0.5,0.2,best
DE,ackley,3,1,20.097299415148743,90,30,0.5,0.2,best
DE,ackley,3,2,19.475874182425507,120,30,0.5,0.2,best
DE,ackley,3,3,19.475874182425507,150,30,0.5,0.2,best
DE,ackley,3,4,18.90491678691111,180,30,0.5,0.2,best
DE,ackley,3,5,18.560963534382278,210,30,0.5,0.2,best
DE,ackley,3,6,18.560963534382278,240,30,0.5,0.2,best
DE,ackley,3,7,18.560963534382278,270,30,0.5,0.2,best
DE,ackley,3,8,15.627359376895667,300,30,0.5,0.2,best
DE,ackley,3,9,15.627359376895667,330,30,0.5,0.2,best
DE,ackley,3,10,14.83424227052235,360,30,0.5,0.2,best
DE,ackley,3,11,14.83424227052235,390,30,0.5,0.2,best
DE,ackley,3,12,13.045178077743113,420,30,0.5,0.2,best
DE,ackley,3,13,13.025403618627253,450,30,0.5,0.2,best
DE,ackley,3,14,12.941978209227472,480,30,0.5,0.2,best
DE,ackley,3,15,12.605150297464352,510,30,0.5,0.2,best
DE,ackley,3,16,12.605150297464352,540,30,0.5,0.2,best
DE,ackley,3,17,12.605150297464352,570,30,0.5,0.2,best
DE,ackley,3,18,12.601589666376416,600,30,0.5,0.2,best
DE,ackley,3,19,11.071429854442975,630,30,0.5,0.2,best
DE,ackley,3,20,8.736164051207298,660,30,0.5,0.2,best
DE,ackley,3,21,8.736164051207298,690,30,0.5,0.2,best
DE,ackley,3,22,8.519300912514996,720,30,0.5,0.2,best
DE,ackley,3,23,7.577669274319847,750,30,0.5,0.2,best
DE,ackley,3,24,7.577669274319847,780,30,0.5,0.2,best
DE,ackley,3,25,7.218491335041719,810,30,0.5,0.2,best
DE,ackley,3,26,7.218491335041719,840,30,0.5,0.2,best
DE,ackley,3,27,6.9340803363940235,870,30,0.5,0.2,best
DE,ackley,3,28,6.9340803363940235,900,30,0.5,0.2,best
DE,ackley,3,29,6.425228279539791,930,30,0.5,0.2,best
DE,ackley,3,30,5.5471487548566,960,30,0.5,0.2,best
DE,ackley,3,31,5.146585057985053,990,30,0.5,0.2,best
DE,ackley,3,32,4.670815671063913,1020,30,0.5,0.2,best
DE,ackley,3,33,4.222404727500212,1050,30,0.5,0.2,best
DE,ackley,3,34,4.222404727500212,1080,30,0.5,0.2,best
DE,ackley,3,35,4.222404727500212,1110,30,0.5,0.2,best
DE,ackley,3,36,4.222404727500212,1140,30,0.5,0.2,best
DE,ackley,3,37,4.222404727500212,1170,30,0.5,0.2,best
DE,ackley,3,38,3.8449167445304195,1200,30,0.5,0.2,best
DE,ackley,3,39,3.8449167445304195,1230,30,0.5,0.2,best
DE,ackley,3,40,3.8449167445304195,1260,30,0.5,0.2,best
DE,ackley,3,41,3.7373208975000165,1290,30,0.5,0.2,best
DE,ackley,3,42,3.1368252504230587,1320,30,0.5,0.2,best
DE,ackley,3,43,2.9917887948328645,1350,30,0.5,0.2,best
DE,ackley,3,44,2.9917887948328645,1380,30,0.5,0.2,best
DE,ackley,3,45,2.8641450141603113,1410,30,0.5,0.2,best
DE,ackley,3,46,2.735506400853922,1440,30,0.5,0.2,best
DE,ackley,3,47,2.3286073241204766,1470,30,0.5,0.2,best
DE,ackley,3,48,2.3286073241204766,1500,30,0.5,0.2,best
DE,ackley,3,49,2.209676819046266,1530,30,0.5,0.2,best
DE,ackley,3,50,1.524237394428344,1560,30,0.5,0.2,best
DE,ackley,3,51,1.2544541264311495,1590,30,0.5,0.2,best
DE,ackley,3,52,1.1553000149375348,1620,30,0.5,0.2,best
DE,ackley,3,53,1.1553000149375348,1650,30,0.5,0.2,best
DE,ackley,3,54,1.1553000149375348,1680,30,0.5,0.2,best
DE,ackley,3,55,0.9827700252664688,1710,30,0.5,0.2,best
DE,ackley,3,56,0.9827700252664688,1740,30,0.5,0.2,best
DE,ackley,3,57,0.9827700252664688,1770,30,0.5,0.2,best
DE,ackley,3,58,0.9827700252664688,1800,30,0.5,0.2,best
DE,ackley,3,59,0.6221929303502098,1830,30,0.5,0.2,best
DE,ackley,3,60,0.6221929303502098,1860,30,0.5,0.2,best
DE,ackley,3,61,0.6221929303502098,1890,30,0.5,0.2,best
DE,ackley,3,62,0.6221929303502098,1920,30,0.5,0.2,best
DE,ackley,3,63,0.4539647323020515,1950,30,0.5,0.2,best
DE,ackley,3,64,0.4539647323020515,1980,30,0.5,0.2,best
DE,ackley,3,65,0.4304927966051548,2010,30,0.5,0.2,best
DE,ackley,3,66,0.28825682306927947,2040,30,0.5,0.2,best
DE,ackley,3,67,0.27743537740513746,2070,30,0.5,0.2,best
DE,ackley,3,68,0.2767861824353557,2100,30,0.5,0.2,best
DE,ackley,3,69,0.23279737770641917,2130,30,0.5,0.2,best
DE,ackley,3,70,0.14562313718715503,2160,30,0.5,0.2,best
DE,ackley,3,71,0.09642982200051664,2190,30,0.5,0.2,best
DE,ackley,3,72,0.09321497773327225,2220,30,0.5,0.2,best
DE,ackley,3,73,0.09321497773327225,2250,30,0.5,0.2,best
DE,ackley,3,74,0.09249184969125013,2280,30,0.5,0.2,best
DE,ackley,3,75,0.09249184969125013,2310,30,0.5,0.2,best
DE,ackley,3,76,0.07396125047031221,2340,30,0.5,0.2,best
DE,ackley,3,77,0.07396125047031221,2370,30,0.5,0.2,best
DE,ackley,3,78,0.07365736349332197,2400,30,0.5,0.2,best
DE,ackley,3,79,0.06513038490318523,2430,30,0.5,0.2,best
DE,ackley,3,80,0.06513038490318523,2460,30,0.5,0.2,best
DE,ackley,3,81,0.05173174664756219,2490,30,0.5,0.2,best
DE,ackley,3,82,0.05173174664756219,2520,30,0.5,0.2,best
DE,ackley,3,83,0.04623378832301883,2550,30,0.5,0.2,best
DE,ackley,3,84,0.04623378832301883,2580,30,0.5,0.2,best
DE,ackley,3,85,0.03940311655397766,2610,30,0.5,0.2,best
DE,ackley,3,86,0.032192327937142995,2640,30,0.5,0.2,best
DE,ackley,3,87,0.0314245830514861,2670,30,0.5,0.2,best
DE,ackley,3,88,0.03094419038143359,2700,30,0.5,0.2,best
DE,ackley,3,89,0.027503281650635092,2730,30,0.5,0.2,best
DE,ackley,3,90,0.024921519990883656,2760,30,0.5,0.2,best
DE,ackley,3,91,0.021932303501671857,2790,30,0.5,0.2,best
DE,ackley,3,92,0.01663710309866362,2820,30,0.5,0.2,best
DE,ackley,3,93,0.01663710309866362,2850,30,0.5,0.2,best
DE,ackley,3,94,0.015123888681554565,2880,30,0.5,0.2,best
DE,ackley,3,95,0.013896957037183189,2910,30,0.5,0.2,best
DE,ackley,3,96,0.013896957037183189,2940,30,0.5,0.2,best
DE,ackley,3,97,0.010884575053524248,2970,30,0.5,0.2,best
DE,ackley,3,98,0.010884575053524248,3000,30,0.5,0.2,best
DE,ackley,3,99,0.009231966638620026,3030,30,0.5,0.2,best
DE,ackley,3,100,0.0076082842176536936,3060,30,0.5,0.2,best
DE,ackley,3,101,0.007209046883823067,3090,30,0.5,0.2,best
DE,ackley,3,102,0.006756439881546061,3120,30,0.5,0.2,best
DE,ackley,3,103,0.006756439881546061,3150,30,0.5,0.2,best
DE,ackley,3,104,0.0038616165185278994,3180,30,0.5,0.2,best
DE,ackley,3,105,0.0038616165185278994,3210,30,0.5,0.2,best
DE,ackley,3,106,0.0036985529953708074,3240,30,0.5,0.2,best
DE,ackley,3,107,0.0033461677626864805,3270,30,0.5,0.2,best
DE,ackley,3,108,0.003030104984109716,3300,30,0.5,0.2,best
DE,ackley,3,109,0.0023577974002191304,3330,30,0.5,0.2,best
DE,ackley,3,110,0.0023577974002191304,3360,30,0.5,0.2,best
DE,ackley,3,111,0.0023577974002191304,3390,30,0.5,0.2,best
DE,ackley,3,112,0.0017784725741454288,3420,30,0.5,0.2,best
DE,ackley,3,113,0.0016560460981094316,3450,30,0.5,0.2,best
DE,ackley,3,114,0.0016560460981094316,3480,30,0.5,0.2,best
DE,ackley,3,115,0.0016506831075493444,3510,30,0.5,0.2,best
DE,ackley,3,116,0.0015894985674020923,3540,30,0.5,0.2,best
DE,ackley,3,117,0.0015894985674020923,3570,30,0.5,0.2,best
DE,ackley,3,118,0.001137638569514099,3600,30,0.5,0.2,best
DE,ackley,3,119,0.001137638569514099,3630,30,0.5,0.2,best
DE,ackley,3,120,0.0010736904462942398,3660,30,0.5,0.2,best
DE,ackley,3,121,0.0010736904462942398,3690,30,0.5,0.2,best
DE,ackley,3,122,0.0010276021052075812,3720,30,0.5,0.2,best
DE,ackley,3,123,0.0009627695449165863,3750,30,0.5,0.2,best
DE,ackley,3,124,0.000873836717275811,3780,30,0.5,0.2,best
DE,ackley,3,125,0.0007175992501164963,3810,30,0.5,0.2,best
DE,ackley,3,126,0.0007175992501164963,3840,30,0.5,0.2,best
DE,ackley,3,127,0.0006061346775401155,3870,30,0.5,0.2,best
DE,ackley,3,128,0.0005836894678563631,3900,30,0.5,0.2,best
DE,ackley,3,129,0.000433661534256391,3930,30,0.5,0.2,best
DE,ackley,3,130,0.000433661534256391,3960,30,0.5,0.2,best
DE,ackley,3,131,0.00039591682798745254,3990,30,0.5,0.2,best
DE,ackley,3,132,0.00039591682798745254,4020,30,0.5,0.2,best
DE,ackley,3,133,0.00039591682798745254,4050,30,0.5,0.2,best
DE,ackley,3,134,0.00030530421782559714,4080,30,0.5,0.2,best
DE,ackley,3,135,0.00027886224150863725,4110,30,0.5,0.2,best
DE,ackley,3,136,0.00023822519907001904,4140,30,0.5,0.2,best
DE,ackley,3,137,0.0002169855043701041,4170,30,0.5,0.2,best
DE,ackley,3,138,0.0002169855043701041,4200,30,0.5,0.2,best
DE,ackley,3,139,0.0002169855043701041,4230,30,0.5,0.2,best
DE,ackley,3,140,0.0001934966010357364,4260,30,0.5,0.2,best
DE,ackley,3,141,0.0001934966010357364,4290,30,0.5,0.2,best
DE,ackley,3,142,0.0001773881264068855,4320,30,0.5,0.2,best
DE,ackley,3,143,0.0001773881264068855,4350,30,0.5,0.2,best
DE,ackley,3,144,0.00015240254531834196,4380,30,0.5,0.2,best
DE,ackley,3,145,0.00012854928509442587,4410,30,0.5,0.2,best
DE,ackley,3,146,0.00011936157829994798,4440,30,0.5,0.2,best
DE,ackley,3,147,0.00011511210440007247,4470,30,0.5,0.2,best
DE,ackley,3,148,0.00010777954256768751,4500,30,0.5,0.2,best
DE,ackley,3,149,9.049149921525057e-05,4530,30,0.5,0.2,best
DE,ackley,3,150,9.049149921525057e-05,4560,30,0.5,0.2,best
DE,ackley,3,151,8.70237592072165e-05,4590,30,0.5,0.2,best
DE,ackley,3,152,6.845213570416675e-05,4620,30,0.5,0.2,best
DE,ackley,3,153,6.845213570416675e-05,4650,30,0.5,0.2,best
DE,ackley,3,154,6.845213570416675e-05,4680,30,0.5,0.2,best
DE,ackley,3,155,3.922827084368308e-05,4710,30,0.5,0.2,best
DE,ackley,3,156,3.922827084368308e-05,4740,30,0.5,0.2,best
DE,ackley,3,157,3.922827084368308e-05,4770,30,0.5,0.2,best
DE,ackley,3,158,3.922827084368308e-05,4800,30,0.5,0.2,best
DE,ackley,3,159,3.016150392243233e-05,4830,30,0.5,0.2,best
DE,ackley,3,160,3.016150392243233e-05,4860,30,0.5,0.2,best
DE,ackley,3,161,3.016150392243233e-05,4890,30,0.5,0.2,best
DE,ackley,3,162,2.804153410496113e-05,4920,30,0.5,0.2,best
DE,ackley,3,163,2.376694118710887e-05,4950,30,0.5,0.2,best
DE,ackley,3,164,2.376694118710887e-05,4980,30,0.5,0.2,best
DE,ackley,3,165,2.0371320527790004e-05,5010,30,0.5,0.2,best
DE,ackley,3,166,2.0371320527790004e-05,5040,30,0.5,0.2,best
DE,ackley,3,167,1.780969898179663e-05,5070,30,0.5,0.2,best
DE,ackley,3,168,1.780969898179663e-05,5100,30,0.5,0.2,best
DE,ackley,3,169,1.3839759902101179e-05,5130,30,0.5,0.2,best
DE,ackley,3,170,1.360745775302874e-05,5160,30,0.5,0.2,best
DE,ackley,3,171,1.1205775774403293e-05,5190,30,0.5,0.2,best
DE,ackley,3,172,1.1205775774403293e-05,5220,30,0.5,0.2,best
DE,ackley,3,173,8.097418345176521e-06,5250,30,0.5,0.2,best
DE,ackley,3,174,8.097418345176521e-06,5280,30,0.5,0.2,best
DE,ackley,3,175,7.906161468174133e-06,5310,30,0.5,0.2,best
DE,ackley,3,176,6.726038880078278e-06,5340,30,0.5,0.2,best
DE,ackley,3,177,5.340804851261538e-06,5370,30,0.5,0.2,best
DE,ackley,3,178,3.999392735654084e-06,5400,30,0.5,0.2,best
DE,ackley,3,179,3.4926862935158454e-06,5430,30,0.5,0.2,best
DE,ackley,3,180,2.3864465998890694e-06,5460,30,0.5,0.2,best
DE,ackley,3,181,2.3864465998890694e-06,5490,30,0.5,0.2,best
DE,ackley,3,182,2.3864465998890694e-06,5520,30,0.5,0.2,best
DE,ackley,3,183,2.3864465998890694e-06,5550,30,0.5,0.2,best
DE,ackley,3,184,2.028342106275005e-06,5580,30,0.5,0.2,best
DE,ackley,3,185,2.028342106275005e-06,5610,30,0.5,0.2,best
DE,ackley,3,186,1.7027960450555213e-06,5640,30,0.5,0.2,best
DE,ackley,3,187,1.7027960450555213e-06,5670,30,0.5,0.2,best
DE,ackley,3,188,1.7027960450555213e-06,5700,30,0.5,0.2,best
DE,ackley,3,189,1.6946661571815014e-06,5730,30,0.5,0.2,best
DE,ackley,3,190,1.3528507705196091e-06,5760,30,0.5,0.2,best
DE,ackley,3,191,1.3528507705196091e-06,5790,30,0.5,0.2,best
DE,ackley,3,192,1.34172134780286e-06,5820,30,0.5,0.2,best
DE,ackley,3,193,1.34172134780286e-06,5850,30,0.5,0.2,best
DE,ackley,3,194,1.2580455330812867e-06,5880,30,0.5,0.2,best
DE,ackley,3,195,9.014468713708368e-07,5910,30,0.5,0.2,best
DE,ackley,3,196,6.837338628606915e-07,5940,30,0.5,0.2,best
DE,ackley,3,197,6.672845178634645e-07,5970,30,0.5,0.2,best
DE,ackley,3,198,5.452150024787272e-07,6000,30,0.5,0.2,best
DE,ackley,3,199,5.413455110847565e-07,6030,30,0.5,0.2,best
DE,ackley,3,200,5.413455110847565e-07,6060,30,0.5,0.2,best
DE,ackley,3,201,5.413455110847565e-07,6090,30,0.5,0.2,best
DE,ackley,3,202,5.278211472337091e-07,6120,30,0.5,0.2,best
DE,ackley,3,203,4.978759098328567e-07,6150,30,0.5,0.2,best
DE,ackley,3,204,4.978759098328567e-07,6180,30,0.5,0.2,best
DE,ackley,3,205,4.4745665706003024e-07,6210,30,0.5,0.2,best
DE,ackley,3,206,3.870739857525507e-07,6240,30,0.5,0.2,best
DE,ackley,3,207,3.5052205449304097e-07,6270,30,0.5,0.2,best
DE,ackley,3,208,3.5052205449304097e-07,6300,30,0.5,0.2,best
DE,ackley,3,209,2.413635660225566e-07,6330,30,0.5,0.2,best
DE,ackley,3,210,2.413635660225566e-07,6360,30,0.5,0.2,best
DE,ackley,3,211,1.794039126146174e-07,6390,30,0.5,0.2,best
DE,ackley,3,212,1.794039126146174e-07,6420,30,0.5,0.2,best
DE,ackley,3,213,1.794039126146174e-07,6450,30,0.5,0.2,best
DE,ackley,3,214,1.794039126146174e-07,6480,30,0.5,0.2,best
DE,ackley,3,215,1.7876478297651488e-07,6510,30,0.5,0.2,best
DE,ackley,3,216,1.4849186813492565e-07,6540,30,0.5,0.2,best
DE,ackley,3,217,1.4849186813492565e-07,6570,30,0.5,0.2,best
DE,ackley,3,218,1.4849186813492565e-07,6600,30,0.5,0.2,best
DE,ackley,3,219,1.262811761826299e-07,6630,30,0.5,0.2,best
DE,ackley,3,220,1.2444664720945298e-07,6660,30,0.5,0.2,best
DE,ackley,3,221,1.1924552412168055e-07,6690,30,0.5,0.2,best
DE,ackley,3,222,9.390726818381268e-08,6720,30,0.5,0.2,best
DE,ackley,3,223,9.390726818381268e-08,6750,30,0.5,0.2,best
DE,ackley,3,224,7.097573417880199e-08,6780,30,0.5,0.2,best
DE,ackley,3,225,7.097573417880199e-08,6810,30,0.5,0.2,best
DE,ackley,3,226,7.097573417880199e-08,6840,30,0.5,0.2,best
DE,ackley,3,227,5.84648067736282e-08,6870,30,0.5,0.2,best
DE,ackley,3,228,5.513153356062617e-08,6900,30,0.5,0.2,best
DE,ackley,3,229,4.287366595079334e-08,6930,30,0.5,0.2,best
DE,ackley,3,230,4.0116834743031404e-08,6960,30,0.5,0.2,best
DE,ackley,3,231,4.0116834743031404e-08,6990,30,0.5,0.2,best
DE,ackley,3,232,3.845179152861533e-08,7020,30,0.5,0.2,best
DE,ackley,3,233,3.768258638459088e-08,7050,30,0.5,0.2,best
DE,ackley,3,234,3.141877202850196e-08,7080,30,0.5,0.2,best
DE,ackley,3,235,2.66896234002445e-08,7110,30,0.5,0.2,best
DE,ackley,3,236,2.66896234002445e-08,7140,30,0.5,0.2,best
DE,ackley,3,237,2.1867304855760494e-08,7170,30,0.5,0.2,best
DE,ackley,3,238,2.0548544643617106e-08,7200,30,0.5,0.2,best
DE,ackley,3,239,1.6318097539880227e-08,7230,30,0.5,0.2,best
DE,ackley,3,240,1.6253839607571763e-08,7260,30,0.5,0.2,best
DE,ackley,3,241,1.2889714628983029e-08,7290,30,0.5,0.2,best
DE,ackley,3,242,1.2889714628983029e-08,7320,30,0.5,0.2,best
DE,ackley,3,243,1.1990615167434271e-08,7350,30,0.5,0.2,best
DE,ackley,3,244,1.1990615167434271e-08,7380,30,0.5,0.2,best
DE,ackley,3,245,1.0996874966195946e-08,7410,30,0.5,0.2,best
DE,ackley,3,246,1.0996874966195946e-08,7440,30,0.5,0.2,best
DE,ackley,3,247,9.904816966610497e-09,7470,30,0.5,0.2,best
DE,ackley,3,248,7.631534959529063e-09,7500,30,0.5,0.2,best
DE,ackley,3,249,5.548827619605845e-09,7530,30,0.5,0.2,best
DE,ackley,3,250,5.548827619605845e-09,7560,30,0.5,0.2,best
DE,ackley,3,251,5.548827619605845e-09,7590,30,0.5,0.2,best
DE,ackley,3,252,5.548827619605845e-09,7620,30,0.5,0.2,best
DE,ackley,3,253,4.6865307190557814e-09,7650,30,0.5,0.2,best
DE,ackley,3,254,4.6865307190557814e-09,7680,30,0.5,0.2,best
DE,ackley,3,255,3.644423873794267e-09,7710,30,0.5,0.2,best
DE,ackley,3,256,3.253017855087137e-09,7740,30,0.5,0.2,best
DE,ackley,3,257,2.931468845446261e-09,7770,30,0.5,0.2,best
DE,ackley,3,258,2.4305859547268938e-09,7800,30,0.5,0.2,best
DE,ackley,3,259,2.4305859547268938e-09,7830,30,0.5,0.2,best
DE,ackley,3,260,2.4305859547268938e-09,7860,30,0.5,0.2,best
DE,ackley,3,261,2.1957409224171442e-09,7890,30,0.5,0.2,best
DE,ackley,3,262,2.1957409224171442e-09,7920,30,0.5,0.2,best
DE,ackley,3,263,1.7216987835411146e-09,7950,30,0.5,0.2,best
DE,ackley,3,264,1.7216987835411146e-09,7980,30,0.5,0.2,best
DE,ackley,3,265,1.6832228943997052e-09,8010,30,0.5,0.2,best
DE,ackley,3,266,1.5219865368010232e-09,8040,30,0.5,0.2,best
DE,ackley,3,267,1.4650294311024936e-09,8070,30,0.5,0.2,best
DE,ackley,3,268,1.403173133240898e-09,8100,30,0.5,0.2,best
DE,ackley,3,269,1.094257573441837e-09,8130,30,0.5,0.2,best
DE,ackley,3,270,8.577711874124816e-10,8160,30,0.5,0.2,best
DE,ackley,3,271,8.577711874124816e-10,8190,30,0.5,0.2,best
DE,ackley,3,272,8.050951016969066e-10,8220,30,0.5,0.2,best
DE,ackley,3,273,6.377125494338998e-10,8250,30,0.5,0.2,best
DE,ackley,3,274,5.53189938301557e-10,8280,30,0.5,0.2,best
DE,ackley,3,275,4.633631256467652e-10,8310,30,0.5,0.2,best
DE,ackley,3,276,4.4529047116270704e-10,8340,30,0.5,0.2,best
DE,ackley,3,277,4.4529047116270704e-10,8370,30,0.5,0.2,best
DE,ackley,3,278,4.378581941466564e-10,8400,30,0.5,0.2,best
DE,ackley,3,279,3.273190607444576e-10,8430,30,0.5,0.2,best
DE,ackley,3,280,3.273190607444576e-10,8460,30,0.5,0.2,best
DE,ackley,3,281,3.117794911133842e-10,8490,30,0.5,0.2,best
DE,ackley,3,282,2.5120927560351447e-10,8520,30,0.5,0.2,best
DE,ackley,3,283,2.3742829924344733e-10,8550,30,0.5,0.2,best
DE,ackley,3,284,2.2859270032427048e-10,8580,30,0.5,0.2,best
DE,ackley,3,285,2.2578250380433929e-10,8610,30,0.5,0.2,best
DE,ackley,3,286,1.847841879509815e-10,8640,30,0.5,0.2,best
DE,ackley,3,287,1.457611809030368e-10,8670,30,0.5,0.2,best
DE,ackley,3,288,1.457611809030368e-10,8700,30,0.5,0.2,best
DE,ackley,3,289,1.4271650528030477e-10,8730,30,0.5,0.2,best
DE,ackley,3,290,1.2386580650058931e-10,8760,30,0.5,0.2,best
DE,ackley,3,291,1.03213881885722e-10,8790,30,0.5,0.2,best
DE,ackley,3,292,1.03213881885722e-10,8820,30,0.5,0.2,best
DE,ackley,3,293,9.228573460973166e-11,8850,30,0.5,0.2,best
DE,ackley,3,294,7.771250309929201e-11,8880,30,0.5,0.2,best
DE,ackley,3,295,7.771250309929201e-11,8910,30,0.5,0.2,best
DE,ackley,3,296,6.901190729990958e-11,8940,30,0.5,0.2,best
DE,ackley,3,297,6.056710688540079e-11,8970,30,0.5,0.2,best
DE,ackley,3,298,6.056710688540079e-11,9000,30,0.5,0.2,best
DE,ackley,3,299,4.9820148007029275e-11,9030,30,0.5,0.2,best
DE,ackley,3,300,3.913003254751857e-11,9060,30,0.5,0.2,best
DE,ackley,3,301,3.872857590181411e-11,9090,30,0.5,0.2,best
DE,ackley,3,302,3.6984193485523065e-11,9120,30,0.5,0.2,best
DE,ackley,3,303,3.6984193485523065e-11,9150,30,0.5,0.2,best
DE,ackley,3,304,3.6984193485523065e-11,9180,30,0.5,0.2,best
DE,ackley,3,305,2.94240187770356e-11,9210,30,0.5,0.2,best
DE,ackley,3,306,2.94240187770356e-11,9240,30,0.5,0.2,best
DE,ackley,3,307,2.94240187770356e-11,9270,30,0.5,0.2,best
DE,ackley,3,308,2.4936941400710566e-11,9300,30,0.5,0.2,best
DE,ackley,3,309,2.361177919851798e-11,9330,30,0.5,0.2,best
DE,ackley,3,310,1.907141111701094e-11,9360,30,0.5,0.2,best
DE,ackley,3,311,1.7774670624248756e-11,9390,30,0.5,0.2,best
DE,ackley,3,312,1.7774670624248756e-11,9420,30,0.5,0.2,best
DE,ackley,3,313,1.7216894576677078e-11,9450,30,0.5,0.2,best
DE,ackley,3,314,1.7049917033773454e-11,9480,30,0.5,0.2,best
DE,ackley,3,315,1.7049917033773454e-11,9510,30,0.5,0.2,best
DE,ackley,3,316,1.425393136855746e-11,9540,30,0.5,0.2,best
DE,ackley,3,317,1.425393136855746e-11,9570,30,0.5,0.2,best
DE,ackley,3,318,1.4214851518090654e-11,9600,30,0.5,0.2,best
DE,ackley,3,319,1.014344164218528e-11,9630,30,0.5,0.2,best
DE,ackley,3,320,9.479084184249587e-12,9660,30,0.5,0.2,best
DE,ackley,3,321,9.479084184249587e-12,9690,30,0.5,0.2,best
DE,ackley,3,322,5.95834492855829e-12,9720,30,0.5,0.2,best
DE,ackley,3,323,5.95834492855829e-12,9750,30,0.5,0.2,best
DE,ackley,3,324,5.95834492855829e-12,9780,30,0.5,0.2,best
DE,ackley,3,325,5.95834492855829e-12,9810,30,0.5,0.2,best
DE,ackley,3,326,4.633182726365703e-12,9840,30,0.5,0.2,best
DE,ackley,3,327,4.633182726365703e-12,9870,30,0.5,0.2,best
DE,ackley,3,328,4.551470311753292e-12,9900,30,0.5,0.2,best
DE,ackley,3,329,4.508837747607686e-12,9930,30,0.5,0.2,best
DE,ackley,3,330,4.118039242939631e-12,9960,30,0.5,0.2,best
DE,ackley,3,331,3.1445956949482934e-12,9990,30,0.5,0.2,best
DE,ackley,3,332,3.1445956949482934e-12,10020,30,0.5,0.2,best
DE,ackley,3,333,3.11972669919669e-12,10050,30,0.5,0.2,best
DE,ackley,3,334,2.892353023753458e-12,10080,30,0.5,0.2,best
DE,ackley,3,335,2.5797142200190137e-12,10110,30,0.5,0.2,best
DE,ackley,3,336,2.3239188351453777e-12,10140,30,0.5,0.2,best
DE,ackley,3,337,1.830091633792108e-12,10170,30,0.5,0.2,best
DE,ackley,3,338,1.830091633792108e-12,10200,30,0.5,0.2,best
DE,ackley,3,339,1.6844303729612875e-12,10230,30,0.5,0.2,best
DE,ackley,3,340,1.5920598173124745e-12,10260,30,0.5,0.2,best
DE,ackley,3,341,1.4570566975180554e-12,10290,30,0.5,0.2,best
DE,ackley,3,342,1.1906031716080179e-12,10320,30,0.5,0.2,best
DE,ackley,3,343,9.277023593767808e-13,10350,30,0.5,0.2,best
DE,ackley,3,344,6.541434061091422e-13,10380,30,0.5,0.2,best
DE,ackley,3,345,6.541434061091422e-13,10410,30,0.5,0.2,best
DE,ackley,3,346,6.541434061091422e-13,10440,30,0.5,0.2,best
DE,ackley,3,347,6.541434061091422e-13,10470,30,0.5,0.2,best
DE,ackley,3,348,6.541434061091422e-13,10500,30,0.5,0.2,best
DE,ackley,3,349,4.836131495267182e-13,10530,30,0.5,0.2,best
DE,ackley,3,350,4.836131495267182e-13,10560,30,0.5,0.2,best
DE,ackley,3,351,4.800604358479177e-13,10590,30,0.5,0.2,best
DE,ackley,3,352,4.800604358479177e-13,10620,30,0.5,0.2,best
DE,ackley,3,353,3.8413716652030416e-13,10650,30,0.5,0.2,best
DE,ackley,3,354,3.4861002973229915e-13,10680,30,0.5,0.2,best
DE,ackley,3,355,3.3795188869589765e-13,10710,30,0.5,0.2,best
DE,ackley,3,356,3.0242475190789264e-13,10740,30,0.5,0.2,best
DE,ackley,3,357,3.0242475190789264e-13,10770,30,0.5,0.2,best
DE,ackley,3,358,3.0242475190789264e-13,10800,30,0.5,0.2,best
DE,ackley,3,359,2.4202861936828413e-13,10830,30,0.5,0.2,best
DE,ackley,3,360,1.9229062786507711e-13,10860,30,0.5,0.2,best
DE,ackley,3,361,1.9229062786507711e-13,10890,30,0.5,0.2,best
DE,ackley,3,362,1.887379141862766e-13,10920,30,0.5,0.2,best
DE,ackley,3,363,1.887379141862766e-13,10950,30,0.5,0.2,best
DE,ackley,3,364,1.567634910770721e-13,10980,30,0.5,0.2,best
DE,ackley,3,365,1.354472090042691e-13,11010,30,0.5,0.2,best
DE,ackley,3,366,1.354472090042691e-13,11040,30,0.5,0.2,best
DE,ackley,3,367,1.141309269314661e-13,11070,30,0.5,0.2,best
DE,ackley,3,368,1.1057821325266559e-13,11100,30,0.5,0.2,best
DE,ackley,3,369,1.1057821325266559e-13,11130,30,0.5,0.2,best
DE,ackley,3,370,9.281464485866309e-14,11160,30,0.5,0.2,best
DE,ackley,3,371,8.215650382226158e-14,11190,30,0.5,0.2,best
DE,ackley,3,372,8.215650382226158e-14,11220,30,0.5,0.2,best
DE,ackley,3,373,6.794564910705958e-14,11250,30,0.5,0.2,best
DE,ackley,3,374,4.6629367034256575e-14,11280,30,0.5,0.2,best
DE,ackley,3,375,4.3076653355456074e-14,11310,30,0.5,0.2,best
DE,ackley,3,376,4.3076653355456074e-14,11340,30,0.5,0.2,best
DE,ackley,3,377,3.952393967665557e-14,11370,30,0.5,0.2,best
DE,ackley,3,378,3.952393967665557e-14,11400,30,0.5,0.2,best
DE,ackley,3,379,2.886579864025407e-14,11430,30,0.5,0.2,best
DE,ackley,3,380,2.886579864025407e-14,11460,30,0.5,0.2,best
DE,ackley,3,381,2.886579864025407e-14,11490,30,0.5,0.2,best
DE,ackley,3,382,1.8207657603852567e-14,11520,30,0.5,0.2,best
DE,ackley,3,383,1.8207657603852567e-14,11550,30,0.5,0.2,best
DE,ackley,3,384,1.8207657603852567e-14,11580,30,0.5,0.2,best
DE,ackley,3,385,1.4654943925052066e-14,11610,30,0.5,0.2,best
DE,ackley,3,386,1.4654943925052066e-14,11640,30,0.5,0.2,best
DE,ackley,3,387,1.4654943925052066e-14,11670,30,0.5,0.2,best
DE,ackley,3,388,1.4654943925052066e-14,11700,30,0.5,0.2,best
DE,ackley,3,389,1.4654943925052066e-14,11730,30,0.5,0.2,best
DE,ackley,3,390,1.4654943925052066e-14,11760,30,0.5,0.2,best
DE,ackley,3,391,1.1102230246251565e-14,11790,30,0.5,0.2,best
DE,ackley,3,392,7.549516567451064e-15,11820,30,0.5,0.2,best
DE,ackley,3,393,7.549516567451064e-15,11850,30,0.5,0.2,best
DE,ackley,3,394,7.549516567451064e-15,11880,30,0.5,0.2,best
DE,ackley,3,395,7.549516567451064e-15,11910,30,0.5,0.2,best
DE,ackley,3,396,7.549516567451064e-15,11940,30,0.5,0.2,best
DE,ackley,3,397,7.549516567451064e-15,11970,30,0.5,0.2,best
DE,ackley,3,398,7.549516567451064e-15,12000,30,0.5,0.2,best
DE,ackley,3,399,7.549516567451064e-15,12030,30,0.5,0.2,best
DE,ackley,3,400,7.549516567451064e-15,12060,30,0.5,0.2,best
DE,ackley,3,401,7.549516567451064e-15,12090,30,0.5,0.2,best
DE,ackley,3,402,7.549516567451064e-15,12120,30,0.5,0.2,best
DE,ackley,3,403,7.549516567451064e-15,12150,30,0.5,0.2,best
DE,ackley,3,404,7.549516567451064e-15,12180,30,0.5,0.2,best
DE,ackley,3,405,7.549516567451064e-15,12210,30,0.5,0.2,best
DE,ackley,3,406,7.549516567451064e-15,12240,30,0.5,0.2,best
DE,ackley,3,407,7.549516567451064e-15,12270,30,0.5,0.2,best
DE,ackley,3,408,7.549516567451064e-15,12300,30,0.5,0.2,best
DE,ackley,3,409,7.549516567451064e-15,12330,30,0.5,0.2,best
DE,ackley,3,410,7.549516567451064e-15,12360,30,0.5,0.2,best
DE,ackley,3,411,7.549516567451064e-15,12390,30,0.5,0.2,best
DE,ackley,3,412,7.549516567451064e-15,12420,30,0.5,0.2,best
DE,ackley,3,413,7.549516567451064e-15,12450,30,0.5,0.2,best
DE,ackley,3,414,7.549516567451064e-15,12480,30,0.5,0.2,best
DE,ackley,3,415,7.549516567451064e-15,12510,30,0.5,0.2,best
DE,ackley,3,416,7.549516567451064e-15,12540,30,0.5,0.2,best
DE,ackley,3,417,7.549516567451064e-15,12570,30,0.5,0.2,best
DE,ackley,3,418,7.549516567451064e-15,12600,30,0.5,0.2,best
DE,ackley,3,419,7.549516567451064e-15,12630,30,0.5,0.2,best
DE,ackley,3,420,7.549516567451064e-15,12660,30,0.5,0.2,best
DE,ackley,3,421,7.549516567451064e-15,12690,30,0.5,0.2,best
DE,ackley,3,422,7.549516567451064e-15,12720,30,0.5,0.2,best
DE,ackley,3,423,7.549516567451064e-15,12750,30,0.5,0.2,best
DE,ackley,3,424,7.549516567451064e-15,12780,30,0.5,0.2,best
DE,ackley,3,425,7.549516567451064e-15,12810,30,0.5,0.2,best
DE,ackley,3,426,7.549516567451064e-15,12840,30,0.5,0.2,best
DE,ackley,3,427,7.549516567451064e-15,12870,30,0.5,0.2,best
DE,ackley,3,428,7.549516567451064e-15,12900,30,0.5,0.2,best
DE,ackley,3,429,7.549516567451064e-15,12930,30,0.5,0.2,best
DE,ackley,3,430,7.549516567451064e-15,12960,30,0.5,0.2,best
DE,ackley,3,431,7.549516567451064e-15,12990,30,0.5,0.2,best
DE,ackley,3,432,7.549516567451064e-15,13020,30,0.5,0.2,best
DE,ackley,3,433,7.549516567451064e-15,13050,30,0.5,0.2,best
DE,ackley,3,434,7.549516567451064e-15,13080,30,0.5,0.2,best
DE,ackley,3,435,7.549516567451064e-15,13110,30,0.5,0.2,best
DE,ackley,3,436,7.549516567451064e-15,13140,30,0.5,0.2,best
DE,ackley,3,437,7.549516567451064e-15,13170,30,0.5,0.2,best
DE,ackley,3,438,7.549516567451064e-15,13200,30,0.5,0.2,best
DE,ackley,3,439,7.549516567451064e-15,13230,30,0.5,0.2,best
DE,ackley,3,440,7.549516567451064e-15,13260,30,0.5,0.2,best
DE,ackley,3,441,7.549516567451064e-15,13290,30,0.5,0.2,best
DE,ackley,3,442,7.549516567451064e-15,13320,30,0.5,0.2,best
DE,ackley,3,443,7.549516567451064e-15,13350,30,0.5,0.2,best
DE,ackley,3,444,7.549516567451064e-15,13380,30,0.5,0.2,best
DE,ackley,3,445,7.549516567451064e-15,13410,30,0.5,0.2,best
DE,ackley,3,446,7.549516567451064e-15,13440,30,0.5,0.2,best
DE,ackley,3,447,7.549516567451064e-15,13470,30,0.5,0.2,best
DE,ackley,3,448,7.549516567451064e-15,13500,30,0.5,0.2,best
DE,ackley,3,449,7.549516567451064e-15,13530,30,0.5,0.2,best
DE,ackley,3,450,7.549516567451064e-15,13560,30,0.5,0.2,best
DE,ackley,3,451,7.549516567451064e-15,13590,30,0.5,0.2,best
DE,ackley,3,452,7.549516567451064e-15,13620,30,0.5,0.2,best
DE,ackley,3,453,7.549516567451064e-15,13650,30,0.5,0.2,best
DE,ackley,3,454,7.549516567451064e-15,13680,30,0.5,0.2,best
DE,ackley,3,455,7.549516567451064e-15,13710,30,0.5,0.2,best
DE,ackley,3,456,7.549516567451064e-15,13740,30,0.5,0.2,best
DE,ackley,3,457,7.549516567451064e-15,13770,30,0.5,0.2,best
DE,ackley,3,458,7.549516567451064e-15,13800,30,0.5,0.2,best
DE,ackley,3,459,7.549516567451064e-15,13830,30,0.5,0.2,best
DE,ackley,3,460,7.549516567451064e-15,13860,30,0.5,0.2,best
DE,ackley,3,461,7.549516567451064e-15,13890,30,0.5,0.2,best
DE,ackley,3,462,7.549516567451064e-15,13920,30,0.5,0.2,best
DE,ackley,3,463,7.549516567451064e-15,13950,30,0.5,0.2,best
DE,ackley,3,464,7.549516567451064e-15,13980,30,0.5,0.2,best
DE,ackley,3,465,7.549516567451064e-15,14010,30,0.5,0.2,best
DE,ackley,3,466,7.549516567451064e-15,14040,30,0.5,0.2,best
DE,ackley,3,467,7.549516567451064e-15,14070,30,0.5,0.2,best
DE,ackley,3,468,7.549516567451064e-15,14100,30,0.5,0.2,best
DE,ackley,3,469,7.549516567451064e-15,14130,30,0.5,0.2,best
DE,ackley,3,470,7.549516567451064e-15,14160,30,0.5,0.2,best
DE,ackley,3,471,7.549516567451064e-15,14190,30,0.5,0.2,best
DE,ackley,3,472,7.549516567451064e-15,14220,30,0.5,0.2,best
DE,ackley,3,473,7.549516567451064e-15,14250,30,0.5,0.2,best
DE,ackley,3,474,7.549516567451064e-15,14280,30,0.5,0.2,best
DE,ackley,3,475,7.549516567451064e-15,14310,30,0.5,0.2,best
DE,ackley,3,476,7.549516567451064e-15,14340,30,0.5,0.2,best
DE,ackley,3,477,7.549516567451064e-15,14370,30,0.5,0.2,best
DE,ackley,3,478,7.549516567451064e-15,14400,30,0.5,0.2,best
DE,ackley,3,479,7.549516567451064e-15,14430,30,0.5,0.2,best
DE,ackley,3,480,7.549516567451064e-15,14460,30,0.5,0.2,best
DE,ackley,3,481,7.549516567451064e-15,14490,30,0.5,0.2,best
DE,ackley,3,482,7.549516567451064e-15,14520,30,0.5,0.2,best
DE,ackley,3,483,7.549516567451064e-15,14550,30,0.5,0.2,best
DE,ackley,3,484,7.549516567451064e-15,14580,30,0.5,0.2,best
DE,ackley,3,485,7.549516567451064e-15,14610,30,0.5,0.2,best
DE,ackley,3,486,7.549516567451064e-15,14640,30,0.5,0.2,best
DE,ackley,3,487,7.549516567451064e-15,14670,30,0.5,0.2,best
DE,ackley,3,488,7.549516567451064e-15,14700,30,0.5,0.2,best
DE,ackley,3,489,7.549516567451064e-15,14730,30,0.5,0.2,best
DE,ackley,3,490,7.549516567451064e-15,14760,30,0.5,0.2,best
DE,ackley,3,491,7.549516567451064e-15,14790,30,0.5,0.2,best
DE,ackley,3,492,7.549516567451064e-15,14820,30,0.5,0.2,best
DE,ackley,3,493,7.549516567451064e-15,14850,30,0.5,0.2,best
DE,ackley,3,494,7.549516567451064e-15,14880,30,0.5,0.2,best
DE,ackley,3,495,7.549516567451064e-15,14910,30,0.5,0.2,best
DE,ackley,3,496,7.549516567451064e-15,14940,30,0.5,0.2,best
DE,ackley,3,497,7.549516567451064e-15,14970,30,0.5,0.2,best
DE,ackley,3,498,7.549516567451064e-15,15000,30,0.5,0.2,best
DE,ackley,3,499,7.549516567451064e-15,15030,30,0.5,0.2,best
DE,ackley,3,500,7.549516567451064e-15,15060,30,0.5,0.2,best
DE,ackley,3,501,7.549516567451064e-15,15090,30,0.5,0.2,best
DE,ackley,3,502,7.549516567451064e-15,15120,30,0.5,0.2,best
DE,ackley,3,503,7.549516567451064e-15,15150,30,0.5,0.2,best
DE,ackley,3,504,7.549516567451064e-15,15180,30,0.5,0.2,best
DE,ackley,3,505,7.549516567451064e-15,15210,30,0.5,0.2,best
DE,ackley,3,506,7.549516567451064e-15,15240,30,0.5,0.2,best
DE,ackley,3,507,7.549516567451064e-15,15270,30,0.5,0.2,best
DE,ackley,3,508,7.549516567451064e-15,15300,30,0.5,0.2,best
DE,ackley,3,509,7.549516567451064e-15,15330,30,0.5,0.2,best
DE,ackley,3,510,7.549516567451064e-15,15360,30,0.5,0.2,best
DE,ackley,3,511,7.549516567451064e-15,15390,30,0.5,0.2,best
DE,ackley,3,512,7.549516567451064e-15,15420,30,0.5,0.2,best
DE,ackley,3,513,7.549516567451064e-15,15450,30,0.5,0.2,best
DE,ackley,3,514,7.549516567451064e-15,15480,30,0.5,0.2,best
DE,ackley,3,515,7.549516567451064e-15,15510,30,0.5,0.2,best
DE,ackley,3,516,7.549516567451064e-15,15540,30,0.5,0.2,best
DE,ackley,3,517,7.549516567451064e-15,15570,30,0.5,0.2,best
DE,ackley,3,518,7.549516567451064e-15,15600,30,0.5,0.2,best
DE,ackley,3,519,7.549516567451064e-15,15630,30,0.5,0.2,best
DE,ackley,3,520,7.549516567451064e-15,15660,30,0.5,0.2,best
DE,ackley,3,521,7.549516567451064e-15,15690,30,0.5,0.2,best
DE,ackley,3,522,7.549516567451064e-15,15720,30,0.5,0.2,best
DE,ackley,3,523,7.549516567451064e-15,15750,30,0.5,0.2,best
DE,ackley,3,524,7.549516567451064e-15,15780,30,0.5,0.2,best
DE,ackley,3,525,7.549516567451064e-15,15810,30,0.5,0.2,best
DE,ackley,3,526,7.549516567451064e-15,15840,30,0.5,0.2,best
DE,ackley,3,527,7.549516567451064e-15,15870,30,0.5,0.2,best
DE,ackley,3,528,7.549516567451064e-15,15900,30,0.5,0.2,best
DE,ackley,3,529,7.549516567451064e-15,15930,30,0.5,0.2,best
DE,ackley,3,530,7.549516567451064e-15,15960,30,0.5,0.2,best
DE,ackley,3,531,7.549516567451064e-15,15990,30,0.5,0.2,best
DE,ackley,3,532,7.549516567451064e-15,16020,30,0.5,0.2,best
DE,ackley,3,533,7.549516567451064e-15,16050,30,0.5,0.2,best
DE,ackley,3,534,7.549516567451064e-15,16080,30,0.5,0.2,best
DE,ackley,3,535,7.549516567451064e-15,16110,30,0.5,0.2,best
DE,ackley,3,536,7.549516567451064e-15,16140,30,0.5,0.2,best
DE,ackley,3,537,7.549516567451064e-15,16170,30,0.5,0.2,best
DE,ackley,3,538,7.549516567451064e-15,16200,30,0.5,0.2,best
DE,ackley,3,539,7.549516567451064e-15,16230,30,0.5,0.2,best
DE,ackley,3,540,7.549516567451064e-15,16260,30,0.5,0.2,best
DE,ackley,3,541,7.549516567451064e-15,16290,30,0.5,0.2,best
DE,ackley,3,542,7.549516567451064e-15,16320,30,0.5,0.2,best
DE,ackley,3,543,7.549516567451064e-15,16350,30,0.5,0.2,best
DE,ackley,3,544,7.549516567451064e-15,16380,30,0.5,0.2,best
DE,ackley,3,545,7.549516567451064e-15,16410,30,0.5,0.2,best
DE,ackley,3,546,7.549516567451064e-15,16440,30,0.5,0.2,best
DE,ackley,3,547,7.549516567451064e-15,16470,30,0.5,0.2,best
DE,ackley,3,548,7.549516567451064e-15,16500,30,0.5,0.2,best
DE,ackley,3,549,7.549516567451064e-15,16530,30,0.5,0.2,best
DE,ackley,3,550,7.549516567451064e-15,16560,30,0.5,0.2,best
DE,ackley,3,551,7.549516567451064e-15,16590,30,0.5,0.2,best
DE,ackley,3,552,7.549516567451064e-15,16620,30,0.5,0.2,best
DE,ackley,3,553,7.549516567451064e-15,16650,30,0.5,0.2,best
DE,ackley,3,554,7.549516567451064e-15,16680,30,0.5,0.2,best
DE,ackley,3,555,7.549516567451064e-15,16710,30,0.5,0.2,best
DE,ackley,3,556,7.549516567451064e-15,16740,30,0.5,0.2,best
DE,ackley,3,557,7.549516567451064e-15,16770,30,0.5,0.2,best
DE,ackley,3,558,7.549516567451064e-15,16800,30,0.5,0.2,best
DE,ackley,3,559,7.549516567451064e-15,16830,30,0.5,0.2,best
DE,ackley,3,560,7.549516567451064e-15,16860,30,0.5,0.2,best
DE,ackley,3,561,7.549516567451064e-15,16890,30,0.5,0.2,best
DE,ackley,3,562,7.549516567451064e-15,16920,30,0.5,0.2,best
DE,ackley,3,563,7.549516567451064e-15,16950,30,0.5,0.2,best
DE,ackley,3,564,7.549516567451064e-15,16980,30,0.5,0.2,best
DE,ackley,3,565,7.549516567451064e-15,17010,30,0.5,0.2,best
DE,ackley,3,566,7.549516567451064e-15,17040,30,0.5,0.2,best
DE,ackley,3,567,7.549516567451064e-15,17070,30,0.5,0.2,best
DE,ackley,3,568,7.549516567451064e-15,17100,30,0.5,0.2,best
DE,ackley,3,569,7.549516567451064e-15,17130,30,0.5,0.2,best
DE,ackley,3,570,7.549516567451064e-15,17160,30,0.5,0.2,best
DE,ackley,3,571,7.549516567451064e-15,17190,30,0.5,0.2,best
DE,ackley,3,572,7.549516567451064e-15,17220,30,0.5,0.2,best
DE,ackley,3,573,7.549516567451064e-15,17250,30,0.5,0.2,best
DE,ackley,3,574,7.549516567451064e-15,17280,30,0.5,0.2,best
DE,ackley,3,575,7.549516567451064e-15,17310,30,0.5,0.2,best
DE,ackley,3,576,7.549516567451064e-15,17340,30,0.5,0.2,best
DE,ackley,3,577,7.549516567451064e-15,17370,30,0.5,0.2,best
DE,ackley,3,578,7.549516567451064e-15,17400,30,0.5,0.2,best
DE,ackley,3,579,7.549516567451064e-15,17430,30,0.5,0.2,best
DE,ackley,3,580,7.549516567451064e-15,17460,30,0.5,0.2,best
DE,ackley,3,581,7.549516567451064e-15,17490,30,0.5,0.2,best
DE,ackley,3,582,7.549516567451064e-15,17520,30,0.5,0.2,best
DE,ackley,3,583,7.549516567451064e-15,17550,30,0.5,0.2,best
DE,ackley,3,584,7.549516567451064e-15,17580,30,0.5,0.2,best
DE,ackley,3,585,7.549516567451064e-15,17610,30,0.5,0.2,best
DE,ackley,3,586,7.549516567451064e-15,17640,30,0.5,0.2,best
DE,ackley,3,587,7.549516567451064e-15,17670,30,0.5,0.2,best
DE,ackley,3,588,7.549516567451064e-15,17700,30,0.5,0.2,best
DE,ackley,3,589,7.549516567451064e-15,17730,30,0.5,0.2,best
DE,ackley,3,590,7.549516567451064e-15,17760,30,0.5,0.2,best
DE,ackley,3,591,7.549516567451064e-15,17790,30,0.5,0.2,best
DE,ackley,3,592,7.549516567451064e-15,17820,30,0.5,0.2,best
DE,ackley,3,593,7.549516567451064e-15,17850,30,0.5,0.2,best
DE,ackley,3,594,7.549516567451064e-15,17880,30,0.5,0.2,best
DE,ackley,3,595,7.549516567451064e-15,17910,30,0.5,0.2,best
DE,ackley,3,596,7.549516567451064e-15,17940,30,0.5,0.2,best
DE,ackley,3,597,7.549516567451064e-15,17970,30,0.5,0.2,best
DE,ackley,3,598,7.549516567451064e-15,18000,30,0.5,0.2,best
DE,ackley,3,599,7.549516567451064e-15,18030,30,0.5,0.2,best
DE,ackley,3,600,7.549516567451064e-15,18060,30,0.5,0.2,best
DE,ackley,3,601,7.549516567451064e-15,18090,30,0.5,0.2,best
DE,ackley,3,602,7.549516567451064e-15,18120,30,0.5,0.2,best
DE,ackley,3,603,7.549516567451064e-15,18150,30,0.5,0.2,best
DE,ackley,3,604,7.549516567451064e-15,18180,30,0.5,0.2,best
DE,ackley,3,605,7.549516567451064e-15,18210,30,0.5,0.2,best
DE,ackley,3,606,7.549516567451064e-15,18240,30,0.5,0.2,best
DE,ackley,3,607,7.549516567451064e-15,18270,30,0.5,0.2,best
DE,ackley,3,608,7.549516567451064e-15,18300,30,0.5,0.2,best
DE,ackley,3,609,7.549516567451064e-15,18330,30,0.5,0.2,best
DE,ackley,3,610,7.549516567451064e-15,18360,30,0.5,0.2,best
DE,ackley,3,611,7.549516567451064e-15,18390,30,0.5,0.2,best
DE,ackley,3,612,7.549516567451064e-15,18420,30,0.5,0.2,best
DE,ackley,3,613,7.549516567451064e-15,18450,30,0.5,0.2,best
DE,ackley,3,614,7.549516567451064e-15,18480,30,0.5,0.2,best
DE,ackley,3,615,7.549516567451064e-15,18510,30,0.5,0.2,best
DE,ackley,3,616,7.549516567451064e-15,18540,30,0.5,0.2,best
DE,ackley,3,617,7.549516567451064e-15,18570,30,0.5,0.2,best
DE,ackley,3,618,7.549516567451064e-15,18600,30,0.5,0.2,best
DE,ackley,3,619,7.549516567451064e-15,18630,30,0.5,0.2,best
DE,ackley,3,620,7.549516567451064e-15,18660,30,0.5,0.2,best
DE,ackley,3,621,7.549516567451064e-15,18690,30,0.5,0.2,best
DE,ackley,3,622,7.549516567451064e-15,18720,30,0.5,0.2,best
DE,ackley,3,623,7.549516567451064e-15,18750,30,0.5,0.2,best
DE,ackley,3,624,7.549516567451064e-15,18780,30,0.5,0.2,best
DE,ackley,3,625,7.549516567451064e-15,18810,30,0.5,0.2,best
DE,ackley,3,626,7.549516567451064e-15,18840,30,0.5,0.2,best
DE,ackley,3,627,7.549516567451064e-15,18870,30,0.5,0.2,best
DE,ackley,3,628,7.549516567451064e-15,18900,30,0.5,0.2,best
DE,ackley,3,629,7.549516567451064e-15,18930,30,0.5,0.2,best
DE,ackley,3,630,7.549516567451064e-15,18960,30,0.5,0.2,best
DE,ackley,3,631,7.549516567451064e-15,18990,30,0.5,0.2,best
DE,ackley,3,632,7.549516567451064e-15,19020,30,0.5,0.2,best
DE,ackley,3,633,7.549516567451064e-15,19050,30,0.5,0.2,best
DE,ackley,3,634,7.549516567451064e-15,19080,30,0.5,0.2,best
DE,ackley,3,635,7.549516567451064e-15,19110,30,0.5,0.2,best
DE,ackley,3,636,7.549516567451064e-15,19140,30,0.5,0.2,best
DE,ackley,3,637,7.549516567451064e-15,19170,30,0.5,0.2,best
DE,ackley,3,638,7.549516567451064e-15,19200,30,0.5,0.2,best
DE,ackley,3,639,7.549516567451064e-15,19230,30,0.5,0.2,best
DE,ackley,3,640,7.549516567451064e-15,19260,30,0.5,0.2,best
DE,ackley,3,641,7.549516567451064e-15,19290,30,0.5,0.2,best
DE,ackley,3,642,7.549516567451064e-15,19320,30,0.5,0.2,best
DE,ackley,3,643,7.549516567451064e-15,19350,30,0.5,0.2,best
DE,ackley,3,644,7.549516567451064e-15,19380,30,0.5,0.2,best
DE,ackley,3,645,7.549516567451064e-15,19410,30,0.5,0.2,best
DE,ackley,3,646,7.549516567451064e-15,19440,30,0.5,0.2,best
DE,ackley,3,647,7.549516567451064e-15,19470,30,0.5,0.2,best
DE,ackley,3,648,7.549516567451064e-15,19500,30,0.5,0.2,best
DE,ackley,3,649,7.549516567451064e-15,19530,30,0.5,0.2,best
DE,ackley,3,650,7.549516567451064e-15,19560,30,0.5,0.2,best
DE,ackley,3,651,7.549516567451064e-15,19590,30,0.5,0.2,best
DE,ackley,3,652,7.549516567451064e-15,19620,30,0.5,0.2,best
DE,ackley,3,653,7.549516567451064e-15,19650,30,0.5,0.2,best
DE,ackley,3,654,7.549516567451064e-15,19680,30,0.5,0.2,best
DE,ackley,3,655,7.549516567451064e-15,19710,30,0.5,0.2,best
DE,ackley,3,656,7.549516567451064e-15,19740,30,0.5,0.2,best
DE,ackley,3,657,7.549516567451064e-15,19770,30,0.5,0.2,best
DE,ackley,3,658,7.549516567451064e-15,19800,30,0.5,0.2,best
DE,ackley,3,659,7.549516567451064e-15,19830,30,0.5,0.2,best
DE,ackley,3,660,7.549516567451064e-15,19860,30,0.5,0.2,best
DE,ackley,3,661,7.549516567451064e-15,19890,30,0.5,0.2,best
DE,ackley,3,662,7.549516567451064e-15,19920,30,0.5,0.2,best
DE,ackley,3,663,7.549516567451064e-15,19950,30,0.5,0.2,best
DE,ackley,3,664,7.549516567451064e-15,19980,30,0.5,0.2,best
DE,ackley,3,665,7.549516567451064e-15,20010,30,0.5,0.2,best
DE,ackley,3,666,7.549516567451064e-15,20040,30,0.5,0.2,best
DE,ackley,3,667,7.549516567451064e-15,20070,30,0.5,0.2,best
DE,ackley,3,668,7.549516567451064e-15,20100,30,0.5,0.2,best
DE,ackley,3,669,7.549516567451064e-15,20130,30,0.5,0.2,best
DE,ackley,3,670,7.549516567451064e-15,20160,30,0.5,0.2,best
DE,ackley,3,671,7.549516567451064e-15,20190,30,0.5,0.2,best
DE,ackley,3,672,7.549516567451064e-15,20220,30,0.5,0.2,best
DE,ackley,3,673,7.549516567451064e-15,20250,30,0.5,0.2,best
DE,ackley,3,674,7.549516567451064e-15,20280,30,0.5,0.2,best
DE,ackley,3,675,7.549516567451064e-15,20310,30,0.5,0.2,best
DE,ackley,3,676,7.549516567451064e-15,20340,30,0.5,0.2,best
DE,ackley,3,677,7.549516567451064e-15,20370,30,0.5,0.2,best
DE,ackley,3,678,7.549516567451064e-15,20400,30,0.5,0.2,best
DE,ackley,3,679,7.549516567451064e-15,20430,30,0.5,0.2,best
DE,ackley,3,680,7.549516567451064e-15,20460,30,0.5,0.2,best
DE,ackley,3,681,7.549516567451064e-15,20490,30,0.5,0.2,best
DE,ackley,3,682,7.549516567451064e-15,20520,30,0.5,0.2,best
DE,ackley,3,683,7.549516567451064e-15,20550,30,0.5,0.2,best
DE,ackley,3,684,7.549516567451064e-15,20580,30,0.5,0.2,best
DE,ackley,3,685,7.549516567451064e-15,20610,30,0.5,0.2,best
DE,ackley,3,686,7.549516567451064e-15,20640,30,0.5,0.2,best
DE,ackley,3,687,7.549516567451064e-15,20670,30,0.5,0.2,best
DE,ackley,3,688,7.549516567451064e-15,20700,30,0.5,0.2,best
DE,ackley,3,689,7.549516567451064e-15,20730,30,0.5,0.2,best
DE,ackley,3,690,7.549516567451064e-15,20760,30,0.5,0.2,best
DE,ackley,3,691,7.549516567451064e-15,20790,30,0.5,0.2,best
DE,ackley,3,692,7.549516567451064e-15,20820,30,0.5,0.2,best
DE,ackley,3,693,7.549516567451064e-15,20850,30,0.5,0.2,best
DE,ackley,3,694,7.549516567451064e-15,20880,30,0.5,0.2,best
DE,ackley,3,695,7.549516567451064e-15,20910,30,0.5,0.2,best
DE,ackley,3,696,7.549516567451064e-15,20940,30,0.5,0.2,best
DE,ackley,3,697,7.549516567451064e-15,20970,30,0.5,0.2,best
DE,ackley,3,698,7.549516567451064e-15,21000,30,0.5,0.2,best
DE,ackley,3,699,7.549516567451064e-15,21030,30,0.5,0.2,best
DE,ackley,3,700,7.549516567451064e-15,21060,30,0.5,0.2,best
DE,ackley,3,701,7.549516567451064e-15,21090,30,0.5,0.2,best
DE,ackley,3,702,7.549516567451064e-15,21120,30,0.5,0.2,best
DE,ackley,3,703,7.549516567451064e-15,21150,30,0.5,0.2,best
DE,ackley,3,704,7.549516567451064e-15,21180,30,0.5,0.2,best
DE,ackley,3,705,7.549516567451064e-15,21210,30,0.5,0.2,best
DE,ackley,3,706,7.549516567451064e-15,21240,30,0.5,0.2,best
DE,ackley,3,707,7.549516567451064e-15,21270,30,0.5,0.2,best
DE,ackley,3,708,7.549516567451064e-15,21300,30,0.5,0.2,best
DE,ackley,3,709,7.549516567451064e-15,21330,30,0.5,0.2,best
DE,ackley,3,710,7.549516567451064e-15,21360,30,0.5,0.2,best
DE,ackley,3,711,7.549516567451064e-15,21390,30,0.5,0.2,best
DE,ackley,3,712,7.549516567451064e-15,21420,30,0.5,0.2,best
DE,ackley,3,713,7.549516567451064e-15,21450,30,0.5,0.2,best
DE,ackley,3,714,7.549516567451064e-15,21480,30,0.5,0.2,best
DE,ackley,3,715,7.549516567451064e-15,21510,30,0.5,0.2,best
DE,ackley,3,716,7.549516567451064e-15,21540,30,0.5,0.2,best
DE,ackley,3,717,7.549516567451064e-15,21570,30,0.5,0.2,best
DE,ackley,3,718,7.549516567451064e-15,21600,30,0.5,0.2,best
DE,ackley,3,719,7.549516567451064e-15,21630,30,0.5,0.2,best
DE,ackley,3,720,7.549516567451064e-15,21660,30,0.5,0.2,best
DE,ackley,3,721,7.549516567451064e-15,21690,30,0.5,0.2,best
DE,ackley,3,722,7.549516567451064e-15,21720,30,0.5,0.2,best
DE,ackley,3,723,7.549516567451064e-15,21750,30,0.5,0.2,best
DE,ackley,3,724,7.549516567451064e-15,21780,30,0.5,0.2,best
DE,ackley,3,725,7.549516567451064e-15,21810,30,0.5,0.2,best
DE,ackley,3,726,7.549516567451064e-15,21840,30,0.5,0.2,best
DE,ackley,3,727,7.549516567451064e-15,21870,30,0.5,0.2,best
DE,ackley,3,728,7.549516567451064e-15,21900,30,0.5,0.2,best
DE,ackley,3,729,7.549516567451064e-15,21930,30,0.5,0.2,best
DE,ackley,3,730,7.549516567451064e-15,21960,30,0.5,0.2,best
DE,ackley,3,731,7.549516567451064e-15,21990,30,0.5,0.2,best
DE,ackley,3,732,7.549516567451064e-15,22020,30,0.5,0.2,best
DE,ackley,3,733,7.549516567451064e-15,22050,30,0.5,0.2,best
DE,ackley,3,734,7.549516567451064e-15,22080,30,0.5,0.2,best
DE,ackley,3,735,7.549516567451064e-15,22110,30,0.5,0.2,best
DE,ackley,3,736,7.549516567451064e-15,22140,30,0.5,0.2,best
DE,ackley,3,737,7.549516567451064e-15,22170,30,0.5,0.2,best
DE,ackley,3,738,7.549516567451064e-15,22200,30,0.5,0.2,best
DE,ackley,3,739,7.549516567451064e-15,22230,30,0.5,0.2,best
DE,ackley,3,740,7.549516567451064e-15,22260,30,0.5,0.2,best
DE,ackley,3,741,7.549516567451064e-15,22290,30,0.5,0.2,best
DE,ackley,3,742,7.549516567451064e-15,22320,30,0.5,0.2,best
DE,ackley,3,743,7.549516567451064e-15,22350,30,0.5,0.2,best
DE,ackley,3,744,7.549516567451064e-15,22380,30,0.5,0.2,best
DE,ackley,3,745,7.549516567451064e-15,22410,30,0.5,0.2,best
DE,ackley,3,746,7.549516567451064e-15,22440,30,0.5,0.2,best
DE,ackley,3,747,7.549516567451064e-15,22470,30,0.5,0.2,best
DE,ackley,3,748,7.549516567451064e-15,22500,30,0.5,0.2,best
DE,ackley,3,749,7.549516567451064e-15,22530,30,0.5,0.2,best
DE,ackley,3,750,7.549516567451064e-15,22560,30,0.5,0.2,best
DE,ackley,3,751,7.549516567451064e-15,22590,30,0.5,0.2,best
DE,ackley,3,752,7.549516567451064e-15,22620,30,0.5,0.2,best
DE,ackley,3,753,7.549516567451064e-15,22650,30,0.5,0.2,best
DE,ackley,3,754,7.549516567451064e-15,22680,30,0.5,0.2,best
DE,ackley,3,755,7.549516567451064e-15,22710,30,0.5,0.2,best
DE,ackley,3,756,7.549516567451064e-15,22740,30,0.5,0.2,best
DE,ackley,3,757,7.549516567451064e-15,22770,30,0.5,0.2,best
DE,ackley,3,758,7.549516567451064e-15,22800,30,0.5,0.2,best
DE,ackley,3,759,7.549516567451064e-15,22830,30,0.5,0.2,best
DE,ackley,3,760,7.549516567451064e-15,22860,30,0.5,0.2,best
DE,ackley,3,761,7.549516567451064e-15,22890,30,0.5,0.2,best
DE,ackley,3,762,7.549516567451064e-15,22920,30,0.5,0.2,best
DE,ackley,3,763,7.549516567451064e-15,22950,30,0.5,0.2,best
DE,ackley,3,764,7.549516567451064e-15,22980,30,0.5,0.2,best
DE,ackley,3,765,7.549516567451064e-15,23010,30,0.5,0.2,best
DE,ackley,3,766,7.549516567451064e-15,23040,30,0.5,0.2,best
DE,ackley,3,767,7.549516567451064e-15,23070,30,0.5,0.2,best
DE,ackley,3,768,7.549516567451064e-15,23100,30,0.5,0.2,best
DE,ackley,3,769,7.549516567451064e-15,23130,30,0.5,0.2,best
DE,ackley,3,770,7.549516567451064e-15,23160,30,0.5,0.2,best
DE,ackley,3,771,7.549516567451064e-15,23190,30,0.5,0.2,best
DE,ackley,3,772,7.549516567451064e-15,23220,30,0.5,0.2,best
DE,ackley,3,773,7.549516567451064e-15,23250,30,0.5,0.2,best
DE,ackley,3,774,7.549516567451064e-15,23280,30,0.5,0.2,best
DE,ackley,3,775,7.549516567451064e-15,23310,30,0.5,0.2,best
DE,ackley,3,776,7.549516567451064e-15,23340,30,0.5,0.2,best
DE,ackley,3,777,7.549516567451064e-15,23370,30,0.5,0.2,best
DE,ackley,3,778,7.549516567451064e-15,23400,30,0.5,0.2,best
DE,ackley,3,779,7.549516567451064e-15,23430,30,0.5,0.2,best
DE,ackley,3,780,7.549516567451064e-15,23460,30,0.5,0.2,best
DE,ackley,3,781,7.549516567451064e-15,23490,30,0.5,0.2,best
DE,ackley,3,782,7.549516567451064e-15,23520,30,0.5,0.2,best
DE,ackley,3,783,7.549516567451064e-15,23550,30,0.5,0.2,best
DE,ackley,3,784,7.549516567451064e-15,23580,30,0.5,0.2,best
DE,ackley,3,785,7.549516567451064e-15,23610,30,0.5,0.2,best
DE,ackley,3,786,7.549516567451064e-15,23640,30,0.5,0.2,best
DE,ackley,3,787,7.549516567451064e-15,23670,30,0.5,0.2,best
DE,ackley,3,788,7.549516567451064e-15,23700,30,0.5,0.2,best
DE,ackley,3,789,7.549516567451064e-15,23730,30,0.5,0.2,best
DE,ackley,3,790,7.549516567451064e-15,23760,30,0.5,0.2,best
DE,ackley,3,791,7.549516567451064e-15,23790,30,0.5,0.2,best
DE,ackley,3,792,7.549516567451064e-15,23820,30,0.5,0.2,best
DE,ackley,3,793,7.549516567451064e-15,23850,30,0.5,0.2,best
DE,ackley,3,794,7.549516567451064e-15,23880,30,0.5,0.2,best
DE,ackley,3,795,7.549516567451064e-15,23910,30,0.5,0.2,best
DE,ackley,3,796,7.549516567451064e-15,23940,30,0.5,0.2,best
DE,ackley,3,797,7.549516567451064e-15,23970,30,0.5,0.2,best
DE,ackley,3,798,7.549516567451064e-15,24000,30,0.5,0.2,best
DE,ackley,3,799,7.549516567451064e-15,24030,30,0.5,0.2,best
DE,ackley,3,800,7.549516567451064e-15,24060,30,0.5,0.2,best
DE,ackley,3,801,7.549516567451064e-15,24090,30,0.5,0.2,best
DE,ackley,3,802,7.549516567451064e-15,24120,30,0.5,0.2,best
DE,ackley,3,803,7.549516567451064e-15,24150,30,0.5,0.2,best
DE,ackley,3,804,7.549516567451064e-15,24180,30,0.5,0.2,best
DE,ackley,3,805,7.549516567451064e-15,24210,30,0.5,0.2,best
DE,ackley,3,806,7.549516567451064e-15,24240,30,0.5,0.2,best
DE,ackley,3,807,7.549516567451064e-15,24270,30,0.5,0.2,best
DE,ackley,3,808,7.549516567451064e-15,24300,30,0.5,0.2,best
DE,ackley,3,809,7.549516567451064e-15,24330,30,0.5,0.2,best
DE,ackley,3,810,7.549516567451064e-15,24360,30,0.5,0.2,best
DE,ackley,3,811,7.549516567451064e-15,24390,30,0.5,0.2,best
DE,ackley,3,812,7.549516567451064e-15,24420,30,0.5,0.2,best
DE,ackley,3,813,7.549516567451064e-15,24450,30,0.5,0.2,best
DE,ackley,3,814,7.549516567451064e-15,24480,30,0.5,0.2,best
DE,ackley,3,815,7.549516567451064e-15,24510,30,0.5,0.2,best
DE,ackley,3,816,7.549516567451064e-15,24540,30,0.5,0.2,best
DE,ackley,3,817,7.549516567451064e-15,24570,30,0.5,0.2,best
DE,ackley,3,818,7.549516567451064e-15,24600,30,0.5,0.2,best
DE,ackley,3,819,7.549516567451064e-15,24630,30,0.5,0.2,best
DE,ackley,3,820,7.549516567451064e-15,24660,30,0.5,0.2,best
DE,ackley,3,821,7.549516567451064e-15,24690,30,0.5,0.2,best
DE,ackley,3,822,7.549516567451064e-15,24720,30,0.5,0.2,best
DE,ackley,3,823,7.549516567451064e-15,24750,30,0.5,0.2,best
DE,ackley,3,824,7.549516567451064e-15,24780,30,0.5,0.2,best
DE,ackley,3,825,7.549516567451064e-15,24810,30,0.5,0.2,best
DE,ackley,3,826,7.549516567451064e-15,24840,30,0.5,0.2,best
DE,ackley,3,827,7.549516567451064e-15,24870,30,0.5,0.2,best
DE,ackley,3,828,7.549516567451064e-15,24900,30,0.5,0.2,best
DE,ackley,3,829,7.549516567451064e-15,24930,30,0.5,0.2,best
DE,ackley,3,830,7.549516567451064e-15,24960,30,0.5,0.2,best
DE,ackley,3,831,7.549516567451064e-15,24990,30,0.5,0.2,best
DE,ackley,3,832,7.549516567451064e-15,25020,30,0.5,0.2,best
DE,ackley,3,833,7.549516567451064e-15,25050,30,0.5,0.2,best
DE,ackley,3,834,7.549516567451064e-15,25080,30,0.5,0.2,best
DE,ackley,3,835,7.549516567451064e-15,25110,30,0.5,0.2,best
DE,ackley,3,836,7.549516567451064e-15,25140,30,0.5,0.2,best
DE,ackley,3,837,7.549516567451064e-15,25170,30,0.5,0.2,best
DE,ackley,3,838,7.549516567451064e-15,25200,30,0.5,0.2,best
DE,ackley,3,839,7.549516567451064e-15,25230,30,0.5,0.2,best
DE,ackley,3,840,7.549516567451064e-15,25260,30,0.5,0.2,best
DE,ackley,3,841,7.549516567451064e-15,25290,30,0.5,0.2,best
DE,ackley,3,842,7.549516567451064e-15,25320,30,0.5,0.2,best
DE,ackley,3,843,7.549516567451064e-15,25350,30,0.5,0.2,best
DE,ackley,3,844,7.549516567451064e-15,25380,30,0.5,0.2,best
DE,ackley,3,845,7.549516567451064e-15,25410,30,0.5,0.2,best
DE,ackley,3,846,7.549516567451064e-15,25440,30,0.5,0.2,best
DE,ackley,3,847,7.549516567451064e-15,25470,30,0.5,0.2,best
DE,ackley,3,848,7.549516567451064e-15,25500,30,0.5,0.2,best
DE,ackley,3,849,7.549516567451064e-15,25530,30,0.5,0.2,best
DE,ackley,3,850,7.549516567451064e-15,25560,30,0.5,0.2,best
DE,ackley,3,851,7.549516567451064e-15,25590,30,0.5,0.2,best
DE,ackley,3,852,7.549516567451064e-15,25620,30,0.5,0.2,best
DE,ackley,3,853,7.549516567451064e-15,25650,30,0.5,0.2,best
DE,ackley,3,854,7.549516567451064e-15,25680,30,0.5,0.2,best
DE,ackley,3,855,7.549516567451064e-15,25710,30,0.5,0.2,best
DE,ackley,3,856,7.549516567451064e-15,25740,30,0.5,0.2,best
DE,ackley,3,857,7.549516567451064e-15,25770,30,0.5,0.2,best
DE,ackley,3,858,7.549516567451064e-15,25800,30,0.5,0.2,best
DE,ackley,3,859,7.549516567451064e-15,25830,30,0.5,0.2,best
DE,ackley,3,860,7.549516567451064e-15,25860,30,0.5,0.2,best
DE,ackley,3,861,7.549516567451064e-15,25890,30,0.5,0.2,best
DE,ackley,3,862,7.549516567451064e-15,25920,30,0.5,0.2,best
DE,ackley,3,863,7.549516567451064e-15,25950,30,0.5,0.2,best
DE,ackley,3,864,7.549516567451064e-15,25980,30,0.5,0.2,best
DE,ackley,3,865,7.549516567451064e-15,26010,30,0.5,0.2,best
DE,ackley,3,866,7.549516567451064e-15,26040,30,0.5,0.2,best
DE,ackley,3,867,7.549516567451064e-15,26070,30,0.5,0.2,best
DE,ackley,3,868,7.549516567451064e-15,26100,30,0.5,0.2,best
DE,ackley,3,869,7.549516567451064e-15,26130,30,0.5,0.2,best
DE,ackley,3,870,7.549516567451064e-15,26160,30,0.5,0.2,best
DE,ackley,3,871,7.549516567451064e-15,26190,30,0.5,0.2,best
DE,ackley,3,872,7.549516567451064e-15,26220,30,0.5,0.2,best
DE,ackley,3,873,7.549516567451064e-15,26250,30,0.5,0.2,best
DE,ackley,3,874,7.549516567451064e-15,26280,30,0.5,0.2,best
DE,ackley,3,875,7.549516567451064e-15,26310,30,0.5,0.2,best
DE,ackley,3,876,7.549516567451064e-15,26340,30,0.5,0.2,best
DE,ackley,3,877,7.549516567451064e-15,26370,30,0.5,0.2,best
DE,ackley,3,878,7.549516567451064e-15,26400,30,0.5,0.2,best
DE,ackley,3,879,7.549516567451064e-15,26430,30,0.5,0.2,best
DE,ackley,3,880,7.549516567451064e-15,26460,30,0.5,0.2,best
DE,ackley,3,881,7.549516567451064e-15,26490,30,0.5,0.2,best
DE,ackley,3,882,7.549516567451064e-15,26520,30,0.5,0.2,best
DE,ackley,3,883,7.549516567451064e-15,26550,30,0.5,0.2,best
DE,ackley,3,884,7.549516567451064e-15,26580,30,0.5,0.2,best
DE,ackley,3,885,7.549516567451064e-15,26610,30,0.5,0.2,best
DE,ackley,3,886,7.549516567451064e-15,26640,30,0.5,0.2,best
DE,ackley,3,887,7.549516567451064e-15,26670,30,0.5,0.2,best
DE,ackley,3,888,7.549516567451064e-15,26700,30,0.5,0.2,best
DE,ackley,3,889,7.549516567451064e-15,26730,30,0.5,0.2,best
DE,ackley,3,890,7.549516567451064e-15,26760,30,0.5,0.2,best
DE,ackley,3,891,7.549516567451064e-15,26790,30,0.5,0.2,best
DE,ackley,3,892,7.549516567451064e-15,26820,30,0.5,0.2,best
DE,ackley,3,893,7.549516567451064e-15,26850,30,0.5,0.2,best
DE,ackley,3,894,7.549516567451064e-15,26880,30,0.5,0.2,best
DE,ackley,3,895,7.549516567451064e-15,26910,30,0.5,0.2,best
DE,ackley,3,896,7.549516567451064e-15,26940,30,0.5,0.2,best
DE,ackley,3,897,7.549516567451064e-15,26970,30,0.5,0.2,best
DE,ackley,3,898,7.549516567451064e-15,27000,30,0.5,0.2,best
DE,ackley,3,899,7.549516567451064e-15,27030,30,0.5,0.2,best
DE,ackley,3,900,7.549516567451064e-15,27060,30,0.5,0.2,best
DE,ackley,3,901,7.549516567451064e-15,27090,30,0.5,0.2,best
DE,ackley,3,902,7.549516567451064e-15,27120,30,0.5,0.2,best
DE,ackley,3,903,7.549516567451064e-15,27150,30,0.5,0.2,best
DE,ackley,3,904,7.549516567451064e-15,27180,30,0.5,0.2,best
DE,ackley,3,905,7.549516567451064e-15,27210,30,0.5,0.2,best
DE,ackley,3,906,7.549516567451064e-15,27240,30,0.5,0.2,best
DE,ackley,3,907,7.549516567451064e-15,27270,30,0.5,0.2,best
DE,ackley,3,908,7.549516567451064e-15,27300,30,0.5,0.2,best
DE,ackley,3,909,7.549516567451064e-15,27330,30,0.5,0.2,best
DE,ackley,3,910,7.549516567451064e-15,27360,30,0.5,0.2,best
DE,ackley,3,911,7.549516567451064e-15,27390,30,0.5,0.2,best
DE,ackley,3,912,7.549516567451064e-15,27420,30,0.5,0.2,best
DE,ackley,3,913,7.549516567451064e-15,27450,30,0.5,0.2,best
DE,ackley,3,914,7.549516567451064e-15,27480,30,0.5,0.2,best
DE,ackley,3,915,7.549516567451064e-15,27510,30,0.5,0.2,best
DE,ackley,3,916,7.549516567451064e-15,27540,30,0.5,0.2,best
DE,ackley,3,917,7.549516567451064e-15,27570,30,0.5,0.2,best
DE,ackley,3,918,7.549516567451064e-15,27600,30,0.5,0.2,best
DE,ackley,3,919,7.549516567451064e-15,27630,30,0.5,0.2,best
DE,ackley,3,920,7.549516567451064e-15,27660,30,0.5,0.2,best
DE,ackley,3,921,7.549516567451064e-15,27690,30,0.5,0.2,best
DE,ackley,3,922,7.549516567451064e-15,27720,30,0.5,0.2,best
DE,ackley,3,923,7.549516567451064e-15,27750,30,0.5,0.2,best
DE,ackley,3,924,7.549516567451064e-15,27780,30,0.5,0.2,best
DE,ackley,3,925,7.549516567451064e-15,27810,30,0.5,0.2,best
DE,ackley,3,926,7.549516567451064e-15,27840,30,0.5,0.2,best
DE,ackley,3,927,7.549516567451064e-15,27870,30,0.5,0.2,best
DE,ackley,3,928,7.549516567451064e-15,27900,30,0.5,0.2,best
DE,ackley,3,929,7.549516567451064e-15,27930,30,0.5,0.2,best
DE,ackley,3,930,7.549516567451064e-15,27960,30,0.5,0.2,best
DE,ackley,3,931,7.549516567451064e-15,27990,30,0.5,0.2,best
DE,ackley,3,932,7.549516567451064e-15,28020,30,0.5,0.2,best
DE,ackley,3,933,7.549516567451064e-15,28050,30,0.5,0.2,best
DE,ackley,3,934,7.549516567451064e-15,28080,30,0.5,0.2,best
DE,ackley,3,935,7.549516567451064e-15,28110,30,0.5,0.2,best
DE,ackley,3,936,7.549516567451064e-15,28140,30,0.5,0.2,best
DE,ackley,3,937,7.549516567451064e-15,28170,30,0.5,0.2,best
DE,ackley,3,938,7.549516567451064e-15,28200,30,0.5,0.2,best
DE,ackley,3,939,7.549516567451064e-15,28230,30,0.5,0.2,best
DE,ackley,3,940,7.549516567451064e-15,28260,30,0.5,0.2,best
DE,ackley,3,941,7.549516567451064e-15,28290,30,0.5,0.2,best
DE,ackley,3,942,7.549516567451064e-15,28320,30,0.5,0.2,best
DE,ackley,3,943,7.549516567451064e-15,28350,30,0.5,0.2,best
DE,ackley,3,944,7.549516567451064e-15,28380,30,0.5,0.2,best
DE,ackley,3,945,7.549516567451064e-15,28410,30,0.5,0.2,best
DE,ackley,3,946,7.549516567451064e-15,28440,30,0.5,0.2,best
DE,ackley,3,947,7.549516567451064e-15,28470,30,0.5,0.2,best
DE,ackley,3,948,7.549516567451064e-15,28500,30,0.5,0.2,best
DE,ackley,3,949,7.549516567451064e-15,28530,30,0.5,0.2,best
DE,ackley,3,950,7.549516567451064e-15,28560,30,0.5,0.2,best
DE,ackley,3,951,7.549516567451064e-15,28590,30,0.5,0.2,best
DE,ackley,3,952,7.549516567451064e-15,28620,30,0.5,0.2,best
DE,ackley,3,953,7.549516567451064e-15,28650,30,0.5,0.2,best
DE,ackley,3,954,7.549516567451064e-15,28680,30,0.5,0.2,best
DE,ackley,3,955,7.549516567451064e-15,28710,30,0.5,0.2,best
DE,ackley,3,956,7.549516567451064e-15,28740,30,0.5,0.2,best
DE,ackley,3,957,7.549516567451064e-15,28770,30,0.5,0.2,best
DE,ackley,3,958,7.549516567451064e-15,28800,30,0.5,0.2,best
DE,ackley,3,959,7.549516567451064e-15,28830,30,0.5,0.2,best
DE,ackley,3,960,7.549516567451064e-15,28860,30,0.5,0.2,best
DE,ackley,3,961,7.549516567451064e-15,28890,30,0.5,0.2,best
DE,ackley,3,962,7.549516567451064e-15,28920,30,0.5,0.2,best
DE,ackley,3,963,7.549516567451064e-15,28950,30,0.5,0.2,best
DE,ackley,3,964,7.549516567451064e-15,28980,30,0.5,0.2,best
DE,ackley,3,965,7.549516567451064e-15,29010,30,0.5,0.2,best
DE,ackley,3,966,7.549516567451064e-15,29040,30,0.5,0.2,best
DE,ackley,3,967,7.549516567451064e-15,29070,30,0.5,0.2,best
DE,ackley,3,968,7.549516567451064e-15,29100,30,0.5,0.2,best
DE,ackley,3,969,7.549516567451064e-15,29130,30,0.5,0.2,best
DE,ackley,3,970,7.549516567451064e-15,29160,30,0.5,0.2,best
DE,ackley,3,971,7.549516567451064e-15,29190,30,0.5,0.2,best
DE,ackley,3,972,7.549516567451064e-15,29220,30,0.5,0.2,best
DE,ackley,3,973,7.549516567451064e-15,29250,30,0.5,0.2,best
DE,ackley,3,974,7.549516567451064e-15,29280,30,0.5,0.2,best
DE,ackley,3,975,7.549516567451064e-15,29310,30,0.5,0.2,best
DE,ackley,3,976,7.549516567451064e-15,29340,30,0.5,0.2,best
DE,ackley,3,977,7.549516567451064e-15,29370,30,0.5,0.2,best
DE,ackley,3,978,7.549516567451064e-15,29400,30,0.5,0.2,best
DE,ackley,3,979,7.549516567451064e-15,29430,30,0.5,0.2,best
DE,ackley,3,980,7.549516567451064e-15,29460,30,0.5,0.2,best
DE,ackley,3,981,7.549516567451064e-15,29490,30,0.5,0.2,best
DE,ackley,3,982,7.549516567451064e-15,29520,30,0.5,0.2,best
DE,ackley,3,983,7.549516567451064e-15,29550,30,0.5,0.2,best
DE,ackley,3,984,7.549516567451064e-15,29580,30,0.5,0.2,best
DE,ackley,3,985,7.549516567451064e-15,29610,30,0.5,0.2,best
DE,ackley,3,986,7.549516567451064e-15,29640,30,0.5,0.2,best
DE,ackley,3,987,7.549516567451064e-15,29670,30,0.5,0.2,best
DE,ackley,3,988,7.549516567451064e-15,29700,30,0.5,0.2,best
DE,ackley,3,989,7.549516567451064e-15,29730,30,0.5,0.2,best
DE,ackley,3,990,7.549516567451064e-15,29760,30,0.5,0.2,best
DE,ackley,3,991,7.549516567451064e-15,29790,30,0.5,0.2,best
DE,ackley,3,992,7.549516567451064e-15,29820,30,0.5,0.2,best
DE,ackley,3,993,7.549516567451064e-15,29850,30,0.5,0.2,best
DE,ackley,3,994,7.549516567451064e-15,29880,30,0.5,0.2,best
DE,ackley,3,995,7.549516567451064e-15,29910,30,0.5,0.2,best
DE,ackley,3,996,7.549516567451064e-15,29940,30,0.5,0.2,best
DE,ackley,3,997,7.549516567451064e-15,29970,30,0.5,0.2,best
DE,ackley,3,998,7.549516567451064e-15,30000,30,0.5,0.2,best
DE,ackley,3,999,7.549516567451064e-15,30030,30,0.5,0.2,best
DE,ackley,3,1000,7.549516567451064e-15,30060,30,0.5,0.2,best
DE,ackley,3,1001,7.549516567451064e-15,30090,30,0.5,0.2,best
DE,ackley,3,1002,7.549516567451064e-15,30120,30,0.5,0.2,best
DE,ackley,3,1003,7.549516567451064e-15,30150,30,0.5,0.2,best
DE,ackley,3,1004,7.549516567451064e-15,30180,30,0.5,0.2,best
DE,ackley,3,1005,7.549516567451064e-15,30210,30,0.5,0.2,best
DE,ackley,3,1006,7.549516567451064e-15,30240,30,0.5,0.2,best
DE,ackley,3,1007,7.549516567451064e-15,30270,30,0.5,0.2,best
DE,ackley,3,1008,7.549516567451064e-15,30300,30,0.5,0.2,best
DE,ackley,3,1009,7.549516567451064e-15,30330,30,0.5,0.2,best
DE,ackley,3,1010,7.549516567451064e-15,30360,30,0.5,0.2,best
DE,ackley,3,1011,7.549516567451064e-15,30390,30,0.5,0.2,best
DE,ackley,3,1012,7.549516567451064e-15,30420,30,0.5,0.2,best
DE,ackley,3,1013,7.549516567451064e-15,30450,30,0.5,0.2,best
DE,ackley,3,1014,7.549516567451064e-15,30480,30,0.5,0.2,best
DE,ackley,3,1015,7.549516567451064e-15,30510,30,0.5,0.2,best
DE,ackley,3,1016,7.549516567451064e-15,30540,30,0.5,0.2,best
DE,ackley,3,1017,7.549516567451064e-15,30570,30,0.5,0.2,best
DE,ackley,3,1018,7.549516567451064e-15,30600,30,0.5,0.2,best
DE,ackley,3,1019,7.549516567451064e-15,30630,30,0.5,0.2,best
DE,ackley,3,1020,7.549516567451064e-15,30660,30,0.5,0.2,best
DE,ackley,3,1021,7.549516567451064e-15,30690,30,0.5,0.2,best
DE,ackley,3,1022,7.549516567451064e-15,30720,30,0.5,0.2,best
DE,ackley,3,1023,7.549516567451064e-15,30750,30,0.5,0.2,best
DE,ackley,3,1024,7.549516567451064e-15,30780,30,0.5,0.2,best
DE,ackley,3,1025,7.549516567451064e-15,30810,30,0.5,0.2,best
DE,ackley,3,1026,7.549516567451064e-15,30840,30,0.5,0.2,best
DE,ackley,3,1027,7.549516567451064e-15,30870,30,0.5,0.2,best
DE,ackley,3,1028,7.549516567451064e-15,30900,30,0.5,0.2,best
DE,ackley,3,1029,7.549516567451064e-15,30930,30,0.5,0.2,best
DE,ackley,3,1030,7.549516567451064e-15,30960,30,0.5,0.2,best
DE,ackley,3,1031,7.549516567451064e-15,30990,30,0.5,0.2,best
DE,ackley,3,1032,7.549516567451064e-15,31020,30,0.5,0.2,best
DE,ackley,3,1033,7.549516567451064e-15,31050,30,0.5,0.2,best
DE,ackley,3,1034,7.549516567451064e-15,31080,30,0.5,0.2,best
DE,ackley,3,1035,7.549516567451064e-15,31110,30,0.5,0.2,best
DE,ackley,3,1036,7.549516567451064e-15,31140,30,0.5,0.2,best
DE,ackley,3,1037,7.549516567451064e-15,31170,30,0.5,0.2,best
DE,ackley,3,1038,7.549516567451064e-15,31200,30,0.5,0.2,best
DE,ackley,3,1039,7.549516567451064e-15,31230,30,0.5,0.2,best
DE,ackley,3,1040,7.549516567451064e-15,31260,30,0.5,0.2,best
DE,ackley,3,1041,7.549516567451064e-15,31290,30,0.5,0.2,best
DE,ackley,3,1042,7.549516567451064e-15,31320,30,0.5,0.2,best
DE,ackley,3,1043,7.549516567451064e-15,31350,30,0.5,0.2,best
DE,ackley,3,1044,7.549516567451064e-15,31380,30,0.5,0.2,best
DE,ackley,3,1045,7.549516567451064e-15,31410,30,0.5,0.2,best
DE,ackley,3,1046,7.549516567451064e-15,31440,30,0.5,0.2,best
DE,ackley,3,1047,7.549516567451064e-15,31470,30,0.5,0.2,best
DE,ackley,3,1048,7.549516567451064e-15,31500,30,0.5,0.2,best
DE,ackley,3,1049,7.549516567451064e-15,31530,30,0.5,0.2,best
DE,ackley,3,1050,7.549516567451064e-15,31560,30,0.5,0.2,best
DE,ackley,3,1051,7.549516567451064e-15,31590,30,0.5,0.2,best
DE,ackley,3,1052,7.549516567451064e-15,31620,30,0.5,0.2,best
DE,ackley,3,1053,7.549516567451064e-15,31650,30,0.5,0.2,best
DE,ackley,3,1054,7.549516567451064e-15,31680,30,0.5,0.2,best
DE,ackley,3,1055,7.549516567451064e-15,31710,30,0.5,0.2,best
DE,ackley,3,1056,7.549516567451064e-15,31740,30,0.5,0.2,best
DE,ackley,3,1057,7.549516567451064e-15,31770,30,0.5,0.2,best
DE,ackley,3,1058,7.549516567451064e-15,31800,30,0.5,0.2,best
DE,ackley,3,1059,7.549516567451064e-15,31830,30,0.5,0.2,best
DE,ackley,3,1060,7.549516567451064e-15,31860,30,0.5,0.2,best
DE,ackley,3,1061,7.549516567451064e-15,31890,30,0.5,0.2,best
DE,ackley,3,1062,7.549516567451064e-15,31920,30,0.5,0.2,best
DE,ackley,3,1063,7.549516567451064e-15,31950,30,0.5,0.2,best
DE,ackley,3,1064,7.549516567451064e-15,31980,30,0.5,0.2,best
DE,ackley,3,1065,7.549516567451064e-15,32010,30,0.5,0.2,best
DE,ackley,3,1066,7.549516567451064e-15,32040,30,0.5,0.2,best
DE,ackley,3,1067,7.549516567451064e-15,32070,30,0.5,0.2,best
DE,ackley,3,1068,7.549516567451064e-15,32100,30,0.5,0.2,best
DE,ackley,3,1069,7.549516567451064e-15,32130,30,0.5,0.2,best
DE,ackley,3,1070,7.549516567451064e-15,32160,30,0.5,0.2,best
DE,ackley,3,1071,7.549516567451064e-15,32190,30,0.5,0.2,best
DE,ackley,3,1072,7.549516567451064e-15,32220,30,0.5,0.2,best
DE,ackley,3,1073,7.549516567451064e-15,32250,30,0.5,0.2,best
DE,ackley,3,1074,7.549516567451064e-15,32280,30,0.5,0.2,best
DE,ackley,3,1075,7.549516567451064e-15,32310,30,0.5,0.2,best
DE,ackley,3,1076,7.549516567451064e-15,32340,30,0.5,0.2,best
DE,ackley,3,1077,7.549516567451064e-15,32370,30,0.5,0.2,best
DE,ackley,3,1078,7.549516567451064e-15,32400,30,0.5,0.2,best
DE,ackley,3,1079,7.549516567451064e-15,32430,30,0.5,0.2,best
DE,ackley,3,1080,7.549516567451064e-15,32460,30,0.5,0.2,best
DE,ackley,3,1081,7.549516567451064e-15,32490,30,0.5,0.2,best
DE,ackley,3,1082,7.549516567451064e-15,32520,30,0.5,0.2,best
DE,ackley,3,1083,7.549516567451064e-15,32550,30,0.5,0.2,best
DE,ackley,3,1084,7.549516567451064e-15,32580,30,0.5,0.2,best
DE,ackley,3,1085,7.549516567451064e-15,32610,30,0.5,0.2,best
DE,ackley,3,1086,7.549516567451064e-15,32640,30,0.5,0.2,best
DE,ackley,3,1087,7.549516567451064e-15,32670,30,0.5,0.2,best
DE,ackley,3,1088,7.549516567451064e-15,32700,30,0.5,0.2,best
DE,ackley,3,1089,7.549516567451064e-15,32730,30,0.5,0.2,best
DE,ackley,3,1090,7.549516567451064e-15,32760,30,0.5,0.2,best
DE,ackley,3,1091,7.549516567451064e-15,32790,30,0.5,0.2,best
DE,ackley,3,1092,7.549516567451064e-15,32820,30,0.5,0.2,best
DE,ackley,3,1093,7.549516567451064e-15,32850,30,0.5,0.2,best
DE,ackley,3,1094,7.549516567451064e-15,32880,30,0.5,0.2,best
DE,ackley,3,1095,7.549516567451064e-15,32910,30,0.5,0.2,best
DE,ackley,3,1096,7.549516567451064e-15,32940,30,0.5,0.2,best
DE,ackley,3,1097,7.549516567451064e-15,32970,30,0.5,0.2,best
DE,ackley,3,1098,7.549516567451064e-15,33000,30,0.5,0.2,best
DE,ackley,3,1099,7.549516567451064e-15,33030,30,0.5,0.2,best
DE,ackley,3,1100,7.549516567451064e-15,33060,30,0.5,0.2,best
DE,ackley,3,1101,7.549516567451064e-15,33090,30,0.5,0.2,best
DE,ackley,3,1102,7.549516567451064e-15,33120,30,0.5,0.2,best
DE,ackley,3,1103,7.549516567451064e-15,33150,30,0.5,0.2,best
DE,ackley,3,1104,7.549516567451064e-15,33180,30,0.5,0.2,best
DE,ackley,3,1105,7.549516567451064e-15,33210,30,0.5,0.2,best
DE,ackley,3,1106,7.549516567451064e-15,33240,30,0.5,0.2,best
DE,ackley,3,1107,7.549516567451064e-15,33270,30,0.5,0.2,best
DE,ackley,3,1108,7.549516567451064e-15,33300,30,0.5,0.2,best
DE,ackley,3,1109,7.549516567451064e-15,33330,30,0.5,0.2,best
DE,ackley,3,1110,7.549516567451064e-15,33360,30,0.5,0.2,best
DE,ackley,3,1111,7.549516567451064e-15,33390,30,0.5,0.2,best
DE,ackley,3,1112,7.549516567451064e-15,33420,30,0.5,0.2,best
DE,ackley,3,1113,7.549516567451064e-15,33450,30,0.5,0.2,best
DE,ackley,3,1114,7.549516567451064e-15,33480,30,0.5,0.2,best
DE,ackley,3,1115,7.549516567451064e-15,33510,30,0.5,0.2,best
DE,ackley,3,1116,7.549516567451064e-15,33540,30,0.5,0.2,best
DE,ackley,3,1117,7.549516567451064e-15,33570,30,0.5,0.2,best
DE,ackley,3,1118,7.549516567451064e-15,33600,30,0.5,0.2,best
DE,ackley,3,1119,7.549516567451064e-15,33630,30,0.5,0.2,best
DE,ackley,3,1120,7.549516567451064e-15,33660,30,0.5,0.2,best
DE,ackley,3,1121,7.549516567451064e-15,33690,30,0.5,0.2,best
DE,ackley,3,1122,7.549516567451064e-15,33720,30,0.5,0.2,best
DE,ackley,3,1123,7.549516567451064e-15,33750,30,0.5,0.2,best
DE,ackley,3,1124,7.549516567451064e-15,33780,30,0.5,0.2,best
DE,ackley,3,1125,7.549516567451064e-15,33810,30,0.5,0.2,best
DE,ackley,3,1126,7.549516567451064e-15,33840,30,0.5,0.2,best
DE,ackley,3,1127,7.549516567451064e-15,33870,30,0.5,0.2,best
DE,ackley,3,1128,7.549516567451064e-15,33900,30,0.5,0.2,best
DE,ackley,3,1129,7.549516567451064e-15,33930,30,0.5,0.2,best
DE,ackley,3,1130,7.549516567451064e-15,33960,30,0.5,0.2,best
DE,ackley,3,1131,7.549516567451064e-15,33990,30,0.5,0.2,best
DE,ackley,3,1132,7.549516567451064e-15,34020,30,0.5,0.2,best
DE,ackley,3,1133,7.549516567451064e-15,34050,30,0.5,0.2,best
DE,ackley,3,1134,7.549516567451064e-15,34080,30,0.5,0.2,best
DE,ackley,3,1135,7.549516567451064e-15,34110,30,0.5,0.2,best
DE,ackley,3,1136,7.549516567451064e-15,34140,30,0.5,0.2,best
DE,ackley,3,1137,7.549516567451064e-15,34170,30,0.5,0.2,best
DE,ackley,3,1138,7.549516567451064e-15,34200,30,0.5,0.2,best
DE,ackley,3,1139,7.549516567451064e-15,34230,30,0.5,0.2,best
DE,ackley,3,1140,7.549516567451064e-15,34260,30,0.5,0.2,best
DE,ackley,3,1141,7.549516567451064e-15,34290,30,0.5,0.2,best
DE,ackley,3,1142,7.549516567451064e-15,34320,30,0.5,0.2,best
DE,ackley,3,1143,7.549516567451064e-15,34350,30,0.5,0.2,best
DE,ackley,3,1144,7.549516567451064e-15,34380,30,0.5,0.2,best
DE,ackley,3,1145,7.549516567451064e-15,34410,30,0.5,0.2,best
DE,ackley,3,1146,7.549516567451064e-15,34440,30,0.5,0.2,best
DE,ackley,3,1147,7.549516567451064e-15,34470,30,0.5,0.2,best
DE,ackley,3,1148,7.549516567451064e-15,34500,30,0.5,0.2,best
DE,ackley,3,1149,7.549516567451064e-15,34530,30,0.5,0.2,best
DE,ackley,3,1150,7.549516567451064e-15,34560,30,0.5,0.2,best
DE,ackley,3,1151,7.549516567451064e-15,34590,30,0.5,0.2,best
DE,ackley,3,1152,7.549516567451064e-15,34620,30,0.5,0.2,best
DE,ackley,3,1153,7.549516567451064e-15,34650,30,0.5,0.2,best
DE,ackley,3,1154,7.549516567451064e-15,34680,30,0.5,0.2,best
DE,ackley,3,1155,7.549516567451064e-15,34710,30,0.5,0.2,best
DE,ackley,3,1156,7.549516567451064e-15,34740,30,0.5,0.2,best
DE,ackley,3,1157,7.549516567451064e-15,34770,30,0.5,0.2,best
DE,ackley,3,1158,7.549516567451064e-15,34800,30,0.5,0.2,best
DE,ackley,3,1159,7.549516567451064e-15,34830,30,0.5,0.2,best
DE,ackley,3,1160,7.549516567451064e-15,34860,30,0.5,0.2,best
DE,ackley,3,1161,7.549516567451064e-15,34890,30,0.5,0.2,best
DE,ackley,3,1162,7.549516567451064e-15,34920,30,0.5,0.2,best
DE,ackley,3,1163,7.549516567451064e-15,34950,30,0.5,0.2,best
DE,ackley,3,1164,7.549516567451064e-15,34980,30,0.5,0.2,best
DE,ackley,3,1165,7.549516567451064e-15,35010,30,0.5,0.2,best
DE,ackley,3,1166,7.549516567451064e-15,35040,30,0.5,0.2,best
DE,ackley,3,1167,7.549516567451064e-15,35070,30,0.5,0.2,best
DE,ackley,3,1168,7.549516567451064e-15,35100,30,0.5,0.2,best
DE,ackley,3,1169,7.549516567451064e-15,35130,30,0.5,0.2,best
DE,ackley,3,1170,7.549516567451064e-15,35160,30,0.5,0.2,best
DE,ackley,3,1171,7.549516567451064e-15,35190,30,0.5,0.2,best
DE,ackley,3,1172,7.549516567451064e-15,35220,30,0.5,0.2,best
DE,ackley,3,1173,7.549516567451064e-15,35250,30,0.5,0.2,best
DE,ackley,3,1174,7.549516567451064e-15,35280,30,0.5,0.2,best
DE,ackley,3,1175,7.549516567451064e-15,35310,30,0.5,0.2,best
DE,ackley,3,1176,7.549516567451064e-15,35340,30,0.5,0.2,best
DE,ackley,3,1177,7.549516567451064e-15,35370,30,0.5,0.2,best
DE,ackley,3,1178,7.549516567451064e-15,35400,30,0.5,0.2,best
DE,ackley,3,1179,7.549516567451064e-15,35430,30,0.5,0.2,best
DE,ackley,3,1180,7.549516567451064e-15,35460,30,0.5,0.2,best
DE,ackley,3,1181,7.549516567451064e-15,35490,30,0.5,0.2,best
DE,ackley,3,1182,7.549516567451064e-15,35520,30,0.5,0.2,best
DE,ackley,3,1183,7.549516567451064e-15,35550,30,0.5,0.2,best
DE,ackley,3,1184,7.549516567451064e-15,35580,30,0.5,0.2,best
DE,ackley,3,1185,7.549516567451064e-15,35610,30,0.5,0.2,best
DE,ackley,3,1186,7.549516567451064e-15,35640,30,0.5,0.2,best
DE,ackley,3,1187,7.549516567451064e-15,35670,30,0.5,0.2,best
DE,ackley,3,1188,7.549516567451064e-15,35700,30,0.5,0.2,best
DE,ackley,3,1189,7.549516567451064e-15,35730,30,0.5,0.2,best
DE,ackley,3,1190,7.549516567451064e-15,35760,30,0.5,0.2,best
DE,ackley,3,1191,7.549516567451064e-15,35790,30,0.5,0.2,best
DE,ackley,3,1192,7.549516567451064e-15,35820,30,0.5,0.2,best
DE,ackley,3,1193,7.549516567451064e-15,35850,30,0.5,0.2,best
DE,ackley,3,1194,7.549516567451064e-15,35880,30,0.5,0.2,best
DE,ackley,3,1195,7.549516567451064e-15,35910,30,0.5,0.2,best
DE,ackley,3,1196,7.549516567451064e-15,35940,30,0.5,0.2,best
DE,ackley,3,1197,7.549516567451064e-15,35970,30,0.5,0.2,best
DE,ackley,3,1198,7.549516567451064e-15,36000,30,0.5,0.2,best
DE,ackley,3,1199,7.549516567451064e-15,36030,30,0.5,0.2,best
DE,ackley,4,0,20.063538201906116,60,30,0.5,0.2,best
DE,ackley,4,1,18.234942245905494,90,30,0.5,0.2,best
DE,ackley,4,2,18.234942245905494,120,30,0.5,0.2,best
DE,ackley,4,3,17.753893216430683,150,30,0.5,0.2,best
DE,ackley,4,4,16.606405347001523,180,30,0.5,0.2,best
DE,ackley,4,5,13.853636667645604,210,30,0.5,0.2,best
DE,ackley,4,6,13.853636667645604,240,30,0.5,0.2,best
DE,ackley,4,7,13.537131947695489,270,30,0.5,0.2,best
DE,ackley,4,8,12.390193355975827,300,30,0.5,0.2,best
DE,ackley,4,9,12.133057437066888,330,30,0.5,0.2,best
DE,ackley,4,10,12.133057437066888,360,30,0.5,0.2,best
DE,ackley,4,11,12.133057437066888,390,30,0.5,0.2,best
DE,ackley,4,12,12.133057437066888,420,30,0.5,0.2,best
DE,ackley,4,13,9.467718254878248,450,30,0.5,0.2,best
DE,ackley,4,14,9.467718254878248,480,30,0.5,0.2,best
DE,ackley,4,15,9.467718254878248,510,30,0.5,0.2,best
DE,ackley,4,16,7.595823104412569,540,30,0.5,0.2,best
DE,ackley,4,17,7.595823104412569,570,30,0.5,0.2,best
DE,ackley,4,18,7.595823104412569,600,30,0.5,0.2,best
DE,ackley,4,19,7.595823104412569,630,30,0.5,0.2,best
DE,ackley,4,20,7.133085787787461,660,30,0.5,0.2,best
DE,ackley,4,21,7.133085787787461,690,30,0.5,0.2,best
DE,ackley,4,22,6.520500407095238,720,30,0.5,0.2,best
DE,ackley,4,23,6.520500407095238,750,30,0.5,0.2,best
DE,ackley,4,24,5.56209024953322,780,30,0.5,0.2,best
DE,ackley,4,25,4.506492427699062,810,30,0.5,0.2,best
DE,ackley,4,26,4.506492427699062,840,30,0.5,0.2,best
DE,ackley,4,27,4.506492427699062,870,30,0.5,0.2,best
DE,ackley,4,28,3.7095298732813657,900,30,0.5,0.2,best
DE,ackley,4,29,3.7095298732813657,930,30,0.5,0.2,best
DE,ackley,4,30,3.7095298732813657,960,30,0.5,0.2,best
DE,ackley,4,31,3.554978203700316,990,30,0.5,0.2,best
DE,ackley,4,32,3.554978203700316,1020,30,0.5,0.2,best
DE,ackley,4,33,3.554978203700316,1050,30,0.5,0.2,best
DE,ackley,4,34,3.554978203700316,1080,30,0.5,0.2,best
DE,ackley,4,35,2.9288959416490212,1110,30,0.5,0.2,best
DE,ackley,4,36,2.779396643952698,1140,30,0.5,0.2,best
DE,ackley,4,37,2.779396643952698,1170,30,0.5,0.2,best
DE,ackley,4,38,2.5528438662709836,1200,30,0.5,0.2,best
DE,ackley,4,39,2.5528438662709836,1230,30,0.5,0.2,best
DE,ackley,4,40,2.5528438662709836,1260,30,0.5,0.2,best
DE,ackley,4,41,2.5528438662709836,1290,30,0.5,0.2,best
DE,ackley,4,42,2.517192869450238,1320,30,0.5,0.2,best
DE,ackley,4,43,2.259745338983756,1350,30,0.5,0.2,best
DE,ackley,4,44,2.233128768286005,1380,30,0.5,0.2,best
DE,ackley,4,45,1.9757255424003621,1410,30,0.5,0.2,best
DE,ackley,4,46,1.357587067049494,1440,30,0.5,0.2,best
DE,ackley,4,47,1.357587067049494,1470,30,0.5,0.2,best
DE,ackley,4,48,1.137220604336616,1500,30,0.5,0.2,best
DE,ackley,4,49,1.0394096709028209,1530,30,0.5,0.2,best
DE,ackley,4,50,0.673950426094827,1560,30,0.5,0.2,best
DE,ackley,4,51,0.673950426094827,1590,30,0.5,0.2,best
DE,ackley,4,52,0.673950426094827,1620,30,0.5,0.2,best
DE,ackley,4,53,0.673950426094827,1650,30,0.5,0.2,best
DE,ackley,4,54,0.6119240801143389,1680,30,0.5,0.2,best
DE,ackley,4,55,0.49005662759546853,1710,30,0.5,0.2,best
DE,ackley,4,56,0.25570434049801394,1740,30,0.5,0.2,best
DE,ackley,4,57,0.25570434049801394,1770,30,0.5,0.2,best
DE,ackley,4,58,0.22399381862324264,1800,30,0.5,0.2,best
DE,ackley,4,59,0.22399381862324264,1830,30,0.5,0.2,best
DE,ackley,4,60,0.22399381862324264,1860,30,0.5,0.2,best
DE,ackley,4,61,0.21885628317856431,1890,30,0.5,0.2,best
DE,ackley,4,62,0.17925338704314386,1920,30,0.5,0.2,best
DE,ackley,4,63,0.15348210326456213,1950,30,0.5,0.2,best
DE,ackley,4,64,0.10734458917609091,1980,30,0.5,0.2,best
DE,ackley,4,65,0.10734458917609091,2010,30,0.5,0.2,best
DE,ackley,4,66,0.053575993103642805,2040,30,0.5,0.2,best
DE,ackley,4,67,0.053575993103642805,2070,30,0.5,0.2,best
DE,ackley,4,68,0.053575993103642805,2100,30,0.5,0.2,best
DE,ackley,4,69,0.053575993103642805,2130,30,0.5,0.2,best
DE,ackley,4,70,0.04529293780259325,2160,30,0.5,0.2,best
DE,ackley,4,71,0.04529293780259325,2190,30,0.5,0.2,best
DE,ackley,4,72,0.04529293780259325,2220,30,0.5,0.2,best
DE,ackley,4,73,0.03839481415047574,2250,30,0.5,0.2,best
DE,ackley,4,74,0.03839481415047574,2280,30,0.5,0.2,best
DE,ackley,4,75,0.03839481415047574,2310,30,0.5,0.2,best
DE,ackley,4,76,0.03345644048162599,2340,30,0.5,0.2,best
DE,ackley,4,77,0.025231138940512654,2370,30,0.5,0.2,best
DE,ackley,4,78,0.025231138940512654,2400,30,0.5,0.2,best
DE,ackley,4,79,0.017749374104742532,2430,30,0.5,0.2,best
DE,ackley,4,80,0.017749374104742532,2460,30,0.5,0.2,best
DE,ackley,4,81,0.01769021846094221,2490,30,0.5,0.2,best
DE,ackley,4,82,0.01412657384565863,2520,30,0.5,0.2,best
DE,ackley,4,83,0.010267470363789943,2550,30,0.5,0.2,best
DE,ackley,4,84,0.008940207401498146,2580,30,0.5,0.2,best
DE,ackley,4,85,0.008940207401498146,2610,30,0.5,0.2,best
DE,ackley,4,86,0.008940207401498146,2640,30,0.5,0.2,best
DE,ackley,4,87,0.008898354832826971,2670,30,0.5,0.2,best
DE,ackley,4,88,0.008898354832826971,2700,30,0.5,0.2,best
DE,ackley,4,89,0.008898354832826971,2730,30,0.5,0.2,best
DE,ackley,4,90,0.008639064325710155,2760,30,0.5,0.2,best
DE,ackley,4,91,0.006816942538602877,2790,30,0.5,0.2,best
DE,ackley,4,92,0.005914310053363625,2820,30,0.5,0.2,best
DE,ackley,4,93,0.005914310053363625,2850,30,0.5,0.2,best
DE,ackley,4,94,0.004968078032846268,2880,30,0.5,0.2,best
DE,ackley,4,95,0.004407773851561547,2910,30,0.5,0.2,best
DE,ackley,4,96,0.002757492379860782,2940,30,0.5,0.2,best
DE,ackley,4,97,0.002757492379860782,2970,30,0.5,0.2,best
DE,ackley,4,98,0.002757492379860782,3000,30,0.5,0.2,best
DE,ackley,4,99,0.0021263511668547785,3030,30,0.5,0.2,best
DE,ackley,4,100,0.0021263511668547785,3060,30,0.5,0.2,best
DE,ackley,4,101,0.0021263511668547785,3090,30,0.5,0.2,best
DE,ackley,4,102,0.0020333641846268513,3120,30,0.5,0.2,best
DE,ackley,4,103,0.0018094242185466847,3150,30,0.5,0.2,best
DE,ackley,4,104,0.0018094242185466847,3180,30,0.5,0.2,best
DE,ackley,4,105,0.0017763574498528278,3210,30,0.5,0.2,best
DE,ackley,4,106,0.0016649476004109154,3240,30,0.5,0.2,best
DE,ackley,4,107,0.001526391928390769,3270,30,0.5,0.2,best
DE,ackley,4,108,0.001526391928390769,3300,30,0.5,0.2,best
DE,ackley,4,109,0.001316717310580362,3330,30,0.5,0.2,best
DE,ackley,4,110,0.0008256716405097286,3360,30,0.5,0.2,best
DE,ackley,4,111,0.0008256716405097286,3390,30,0.5,0.2,best
DE,ackley,4,112,0.0008256716405097286,3420,30,0.5,0.2,best
DE,ackley,4,113,0.0008256716405097286,3450,30,0.5,0.2,best
DE,ackley,4,114,0.0008256716405097286,3480,30,0.5,0.2,best
DE,ackley,4,115,0.0005536029882624582,3510,30,0.5,0.2,best
DE,ackley,4,116,0.0005536029882624582,3540,30,0.5,0.2,best
DE,ackley,4,117,0.0005536029882624582,3570,30,0.5,0.2,best
DE,ackley,4,118,0.0005434991926063226,3600,30,0.5,0.2,best
DE,ackley,4,119,0.0005434991926063226,3630,30,0.5,0.2,best
DE,ackley,4,120,0.0004835778701779425,3660,30,0.5,0.2,best
DE,ackley,4,121,0.00043286677234677384,3690,30,0.5,0.2,best
DE,ackley,4,122,0.00041693616361415664,3720,30,0.5,0.2,best
DE,ackley,4,123,0.00035900842998204396,3750,30,0.5,0.2,best
DE,ackley,4,124,0.00035900842998204396,3780,30,0.5,0.2,best
DE,ackley,4,125,0.00035131997263038173,3810,30,0.5,0.2,best
DE,ackley,4,126,0.00035131997263038173,3840,30,0.5,0.2,best
DE,ackley,4,127,0.00027402579894131307,3870,30,0.5,0.2,best
DE,ackley,4,128,0.00027402579894131307,3900,30,0.5,0.2,best
DE,ackley,4,129,0.00020718093154714623,3930,30,0.5,0.2,best
DE,ackley,4,130,0.00020718093154714623,3960,30,0.5,0.2,best
DE,ackley,4,131,0.0001668221343291698,3990,30,0.5,0.2,best
DE,ackley,4,132,0.00015739882241705416,4020,30,0.5,0.2,best
DE,ackley,4,133,0.00013438068812421378,4050,30,0.5,0.2,best
DE,ackley,4,134,0.00013438068812421378,4080,30,0.5,0.2,best
DE,ackley,4,135,0.00011142573130173972,4110,30,0.5,0.2,best
DE,ackley,4,136,0.00011142573130173972,4140,30,0.5,0.2,best
DE,ackley,4,137,6.867967870194391e-05,4170,30,0.5,0.2,best
DE,ackley,4,138,6.867967870194391e-05,4200,30,0.5,0.2,best
DE,ackley,4,139,6.867967870194391e-05,4230,30,0.5,0.2,best
DE,ackley,4,140,6.598130561075166e-05,4260,30,0.5,0.2,best
DE,ackley,4,141,4.970918951530123e-05,4290,30,0.5,0.2,best
DE,ackley,4,142,3.492444004793427e-05,4320,30,0.5,0.2,best
DE,ackley,4,143,3.40070908895207e-05,4350,30,0.5,0.2,best
DE,ackley,4,144,3.40070908895207e-05,4380,30,0.5,0.2,best
DE,ackley,4,145,3.40070908895207e-05,4410,30,0.5,0.2,best
DE,ackley,4,146,3.40070908895207e-05,4440,30,0.5,0.2,best
DE,ackley,4,147,1.96887860188788e-05,4470,30,0.5,0.2,best
DE,ackley,4,148,1.96887860188788e-05,4500,30,0.5,0.2,best
DE,ackley,4,149,1.96887860188788e-05,4530,30,0.5,0.2,best
DE,ackley,4,150,1.96887860188788e-05,4560,30,0.5,0.2,best
DE,ackley,4,151,1.96887860188788e-05,4590,30,0.5,0.2,best
DE,ackley,4,152,1.3696632426007938e-05,4620,30,0.5,0.2,best
DE,ackley,4,153,1.3696632426007938e-05,4650,30,0.5,0.2,best
DE,ackley,4,154,1.3696632426007938e-05,4680,30,0.5,0.2,best
DE,ackley,4,155,9.619952660688824e-06,4710,30,0.5,0.2,best
DE,ackley,4,156,9.094856210811741e-06,4740,30,0.5,0.2,best
DE,ackley,4,157,8.962278159163617e-06,4770,30,0.5,0.2,best
DE,ackley,4,158,8.962278159163617e-06,4800,30,0.5,0.2,best
DE,ackley,4,159,7.84067543380118e-06,4830,30,0.5,0.2,best
DE,ackley,4,160,7.443432416653906e-06,4860,30,0.5,0.2,best
DE,ackley,4,161,6.653130498524007e-06,4890,30,0.5,0.2,best
DE,ackley,4,162,6.5585874797768895e-06,4920,30,0.5,0.2,best
DE,ackley,4,163,6.5585874797768895e-06,4950,30,0.5,0.2,best
DE,ackley,4,164,5.420162530800354e-06,4980,30,0.5,0.2,best
DE,ackley,4,165,5.155696016334588e-06,5010,30,0.5,0.2,best
DE,ackley,4,166,5.07623678958069e-06,5040,30,0.5,0.2,best
DE,ackley,4,167,4.176341147132945e-06,5070,30,0.5,0.2,best
DE,ackley,4,168,3.1006215164275375e-06,5100,30,0.5,0.2,best
DE,ackley,4,169,3.1006215164275375e-06,5130,30,0.5,0.2,best
DE,ackley,4,170,2.6721872399271263e-06,5160,30,0.5,0.2,best
DE,ackley,4,171,2.6721872399271263e-06,5190,30,0.5,0.2,best
DE,ackley,4,172,2.6721872399271263e-06,5220,30,0.5,0.2,best
DE,ackley,4,173,2.5884352337079974e-06,5250,30,0.5,0.2,best
DE,ackley,4,174,1.9074846453470684e-06,5280,30,0.5,0.2,best
DE,ackley,4,175,1.9074846453470684e-06,5310,30,0.5,0.2,best
DE,ackley,4,176,1.5426534969442685e-06,5340,30,0.5,0.2,best
DE,ackley,4,177,1.374552522026562e-06,5370,30,0.5,0.2,best
DE,ackley,4,178,1.292045518130891e-06,5400,30,0.5,0.2,best
DE,ackley,4,179,1.2214626896600578e-06,5430,30,0.5,0.2,best
DE,ackley,4,180,8.028735405396503e-07,5460,30,0.5,0.2,best
DE,ackley,4,181,8.028735405396503e-07,5490,30,0.5,0.2,best
DE,ackley,4,182,7.932124224119264e-07,5520,30,0.5,0.2,best
DE,ackley,4,183,7.754034894169592e-07,5550,30,0.5,0.2,best
DE,ackley,4,184,6.823621423457382e-07,5580,30,0.5,0.2,best
DE,ackley,4,185,6.193743158355858e-07,5610,30,0.5,0.2,best
DE,ackley,4,186,5.257470268027475e-07,5640,30,0.5,0.2,best
DE,ackley,4,187,3.980978999784668e-07,5670,30,0.5,0.2,best
DE,ackley,4,188,3.7399960151063283e-07,5700,30,0.5,0.2,best
DE,ackley,4,189,3.278461133682242e-07,5730,30,0.5,0.2,best
DE,ackley,4,190,3.2004279093555965e-07,5760,30,0.5,0.2,best
DE,ackley,4,191,2.183845713155108e-07,5790,30,0.5,0.2,best
DE,ackley,4,192,2.183845713155108e-07,5820,30,0.5,0.2,best
DE,ackley,4,193,2.183845713155108e-07,5850,30,0.5,0.2,best
DE,ackley,4,194,2.183845713155108e-07,5880,30,0.5,0.2,best
DE,ackley,4,195,2.183845713155108e-07,5910,30,0.5,0.2,best
DE,ackley,4,196,1.558431326209586e-07,5940,30,0.5,0.2,best
DE,ackley,4,197,1.4116488289417362e-07,5970,30,0.5,0.2,best
DE,ackley,4,198,1.3522667829946045e-07,6000,30,0.5,0.2,best
DE,ackley,4,199,1.3522667829946045e-07,6030,30,0.5,0.2,best
DE,ackley,4,200,1.309553181449985e-07,6060,30,0.5,0.2,best
DE,ackley,4,201,1.309553181449985e-07,6090,30,0.5,0.2,best
DE,ackley,4,202,1.0855237464468814e-07,6120,30,0.5,0.2,best
DE,ackley,4,203,1.0137622696859694e-07,6150,30,0.5,0.2,best
DE,ackley,4,204,9.34653603401614e-08,6180,30,0.5,0.2,best
DE,ackley,4,205,4.018403076955224e-08,6210,30,0.5,0.2,best
DE,ackley,4,206,4.018403076955224e-08,6240,30,0.5,0.2,best
DE,ackley,4,207,4.018403076955224e-08,6270,30,0.5,0.2,best
DE,ackley,4,208,4.018403076955224e-08,6300,30,0.5,0.2,best
DE,ackley,4,209,4.018403076955224e-08,6330,30,0.5,0.2,best
DE,ackley,4,210,4.018403076955224e-08,6360,30,0.5,0.2,best
DE,ackley,4,211,4.018403076955224e-08,6390,30,0.5,0.2,best
DE,ackley,4,212,2.5800702463385505e-08,6420,30,0.5,0.2,best
DE,ackley,4,213,2.5800702463385505e-08,6450,30,0.5,0.2,best
DE,ackley,4,214,2.4272523990731543e-08,6480,30,0.5,0.2,best
DE,ackley,4,215,2.359918527261584e-08,6510,30,0.5,0.2,best
DE,ackley,4,216,2.2472765426329033e-08,6540,30,0.5,0.2,best
DE,ackley,4,217,2.1145770023878185e-08,6570,30,0.5,0.2,best
DE,ackley,4,218,1.9723981115049583e-08,6600,30,0.5,0.2,best
DE,ackley,4,219,1.8118513356313315e-08,6630,30,0.5,0.2,best
DE,ackley,4,220,1.660894399790891e-08,6660,30,0.5,0.2,best
DE,ackley,4,221,1.5626995253370524e-08,6690,30,0.5,0.2,best
DE,ackley,4,222,1.5626995253370524e-08,6720,30,0.5,0.2,best
DE,ackley,4,223,1.2128119397658566e-08,6750,30,0.5,0.2,best
DE,ackley,4,224,1.2128119397658566e-08,6780,30,0.5,0.2,best
DE,ackley,4,225,1.0577239084597068e-08,6810,30,0.5,0.2,best
DE,ackley,4,226,1.0577239084597068e-08,6840,30,0.5,0.2,best
DE,ackley,4,227,9.025964420317223e-09,6870,30,0.5,0.2,best
DE,ackley,4,228,6.843930311362101e-09,6900,30,0.5,0.2,best
DE,ackley,4,229,5.6533520087498346e-09,6930,30,0.5,0.2,best
DE,ackley,4,230,5.256187041169369e-09,6960,30,0.5,0.2,best
DE,ackley,4,231,5.033517158636869e-09,6990,30,0.5,0.2,best
DE,ackley,4,232,4.690136723439764e-09,7020,30,0.5,0.2,best
DE,ackley,4,233,3.839624174162282e-09,7050,30,0.5,0.2,best
DE,ackley,4,234,3.476334331509179e-09,7080,30,0.5,0.2,best
DE,ackley,4,235,3.476334331509179e-09,7110,30,0.5,0.2,best
DE,ackley,4,236,3.476334331509179e-09,7140,30,0.5,0.2,best
DE,ackley,4,237,3.1235960484821135e-09,7170,30,0.5,0.2,best
DE,ackley,4,238,2.1607040601168137e-09,7200,30,0.5,0.2,best
DE,ackley,4,239,2.1607040601168137e-09,7230,30,0.5,0.2,best
DE,ackley,4,240,2.107896523995123e-09,7260,30,0.5,0.2,best
DE,ackley,4,241,2.100776885782807e-09,7290,30,0.5,0.2,best
DE,ackley,4,242,1.7736287993841415e-09,7320,30,0.5,0.2,best
DE,ackley,4,243,1.7524226514353813e-09,7350,30,0.5,0.2,best
DE,ackley,4,244,1.109893066342238e-09,7380,30,0.5,0.2,best
DE,ackley,4,245,1.109893066342238e-09,7410,30,0.5,0.2,best
DE,ackley,4,246,9.084826224636799e-10,7440,30,0.5,0.2,best
DE,ackley,4,247,9.084826224636799e-10,7470,30,0.5,0.2,best
DE,ackley,4,248,5.706657368875767e-10,7500,30,0.5,0.2,best
DE,ackley,4,249,5.706657368875767e-10,7530,30,0.5,0.2,best
DE,ackley,4,250,5.706657368875767e-10,7560,30,0.5,0.2,best
DE,ackley,4,251,5.706657368875767e-10,7590,30,0.5,0.2,best
DE,ackley,4,252,5.611799913651794e-10,7620,30,0.5,0.2,best
DE,ackley,4,253,5.333373742644199e-10,7650,30,0.5,0.2,best
DE,ackley,4,254,5.333373742644199e-10,7680,30,0.5,0.2,best
DE,ackley,4,255,5.295750504785701e-10,7710,30,0.5,0.2,best
DE,ackley,4,256,4.3989034637093027e-10,7740,30,0.5,0.2,best
DE,ackley,4,257,4.3989034637093027e-10,7770,30,0.5,0.2,best
DE,ackley,4,258,4.3989034637093027e-10,7800,30,0.5,0.2,best
DE,ackley,4,259,4.310227730286442e-10,7830,30,0.5,0.2,best
DE,ackley,4,260,3.720619368152711e-10,7860,30,0.5,0.2,best
DE,ackley,4,261,3.5527181196925994e-10,7890,30,0.5,0.2,best
DE,ackley,4,262,3.182702990045527e-10,7920,30,0.5,0.2,best
DE,ackley,4,263,3.182702990045527e-10,7950,30,0.5,0.2,best
DE,ackley,4,264,3.182702990045527e-10,7980,30,0.5,0.2,best
DE,ackley,4,265,2.65071964378194e-10,8010,30,0.5,0.2,best
DE,ackley,4,266,2.0095969333056019e-10,8040,30,0.5,0.2,best
DE,ackley,4,267,2.0095969333056019e-10,8070,30,0.5,0.2,best
DE,ackley,4,268,1.6469714481104347e-10,8100,30,0.5,0.2,best
DE,ackley,4,269,1.5201395697772568e-10,8130,30,0.5,0.2,best
DE,ackley,4,270,1.110120884106891e-10,8160,30,0.5,0.2,best
DE,ackley,4,271,1.110120884106891e-10,8190,30,0.5,0.2,best
DE,ackley,4,272,8.257261541189109e-11,8220,30,0.5,0.2,best
DE,ackley,4,273,7.19500015122776e-11,8250,30,0.5,0.2,best
DE,ackley,4,274,7.19500015122776e-11,8280,30,0.5,0.2,best
DE,ackley,4,275,5.977485173502828e-11,8310,30,0.5,0.2,best
DE,ackley,4,276,5.977485173502828e-11,8340,30,0.5,0.2,best
DE,ackley,4,277,5.977485173502828e-11,8370,30,0.5,0.2,best
DE,ackley,4,278,5.977485173502828e-11,8400,30,0.5,0.2,best
DE,ackley,4,279,5.1180837346009866e-11,8430,30,0.5,0.2,best
DE,ackley,4,280,4.738298642337213e-11,8460,30,0.5,0.2,best
DE,ackley,4,281,4.71591654616077e-11,8490,30,0.5,0.2,best
DE,ackley,4,282,4.6924686358806866e-11,8520,30,0.5,0.2,best
DE,ackley,4,283,4.6924686358806866e-11,8550,30,0.5,0.2,best
DE,ackley,4,284,3.870370690606251e-11,8580,30,0.5,0.2,best
DE,ackley,4,285,3.261080294691965e-11,8610,30,0.5,0.2,best
DE,ackley,4,286,3.261080294691965e-11,8640,30,0.5,0.2,best
DE,ackley,4,287,3.112932134285984e-11,8670,30,0.5,0.2,best
DE,ackley,4,288,2.5146551507759796e-11,8700,30,0.5,0.2,best
DE,ackley,4,289,2.5146551507759796e-11,8730,30,0.5,0.2,best
DE,ackley,4,290,2.0734081118689573e-11,8760,30,0.5,0.2,best
DE,ackley,4,291,2.0119461652257087e-11,8790,30,0.5,0.2,best
DE,ackley,4,292,7.954970016044172e-12,8820,30,0.5,0.2,best
DE,ackley,4,293,7.954970016044172e-12,8850,30,0.5,0.2,best
DE,ackley,4,294,7.954970016044172e-12,8880,30,0.5,0.2,best
DE,ackley,4,295,7.954970016044172e-12,8910,30,0.5,0.2,best
DE,ackley,4,296,6.430855847838757e-12,8940,30,0.5,0.2,best
DE,ackley,4,297,6.430855847838757e-12,8970,30,0.5,0.2,best
DE,ackley,4,298,6.430855847838757e-12,9000,30,0.5,0.2,best
DE,ackley,4,299,5.2087223423313844e-12,9030,30,0.5,0.2,best
DE,ackley,4,300,5.2087223423313844e-12,9060,30,0.5,0.2,best
DE,ackley,4,301,3.510525203864745e-12,9090,30,0.5,0.2,best
DE,ackley,4,302,3.510525203864745e-12,9120,30,0.5,0.2,best
DE,ackley,4,303,3.510525203864745e-12,9150,30,0.5,0.2,best
DE,ackley,4,304,3.453681785003937e-12,9180,30,0.5,0.2,best
DE,ackley,4,305,3.354205801997523e-12,9210,30,0.5,0.2,best
DE,ackley,4,306,2.5903723610554152e-12,9240,30,0.5,0.2,best
DE,ackley,4,307,2.021938172447335e-12,9270,30,0.5,0.2,best
DE,ackley,4,308,2.021938172447335e-12,9300,30,0.5,0.2,best
DE,ackley,4,309,2.021938172447335e-12,9330,30,0.5,0.2,best
DE,ackley,4,310,1.3788969965844444e-12,9360,30,0.5,0.2,best
DE,ackley,4,311,1.3788969965844444e-12,9390,30,0.5,0.2,best
DE,ackley,4,312,1.3788969965844444e-12,9420,30,0.5,0.2,best
DE,ackley,4,313,1.3788969965844444e-12,9450,30,0.5,0.2,best
DE,ackley,4,314,1.3788969965844444e-12,9480,30,0.5,0.2,best
DE,ackley,4,315,1.2936318682932324e-12,9510,30,0.5,0.2,best
DE,ackley,4,316,1.0911271886016038e-12,9540,30,0.5,0.2,best
DE,ackley,4,317,8.211209490127658e-13,9570,30,0.5,0.2,best
DE,ackley,4,318,8.211209490127658e-13,9600,30,0.5,0.2,best
DE,ackley,4,319,7.855938122247608e-13,9630,30,0.5,0.2,best
DE,ackley,4,320,7.500666754367558e-13,9660,30,0.5,0.2,best
DE,ackley,4,321,7.500666754367558e-13,9690,30,0.5,0.2,best
DE,ackley,4,322,7.145395386487507e-13,9720,30,0.5,0.2,best
DE,ackley,4,323,7.145395386487507e-13,9750,30,0.5,0.2,best
DE,ackley,4,324,6.612488334667432e-13,9780,30,0.5,0.2,best
DE,ackley,4,325,3.7703173916270316e-13,9810,30,0.5,0.2,best
DE,ackley,4,326,3.7347902548390266e-13,9840,30,0.5,0.2,best
DE,ackley,4,327,3.7347902548390266e-13,9870,30,0.5,0.2,best
DE,ackley,4,328,3.6282088444750116e-13,9900,30,0.5,0.2,best
DE,ackley,4,329,3.2018832030189515e-13,9930,30,0.5,0.2,best
DE,ackley,4,330,3.1308289294429414e-13,9960,30,0.5,0.2,best
DE,ackley,4,331,2.8110846983508964e-13,9990,30,0.5,0.2,best
DE,ackley,4,332,2.8110846983508964e-13,10020,30,0.5,0.2,best
DE,ackley,4,333,2.5623947408348613e-13,10050,30,0.5,0.2,best
DE,ackley,4,334,2.0294876890147862e-13,10080,30,0.5,0.2,best
DE,ackley,4,335,1.9229062786507711e-13,10110,30,0.5,0.2,best
DE,ackley,4,336,1.887379141862766e-13,10140,30,0.5,0.2,best
DE,ackley,4,337,1.389999226830696e-13,10170,30,0.5,0.2,best
DE,ackley,4,338,1.318944953254686e-13,10200,30,0.5,0.2,best
DE,ackley,4,339,1.212363542890671e-13,10230,30,0.5,0.2,best
DE,ackley,4,340,1.212363542890671e-13,10260,30,0.5,0.2,best
DE,ackley,4,341,1.212363542890671e-13,10290,30,0.5,0.2,best
DE,ackley,4,342,8.215650382226158e-14,10320,30,0.5,0.2,best
DE,ackley,4,343,8.215650382226158e-14,10350,30,0.5,0.2,best
DE,ackley,4,344,8.215650382226158e-14,10380,30,0.5,0.2,best
DE,ackley,4,345,8.215650382226158e-14,10410,30,0.5,0.2,best
DE,ackley,4,346,7.860379014346108e-14,10440,30,0.5,0.2,best
DE,ackley,4,347,6.794564910705958e-14,10470,30,0.5,0.2,best
DE,ackley,4,348,6.439293542825908e-14,10500,30,0.5,0.2,best
DE,ackley,4,349,6.439293542825908e-14,10530,30,0.5,0.2,best
DE,ackley,4,350,5.3734794391857577e-14,10560,30,0.5,0.2,best
DE,ackley,4,351,5.0182080713057076e-14,10590,30,0.5,0.2,best
DE,ackley,4,352,3.952393967665557e-14,10620,30,0.5,0.2,best
DE,ackley,4,353,3.952393967665557e-14,10650,30,0.5,0.2,best
DE,ackley,4,354,3.241851231905457e-14,10680,30,0.5,0.2,best
DE,ackley,4,355,3.241851231905457e-14,10710,30,0.5,0.2,best
DE,ackley,4,356,3.241851231905457e-14,10740,30,0.5,0.2,best
DE,ackley,4,357,2.886579864025407e-14,10770,30,0.5,0.2,best
DE,ackley,4,358,2.886579864025407e-14,10800,30,0.5,0.2,best
DE,ackley,4,359,2.886579864025407e-14,10830,30,0.5,0.2,best
DE,ackley,4,360,2.1760371282653068e-14,10860,30,0.5,0.2,best
DE,ackley,4,361,1.1102230246251565e-14,10890,30,0.5,0.2,best
DE,ackley,4,362,1.1102230246251565e-14,10920,30,0.5,0.2,best
DE,ackley,4,363,1.1102230246251565e-14,10950,30,0.5,0.2,best
DE,ackley,4,364,1.1102230246251565e-14,10980,30,0.5,0.2,best
DE,ackley,4,365,1.1102230246251565e-14,11010,30,0.5,0.2,best
DE,ackley,4,366,1.1102230246251565e-14,11040,30,0.5,0.2,best
DE,ackley,4,367,1.1102230246251565e-14,11070,30,0.5,0.2,best
DE,ackley,4,368,1.1102230246251565e-14,11100,30,0.5,0.2,best
DE,ackley,4,369,1.1102230246251565e-14,11130,30,0.5,0.2,best
DE,ackley,4,370,1.1102230246251565e-14,11160,30,0.5,0.2,best
DE,ackley,4,371,7.549516567451064e-15,11190,30,0.5,0.2,best
DE,ackley,4,372,7.549516567451064e-15,11220,30,0.5,0.2,best
DE,ackley,4,373,7.549516567451064e-15,11250,30,0.5,0.2,best
DE,ackley,4,374,7.549516567451064e-15,11280,30,0.5,0.2,best
DE,ackley,4,375,7.549516567451064e-15,11310,30,0.5,0.2,best
DE,ackley,4,376,7.549516567451064e-15,11340,30,0.5,0.2,best
DE,ackley,4,377,7.549516567451064e-15,11370,30,0.5,0.2,best
DE,ackley,4,378,7.549516567451064e-15,11400,30,0.5,0.2,best
DE,ackley,4,379,7.549516567451064e-15,11430,30,0.5,0.2,best
DE,ackley,4,380,7.549516567451064e-15,11460,30,0.5,0.2,best
DE,ackley,4,381,7.549516567451064e-15,11490,30,0.5,0.2,best
DE,ackley,4,382,7.549516567451064e-15,11520,30,0.5,0.2,best
DE,ackley,4,383,7.549516567451064e-15,11550,30,0.5,0.2,best
DE,ackley,4,384,7.549516567451064e-15,11580,30,0.5,0.2,best
DE,ackley,4,385,7.549516567451064e-15,11610,30,0.5,0.2,best
DE,ackley,4,386,7.549516567451064e-15,11640,30,0.5,0.2,best
DE,ackley,4,387,3.9968028886505635e-15,11670,30,0.5,0.2,best
DE,ackley,4,388,3.9968028886505635e-15,11700,30,0.5,0.2,best
DE,ackley,4,389,3.9968028886505635e-15,11730,30,0.5,0.2,best
DE,ackley,4,390,3.9968028886505635e-15,11760,30,0.5,0.2,best
DE,ackley,4,391,3.9968028886505635e-15,11790,30,0.5,0.2,best
DE,ackley,4,392,3.9968028886505635e-15,11820,30,0.5,0.2,best
DE,ackley,4,393,3.9968028886505635e-15,11850,30,0.5,0.2,best
DE,ackley,4,394,3.9968028886505635e-15,11880,30,0.5,0.2,best
DE,ackley,4,395,3.9968028886505635e-15,11910,30,0.5,0.2,best
DE,ackley,4,396,3.9968028886505635e-15,11940,30,0.5,0.2,best
DE,ackley,4,397,3.9968028886505635e-15,11970,30,0.5,0.2,best
DE,ackley,4,398,3.9968028886505635e-15,12000,30,0.5,0.2,best
DE,ackley,4,399,3.9968028886505635e-15,12030,30,0.5,0.2,best
DE,ackley,4,400,3.9968028886505635e-15,12060,30,0.5,0.2,best
DE,ackley,4,401,3.9968028886505635e-15,12090,30,0.5,0.2,best
DE,ackley,4,402,3.9968028886505635e-15,12120,30,0.5,0.2,best
DE,ackley,4,403,3.9968028886505635e-15,12150,30,0.5,0.2,best
DE,ackley,4,404,3.9968028886505635e-15,12180,30,0.5,0.2,best
DE,ackley,4,405,3.9968028886505635e-15,12210,30,0.5,0.2,best
DE,ackley,4,406,3.9968028886505635e-15,12240,30,0.5,0.2,best
DE,ackley,4,407,3.9968028886505635e-15,12270,30,0.5,0.2,best
DE,ackley,4,408,3.9968028886505635e-15,12300,30,0.5,0.2,best
DE,ackley,4,409,3.9968028886505635e-15,12330,30,0.5,0.2,best
DE,ackley,4,410,3.9968028886505635e-15,12360,30,0.5,0.2,best
DE,ackley,4,411,3.9968028886505635e-15,12390,30,0.5,0.2,best
DE,ackley,4,412,3.9968028886505635e-15,12420,30,0.5,0.2,best
DE,ackley,4,413,3.9968028886505635e-15,12450,30,0.5,0.2,best
DE,ackley,4,414,3.9968028886505635e-15,12480,30,0.5,0.2,best
DE,ackley,4,415,3.9968028886505635e-15,12510,30,0.5,0.2,best
DE,ackley,4,416,3.9968028886505635e-15,12540,30,0.5,0.2,best
DE,ackley,4,417,3.9968028886505635e-15,12570,30,0.5,0.2,best
DE,ackley,4,418,3.9968028886505635e-15,12600,30,0.5,0.2,best
DE,ackley,4,419,3.9968028886505635e-15,12630,30,0.5,0.2,best
DE,ackley,4,420,3.9968028886505635e-15,12660,30,0.5,0.2,best
DE,ackley,4,421,3.9968028886505635e-15,12690,30,0.5,0.2,best
DE,ackley,4,422,3.9968028886505635e-15,12720,30,0.5,0.2,best
DE,ackley,4,423,3.9968028886505635e-15,12750,30,0.5,0.2,best
DE,ackley,4,424,3.9968028886505635e-15,12780,30,0.5,0.2,best
DE,ackley,4,425,3.9968028886505635e-15,12810,30,0.5,0.2,best
DE,ackley,4,426,3.9968028886505635e-15,12840,30,0.5,0.2,best
DE,ackley,4,427,3.9968028886505635e-15,12870,30,0.5,0.2,best
DE,ackley,4,428,3.9968028886505635e-15,12900,30,0.5,0.2,best
DE,ackley,4,429,3.9968028886505635e-15,12930,30,0.5,0.2,best
DE,ackley,4,430,3.9968028886505635e-15,12960,30,0.5,0.2,best
DE,ackley,4,431,3.9968028886505635e-15,12990,30,0.5,0.2,best
DE,ackley,4,432,3.9968028886505635e-15,13020,30,0.5,0.2,best
DE,ackley,4,433,3.9968028886505635e-15,13050,30,0.5,0.2,best
DE,ackley,4,434,3.9968028886505635e-15,13080,30,0.5,0.2,best
DE,ackley,4,435,3.9968028886505635e-15,13110,30,0.5,0.2,best
DE,ackley,4,436,3.9968028886505635e-15,13140,30,0.5,0.2,best
DE,ackley,4,437,3.9968028886505635e-15,13170,30,0.5,0.2,best
DE,ackley,4,438,3.9968028886505635e-15,13200,30,0.5,0.2,best
DE,ackley,4,439,3.9968028886505635e-15,13230,30,0.5,0.2,best
DE,ackley,4,440,3.9968028886505635e-15,13260,30,0.5,0.2,best
DE,ackley,4,441,3.9968028886505635e-15,13290,30,0.5,0.2,best
DE,ackley,4,442,3.9968028886505635e-15,13320,30,0.5,0.2,best
DE,ackley,4,443,3.9968028886505635e-15,13350,30,0.5,0.2,best
DE,ackley,4,444,3.9968028886505635e-15,13380,30,0.5,0.2,best
DE,ackley,4,445,3.9968028886505635e-15,13410,30,0.5,0.2,best
DE,ackley,4,446,3.9968028886505635e-15,13440,30,0.5,0.2,best
DE,ackley,4,447,3.9968028886505635e-15,13470,30,0.5,0.2,best
DE,ackley,4,448,3.9968028886505635e-15,13500,30,0.5,0.2,best
DE,ackley,4,449,3.9968028886505635e-15,13530,30,0.5,0.2,best
DE,ackley,4,450,3.9968028886505635e-15,13560,30,0.5,0.2,best
DE,ackley,4,451,3.9968028886505635e-15,13590,30,0.5,0.2,best
DE,ackley,4,452,3.9968028886505635e-15,13620,30,0.5,0.2,best
DE,ackley,4,453,3.9968028886505635e-15,13650,30,0.5,0.2,best
DE,ackley,4,454,3.9968028886505635e-15,13680,30,0.5,0.2,best
DE,ackley,4,455,3.9968028886505635e-15,13710,30,0.5,0.2,best
DE,ackley,4,456,3.9968028886505635e-15,13740,30,0.5,0.2,best
DE,ackley,4,457,3.9968028886505635e-15,13770,30,0.5,0.2,best
DE,ackley,4,458,3.9968028886505635e-15,13800,30,0.5,0.2,best
DE,ackley,4,459,3.9968028886505635e-15,13830,30,0.5,0.2,best
DE,ackley,4,460,3.9968028886505635e-15,13860,30,0.5,0.2,best
DE,ackley,4,461,3.9968028886505635e-15,13890,30,0.5,0.2,best
DE,ackley,4,462,3.9968028886505635e-15,13920,30,0.5,0.2,best
DE,ackley,4,463,3.9968028886505635e-15,13950,30,0.5,0.2,best
DE,ackley,4,464,3.9968028886505635e-15,13980,30,0.5,0.2,best
DE,ackley,4,465,3.9968028886505635e-15,14010,30,0.5,0.2,best
DE,ackley,4,466,3.9968028886505635e-15,14040,30,0.5,0.2,best
DE,ackley,4,467,3.9968028886505635e-15,14070,30,0.5,0.2,best
DE,ackley,4,468,3.9968028886505635e-15,14100,30,0.5,0.2,best
DE,ackley,4,469,3.9968028886505635e-15,14130,30,0.5,0.2,best
DE,ackley,4,470,3.9968028886505635e-15,14160,30,0.5,0.2,best
DE,ackley,4,471,3.9968028886505635e-15,14190,30,0.5,0.2,best
DE,ackley,4,472,3.9968028886505635e-15,14220,30,0.5,0.2,best
DE,ackley,4,473,3.9968028886505635e-15,14250,30,0.5,0.2,best
DE,ackley,4,474,3.9968028886505635e-15,14280,30,0.5,0.2,best
DE,ackley,4,475,3.9968028886505635e-15,14310,30,0.5,0.2,best
DE,ackley,4,476,3.9968028886505635e-15,14340,30,0.5,0.2,best
DE,ackley,4,477,3.9968028886505635e-15,14370,30,0.5,0.2,best
DE,ackley,4,478,3.9968028886505635e-15,14400,30,0.5,0.2,best
DE,ackley,4,479,3.9968028886505635e-15,14430,30,0.5,0.2,best
DE,ackley,4,480,3.9968028886505635e-15,14460,30,0.5,0.2,best
DE,ackley,4,481,3.9968028886505635e-15,14490,30,0.5,0.2,best
DE,ackley,4,482,3.9968028886505635e-15,14520,30,0.5,0.2,best
DE,ackley,4,483,3.9968028886505635e-15,14550,30,0.5,0.2,best
DE,ackley,4,484,3.9968028886505635e-15,14580,30,0.5,0.2,best
DE,ackley,4,485,3.9968028886505635e-15,14610,30,0.5,0.2,best
DE,ackley,4,486,3.9968028886505635e-15,14640,30,0.5,0.2,best
DE,ackley,4,487,3.9968028886505635e-15,14670,30,0.5,0.2,best
DE,ackley,4,488,3.9968028886505635e-15,14700,30,0.5,0.2,best
DE,ackley,4,489,3.9968028886505635e-15,14730,30,0.5,0.2,best
DE,ackley,4,490,3.9968028886505635e-15,14760,30,0.5,0.2,best
DE,ackley,4,491,3.9968028886505635e-15,14790,30,0.5,0.2,best
DE,ackley,4,492,3.9968028886505635e-15,14820,30,0.5,0.2,best
DE,ackley,4,493,3.9968028886505635e-15,14850,30,0.5,0.2,best
DE,ackley,4,494,3.9968028886505635e-15,14880,30,0.5,0.2,best
DE,ackley,4,495,3.9968028886505635e-15,14910,30,0.5,0.2,best
DE,ackley,4,496,3.9968028886505635e-15,14940,30,0.5,0.2,best
DE,ackley,4,497,3.9968028886505635e-15,14970,30,0.5,0.2,best
DE,ackley,4,498,3.9968028886505635e-15,15000,30,0.5,0.2,best
DE,ackley,4,499,3.9968028886505635e-15,15030,30,0.5,0.2,best
DE,ackley,4,500,3.9968028886505635e-15,15060,30,0.5,0.2,best
DE,ackley,4,501,3.9968028886505635e-15,15090,30,0.5,0.2,best
DE,ackley,4,502,3.9968028886505635e-15,15120,30,0.5,0.2,best
DE,ackley,4,503,3.9968028886505635e-15,15150,30,0.5,0.2,best
DE,ackley,4,504,3.9968028886505635e-15,15180,30,0.5,0.2,best
DE,ackley,4,505,3.9968028886505635e-15,15210,30,0.5,0.2,best
DE,ackley,4,506,3.9968028886505635e-15,15240,30,0.5,0.2,best
DE,ackley,4,507,3.9968028886505635e-15,15270,30,0.5,0.2,best
DE,ackley,4,508,3.9968028886505635e-15,15300,30,0.5,0.2,best
DE,ackley,4,509,3.9968028886505635e-15,15330,30,0.5,0.2,best
DE,ackley,4,510,3.9968028886505635e-15,15360,30,0.5,0.2,best
DE,ackley,4,511,3.9968028886505635e-15,15390,30,0.5,0.2,best
DE,ackley,4,512,3.9968028886505635e-15,15420,30,0.5,0.2,best
DE,ackley,4,513,3.9968028886505635e-15,15450,30,0.5,0.2,best
DE,ackley,4,514,3.9968028886505635e-15,15480,30,0.5,0.2,best
DE,ackley,4,515,3.9968028886505635e-15,15510,30,0.5,0.2,best
DE,ackley,4,516,3.9968028886505635e-15,15540,30,0.5,0.2,best
DE,ackley,4,517,3.9968028886505635e-15,15570,30,0.5,0.2,best
DE,ackley,4,518,3.9968028886505635e-15,15600,30,0.5,0.2,best
DE,ackley,4,519,3.9968028886505635e-15,15630,30,0.5,0.2,best
DE,ackley,4,520,3.9968028886505635e-15,15660,30,0.5,0.2,best
DE,ackley,4,521,3.9968028886505635e-15,15690,30,0.5,0.2,best
DE,ackley,4,522,3.9968028886505635e-15,15720,30,0.5,0.2,best
DE,ackley,4,523,3.9968028886505635e-15,15750,30,0.5,0.2,best
DE,ackley,4,524,3.9968028886505635e-15,15780,30,0.5,0.2,best
DE,ackley,4,525,3.9968028886505635e-15,15810,30,0.5,0.2,best
DE,ackley,4,526,3.9968028886505635e-15,15840,30,0.5,0.2,best
DE,ackley,4,527,3.9968028886505635e-15,15870,30,0.5,0.2,best
DE,ackley,4,528,3.9968028886505635e-15,15900,30,0.5,0.2,best
DE,ackley,4,529,3.9968028886505635e-15,15930,30,0.5,0.2,best
DE,ackley,4,530,3.9968028886505635e-15,15960,30,0.5,0.2,best
DE,ackley,4,531,3.9968028886505635e-15,15990,30,0.5,0.2,best
DE,ackley,4,532,3.9968028886505635e-15,16020,30,0.5,0.2,best
DE,ackley,4,533,3.9968028886505635e-15,16050,30,0.5,0.2,best
DE,ackley,4,534,3.9968028886505635e-15,16080,30,0.5,0.2,best
DE,ackley,4,535,3.9968028886505635e-15,16110,30,0.5,0.2,best
DE,ackley,4,536,3.9968028886505635e-15,16140,30,0.5,0.2,best
DE,ackley,4,537,3.9968028886505635e-15,16170,30,0.5,0.2,best
DE,ackley,4,538,3.9968028886505635e-15,16200,30,0.5,0.2,best
DE,ackley,4,539,3.9968028886505635e-15,16230,30,0.5,0.2,best
DE,ackley,4,540,3.9968028886505635e-15,16260,30,0.5,0.2,best
DE,ackley,4,541,3.9968028886505635e-15,16290,30,0.5,0.2,best
DE,ackley,4,542,3.9968028886505635e-15,16320,30,0.5,0.2,best
DE,ackley,4,543,3.9968028886505635e-15,16350,30,0.5,0.2,best
DE,ackley,4,544,3.9968028886505635e-15,16380,30,0.5,0.2,best
DE,ackley,4,545,3.9968028886505635e-15,16410,30,0.5,0.2,best
DE,ackley,4,546,3.9968028886505635e-15,16440,30,0.5,0.2,best
DE,ackley,4,547,3.9968028886505635e-15,16470,30,0.5,0.2,best
DE,ackley,4,548,3.9968028886505635e-15,16500,30,0.5,0.2,best
DE,ackley,4,549,3.9968028886505635e-15,16530,30,0.5,0.2,best
DE,ackley,4,550,3.9968028886505635e-15,16560,30,0.5,0.2,best
DE,ackley,4,551,3.9968028886505635e-15,16590,30,0.5,0.2,best
DE,ackley,4,552,3.9968028886505635e-15,16620,30,0.5,0.2,best
DE,ackley,4,553,3.9968028886505635e-15,16650,30,0.5,0.2,best
DE,ackley,4,554,3.9968028886505635e-15,16680,30,0.5,0.2,best
DE,ackley,4,555,3.9968028886505635e-15,16710,30,0.5,0.2,best
DE,ackley,4,556,3.9968028886505635e-15,16740,30,0.5,0.2,best
DE,ackley,4,557,3.9968028886505635e-15,16770,30,0.5,0.2,best
DE,ackley,4,558,3.9968028886505635e-15,16800,30,0.5,0.2,best
DE,ackley,4,559,3.9968028886505635e-15,16830,30,0.5,0.2,best
DE,ackley,4,560,3.9968028886505635e-15,16860,30,0.5,0.2,best
DE,ackley,4,561,3.9968028886505635e-15,16890,30,0.5,0.2,best
DE,ackley,4,562,3.9968028886505635e-15,16920,30,0.5,0.2,best
DE,ackley,4,563,3.9968028886505635e-15,16950,30,0.5,0.2,best
DE,ackley,4,564,3.9968028886505635e-15,16980,30,0.5,0.2,best
DE,ackley,4,565,3.9968028886505635e-15,17010,30,0.5,0.2,best
DE,ackley,4,566,3.9968028886505635e-15,17040,30,0.5,0.2,best
DE,ackley,4,567,3.9968028886505635e-15,17070,30,0.5,0.2,best
DE,ackley,4,568,3.9968028886505635e-15,17100,30,0.5,0.2,best
DE,ackley,4,569,3.9968028886505635e-15,17130,30,0.5,0.2,best
DE,ackley,4,570,3.9968028886505635e-15,17160,30,0.5,0.2,best
DE,ackley,4,571,3.9968028886505635e-15,17190,30,0.5,0.2,best
DE,ackley,4,572,3.9968028886505635e-15,17220,30,0.5,0.2,best
DE,ackley,4,573,3.9968028886505635e-15,17250,30,0.5,0.2,best
DE,ackley,4,574,3.9968028886505635e-15,17280,30,0.5,0.2,best
DE,ackley,4,575,3.9968028886505635e-15,17310,30,0.5,0.2,best
DE,ackley,4,576,3.9968028886505635e-15,17340,30,0.5,0.2,best
DE,ackley,4,577,3.9968028886505635e-15,17370,30,0.5,0.2,best
DE,ackley,4,578,3.9968028886505635e-15,17400,30,0.5,0.2,best
DE,ackley,4,579,3.9968028886505635e-15,17430,30,0.5,0.2,best
DE,ackley,4,580,3.9968028886505635e-15,17460,30,0.5,0.2,best
DE,ackley,4,581,3.9968028886505635e-15,17490,30,0.5,0.2,best
DE,ackley,4,582,3.9968028886505635e-15,17520,30,0.5,0.2,best
DE,ackley,4,583,3.9968028886505635e-15,17550,30,0.5,0.2,best
DE,ackley,4,584,3.9968028886505635e-15,17580,30,0.5,0.2,best
DE,ackley,4,585,3.9968028886505635e-15,17610,30,0.5,0.2,best
DE,ackley,4,586,3.9968028886505635e-15,17640,30,0.5,0.2,best
DE,ackley,4,587,3.9968028886505635e-15,17670,30,0.5,0.2,best
DE,ackley,4,588,3.9968028886505635e-15,17700,30,0.5,0.2,best
DE,ackley,4,589,3.9968028886505635e-15,17730,30,0.5,0.2,best
DE,ackley,4,590,3.9968028886505635e-15,17760,30,0.5,0.2,best
DE,ackley,4,591,3.9968028886505635e-15,17790,30,0.5,0.2,best
DE,ackley,4,592,3.9968028886505635e-15,17820,30,0.5,0.2,best
DE,ackley,4,593,3.9968028886505635e-15,17850,30,0.5,0.2,best
DE,ackley,4,594,3.9968028886505635e-15,17880,30,0.5,0.2,best
DE,ackley,4,595,3.9968028886505635e-15,17910,30,0.5,0.2,best
DE,ackley,4,596,3.9968028886505635e-15,17940,30,0.5,0.2,best
DE,ackley,4,597,3.9968028886505635e-15,17970,30,0.5,0.2,best
DE,ackley,4,598,3.9968028886505635e-15,18000,30,0.5,0.2,best
DE,ackley,4,599,3.9968028886505635e-15,18030,30,0.5,0.2,best
DE,ackley,4,600,3.9968028886505635e-15,18060,30,0.5,0.2,best
DE,ackley,4,601,3.9968028886505635e-15,18090,30,0.5,0.2,best
DE,ackley,4,602,3.9968028886505635e-15,18120,30,0.5,0.2,best
DE,ackley,4,603,3.9968028886505635e-15,18150,30,0.5,0.2,best
DE,ackley,4,604,3.9968028886505635e-15,18180,30,0.5,0.2,best
DE,ackley,4,605,3.9968028886505635e-15,18210,30,0.5,0.2,best
DE,ackley,4,606,3.9968028886505635e-15,18240,30,0.5,0.2,best
DE,ackley,4,607,3.9968028886505635e-15,18270,30,0.5,0.2,best
DE,ackley,4,608,3.9968028886505635e-15,18300,30,0.5,0.2,best
DE,ackley,4,609,3.9968028886505635e-15,18330,30,0.5,0.2,best
DE,ackley,4,610,3.9968028886505635e-15,18360,30,0.5,0.2,best
DE,ackley,4,611,3.9968028886505635e-15,18390,30,0.5,0.2,best
DE,ackley,4,612,3.9968028886505635e-15,18420,30,0.5,0.2,best
DE,ackley,4,613,3.9968028886505635e-15,18450,30,0.5,0.2,best
DE,ackley,4,614,3.9968028886505635e-15,18480,30,0.5,0.2,best
DE,ackley,4,615,3.9968028886505635e-15,18510,30,0.5,0.2,best
DE,ackley,4,616,3.9968028886505635e-15,18540,30,0.5,0.2,best
DE,ackley,4,617,3.9968028886505635e-15,18570,30,0.5,0.2,best
DE,ackley,4,618,3.9968028886505635e-15,18600,30,0.5,0.2,best
DE,ackley,4,619,3.9968028886505635e-15,18630,30,0.5,0.2,best
DE,ackley,4,620,3.9968028886505635e-15,18660,30,0.5,0.2,best
DE,ackley,4,621,3.9968028886505635e-15,18690,30,0.5,0.2,best
DE,ackley,4,622,3.9968028886505635e-15,18720,30,0.5,0.2,best
DE,ackley,4,623,3.9968028886505635e-15,18750,30,0.5,0.2,best
DE,ackley,4,624,3.9968028886505635e-15,18780,30,0.5,0.2,best
DE,ackley,4,625,3.9968028886505635e-15,18810,30,0.5,0.2,best
DE,ackley,4,626,3.9968028886505635e-15,18840,30,0.5,0.2,best
DE,ackley,4,627,3.9968028886505635e-15,18870,30,0.5,0.2,best
DE,ackley,4,628,3.9968028886505635e-15,18900,30,0.5,0.2,best
DE,ackley,4,629,3.9968028886505635e-15,18930,30,0.5,0.2,best
DE,ackley,4,630,3.9968028886505635e-15,18960,30,0.5,0.2,best
DE,ackley,4,631,3.9968028886505635e-15,18990,30,0.5,0.2,best
DE,ackley,4,632,3.9968028886505635e-15,19020,30,0.5,0.2,best
DE,ackley,4,633,3.9968028886505635e-15,19050,30,0.5,0.2,best
DE,ackley,4,634,3.9968028886505635e-15,19080,30,0.5,0.2,best
DE,ackley,4,635,3.9968028886505635e-15,19110,30,0.5,0.2,best
DE,ackley,4,636,3.9968028886505635e-15,19140,30,0.5,0.2,best
DE,ackley,4,637,3.9968028886505635e-15,19170,30,0.5,0.2,best
DE,ackley,4,638,3.9968028886505635e-15,19200,30,0.5,0.2,best
DE,ackley,4,639,3.9968028886505635e-15,19230,30,0.5,0.2,best
DE,ackley,4,640,3.9968028886505635e-15,19260,30,0.5,0.2,best
DE,ackley,4,641,3.9968028886505635e-15,19290,30,0.5,0.2,best
DE,ackley,4,642,3.9968028886505635e-15,19320,30,0.5,0.2,best
DE,ackley,4,643,3.9968028886505635e-15,19350,30,0.5,0.2,best
DE,ackley,4,644,3.9968028886505635e-15,19380,30,0.5,0.2,best
DE,ackley,4,645,3.9968028886505635e-15,19410,30,0.5,0.2,best
DE,ackley,4,646,3.9968028886505635e-15,19440,30,0.5,0.2,best
DE,ackley,4,647,3.9968028886505635e-15,19470,30,0.5,0.2,best
DE,ackley,4,648,3.9968028886505635e-15,19500,30,0.5,0.2,best
DE,ackley,4,649,3.9968028886505635e-15,19530,30,0.5,0.2,best
DE,ackley,4,650,3.9968028886505635e-15,19560,30,0.5,0.2,best
DE,ackley,4,651,3.9968028886505635e-15,19590,30,0.5,0.2,best
DE,ackley,4,652,3.9968028886505635e-15,19620,30,0.5,0.2,best
DE,ackley,4,653,3.9968028886505635e-15,19650,30,0.5,0.2,best
DE,ackley,4,654,3.9968028886505635e-15,19680,30,0.5,0.2,best
DE,ackley,4,655,3.9968028886505635e-15,19710,30,0.5,0.2,best
DE,ackley,4,656,3.9968028886505635e-15,19740,30,0.5,0.2,best
DE,ackley,4,657,3.9968028886505635e-15,19770,30,0.5,0.2,best
DE,ackley,4,658,3.9968028886505635e-15,19800,30,0.5,0.2,best
DE,ackley,4,659,3.9968028886505635e-15,19830,30,0.5,0.2,best
DE,ackley,4,660,3.9968028886505635e-15,19860,30,0.5,0.2,best
DE,ackley,4,661,3.9968028886505635e-15,19890,30,0.5,0.2,best
DE,ackley,4,662,3.9968028886505635e-15,19920,30,0.5,0.2,best
DE,ackley,4,663,3.9968028886505635e-15,19950,30,0.5,0.2,best
DE,ackley,4,664,3.9968028886505635e-15,19980,30,0.5,0.2,best
DE,ackley,4,665,3.9968028886505635e-15,20010,30,0.5,0.2,best
DE,ackley,4,666,3.9968028886505635e-15,20040,30,0.5,0.2,best
DE,ackley,4,667,3.9968028886505635e-15,20070,30,0.5,0.2,best
DE,ackley,4,668,3.9968028886505635e-15,20100,30,0.5,0.2,best
DE,ackley,4,669,3.9968028886505635e-15,20130,30,0.5,0.2,best
DE,ackley,4,670,3.9968028886505635e-15,20160,30,0.5,0.2,best
DE,ackley,4,671,3.9968028886505635e-15,20190,30,0.5,0.2,best
DE,ackley,4,672,3.9968028886505635e-15,20220,30,0.5,0.2,best
DE,ackley,4,673,3.9968028886505635e-15,20250,30,0.5,0.2,best
DE,ackley,4,674,3.9968028886505635e-15,20280,30,0.5,0.2,best
DE,ackley,4,675,3.9968028886505635e-15,20310,30,0.5,0.2,best
DE,ackley,4,676,3.9968028886505635e-15,20340,30,0.5,0.2,best
DE,ackley,4,677,3.9968028886505635e-15,20370,30,0.5,0.2,best
DE,ackley,4,678,3.9968028886505635e-15,20400,30,0.5,0.2,best
DE,ackley,4,679,3.9968028886505635e-15,20430,30,0.5,0.2,best
DE,ackley,4,680,3.9968028886505635e-15,20460,30,0.5,0.2,best
DE,ackley,4,681,3.9968028886505635e-15,20490,30,0.5,0.2,best
DE,ackley,4,682,3.9968028886505635e-15,20520,30,0.5,0.2,best
DE,ackley,4,683,3.9968028886505635e-15,20550,30,0.5,0.2,best
DE,ackley,4,684,3.9968028886505635e-15,20580,30,0.5,0.2,best
DE,ackley,4,685,3.9968028886505635e-15,20610,30,0.5,0.2,best
DE,ackley,4,686,3.9968028886505635e-15,20640,30,0.5,0.2,best
DE,ackley,4,687,3.9968028886505635e-15,20670,30,0.5,0.2,best
DE,ackley,4,688,3.9968028886505635e-15,20700,30,0.5,0.2,best
DE,ackley,4,689,3.9968028886505635e-15,20730,30,0.5,0.2,best
DE,ackley,4,690,3.9968028886505635e-15,20760,30,0.5,0.2,best
DE,ackley,4,691,3.9968028886505635e-15,20790,30,0.5,0.2,best
DE,ackley,4,692,3.9968028886505635e-15,20820,30,0.5,0.2,best
DE,ackley,4,693,3.9968028886505635e-15,20850,30,0.5,0.2,best
DE,ackley,4,694,3.9968028886505635e-15,20880,30,0.5,0.2,best
DE,ackley,4,695,3.9968028886505635e-15,20910,30,0.5,0.2,best
DE,ackley,4,696,3.9968028886505635e-15,20940,30,0.5,0.2,best
DE,ackley,4,697,3.9968028886505635e-15,20970,30,0.5,0.2,best
DE,ackley,4,698,3.9968028886505635e-15,21000,30,0.5,0.2,best
DE,ackley,4,699,3.9968028886505635e-15,21030,30,0.5,0.2,best
DE,ackley,4,700,3.9968028886505635e-15,21060,30,0.5,0.2,best
DE,ackley,4,701,3.9968028886505635e-15,21090,30,0.5,0.2,best
DE,ackley,4,702,3.9968028886505635e-15,21120,30,0.5,0.2,best
DE,ackley,4,703,3.9968028886505635e-15,21150,30,0.5,0.2,best
DE,ackley,4,704,3.9968028886505635e-15,21180,30,0.5,0.2,best
DE,ackley,4,705,3.9968028886505635e-15,21210,30,0.5,0.2,best
DE,ackley,4,706,3.9968028886505635e-15,21240,30,0.5,0.2,best
DE,ackley,4,707,3.9968028886505635e-15,21270,30,0.5,0.2,best
DE,ackley,4,708,3.9968028886505635e-15,21300,30,0.5,0.2,best
DE,ackley,4,709,3.9968028886505635e-15,21330,30,0.5,0.2,best
DE,ackley,4,710,3.9968028886505635e-15,21360,30,0.5,0.2,best
DE,ackley,4,711,3.9968028886505635e-15,21390,30,0.5,0.2,best
DE,ackley,4,712,3.9968028886505635e-15,21420,30,0.5,0.2,best
DE,ackley,4,713,3.9968028886505635e-15,21450,30,0.5,0.2,best
DE,ackley,4,714,3.9968028886505635e-15,21480,30,0.5,0.2,best
DE,ackley,4,715,3.9968028886505635e-15,21510,30,0.5,0.2,best
DE,ackley,4,716,3.9968028886505635e-15,21540,30,0.5,0.2,best
DE,ackley,4,717,3.9968028886505635e-15,21570,30,0.5,0.2,best
DE,ackley,4,718,3.9968028886505635e-15,21600,30,0.5,0.2,best
DE,ackley,4,719,3.9968028886505635e-15,21630,30,0.5,0.2,best
DE,ackley,4,720,3.9968028886505635e-15,21660,30,0.5,0.2,best
DE,ackley,4,721,3.9968028886505635e-15,21690,30,0.5,0.2,best
DE,ackley,4,722,3.9968028886505635e-15,21720,30,0.5,0.2,best
DE,ackley,4,723,3.9968028886505635e-15,21750,30,0.5,0.2,best
DE,ackley,4,724,3.9968028886505635e-15,21780,30,0.5,0.2,best
DE,ackley,4,725,3.9968028886505635e-15,21810,30,0.5,0.2,best
DE,ackley,4,726,3.9968028886505635e-15,21840,30,0.5,0.2,best
DE,ackley,4,727,3.9968028886505635e-15,21870,30,0.5,0.2,best
DE,ackley,4,728,3.9968028886505635e-15,21900,30,0.5,0.2,best
DE,ackley,4,729,3.9968028886505635e-15,21930,30,0.5,0.2,best
DE,ackley,4,730,3.9968028886505635e-15,21960,30,0.5,0.2,best
DE,ackley,4,731,3.9968028886505635e-15,21990,30,0.5,0.2,best
DE,ackley,4,732,3.9968028886505635e-15,22020,30,0.5,0.2,best
DE,ackley,4,733,3.9968028886505635e-15,22050,30,0.5,0.2,best
DE,ackley,4,734,3.9968028886505635e-15,22080,30,0.5,0.2,best
DE,ackley,4,735,3.9968028886505635e-15,22110,30,0.5,0.2,best
DE,ackley,4,736,3.9968028886505635e-15,22140,30,0.5,0.2,best
DE,ackley,4,737,3.9968028886505635e-15,22170,30,0.5,0.2,best
DE,ackley,4,738,3.9968028886505635e-15,22200,30,0.5,0.2,best
DE,ackley,4,739,3.9968028886505635e-15,22230,30,0.5,0.2,best
DE,ackley,4,740,3.9968028886505635e-15,22260,30,0.5,0.2,best
DE,ackley,4,741,3.9968028886505635e-15,22290,30,0.5,0.2,best
DE,ackley,4,742,3.9968028886505635e-15,22320,30,0.5,0.2,best
DE,ackley,4,743,3.9968028886505635e-15,22350,30,0.5,0.2,best
DE,ackley,4,744,3.9968028886505635e-15,22380,30,0.5,0.2,best
DE,ackley,4,745,3.9968028886505635e-15,22410,30,0.5,0.2,best
DE,ackley,4,746,3.9968028886505635e-15,22440,30,0.5,0.2,best
DE,ackley,4,747,3.9968028886505635e-15,22470,30,0.5,0.2,best
DE,ackley,4,748,3.9968028886505635e-15,22500,30,0.5,0.2,best
DE,ackley,4,749,3.9968028886505635e-15,22530,30,0.5,0.2,best
DE,ackley,4,750,3.9968028886505635e-15,22560,30,0.5,0.2,best
DE,ackley,4,751,3.9968028886505635e-15,22590,30,0.5,0.2,best
DE,ackley,4,752,3.9968028886505635e-15,22620,30,0.5,0.2,best
DE,ackley,4,753,3.9968028886505635e-15,22650,30,0.5,0.2,best
DE,ackley,4,754,3.9968028886505635e-15,22680,30,0.5,0.2,best
DE,ackley,4,755,3.9968028886505635e-15,22710,30,0.5,0.2,best
DE,ackley,4,756,3.9968028886505635e-15,22740,30,0.5,0.2,best
DE,ackley,4,757,3.9968028886505635e-15,22770,30,0.5,0.2,best
DE,ackley,4,758,3.9968028886505635e-15,22800,30,0.5,0.2,best
DE,ackley,4,759,3.9968028886505635e-15,22830,30,0.5,0.2,best
DE,ackley,4,760,3.9968028886505635e-15,22860,30,0.5,0.2,best
DE,ackley,4,761,3.9968028886505635e-15,22890,30,0.5,0.2,best
DE,ackley,4,762,3.9968028886505635e-15,22920,30,0.5,0.2,best
DE,ackley,4,763,3.9968028886505635e-15,22950,30,0.5,0.2,best
DE,ackley,4,764,3.9968028886505635e-15,22980,30,0.5,0.2,best
DE,ackley,4,765,3.9968028886505635e-15,23010,30,0.5,0.2,best
DE,ackley,4,766,3.9968028886505635e-15,23040,30,0.5,0.2,best
DE,ackley,4,767,3.9968028886505635e-15,23070,30,0.5,0.2,best
DE,ackley,4,768,3.9968028886505635e-15,23100,30,0.5,0.2,best
DE,ackley,4,769,3.9968028886505635e-15,23130,30,0.5,0.2,best
DE,ackley,4,770,3.9968028886505635e-15,23160,30,0.5,0.2,best
DE,ackley,4,771,3.9968028886505635e-15,23190,30,0.5,0.2,best
DE,ackley,4,772,3.9968028886505635e-15,23220,30,0.5,0.2,best
DE,ackley,4,773,3.9968028886505635e-15,23250,30,0.5,0.2,best
DE,ackley,4,774,3.9968028886505635e-15,23280,30,0.5,0.2,best
DE,ackley,4,775,3.9968028886505635e-15,23310,30,0.5,0.2,best
DE,ackley,4,776,3.9968028886505635e-15,23340,30,0.5,0.2,best
DE,ackley,4,777,3.9968028886505635e-15,23370,30,0.5,0.2,best
DE,ackley,4,778,3.9968028886505635e-15,23400,30,0.5,0.2,best
DE,ackley,4,779,3.9968028886505635e-15,23430,30,0.5,0.2,best
DE,ackley,4,780,3.9968028886505635e-15,23460,30,0.5,0.2,best
DE,ackley,4,781,3.9968028886505635e-15,23490,30,0.5,0.2,best
DE,ackley,4,782,3.9968028886505635e-15,23520,30,0.5,0.2,best
DE,ackley,4,783,3.9968028886505635e-15,23550,30,0.5,0.2,best
DE,ackley,4,784,3.9968028886505635e-15,23580,30,0.5,0.2,best
DE,ackley,4,785,3.9968028886505635e-15,23610,30,0.5,0.2,best
DE,ackley,4,786,3.9968028886505635e-15,23640,30,0.5,0.2,best
DE,ackley,4,787,3.9968028886505635e-15,23670,30,0.5,0.2,best
DE,ackley,4,788,3.9968028886505635e-15,23700,30,0.5,0.2,best
DE,ackley,4,789,3.9968028886505635e-15,23730,30,0.5,0.2,best
DE,ackley,4,790,3.9968028886505635e-15,23760,30,0.5,0.2,best
DE,ackley,4,791,3.9968028886505635e-15,23790,30,0.5,0.2,best
DE,ackley,4,792,3.9968028886505635e-15,23820,30,0.5,0.2,best
DE,ackley,4,793,3.9968028886505635e-15,23850,30,0.5,0.2,best
DE,ackley,4,794,3.9968028886505635e-15,23880,30,0.5,0.2,best
DE,ackley,4,795,3.9968028886505635e-15,23910,30,0.5,0.2,best
DE,ackley,4,796,3.9968028886505635e-15,23940,30,0.5,0.2,best
DE,ackley,4,797,3.9968028886505635e-15,23970,30,0.5,0.2,best
DE,ackley,4,798,3.9968028886505635e-15,24000,30,0.5,0.2,best
DE,ackley,4,799,3.9968028886505635e-15,24030,30,0.5,0.2,best
DE,ackley,4,800,3.9968028886505635e-15,24060,30,0.5,0.2,best
DE,ackley,4,801,3.9968028886505635e-15,24090,30,0.5,0.2,best
DE,ackley,4,802,3.9968028886505635e-15,24120,30,0.5,0.2,best
DE,ackley,4,803,3.9968028886505635e-15,24150,30,0.5,0.2,best
DE,ackley,4,804,3.9968028886505635e-15,24180,30,0.5,0.2,best
DE,ackley,4,805,3.9968028886505635e-15,24210,30,0.5,0.2,best
DE,ackley,4,806,3.9968028886505635e-15,24240,30,0.5,0.2,best
DE,ackley,4,807,3.9968028886505635e-15,24270,30,0.5,0.2,best
DE,ackley,4,808,3.9968028886505635e-15,24300,30,0.5,0.2,best
DE,ackley,4,809,3.9968028886505635e-15,24330,30,0.5,0.2,best
DE,ackley,4,810,3.9968028886505635e-15,24360,30,0.5,0.2,best
DE,ackley,4,811,3.9968028886505635e-15,24390,30,0.5,0.2,best
DE,ackley,4,812,3.9968028886505635e-15,24420,30,0.5,0.2,best
DE,ackley,4,813,3.9968028886505635e-15,24450,30,0.5,0.2,best
DE,ackley,4,814,3.9968028886505635e-15,24480,30,0.5,0.2,best
DE,ackley,4,815,3.9968028886505635e-15,24510,30,0.5,0.2,best
DE,ackley,4,816,3.9968028886505635e-15,24540,30,0.5,0.2,best
DE,ackley,4,817,3.9968028886505635e-15,24570,30,0.5,0.2,best
DE,ackley,4,818,3.9968028886505635e-15,24600,30,0.5,0.2,best
DE,ackley,4,819,3.9968028886505635e-15,24630,30,0.5,0.2,best
DE,ackley,4,820,3.9968028886505635e-15,24660,30,0.5,0.2,best
DE,ackley,4,821,3.9968028886505635e-15,24690,30,0.5,0.2,best
DE,ackley,4,822,3.9968028886505635e-15,24720,30,0.5,0.2,best
DE,ackley,4,823,3.9968028886505635e-15,24750,30,0.5,0.2,best
DE,ackley,4,824,3.9968028886505635e-15,24780,30,0.5,0.2,best
DE,ackley,4,825,3.9968028886505635e-15,24810,30,0.5,0.2,best
DE,ackley,4,826,3.9968028886505635e-15,24840,30,0.5,0.2,best
DE,ackley,4,827,3.9968028886505635e-15,24870,30,0.5,0.2,best
DE,ackley,4,828,3.9968028886505635e-15,24900,30,0.5,0.2,best
DE,ackley,4,829,3.9968028886505635e-15,24930,30,0.5,0.2,best
DE,ackley,4,830,3.9968028886505635e-15,24960,30,0.5,0.2,best
DE,ackley,4,831,3.9968028886505635e-15,24990,30,0.5,0.2,best
DE,ackley,4,832,3.9968028886505635e-15,25020,30,0.5,0.2,best
DE,ackley,4,833,3.9968028886505635e-15,25050,30,0.5,0.2,best
DE,ackley,4,834,3.9968028886505635e-15,25080,30,0.5,0.2,best
DE,ackley,4,835,3.9968028886505635e-15,25110,30,0.5,0.2,best
DE,ackley,4,836,3.9968028886505635e-15,25140,30,0.5,0.2,best
DE,ackley,4,837,3.9968028886505635e-15,25170,30,0.5,0.2,best
DE,ackley,4,838,3.9968028886505635e-15,25200,30,0.5,0.2,best
DE,ackley,4,839,3.9968028886505635e-15,25230,30,0.5,0.2,best
DE,ackley,4,840,3.9968028886505635e-15,25260,30,0.5,0.2,best
DE,ackley,4,841,3.9968028886505635e-15,25290,30,0.5,0.2,best
DE,ackley,4,842,3.9968028886505635e-15,25320,30,0.5,0.2,best
DE,ackley,4,843,3.9968028886505635e-15,25350,30,0.5,0.2,best
DE,ackley,4,844,3.9968028886505635e-15,25380,30,0.5,0.2,best
DE,ackley,4,845,3.9968028886505635e-15,25410,30,0.5,0.2,best
DE,ackley,4,846,3.9968028886505635e-15,25440,30,0.5,0.2,best
DE,ackley,4,847,3.9968028886505635e-15,25470,30,0.5,0.2,best
DE,ackley,4,848,3.9968028886505635e-15,25500,30,0.5,0.2,best
DE,ackley,4,849,3.9968028886505635e-15,25530,30,0.5,0.2,best
DE,ackley,4,850,3.9968028886505635e-15,25560,30,0.5,0.2,best
DE,ackley,4,851,3.9968028886505635e-15,25590,30,0.5,0.2,best
DE,ackley,4,852,3.9968028886505635e-15,25620,30,0.5,0.2,best
DE,ackley,4,853,3.9968028886505635e-15,25650,30,0.5,0.2,best
DE,ackley,4,854,3.9968028886505635e-15,25680,30,0.5,0.2,best
DE,ackley,4,855,3.9968028886505635e-15,25710,30,0.5,0.2,best
DE,ackley,4,856,3.9968028886505635e-15,25740,30,0.5,0.2,best
DE,ackley,4,857,3.9968028886505635e-15,25770,30,0.5,0.2,best
DE,ackley,4,858,3.9968028886505635e-15,25800,30,0.5,0.2,best
DE,ackley,4,859,3.9968028886505635e-15,25830,30,0.5,0.2,best
DE,ackley,4,860,3.9968028886505635e-15,25860,30,0.5,0.2,best
DE,ackley,4,861,3.9968028886505635e-15,25890,30,0.5,0.2,best
DE,ackley,4,862,3.9968028886505635e-15,25920,30,0.5,0.2,best
DE,ackley,4,863,3.9968028886505635e-15,25950,30,0.5,0.2,best
DE,ackley,4,864,3.9968028886505635e-15,25980,30,0.5,0.2,best
DE,ackley,4,865,3.9968028886505635e-15,26010,30,0.5,0.2,best
DE,ackley,4,866,3.9968028886505635e-15,26040,30,0.5,0.2,best
DE,ackley,4,867,3.9968028886505635e-15,26070,30,0.5,0.2,best
DE,ackley,4,868,3.9968028886505635e-15,26100,30,0.5,0.2,best
DE,ackley,4,869,3.9968028886505635e-15,26130,30,0.5,0.2,best
DE,ackley,4,870,3.9968028886505635e-15,26160,30,0.5,0.2,best
DE,ackley,4,871,3.9968028886505635e-15,26190,30,0.5,0.2,best
DE,ackley,4,872,3.9968028886505635e-15,26220,30,0.5,0.2,best
DE,ackley,4,873,3.9968028886505635e-15,26250,30,0.5,0.2,best
DE,ackley,4,874,3.9968028886505635e-15,26280,30,0.5,0.2,best
DE,ackley,4,875,3.9968028886505635e-15,26310,30,0.5,0.2,best
DE,ackley,4,876,3.9968028886505635e-15,26340,30,0.5,0.2,best
DE,ackley,4,877,3.9968028886505635e-15,26370,30,0.5,0.2,best
DE,ackley,4,878,3.9968028886505635e-15,26400,30,0.5,0.2,best
DE,ackley,4,879,3.9968028886505635e-15,26430,30,0.5,0.2,best
DE,ackley,4,880,3.9968028886505635e-15,26460,30,0.5,0.2,best
DE,ackley,4,881,3.9968028886505635e-15,26490,30,0.5,0.2,best
DE,ackley,4,882,3.9968028886505635e-15,26520,30,0.5,0.2,best
DE,ackley,4,883,3.9968028886505635e-15,26550,30,0.5,0.2,best
DE,ackley,4,884,3.9968028886505635e-15,26580,30,0.5,0.2,best
DE,ackley,4,885,3.9968028886505635e-15,26610,30,0.5,0.2,best
DE,ackley,4,886,3.9968028886505635e-15,26640,30,0.5,0.2,best
DE,ackley,4,887,3.9968028886505635e-15,26670,30,0.5,0.2,best
DE,ackley,4,888,3.9968028886505635e-15,26700,30,0.5,0.2,best
DE,ackley,4,889,3.9968028886505635e-15,26730,30,0.5,0.2,best
DE,ackley,4,890,3.9968028886505635e-15,26760,30,0.5,0.2,best
DE,ackley,4,891,3.9968028886505635e-15,26790,30,0.5,0.2,best
DE,ackley,4,892,3.9968028886505635e-15,26820,30,0.5,0.2,best
DE,ackley,4,893,3.9968028886505635e-15,26850,30,0.5,0.2,best
DE,ackley,4,894,3.9968028886505635e-15,26880,30,0.5,0.2,best
DE,ackley,4,895,3.9968028886505635e-15,26910,30,0.5,0.2,best
DE,ackley,4,896,3.9968028886505635e-15,26940,30,0.5,0.2,best
DE,ackley,4,897,3.9968028886505635e-15,26970,30,0.5,0.2,best
DE,ackley,4,898,3.9968028886505635e-15,27000,30,0.5,0.2,best
DE,ackley,4,899,3.9968028886505635e-15,27030,30,0.5,0.2,best
DE,ackley,4,900,3.9968028886505635e-15,27060,30,0.5,0.2,best
DE,ackley,4,901,3.9968028886505635e-15,27090,30,0.5,0.2,best
DE,ackley,4,902,3.9968028886505635e-15,27120,30,0.5,0.2,best
DE,ackley,4,903,3.9968028886505635e-15,27150,30,0.5,0.2,best
DE,ackley,4,904,3.9968028886505635e-15,27180,30,0.5,0.2,best
DE,ackley,4,905,3.9968028886505635e-15,27210,30,0.5,0.2,best
DE,ackley,4,906,3.9968028886505635e-15,27240,30,0.5,0.2,best
DE,ackley,4,907,3.9968028886505635e-15,27270,30,0.5,0.2,best
DE,ackley,4,908,3.9968028886505635e-15,27300,30,0.5,0.2,best
DE,ackley,4,909,3.9968028886505635e-15,27330,30,0.5,0.2,best
DE,ackley,4,910,3.9968028886505635e-15,27360,30,0.5,0.2,best
DE,ackley,4,911,3.9968028886505635e-15,27390,30,0.5,0.2,best
DE,ackley,4,912,3.9968028886505635e-15,27420,30,0.5,0.2,best
DE,ackley,4,913,3.9968028886505635e-15,27450,30,0.5,0.2,best
DE,ackley,4,914,3.9968028886505635e-15,27480,30,0.5,0.2,best
DE,ackley,4,915,3.9968028886505635e-15,27510,30,0.5,0.2,best
DE,ackley,4,916,3.9968028886505635e-15,27540,30,0.5,0.2,best
DE,ackley,4,917,3.9968028886505635e-15,27570,30,0.5,0.2,best
DE,ackley,4,918,3.9968028886505635e-15,27600,30,0.5,0.2,best
DE,ackley,4,919,3.9968028886505635e-15,27630,30,0.5,0.2,best
DE,ackley,4,920,3.9968028886505635e-15,27660,30,0.5,0.2,best
DE,ackley,4,921,3.9968028886505635e-15,27690,30,0.5,0.2,best
DE,ackley,4,922,3.9968028886505635e-15,27720,30,0.5,0.2,best
DE,ackley,4,923,3.9968028886505635e-15,27750,30,0.5,0.2,best
DE,ackley,4,924,3.9968028886505635e-15,27780,30,0.5,0.2,best
DE,ackley,4,925,3.9968028886505635e-15,27810,30,0.5,0.2,best
DE,ackley,4,926,3.9968028886505635e-15,27840,30,0.5,0.2,best
DE,ackley,4,927,3.9968028886505635e-15,27870,30,0.5,0.2,best
DE,ackley,4,928,3.9968028886505635e-15,27900,30,0.5,0.2,best
DE,ackley,4,929,3.9968028886505635e-15,27930,30,0.5,0.2,best
DE,ackley,4,930,3.9968028886505635e-15,27960,30,0.5,0.2,best
DE,ackley,4,931,3.9968028886505635e-15,27990,30,0.5,0.2,best
DE,ackley,4,932,3.9968028886505635e-15,28020,30,0.5,0.2,best
DE,ackley,4,933,3.9968028886505635e-15,28050,30,0.5,0.2,best
DE,ackley,4,934,3.9968028886505635e-15,28080,30,0.5,0.2,best
DE,ackley,4,935,3.9968028886505635e-15,28110,30,0.5,0.2,best
DE,ackley,4,936,3.9968028886505635e-15,28140,30,0.5,0.2,best
DE,ackley,4,937,3.9968028886505635e-15,28170,30,0.5,0.2,best
DE,ackley,4,938,3.9968028886505635e-15,28200,30,0.5,0.2,best
DE,ackley,4,939,3.9968028886505635e-15,28230,30,0.5,0.2,best
DE,ackley,4,940,3.9968028886505635e-15,28260,30,0.5,0.2,best
DE,ackley,4,941,3.9968028886505635e-15,28290,30,0.5,0.2,best
DE,ackley,4,942,3.9968028886505635e-15,28320,30,0.5,0.2,best
DE,ackley,4,943,3.9968028886505635e-15,28350,30,0.5,0.2,best
DE,ackley,4,944,3.9968028886505635e-15,28380,30,0.5,0.2,best
DE,ackley,4,945,3.9968028886505635e-15,28410,30,0.5,0.2,best
DE,ackley,4,946,3.9968028886505635e-15,28440,30,0.5,0.2,best
DE,ackley,4,947,3.9968028886505635e-15,28470,30,0.5,0.2,best
DE,ackley,4,948,3.9968028886505635e-15,28500,30,0.5,0.2,best
DE,ackley,4,949,3.9968028886505635e-15,28530,30,0.5,0.2,best
DE,ackley,4,950,3.9968028886505635e-15,28560,30,0.5,0.2,best
DE,ackley,4,951,3.9968028886505635e-15,28590,30,0.5,0.2,best
DE,ackley,4,952,3.9968028886505635e-15,28620,30,0.5,0.2,best
DE,ackley,4,953,3.9968028886505635e-15,28650,30,0.5,0.2,best
DE,ackley,4,954,3.9968028886505635e-15,28680,30,0.5,0.2,best
DE,ackley,4,955,3.9968028886505635e-15,28710,30,0.5,0.2,best
DE,ackley,4,956,3.9968028886505635e-15,28740,30,0.5,0.2,best
DE,ackley,4,957,3.9968028886505635e-15,28770,30,0.5,0.2,best
DE,ackley,4,958,3.9968028886505635e-15,28800,30,0.5,0.2,best
DE,ackley,4,959,3.9968028886505635e-15,28830,30,0.5,0.2,best
DE,ackley,4,960,3.9968028886505635e-15,28860,30,0.5,0.2,best
DE,ackley,4,961,3.9968028886505635e-15,28890,30,0.5,0.2,best
DE,ackley,4,962,3.9968028886505635e-15,28920,30,0.5,0.2,best
DE,ackley,4,963,3.9968028886505635e-15,28950,30,0.5,0.2,best
DE,ackley,4,964,3.9968028886505635e-15,28980,30,0.5,0.2,best
DE,ackley,4,965,3.9968028886505635e-15,29010,30,0.5,0.2,best
DE,ackley,4,966,3.9968028886505635e-15,29040,30,0.5,0.2,best
DE,ackley,4,967,3.9968028886505635e-15,29070,30,0.5,0.2,best
DE,ackley,4,968,3.9968028886505635e-15,29100,30,0.5,0.2,best
DE,ackley,4,969,3.9968028886505635e-15,29130,30,0.5,0.2,best
DE,ackley,4,970,3.9968028886505635e-15,29160,30,0.5,0.2,best
DE,ackley,4,971,3.9968028886505635e-15,29190,30,0.5,0.2,best
DE,ackley,4,972,3.9968028886505635e-15,29220,30,0.5,0.2,best
DE,ackley,4,973,3.9968028886505635e-15,29250,30,0.5,0.2,best
DE,ackley,4,974,3.9968028886505635e-15,29280,30,0.5,0.2,best
DE,ackley,4,975,3.9968028886505635e-15,29310,30,0.5,0.2,best
DE,ackley,4,976,3.9968028886505635e-15,29340,30,0.5,0.2,best
DE,ackley,4,977,3.9968028886505635e-15,29370,30,0.5,0.2,best
DE,ackley,4,978,3.9968028886505635e-15,29400,30,0.5,0.2,best
DE,ackley,4,979,3.9968028886505635e-15,29430,30,0.5,0.2,best
DE,ackley,4,980,3.9968028886505635e-15,29460,30,0.5,0.2,best
DE,ackley,4,981,3.9968028886505635e-15,29490,30,0.5,0.2,best
DE,ackley,4,982,3.9968028886505635e-15,29520,30,0.5,0.2,best
DE,ackley,4,983,3.9968028886505635e-15,29550,30,0.5,0.2,best
DE,ackley,4,984,3.9968028886505635e-15,29580,30,0.5,0.2,best
DE,ackley,4,985,3.9968028886505635e-15,29610,30,0.5,0.2,best
DE,ackley,4,986,3.9968028886505635e-15,29640,30,0.5,0.2,best
DE,ackley,4,987,3.9968028886505635e-15,29670,30,0.5,0.2,best
DE,ackley,4,988,3.9968028886505635e-15,29700,30,0.5,0.2,best
DE,ackley,4,989,3.9968028886505635e-15,29730,30,0.5,0.2,best
DE,ackley,4,990,3.9968028886505635e-15,29760,30,0.5,0.2,best
DE,ackley,4,991,3.9968028886505635e-15,29790,30,0.5,0.2,best
DE,ackley,4,992,3.9968028886505635e-15,29820,30,0.5,0.2,best
DE,ackley,4,993,3.9968028886505635e-15,29850,30,0.5,0.2,best
DE,ackley,4,994,3.9968028886505635e-15,29880,30,0.5,0.2,best
DE,ackley,4,995,3.9968028886505635e-15,29910,30,0.5,0.2,best
DE,ackley,4,996,3.9968028886505635e-15,29940,30,0.5,0.2,best
DE,ackley,4,997,3.9968028886505635e-15,29970,30,0.5,0.2,best
DE,ackley,4,998,3.9968028886505635e-15,30000,30,0.5,0.2,best
DE,ackley,4,999,3.9968028886505635e-15,30030,30,0.5,0.2,best
DE,ackley,4,1000,3.9968028886505635e-15,30060,30,0.5,0.2,best
DE,ackley,4,1001,3.9968028886505635e-15,30090,30,0.5,0.2,best
DE,ackley,4,1002,3.9968028886505635e-15,30120,30,0.5,0.2,best
DE,ackley,4,1003,3.9968028886505635e-15,30150,30,0.5,0.2,best
DE,ackley,4,1004,3.9968028886505635e-15,30180,30,0.5,0.2,best
DE,ackley,4,1005,3.9968028886505635e-15,30210,30,0.5,0.2,best
DE,ackley,4,1006,3.9968028886505635e-15,30240,30,0.5,0.2,best
DE,ackley,4,1007,3.9968028886505635e-15,30270,30,0.5,0.2,best
DE,ackley,4,1008,3.9968028886505635e-15,30300,30,0.5,0.2,best
DE,ackley,4,1009,3.9968028886505635e-15,30330,30,0.5,0.2,best
DE,ackley,4,1010,3.9968028886505635e-15,30360,30,0.5,0.2,best
DE,ackley,4,1011,3.9968028886505635e-15,30390,30,0.5,0.2,best
DE,ackley,4,1012,3.9968028886505635e-15,30420,30,0.5,0.2,best
DE,ackley,4,1013,3.9968028886505635e-15,30450,30,0.5,0.2,best
DE,ackley,4,1014,3.9968028886505635e-15,30480,30,0.5,0.2,best
DE,ackley,4,1015,3.9968028886505635e-15,30510,30,0.5,0.2,best
DE,ackley,4,1016,3.9968028886505635e-15,30540,30,0.5,0.2,best
DE,ackley,4,1017,3.9968028886505635e-15,30570,30,0.5,0.2,best
DE,ackley,4,1018,3.9968028886505635e-15,30600,30,0.5,0.2,best
DE,ackley,4,1019,3.9968028886505635e-15,30630,30,0.5,0.2,best
DE,ackley,4,1020,3.9968028886505635e-15,30660,30,0.5,0.2,best
DE,ackley,4,1021,3.9968028886505635e-15,30690,30,0.5,0.2,best
DE,ackley,4,1022,3.9968028886505635e-15,30720,30,0.5,0.2,best
DE,ackley,4,1023,3.9968028886505635e-15,30750,30,0.5,0.2,best
DE,ackley,4,1024,3.9968028886505635e-15,30780,30,0.5,0.2,best
DE,ackley,4,1025,3.9968028886505635e-15,30810,30,0.5,0.2,best
DE,ackley,4,1026,3.9968028886505635e-15,30840,30,0.5,0.2,best
DE,ackley,4,1027,3.9968028886505635e-15,30870,30,0.5,0.2,best
DE,ackley,4,1028,3.9968028886505635e-15,30900,30,0.5,0.2,best
DE,ackley,4,1029,3.9968028886505635e-15,30930,30,0.5,0.2,best
DE,ackley,4,1030,3.9968028886505635e-15,30960,30,0.5,0.2,best
DE,ackley,4,1031,3.9968028886505635e-15,30990,30,0.5,0.2,best
DE,ackley,4,1032,3.9968028886505635e-15,31020,30,0.5,0.2,best
DE,ackley,4,1033,3.9968028886505635e-15,31050,30,0.5,0.2,best
DE,ackley,4,1034,3.9968028886505635e-15,31080,30,0.5,0.2,best
DE,ackley,4,1035,3.9968028886505635e-15,31110,30,0.5,0.2,best
DE,ackley,4,1036,3.9968028886505635e-15,31140,30,0.5,0.2,best
DE,ackley,4,1037,3.9968028886505635e-15,31170,30,0.5,0.2,best
DE,ackley,4,1038,3.9968028886505635e-15,31200,30,0.5,0.2,best
DE,ackley,4,1039,3.9968028886505635e-15,31230,30,0.5,0.2,best
DE,ackley,4,1040,3.9968028886505635e-15,31260,30,0.5,0.2,best
DE,ackley,4,1041,3.9968028886505635e-15,31290,30,0.5,0.2,best
DE,ackley,4,1042,3.9968028886505635e-15,31320,30,0.5,0.2,best
DE,ackley,4,1043,3.9968028886505635e-15,31350,30,0.5,0.2,best
DE,ackley,4,1044,3.9968028886505635e-15,31380,30,0.5,0.2,best
DE,ackley,4,1045,3.9968028886505635e-15,31410,30,0.5,0.2,best
DE,ackley,4,1046,3.9968028886505635e-15,31440,30,0.5,0.2,best
DE,ackley,4,1047,3.9968028886505635e-15,31470,30,0.5,0.2,best
DE,ackley,4,1048,3.9968028886505635e-15,31500,30,0.5,0.2,best
DE,ackley,4,1049,3.9968028886505635e-15,31530,30,0.5,0.2,best
DE,ackley,4,1050,3.9968028886505635e-15,31560,30,0.5,0.2,best
DE,ackley,4,1051,3.9968028886505635e-15,31590,30,0.5,0.2,best
DE,ackley,4,1052,3.9968028886505635e-15,31620,30,0.5,0.2,best
DE,ackley,4,1053,3.9968028886505635e-15,31650,30,0.5,0.2,best
DE,ackley,4,1054,3.9968028886505635e-15,31680,30,0.5,0.2,best
DE,ackley,4,1055,3.9968028886505635e-15,31710,30,0.5,0.2,best
DE,ackley,4,1056,3.9968028886505635e-15,31740,30,0.5,0.2,best
DE,ackley,4,1057,3.9968028886505635e-15,31770,30,0.5,0.2,best
DE,ackley,4,1058,3.9968028886505635e-15,31800,30,0.5,0.2,best
DE,ackley,4,1059,3.9968028886505635e-15,31830,30,0.5,0.2,best
DE,ackley,4,1060,3.9968028886505635e-15,31860,30,0.5,0.2,best
DE,ackley,4,1061,3.9968028886505635e-15,31890,30,0.5,0.2,best
DE,ackley,4,1062,3.9968028886505635e-15,31920,30,0.5,0.2,best
DE,ackley,4,1063,3.9968028886505635e-15,31950,30,0.5,0.2,best
DE,ackley,4,1064,3.9968028886505635e-15,31980,30,0.5,0.2,best
DE,ackley,4,1065,3.9968028886505635e-15,32010,30,0.5,0.2,best
DE,ackley,4,1066,3.9968028886505635e-15,32040,30,0.5,0.2,best
DE,ackley,4,1067,3.9968028886505635e-15,32070,30,0.5,0.2,best
DE,ackley,4,1068,3.9968028886505635e-15,32100,30,0.5,0.2,best
DE,ackley,4,1069,3.9968028886505635e-15,32130,30,0.5,0.2,best
DE,ackley,4,1070,3.9968028886505635e-15,32160,30,0.5,0.2,best
DE,ackley,4,1071,3.9968028886505635e-15,32190,30,0.5,0.2,best
DE,ackley,4,1072,3.9968028886505635e-15,32220,30,0.5,0.2,best
DE,ackley,4,1073,3.9968028886505635e-15,32250,30,0.5,0.2,best
DE,ackley,4,1074,3.9968028886505635e-15,32280,30,0.5,0.2,best
DE,ackley,4,1075,3.9968028886505635e-15,32310,30,0.5,0.2,best
DE,ackley,4,1076,3.9968028886505635e-15,32340,30,0.5,0.2,best
DE,ackley,4,1077,3.9968028886505635e-15,32370,30,0.5,0.2,best
DE,ackley,4,1078,3.9968028886505635e-15,32400,30,0.5,0.2,best
DE,ackley,4,1079,3.9968028886505635e-15,32430,30,0.5,0.2,best
DE,ackley,4,1080,3.9968028886505635e-15,32460,30,0.5,0.2,best
DE,ackley,4,1081,3.9968028886505635e-15,32490,30,0.5,0.2,best
DE,ackley,4,1082,3.9968028886505635e-15,32520,30,0.5,0.2,best
DE,ackley,4,1083,3.9968028886505635e-15,32550,30,0.5,0.2,best
DE,ackley,4,1084,3.9968028886505635e-15,32580,30,0.5,0.2,best
DE,ackley,4,1085,3.9968028886505635e-15,32610,30,0.5,0.2,best
DE,ackley,4,1086,3.9968028886505635e-15,32640,30,0.5,0.2,best
DE,ackley,4,1087,3.9968028886505635e-15,32670,30,0.5,0.2,best
DE,ackley,4,1088,3.9968028886505635e-15,32700,30,0.5,0.2,best
DE,ackley,4,1089,3.9968028886505635e-15,32730,30,0.5,0.2,best
DE,ackley,4,1090,3.9968028886505635e-15,32760,30,0.5,0.2,best
DE,ackley,4,1091,3.9968028886505635e-15,32790,30,0.5,0.2,best
DE,ackley,4,1092,3.9968028886505635e-15,32820,30,0.5,0.2,best
DE,ackley,4,1093,3.9968028886505635e-15,32850,30,0.5,0.2,best
DE,ackley,4,1094,3.9968028886505635e-15,32880,30,0.5,0.2,best
DE,ackley,4,1095,3.9968028886505635e-15,32910,30,0.5,0.2,best
DE,ackley,4,1096,3.9968028886505635e-15,32940,30,0.5,0.2,best
DE,ackley,4,1097,3.9968028886505635e-15,32970,30,0.5,0.2,best
DE,ackley,4,1098,3.9968028886505635e-15,33000,30,0.5,0.2,best
DE,ackley,4,1099,3.9968028886505635e-15,33030,30,0.5,0.2,best
DE,ackley,4,1100,3.9968028886505635e-15,33060,30,0.5,0.2,best
DE,ackley,4,1101,3.9968028886505635e-15,33090,30,0.5,0.2,best
DE,ackley,4,1102,3.9968028886505635e-15,33120,30,0.5,0.2,best
DE,ackley,4,1103,3.9968028886505635e-15,33150,30,0.5,0.2,best
DE,ackley,4,1104,3.9968028886505635e-15,33180,30,0.5,0.2,best
DE,ackley,4,1105,3.9968028886505635e-15,33210,30,0.5,0.2,best
DE,ackley,4,1106,3.9968028886505635e-15,33240,30,0.5,0.2,best
DE,ackley,4,1107,3.9968028886505635e-15,33270,30,0.5,0.2,best
DE,ackley,4,1108,3.9968028886505635e-15,33300,30,0.5,0.2,best
DE,ackley,4,1109,3.9968028886505635e-15,33330,30,0.5,0.2,best
DE,ackley,4,1110,3.9968028886505635e-15,33360,30,0.5,0.2,best
DE,ackley,4,1111,3.9968028886505635e-15,33390,30,0.5,0.2,best
DE,ackley,4,1112,3.9968028886505635e-15,33420,30,0.5,0.2,best
DE,ackley,4,1113,3.9968028886505635e-15,33450,30,0.5,0.2,best
DE,ackley,4,1114,3.9968028886505635e-15,33480,30,0.5,0.2,best
DE,ackley,4,1115,3.9968028886505635e-15,33510,30,0.5,0.2,best
DE,ackley,4,1116,3.9968028886505635e-15,33540,30,0.5,0.2,best
DE,ackley,4,1117,3.9968028886505635e-15,33570,30,0.5,0.2,best
DE,ackley,4,1118,3.9968028886505635e-15,33600,30,0.5,0.2,best
DE,ackley,4,1119,3.9968028886505635e-15,33630,30,0.5,0.2,best
DE,ackley,4,1120,3.9968028886505635e-15,33660,30,0.5,0.2,best
DE,ackley,4,1121,3.9968028886505635e-15,33690,30,0.5,0.2,best
DE,ackley,4,1122,3.9968028886505635e-15,33720,30,0.5,0.2,best
DE,ackley,4,1123,3.9968028886505635e-15,33750,30,0.5,0.2,best
DE,ackley,4,1124,3.9968028886505635e-15,33780,30,0.5,0.2,best
DE,ackley,4,1125,3.9968028886505635e-15,33810,30,0.5,0.2,best
DE,ackley,4,1126,3.9968028886505635e-15,33840,30,0.5,0.2,best
DE,ackley,4,1127,3.9968028886505635e-15,33870,30,0.5,0.2,best
DE,ackley,4,1128,3.9968028886505635e-15,33900,30,0.5,0.2,best
DE,ackley,4,1129,3.9968028886505635e-15,33930,30,0.5,0.2,best
DE,ackley,4,1130,3.9968028886505635e-15,33960,30,0.5,0.2,best
DE,ackley,4,1131,3.9968028886505635e-15,33990,30,0.5,0.2,best
DE,ackley,4,1132,3.9968028886505635e-15,34020,30,0.5,0.2,best
DE,ackley,4,1133,3.9968028886505635e-15,34050,30,0.5,0.2,best
DE,ackley,4,1134,3.9968028886505635e-15,34080,30,0.5,0.2,best
DE,ackley,4,1135,3.9968028886505635e-15,34110,30,0.5,0.2,best
DE,ackley,4,1136,3.9968028886505635e-15,34140,30,0.5,0.2,best
DE,ackley,4,1137,3.9968028886505635e-15,34170,30,0.5,0.2,best
DE,ackley,4,1138,3.9968028886505635e-15,34200,30,0.5,0.2,best
DE,ackley,4,1139,3.9968028886505635e-15,34230,30,0.5,0.2,best
DE,ackley,4,1140,3.9968028886505635e-15,34260,30,0.5,0.2,best
DE,ackley,4,1141,3.9968028886505635e-15,34290,30,0.5,0.2,best
DE,ackley,4,1142,3.9968028886505635e-15,34320,30,0.5,0.2,best
DE,ackley,4,1143,3.9968028886505635e-15,34350,30,0.5,0.2,best
DE,ackley,4,1144,3.9968028886505635e-15,34380,30,0.5,0.2,best
DE,ackley,4,1145,3.9968028886505635e-15,34410,30,0.5,0.2,best
DE,ackley,4,1146,3.9968028886505635e-15,34440,30,0.5,0.2,best
DE,ackley,4,1147,3.9968028886505635e-15,34470,30,0.5,0.2,best
DE,ackley,4,1148,3.9968028886505635e-15,34500,30,0.5,0.2,best
DE,ackley,4,1149,3.9968028886505635e-15,34530,30,0.5,0.2,best
DE,ackley,4,1150,3.9968028886505635e-15,34560,30,0.5,0.2,best
DE,ackley,4,1151,3.9968028886505635e-15,34590,30,0.5,0.2,best
DE,ackley,4,1152,3.9968028886505635e-15,34620,30,0.5,0.2,best
DE,ackley,4,1153,3.9968028886505635e-15,34650,30,0.5,0.2,best
DE,ackley,4,1154,3.9968028886505635e-15,34680,30,0.5,0.2,best
DE,ackley,4,1155,3.9968028886505635e-15,34710,30,0.5,0.2,best
DE,ackley,4,1156,3.9968028886505635e-15,34740,30,0.5,0.2,best
DE,ackley,4,1157,3.9968028886505635e-15,34770,30,0.5,0.2,best
DE,ackley,4,1158,3.9968028886505635e-15,34800,30,0.5,0.2,best
DE,ackley,4,1159,3.9968028886505635e-15,34830,30,0.5,0.2,best
DE,ackley,4,1160,3.9968028886505635e-15,34860,30,0.5,0.2,best
DE,ackley,4,1161,3.9968028886505635e-15,34890,30,0.5,0.2,best
DE,ackley,4,1162,3.9968028886505635e-15,34920,30,0.5,0.2,best
DE,ackley,4,1163,3.9968028886505635e-15,34950,30,0.5,0.2,best
DE,ackley,4,1164,3.9968028886505635e-15,34980,30,0.5,0.2,best
DE,ackley,4,1165,3.9968028886505635e-15,35010,30,0.5,0.2,best
DE,ackley,4,1166,3.9968028886505635e-15,35040,30,0.5,0.2,best
DE,ackley,4,1167,3.9968028886505635e-15,35070,30,0.5,0.2,best
DE,ackley,4,1168,3.9968028886505635e-15,35100,30,0.5,0.2,best
DE,ackley,4,1169,3.9968028886505635e-15,35130,30,0.5,0.2,best
DE,ackley,4,1170,3.9968028886505635e-15,35160,30,0.5,0.2,best
DE,ackley,4,1171,3.9968028886505635e-15,35190,30,0.5,0.2,best
DE,ackley,4,1172,3.9968028886505635e-15,35220,30,0.5,0.2,best
DE,ackley,4,1173,3.9968028886505635e-15,35250,30,0.5,0.2,best
DE,ackley,4,1174,3.9968028886505635e-15,35280,30,0.5,0.2,best
DE,ackley,4,1175,3.9968028886505635e-15,35310,30,0.5,0.2,best
DE,ackley,4,1176,3.9968028886505635e-15,35340,30,0.5,0.2,best
DE,ackley,4,1177,3.9968028886505635e-15,35370,30,0.5,0.2,best
DE,ackley,4,1178,3.9968028886505635e-15,35400,30,0.5,0.2,best
DE,ackley,4,1179,3.9968028886505635e-15,35430,30,0.5,0.2,best
DE,ackley,4,1180,3.9968028886505635e-15,35460,30,0.5,0.2,best
DE,ackley,4,1181,3.9968028886505635e-15,35490,30,0.5,0.2,best
DE,ackley,4,1182,3.9968028886505635e-15,35520,30,0.5,0.2,best
DE,ackley,4,1183,3.9968028886505635e-15,35550,30,0.5,0.2,best
DE,ackley,4,1184,3.9968028886505635e-15,35580,30,0.5,0.2,best
DE,ackley,4,1185,3.9968028886505635e-15,35610,30,0.5,0.2,best
DE,ackley,4,1186,3.9968028886505635e-15,35640,30,0.5,0.2,best
DE,ackley,4,1187,3.9968028886505635e-15,35670,30,0.5,0.2,best
DE,ackley,4,1188,3.9968028886505635e-15,35700,30,0.5,0.2,best
DE,ackley,4,1189,3.9968028886505635e-15,35730,30,0.5,0.2,best
DE,ackley,4,1190,3.9968028886505635e-15,35760,30,0.5,0.2,best
DE,ackley,4,1191,3.9968028886505635e-15,35790,30,0.5,0.2,best
DE,ackley,4,1192,3.9968028886505635e-15,35820,30,0.5,0.2,best
DE,ackley,4,1193,3.9968028886505635e-15,35850,30,0.5,0.2,best
DE,ackley,4,1194,3.9968028886505635e-15,35880,30,0.5,0.2,best
DE,ackley,4,1195,3.9968028886505635e-15,35910,30,0.5,0.2,best
DE,ackley,4,1196,3.9968028886505635e-15,35940,30,0.5,0.2,best
DE,ackley,4,1197,3.9968028886505635e-15,35970,30,0.5,0.2,best
DE,ackley,4,1198,3.9968028886505635e-15,36000,30,0.5,0.2,best
DE,ackley,4,1199,3.9968028886505635e-15,36030,30,0.5,0.2,best
